0.005 -5.17175e-29 1.10709e-29 8.79539e-30 1.55085e-30 6.76269e-31 2.52202e-31 -4.79769e-33 3.67487e-31 1.18861e-31 -1.51011e-30 -5.64303e-31 -1.17258e-30 8.34344e-31 -1.50634e-30 9.59717e-31 2.03773e-30 -2.12819e-30 2.57878e-30 3.92764e-30 -2.53705e-30 1.02518e-29 5.32396e-30 -3.98611e-29
0.055 -0.00564594 -0.0255115 0.0073174 0.0689803 -0.107827 -0.00697348 0.113159 0.0285249 -0.00696215 -0.0153461 -0.0133222 -0.0103487 -0.0103566 -0.0133478 -0.0153676 -0.00695084 0.0285598 0.113218 -0.00695195 -0.107899 0.0687926 0.00672276 -0.0259924
0.105 -0.0083918 -0.0714869 0.0310279 0.206657 -0.288424 0.0243087 0.374937 0.121633 -0.0056866 -0.053989 -0.0642606 -0.0636021 -0.0639047 -0.0652029 -0.0548287 -0.00548807 0.122512 0.376715 0.0252172 -0.288952 0.20759 0.0312091 -0.0716765
0.155 -0.0269157 -0.121491 0.0588922 0.366039 -0.426442 0.0901075 0.682441 0.262392 0.0219301 -0.0952166 -0.144161 -0.163969 -0.166189 -0.150829 -0.100756 0.0244763 0.270272 0.696828 0.0981167 -0.427803 0.375847 0.0648359 -0.119162
0.205 -0.0717608 -0.179266 0.066467 0.501035 -0.497507 0.164954 0.958609 0.421483 0.080061 -0.117747 -0.229956 -0.297082 -0.305235 -0.25398 -0.135109 0.0974984 0.461424 1.02245 0.201133 -0.495139 0.545205 0.0914115 -0.168899
0.255 -0.138899 -0.248007 0.0401468 0.568596 -0.521303 0.224871 1.15092 0.565889 0.160465 -0.10941 -0.299693 -0.445464 -0.465559 -0.358771 -0.143996 0.226752 0.697657 1.3453 0.335921 -0.498208 0.693962 0.0953273 -0.232751
0.305 -0.205464 -0.313906 -0.00708221 0.561873 -0.515362 0.26443 1.24468 0.673153 0.245708 -0.076047 -0.344666 -0.590984 -0.632156 -0.465728 -0.139013 0.395375 0.969409 1.67902 0.516105 -0.444545 0.81757 0.0702352 -0.322904
0.355 -0.254241 -0.362449 -0.054295 0.511359 -0.479824 0.298444 1.26775 0.744999 0.323445 -0.0318646 -0.367066 -0.712816 -0.78998 -0.595065 -0.167717 0.536878 1.23286 2.03108 0.760959 -0.323397 0.937778 0.0314484 -0.43595
0.405 -0.283073 -0.391263 -0.0909807 0.448667 -0.420135 0.335403 1.25505 0.792907 0.389624 0.0134621 -0.369785 -0.791661 -0.918563 -0.749444 -0.26284 0.5836 1.42707 2.37868 1.07087 -0.117287 1.09283 0.0140865 -0.547632
0.455 -0.296365 -0.404277 -0.115686 0.390154 -0.350415 0.373408 1.22831 0.825013 0.442926 0.0541821 -0.357632 -0.823712 -1.00407 -0.904075 -0.408645 0.520459 1.51481 2.67784 1.41361 0.171743 1.3102 0.0531185 -0.624393
0.505 -0.299162 -0.406357 -0.130845 0.340738 -0.283675 0.40816 1.19871 0.847557 0.485195 0.0880207 -0.337522 -0.821125 -1.04871 -1.03372 -0.568779 0.376249 1.49991 2.89794 1.74563 0.517554 1.59059 0.163813 -0.641895
0.555 -0.294991 -0.401364 -0.139605 0.299708 -0.228035 0.436366 1.17156 0.866695 0.521414 0.116261 -0.315058 -0.80078 -1.06464 -1.12754 -0.715912 0.188799 1.40915 3.03441 2.037 0.887233 1.91612 0.340464 -0.593629
0.605 -0.285685 -0.391766 -0.144645 0.263987 -0.187799 0.455591 1.14862 0.888284 0.558225 0.142796 -0.292783 -0.776694 -1.06572 -1.1868 -0.837729 -0.0131401 1.27155 3.09887 2.27627 1.25488 2.2649 0.566971 -0.486482
0.655 -0.271907 -0.378882 -0.14801 0.229669 -0.165354 0.463437 1.12935 0.917571 0.602818 0.173146 -0.270355 -0.758287 -1.06387 -1.21893 -0.932492 -0.212061 1.10989 3.1079 2.4642 1.60448 2.61844 0.825917 -0.332821
0.705 -0.253673 -0.36326 -0.15127 0.192721 -0.162484 0.457078 1.11183 0.959154 0.662429 0.213881 -0.245248 -0.75112 -1.06848 -1.2338 -1.00423 -0.398614 0.940125 3.07737 2.60719 1.92747 2.96307 1.10248 -0.145335
0.755 -0.230701 -0.344997 -0.155704 0.14927 -0.180999 0.433247 1.0935 1.0169 0.743952 0.272224 -0.213343 -0.757813 -1.08669 -1.24196 -1.05981 -0.568494 0.773072 3.02059 2.7134 2.21988 3.28896 1.38516 0.0650309
0.805 -0.202647 -0.323991 -0.162427 0.0957701 -0.222801 0.388601 1.07162 1.0936 0.853306 0.355591 -0.169282 -0.778349 -1.1235 -1.25379 -1.10746 -0.720554 0.615814 2.94804 2.79076 2.4803 3.58912 1.66534 0.289486
0.855 -0.16928 -0.30012 -0.172423 0.0292302 -0.289583 0.320193 1.04351 1.19027 0.994574 0.471096 -0.106591 -0.809801 -1.18132 -1.27906 -1.15616 -0.85597 0.47248 2.8674 2.84614 2.70888 3.85876 1.93682 0.521245
0.905 -0.130598 -0.273341 -0.18644 -0.0524111 -0.382328 0.22579 1.0063 1.30533 1.16914 0.625222 -0.0175137 -0.845775 -1.25938 -1.32662 -1.21547 -0.97797 0.344577 2.78363 2.88495 2.90677 4.09498 2.19544 0.755313
0.955 -0.0868778 -0.243696 -0.20478 -0.149793 -0.500823 0.103829 0.956396 1.43376 1.37509 0.823825 0.107344 -0.875936 -1.35331 -1.40434 -1.29572 -1.0917 0.231252 2.6991 2.91099 3.07579 4.29646 2.43881 0.988343
1.005 -0.0386551 -0.211248 -0.227054 -0.26166 -0.643335 -0.046967 0.888708 1.56656 1.60707 1.07243 0.279393 -0.885821 -1.45476 -1.51904 -1.40821 -1.20408 0.129698 2.61387 2.92637 3.21795 4.46306 2.66597 1.21846
1.055 0.0133544 -0.175985 -0.252001 -0.384587 -0.806557 -0.22818 0.795977 1.69074 1.85669 1.37658 0.512148 -0.857181 -1.55138 -1.67635 -1.56542 -1.32356 0.035706 2.52625 2.93177 3.3352 4.59528 2.87697 1.44492
1.105 0.0683277 -0.137747 -0.277451 -0.513063 -0.985856 -0.442178 0.668713 1.79031 2.11371 1.7422 0.820893 -0.769235 -1.62832 -1.88412 -1.7887 -1.44597 -0.0445134 2.42623 2.92356 3.42828 4.69382 3.0724 1.66771
1.155 0.125445 -0.0960825 -0.300417 -0.640084 -1.17588 -0.692238 0.496137 1.84879 2.36783 2.17424 1.2187 -0.605394 -1.67544 -2.15064 -2.0459 -1.58149 -0.153402 2.31837 2.9057 3.50028 4.75934 3.25221 1.88645
1.205 0.184112 -0.0499531 -0.31716 -0.75817 -1.37136 -0.981851 0.268171 1.85216 2.60915 2.67217 1.70988 -0.359939 -1.69113 -2.40265 -2.3243 -1.80004 -0.312943 2.20494 2.88927 3.55765 4.79325 3.41589 2.10017
1.255 0.243928 0.00204047 -0.323925 -0.861396 -1.56842 -1.31336 -0.0219822 1.79156 2.82861 3.22912 2.29615 -0.0164237 -1.63859 -2.65507 -2.65464 -2.07738 -0.527479 2.06533 2.8837 3.60564 4.79617 3.56217 2.30739
1.305 0.304824 0.0612295 -0.318486 -0.948339 -1.76598 -1.68403 -0.370267 1.67184 3.02341 3.82948 2.96398 0.420241 -1.51136 -2.91125 -3.03747 -2.3942 -0.782435 1.90147 2.88824 3.64505 4.76673 3.68743 2.50414
1.355 0.3669 0.12814 -0.301318 -1.02316 -1.96536 -2.08331 -0.758685 1.51216 3.19548 4.44554 3.68012 0.924279 -1.3224 -3.16555 -3.45318 -2.72323 -1.04616 1.69326 2.88396 3.69876 4.71062 3.78862 2.68475
1.405 0.430125 0.201669 -0.276267 -1.09493 -2.1699 -2.49441 -1.1585 1.34219 3.35272 5.04589 4.4005 1.45719 -1.09783 -3.42463 -3.90105 -3.00568 -1.25858 1.41626 2.83609 3.77667 4.64445 3.86935 2.84583
1.455 0.494414 0.278644 -0.251497 -1.17253 -2.38026 -2.90171 -1.5406 1.19282 3.5087 5.60773 5.0839 1.97605 -0.87707 -3.74036 -4.32256 -3.1715 -1.42744 1.11717 2.7051 3.82438 4.61092 3.94694 2.98915
1.505 0.561481 0.350482 -0.2508 -1.25199 -2.5722 -3.3046 -1.88846 1.08488 3.67505 6.11712 5.6954 2.43518 -0.71202 -4.05776 -4.64168 -3.27388 -1.59166 0.818331 2.51604 3.84861 4.60973 4.01993 3.11316
1.555 0.625428 0.418523 -0.255189 -1.34456 -2.76559 -3.68312 -2.19163 1.02295 3.85058 6.56215 6.21142 2.80662 -0.629605 -4.25805 -4.83586 -3.39644 -1.7782 0.527993 2.35401 3.81847 4.55132 4.1317 3.26806
1.605 0.690988 0.488397 -0.27047 -1.48269 -2.93122 -3.9921 -2.48243 0.98872 4.02581 6.94404 6.64058 3.11002 -0.589934 -4.38407 -4.93721 -3.50585 -1.96599 0.240589 2.17954 3.77832 4.46335 4.21867 3.44002
1.655 0.759618 0.56033 -0.296526 -1.66184 -3.10085 -4.21102 -2.71862 0.952116 4.18261 7.26208 6.99342 3.36417 -0.56349 -4.45817 -4.96841 -3.58923 -2.14667 -0.0359754 1.9475 3.69845 4.42108 4.2985 3.59157
1.705 0.826478 0.630405 -0.320256 -1.84461 -3.3192 -4.37433 -2.85967 0.901544 4.30685 7.5137 7.28048 3.59301 -0.513154 -4.49585 -4.96042 -3.64831 -2.32234 -0.297514 1.72265 3.55137 4.31249 4.40351 3.78734
1.755 0.876086 0.682996 -0.321469 -1.96172 -3.51885 -4.58985 -3.02039 0.866044 4.40831 7.70869 7.52032 3.82945 -0.390562 -4.50603 -4.94694 -3.68717 -2.49827 -0.554745 1.49904 3.38092 4.15612 4.45009 3.97155
1.805 0.902117 0.719224 -0.283196 -1.98947 -3.68424 -4.8815 -3.23083 0.839712 4.47602 7.84779 7.72829 4.10748 -0.14833 -4.49926 -4.96321 -3.70713 -2.67429 -0.812656 1.26657 3.18639 3.96648 4.44478 4.12006
1.855 0.904828 0.74229 -0.201023 -1.9261 -3.81121 -5.24147 -3.50092 0.807783 4.50045 7.92912 7.91541 4.45581 0.249207 -4.48564 -5.03975 -3.70833 -2.84798 -1.07189 1.0228 2.9695 3.74769 4.39107 4.22385
1.905 0.892982 0.757976 -0.103846 -1.80109 -3.85792 -5.6292 -3.85937 0.734581 4.47996 7.95935 8.09371 4.88935 0.807916 -4.46756 -5.19032 -3.69139 -3.01664 -1.33101 0.769032 2.73365 3.50375 4.29221 4.27743
1.955 0.884683 0.786261 -0.0190231 -1.72354 -3.89975 -5.91803 -4.1795 0.565715 4.38738 7.93643 8.25853 5.37329 1.43789 -4.33798 -5.33446 -3.7295 -3.20145 -1.59169 0.512228 2.48874 3.24308 4.15476 4.28008
2.005 0.885501 0.82594 0.0663247 -1.65885 -3.94314 -6.12829 -4.46549 0.317079 4.22835 7.85793 8.38256 5.8294 2.00024 -3.85618 -5.27139 -3.97007 -3.46844 -1.89119 0.234248 2.22918 2.9664 3.98314 4.23622
2.055 0.891554 0.869636 0.150062 -1.59046 -3.98026 -6.2836 -4.73231 0.014363 4.01853 7.7341 8.46838 6.26492 2.5655 -3.24691 -5.10197 -4.2363 -3.75369 -2.20944 -0.0612393 1.95502 2.67633 3.78405 4.15032
2.105 0.896706 0.918165 0.230818 -1.5218 -4.01185 -6.39489 -4.97996 -0.319079 3.7813 7.58795 8.52672 6.66645 3.11591 -2.62417 -4.87429 -4.45506 -4.02324 -2.52561 -0.361979 1.67314 2.37749 3.56346 4.02844
2.155 0.897272 0.981726 0.321164 -1.45667 -4.04591 -6.47087 -5.20765 -0.666378 3.53458 7.43669 8.56605 7.02202 3.62536 -2.04322 -4.61408 -4.60218 -4.26068 -2.82641 -0.658093 1.39038 2.0748 3.32716 3.87734
2.205 0.899802 1.0786 0.443433 -1.39605 -4.09289 -6.51787 -5.416 -1.02075 3.28554 7.28725 8.59149 7.32902 4.07996 -1.52744 -4.33661 -4.67545 -4.4601 -3.1051 -0.94367 1.11138 1.77207 3.07996 3.7034
2.255 0.921442 1.22614 0.615629 -1.33642 -4.15365 -6.53456 -5.60708 -1.39045 3.02532 7.13177 8.6018 7.59527 4.4835 -1.07683 -4.04975 -4.68355 -4.62249 -3.36036 -1.2168 0.838102 1.47139 2.82526 3.51188
2.305 0.977544 1.42723 0.834999 -1.25896 -4.19921 -6.50867 -5.78756 -1.80731 2.7229 6.9421 8.58594 7.83913 4.85997 -0.67113 -3.75341 -4.63941 -4.75342 -3.59572 -1.47987 0.569234 1.17251 2.56444 3.3064
2.355 1.06938 1.66893 1.08841 -1.1364 -4.18529 -6.4171 -5.95984 -2.30818 2.32714 6.67318 8.52316 8.08409 5.24766 -0.273378 -3.43643 -4.55345 -4.86001 -3.81886 -1.74016 0.299298 0.871925 2.29608 3.08814
2.405 1.19649 1.93942 1.36181 -1.00383 -4.17572 -6.35071 -5.94749 -2.70651 1.72346 6.2671 8.38084 8.33154 5.66576 0.146807 -3.08496 -4.42846 -4.94353 -4.03445 -2.00306 0.0246852 0.567742 2.01981 2.85821
2.455 1.34701 2.21698 1.63388 -0.867352 -4.14671 -6.25861 -5.74475 -3.07979 0.938895 5.76685 8.16228 8.56087 6.10013 0.604086 -2.68223 -4.25364 -4.99575 -4.24495 -2.27559 -0.260011 0.256383 1.73377 2.61656
2.505 1.50468 2.47831 1.88496 -0.722262 -4.06914 -6.11904 -5.4768 -3.4643 0.170401 5.21772 7.87873 8.74011 6.51273 1.08395 -2.22532 -4.00908 -4.99783 -4.44783 -2.56218 -0.557184 -0.0630821 1.43801 2.3637
2.555 1.66579 2.71397 2.10065 -0.600198 -4.00694 -6.03853 -5.43227 -3.47288 -0.186328 4.55247 7.49971 8.81746 6.84307 1.52422 -1.76292 -3.69308 -4.92558 -4.63074 -2.85404 -0.853167 -0.375766 1.14727 2.1114
2.605 1.8209 2.91911 2.27963 -0.492486 -3.93199 -5.94448 -5.45054 -3.42605 -0.427677 3.93341 7.10021 8.81564 7.09571 1.92195 -1.31555 -3.31044 -4.76063 -4.79362 -3.16059 -1.15462 -0.685484 0.860719 1.86189
2.655 1.95992 3.08989 2.42492 -0.374795 -3.80624 -5.79836 -5.44631 -3.51906 -0.694743 3.44524 6.71398 8.75516 7.29468 2.32219 -0.908593 -2.91152 -4.48222 -4.9248 -3.4813 -1.46874 -1.00183 0.569335 1.60908
2.705 2.0794 3.226 2.5365 -0.236353 -3.62937 -5.62781 -5.42979 -3.71035 -0.969942 3.05913 6.3402 8.64333 7.46129 2.77213 -0.56029 -2.56561 -4.1013 -5.00901 -3.79673 -1.78721 -1.32393 0.270405 1.3492
2.755 2.17994 3.33395 2.6249 -0.0800937 -3.41949 -5.45324 -5.40526 -3.92782 -1.25367 2.70894 5.97656 8.48437 7.60528 3.28758 -0.227485 -2.26653 -3.67829 -5.054 -4.09308 -2.10047 -1.64721 -0.0348508 1.08129
2.805 2.2639 3.41998 2.69793 0.0873226 -3.19377 -5.28736 -5.37808 -4.13643 -1.52688 2.37694 5.61171 8.28077 7.72397 3.85469 0.13474 -2.00277 -3.26996 -5.06895 -4.35864 -2.39888 -1.96544 -0.342517 0.807121
2.855 2.33387 3.49063 2.76401 0.265926 -2.95971 -5.1352 -5.3523 -4.32219 -1.78467 2.05049 5.24173 8.03771 7.79652 4.39899 0.633733 -1.69107 -2.95779 -5.07506 -4.59206 -2.67807 -2.2746 -0.649435 0.528384
2.905 2.39268 3.54915 2.82498 0.447695 -2.72775 -4.9985 -5.3282 -4.48038 -2.02004 1.73329 4.87164 7.77283 7.82868 4.90226 1.20774 -1.36073 -2.71645 -5.06379 -4.78742 -2.93525 -2.5709 -0.949208 0.251798
2.955 2.44254 3.59698 2.87976 0.623003 -2.50788 -4.87823 -5.30629 -4.61145 -2.22656 1.43621 4.51511 7.50804 7.83142 5.34364 1.78461 -1.03926 -2.51722 -5.02517 -4.93944 -3.16963 -2.85328 -1.23736 -0.0164888
3.005 2.485 3.63525 2.92748 0.785382 -2.30668 -4.77471 -5.28755 -4.71887 -2.40249 1.16814 4.18481 7.25972 7.81579 5.71301 2.32161 -0.755297 -2.34953 -4.94355 -5.04098 -3.38378 -3.12561 -1.51328 -0.272853
3.055 2.52109 3.66489 2.9677 0.931089 -2.12778 -4.6877 -5.27286 -4.80699 -2.54944 0.934052 3.88912 7.03735 7.79189 6.01376 2.80771 -0.539973 -2.2348 -4.79125 -5.07777 -3.5814 -3.39628 -1.78047 -0.5169
3.105 2.55127 3.68764 3.00275 1.063 -1.96879 -4.61539 -5.26355 -4.88195 -2.67394 0.731543 3.62957 6.84322 7.76458 6.24874 3.23233 -0.368758 -2.18009 -4.56036 -5.04161 -3.76954 -3.67599 -2.04496 -0.7509
3.155 2.57596 3.70541 3.03584 1.1861 -1.82523 -4.55517 -5.26001 -4.94874 -2.78285 0.555392 3.40318 6.6738 7.73326 6.42066 3.59625 -0.221163 -2.14764 -4.27035 -4.93123 -3.95319 -3.97226 -2.31434 -0.980932
3.205 2.59535 3.72128 3.07375 1.31211 -1.68679 -4.50217 -5.26187 -5.01226 -2.88548 0.393696 3.19859 6.51572 7.68331 6.51341 3.8724 0.0572495 -2.03895 -4.03553 -4.7631 -4.13068 -4.28157 -2.59368 -1.21617
3.255 2.61123 3.73587 3.1157 1.43796 -1.55577 -4.45504 -5.26549 -5.06906 -2.98109 0.245015 3.00776 6.35434 7.60528 6.54327 4.11797 0.519194 -1.96348 -3.94988 -4.4955 -4.26371 -4.58024 -2.87966 -1.46273
3.305 2.62508 3.74796 3.15637 1.55438 -1.43809 -4.41322 -5.26715 -5.11399 -3.06952 0.110758 2.82926 6.1825 7.50348 6.53962 4.36819 1.13009 -1.97737 -4.04863 -4.13323 -4.32694 -4.83788 -3.15639 -1.71523
3.355 2.63516 3.75952 3.2028 1.67756 -1.31707 -4.36806 -5.26457 -5.15005 -3.17668 -0.028408 2.66099 5.9879 7.38292 6.52064 4.58222 1.67173 -1.8003 -4.03657 -3.91452 -4.39587 -5.05289 -3.41041 -1.96162
3.405 2.64068 3.77292 3.26227 1.82286 -1.17807 -4.31151 -5.25264 -5.17396 -3.3256 -0.17833 2.50843 5.71943 7.209 6.49855 4.77567 2.13373 -1.35961 -3.87707 -3.89889 -4.47876 -5.21817 -3.64044 -2.20183
3.455 2.64179 3.78817 3.33359 1.99263 -1.0143 -4.23412 -5.21482 -5.15582 -3.46353 -0.418433 2.27833 5.37068 6.95293 6.50712 5.01872 2.60129 -0.770059 -3.69729 -4.01782 -4.52897 -5.31266 -3.84422 -2.43993
3.505 2.64033 3.80042 3.40037 2.17297 -0.823931 -4.1234 -5.1346 -5.09043 -3.58583 -0.786547 2.01621 5.01471 6.57067 6.52699 5.32464 3.10347 -0.0588972 -3.56181 -4.27572 -4.50456 -5.31259 -4.01438 -2.67659
3.555 2.63989 3.79967 3.42907 2.33678 -0.606281 -3.96881 -5.011 -5.01499 -3.74665 -1.31783 1.91224 4.85885 6.02667 6.48789 5.62823 3.57427 0.60601 -3.24258 -4.51533 -4.5972 -5.23065 -4.13485 -2.89378
3.605 2.63046 3.77637 3.40714 2.52806 -0.300138 -3.74589 -4.8456 -4.95145 -3.90197 -1.78192 1.59713 4.54583 5.59917 6.45676 5.90337 3.97513 1.1738 -2.54562 -4.62135 -4.96255 -5.08244 -4.20636 -3.08694
3.655 2.60713 3.72823 3.36574 2.70361 0.0344979 -3.38982 -4.59739 -4.90248 -4.08195 -2.22714 1.12239 4.16672 5.26936 6.41005 6.13967 4.32619 1.67868 -1.86131 -4.41324 -5.19339 -5.09679 -4.31392 -3.26584
3.705 2.5834 3.69901 3.42691 2.70248 0.237856 -2.82529 -4.22836 -4.86146 -4.30362 -2.67457 0.580416 3.78344 5.00056 6.33318 6.31721 4.61281 2.11674 -1.21747 -3.8711 -5.26969 -5.33616 -4.43933 -3.41187
3.755 2.5604 3.65757 3.49483 2.62532 0.418583 -2.1738 -3.77714 -4.81616 -4.54856 -3.1139 0.0229428 3.40103 4.75588 6.22363 6.43537 4.84384 2.51298 -0.577545 -3.18664 -5.18926 -5.64513 -4.653 -3.55433
3.805 2.51592 3.56121 3.5019 2.63357 0.63633 -1.57911 -3.285 -4.75238 -4.79113 -3.53165 -0.52014 3.00923 4.50813 6.09341 6.51261 5.0377 2.87136 0.0122976 -2.5682 -4.84789 -5.70905 -5.0501 -3.86628
3.855 2.43924 3.42101 3.48306 2.7736 0.830016 -1.10807 -2.76403 -4.65898 -5.0077 -3.91272 -1.02704 2.60799 4.2457 5.95007 6.55731 5.19981 3.19243 0.545736 -2.03074 -4.43911 -5.49338 -5.32384 -4.32879
3.905 2.33917 3.26473 3.46131 2.98914 1.00126 -0.727177 -2.2543 -4.54565 -5.18742 -4.24715 -1.48403 2.20564 3.96561 5.79608 6.57216 5.3304 3.47638 1.0291 -1.54156 -4.01727 -5.17414 -5.41506 -4.71013
3.955 2.22834 3.10947 3.4361 3.2123 1.19575 -0.387805 -1.79383 -4.42665 -5.33043 -4.53394 -1.88882 1.8065 3.66686 5.63276 6.56112 5.43286 3.72631 1.46686 -1.08901 -3.59269 -4.79542 -5.37386 -4.96971
4.005 2.11572 2.96559 3.41068 3.41677 1.41181 -0.0650255 -1.38779 -4.31029 -5.44073 -4.77581 -2.24518 1.41703 3.35455 5.45876 6.52635 5.51082 3.94607 1.86301 -0.668197 -3.17361 -4.38397 -5.23334 -5.10476
4.055 2.00764 2.83968 3.39057 3.59759 1.6306 0.248303 -1.02387 -4.20067 -5.52351 -4.97688 -2.56242 1.0463 3.04102 5.26599 6.46533 5.56904 4.14187 2.22156 -0.277509 -2.767 -3.95781 -5.01962 -5.12819
4.105 1.90795 2.73439 3.37901 3.75586 1.83963 0.556663 -0.688116 -4.09861 -5.58247 -5.13881 -2.85348 0.699303 2.74124 5.03035 6.36455 5.61797 4.32947 2.55043 0.0846052 -2.37869 -3.53032 -4.75442 -5.05934
4.155 1.81788 2.64874 3.37659 3.89548 2.03855 0.862276 -0.376754 -3.99913 -5.61871 -5.26118 -3.13587 0.391965 2.47585 4.70169 6.18661 5.67302 4.53962 2.86626 0.423794 -2.01173 -3.11152 -4.45636 -4.91945
4.205 1.7349 2.57884 3.38257 4.02231 2.23568 1.16391 -0.0894519 -3.88804 -5.6164 -5.31486 -3.37076 0.00991301 2.16715 4.32904 5.89934 5.7417 4.8025 3.19615 0.761029 -1.65336 -2.69758 -4.13266 -4.72458
4.255 1.66326 2.52446 3.39482 4.13498 2.41619 1.44985 0.190323 -3.75953 -5.56857 -5.30595 -3.5961 -0.556079 1.95961 4.10277 5.42319 5.75744 5.08864 3.54409 1.1116 -1.28894 -2.28127 -3.78693 -4.48608
4.305 1.60528 2.48453 3.41159 4.23374 2.57578 1.71993 0.467101 -3.61718 -5.49216 -5.26482 -3.81632 -1.20818 1.81418 3.98087 4.86222 5.70821 5.35092 3.88121 1.46088 -0.92386 -1.86528 -3.4258 -4.21416
4.355 1.55578 2.45409 3.43095 4.32227 2.72261 1.98491 0.742561 -3.46805 -5.39808 -5.19302 -3.96875 -1.74676 1.45887 3.7026 4.43639 5.65226 5.58594 4.20266 1.80902 -0.552974 -1.44212 -3.04441 -3.91013
4.405 1.51537 2.43227 3.45211 4.4014 2.85558 2.23974 1.01645 -3.31166 -5.28658 -5.09992 -4.0714 -2.20509 0.966132 3.36197 4.11327 5.57401 5.77804 4.49741 2.14558 -0.185303 -1.01951 -2.65104 -3.58153
4.455 1.48723 2.42061 3.47598 4.47225 2.97373 2.47672 1.27967 -3.15375 -5.16895 -5.00562 -4.15009 -2.60333 0.452113 3.02491 3.84335 5.47054 5.92102 4.75499 2.45773 0.166534 -0.608942 -2.25783 -3.24013
4.505 1.47234 2.41982 3.50373 4.53701 3.0804 2.69035 1.52252 -2.99696 -5.05322 -4.92287 -4.21833 -2.94443 -0.0284355 2.70888 3.6034 5.35165 6.02045 4.97386 2.73954 0.494833 -0.218255 -1.87384 -2.89591
4.555 1.46966 2.42959 3.53646 4.59829 3.18343 2.8686 1.7334 -2.82566 -4.93524 -4.8601 -4.28905 -3.2358 -0.45407 2.42033 3.3833 5.22606 6.08486 5.1577 2.99065 0.796447 0.14815 -1.5052 -2.55657
4.605 1.47469 2.44766 3.57691 4.66673 3.32415 2.94926 1.85072 -2.55502 -4.77596 -4.82593 -4.38727 -3.49536 -0.826066 2.16703 3.18461 5.09632 6.12083 5.31306 3.21505 1.07164 0.488324 -1.15599 -2.22801
4.655 1.48443 2.47702 3.63328 4.749 3.50849 2.85662 1.86532 -2.06834 -4.51501 -4.83175 -4.55145 -3.75417 -1.16932 1.96257 3.01739 4.94951 6.12764 5.45027 3.42485 1.32711 0.80498 -0.826738 -1.91349
4.705 1.50805 2.52129 3.68959 4.7901 3.60034 2.71039 1.98036 -1.41605 -4.15502 -4.88131 -4.7975 -4.03565 -1.51035 1.78183 2.87588 4.75636 6.09441 5.58681 3.64638 1.58105 1.10988 -0.510245 -1.61006
4.755 1.54588 2.56281 3.71557 4.77014 3.64491 2.76651 2.02241 -0.947276 -3.62407 -4.88787 -5.06529 -4.3235 -1.85717 1.60566 2.76166 4.47439 5.99329 5.73533 3.9043 1.84591 1.40694 -0.207455 -1.32053
4.805 1.58495 2.59031 3.71396 4.71949 3.68801 2.98373 1.99261 -0.669962 -3.02732 -4.84003 -5.30206 -4.58648 -2.21917 1.47744 2.71283 4.07452 5.78428 5.88828 4.20835 2.12923 1.69898 0.0795419 -1.04993
4.855 1.61779 2.60324 3.69226 4.65004 3.70659 3.2184 2.0553 -0.417217 -2.51552 -4.76732 -5.47609 -4.76701 -2.51625 1.16206 2.60366 3.74948 5.47409 6.02622 4.5482 2.44018 2.0044 0.370598 -0.783119
4.905 1.64363 2.6035 3.65687 4.57397 3.70797 3.43995 2.19883 -0.185925 -2.09767 -4.65628 -5.56505 -4.86554 -2.80491 0.537414 2.56168 3.67385 5.0264 6.09429 4.87797 2.76455 2.32558 0.674575 -0.509658
4.955 1.65999 2.59147 3.61285 4.50213 3.70569 3.64341 2.39091 0.0278981 -1.75027 -4.51822 -5.59197 -4.91244 -3.08517 -0.17455 2.45295 3.68433 4.58032 6.12107 5.17436 3.077 2.64379 0.979592 -0.234802
5.005 1.66626 2.56958 3.56557 4.44119 3.70751 3.82761 2.60213 0.227329 -1.45277 -4.36817 -5.57816 -4.9274 -3.33777 -0.861284 2.24676 3.67248 4.20816 6.12301 5.42873 3.36946 2.95348 1.28154 0.039068
5.055 1.66053 2.53851 3.51776 4.39419 3.71859 3.99565 2.81581 0.421749 -1.18683 -4.2179 -5.53957 -4.91643 -3.52547 -1.40823 1.80818 3.513 4.00674 6.12652 5.64471 3.64208 3.25476 1.58077 0.313425
5.105 1.64661 2.50299 3.47321 4.36075 3.73704 4.14628 3.01895 0.613574 -0.94211 -4.06765 -5.48225 -4.8938 -3.6784 -1.87505 1.28501 3.3106 3.88883 6.09745 5.81092 3.89713 3.54976 1.87311 0.581418
5.155 1.62955 2.46765 3.43447 4.33931 3.76089 4.28042 3.20688 0.799861 -0.727493 -3.91992 -5.41611 -4.87187 -3.81209 -2.27691 0.744465 3.13919 3.83338 5.99763 5.90868 4.13706 3.8458 2.15976 0.840016
5.205 1.6136 2.43587 3.40301 4.32831 3.78924 4.39961 3.3775 0.966693 -0.540413 -3.77868 -5.34741 -4.85634 -3.93757 -2.63522 0.162293 3.11176 3.91848 5.7538 5.89836 4.35929 4.15334 2.44705 1.091
5.255 1.59743 2.4048 3.37492 4.32421 3.82347 4.50908 3.53965 1.11644 -0.380598 -3.63682 -5.28025 -4.8579 -4.06193 -2.93671 -0.387553 3.11356 4.10595 5.41879 5.7866 4.56584 4.47382 2.73539 1.33469
5.305 1.5728 2.36325 3.33884 4.32001 3.86747 4.61829 3.71903 1.24926 -0.25863 -3.45855 -5.19967 -4.88179 -4.17987 -3.13388 -0.765971 2.8609 4.14114 5.21925 5.63219 4.76893 4.80657 3.0319 1.58267
5.355 1.53117 2.29627 3.27881 4.30532 3.9256 4.73478 3.94262 1.33711 -0.205606 -3.15203 -5.03755 -4.91369 -4.30361 -3.2646 -1.0724 2.26851 4.12289 5.26556 5.39567 4.93338 5.13047 3.33786 1.84532
5.405 1.47641 2.19733 3.18245 4.26512 3.98803 4.83101 4.15455 1.4436 -0.141343 -2.73072 -4.74374 -4.94797 -4.47258 -3.41439 -1.43863 1.43678 4.24409 5.57286 5.01275 5.00557 5.40911 3.64299 2.12529
5.455 1.42014 2.05968 3.0242 4.16218 4.03259 4.90459 4.36731 1.75389 -0.135116 -2.41399 -4.27286 -4.95161 -4.68837 -3.59987 -1.79427 0.709435 4.11978 5.73659 4.80671 5.08432 5.63595 3.92437 2.40356
5.505 1.37339 1.88404 2.78449 3.96761 4.05654 4.98695 4.60694 2.23458 -0.13028 -2.25104 -3.71242 -4.90566 -4.89604 -3.78044 -2.08945 0.16219 3.5842 5.61986 4.90944 5.19924 5.80618 4.18012 2.67858
5.555 1.35257 1.71703 2.4893 3.67463 4.04885 5.06894 4.81966 2.70207 0.0789885 -2.01609 -3.24493 -4.83707 -5.06873 -3.95164 -2.37446 -0.35521 2.85142 5.43589 5.15891 5.27074 5.89086 4.40794 2.95464
5.605 1.35226 1.63861 2.19404 3.27872 3.98737 5.14055 5.0067 3.14436 0.422354 -1.75023 -2.86845 -4.73608 -5.19195 -4.10785 -2.65721 -0.869849 1.99917 5.30537 5.55623 5.24127 5.85237 4.58894 3.22387
5.655 1.36154 1.60348 1.91712 2.83694 3.87659 5.19887 5.1766 3.55751 0.8299 -1.47944 -2.55975 -4.61831 -5.28337 -4.25775 -2.91849 -1.29605 1.30612 4.84649 5.87784 5.47306 5.71388 4.69399 3.45528
5.705 1.3757 1.51143 1.64297 2.41735 3.73366 5.24527 5.33595 3.94035 1.25963 -1.19868 -2.29087 -4.49377 -5.34625 -4.38988 -3.14192 -1.63104 0.7586 4.08204 6.00917 5.94805 5.57276 4.7495 3.64022
5.755 1.36246 1.35751 1.38346 2.03145 3.56953 5.27934 5.48522 4.28983 1.68113 -0.897158 -2.03234 -4.36816 -5.38927 -4.51118 -3.34096 -1.89989 0.332282 3.43456 5.66642 6.22817 5.78201 4.85072 3.77268
5.805 1.30992 1.15731 1.14142 1.67552 3.39729 5.30197 5.6214 4.6018 2.07474 -0.576397 -1.7679 -4.24128 -5.40915 -4.60984 -3.50717 -2.11797 -0.0328074 2.8094 5.03633 6.38328 6.235 5.00373 3.85164
5.855 1.22339 0.936968 0.898119 1.35001 3.22784 5.31436 5.7417 4.87411 2.4296 -0.235085 -1.49655 -4.10772 -5.40661 -4.69082 -3.65373 -2.30855 -0.355927 2.24395 4.44514 6.22182 6.53111 5.4249 4.07849
5.905 1.11587 0.717386 0.630779 1.04912 3.06699 5.31851 5.84747 5.11235 2.75331 0.110034 -1.21937 -3.94752 -5.37657 -4.76401 -3.79699 -2.48811 -0.64829 1.74819 3.96468 5.92643 6.48002 5.8349 4.54832
5.955 0.994114 0.50166 0.350824 0.754041 2.91577 5.31699 5.94211 5.32374 3.05964 0.415501 -0.960897 -3.70684 -5.28981 -4.83623 -3.95386 -2.66624 -0.919042 1.30318 3.5409 5.60755 6.29648 6.06486 4.99947
6.005 0.865117 0.292125 0.0590655 0.453799 2.76992 5.31059 6.02958 5.51623 3.36989 0.629826 -0.760344 -3.30455 -5.09415 -4.91584 -4.15352 -2.86068 -1.17961 0.89768 3.15488 5.28056 6.04116 6.16158 5.36283
6.055 0.733941 0.0894734 -0.24097 0.147078 2.62383 5.29502 6.1021 5.67624 3.67438 0.789589 -0.587708 -2.76506 -4.75893 -4.99159 -4.40464 -3.08747 -1.44989 0.509747 2.78586 4.94707 5.74238 6.1561 5.62339
6.105 0.600535 -0.107414 -0.529897 -0.148547 2.46751 5.25151 6.13038 5.77278 3.95622 1.12168 -0.452325 -2.33837 -4.26297 -5.00795 -4.66669 -3.34161 -1.74526 0.114559 2.40981 4.597 5.4079 6.06616 5.78219
6.155 0.46119 -0.304286 -0.781631 -0.407927 2.27027 5.15479 6.10246 5.82145 4.23985 1.63746 -0.339064 -2.07136 -3.68301 -4.9521 -4.89608 -3.59503 -2.05172 -0.285362 2.02465 4.23069 5.04423 5.90437 5.84215
6.205 0.306952 -0.508228 -0.951743 -0.604242 1.9866 4.97053 6.00849 5.84962 4.52638 2.22436 -0.136774 -1.83802 -3.14098 -4.85683 -5.08102 -3.83123 -2.35564 -0.683124 1.63335 3.85073 4.65618 5.6812 5.8119
6.255 0.14262 -0.682853 -1.00211 -0.754171 1.59626 4.65487 5.82486 5.88142 4.8207 2.79601 0.249033 -1.53839 -2.70986 -4.74864 -5.22347 -4.04536 -2.65204 -1.07774 1.23447 3.45529 4.24369 5.40271 5.70083
6.305 -0.0100151 -0.801513 -1.01973 -0.829625 1.23614 4.15116 5.50929 5.91705 5.14494 3.36049 0.7414 -1.1899 -2.34181 -4.62643 -5.3255 -4.23521 -2.93522 -1.46271 0.835077 3.05077 3.8131 5.07861 5.51929
6.355 -0.145701 -0.893131 -1.10184 -0.780388 1.02425 3.50297 5.06022 5.92117 5.47248 3.89932 1.27332 -0.797576 -1.99214 -4.4916 -5.39074 -4.39825 -3.19816 -1.82927 0.445222 2.64718 3.37438 4.72174 5.2807
6.405 -0.253135 -0.923098 -1.13136 -0.791474 0.822902 2.91883 4.54975 5.87448 5.76397 4.38544 1.79425 -0.366408 -1.62931 -4.34429 -5.42282 -4.53444 -3.43764 -2.17229 0.071782 2.25223 2.93615 4.34399 4.99899
6.455 -0.318584 -0.9051 -1.14409 -0.920779 0.675836 2.48557 4.01316 5.77211 5.99464 4.79925 2.26758 0.0823643 -1.24307 -4.18195 -5.42331 -4.6458 -3.65263 -2.48616 -0.276501 1.87598 2.50923 3.95871 4.68888
6.505 -0.347798 -0.869324 -1.16924 -1.12568 0.576405 2.1728 3.49943 5.63504 6.16284 5.136 2.67422 0.513358 -0.833764 -3.98203 -5.38394 -4.7419 -3.85436 -2.77294 -0.595437 1.52618 2.10326 3.57821 4.36466
6.555 -0.354984 -0.831018 -1.199 -1.33361 0.456742 1.90455 3.05997 5.49234 6.28559 5.41399 3.036 0.856729 -0.48891 -3.65143 -5.25807 -4.8351 -4.07224 -3.04751 -0.889208 1.20567 1.72504 3.2127 4.03915
6.605 -0.347831 -0.798359 -1.23682 -1.53358 0.308422 1.65833 2.6933 5.35992 6.38217 5.65149 3.3656 1.03944 -0.239307 -3.11336 -4.99615 -4.93344 -4.33739 -3.33086 -1.16976 0.910199 1.37599 2.86828 3.72229
6.655 -0.33351 -0.775763 -1.2832 -1.71966 0.131411 1.42521 2.39282 5.24103 6.45551 5.84652 3.66686 1.07212 -0.063201 -2.39889 -4.59463 -5.01959 -4.64524 -3.63537 -1.45533 0.623367 1.04541 2.54091 3.41673
6.705 -0.319165 -0.764992 -1.33572 -1.88707 -0.0627215 1.21338 2.15174 5.12476 6.48919 5.97536 3.93595 1.12851 0.0657174 -1.71686 -4.0795 -5.05121 -4.95019 -3.9505 -1.75526 0.327919 0.716946 2.21905 3.11761
6.755 -0.310606 -0.768093 -1.3951 -2.03804 -0.249546 1.04384 1.95497 4.98535 6.46195 6.02526 4.18079 1.43144 0.131736 -1.30286 -3.4852 -4.99993 -5.20333 -4.24777 -2.05815 0.022717 0.383382 1.89438 2.81845
6.805 -0.308917 -0.782966 -1.45859 -2.17272 -0.450368 0.932705 1.81269 4.78079 6.36032 6.02042 4.41956 1.90032 0.228602 -1.04521 -2.92432 -4.91045 -5.40305 -4.51271 -2.34695 -0.27875 0.0522368 1.56987 2.51909
6.855 -0.314692 -0.808367 -1.52491 -2.2907 -0.680008 0.888606 1.76124 4.45674 6.15848 5.99415 4.67049 2.44593 0.412611 -0.863189 -2.44626 -4.81168 -5.55865 -4.74483 -2.61575 -0.568889 -0.270426 1.24981 2.22187
6.905 -0.336362 -0.848239 -1.58553 -2.35755 -0.838522 0.798073 1.67764 4.08363 5.84828 5.971 4.94269 2.98692 0.739365 -0.66104 -2.07537 -4.7218 -5.68265 -4.95179 -2.86882 -0.849531 -0.586081 0.932699 1.9256
6.955 -0.371531 -0.885066 -1.61281 -2.35443 -0.950908 0.489835 1.66197 3.87106 5.36974 5.91144 5.22209 3.5051 1.14556 -0.410267 -1.76535 -4.63476 -5.78112 -5.14089 -3.11006 -1.12031 -0.892323 0.62169 1.6327
7.005 -0.404393 -0.903954 -1.6082 -2.31786 -1.0739 0.0181939 1.73687 3.83736 4.79387 5.80078 5.47209 3.96933 1.56258 -0.129229 -1.47497 -4.53542 -5.85101 -5.31644 -3.34234 -1.37761 -1.18212 0.3255 1.35108
7.055 -0.437271 -0.917866 -1.59164 -2.25829 -1.13441 -0.352904 1.57949 3.68472 4.3816 5.70746 5.69457 4.37108 1.94619 0.163191 -1.15339 -4.38749 -5.878 -5.49252 -3.58738 -1.63341 -1.46078 0.0430253 1.08243
7.105 -0.464939 -0.9195 -1.55808 -2.1843 -1.15911 -0.668238 1.23881 3.48816 4.12389 5.61913 5.88094 4.71172 2.28641 0.402738 -0.80096 -4.12166 -5.8267 -5.68098 -3.87123 -1.90105 -1.73231 -0.224134 0.830703
7.155 -0.480892 -0.904879 -1.51208 -2.1153 -1.18421 -0.964947 0.824788 3.30975 3.96887 5.52841 6.03307 5.00832 2.62681 0.524622 -0.60043 -3.64696 -5.63916 -5.8671 -4.20312 -2.19162 -2.00444 -0.478921 0.597034
7.205 -0.481593 -0.87573 -1.46201 -2.06464 -1.22615 -1.25026 0.39258 3.15911 3.88573 5.43953 6.15377 5.25758 2.95482 0.534478 -0.493905 -3.02421 -5.33049 -6.03364 -4.56655 -2.50442 -2.28409 -0.729949 0.374851
7.255 -0.468191 -0.837218 -1.41536 -2.03742 -1.2878 -1.52217 -0.0270034 3.04013 3.85373 5.34637 6.23366 5.44514 3.26721 0.524428 -0.427886 -2.37541 -4.94232 -6.15816 -4.92678 -2.8284 -2.57468 -0.987124 0.153421
7.305 -0.444443 -0.795133 -1.37718 -2.03341 -1.36598 -1.77739 -0.423017 2.96595 3.86666 5.22955 6.25024 5.54246 3.53345 0.749282 -0.371851 -1.93232 -4.49688 -6.2135 -5.24464 -3.14578 -2.87463 -1.25799 -0.0785112
7.355 -0.414834 -0.755452 -1.3517 -2.05046 -1.45255 -2.00172 -0.771896 2.88935 3.88207 5.09227 6.20772 5.57618 3.7887 1.19956 -0.309882 -1.73086 -4.03432 -6.2047 -5.50154 -3.43914 -3.1719 -1.53514 -0.319005
7.405 -0.383363 -0.72138 -1.33853 -2.08235 -1.53957 -2.1928 -1.1011 2.81254 3.90998 4.90822 6.10358 5.58524 4.05062 1.75255 -0.203568 -1.64595 -3.6106 -6.15824 -5.70263 -3.70733 -3.46149 -1.8101 -0.560501
7.455 -0.354594 -0.698229 -1.34109 -2.12597 -1.61259 -2.31654 -1.36881 2.61281 3.88992 4.73069 5.93846 5.6034 4.32714 2.30178 0.00838457 -1.56735 -3.25796 -6.08145 -5.85228 -3.9614 -3.7535 -2.08659 -0.803055
7.505 -0.336547 -0.690494 -1.35383 -2.15969 -1.63383 -2.33306 -1.55737 2.06833 3.79496 4.71802 5.67359 5.63031 4.62688 2.81352 0.338285 -1.42651 -2.96544 -5.95179 -5.94643 -4.22027 -4.06903 -2.37682 -1.05292
7.555 -0.328616 -0.685111 -1.35394 -2.16194 -1.60822 -2.31086 -1.80949 1.22635 3.89281 4.98184 5.20218 5.59354 4.91651 3.28219 0.744832 -1.29639 -2.74091 -5.71304 -5.95472 -4.48458 -4.41585 -2.6818 -1.3064
7.605 -0.322591 -0.678922 -1.35019 -2.15844 -1.57423 -2.27001 -2.02762 0.481504 3.77395 5.12411 4.85213 5.57097 5.19474 3.7128 1.24997 -1.26194 -2.68798 -5.30389 -5.838 -4.73786 -4.79292 -3.00909 -1.57198
7.655 -0.319179 -0.676955 -1.34977 -2.15387 -1.52973 -2.20056 -2.16587 -0.0804529 3.25736 5.05007 4.77887 5.57773 5.45034 4.08341 1.75215 -1.12725 -2.64293 -4.84009 -5.63351 -4.9728 -5.18654 -3.36206 -1.86328
7.705 -0.315621 -0.670213 -1.33823 -2.13369 -1.47289 -2.13601 -2.29992 -0.602152 2.59199 4.96133 4.83484 5.55042 5.63704 4.34907 2.15934 -0.718902 -2.44882 -4.5122 -5.37633 -5.16633 -5.56192 -3.72378 -2.17597
7.755 -0.310209 -0.655903 -1.3149 -2.10236 -1.41569 -2.09427 -2.44486 -1.08803 1.90793 4.88591 4.93825 5.47474 5.7505 4.54123 2.54725 -0.09783 -2.28671 -4.37011 -5.02388 -5.27288 -5.87988 -4.07339 -2.49871
7.805 -0.302233 -0.634803 -1.28355 -2.06709 -1.36715 -2.08075 -2.60061 -1.52939 1.27279 4.81872 5.04715 5.36841 5.81434 4.6924 2.91974 0.589935 -2.15383 -4.35007 -4.63955 -5.29674 -6.11352 -4.38681 -2.81344
7.855 -0.286101 -0.6038 -1.24442 -2.03246 -1.33413 -2.09961 -2.77169 -1.93114 0.708201 4.72398 5.14131 5.27206 5.8586 4.80882 3.20773 1.11242 -1.77417 -4.1371 -4.45121 -5.31951 -6.26698 -4.65521 -3.10945
7.905 -0.261007 -0.564908 -1.20243 -2.00428 -1.31945 -2.14516 -2.94705 -2.28147 0.241544 4.56387 5.16231 5.20704 5.89242 4.90449 3.44639 1.55314 -1.26458 -3.85788 -4.39105 -5.30855 -6.32285 -4.87737 -3.38889
7.955 -0.230573 -0.522551 -1.16185 -1.98416 -1.31994 -2.20812 -3.1188 -2.58516 -0.153265 4.38312 5.13388 5.14065 5.90659 4.98884 3.66181 1.95325 -0.672405 -3.60642 -4.46986 -5.23631 -6.25533 -5.0426 -3.64965
8.005 -0.196793 -0.477841 -1.12275 -1.9711 -1.33377 -2.28391 -3.28452 -2.84868 -0.503933 4.2055 5.09363 5.049 5.89299 5.07371 3.86722 2.30003 -0.119581 -3.25214 -4.59582 -5.25107 -6.06971 -5.13735 -3.88065
8.055 -0.156723 -0.42376 -1.07665 -1.95932 -1.36153 -2.37352 -3.44534 -3.07638 -0.840048 4.01618 5.07238 4.91588 5.82864 5.16877 4.07732 2.58623 0.328295 -2.69923 -4.61523 -5.42775 -5.8656 -5.17825 -4.06772
8.105 -0.103902 -0.34397 -1.0066 -1.94154 -1.41177 -2.47579 -3.56981 -3.19533 -1.05431 3.47955 4.90138 4.92976 5.71232 5.29303 4.33008 2.8577 0.718493 -2.13897 -4.31649 -5.52263 -5.87121 -5.23179 -4.21632
8.155 -0.0433062 -0.210724 -0.868605 -1.87678 -1.46918 -2.57948 -3.6497 -3.24819 -1.31156 2.56729 4.85232 5.19846 5.38581 5.36937 4.60885 3.13682 1.09262 -1.58052 -3.80631 -5.47051 -5.99621 -5.36731 -4.37731
8.205 0.00606164 0.00808206 -0.602305 -1.71581 -1.5337 -2.71481 -3.72723 -3.2865 -1.61221 1.55856 4.76125 5.53452 5.00572 5.40705 4.88153 3.40841 1.44853 -1.04606 -3.2782 -5.24095 -6.03392 -5.59877 -4.61649
8.255 0.00400554 0.300425 -0.188707 -1.44047 -1.60454 -2.90242 -3.83196 -3.32028 -1.85635 0.754625 4.28919 5.57683 4.89403 5.47163 5.15248 3.68796 1.81199 -0.523535 -2.78153 -4.87865 -5.81337 -5.79058 -5.00384
8.305 -0.100931 0.598295 0.34633 -1.05874 -1.64598 -3.09844 -3.94 -3.35289 -2.06939 0.0607488 3.49334 5.46079 4.98164 5.51495 5.39768 3.97056 2.18596 -0.00143916 -2.28167 -4.46111 -5.48053 -5.81988 -5.31461
8.355 -0.345932 0.808186 0.995715 -0.601877 -1.63705 -3.27064 -4.04612 -3.40894 -2.29614 -0.59241 2.6254 5.31161 5.11525 5.50539 5.5946 4.23417 2.54845 0.500625 -1.7917 -4.01873 -5.08293 -5.72352 -5.49931
8.405 -0.61767 0.902365 1.63395 -0.070354 -1.57142 -3.40762 -4.15182 -3.49599 -2.53901 -1.1933 1.7999 5.14614 5.23956 5.45326 5.74008 4.46555 2.88394 0.969317 -1.32361 -3.57374 -4.65237 -5.53325 -5.55748
8.455 -0.79714 0.953962 2.14628 0.510385 -1.46008 -3.50704 -4.2539 -3.60857 -2.79011 -1.73127 1.06801 4.96759 5.32751 5.37608 5.84016 4.66032 3.18467 1.3978 -0.885274 -3.14061 -4.20988 -5.2769 -5.50797
8.505 -0.897883 0.985059 2.58722 1.09289 -1.32699 -3.57819 -4.35329 -3.73966 -3.0384 -2.19402 0.468616 4.73411 5.3277 5.316 5.91556 4.82465 3.45048 1.7851 -0.479519 -2.72657 -3.76749 -4.97524 -5.37354
8.555 -0.84484 1.02558 2.92491 1.66781 -1.18346 -3.62657 -4.44652 -3.8783 -3.27555 -2.58937 -0.022002 4.47279 5.25473 5.26035 5.96902 4.96488 3.68781 2.13649 -0.104537 -2.33422 -3.33239 -4.64394 -5.17493
8.605 -0.725817 1.09796 3.24176 2.19461 -1.04609 -3.65995 -4.53215 -4.01727 -3.49798 -2.92826 -0.432898 4.21041 5.14195 5.19006 5.99566 5.08429 3.90215 2.45591 0.240617 -1.96578 -2.91036 -4.29604 -4.93038
8.655 -0.579187 1.20146 3.55645 2.67578 -0.91855 -3.68253 -4.61053 -4.15474 -3.70638 -3.22032 -0.79037 3.96972 5.02394 5.07978 5.98034 5.18941 4.10581 2.7496 0.557159 -1.62358 -2.50692 -3.94295 -4.65591
8.705 -0.425184 1.30845 3.86412 3.13579 -0.790927 -3.68824 -4.67833 -4.29461 -3.90811 -3.47563 -1.12872 3.77559 4.95495 4.88887 5.88238 5.28928 4.32375 3.03031 0.848995 -1.30941 -2.12774 -3.59546 -4.36618
8.755 -0.298225 1.33811 4.13089 3.64861 -0.624538 -3.64623 -4.72192 -4.44916 -4.10338 -3.64904 -1.37181 3.34952 4.83094 4.78974 5.67953 5.39234 4.58682 3.32746 1.1436 -1.00082 -1.75714 -3.24612 -4.06408
8.805 -0.19901 1.31125 4.22704 4.11883 -0.265939 -3.45116 -4.67254 -4.61202 -4.30833 -3.77494 -1.64508 2.49116 4.82207 5.00308 5.25982 5.43653 4.88018 3.65614 1.4661 -0.673193 -1.37745 -2.88522 -3.74711
8.855 -0.0385144 1.4022 3.94631 4.2655 0.504739 -3.01639 -4.47345 -4.78345 -4.56879 -3.91985 -1.981 1.51651 4.69534 5.25746 4.83505 5.46067 5.17712 3.9907 1.79833 -0.336481 -0.993847 -2.51735 -3.41948
8.905 0.165401 1.49447 3.23625 4.32599 1.63432 -2.46323 -4.16483 -4.93606 -4.86165 -4.09161 -2.33729 0.597101 4.31578 5.34245 4.5661 5.48621 5.46314 4.32942 2.14858 0.0225962 -0.592057 -2.13017 -3.07391
8.955 0.313801 1.53471 2.81267 4.23209 2.31511 -1.68406 -3.70944 -5.00551 -5.126 -4.25687 -2.64992 -0.161469 3.54628 5.1775 4.54759 5.52122 5.72474 4.65934 2.50601 0.397754 -0.1741 -1.72267 -2.70687
9.005 0.42998 1.56928 2.60726 3.98189 2.71376 -0.827624 -3.18303 -4.98062 -5.32098 -4.40587 -2.9515 -0.862537 2.68007 4.93863 4.57784 5.52402 5.94246 4.96216 2.84801 0.764157 0.235648 -1.31815 -2.3361
9.055 0.526792 1.61004 2.55833 3.64575 2.902 0.038499 -2.64508 -4.89224 -5.45538 -4.54166 -3.23835 -1.49229 1.85491 4.67165 4.59248 5.49423 6.11199 5.22826 3.1621 1.10818 0.624224 -0.929758 -1.9741
9.105 0.610206 1.62193 2.50746 3.38091 3.06327 0.789415 -2.15184 -4.77285 -5.54262 -4.66401 -3.50458 -2.04282 1.11935 4.40168 4.57573 5.43389 6.2353 5.45818 3.44709 1.42612 0.987133 -0.562976 -1.62752
9.155 0.67453 1.60249 2.43958 3.20848 3.22746 1.4173 -1.72033 -4.64619 -5.59885 -4.77505 -3.74796 -2.51757 0.475298 4.16994 4.54859 5.32794 6.30724 5.65559 3.70784 1.71839 1.32228 -0.221587 -1.30142
9.205 0.716958 1.56293 2.36727 3.10678 3.39562 1.95286 -1.35 -4.52676 -5.63962 -4.88106 -3.96988 -2.9167 -0.0654246 3.96032 4.51706 5.17505 6.32202 5.83141 3.95802 1.98867 1.62832 0.0906283 -1.00069
9.255 0.738506 1.51351 2.29921 3.05011 3.56742 2.43058 -1.03485 -4.4211 -5.67386 -4.98445 -4.17124 -3.24759 -0.527986 3.79123 4.50764 4.93984 6.25096 6.00166 4.2272 2.25219 1.91027 0.372761 -0.729254
9.305 0.742095 1.46327 2.24737 3.03767 3.72478 2.83667 -0.744305 -4.32134 -5.7027 -5.08707 -4.35419 -3.51621 -0.951184 3.65598 4.56938 4.62856 6.05476 6.16194 4.533 2.52616 2.18071 0.632087 -0.484834
9.355 0.727849 1.42108 2.22901 3.08389 3.82069 3.12702 -0.406522 -4.19399 -5.71149 -5.18329 -4.49369 -3.65678 -1.23299 3.08399 4.55153 4.60952 5.74118 6.28893 4.86479 2.82502 2.46661 0.899172 -0.241787
9.405 0.706572 1.39993 2.25025 3.16704 3.74077 3.30366 0.111909 -3.95996 -5.64268 -5.27151 -4.62594 -3.75413 -1.55179 2.16034 4.60896 4.89949 5.29101 6.34178 5.18088 3.13324 2.76569 1.17726 0.00619462
9.455 0.690624 1.40929 2.30751 3.25425 3.32884 3.41293 0.984488 -3.54035 -5.4588 -5.39884 -4.8357 -3.88099 -1.89675 1.22364 4.49693 5.16278 4.92391 6.38439 5.47704 3.43744 3.06719 1.46049 0.258103
9.505 0.681723 1.4236 2.36204 3.33903 3.14523 3.254 1.45607 -2.7506 -5.05859 -5.49944 -5.10643 -4.05605 -2.23938 0.411598 4.13159 5.2509 4.74953 6.43177 5.74376 3.73364 3.37296 1.75406 0.520922
9.555 0.67584 1.44214 2.41908 3.42534 3.09997 2.87001 1.74511 -1.76137 -4.54232 -5.54279 -5.37311 -4.24511 -2.55334 -0.258465 3.44273 5.13538 4.78957 6.47667 5.97674 4.02551 3.68579 2.05701 0.793624
9.605 0.690274 1.4708 2.45889 3.44946 3.01656 2.5596 2.04084 -0.836747 -3.99695 -5.51415 -5.59108 -4.43552 -2.86909 -0.879994 2.64289 4.97611 4.89972 6.44931 6.14846 4.31385 4.01085 2.3665 1.0686
9.655 0.7249 1.49705 2.46548 3.41548 2.94558 2.53151 2.17813 -0.252892 -3.39418 -5.39116 -5.73185 -4.60426 -3.17342 -1.45772 1.77111 4.9174 5.13495 6.2593 6.20669 4.58681 4.35044 2.68051 1.34013
9.705 0.765335 1.51357 2.44823 3.35643 2.89985 2.65533 2.25248 0.107388 -2.81477 -5.2273 -5.81819 -4.7527 -3.45278 -1.95605 0.944151 4.85729 5.45464 5.96992 6.15061 4.83675 4.69747 2.99062 1.60073
9.755 0.795234 1.51282 2.41342 3.2928 2.87583 2.83755 2.34851 0.376392 -2.2993 -5.06602 -5.8852 -4.89288 -3.68261 -2.28893 0.393499 4.40956 5.49598 5.90866 6.06371 5.08461 5.05445 3.30595 1.86381
9.805 0.808654 1.4951 2.36824 3.23468 2.86542 3.02608 2.48416 0.629058 -1.85651 -4.90906 -5.91858 -4.99292 -3.84484 -2.50954 -0.0627944 3.55233 5.46184 6.12227 5.86817 5.28586 5.40258 3.63249 2.14268
9.855 0.813803 1.4711 2.32391 3.18869 2.8636 3.19839 2.62672 0.856501 -1.47669 -4.74977 -5.90859 -5.04351 -3.95717 -2.69314 -0.547688 2.48466 5.55492 6.58437 5.50254 5.37875 5.69434 3.9492 2.43044
9.905 0.808356 1.43977 2.28019 3.15514 2.87188 3.35402 2.7719 1.08235 -1.12518 -4.58852 -5.88509 -5.09554 -4.07212 -2.85265 -0.92968 1.68631 5.29309 6.75329 5.43828 5.49902 5.91968 4.2234 2.70032
9.955 0.786399 1.39603 2.23338 3.13199 2.89189 3.49639 2.91117 1.32314 -0.761343 -4.40774 -5.84443 -5.15561 -4.19078 -2.98484 -1.21534 1.10098 4.62257 6.66559 5.70542 5.63883 6.07077 4.46177 2.95977
10.005 0.750334 1.34244 2.18607 3.11947 2.92063 3.61169 2.98697 1.56155 -0.310433 -4.15391 -5.7472 -5.22531 -4.33123 -3.11981 -1.47992 0.562687 3.77357 6.56648 6.14599 5.71171 6.11382 4.65961 3.21278
10.055 0.706402 1.2789 2.1327 3.10919 2.95996 3.72233 3.07684 1.64978 0.0591192 -3.66398 -5.50321 -5.30793 -4.53729 -3.29696 -1.75667 0.0513752 2.88476 6.46058 6.71122 5.76196 6.02882 4.80116 3.45322
10.105 0.650464 1.18948 2.05328 3.08895 3.02286 3.86014 3.2666 1.5363 0.20827 -2.90265 -5.08641 -5.38649 -4.81762 -3.5341 -2.03301 -0.342434 2.24533 5.76041 7.10777 6.32115 5.86872 4.85988 3.64483
10.155 0.586833 1.06671 1.9321 3.03666 3.08452 3.9777 3.46874 1.43747 0.345091 -2.10235 -4.57476 -5.42659 -5.11441 -3.80759 -2.32616 -0.692211 1.72267 5.01072 7.05042 6.8514 5.98118 4.96704 3.80399
10.205 0.532698 0.911675 1.7503 2.917 3.11201 4.05451 3.66966 1.63181 0.443493 -1.54911 -3.98093 -5.38394 -5.36917 -4.08235 -2.62488 -1.01801 1.26158 4.29962 6.47325 7.22346 6.50925 5.11953 3.91029
10.255 0.505183 0.734122 1.49745 2.71006 3.10346 4.11916 3.88904 2.03129 0.543753 -1.20313 -3.38267 -5.2767 -5.55706 -4.32437 -2.90635 -1.32587 0.826933 3.60976 5.78008 7.26384 7.06853 5.52647 4.09642
10.305 0.519323 0.568681 1.18313 2.40943 3.05965 4.18497 4.108 2.48964 0.746463 -0.920216 -2.85044 -5.14358 -5.69096 -4.5349 -3.17207 -1.62311 0.417412 2.98513 5.18406 6.9787 7.2304 6.14345 4.5944
10.355 0.567691 0.488055 0.834986 2.00949 2.97575 4.25257 4.31508 2.93543 1.04854 -0.620907 -2.3974 -5.00219 -5.78127 -4.71398 -3.41809 -1.9094 0.025886 2.40771 4.65187 6.6302 7.12308 6.54408 5.19951
10.405 0.604449 0.500522 0.514249 1.51774 2.8508 4.3179 4.50988 3.34976 1.3973 -0.298546 -1.99585 -4.85368 -5.83396 -4.86217 -3.64079 -2.18007 -0.345298 1.87125 4.15386 6.24544 6.88665 6.75202 5.71411
10.455 0.648115 0.539114 0.214484 0.98891 2.6994 4.37654 4.68981 3.72352 1.75507 0.0407383 -1.61931 -4.69491 -5.85294 -4.98257 -3.84065 -2.4332 -0.694858 1.37238 3.68152 5.84215 6.5729 6.80864 6.08961
10.505 0.694538 0.503745 -0.065585 0.479344 2.53607 4.42478 4.85204 4.05225 2.09137 0.387515 -1.23911 -4.5122 -5.83624 -5.08341 -4.02563 -2.67015 -1.02211 0.909332 3.23286 5.43309 6.21269 6.74859 6.32185
10.555 0.708804 0.380581 -0.331161 0.0208891 2.35957 4.45859 4.99501 4.33246 2.37203 0.72522 -0.801455 -4.2626 -5.76576 -5.18503 -4.2219 -2.90062 -1.3287 0.481453 2.80936 5.02834 5.82622 6.60013 6.42555
10.605 0.678024 0.191607 -0.609488 -0.360461 2.16731 4.47379 5.12008 4.58073 2.63709 0.950953 -0.407685 -3.80868 -5.56868 -5.2985 -4.46856 -3.1479 -1.62612 0.0833008 2.41152 4.63558 5.42803 6.38661 6.42199
10.655 0.609272 -0.0234054 -0.898538 -0.712408 1.97613 4.47869 5.23683 4.81525 2.92992 0.997095 -0.178557 -3.10299 -5.19707 -5.39516 -4.76312 -3.42328 -1.93024 -0.300339 2.03045 4.25423 5.02578 6.12635 6.33361
10.705 0.512567 -0.245537 -1.18884 -1.04135 1.78763 4.46724 5.3284 5.0089 3.22396 0.956204 -0.00914588 -2.29491 -4.70083 -5.44151 -5.06364 -3.71617 -2.24921 -0.686238 1.65019 3.8739 4.61736 5.82892 6.17836
10.755 0.386225 -0.480554 -1.45025 -1.30892 1.58476 4.41826 5.36277 5.12455 3.49311 1.10124 0.119184 -1.66541 -4.11466 -5.39871 -5.31566 -3.9997 -2.57657 -1.08069 1.2599 3.48429 4.1975 5.49831 5.96809
10.805 0.232515 -0.718469 -1.64595 -1.51647 1.34112 4.3057 5.32465 5.17498 3.75985 1.4966 0.223086 -1.28316 -3.50559 -5.27935 -5.49566 -4.24685 -2.88989 -1.4692 0.867363 3.08824 3.7681 5.14038 5.71204
10.855 0.05662 -0.946797 -1.73362 -1.66304 1.00991 4.09861 5.20836 5.19722 4.03804 2.02208 0.388769 -1.01793 -2.95287 -5.12926 -5.61644 -4.45279 -3.17707 -1.83946 0.482582 2.69264 3.33426 4.76185 5.41902
10.905 -0.133875 -1.1411 -1.66627 -1.75681 0.551674 3.77173 5.00481 5.22252 4.33457 2.57448 0.68025 -0.775464 -2.48853 -4.9743 -5.69275 -4.62222 -3.43744 -2.18931 0.107889 2.29955 2.89809 4.36698 5.09616
10.955 -0.310351 -1.28156 -1.58704 -1.76033 0.158966 3.26469 4.67983 5.2475 4.6509 3.11331 1.06332 -0.495841 -2.0952 -4.82148 -5.73662 -4.76325 -3.67354 -2.51678 -0.252343 1.91378 2.46447 3.96184 4.75062
11.005 -0.465635 -1.40307 -1.65248 -1.60035 0.00515788 2.58457 4.23023 5.24339 4.96278 3.61588 1.47786 -0.183251 -1.73126 -4.66003 -5.75051 -4.88418 -3.89013 -2.81873 -0.589858 1.54558 2.04396 3.55766 4.39306
11.055 -0.59297 -1.46895 -1.71123 -1.46391 -0.120572 1.93557 3.73518 5.20508 5.24393 4.06087 1.86725 0.145359 -1.34132 -4.45231 -5.72168 -5.00305 -4.10911 -3.10309 -0.903523 1.20111 1.64469 3.1641 4.0338
11.105 -0.672098 -1.46238 -1.72902 -1.49327 -0.24849 1.43338 3.23287 5.13146 5.47879 4.4385 2.19763 0.421244 -0.892467 -4.108 -5.60466 -5.14435 -4.37265 -3.39048 -1.19896 0.883926 1.27442 2.79107 3.68348
11.155 -0.704771 -1.41559 -1.74533 -1.65725 -0.350139 1.07367 2.74573 5.0328 5.6718 4.77408 2.53872 0.525267 -0.623986 -3.49755 -5.31492 -5.28621 -4.69664 -3.70182 -1.49292 0.585287 0.932141 2.44378 3.3511
11.205 -0.705942 -1.35648 -1.76799 -1.87064 -0.466834 0.795025 2.31622 4.92902 5.82469 5.05632 2.86092 0.494898 -0.459377 -2.73313 -4.88552 -5.39399 -5.04604 -4.03296 -1.79739 0.288667 0.604356 2.11475 3.03599
11.255 -0.691005 -1.30195 -1.79815 -2.08697 -0.600982 0.569071 1.95483 4.82042 5.92569 5.26491 3.16111 0.455713 -0.343388 -1.97521 -4.38378 -5.44155 -5.37167 -4.36316 -2.11069 -0.0149595 0.279051 1.79355 2.73197
11.305 -0.672658 -1.26071 -1.8342 -2.28247 -0.742093 0.389426 1.65903 4.69833 5.95786 5.3729 3.42475 0.671172 -0.271099 -1.47876 -3.83529 -5.40687 -5.63306 -4.66789 -2.42283 -0.326672 -0.0511135 1.47074 2.43092
11.355 -0.656507 -1.23562 -1.87713 -2.4546 -0.873944 0.244388 1.40163 4.54837 5.9222 5.39967 3.67013 1.11781 -0.171497 -1.21018 -3.31832 -5.32713 -5.83034 -4.93222 -2.71542 -0.631886 -0.378246 1.14874 2.13126
11.405 -0.645609 -1.22672 -1.92717 -2.60588 -0.996208 0.140784 1.16619 4.3503 5.82532 5.38482 3.90952 1.67614 -0.00869524 -1.05417 -2.87358 -5.23615 -5.98064 -5.15917 -2.98247 -0.920643 -0.693377 0.834255 1.83664
11.455 -0.640977 -1.23259 -1.98532 -2.74433 -1.1392 0.108349 1.0156 4.04638 5.65013 5.36144 4.14849 2.23322 0.265682 -0.927448 -2.52117 -5.1515 -6.09748 -5.35633 -3.22597 -1.19031 -0.992617 0.531291 1.55022
11.505 -0.643649 -1.25356 -2.05378 -2.87445 -1.31675 0.178256 0.975175 3.59139 5.3665 5.35067 4.40926 2.75284 0.61536 -0.769294 -2.24387 -5.07238 -6.18972 -5.53653 -3.45535 -1.44302 -1.27433 0.243222 1.27538
11.555 -0.662388 -1.29007 -2.11774 -2.95662 -1.44654 0.202657 0.937924 3.12252 4.97345 5.34926 4.70039 3.23769 0.981623 -0.580668 -1.98114 -4.96579 -6.24975 -5.71702 -3.69245 -1.69007 -1.54249 -0.0296215 1.01452
11.605 -0.692481 -1.32018 -2.14324 -2.96334 -1.55033 -0.0610428 0.983751 2.90062 4.44566 5.30651 4.98524 3.67539 1.32463 -0.386983 -1.67743 -4.77239 -6.25034 -5.91607 -3.96754 -1.94672 -1.80193 -0.285967 0.77146
11.655 -0.720041 -1.33213 -2.13217 -2.92116 -1.6508 -0.484405 1.00537 2.81594 3.91738 5.24152 5.24459 4.06619 1.66382 -0.299877 -1.39925 -4.39877 -6.1356 -6.13241 -4.3035 -2.23077 -2.06246 -0.528609 0.54822
11.705 -0.746203 -1.33395 -2.09962 -2.84469 -1.69902 -0.862962 0.789131 2.6645 3.56466 5.19502 5.47781 4.41577 2.0222 -0.303393 -1.27985 -3.82513 -5.87585 -6.33508 -4.68748 -2.55057 -2.34056 -0.774259 0.332823
11.755 -0.764646 -1.32043 -2.04762 -2.75361 -1.72304 -1.21339 0.419852 2.4933 3.35372 5.1499 5.66859 4.70656 2.37931 -0.337196 -1.22086 -3.17812 -5.51882 -6.49771 -5.07906 -2.89157 -2.63801 -1.03274 0.113445
11.805 -0.770355 -1.29137 -1.98561 -2.67037 -1.74976 -1.54284 -0.00104607 2.34135 3.23106 5.08957 5.79819 4.9125 2.71429 -0.250865 -1.16652 -2.61832 -5.1131 -6.59982 -5.43697 -3.23234 -2.9492 -1.3079 -0.118352
11.855 -0.762259 -1.25091 -1.92322 -2.60711 -1.78888 -1.84591 -0.417295 2.21786 3.15639 4.99992 5.85052 5.01474 3.00175 0.169408 -1.10083 -2.32505 -4.67935 -6.62986 -5.73374 -3.55429 -3.26553 -1.59807 -0.366337
11.905 -0.742021 -1.20393 -1.86666 -2.56743 -1.84199 -2.12066 -0.805813 2.11555 3.09793 4.87965 5.84422 5.05686 3.27716 0.755459 -0.981261 -2.21865 -4.26342 -6.60894 -5.96706 -3.84733 -3.57416 -1.88891 -0.619485
11.955 -0.712446 -1.15476 -1.81955 -2.55101 -1.90876 -2.37046 -1.16471 2.03716 3.05123 4.72959 5.79856 5.07482 3.53961 1.37492 -0.817988 -2.18816 -3.88523 -6.54676 -6.14125 -4.11736 -3.87686 -2.17418 -0.868786
12.005 -0.675409 -1.10676 -1.78456 -2.55692 -1.98688 -2.59234 -1.48153 1.94399 3.00801 4.55737 5.72574 5.09186 3.77247 1.90467 -0.539688 -2.11406 -3.58704 -6.44321 -6.25737 -4.37964 -4.18873 -2.45921 -1.11366
12.055 -0.633614 -1.0622 -1.76162 -2.58115 -2.07327 -2.79094 -1.78293 1.86937 2.99311 4.31566 5.59753 5.1256 4.00655 2.35921 -0.199604 -2.02529 -3.35825 -6.25467 -6.29803 -4.64857 -4.5291 -2.75313 -1.35553
12.105 -0.593715 -1.02784 -1.75513 -2.62106 -2.15602 -2.94216 -2.05072 1.76329 2.99822 4.02184 5.37545 5.1776 4.27353 2.78571 0.261358 -2.0574 -3.30485 -5.89792 -6.2181 -4.91516 -4.90663 -3.06988 -1.60625
12.155 -0.568164 -1.01286 -1.76359 -2.6559 -2.1915 -2.98902 -2.24784 1.32035 3.0119 3.93442 5.01366 5.21592 4.5713 3.19715 0.809499 -2.10245 -3.41437 -5.42011 -6.02613 -5.16089 -5.30525 -3.41193 -1.87812
12.205 -0.551373 -1.00147 -1.76298 -2.66422 -2.18096 -2.98259 -2.48569 0.592694 3.10085 4.10362 4.53593 5.2051 4.83669 3.50744 1.22923 -1.81509 -3.33256 -5.10452 -5.81028 -5.38203 -5.69559 -3.76622 -2.17169
12.255 -0.5352 -0.988011 -1.75524 -2.65954 -2.14902 -2.94335 -2.70307 -0.119733 2.96683 4.20607 4.18048 5.18285 5.05187 3.74343 1.6148 -1.23467 -3.1741 -4.97253 -5.54111 -5.54546 -6.0493 -4.12332 -2.48635
12.305 -0.524256 -0.979602 -1.74928 -2.64883 -2.09767 -2.86546 -2.84313 -0.687816 2.4627 4.11612 4.06433 5.15904 5.22416 3.95379 2.03452 -0.459402 -3.07276 -5.01351 -5.17451 -5.61575 -6.33737 -4.47185 -2.81973
12.355 -0.517223 -0.969362 -1.73344 -2.62121 -2.02905 -2.78367 -2.96932 -1.21475 1.8232 3.9907 4.04963 5.11413 5.36583 4.14577 2.40871 0.204508 -2.7713 -4.927 -4.93903 -5.66124 -6.54539 -4.78298 -3.14571
12.405 -0.506754 -0.949196 -1.70297 -2.58067 -1.95993 -2.72561 -3.10693 -1.70834 1.16183 3.85509 4.07607 5.05004 5.4723 4.30687 2.71382 0.724741 -2.24376 -4.66031 -4.87036 -5.69482 -6.66683 -5.05243 -3.45756
12.455 -0.49193 -0.919268 -1.66148 -2.53489 -1.90092 -2.69806 -3.25469 -2.15495 0.545962 3.71613 4.1031 4.96542 5.54144 4.44166 2.97901 1.17753 -1.62604 -4.36024 -4.90993 -5.67841 -6.67477 -5.26972 -3.75144
12.505 -0.472398 -0.878913 -1.6101 -2.48777 -1.85858 -2.70221 -3.4092 -2.54941 0.00264739 3.58275 4.11707 4.86512 5.57989 4.55648 3.21552 1.57812 -0.991578 -4.04606 -5.04027 -5.64817 -6.55413 -5.42108 -4.02055
12.555 -0.443006 -0.817572 -1.53812 -2.43489 -1.8398 -2.74284 -3.5711 -2.89225 -0.451747 3.41701 4.09475 4.7753 5.60666 4.66237 3.4227 1.90295 -0.453719 -3.53986 -5.13156 -5.773 -6.34842 -5.50078 -4.24967
12.605 -0.397029 -0.70997 -1.41488 -2.35669 -1.85209 -2.83047 -3.74502 -3.19541 -0.836689 3.21907 4.03207 4.68776 5.62293 4.76858 3.6121 2.16253 -0.0256573 -2.94856 -4.98701 -5.92775 -6.24944 -5.55959 -4.43198
12.655 -0.339188 -0.522059 -1.18973 -2.21677 -1.90299 -2.98358 -3.94157 -3.47514 -1.18405 3.02348 3.95848 4.56102 5.60356 4.87724 3.80059 2.38392 0.328582 -2.39264 -4.55436 -5.96741 -6.36456 -5.65814 -4.56965
12.705 -0.304259 -0.249369 -0.827623 -1.98028 -1.98536 -3.20812 -4.16787 -3.7432 -1.52526 2.86505 3.92274 4.34477 5.50211 4.98989 4.01325 2.5983 0.647336 -1.87193 -4.05291 -5.8695 -6.46278 -5.83046 -4.77575
12.755 -0.341552 0.0561885 -0.342389 -1.64254 -2.07316 -3.476 -4.39889 -3.95565 -1.79796 2.50811 3.83215 4.18153 5.29632 5.10664 4.27442 2.84019 0.965256 -1.38396 -3.58574 -5.57417 -6.36788 -6.09697 -5.11811
12.805 -0.489035 0.297764 0.234274 -1.22118 -2.12242 -3.723 -4.59149 -4.10664 -2.08803 1.76518 3.82946 4.29097 4.89561 5.16268 4.55636 3.11545 1.30481 -0.90374 -3.1391 -5.22902 -6.11615 -6.21825 -5.48025
12.855 -0.686742 0.403726 0.835858 -0.716438 -2.10794 -3.92086 -4.74721 -4.22223 -2.41154 0.888756 3.72321 4.46875 4.47682 5.18492 4.82889 3.39481 1.64542 -0.439776 -2.70385 -4.85692 -5.79627 -6.21564 -5.74357
12.905 -0.792178 0.447351 1.2985 -0.133146 -2.0283 -4.06129 -4.86701 -4.30744 -2.71881 0.0543164 3.38462 4.52006 4.20072 5.19621 5.07621 3.6686 1.98709 0.0169461 -2.26634 -4.45997 -5.42719 -6.11167 -5.89647
12.955 -0.786627 0.468692 1.66039 0.471167 -1.90372 -4.14439 -4.94499 -4.35528 -2.96501 -0.648389 2.68573 4.36241 4.15234 5.20759 5.29353 3.93353 2.33079 0.473656 -1.81644 -4.03422 -5.01287 -5.9168 -5.93844
13.005 -0.748149 0.506202 2.00038 1.0455 -1.75172 -4.1734 -4.98348 -4.38798 -3.19323 -1.30132 1.88591 4.14816 4.16103 5.18316 5.46636 4.17661 2.66073 0.913083 -1.37423 -3.60219 -4.57512 -5.65303 -5.87679
13.055 -0.693607 0.570565 2.3348 1.58194 -1.58938 -4.16685 -4.99967 -4.42291 -3.41132 -1.89157 1.11229 3.91118 4.16372 5.12461 5.59245 4.38828 2.96502 1.32442 -0.951953 -3.17869 -4.13025 -5.34192 -5.73067
13.105 -0.625483 0.656581 2.66875 2.0849 -1.42965 -4.14124 -5.00661 -4.46765 -3.61976 -2.40883 0.420666 3.66563 4.13693 5.0408 5.67619 4.56554 3.23801 1.7024 -0.556268 -2.77248 -3.68914 -5.00083 -5.52067
13.155 -0.546058 0.753587 3.00248 2.56343 -1.27907 -4.10666 -5.01147 -4.52472 -3.81899 -2.85392 -0.173705 3.423 4.07695 4.93864 5.72374 4.70993 3.47895 2.04581 -0.189876 -2.38811 -3.25873 -4.64288 -5.26501
13.205 -0.462758 0.839861 3.32647 3.03993 -1.13256 -4.06194 -5.01522 -4.59826 -4.0134 -3.23062 -0.661111 3.16364 3.97077 4.83513 5.7457 4.82822 3.69172 2.35637 0.147208 -2.0272 -2.84295 -4.27734 -4.97833
13.255 -0.377438 0.914127 3.59213 3.4881 -0.927536 -3.96774 -4.99988 -4.70044 -4.22428 -3.55986 -1.06498 2.90681 3.83329 4.71338 5.73805 4.93116 3.88963 2.6419 0.458543 -1.68921 -2.44412 -3.91112 -4.67219
13.305 -0.242909 1.06225 3.65645 3.71887 -0.48601 -3.71722 -4.91186 -4.85323 -4.49872 -3.88142 -1.42859 2.69166 3.70897 4.52319 5.67252 5.03236 4.0979 2.91631 0.750273 -1.37299 -2.06466 -3.55066 -4.35667
13.355 -0.03674 1.26309 3.33586 3.76003 0.316927 -3.2764 -4.7164 -5.05694 -4.86105 -4.22796 -1.80276 2.52785 3.63752 4.20955 5.49785 5.1446 4.35353 3.2055 1.0395 -1.06867 -1.70046 -3.19698 -4.03777
13.405 0.184945 1.39936 2.7558 3.77935 1.27375 -2.70113 -4.4183 -5.2606 -5.2585 -4.56546 -2.17371 2.22889 3.5852 3.90395 5.17452 5.24596 4.66172 3.5296 1.35208 -0.752316 -1.33396 -2.8397 -3.71312
13.455 0.360655 1.49871 2.528 3.57803 1.72635 -1.91014 -3.97126 -5.36275 -5.58288 -4.82461 -2.53532 1.49894 3.56542 3.91369 4.68099 5.27425 4.97071 3.87052 1.68868 -0.414227 -0.954903 -2.47165 -3.37886
13.505 0.504553 1.58587 2.48349 3.24759 1.9375 -1.05275 -3.45916 -5.36578 -5.81338 -5.01248 -2.90802 0.636378 3.39672 3.98039 4.21054 5.27391 5.25722 4.19915 2.02214 -0.0753769 -0.577847 -2.10356 -3.0418
13.555 0.618629 1.62024 2.42754 2.99081 2.12805 -0.289925 -2.9547 -5.29432 -5.9543 -5.13897 -3.26773 -0.248411 3.07811 4.00045 3.83018 5.25358 5.50673 4.50675 2.34776 0.261818 -0.203615 -1.73622 -2.70357
13.605 0.693199 1.60172 2.34759 2.83665 2.32728 0.365811 -2.48417 -5.17887 -6.02676 -5.20876 -3.54948 -0.982665 2.44123 3.81255 3.66312 5.24687 5.72285 4.79112 2.66423 0.598868 0.172408 -1.36333 -2.3588
13.655 0.731784 1.5504 2.2609 2.75742 2.52032 0.937042 -2.05219 -5.03163 -6.04173 -5.24185 -3.78573 -1.63372 1.70003 3.54219 3.56523 5.22705 5.90165 5.0491 2.96301 0.923468 0.536799 -0.997914 -2.01701
13.705 0.743417 1.48608 2.18447 2.73497 2.6882 1.42314 -1.65476 -4.86997 -6.02243 -5.2604 -3.99162 -2.20146 0.986792 3.24606 3.47133 5.18625 6.04089 5.27696 3.23826 1.22777 0.881117 -0.649121 -1.68694
13.755 0.736231 1.42607 2.13797 2.77238 2.81566 1.78502 -1.27352 -4.70182 -5.98425 -5.27612 -4.17404 -2.68432 0.351622 2.96123 3.36841 5.11805 6.13905 5.47579 3.49011 1.50839 1.20043 -0.323029 -1.37506
13.805 0.721553 1.37992 2.11894 2.8392 2.9111 2.06756 -0.920086 -4.538 -5.93845 -5.29695 -4.34167 -3.09469 -0.20513 2.73967 3.27512 4.99514 6.18459 5.65185 3.72883 1.76877 1.49402 -0.0229666 -1.08608
13.855 0.7064 1.35264 2.12796 2.92742 2.95839 2.27768 -0.56247 -4.36611 -5.88598 -5.3366 -4.51329 -3.45158 -0.695168 2.61757 3.24108 4.77183 6.14966 5.81432 3.97496 2.01822 1.76386 0.248804 -0.82435
13.905 0.694379 1.35019 2.1714 3.03607 2.87528 2.41039 -0.0811251 -4.13312 -5.80529 -5.42084 -4.72343 -3.77113 -1.11732 2.55546 3.27146 4.43494 6.01115 5.97811 4.25788 2.2746 2.01915 0.495978 -0.589927
13.955 0.694448 1.37309 2.23401 3.12783 2.65162 2.47029 0.524088 -3.72449 -5.62984 -5.56441 -5.01559 -4.0901 -1.53615 2.53872 3.38055 4.00909 5.74945 6.1358 4.58728 2.55736 2.28002 0.735588 -0.371434
14.005 0.699296 1.40295 2.30335 3.23066 2.63993 2.25407 0.763267 -2.98689 -5.26278 -5.69356 -5.33644 -4.35522 -1.88536 2.15199 3.44273 3.82769 5.38095 6.2516 4.93145 2.86747 2.56613 0.994923 -0.143526
14.055 0.718537 1.44525 2.36903 3.29579 2.63693 1.98341 0.950221 -2.18981 -4.78186 -5.74996 -5.61357 -4.57053 -2.26118 1.3563 3.47458 3.95033 4.93188 6.30499 5.25259 3.18577 2.87181 1.27684 0.102527
14.105 0.753074 1.48356 2.39848 3.28869 2.60604 1.95332 1.07198 -1.62312 -4.2109 -5.70366 -5.81841 -4.74823 -2.65307 0.477385 3.32134 4.09198 4.55204 6.3404 5.54271 3.49457 3.17867 1.56505 0.356106
14.155 0.789083 1.50543 2.39438 3.24436 2.59214 2.107 1.12608 -1.26809 -3.62204 -5.58253 -5.95045 -4.88769 -3.01572 -0.342093 2.99888 4.1406 4.28953 6.36021 5.78969 3.78549 3.4812 1.85396 0.612537
14.205 0.816248 1.50942 2.36813 3.18474 2.5803 2.30555 1.2441 -0.97317 -3.1048 -5.43705 -6.02906 -4.98886 -3.30753 -1.00258 2.40761 3.99858 4.20488 6.3718 5.99495 4.06479 3.7853 2.14577 0.872792
14.255 0.834322 1.49993 2.32961 3.12314 2.56839 2.50242 1.41564 -0.696271 -2.66513 -5.27874 -6.06317 -5.06622 -3.56157 -1.57755 1.73224 3.8201 4.18965 6.31127 6.13384 4.33739 4.09971 2.43955 1.13021
14.305 0.84604 1.48272 2.2875 3.06876 2.55975 2.683 1.60728 -0.442001 -2.2926 -5.11751 -6.06502 -5.12791 -3.78947 -2.09009 0.992953 3.75614 4.29949 6.0902 6.15882 4.59879 4.43471 2.74092 1.38515
14.355 0.852245 1.46121 2.24704 3.02672 2.55837 2.84489 1.79933 -0.210663 -1.97265 -4.96164 -6.05116 -5.18686 -3.99865 -2.53283 0.259431 3.74926 4.54826 5.73429 6.05906 4.83891 4.78552 3.04767 1.63688
14.405 0.847029 1.43214 2.20763 2.99894 2.57047 2.99645 1.994 0.0147521 -1.68607 -4.81734 -6.04009 -5.25502 -4.17467 -2.8367 -0.261076 3.44594 4.60746 5.52935 5.91393 5.06962 5.14519 3.36236 1.89473
14.455 0.827671 1.39483 2.16994 2.98553 2.59664 3.13948 2.18572 0.234768 -1.411 -4.65991 -6.00808 -5.31124 -4.30602 -3.0292 -0.666575 2.74896 4.55887 5.59381 5.68935 5.25634 5.4913 3.68595 2.1692
14.505 0.800965 1.35665 2.13982 2.98691 2.6323 3.26644 2.36316 0.387527 -1.14019 -4.41819 -5.90523 -5.35529 -4.4325 -3.19796 -1.09917 1.82017 4.65221 5.92714 5.30825 5.33753 5.78067 4.00081 2.45518
14.555 0.766482 1.31605 2.11427 3.00029 2.68135 3.39446 2.59419 0.406838 -1.01826 -3.95241 -5.66604 -5.42449 -4.63078 -3.38551 -1.47546 1.06121 4.50031 6.09965 5.13073 5.42089 6.00316 4.27743 2.7276
14.605 0.721772 1.27205 2.09287 3.02269 2.73285 3.49574 2.84005 0.40932 -0.949789 -3.34817 -5.28975 -5.50515 -4.89456 -3.59463 -1.78738 0.501337 3.93924 5.99426 5.27471 5.54032 6.16275 4.52508 2.99455
14.655 0.68293 1.23685 2.07742 3.03651 2.747 3.52092 3.04575 0.662093 -0.904234 -2.91698 -4.77208 -5.51664 -5.15311 -3.82329 -2.10875 -0.0371281 3.17734 5.82415 5.5715 5.61723 6.23206 4.74528 3.26477
14.705 0.657379 1.20845 2.05738 3.02882 2.72361 3.50006 3.24874 1.12363 -0.916528 -2.71925 -4.1777 -5.43842 -5.35687 -4.04369 -2.43552 -0.571911 2.31472 5.67217 5.9997 5.62605 6.1765 4.91704 3.52803
14.755 0.63696 1.17516 2.02326 3.00129 2.68271 3.45981 3.42194 1.59706 -0.789296 -2.53776 -3.67121 -5.34078 -5.52622 -4.25671 -2.73981 -1.01472 1.61989 5.09609 6.32056 5.96475 6.02479 5.01474 3.75637
14.805 0.612941 1.12121 1.9591 2.94661 2.6355 3.41947 3.56097 2.01759 -0.471721 -2.28495 -3.29667 -5.24603 -5.6655 -4.45652 -3.01875 -1.38462 1.05467 4.33573 6.3215 6.393 5.99033 5.11149 3.95155
14.855 0.581003 1.02389 1.83529 2.84539 2.59465 3.41106 3.69966 2.41081 -0.0754066 -2.00284 -2.99198 -5.14413 -5.7731 -4.63952 -3.27322 -1.69781 0.586217 3.63591 5.83583 6.66236 6.31162 5.23612 4.09156
14.905 0.550064 0.866411 1.62118 2.67453 2.57194 3.45819 3.85354 2.77646 0.337964 -1.71259 -2.72476 -5.03143 -5.84461 -4.79455 -3.49826 -1.97267 0.166053 2.96338 5.17868 6.70264 6.71845 5.5099 4.26582
14.955 0.548707 0.659946 1.30098 2.41027 2.5638 3.56788 4.0318 3.11922 0.741065 -1.41956 -2.4719 -4.90696 -5.88537 -4.92751 -3.70421 -2.22562 -0.216104 2.3556 4.58102 6.43123 6.86629 5.99058 4.64178
15.005 0.611545 0.464039 0.890247 2.04186 2.5504 3.72479 4.23388 3.44529 1.12639 -1.12773 -2.21979 -4.76445 -5.89696 -5.04431 -3.89889 -2.46626 -0.571349 1.80692 4.06377 6.08353 6.72651 6.32117 5.15795
15.055 0.728236 0.382196 0.424051 1.57054 2.51051 3.90216 4.452 3.75975 1.49813 -0.869593 -1.96653 -4.56992 -5.86403 -5.15161 -4.09291 -2.69838 -0.90298 1.30644 3.5904 5.70956 6.4724 6.47473 5.59125
15.105 0.810121 0.390987 0.0153376 1.00562 2.4326 4.07512 4.67622 4.06542 1.8678 -0.674491 -1.76866 -4.24294 -5.74061 -5.26044 -4.31314 -2.93427 -1.21582 0.849858 3.1531 5.3287 6.15581 6.49525 5.9005
15.155 0.853586 0.400825 -0.341345 0.41239 2.32959 4.22964 4.89422 4.35545 2.24502 -0.564725 -1.65954 -3.73245 -5.47694 -5.37106 -4.58301 -3.19171 -1.52347 0.42511 2.74336 4.95045 5.80543 6.4165 6.08598
15.205 0.871809 0.357791 -0.677258 -0.151505 2.21689 4.35488 5.08108 4.59248 2.60122 -0.419974 -1.57599 -3.18161 -5.06733 -5.449 -4.88262 -3.47652 -1.84594 0.00651189 2.33952 4.56753 5.42997 6.26004 6.16257
15.255 0.862482 0.268163 -0.983934 -0.676014 2.09751 4.43164 5.20048 4.7373 2.92147 0.0438067 -1.52659 -2.89188 -4.51687 -5.43736 -5.15544 -3.76885 -2.18702 -0.422837 1.92282 4.1674 5.02701 6.03597 6.14265
15.305 0.823964 0.128542 -1.27818 -1.11597 1.94472 4.45005 5.25714 4.81649 3.22922 0.671538 -1.41511 -2.73518 -3.95995 -5.3665 -5.37827 -4.04075 -2.52258 -0.846996 1.50367 3.75741 4.60393 5.75671 6.0373
15.355 0.755598 -0.0463408 -1.56396 -1.48127 1.76661 4.42141 5.26567 4.85022 3.50246 1.31941 -1.1668 -2.57507 -3.4887 -5.2684 -5.54878 -4.28131 -2.84083 -1.25772 1.0881 3.34265 4.1663 5.433 5.85995
15.405 0.666138 -0.231038 -1.83618 -1.81007 1.57618 4.35887 5.23875 4.85066 3.71643 1.88398 -0.719641 -2.31595 -3.15106 -5.16712 -5.6751 -4.48941 -3.13713 -1.65126 0.6789 2.92513 3.7167 5.07203 5.62188
15.455 0.558771 -0.417614 -2.08374 -2.1064 1.36633 4.26112 5.18242 4.84143 3.90097 2.38749 -0.212478 -2.01892 -2.87285 -5.05379 -5.75975 -4.6643 -3.4057 -2.01838 0.287874 2.51705 3.26722 4.68826 5.33767
15.505 0.428431 -0.610376 -2.2662 -2.34387 1.09657 4.10621 5.09365 4.84813 4.08541 2.83509 0.285717 -1.71178 -2.61979 -4.9287 -5.80786 -4.80772 -3.64503 -2.35531 -0.0790633 2.1258 2.82664 4.29384 5.02185
15.555 0.252023 -0.836988 -2.27425 -2.44745 0.661097 3.8338 4.94558 4.8981 4.31119 3.24664 0.750857 -1.41108 -2.37595 -4.78891 -5.82363 -4.92666 -3.86111 -2.6648 -0.421901 1.75365 2.39939 3.89679 4.68604
15.605 0.0366809 -1.03775 -2.00941 -2.47985 -0.00900529 3.42436 4.7134 5.00073 4.60791 3.64994 1.18993 -1.1356 -2.12648 -4.60609 -5.79891 -5.03582 -4.07333 -2.95856 -0.747082 1.39792 1.98573 3.5009 4.33802
15.655 -0.155885 -1.17383 -1.82873 -2.39045 -0.473233 2.78543 4.34043 5.10777 4.95774 4.06121 1.62543 -0.936467 -1.90841 -4.29611 -5.69092 -5.15173 -4.31283 -3.25 -1.05655 1.06271 1.59266 3.11521 3.98762
15.705 -0.320261 -1.28908 -1.83314 -2.14259 -0.671851 1.99837 3.86399 5.1764 5.30769 4.45969 2.04901 -0.814207 -1.78064 -3.79614 -5.44596 -5.27731 -4.60589 -3.55496 -1.35673 0.749056 1.22611 2.7493 3.64614
15.755 -0.452414 -1.34663 -1.83633 -1.94974 -0.841142 1.27766 3.37502 5.19886 5.61439 4.81576 2.4642 -0.755408 -1.71848 -3.17015 -5.05359 -5.38301 -4.93904 -3.88276 -1.66538 0.440328 0.875277 2.39922 3.31623
15.805 -0.542595 -1.34323 -1.81142 -1.89712 -0.99319 0.714646 2.90964 5.16652 5.83513 5.07508 2.83789 -0.503928 -1.696 -2.69464 -4.53427 -5.41516 -5.25657 -4.21761 -1.99049 0.118171 0.52156 2.05088 2.99089
15.855 -0.590876 -1.30683 -1.79191 -1.96395 -1.09457 0.310988 2.46044 5.07284 5.95163 5.2204 3.1683 0.0461674 -1.62518 -2.48349 -3.97899 -5.37706 -5.52167 -4.53051 -2.31441 -0.211398 0.163195 1.69902 2.66434
15.905 -0.60798 -1.26034 -1.78656 -2.08901 -1.17476 0.0149318 2.03605 4.93384 5.9847 5.28487 3.47368 0.724746 -1.45956 -2.37155 -3.4819 -5.31057 -5.73625 -4.81029 -2.62079 -0.532833 -0.18859 1.35095 2.34008
15.955 -0.606695 -1.21635 -1.79282 -2.22842 -1.25144 -0.227392 1.65016 4.77327 5.9646 5.30002 3.73669 1.39557 -1.16289 -2.25365 -3.08872 -5.23911 -5.90671 -5.05569 -2.90471 -0.840062 -0.529034 1.01022 2.02062
16.005 -0.595237 -1.18069 -1.80994 -2.3666 -1.33112 -0.433242 1.29839 4.60378 5.9113 5.28452 3.93989 1.96694 -0.700542 -2.04635 -2.82144 -5.17915 -6.04494 -5.27256 -3.16711 -1.13099 -0.855827 0.678661 1.70701
16.055 -0.581641 -1.15773 -1.83815 -2.49716 -1.40263 -0.609338 0.966473 4.42434 5.83521 5.26341 4.11351 2.4623 -0.208691 -1.80313 -2.60613 -5.11402 -6.15217 -5.46617 -3.41021 -1.40247 -1.16286 0.36389 1.40618
16.105 -0.57227 -1.15111 -1.87856 -2.61644 -1.44148 -0.751027 0.621576 4.2138 5.73427 5.262 4.28786 2.89209 0.253031 -1.56248 -2.40859 -5.0242 -6.22356 -5.64474 -3.64371 -1.65717 -1.44849 0.0702267 1.12339
16.155 -0.569802 -1.16026 -1.92982 -2.72602 -1.48794 -0.797188 0.326577 3.86807 5.55803 5.30106 4.50775 3.28517 0.673778 -1.37899 -2.22153 -4.86438 -6.23868 -5.8225 -3.8906 -1.90578 -1.71526 -0.200115 0.86304
16.205 -0.573698 -1.18342 -1.99452 -2.8392 -1.62485 -0.673225 0.239296 3.28791 5.23911 5.37123 4.80104 3.68257 1.10222 -1.34736 -2.12339 -4.54282 -6.14639 -6.00662 -4.1799 -2.16677 -1.97189 -0.448912 0.627617
16.255 -0.594398 -1.22232 -2.05557 -2.90615 -1.72131 -0.5775 0.165313 2.69105 4.80892 5.44313 5.13833 4.07699 1.52871 -1.3608 -2.13767 -4.0608 -5.92787 -6.19308 -4.52329 -2.45692 -2.23485 -0.689743 0.408545
16.305 -0.628231 -1.25588 -2.08047 -2.90357 -1.79316 -0.759008 0.182479 2.36772 4.26511 5.44752 5.44526 4.43312 1.96246 -1.36808 -2.19532 -3.50962 -5.60168 -6.35714 -4.89589 -2.77515 -2.51454 -0.936576 0.1933
16.355 -0.661303 -1.27391 -2.07441 -2.86279 -1.86082 -1.08093 0.195419 2.20737 3.73875 5.39702 5.67138 4.68602 2.33704 -1.10186 -2.2094 -3.14274 -5.19949 -6.46254 -5.25139 -3.10518 -2.81499 -1.20379 -0.0348355
16.405 -0.690792 -1.28083 -2.04997 -2.79922 -1.8909 -1.37592 0.0455577 2.02883 3.34143 5.31358 5.80549 4.83777 2.68295 -0.468271 -2.18349 -3.06043 -4.74983 -6.49766 -5.5583 -3.42697 -3.12776 -1.4914 -0.282373
16.455 -0.71128 -1.27335 -2.01035 -2.72881 -1.90469 -1.64696 -0.207722 1.83746 3.0383 5.20272 5.87281 4.93195 3.0161 0.266711 -2.0343 -3.06468 -4.3469 -6.49818 -5.81497 -3.72783 -3.43696 -1.78305 -0.537405
16.505 -0.720067 -1.25238 -1.96257 -2.66576 -1.91967 -1.89706 -0.503638 1.64772 2.79591 5.07661 5.89785 4.99575 3.31933 0.974214 -1.77951 -3.05185 -4.01704 -6.46908 -6.01895 -4.00806 -3.74175 -2.07331 -0.793216
16.555 -0.714606 -1.21939 -1.91247 -2.61861 -1.94631 -2.1297 -0.810719 1.46063 2.59237 4.94663 5.89794 5.03894 3.56271 1.54815 -1.34499 -2.92088 -3.80856 -6.41089 -6.17011 -4.27823 -4.0521 -2.36432 -1.04814
16.605 -0.697321 -1.17917 -1.86551 -2.58962 -1.98533 -2.34398 -1.10907 1.28121 2.41133 4.81078 5.87791 5.07462 3.7717 2.03269 -0.846286 -2.77776 -3.67129 -6.26345 -6.24347 -4.54803 -4.38329 -2.66066 -1.2993
16.655 -0.673547 -1.13789 -1.82639 -2.57849 -2.0345 -2.53929 -1.39146 1.13553 2.25503 4.65505 5.83294 5.1092 3.96592 2.46437 -0.251645 -2.78699 -3.71104 -5.93292 -6.18665 -4.80741 -4.74354 -2.97156 -1.55237
16.705 -0.645125 -1.09793 -1.79669 -2.58495 -2.09589 -2.72241 -1.67457 1.05762 2.15366 4.43225 5.74442 5.15976 4.16899 2.83982 0.348008 -2.82521 -3.90273 -5.49821 -6.01316 -5.04055 -5.11593 -3.29137 -1.80859
16.755 -0.607696 -1.05679 -1.77503 -2.6084 -2.17089 -2.89442 -1.97513 1.02158 2.14638 4.08602 5.57556 5.23952 4.38845 3.10404 0.754403 -2.50511 -3.88429 -5.27791 -5.81673 -5.25474 -5.4836 -3.61872 -2.0777
16.805 -0.566939 -1.02192 -1.76724 -2.64547 -2.23908 -3.01052 -2.23594 0.903369 2.13902 3.69952 5.28074 5.31419 4.62834 3.32988 1.13922 -1.86365 -3.83424 -5.28987 -5.54677 -5.41148 -5.82154 -3.95171 -2.36705
16.855 -0.540755 -1.00423 -1.76972 -2.6707 -2.25689 -3.03473 -2.45864 0.446339 2.21734 3.57007 4.79523 5.30812 4.86047 3.56715 1.58591 -1.01101 -3.87375 -5.52078 -5.16701 -5.47431 -6.09665 -4.27523 -2.67179
16.905 -0.52257 -0.989687 -1.76453 -2.67375 -2.23744 -3.01596 -2.69232 -0.189608 2.27526 3.60729 4.26153 5.25933 5.08097 3.79571 1.968 -0.348126 -3.57838 -5.50994 -5.03244 -5.55656 -6.30497 -4.56265 -2.96662
16.955 -0.504237 -0.972732 -1.75296 -2.66604 -2.20165 -2.97189 -2.88368 -0.770025 2.06647 3.5426 3.89081 5.21491 5.2731 4.00104 2.29549 0.193969 -2.99224 -5.29634 -5.09516 -5.63815 -6.43978 -4.82274 -3.25984
17.005 -0.488924 -0.956215 -1.73713 -2.64761 -2.14914 -2.90726 -3.02362 -1.26342 1.61109 3.3663 3.68471 5.16248 5.42512 4.18821 2.60278 0.699616 -2.26943 -5.03219 -5.26633 -5.66328 -6.47001 -5.04678 -3.55199
17.055 -0.47829 -0.937787 -1.71273 -2.61626 -2.0875 -2.84664 -3.14772 -1.70978 1.08795 3.17322 3.54773 5.08533 5.534 4.35655 2.89126 1.16693 -1.5226 -4.73097 -5.50929 -5.67481 -6.37547 -5.21319 -3.82885
17.105 -0.466382 -0.909088 -1.67295 -2.57254 -2.02923 -2.8091 -3.2752 -2.11608 0.565434 2.97744 3.44176 4.9956 5.61516 4.51091 3.14703 1.54638 -0.912722 -4.13192 -5.65524 -5.91431 -6.20217 -5.30736 -4.06473
17.155 -0.445466 -0.857215 -1.60601 -2.51305 -1.98506 -2.80696 -3.41545 -2.48726 0.0722939 2.77622 3.34364 4.89862 5.67427 4.65151 3.37275 1.85238 -0.425681 -3.46172 -5.49844 -6.15519 -6.17368 -5.39463 -4.25516
17.205 -0.409735 -0.761178 -1.48752 -2.42412 -1.96551 -2.85269 -3.57385 -2.82829 -0.381851 2.57312 3.24221 4.79097 5.71031 4.77611 3.57215 2.1055 -0.0221673 -2.83704 -4.99971 -6.25744 -6.40048 -5.52057 -4.39176
17.255 -0.364428 -0.595018 -1.27843 -2.27845 -1.98035 -2.96241 -3.75649 -3.14536 -0.797805 2.39103 3.14597 4.65597 5.71356 4.88342 3.75339 2.32815 0.334564 -2.25349 -4.43187 -6.17089 -6.59373 -5.75964 -4.61181
17.305 -0.336505 -0.350633 -0.943936 -2.04387 -2.02721 -3.14426 -3.96883 -3.44252 -1.16975 2.20188 3.0471 4.47443 5.67291 4.98958 3.94296 2.54352 0.659104 -1.73323 -3.93117 -5.87232 -6.54474 -6.09834 -4.99397
17.355 -0.37423 -0.0714356 -0.486635 -1.70539 -2.08215 -3.38082 -4.20987 -3.73209 -1.53291 2.05401 2.98311 4.17984 5.54235 5.10471 4.17011 2.77187 0.967968 -1.26205 -3.4889 -5.54299 -6.33055 -6.27464 -5.39482
17.405 -0.516091 0.152076 0.0738801 -1.27728 -2.12006 -3.638 -4.46051 -3.99718 -1.88525 1.88369 2.95336 3.81176 5.28 5.2162 4.44494 3.02825 1.27989 -0.817724 -3.07236 -5.19479 -6.04486 -6.32197 -5.70467
17.455 -0.685673 0.239383 0.635436 -0.765521 -2.11391 -3.86299 -4.66599 -4.18048 -2.19404 1.33606 2.94872 3.69884 4.84311 5.265 4.73339 3.31451 1.61791 -0.367272 -2.64753 -4.81731 -5.70407 -6.26389 -5.91084
17.505 -0.770252 0.253311 1.06679 -0.175429 -2.04377 -4.02332 -4.81586 -4.30885 -2.52156 0.580604 2.89127 3.7428 4.34942 5.25639 4.9979 3.60011 1.96092 0.0782909 -2.22059 -4.42185 -5.32564 -6.11839 -6.00626
17.555 -0.769086 0.250677 1.41403 0.43129 -1.92894 -4.1214 -4.9156 -4.39578 -2.84216 -0.215811 2.68743 3.76758 3.92715 5.21775 5.22486 3.87068 2.2985 0.514687 -1.79402 -4.01468 -4.92002 -5.90139 -5.99949
17.605 -0.748277 0.271063 1.74359 1.00744 -1.79227 -4.17169 -4.97523 -4.44258 -3.09527 -0.884741 2.16191 3.60244 3.71366 5.1831 5.41439 4.12054 2.62834 0.946755 -1.35973 -3.5893 -4.4847 -5.61895 -5.90089
17.655 -0.719827 0.316802 2.06527 1.55234 -1.64135 -4.17737 -4.99653 -4.46614 -3.3129 -1.48935 1.50277 3.36168 3.58455 5.12792 5.56117 4.34433 2.94025 1.36106 -0.933879 -3.16164 -4.03426 -5.2877 -5.72318
17.705 -0.682833 0.379347 2.38213 2.07344 -1.48739 -4.1534 -4.99521 -4.48613 -3.51127 -2.03067 0.841247 3.09335 3.47088 5.04865 5.66461 4.53601 3.22508 1.74764 -0.528285 -2.74486 -3.58265 -4.92572 -5.48481
17.755 -0.636905 0.450087 2.69369 2.57662 -1.33663 -4.11184 -4.98335 -4.51351 -3.69701 -2.50353 0.235463 2.81839 3.34753 4.94938 5.7289 4.69448 3.47889 2.10166 -0.149418 -2.34699 -3.13963 -4.54752 -5.20359
17.805 -0.565964 0.568175 2.98793 2.97723 -1.15028 -4.04009 -4.96004 -4.55598 -3.8796 -2.91334 -0.296276 2.55569 3.2123 4.83139 5.75801 4.82248 3.70249 2.42183 0.199389 -1.97313 -2.71232 -4.16457 -4.89492
17.855 -0.45534 0.73202 3.19982 3.26464 -0.882553 -3.90533 -4.90907 -4.62643 -4.08194 -3.28039 -0.765781 2.33777 3.08262 4.67837 5.74754 4.92708 3.90489 2.71254 0.518843 -1.62531 -2.30532 -3.78547 -4.57148
17.905 -0.294078 0.929444 3.20887 3.40962 -0.417299 -3.6331 -4.79279 -4.74973 -4.34654 -3.63161 -1.17807 2.14785 2.96818 4.46416 5.68256 5.02591 4.11121 2.98733 0.815421 -1.30155 -1.91984 -3.41512 -4.24234
17.955 -0.0680813 1.15393 2.84254 3.41621 0.392034 -3.19821 -4.58384 -4.92857 -4.69737 -3.99921 -1.57465 2.01316 2.89142 4.11613 5.5154 5.13912 4.36376 3.2735 1.10545 -0.993508 -1.553 -3.05496 -3.91321
18.005 0.14635 1.29124 2.40389 3.37827 1.15989 -2.58479 -4.25558 -5.10772 -5.09462 -4.3793 -1.99156 1.91423 2.8818 3.64103 5.20081 5.25187 4.67355 3.58922 1.40702 -0.687319 -1.19708 -2.70313 -3.58709
18.055 0.324092 1.40732 2.27769 3.12469 1.48687 -1.7831 -3.80242 -5.20896 -5.43869 -4.68711 -2.37128 1.51711 2.91564 3.3705 4.72132 5.29925 4.99049 3.92425 1.73142 -0.364226 -0.835435 -2.34883 -3.26017
18.105 0.473469 1.49534 2.25777 2.80773 1.6563 -0.970953 -3.30734 -5.21945 -5.68162 -4.89833 -2.73436 0.81074 2.8604 3.33662 4.19528 5.28832 5.27644 4.25003 2.06157 -0.030186 -0.467252 -1.98874 -2.92872
18.155 0.586545 1.52007 2.20697 2.5966 1.82559 -0.273574 -2.8221 -5.15398 -5.82704 -5.03296 -3.09099 -0.00622655 2.66509 3.3414 3.73117 5.25349 5.52436 4.55407 2.38347 0.302426 -0.101349 -1.62894 -2.59621
18.205 0.658647 1.49508 2.13702 2.49491 1.98846 0.30936 -2.36695 -5.0398 -5.89907 -5.11159 -3.40507 -0.783216 2.28415 3.27006 3.39786 5.2146 5.73082 4.82891 2.68986 0.62806 0.259237 -1.27112 -2.26384
18.255 0.691089 1.44208 2.07212 2.48145 2.12896 0.78954 -1.93848 -4.8947 -5.91542 -5.14482 -3.64919 -1.43511 1.67796 3.05265 3.21878 5.18665 5.90439 5.077 2.97868 0.942809 0.611359 -0.917175 -1.93222
18.305 0.694942 1.38338 2.03062 2.53552 2.23802 1.15015 -1.52449 -4.72674 -5.89087 -5.15569 -3.85476 -2.00486 1.03842 2.78691 3.08262 5.14807 6.04302 5.29793 3.2456 1.23807 0.944329 -0.578765 -1.61137
18.355 0.684344 1.33186 2.0104 2.61735 2.32723 1.43958 -1.14253 -4.55471 -5.84547 -5.1614 -4.03457 -2.49322 0.4429 2.51605 2.95285 5.0869 6.14428 5.49435 3.493 1.51209 1.25411 -0.261664 -1.30773
18.405 0.668648 1.2943 2.01162 2.71373 2.39289 1.67031 -0.782053 -4.38182 -5.78991 -5.17509 -4.20199 -2.90978 -0.0865092 2.2899 2.82848 4.97487 6.19622 5.67375 3.73263 1.76888 1.53993 0.030436 -1.02633
18.455 0.655094 1.27775 2.0399 2.82404 2.39568 1.83156 -0.389959 -4.18441 -5.71825 -5.21428 -4.38462 -3.28388 -0.577241 2.20406 2.76868 4.74015 6.16041 5.84421 3.9876 2.0201 1.80506 0.295519 -0.771868
18.505 0.650386 1.28696 2.09239 2.92717 2.26112 1.9415 0.145748 -3.90316 -5.6033 -5.31123 -4.62696 -3.63428 -1.01304 2.18668 2.80578 4.36732 6.01162 6.01606 4.284 2.28317 2.05995 0.53913 -0.542861
18.555 0.652885 1.30886 2.15394 3.02977 2.23573 1.85948 0.449722 -3.33432 -5.33183 -5.44112 -4.94687 -3.98594 -1.44108 2.2148 2.92098 3.8967 5.74315 6.18115 4.62517 2.57216 2.32066 0.775336 -0.329643
18.605 0.664108 1.34426 2.22549 3.12858 2.29945 1.59859 0.577887 -2.57718 -4.92074 -5.55195 -5.28371 -4.29523 -1.83745 2.02423 3.02538 3.55723 5.37584 6.3065 4.97845 2.88569 2.60337 1.0272 -0.110928
18.655 0.694222 1.38722 2.27484 3.15795 2.31057 1.49541 0.685026 -1.96837 -4.41277 -5.57532 -5.54839 -4.51957 -2.20998 1.33637 3.08297 3.57743 4.9242 6.36163 5.30304 3.20781 2.91007 1.30747 0.131039
18.705 0.730168 1.41593 2.28512 3.13183 2.32641 1.64604 0.694474 -1.62459 -3.83052 -5.49462 -5.72326 -4.68418 -2.58783 0.515536 2.97281 3.68637 4.52466 6.38886 5.58796 3.51504 3.21552 1.59319 0.380885
18.755 0.762894 1.42907 2.26925 3.0781 2.33591 1.87426 0.755961 -1.37384 -3.29952 -5.36737 -5.83018 -4.80775 -2.94857 -0.303925 2.74165 3.76887 4.2033 6.39143 5.82668 3.80398 3.51684 1.87901 0.632784
18.805 0.786257 1.42645 2.23561 3.01355 2.335 2.10238 0.917861 -1.12673 -2.86426 -5.2313 -5.89503 -4.89862 -3.24016 -0.964808 2.25036 3.66919 4.05371 6.38651 6.02199 4.08062 3.82063 2.16863 0.889288
18.855 0.798112 1.40972 2.19162 2.95175 2.33474 2.31885 1.13398 -0.882229 -2.50152 -5.08754 -5.92245 -4.96758 -3.48848 -1.52895 1.64909 3.5103 3.98727 6.31603 6.15315 4.35354 4.13774 2.46179 1.14405
18.905 0.801204 1.38448 2.14534 2.90059 2.33968 2.51608 1.36536 -0.650942 -2.19328 -4.94127 -5.9223 -5.024 -3.70954 -2.02602 0.976299 3.44397 4.03888 6.09407 6.17459 4.61986 4.47949 2.76486 1.39773
18.955 0.798303 1.35568 2.10259 2.86396 2.35219 2.692 1.58917 -0.440141 -1.92596 -4.79614 -5.90543 -5.07809 -3.91469 -2.46513 0.26406 3.48265 4.27353 5.70739 6.06036 4.86342 4.84021 3.07772 1.65204
19.005 0.785014 1.32135 2.06338 2.84334 2.37777 2.85466 1.80692 -0.239275 -1.68122 -4.65134 -5.88655 -5.14537 -4.09565 -2.77947 -0.266752 3.26922 4.37185 5.43451 5.89334 5.09154 5.20643 3.39768 1.91275
19.055 0.757986 1.28004 2.02755 2.83864 2.41856 3.00938 2.02466 -0.0704373 -1.4444 -4.46086 -5.83294 -5.21279 -4.24694 -2.9808 -0.660428 2.64941 4.32581 5.43986 5.66765 5.27855 5.55598 3.72443 2.18964
19.105 0.723413 1.23762 1.99915 2.84962 2.47356 3.16044 2.27064 -0.0217332 -1.31689 -4.10288 -5.66038 -5.26999 -4.41128 -3.16526 -1.08158 1.77967 4.41717 5.72175 5.29646 5.36299 5.84802 4.04183 2.47788
19.155 0.683808 1.19716 1.9804 2.87545 2.53782 3.29488 2.54139 -0.0620692 -1.31255 -3.55908 -5.33867 -5.33692 -4.64192 -3.37606 -1.47507 1.01019 4.32842 5.92509 5.06865 5.43063 6.07039 4.32311 2.75545
19.205 0.644389 1.16378 1.97076 2.9015 2.57414 3.35188 2.75733 0.119294 -1.27369 -3.11316 -4.8947 -5.38592 -4.91118 -3.6039 -1.80793 0.442208 3.80711 5.81902 5.16466 5.54253 6.23404 4.5787 3.0308
19.255 0.614807 1.13721 1.95793 2.90603 2.56602 3.35001 2.97875 0.591422 -1.31593 -2.93779 -4.32697 -5.34545 -5.14227 -3.82821 -2.13188 -0.087596 3.08733 5.63175 5.41007 5.61821 6.30739 4.80327 3.30507
19.305 0.593676 1.1129 1.93833 2.89267 2.53086 3.31554 3.18069 1.13211 -1.27004 -2.83816 -3.79813 -5.25744 -5.32094 -4.03478 -2.44943 -0.606658 2.25913 5.4656 5.78921 5.62032 6.25592 4.97935 3.57164
19.355 0.576888 1.08589 1.90965 2.86583 2.48228 3.26051 3.32682 1.59247 -0.982625 -2.64454 -3.43041 -5.1745 -5.47096 -4.23373 -2.74713 -1.04854 1.55953 4.95314 6.09249 5.87792 6.10349 5.08808 3.81152
19.405 0.557204 1.0404 1.8532 2.8134 2.42806 3.21373 3.45573 2.01425 -0.575218 -2.40754 -3.1594 -5.08843 -5.59254 -4.41979 -3.01656 -1.41182 0.996467 4.21749 6.12368 6.26917 6.02409 5.17689 4.01391
19.455 0.528213 0.954276 1.74283 2.72117 2.38372 3.20389 3.59196 2.40659 -0.128651 -2.14976 -2.9343 -4.99458 -5.68603 -4.59027 -3.26054 -1.71585 0.53513 3.53567 5.69103 6.51822 6.27514 5.28839 4.15997
19.505 0.494365 0.806223 1.54609 2.56722 2.36252 3.25274 3.74718 2.76905 0.310633 -1.88633 -2.72933 -4.89019 -5.74784 -4.73569 -3.47574 -1.97971 0.126967 2.88401 5.06946 6.56149 6.63119 5.52701 4.32839
19.555 0.480992 0.595894 1.23825 2.32518 2.36418 3.3696 3.92949 3.10746 0.724835 -1.62488 -2.52821 -4.77092 -5.78028 -4.86127 -3.67297 -2.2212 -0.242679 2.29166 4.48588 6.31643 6.77996 5.95458 4.66401
19.605 0.528118 0.368891 0.825081 1.98019 2.36996 3.54182 4.13995 3.43186 1.11807 -1.38057 -2.32585 -4.6191 -5.77879 -4.97525 -3.8653 -2.4534 -0.585485 1.75966 3.98493 5.98122 6.6397 6.26872 5.15185
19.655 0.657297 0.222856 0.325324 1.53709 2.35742 3.74284 4.37242 3.75017 1.50233 -1.18731 -2.15127 -4.3811 -5.7142 -5.08454 -4.06862 -2.68311 -0.906634 1.27567 3.52892 5.62212 6.39085 6.41273 5.56235
19.705 0.774244 0.192019 -0.146811 0.990531 2.30757 3.94408 4.61377 4.05835 1.87802 -1.04312 -2.03863 -3.9953 -5.54069 -5.19931 -4.31125 -2.9255 -1.21456 0.832072 3.10714 5.25615 6.08275 6.43047 5.85698
19.755 0.834131 0.203194 -0.541535 0.387883 2.22562 4.12422 4.84466 4.34309 2.25978 -0.953723 -1.99329 -3.47512 -5.22164 -5.30382 -4.59903 -3.19419 -1.52585 0.411495 2.706 4.8888 5.74083 6.35306 6.03547
19.805 0.84542 0.18662 -0.884799 -0.194119 2.12715 4.26168 5.02057 4.54012 2.58581 -0.594437 -1.95436 -3.13621 -4.74898 -5.34264 -4.88992 -3.48513 -1.85983 -0.0166357 2.29623 4.50472 5.36663 6.19639 6.10975
19.855 0.834582 0.129512 -1.20297 -0.737274 2.0098 4.34058 5.12859 4.66041 2.90566 0.0175439 -1.90041 -3.00938 -4.20341 -5.30675 -5.14184 -3.76885 -2.19945 -0.44642 1.87893 4.10539 4.96548 5.97259 6.08752
19.905 0.807741 0.045141 -1.50235 -1.25771 1.87671 4.3677 5.18097 4.72657 3.21198 0.722847 -1.74264 -2.93302 -3.70165 -5.23152 -5.3462 -4.02941 -2.52888 -0.866639 1.4625 3.69819 4.5451 5.69434 5.98072
19.955 0.760113 -0.0841324 -1.79821 -1.68961 1.71094 4.34926 5.19209 4.75189 3.46062 1.35465 -1.34686 -2.7477 -3.3544 -5.15253 -5.50583 -4.26015 -2.84147 -1.2753 1.04626 3.28216 4.10621 5.36863 5.80119
20.005 0.688849 -0.243894 -2.08206 -2.05403 1.52246 4.29139 5.1667 4.75054 3.66316 1.9157 -0.811223 -2.48458 -3.10467 -5.06466 -5.62413 -4.46063 -3.13124 -1.6633 0.641236 2.86779 3.6586 5.00788 5.56156
20.055 0.594644 -0.417902 -2.34158 -2.37299 1.31408 4.19949 5.11552 4.74582 3.84386 2.41415 -0.256607 -2.19387 -2.88849 -4.96203 -5.70289 -4.62909 -3.39284 -2.02304 0.257326 2.46617 3.21417 4.62718 5.27787
20.105 0.474217 -0.602718 -2.54064 -2.63271 1.05236 4.05555 5.0365 4.75958 4.02719 2.85439 0.264314 -1.89871 -2.68099 -4.84532 -5.74676 -4.76768 -3.62591 -2.35219 -0.101024 2.08346 2.78079 4.23817 4.96474
20.155 0.30995 -0.817223 -2.57712 -2.76667 0.634327 3.79933 4.90272 4.81763 4.2528 3.25821 0.739112 -1.61806 -2.4743 -4.70822 -5.75755 -4.88391 -3.83805 -2.65474 -0.434887 1.72102 2.36225 3.84835 4.63357
20.205 0.0907371 -1.04013 -2.31474 -2.78391 -0.0481063 3.39521 4.68419 4.93168 4.55461 3.65982 1.19061 -1.39101 -2.27059 -4.50941 -5.71963 -4.99251 -4.05134 -2.94391 -0.751343 1.37608 1.95898 3.46177 4.29235
20.255 -0.116044 -1.18267 -2.01152 -2.73428 -0.6693 2.79804 4.3436 5.06332 4.91782 4.07097 1.62746 -1.21216 -2.1122 -4.17394 -5.58942 -5.11047 -4.29952 -3.23656 -1.05645 1.04874 1.57455 3.08465 3.94921
20.305 -0.288942 -1.30303 -1.96031 -2.49268 -0.932592 2.00432 3.87938 5.15294 5.2833 4.47102 2.05311 -1.10958 -2.02555 -3.66226 -5.31984 -5.23563 -4.60233 -3.54624 -1.35637 0.739389 1.21419 2.72593 3.61468
20.355 -0.43342 -1.38186 -1.96359 -2.23855 -1.10324 1.22808 3.38969 5.19054 5.60093 4.82386 2.47271 -1.02824 -2.00195 -3.07784 -4.90477 -5.32955 -4.93498 -3.87658 -1.66702 0.431022 0.86587 2.38039 3.29035
20.405 -0.540596 -1.39722 -1.93353 -2.11107 -1.26312 0.602402 2.92421 5.16637 5.82083 5.06367 2.83297 -0.626586 -1.9947 -2.75375 -4.3664 -5.33952 -5.23974 -4.2089 -1.99494 0.10467 0.508746 2.03069 2.96608
20.455 -0.604245 -1.36867 -1.89591 -2.10693 -1.38773 0.118689 2.47811 5.07855 5.93794 5.1996 3.16633 0.00755207 -1.89752 -2.62079 -3.8322 -5.29818 -5.49592 -4.51676 -2.31684 -0.22473 0.149661 1.67844 2.64006
20.505 -0.631253 -1.32242 -1.87378 -2.19022 -1.47643 -0.23025 2.04265 4.94009 5.97253 5.26161 3.47646 0.737042 -1.69859 -2.55052 -3.36745 -5.23529 -5.70462 -4.79213 -2.62021 -0.544294 -0.201261 1.3311 2.31673
20.555 -0.634776 -1.27472 -1.86636 -2.3057 -1.55546 -0.506482 1.64104 4.77962 5.9558 5.27568 3.73111 1.40648 -1.31873 -2.41887 -3.03626 -5.17742 -5.87328 -5.0347 -2.902 -0.850414 -0.541846 0.989822 1.99696
20.605 -0.624632 -1.23332 -1.87189 -2.42907 -1.63247 -0.740665 1.27338 4.60884 5.90473 5.26081 3.93024 1.97901 -0.801701 -2.19865 -2.81375 -5.12745 -6.01132 -5.25079 -3.16306 -1.13973 -0.867535 0.659096 1.68393
20.655 -0.610028 -1.20438 -1.89207 -2.55372 -1.69712 -0.931829 0.923684 4.42938 5.83241 5.24191 4.10197 2.47398 -0.276876 -1.94968 -2.62884 -5.06771 -6.11767 -5.44436 -3.40555 -1.40952 -1.17269 0.346349 1.38485
20.705 -0.598464 -1.19255 -1.92759 -2.6725 -1.72442 -1.08555 0.561262 4.22581 5.73977 5.24205 4.27307 2.90131 0.205354 -1.71208 -2.45451 -4.97673 -6.18553 -5.62349 -3.63991 -1.66302 -1.4561 0.0555756 1.10486
20.755 -0.595167 -1.20011 -1.97721 -2.77872 -1.70314 -1.17015 0.166828 3.9238 5.59177 5.28686 4.48881 3.29278 0.647053 -1.55595 -2.29728 -4.80085 -6.18943 -5.80149 -3.89033 -1.91235 -1.72151 -0.211936 0.847764
20.805 -0.598268 -1.22098 -2.03926 -2.88991 -1.79011 -1.06874 0.00724626 3.36388 5.29828 5.36692 4.78251 3.68956 1.08976 -1.54257 -2.25091 -4.45859 -6.07996 -5.98294 -4.18291 -2.17455 -1.97742 -0.458374 0.615464
20.855 -0.61383 -1.25788 -2.10697 -2.97768 -1.88996 -0.888797 -0.0794623 2.6895 4.88515 5.45531 5.12691 4.08258 1.52156 -1.56549 -2.29905 -3.97545 -5.84908 -6.16518 -4.52689 -2.46464 -2.23919 -0.696797 0.399464
20.905 -0.647158 -1.29736 -2.14526 -2.99249 -1.94296 -0.945663 -0.112641 2.23762 4.36442 5.48384 5.44787 4.44037 1.96381 -1.5602 -2.38058 -3.44719 -5.51418 -6.3224 -4.89686 -2.78273 -2.51941 -0.943744 0.184949
20.955 -0.683112 -1.32172 -2.14818 -2.96058 -1.99982 -1.2126 -0.0822541 2.02671 3.81261 5.43531 5.676 4.68263 2.32959 -1.17944 -2.40611 -3.18057 -5.09955 -6.41433 -5.24424 -3.11119 -2.82181 -1.21423 -0.0460988
21.005 -0.715232 -1.33305 -2.12949 -2.9031 -2.02993 -1.49367 -0.175359 1.83972 3.35854 5.34342 5.81118 4.8323 2.68104 -0.492448 -2.36376 -3.15946 -4.66015 -6.44552 -5.54347 -3.42765 -3.13149 -1.50028 -0.293162
21.055 -0.739415 -1.33038 -2.09432 -2.83443 -2.03976 -1.75347 -0.384407 1.63681 3.00457 5.22627 5.88102 4.92829 3.02018 0.272767 -2.19938 -3.19427 -4.27464 -6.44635 -5.79496 -3.72455 -3.43768 -1.78944 -0.546399
21.105 -0.752365 -1.31378 -2.04916 -2.76985 -2.04828 -1.99452 -0.648049 1.43325 2.72009 5.09701 5.91038 4.9947 3.32098 0.977539 -1.89838 -3.17349 -3.98248 -6.42321 -5.99614 -4.00251 -3.74079 -2.0782 -0.801122
21.155 -0.751002 -1.28426 -1.99993 -2.71893 -2.06698 -2.21929 -0.931935 1.23111 2.48102 4.96413 5.91304 5.03968 3.56259 1.54999 -1.42264 -3.03438 -3.80926 -6.36667 -6.14407 -4.2726 -4.0514 -2.36848 -1.05501
21.205 -0.738074 -1.24696 -1.95262 -2.68478 -2.09692 -2.42564 -1.21157 1.03669 2.26961 4.8268 5.89509 5.07683 3.77157 2.03684 -0.887085 -2.90044 -3.71001 -6.21068 -6.20938 -4.54192 -4.38398 -2.66515 -1.30568
21.255 -0.718955 -1.20837 -1.91259 -2.66784 -2.13614 -2.61163 -1.47366 0.870658 2.08328 4.67592 5.85468 5.1125 3.96645 2.47409 -0.254843 -2.93322 -3.80411 -5.86237 -6.13846 -4.79712 -4.74407 -2.97631 -1.55874
21.305 -0.694136 -1.16974 -1.88067 -2.66796 -2.18792 -2.78648 -1.73648 0.771583 1.93594 4.47051 5.78056 5.166 4.16574 2.84173 0.340648 -2.93817 -3.99519 -5.44939 -5.96443 -5.02794 -5.11427 -3.29514 -1.81484
21.355 -0.658421 -1.12773 -1.85513 -2.6852 -2.25613 -2.95598 -2.02171 0.724785 1.88825 4.13923 5.62938 5.2443 4.37334 3.09209 0.738573 -2.55544 -3.96366 -5.27748 -5.76833 -5.23838 -5.47797 -3.62117 -2.08426
21.405 -0.616491 -1.08844 -1.84107 -2.7179 -2.32795 -3.09242 -2.30283 0.688544 1.89857 3.69369 5.34287 5.31748 4.6038 3.31021 1.12798 -1.86895 -3.94235 -5.3453 -5.4847 -5.38261 -5.80642 -3.94925 -2.37122
21.455 -0.586649 -1.067 -1.84236 -2.74765 -2.35743 -3.13263 -2.51706 0.363815 1.93395 3.43459 4.88811 5.33001 4.84199 3.54825 1.57711 -1.00287 -3.99112 -5.60909 -5.11046 -5.43872 -6.07074 -4.26525 -2.67124
21.505 -0.56586 -1.05045 -1.83728 -2.75411 -2.34456 -3.12208 -2.74742 -0.215976 2.00998 3.41141 4.33876 5.28791 5.07123 3.77898 1.95076 -0.36319 -3.63769 -5.56752 -5.03175 -5.53319 -6.27316 -4.54684 -2.96198
21.555 -0.545875 -1.03116 -1.82361 -2.74559 -2.31051 -3.0851 -2.95394 -0.807512 1.89632 3.36599 3.89239 5.23152 5.26566 3.98578 2.27644 0.175733 -3.02432 -5.3576 -5.13276 -5.61849 -6.39881 -4.79946 -3.24958
21.605 -0.529047 -1.0126 -1.80663 -2.72794 -2.26075 -3.02343 -3.09927 -1.29844 1.50557 3.18935 3.62735 5.17308 5.42012 4.17443 2.58522 0.685942 -2.27668 -5.1096 -5.34396 -5.64241 -6.41784 -5.01609 -3.53688
21.655 -0.51728 -0.991919 -1.78038 -2.69612 -2.20008 -2.96112 -3.22211 -1.74036 1.02194 2.98642 3.44654 5.09412 5.53332 4.34628 2.87613 1.15408 -1.52653 -4.79408 -5.60678 -5.67957 -6.31595 -5.17542 -3.80894
21.705 -0.503463 -0.95739 -1.73375 -2.64758 -2.14194 -2.92159 -3.34687 -2.14439 0.521498 2.77653 3.30649 5.00449 5.61953 4.50483 3.1338 1.53093 -0.924696 -4.15727 -5.74219 -5.95981 -6.15275 -5.26636 -4.03848
21.755 -0.479514 -0.891718 -1.64909 -2.57502 -2.09917 -2.92144 -3.48529 -2.5149 0.0402098 2.56066 3.18038 4.90752 5.68269 4.64909 3.362 1.83698 -0.440847 -3.48049 -5.54574 -6.20759 -6.16577 -5.35941 -4.22296
21.805 -0.441958 -0.769929 -1.49481 -2.4592 -2.08389 -2.9772 -3.64498 -2.85663 -0.407153 2.34302 3.05439 4.80039 5.7219 4.77612 3.56341 2.09185 -0.0360669 -2.84945 -5.02108 -6.30522 -6.42194 -5.50246 -4.36183
21.855 -0.405891 -0.57354 -1.23369 -2.27044 -2.10182 -3.10277 -3.83274 -3.17751 -0.822215 2.15145 2.93479 4.66554 5.72825 4.88527 3.7466 2.31761 0.324027 -2.2606 -4.44305 -6.19815 -6.62541 -5.76921 -4.59082
21.905 -0.408795 -0.318257 -0.848702 -1.98345 -2.14131 -3.29618 -4.05277 -3.48486 -1.20416 1.96652 2.82439 4.47937 5.68959 4.99074 3.93601 2.53576 0.652154 -1.73709 -3.94167 -5.89217 -6.55749 -6.11397 -5.00011
21.955 -0.494199 -0.0706293 -0.356844 -1.59564 -2.1761 -3.53157 -4.29806 -3.78402 -1.57162 1.81287 2.74431 4.18361 5.5659 5.10462 4.15991 2.76428 0.963097 -1.26295 -3.4964 -5.55798 -6.33886 -6.28804 -5.40598
22.005 -0.664625 0.0629811 0.219834 -1.12162 -2.18482 -3.77588 -4.5521 -4.06799 -1.94374 1.68818 2.71983 3.77229 5.30921 5.21743 4.43218 3.01842 1.27277 -0.820631 -3.08126 -5.20916 -6.05173 -6.3334 -5.71571
22.055 -0.781053 0.102301 0.697546 -0.561049 -2.14757 -3.98438 -4.76214 -4.27007 -2.25842 1.24421 2.69572 3.55876 4.89049 5.27733 4.72326 3.30262 1.60625 -0.375425 -2.66132 -4.83498 -5.71274 -6.27507 -5.92048
22.105 -0.805596 0.10196 1.06467 0.0391793 -2.05999 -4.12716 -4.90914 -4.40644 -2.58583 0.5395 2.66185 3.55543 4.37985 5.26744 4.98922 3.58858 1.94837 0.0683102 -2.23677 -4.44169 -5.33605 -6.13011 -6.01564
22.155 -0.791604 0.117597 1.39684 0.620578 -1.9389 -4.20825 -5.00075 -4.49403 -2.9091 -0.241086 2.50153 3.57048 3.91734 5.22238 5.21717 3.85969 2.28516 0.502692 -1.81301 -4.03726 -4.93279 -5.91446 -6.00916
22.205 -0.767016 0.162586 1.71823 1.17029 -1.80094 -4.2442 -5.052 -4.54048 -3.17093 -0.917415 2.04949 3.42286 3.64455 5.1777 5.40544 4.10833 2.61286 0.931536 -1.38293 -3.61638 -4.50169 -5.63532 -5.91229
22.255 -0.736596 0.225745 2.03208 1.69824 -1.65246 -4.23933 -5.06511 -4.55875 -3.38841 -1.52049 1.42908 3.18145 3.47823 5.11867 5.55233 4.33135 2.92362 1.34442 -0.958899 -3.19087 -4.05365 -5.30638 -5.73665
22.305 -0.699082 0.299501 2.33976 2.20731 -1.49938 -4.20538 -5.05455 -4.57075 -3.5834 -2.06122 0.788417 2.90748 3.33784 5.03754 5.65645 4.52294 3.20823 1.73077 -0.553614 -2.77463 -3.603 -4.94563 -5.49996
22.355 -0.638878 0.418799 2.6412 2.62013 -1.31772 -4.14121 -5.02796 -4.58907 -3.76566 -2.53492 0.193087 2.62528 3.19471 4.93742 5.7216 4.6815 3.46193 2.08464 -0.174796 -2.37682 -3.16045 -4.56817 -5.22002
22.405 -0.546313 0.576051 2.90216 2.9485 -1.09779 -4.04061 -4.98463 -4.62384 -3.94761 -2.94722 -0.334538 2.35286 3.04261 4.81958 5.75203 4.81008 3.68601 2.40537 0.174784 -2.00217 -2.73282 -4.18527 -4.91214
22.455 -0.413878 0.761545 3.04944 3.17569 -0.772299 -3.85808 -4.90346 -4.69432 -4.16034 -3.32157 -0.804315 2.12096 2.89355 4.66867 5.74437 4.91653 3.89023 2.69829 0.496953 -1.6516 -2.32377 -3.80469 -4.58836
22.505 -0.222558 0.985529 2.93813 3.24245 -0.201765 -3.51919 -4.74441 -4.82291 -4.44744 -3.69063 -1.23158 1.93059 2.76611 4.4485 5.68024 5.0172 4.09962 2.97752 0.798885 -1.3225 -1.93398 -3.43087 -4.25734
22.555 0.0111505 1.17791 2.47125 3.25564 0.674571 -3.04373 -4.49618 -4.99855 -4.8143 -4.07519 -1.64136 1.78115 2.66874 4.09234 5.51583 5.13342 4.35592 3.26918 1.09589 -1.00708 -1.56073 -3.06514 -3.92444
22.605 0.205469 1.30304 2.22046 3.11997 1.19123 -2.32464 -4.09926 -5.14411 -5.2049 -4.46252 -2.06196 1.68146 2.63915 3.59824 5.20531 5.24918 4.66702 3.58551 1.3984 -0.699225 -1.20317 -2.71143 -3.5964
22.655 0.371446 1.4145 2.1832 2.81921 1.41151 -1.49819 -3.62176 -5.21815 -5.53608 -4.77881 -2.45301 1.36705 2.66385 3.24449 4.73383 5.30411 4.98721 3.91979 1.71992 -0.379475 -0.844887 -2.35982 -3.27091
22.705 0.507998 1.47587 2.15953 2.55898 1.57555 -0.746752 -3.13652 -5.21017 -5.76128 -4.98798 -2.81211 0.714356 2.62048 3.15753 4.19715 5.29197 5.27409 4.24615 2.0501 -0.046009 -0.478052 -2.0013 -2.94084
22.755 0.603343 1.47603 2.1048 2.41972 1.73951 -0.122269 -2.66903 -5.13204 -5.88824 -5.11414 -3.15981 -0.065557 2.44369 3.13277 3.71534 5.25274 5.52092 4.54948 2.3715 0.286098 -0.113159 -1.64269 -2.60947
22.805 0.657828 1.43767 2.04374 2.38133 1.88128 0.393035 -2.22878 -5.00767 -5.9419 -5.18218 -3.47117 -0.837394 2.11301 3.06951 3.34409 5.20446 5.72442 4.82228 2.67583 0.609526 0.244725 -1.28765 -2.27946
22.855 0.675893 1.38334 2.00093 2.42734 1.99295 0.781416 -1.80139 -4.8524 -5.94199 -5.20404 -3.7102 -1.48364 1.54989 2.86416 3.1352 5.1698 5.89439 5.06675 2.96119 0.921092 0.593574 -0.936926 -1.95072
22.905 0.671981 1.32973 1.97763 2.51141 2.08658 1.09011 -1.40157 -4.68121 -5.90471 -5.20306 -3.90826 -2.04761 0.938282 2.60573 2.98008 5.12788 6.03067 5.28461 3.22509 1.21361 0.923881 -0.601016 -1.63217
22.955 0.658336 1.28591 1.9723 2.60952 2.16556 1.34508 -1.0331 -4.50716 -5.84876 -5.19869 -4.08116 -2.53142 0.361717 2.33831 2.83689 5.06612 6.13114 5.47885 3.47007 1.48548 1.23166 -0.28568 -1.33016
23.005 0.642684 1.25816 1.98875 2.71951 2.21362 1.53958 -0.670273 -4.32582 -5.78133 -5.20637 -4.24566 -2.94487 -0.152323 2.10899 2.69929 4.95793 6.18489 5.65714 3.70765 1.74047 1.51593 0.0052083 -1.04983
23.055 0.632831 1.25279 2.02876 2.83145 2.18316 1.67913 -0.250627 -4.10512 -5.69022 -5.24801 -4.43652 -3.32084 -0.631499 2.01698 2.61709 4.73149 6.15482 5.82881 3.96203 1.99121 1.78074 0.270292 -0.795358
23.105 0.633318 1.26891 2.08442 2.93008 2.08928 1.73139 0.207482 -3.73344 -5.52012 -5.34806 -4.70178 -3.68544 -1.06837 2.00087 2.64107 4.3598 6.01131 6.00271 4.25895 2.25512 2.03659 0.515073 -0.565326
23.155 0.638723 1.29565 2.1513 3.03823 2.14746 1.55959 0.376847 -3.07005 -5.18307 -5.46646 -5.03652 -4.05122 -1.49801 2.03012 2.74323 3.88216 5.74905 6.17153 4.60161 2.54492 2.2978 0.751846 -0.351532
23.205 0.659443 1.33736 2.21738 3.11001 2.20003 1.35238 0.500576 -2.358 -4.74103 -5.55794 -5.37482 -4.37748 -1.9119 1.89584 2.84178 3.48383 5.38821 6.30478 4.96008 2.8609 2.58113 1.00354 -0.13319
23.255 0.695594 1.37634 2.249 3.11062 2.22248 1.40414 0.537817 -1.91445 -4.19605 -5.54558 -5.62117 -4.60168 -2.28101 1.26304 2.8921 3.445 4.93989 6.36532 5.28892 3.18521 2.88828 1.28323 0.107743
23.305 0.73112 1.39818 2.24664 3.07106 2.25018 1.6298 0.540519 -1.65905 -3.63355 -5.44974 -5.77543 -4.75589 -2.64936 0.471676 2.79449 3.52706 4.52971 6.39138 5.57506 3.49332 3.19409 1.56882 0.357022
23.355 0.761759 1.40615 2.22347 3.01036 2.258 1.86958 0.653476 -1.42592 -3.1604 -5.32294 -5.86549 -4.8673 -3.00379 -0.340762 2.5859 3.60428 4.18633 6.39059 5.81493 3.78343 3.49632 1.85534 0.609258
23.405 0.781976 1.39874 2.1853 2.94478 2.25858 2.10005 0.851677 -1.19001 -2.77664 -5.18886 -5.91651 -4.94778 -3.29292 -1.00578 2.13535 3.51783 4.00364 6.38093 6.01011 4.05937 3.79963 2.1449 0.865702
23.455 0.78945 1.37749 2.13913 2.88636 2.26353 2.3164 1.09128 -0.955945 -2.45546 -5.04841 -5.93361 -5.00693 -3.53558 -1.56775 1.56441 3.35983 3.91004 6.31315 6.14395 4.33091 4.11489 2.43723 1.12028
23.505 0.787223 1.34808 2.09235 2.84099 2.27597 2.51349 1.33784 -0.733634 -2.17898 -4.90546 -5.92617 -5.05556 -3.75008 -2.05788 0.928589 3.27272 3.92044 6.10758 6.17508 4.59761 4.45432 2.73856 1.3731
23.555 0.779267 1.31626 2.05071 2.81118 2.29641 2.68914 1.57094 -0.533618 -1.93687 -4.76076 -5.90138 -5.10226 -3.95009 -2.49559 0.231151 3.32189 4.13028 5.72114 6.06634 4.84238 4.81485 3.05123 1.62733
23.605 0.762293 1.28074 2.01422 2.79766 2.32934 2.85104 1.79485 -0.352115 -1.71371 -4.60572 -5.86938 -5.16512 -4.13401 -2.82176 -0.315386 3.17128 4.25673 5.40528 5.89423 5.06975 5.18162 3.37067 1.88673
23.655 0.732175 1.23887 1.98138 2.79995 2.37877 3.00991 2.03437 -0.231776 -1.52256 -4.37275 -5.78831 -5.23603 -4.29961 -3.03219 -0.70407 2.60794 4.20912 5.36779 5.67586 5.26185 5.53398 3.69681 2.16164
23.705 0.694271 1.1961 1.9564 2.81815 2.44247 3.1643 2.30977 -0.221679 -1.47638 -3.95127 -5.57009 -5.29754 -4.48489 -3.22524 -1.11658 1.77851 4.28469 5.60615 5.31971 5.35705 5.83304 4.016 2.44922
23.755 0.655888 1.16108 1.94575 2.84983 2.50161 3.27025 2.55806 -0.196269 -1.46486 -3.44014 -5.21111 -5.35666 -4.72584 -3.4475 -1.52816 0.978208 4.24144 5.83773 5.04636 5.41732 6.06355 4.305 2.73218
23.805 0.623618 1.13523 1.93966 2.8696 2.5178 3.29608 2.77482 0.153131 -1.48779 -3.15521 -4.70821 -5.37002 -4.9853 -3.67971 -1.87383 0.394574 3.75 5.73638 5.10404 5.52697 6.23704 4.56769 3.01243
23.855 0.598136 1.11143 1.92566 2.86711 2.49683 3.279 2.99897 0.703053 -1.51168 -3.06516 -4.14994 -5.31425 -5.20163 -3.89736 -2.19674 -0.135331 3.05432 5.53932 5.31409 5.60535 6.32218 4.7982 3.28935
23.905 0.578603 1.08884 1.90654 2.85197 2.45654 3.23431 3.18081 1.22818 -1.34975 -2.94092 -3.70428 -5.23467 -5.36968 -4.09591 -2.51086 -0.654257 2.23644 5.35832 5.65737 5.6047 6.28556 4.98403 3.5614
23.955 0.5638 1.06413 1.87865 2.82302 2.40276 3.17377 3.31335 1.67602 -0.983143 -2.7319 -3.4037 -5.1545 -5.50732 -4.2864 -2.80696 -1.10426 1.521 4.90504 5.9513 5.79515 6.14432 5.10608 3.81071
24.005 0.546034 1.02112 1.82362 2.77008 2.34661 3.12887 3.43815 2.08819 -0.539118 -2.49656 -3.17705 -5.06745 -5.6164 -4.46298 -3.07155 -1.46964 0.948269 4.17552 6.02186 6.17566 6.02705 5.189 4.01909
24.055 0.518179 0.938223 1.71691 2.68067 2.3034 3.12427 3.57427 2.47008 -0.0793616 -2.24711 -2.98303 -4.9723 -5.69922 -4.62489 -3.3102 -1.77276 0.483828 3.49735 5.64469 6.4205 6.21806 5.29555 4.1735
24.105 0.483064 0.792444 1.52504 2.5326 2.28603 3.17997 3.73155 2.82273 0.361734 -1.99453 -2.80119 -4.86683 -5.75264 -4.76336 -3.51982 -2.03238 0.0783227 2.8508 5.03824 6.48211 6.55799 5.50365 4.32858
24.155 0.465356 0.580159 1.2204 2.29821 2.29473 3.30535 3.91707 3.15264 0.772961 -1.74986 -2.62118 -4.74388 -5.7764 -4.88265 -3.71135 -2.26794 -0.287422 2.25917 4.45063 6.26852 6.73394 5.89377 4.62567
24.205 0.506322 0.342885 0.805464 1.96082 2.31045 3.48839 4.13307 3.47314 1.16838 -1.5391 -2.44729 -4.57569 -5.76096 -4.99273 -3.90209 -2.49553 -0.625003 1.73129 3.95208 5.94024 6.60391 6.2171 5.10196
24.255 0.633347 0.172123 0.299545 1.52568 2.31028 3.70217 4.37149 3.78555 1.54628 -1.35638 -2.3086 -4.31405 -5.67553 -5.10234 -4.11103 -2.72396 -0.941811 1.25182 3.50066 5.58807 6.3625 6.36774 5.51036
24.305 0.765094 0.12544 -0.20135 0.989792 2.2737 3.91609 4.61845 4.08873 1.92486 -1.23358 -2.23157 -3.90033 -5.47091 -5.21781 -4.36515 -2.97009 -1.24882 0.810899 3.08296 5.22796 6.06039 6.39229 5.80809
24.355 0.832218 0.129284 -0.610115 0.391697 2.20227 4.10487 4.84575 4.35027 2.28672 -1.07516 -2.18401 -3.43389 -5.12275 -5.313 -4.65792 -3.24441 -1.56583 0.384967 2.67837 4.86014 5.72015 6.32011 5.99326
24.405 0.839654 0.11887 -0.952804 -0.193132 2.10603 4.23956 5.00652 4.5199 2.61044 -0.564595 -2.16957 -3.23658 -4.61527 -5.32667 -4.9393 -3.53533 -1.905 -0.0504553 2.26199 4.47154 5.34399 6.16578 6.07325
24.455 0.827153 0.0725077 -1.27329 -0.74369 1.98578 4.31392 5.10372 4.62374 2.93157 0.120014 -2.08068 -3.16992 -4.08971 -5.28455 -5.18181 -3.81431 -2.24366 -0.481924 1.84209 4.06976 4.94131 5.94334 6.05478
24.505 0.801298 -0.000812896 -1.57861 -1.2714 1.85056 4.33935 5.15153 4.68151 3.22862 0.835482 -1.84766 -3.09104 -3.64617 -5.21419 -5.37787 -4.06911 -2.57105 -0.903393 1.42274 3.65936 4.51834 5.6649 5.95037
24.555 0.763055 -0.102571 -1.87719 -1.74832 1.69471 4.32451 5.16135 4.70109 3.46084 1.44905 -1.357 -2.87112 -3.36839 -5.14456 -5.53288 -4.29656 -2.8827 -1.31365 1.00315 3.23912 4.07529 5.33675 5.77091
24.605 0.70124 -0.246355 -2.16873 -2.13598 1.50902 4.26859 5.13711 4.70178 3.65774 1.99962 -0.779714 -2.59688 -3.15658 -5.05935 -5.64567 -4.49335 -3.17011 -1.70053 0.598323 2.82406 3.62637 4.97526 5.53123
24.655 0.614083 -0.412175 -2.43747 -2.46917 1.3038 4.18091 5.09056 4.70306 3.83664 2.48586 -0.210017 -2.3038 -2.96337 -4.95726 -5.71898 -4.65775 -3.42836 -2.05757 0.216689 2.42403 3.18267 4.59534 5.24815
24.705 0.498804 -0.593174 -2.64921 -2.74092 1.04971 4.0455 5.01964 4.72363 4.01892 2.9132 0.312059 -2.0122 -2.77145 -4.83961 -5.75747 -4.79238 -3.65788 -2.38328 -0.138206 2.04437 2.75143 4.20827 4.9364
24.755 0.341515 -0.799608 -2.70834 -2.8958 0.649559 3.8031 4.8973 4.78789 4.24292 3.3051 0.782913 -1.74337 -2.57915 -4.69743 -5.76143 -4.90526 -3.86743 -2.68246 -0.468034 1.68596 2.33608 3.82136 4.60738
24.805 0.123279 -1.031 -2.46375 -2.91011 -0.0236338 3.40604 4.68968 4.90968 4.54576 3.69849 1.23128 -1.53779 -2.40192 -4.48339 -5.71103 -5.01122 -4.08065 -2.9691 -0.780149 1.346 1.93719 3.43884 4.26932
24.855 -0.0910054 -1.18003 -2.10263 -2.88069 -0.722544 2.83424 4.36929 5.0559 4.91426 4.10258 1.66018 -1.36771 -2.26625 -4.13156 -5.5646 -5.1292 -4.33388 -3.26274 -1.08338 1.02208 1.55616 3.06516 3.92926
24.905 -0.26835 -1.3017 -2.01659 -2.65194 -1.02786 2.046 3.91514 5.15821 5.28656 4.49778 2.08438 -1.27064 -2.19878 -3.61465 -5.27615 -5.25142 -4.64158 -3.57562 -1.38446 0.713347 1.19713 2.70847 3.5971
24.955 -0.418553 -1.39032 -2.01814 -2.37422 -1.19994 1.24986 3.42629 5.20322 5.6056 4.83764 2.4974 -1.13152 -2.18957 -3.08694 -4.84068 -5.33238 -4.97105 -3.90777 -1.69879 0.40153 0.846195 2.36171 3.27306
25.005 -0.533395 -1.41546 -1.98696 -2.21277 -1.36093 0.595509 2.95678 5.17929 5.81957 5.05955 2.85373 -0.621243 -2.17603 -2.86101 -4.29374 -5.32898 -5.26712 -4.23784 -2.02857 0.0712664 0.484571 2.00813 2.94637
25.055 -0.604393 -1.39172 -1.94142 -2.17367 -1.4976 0.0734951 2.50782 5.09069 5.9331 5.18611 3.19059 0.0707213 -2.04859 -2.76964 -3.77611 -5.28629 -5.51795 -4.54292 -2.34992 -0.259252 0.123179 1.6533 2.61816
25.105 -0.636809 -1.34587 -1.90947 -2.23186 -1.59478 -0.309555 2.06723 4.95147 5.96774 5.24628 3.50245 0.824885 -1.81569 -2.71219 -3.33522 -5.22524 -5.72248 -4.81576 -2.65232 -0.579081 -0.229149 1.30411 2.29304
25.155 -0.642572 -1.29601 -1.89403 -2.33321 -1.67912 -0.608163 1.65735 4.79055 5.95285 5.25933 3.7461 1.47598 -1.36023 -2.54559 -3.05242 -5.17678 -5.89024 -5.05738 -2.93416 -0.886376 -0.572188 0.959715 1.97025
25.205 -0.633141 -1.25141 -1.89259 -2.44723 -1.75872 -0.860514 1.28185 4.61878 5.90356 5.24678 3.94147 2.0401 -0.81015 -2.30757 -2.85295 -5.12948 -6.02658 -5.27302 -3.19521 -1.17586 -0.898615 0.627861 1.65578
25.255 -0.618151 -1.21891 -1.90721 -2.5667 -1.82481 -1.06436 0.926279 4.44043 5.83489 5.23167 4.11117 2.52592 -0.270669 -2.04952 -2.68034 -5.06833 -6.12974 -5.46604 -3.43785 -1.44548 -1.20371 0.315095 1.35639
25.305 -0.605325 -1.20369 -1.93909 -2.68447 -1.85403 -1.22606 0.561906 4.24299 5.74906 5.2345 4.27902 2.94376 0.217648 -1.81297 -2.51517 -4.96993 -6.19133 -5.64471 -3.67338 -1.69895 -1.48653 0.02523 1.07713
25.355 -0.601073 -1.20979 -1.98781 -2.79064 -1.80812 -1.33107 0.130519 3.96937 5.61949 5.282 4.48938 3.32837 0.670819 -1.68626 -2.37924 -4.7712 -6.18055 -5.82132 -3.92697 -1.9494 -1.75153 -0.240848 0.821678
25.405 -0.603854 -1.22953 -2.0479 -2.89867 -1.86 -1.25771 -0.0853091 3.43985 5.35016 5.36981 4.77979 3.71569 1.11135 -1.67378 -2.36421 -4.41054 -6.05429 -6.00024 -4.22307 -2.2132 -2.00756 -0.486325 0.590818
25.455 -0.616398 -1.26443 -2.11751 -2.99568 -1.9612 -1.05321 -0.17713 2.74321 4.94962 5.46756 5.12478 4.10052 1.5432 -1.70063 -2.43236 -3.92289 -5.80867 -6.1779 -4.56847 -2.50452 -2.26978 -0.724324 0.375827
25.505 -0.648131 -1.30632 -2.16346 -3.02211 -2.00758 -1.03937 -0.239648 2.21969 4.44676 5.51191 5.45048 4.44798 1.98015 -1.65749 -2.51836 -3.42893 -5.46295 -6.32663 -4.93552 -2.82323 -2.5522 -0.973715 0.159606
25.555 -0.68503 -1.33446 -2.17249 -2.99634 -2.05709 -1.2662 -0.210894 1.96892 3.88646 5.46487 5.67571 4.67607 2.34188 -1.16702 -2.54939 -3.25309 -5.03337 -6.4047 -5.27508 -3.15062 -2.85736 -1.24867 -0.075923
25.605 -0.718013 -1.34809 -2.15732 -2.94302 -2.08813 -1.53927 -0.272899 1.77368 3.39882 5.36662 5.81009 4.8217 2.69768 -0.438174 -2.4813 -3.27198 -4.60441 -6.4325 -5.5678 -3.46333 -3.16559 -1.53482 -0.324155
25.655 -0.743995 -1.34818 -2.12507 -2.87607 -2.09648 -1.79259 -0.457964 1.56256 3.01445 5.24456 5.88154 4.9192 3.04086 0.345478 -2.3002 -3.32202 -4.23235 -6.43114 -5.81347 -3.75729 -3.47042 -1.8232 -0.577237
25.705 -0.758776 -1.33385 -2.08164 -2.81134 -2.10248 -2.0293 -0.705237 1.34971 2.70534 5.11339 5.91489 4.98785 3.33421 1.02992 -1.94221 -3.27243 -3.97928 -6.4118 -6.0108 -4.03402 -3.77373 -2.11236 -0.832685
25.755 -0.75952 -1.30631 -2.0332 -2.75885 -2.11747 -2.25034 -0.977658 1.13823 2.44551 4.97808 5.91985 5.03562 3.57296 1.59265 -1.43269 -3.12107 -3.8323 -6.34953 -6.15198 -4.30478 -4.08666 -2.40352 -1.08672
25.805 -0.749316 -1.27105 -1.98617 -2.72219 -2.14271 -2.45269 -1.24792 0.935775 2.21738 4.83937 5.90379 5.07542 3.78116 2.07467 -0.865713 -2.99904 -3.76707 -6.17379 -6.20312 -4.57374 -4.42289 -2.70224 -1.33806
25.855 -0.733375 -1.23452 -1.94608 -2.70229 -2.17666 -2.63406 -1.50026 0.760126 2.01621 4.69095 5.86703 5.11371 3.97615 2.50933 -0.206862 -3.04715 -3.90946 -5.80213 -6.11309 -4.82449 -4.78435 -3.01485 -1.59198
25.905 -0.710573 -1.19678 -1.91314 -2.69914 -2.22326 -2.80391 -1.7506 0.638368 1.84335 4.501 5.80563 5.17115 4.1699 2.85803 0.365747 -2.99422 -4.07432 -5.42144 -5.93783 -5.05354 -5.15366 -3.3343 -1.8496
25.955 -0.675738 -1.15425 -1.88537 -2.71272 -2.28733 -2.97171 -2.02767 0.578183 1.76439 4.188 5.66958 5.24737 4.36435 3.09017 0.753364 -2.53638 -4.0259 -5.30174 -5.73514 -5.2576 -5.5133 -3.66059 -2.12134
26.005 -0.634022 -1.11323 -1.86805 -2.74231 -2.35931 -3.11697 -2.31705 0.571466 1.77777 3.72534 5.39204 5.31688 4.58372 3.29991 1.14996 -1.79613 -4.03554 -5.42953 -5.42708 -5.38393 -5.83051 -3.98542 -2.40876
26.055 -0.601907 -1.08906 -1.8679 -2.77439 -2.39658 -3.16937 -2.5301 0.330225 1.78251 3.38677 4.96221 5.34401 4.82626 3.53628 1.59135 -0.945019 -4.05728 -5.68924 -5.08057 -5.4378 -6.08151 -4.29268 -2.70438
26.105 -0.578687 -1.07055 -1.86248 -2.78325 -2.38902 -3.16595 -2.76025 -0.213438 1.86566 3.3194 4.40807 5.30969 5.06238 3.76692 1.95272 -0.334324 -3.63705 -5.60792 -5.0587 -5.54061 -6.27344 -4.56778 -2.99198
26.155 -0.557442 -1.04988 -1.848 -2.77508 -2.35701 -3.13391 -2.97513 -0.807551 1.8027 3.27855 3.92033 5.24776 5.25944 3.97514 2.27535 0.197642 -2.99107 -5.39468 -5.19691 -5.62319 -6.38334 -4.81231 -3.27597
26.205 -0.540044 -1.03052 -1.83086 -2.75852 -2.30975 -3.07532 -3.12547 -1.29873 1.45805 3.10605 3.61543 5.18386 5.41524 4.16521 2.58476 0.70935 -2.21638 -5.16415 -5.45062 -5.63616 -6.38099 -5.01859 -3.55915
26.255 -0.527848 -1.00904 -1.80426 -2.72729 -2.2505 -3.01289 -3.24872 -1.73865 1.00116 2.89902 3.4063 5.10374 5.53311 4.34144 2.87575 1.1682 -1.4817 -4.79859 -5.71662 -5.72227 -6.26418 -5.16551 -3.82446
26.305 -0.512926 -0.971811 -1.75472 -2.67701 -2.19291 -2.97255 -3.37289 -2.14247 0.514067 2.6807 3.24489 5.01429 5.62407 4.50423 3.13345 1.53643 -0.897475 -4.12032 -5.81684 -6.03821 -6.11797 -5.25361 -4.04639
26.355 -0.487506 -0.900158 -1.66248 -2.59887 -2.15058 -2.97269 -3.5108 -2.51401 0.0385918 2.45461 3.10099 4.91724 5.69099 4.65222 3.36276 1.83803 -0.424482 -3.44371 -5.54644 -6.27734 -6.19485 -5.35268 -4.22079
26.405 -0.450033 -0.769147 -1.49467 -2.4723 -2.13594 -3.03084 -3.67039 -2.85684 -0.40594 2.22698 2.95965 4.80999 5.73244 4.78103 3.56484 2.09196 -0.0225601 -2.81038 -4.99096 -6.35112 -6.47249 -5.52356 -4.37129
26.455 -0.419168 -0.564736 -1.21664 -2.26787 -2.15277 -3.15937 -3.85849 -3.17863 -0.818122 2.02063 2.82242 4.67767 5.74192 4.89179 3.74917 2.31906 0.337171 -2.22283 -4.40905 -6.19919 -6.66576 -5.82998 -4.61878
26.505 -0.434681 -0.311386 -0.818032 -1.9631 -2.18628 -3.35259 -4.07922 -3.49043 -1.20636 1.83653 2.69962 4.49001 5.70567 4.99755 3.93901 2.53961 0.666605 -1.70144 -3.9133 -5.88353 -6.55836 -6.1609 -5.06094
26.555 -0.536289 -0.0830214 -0.317986 -1.55909 -2.21121 -3.58361 -4.32385 -3.79304 -1.57598 1.6771 2.60713 4.19574 5.58724 5.11032 4.16037 2.76853 0.978342 -1.22816 -3.46836 -5.54264 -6.32693 -6.31788 -5.46183
26.605 -0.70119 0.0201488 0.24393 -1.0648 -2.2062 -3.81995 -4.57741 -4.08449 -1.95591 1.56858 2.57968 3.76636 5.33569 5.22364 4.43044 3.02175 1.28689 -0.788369 -3.05432 -5.19025 -6.03209 -6.34941 -5.76026
26.655 -0.800152 0.0437857 0.696951 -0.490197 -2.15839 -4.02259 -4.79109 -4.29839 -2.27656 1.19382 2.54286 3.48637 4.92973 5.29107 4.72315 3.3049 1.61728 -0.348043 -2.63792 -4.81625 -5.68967 -6.28051 -5.95179
26.705 -0.812243 0.0442726 1.0509 0.107311 -2.06676 -4.16047 -4.93877 -4.44025 -2.60385 0.523527 2.52327 3.44886 4.40902 5.28087 4.99063 3.59197 1.95928 0.0937817 -2.21479 -4.42277 -5.31059 -6.12721 -6.03507
26.755 -0.79747 0.0684988 1.37938 0.679093 -1.94477 -4.23722 -5.02922 -4.52947 -2.92633 -0.237766 2.38055 3.44699 3.92794 5.23329 5.21975 3.86403 2.29614 0.526853 -1.79195 -4.01821 -4.90564 -5.90495 -6.01829
26.805 -0.772323 0.121813 1.69699 1.22105 -1.80704 -4.26872 -5.07807 -4.57756 -3.19598 -0.923015 1.98293 3.31669 3.61183 5.17975 5.40683 4.11223 2.62253 0.952714 -1.36501 -3.59973 -4.47544 -5.62219 -5.91333
26.855 -0.741528 0.189985 2.00598 1.74574 -1.66056 -4.26139 -5.08931 -4.59472 -3.4145 -1.52463 1.39047 3.07687 3.42002 5.1168 5.55314 4.33449 2.93219 1.36375 -0.942567 -3.17533 -4.02764 -5.29021 -5.73146
26.905 -0.699753 0.281506 2.31047 2.22226 -1.49786 -4.2207 -5.07463 -4.60363 -3.60852 -2.06437 0.765848 2.80143 3.26202 5.03334 5.65693 4.52536 3.2158 1.74859 -0.538425 -2.75976 -3.57709 -4.92703 -5.48989
26.955 -0.630578 0.419493 2.60212 2.60216 -1.30603 -4.148 -5.04158 -4.61741 -3.78883 -2.53781 0.17912 2.51626 3.10602 4.93173 5.72189 4.68334 3.4687 2.10122 -0.160446 -2.36238 -3.13459 -4.54769 -5.20621
27.005 -0.529812 0.586529 2.84605 2.90893 -1.07361 -4.03559 -4.98962 -4.64905 -3.97074 -2.95111 -0.344394 2.23959 2.94342 4.8129 5.75235 4.81175 3.69247 2.42126 0.188861 -1.98763 -2.70678 -4.16315 -4.89537
27.055 -0.388969 0.777686 2.96288 3.11249 -0.722211 -3.8319 -4.8948 -4.71968 -4.18837 -3.32869 -0.812543 2.00088 2.78331 4.66173 5.74517 4.91885 3.89731 2.71433 0.511549 -1.63629 -2.29708 -3.78086 -4.56903
27.105 -0.185462 1.01043 2.7977 3.15079 -0.107581 -3.46813 -4.71817 -4.84925 -4.48391 -3.70531 -1.24597 1.81334 2.64833 4.43492 5.67917 5.02074 4.10884 2.99501 0.815038 -1.30563 -1.90618 -3.40522 -4.23568
27.155 0.0434151 1.18464 2.34162 3.15858 0.735329 -2.96354 -4.44777 -5.01908 -4.85478 -4.09633 -1.6611 1.66398 2.54589 4.06807 5.51107 5.13829 4.36798 3.28837 1.11362 -0.988708 -1.53197 -3.03796 -3.9008
27.205 0.231083 1.30721 2.15244 2.98792 1.17099 -2.21566 -4.02893 -5.15023 -5.23991 -4.48493 -2.0831 1.56976 2.51207 3.55989 5.19652 5.25459 4.68088 3.60509 1.41612 -0.681033 -1.1751 -2.68437 -3.57212
27.255 0.391924 1.4138 2.13884 2.68188 1.36191 -1.39179 -3.54608 -5.21325 -5.56406 -4.80288 -2.4782 1.28795 2.53549 3.17208 4.72404 5.31085 5.0024 3.9391 1.73665 -0.362659 -0.818775 -2.33425 -3.24726
27.305 0.521497 1.46245 2.11131 2.45234 1.52548 -0.671931 -3.06628 -5.19775 -5.78124 -5.01022 -2.83545 0.660656 2.4965 3.06028 4.18287 5.29713 5.28873 4.26498 2.06646 -0.029776 -0.453265 -1.97694 -2.91798
27.355 0.608546 1.45326 2.05708 2.3447 1.68349 -0.0800341 -2.60597 -5.1144 -5.90034 -5.13251 -3.17919 -0.101267 2.32807 3.02188 3.69449 5.25499 5.53351 4.56677 2.38685 0.301483 -0.0897446 -1.61956 -2.58754
27.405 0.655135 1.41095 2.00356 2.33741 1.811 0.395237 -2.16688 -4.98456 -5.94625 -5.19617 -3.48845 -0.866409 2.01664 2.95941 3.31031 5.20257 5.73426 4.83725 2.68923 0.623082 0.265886 -1.26657 -2.25913
27.455 0.668108 1.35738 1.96984 2.40352 1.91228 0.750919 -1.74362 -4.82641 -5.9402 -5.2139 -3.72545 -1.50822 1.47494 2.76023 3.08824 5.16437 5.90122 5.07882 2.97201 0.932225 0.612007 -0.918375 -1.93251
27.505 0.661763 1.30648 1.95374 2.49777 2.00032 1.04017 -1.35134 -4.65476 -5.89862 -5.20931 -3.92092 -2.06762 0.879669 2.5064 2.92393 5.12038 6.03516 5.29418 3.23358 1.22245 0.939747 -0.584842 -1.61604
27.555 0.647307 1.26633 1.95504 2.60299 2.07406 1.27787 -0.987039 -4.47966 -5.83898 -5.20245 -4.0919 -2.54764 0.315752 2.24267 2.77411 5.05721 6.13379 5.48666 3.47687 1.49234 1.24515 -0.271762 -1.31604
27.605 0.632355 1.24301 1.97727 2.71644 2.11389 1.45966 -0.622543 -4.29358 -5.76647 -5.20995 -4.25729 -2.95887 -0.188234 2.01618 2.63051 4.94732 6.18584 5.6644 3.71413 1.74608 1.52742 0.0170534 -1.03766
27.655 0.624578 1.24247 2.02144 2.82659 2.06603 1.59083 -0.184598 -4.05953 -5.6655 -5.25627 -4.45594 -3.33641 -0.660708 1.92801 2.54133 4.71713 6.15339 5.83729 3.97059 1.99714 1.79124 0.280685 -0.784798
27.705 0.626307 1.26007 2.07799 2.92649 2.01714 1.60116 0.198392 -3.63079 -5.46203 -5.35642 -4.73322 -3.7076 -1.09717 1.91767 2.56428 4.33766 6.00569 6.01269 4.27087 2.26257 2.04697 0.524558 -0.556076
27.755 0.633471 1.28937 2.14676 3.03399 2.09952 1.40125 0.328338 -2.93938 -5.09969 -5.46979 -5.07375 -4.07837 -1.52812 1.94939 2.66361 3.85208 5.73967 6.18255 4.61667 2.55455 2.30908 0.761436 -0.342828
27.805 0.658544 1.33236 2.20705 3.0895 2.14445 1.24734 0.44364 -2.27617 -4.64117 -5.54793 -5.40758 -4.40634 -1.94529 1.82083 2.75679 3.44073 5.37662 6.31623 4.97716 2.87273 2.59398 1.01415 -0.124113
27.855 0.695671 1.36774 2.23005 3.0792 2.17576 1.36735 0.449969 -1.90818 -4.08371 -5.51867 -5.64201 -4.62635 -2.31262 1.20223 2.80288 3.38581 4.92851 6.37605 5.3055 3.19725 2.90126 1.29372 0.116449
27.905 0.730179 1.38616 2.22239 3.03426 2.20581 1.61503 0.466177 -1.67938 -3.54071 -5.41862 -5.78645 -4.77472 -2.67696 0.422128 2.7058 3.45651 4.51675 6.40018 5.58994 3.50505 3.20723 1.57944 0.365653
27.955 0.759183 1.39118 2.19565 2.97085 2.21301 1.859 0.60418 -1.4523 -3.09635 -5.29256 -5.86908 -4.88083 -3.02731 -0.382039 2.50039 3.52707 4.16945 6.39673 5.82762 3.79477 3.50983 1.86635 0.618115
28.005 0.777197 1.38094 2.15524 2.90535 2.21512 2.09106 0.819466 -1.22205 -2.73688 -5.1597 -5.91413 -4.95696 -3.31349 -1.04251 2.06087 3.44178 3.9776 6.38272 6.0197 4.0701 3.81344 2.15595 0.87439
28.055 0.782137 1.35725 2.10804 2.84888 2.22314 2.30806 1.06972 -0.993723 -2.43504 -5.021 -5.92705 -5.01272 -3.55312 -1.59926 1.5024 3.28592 3.87469 6.31012 6.14993 4.34122 4.12937 2.44832 1.12861
28.105 0.777263 1.32586 2.06117 2.80648 2.23941 2.50559 1.32283 -0.777075 -2.17371 -4.87968 -5.91666 -5.05891 -3.76485 -2.08411 0.878206 3.20189 3.87726 6.09906 6.1769 4.60783 4.47008 2.75001 1.38117
28.155 0.766741 1.29254 2.02013 2.78006 2.26395 2.68175 1.56036 -0.583617 -1.94359 -4.73461 -5.8888 -5.10425 -3.96322 -2.51738 0.19016 3.25489 4.08193 5.70715 6.06379 4.85232 4.832 3.0634 1.63556
28.205 0.747424 1.25601 1.98473 2.77012 2.30117 2.84476 1.7897 -0.415251 -1.73209 -4.57122 -5.84993 -5.1674 -4.14854 -2.84102 -0.349325 3.10797 4.2051 5.38695 5.88791 5.07882 5.19954 3.38361 1.89549
28.255 0.715263 1.21349 1.95326 2.77611 2.35563 3.00696 2.04287 -0.319803 -1.5751 -4.30881 -5.74971 -5.23979 -4.32144 -3.05317 -0.735005 2.55229 4.15864 5.34448 5.66654 5.26912 5.55145 3.70991 2.17071
28.305 0.67581 1.17087 1.93044 2.79814 2.42325 3.16153 2.33047 -0.328797 -1.56367 -3.8568 -5.50539 -5.30256 -4.51774 -3.25134 -1.14692 1.73083 4.2338 5.57693 5.31039 5.36321 5.84967 4.02911 2.45868
28.355 0.638852 1.13934 1.92392 2.83126 2.47605 3.24763 2.56036 -0.239816 -1.54063 -3.38743 -5.12619 -5.3562 -4.76406 -3.47956 -1.56244 0.932487 4.18248 5.79827 5.03772 5.42373 6.08069 4.32017 2.74423
28.405 0.609689 1.1161 1.91802 2.84671 2.48268 3.26147 2.78228 0.188156 -1.59289 -3.18435 -4.59728 -5.35097 -5.01608 -3.71151 -1.91006 0.349098 3.69002 5.69044 5.08944 5.53133 6.25341 4.58385 3.02609
28.455 0.58577 1.09312 1.90309 2.84093 2.45635 3.23868 3.00675 0.765833 -1.60154 -3.12419 -4.05115 -5.28892 -5.22431 -3.92561 -2.23139 -0.17817 2.99864 5.48853 5.29098 5.60686 6.33678 4.81441 3.30382
28.505 0.567142 1.07164 1.88465 2.82535 2.41367 3.18821 3.17456 1.27236 -1.36833 -2.97549 -3.65692 -5.2154 -5.38727 -4.12103 -2.54408 -0.695244 2.18468 5.29869 5.62207 5.60377 6.29901 5.00164 3.5782
28.555 0.55321 1.04753 1.8564 2.79479 2.35758 3.12657 3.30279 1.7159 -0.968985 -2.76347 -3.38706 -5.13592 -5.51881 -4.30774 -2.83737 -1.14182 1.47395 4.84237 5.9057 5.78872 6.15518 5.12363 3.82866
28.605 0.53596 1.00489 1.80117 2.74114 2.30101 3.08393 3.42719 2.12422 -0.510098 -2.53089 -3.18105 -5.04851 -5.62206 -4.48021 -3.09864 -1.50367 0.905364 4.11877 5.96884 6.15729 6.03572 5.20582 4.03729
28.655 0.508081 0.922392 1.69499 2.65247 2.2589 3.08304 3.56455 2.50189 -0.0454935 -2.28619 -3.00141 -4.95295 -5.69982 -4.63803 -3.3336 -1.80303 0.444787 3.44534 5.59053 6.39384 6.22082 5.30925 4.19088
28.705 0.472125 0.776604 1.50408 2.50641 2.24387 3.14299 3.72365 2.85035 0.395311 -2.03986 -2.83054 -4.84678 -5.74885 -4.77297 -3.53989 -2.05906 0.043293 2.80436 4.9896 6.44791 6.54841 5.51505 4.34729
28.755 0.452542 0.562491 1.19942 2.27457 2.25618 3.27325 3.91154 3.17698 0.805127 -1.80502 -2.66098 -4.72056 -5.76766 -4.88964 -3.72925 -2.29159 -0.318516 2.2183 4.40792 6.23174 6.71355 5.89831 4.64325
28.805 0.491269 0.320121 0.782176 1.93967 2.27672 3.46211 4.13081 3.49569 1.2001 -1.60811 -2.5032 -4.54206 -5.74361 -4.99833 -3.9203 -2.51723 -0.652439 1.69573 3.91451 5.90503 6.57898 6.21213 5.1128
28.855 0.617954 0.13891 0.271572 1.50738 2.28227 3.68206 4.37218 3.80519 1.57481 -1.4331 -2.38049 -4.26448 -5.64459 -5.10929 -4.13446 -2.74631 -0.966793 1.22089 3.46759 5.55517 6.33597 6.35653 5.51382
28.905 0.756617 0.0841481 -0.242437 0.975741 2.25163 3.90167 4.62147 4.10546 1.95568 -1.32154 -2.32256 -3.83505 -5.4199 -5.22456 -4.39588 -2.99578 -1.27385 0.782577 3.05307 5.19733 6.03377 6.37718 5.80547
28.955 0.827535 0.0843782 -0.657425 0.380381 2.18492 4.09282 4.84361 4.35035 2.30202 -1.10095 -2.27117 -3.41744 -5.0518 -5.31148 -4.69031 -3.27406 -1.59532 0.35325 2.64578 4.8275 5.69149 6.30143 5.98665
29.005 0.833397 0.0772184 -0.999935 -0.207008 2.08843 4.22476 4.99653 4.5077 2.62737 -0.524219 -2.26355 -3.28388 -4.5309 -5.31269 -4.96582 -3.56415 -1.93613 -0.0841767 2.22719 4.43679 5.31316 6.14361 6.06228
29.055 0.820009 0.0362605 -1.32145 -0.762003 1.96637 4.2963 5.08824 4.60398 2.94852 0.18953 -2.15442 -3.23983 -4.01887 -5.26714 -5.20253 -3.8403 -2.27389 -0.515444 1.80673 4.03398 4.909 5.91822 6.03959
29.105 0.794454 -0.0319888 -1.62948 -1.29255 1.82974 4.32083 5.13387 4.65686 3.23611 0.896057 -1.86692 -3.14398 -3.61606 -5.20112 -5.39388 -4.09179 -2.60004 -0.937216 1.38571 3.62132 4.48348 5.63625 5.93114
29.155 0.759604 -0.12171 -1.92943 -1.78803 1.67779 4.3066 5.14212 4.67385 3.46155 1.50261 -1.33784 -2.91234 -3.36814 -5.13377 -5.5449 -4.31661 -2.9102 -1.34671 0.965871 3.19999 4.03866 5.30506 5.74767
29.205 0.702044 -0.256575 -2.22432 -2.18846 1.49414 4.25165 5.11845 4.67604 3.65608 2.04703 -0.745164 -2.63501 -3.17304 -5.04884 -5.65358 -4.51039 -3.19521 -1.73149 0.562487 2.78564 3.58961 4.94205 5.50504
29.255 0.617873 -0.418007 -2.49666 -2.52815 1.29002 4.16552 5.074 4.68083 3.83456 2.52633 -0.172063 -2.34276 -2.99012 -4.94655 -5.72313 -4.6717 -3.45058 -2.08565 0.183374 2.38756 3.14703 4.56196 5.22023
29.305 0.50429 -0.59728 -2.7114 -2.80356 1.03676 4.0321 5.00606 4.70577 4.01754 2.94702 0.347749 -2.05497 -2.80564 -4.828 -5.75809 -4.80358 -3.67738 -2.40828 -0.168489 2.01057 2.71776 4.17572 4.90785
29.355 0.348395 -0.801398 -2.77323 -2.96285 0.63751 3.79147 4.88676 4.77477 4.24338 3.33397 0.8156 -1.79537 -2.62135 -4.68163 -5.75734 -4.91447 -3.88537 -2.70484 -0.495214 1.65526 2.30498 3.79042 4.57915
29.405 0.129869 -1.03446 -2.52624 -2.97567 -0.0409073 3.39383 4.68168 4.90198 4.5496 3.72423 1.26054 -1.59949 -2.45801 -4.45735 -5.69862 -5.01971 -4.09964 -2.99004 -0.804479 1.31868 1.90921 3.41026 4.2423
29.455 -0.0865663 -1.18498 -2.14515 -2.94995 -0.76443 2.82537 4.36573 5.05422 4.92183 4.12585 1.6858 -1.43774 -2.3344 -4.09184 -5.53987 -5.13862 -4.35768 -3.28475 -1.10641 0.997373 1.53104 3.03904 3.90391
29.505 -0.265111 -1.30647 -2.04631 -2.72376 -1.08401 2.03739 3.91423 5.16068 5.29632 4.51804 2.10966 -1.34444 -2.27898 -3.57005 -5.23696 -5.25872 -4.66927 -3.59998 -1.40827 0.689299 1.17352 2.68411 3.57335
29.555 -0.417022 -1.39784 -2.04609 -2.43744 -1.25583 1.23593 3.42616 5.20663 5.61212 4.84696 2.51549 -1.15516 -2.27933 -3.08758 -4.78495 -5.32953 -4.99624 -3.93336 -1.72538 0.374884 0.820935 2.33655 3.24938
29.605 -0.533925 -1.42583 -2.01379 -2.26364 -1.41688 0.571549 2.9549 5.1805 5.82048 5.05872 2.87087 -0.596205 -2.25535 -2.90622 -4.2376 -5.31988 -5.28722 -4.26139 -2.0553 0.0433563 0.457868 1.98167 2.92186
29.655 -0.607069 -1.40353 -1.96496 -2.21121 -1.55772 0.0360078 2.50475 5.08981 5.9299 5.17926 3.20865 0.122371 -2.11024 -2.83329 -3.7312 -5.2762 -5.53408 -4.56409 -2.37567 -0.287098 0.0961085 1.62624 2.59309
29.705 -0.641196 -1.35761 -1.92858 -2.25821 -1.65914 -0.361417 2.06371 4.95009 5.96343 5.23719 3.51765 0.879167 -1.84831 -2.77345 -3.31117 -5.21746 -5.73539 -4.83452 -2.67687 -0.606652 -0.256509 1.27644 2.26736
29.755 -0.647456 -1.3067 -1.90955 -2.35296 -1.74618 -0.669535 1.65134 4.78844 5.94795 5.24891 3.75558 1.52169 -1.35858 -2.59072 -3.05213 -5.17299 -5.90163 -5.0748 -2.95786 -0.913568 -0.599652 0.931496 1.94383
29.805 -0.638153 -1.26086 -1.90519 -2.46261 -1.8268 -0.928598 1.27309 4.61605 5.89884 5.23739 3.94876 2.08009 -0.794838 -2.34535 -2.8641 -5.12656 -6.03597 -5.28924 -3.21801 -1.20218 -0.925335 0.600141 1.62955
29.855 -0.623047 -1.22711 -1.9175 -2.5792 -1.89296 -1.13754 0.915492 4.43798 5.83147 5.22453 4.1176 2.55995 -0.25107 -2.0849 -2.69764 -5.06392 -6.13635 -5.4813 -3.46013 -1.47084 -1.22927 0.288508 1.33103
29.905 -0.609832 -1.21088 -1.94814 -2.69616 -1.9209 -1.30128 0.548546 4.24165 5.74781 5.22996 4.28524 2.9725 0.237955 -1.85268 -2.53773 -4.95963 -6.193 -5.65951 -3.69641 -1.72379 -1.51079 0.000268525 1.05328
29.955 -0.605373 -1.21679 -1.99688 -2.80234 -1.86479 -1.41017 0.104357 3.97329 5.62265 5.28059 4.49635 3.35469 0.696034 -1.74557 -2.41716 -4.74453 -6.17142 -5.83545 -3.9527 -1.97489 -1.77488 -0.263995 0.799843
30.005 -0.608122 -1.23648 -2.05666 -2.90923 -1.9023 -1.34309 -0.132151 3.44889 5.35904 5.37316 4.78831 3.73815 1.13422 -1.7354 -2.41865 -4.37112 -6.03346 -6.01369 -4.2525 -2.24025 -2.03075 -0.508254 0.570691
30.055 -0.619959 -1.27096 -2.12675 -3.0083 -2.00047 -1.13063 -0.228397 2.74393 4.96063 5.47443 5.13438 4.11909 1.56668 -1.76387 -2.49727 -3.87961 -5.77716 -6.18879 -4.60004 -2.53332 -2.29375 -0.746105 0.356556
30.105 -0.651204 -1.31349 -2.17486 -3.03806 -2.04344 -1.09364 -0.300327 2.19806 4.4624 5.52266 5.45909 4.45727 1.9959 -1.68416 -2.57966 -3.41482 -5.4239 -6.33154 -4.96535 -2.85301 -2.57819 -0.997606 0.138938
30.155 -0.688402 -1.34279 -2.18571 -3.01398 -2.08881 -1.30447 -0.274534 1.93148 3.89951 5.47387 5.67981 4.67695 2.35796 -1.13651 -2.6127 -3.28767 -4.98643 -6.40119 -5.2997 -3.17941 -2.88462 -1.27483 -0.0988808
30.205 -0.721607 -1.35701 -2.17145 -2.96174 -2.11865 -1.57232 -0.328808 1.73054 3.40122 5.37201 5.81165 4.81927 2.71557 -0.387358 -2.52871 -3.32434 -4.56494 -6.42677 -5.58804 -3.48989 -3.19209 -1.56106 -0.347705
30.255 -0.74811 -1.35784 -2.13999 -2.89534 -2.1258 -1.82205 -0.505799 1.51567 3.00598 5.24719 5.8823 4.9167 3.05992 0.403263 -2.33802 -3.38051 -4.20134 -6.42327 -5.82916 -3.7818 -3.49611 -1.84892 -0.600579
30.305 -0.76314 -1.34391 -2.09695 -2.83083 -2.13089 -2.05647 -0.746954 1.29872 2.68766 5.1151 5.91645 4.98531 3.34679 1.07124 -1.94311 -3.31004 -3.97361 -6.40551 -6.02315 -4.0577 -3.79973 -2.13835 -0.85639
30.355 -0.764413 -1.31691 -2.04879 -2.77806 -2.14445 -2.27523 -1.01409 1.08344 2.41949 4.97846 5.92155 5.034 3.58335 1.62714 -1.41703 -3.15421 -3.84082 -6.33717 -6.15835 -4.32867 -4.11437 -2.43 -1.11023
30.405 -0.755212 -1.28245 -2.00204 -2.74078 -2.16776 -2.47504 -1.27926 0.878318 2.18467 4.83885 5.90556 5.07481 3.79075 2.10571 -0.832497 -3.04527 -3.79793 -6.14518 -6.19802 -4.59698 -4.45326 -2.7301 -1.36183
30.455 -0.740495 -1.24681 -1.96215 -2.72008 -2.19966 -2.65378 -1.52652 0.699804 1.97747 4.69062 5.86982 5.11488 3.98585 2.53675 -0.16393 -3.09913 -3.96594 -5.76045 -6.09558 -4.84488 -4.81571 -3.04346 -1.61601
30.505 -0.718127 -1.20923 -1.92888 -2.71604 -2.24456 -2.82136 -1.77163 0.569787 1.79539 4.50436 5.81245 5.17504 4.17685 2.87167 0.388414 -3.00355 -4.10713 -5.40529 -5.91979 -5.07285 -5.18464 -3.36349 -1.87475
30.555 -0.683322 -1.16641 -1.90037 -2.72853 -2.30717 -2.98793 -2.04528 0.506432 1.70537 4.19321 5.67828 5.25033 4.36636 3.09481 0.772051 -2.50276 -4.05386 -5.31705 -5.71028 -5.27153 -5.54129 -3.68999 -2.14808
30.605 -0.641909 -1.12514 -1.88232 -2.75715 -2.37851 -3.13424 -2.33491 0.509146 1.71875 3.7226 5.39915 5.31725 4.58213 3.3022 1.17513 -1.73021 -4.085 -5.48261 -5.38496 -5.38554 -5.85105 -4.01302 -2.43625
30.655 -0.609145 -1.10003 -1.88137 -2.78938 -2.41743 -3.18983 -2.54815 0.291529 1.71665 3.36003 4.97279 5.34854 4.82757 3.53827 1.60889 -0.90003 -4.07171 -5.7215 -5.06836 -5.44233 -6.0944 -4.31502 -2.72935
30.705 -0.584816 -1.08046 -1.87538 -2.79861 -2.41125 -3.18837 -2.77751 -0.237551 1.79663 3.27359 4.41811 5.31666 5.0655 3.76817 1.96382 -0.303708 -3.61421 -5.61924 -5.07698 -5.54806 -6.27897 -4.5863 -3.01547
30.755 -0.563102 -1.05918 -1.86042 -2.79031 -2.37959 -3.15734 -2.99331 -0.827962 1.74447 3.22834 3.91935 5.2523 5.26227 3.97651 2.28491 0.224842 -2.94888 -5.40374 -5.23572 -5.62722 -6.37822 -4.82609 -3.29793
30.805 -0.545711 -1.0394 -1.84283 -2.77356 -2.33273 -3.09954 -3.14451 -1.31738 1.41546 3.05629 3.60043 5.18491 5.41681 4.16652 2.59448 0.737433 -2.15847 -5.18454 -5.51423 -5.63112 -6.3612 -5.02575 -3.57896
30.855 -0.533201 -1.01684 -1.81499 -2.74161 -2.27394 -3.0377 -3.26801 -1.75548 0.968911 2.84703 3.38053 5.10402 5.53604 4.34453 2.88405 1.18698 -1.44135 -4.77296 -5.77333 -5.75845 -6.23489 -5.16383 -3.83927
30.905 -0.517346 -0.976863 -1.76219 -2.68917 -2.21707 -2.99848 -3.39243 -2.15821 0.488195 2.62489 3.21029 5.01431 5.62809 4.50857 3.14072 1.54915 -0.868519 -4.07881 -5.84525 -6.08558 -6.10362 -5.25197 -4.05688
30.955 -0.490575 -0.899624 -1.66288 -2.60609 -2.17606 -3.00122 -3.5311 -2.52938 0.0165085 2.39401 3.05833 4.91694 5.69582 4.6576 3.36954 1.84682 -0.403541 -3.40515 -5.52536 -6.31558 -6.22249 -5.3538 -4.2241
31.005 -0.453169 -0.760535 -1.48333 -2.47063 -2.16318 -3.06376 -3.69197 -2.87199 -0.42517 2.16234 2.91 4.80907 5.73721 4.78644 3.57114 2.0993 -0.00438825 -2.77242 -4.95642 -6.36991 -6.50557 -5.54343 -4.38423
31.055 -0.426717 -0.549437 -1.19113 -2.25359 -2.18035 -3.1969 -3.88187 -3.19416 -0.835354 1.95077 2.76512 4.6762 5.74671 4.8976 3.75597 2.32668 0.353993 -2.1882 -4.3771 -6.18942 -6.67979 -5.87317 -4.65041
31.105 -0.452327 -0.297655 -0.781072 -1.93505 -2.21061 -3.39207 -4.10413 -3.50756 -1.22465 1.76582 2.63605 4.48579 5.70962 5.0037 3.94672 2.54832 0.68326 -1.66941 -3.88548 -5.86857 -6.55219 -6.18944 -5.10414
31.155 -0.566363 -0.085192 -0.2728 -1.51874 -2.2293 -3.62141 -4.34909 -3.81171 -1.59537 1.60589 2.53958 4.18674 5.5893 5.11637 4.16872 2.7781 0.994946 -1.198 -3.44205 -5.52435 -6.31258 -6.33411 -5.49913
31.205 -0.723982 -0.00165355 0.275237 -1.00928 -2.21518 -3.85274 -4.60171 -4.10495 -1.97731 1.50143 2.5104 3.74823 5.33486 5.22943 4.43948 3.03205 1.30338 -0.759905 -3.02904 -5.17006 -6.01282 -6.35591 -5.78863
31.255 -0.809618 0.0129091 0.710727 -0.426512 -2.16028 -4.04966 -4.81419 -4.32117 -2.30043 1.1437 2.4717 3.4495 4.92714 5.29681 4.73259 3.31547 1.63324 -0.321476 -2.61393 -4.79549 -5.66759 -6.27934 -5.97052
31.305 -0.815729 0.0158941 1.05842 0.167302 -2.0654 -4.18232 -4.95964 -4.4633 -2.6274 0.485922 2.45294 3.39772 4.40273 5.28514 4.99967 3.60266 1.97507 0.119171 -2.19152 -4.40162 -5.2866 -6.11992 -6.04498
31.355 -0.799996 0.0467164 1.38454 0.732396 -1.94217 -4.25456 -5.0474 -4.55159 -2.94868 -0.26665 2.31299 3.38655 3.91637 5.23532 5.22763 3.87432 2.31159 0.551264 -1.76921 -3.99681 -4.88028 -5.89277 -6.02055
31.405 -0.77398 0.105488 1.69968 1.26946 -1.80425 -4.28213 -5.09334 -4.59861 -3.21885 -0.950591 1.92779 3.25661 3.58841 5.17809 5.4128 4.12147 2.63698 0.975564 -1.34349 -3.5789 -4.44966 -5.60653 -5.90929
31.455 -0.742429 0.176669 2.00543 1.79253 -1.65867 -4.27207 -5.10224 -4.61442 -3.43672 -1.54957 1.34553 3.01584 3.38682 5.11252 5.55721 4.34229 2.94531 1.38496 -0.922298 -3.15522 -4.00179 -5.27202 -5.72248
31.505 -0.695603 0.283178 2.30844 2.24065 -1.48745 -4.2254 -5.08401 -4.62155 -3.62962 -2.08665 0.729126 2.73928 3.22106 5.02726 5.65929 4.53154 3.2273 1.7679 -0.519664 -2.74066 -3.55161 -4.9072 -5.47722
31.555 -0.620685 0.429978 2.59351 2.60465 -1.29051 -4.14736 -5.04702 -4.63352 -3.80883 -2.55776 0.148605 2.45276 3.05877 4.92437 5.72286 4.68811 3.47872 2.1188 -0.143077 -2.34426 -3.10966 -4.52682 -5.19088
31.605 -0.514499 0.601897 2.82521 2.89824 -1.04845 -4.02604 -4.98931 -4.66495 -3.99185 -2.97001 -0.370594 2.17479 2.89099 4.80441 5.75214 4.81553 3.70147 2.43747 0.205138 -1.97029 -2.68238 -4.14159 -4.87812
31.655 -0.367059 0.797617 2.91682 3.08285 -0.674158 -3.80513 -4.8844 -4.73812 -4.21506 -3.34917 -0.836732 1.935 2.72608 4.65129 5.74362 4.92248 3.90639 2.73 0.527368 -1.61927 -2.27296 -3.75868 -4.55032
31.705 -0.155418 1.03309 2.70903 3.10529 -0.0239093 -3.42307 -4.69513 -4.87043 -4.51841 -3.7301 -1.27175 1.74823 2.58719 4.41822 5.67437 5.0254 4.12008 3.01159 0.831407 -1.28825 -1.88196 -3.38232 -4.21571
31.755 0.0684599 1.19473 2.27278 3.10293 0.781099 -2.89112 -4.40607 -5.03601 -4.89271 -4.12486 -1.68945 1.60051 2.48362 4.04062 5.50013 5.14415 4.38266 3.30652 1.13073 -0.971036 -1.5079 -3.01475 -3.88001
31.805 0.251613 1.31595 2.1231 2.90646 1.16533 -2.1233 -3.97268 -5.15742 -5.27368 -4.51281 -2.11219 1.50907 2.44969 3.52317 5.17857 5.25986 4.69767 3.6242 1.43355 -0.663546 -1.1518 -2.66167 -3.55136
31.855 0.408758 1.41681 2.11729 2.60429 1.3442 -1.30748 -3.48796 -5.21195 -5.59023 -4.82723 -2.50673 1.22857 2.4719 3.12996 4.70082 5.31385 5.0191 3.95841 1.75446 -0.344987 -0.795906 -2.31195 -3.22669
31.905 0.532752 1.45617 2.08627 2.39669 1.50785 -0.609867 -3.01179 -5.18981 -5.7993 -5.03007 -2.86232 0.607615 2.43014 3.01005 4.15827 5.29807 5.30386 4.28341 2.08394 -0.0122767 -0.430963 -1.95514 -2.89773
31.955 0.613698 1.44078 2.03241 2.30968 1.66137 -0.0390539 -2.5562 -5.10172 -5.91107 -5.14767 -3.2032 -0.147839 2.26182 2.96577 3.66917 5.2538 5.54612 4.58346 2.40332 0.318299 -0.0683376 -1.5985 -2.56782
32.005 0.654774 1.39619 1.98404 2.32194 1.78028 0.409068 -2.11778 -4.96765 -5.95067 -5.20703 -3.50879 -0.905879 1.95172 2.89947 3.28454 5.19974 5.7442 4.85171 2.70403 0.638607 0.285927 -1.24664 -2.24025
32.055 0.664421 1.34317 1.95534 2.39834 1.87697 0.747259 -1.69899 -4.80784 -5.9401 -5.22173 -3.74283 -1.54166 1.41803 2.70057 3.05856 5.15986 5.90859 5.09081 2.98467 0.94592 0.630178 -0.900074 -1.91491
32.105 0.656775 1.29425 1.94326 2.4971 1.96366 1.0263 -1.31476 -4.63805 -5.89755 -5.21717 -3.93554 -2.09034 0.840391 2.44703 2.88731 5.11676 6.04119 5.30242 3.24229 1.23344 0.955652 -0.568422 -1.59997
32.155 0.642675 1.2568 1.94766 2.60395 2.0416 1.25782 -0.966353 -4.47178 -5.84194 -5.21115 -4.10087 -2.5527 0.301653 2.17488 2.72934 5.067 6.14485 5.48734 3.47554 1.49823 1.25848 -0.256669 -1.30083
32.205 0.629663 1.23528 1.96942 2.71459 2.1088 1.44674 -0.651784 -4.3172 -5.78516 -5.21192 -4.24658 -2.9346 -0.167849 1.90411 2.57225 5.01177 6.22406 5.64798 3.68517 1.73974 1.53738 0.0330013 -1.02043
32.255 0.623122 1.23076 2.00546 2.82227 2.16863 1.60902 -0.374364 -4.17982 -5.73434 -5.22273 -4.37772 -3.24648 -0.562257 1.64628 2.41461 4.95314 6.28344 5.7877 3.87344 1.95923 1.79297 0.300396 -0.759795
32.305 0.625738 1.24257 2.05344 2.9253 2.22346 1.75091 -0.132214 -4.06131 -5.69293 -5.24433 -4.49779 -3.49981 -0.886546 1.40781 2.25903 4.89303 6.32703 5.90996 4.04319 2.15874 2.02672 0.54632 -0.518846
32.355 0.638583 1.26938 2.11137 3.02346 2.27458 1.87579 0.0777635 -3.96127 -5.66198 -5.27611 -4.60919 -3.70523 -1.14979 1.19152 2.10892 4.83287 6.35808 6.01797 4.19734 2.34063 2.2405 0.772106 -0.296862
32.405 0.661732 1.30952 2.17749 3.11684 2.32282 1.98584 0.258527 -3.87806 -5.641 -5.3168 -4.71356 -3.87171 -1.36186 0.997822 1.96733 4.77359 6.37899 6.11449 4.33868 2.5073 2.43632 0.979322 -0.0927637
32.455 0.694654 1.36128 2.25015 3.20539 2.36894 2.08259 0.412408 -3.80947 -5.62854 -5.36486 -4.81204 -4.00655 -1.53199 0.825596 1.8366 4.71568 6.39143 6.20177 4.46969 2.661 2.61615 1.16959 0.0946985
32.505 0.736479 1.42301 2.32785 3.28891 2.41368 2.16712 0.540956 -3.75298 -5.62263 -5.41866 -4.9054 -4.11547 -1.6683 0.672919 1.71847 4.65937 6.39647 6.28155 4.59247 2.80378 2.78182 1.34451 0.266824
32.555 0.78618 1.49317 2.40927 3.36705 2.45785 2.24013 0.644974 -3.70599 -5.621 -5.47657 -4.99417 -4.20301 -1.77774 0.537584 1.61419 4.60467 6.39475 6.35507 4.70867 2.9374 2.93497 1.50556 0.424894
32.605 0.842687 1.5704 2.49325 3.43943 2.50227 2.30202 0.724716 -3.66603 -5.62133 -5.53702 -5.07866 -4.27272 -1.86618 0.417485 1.52463 4.55151 6.38661 6.42318 4.81959 3.06338 3.07703 1.6541 0.570127
32.655 0.90496 1.65346 2.57878 3.50562 2.54762 2.35296 0.780229 -3.63088 -5.62138 -5.59851 -5.15906 -4.32747 -1.93846 0.310852 1.45035 4.49971 6.37223 6.48634 4.92608 3.18294 3.20922 1.79136 0.703669
32.705 0.972017 1.74128 2.66497 3.56525 2.59428 2.39303 0.811798 -3.59864 -5.61918 -5.65972 -5.23547 -4.36959 -1.99853 0.216346 1.3915 4.44909 6.35172 6.54471 5.02868 3.29707 3.33258 1.91845 0.826587
32.755 1.04295 1.83281 2.75099 3.61794 2.64217 2.42233 0.82036 -3.56785 -5.61314 -5.71945 -5.30792 -4.40102 -2.0494 0.133035 1.34783 4.39942 6.32522 6.59822 5.12759 3.40655 3.44795 2.03639 0.939882
32.805 1.11691 1.92708 2.83602 3.66335 2.6907 2.44116 0.80774 -3.53744 -5.60215 -5.77671 -5.37635 -4.42344 -2.09328 0.0602931 1.31865 4.3505 6.29291 6.64658 5.22276 3.51199 3.55607 2.14609 1.04451
32.855 1.19306 2.02303 2.91918 3.70112 2.73884 2.4501 0.776635 -3.50674 -5.58558 -5.83069 -5.44068 -4.43825 -2.13161 -0.0023353 1.30281 4.30209 6.25504 6.68938 5.31392 3.61387 3.65757 2.24845 1.1414
32.905 1.27059 2.11954 2.99952 3.73093 2.78531 2.45005 0.730384 -3.47534 -5.56324 -5.88069 -5.50071 -4.44666 -2.16525 -0.0552587 1.29885 4.25399 6.21191 6.72605 5.40061 3.71254 3.75297 2.34431 1.23146
32.955 1.34866 2.21538 3.076 3.75252 2.82881 2.44217 0.672604 -3.44304 -5.5353 -5.9261 -5.55618 -4.44967 -2.19464 -0.0989371 1.30507 4.20605 6.16384 6.75595 5.48227 3.80829 3.84279 2.43449 1.3156
33.005 1.42638 2.30924 3.14754 3.76574 2.86824 2.42775 0.606823 -3.40977 -5.50215 -5.96632 -5.60663 -4.44809 -2.21992 -0.133949 1.3197 4.15814 6.11116 6.77839 5.55824 3.9013 3.92746 2.51981 1.39471
33.055 1.50285 2.39975 3.21304 3.77054 2.90284 2.40807 0.536158 -3.3756 -5.46432 -6.0007 -5.65149 -4.44251 -2.24119 -0.161033 1.34099 4.1102 6.05419 6.79269 5.62785 3.99173 4.00738 2.60104 1.46968
33.105 1.57716 2.48556 3.2715 3.76705 2.93223 2.38429 0.463104 -3.34065 -5.42233 -6.0285 -5.68999 -4.43334 -2.25853 -0.181108 1.36729 4.06226 5.99324 6.7982 5.69048 4.07968 4.08291 2.67891 1.54136
33.155 1.64843 2.56541 3.32204 3.75558 2.95641 2.35732 0.389421 -3.30517 -5.37666 -6.04885 -5.7212 -4.4208 -2.27215 -0.195279 1.39713 4.0144 5.92863 6.79441 5.74557 4.16521 4.15434 2.75408 1.61053
33.205 1.71586 2.63823 3.36402 3.73659 2.97562 2.32774 0.316124 -3.26945 -5.32762 -6.0608 -5.74409 -4.40497 -2.2824 -0.204825 1.42915 3.96675 5.86069 6.78096 5.79271 4.24833 4.22192 2.82714 1.67795
33.255 1.77876 2.70316 3.39703 3.7107 2.99028 2.29577 0.243553 -3.2338 -5.2754 -6.06332 -5.75757 -4.38583 -2.28979 -0.211171 1.46213 3.91951 5.78979 6.75769 5.83166 4.32904 4.28583 2.89858 1.74425
33.305 1.83659 2.75967 3.42096 3.67868 3.00083 2.26126 0.171502 -3.19856 -5.22004 -6.05539 -5.76056 -4.36331 -2.29497 -0.215833 1.49495 3.87289 5.71634 6.72465 5.86235 4.4073 4.34617 2.96878 1.80997
33.355 1.88895 2.8075 3.43604 3.64141 3.00764 2.22378 0.0993831 -3.16404 -5.16145 -6.03605 -5.75211 -4.33733 -2.29873 -0.220347 1.52658 3.82713 5.64081 6.68213 5.8849 4.48308 4.40301 3.03801 1.87556
33.405 1.93563 2.84674 3.44273 3.59983 3.01093 2.18262 0.0264044 -3.13052 -5.09949 -6.00456 -5.73147 -4.30789 -2.30193 -0.226182 1.55609 3.78243 5.56369 6.63061 5.8996 4.55629 4.45636 3.10642 1.94134
33.455 1.97658 2.87775 3.44178 3.55496 3.01075 2.13699 -0.0482554 -3.09821 -5.03398 -5.96038 -5.69819 -4.27505 -2.30544 -0.234641 1.58265 3.73896 5.4855 6.57074 5.90689 4.62686 4.50618 3.17408 2.00752
33.505 2.01185 2.90112 3.43411 3.50779 3.00699 2.08609 -0.125298 -3.06724 -4.9648 -5.90335 -5.65218 -4.23899 -2.31015 -0.24678 1.6056 3.69683 5.40673 6.50332 5.9073 4.69468 4.55242 3.24096 2.07423
33.555 2.04161 2.91758 3.42076 3.45928 2.99939 2.02927 -0.20519 -3.03769 -4.89194 -5.83367 -5.59371 -4.20001 -2.31682 -0.263332 1.62447 3.65608 5.32784 6.42921 5.90144 4.75963 4.59504 3.30695 2.14146
33.605 2.06611 2.92799 3.40281 3.41029 2.98766 1.96611 -0.288085 -3.00959 -4.81549 -5.75191 -5.52347 -4.15851 -2.32615 -0.28467 1.63899 3.6167 5.24927 6.34934 5.88994 4.82157 4.63397 3.37189 2.20916
33.655 2.08563 2.9332 3.38129 3.36157 2.97148 1.89649 -0.373802 -2.98291 -4.73571 -5.65903 -5.44247 -4.11497 -2.33864 -0.310806 1.64915 3.5786 5.17136 6.26465 5.87344 4.88036 4.66918 3.43557 2.27718
33.705 2.10047 2.93402 3.35718 3.31373 2.95061 1.82066 -0.461829 -2.95757 -4.653 -5.5563 -5.35202 -4.06993 -2.35464 -0.341413 1.65514 3.54167 5.09441 6.17608 5.85256 4.93582 4.70066 3.49777 2.3453
33.755 2.11094 2.93119 3.33132 3.26725 2.92492 1.73918 -0.551377 -2.93348 -4.56791 -5.44525 -5.25368 -4.02395 -2.37431 -0.375888 1.65736 3.50574 5.01865 6.08453 5.82787 4.98778 4.72842 3.55823 2.41327
33.805 2.11736 2.92535 3.3044 3.22243 2.89443 1.6529 -0.641455 -2.91052 -4.48107 -5.32757 -5.14911 -3.97756 -2.3976 -0.413424 1.65637 3.47065 4.94426 5.99087 5.79991 5.03609 4.75254 3.6167 2.48078
33.855 2.11957 2.9169 3.27812 3.18364 2.8533 1.56053 -0.727169 -2.88834 -4.39343 -5.20528 -5.04016 -3.9313 -2.42425 -0.452947 1.65297 3.43629 4.87141 5.89594 5.76914 5.08054 4.77308 3.6729 2.54747
33.905 2.11775 2.90655 3.25395 3.15269 2.79922 1.46098 -0.805795 -2.86612 -4.30559 -5.08024 -4.92869 -3.88574 -2.45393 -0.493379 1.64802 3.40259 4.80025 5.80055 5.73599 5.12098 4.79016 3.72658 2.61296
33.955 2.11271 2.89493 3.23138 3.12581 2.73788 1.35716 -0.879922 -2.84364 -4.21794 -4.95391 -4.81621 -3.84126 -2.48622 -0.533881 1.64218 3.36943 4.73085 5.7054 5.70087 5.15728 4.80399 3.77754 2.6769
34.005 2.10499 2.8823 3.21006 3.10136 2.67192 1.25149 -0.950121 -2.82098 -4.13108 -4.82781 -4.70416 -3.79819 -2.52058 -0.573656 1.63607 3.3367 4.66325 5.61116 5.66412 5.18937 4.81479 3.82566 2.739
34.055 2.095 2.86877 3.18973 3.07855 2.60301 1.14539 -1.01553 -2.7984 -4.04572 -4.70335 -4.59386 -3.75679 -2.55642 -0.612015 1.63026 3.30432 4.59748 5.51842 5.62604 5.21717 4.82283 3.87084 2.79896
34.105 2.08305 2.85441 3.17032 3.05706 2.53165 1.03853 -1.07167 -2.77723 -3.96288 -4.58189 -4.48646 -3.71725 -2.59289 -0.648053 1.62413 3.27265 4.53369 5.42772 5.58689 5.24066 4.8284 3.91302 2.85653
34.155 2.06949 2.83929 3.15162 3.03611 2.4577 0.935424 -1.1199 -2.75719 -3.88293 -4.46463 -4.38374 -3.68208 -2.6235 -0.679971 1.61122 3.24336 4.47277 5.33983 5.54693 5.25975 4.8317 3.95212 2.91147
34.205 2.05475 2.82347 3.13327 3.01497 2.38183 0.838106 -1.16099 -2.7377 -3.80588 -4.3529 -4.28956 -3.66069 -2.63095 -0.702152 1.58409 3.21414 4.4153 5.25608 5.50701 5.2747 4.83288 3.98783 2.96322
34.255 2.03916 2.80693 3.11492 2.99315 2.30504 0.747501 -1.19561 -2.71899 -3.73249 -4.24761 -4.20337 -3.64753 -2.62658 -0.712776 1.55056 3.18259 4.35985 5.17631 5.46739 5.28584 4.83244 4.02032 3.01169
34.305 2.02292 2.78957 3.09625 2.97046 2.22838 0.664208 -1.2242 -2.70111 -3.66315 -4.14924 -4.12473 -3.63952 -2.61558 -0.713432 1.51524 3.14884 4.30576 5.10034 5.42813 5.29334 4.83075 4.04978 3.05684
34.355 2.00616 2.77129 3.077 2.94685 2.15279 0.588481 -1.24719 -2.68402 -3.59802 -4.05799 -4.05337 -3.63523 -2.59992 -0.705752 1.48014 3.11356 4.25281 5.02807 5.3892 5.2973 4.82812 4.07637 3.09863
34.405 1.98777 2.75226 3.06426 2.91569 2.07399 0.526547 -1.26493 -2.66835 -3.53745 -3.97403 -3.98902 -3.63377 -2.58064 -0.691039 1.44636 3.0775 4.20101 4.95945 5.35061 5.29786 4.82477 4.10024 3.13707
34.455 1.96759 2.73414 3.06038 2.87474 1.98889 0.479689 -1.27597 -2.65393 -3.4818 -3.89751 -3.93148 -3.63442 -2.55845 -0.670437 1.41461 3.04128 4.15045 4.89444 5.31237 5.29514 4.82088 4.12154 3.17218
34.505 1.94686 2.71937 3.05749 2.82916 1.90394 0.435358 -1.27666 -2.6305 -3.43539 -3.83272 -3.89546 -3.61741 -2.52048 -0.661956 1.38386 3.00752 4.10257 4.83355 5.27462 5.2892 4.81642 4.14021 3.20378
34.555 1.92676 2.72053 3.04472 2.771 1.82896 0.388274 -1.26353 -2.5937 -3.40259 -3.78291 -3.87982 -3.58331 -2.46232 -0.664082 1.34965 2.97502 4.0579 4.77729 5.2377 5.28031 4.81147 4.15639 3.23196
34.605 1.91262 2.7292 3.02418 2.70469 1.75799 0.346163 -1.23949 -2.55247 -3.37848 -3.74631 -3.87435 -3.54248 -2.39333 -0.665957 1.31303 2.94178 4.0155 4.72545 5.20184 5.26888 4.80624 4.17028 3.25689
34.655 1.90932 2.73032 2.99572 2.64036 1.68914 0.310501 -1.20548 -2.50769 -3.36521 -3.74125 -3.85322 -3.47911 -2.33985 -0.667965 1.27868 2.90961 3.97531 4.67776 5.16707 5.25515 4.80073 4.18192 3.27851
34.705 1.91096 2.72424 2.96118 2.57824 1.62642 0.28137 -1.17835 -2.45424 -3.34637 -3.76904 -3.82689 -3.39628 -2.29314 -0.668367 1.24179 2.87223 3.94236 4.63515 5.1332 5.23897 4.79486 4.19147 3.29705
34.755 1.91304 2.71242 2.92265 2.51918 1.57166 0.258226 -1.15976 -2.41289 -3.31541 -3.78561 -3.81178 -3.3213 -2.24297 -0.661326 1.20057 2.82808 3.91667 4.59821 5.10058 5.22055 4.78851 4.19904 3.31274
34.805 1.91351 2.69596 2.88176 2.46337 1.52354 0.239091 -1.14588 -2.38351 -3.29298 -3.77709 -3.78613 -3.26811 -2.19695 -0.650722 1.15956 2.78298 3.89416 4.56588 5.06949 5.20049 4.78185 4.20481 3.32578
34.855 1.91142 2.67575 2.83977 2.41084 1.48034 0.22133 -1.13701 -2.36145 -3.27163 -3.75725 -3.75483 -3.22266 -2.15673 -0.641402 1.11895 2.73881 3.8739 4.53752 5.03993 5.17914 4.77502 4.20897 3.33637
34.905 1.90642 2.65257 2.79756 2.36128 1.44055 0.203677 -1.13216 -2.34361 -3.24965 -3.73157 -3.72021 -3.18032 -2.12117 -0.634732 1.07833 2.69598 3.85562 4.51273 5.01189 5.1568 4.76808 4.21164 3.34467
34.955 1.89853 2.6271 2.75561 2.31425 1.40308 0.185646 -1.13027 -2.32826 -3.22687 -3.70244 -3.68352 -3.13961 -2.08924 -0.630798 1.03802 2.654 3.83848 4.49177 4.9854 5.13364 4.76103 4.21295 3.35079
35.005 1.88794 2.59985 2.71418 2.26937 1.36733 0.167263 -1.13035 -2.31429 -3.20327 -3.67107 -3.64578 -3.1009 -2.06128 -0.627973 1.00757 2.60436 3.81148 4.4839 4.96224 5.10913 4.75305 4.21267 3.35491
35.055 1.87503 2.57127 2.67336 2.22623 1.3328 0.148571 -1.13173 -2.30109 -3.17901 -3.63841 -3.60785 -3.0639 -2.03535 -0.624313 0.981882 2.54842 3.77866 4.48412 4.94317 5.08448 4.7443 4.21071 3.35706
35.105 1.86021 2.54173 2.63312 2.18446 1.29918 0.129661 -1.13398 -2.28835 -3.15435 -3.6051 -3.56998 -3.02787 -2.01029 -0.620326 0.956759 2.48972 3.74391 4.48792 4.9275 5.06051 4.73532 4.2072 3.35723
35.155 1.84381 2.51146 2.59344 2.14383 1.26632 0.110707 -1.13672 -2.27586 -3.12946 -3.57142 -3.5322 -2.99257 -1.98639 -0.617549 0.931699 2.43701 3.7025 4.48652 4.92177 5.03835 4.72557 4.2018 3.35537
35.205 1.82612 2.48064 2.55426 2.10419 1.23418 0.0918793 -1.13967 -2.26347 -3.10436 -3.53752 -3.49467 -2.9584 -1.96435 -0.616044 0.909203 2.39444 3.64939 4.47443 4.92926 5.02042 4.71528 4.19395 3.35116
35.255 1.80744 2.44945 2.51554 2.06536 1.20265 0.0732208 -1.1427 -2.2511 -3.07913 -3.50361 -3.45765 -2.92536 -1.94345 -0.614304 0.889048 2.35424 3.59111 4.45817 4.94125 5.00669 4.70619 4.18447 3.34455
35.305 1.78794 2.41799 2.47724 2.02726 1.17173 0.0548662 -1.14564 -2.23865 -3.05384 -3.46985 -3.4212 -2.89325 -1.92344 -0.613082 0.868681 2.31545 3.5425 4.43036 4.94218 5.00763 4.70175 4.17224 3.33443
35.355 1.76782 2.38633 2.43933 1.98984 1.14141 0.0368954 -1.14837 -2.22609 -3.02854 -3.4363 -3.3853 -2.86205 -1.90458 -0.613021 0.84792 2.2792 3.50285 4.40156 4.92264 5.01044 4.71498 4.16016 3.31885
35.405 1.74722 2.35456 2.40176 1.953 1.11166 0.0193074 -1.1509 -2.21343 -3.00327 -3.40301 -3.34999 -2.83183 -1.8869 -0.613731 0.8279 2.24594 3.46703 4.37145 4.89485 5.00887 4.73663 4.15532 3.29999
35.455 1.72628 2.32275 2.36453 1.9167 1.08242 0.00210223 -1.15319 -2.20068 -2.97807 -3.37004 -3.31537 -2.8026 -1.87019 -0.614681 0.808922 2.21445 3.43182 4.34019 4.87165 5.00151 4.74811 4.16191 3.28831
35.505 1.70512 2.29094 2.3276 1.88085 1.05363 -0.0147668 -1.15529 -2.18789 -2.95302 -3.33747 -3.28144 -2.77424 -1.85415 -0.615587 0.790861 2.18413 3.3971 4.30886 4.84992 4.9942 4.75343 4.16779 3.2827
35.555 1.68382 2.25918 2.29095 1.84542 1.02526 -0.0313076 -1.1572 -2.17508 -2.92815 -3.30536 -3.24821 -2.74666 -1.83862 -0.616392 0.773542 2.15476 3.36309 4.27799 4.82858 4.98598 4.75618 4.17245 3.27948
35.605 1.66243 2.2275 2.25458 1.81039 0.997301 -0.0475112 -1.15891 -2.16225 -2.90351 -3.27372 -3.21566 -2.71978 -1.82352 -0.6171 0.756858 2.12629 3.32989 4.24766 4.80729 4.97676 4.75705 4.17616 3.27794
35.655 1.64098 2.19592 2.21849 1.77576 0.969757 -0.0633715 -1.16042 -2.14944 -2.87913 -3.24258 -3.18377 -2.69355 -1.80881 -0.617711 0.740756 2.09867 3.29751 4.21783 4.78588 4.96657 4.75641 4.17911 3.27764
35.705 1.61951 2.16445 2.18268 1.74151 0.942623 -0.0788868 -1.16174 -2.13665 -2.85502 -3.21195 -3.15252 -2.66793 -1.79443 -0.618225 0.725207 2.07187 3.26593 4.18846 4.76431 4.95545 4.75449 4.18143 3.27829
35.755 1.59803 2.1331 2.14714 1.70764 0.915899 -0.094059 -1.16287 -2.1239 -2.83119 -3.18181 -3.12189 -2.64286 -1.78037 -0.618634 0.71019 2.04586 3.2351 4.15949 4.74253 4.94351 4.75149 4.1832 3.27964
35.805 1.57658 2.1019 2.11189 1.67416 0.889582 -0.108893 -1.16383 -2.1112 -2.80767 -3.15218 -3.09185 -2.61834 -1.76658 -0.618931 0.69569 2.02061 3.20498 4.13089 4.72056 4.93081 4.74752 4.18448 3.28152
35.855 1.55516 2.07086 2.07692 1.64106 0.863668 -0.123396 -1.16463 -2.09857 -2.78445 -3.12304 -3.06239 -2.59431 -1.75306 -0.619107 0.681691 1.99608 3.17553 4.10262 4.6984 4.91744 4.74271 4.18528 3.28378
35.905 1.53379 2.03998 2.04225 1.60834 0.838155 -0.137575 -1.16527 -2.08602 -2.76155 -3.09439 -3.03349 -2.57077 -1.73977 -0.619157 0.668177 1.97223 3.14671 4.07465 4.67608 4.90345 4.73712 4.18563 3.28628
35.955 1.51249 2.00928 2.00788 1.576 0.813036 -0.15144 -1.16577 -2.07356 -2.73896 -3.06623 -3.00514 -2.54768 -1.7267 -0.619074 0.65513 1.94903 3.11847 4.04698 4.6536 4.8889 4.73084 4.18556 3.28893
36.005 1.49126 1.97876 1.97381 1.54405 0.788308 -0.165001 -1.16614 -2.0612 -2.71669 -3.03854 -2.9773 -2.52502 -1.71382 -0.618857 0.642534 1.92644 3.09078 4.01957 4.63099 4.87386 4.72392 4.18505 3.29163
36.055 1.47012 1.94844 1.94005 1.51248 0.763964 -0.178267 -1.16639 -2.04894 -2.69474 -3.01131 -2.94997 -2.50277 -1.70112 -0.618503 0.630372 1.90445 3.06362 3.99242 4.60826 4.85838 4.71641 4.18412 3.29431
36.105 1.44907 1.91833 1.9066 1.48129 0.739999 -0.191249 -1.16654 -2.0368 -2.67311 -2.98454 -2.92312 -2.48091 -1.68859 -0.618011 0.618627 1.88301 3.03696 3.96553 4.58545 4.84248 4.70836 4.18277 3.29692
36.155 1.42813 1.88843 1.87347 1.45048 0.716406 -0.203956 -1.16659 -2.02478 -2.6518 -2.95822 -2.89675 -2.45942 -1.67621 -0.617383 0.607283 1.86211 3.01077 3.93888 4.56256 4.82622 4.6998 4.18101 3.29939
36.205 1.4073 1.85876 1.84067 1.42005 0.69318 -0.216399 -1.16656 -2.01289 -2.6308 -2.93234 -2.87083 -2.43829 -1.66397 -0.616619 0.596323 1.84171 2.98503 3.91248 4.53962 4.80963 4.69076 4.17884 3.30169
36.255 1.38658 1.82931 1.8082 1.39 0.670312 -0.228588 -1.16645 -2.00113 -2.61013 -2.90688 -2.84535 -2.41749 -1.65186 -0.615723 0.585734 1.8218 2.95974 3.88631 4.51663 4.79273 4.68127 4.17625 3.30378
36.305 1.366 1.80011 1.77605 1.36033 0.647797 -0.240532 -1.16627 -1.9895 -2.58976 -2.88185 -2.8203 -2.39702 -1.63988 -0.614696 0.5755 1.80236 2.93486 3.86038 4.49362 4.77556 4.67136 4.17326 3.30562
36.355 1.34555 1.77114 1.74424 1.33104 0.625628 -0.252241 -1.16603 -1.97801 -2.56971 -2.85722 -2.79566 -2.37686 -1.62801 -0.613542 0.565609 1.78337 2.91039 3.83468 4.4706 4.75813 4.66105 4.16986 3.3072
36.405 1.32524 1.74243 1.71276 1.30211 0.603798 -0.263724 -1.16574 -1.96667 -2.54996 -2.83299 -2.77142 -2.357 -1.61626 -0.612264 0.556046 1.7648 2.88631 3.80921 4.44757 4.74047 4.65035 4.16607 3.30849
36.455 1.30507 1.71397 1.68163 1.27356 0.582299 -0.274989 -1.16541 -1.95547 -2.53051 -2.80915 -2.74757 -2.33742 -1.6046 -0.610865 0.5468 1.74666 2.86262 3.78397 4.42456 4.72261 4.6393 4.16187 3.30948
36.505 1.28506 1.68577 1.65083 1.24538 0.561126 -0.286045 -1.16503 -1.94442 -2.51136 -2.7857 -2.72409 -2.31812 -1.59305 -0.60935 0.53786 1.72891 2.8393 3.75896 4.40157 4.70455 4.6279 4.15729 3.31015
36.555 1.26521 1.65784 1.62038 1.21756 0.540271 -0.2969 -1.16463 -1.93352 -2.49251 -2.76261 -2.70097 -2.29909 -1.58159 -0.607721 0.529215 1.71155 2.81634 3.73418 4.37861 4.68632 4.61616 4.15232 3.3105
36.605 1.24552 1.63018 1.59027 1.1901 0.519728 -0.307561 -1.1642 -1.92277 -2.47395 -2.73989 -2.67821 -2.28031 -1.57022 -0.605982 0.520853 1.69457 2.79373 3.70963 4.35568 4.66793 4.60412 4.14697 3.3105
36.655 1.226 1.60279 1.5605 1.163 0.49949 -0.318037 -1.16375 -1.91216 -2.45567 -2.71752 -2.65579 -2.26178 -1.55893 -0.604138 0.512767 1.67795 2.77146 3.68531 4.33281 4.64939 4.59177 4.14125 3.31017
36.705 1.20665 1.57567 1.53108 1.13625 0.479551 -0.328333 -1.16328 -1.90171 -2.43768 -2.6955 -2.6337 -2.24349 -1.54773 -0.60219 0.504946 1.66168 2.74953 3.66121 4.30999 4.63072 4.57913 4.13516 3.30948
36.755 1.18747 1.54884 1.502 1.10986 0.459904 -0.338458 -1.1628 -1.89141 -2.41996 -2.67382 -2.61193 -2.22543 -1.53661 -0.600144 0.497383 1.64576 2.72794 3.63733 4.28722 4.61192 4.56621 4.12871 3.30845
36.805 1.16847 1.52229 1.47326 1.08381 0.440544 -0.348416 -1.16231 -1.88126 -2.40252 -2.65247 -2.59048 -2.2076 -1.52557 -0.598001 0.490068 1.63017 2.70666 3.61368 4.26453 4.59301 4.55303 4.1219 3.30707
36.855 1.14966 1.49602 1.44486 1.0581 0.421464 -0.358214 -1.16182 -1.87126 -2.38534 -2.63144 -2.56934 -2.18999 -1.5146 -0.595766 0.482994 1.6149 2.6857 3.59025 4.24191 4.574 4.53959 4.11474 3.30534
36.905 1.13103 1.47004 1.41681 1.03273 0.402658 -0.367857 -1.16133 -1.86141 -2.36842 -2.61073 -2.54849 -2.17259 -1.50371 -0.593441 0.476155 1.59995 2.66505 3.56705 4.21936 4.5549 4.5259 4.10724 3.30325
36.955 1.11258 1.44435 1.38909 1.0077 0.384121 -0.377351 -1.16083 -1.85171 -2.35177 -2.59032 -2.52793 -2.15539 -1.49289 -0.591029 0.469542 1.5853 2.6447 3.54406 4.19689 4.53572 4.51198 4.09941 3.30083
37.005 1.09433 1.41894 1.36172 0.982994 0.365846 -0.386701 -1.16034 -1.84216 -2.33537 -2.57022 -2.50766 -2.1384 -1.48214 -0.588534 0.463149 1.57096 2.62465 3.5213 4.17451 4.51645 4.49784 4.09125 3.29805
37.055 1.07626 1.39382 1.33467 0.958617 0.34783 -0.395911 -1.15986 -1.83275 -2.31921 -2.55041 -2.48766 -2.12161 -1.47146 -0.585958 0.456971 1.5569 2.6049 3.49875 4.15221 4.49712 4.48348 4.08277 3.29494
37.105 1.05839 1.36899 1.30797 0.934562 0.330067 -0.404987 -1.15939 -1.82349 -2.30331 -2.53089 -2.46794 -2.10501 -1.46085 -0.583304 0.451 1.54313 2.58543 3.47642 4.13001 4.47773 4.46891 4.07399 3.29149
37.155 1.04072 1.34445 1.28159 0.910826 0.31255 -0.413931 -1.15892 -1.81437 -2.28764 -2.51166 -2.44847 -2.08859 -1.4503 -0.580574 0.445232 1.52964 2.56624 3.4543 4.1079 4.45829 4.45414 4.06489 3.2877
37.205 1.02324 1.3202 1.25555 0.887403 0.295277 -0.422749 -1.15847 -1.80539 -2.27221 -2.4927 -2.42927 -2.07236 -1.43982 -0.577771 0.43966 1.51642 2.54733 3.4324 4.08589 4.43879 4.43918 4.0555 3.28359
37.255 1.00595 1.29623 1.22983 0.864289 0.278242 -0.431445 -1.15803 -1.79655 -2.25701 -2.47401 -2.41032 -2.05631 -1.4294 -0.574899 0.434279 1.50347 2.5287 3.41071 4.06397 4.41925 4.42403 4.04583 3.27916
37.305 0.988858 1.27255 1.20443 0.841482 0.261439 -0.44002 -1.1576 -1.78786 -2.24204 -2.45559 -2.39161 -2.04043 -1.41904 -0.571958 0.429085 1.49078 2.51033 3.38923 4.04216 4.39968 4.40872 4.03587 3.27441
37.355 0.971964 1.24916 1.17936 0.818976 0.244866 -0.44848 -1.15719 -1.7793 -2.22729 -2.43743 -2.37315 -2.02472 -1.40875 -0.568951 0.424072 1.47833 2.49223 3.36796 4.02045 4.38007 4.39323 4.02564 3.26935
37.405 0.955266 1.22605 1.15461 0.796767 0.228518 -0.456826 -1.1568 -1.77087 -2.21276 -2.41952 -2.35492 -2.00918 -1.39851 -0.565881 0.419236 1.46614 2.47438 3.3469 3.99885 4.36044 4.37758 4.01514 3.26399
37.455 0.938765 1.20323 1.13017 0.774851 0.21239 -0.465063 -1.15642 -1.76258 -2.19845 -2.40186 -2.33692 -1.99381 -1.38834 -0.56275 0.414571 1.45419 2.45679 3.32604 3.97736 4.34079 4.36178 4.00439 3.25833
37.505 0.922459 1.18068 1.10604 0.753225 0.196478 -0.473192 -1.15606 -1.75442 -2.18435 -2.38444 -2.31915 -1.97859 -1.37823 -0.55956 0.410074 1.44248 2.43945 3.30539 3.95597 4.32112 4.34583 3.99339 3.25238
37.555 0.906348 1.15842 1.08223 0.731884 0.180779 -0.481217 -1.15572 -1.74639 -2.17046 -2.36727 -2.3016 -1.96353 -1.36817 -0.556313 0.40574 1.431 2.42236 3.28494 3.93469 4.30144 4.32974 3.98214 3.24614
37.605 0.890432 1.13644 1.05872 0.710824 0.165288 -0.48914 -1.1554 -1.73848 -2.15677 -2.35033 -2.28426 -1.94863 -1.35818 -0.55301 0.401565 1.41975 2.40551 3.26469 3.91352 4.28174 4.31352 3.97066 3.23963
37.655 0.874709 1.11473 1.03551 0.690041 0.150003 -0.496963 -1.15509 -1.73071 -2.14328 -2.33362 -2.26714 -1.93388 -1.34824 -0.549655 0.397545 1.40872 2.38889 3.24463 3.89246 4.26205 4.29717 3.95895 3.23285
37.705 0.859179 1.09329 1.01261 0.669533 0.13492 -0.504689 -1.15481 -1.72305 -2.12999 -2.31714 -2.25023 -1.91928 -1.33835 -0.546248 0.393677 1.39791 2.37251 3.22478 3.87152 4.24235 4.2807 3.94703 3.2258
37.755 0.843841 1.07213 0.990001 0.649293 0.120034 -0.512319 -1.15454 -1.71552 -2.11689 -2.30087 -2.23352 -1.90483 -1.32853 -0.542792 0.389955 1.38731 2.35637 3.20511 3.85069 4.22266 4.26411 3.93489 3.2185
37.805 0.828694 1.05123 0.967685 0.62932 0.105343 -0.519856 -1.15429 -1.70811 -2.10398 -2.28483 -2.21702 -1.89052 -1.31876 -0.539289 0.386377 1.37692 2.34044 3.18564 3.82997 4.20297 4.24742 3.92254 3.21094
37.855 0.813735 1.03061 0.94566 0.609609 0.0908442 -0.527302 -1.15406 -1.70081 -2.09125 -2.269 -2.20071 -1.87635 -1.30904 -0.53574 0.38294 1.36673 2.32474 3.16636 3.80937 4.18329 4.23062 3.91 3.20315
37.905 0.798964 1.01024 0.923921 0.590157 0.0765334 -0.534658 -1.15385 -1.69363 -2.07871 -2.25337 -2.18459 -1.86232 -1.29938 -0.532147 0.379638 1.35675 2.30926 3.14727 3.78888 4.16363 4.21372 3.89726 3.19511
37.955 0.78438 0.99014 0.902465 0.570959 0.062408 -0.541926 -1.15366 -1.68656 -2.06635 -2.23796 -2.16867 -1.84843 -1.28978 -0.528512 0.37647 1.34696 2.294 3.12837 3.76851 4.14398 4.19673 3.88434 3.18685
38.005 0.76998 0.970296 0.881289 0.552013 0.0484649 -0.549108 -1.15349 -1.67961 -2.05416 -2.22274 -2.15293 -1.83467 -1.28023 -0.524836 0.373431 1.33736 2.27894 3.10965 3.74826 4.12435 4.17965 3.87124 3.17837
38.055 0.755763 0.950709 0.860389 0.533314 0.0347014 -0.556205 -1.15333 -1.67276 -2.04215 -2.20772 -2.13737 -1.82104 -1.27073 -0.521121 0.370518 1.32795 2.2641 3.09111 3.72812 4.10474 4.1625 3.85797 3.16967
38.105 0.741728 0.931375 0.839762 0.51486 0.0211146 -0.563218 -1.1532 -1.66602 -2.0303 -2.1929 -2.122 -1.80755 -1.26128 -0.517368 0.367729 1.31873 2.24945 3.07275 3.70809 4.08516 4.14526 3.84454 3.16076
38.155 0.727872 0.912291 0.819404 0.496646 0.00770168 -0.570149 -1.15308 -1.65939 -2.01862 -2.17826 -2.1068 -1.79418 -1.25189 -0.51358 0.365059 1.30968 2.23501 3.05457 3.68819 4.06561 4.12796 3.83095 3.15165
38.205 0.714194 0.893455 0.799312 0.47867 -0.00553989 -0.577 -1.15297 -1.65286 -2.0071 -2.16381 -2.09177 -1.78094 -1.24255 -0.509758 0.362507 1.30081 2.22077 3.03656 3.6684 4.04608 4.11058 3.81721 3.14235
38.255 0.700692 0.874864 0.779483 0.460928 -0.0186127 -0.583771 -1.15289 -1.64643 -1.99575 -2.14955 -2.07692 -1.76782 -1.23326 -0.505902 0.360068 1.29211 2.20672 3.01873 3.64872 4.02659 4.09315 3.80332 3.13285
38.305 0.687365 0.856515 0.759912 0.443417 -0.0315194 -0.590464 -1.15281 -1.6401 -1.98455 -2.13547 -2.06223 -1.75482 -1.22403 -0.502016 0.357741 1.28358 2.19286 3.00108 3.62917 4.00713 4.07565 3.7893 3.12318
38.355 0.674209 0.838405 0.740597 0.426133 -0.0442623 -0.59708 -1.15276 -1.63387 -1.9735 -2.12156 -2.0477 -1.74195 -1.21485 -0.498099 0.355521 1.27522 2.17919 2.98359 3.60973 3.98771 4.05811 3.77514 3.11332
38.405 0.661224 0.820531 0.721535 0.409074 -0.0568438 -0.603619 -1.15272 -1.62773 -1.9626 -2.10782 -2.03334 -1.72919 -1.20571 -0.494154 0.353407 1.26702 2.1657 2.96627 3.5904 3.96833 4.04051 3.76085 3.1033
38.455 0.648407 0.80289 0.702722 0.392236 -0.0692664 -0.610084 -1.1527 -1.62169 -1.95185 -2.09426 -2.01914 -1.71655 -1.19663 -0.490182 0.351395 1.25897 2.1524 2.94911 3.57119 3.94899 4.02287 3.74645 3.09312
38.505 0.635757 0.78548 0.684154 0.375616 -0.0815322 -0.616474 -1.15269 -1.61574 -1.94125 -2.08087 -2.00509 -1.70403 -1.18761 -0.486184 0.349483 1.25108 2.13927 2.93213 3.5521 3.92969 4.00519 3.73193 3.08277
38.555 0.623271 0.768297 0.665828 0.359211 -0.0936435 -0.622791 -1.15269 -1.60987 -1.93079 -2.06763 -1.9912 -1.69162 -1.17863 -0.482161 0.347669 1.24334 2.12632 2.9153 3.53313 3.91044 3.98747 3.71729 3.07228
38.605 0.610947 0.751338 0.647742 0.343018 -0.105603 -0.629036 -1.1527 -1.6041 -1.92047 -2.05456 -1.97746 -1.67932 -1.1697 -0.478116 0.345949 1.23575 2.11354 2.89863 3.51427 3.89123 3.96973 3.70256 3.06164
38.655 0.598784 0.734601 0.629892 0.327035 -0.117411 -0.63521 -1.15273 -1.59841 -1.91029 -2.04165 -1.96387 -1.66714 -1.16082 -0.474049 0.34432 1.22831 2.10092 2.88212 3.49552 3.87207 3.95195 3.68772 3.05086
38.705 0.586779 0.718083 0.612274 0.311257 -0.129072 -0.641313 -1.15277 -1.59281 -1.90024 -2.0289 -1.95042 -1.65506 -1.15199 -0.469961 0.342782 1.22101 2.08848 2.86577 3.4769 3.85297 3.93415 3.67279 3.03995
38.755 0.57493 0.70178 0.594886 0.295683 -0.140587 -0.647346 -1.15283 -1.58729 -1.89032 -2.01629 -1.93712 -1.64309 -1.14322 -0.465854 0.34133 1.21384 2.0762 2.84957 3.45838 3.83392 3.91632 3.65778 3.02891
38.805 0.563236 0.68569 0.577724 0.280309 -0.151957 -0.65331 -1.15289 -1.58185 -1.88054 -2.00384 -1.92396 -1.63123 -1.13449 -0.461729 0.339963 1.20682 2.06407 2.83353 3.43998 3.81492 3.89848 3.64268 3.01774
38.855 0.551695 0.669811 0.560785 0.265133 -0.163185 -0.659207 -1.15296 -1.57649 -1.87088 -1.99154 -1.91094 -1.61947 -1.12581 -0.457587 0.338679 1.19992 2.05211 2.81763 3.4217 3.79597 3.88063 3.6275 3.00646
38.905 0.540304 0.654138 0.544067 0.250152 -0.174273 -0.665035 -1.15304 -1.57121 -1.86134 -1.97938 -1.89806 -1.60781 -1.11718 -0.453429 0.337474 1.19316 2.0403 2.80189 3.40353 3.77709 3.86276 3.61224 2.99506
38.955 0.529061 0.63867 0.527566 0.235363 -0.185223 -0.670797 -1.15313 -1.566 -1.85193 -1.96736 -1.88531 -1.59626 -1.1086 -0.449257 0.336347 1.18652 2.02864 2.78629 3.38547 3.75826 3.84489 3.59692 2.98356
39.005 0.517965 0.623404 0.511278 0.220764 -0.196036 -0.676492 -1.15323 -1.56087 -1.84263 -1.95548 -1.8727 -1.58481 -1.10007 -0.445071 0.335296 1.18 2.01713 2.77083 3.36752 3.73949 3.82701 3.58153 2.97196
39.055 0.507013 0.608337 0.495203 0.206352 -0.206715 -0.682122 -1.15334 -1.5558 -1.83346 -1.94374 -1.86021 -1.57345 -1.09159 -0.440873 0.334318 1.17361 2.00576 2.75552 3.34969 3.72078 3.80913 3.56609 2.96026
39.105 0.496204 0.593466 0.479335 0.192125 -0.21726 -0.687688 -1.15346 -1.55081 -1.8244 -1.93214 -1.84786 -1.5622 -1.08316 -0.436664 0.333411 1.16734 1.99454 2.74035 3.33197 3.70214 3.79125 3.55059 2.94846
39.155 0.485535 0.578788 0.463673 0.178079 -0.227674 -0.693188 -1.15358 -1.54589 -1.81545 -1.92067 -1.83563 -1.55104 -1.07478 -0.432445 0.332573 1.16118 1.98346 2.72532 3.31436 3.68356 3.77338 3.53503 2.93658
39.205 0.475006 0.564301 0.448213 0.164213 -0.237958 -0.698626 -1.15371 -1.54104 -1.80661 -1.90933 -1.82352 -1.53998 -1.06644 -0.428216 0.331802 1.15514 1.97252 2.71043 3.29687 3.66504 3.75552 3.51943 2.92462
39.255 0.464613 0.550002 0.432953 0.150523 -0.248115 -0.704 -1.15384 -1.53625 -1.79789 -1.89811 -1.81154 -1.52901 -1.05816 -0.42398 0.331096 1.1492 1.96172 2.69567 3.27948 3.64659 3.73766 3.50379 2.91257
39.305 0.454355 0.535889 0.41789 0.137008 -0.258145 -0.709311 -1.15398 -1.53153 -1.78927 -1.88703 -1.79968 -1.51814 -1.04992 -0.419736 0.330454 1.14338 1.95105 2.68105 3.26221 3.62821 3.71982 3.4881 2.90046
39.355 0.44423 0.521959 0.403021 0.123666 -0.26805 -0.714561 -1.15412 -1.52687 -1.78075 -1.87606 -1.78794 -1.50736 -1.04173 -0.415487 0.329872 1.13766 1.94051 2.66656 3.24504 3.60989 3.702 3.47238 2.88827
39.405 0.434236 0.508209 0.388344 0.110493 -0.277832 -0.719749 -1.15427 -1.52227 -1.77234 -1.86522 -1.77631 -1.49667 -1.03359 -0.411232 0.32935 1.13204 1.9301 2.6522 3.22798 3.59164 3.68419 3.45663 2.87602
39.455 0.424372 0.494637 0.373855 0.0974881 -0.287492 -0.724876 -1.15442 -1.51773 -1.76402 -1.8545 -1.76481 -1.48607 -1.0255 -0.406973 0.328885 1.12653 1.91982 2.63797 3.21103 3.57347 3.6664 3.44086 2.8637
39.505 0.414635 0.48124 0.359553 0.0846483 -0.297032 -0.729942 -1.15457 -1.51325 -1.75581 -1.84389 -1.75341 -1.47556 -1.01745 -0.40271 0.328475 1.12111 1.90966 2.62387 3.19419 3.55536 3.64864 3.42505 2.85133
39.555 0.405024 0.468017 0.345435 0.0719716 -0.306454 -0.734949 -1.15473 -1.50883 -1.74769 -1.8334 -1.74213 -1.46514 -1.00946 -0.398445 0.328119 1.11579 1.89962 2.60989 3.17746 3.53733 3.6309 3.40923 2.83891
39.605 0.395537 0.454963 0.331497 0.0594558 -0.315758 -0.739895 -1.15488 -1.50446 -1.73967 -1.82303 -1.73096 -1.45481 -1.00151 -0.394179 0.327815 1.11057 1.8897 2.59604 3.16084 3.51936 3.61319 3.39339 2.82643
39.655 0.386172 0.442078 0.317738 0.0470988 -0.324946 -0.744783 -1.15504 -1.50015 -1.73174 -1.81276 -1.71989 -1.44456 -0.993605 -0.389912 0.327562 1.10543 1.8799 2.5823 3.14432 3.50148 3.59551 3.37753 2.81391
39.705 0.376928 0.429359 0.304155 0.0348984 -0.33402 -0.749613 -1.1552 -1.49589 -1.7239 -1.80261 -1.70894 -1.43439 -0.985751 -0.385646 0.327357 1.10039 1.87022 2.56869 3.1279 3.48366 3.57786 3.36167 2.80135
39.755 0.367803 0.416803 0.290746 0.0228526 -0.342981 -0.754384 -1.15536 -1.49168 -1.71615 -1.79256 -1.69809 -1.42432 -0.977945 -0.38138 0.327199 1.09544 1.86065 2.5552 3.1116 3.46592 3.56024 3.34579 2.78875
39.805 0.358795 0.404408 0.277509 0.0109593 -0.35183 -0.759098 -1.15552 -1.48753 -1.70849 -1.78262 -1.68734 -1.41432 -0.970185 -0.377117 0.327087 1.09057 1.85119 2.54183 3.09539 3.44826 3.54266 3.32992 2.77611
39.855 0.349903 0.392172 0.26444 -0.000783523 -0.360569 -0.763754 -1.15567 -1.48342 -1.70091 -1.77279 -1.6767 -1.40441 -0.962474 -0.372856 0.327018 1.08578 1.84184 2.52857 3.07929 3.43067 3.52512 3.31403 2.76344
39.905 0.341124 0.380093 0.251537 -0.0123778 -0.369198 -0.768353 -1.15583 -1.47936 -1.69342 -1.76305 -1.66615 -1.39458 -0.954809 -0.368598 0.326992 1.08107 1.83259 2.51543 3.0633 3.41316 3.50762 3.29816 2.75074
39.955 0.332458 0.368168 0.238799 -0.0238255 -0.37772 -0.772896 -1.15599 -1.47535 -1.68601 -1.75342 -1.65571 -1.38482 -0.947191 -0.364345 0.327006 1.07645 1.82346 2.5024 3.04741 3.39572 3.49016 3.28228 2.73802
40.005 0.323902 0.356396 0.226224 -0.0351286 -0.386135 -0.777383 -1.15614 -1.47139 -1.67869 -1.74388 -1.64536 -1.37515 -0.939621 -0.360096 0.32706 1.0719 1.81442 2.48949 3.03162 3.37836 3.47274 3.26641 2.72528
40.055 0.315456 0.344773 0.213807 -0.0462889 -0.394445 -0.781815 -1.15629 -1.46747 -1.67144 -1.73445 -1.63512 -1.36556 -0.932097 -0.355853 0.327151 1.06743 1.80549 2.47668 3.01593 3.36109 3.45537 3.25055 2.71251
40.105 0.307117 0.333299 0.201549 -0.0573083 -0.402651 -0.786191 -1.15644 -1.46359 -1.66427 -1.7251 -1.62496 -1.35605 -0.92462 -0.351617 0.327279 1.06303 1.79665 2.46398 3.00034 3.34389 3.43805 3.2347 2.69973
40.155 0.298884 0.32197 0.189446 -0.0681887 -0.410754 -0.790513 -1.15658 -1.45976 -1.65717 -1.71586 -1.6149 -1.34661 -0.917189 -0.347387 0.327442 1.05871 1.78792 2.45139 2.98485 3.32677 3.42077 3.21887 2.68693
40.205 0.290756 0.310785 0.177496 -0.0789318 -0.418755 -0.79478 -1.15672 -1.45597 -1.65016 -1.7067 -1.60494 -1.33725 -0.909806 -0.343166 0.327639 1.05445 1.77928 2.43891 2.96947 3.30972 3.40354 3.20305 2.67413
40.255 0.282731 0.299743 0.165698 -0.0895393 -0.426655 -0.798993 -1.15685 -1.45221 -1.64321 -1.69764 -1.59506 -1.32797 -0.902468 -0.338952 0.327868 1.05027 1.77073 2.42653 2.95418 3.29276 3.38636 3.18725 2.66132
40.305 0.274807 0.28884 0.154049 -0.100013 -0.434457 -0.803153 -1.15699 -1.4485 -1.63634 -1.68866 -1.58528 -1.31876 -0.895177 -0.334748 0.328129 1.04615 1.76228 2.41426 2.93899 3.27588 3.36924 3.17147 2.6485
40.355 0.266984 0.278075 0.142547 -0.110355 -0.44216 -0.807259 -1.15711 -1.44483 -1.62954 -1.67978 -1.57558 -1.30962 -0.887932 -0.330553 0.328419 1.04209 1.75392 2.40208 2.9239 3.25908 3.35216 3.15571 2.63567
40.405 0.25926 0.267446 0.13119 -0.120566 -0.449765 -0.811312 -1.15723 -1.44119 -1.62281 -1.67098 -1.56598 -1.30056 -0.880733 -0.326368 0.328737 1.0381 1.74564 2.39001 2.90891 3.24236 3.33515 3.13998 2.62285
40.455 0.251633 0.256952 0.119977 -0.130649 -0.457275 -0.815313 -1.15735 -1.43759 -1.61614 -1.66227 -1.55645 -1.29157 -0.87358 -0.322194 0.329084 1.03418 1.73746 2.37804 2.89401 3.22572 3.31819 3.12428 2.61003
40.505 0.244102 0.246589 0.108905 -0.140605 -0.46469 -0.819262 -1.15745 -1.43403 -1.60955 -1.65363 -1.54702 -1.28265 -0.866473 -0.318032 0.329456 1.03031 1.72936 2.36616 2.87921 3.20917 3.30129 3.10861 2.59721
40.555 0.236665 0.236357 0.0979726 -0.150435 -0.47201 -0.823159 -1.15756 -1.4305 -1.60301 -1.64509 -1.53767 -1.2738 -0.859412 -0.313881 0.329854 1.0265 1.72134 2.35438 2.86451 3.19269 3.28444 3.09296 2.5844
40.605 0.229322 0.226254 0.0871776 -0.160141 -0.479238 -0.827005 -1.15765 -1.427 -1.59655 -1.63662 -1.5284 -1.26503 -0.852397 -0.309743 0.330275 1.02275 1.71341 2.3427 2.8499 3.1763 3.26766 3.07735 2.5716
40.655 0.222072 0.216278 0.0765184 -0.169725 -0.486374 -0.830799 -1.15774 -1.42354 -1.59014 -1.62823 -1.51921 -1.25632 -0.845427 -0.305618 0.33072 1.01906 1.70556 2.33111 2.83538 3.15999 3.25093 3.06178 2.55881
40.705 0.214912 0.206427 0.0659932 -0.179188 -0.493419 -0.834543 -1.15782 -1.4201 -1.5838 -1.61993 -1.5101 -1.24768 -0.838502 -0.301506 0.331186 1.01542 1.69779 2.31962 2.82096 3.14376 3.23427 3.04624 2.54603
40.755 0.207841 0.1967 0.0556002 -0.188532 -0.500374 -0.838236 -1.15789 -1.4167 -1.57752 -1.61169 -1.50108 -1.23911 -0.831623 -0.297408 0.331673 1.01183 1.69009 2.30821 2.80663 3.12761 3.21767 3.03074 2.53326
40.805 0.200859 0.187094 0.0453376 -0.197758 -0.50724 -0.84188 -1.15796 -1.41333 -1.57129 -1.60354 -1.49213 -1.23061 -0.824789 -0.293324 0.33218 1.0083 1.68248 2.2969 2.7924 3.11155 3.20114 3.01528 2.52052
40.855 0.193964 0.177609 0.0352038 -0.206868 -0.514018 -0.845473 -1.15801 -1.40999 -1.56513 -1.59546 -1.48326 -1.22218 -0.818 -0.289256 0.332706 1.00482 1.67494 2.28568 2.77826 3.09557 3.18466 2.99986 2.50779
40.905 0.187154 0.168241 0.025197 -0.215862 -0.520709 -0.849018 -1.15806 -1.40668 -1.55902 -1.58745 -1.47447 -1.21381 -0.811256 -0.285203 0.33325 1.00138 1.66747 2.27454 2.7642 3.07967 3.16826 2.98449 2.49508
40.955 0.18043 0.158991 0.0153155 -0.224743 -0.527314 -0.852513 -1.1581 -1.4034 -1.55297 -1.57952 -1.46575 -1.20551 -0.804557 -0.281165 0.33381 0.997995 1.66008 2.2635 2.75024 3.06386 3.15192 2.96915 2.48239
41.005 0.173789 0.149857 0.00555785 -0.233513 -0.533834 -0.85596 -1.15813 -1.40014 -1.54698 -1.57166 -1.45711 -1.19727 -0.797902 -0.277144 0.334387 0.994656 1.65275 2.25254 2.73637 3.04812 3.13565 2.95387 2.46973
41.055 0.16723 0.140835 -0.0040777 -0.242171 -0.54027 -0.859358 -1.15815 -1.39691 -1.54103 -1.56387 -1.44854 -1.1891 -0.791292 -0.273139 0.334978 0.991363 1.6455 2.24166 2.72259 3.03247 3.11944 2.93863 2.45709
41.105 0.160753 0.131927 -0.0135927 -0.25072 -0.546623 -0.862709 -1.15816 -1.3937 -1.53515 -1.55614 -1.44004 -1.18099 -0.784726 -0.269152 0.335584 0.988114 1.63832 2.23087 2.7089 3.01691 3.10331 2.92344 2.44448
41.155 0.154356 0.123129 -0.0229887 -0.259161 -0.552893 -0.866011 -1.15816 -1.39052 -1.52931 -1.54849 -1.43162 -1.17295 -0.778205 -0.265182 0.336204 0.984908 1.6312 2.22017 2.69529 3.00142 3.08724 2.9083 2.43189
41.205 0.148037 0.11444 -0.0322672 -0.267495 -0.559081 -0.869267 -1.15815 -1.38737 -1.52352 -1.5409 -1.42326 -1.16496 -0.771728 -0.261229 0.336835 0.981744 1.62415 2.20954 2.68177 2.98602 3.07124 2.89321 2.41934
41.255 0.141797 0.105859 -0.0414298 -0.275723 -0.565189 -0.872475 -1.15813 -1.38424 -1.51779 -1.53338 -1.41498 -1.15705 -0.765295 -0.257295 0.337479 0.978622 1.61717 2.199 2.66834 2.97071 3.05531 2.87817 2.40682
41.305 0.135634 0.0973844 -0.0504779 -0.283848 -0.571216 -0.875637 -1.1581 -1.38113 -1.5121 -1.52592 -1.40677 -1.14919 -0.758906 -0.253379 0.338134 0.975539 1.61025 2.18854 2.655 2.95547 3.03946 2.86318 2.39433
41.355 0.129546 0.0890149 -0.059413 -0.291869 -0.577165 -0.878752 -1.15806 -1.37804 -1.50646 -1.51853 -1.39862 -1.14139 -0.752561 -0.249481 0.338798 0.972496 1.60339 2.17815 2.64174 2.94032 3.02367 2.84825 2.38187
41.405 0.123534 0.0807489 -0.0682365 -0.299789 -0.583036 -0.881821 -1.15801 -1.37498 -1.50087 -1.5112 -1.39054 -1.13365 -0.746259 -0.245603 0.339473 0.96949 1.5966 2.16785 2.62857 2.92525 3.00796 2.83337 2.36945
41.455 0.117595 0.0725852 -0.0769499 -0.307608 -0.588829 -0.884845 -1.15795 -1.37193 -1.49533 -1.50394 -1.38253 -1.12598 -0.74 -0.241745 0.340156 0.966521 1.58987 2.15762 2.61548 2.91027 2.99232 2.81855 2.35707
41.505 0.11173 0.0645224 -0.0855545 -0.315328 -0.594546 -0.887823 -1.15787 -1.36891 -1.48983 -1.49673 -1.37459 -1.11836 -0.733785 -0.237906 0.340847 0.963588 1.58319 2.14747 2.60248 2.89536 2.97675 2.80379 2.34472
41.555 0.105936 0.0565592 -0.0940516 -0.322949 -0.600186 -0.890756 -1.15778 -1.3659 -1.48438 -1.48959 -1.3667 -1.1108 -0.727614 -0.234087 0.341545 0.960689 1.57658 2.13739 2.58956 2.88054 2.96126 2.78908 2.33241
41.605 0.100213 0.0486943 -0.102443 -0.330474 -0.605752 -0.893644 -1.15769 -1.36292 -1.47897 -1.4825 -1.35889 -1.1033 -0.721485 -0.230288 0.34225 0.957825 1.57002 2.12739 2.57672 2.8658 2.94584 2.77443 2.32015
41.655 0.09456 0.0409264 -0.110729 -0.337903 -0.611244 -0.896488 -1.15758 -1.35996 -1.4736 -1.47547 -1.35114 -1.09586 -0.715399 -0.22651 0.342961 0.954994 1.56352 2.11746 2.56397 2.85115 2.93049 2.75984 2.30792
41.705 0.0889762 0.0332542 -0.118912 -0.345236 -0.616662 -0.899287 -1.15746 -1.35701 -1.46828 -1.4685 -1.34345 -1.08848 -0.709356 -0.222752 0.343678 0.952195 1.55707 2.1076 2.55129 2.83657 2.91522 2.74532 2.29573
41.755 0.0834607 0.0256767 -0.126993 -0.352477 -0.622007 -0.902043 -1.15732 -1.35408 -1.463 -1.46159 -1.33582 -1.08115 -0.703355 -0.219016 0.344399 0.949428 1.55068 2.09782 2.5387 2.82208 2.90002 2.73085 2.28359
41.805 0.0780125 0.0181924 -0.134972 -0.359624 -0.62728 -0.904755 -1.15718 -1.35117 -1.45776 -1.45474 -1.32825 -1.07388 -0.697397 -0.215301 0.345125 0.94669 1.54434 2.08811 2.52619 2.80767 2.8849 2.71644 2.27149
41.855 0.0726307 0.0108003 -0.142853 -0.36668 -0.632482 -0.907424 -1.15702 -1.34827 -1.45256 -1.44794 -1.32075 -1.06667 -0.691481 -0.211607 0.345855 0.943983 1.53806 2.07847 2.51376 2.79334 2.86985 2.7021 2.25943
41.905 0.0673144 0.00349914 -0.150634 -0.373646 -0.637614 -0.910049 -1.15685 -1.34539 -1.4474 -1.44119 -1.3133 -1.05951 -0.685608 -0.207935 0.346587 0.941304 1.53183 2.06889 2.50141 2.77909 2.85488 2.68782 2.24742
41.955 0.0620629 -0.00371219 -0.158319 -0.380522 -0.642676 -0.912633 -1.15667 -1.34253 -1.44228 -1.4345 -1.30591 -1.0524 -0.679776 -0.204285 0.347322 0.938653 1.52565 2.05939 2.48913 2.76493 2.83998 2.6736 2.23546
42.005 0.0568753 -0.0108348 -0.165907 -0.38731 -0.647668 -0.915174 -1.15647 -1.33968 -1.43719 -1.42786 -1.29858 -1.04535 -0.673986 -0.200657 0.348059 0.93603 1.51951 2.04995 2.47694 2.75084 2.82516 2.65945 2.22354
42.055 0.0517507 -0.0178699 -0.173401 -0.39401 -0.652592 -0.917672 -1.15626 -1.33685 -1.43215 -1.42127 -1.29131 -1.03836 -0.668238 -0.197051 0.348798 0.933433 1.51343 2.04058 2.46482 2.73684 2.81042 2.64536 2.21167
42.105 0.0466884 -0.0248186 -0.180801 -0.400624 -0.657449 -0.92013 -1.15604 -1.33403 -1.42714 -1.41473 -1.2841 -1.03142 -0.662531 -0.193467 0.349538 0.930862 1.5074 2.03128 2.45278 2.72292 2.79575 2.63133 2.19985
42.155 0.0416875 -0.0316818 -0.188108 -0.407153 -0.662238 -0.922545 -1.15581 -1.33123 -1.42216 -1.40825 -1.27694 -1.02453 -0.656865 -0.189906 0.350278 0.928316 1.50141 2.02204 2.44082 2.70907 2.78116 2.61737 2.18808
42.205 0.0367474 -0.0384607 -0.195324 -0.413597 -0.666961 -0.92492 -1.15556 -1.32844 -1.41722 -1.40182 -1.26984 -1.01769 -0.651241 -0.186368 0.351018 0.925794 1.49547 2.01287 2.42893 2.69531 2.76665 2.60348 2.17636
42.255 0.0318671 -0.0451564 -0.202449 -0.419957 -0.671618 -0.927253 -1.1553 -1.32566 -1.41232 -1.39543 -1.2628 -1.01091 -0.645657 -0.182853 0.351758 0.923296 1.48958 2.00376 2.41712 2.68163 2.75221 2.58966 2.16469
42.305 0.027046 -0.0517698 -0.209485 -0.426235 -0.676211 -0.929546 -1.15503 -1.3229 -1.40745 -1.38909 -1.25581 -1.00418 -0.640115 -0.179361 0.352498 0.920821 1.48373 1.99471 2.40539 2.66802 2.73785 2.5759 2.15306
42.355 0.0222832 -0.0583019 -0.216433 -0.432431 -0.680738 -0.931799 -1.15474 -1.32015 -1.40262 -1.3828 -1.24887 -0.997495 -0.634613 -0.175892 0.353236 0.918368 1.47793 1.98573 2.39373 2.6545 2.72356 2.5622 2.14149
42.405 0.0175782 -0.0647538 -0.223293 -0.438546 -0.685202 -0.934012 -1.15444 -1.31741 -1.39782 -1.37656 -1.24199 -0.990865 -0.629151 -0.172446 0.353972 0.915938 1.47217 1.97681 2.38214 2.64105 2.70936 2.54858 2.12997
42.455 0.0129301 -0.0711265 -0.230067 -0.444582 -0.689603 -0.936185 -1.15413 -1.31468 -1.39305 -1.37037 -1.23516 -0.984286 -0.62373 -0.169024 0.354707 0.913528 1.46645 1.96795 2.37062 2.62769 2.69523 2.53502 2.11851
42.505 0.00833832 -0.0774209 -0.236757 -0.450538 -0.693941 -0.938319 -1.1538 -1.31197 -1.38831 -1.36422 -1.22838 -0.977758 -0.618349 -0.165625 0.355439 0.911139 1.46078 1.95915 2.35918 2.6144 2.68117 2.52153 2.10709
42.555 0.00380205 -0.0836379 -0.243361 -0.456417 -0.698218 -0.940414 -1.15346 -1.30926 -1.38361 -1.35812 -1.22165 -0.971279 -0.613008 -0.162249 0.356168 0.90877 1.45515 1.95041 2.34782 2.60119 2.6672 2.50811 2.09573
42.605 -0.000679354 -0.0897785 -0.249883 -0.462218 -0.702433 -0.94247 -1.15311 -1.30657 -1.37894 -1.35206 -1.21498 -0.964849 -0.607706 -0.158898 0.356894 0.90642 1.44956 1.94173 2.33652 2.58806 2.6533 2.49476 2.08443
42.655 -0.00510656 -0.0958436 -0.256323 -0.467943 -0.706587 -0.944487 -1.15274 -1.30389 -1.37429 -1.34605 -1.20835 -0.958468 -0.602444 -0.15557 0.357617 0.90409 1.44401 1.93311 2.32529 2.575 2.63947 2.48147 2.07317
42.705 -0.00948024 -0.101834 -0.262681 -0.473592 -0.710681 -0.946466 -1.15236 -1.30121 -1.36968 -1.34008 -1.20178 -0.952136 -0.597222 -0.152266 0.358336 0.901777 1.4385 1.92454 2.31414 2.56203 2.62573 2.46826 2.06198
42.755 -0.013801 -0.107751 -0.268958 -0.479166 -0.714716 -0.948408 -1.15196 -1.29855 -1.3651 -1.33416 -1.19525 -0.945852 -0.592039 -0.148986 0.359051 0.899483 1.43303 1.91604 2.30305 2.54913 2.61206 2.45511 2.05083
42.805 -0.0180696 -0.113595 -0.275157 -0.484667 -0.718691 -0.950311 -1.15155 -1.2959 -1.36054 -1.32827 -1.18878 -0.939615 -0.586894 -0.14573 0.359762 0.897205 1.42759 1.90759 2.29204 2.5363 2.59846 2.44204 2.03974
42.855 -0.0222866 -0.119367 -0.281277 -0.490094 -0.722608 -0.952177 -1.15113 -1.29325 -1.35602 -1.32243 -1.18235 -0.933426 -0.581789 -0.142498 0.360468 0.894945 1.4222 1.89919 2.28109 2.52356 2.58495 2.42903 2.02871
42.905 -0.0264526 -0.125068 -0.287319 -0.495449 -0.726468 -0.954006 -1.1507 -1.29062 -1.35152 -1.31663 -1.17597 -0.927285 -0.576722 -0.13929 0.361169 0.892701 1.41684 1.89085 2.27022 2.51089 2.57151 2.41609 2.01773
42.955 -0.0305682 -0.130699 -0.293284 -0.500732 -0.73027 -0.955799 -1.15025 -1.28799 -1.34705 -1.31087 -1.16964 -0.921189 -0.571694 -0.136106 0.361864 0.890472 1.41152 1.88257 2.25941 2.49829 2.55814 2.40322 2.00681
43.005 -0.034634 -0.13626 -0.299174 -0.505945 -0.734016 -0.957554 -1.14978 -1.28537 -1.34261 -1.30516 -1.16336 -0.91514 -0.566704 -0.132947 0.362554 0.88826 1.40623 1.87434 2.24867 2.48577 2.54485 2.39043 1.99594
43.055 -0.0386507 -0.141753 -0.304988 -0.511087 -0.737705 -0.959274 -1.14931 -1.28276 -1.33819 -1.29948 -1.15712 -0.909137 -0.561753 -0.129811 0.363239 0.886062 1.40098 1.86616 2.238 2.47333 2.53164 2.3777 1.98513
43.105 -0.0426188 -0.147177 -0.310729 -0.51616 -0.741339 -0.960957 -1.14882 -1.28016 -1.33381 -1.29384 -1.15093 -0.90318 -0.556839 -0.1267 0.363917 0.883879 1.39577 1.85804 2.22739 2.46096 2.51851 2.36504 1.97438
43.155 -0.0465389 -0.152535 -0.316396 -0.521165 -0.744917 -0.962605 -1.14831 -1.27757 -1.32944 -1.28825 -1.14478 -0.897267 -0.551963 -0.123613 0.364589 0.881709 1.39059 1.84997 2.21685 2.44866 2.50545 2.35245 1.96368
43.205 -0.0504115 -0.157826 -0.32199 -0.526101 -0.748441 -0.964217 -1.1478 -1.27498 -1.32511 -1.28269 -1.13868 -0.8914 -0.547124 -0.120551 0.365254 0.879554 1.38544 1.84195 2.20638 2.43644 2.49246 2.33993 1.95304
43.255 -0.0542372 -0.163052 -0.327513 -0.530971 -0.751911 -0.965794 -1.14726 -1.27241 -1.3208 -1.27717 -1.13263 -0.885577 -0.542323 -0.117512 0.365913 0.877412 1.38033 1.83399 2.19597 2.42429 2.47955 2.32748 1.94246
43.305 -0.0580166 -0.168214 -0.332965 -0.535774 -0.755328 -0.967336 -1.14672 -1.26983 -1.31651 -1.27168 -1.12662 -0.879798 -0.537559 -0.114498 0.366565 0.875283 1.37525 1.82607 2.18562 2.41222 2.46672 2.3151 1.93193
43.355 -0.0617502 -0.173311 -0.338347 -0.540511 -0.758692 -0.968844 -1.14616 -1.26727 -1.31225 -1.26624 -1.12065 -0.874063 -0.532832 -0.111509 0.36721 0.873166 1.3702 1.81821 2.17534 2.40022 2.45396 2.30279 1.92146
43.405 -0.0654385 -0.178345 -0.343659 -0.545183 -0.762003 -0.970317 -1.14559 -1.26471 -1.30801 -1.26083 -1.11473 -0.868371 -0.528142 -0.108543 0.367847 0.871062 1.36519 1.81039 2.16513 2.38829 2.44128 2.29055 1.91105
43.455 -0.0690821 -0.183316 -0.348903 -0.549791 -0.765262 -0.971756 -1.145 -1.26216 -1.3038 -1.25546 -1.10885 -0.862722 -0.523489 -0.105602 0.368477 0.86897 1.36021 1.80263 2.15498 2.37643 2.42867 2.27838 1.90069
43.505 -0.0726815 -0.188225 -0.354079 -0.554335 -0.768469 -0.973162 -1.1444 -1.25962 -1.29961 -1.25012 -1.10301 -0.857117 -0.518872 -0.102685 0.369099 0.866889 1.35525 1.79491 2.14489 2.36465 2.41613 2.26628 1.89039
43.555 -0.0762371 -0.193074 -0.359187 -0.558816 -0.771626 -0.974534 -1.14379 -1.25708 -1.29544 -1.24482 -1.09722 -0.851553 -0.514291 -0.0997929 0.369714 0.864819 1.35033 1.78724 2.13486 2.35294 2.40367 2.25425 1.88015
43.605 -0.0797495 -0.197861 -0.36423 -0.563235 -0.774732 -0.975872 -1.14316 -1.25455 -1.2913 -1.23955 -1.09146 -0.846032 -0.509746 -0.0969246 0.37032 0.86276 1.34544 1.77962 2.1249 2.34129 2.39128 2.24229 1.86997
43.655 -0.0832191 -0.202589 -0.369207 -0.567592 -0.777788 -0.977178 -1.14252 -1.25202 -1.28718 -1.23432 -1.08575 -0.840553 -0.505237 -0.0940805 0.370918 0.860712 1.34058 1.77205 2.115 2.32972 2.37897 2.2304 1.85984
43.705 -0.0866466 -0.207258 -0.374118 -0.571888 -0.780795 -0.97845 -1.14187 -1.2495 -1.28308 -1.22913 -1.08008 -0.835115 -0.500764 -0.0912606 0.371508 0.858674 1.33575 1.76452 2.10516 2.31822 2.36673 2.21857 1.84978
43.755 -0.0900322 -0.211869 -0.378966 -0.576124 -0.783752 -0.979691 -1.1412 -1.24698 -1.279 -1.22397 -1.07445 -0.829718 -0.496326 -0.0884648 0.37209 0.856646 1.33095 1.75704 2.09537 2.30679 2.35456 2.20682 1.83976
43.805 -0.0933766 -0.216421 -0.38375 -0.580299 -0.786661 -0.980899 -1.14052 -1.24448 -1.27495 -1.21884 -1.06886 -0.824362 -0.491923 -0.0856932 0.372663 0.854628 1.32617 1.74961 2.08565 2.29543 2.34247 2.19514 1.82981
43.855 -0.0966801 -0.220916 -0.388471 -0.584416 -0.789522 -0.982075 -1.13983 -1.24197 -1.27091 -1.21374 -1.06331 -0.819047 -0.487555 -0.0829456 0.373227 0.852619 1.32142 1.74222 2.07599 2.28414 2.33045 2.18352 1.81991
43.905 -0.0999432 -0.225355 -0.39313 -0.588474 -0.792335 -0.98322 -1.13912 -1.23947 -1.2669 -1.20868 -1.0578 -0.813771 -0.483222 -0.0802221 0.373782 0.850619 1.31671 1.73488 2.06639 2.27292 2.3185 2.17197 1.81007
43.955 -0.103166 -0.229738 -0.397727 -0.592473 -0.795101 -0.984333 -1.1384 -1.23698 -1.26291 -1.20365 -1.05233 -0.808536 -0.478924 -0.0775225 0.374329 0.848628 1.31202 1.72758 2.05685 2.26176 2.30662 2.16049 1.80029
44.005 -0.10635 -0.234065 -0.402264 -0.596416 -0.79782 -0.985414 -1.13767 -1.23449 -1.25894 -1.19866 -1.0469 -0.80334 -0.474661 -0.0748469 0.374866 0.846645 1.30735 1.72033 2.04737 2.25068 2.29482 2.14908 1.79057
44.055 -0.109495 -0.238338 -0.40674 -0.600301 -0.800493 -0.986465 -1.13692 -1.232 -1.25499 -1.19369 -1.0415 -0.798184 -0.470431 -0.0721951 0.375394 0.844671 1.30271 1.71312 2.03794 2.23966 2.28309 2.13774 1.7809
44.105 -0.112601 -0.242557 -0.411157 -0.60413 -0.80312 -0.987486 -1.13616 -1.22952 -1.25106 -1.18876 -1.03615 -0.793066 -0.466236 -0.0695672 0.375913 0.842705 1.2981 1.70595 2.02858 2.22871 2.27142 2.12647 1.77129
44.155 -0.115669 -0.246722 -0.415515 -0.607904 -0.805701 -0.988475 -1.13539 -1.22705 -1.24715 -1.18386 -1.03083 -0.787988 -0.462075 -0.066963 0.376423 0.840747 1.29352 1.69883 2.01927 2.21783 2.25983 2.11526 1.76173
44.205 -0.118699 -0.250834 -0.419814 -0.611622 -0.808237 -0.989435 -1.13461 -1.22458 -1.24326 -1.17899 -1.02555 -0.782948 -0.457947 -0.0643825 0.376923 0.838796 1.28896 1.69175 2.01001 2.20701 2.24831 2.10412 1.75224
44.255 -0.121692 -0.254894 -0.424056 -0.615286 -0.810729 -0.990365 -1.13381 -1.22211 -1.23939 -1.17415 -1.02031 -0.777945 -0.453853 -0.0618256 0.377414 0.836853 1.28443 1.68471 2.00082 2.19626 2.23686 2.09305 1.7428
44.305 -0.124647 -0.258901 -0.42824 -0.618896 -0.813177 -0.991265 -1.133 -1.21965 -1.23553 -1.16934 -1.0151 -0.772981 -0.449792 -0.0592923 0.377895 0.834918 1.27992 1.67772 1.99168 2.18557 2.22548 2.08204 1.73341
44.355 -0.127567 -0.262858 -0.432368 -0.622452 -0.81558 -0.992136 -1.13217 -1.21719 -1.2317 -1.16456 -1.00993 -0.768054 -0.445764 -0.0567825 0.378367 0.832989 1.27543 1.67076 1.98259 2.17496 2.21417 2.07111 1.72408
44.405 -0.13045 -0.266764 -0.43644 -0.625955 -0.817941 -0.992977 -1.13134 -1.21473 -1.22789 -1.15981 -1.0048 -0.763165 -0.441769 -0.054296 0.378828 0.831067 1.27097 1.66385 1.97356 2.1644 2.20293 2.06024 1.71481
44.455 -0.133297 -0.270619 -0.440457 -0.629406 -0.820258 -0.99379 -1.13049 -1.21228 -1.22409 -1.15509 -0.999699 -0.758312 -0.437806 -0.0518329 0.379281 0.829152 1.26654 1.65698 1.96459 2.15391 2.19176 2.04943 1.7056
44.505 -0.136109 -0.274425 -0.444419 -0.632805 -0.822533 -0.994574 -1.12963 -1.20984 -1.22031 -1.1504 -0.994637 -0.753497 -0.433877 -0.049393 0.379723 0.827243 1.26213 1.65014 1.95567 2.14349 2.18065 2.03869 1.69644
44.555 -0.138886 -0.278182 -0.448326 -0.636153 -0.824766 -0.99533 -1.12875 -1.20739 -1.21655 -1.14573 -0.98961 -0.748717 -0.429979 -0.0469763 0.380155 0.82534 1.25774 1.64335 1.9468 2.13313 2.16962 2.02802 1.68733
44.605 -0.141628 -0.28189 -0.45218 -0.639449 -0.826958 -0.996057 -1.12787 -1.20495 -1.21281 -1.1411 -0.984618 -0.743974 -0.426114 -0.0445827 0.380578 0.823444 1.25337 1.6366 1.93799 2.12283 2.15865 2.01741 1.67828
44.655 -0.144336 -0.28555 -0.455981 -0.642696 -0.829107 -0.996757 -1.12697 -1.20252 -1.20908 -1.13649 -0.979661 -0.739267 -0.42228 -0.042212 0.38099 0.821553 1.24903 1.62989 1.92923 2.1126 2.14775 2.00687 1.66929
44.705 -0.14701 -0.289163 -0.459729 -0.645892 -0.831216 -0.997428 -1.12606 -1.20008 -1.20537 -1.13192 -0.974738 -0.734595 -0.418478 -0.0398642 0.381393 0.819668 1.24471 1.62321 1.92052 2.10242 2.13692 1.99639 1.66035
44.755 -0.149651 -0.292728 -0.463425 -0.64904 -0.833285 -0.998073 -1.12514 -1.19765 -1.20168 -1.12737 -0.969848 -0.729959 -0.414708 -0.0375393 0.381785 0.817789 1.24042 1.61658 1.91187 2.09232 2.12615 1.98598 1.65147
44.805 -0.152258 -0.296247 -0.46707 -0.652138 -0.835313 -0.99869 -1.1242 -1.19523 -1.19801 -1.12284 -0.964993 -0.725357 -0.410969 -0.035237 0.382168 0.815915 1.23614 1.60998 1.90327 2.08227 2.11545 1.97564 1.64264
44.855 -0.154833 -0.299719 -0.470664 -0.655188 -0.837301 -0.99928 -1.12326 -1.19281 -1.19435 -1.11835 -0.960171 -0.720791 -0.407261 -0.0329574 0.38254 0.814046 1.23189 1.60342 1.89472 2.07228 2.10482 1.96535 1.63387
44.905 -0.157375 -0.303146 -0.474207 -0.65819 -0.83925 -0.999844 -1.1223 -1.19039 -1.19071 -1.11388 -0.955383 -0.716259 -0.403584 -0.0307003 0.382903 0.812183 1.22766 1.5969 1.88622 2.06236 2.09426 1.95513 1.62515
44.955 -0.159885 -0.306528 -0.477701 -0.661144 -0.84116 -1.00038 -1.12133 -1.18797 -1.18709 -1.10944 -0.950627 -0.711761 -0.399938 -0.0284656 0.383255 0.810324 1.22345 1.59041 1.87777 2.0525 2.08375 1.94498 1.61649
45.005 -0.162364 -0.309867 -0.481147 -0.664055 -0.843034 -1.00089 -1.12035 -1.18556 -1.18348 -1.10502 -0.945901 -0.707294 -0.396318 -0.0262433 0.383623 0.808515 1.21926 1.5837 1.86857 2.04235 2.07961 1.93237 1.59923
45.055 -0.164816 -0.313166 -0.484549 -0.666923 -0.844873 -1.00138 -1.11936 -1.18315 -1.17989 -1.10063 -0.941204 -0.702856 -0.392715 -0.0240057 0.384046 0.80674 1.21488 1.57634 1.85861 2.03341 2.08251 1.91693 1.57018
45.105 -0.167239 -0.316425 -0.487907 -0.66975 -0.846679 -1.00185 -1.11836 -1.18074 -1.17631 -1.09626 -0.936537 -0.698442 -0.38911 -0.0217311 0.384508 0.804884 1.21015 1.56841 1.84865 2.02647 2.08918 1.89963 1.53304
45.155 -0.169636 -0.319648 -0.491225 -0.672539 -0.848455 -1.0023 -1.11735 -1.17834 -1.17274 -1.09192 -0.931894 -0.694035 -0.385472 -0.0193807 0.385008 0.802785 1.20453 1.55912 1.83949 2.03076 2.09018 1.87196 1.50008
45.205 -0.172009 -0.322837 -0.494505 -0.675292 -0.850201 -1.00273 -1.11633 -1.17594 -1.1692 -1.0876 -0.92727 -0.689609 -0.38176 -0.0169502 0.385392 0.800055 1.19774 1.54931 1.83343 2.04411 2.08432 1.83414 1.47068
45.255 -0.174358 -0.32599 -0.497746 -0.678008 -0.851916 -1.00313 -1.11531 -1.17355 -1.16568 -1.0833 -0.922643 -0.685133 -0.377969 -0.0145341 0.385448 0.796579 1.19026 1.5402 1.83059 2.06112 2.07495 1.79054 1.44007
45.305 -0.176682 -0.329109 -0.500949 -0.680688 -0.853602 -1.00352 -1.11428 -1.17117 -1.16217 -1.07902 -0.917991 -0.680593 -0.374138 -0.0122474 0.385067 0.792472 1.18259 1.53224 1.8303 2.07966 2.06355 1.74325 1.40685
45.355 -0.178985 -0.332197 -0.504118 -0.683338 -0.855272 -1.0039 -1.11321 -1.16863 -1.15844 -1.07505 -0.915664 -0.673449 -0.368572 -0.0123727 0.383968 0.788157 1.17523 1.52561 1.83193 2.09864 2.0508 1.69363 1.37077
45.405 -0.181266 -0.335254 -0.507258 -0.685977 -0.856942 -1.00423 -1.11194 -1.16576 -1.15465 -1.07215 -0.91634 -0.662474 -0.359955 -0.0157605 0.38144 0.783695 1.1686 1.52043 1.83507 2.11736 2.03701 1.64265 1.33206
45.455 -0.183523 -0.338283 -0.510382 -0.688614 -0.858582 -1.00444 -1.11044 -1.16272 -1.1511 -1.07019 -0.918469 -0.649963 -0.348236 -0.0206093 0.376926 0.77882 1.16276 1.51672 1.8394 2.13536 2.02237 1.59104 1.29111
45.505 -0.185759 -0.341294 -0.513501 -0.691243 -0.860165 -1.00449 -1.10869 -1.15951 -1.14782 -1.0695 -0.921477 -0.636811 -0.333232 -0.0255816 0.369871 0.773256 1.15769 1.51447 1.84472 2.15236 2.00698 1.53938 1.2484
45.555 -0.187979 -0.344299 -0.516635 -0.693884 -0.861674 -1.00424 -1.10638 -1.15586 -1.14563 -1.07376 -0.921708 -0.619053 -0.319016 -0.0312701 0.361063 0.767251 1.15333 1.5135 1.85079 2.16815 1.99094 1.4881 1.20441
45.605 -0.190186 -0.347312 -0.5198 -0.696511 -0.862991 -1.00355 -1.10359 -1.15241 -1.14505 -1.08077 -0.920043 -0.598152 -0.304287 -0.037569 0.350451 0.760764 1.14963 1.51368 1.85742 2.18261 1.97434 1.43754 1.15957
45.655 -0.192392 -0.350355 -0.522992 -0.699062 -0.86402 -1.00242 -1.10059 -1.14947 -1.14581 -1.08915 -0.917433 -0.575291 -0.288276 -0.0438083 0.337715 0.753761 1.14615 1.51494 1.86732 2.19373 1.95408 1.39053 1.11493
45.705 -0.194618 -0.353438 -0.526186 -0.701469 -0.864727 -1.00095 -1.09759 -1.14715 -1.14761 -1.09836 -0.914243 -0.551065 -0.271197 -0.0495188 0.323596 0.745589 1.14289 1.51788 1.88002 2.20086 1.93033 1.34701 1.07126
45.755 -0.196879 -0.356562 -0.529345 -0.703686 -0.865117 -0.999239 -1.09469 -1.14541 -1.15024 -1.10811 -0.910675 -0.525889 -0.253279 -0.0545001 0.308771 0.736274 1.14 1.52226 1.89327 2.20537 1.90524 1.30523 1.02854
45.805 -0.199187 -0.359714 -0.532431 -0.705684 -0.865218 -0.99737 -1.09198 -1.14421 -1.15352 -1.11826 -0.906865 -0.500058 -0.23466 -0.0586416 0.293661 0.72608 1.1374 1.52752 1.90623 2.20806 1.87966 1.26461 0.986714
45.855 -0.201546 -0.362877 -0.535416 -0.707461 -0.865062 -0.995351 -1.08936 -1.14356 -1.15827 -1.12802 -0.901999 -0.474484 -0.215602 -0.0618724 0.278624 0.715284 1.13496 1.53317 1.91855 2.20938 1.85401 1.22496 0.945747
45.905 -0.203952 -0.366041 -0.538305 -0.709022 -0.864578 -0.992961 -1.08668 -1.14406 -1.1667 -1.13521 -0.893667 -0.451004 -0.196836 -0.0643129 0.263997 0.704228 1.1326 1.53888 1.93002 2.20963 1.82854 1.18624 0.905631
45.955 -0.2064 -0.3692 -0.541068 -0.710295 -0.863699 -0.990352 -1.08442 -1.14588 -1.17663 -1.14092 -0.883661 -0.428143 -0.178209 -0.0661535 0.249733 0.693024 1.13028 1.54445 1.94057 2.20894 1.8034 1.14843 0.866368
46.005 -0.20889 -0.372334 -0.543657 -0.711234 -0.862486 -0.987738 -1.08277 -1.14871 -1.18713 -1.14586 -0.872789 -0.405331 -0.159547 -0.0674302 0.235834 0.681721 1.12793 1.54975 1.95014 2.20744 1.7787 1.11155 0.827976
46.055 -0.211415 -0.375411 -0.546027 -0.711838 -0.861034 -0.985261 -1.08173 -1.1523 -1.19791 -1.15034 -0.861376 -0.382408 -0.140755 -0.0681539 0.222335 0.670369 1.12548 1.55466 1.9587 2.20521 1.75452 1.07565 0.790478
46.105 -0.213957 -0.378394 -0.548149 -0.712134 -0.859432 -0.982995 -1.08124 -1.15647 -1.20883 -1.15452 -0.849589 -0.359332 -0.121788 -0.0683441 0.209274 0.659028 1.12288 1.55909 1.96623 2.20231 1.7309 1.04073 0.753902
46.155 -0.216492 -0.381247 -0.550011 -0.712163 -0.857752 -0.980975 -1.08126 -1.1611 -1.21984 -1.15847 -0.83752 -0.336102 -0.102629 -0.0680319 0.196677 0.647755 1.12008 1.56299 1.97273 2.19879 1.70789 1.00685 0.718281
46.205 -0.218991 -0.383942 -0.551613 -0.711964 -0.856048 -0.979216 -1.08171 -1.1661 -1.2309 -1.16223 -0.825225 -0.312725 -0.0832774 -0.0672557 0.184556 0.636601 1.11708 1.56631 1.97818 2.19467 1.68552 0.974011 0.683647
46.255 -0.221425 -0.386457 -0.552965 -0.711578 -0.85436 -0.97772 -1.08258 -1.17143 -1.24198 -1.16582 -0.812736 -0.289211 -0.0637403 -0.0660561 0.172913 0.625608 1.11387 1.56902 1.98258 2.18997 1.66379 0.942256 0.650032
46.305 -0.223766 -0.388776 -0.554078 -0.711037 -0.852716 -0.976484 -1.0838 -1.17704 -1.25308 -1.16926 -0.800073 -0.265571 -0.0440287 -0.0644723 0.161738 0.614807 1.11046 1.5711 1.98593 2.18471 1.64273 0.911608 0.617471
46.355 -0.225993 -0.39089 -0.554967 -0.710373 -0.851138 -0.975503 -1.08536 -1.18289 -1.26418 -1.17254 -0.787243 -0.241812 -0.0241546 -0.0625394 0.151016 0.604216 1.10684 1.57255 1.98824 2.1789 1.62234 0.882091 0.585995
46.405 -0.228088 -0.392794 -0.55565 -0.70961 -0.849642 -0.974768 -1.08723 -1.18896 -1.27528 -1.17567 -0.774252 -0.217943 -0.00412968 -0.0602876 0.140728 0.593845 1.10302 1.57337 1.98953 2.17254 1.60262 0.853725 0.555634
46.455 -0.230037 -0.394488 -0.556141 -0.708772 -0.848239 -0.97427 -1.08938 -1.19522 -1.28638 -1.17865 -0.761098 -0.19397 0.0160356 -0.0577417 0.13085 0.583695 1.09901 1.57357 1.9898 2.16566 1.58358 0.826531 0.526417
46.505 -0.23183 -0.395974 -0.556457 -0.707876 -0.846937 -0.974 -1.09179 -1.20166 -1.29748 -1.18148 -0.747776 -0.169897 0.0363321 -0.054921 0.121358 0.573756 1.09481 1.57315 1.98907 2.15826 1.56522 0.800525 0.498369
46.555 -0.233463 -0.397256 -0.556613 -0.706939 -0.84574 -0.973949 -1.09444 -1.20826 -1.30857 -1.18417 -0.734283 -0.145729 0.0567524 -0.0518406 0.112228 0.564016 1.09042 1.57214 1.98738 2.15034 1.54752 0.77572 0.471513
46.605 -0.234933 -0.398342 -0.556624 -0.705973 -0.844653 -0.974106 -1.09732 -1.215 -1.31967 -1.18671 -0.720609 -0.121469 0.0772908 -0.0485114 0.103433 0.554457 1.08585 1.57053 1.98473 2.14193 1.5305 0.752127 0.445869
46.655 -0.236239 -0.399238 -0.556501 -0.704991 -0.843678 -0.974462 -1.10041 -1.22189 -1.33078 -1.1891 -0.706748 -0.0971174 0.097943 -0.0449415 0.0949509 0.545057 1.08109 1.56835 1.98117 2.13304 1.51414 0.729757 0.421452
46.705 -0.237385 -0.399954 -0.556259 -0.704001 -0.842813 -0.975009 -1.1037 -1.22891 -1.34191 -1.19135 -0.692688 -0.0726758 0.118706 -0.0411367 0.0867562 0.535793 1.07614 1.56561 1.9767 2.12368 1.49845 0.708614 0.398277
46.755 -0.238373 -0.400499 -0.555908 -0.703011 -0.84206 -0.975735 -1.10717 -1.23606 -1.35307 -1.19346 -0.678421 -0.0481432 0.139578 -0.0371011 0.0788261 0.526638 1.07099 1.56231 1.97138 2.11387 1.48343 0.688703 0.376353
46.805 -0.239209 -0.400882 -0.555459 -0.702028 -0.841415 -0.976634 -1.11081 -1.24332 -1.36427 -1.19542 -0.663935 -0.0235175 0.160558 -0.032838 0.0711382 0.517568 1.06564 1.55848 1.96521 2.10364 1.46907 0.670028 0.355689
46.855 -0.239899 -0.401113 -0.554923 -0.701057 -0.840878 -0.977695 -1.11462 -1.25071 -1.37551 -1.19723 -0.649218 0.00120448 0.181647 -0.0283502 0.0636707 0.508556 1.06008 1.55411 1.95823 2.09299 1.45538 0.652589 0.336289
46.905 -0.240449 -0.401203 -0.554309 -0.700102 -0.840444 -0.97891 -1.11859 -1.25821 -1.3868 -1.19891 -0.634259 0.0260271 0.202845 -0.0236406 0.0564027 0.499576 1.0543 1.54923 1.95046 2.08196 1.44234 0.636385 0.318156
46.955 -0.240867 -0.40116 -0.553624 -0.699167 -0.840111 -0.980273 -1.1227 -1.26582 -1.39817 -1.20044 -0.619047 0.0509559 0.224153 -0.0187125 0.0493138 0.490605 1.0483 1.54383 1.94194 2.07055 1.42997 0.621415 0.30129
47.005 -0.24116 -0.400994 -0.552877 -0.698254 -0.839876 -0.981776 -1.12695 -1.27356 -1.40961 -1.20184 -0.603567 0.0759977 0.245575 -0.0135698 0.0423842 0.481617 1.04205 1.53794 1.93268 2.0588 1.41826 0.607677 0.28569
47.055 -0.241336 -0.400718 -0.55208 -0.697364 -0.839705 -0.983343 -1.13136 -1.2819 -1.42086 -1.20258 -0.588149 0.101071 0.267106 -0.00820076 0.0356138 0.472599 1.03557 1.53156 1.92272 2.04672 1.40722 0.595167 0.271354
47.105 -0.241408 -0.400353 -0.551247 -0.69645 -0.839452 -0.984864 -1.13624 -1.29199 -1.43098 -1.20143 -0.573542 0.125901 0.288668 -0.00260318 0.0290386 0.463576 1.02884 1.52469 1.91208 2.03432 1.39684 0.583883 0.258276
47.155 -0.241393 -0.399911 -0.550345 -0.695451 -0.839155 -0.986577 -1.14171 -1.30285 -1.44038 -1.19926 -0.559053 0.150613 0.310223 0.00313655 0.0225888 0.454537 1.0219 1.51735 1.90077 2.02164 1.38712 0.573814 0.246449
47.205 -0.241304 -0.399382 -0.549348 -0.694372 -0.838895 -0.988569 -1.14767 -1.3141 -1.44942 -1.19643 -0.544358 0.17532 0.331775 0.00895552 0.0162004 0.445457 1.01474 1.50957 1.88883 2.00867 1.37805 0.564954 0.235865
47.255 -0.241144 -0.398756 -0.548244 -0.693238 -0.838724 -0.99084 -1.154 -1.32564 -1.45829 -1.19305 -0.529306 0.200106 0.353335 0.0148002 0.00982106 0.436318 1.00736 1.50136 1.87629 1.99545 1.36964 0.557294 0.226514
47.305 -0.24091 -0.398023 -0.54704 -0.692076 -0.838665 -0.993366 -1.16065 -1.33748 -1.46709 -1.18914 -0.513804 0.225032 0.374909 0.0206222 0.00340623 0.427103 0.999773 1.49275 1.86317 1.98198 1.36187 0.550825 0.218385
47.355 -0.240596 -0.397181 -0.545745 -0.690905 -0.838721 -0.996119 -1.16759 -1.34965 -1.4759 -1.1847 -0.497785 0.250148 0.3965 0.0263767 -0.00308358 0.417799 0.991965 1.48373 1.84951 1.96831 1.35475 0.545533 0.211463
47.405 -0.240198 -0.39623 -0.544369 -0.689737 -0.838889 -0.99908 -1.17481 -1.36216 -1.48476 -1.17971 -0.48119 0.275491 0.418109 0.0320219 -0.00968422 0.408395 0.983937 1.47433 1.83533 1.95443 1.34828 0.541406 0.205734
47.455 -0.239712 -0.395175 -0.542924 -0.688578 -0.839162 -1.00223 -1.1823 -1.37507 -1.4937 -1.17415 -0.463971 0.301094 0.439732 0.0375185 -0.0164292 0.398881 0.975686 1.46455 1.82067 1.94038 1.34244 0.538429 0.201181
47.505 -0.239138 -0.394019 -0.541417 -0.687429 -0.839533 -1.00557 -1.19008 -1.38841 -1.50273 -1.16798 -0.446083 0.326982 0.461367 0.0428286 -0.0233508 0.389246 0.967213 1.45442 1.80555 1.92618 1.33722 0.536586 0.197786
47.555 -0.238478 -0.39277 -0.539852 -0.686291 -0.839994 -1.00909 -1.19816 -1.4022 -1.51187 -1.16117 -0.427482 0.353181 0.483008 0.0479152 -0.0304806 0.379482 0.958516 1.44393 1.78999 1.91184 1.33263 0.535859 0.195528
47.605 -0.237735 -0.391432 -0.538235 -0.685161 -0.840542 -1.0128 -1.20655 -1.41648 -1.52113 -1.15367 -0.408127 0.379714 0.50465 0.0527418 -0.0378498 0.36958 0.949596 1.43311 1.77404 1.8974 1.32865 0.536228 0.194386
47.655 -0.236911 -0.39001 -0.536565 -0.684038 -0.841172 -1.01669 -1.21527 -1.43128 -1.53051 -1.14547 -0.387978 0.406601 0.526289 0.0572716 -0.0454896 0.359531 0.940455 1.42197 1.75772 1.88286 1.32527 0.537672 0.194336
47.705 -0.236013 -0.388508 -0.534846 -0.682917 -0.841882 -1.02076 -1.22433 -1.44662 -1.54002 -1.13651 -0.366995 0.433863 0.547918 0.0614678 -0.0534315 0.349327 0.931093 1.41052 1.74105 1.86824 1.32249 0.540167 0.195352
47.755 -0.235042 -0.386928 -0.533076 -0.681798 -0.842671 -1.02504 -1.23375 -1.46254 -1.54965 -1.12675 -0.345137 0.461522 0.569532 0.0652928 -0.0617069 0.338959 0.921512 1.39877 1.72407 1.85358 1.32028 0.54369 0.197409
47.805 -0.234003 -0.385274 -0.531255 -0.680678 -0.843538 -1.02951 -1.24355 -1.47906 -1.55942 -1.11616 -0.322363 0.489598 0.591126 0.0687103 -0.070349 0.328399 0.911654 1.38675 1.70733 1.83854 1.31812 0.548641 0.200571
47.855 -0.2329 -0.383548 -0.529384 -0.679556 -0.844487 -1.03419 -1.25375 -1.49621 -1.56931 -1.10468 -0.298625 0.518117 0.612697 0.0716822 -0.0794323 0.3175 0.90138 1.37475 1.69239 1.82178 1.31437 0.556329 0.205254
47.905 -0.231735 -0.381752 -0.527461 -0.67843 -0.845518 -1.0391 -1.26437 -1.51402 -1.57932 -1.09227 -0.273881 0.547096 0.63423 0.074145 -0.0890366 0.306283 0.890952 1.36304 1.67807 1.8038 1.31004 0.56581 0.211377
47.955 -0.230509 -0.379884 -0.525485 -0.677298 -0.846633 -1.04423 -1.27542 -1.53251 -1.58945 -1.07888 -0.24809 0.576546 0.655701 0.0760388 -0.099188 0.294832 0.880495 1.35152 1.66382 1.78508 1.30565 0.576551 0.218789
48.005 -0.229224 -0.377945 -0.523453 -0.676161 -0.847837 -1.04961 -1.28693 -1.55171 -1.59969 -1.06446 -0.221214 0.606477 0.677091 0.0773151 -0.109889 0.283213 0.870033 1.34008 1.64947 1.76592 1.30139 0.588298 0.227358
48.055 -0.22788 -0.375935 -0.521365 -0.675017 -0.849133 -1.05523 -1.2989 -1.57164 -1.61004 -1.04897 -0.193212 0.636899 0.698381 0.0779341 -0.121139 0.271461 0.859552 1.32862 1.63498 1.74648 1.29735 0.600901 0.236962
48.105 -0.226478 -0.373853 -0.519218 -0.673867 -0.850526 -1.06112 -1.31137 -1.59233 -1.62048 -1.03235 -0.164045 0.667819 0.719551 0.0778597 -0.132941 0.259595 0.849032 1.31711 1.62034 1.7269 1.29359 0.614256 0.247495
48.155 -0.225018 -0.371696 -0.517012 -0.672711 -0.852021 -1.06729 -1.32435 -1.6138 -1.631 -1.01456 -0.133673 0.699245 0.740583 0.0770568 -0.145302 0.247623 0.838453 1.30552 1.60556 1.70727 1.29015 0.628278 0.258857
48.205 -0.223499 -0.369465 -0.514745 -0.671551 -0.853627 -1.07374 -1.33787 -1.63606 -1.6416 -0.995537 -0.102056 0.73118 0.761455 0.0754891 -0.158231 0.235552 0.8278 1.29383 1.59069 1.68767 1.28703 0.642893 0.270961
48.255 -0.22192 -0.367156 -0.512415 -0.670389 -0.85535 -1.08051 -1.35193 -1.65914 -1.65225 -0.975231 -0.0691574 0.763624 0.782141 0.0731193 -0.171738 0.223388 0.817063 1.28203 1.57573 1.66816 1.28426 0.658032 0.283723
48.305 -0.220279 -0.364768 -0.510021 -0.669227 -0.857201 -1.08759 -1.36658 -1.68306 -1.66291 -0.953585 -0.0349402 0.796573 0.802611 0.0699091 -0.185832 0.211141 0.806237 1.27014 1.56072 1.64878 1.28184 0.673633 0.297067
48.355 -0.218576 -0.362298 -0.507563 -0.668068 -0.859191 -1.09503 -1.38181 -1.7078 -1.67357 -0.930545 0.000627651 0.830013 0.822828 0.0658193 -0.200516 0.198822 0.795319 1.25815 1.54569 1.6296 1.27976 0.689634 0.310922
48.405 -0.216807 -0.359744 -0.505039 -0.666918 -0.861333 -1.10282 -1.39766 -1.73339 -1.68419 -0.906054 0.0375739 0.863926 0.84275 0.0608105 -0.215791 0.186451 0.784311 1.24607 1.53065 1.61065 1.27802 0.705977 0.325222
48.455 -0.21497 -0.357103 -0.50245 -0.665784 -0.863643 -1.111 -1.41415 -1.75981 -1.69471 -0.880057 0.0759206 0.898283 0.862327 0.0548441 -0.231649 0.174052 0.773217 1.2339 1.51562 1.59196 1.27662 0.722607 0.339903
48.505 -0.213062 -0.354371 -0.499795 -0.664672 -0.866138 -1.1196 -1.43128 -1.78704 -1.70509 -0.852502 0.115683 0.933045 0.8815 0.0478825 -0.248077 0.161655 0.762043 1.22166 1.50064 1.57357 1.27555 0.739468 0.354905
48.555 -0.21108 -0.351546 -0.497077 -0.663594 -0.86884 -1.12863 -1.44908 -1.81506 -1.71526 -0.823338 0.156866 0.96816 0.900202 0.0398902 -0.265048 0.149299 0.7508 1.20934 1.4857 1.55551 1.27479 0.756508 0.370173
48.605 -0.20902 -0.348624 -0.494296 -0.662561 -0.871772 -1.13812 -1.46756 -1.84383 -1.72514 -0.792517 0.199467 1.00356 0.918354 0.0308345 -0.282528 0.137029 0.739498 1.19696 1.47083 1.53779 1.27433 0.773675 0.385652
48.655 -0.206876 -0.345602 -0.491457 -0.661587 -0.874959 -1.14811 -1.48671 -1.87331 -1.73466 -0.759998 0.24347 1.03917 0.935869 0.0206861 -0.300469 0.1249 0.728151 1.18451 1.45604 1.52044 1.27416 0.79092 0.401291
48.705 -0.204646 -0.342477 -0.488565 -0.660692 -0.878432 -1.15861 -1.50655 -1.90341 -1.74371 -0.725742 0.288847 1.07489 0.952645 0.0094207 -0.318809 0.112976 0.716777 1.172 1.44134 1.50348 1.27425 0.808193 0.417043
48.755 -0.202323 -0.339248 -0.485625 -0.659894 -0.882223 -1.16967 -1.52706 -1.93407 -1.7522 -0.689718 0.335555 1.1106 0.968571 -0.00298097 -0.337472 0.101328 0.705395 1.15943 1.42672 1.48691 1.27459 0.825447 0.432862
48.805 -0.199903 -0.335911 -0.482647 -0.659217 -0.886366 -1.18131 -1.54825 -1.96519 -1.76 -0.651904 0.383537 1.14618 0.98352 -0.0165316 -0.356368 0.0900383 0.694027 1.14681 1.4122 1.47074 1.27516 0.842636 0.448706
48.855 -0.197379 -0.332467 -0.479642 -0.65869 -0.890902 -1.19356 -1.57009 -1.99664 -1.76698 -0.612284 0.432719 1.18146 0.997355 -0.0312363 -0.375389 0.0791964 0.682698 1.13412 1.39776 1.45497 1.27593 0.859715 0.464533
48.905 -0.194747 -0.328914 -0.476623 -0.658342 -0.895869 -1.20645 -1.59255 -2.0283 -1.77301 -0.57085 0.48301 1.21628 1.00993 -0.0470922 -0.394413 0.0688991 0.671438 1.12138 1.38341 1.43962 1.27687 0.876641 0.480307
48.955 -0.192001 -0.325255 -0.473607 -0.658208 -0.901311 -1.22 -1.61559 -2.06002 -1.77794 -0.527606 0.534303 1.25045 1.02107 -0.0640865 -0.413303 0.0592493 0.660279 1.10858 1.36914 1.42465 1.27796 0.893374 0.495993
49.005 -0.189138 -0.321493 -0.470614 -0.658326 -0.907274 -1.23424 -1.63918 -2.09165 -1.78163 -0.482561 0.586479 1.28376 1.03061 -0.0821934 -0.4319 0.0503416 0.649156 1.0955 1.35501 1.41211 1.27725 0.908242 0.513699
49.055 -0.186153 -0.317635 -0.467669 -0.658738 -0.913802 -1.24917 -1.66326 -2.123 -1.78391 -0.435735 0.639403 1.316 1.03838 -0.101372 -0.450057 0.0422066 0.638018 1.08228 1.34151 1.40173 1.2743 0.921073 0.533443
49.105 -0.183043 -0.313687 -0.464796 -0.659488 -0.920939 -1.26482 -1.68775 -2.15391 -1.78464 -0.387161 0.692926 1.34694 1.04419 -0.121584 -0.467636 0.0349228 0.627012 1.06917 1.32863 1.39209 1.27027 0.932792 0.553801
49.155 -0.179806 -0.309661 -0.462028 -0.660622 -0.928727 -1.28118 -1.71258 -2.18418 -1.78367 -0.336878 0.746889 1.37633 1.04784 -0.14278 -0.484474 0.0286144 0.616283 1.05626 1.31614 1.38269 1.26568 0.943775 0.574179
49.205 -0.176442 -0.30557 -0.459398 -0.662187 -0.937202 -1.29825 -1.73766 -2.21363 -1.78087 -0.284935 0.801126 1.40394 1.04914 -0.164896 -0.500387 0.0234059 0.605934 1.04354 1.30387 1.37337 1.2608 0.954208 0.594302
49.255 -0.172953 -0.301432 -0.456943 -0.664232 -0.946399 -1.316 -1.76289 -2.24208 -1.77612 -0.23139 0.855465 1.42952 1.0479 -0.18784 -0.515178 0.0193971 0.596038 1.031 1.29171 1.36403 1.25577 0.964195 0.614019
49.305 -0.169345 -0.297269 -0.454706 -0.666803 -0.956344 -1.33441 -1.78818 -2.26937 -1.7693 -0.176308 0.909733 1.45285 1.04395 -0.211498 -0.52865 0.0166515 0.586643 1.0186 1.27957 1.35463 1.25065 0.973791 0.633242
49.355 -0.165624 -0.293106 -0.452728 -0.669947 -0.967054 -1.35344 -1.81339 -2.29535 -1.76036 -0.119761 0.963764 1.47371 1.03712 -0.235729 -0.540609 0.0151894 0.577784 1.00635 1.26742 1.34517 1.24549 0.983024 0.651911
49.405 -0.161802 -0.288973 -0.451056 -0.673706 -0.978538 -1.37303 -1.83843 -2.31988 -1.74923 -0.0618282 1.0174 1.49192 1.02728 -0.260367 -0.550875 0.014983 0.569482 0.994246 1.25523 1.33562 1.2403 0.991904 0.669984
49.455 -0.157893 -0.284905 -0.449738 -0.678119 -0.990792 -1.39311 -1.86317 -2.34286 -1.73589 -0.00259586 1.07048 1.50732 1.01431 -0.285217 -0.559274 0.0159531 0.561745 0.98229 1.24295 1.32595 1.23533 1.00028 0.687163
49.505 -0.153918 -0.280938 -0.44882 -0.683216 -1.0038 -1.41362 -1.88749 -2.36421 -1.72037 0.0578448 1.12287 1.51977 0.998133 -0.310059 -0.565642 0.017969 0.554552 0.970435 1.23048 1.31624 1.23172 1.00739 0.701994
49.555 -0.149898 -0.277116 -0.44835 -0.689024 -1.01754 -1.43446 -1.91129 -2.38389 -1.70269 0.119393 1.17444 1.52921 0.978698 -0.334637 -0.569824 0.0208188 0.547837 0.958697 1.21798 1.30675 1.22874 1.01354 0.715005
49.605 -0.145863 -0.273484 -0.448376 -0.695566 -1.03199 -1.45554 -1.93443 -2.40176 -1.68283 0.181938 1.22485 1.53484 0.954155 -0.354341 -0.570881 0.0210854 0.541375 0.947601 1.20581 1.2975 1.22591 1.01895 0.726721
49.655 -0.141839 -0.270084 -0.448939 -0.70285 -1.04708 -1.47672 -1.95671 -2.41781 -1.661 0.245191 1.27381 1.53658 0.924729 -0.368932 -0.567855 0.0186653 0.534182 0.936969 1.19429 1.28865 1.22306 1.0237 0.737377
49.705 -0.137859 -0.266966 -0.450079 -0.710868 -1.06271 -1.49782 -1.97806 -2.43227 -1.63753 0.30902 1.32144 1.5351 0.892031 -0.381564 -0.561532 0.0161489 0.52632 0.926233 1.18318 1.2802 1.22021 1.02787 0.747086
49.755 -0.133962 -0.264184 -0.451831 -0.719591 -1.07879 -1.51874 -1.99847 -2.4453 -1.61261 0.373342 1.36785 1.53083 0.856823 -0.393307 -0.552808 0.0143932 0.51826 0.915298 1.17223 1.27205 1.21738 1.03155 0.755945
49.805 -0.130206 -0.261822 -0.454238 -0.728851 -1.09484 -1.53939 -2.02051 -2.45597 -1.58365 0.436727 1.41261 1.52398 0.819637 -0.404543 -0.542324 0.0136464 0.51038 0.90426 1.16132 1.26406 1.21454 1.03481 0.764044
49.855 -0.126726 -0.260028 -0.457117 -0.737829 -1.11004 -1.56123 -2.0506 -2.46038 -1.54375 0.49605 1.45436 1.51421 0.780686 -0.415421 -0.530367 0.0140714 0.502973 0.893268 1.15041 1.25613 1.21163 1.03769 0.771452
49.905 -0.123616 -0.258661 -0.460064 -0.746528 -1.12562 -1.58528 -2.0837 -2.45962 -1.498 0.553833 1.49397 1.50191 0.740094 -0.426448 -0.51752 0.0156776 0.496293 0.882514 1.13952 1.24816 1.20859 1.04019 0.778226
49.955 -0.120853 -0.257538 -0.462997 -0.755351 -1.14217 -1.61102 -2.11757 -2.4551 -1.44865 0.61116 1.53201 1.48749 0.698087 -0.437873 -0.504245 0.0183203 0.490456 0.872155 1.1287 1.24013 1.20536 1.04231 0.784421
50.005 -0.118348 -0.256553 -0.466012 -0.764605 -1.15975 -1.63785 -2.1515 -2.44778 -1.39657 0.668472 1.56883 1.47131 0.654911 -0.449867 -0.490923 0.0218364 0.485509 0.862315 1.11804 1.23202 1.20192 1.04406 0.790081
50.055 -0.116008 -0.25568 -0.469243 -0.774447 -1.17823 -1.66534 -2.18531 -2.43834 -1.34222 0.725978 1.60469 1.45372 0.610845 -0.46259 -0.477923 0.0260642 0.48147 0.853093 1.1076 1.22386 1.19823 1.04541 0.795236
50.105 -0.113771 -0.254945 -0.472804 -0.784921 -1.19743 -1.69321 -2.21902 -2.42722 -1.28589 0.78378 1.63983 1.43511 0.566193 -0.476193 -0.465612 0.0308377 0.478337 0.844572 1.09748 1.21566 1.19428 1.04636 0.799904
50.155 -0.111612 -0.254393 -0.476773 -0.796005 -1.2172 -1.72129 -2.2527 -2.4148 -1.22781 0.841932 1.67445 1.41583 0.521266 -0.490818 -0.454345 0.0359821 0.476091 0.83682 1.08773 1.20747 1.19008 1.0469 0.804097
50.205 -0.109535 -0.254078 -0.481188 -0.807643 -1.23737 -1.74948 -2.28646 -2.40139 -1.16817 0.900468 1.70875 1.39625 0.476358 -0.506585 -0.444445 0.0413151 0.474696 0.829892 1.07846 1.19933 1.18563 1.04702 0.807821
50.255 -0.107563 -0.254045 -0.486062 -0.819763 -1.25783 -1.77773 -2.32042 -2.38725 -1.10712 0.959414 1.7429 1.37673 0.43173 -0.523587 -0.436191 0.0466514 0.474092 0.823823 1.06971 1.19131 1.18096 1.04672 0.81108
50.305 -0.10573 -0.254329 -0.491382 -0.832288 -1.27849 -1.80603 -2.35467 -2.3726 -1.04482 1.01879 1.77707 1.35756 0.387602 -0.541891 -0.429799 0.0518101 0.474203 0.818631 1.06156 1.18346 1.17609 1.04602 0.813872
50.355 -0.104072 -0.254954 -0.497123 -0.845144 -1.29928 -1.83438 -2.38933 -2.35762 -0.981374 1.07863 1.81142 1.33901 0.344142 -0.561528 -0.425424 0.056621 0.474933 0.814316 1.05405 1.17583 1.17106 1.04492 0.8162
50.405 -0.102619 -0.255929 -0.503249 -0.858264 -1.32015 -1.8628 -2.42445 -2.34245 -0.916887 1.13896 1.84608 1.3213 0.301469 -0.582501 -0.423156 0.0609304 0.476177 0.810855 1.04723 1.16849 1.16591 1.04343 0.818065
50.455 -0.101399 -0.257256 -0.50972 -0.871593 -1.34109 -1.89132 -2.46011 -2.32719 -0.851449 1.1998 1.88116 1.30457 0.259657 -0.604781 -0.423023 0.064605 0.477821 0.808209 1.04113 1.16149 1.16069 1.04158 0.819469
50.505 -0.100427 -0.258923 -0.516496 -0.885089 -1.36208 -1.92 -2.49632 -2.31194 -0.785138 1.26117 1.91674 1.28893 0.218741 -0.628311 -0.425003 0.0675348 0.479747 0.806323 1.03576 1.15487 1.15545 1.0394 0.820419
50.555 -0.099711 -0.260915 -0.523537 -0.898723 -1.38315 -1.94887 -2.53309 -2.29671 -0.718027 1.32308 1.95289 1.27444 0.178724 -0.653013 -0.429026 0.0696334 0.48184 0.80513 1.03111 1.14868 1.15022 1.03692 0.820926
50.605 -0.0993413 -0.263246 -0.530401 -0.911472 -1.40455 -1.9849 -2.5671 -2.27415 -0.654276 1.38436 1.98937 1.26116 0.139755 -0.678589 -0.434907 0.0708241 0.483968 0.804545 1.02718 1.14296 1.14507 1.03417 0.821002
50.655 -0.0993549 -0.265527 -0.536374 -0.923563 -1.42846 -2.02886 -2.59607 -2.24314 -0.593953 1.44455 2.02579 1.24878 0.101669 -0.704876 -0.442358 0.0711677 0.486055 0.804487 1.02393 1.13773 1.14004 1.03118 0.82065
50.705 -0.099502 -0.267383 -0.541736 -0.936287 -1.45516 -2.07602 -2.62192 -2.20817 -0.534188 1.50441 2.06228 1.23705 0.0641149 -0.731977 -0.451242 0.0707531 0.488076 0.804883 1.02133 1.133 1.13516 1.02799 0.81989
50.755 -0.0995134 -0.268757 -0.546939 -0.950101 -1.48407 -2.12488 -2.64599 -2.17059 -0.473909 1.56442 2.09899 1.22575 0.026689 -0.75987 -0.460176 0.0688344 0.488123 0.807316 1.01951 1.12857 1.13036 1.02464 0.818769
50.805 -0.0992208 -0.269743 -0.552303 -0.96506 -1.51466 -2.175 -2.66907 -2.13093 -0.412626 1.62493 2.13603 1.21469 -0.0108756 -0.788311 -0.468001 0.0642338 0.485156 0.812442 1.01899 1.12448 1.12549 1.02106 0.817313
50.855 -0.098564 -0.27047 -0.558005 -0.98109 -1.54663 -2.22628 -2.69163 -2.08946 -0.350077 1.68622 2.17357 1.20379 -0.0487457 -0.817553 -0.474297 0.0565615 0.480056 0.819233 1.01984 1.12102 1.12064 1.0172 0.815497
50.905 -0.0975543 -0.271054 -0.564129 -0.998109 -1.5798 -2.27866 -2.71387 -2.0463 -0.286114 1.74846 2.21158 1.19263 -0.0881959 -0.844025 -0.480303 0.0439736 0.473943 0.827608 1.02198 1.11824 1.11589 1.01308 0.813305
50.955 -0.0962373 -0.271586 -0.570719 -1.01607 -1.6141 -2.33206 -2.73579 -2.00153 -0.220726 1.81163 2.24993 1.18091 -0.129888 -0.865822 -0.485794 0.0255833 0.466516 0.837346 1.02555 1.1163 1.11132 1.00872 0.810721
51.005 -0.0946725 -0.272144 -0.577816 -1.03495 -1.64948 -2.38634 -2.75738 -1.95536 -0.154074 1.87564 2.28868 1.16918 -0.171412 -0.886674 -0.492421 0.00447692 0.458163 0.847783 1.03018 1.11523 1.10707 1.00419 0.807748
51.055 -0.0929182 -0.272792 -0.585459 -1.05477 -1.68589 -2.44132 -2.77854 -1.90796 -0.0863122 1.9404 2.3279 1.15779 -0.21201 -0.907778 -0.501085 -0.018308 0.449373 0.858753 1.0356 1.11493 1.10321 0.999567 0.804413
51.105 -0.0910273 -0.273588 -0.593696 -1.07555 -1.72331 -2.49676 -2.79911 -1.85947 -0.0176314 2.00578 2.36757 1.14698 -0.251442 -0.929547 -0.512112 -0.042405 0.440401 0.870202 1.04169 1.1153 1.09973 0.994929 0.800762
51.155 -0.0890461 -0.274588 -0.602587 -1.09735 -1.76169 -2.55238 -2.81885 -1.81005 0.051729 2.07154 2.40759 1.13691 -0.28961 -0.952094 -0.525527 -0.067655 0.431326 0.88207 1.04839 1.11628 1.09665 0.990321 0.796842
51.205 -0.0870171 -0.275854 -0.61221 -1.12021 -1.80097 -2.60782 -2.83747 -1.75986 0.121479 2.1374 2.44782 1.12773 -0.326427 -0.975381 -0.541207 -0.0939709 0.422132 0.894267 1.05563 1.11785 1.09395 0.98578 0.792702
51.255 -0.0849822 -0.277457 -0.622654 -1.14421 -1.84105 -2.66267 -2.85468 -1.70909 0.191286 2.20302 2.48806 1.11953 -0.36178 -0.999272 -0.558962 -0.121294 0.412748 0.90668 1.06338 1.11997 1.09165 0.981337 0.788386
51.305 -0.0829874 -0.279479 -0.634018 -1.16938 -1.88181 -2.71651 -2.87018 -1.65793 0.260786 2.268 2.52808 1.1124 -0.395522 -1.02357 -0.578571 -0.149578 0.403084 0.919185 1.07157 1.12264 1.08975 0.977022 0.783935
51.355 -0.0810859 -0.282014 -0.646403 -1.19575 -1.92307 -2.7689 -2.88368 -1.60657 0.329598 2.33195 2.56762 1.10642 -0.427478 -1.04804 -0.599802 -0.178779 0.393043 0.931652 1.08014 1.12583 1.08826 0.972866 0.779388
51.405 -0.079341 -0.285163 -0.659903 -1.22331 -1.96463 -2.81943 -2.89493 -1.55523 0.397346 2.39446 2.60642 1.10163 -0.457458 -1.07244 -0.62243 -0.208852 0.382538 0.943955 1.089 1.12952 1.0872 0.968903 0.774787
51.455 -0.0778269 -0.289036 -0.674603 -1.25203 -2.00629 -2.86772 -2.90372 -1.50408 0.463674 2.45515 2.64423 1.09807 -0.485275 -1.09649 -0.646233 -0.23974 0.371494 0.955972 1.09808 1.13367 1.08657 0.965165 0.770171
51.505 -0.0766287 -0.293746 -0.69057 -1.28185 -2.04781 -2.91343 -2.90992 -1.45329 0.528262 2.51367 2.68079 1.09573 -0.510762 -1.11996 -0.671003 -0.271379 0.359856 0.967589 1.10728 1.13823 1.08638 0.961685 0.765581
51.555 -0.0758406 -0.2994 -0.707849 -1.31268 -2.08894 -2.9563 -2.91344 -1.40301 0.590844 2.56971 2.71591 1.09459 -0.53378 -1.14262 -0.696548 -0.303685 0.347595 0.978705 1.11651 1.14317 1.08663 0.958493 0.761059
51.605 -0.075563 -0.306101 -0.726457 -1.34438 -2.12946 -2.99617 -2.91424 -1.35333 0.651215 2.62303 2.74938 1.09461 -0.554236 -1.16428 -0.722694 -0.336561 0.33471 0.989233 1.12567 1.14841 1.0873 0.955616 0.756645
51.655 -0.075899 -0.313939 -0.746387 -1.37682 -2.16916 -3.03292 -2.91237 -1.30431 0.709239 2.67346 2.78107 1.0957 -0.572076 -1.18477 -0.749294 -0.369892 0.321228 0.999102 1.13467 1.15391 1.08838 0.953078 0.75238
51.705 -0.0769499 -0.322985 -0.767601 -1.40983 -2.20784 -3.06655 -2.90791 -1.25597 0.764851 2.72089 2.81085 1.09776 -0.587296 -1.20401 -0.776231 -0.403549 0.307215 1.00826 1.14342 1.15959 1.08986 0.950897 0.7483
51.755 -0.0788112 -0.333294 -0.79004 -1.44324 -2.24534 -3.09713 -2.90098 -1.20828 0.818057 2.76527 2.83863 1.10066 -0.599935 -1.2219 -0.8034 -0.437298 0.292616 1.01657 1.152 1.16538 1.09166 0.949077 0.744443
51.805 -0.081568 -0.344897 -0.813616 -1.47687 -2.28155 -3.12478 -2.89175 -1.16118 0.868915 2.80659 2.86434 1.10422 -0.6101 -1.23839 -0.83043 -0.470173 0.276156 1.02301 1.16185 1.17136 1.09356 0.947495 0.740832
51.855 -0.0852902 -0.357798 -0.838223 -1.51056 -2.31636 -3.14969 -2.8804 -1.11456 0.917536 2.84491 2.88794 1.1083 -0.617785 -1.25342 -0.857472 -0.502463 0.25862 1.02779 1.17208 1.17777 1.0957 0.946107 0.737415
51.905 -0.0900326 -0.371982 -0.86374 -1.54414 -2.34974 -3.17212 -2.86713 -1.0683 0.964092 2.88033 2.90944 1.11278 -0.622998 -1.26707 -0.884831 -0.534349 0.24076 1.03139 1.18202 1.18444 1.0982 0.944983 0.734183
51.955 -0.0958317 -0.387412 -0.890041 -1.57748 -2.38168 -3.19232 -2.85213 -1.02221 1.0088 2.91297 2.92885 1.11752 -0.625739 -1.2795 -0.912882 -0.565817 0.223092 1.03414 1.19142 1.19115 1.10104 0.944186 0.731163
52.005 -0.102704 -0.404032 -0.916995 -1.61045 -2.41222 -3.21061 -2.83558 -0.976086 1.05189 2.943 2.94619 1.12238 -0.625944 -1.29091 -0.942149 -0.596789 0.206117 1.03634 1.20015 1.19771 1.10412 0.943738 0.728398
52.055 -0.110648 -0.42177 -0.944476 -1.64297 -2.44143 -3.22729 -2.81765 -0.929712 1.09365 2.97057 2.96151 1.12726 -0.623458 -1.3016 -0.973353 -0.627165 0.190388 1.03833 1.20817 1.20393 1.10732 0.943628 0.725926
52.105 -0.119641 -0.440538 -0.97236 -1.67496 -2.4694 -3.24268 -2.79847 -0.88284 1.13434 2.99585 2.97481 1.13207 -0.617996 -1.31191 -1.00746 -0.656846 0.176543 1.0405 1.21546 1.20963 1.11051 0.943812 0.723778
52.155 -0.129645 -0.460244 -1.00053 -1.7064 -2.49625 -3.25707 -2.77817 -0.835205 1.17427 3.01902 2.98615 1.13672 -0.609131 -1.32229 -1.04568 -0.68574 0.165304 1.04332 1.22207 1.21466 1.11352 0.944219 0.721966
52.205 -0.14061 -0.480785 -1.0289 -1.73727 -2.52214 -3.27077 -2.75685 -0.786532 1.21374 3.04022 2.99553 1.14119 -0.596304 -1.33323 -1.08946 -0.713771 0.157459 1.04732 1.22809 1.21885 1.11615 0.944754 0.720489
52.255 -0.152438 -0.502004 -1.0573 -1.7675 -2.54717 -3.28398 -2.73448 -0.736507 1.25296 3.05915 3.00163 1.14197 -0.572634 -1.34148 -1.14422 -0.742443 0.153529 1.05351 1.23406 1.22218 1.1182 0.945267 0.719321
52.305 -0.165051 -0.523801 -1.08568 -1.79716 -2.57144 -3.29686 -2.71109 -0.684958 1.29196 3.07566 3.00447 1.14006 -0.538148 -1.34833 -1.21022 -0.77187 0.153582 1.06202 1.24028 1.2248 1.11958 0.94561 0.718409
52.355 -0.178403 -0.546145 -1.11407 -1.82632 -2.59514 -3.30971 -2.68685 -0.631681 1.33115 3.09049 3.00571 1.13951 -0.499299 -1.35949 -1.28377 -0.799994 0.15853 1.07275 1.2464 1.22658 1.12022 0.945684 0.717664
52.405 -0.192443 -0.56899 -1.14246 -1.8551 -2.61855 -3.32288 -2.6618 -0.576282 1.37112 3.1043 3.00643 1.1426 -0.460267 -1.37918 -1.36291 -0.825264 0.169392 1.08611 1.25224 1.22724 1.11995 0.945386 0.717008
52.455 -0.207113 -0.59228 -1.17089 -1.88368 -2.64199 -3.33662 -2.63582 -0.518265 1.41251 3.11766 3.00731 1.15052 -0.424124 -1.41032 -1.44626 -0.846656 0.186884 1.10268 1.25789 1.22657 1.11853 0.94457 0.716365
52.505 -0.22234 -0.615955 -1.19938 -1.91226 -2.66575 -3.35107 -2.60865 -0.457085 1.45591 3.13094 3.0086 1.16356 -0.393049 -1.45436 -1.53269 -0.863717 0.211231 1.12299 1.26368 1.22447 1.11574 0.943045 0.71564
52.555 -0.23804 -0.639956 -1.228 -1.94107 -2.69011 -3.36623 -2.57994 -0.392189 1.50183 3.14428 3.01014 1.18119 -0.368392 -1.51135 -1.62115 -0.876522 0.242104 1.14742 1.27008 1.22106 1.11138 0.940596 0.714706
52.605 -0.254116 -0.664232 -1.25684 -1.97033 -2.71526 -3.38201 -2.54929 -0.323061 1.55066 3.15758 3.01137 1.20227 -0.350768 -1.58008 -1.71058 -0.885562 0.278679 1.17607 1.27766 1.21661 1.10541 0.937013 0.713406
52.655 -0.270472 -0.688748 -1.28601 -2.00025 -2.74134 -3.39817 -2.51622 -0.249229 1.60268 3.17051 3.0114 1.2252 -0.340069 -1.65838 -1.79996 -0.891613 0.319758 1.20878 1.28693 1.21156 1.09787 0.93213 0.711558
52.705 -0.28703 -0.713508 -1.31565 -2.03105 -2.76841 -3.41437 -2.48017 -0.170193 1.65813 3.18264 3.00918 1.24634 -0.335021 -1.7413 -1.88907 -0.896112 0.363614 1.24506 1.29841 1.20647 1.08897 0.92585 0.708991
52.755 -0.303755 -0.738585 -1.34597 -2.06296 -2.79654 -3.43031 -2.44066 -0.0854477 1.71749 3.19427 3.00548 1.26129 -0.339098 -1.82377 -1.97526 -0.899255 0.408754 1.28384 1.31207 1.20186 1.07908 0.918167 0.705511
52.805 -0.320597 -0.764011 -1.3771 -2.09614 -2.82571 -3.44559 -2.39716 0.0054091 1.78083 3.20458 2.99879 1.26866 -0.351449 -1.90402 -2.05702 -0.901181 0.454267 1.3244 1.32774 1.19805 1.06852 0.909168 0.700971
52.855 -0.337566 -0.789823 -1.40896 -2.13057 -2.85743 -3.45913 -2.34739 0.101842 1.84771 3.21235 2.98732 1.2679 -0.37052 -1.98049 -2.13338 -0.902128 0.499325 1.36603 1.34519 1.19527 1.05765 0.899005 0.695293
52.905 -0.354909 -0.814834 -1.43875 -2.16785 -2.91167 -3.46077 -2.26952 0.194725 1.91421 3.21505 2.96893 1.25907 -0.394216 -2.05169 -2.20354 -0.902171 0.543367 1.4081 1.36414 1.19369 1.04675 0.887839 0.688419
52.955 -0.371447 -0.837916 -1.46893 -2.21289 -2.9789 -3.4492 -2.17211 0.289411 1.98114 3.21089 2.94096 1.24183 -0.420762 -2.11653 -2.26696 -0.901305 0.58605 1.45009 1.38422 1.19335 1.03606 0.875855 0.680345
53.005 -0.386337 -0.860021 -1.50227 -2.26538 -3.05029 -3.42732 -2.06241 0.390095 2.04954 3.19839 2.90107 1.21642 -0.448138 -2.1741 -2.32331 -0.899574 0.627011 1.49137 1.40499 1.19428 1.02584 0.86328 0.671142
53.055 -0.39962 -0.882469 -1.53988 -2.32368 -3.12248 -3.39707 -1.94257 0.498745 2.11978 3.17576 2.84689 1.1837 -0.474034 -2.22389 -2.37247 -0.896973 0.666012 1.53137 1.42599 1.19641 1.0163 0.850352 0.660923
53.105 -0.411859 -0.906339 -1.58198 -2.38639 -3.19398 -3.35938 -1.81327 0.616422 2.19174 3.14094 2.77609 1.14552 -0.495807 -2.26605 -2.41462 -0.893509 0.702961 1.56965 1.44673 1.19964 1.00759 0.837305 0.649833
53.155 -0.423775 -0.932161 -1.62833 -2.45416 -3.26308 -3.31287 -1.67597 0.743288 2.26482 3.09186 2.68664 1.10519 -0.510244 -2.30178 -2.45044 -0.889315 0.73786 1.60589 1.46681 1.20383 0.999833 0.824369 0.638051
53.205 -0.435112 -0.95824 -1.67964 -2.53968 -3.32113 -3.24415 -1.53946 0.876906 2.3374 3.02665 2.57708 1.06815 -0.513154 -2.33365 -2.48135 -0.884824 0.770725 1.64044 1.48552 1.20851 0.993638 0.811715 0.625699
53.255 -0.445492 -0.986398 -1.73887 -2.63552 -3.36792 -3.15902 -1.39977 1.01582 2.4074 2.94449 2.44936 1.03719 -0.505003 -2.36263 -2.50829 -0.88061 0.802143 1.68113 1.49705 1.20337 0.996057 0.803512 0.611246
53.305 -0.456002 -1.01869 -1.80557 -2.73564 -3.4053 -3.06196 -1.25529 1.1585 2.4737 2.84788 2.31207 1.00798 -0.494702 -2.38613 -2.52965 -0.874797 0.83604 1.72013 1.50498 1.1916 0.998512 0.803919 0.597183
53.355 -0.468056 -1.05603 -1.87824 -2.83704 -3.43422 -2.95519 -1.10659 1.30289 2.53518 2.73953 2.1716 0.97969 -0.486916 -2.40512 -2.54502 -0.86463 0.882086 1.74239 1.49787 1.19325 1.00245 0.804916 0.58433
53.405 -0.482881 -1.09867 -1.95531 -2.93764 -3.45516 -2.84062 -0.955165 1.44668 2.59105 2.62293 2.0338 0.952097 -0.485185 -2.42023 -2.55409 -0.849995 0.929633 1.7567 1.48546 1.19914 1.00781 0.806172 0.573063
53.455 -0.501323 -1.1464 -2.03526 -3.03568 -3.4686 -2.72038 -0.802901 1.58768 2.64121 2.50229 1.90286 0.924778 -0.491775 -2.43253 -2.55749 -0.831721 0.974002 1.76758 1.47404 1.20565 1.01252 0.806987 0.563882
53.505 -0.523854 -1.1987 -2.11659 -3.12974 -3.47522 -2.59674 -0.65169 1.72424 2.68636 2.38215 1.7806 0.896373 -0.50739 -2.44289 -2.55597 -0.810591 1.01388 1.77685 1.46624 1.21221 1.01531 0.806456 0.556775
53.555 -0.550604 -1.25489 -2.19799 -3.21868 -3.47587 -2.47193 -0.503165 1.85534 2.72785 2.26689 1.66665 0.864553 -0.531294 -2.45167 -2.55005 -0.787103 1.04908 1.78527 1.46296 1.21885 1.01571 0.804017 0.551382
53.605 -0.581429 -1.31416 -2.27837 -3.30174 -3.4714 -2.34791 -0.358606 1.98055 2.76723 2.16022 1.55927 0.826503 -0.561944 -2.4587 -2.53984 -0.76137 1.07976 1.79289 1.4641 1.22561 1.01379 0.799552 0.547213
53.655 -0.615985 -1.37574 -2.3569 -3.37839 -3.4625 -2.22625 -0.218936 2.09977 2.80591 2.06467 1.45643 0.779619 -0.59773 -2.4634 -2.52495 -0.733104 1.10611 1.79926 1.46905 1.2324 1.00987 0.793313 0.543814
53.705 -0.653795 -1.4389 -2.43298 -3.44829 -3.44969 -2.10814 -0.0848235 2.21307 2.84481 1.98146 1.35627 0.721833 -0.637532 -2.46474 -2.50362 -0.698531 1.12346 1.79989 1.48091 1.24022 1.00421 0.785254 0.540705
53.755 -0.69424 -1.50286 -2.50607 -3.5112 -3.43342 -1.99455 0.0431244 2.32043 2.88428 1.91057 1.25729 0.651839 -0.680418 -2.4606 -2.47178 -0.649185 1.11933 1.78263 1.5083 1.25321 0.998035 0.774623 0.536582
53.805 -0.736802 -1.56714 -2.57596 -3.567 -3.41377 -1.88588 0.164661 2.42192 2.9243 1.85118 1.15896 0.569866 -0.725901 -2.45006 -2.42973 -0.590698 1.10339 1.75255 1.54076 1.26909 0.993628 0.763951 0.531134
53.855 -0.781064 -1.6314 -2.64253 -3.6156 -3.39065 -1.7822 0.279713 2.51762 2.96463 1.80212 1.06101 0.476099 -0.774222 -2.43237 -2.37696 -0.525397 1.08102 1.71262 1.57213 1.2853 0.99165 0.755318 0.524958
53.905 -0.826689 -1.69539 -2.70569 -3.65696 -3.36393 -1.68337 0.388331 2.60762 3.00489 1.762 0.963085 0.370723 -0.825707 -2.40655 -2.31231 -0.454066 1.05474 1.66408 1.59903 1.29984 0.992132 0.750136 0.518896
53.955 -0.873414 -1.75891 -2.76534 -3.69108 -3.33351 -1.5891 0.490663 2.69201 3.04463 1.72941 0.864694 0.253902 -0.880316 -2.37147 -2.23446 -0.377739 1.0259 1.60803 1.61927 1.31106 0.994825 0.749325 0.513818
54.005 -0.921027 -1.82174 -2.82134 -3.71806 -3.29934 -1.49904 0.586936 2.77086 3.08328 1.70274 0.765361 0.12659 -0.937625 -2.32607 -2.14232 -0.298941 0.995109 1.54653 1.63145 1.31764 0.999275 0.753351 0.510535
54.055 -0.969323 -1.88364 -2.87354 -3.73805 -3.26146 -1.41281 0.677366 2.84415 3.12013 1.68016 0.664802 -0.00898006 -0.996615 -2.26949 -2.03513 -0.222912 0.96215 1.48352 1.63504 1.31865 1.00484 0.762164 0.509707
54.105 -1.01806 -1.9443 -2.92173 -3.7513 -3.22011 -1.33013 0.76208 2.91177 3.15441 1.65996 0.56294 -0.149944 -1.0551 -2.20075 -1.91173 -0.159323 0.925015 1.42588 1.63081 1.31376 1.01069 0.775058 0.511743
54.155 -1.06689 -2.00324 -2.96558 -3.7582 -3.1758 -1.25099 0.841016 2.97345 3.18523 1.64045 0.459838 -0.292732 -1.10967 -2.1178 -1.76694 -0.122395 0.867714 1.3893 1.62314 1.30407 1.01551 0.790043 0.516563
54.205 -1.11538 -2.05989 -3.00483 -3.75928 -3.12925 -1.17549 0.914049 3.0289 3.21192 1.62057 0.3575 -0.432275 -1.15851 -2.02544 -1.61332 -0.101367 0.798777 1.36378 1.61164 1.29212 1.02102 0.806073 0.523232
54.255 -1.16318 -2.1139 -3.0394 -3.75512 -3.08093 -1.10352 0.981284 3.07811 3.23412 1.5998 0.257952 -0.564563 -1.20094 -1.92942 -1.46377 -0.0859388 0.731536 1.33954 1.59357 1.27932 1.02875 0.822662 0.531326
54.305 -1.20996 -2.16493 -3.0693 -3.74632 -3.03142 -1.03501 1.04287 3.12118 3.25172 1.57795 0.162899 -0.686586 -1.23641 -1.83421 -1.32642 -0.0715112 0.673643 1.31311 1.56723 1.26699 1.03947 0.838706 0.540663
54.355 -1.25535 -2.21264 -3.09455 -3.73357 -2.98132 -0.969923 1.09899 3.15829 3.2648 1.55512 0.0737798 -0.796382 -1.26488 -1.74327 -1.20565 -0.0561237 0.628821 1.28347 1.53197 1.25678 1.05368 0.852503 0.550953
54.405 -1.29896 -2.25672 -3.11527 -3.71762 -2.93129 -0.908196 1.14992 3.18977 3.27366 1.53165 -0.00833423 -0.893127 -1.28692 -1.65915 -1.10225 -0.0387184 0.596309 1.25105 1.48818 1.25083 1.07192 0.861934 0.561649
54.455 -1.34041 -2.29692 -3.13167 -3.69925 -2.8819 -0.849697 1.19603 3.21605 3.2787 1.50794 -0.082755 -0.976904 -1.30355 -1.58358 -1.01523 -0.0190982 0.575352 1.21539 1.43646 1.25144 1.09494 0.864874 0.571936
54.505 -1.37937 -2.33308 -3.14402 -3.67919 -2.83364 -0.794229 1.23777 3.23765 3.28039 1.48444 -0.149124 -1.0485 -1.31612 -1.51749 -0.942365 0.00229323 0.563732 1.178 1.38333 1.2512 1.11968 0.868637 0.579956
54.555 -1.41555 -2.36514 -3.15272 -3.65816 -2.78686 -0.741469 1.27571 3.2551 3.27922 1.46149 -0.207421 -1.10919 -1.32616 -1.46112 -0.880958 0.0251212 0.55888 1.14092 1.33435 1.2446 1.14013 0.87963 0.587463
54.605 -1.44876 -2.39316 -3.15819 -3.63675 -2.74175 -0.691014 1.31042 3.26894 3.27558 1.4393 -0.257796 -1.16042 -1.33519 -1.41396 -0.82813 0.0493843 0.558241 1.10422 1.28869 1.23628 1.15598 0.893111 0.596429
54.655 -1.47888 -2.41727 -3.16087 -3.6155 -2.69842 -0.642421 1.34251 3.27966 3.26979 1.41796 -0.300371 -1.20364 -1.34473 -1.37504 -0.78146 0.0747545 0.559745 1.06821 1.24677 1.22778 1.16745 0.906913 0.606935
54.705 -1.50586 -2.43767 -3.16123 -3.59482 -2.65686 -0.595217 1.37255 3.28764 3.26205 1.39742 -0.335103 -1.24015 -1.35642 -1.34324 -0.738957 0.100818 0.56197 1.03325 1.20906 1.21967 1.17478 0.919992 0.61862
54.755 -1.52971 -2.45463 -3.1597 -3.57505 -2.61698 -0.548914 1.40109 3.29322 3.25245 1.37756 -0.361682 -1.27113 -1.37213 -1.31747 -0.698702 0.127117 0.564056 0.999709 1.17578 1.21211 1.17826 0.931798 0.631062
54.805 -1.55052 -2.46846 -3.15672 -3.55642 -2.57861 -0.503023 1.42862 3.29661 3.24098 1.35818 -0.379483 -1.29765 -1.39401 -1.29667 -0.659386 0.153708 0.565614 0.967894 1.14678 1.20503 1.17833 0.942047 0.643859
54.855 -1.56841 -2.47949 -3.1527 -3.53908 -2.54151 -0.457051 1.45562 3.29789 3.22722 1.33817 -0.386185 -1.31967 -1.42537 -1.28036 -0.619737 0.180953 0.566668 0.938068 1.12162 1.19822 1.17549 0.950627 0.656651
54.905 -1.58348 -2.48802 -3.148 -3.52305 -2.50532 -0.410523 1.48231 3.29648 3.20946 1.31358 -0.374299 -1.33345 -1.47236 -1.26981 -0.579146 0.209486 0.567817 0.910631 1.0997 1.19134 1.17032 0.957554 0.669149
54.955 -1.59612 -2.49456 -3.14291 -3.5082 -2.46975 -0.363155 1.50895 3.29275 3.1892 1.28972 -0.350838 -1.34635 -1.53109 -1.26238 -0.536465 0.238963 0.568974 0.885704 1.08034 1.18404 1.1634 0.962908 0.68109
55.005 -1.60675 -2.4996 -3.1378 -3.49451 -2.43448 -0.314468 1.53617 3.28736 3.16791 1.27065 -0.322207 -1.36553 -1.59832 -1.25537 -0.490007 0.269712 0.570031 0.863176 1.06267 1.17594 1.15535 0.966832 0.692237
55.055 -1.61573 -2.50364 -3.13307 -3.48193 -2.39905 -0.263798 1.56475 3.28089 3.14644 1.25856 -0.293159 -1.3959 -1.67178 -1.24689 -0.438516 0.302417 0.57118 0.842891 1.04583 1.1666 1.14667 0.969532 0.702428
55.105 -1.62344 -2.5072 -3.12917 -3.4703 -2.3628 -0.210375 1.59546 3.27362 3.12492 1.25396 -0.267 -1.43985 -1.74956 -1.2359 -0.381535 0.337755 0.572913 0.824763 1.02903 1.15558 1.13772 0.971229 0.71159
55.155 -1.63022 -2.5108 -3.12645 -3.45929 -2.32494 -0.153408 1.62894 3.26545 3.10274 1.25598 -0.245613 -1.49723 -1.82988 -1.22224 -0.319526 0.376134 0.575912 0.808846 1.01175 1.14254 1.12863 0.972121 0.719731
55.205 -1.63758 -2.51355 -3.12453 -3.44953 -2.28463 -0.0920726 1.66564 3.2559 3.07864 1.26278 -0.229602 -1.56595 -1.911 -1.20635 -0.253724 0.417563 0.580893 0.795337 0.993711 1.12721 1.1194 0.972352 0.726919
55.255 -1.64794 -2.51991 -3.11925 -3.4335 -2.24435 -0.0287769 1.7054 3.24437 3.05125 1.27244 -0.218434 -1.64268 -1.99122 -1.18907 -0.18586 0.461644 0.588457 0.784527 0.974944 1.1095 1.10987 0.971997 0.733253
55.305 -1.66005 -2.53292 -3.11923 -3.40294 -2.19391 0.0319136 1.7461 3.22909 3.01868 1.28293 -0.211088 -1.72352 -2.06886 -1.17121 -0.117745 0.50772 0.599023 0.776748 0.955721 1.08946 1.09982 0.971035 0.738799
55.355 -1.67619 -2.55135 -3.11952 -3.36185 -2.13611 0.0946098 1.78857 3.20984 2.98152 1.28831 -0.211087 -1.80183 -2.14123 -1.15304 -0.0511502 0.554642 0.612577 0.772192 0.936427 1.06726 1.08901 0.969411 0.743628
55.405 -1.69709 -2.57338 -3.1179 -3.31274 -2.07184 0.161555 1.83301 3.18549 2.93802 1.28683 -0.217118 -1.87503 -2.20702 -1.13477 0.0129126 0.601634 0.628899 0.770879 0.917468 1.04318 1.07725 0.967041 0.747783
55.455 -1.72248 -2.59751 -3.11338 -3.25672 -2.00126 0.233614 1.8789 3.15437 2.88586 1.27952 -0.226094 -1.94245 -2.26599 -1.11682 0.0736695 0.648148 0.647748 0.772736 0.899228 1.01755 1.06436 0.963842 0.751305
55.505 -1.75167 -2.62245 -3.10527 -3.1942 -1.92451 0.310802 1.92533 3.11488 2.82315 1.26869 -0.234629 -2.00433 -2.31849 -1.09967 0.130551 0.693745 0.668854 0.777618 0.882062 0.990731 1.05025 0.95973 0.754217
55.555 -1.78382 -2.64707 -3.09288 -3.12531 -1.84192 0.392483 1.97103 3.06558 2.74847 1.25777 -0.239078 -2.06175 -2.3654 -1.08386 0.183158 0.738106 0.691945 0.785338 0.866282 0.963117 1.03484 0.954623 0.756525
55.605 -1.81793 -2.67019 -3.07551 -3.05012 -1.7541 0.477488 2.01445 3.00532 2.66088 1.25105 -0.235581 -2.11655 -2.40804 -1.07002 0.231184 0.781007 0.716783 0.795702 0.852149 0.935107 1.01813 0.948449 0.758215
55.655 -1.85294 -2.69059 -3.05248 -2.96911 -1.66244 0.564027 2.05448 2.9356 2.56644 1.24501 -0.229702 -2.16529 -2.44535 -1.05773 0.274374 0.821812 0.742936 0.808436 0.839891 0.907154 1.00021 0.941123 0.759192
55.705 -1.88777 -2.70718 -3.02338 -2.88289 -1.56815 0.650637 2.0906 2.85857 2.47098 1.23676 -0.226781 -2.20647 -2.47652 -1.04607 0.313369 0.860248 0.769786 0.823078 0.82953 0.879617 0.981269 0.932625 0.759356
55.755 -1.92125 -2.71892 -2.9879 -2.79203 -1.47237 0.735713 2.12193 2.77554 2.37747 1.22754 -0.227767 -2.24166 -2.50228 -1.03479 0.348823 0.896528 0.796969 0.839202 0.820993 0.852762 0.961485 0.922993 0.758651
55.805 -1.95216 -2.72486 -2.94587 -2.69732 -1.37643 0.817602 2.14774 2.68815 2.28889 1.2184 -0.233827 -2.27223 -2.5234 -1.02375 0.381286 0.930896 0.824249 0.856437 0.814172 0.82681 0.941051 0.912283 0.757035
55.855 -1.97929 -2.72417 -2.89738 -2.59975 -1.28167 0.894833 2.16762 2.59826 2.20763 1.2101 -0.245747 -2.29944 -2.54068 -1.01292 0.411206 0.963584 0.851477 0.874467 0.808942 0.801941 0.920156 0.900567 0.754477
55.905 -2.00151 -2.71628 -2.84274 -2.50042 -1.18932 0.96627 2.18158 2.5079 2.13511 1.20297 -0.26371 -2.32432 -2.55487 -1.00229 0.438894 0.99477 0.878573 0.893037 0.805172 0.778304 0.898985 0.887924 0.750955
55.955 -2.01786 -2.70088 -2.78253 -2.40052 -1.10043 1.0312 2.19005 2.41913 2.07166 1.19679 -0.287244 -2.34757 -2.56658 -0.99191 0.464515 1.02453 0.905492 0.911949 0.802738 0.756019 0.877719 0.874441 0.746455
56.005 -2.02762 -2.67798 -2.71755 -2.30125 -1.01579 1.08933 2.1938 2.33391 2.01667 1.1908 -0.315342 -2.36956 -2.57627 -0.981793 0.488103 1.05286 0.932218 0.931049 0.801519 0.735178 0.856536 0.86021 0.740974
56.055 -2.03035 -2.64784 -2.64872 -2.20367 -0.935909 1.14077 2.19378 2.25394 1.96887 1.18394 -0.346703 -2.39034 -2.58419 -0.971916 0.50959 1.07961 0.958741 0.950215 0.801397 0.715849 0.835605 0.845335 0.734518
56.105 -2.0259 -2.61101 -2.57702 -2.10875 -0.861026 1.18588 2.19097 2.18048 1.92674 1.17509 -0.380001 -2.40979 -2.59042 -0.962188 0.528839 1.10459 0.985058 0.969346 0.802253 0.69807 0.815085 0.829926 0.727108
56.155 -2.01441 -2.56818 -2.50343 -2.01722 -0.791141 1.2252 2.18625 2.11427 1.88882 1.16332 -0.4141 -2.42765 -2.5949 -0.95245 0.545672 1.12753 1.01118 0.988354 0.80396 0.681859 0.795125 0.814101 0.71878
56.205 -1.99624 -2.52017 -2.42886 -1.92964 -0.72608 1.25934 2.18029 2.05556 1.85393 1.14804 -0.44817 -2.44366 -2.59746 -0.942482 0.559881 1.14814 1.03711 1.00715 0.806384 0.667207 0.77586 0.797986 0.709586
56.255 -1.97194 -2.46784 -2.35412 -1.8464 -0.665549 1.28888 2.1735 2.00411 1.82123 1.12901 -0.481702 -2.45754 -2.59788 -0.932016 0.571238 1.16611 1.06291 1.02567 0.80938 0.654086 0.757411 0.781709 0.699593
56.305 -1.9422 -2.41206 -2.2799 -1.76767 -0.609183 1.31434 2.16612 1.95938 1.7902 1.10632 -0.514454 -2.46906 -2.59585 -0.920744 0.579494 1.1811 1.08864 1.0438 0.81279 0.642453 0.739886 0.765402 0.688882
56.355 -1.90775 -2.35367 -2.20677 -1.69352 -0.556594 1.33615 2.15823 1.92085 1.76031 1.07994 -0.546148 -2.47791 -2.591 -0.908341 0.584364 1.19279 1.11438 1.06147 0.816444 0.632252 0.723381 0.749196 0.677545
56.405 -1.86939 -2.29347 -2.13525 -1.62395 -0.507398 1.35482 2.15038 1.88931 1.72935 1.04787 -0.575215 -2.48329 -2.58277 -0.894429 0.585472 1.20078 1.14023 1.07857 0.820159 0.623416 0.707981 0.733222 0.665678
56.455 -1.82792 -2.2322 -2.06567 -1.55862 -0.460975 1.37063 2.14207 1.8628 1.69826 1.01188 -0.602891 -2.4852 -2.5707 -0.878577 0.582624 1.20478 1.1663 1.09495 0.823727 0.615866 0.693762 0.717614 0.653396
56.505 -1.78412 -2.17048 -1.9982 -1.49709 -0.416823 1.38362 2.13269 1.83972 1.66788 0.973331 -0.630015 -2.4836 -2.55441 -0.860451 0.57558 1.20461 1.19274 1.11048 0.826938 0.609518 0.680785 0.702499 0.640818
56.555 -1.7387 -2.10887 -1.93295 -1.43883 -0.374467 1.39374 2.12165 1.81893 1.63859 0.933002 -0.656934 -2.47833 -2.53348 -0.839788 0.564068 1.20008 1.21967 1.125 0.829585 0.604292 0.669101 0.687998 0.628067
56.605 -1.69233 -2.04783 -1.86993 -1.38322 -0.333412 1.40088 2.10842 1.79953 1.61051 0.891394 -0.683767 -2.46913 -2.50747 -0.816414 0.547834 1.19109 1.24719 1.13833 0.831462 0.600109 0.65875 0.674223 0.615265
56.655 -1.6456 -1.98779 -1.80913 -1.32958 -0.293144 1.40483 2.0924 1.78064 1.58354 0.848831 -0.710515 -2.4556 -2.4755 -0.788732 0.524664 1.17568 1.27698 1.15092 0.832459 0.596712 0.649604 0.66125 0.60255
56.705 -1.59907 -1.92913 -1.75047 -1.27709 -0.253081 1.40538 2.07294 1.76144 1.55755 0.805735 -0.736965 -2.43728 -2.43711 -0.757071 0.494549 1.15377 1.30872 1.16272 0.832678 0.59419 0.641597 0.649051 0.590019
56.755 -1.55325 -1.87216 -1.6938 -1.2248 -0.212544 1.40228 2.04937 1.74111 1.53247 0.762662 -0.762878 -2.41406 -2.3927 -0.724272 0.460658 1.12889 1.33972 1.1724 0.831836 0.592864 0.635047 0.637717 0.57771
56.805 -1.50858 -1.81718 -1.63892 -1.17173 -0.170841 1.39525 2.02102 1.71892 1.50819 0.720092 -0.788001 -2.38582 -2.34248 -0.6922 0.424687 1.10356 1.36863 1.17896 0.829514 0.59276 0.630176 0.62743 0.565704
56.855 -1.46545 -1.76442 -1.58565 -1.11691 -0.127299 1.38401 1.98722 1.69422 1.48452 0.678478 -0.811975 -2.35245 -2.28659 -0.662463 0.387585 1.07981 1.39476 1.18174 0.825343 0.593759 0.627069 0.618371 0.554124
56.905 -1.42417 -1.71409 -1.53378 -1.05943 -0.0813265 1.36829 1.94737 1.66655 1.4612 0.63822 -0.834314 -2.31377 -2.22507 -0.636656 0.349729 1.05941 1.4178 1.18035 0.819073 0.59567 0.625677 0.610673 0.543124
56.955 -1.38497 -1.66629 -1.48306 -0.998572 -0.0324976 1.34787 1.901 1.63568 1.43789 0.599596 -0.854406 -2.26956 -2.15786 -0.616454 0.310956 1.04386 1.4377 1.17471 0.810626 0.598271 0.625822 0.604388 0.532856
57.005 -1.34797 -1.62104 -1.43327 -0.933865 0.0193378 1.32263 1.84789 1.60179 1.4142 0.562657 -0.871537 -2.21956 -2.0848 -0.603637 0.270574 1.03446 1.45467 1.16503 0.800132 0.601349 0.627213 0.599473 0.523453
57.055 -1.31321 -1.57824 -1.38411 -0.865216 0.0739401 1.29254 1.78814 1.56559 1.38966 0.527097 -0.884944 -2.16342 -2.00548 -0.600096 0.227373 1.03223 1.46908 1.15184 0.787944 0.60473 0.629463 0.595785 0.515007
57.105 -1.28059 -1.53762 -1.33526 -0.792975 0.130575 1.25774 1.72225 1.52846 1.36385 0.492162 -0.893916 -2.10086 -1.91963 -0.607188 0.179894 1.0376 1.48136 1.13591 0.774657 0.60831 0.632186 0.593053 0.50747
57.155 -1.24989 -1.49878 -1.28635 -0.717978 0.187956 1.21849 1.65117 1.49261 1.33675 0.456676 -0.898435 -2.03319 -1.83087 -0.619181 0.130618 1.04608 1.49063 1.11793 0.761266 0.612442 0.63625 0.590428 0.499052
57.205 -1.22082 -1.46114 -1.2369 -0.641454 0.244329 1.1752 1.57633 1.46113 1.30845 0.418539 -0.89892 -1.9617 -1.7422 -0.631922 0.0836396 1.05363 1.49547 1.09813 0.748749 0.617903 0.641353 0.587651 0.489547
57.255 -1.19297 -1.4241 -1.18648 -0.564366 0.296703 1.12857 1.49946 1.43764 1.27921 0.375057 -0.895889 -1.88724 -1.65516 -0.64332 0.0412162 1.05826 1.4949 1.07674 0.737904 0.625136 0.646986 0.584665 0.479322
57.305 -1.16622 -1.38937 -1.1307 -0.487786 0.339254 1.07977 1.42254 1.42615 1.24982 0.323256 -0.890083 -1.81049 -1.57074 -0.651982 0.00472432 1.05872 1.48822 1.054 0.729406 0.634396 0.652828 0.581406 0.468578
57.355 -1.14186 -1.34988 -1.06961 -0.419138 0.370896 1.03094 1.35657 1.41883 1.2145 0.27 -0.882056 -1.73256 -1.49009 -0.657331 -0.0249986 1.05425 1.47503 1.03021 0.723869 0.645855 0.658575 0.577807 0.457482
57.405 -1.11683 -1.30431 -1.00639 -0.361853 0.390811 0.985585 1.31884 1.40257 1.15814 0.227035 -0.869609 -1.6536 -1.41421 -0.65968 -0.0479583 1.04431 1.4551 1.00573 0.721888 0.659638 0.6639 0.573799 0.446222
57.455 -1.08874 -1.25362 -0.944033 -0.317424 0.401085 0.954592 1.29469 1.37739 1.09294 0.186603 -0.852652 -1.57325 -1.34303 -0.658787 -0.0642494 1.02837 1.42824 0.980883 0.724045 0.675849 0.668457 0.569332 0.435025
57.505 -1.05663 -1.20032 -0.885733 -0.281213 0.401979 0.945772 1.27629 1.33037 1.03224 0.149699 -0.832032 -1.492 -1.27709 -0.655048 -0.0740724 1.00621 1.39437 0.956059 0.730901 0.69451 0.671863 0.564376 0.424145
57.555 -1.02115 -1.14666 -0.832176 -0.249442 0.402663 0.942743 1.25946 1.2787 0.969679 0.115344 -0.807411 -1.40951 -1.21655 -0.64892 -0.0778568 0.977665 1.3538 0.933058 0.740903 0.714449 0.675797 0.558876 0.41355
57.605 -0.983506 -1.09446 -0.783397 -0.219427 0.410613 0.936874 1.23583 1.23111 0.90699 0.0831377 -0.779319 -1.32603 -1.16184 -0.640941 -0.0758578 0.942874 1.30688 0.91313 0.753386 0.734206 0.680966 0.553503 0.403372
57.655 -0.945116 -1.04417 -0.737525 -0.18971 0.420973 0.929601 1.20919 1.1838 0.845052 0.0541132 -0.747753 -1.24166 -1.11336 -0.631801 -0.0683446 0.902167 1.25381 0.896531 0.769249 0.753341 0.686241 0.548729 0.394151
57.705 -0.906898 -0.995672 -0.693541 -0.160217 0.432001 0.921348 1.18071 1.136 0.784257 0.02874 -0.71308 -1.15737 -1.06965 -0.621873 -0.0569759 0.856121 1.19507 0.884129 0.788726 0.771075 0.691102 0.544756 0.386305
57.755 -0.869351 -0.948764 -0.650936 -0.131112 0.442929 0.912168 1.151 1.08814 0.725386 0.00676028 -0.677831 -1.07842 -1.02118 -0.607823 -0.0494844 0.804667 1.13157 0.877505 0.81214 0.786367 0.695172 0.541729 0.380143
57.805 -0.832707 -0.903235 -0.60942 -0.102509 0.453424 0.902107 1.12037 1.04039 0.668608 -0.0119235 -0.642236 -1.00414 -0.970257 -0.589474 -0.0447231 0.747747 1.06351 0.877549 0.839398 0.798069 0.698278 0.53985 0.375898
57.855 -0.797033 -0.858922 -0.568852 -0.0745072 0.463291 0.891137 1.08894 0.992925 0.614413 -0.0271628 -0.606511 -0.934213 -0.918564 -0.568105 -0.0416794 0.686546 0.991514 0.885007 0.870144 0.804792 0.700239 0.539355 0.373761
57.905 -0.762308 -0.815703 -0.529167 -0.0471972 0.472371 0.87917 1.05674 0.946004 0.563564 -0.0387703 -0.571154 -0.868918 -0.867163 -0.545664 -0.0400102 0.624245 0.921988 0.892642 0.899003 0.813062 0.700945 0.539261 0.373442
57.955 -0.72848 -0.773474 -0.490316 -0.0206494 0.480526 0.866098 1.02381 0.89999 0.51697 -0.0466089 -0.536871 -0.808945 -0.817065 -0.523754 -0.0390256 0.56411 0.859297 0.897069 0.91983 0.825451 0.702758 0.539443 0.3741
58.005 -0.695478 -0.732145 -0.452272 0.00505836 0.487609 0.851809 0.990232 0.855338 0.475591 -0.0506365 -0.504487 -0.755184 -0.769139 -0.502835 -0.0379292 0.506767 0.804406 0.900983 0.93118 0.838019 0.706784 0.541172 0.375614
58.055 -0.663221 -0.691647 -0.415047 0.0298109 0.493449 0.836202 0.956144 0.812604 0.44038 -0.0510183 -0.475103 -0.708898 -0.723768 -0.479817 -0.0382419 0.448291 0.762172 0.906332 0.931956 0.848282 0.712748 0.54525 0.378239
58.105 -0.631628 -0.651931 -0.378683 0.0534639 0.497872 0.819214 0.921769 0.772369 0.412145 -0.0480474 -0.449617 -0.671073 -0.681605 -0.454518 -0.0409305 0.399619 0.724497 0.904372 0.932755 0.855941 0.718624 0.551154 0.382169
58.155 -0.600622 -0.612963 -0.343253 0.0758407 0.500735 0.801025 0.88781 0.735289 0.389228 -0.0430672 -0.424729 -0.641924 -0.644991 -0.42721 -0.0463276 0.36372 0.693153 0.89115 0.932861 0.86298 0.725636 0.557481 0.385969
58.205 -0.570134 -0.574755 -0.308915 0.0967208 0.50203 0.782172 0.855301 0.701887 0.369589 -0.0398127 -0.401927 -0.61129 -0.612474 -0.406025 -0.0528539 0.339224 0.668232 0.871483 0.92934 0.869088 0.733882 0.564298 0.389596
58.255 -0.540124 -0.537353 -0.275807 0.11603 0.501983 0.763177 0.824515 0.671461 0.352083 -0.0372616 -0.381175 -0.580984 -0.582746 -0.388783 -0.0565965 0.319359 0.644141 0.8529 0.923241 0.873191 0.742118 0.571705 0.393647
58.305 -0.510588 -0.500834 -0.244033 0.133802 0.500863 0.74436 0.79541 0.643438 0.336204 -0.034871 -0.361839 -0.552345 -0.555394 -0.373264 -0.0588007 0.302458 0.621818 0.834852 0.915604 0.875561 0.74978 0.57947 0.398335
58.355 -0.481554 -0.465284 -0.213656 0.150121 0.498899 0.7259 0.767882 0.617461 0.321713 -0.0324777 -0.343751 -0.525607 -0.530054 -0.358744 -0.0599579 0.287796 0.601294 0.817299 0.906943 0.876462 0.756648 0.587359 0.403667
58.405 -0.453075 -0.430784 -0.184695 0.165094 0.496274 0.707897 0.741825 0.593284 0.308439 -0.0300594 -0.326821 -0.500697 -0.506449 -0.344947 -0.0603001 0.27494 0.582396 0.800297 0.897581 0.876118 0.762647 0.595187 0.409559
58.455 -0.425212 -0.397395 -0.157142 0.17883 0.493134 0.690409 0.717144 0.570721 0.296236 -0.0276364 -0.310966 -0.477467 -0.484362 -0.331743 -0.0599765 0.263595 0.564944 0.783883 0.887744 0.874719 0.767774 0.602817 0.415897
58.505 -0.398032 -0.365166 -0.13097 0.191435 0.489594 0.673471 0.693755 0.549614 0.284977 -0.0252362 -0.296106 -0.455756 -0.463621 -0.319062 -0.0591012 0.25354 0.548782 0.768074 0.877598 0.872428 0.772061 0.610155 0.422561
58.555 -0.371593 -0.334128 -0.10614 0.203007 0.485747 0.657102 0.671578 0.529832 0.274551 -0.0228822 -0.282161 -0.43542 -0.444084 -0.306855 -0.0577669 0.244599 0.533777 0.752871 0.867264 0.869386 0.775553 0.617133 0.429437
58.605 -0.345945 -0.304297 -0.0826053 0.213635 0.481669 0.641309 0.650539 0.511255 0.264865 -0.0205919 -0.269058 -0.416328 -0.425631 -0.295088 -0.0560506 0.236632 0.519818 0.738265 0.856837 0.865711 0.778308 0.623709 0.436424
58.655 -0.321129 -0.275681 -0.0603164 0.223401 0.477424 0.626093 0.63057 0.493781 0.255835 -0.0183773 -0.25673 -0.398364 -0.408163 -0.283732 -0.0540165 0.229519 0.506808 0.724241 0.846388 0.861506 0.780382 0.629856 0.443432
58.705 -0.297175 -0.248273 -0.0392219 0.232379 0.473062 0.611447 0.611604 0.477318 0.247394 -0.0162455 -0.245113 -0.381428 -0.391593 -0.272765 -0.0517187 0.223161 0.494662 0.710782 0.835972 0.856857 0.781832 0.635559 0.450384
58.755 -0.274102 -0.222064 -0.0192696 0.240634 0.468625 0.597362 0.593582 0.461783 0.239482 -0.0142004 -0.234153 -0.365431 -0.375847 -0.262167 -0.0492028 0.217474 0.483306 0.697867 0.825632 0.851839 0.782712 0.640813 0.457215
58.805 -0.251923 -0.197032 -0.000407651 0.248228 0.464147 0.583823 0.576447 0.447104 0.232047 -0.0122432 -0.223797 -0.350296 -0.360858 -0.251918 -0.0465072 0.212383 0.472675 0.685475 0.815402 0.846517 0.783072 0.645618 0.463872
58.855 -0.23064 -0.173155 0.0174146 0.255214 0.459656 0.570816 0.560144 0.433216 0.225047 -0.0103733 -0.214 -0.335952 -0.346571 -0.242004 -0.0436647 0.207827 0.46271 0.673586 0.805309 0.840946 0.78296 0.64998 0.47031
58.905 -0.21025 -0.150403 0.0342467 0.261641 0.455173 0.558323 0.544625 0.420061 0.218442 -0.00858862 -0.204721 -0.322339 -0.332933 -0.232408 -0.0407031 0.20375 0.453359 0.662178 0.795372 0.835172 0.782419 0.653906 0.476494
58.955 -0.190744 -0.128746 0.0501365 0.267551 0.450717 0.546326 0.529843 0.407586 0.212201 -0.00688636 -0.19592 -0.309402 -0.3199 -0.223117 -0.0376463 0.200102 0.444575 0.651231 0.785608 0.829238 0.781487 0.657409 0.482396
59.005 -0.172107 -0.108149 0.0651301 0.272984 0.4463 0.534806 0.515756 0.395744 0.206293 -0.00526303 -0.187564 -0.297091 -0.307431 -0.214118 -0.0345147 0.196843 0.436316 0.640723 0.776027 0.823178 0.780202 0.6605 0.487995
59.055 -0.154321 -0.0885766 0.0792717 0.277976 0.441935 0.523745 0.502323 0.384493 0.200694 -0.00371474 -0.17962 -0.285362 -0.29549 -0.205399 -0.0313258 0.193933 0.428542 0.630637 0.766638 0.817022 0.778596 0.663193 0.493275
59.105 -0.137367 -0.0699924 0.0926038 0.282558 0.437628 0.513123 0.489507 0.373794 0.195381 -0.00223738 -0.172062 -0.274175 -0.284042 -0.196949 -0.0280947 0.191341 0.421221 0.620952 0.757448 0.810797 0.776699 0.665503 0.498226
59.155 -0.12122 -0.0523589 0.105167 0.286759 0.433386 0.502921 0.477273 0.363611 0.190335 -0.000826767 -0.164861 -0.263494 -0.273059 -0.188756 -0.0248344 0.189035 0.414319 0.611651 0.74846 0.804524 0.774537 0.667444 0.502841
59.205 -0.105855 -0.0356388 0.116999 0.290606 0.429213 0.493122 0.46559 0.353913 0.185537 0.000521326 -0.157995 -0.253286 -0.262512 -0.180812 -0.021556 0.186991 0.407809 0.602717 0.739675 0.798222 0.772136 0.669031 0.507116
59.255 -0.0912475 -0.0197948 0.128138 0.294122 0.425113 0.483706 0.454425 0.344669 0.180972 0.00181105 -0.151441 -0.24352 -0.252377 -0.173106 -0.0182692 0.185183 0.401663 0.594134 0.731096 0.791909 0.769517 0.670281 0.511052
59.305 -0.0773693 -0.00478998 0.138619 0.297329 0.421086 0.474658 0.443752 0.335855 0.176626 0.00304647 -0.145179 -0.23417 -0.24263 -0.165629 -0.0149822 0.18359 0.395858 0.585884 0.72272 0.785598 0.766702 0.671208 0.51465
59.355 -0.0641932 0.00941183 0.148474 0.300247 0.417133 0.465959 0.433544 0.327443 0.172485 0.00423149 -0.13919 -0.225209 -0.233251 -0.158373 -0.0117022 0.182195 0.390372 0.577954 0.714547 0.7793 0.763707 0.671827 0.517916
59.405 -0.0516917 0.0228461 0.157736 0.302895 0.413255 0.457593 0.423775 0.319413 0.168538 0.00536986 -0.133458 -0.216616 -0.224219 -0.15133 -0.00843533 0.180978 0.385184 0.570328 0.706575 0.773026 0.760551 0.672152 0.520854
59.455 -0.0398373 0.0355473 0.166434 0.305288 0.40945 0.449546 0.414424 0.311742 0.164774 0.00646517 -0.127965 -0.208367 -0.215516 -0.144491 -0.00518685 0.179925 0.380276 0.562994 0.6988 0.766785 0.757249 0.6722 0.523473
59.505 -0.0286029 0.0475489 0.174598 0.307443 0.405718 0.441801 0.405467 0.304411 0.161184 0.00752081 -0.122699 -0.200444 -0.207126 -0.137849 -0.00196124 0.179022 0.375629 0.555937 0.691218 0.760583 0.753814 0.671982 0.52578
59.555 -0.0179619 0.0588834 0.182254 0.309373 0.402058 0.434345 0.396885 0.297402 0.157758 0.00853999 -0.117644 -0.192828 -0.199032 -0.131398 0.00123764 0.178256 0.371229 0.549146 0.683827 0.754427 0.75026 0.671514 0.527784
59.605 -0.00788799 0.069582 0.189428 0.311093 0.398467 0.427164 0.388658 0.290697 0.154487 0.00952572 -0.112788 -0.185503 -0.191221 -0.125129 0.00440656 0.177615 0.367059 0.542608 0.676621 0.748322 0.746598 0.670809 0.529496
59.655 0.00164416 0.0796749 0.196146 0.312613 0.394944 0.420244 0.380768 0.284282 0.151366 0.0104808 -0.10812 -0.178451 -0.183678 -0.119037 0.00754274 0.177089 0.363107 0.536312 0.669597 0.742272 0.742839 0.669879 0.530926
59.705 0.0106593 0.0891909 0.202429 0.313946 0.391487 0.413574 0.373198 0.278141 0.148385 0.011408 -0.103629 -0.17166 -0.17639 -0.113116 0.0106439 0.176667 0.359359 0.530248 0.662749 0.73628 0.738993 0.668737 0.532084
59.755 0.0191812 0.0981579 0.2083 0.315101 0.388093 0.407141 0.365933 0.272261 0.145539 0.0123096 -0.0993042 -0.165114 -0.169345 -0.107358 0.0137081 0.176342 0.355804 0.524404 0.656074 0.730349 0.735069 0.667394 0.532981
59.805 0.0272331 0.106602 0.213781 0.31609 0.384761 0.400934 0.358957 0.266628 0.142821 0.013188 -0.0951364 -0.158802 -0.162533 -0.101759 0.0167338 0.176105 0.352429 0.51877 0.649566 0.724481 0.731076 0.665864 0.533628
59.855 0.0348372 0.11455 0.21889 0.316921 0.381488 0.394943 0.352255 0.26123 0.140226 0.0140452 -0.0911168 -0.15271 -0.155942 -0.0963128 0.0197197 0.175949 0.349225 0.513338 0.64322 0.718679 0.72702 0.664156 0.534036
59.905 0.0420148 0.122025 0.223647 0.317604 0.378273 0.389156 0.345815 0.256057 0.137748 0.0148834 -0.0872372 -0.146829 -0.149562 -0.0910137 0.0226647 0.175866 0.346182 0.508098 0.637032 0.712942 0.722911 0.662282 0.534215
59.955 0.0487864 0.129051 0.22807 0.318145 0.375113 0.383565 0.339623 0.251097 0.135381 0.0157043 -0.0834898 -0.141147 -0.143384 -0.0858569 0.0255681 0.175851 0.34329 0.503042 0.630996 0.707273 0.718753 0.660251 0.534177
60.005 0.0551716 0.135649 0.232176 0.318554 0.372006 0.37816 0.333668 0.24634 0.133122 0.0165095 -0.0798675 -0.135654 -0.137398 -0.0808373 0.0284293 0.175899 0.340541 0.498161 0.625109 0.701672 0.714553 0.658073 0.533931
60.055 0.0611892 0.141841 0.235981 0.318836 0.36895 0.372933 0.327939 0.241776 0.130964 0.0173006 -0.0763634 -0.130342 -0.131597 -0.0759502 0.0312479 0.176003 0.337928 0.493447 0.619365 0.696139 0.710317 0.655759 0.533489
60.105 0.0668573 0.147648 0.239499 0.319 0.365943 0.367874 0.322424 0.237397 0.128905 0.0180791 -0.0729714 -0.125201 -0.125972 -0.0711908 0.0340236 0.176159 0.335441 0.488893 0.61376 0.690675 0.70605 0.653316 0.532861
60.155 0.0721929 0.153088 0.242747 0.319051 0.362984 0.362977 0.317114 0.233194 0.126939 0.0188462 -0.0696854 -0.120224 -0.120516 -0.0665548 0.0367562 0.176362 0.333074 0.484492 0.608288 0.685279 0.701756 0.650754 0.532055
60.205 0.0772124 0.158179 0.245738 0.318996 0.36007 0.358234 0.311999 0.229158 0.125063 0.0196032 -0.0665 -0.115402 -0.115221 -0.062038 0.0394458 0.176608 0.330821 0.480237 0.602947 0.679951 0.697441 0.648081 0.531083
60.255 0.0819315 0.162939 0.248484 0.31884 0.3572 0.353637 0.307069 0.225283 0.123273 0.020351 -0.0634099 -0.110728 -0.110081 -0.0576362 0.0420925 0.176894 0.328675 0.476121 0.597731 0.67469 0.693109 0.645304 0.529952
60.305 0.0863651 0.167386 0.250998 0.318589 0.354372 0.34918 0.302317 0.22156 0.121566 0.0210908 -0.0604103 -0.106196 -0.105089 -0.0533454 0.0446963 0.177215 0.326629 0.472137 0.592636 0.669497 0.688763 0.642431 0.528673
60.355 0.0905272 0.171533 0.253293 0.318248 0.351584 0.344857 0.297734 0.217984 0.119938 0.0218235 -0.0574965 -0.101798 -0.100239 -0.0491619 0.0472577 0.177569 0.324679 0.468281 0.587658 0.664371 0.684407 0.639469 0.527253
60.405 0.0944315 0.175397 0.255378 0.317822 0.348836 0.340661 0.293312 0.214547 0.118385 0.0225497 -0.0546642 -0.097529 -0.0955244 -0.045082 0.0497768 0.177953 0.32282 0.464547 0.582793 0.659311 0.680045 0.636425 0.525702
60.455 0.0980908 0.178992 0.257266 0.317315 0.346125 0.336587 0.289044 0.211243 0.116906 0.0232704 -0.0519094 -0.0933829 -0.0909407 -0.0411022 0.052254 0.178363 0.321045 0.460928 0.578037 0.654316 0.675678 0.633305 0.524026
60.505 0.101517 0.18233 0.258966 0.316732 0.34345 0.33263 0.284923 0.208066 0.115495 0.0239861 -0.0492282 -0.0893541 -0.0864821 -0.037219 0.0546898 0.178797 0.319351 0.45742 0.573386 0.649385 0.671312 0.630115 0.522235
60.555 0.104723 0.185426 0.260488 0.316078 0.340811 0.328784 0.280943 0.205012 0.114152 0.0246975 -0.0466172 -0.0854375 -0.0821436 -0.0334293 0.0570846 0.179252 0.317732 0.454018 0.568838 0.644519 0.666947 0.626862 0.520334
60.605 0.107718 0.188291 0.26184 0.315356 0.338205 0.325044 0.277097 0.202073 0.112873 0.0254051 -0.0440727 -0.081628 -0.0779203 -0.0297299 0.0594389 0.179727 0.316185 0.450716 0.564387 0.639715 0.662587 0.623551 0.518332
60.655 0.110513 0.190937 0.263032 0.31457 0.335633 0.321406 0.273379 0.199246 0.111656 0.0261095 -0.0415918 -0.077921 -0.0738077 -0.0261178 0.0617532 0.18022 0.314706 0.447512 0.560032 0.634973 0.658233 0.620186 0.516235
60.705 0.113119 0.193375 0.264072 0.313723 0.333091 0.317865 0.269784 0.196526 0.110498 0.026811 -0.0391714 -0.074312 -0.0698015 -0.02259 0.0640281 0.180727 0.313291 0.4444 0.555768 0.630292 0.653889 0.616774 0.51405
60.755 0.115545 0.195616 0.264968 0.31282 0.330581 0.314417 0.266306 0.193907 0.109396 0.02751 -0.0368086 -0.0707969 -0.0658974 -0.0191439 0.0662641 0.181248 0.311936 0.441376 0.551592 0.625671 0.649556 0.613318 0.511782
60.805 0.1178 0.197669 0.265728 0.311862 0.3281 0.311059 0.26294 0.191386 0.108349 0.028207 -0.0345008 -0.0673717 -0.0620915 -0.0157766 0.0684618 0.18178 0.310638 0.438436 0.547502 0.62111 0.645235 0.609823 0.509439
60.855 0.119893 0.199545 0.266357 0.310854 0.325648 0.307786 0.259681 0.188959 0.107354 0.0289022 -0.0322455 -0.0640325 -0.05838 -0.0124856 0.0706218 0.182323 0.309394 0.435577 0.543494 0.616606 0.64093 0.606294 0.507024
60.905 0.121831 0.201251 0.266864 0.309799 0.323224 0.304595 0.256525 0.186621 0.106409 0.0295958 -0.0300403 -0.0607759 -0.0547593 -0.00926848 0.0727447 0.182875 0.308201 0.432795 0.539566 0.61216 0.63664 0.602734 0.504545
60.955 0.123623 0.202798 0.267254 0.308699 0.320827 0.301482 0.253468 0.184368 0.105512 0.0302882 -0.0278829 -0.0575983 -0.0512259 -0.00612279 0.074831 0.183434 0.307056 0.430087 0.535715 0.607771 0.632368 0.599147 0.502005
61.005 0.125276 0.204192 0.267534 0.307557 0.318456 0.298445 0.250505 0.182198 0.104661 0.0309795 -0.0257712 -0.0544965 -0.0477766 -0.00304624 0.0768815 0.183999 0.305956 0.427449 0.531938 0.603437 0.628115 0.595537 0.49941
61.055 0.126796 0.205442 0.26771 0.306375 0.316111 0.29548 0.247632 0.180106 0.103855 0.03167 -0.0237033 -0.0514675 -0.0444082 -3.66165e-05 0.0788966 0.184569 0.304899 0.424878 0.528233 0.599157 0.623882 0.591907 0.496765
61.105 0.128192 0.206554 0.267786 0.305156 0.313791 0.292585 0.244845 0.17809 0.103091 0.0323597 -0.0216773 -0.0485084 -0.0411177 0.00290819 0.0808771 0.185143 0.303882 0.422372 0.524598 0.594931 0.61967 0.588261 0.494073
61.155 0.129468 0.207537 0.267769 0.303902 0.311495 0.289756 0.242141 0.176145 0.102368 0.0330488 -0.0196912 -0.0456163 -0.0379023 0.00579024 0.0828234 0.18572 0.302903 0.419928 0.521029 0.590757 0.615481 0.584601 0.49134
61.205 0.130631 0.208397 0.267663 0.302616 0.309223 0.286991 0.239517 0.17427 0.101685 0.0337373 -0.0177436 -0.0427886 -0.0347592 0.00861149 0.0847363 0.186299 0.30196 0.417543 0.517526 0.586635 0.611316 0.58093 0.488569
61.255 0.131687 0.20914 0.267473 0.3013 0.306975 0.284287 0.236968 0.172462 0.101039 0.0344255 -0.0158328 -0.0400228 -0.0316858 0.0113738 0.0866163 0.186879 0.301051 0.415214 0.514085 0.582564 0.607174 0.57725 0.485763
61.305 0.13264 0.209772 0.267204 0.299955 0.304749 0.281643 0.234493 0.170717 0.100429 0.0351134 -0.0139572 -0.0373166 -0.0286797 0.0140791 0.088464 0.187459 0.300174 0.412939 0.510705 0.578543 0.603058 0.573566 0.482927
61.355 0.133498 0.210298 0.266859 0.298583 0.302545 0.279056 0.232088 0.169033 0.0998533 0.0358009 -0.0121155 -0.0346675 -0.0257384 0.016729 0.09028 0.188039 0.299327 0.410716 0.507384 0.574571 0.598968 0.569877 0.480063
61.405 0.134263 0.210725 0.266444 0.297187 0.300363 0.276523 0.229751 0.167407 0.0993113 0.0364882 -0.0103062 -0.0320736 -0.0228597 0.0193253 0.0920649 0.188618 0.298508 0.408543 0.504119 0.570647 0.594904 0.566188 0.477176
61.455 0.134941 0.211058 0.265962 0.295768 0.298202 0.274043 0.227478 0.165838 0.0988013 0.0371753 -0.00852822 -0.0295326 -0.0200414 0.0218695 0.0938192 0.189195 0.297716 0.406417 0.50091 0.566771 0.590868 0.5625 0.474267
61.505 0.135537 0.211301 0.265416 0.294327 0.296062 0.271614 0.225267 0.164323 0.098322 0.0378622 -0.00678023 -0.0270427 -0.0172815 0.0243632 0.0955436 0.18977 0.296949 0.404336 0.497754 0.562941 0.586859 0.558816 0.47134
61.555 0.136054 0.211459 0.26481 0.292867 0.293942 0.269235 0.223116 0.16286 0.0978721 0.0385489 -0.0050611 -0.024602 -0.0145778 0.0268079 0.0972385 0.190341 0.296207 0.4023 0.494649 0.559157 0.582878 0.555136 0.468398
61.605 0.136497 0.211537 0.264148 0.291389 0.291843 0.266902 0.221022 0.161446 0.0974505 0.0392354 -0.00336976 -0.0222087 -0.0119286 0.0292051 0.0989046 0.19091 0.295486 0.400305 0.491594 0.555418 0.578927 0.551462 0.465443
61.655 0.13687 0.211539 0.263433 0.289894 0.289763 0.264615 0.218983 0.160081 0.0970561 0.0399216 -0.00170519 -0.0198611 -0.00933206 0.0315561 0.100542 0.191474 0.294787 0.39835 0.488588 0.551724 0.575004 0.547797 0.462478
61.705 0.137175 0.211468 0.262667 0.288384 0.287703 0.262371 0.216998 0.158761 0.0966877 0.0406076 -6.6399e-05 -0.0175577 -0.00678636 0.0338623 0.102152 0.192035 0.294107 0.396433 0.485629 0.548072 0.571111 0.544142 0.459504
61.755 0.137417 0.21133 0.261855 0.28686 0.285661 0.260171 0.215063 0.157485 0.0963443 0.0412933 0.00154752 -0.0152967 -0.00428989 0.036125 0.103735 0.192591 0.293446 0.394554 0.482715 0.544464 0.567247 0.540498 0.456525
61.805 0.137599 0.211126 0.260997 0.285323 0.283639 0.258011 0.213178 0.156252 0.096025 0.0419788 0.00313744 -0.0130769 -0.00184104 0.0383453 0.105291 0.193141 0.292803 0.39271 0.479846 0.540898 0.563414 0.536866 0.453541
61.855 0.137724 0.210862 0.260098 0.283774 0.281635 0.255891 0.211339 0.155059 0.0957287 0.0426638 0.00470418 -0.0108968 0.000561702 0.0405245 0.10682 0.193687 0.292176 0.3909 0.477019 0.537372 0.559611 0.533248 0.450555
61.905 0.137795 0.21054 0.25916 0.282215 0.279649 0.253809 0.209547 0.153905 0.0954545 0.0433485 0.00624854 -0.00875508 0.0029198 0.0426638 0.108324 0.194227 0.291565 0.389122 0.474234 0.533888 0.555838 0.529645 0.447569
61.955 0.137815 0.210164 0.258184 0.280646 0.277681 0.251765 0.207798 0.15279 0.0952016 0.0440327 0.00777126 -0.00665044 0.00523464 0.0447641 0.109803 0.194761 0.290969 0.387376 0.47149 0.530443 0.552096 0.526059 0.444585
62.005 0.137786 0.209736 0.257174 0.279069 0.27573 0.249756 0.206091 0.15171 0.094969 0.0447164 0.00927304 -0.00458169 0.00750757 0.0468266 0.111257 0.195289 0.290386 0.385661 0.468785 0.527038 0.548385 0.522489 0.441603
62.055 0.137711 0.209259 0.256131 0.277485 0.273797 0.247782 0.204425 0.150665 0.094756 0.0453995 0.0107545 -0.00254767 0.00973986 0.0488524 0.112686 0.19581 0.289816 0.383974 0.466118 0.523671 0.544705 0.518937 0.438625
62.105 0.137593 0.208737 0.255058 0.275894 0.271881 0.245842 0.202799 0.149654 0.0945619 0.0460821 0.0122164 -0.000547284 0.0119327 0.0508423 0.114092 0.196325 0.289259 0.382315 0.463488 0.520343 0.541056 0.515403 0.435654
62.155 0.137434 0.20817 0.253956 0.274298 0.269982 0.243934 0.20121 0.148675 0.0943857 0.0467639 0.0136593 0.00142053 0.0140874 0.0527973 0.115474 0.196834 0.288713 0.380683 0.460894 0.517052 0.537437 0.51189 0.432689
62.205 0.137236 0.207564 0.252828 0.272696 0.2681 0.242058 0.199658 0.147727 0.0942268 0.047445 0.0150836 0.00335677 0.0162049 0.0547184 0.116833 0.197335 0.288177 0.379076 0.458335 0.513797 0.53385 0.508396 0.429733
62.255 0.137002 0.206918 0.251675 0.271091 0.266235 0.240213 0.198141 0.146809 0.0940846 0.0481252 0.0164901 0.0052624 0.0182864 0.0566064 0.11817 0.19783 0.287652 0.377495 0.455811 0.510579 0.530294 0.504924 0.426786
62.305 0.136732 0.206236 0.250498 0.269483 0.264386 0.238398 0.196659 0.14592 0.0939583 0.0488046 0.0178792 0.00713834 0.020333 0.0584622 0.119484 0.198317 0.287136 0.375938 0.453319 0.507396 0.526769 0.501473 0.42385
62.355 0.13643 0.205521 0.2493 0.267873 0.262553 0.236611 0.195209 0.145058 0.0938473 0.0494831 0.0192513 0.00898546 0.0223455 0.0602866 0.120777 0.198798 0.28663 0.374403 0.45086 0.504249 0.523275 0.498044 0.420926
62.405 0.136097 0.204773 0.248083 0.26626 0.260736 0.234853 0.193791 0.144224 0.0937509 0.0501605 0.020607 0.0108046 0.0243249 0.0620804 0.122048 0.199271 0.286131 0.372891 0.448433 0.501136 0.519812 0.494637 0.418013
62.455 0.135734 0.203994 0.246846 0.264647 0.258935 0.233122 0.192404 0.143415 0.0936687 0.0508368 0.0219467 0.0125966 0.0262723 0.0638443 0.123299 0.199736 0.285641 0.371401 0.446036 0.498056 0.51638 0.491254 0.415114
62.505 0.135344 0.203188 0.245593 0.263033 0.257149 0.231418 0.191046 0.14263 0.0935999 0.051512 0.0232709 0.0143621 0.0281883 0.065579 0.124529 0.200195 0.285157 0.369931 0.44367 0.495011 0.512979 0.487895 0.412229
62.555 0.134928 0.202355 0.244323 0.261419 0.255379 0.229739 0.189718 0.14187 0.0935441 0.0521859 0.0245798 0.016102 0.0300739 0.0672854 0.125739 0.200645 0.284681 0.368481 0.441332 0.491998 0.509609 0.484559 0.409359
62.605 0.134487 0.201497 0.24304 0.259806 0.253625 0.228086 0.188417 0.141133 0.0935008 0.0528586 0.025874 0.0178169 0.03193 0.068964 0.126929 0.201088 0.284211 0.367051 0.439024 0.489017 0.506269 0.481247 0.406504
62.655 0.134023 0.200616 0.241743 0.258195 0.251885 0.226457 0.187143 0.140418 0.0934693 0.0535299 0.0271537 0.0195074 0.0337571 0.0706155 0.128099 0.201524 0.283747 0.365639 0.436743 0.486069 0.50296 0.477961 0.403666
62.705 0.133538 0.199713 0.240433 0.256585 0.250161 0.224852 0.185895 0.139725 0.0934493 0.0541997 0.0284193 0.0211743 0.0355562 0.0722406 0.129251 0.201952 0.283289 0.364245 0.434489 0.483152 0.499681 0.474698 0.400844
62.755 0.133032 0.198789 0.239113 0.254977 0.248452 0.22327 0.184672 0.139052 0.0934403 0.0548681 0.0296712 0.0228182 0.0373279 0.0738399 0.130383 0.202372 0.282837 0.362869 0.432262 0.480266 0.496432 0.471461 0.398039
62.805 0.132507 0.197847 0.237782 0.253372 0.246757 0.221711 0.183474 0.138399 0.0934418 0.0555348 0.0309096 0.0244395 0.0390729 0.0754139 0.131498 0.202785 0.282389 0.36151 0.43006 0.47741 0.493213 0.46825 0.395252
62.855 0.131964 0.196887 0.236443 0.25177 0.245077 0.220175 0.1823 0.137766 0.0934534 0.0562 0.0321348 0.026039 0.0407919 0.0769633 0.132594 0.20319 0.281946 0.360167 0.427884 0.474585 0.490024 0.465063 0.392483
62.905 0.131404 0.19591 0.235095 0.250172 0.243412 0.218659 0.181148 0.137151 0.0934746 0.0568634 0.0333472 0.0276171 0.0424855 0.0784886 0.133672 0.203588 0.281507 0.35884 0.425733 0.471789 0.486865 0.461902 0.389733
62.955 0.130828 0.194919 0.233741 0.248578 0.241761 0.217165 0.180019 0.136554 0.0935051 0.0575251 0.0345471 0.0291744 0.0441543 0.0799903 0.134733 0.203978 0.281073 0.357529 0.423606 0.469022 0.483736 0.458767 0.387001
63.005 0.130237 0.193913 0.23238 0.246988 0.240124 0.215691 0.178912 0.135974 0.0935445 0.058185 0.0357345 0.0307113 0.0457989 0.0814689 0.135777 0.204361 0.280642 0.356232 0.421503 0.466284 0.480636 0.455658 0.384289
63.055 0.129633 0.192894 0.231013 0.245403 0.238502 0.214238 0.177826 0.135412 0.0935924 0.0588429 0.0369099 0.0322283 0.0474199 0.082925 0.136804 0.204736 0.280215 0.35495 0.419423 0.463574 0.477564 0.452575 0.381597
63.105 0.129015 0.191864 0.229642 0.243823 0.236894 0.212804 0.17676 0.134865 0.0936484 0.0594989 0.0380735 0.0337259 0.0490178 0.0843591 0.137815 0.205103 0.279791 0.353682 0.417366 0.460892 0.474522 0.449517 0.378924
63.155 0.128386 0.190822 0.228266 0.242249 0.235299 0.211389 0.175714 0.134334 0.0937122 0.060153 0.0392254 0.0352045 0.0505931 0.0857715 0.138809 0.205463 0.279371 0.352428 0.415331 0.458238 0.471509 0.446486 0.376271
63.205 0.127745 0.189771 0.226888 0.24068 0.233719 0.209994 0.174687 0.133819 0.0937836 0.0608049 0.040366 0.0366645 0.0521464 0.0871628 0.139788 0.205816 0.278953 0.351187 0.413318 0.455611 0.468524 0.44348 0.373639
63.255 0.127094 0.18871 0.225506 0.239117 0.232152 0.208616 0.173679 0.133318 0.093862 0.0614547 0.0414953 0.0381064 0.0536781 0.0885334 0.14075 0.206161 0.278538 0.349959 0.411326 0.45301 0.465568 0.440501 0.371027
63.305 0.126434 0.187641 0.224123 0.23756 0.230599 0.207257 0.172689 0.132831 0.0939474 0.0621023 0.0426136 0.0395306 0.0551887 0.0898837 0.141698 0.206499 0.278126 0.348744 0.409356 0.450436 0.462639 0.437547 0.368435
63.355 0.125764 0.186564 0.222738 0.23601 0.229059 0.205915 0.171716 0.132358 0.0940393 0.0627477 0.0437212 0.0409373 0.0566787 0.0912141 0.14263 0.20683 0.277716 0.34754 0.407405 0.447888 0.459738 0.43462 0.365865
63.405 0.125087 0.185481 0.221352 0.234466 0.227533 0.20459 0.170761 0.131898 0.0941374 0.0633908 0.0448181 0.042327 0.0581484 0.0925251 0.143547 0.207154 0.277309 0.346349 0.405475 0.445366 0.456865 0.431718 0.363315
63.455 0.124401 0.184391 0.219966 0.232929 0.22602 0.203283 0.169823 0.131451 0.0942416 0.0640316 0.0459045 0.0437 0.0595984 0.093817 0.14445 0.20747 0.276903 0.345169 0.403565 0.442869 0.45402 0.428842 0.360786
63.505 0.123709 0.183297 0.218581 0.2314 0.22452 0.201992 0.168901 0.131017 0.0943515 0.06467 0.0469807 0.0450567 0.061029 0.0950902 0.145338 0.207779 0.2765 0.344001 0.401674 0.440397 0.451201 0.425992 0.358279
63.555 0.123011 0.182197 0.217196 0.229878 0.223033 0.200717 0.167995 0.130594 0.0944669 0.0653059 0.0480467 0.0463973 0.0624406 0.0963451 0.146212 0.208082 0.276099 0.342844 0.399802 0.437949 0.44841 0.423168 0.355792
63.605 0.122306 0.181094 0.215812 0.228364 0.22156 0.199458 0.167105 0.130184 0.0945876 0.0659394 0.0491028 0.0477222 0.0638336 0.097582 0.147073 0.208377 0.275699 0.341697 0.397949 0.435526 0.445645 0.420369 0.353327
63.655 0.121597 0.179987 0.21443 0.226857 0.220099 0.198215 0.166229 0.129784 0.0947132 0.0665703 0.050149 0.0490316 0.0652084 0.0988012 0.147919 0.208666 0.275301 0.340561 0.396114 0.433127 0.442907 0.417596 0.350882
63.705 0.120883 0.178877 0.213049 0.225358 0.218651 0.196987 0.165368 0.129396 0.0948436 0.0671986 0.0511855 0.0503259 0.0665652 0.100003 0.148753 0.208948 0.274905 0.339435 0.394298 0.430751 0.440194 0.414848 0.348459
63.755 0.120164 0.177765 0.211672 0.223867 0.217216 0.195774 0.164522 0.129018 0.0949786 0.0678244 0.0522125 0.0516053 0.0679046 0.101188 0.149573 0.209223 0.274509 0.33832 0.392499 0.428399 0.437508 0.412125 0.346057
63.805 0.119442 0.176652 0.210297 0.222385 0.215794 0.194576 0.16369 0.12865 0.095118 0.0684474 0.0532301 0.0528702 0.0692267 0.102356 0.15038 0.209491 0.274116 0.337214 0.390717 0.42607 0.434848 0.409427 0.343676
63.855 0.118717 0.175537 0.208925 0.220911 0.214384 0.193392 0.162871 0.128293 0.0952615 0.0690678 0.0542384 0.0541206 0.0705319 0.103508 0.151174 0.209753 0.273724 0.336118 0.388953 0.423763 0.432213 0.406755 0.341317
63.905 0.117988 0.174421 0.207557 0.219445 0.212986 0.192223 0.162066 0.127945 0.095409 0.0696854 0.0552376 0.055357 0.0718206 0.104644 0.151956 0.210009 0.273332 0.335031 0.387205 0.421479 0.429603 0.404107 0.338978
63.955 0.117258 0.173304 0.206192 0.217988 0.211601 0.191068 0.161273 0.127606 0.0955602 0.0703002 0.0562276 0.0565795 0.073093 0.105764 0.152725 0.210258 0.272943 0.333954 0.385474 0.419217 0.427018 0.401484 0.33666
64.005 0.116525 0.172188 0.204832 0.21654 0.210229 0.189927 0.160493 0.127277 0.0957151 0.0709123 0.0572088 0.0577884 0.0743494 0.106869 0.153483 0.2105 0.272554 0.332885 0.38376 0.416977 0.424458 0.398885 0.334364
64.055 0.11579 0.171072 0.203476 0.2151 0.208868 0.188799 0.159726 0.126956 0.0958733 0.0715215 0.0581811 0.0589839 0.07559 0.107958 0.154228 0.210737 0.272166 0.331826 0.382061 0.414758 0.421923 0.396311 0.332088
64.105 0.115054 0.169957 0.202125 0.213669 0.20752 0.187684 0.158971 0.126644 0.0960348 0.0721278 0.0591447 0.0601662 0.0768153 0.109032 0.154962 0.210967 0.271779 0.330775 0.380379 0.412561 0.419411 0.393761 0.329833
64.155 0.114317 0.168843 0.200779 0.212248 0.206183 0.186583 0.158228 0.12634 0.0961994 0.0727311 0.0600997 0.0613356 0.0780254 0.110092 0.155684 0.211191 0.271393 0.329732 0.378712 0.410385 0.416924 0.391234 0.327599
64.205 0.11358 0.167731 0.199438 0.210835 0.204859 0.185495 0.157496 0.126044 0.096367 0.0733316 0.0610462 0.0624921 0.0792206 0.111137 0.156395 0.21141 0.271008 0.328698 0.37706 0.408229 0.414461 0.388732 0.325385
64.255 0.112841 0.166621 0.198103 0.209432 0.203546 0.184419 0.156776 0.125757 0.0965373 0.0739291 0.0619842 0.0636361 0.0804011 0.112168 0.157094 0.211622 0.270624 0.327673 0.375423 0.406094 0.412021 0.386253 0.323192
64.305 0.112103 0.165512 0.196773 0.208038 0.202245 0.183356 0.156067 0.125476 0.0967103 0.0745235 0.0629139 0.0647677 0.0815672 0.113185 0.157783 0.211828 0.270241 0.326655 0.373801 0.40398 0.409604 0.383798 0.321019
64.355 0.111365 0.164406 0.195449 0.206653 0.200956 0.182305 0.155368 0.125204 0.0968858 0.075115 0.0638354 0.0658871 0.0827191 0.114188 0.15846 0.212029 0.269858 0.325645 0.372194 0.401885 0.407211 0.381366 0.318866
64.405 0.110627 0.163303 0.194131 0.205278 0.199679 0.181266 0.15468 0.124938 0.0970636 0.0757034 0.0647488 0.0669945 0.0838571 0.115178 0.159127 0.212224 0.269477 0.324643 0.370602 0.39981 0.40484 0.378957 0.316734
64.455 0.10989 0.162203 0.192819 0.203912 0.198413 0.180239 0.154003 0.124679 0.0972437 0.0762887 0.065654 0.06809 0.0849814 0.116154 0.159784 0.212413 0.269096 0.323649 0.369023 0.397754 0.402492 0.376571 0.314622
64.505 0.109154 0.161106 0.191514 0.202555 0.197158 0.179224 0.153336 0.124428 0.0974259 0.0768709 0.0665513 0.0691738 0.0860921 0.117118 0.16043 0.212597 0.268715 0.322662 0.367459 0.395718 0.400166 0.374208 0.312529
64.555 0.108419 0.160012 0.190216 0.201208 0.195915 0.178221 0.152678 0.124182 0.0976101 0.07745 0.0674407 0.0702462 0.0871895 0.118068 0.161066 0.212776 0.268336 0.321683 0.365908 0.393701 0.397862 0.371867 0.310457
64.605 0.107685 0.158923 0.188924 0.19987 0.194684 0.177229 0.152031 0.123944 0.0977962 0.0780259 0.0683223 0.0713072 0.0882739 0.119006 0.161692 0.212949 0.267957 0.320711 0.364372 0.391702 0.39558 0.369549 0.308404
64.655 0.106953 0.157837 0.187639 0.198542 0.193463 0.176248 0.151393 0.123711 0.097984 0.0785987 0.0691961 0.072357 0.0893453 0.119931 0.162308 0.213116 0.267579 0.319746 0.362848 0.389723 0.39332 0.367252 0.30637
64.705 0.106222 0.156755 0.186361 0.197224 0.192253 0.175279 0.150765 0.123485 0.0981735 0.0791683 0.0700623 0.0733957 0.0904041 0.120844 0.162915 0.213279 0.267201 0.318789 0.361338 0.387761 0.391082 0.364978 0.304356
64.755 0.105493 0.155677 0.18509 0.195915 0.191055 0.17432 0.150145 0.123264 0.0983646 0.0797347 0.0709209 0.0744235 0.0914503 0.121745 0.163512 0.213436 0.266824 0.317838 0.359841 0.385818 0.388864 0.362725 0.302361
64.805 0.104766 0.154604 0.183826 0.194616 0.189867 0.173373 0.149535 0.123049 0.0985571 0.0802979 0.0717719 0.0754406 0.0924842 0.122634 0.164099 0.213589 0.266447 0.316894 0.358357 0.383892 0.386668 0.360494 0.300385
64.855 0.104042 0.153536 0.18257 0.193327 0.188691 0.172435 0.148934 0.12284 0.098751 0.0808579 0.0726155 0.0764471 0.0935059 0.123512 0.164678 0.213736 0.266072 0.315957 0.356886 0.381985 0.384492 0.358284 0.298428
64.905 0.103319 0.152472 0.181321 0.192047 0.187525 0.171509 0.148341 0.122636 0.0989462 0.0814146 0.0734517 0.0774431 0.0945157 0.124378 0.165247 0.213878 0.265696 0.315027 0.355428 0.380094 0.382337 0.356095 0.296489
64.955 0.1026 0.151414 0.18008 0.190777 0.18637 0.170593 0.147757 0.122438 0.0991425 0.0819681 0.0742806 0.0784287 0.0955137 0.125232 0.165807 0.214016 0.265322 0.314104 0.353981 0.378221 0.380202 0.353927 0.29457
65.005 0.101883 0.15036 0.178847 0.189516 0.185226 0.169687 0.147181 0.122245 0.09934 0.0825182 0.0751022 0.0794042 0.0965 0.126075 0.166358 0.214149 0.264948 0.313186 0.352548 0.376365 0.378087 0.351779 0.292668
65.055 0.101168 0.149312 0.177621 0.188265 0.184092 0.168791 0.146613 0.122056 0.0995384 0.0830651 0.0759166 0.0803695 0.0974749 0.126908 0.166901 0.214277 0.264574 0.312276 0.351126 0.374526 0.375992 0.349653 0.290785
65.105 0.100457 0.148269 0.176403 0.187024 0.182969 0.167905 0.146053 0.121873 0.0997378 0.0836088 0.0767239 0.0813249 0.0984384 0.127729 0.167435 0.2144 0.264201 0.311371 0.349716 0.372704 0.373917 0.347546 0.28892
65.155 0.0997481 0.147231 0.175192 0.185793 0.181856 0.167029 0.145502 0.121694 0.099938 0.0841491 0.0775241 0.0822704 0.0993908 0.12854 0.167961 0.214519 0.263829 0.310473 0.348319 0.370898 0.371861 0.34546 0.287073
65.205 0.0990427 0.1462 0.17399 0.184571 0.180753 0.166163 0.144958 0.12152 0.100139 0.0846861 0.0783174 0.0832062 0.100332 0.12934 0.168478 0.214634 0.263457 0.309582 0.346933 0.369109 0.369824 0.343393 0.285243
65.255 0.0983405 0.145173 0.172796 0.183359 0.179661 0.165306 0.144421 0.121351 0.100341 0.0852198 0.0791036 0.0841324 0.101263 0.130129 0.168987 0.214744 0.263086 0.308696 0.345558 0.367335 0.367807 0.341346 0.283431
65.305 0.0976415 0.144153 0.17161 0.182156 0.178579 0.164459 0.143893 0.121186 0.100543 0.0857501 0.079883 0.085049 0.102182 0.130909 0.169488 0.21485 0.262716 0.307816 0.344195 0.365578 0.365808 0.339319 0.281637
65.355 0.096946 0.143138 0.170431 0.180963 0.177507 0.163621 0.143371 0.121025 0.100746 0.0862771 0.0806556 0.0859563 0.103092 0.131678 0.169981 0.214952 0.262346 0.306943 0.342843 0.363836 0.363828 0.337311 0.27986
65.405 0.0962539 0.14213 0.169261 0.17978 0.176445 0.162793 0.142857 0.120869 0.100949 0.0868008 0.0814214 0.0868543 0.10399 0.132437 0.170467 0.215049 0.261976 0.306075 0.341503 0.36211 0.361866 0.335322 0.2781
65.455 0.0955654 0.141127 0.1681 0.178606 0.175393 0.161973 0.14235 0.120717 0.101153 0.0873212 0.0821804 0.0877431 0.104879 0.133187 0.170944 0.215142 0.261607 0.305213 0.340173 0.360399 0.359923 0.333351 0.276357
65.505 0.0948805 0.140131 0.166946 0.177442 0.174351 0.161163 0.14185 0.120568 0.101358 0.0878382 0.0829328 0.0886229 0.105757 0.133927 0.171414 0.215231 0.261239 0.304357 0.338854 0.358704 0.357997 0.3314 0.27463
65.555 0.0941993 0.13914 0.1658 0.176287 0.173319 0.160362 0.141357 0.120424 0.101562 0.0883519 0.0836786 0.0894936 0.106625 0.134657 0.171877 0.215317 0.260871 0.303507 0.337546 0.357023 0.35609 0.329467 0.272921
65.605 0.0935219 0.138156 0.164663 0.175142 0.172296 0.159569 0.14087 0.120283 0.101767 0.0888622 0.0844178 0.0903555 0.107484 0.135378 0.172332 0.215398 0.260504 0.302663 0.336249 0.355357 0.3542 0.327552 0.271227
65.655 0.0928483 0.137179 0.163534 0.174007 0.171283 0.158785 0.14039 0.120146 0.101972 0.0893691 0.0851506 0.0912087 0.108332 0.136089 0.17278 0.215475 0.260138 0.301824 0.334963 0.353706 0.352327 0.325656 0.26955
65.705 0.0921786 0.136207 0.162414 0.17288 0.17028 0.15801 0.139917 0.120013 0.102177 0.0898727 0.0858768 0.0920531 0.109171 0.136791 0.17322 0.215549 0.259772 0.30099 0.333686 0.35207 0.350472 0.323777 0.267889
65.755 0.0915129 0.135242 0.161302 0.171764 0.169287 0.157243 0.13945 0.119883 0.102383 0.090373 0.0865967 0.092889 0.110001 0.137485 0.173654 0.215619 0.259407 0.300162 0.33242 0.350448 0.348634 0.321917 0.266244
65.805 0.0908511 0.134283 0.160198 0.170656 0.168302 0.156485 0.13899 0.119757 0.102588 0.0908699 0.0873102 0.0937163 0.110821 0.138169 0.174081 0.215685 0.259042 0.29934 0.331165 0.34884 0.346812 0.320073 0.264615
65.855 0.0901933 0.133331 0.159102 0.169558 0.167328 0.155735 0.138536 0.119634 0.102794 0.0913634 0.0880174 0.0945353 0.111631 0.138845 0.1745 0.215748 0.258678 0.298523 0.329919 0.347247 0.345008 0.318247 0.263002
65.905 0.0895397 0.132386 0.158015 0.16847 0.166362 0.154993 0.138088 0.119514 0.102999 0.0918536 0.0887184 0.0953459 0.112433 0.139512 0.174913 0.215807 0.258315 0.297711 0.328683 0.345667 0.343219 0.316439 0.261404
65.955 0.0888901 0.131447 0.156936 0.16739 0.165406 0.154259 0.137646 0.119398 0.103204 0.0923405 0.0894131 0.0961483 0.113225 0.14017 0.17532 0.215863 0.257953 0.296905 0.327458 0.344101 0.341448 0.314647 0.259821
66.005 0.0882448 0.130514 0.155865 0.16632 0.164459 0.153534 0.13721 0.119284 0.10341 0.092824 0.0901017 0.0969426 0.114008 0.14082 0.17572 0.215915 0.257591 0.296103 0.326242 0.342548 0.339692 0.312872 0.258253
66.055 0.0876036 0.129588 0.154803 0.165259 0.163521 0.152816 0.13678 0.119174 0.103615 0.0933042 0.0907842 0.0977288 0.114783 0.141461 0.176113 0.215964 0.257229 0.295307 0.325035 0.34101 0.337952 0.311114 0.2567
66.105 0.0869666 0.128669 0.153749 0.164208 0.162592 0.152106 0.136355 0.119066 0.10382 0.093781 0.0914606 0.0985071 0.115549 0.142094 0.1765 0.216009 0.256869 0.294516 0.323838 0.339484 0.336229 0.309372 0.255162
66.155 0.0863338 0.127756 0.152703 0.163165 0.161672 0.151404 0.135937 0.118962 0.104024 0.0942545 0.092131 0.0992774 0.116306 0.142719 0.17688 0.216051 0.256509 0.293731 0.322651 0.337972 0.33452 0.307647 0.253639
66.205 0.0857054 0.12685 0.151666 0.162132 0.160761 0.15071 0.135523 0.11886 0.104229 0.0947247 0.0927954 0.10004 0.117054 0.143336 0.177255 0.21609 0.256149 0.29295 0.321473 0.336472 0.332828 0.305937 0.252131
66.255 0.0850812 0.125951 0.150637 0.161107 0.159858 0.150023 0.135116 0.118762 0.104433 0.0951915 0.0934539 0.100795 0.117794 0.143945 0.177623 0.216126 0.255791 0.292174 0.320304 0.334986 0.33115 0.304244 0.250636
66.305 0.0844614 0.125058 0.149616 0.160092 0.158965 0.149344 0.134714 0.118666 0.104637 0.0956551 0.0941066 0.101542 0.118526 0.144547 0.177985 0.216159 0.255433 0.291404 0.319145 0.333512 0.329488 0.302566 0.249156
66.355 0.0838459 0.124172 0.148603 0.159085 0.15808 0.148672 0.134317 0.118572 0.10484 0.0961153 0.0947534 0.102281 0.11925 0.14514 0.178341 0.216188 0.255076 0.290638 0.317994 0.332051 0.327841 0.300904 0.24769
66.405 0.0832347 0.123293 0.147599 0.158088 0.157203 0.148008 0.133925 0.118481 0.105044 0.0965722 0.0953944 0.103014 0.119965 0.145726 0.178692 0.216215 0.254719 0.289877 0.316853 0.330602 0.326208 0.299258 0.246238
66.455 0.0826279 0.12242 0.146603 0.157099 0.156336 0.147351 0.133539 0.118393 0.105246 0.0970258 0.0960297 0.103738 0.120672 0.146304 0.179036 0.216239 0.254363 0.289121 0.31572 0.329166 0.32459 0.297626 0.2448
66.505 0.0820255 0.121554 0.145615 0.156119 0.155476 0.146701 0.133158 0.118307 0.105449 0.0974762 0.0966592 0.104456 0.121371 0.146875 0.179375 0.21626 0.254008 0.288369 0.314597 0.327742 0.322987 0.29601 0.243375
66.555 0.0814275 0.120695 0.144636 0.155148 0.154626 0.146058 0.132782 0.118224 0.10565 0.0979232 0.0972831 0.105166 0.122063 0.147439 0.179709 0.216278 0.253654 0.287623 0.313482 0.32633 0.321398 0.294409 0.241964
66.605 0.0808338 0.119843 0.143664 0.154186 0.153783 0.145422 0.132411 0.118143 0.105852 0.098367 0.0979014 0.105868 0.122746 0.147995 0.180036 0.216293 0.2533 0.286881 0.312375 0.32493 0.319823 0.292822 0.240566
66.655 0.0802446 0.118997 0.142701 0.153232 0.152949 0.144794 0.132044 0.118064 0.106052 0.0988076 0.0985141 0.106564 0.123422 0.148544 0.180358 0.216305 0.252948 0.286144 0.311277 0.323542 0.318262 0.29125 0.239181
66.705 0.0796598 0.118158 0.141746 0.152287 0.152123 0.144172 0.131683 0.117988 0.106253 0.0992448 0.0991213 0.107253 0.12409 0.149086 0.180675 0.216315 0.252596 0.285411 0.310188 0.322165 0.316715 0.289693 0.237809
66.755 0.0790793 0.117325 0.140799 0.15135 0.151305 0.143557 0.131326 0.117914 0.106452 0.0996789 0.099723 0.107934 0.124751 0.149621 0.180987 0.216322 0.252244 0.284683 0.309107 0.3208 0.315182 0.28815 0.23645
66.805 0.0785033 0.116499 0.13986 0.150422 0.150495 0.142948 0.130975 0.117842 0.106651 0.10011 0.100319 0.108609 0.125404 0.150149 0.181293 0.216326 0.251894 0.28396 0.308034 0.319447 0.313662 0.286621 0.235104
66.855 0.0779317 0.11568 0.138928 0.149503 0.149693 0.142347 0.130627 0.117772 0.10685 0.100537 0.10091 0.109277 0.12605 0.150671 0.181594 0.216328 0.251544 0.283241 0.306969 0.318105 0.312156 0.285106 0.23377
66.905 0.0773645 0.114868 0.138005 0.148592 0.148899 0.141752 0.130285 0.117704 0.107048 0.100962 0.101496 0.109938 0.126688 0.151185 0.18189 0.216328 0.251195 0.282526 0.305913 0.316774 0.310663 0.283605 0.232449
66.955 0.0768018 0.114062 0.13709 0.147689 0.148113 0.141163 0.129946 0.117638 0.107245 0.101383 0.102076 0.110592 0.127319 0.151693 0.182181 0.216325 0.250847 0.281816 0.304864 0.315454 0.309183 0.282117 0.231141
67.005 0.0762434 0.113262 0.136183 0.146794 0.147335 0.140581 0.129613 0.117574 0.107442 0.101801 0.102651 0.11124 0.127943 0.152195 0.182467 0.216319 0.2505 0.281111 0.303824 0.314145 0.307717 0.280643 0.229844
67.055 0.0756894 0.11247 0.135284 0.145908 0.146565 0.140006 0.129283 0.117512 0.107637 0.102216 0.10322 0.111881 0.12856 0.152689 0.182748 0.216311 0.250153 0.280409 0.302791 0.312847 0.306263 0.279183 0.22856
67.105 0.0751398 0.111683 0.134392 0.14503 0.145802 0.139436 0.128958 0.117452 0.107833 0.102627 0.103785 0.112515 0.12917 0.153178 0.183024 0.216301 0.249807 0.279713 0.301766 0.31156 0.304822 0.277735 0.227287
67.155 0.0745946 0.110904 0.133508 0.144161 0.145047 0.138873 0.128638 0.117394 0.108027 0.103036 0.104344 0.113143 0.129774 0.15366 0.183295 0.216288 0.249462 0.27902 0.300749 0.310284 0.303393 0.276301 0.226027
67.205 0.0740538 0.110131 0.132633 0.143299 0.144299 0.138317 0.128321 0.117338 0.108221 0.103441 0.104898 0.113765 0.13037 0.154136 0.183562 0.216273 0.249118 0.278332 0.29974 0.309018 0.301977 0.27488 0.224778
67.255 0.0735174 0.109364 0.131764 0.142445 0.143559 0.137766 0.128009 0.117283 0.108414 0.103843 0.105447 0.11438 0.130959 0.154605 0.183824 0.216256 0.248775 0.277648 0.298738 0.307763 0.300573 0.273472 0.22354
67.305 0.0729853 0.108604 0.130904 0.1416 0.142826 0.137221 0.127701 0.117231 0.108606 0.104242 0.105991 0.114989 0.131542 0.155069 0.184081 0.216236 0.248433 0.276968 0.297744 0.306518 0.299182 0.272076 0.222315
67.355 0.0724575 0.10785 0.130051 0.140762 0.142101 0.136683 0.127397 0.11718 0.108797 0.104638 0.10653 0.115591 0.132118 0.155526 0.184334 0.216215 0.248091 0.276292 0.296757 0.305283 0.297802 0.270693 0.2211
67.405 0.0719341 0.107103 0.129206 0.139932 0.141383 0.13615 0.127096 0.11713 0.108988 0.105031 0.107064 0.116188 0.132688 0.155977 0.184583 0.216191 0.24775 0.27562 0.295778 0.304058 0.296435 0.269322 0.219896
67.455 0.0714151 0.106362 0.128368 0.13911 0.140672 0.135624 0.1268 0.117082 0.109178 0.105421 0.107594 0.116778 0.133251 0.156423 0.184827 0.216165 0.24741 0.274953 0.294806 0.302843 0.295079 0.267964 0.218704
67.505 0.0709003 0.105627 0.127538 0.138296 0.139968 0.135103 0.126508 0.117036 0.109367 0.105808 0.108118 0.117363 0.133808 0.156862 0.185066 0.216138 0.247071 0.27429 0.293841 0.301639 0.293735 0.266618 0.217523
67.555 0.0703898 0.104899 0.126715 0.13749 0.139272 0.134588 0.12622 0.116992 0.109555 0.106191 0.108637 0.117941 0.134359 0.157296 0.185302 0.216108 0.246733 0.27363 0.292883 0.300444 0.292403 0.265284 0.216352
67.605 0.0698836 0.104177 0.1259 0.136691 0.138583 0.134078 0.125935 0.116948 0.109742 0.106572 0.109152 0.118513 0.134903 0.157725 0.185533 0.216076 0.246396 0.272975 0.291932 0.299258 0.291082 0.263961 0.215192
67.655 0.0693817 0.103462 0.125092 0.1359 0.1379 0.133574 0.125654 0.116907 0.109929 0.10695 0.109662 0.11908 0.135441 0.158147 0.18576 0.216042 0.246059 0.272324 0.290989 0.298083 0.289772 0.262651 0.214043
67.705 0.068884 0.102753 0.124292 0.135116 0.137225 0.133076 0.125377 0.116867 0.110115 0.107324 0.110167 0.11964 0.135972 0.158564 0.185982 0.216006 0.245724 0.271676 0.290052 0.296917 0.288474 0.261352 0.212904
67.755 0.0683906 0.10205 0.123499 0.13434 0.136556 0.132584 0.125103 0.116828 0.110299 0.107696 0.110667 0.120195 0.136498 0.158975 0.186201 0.215969 0.245389 0.271033 0.289122 0.29576 0.287187 0.260065 0.211776
67.805 0.0679013 0.101353 0.122713 0.133571 0.135894 0.132096 0.124833 0.116791 0.110483 0.108065 0.111163 0.120744 0.137018 0.159381 0.186416 0.215929 0.245055 0.270393 0.2882 0.294613 0.28591 0.258789 0.210657
67.855 0.0674163 0.100662 0.121934 0.13281 0.135239 0.131615 0.124567 0.116755 0.110666 0.10843 0.111654 0.121288 0.137532 0.159782 0.186626 0.215888 0.244722 0.269758 0.287283 0.293475 0.284645 0.257524 0.209549
67.905 0.0669355 0.0999774 0.121163 0.132056 0.134591 0.131138 0.124304 0.11672 0.110849 0.108793 0.11214 0.121825 0.138039 0.160177 0.186833 0.215845 0.24439 0.269126 0.286374 0.292346 0.28339 0.25627 0.208451
67.955 0.0664588 0.0992989 0.120398 0.13131 0.133949 0.130667 0.124044 0.116687 0.11103 0.109153 0.112622 0.122358 0.138541 0.160567 0.187036 0.2158 0.244059 0.268498 0.285471 0.291226 0.282146 0.255028 0.207363
68.005 0.0659862 0.0986265 0.119641 0.13057 0.133314 0.130202 0.123788 0.116655 0.11121 0.10951 0.1131 0.122884 0.139038 0.160952 0.187235 0.215754 0.243729 0.267873 0.284575 0.290115 0.280913 0.253796 0.206285
68.055 0.0655178 0.0979601 0.118891 0.129838 0.132686 0.129741 0.123536 0.116624 0.11139 0.109864 0.113572 0.123405 0.139528 0.161332 0.18743 0.215705 0.243399 0.267253 0.283685 0.289013 0.27969 0.252576 0.205217
68.105 0.0650535 0.0972997 0.118148 0.129113 0.132064 0.129286 0.123287 0.116595 0.111568 0.110215 0.114041 0.123921 0.140013 0.161706 0.187622 0.215656 0.243071 0.266636 0.282802 0.28792 0.278477 0.251366 0.204158
68.155 0.0645932 0.0966453 0.117411 0.128395 0.131448 0.128835 0.123041 0.116567 0.111746 0.110563 0.114505 0.124432 0.140492 0.162076 0.18781 0.215604 0.242743 0.266023 0.281926 0.286835 0.277275 0.250166 0.203108
68.205 0.064137 0.0959968 0.116682 0.127684 0.130839 0.12839 0.122798 0.11654 0.111922 0.110909 0.114965 0.124937 0.140966 0.16244 0.187994 0.215551 0.242417 0.265413 0.281055 0.285759 0.276082 0.248977 0.202068
68.255 0.0636849 0.0953542 0.115959 0.12698 0.130236 0.12795 0.122558 0.116514 0.112098 0.111251 0.11542 0.125437 0.141434 0.1628 0.188175 0.215496 0.242091 0.264807 0.280191 0.284692 0.2749 0.247799 0.201037
68.305 0.0632368 0.0947175 0.115244 0.126283 0.129639 0.127514 0.122322 0.116489 0.112273 0.111591 0.115871 0.125931 0.141897 0.163155 0.188352 0.21544 0.241766 0.264205 0.279333 0.283633 0.273727 0.24663 0.200016
68.355 0.0627926 0.0940866 0.114535 0.125593 0.129048 0.127084 0.122089 0.116465 0.112447 0.111928 0.116317 0.126421 0.142355 0.163505 0.188525 0.215382 0.241442 0.263606 0.278481 0.282583 0.272565 0.245472 0.199004
68.405 0.0623525 0.0934615 0.113832 0.12491 0.128464 0.126658 0.121859 0.116443 0.11262 0.112262 0.11676 0.126905 0.142807 0.16385 0.188696 0.215323 0.241119 0.263011 0.277636 0.28154 0.271412 0.244324 0.198
68.455 0.0619163 0.0928421 0.113137 0.124233 0.127886 0.126238 0.121632 0.116421 0.112792 0.112593 0.117198 0.127384 0.143254 0.164191 0.188862 0.215262 0.240797 0.26242 0.276796 0.280506 0.270268 0.243185 0.197006
68.505 0.061484 0.0922284 0.112448 0.123563 0.127313 0.125822 0.121408 0.116401 0.112963 0.112922 0.117632 0.127858 0.143695 0.164527 0.189026 0.215199 0.240475 0.261831 0.275963 0.27948 0.269134 0.242057 0.19602
68.555 0.0610556 0.0916205 0.111766 0.1229 0.126747 0.12541 0.121187 0.116382 0.113133 0.113248 0.118062 0.128328 0.144132 0.164858 0.189186 0.215136 0.240155 0.261247 0.275135 0.278463 0.26801 0.240938 0.195043
68.605 0.0606311 0.0910181 0.11109 0.122243 0.126187 0.125004 0.120969 0.116363 0.113302 0.113571 0.118488 0.128792 0.144563 0.165185 0.189343 0.215071 0.239836 0.260666 0.274314 0.277453 0.266895 0.239829 0.194075
68.655 0.0602105 0.0904214 0.11042 0.121593 0.125632 0.124602 0.120753 0.116346 0.11347 0.113891 0.11891 0.129251 0.144989 0.165507 0.189496 0.215004 0.239517 0.260088 0.273498 0.276451 0.265789 0.23873 0.193115
68.705 0.0597937 0.0898302 0.109757 0.120949 0.125083 0.124204 0.120541 0.116329 0.113637 0.114209 0.119327 0.129706 0.145411 0.165825 0.189647 0.214936 0.239199 0.259513 0.272688 0.275457 0.264692 0.237639 0.192164
68.755 0.0593807 0.0892446 0.109101 0.120312 0.12454 0.123811 0.120332 0.116314 0.113804 0.114524 0.119741 0.130155 0.145827 0.166138 0.189794 0.214867 0.238883 0.258942 0.271884 0.27447 0.263604 0.236559 0.191221
68.805 0.0589715 0.0886645 0.108451 0.119681 0.124003 0.123423 0.120125 0.116299 0.113969 0.114836 0.120151 0.1306 0.146239 0.166447 0.189938 0.214797 0.238567 0.258375 0.271085 0.273491 0.262525 0.235487 0.190286
68.855 0.0585661 0.0880898 0.107807 0.119057 0.123472 0.123039 0.119921 0.116286 0.114133 0.115146 0.120556 0.13104 0.146645 0.166752 0.190079 0.214725 0.238252 0.25781 0.270292 0.27252 0.261455 0.234425 0.189359
68.905 0.0581644 0.0875205 0.107169 0.118438 0.122946 0.122659 0.11972 0.116273 0.114296 0.115453 0.120958 0.131476 0.147047 0.167053 0.190217 0.214652 0.237938 0.257249 0.269505 0.271556 0.260394 0.233371 0.188441
68.955 0.0577664 0.0869566 0.106538 0.117826 0.122425 0.122283 0.119522 0.116261 0.114459 0.115757 0.121356 0.131907 0.147444 0.167349 0.190352 0.214577 0.237625 0.256692 0.268723 0.2706 0.259342 0.232327 0.187531
69.005 0.0573722 0.0863981 0.105912 0.117221 0.12191 0.121912 0.119326 0.11625 0.11462 0.116059 0.12175 0.132333 0.147837 0.167641 0.190484 0.214502 0.237313 0.256137 0.267947 0.269651 0.258298 0.231291 0.186628
69.055 0.0569815 0.0858448 0.105293 0.116621 0.121401 0.121545 0.119133 0.11624 0.114781 0.116359 0.12214 0.132755 0.148224 0.167929 0.190613 0.214425 0.237002 0.255586 0.267176 0.26871 0.257262 0.230264 0.185734
69.105 0.0565946 0.0852969 0.10468 0.116027 0.120897 0.121183 0.118942 0.11623 0.11494 0.116655 0.122527 0.133172 0.148607 0.168213 0.190739 0.214347 0.236692 0.255038 0.266411 0.267776 0.256235 0.229246 0.184847
69.155 0.0562112 0.0847541 0.104073 0.11544 0.120398 0.120824 0.118754 0.116222 0.115098 0.116949 0.122909 0.133585 0.148986 0.168493 0.190863 0.214268 0.236382 0.254493 0.265651 0.266848 0.255216 0.228236 0.183968
69.205 0.0558315 0.0842166 0.103472 0.114858 0.119905 0.12047 0.118569 0.116214 0.115256 0.117241 0.123288 0.133993 0.14936 0.168769 0.190983 0.214188 0.236074 0.253951 0.264896 0.265928 0.254206 0.227235 0.183096
69.255 0.0554553 0.0836842 0.102876 0.114282 0.119417 0.12012 0.118386 0.116207 0.115412 0.11753 0.123664 0.134397 0.149729 0.169041 0.191101 0.214107 0.235766 0.253412 0.264146 0.265015 0.253204 0.226243 0.182232
69.305 0.0550827 0.0831569 0.102287 0.113712 0.118934 0.119773 0.118206 0.116201 0.115568 0.117817 0.124035 0.134797 0.150095 0.169309 0.191216 0.214024 0.23546 0.252876 0.263402 0.264109 0.252209 0.225258 0.181375
69.355 0.0547135 0.0826347 0.101703 0.113148 0.118457 0.119431 0.118028 0.116195 0.115723 0.118101 0.124403 0.135192 0.150455 0.169574 0.191328 0.213941 0.235154 0.252344 0.262663 0.26321 0.251223 0.224282 0.180526
69.405 0.0543479 0.0821176 0.101126 0.11259 0.117984 0.119093 0.117852 0.11619 0.115876 0.118382 0.124767 0.135583 0.150812 0.169834 0.191437 0.213856 0.234849 0.251815 0.261929 0.262318 0.250245 0.223314 0.179684
69.455 0.0539858 0.0816054 0.100554 0.112038 0.117517 0.118758 0.117679 0.116186 0.116029 0.118661 0.125128 0.13597 0.151164 0.170091 0.191544 0.21377 0.234546 0.251288 0.2612 0.261432 0.249275 0.222354 0.178849
69.505 0.0536271 0.0810982 0.0999872 0.111491 0.117054 0.118428 0.117508 0.116183 0.11618 0.118938 0.125485 0.136353 0.151512 0.170344 0.191649 0.213684 0.234243 0.250765 0.260476 0.260553 0.248312 0.221402 0.178022
69.555 0.0532718 0.080596 0.0994265 0.11095 0.116597 0.118101 0.11734 0.11618 0.116331 0.119212 0.125839 0.136731 0.151855 0.170593 0.19175 0.213596 0.233941 0.250244 0.259757 0.259681 0.247357 0.220458 0.177201
69.605 0.0529199 0.0800986 0.0988714 0.110414 0.116144 0.117778 0.117174 0.116178 0.116481 0.119484 0.126189 0.137106 0.152195 0.170839 0.19185 0.213507 0.23364 0.249727 0.259043 0.258816 0.24641 0.219522 0.176388
69.655 0.0525714 0.0796061 0.0983218 0.109884 0.115697 0.117459 0.11701 0.116176 0.11663 0.119754 0.126536 0.137476 0.15253 0.171081 0.191946 0.213418 0.233339 0.249212 0.258334 0.257956 0.24547 0.218594 0.175581
69.705 0.0522262 0.0791184 0.0977777 0.109359 0.115254 0.117144 0.116848 0.116176 0.116777 0.120021 0.126879 0.137842 0.152861 0.171319 0.19204 0.213327 0.23304 0.248701 0.257629 0.257104 0.244538 0.217673 0.174782
69.755 0.0518844 0.0786355 0.0972391 0.10884 0.114816 0.116832 0.116689 0.116175 0.116924 0.120286 0.127219 0.138205 0.153188 0.171554 0.192132 0.213236 0.232742 0.248192 0.25693 0.256257 0.243613 0.21676 0.173989
69.805 0.0515458 0.0781573 0.096706 0.108326 0.114383 0.116524 0.116532 0.116176 0.11707 0.120548 0.127555 0.138563 0.153512 0.171786 0.192221 0.213143 0.232444 0.247686 0.256235 0.255417 0.242695 0.215854 0.173202
69.855 0.0512106 0.0776839 0.0961782 0.107818 0.113954 0.116219 0.116377 0.116177 0.117215 0.120808 0.127888 0.138917 0.153831 0.172014 0.192308 0.21305 0.232148 0.247183 0.255545 0.254584 0.241785 0.214956 0.172423
69.905 0.0508785 0.0772151 0.0956557 0.107315 0.11353 0.115918 0.116224 0.116178 0.117359 0.121066 0.128218 0.139268 0.154146 0.172239 0.192392 0.212956 0.231852 0.246683 0.25486 0.253756 0.240882 0.214065 0.17165
69.955 0.0505497 0.0767509 0.0951385 0.106817 0.113111 0.115621 0.116073 0.116181 0.117502 0.121322 0.128545 0.139614 0.154457 0.17246 0.192474 0.212861 0.231557 0.246186 0.254179 0.252935 0.239986 0.213181 0.170883
70.005 0.0502241 0.0762913 0.0946265 0.106324 0.112696 0.115327 0.115925 0.116183 0.117644 0.121575 0.128868 0.139957 0.154765 0.172678 0.192554 0.212765 0.231263 0.245691 0.253503 0.25212 0.239097 0.212305 0.170123
70.055 0.0499017 0.0758363 0.0941198 0.105837 0.112286 0.115036 0.115778 0.116187 0.117785 0.121826 0.129188 0.140296 0.155069 0.172892 0.192632 0.212668 0.23097 0.245199 0.252831 0.25131 0.238215 0.211436 0.169369
70.105 0.0495824 0.0753858 0.0936182 0.105354 0.111881 0.114749 0.115634 0.11619 0.117925 0.122075 0.129505 0.140632 0.155369 0.173104 0.192707 0.21257 0.230678 0.24471 0.252164 0.250507 0.23734 0.210574 0.168622
70.155 0.0492663 0.0749398 0.0931217 0.104877 0.11148 0.114466 0.115491 0.116195 0.118064 0.122321 0.129818 0.140963 0.155665 0.173312 0.19278 0.212472 0.230387 0.244224 0.251502 0.24971 0.236471 0.209719 0.167881
70.205 0.0489532 0.0744983 0.0926303 0.104405 0.111083 0.114185 0.115351 0.116199 0.118202 0.122565 0.130129 0.141291 0.155957 0.173517 0.192851 0.212372 0.230097 0.243741 0.250844 0.248919 0.23561 0.208871 0.167146
70.255 0.0486433 0.0740612 0.0921439 0.103937 0.11069 0.113908 0.115212 0.116205 0.11834 0.122807 0.130436 0.141615 0.156246 0.173718 0.192919 0.212272 0.229808 0.24326 0.25019 0.248133 0.234755 0.208029 0.166417
70.305 0.0483364 0.0736284 0.0916625 0.103475 0.110302 0.113635 0.115076 0.116211 0.118476 0.123047 0.13074 0.141936 0.156531 0.173917 0.192986 0.212171 0.229519 0.242781 0.249541 0.247353 0.233907 0.207195 0.165694
70.355 0.0480325 0.0732 0.091186 0.103017 0.109919 0.113364 0.114941 0.116217 0.118611 0.123285 0.131041 0.142253 0.156813 0.174112 0.19305 0.21207 0.229232 0.242306 0.248896 0.246579 0.233066 0.206367 0.164978
70.405 0.0477316 0.0727759 0.0907144 0.102565 0.109539 0.113097 0.114809 0.116224 0.118746 0.12352 0.131339 0.142566 0.157091 0.174305 0.193112 0.211967 0.228945 0.241833 0.248255 0.245811 0.232231 0.205546 0.164267
70.455 0.0474337 0.072356 0.0902477 0.102117 0.109164 0.112833 0.114678 0.116231 0.118879 0.123754 0.131634 0.142876 0.157365 0.174494 0.193172 0.211864 0.228659 0.241363 0.247619 0.245048 0.231402 0.204732 0.163562
70.505 0.0471387 0.0719404 0.0897858 0.101674 0.108793 0.112572 0.114549 0.116239 0.119012 0.123985 0.131926 0.143183 0.157637 0.174681 0.19323 0.211761 0.228374 0.240895 0.246987 0.24429 0.23058 0.203924 0.162863
70.555 0.0468467 0.071529 0.0893287 0.101235 0.108426 0.112314 0.114422 0.116247 0.119144 0.124214 0.132215 0.143486 0.157904 0.174864 0.193286 0.211656 0.22809 0.24043 0.246358 0.243539 0.229764 0.203122 0.162169
70.605 0.0465576 0.0711218 0.0888763 0.100802 0.108063 0.112059 0.114296 0.116255 0.119275 0.124441 0.132501 0.143786 0.158168 0.175044 0.19334 0.211551 0.227807 0.239967 0.245735 0.242792 0.228954 0.202327 0.161482
70.655 0.0462714 0.0707187 0.0884286 0.100373 0.107704 0.111808 0.114173 0.116264 0.119404 0.124667 0.132784 0.144082 0.158429 0.175222 0.193392 0.211445 0.227524 0.239507 0.245115 0.242051 0.228151 0.201539 0.1608
70.705 0.0459881 0.0703197 0.0879855 0.0999482 0.107349 0.111559 0.114051 0.116274 0.119533 0.124889 0.133064 0.144375 0.158686 0.175397 0.193442 0.211338 0.227243 0.239049 0.244499 0.241316 0.227354 0.200756 0.160123
70.755 0.0457076 0.0699248 0.0875471 0.0995283 0.106998 0.111313 0.113931 0.116283 0.119661 0.12511 0.133342 0.144664 0.158941 0.175568 0.19349 0.211231 0.226962 0.238594 0.243887 0.240586 0.226563 0.19998 0.159452
70.805 0.0454299 0.0695338 0.0871132 0.0991128 0.106651 0.111071 0.113813 0.116294 0.119789 0.125329 0.133616 0.14495 0.159191 0.175738 0.193537 0.211123 0.226683 0.238142 0.24328 0.239861 0.225778 0.19921 0.158787
70.855 0.045155 0.0691469 0.0866838 0.0987019 0.106308 0.110831 0.113696 0.116304 0.119915 0.125546 0.133888 0.145233 0.159439 0.175904 0.193581 0.211015 0.226404 0.237692 0.242676 0.239141 0.224999 0.198446 0.158127
70.905 0.0448828 0.068764 0.086259 0.0982954 0.105969 0.110594 0.113582 0.116315 0.12004 0.125761 0.134157 0.145513 0.159683 0.176067 0.193623 0.210906 0.226126 0.237244 0.242076 0.238426 0.224226 0.197688 0.157472
70.955 0.0446135 0.0683849 0.0858386 0.0978932 0.105633 0.11036 0.113468 0.116326 0.120164 0.125974 0.134423 0.14579 0.159924 0.176228 0.193664 0.210796 0.225849 0.236799 0.24148 0.237717 0.223458 0.196937 0.156823
71.005 0.0443468 0.0680098 0.0854226 0.0974954 0.105302 0.110129 0.113357 0.116338 0.120288 0.126185 0.134686 0.146063 0.160162 0.176386 0.193703 0.210685 0.225572 0.236356 0.240888 0.237012 0.222697 0.196191 0.156179
71.055 0.0440828 0.0676385 0.085011 0.0971019 0.104974 0.109901 0.113247 0.11635 0.120411 0.126394 0.134946 0.146333 0.160397 0.176541 0.19374 0.210575 0.225297 0.235915 0.2403 0.236313 0.221941 0.195451 0.15554
71.105 0.0438216 0.0672711 0.0846037 0.0967127 0.10465 0.109675 0.113139 0.116362 0.120532 0.126601 0.135204 0.146601 0.160629 0.176694 0.193775 0.210463 0.225022 0.235477 0.239716 0.235618 0.221191 0.194716 0.154906
71.155 0.0435629 0.0669074 0.0842007 0.0963277 0.104329 0.109452 0.113032 0.116375 0.120653 0.126806 0.135459 0.146865 0.160858 0.176844 0.193809 0.210351 0.224749 0.235041 0.239135 0.234929 0.220447 0.193988 0.154278
71.205 0.043307 0.0665475 0.083802 0.0959469 0.104012 0.109232 0.112927 0.116388 0.120773 0.127009 0.135712 0.147126 0.161083 0.176992 0.19384 0.210238 0.224476 0.234608 0.238558 0.234244 0.219708 0.193265 0.153654
71.255 0.0430536 0.0661913 0.0834075 0.0955702 0.103699 0.109015 0.112823 0.116401 0.120892 0.12721 0.135961 0.147383 0.161306 0.177137 0.19387 0.210125 0.224204 0.234177 0.237985 0.233564 0.218975 0.192548 0.153036
71.305 0.0428028 0.0658388 0.0830171 0.0951977 0.103389 0.1088 0.112721 0.116415 0.12101 0.12741 0.136209 0.147638 0.161526 0.177279 0.193899 0.210011 0.223933 0.233748 0.237416 0.232889 0.218247 0.191836 0.152422
71.355 0.0425546 0.06549 0.0826309 0.0948292 0.103083 0.108588 0.112621 0.116429 0.121128 0.127607 0.136453 0.14789 0.161743 0.177419 0.193925 0.209897 0.223662 0.233321 0.23685 0.232219 0.217525 0.19113 0.151814
71.405 0.0423089 0.0651449 0.0822489 0.0944647 0.102781 0.108379 0.112522 0.116443 0.121244 0.127803 0.136695 0.148139 0.161956 0.177557 0.19395 0.209782 0.223393 0.232897 0.236288 0.231553 0.216808 0.19043 0.15121
71.455 0.0420658 0.0648033 0.0818708 0.0941043 0.102481 0.108172 0.112424 0.116458 0.12136 0.127996 0.136935 0.148385 0.162167 0.177692 0.193973 0.209667 0.223124 0.232475 0.235729 0.230892 0.216096 0.189735 0.150611
71.505 0.0418251 0.0644653 0.0814969 0.0937478 0.102186 0.107968 0.112328 0.116473 0.121475 0.128188 0.137171 0.148629 0.162375 0.177824 0.193995 0.209551 0.222856 0.232055 0.235174 0.230236 0.21539 0.189045 0.150017
71.555 0.0415869 0.0641308 0.0811269 0.0933952 0.101893 0.107766 0.112234 0.116488 0.121589 0.128378 0.137406 0.148869 0.162581 0.177954 0.194015 0.209435 0.222589 0.231637 0.234622 0.229585 0.214689 0.188361 0.149428
71.605 0.0413512 0.0637998 0.0807609 0.0930465 0.101604 0.107566 0.11214 0.116503 0.121702 0.128567 0.137638 0.149106 0.162783 0.178082 0.194034 0.209318 0.222323 0.231222 0.234074 0.228937 0.213993 0.187682 0.148843
71.655 0.041118 0.0634723 0.0803988 0.0927017 0.101319 0.10737 0.112049 0.116519 0.121814 0.128753 0.137867 0.149341 0.162983 0.178208 0.194051 0.209201 0.222057 0.230808 0.233529 0.228295 0.213303 0.187008 0.148263
71.705 0.0408871 0.0631483 0.0800406 0.0923607 0.101036 0.107175 0.111958 0.116534 0.121925 0.128938 0.138094 0.149573 0.163179 0.178331 0.194066 0.209083 0.221793 0.230397 0.232988 0.227657 0.212617 0.186339 0.147687
71.755 0.0406586 0.0628277 0.0796862 0.0920234 0.100757 0.106983 0.111869 0.11655 0.122036 0.129121 0.138319 0.149802 0.163374 0.178451 0.19408 0.208965 0.221529 0.229988 0.23245 0.227023 0.211936 0.185675 0.147117
71.805 0.0404326 0.0625104 0.0793357 0.0916899 0.100481 0.106794 0.111782 0.116567 0.122145 0.129302 0.138541 0.150028 0.163565 0.17857 0.194093 0.208847 0.221266 0.229581 0.231916 0.226394 0.211261 0.185017 0.14655
71.855 0.0402088 0.0621965 0.0789889 0.0913601 0.100209 0.106607 0.111695 0.116583 0.122254 0.129482 0.13876 0.150252 0.163754 0.178686 0.194104 0.208727 0.221004 0.229177 0.231385 0.225769 0.21059 0.184363 0.145988
71.905 0.0399874 0.0618859 0.0786459 0.091034 0.0999392 0.106422 0.11161 0.1166 0.122362 0.12966 0.138978 0.150473 0.16394 0.1788 0.194113 0.208608 0.220742 0.228774 0.230857 0.225148 0.209925 0.183715 0.145431
71.955 0.0397684 0.0615787 0.0783066 0.0907115 0.0996729 0.106239 0.111527 0.116617 0.12247 0.129836 0.139193 0.150691 0.164124 0.178912 0.194121 0.208488 0.220482 0.228374 0.230333 0.224531 0.209264 0.183072 0.144877
72.005 0.0395516 0.0612746 0.077971 0.0903926 0.0994096 0.106059 0.111444 0.116634 0.122576 0.13001 0.139405 0.150907 0.164305 0.179022 0.194128 0.208368 0.220222 0.227975 0.229811 0.223919 0.208608 0.182433 0.144329
72.055 0.0393371 0.0609739 0.0776391 0.0900773 0.0991495 0.105881 0.111363 0.116652 0.122682 0.130183 0.139616 0.15112 0.164483 0.179129 0.194133 0.208247 0.219963 0.227579 0.229293 0.223311 0.207957 0.181799 0.143784
72.105 0.0391248 0.0606763 0.0773107 0.0897655 0.0988924 0.105706 0.111283 0.11667 0.122786 0.130354 0.139824 0.15133 0.164659 0.179235 0.194136 0.208126 0.219705 0.227184 0.228779 0.222707 0.20731 0.18117 0.143244
72.155 0.0389148 0.0603819 0.0769859 0.0894573 0.0986383 0.105532 0.111205 0.116687 0.12289 0.130523 0.14003 0.151538 0.164832 0.179338 0.194139 0.208005 0.219447 0.226792 0.228267 0.222107 0.206668 0.180546 0.142708
72.205 0.0387069 0.0600906 0.0766647 0.0891524 0.0983872 0.105361 0.111127 0.116706 0.122994 0.130691 0.140233 0.151744 0.165003 0.179439 0.19414 0.207883 0.219191 0.226401 0.227759 0.221512 0.206031 0.179926 0.142176
72.255 0.0385013 0.0598025 0.076347 0.0888511 0.098139 0.105192 0.111051 0.116724 0.123096 0.130857 0.140435 0.151946 0.165171 0.179538 0.194139 0.207761 0.218935 0.226013 0.227253 0.22092 0.205399 0.179312 0.141648
72.305 0.0382979 0.0595174 0.0760328 0.0885531 0.0978938 0.105025 0.110976 0.116742 0.123198 0.131022 0.140634 0.152147 0.165337 0.179635 0.194138 0.207638 0.21868 0.225627 0.226751 0.220333 0.204771 0.178701 0.141124
72.355 0.0380965 0.0592355 0.075722 0.0882585 0.0976515 0.104861 0.110903 0.116761 0.123298 0.131184 0.140831 0.152345 0.1655 0.17973 0.194135 0.207515 0.218425 0.225242 0.226252 0.219749 0.204147 0.178096 0.140604
72.405 0.0378974 0.0589565 0.0754146 0.0879672 0.097412 0.104698 0.11083 0.11678 0.123398 0.131346 0.141025 0.15254 0.165662 0.179823 0.19413 0.207392 0.218172 0.22486 0.225756 0.219169 0.203528 0.177495 0.140089
72.455 0.0377003 0.0586806 0.0751106 0.0876792 0.0971754 0.104537 0.110759 0.116799 0.123498 0.131505 0.141218 0.152733 0.16582 0.179914 0.194125 0.207268 0.217919 0.224479 0.225263 0.218593 0.202913 0.176898 0.139577
72.505 0.0375054 0.0584076 0.07481 0.0873945 0.0969416 0.104379 0.110689 0.116818 0.123596 0.131664 0.141409 0.152924 0.165977 0.180003 0.194118 0.207144 0.217667 0.224101 0.224773 0.218021 0.202303 0.176306 0.139069
72.555 0.0373125 0.0581376 0.0745127 0.087113 0.0967106 0.104223 0.11062 0.116837 0.123694 0.13182 0.141597 0.153112 0.166131 0.18009 0.19411 0.20702 0.217416 0.223724 0.224285 0.217453 0.201697 0.175718 0.138566
72.605 0.0371217 0.0578705 0.0742187 0.0868348 0.0964823 0.104068 0.110552 0.116856 0.123791 0.131975 0.141783 0.153298 0.166282 0.180176 0.1941 0.206895 0.217165 0.223349 0.223801 0.216889 0.201096 0.175135 0.138066
72.655 0.0369329 0.0576064 0.0739279 0.0865597 0.0962568 0.103916 0.110485 0.116876 0.123887 0.132129 0.141967 0.153481 0.166432 0.180259 0.19409 0.20677 0.216915 0.222976 0.22332 0.216329 0.200499 0.174556 0.137569
72.705 0.0367461 0.057345 0.0736404 0.0862878 0.096034 0.103765 0.110419 0.116896 0.123982 0.132281 0.14215 0.153662 0.166579 0.18034 0.194078 0.206645 0.216666 0.222605 0.222842 0.215772 0.199906 0.173981 0.137077
72.755 0.0365614 0.0570866 0.0733561 0.0860189 0.0958138 0.103617 0.110354 0.116915 0.124077 0.132431 0.14233 0.153841 0.166724 0.18042 0.194065 0.206519 0.216418 0.222235 0.222366 0.215219 0.199317 0.17341 0.136588
72.805 0.0363786 0.0568309 0.0730749 0.0857532 0.0955963 0.103471 0.110291 0.116935 0.124171 0.13258 0.142508 0.154018 0.166867 0.180497 0.19405 0.206393 0.216171 0.221868 0.221894 0.214669 0.198732 0.172844 0.136104
72.855 0.0361978 0.0565781 0.0727969 0.0854905 0.0953814 0.103326 0.110228 0.116956 0.124264 0.132727 0.142684 0.154192 0.167007 0.180573 0.194035 0.206267 0.215924 0.221502 0.221424 0.214123 0.198152 0.172282 0.135622
72.905 0.036019 0.056328 0.0725219 0.0852309 0.0951691 0.103183 0.110166 0.116976 0.124356 0.132873 0.142858 0.154364 0.167145 0.180647 0.194018 0.206141 0.215678 0.221139 0.220957 0.213581 0.197575 0.171724 0.135145
72.955 0.035842 0.0560806 0.0722501 0.0849743 0.0949594 0.103042 0.110106 0.116996 0.124448 0.133018 0.14303 0.154534 0.167282 0.18072 0.194001 0.206014 0.215432 0.220777 0.220493 0.213043 0.197003 0.17117 0.134671
73.005 0.035667 0.055836 0.0719813 0.0847206 0.0947522 0.102904 0.110046 0.117017 0.124539 0.133161 0.1432 0.154702 0.167416 0.18079 0.193982 0.205887 0.215188 0.220416 0.220031 0.212508 0.196435 0.17062 0.1342
73.055 0.0354939 0.0555941 0.0717155 0.0844698 0.0945475 0.102766 0.109988 0.117037 0.124629 0.133303 0.143368 0.154867 0.167548 0.180859 0.193962 0.20576 0.214944 0.220058 0.219572 0.211976 0.19587 0.170074 0.133734
73.105 0.0353227 0.0553548 0.0714528 0.084222 0.0943453 0.102631 0.10993 0.117058 0.124719 0.133443 0.143535 0.155031 0.167678 0.180926 0.193941 0.205632 0.214701 0.219701 0.219116 0.211448 0.19531 0.169533 0.13327
73.155 0.0351533 0.0551181 0.0711929 0.0839771 0.0941456 0.102498 0.109874 0.117079 0.124807 0.133582 0.143699 0.155192 0.167805 0.180991 0.193919 0.205504 0.214459 0.219346 0.218663 0.210923 0.194753 0.168995 0.132811
73.205 0.0349857 0.0548841 0.0709361 0.083735 0.0939483 0.102366 0.109818 0.1171 0.124895 0.133719 0.143862 0.155351 0.167931 0.181055 0.193895 0.205376 0.214217 0.218993 0.218212 0.210402 0.194201 0.168461 0.132354
73.255 0.03482 0.0546527 0.0706821 0.0834957 0.0937534 0.102236 0.109764 0.117121 0.124983 0.133855 0.144022 0.155508 0.168055 0.181117 0.193871 0.205248 0.213976 0.218641 0.217764 0.209884 0.193652 0.167931 0.131901
73.305 0.0346561 0.0544238 0.070431 0.0832592 0.093561 0.102108 0.10971 0.117142 0.125069 0.13399 0.144181 0.155663 0.168177 0.181177 0.193846 0.20512 0.213736 0.218291 0.217319 0.20937 0.193107 0.167404 0.131452
73.355 0.034494 0.0541975 0.0701827 0.0830255 0.0933709 0.101981 0.109657 0.117163 0.125155 0.134123 0.144338 0.155816 0.168296 0.181236 0.193819 0.204991 0.213496 0.217943 0.216876 0.208859 0.192566 0.166882 0.131006
73.405 0.0343337 0.0539737 0.0699373 0.0827945 0.0931831 0.101856 0.109606 0.117184 0.12524 0.134255 0.144493 0.155967 0.168414 0.181293 0.193792 0.204862 0.213257 0.217597 0.216436 0.208351 0.192028 0.166363 0.130563
73.455 0.0341751 0.0537524 0.0696947 0.0825663 0.0929976 0.101733 0.109555 0.117206 0.125325 0.134385 0.144646 0.156116 0.16853 0.181348 0.193763 0.204733 0.213019 0.217252 0.215998 0.207846 0.191494 0.165848 0.130123
73.505 0.0340183 0.0535335 0.0694548 0.0823407 0.0928145 0.101612 0.109505 0.117227 0.125408 0.134515 0.144798 0.156263 0.168644 0.181402 0.193734 0.204603 0.212782 0.216909 0.215563 0.207345 0.190964 0.165337 0.129687
73.555 0.0338632 0.0533171 0.0692177 0.0821178 0.0926336 0.101492 0.109455 0.117248 0.125492 0.134642 0.144948 0.156408 0.168756 0.181454 0.193704 0.204474 0.212545 0.216567 0.215131 0.206847 0.190438 0.164829 0.129254
73.605 0.0337098 0.0531032 0.0689833 0.0818976 0.0924549 0.101374 0.109407 0.11727 0.125574 0.134769 0.145096 0.15655 0.168866 0.181505 0.193672 0.204344 0.212309 0.216227 0.2147 0.206352 0.189915 0.164326 0.128824
73.655 0.0335581 0.0528916 0.0687516 0.0816799 0.0922785 0.101257 0.10936 0.117292 0.125656 0.134894 0.145242 0.156691 0.168974 0.181554 0.19364 0.204214 0.212074 0.215889 0.214273 0.20586 0.189396 0.163825 0.128397
73.705 0.0334081 0.0526824 0.0685225 0.0814649 0.0921043 0.101142 0.109313 0.117313 0.125737 0.135018 0.145386 0.156831 0.16908 0.181601 0.193606 0.204084 0.211839 0.215552 0.213848 0.205372 0.18888 0.163328 0.127973
73.755 0.0332597 0.0524756 0.0682961 0.0812524 0.0919323 0.101029 0.109268 0.117335 0.125817 0.135141 0.145529 0.156968 0.169185 0.181647 0.193572 0.203953 0.211605 0.215217 0.213425 0.204886 0.188367 0.162835 0.127553
73.805 0.033113 0.0522711 0.0680723 0.0810424 0.0917624 0.100917 0.109223 0.117357 0.125897 0.135262 0.14567 0.157103 0.169288 0.181692 0.193537 0.203823 0.211372 0.214884 0.213005 0.204404 0.187859 0.162345 0.127136
73.855 0.0329679 0.0520689 0.0678511 0.0808349 0.0915946 0.100807 0.109179 0.117379 0.125976 0.135382 0.14581 0.157236 0.169388 0.181735 0.193501 0.203692 0.211139 0.214552 0.212587 0.203925 0.187353 0.161859 0.126721
73.905 0.0328245 0.0518689 0.0676324 0.0806299 0.091429 0.100698 0.109135 0.117401 0.126054 0.135501 0.145947 0.157368 0.169488 0.181777 0.193464 0.203561 0.210907 0.214221 0.212171 0.203448 0.186851 0.161376 0.12631
73.955 0.0326826 0.0516713 0.0674163 0.0804274 0.0912654 0.100591 0.109093 0.117423 0.126132 0.135619 0.146083 0.157498 0.169585 0.181817 0.193426 0.20343 0.210676 0.213892 0.211758 0.202975 0.186353 0.160897 0.125902
74.005 0.0325423 0.0514759 0.0672027 0.0802273 0.0911039 0.100485 0.109051 0.117445 0.126209 0.135735 0.146218 0.157626 0.169681 0.181856 0.193387 0.203299 0.210445 0.213565 0.211347 0.202505 0.185858 0.160421 0.125496
74.055 0.0324036 0.0512827 0.0669916 0.0800296 0.0909445 0.100381 0.10901 0.117467 0.126285 0.13585 0.146351 0.157752 0.169774 0.181893 0.193347 0.203167 0.210215 0.213239 0.210939 0.202037 0.185366 0.159948 0.125094
74.105 0.0322665 0.0510918 0.0667829 0.0798343 0.0907871 0.100278 0.10897 0.117489 0.126361 0.135964 0.146482 0.157876 0.169867 0.181929 0.193307 0.203035 0.209986 0.212915 0.210532 0.201573 0.184877 0.159479 0.124695
74.155 0.0321309 0.050903 0.0665767 0.0796413 0.0906317 0.100177 0.108931 0.117511 0.126436 0.136077 0.146611 0.157999 0.169957 0.181964 0.193265 0.202904 0.209757 0.212592 0.210128 0.201111 0.184392 0.159013 0.124298
74.205 0.0319968 0.0507163 0.0663729 0.0794507 0.0904783 0.100077 0.108892 0.117533 0.126511 0.136188 0.146739 0.158119 0.170046 0.181997 0.193223 0.202772 0.209529 0.212271 0.209727 0.200653 0.18391 0.15855 0.123904
74.255 0.0318642 0.0505319 0.0661715 0.0792624 0.0903268 0.0999781 0.108854 0.117555 0.126584 0.136298 0.146866 0.158238 0.170133 0.182029 0.19318 0.20264 0.209302 0.211951 0.209327 0.200197 0.183431 0.15809 0.123514
74.305 0.0317331 0.0503495 0.0659725 0.0790764 0.0901773 0.0998809 0.108817 0.117578 0.126658 0.136407 0.146991 0.158356 0.170218 0.182059 0.193136 0.202507 0.209075 0.211633 0.20893 0.199744 0.182955 0.157634 0.123126
74.355 0.0316036 0.0501692 0.0657758 0.0788927 0.0900297 0.0997851 0.108781 0.1176 0.12673 0.136515 0.147114 0.158471 0.170302 0.182088 0.193091 0.202375 0.208849 0.211316 0.208535 0.199294 0.182483 0.157181 0.12274
74.405 0.0314754 0.049991 0.0655814 0.0787112 0.089884 0.0996907 0.108745 0.117622 0.126802 0.136622 0.147236 0.158585 0.170384 0.182116 0.193045 0.202243 0.208624 0.211 0.208142 0.198846 0.182013 0.156731 0.122358
74.455 0.0313488 0.0498149 0.0653893 0.0785319 0.0897401 0.0995977 0.10871 0.117644 0.126873 0.136728 0.147356 0.158698 0.170465 0.182143 0.192999 0.20211 0.208399 0.210686 0.207752 0.198402 0.181547 0.156284 0.121978
74.505 0.0312235 0.0496408 0.0651995 0.0783548 0.0895982 0.0995059 0.108676 0.117667 0.126944 0.136832 0.147475 0.158808 0.170544 0.182168 0.192952 0.201977 0.208175 0.210374 0.207363 0.19796 0.181084 0.15584 0.121601
74.555 0.0310997 0.0494687 0.0650119 0.0781799 0.0894581 0.0994155 0.108642 0.117689 0.127014 0.136936 0.147592 0.158917 0.170621 0.182192 0.192904 0.201844 0.207951 0.210063 0.206977 0.197521 0.180624 0.155399 0.121227
74.605 0.0309773 0.0492986 0.0648266 0.0780072 0.0893198 0.0993264 0.108609 0.117711 0.127084 0.137038 0.147708 0.159025 0.170697 0.182215 0.192855 0.201711 0.207728 0.209753 0.206593 0.197084 0.180167 0.154961 0.120855
74.655 0.0308564 0.0491305 0.0646435 0.0778365 0.0891833 0.0992386 0.108577 0.117734 0.127152 0.137139 0.147823 0.15913 0.170772 0.182236 0.192806 0.201578 0.207506 0.209445 0.206211 0.19665 0.179712 0.154527 0.120486
74.705 0.0307368 0.0489643 0.0644626 0.077668 0.0890486 0.0991521 0.108545 0.117756 0.127221 0.137239 0.147936 0.159235 0.170844 0.182256 0.192755 0.201445 0.207285 0.209138 0.20583 0.196219 0.179261 0.154095 0.12012
74.755 0.0306185 0.0488001 0.0642838 0.0775016 0.0889156 0.0990668 0.108514 0.117778 0.127288 0.137338 0.148047 0.159337 0.170916 0.182275 0.192704 0.201312 0.207064 0.208832 0.205453 0.19579 0.178813 0.153666 0.119756
74.805 0.0305017 0.0486378 0.0641072 0.0773373 0.0887844 0.0989827 0.108484 0.117801 0.127355 0.137436 0.148157 0.159438 0.170986 0.182293 0.192653 0.201178 0.206843 0.208528 0.205077 0.195364 0.178368 0.15324 0.119395
74.855 0.0303861 0.0484774 0.0639327 0.0771749 0.088655 0.0988999 0.108454 0.117823 0.127422 0.137532 0.148266 0.159538 0.171054 0.18231 0.1926 0.201045 0.206624 0.208225 0.204703 0.194941 0.177925 0.152817 0.119036
74.905 0.0302719 0.0483189 0.0637603 0.0770147 0.0885272 0.0988183 0.108425 0.117845 0.127488 0.137628 0.148373 0.159636 0.171121 0.182325 0.192547 0.200911 0.206404 0.207923 0.204331 0.19452 0.177486 0.152397 0.11868
74.955 0.0301591 0.0481622 0.0635899 0.0768564 0.0884011 0.098738 0.108397 0.117868 0.127553 0.137723 0.148479 0.159732 0.171186 0.18234 0.192493 0.200777 0.206186 0.207623 0.203961 0.194102 0.177049 0.15198 0.118326
75.005 0.0300475 0.0480074 0.0634217 0.0767001 0.0882767 0.0986588 0.108369 0.11789 0.127618 0.137816 0.148583 0.159827 0.17125 0.182353 0.192439 0.200644 0.205968 0.207324 0.203593 0.193686 0.176615 0.151565 0.117975
75.055 0.0299372 0.0478544 0.0632554 0.0765457 0.088154 0.0985808 0.108341 0.117912 0.127682 0.137909 0.148687 0.15992 0.171313 0.182365 0.192383 0.20051 0.205751 0.207027 0.203227 0.193273 0.176184 0.151154 0.117626
75.105 0.0298282 0.0477033 0.0630912 0.0763934 0.0880329 0.0985039 0.108315 0.117934 0.127745 0.138 0.148788 0.160012 0.171374 0.182375 0.192328 0.200376 0.205534 0.206731 0.202863 0.192862 0.175756 0.150745 0.11728
75.155 0.0297205 0.0475539 0.062929 0.0762429 0.0879134 0.0984282 0.108289 0.117957 0.127808 0.138091 0.148889 0.160103 0.171434 0.182385 0.192271 0.200242 0.205318 0.206436 0.202501 0.192454 0.17533 0.150339 0.116936
75.205 0.029614 0.0474063 0.0627688 0.0760943 0.0877955 0.0983536 0.108263 0.117979 0.127871 0.13818 0.148988 0.160192 0.171492 0.182394 0.192214 0.200108 0.205102 0.206142 0.202141 0.192048 0.174907 0.149936 0.116595
75.255 0.0295088 0.0472605 0.0626105 0.0759476 0.0876792 0.0982802 0.108238 0.118001 0.127933 0.138268 0.149086 0.160279 0.171549 0.182401 0.192156 0.199973 0.204887 0.20585 0.201783 0.191644 0.174487 0.149535 0.116256
75.305 0.0294048 0.0471164 0.0624541 0.0758028 0.0875645 0.0982079 0.108214 0.118023 0.127994 0.138356 0.149182 0.160365 0.171605 0.182408 0.192097 0.199839 0.204673 0.205558 0.201427 0.191243 0.174069 0.149137 0.115919
75.355 0.0293021 0.046974 0.0622997 0.0756599 0.0874513 0.0981366 0.10819 0.118046 0.128055 0.138442 0.149277 0.16045 0.171659 0.182413 0.192038 0.199705 0.204459 0.205269 0.201073 0.190844 0.173655 0.148742 0.115585
75.405 0.0292005 0.0468333 0.0621472 0.0755187 0.0873397 0.0980665 0.108166 0.118068 0.128115 0.138528 0.149371 0.160533 0.171712 0.182417 0.191978 0.19957 0.204246 0.20498 0.20072 0.190448 0.173242 0.148349 0.115253
75.455 0.0291001 0.0466943 0.0619965 0.0753794 0.0872296 0.0979974 0.108144 0.11809 0.128174 0.138612 0.149464 0.160615 0.171764 0.18242 0.191918 0.199436 0.204034 0.204693 0.200369 0.190054 0.172833 0.147959 0.114923
75.505 0.029001 0.046557 0.0618477 0.0752418 0.087121 0.0979294 0.108121 0.118112 0.128234 0.138695 0.149555 0.160696 0.171814 0.182423 0.191857 0.199301 0.203822 0.204407 0.200021 0.189662 0.172426 0.147571 0.114595
75.555 0.028903 0.0464213 0.0617008 0.075106 0.0870138 0.0978625 0.1081 0.118134 0.128292 0.138778 0.149645 0.160775 0.171864 0.182424 0.191795 0.199167 0.20361 0.204122 0.199674 0.189272 0.172021 0.147186 0.11427
75.605 0.0288061 0.0462873 0.0615556 0.074972 0.0869082 0.0977965 0.108078 0.118156 0.12835 0.138859 0.149734 0.160853 0.171911 0.182424 0.191733 0.199032 0.203399 0.203838 0.199328 0.188885 0.171619 0.146804 0.113947
75.655 0.0287104 0.0461549 0.0614123 0.0748397 0.086804 0.0977316 0.108058 0.118178 0.128407 0.13894 0.149822 0.160929 0.171958 0.182423 0.19167 0.198897 0.203189 0.203556 0.198985 0.1885 0.17122 0.146424 0.113626
75.705 0.0286159 0.0460241 0.0612708 0.0747091 0.0867012 0.0976678 0.108038 0.1182 0.128464 0.13902 0.149908 0.161005 0.172003 0.182421 0.191607 0.198763 0.202979 0.203274 0.198643 0.188118 0.170823 0.146047 0.113307
75.755 0.0285224 0.0458949 0.061131 0.0745802 0.0865999 0.0976049 0.108018 0.118222 0.128521 0.139098 0.149994 0.161079 0.172047 0.182418 0.191543 0.198628 0.20277 0.202994 0.198304 0.187737 0.170428 0.145672 0.112991
75.805 0.0284301 0.0457672 0.060993 0.074453 0.0864999 0.097543 0.107999 0.118244 0.128577 0.139176 0.150078 0.161151 0.17209 0.182414 0.191478 0.198493 0.202562 0.202715 0.197966 0.187359 0.170036 0.145299 0.112677
75.855 0.0283389 0.0456411 0.0608567 0.0743275 0.0864014 0.0974821 0.10798 0.118266 0.128632 0.139253 0.150161 0.161222 0.172132 0.18241 0.191413 0.198358 0.202354 0.202438 0.197629 0.186983 0.169647 0.144929 0.112364
75.905 0.0282488 0.0455166 0.0607221 0.0742036 0.0863042 0.0974221 0.107962 0.118288 0.128687 0.139329 0.150242 0.161292 0.172173 0.182404 0.191347 0.198223 0.202146 0.202161 0.197295 0.186609 0.16926 0.144562 0.112054
75.955 0.0281598 0.0453936 0.0605892 0.0740813 0.0862084 0.0973631 0.107944 0.11831 0.128741 0.139404 0.150323 0.161361 0.172212 0.182397 0.191281 0.198089 0.201939 0.201886 0.196962 0.186237 0.168875 0.144197 0.111746
76.005 0.0280718 0.0452721 0.060458 0.0739606 0.086114 0.0973051 0.107926 0.118331 0.128795 0.139478 0.150402 0.161429 0.17225 0.18239 0.191214 0.197954 0.201733 0.201611 0.19663 0.185867 0.168493 0.143834 0.11144
