50.005 0.522833 1.3241 0.846881 -0.181213 -2.43577 -3.58228 -3.41628 -3.313 -2.9336 -2.73532 -2.73501 -2.06796 -0.88445 0.408268 1.59698 2.92066 4.35703 4.70194 3.88682 4.83144 5.32277 2.59746 0.0111396
50.055 1.55453 2.60372 1.98549 0.660902 -2.21811 -3.68674 -3.52379 -3.4212 -3.05555 -2.81266 -2.73303 -2.08454 -1.0646 0.0107839 1.13984 2.40286 3.72142 4.14439 3.50296 4.8535 6.08495 3.669 0.911428
50.105 2.63578 4.00028 3.27807 1.59334 -1.9091 -3.6422 -3.5359 -3.53427 -3.23018 -2.93111 -2.75026 -2.10877 -1.22151 -0.318362 0.730614 1.86022 3.04703 3.56462 3.08396 4.7499 6.60724 4.60902 1.82677
50.155 3.60235 5.36798 4.57963 2.52545 -1.45782 -3.35653 -3.37113 -3.60287 -3.43157 -3.08042 -2.80001 -2.16098 -1.36919 -0.579883 0.395546 1.34743 2.34726 2.92677 2.60752 4.54829 6.92922 5.39353 2.70364
50.205 4.33656 6.47699 5.74589 3.42833 -0.828897 -2.79679 -2.98315 -3.58138 -3.63236 -3.24539 -2.88367 -2.24698 -1.51498 -0.78515 0.133058 0.885456 1.66264 2.26577 2.08816 4.25267 7.0613 6.00506 3.50215
50.255 4.91321 7.25427 6.5993 4.25276 -0.0246344 -2.01196 -2.39382 -3.43984 -3.7971 -3.40522 -2.99666 -2.36882 -1.66836 -0.95618 -0.0771263 0.47445 1.01568 1.61359 1.55468 3.8842 7.02264 6.43588 4.1918
50.305 5.33739 7.74407 7.11887 4.9668 0.986068 -0.965374 -1.61508 -3.20186 -3.92407 -3.55669 -3.14065 -2.52971 -1.83781 -1.11335 -0.256319 0.108503 0.415003 0.98406 1.02133 3.46299 6.8432 6.69293 4.75639
50.355 5.60184 8.00238 7.33646 5.55214 2.20856 0.381324 -0.667545 -2.8978 -3.99245 -3.67699 -3.30113 -2.72132 -2.02164 -1.2667 -0.418482 -0.218057 -0.133317 0.390224 0.503639 3.01395 6.55769 6.78886 5.18206
50.405 5.70465 8.03279 7.3052 6.00031 3.55596 1.93575 0.367998 -2.53282 -3.94927 -3.71821 -3.44862 -2.92796 -2.21216 -1.41936 -0.57185 -0.510805 -0.627724 -0.158885 0.0153328 2.56379 6.20792 6.74843 5.46325
50.455 5.60152 7.82573 7.07551 6.29018 4.9 3.54738 1.40778 -2.08084 -3.72986 -3.6251 -3.55416 -3.14039 -2.40676 -1.57651 -0.724983 -0.778706 -1.07565 -0.66567 -0.442795 2.12245 5.8215 6.60185 5.61234
50.505 5.3516 7.37602 6.6469 6.38454 6.08348 5.03379 2.40303 -1.48905 -3.27687 -3.33932 -3.57666 -3.34347 -2.60142 -1.74363 -0.887467 -1.0344 -1.49204 -1.14205 -0.880396 1.68328 5.40321 6.36981 5.64906
50.555 4.99881 6.71132 6.01158 6.22222 6.98065 6.28571 3.34457 -0.735617 -2.59184 -2.84405 -3.48084 -3.51319 -2.78583 -1.92213 -1.06639 -1.28965 -1.89266 -1.60228 -1.31013 1.23352 4.94575 6.06051 5.5881
50.605 4.55243 5.85762 5.1715 5.76918 7.50083 7.2136 4.2316 0.239209 -1.62782 -2.13214 -3.27788 -3.64765 -2.95798 -2.11371 -1.26553 -1.55051 -2.28319 -2.04859 -1.7315 0.776002 4.45426 5.68237 5.43562
50.655 3.96453 4.80976 4.1263 5.03011 7.64358 7.82472 5.06441 1.4371 -0.387357 -1.24879 -3.00277 -3.72931 -3.09627 -2.30344 -1.47673 -1.81246 -2.6579 -2.47126 -2.12849 0.339309 3.96734 5.26596 5.20159
50.705 3.15223 3.53271 2.86906 4.04236 7.49353 8.19304 5.80499 2.74635 1.02377 -0.283334 -2.66994 -3.71435 -3.16018 -2.46681 -1.68745 -2.06785 -3.01231 -2.86528 -2.49216 -0.0561745 3.5197 4.84892 4.9112
50.755 2.14088 2.06467 1.45699 2.91665 7.14971 8.34486 6.38038 4.02916 2.47792 0.692116 -2.26083 -3.54915 -3.10672 -2.5844 -1.89226 -2.31469 -3.34985 -3.23597 -2.8286 -0.416359 3.11208 4.4483 4.5921
50.805 1.0737 0.504025 -0.0191144 1.76904 6.63934 8.21252 6.74092 5.23015 3.89319 1.64683 -1.73901 -3.18435 -2.893 -2.63617 -2.08836 -2.5539 -3.67885 -3.59648 -3.15608 -0.770244 2.71178 4.05114 4.25735
50.855 0.0317391 -1.05691 -1.50141 0.591498 5.9625 7.83217 6.86125 6.24686 5.17968 2.56894 -1.08204 -2.60866 -2.48941 -2.58464 -2.25299 -2.77435 -4.00008 -3.95727 -3.49112 -1.14546 2.28485 3.63649 3.90628
50.905 -0.937752 -2.47911 -2.84787 -0.531644 5.1542 7.22178 6.71409 6.95683 6.20537 3.44638 -0.236807 -1.78765 -1.87831 -2.41374 -2.36772 -2.96608 -4.31372 -4.32273 -3.83806 -1.5534 1.8143 3.19072 3.53214
50.955 -1.8026 -3.69612 -3.97341 -1.52216 4.26123 6.40242 6.28206 7.30365 6.92064 4.26858 0.826592 -0.6905 -1.07818 -2.15015 -2.42562 -3.12174 -4.61456 -4.68335 -4.17908 -1.97245 1.32108 2.7276 3.13749
51.005 -2.5473 -4.68145 -4.82734 -2.32923 3.30939 5.42079 5.616 7.31907 7.34104 4.99065 2.02251 0.59491 -0.177 -1.82052 -2.39732 -3.21473 -4.88624 -5.02478 -4.49127 -2.36944 0.845059 2.2816 2.74187
51.055 -3.15441 -5.4334 -5.42233 -2.97303 2.32083 4.33659 4.81488 7.0778 7.48309 5.56558 3.24265 1.94045 0.736133 -1.42244 -2.23686 -3.21035 -5.12107 -5.34871 -4.76899 -2.73474 0.40183 1.87443 2.36646
51.105 -3.63132 -5.99065 -5.82505 -3.51121 1.28969 3.15287 3.9163 6.66038 7.40819 5.97341 4.39291 3.24518 1.61534 -0.930268 -1.8968 -3.0653 -5.30043 -5.65808 -5.02358 -3.09641 -0.0382191 1.49569 2.01499
51.155 -4.00185 -6.37784 -6.07015 -3.9597 0.217089 1.87955 2.95854 6.12451 7.14443 6.17669 5.38553 4.4333 2.45157 -0.31837 -1.35538 -2.73212 -5.37393 -5.93756 -5.26742 -3.50615 -0.534705 1.11469 1.67177
51.205 -4.27268 -6.54778 -6.11159 -4.289 -0.895518 0.521187 1.95596 5.49967 6.71491 6.15106 6.13953 5.42797 3.25185 0.466023 -0.574781 -2.17746 -5.31746 -6.17678 -5.49482 -3.992 -1.12572 0.716291 1.31833
51.255 -4.41896 -6.48107 -5.94021 -4.47857 -1.99276 -0.872576 0.919676 4.77795 6.12927 5.90555 6.62457 6.20481 4.02679 1.4295 0.426255 -1.43611 -5.13798 -6.35277 -5.68046 -4.52022 -1.78628 0.312865 0.948997
51.305 -4.42672 -6.19191 -5.57733 -4.51166 -2.9711 -2.15489 -0.0650949 3.96802 5.38817 5.46081 6.84182 6.75713 4.74057 2.49248 1.55604 -0.557581 -4.83731 -6.4826 -5.91408 -4.94294 -2.31451 -0.140928 0.537889
51.355 -4.29649 -5.73632 -5.08206 -4.40521 -3.74209 -3.18804 -0.917902 3.08196 4.49619 4.84853 6.82603 7.09304 5.34422 3.55295 2.70868 0.417397 -4.38731 -6.55941 -6.26188 -5.26446 -2.59295 -0.611274 0.0946673
51.405 -4.05096 -5.18814 -4.52845 -4.20376 -4.27242 -3.9294 -1.63618 2.11437 3.4642 4.11606 6.64176 7.25106 5.82296 4.53724 3.77295 1.30485 -3.78282 -6.42357 -6.47454 -5.51969 -2.93602 -1.13164 -0.352907
51.455 -3.73342 -4.6184 -3.98432 -3.95727 -4.58402 -4.41847 -2.24976 1.08465 2.3331 3.32345 6.33498 7.23863 6.14706 5.39633 4.72962 2.11722 -3.0772 -6.07182 -6.46786 -5.67377 -3.32672 -1.67959 -0.805542
51.505 -3.39378 -4.08538 -3.50146 -3.70216 -4.7026 -4.67212 -2.74881 0.0305413 1.14082 2.49445 5.92256 7.06946 6.30881 6.10537 5.57093 2.8656 -2.29835 -5.5313 -6.25496 -5.72612 -3.71403 -2.2153 -1.25817
51.555 -3.07013 -3.62343 -3.10551 -3.45413 -4.65035 -4.70549 -3.11345 -0.975889 -0.0194288 1.67472 5.40504 6.74184 6.30733 6.65538 6.295 3.55396 -1.47254 -4.85511 -5.89351 -5.67533 -4.03682 -2.70525 -1.70652
51.605 -2.78653 -3.24872 -2.80598 -3.22694 -4.46888 -4.5616 -3.3404 -1.86393 -1.04589 0.924196 4.79319 6.25176 6.13958 7.04256 6.89697 4.19085 -0.607622 -4.08523 -5.43478 -5.53767 -4.26593 -3.12064 -2.13089
51.655 -2.55401 -2.96208 -2.59729 -3.02943 -4.20483 -4.29427 -3.44124 -2.5883 -1.88243 0.267951 4.09094 5.59293 5.79962 7.27248 7.38576 4.7947 0.301738 -3.24155 -4.90351 -5.32568 -4.40079 -3.45449 -2.51754
51.705 -2.37118 -2.75045 -2.45931 -2.86036 -3.89873 -3.95687 -3.43607 -3.11898 -2.50647 -0.305722 3.28873 4.75636 5.28489 7.34719 7.76386 5.39001 1.27205 -2.33182 -4.30754 -5.04357 -4.44706 -3.7088 -2.859
51.755 -2.22756 -2.59232 -2.36456 -2.71162 -3.58322 -3.59827 -3.35257 -3.45787 -2.94214 -0.824199 2.40387 3.78241 4.64692 7.2654 7.98906 5.9657 2.29557 -1.37541 -3.65424 -4.69172 -4.40746 -3.88282 -3.14564
51.805 -2.10902 -2.46549 -2.28894 -2.57745 -3.28822 -3.26537 -3.22715 -3.6328 -3.21571 -1.28645 1.47748 2.73542 3.95005 7.03026 8.01527 6.49004 3.34428 -0.39872 -2.95379 -4.2726 -4.28549 -3.97592 -3.36815
51.855 -2.00428 -2.35328 -2.21721 -2.45632 -3.03649 -2.99201 -3.08768 -3.66599 -3.33121 -1.67263 0.565322 1.70107 3.2491 6.6587 7.85032 6.84984 4.34684 0.640628 -2.19095 -3.78656 -4.09008 -3.99493 -3.52454
51.905 -1.90396 -2.2422 -2.13894 -2.34682 -2.8407 -2.79659 -2.95583 -3.58849 -3.30808 -1.97093 -0.271247 0.7739 2.59989 6.17206 7.50131 6.94498 5.23731 1.76553 -1.35499 -3.23207 -3.827 -3.94679 -3.61725
51.955 -1.7981 -2.11816 -2.04388 -2.24435 -2.70341 -2.68291 -2.84685 -3.43632 -3.17745 -2.17605 -0.992842 -0.00769818 2.01772 5.58262 6.9725 6.76988 5.98063 2.94928 -0.451076 -2.60776 -3.49531 -3.83236 -3.64745
52.005 -1.67434 -1.96143 -1.91609 -2.1371 -2.61797 -2.64347 -2.76806 -3.2442 -2.97607 -2.28926 -1.57052 -0.631452 1.49683 4.90078 6.27788 6.35509 6.52356 4.12653 0.533153 -1.88786 -3.08159 -3.64884 -3.6171
52.055 -1.51418 -1.7355 -1.72403 -2.00108 -2.57399 -2.67066 -2.7249 -3.04514 -2.74258 -2.31976 -1.9811 -1.08193 1.05077 4.18051 5.51109 5.87073 6.69671 5.00364 1.58518 -0.956333 -2.49099 -3.37751 -3.54135
52.105 -1.282 -1.35306 -1.38887 -1.77781 -2.55758 -2.76892 -2.72912 -2.87409 -2.52016 -2.29451 -2.24523 -1.40179 0.661365 3.47244 4.75897 5.39457 6.59234 5.47624 2.46465 0.13237 -1.63665 -2.96725 -3.39943
52.155 -0.950841 -0.712984 -0.821256 -1.38418 -2.53728 -2.94538 -2.79631 -2.76706 -2.35383 -2.25187 -2.40023 -1.6275 0.316351 2.81259 4.08841 4.96109 6.29605 5.56582 3.02513 1.27376 -0.510102 -2.38271 -3.15875
52.205 -0.469816 0.0826727 -0.138378 -0.863259 -2.44849 -3.13027 -2.89615 -2.73126 -2.27092 -2.22461 -2.47704 -1.77521 0.00052375 2.19993 3.5048 4.54648 5.87287 5.40426 3.31112 2.25398 0.738502 -1.58248 -2.76647
52.255 0.282636 1.05903 0.682297 -0.225052 -2.29723 -3.29555 -3.01358 -2.76954 -2.28446 -2.23468 -2.50069 -1.85371 -0.287075 1.61503 2.94628 4.10603 5.38681 5.11499 3.40093 3.01541 1.97371 -0.628968 -2.21921
52.305 1.27494 2.28214 1.75469 0.573948 -2.10118 -3.42314 -3.13155 -2.87535 -2.39365 -2.29429 -2.49746 -1.88033 -0.536983 1.05455 2.36077 3.60085 4.86565 4.76922 3.36368 3.5774 3.11925 0.404576 -1.53416
52.355 2.35522 3.66134 3.02109 1.48816 -1.82651 -3.42958 -3.18095 -3.00644 -2.57387 -2.40116 -2.49324 -1.88514 -0.749696 0.54232 1.77014 3.03224 4.29344 4.37111 3.22805 3.9658 4.12966 1.45475 -0.743007
52.405 3.37238 5.04891 4.3263 2.42108 -1.42282 -3.21695 -3.07589 -3.10963 -2.79388 -2.54476 -2.50858 -1.89894 -0.935019 0.106958 1.23222 2.44473 3.66142 3.89318 2.98795 4.19465 4.97789 2.46687 0.110467
52.455 4.15416 6.24534 5.5453 3.32325 -0.848505 -2.7259 -2.75349 -3.13969 -3.02807 -2.71363 -2.55659 -1.94294 -1.10378 -0.238667 0.788146 1.89113 2.99541 3.33385 2.64432 4.27109 5.63775 3.38675 0.97485
52.505 4.76619 7.09775 6.47672 4.1583 -0.0991967 -1.99255 -2.21749 -3.05618 -3.23755 -2.88689 -2.63985 -2.02881 -1.26998 -0.508301 0.439507 1.39801 2.33109 2.72104 2.22182 4.20972 6.09605 4.1755 1.80484
52.555 5.23257 7.65215 7.06467 4.88107 0.835896 -1.03182 -1.50224 -2.86857 -3.408 -3.05504 -2.76068 -2.1627 -1.44675 -0.728216 0.164088 0.967257 1.6953 2.08996 1.75427 4.02731 6.35573 4.8176 2.57086
52.605 5.54138 7.95761 7.34743 5.48283 1.97642 0.210394 -0.619933 -2.61081 -3.52976 -3.20496 -2.91257 -2.34114 -1.63924 -0.921197 -0.0634354 0.590968 1.10596 1.47298 1.2745 3.74387 6.43023 5.3074 3.2498
52.655 5.69971 8.04813 7.36073 5.93867 3.26703 1.68749 0.369177 -2.29574 -3.55705 -3.29425 -3.06837 -2.54748 -1.84176 -1.09989 -0.261554 0.260731 0.57431 0.896135 0.811306 3.39311 6.35085 5.64354 3.81679
52.705 5.65717 7.90809 7.1701 6.24996 4.58986 3.25857 1.37598 -1.90745 -3.42854 -3.27015 -3.19838 -2.76804 -2.05021 -1.27516 -0.446594 -0.0352036 0.0993571 0.369551 0.378069 3.00724 6.15802 5.83792 4.26218
52.755 5.44776 7.52059 6.78371 6.381 5.80395 4.75624 2.34363 -1.39474 -3.0769 -3.0717 -3.26571 -2.98962 -2.26295 -1.45911 -0.635935 -0.31359 -0.332577 -0.113902 -0.0295981 2.60072 5.87904 5.90728 4.59319
52.805 5.12372 6.91187 6.19865 6.28134 6.76959 6.0468 3.25587 -0.72861 -2.49316 -2.6706 -3.22679 -3.18405 -2.46891 -1.65759 -0.843295 -0.591059 -0.739961 -0.569417 -0.423836 2.17588 5.5263 5.86227 4.81861
52.855 4.70531 6.10886 5.41178 5.90473 7.38886 7.04346 4.11474 0.133407 -1.65972 -2.06471 -3.07438 -3.33761 -2.66168 -1.87456 -1.07759 -0.878562 -1.13589 -1.00806 -0.812651 1.73524 5.10885 5.70861 4.94049
52.905 4.15969 5.11646 4.42503 5.2469 7.63641 7.7256 4.92818 1.22435 -0.553765 -1.28003 -2.83612 -3.43599 -2.82415 -2.10046 -1.33508 -1.17445 -1.51965 -1.42646 -1.18748 1.30158 4.66001 5.46526 4.95542
52.955 3.407 3.90108 3.22673 4.33034 7.57675 8.16042 5.67498 2.4634 0.744296 -0.396724 -2.52825 -3.43315 -2.9128 -2.30955 -1.60347 -1.47097 -1.88674 -1.81943 -1.53856 0.89814 4.22027 5.16743 4.87406
53.005 2.42936 2.47004 1.84558 3.23495 7.30452 8.39681 6.29241 3.71219 2.10829 0.507446 -2.13706 -3.27159 -2.87711 -2.47655 -1.8762 -1.76575 -2.23958 -2.19128 -1.86911 0.525366 3.80257 4.8421 4.72075
53.055 1.36356 0.925175 0.383899 2.1021 6.86166 8.35897 6.70788 4.89686 3.45388 1.4016 -1.63999 -2.91936 -2.6775 -2.57211 -2.14416 -2.05752 -2.58623 -2.5572 -2.19874 0.154759 3.37776 4.48454 4.51419
53.105 0.310368 -0.646286 -1.10166 0.941092 6.24897 8.05936 6.88405 5.91622 4.69187 2.27966 -1.00415 -2.35974 -2.28865 -2.56397 -2.38633 -2.33753 -2.93024 -2.93055 -2.5472 -0.246272 2.90416 4.06927 4.25443
53.155 -0.678923 -2.10883 -2.4856 -0.193582 5.4807 7.51217 6.78834 6.65148 5.6976 3.13768 -0.141861 -1.51225 -1.68292 -2.45644 -2.5979 -2.60236 -3.27068 -3.31042 -2.9119 -0.677291 2.37867 3.58954 3.93344
53.205 -1.5713 -3.37829 -3.66827 -1.21986 4.60347 6.73953 6.40916 7.03214 6.41318 3.96501 0.958478 -0.3741 -0.895677 -2.27358 -2.75982 -2.8318 -3.58839 -3.67624 -3.26798 -1.10457 1.84375 3.07663 3.55837
53.255 -2.34802 -4.42821 -4.60038 -2.08031 3.66161 5.79342 5.78894 7.08831 6.85625 4.69862 2.1739 0.936109 -0.0170079 -2.02945 -2.83763 -2.99382 -3.85903 -4.00722 -3.59314 -1.49874 1.33915 2.5701 3.15412
53.305 -2.99179 -5.23886 -5.25742 -2.76137 2.67836 4.73646 5.02062 6.89305 7.04135 5.27989 3.37974 2.28261 0.86975 -1.72281 -2.79935 -3.06425 -4.07304 -4.29895 -3.88004 -1.84948 0.881086 2.09573 2.74953
53.355 -3.50364 -5.84619 -5.70743 -3.32272 1.66136 3.58747 4.15749 6.52187 7.01367 5.6974 4.50415 3.57739 1.72462 -1.32911 -2.60663 -3.0186 -4.22977 -4.56153 -4.13772 -2.17047 0.452015 1.64795 2.35752
53.405 -3.89946 -6.28245 -5.99915 -3.79971 0.596758 2.33622 3.21981 6.03221 6.81798 5.9396 5.48731 4.75959 2.53761 -0.814851 -2.22482 -2.82648 -4.31634 -4.79863 -4.37596 -2.48392 0.0172606 1.19887 1.97108
53.455 -4.20012 -6.51185 -6.09586 -4.16418 -0.514028 0.992758 2.23504 5.46352 6.47757 5.98372 6.25889 5.76712 3.30935 -0.162749 -1.6504 -2.46713 -4.30174 -4.9941 -4.59342 -2.80696 -0.458265 0.712042 1.56822
53.505 -4.38119 -6.50634 -5.9784 -4.39443 -1.63172 -0.416782 1.20538 4.81598 6.0083 5.83447 6.77889 6.55069 4.04537 0.669379 -0.843674 -1.91913 -4.17756 -5.14009 -4.78411 -3.14213 -0.987294 0.16739 1.12749
53.555 -4.42432 -6.27115 -5.66395 -4.4785 -2.67231 -1.77578 0.188832 4.07839 5.39658 5.50037 7.03223 7.09159 4.74186 1.68308 0.191206 -1.21163 -3.95816 -5.21527 -4.92064 -3.45938 -1.53735 -0.412417 0.65161
53.605 -4.32573 -5.85379 -5.20443 -4.42672 -3.54885 -2.9488 -0.73722 3.25185 4.62959 4.99253 7.03494 7.39942 5.36477 2.80284 1.37507 -0.409136 -3.65023 -5.18629 -4.9699 -3.72605 -2.07194 -0.994707 0.156881
53.655 -4.10452 -5.32476 -4.66797 -4.27032 -4.20063 -3.8479 -1.53672 2.3304 3.69971 4.32852 6.82577 7.49431 5.87271 3.93902 2.62182 0.43934 -3.24674 -5.02634 -4.90982 -3.92745 -2.57496 -1.55906 -0.34301
53.705 -3.79978 -4.75502 -4.12008 -4.04973 -4.61556 -4.46883 -2.22228 1.32523 2.63623 3.55847 6.45342 7.3866 6.21717 5.00568 3.85581 1.30445 -2.7316 -4.71469 -4.72431 -4.06161 -3.04463 -2.09215 -0.839613
53.755 -3.45968 -4.2066 -3.61813 -3.80767 -4.82181 -4.83896 -2.79685 0.267367 1.47771 2.72264 5.95474 7.09217 6.36471 5.92969 5.0086 2.16969 -2.08348 -4.23273 -4.39511 -4.12103 -3.48237 -2.58912 -1.33305
53.805 -3.12543 -3.72065 -3.19599 -3.56626 -4.84095 -4.96875 -3.24094 -0.790422 0.283107 1.84629 5.33334 6.61959 6.30565 6.65959 6.01938 3.02218 -1.28439 -3.56689 -3.91215 -4.00583 -3.83875 -3.11879 -1.8561
53.855 -2.82365 -3.31678 -2.8664 -3.3376 -4.70726 -4.89244 -3.5404 -1.76638 -0.838436 0.988468 4.58999 5.9579 6.02567 7.14431 6.83494 3.85097 -0.323049 -2.69907 -3.25116 -3.68402 -4.0714 -3.66622 -2.40772
53.905 -2.5701 -3.00107 -2.62936 -3.1323 -4.46567 -4.65828 -3.68957 -2.58246 -1.79082 0.200008 3.73173 5.09987 5.51966 7.35896 7.43562 4.63933 0.765024 -1.66142 -2.43754 -3.20521 -4.16635 -4.13574 -2.92468
53.955 -2.36937 -2.76644 -2.47063 -2.9529 -4.15948 -4.32074 -3.70103 -3.18413 -2.52328 -0.504061 2.77843 4.07644 4.83402 7.32438 7.80883 5.33855 1.89813 -0.530551 -1.54431 -2.63988 -4.11835 -4.45094 -3.34524
54.005 -2.214 -2.59405 -2.3653 -2.79552 -3.83014 -3.94186 -3.61467 -3.57225 -3.04606 -1.12467 1.77968 2.96872 4.06693 7.09959 7.94715 5.8841 2.98186 0.606838 -0.651993 -2.04878 -3.93518 -4.58165 -3.63665
54.055 -2.09083 -2.46234 -2.28977 -2.65804 -3.517 -3.58167 -3.47778 -3.77221 -3.3661 -1.64138 0.789046 1.84946 3.28049 6.72848 7.8694 6.25197 3.96323 1.69578 0.189297 -1.46576 -3.63081 -4.53244 -3.79438
54.105 -1.98816 -2.35356 -2.22702 -2.53952 -3.24796 -3.28105 -3.3245 -3.81397 -3.49799 -2.0408 -0.131312 0.814163 2.53425 6.23496 7.59115 6.43818 4.80923 2.7037 0.964117 -0.895664 -3.21726 -4.32284 -3.8271
54.155 -1.89498 -2.25233 -2.1642 -2.43789 -3.03831 -3.06204 -3.18084 -3.73822 -3.47547 -2.3243 -0.936839 -0.0701252 1.87179 5.64201 7.12179 6.42617 5.51938 3.6471 1.67781 -0.341376 -2.72011 -3.98365 -3.74645
54.205 -1.80042 -2.14376 -2.08961 -2.34758 -2.89067 -2.92803 -3.06177 -3.58499 -3.33834 -2.49726 -1.60126 -0.786553 1.2955 4.96199 6.46868 6.20139 6.10156 4.55709 2.35671 0.206706 -2.16497 -3.54849 -3.56665
54.255 -1.69199 -2.00884 -1.9873 -2.25607 -2.79675 -2.86888 -2.9724 -3.39003 -3.12857 -2.57034 -2.10359 -1.33375 0.783238 4.18876 5.62981 5.74981 6.55706 5.45741 3.03241 0.765326 -1.5705 -3.04575 -3.30147
54.305 -1.55145 -1.8148 -1.82814 -2.13954 -2.74243 -2.87155 -2.91376 -3.18455 -2.887 -2.56196 -2.44217 -1.73351 0.31004 3.34458 4.66103 5.14474 6.83815 6.26557 3.70787 1.36214 -0.936628 -2.50033 -2.97156
54.355 -1.34604 -1.48885 -1.5466 -1.94909 -2.71361 -2.93616 -2.8954 -3.00346 -2.65929 -2.50576 -2.6425 -2.01298 -0.119413 2.49286 3.67153 4.52263 6.8931 6.83567 4.3373 2.02604 -0.235857 -1.92668 -2.603
54.405 -1.04203 -0.913314 -1.03786 -1.59954 -2.68903 -3.07892 -2.93809 -2.88446 -2.48939 -2.43748 -2.73053 -2.17896 -0.492979 1.67734 2.73654 3.93677 6.74617 7.11571 4.84576 2.75871 0.570695 -1.31433 -2.20259
54.455 -0.610097 -0.147591 -0.375818 -1.10161 -2.60796 -3.25078 -3.02521 -2.84181 -2.40611 -2.39073 -2.74187 -2.25059 -0.811821 0.93423 1.92934 3.41858 6.4183 7.08228 5.14674 3.54703 1.53282 -0.634383 -1.76015
54.505 0.0694374 0.771757 0.394383 -0.496205 -2.4574 -3.40513 -3.13334 -2.87531 -2.42101 -2.39008 -2.71393 -2.25467 -1.07775 0.283251 1.27774 2.96766 5.92208 6.73629 5.16189 4.35169 2.68533 0.150084 -1.24945
54.555 1.01563 1.94037 1.40865 0.272426 -2.26227 -3.53638 -3.25537 -2.98404 -2.5347 -2.44818 -2.67809 -2.21902 -1.28911 -0.266294 0.761311 2.55004 5.27682 6.13331 4.91336 4.93363 3.94381 1.18798 -0.588957
54.605 2.09142 3.30366 2.65849 1.18831 -1.99257 -3.56804 -3.32859 -3.12902 -2.72227 -2.55898 -2.65503 -2.17095 -1.45087 -0.720899 0.312935 2.10315 4.52189 5.36516 4.46076 5.18301 5.13674 2.43053 0.238274
54.655 3.15225 4.71755 3.99326 2.15841 -1.59447 -3.39427 -3.25977 -3.24975 -2.94532 -2.70307 -2.65466 -2.135 -1.5777 -1.0929 -0.111429 1.59992 3.70668 4.52117 3.88349 5.1898 6.10646 3.65958 1.16212
54.705 3.99365 6.00823 5.28573 3.10707 -1.02728 -2.94131 -2.97367 -3.2953 -3.17568 -2.86548 -2.68536 -2.13277 -1.68569 -1.37762 -0.481337 1.07798 2.87777 3.66595 3.24514 5.01272 6.76539 4.73128 2.11159
54.755 4.64343 6.95492 6.32451 3.99948 -0.28085 -2.22528 -2.4561 -3.22223 -3.38006 -3.02923 -2.7508 -2.17885 -1.79109 -1.57883 -0.767003 0.578831 2.06936 2.83876 2.59179 4.69966 7.10911 5.57827 3.01753
54.805 5.14416 7.58536 7.00773 4.77812 0.645129 -1.28328 -1.74702 -3.03365 -3.54319 -3.1862 -2.85366 -2.28017 -1.9083 -1.71575 -0.96711 0.128638 1.30036 2.04786 1.94487 4.29641 7.19214 6.18771 3.82567
54.855 5.48656 7.94646 7.3692 5.43396 1.77718 -0.059404 -0.858683 -2.76961 -3.66769 -3.33363 -2.99268 -2.43429 -2.04433 -1.81186 -1.09828 -0.259247 0.586193 1.28789 1.3049 3.83909 7.08414 6.57409 4.50089
54.905 5.67553 8.08602 7.44142 5.93747 3.07706 1.42571 0.157707 -2.45387 -3.71955 -3.4378 -3.14328 -2.62185 -2.19342 -1.88522 -1.18363 -0.586463 -0.0561437 0.580911 0.69387 3.35462 6.83844 6.76074 5.02064
54.955 5.67601 7.99296 7.29089 6.29295 4.43209 3.03999 1.21124 -2.08033 -3.64415 -3.45089 -3.27514 -2.82323 -2.34859 -1.95147 -1.24725 -0.863032 -0.622799 -0.0619351 0.127545 2.86916 6.50656 6.78296 5.37995
55.005 5.49315 7.65047 6.94146 6.46997 5.70833 4.61946 2.2343 -1.60043 -3.36876 -3.31315 -3.35598 -3.02484 -2.5072 -2.02588 -1.31195 -1.10504 -1.12418 -0.646477 -0.396836 2.38946 6.11996 6.67796 5.5941
55.055 5.18496 7.08168 6.39797 6.43477 6.76812 6.00954 3.19338 -0.96535 -2.84702 -2.97381 -3.34439 -3.20599 -2.66206 -2.11791 -1.39497 -1.32921 -1.57692 -1.18594 -0.889824 1.91046 5.68991 6.47202 5.68289
55.105 4.78133 6.31478 5.65453 6.13319 7.51004 7.13504 4.09417 -0.162531 -2.09628 -2.43239 -3.21241 -3.34143 -2.80147 -2.23095 -1.50736 -1.5497 -1.99847 -1.69543 -1.36372 1.42327 5.21655 6.17913 5.66169
55.155 4.26999 5.36502 4.71273 5.54606 7.87378 7.93583 4.93967 0.853837 -1.08592 -1.69699 -2.97652 -3.4266 -2.92043 -2.36595 -1.65377 -1.77345 -2.39647 -2.17829 -1.81698 0.936776 4.71408 5.81445 5.53872
55.205 3.57703 4.20435 3.55995 4.68322 7.89316 8.45155 5.72675 2.06122 0.160238 -0.823175 -2.66597 -3.43456 -2.99055 -2.50551 -1.82642 -1.998 -2.77116 -2.63098 -2.23767 0.478912 4.22173 5.41069 5.32764
55.255 2.64593 2.81301 2.20235 3.60235 7.66058 8.74941 6.40811 3.33957 1.53387 0.105524 -2.2816 -3.31011 -2.96195 -2.62109 -2.01316 -2.21851 -3.12676 -3.05901 -2.62634 0.0610262 3.76493 5.00016 5.05487
55.305 1.58691 1.28089 0.738635 2.45223 7.24301 8.78135 6.90161 4.58818 2.93096 1.03599 -1.80095 -3.00364 -2.78387 -2.6783 -2.19886 -2.42896 -3.47263 -3.48081 -3.00475 -0.340732 3.32576 4.58574 4.74316
55.355 0.519253 -0.305981 -0.768131 1.2743 6.64537 8.52636 7.16015 5.71709 4.26539 1.95383 -1.19798 -2.49721 -2.42221 -2.63309 -2.35341 -2.61583 -3.81143 -3.91337 -3.40139 -0.769106 2.85395 4.13951 4.39695
55.405 -0.494547 -1.81744 -2.20765 0.100297 5.87693 8.0068 7.13854 6.59539 5.41187 2.85015 -0.400104 -1.73074 -1.84992 -2.47437 -2.46537 -2.78361 -4.13195 -4.3376 -3.80857 -1.24454 2.30127 3.63102 4.0094
55.455 -1.41712 -3.14751 -3.46161 -0.982824 4.98058 7.24077 6.81855 7.11976 6.27388 3.72635 0.641681 -0.679758 -1.09299 -2.22312 -2.51618 -2.91468 -4.42122 -4.73552 -4.1972 -1.73193 1.6983 3.07347 3.57832
55.505 -2.22416 -4.26382 -4.47897 -1.91562 4.00731 6.27558 6.22587 7.29399 6.85715 4.53332 1.82909 0.548534 -0.245174 -1.89537 -2.46497 -2.97202 -4.65577 -5.08725 -4.542 -2.19492 1.08833 2.50028 3.12055
55.555 -2.90039 -5.13813 -5.21437 -2.66498 2.97547 5.16944 5.43978 7.18844 7.18765 5.20238 3.01692 1.80424 0.597528 -1.49447 -2.27493 -2.92019 -4.8159 -5.38253 -4.8332 -2.61926 0.489347 1.93134 2.65766
55.605 -3.43922 -5.79869 -5.72665 -3.28259 1.91092 3.96777 4.54288 6.8759 7.28068 5.70263 4.12446 2.99933 1.39842 -1.01914 -1.94286 -2.73775 -4.87241 -5.6079 -5.07402 -3.01752 -0.123765 1.34108 2.18677
55.655 -3.85468 -6.27814 -6.06549 -3.80357 0.808646 2.67176 3.56962 6.42273 7.17785 6.01185 5.07744 4.06704 2.16289 -0.419665 -1.43391 -2.39939 -4.81063 -5.76113 -5.2708 -3.40293 -0.781232 0.684376 1.67869
55.705 -4.17531 -6.56016 -6.22026 -4.22059 -0.3416 1.28688 2.55048 5.86962 6.89882 6.10411 5.80889 4.95636 2.90834 0.362351 -0.701552 -1.90031 -4.64667 -5.84204 -5.41493 -3.759 -1.46311 -0.0386756 1.11626
55.755 -4.38145 -6.61095 -6.16297 -4.51297 -1.51989 -0.183588 1.47465 5.21837 6.46519 5.9901 6.29934 5.65962 3.63493 1.30589 0.224552 -1.27423 -4.3915 -5.83045 -5.483 -4.05506 -2.12141 -0.789528 0.507042
55.805 -4.4551 -6.4239 -5.89412 -4.65362 -2.64124 -1.63752 0.390785 4.46839 5.88212 5.69259 6.55339 6.17197 4.30902 2.33756 1.27365 -0.563232 -4.04969 -5.71103 -5.45886 -4.26958 -2.71321 -1.5195 -0.123279
55.855 -4.38853 -6.03791 -5.45782 -4.64193 -3.60982 -2.93386 -0.615938 3.63477 5.15072 5.23063 6.58651 6.4887 4.88888 3.37985 2.37635 0.19804 -3.62694 -5.48199 -5.33956 -4.39592 -3.2144 -2.19051 -0.744805
55.905 -4.19404 -5.5221 -4.92366 -4.50759 -4.35433 -3.9641 -1.49146 2.7184 4.26233 4.61384 6.42823 6.62474 5.35029 4.3768 3.48283 0.987831 -3.12682 -5.1468 -5.12818 -4.43713 -3.61885 -2.78308 -1.33626
55.955 -3.90615 -4.94969 -4.36077 -4.29075 -4.83904 -4.68317 -2.23124 1.71436 3.21811 3.86466 6.11819 6.60167 5.67668 5.28356 4.55091 1.78869 -2.54864 -4.70665 -4.82624 -4.39894 -3.92961 -3.28793 -1.88302
56.005 -3.57052 -4.38464 -3.82903 -4.03599 -5.08587 -5.11661 -2.8451 0.649943 2.05919 3.03728 5.70088 6.43397 5.84742 6.0496 5.52688 2.57795 -1.88716 -4.15844 -4.43171 -4.28966 -4.15614 -3.69872 -2.37221
56.055 -3.23182 -3.87533 -3.37201 -3.77661 -5.12822 -5.28423 -3.31919 -0.435957 0.823997 2.15651 5.19253 6.13679 5.86467 6.64485 6.36529 3.34373 -1.12485 -3.49079 -3.93434 -4.11804 -4.31666 -4.01526 -2.79781
56.105 -2.92112 -3.44668 -3.00775 -3.5267 -5.00011 -5.21972 -3.64075 -1.46858 -0.389859 1.27176 4.58843 5.7002 5.72746 7.04459 7.02411 4.07662 -0.240502 -2.68174 -3.30819 -3.83979 -4.42044 -4.28641 -3.17581
56.155 -2.6558 -3.10679 -2.73892 -3.29831 -4.75122 -4.98239 -3.81444 -2.3736 -1.47543 0.442426 3.88594 5.10444 5.42221 7.22512 7.47188 4.76098 0.775738 -1.71018 -2.5402 -3.37521 -4.42332 -4.57758 -3.54244
56.205 -2.44185 -2.85066 -2.55459 -3.09783 -4.43056 -4.6338 -3.85648 -3.0942 -2.35965 -0.301303 3.0813 4.33497 4.93886 7.18319 7.70544 5.37003 1.89403 -0.581038 -1.63424 -2.77349 -4.32723 -4.8208 -3.86734
56.255 -2.27471 -2.66205 -2.43207 -2.92289 -4.07968 -4.23239 -3.79516 -3.60152 -3.01997 -0.962342 2.18971 3.42098 4.31497 6.94639 7.72639 5.84878 3.02966 0.645236 -0.646429 -2.09378 -4.12463 -4.94999 -4.1101
56.305 -2.14197 -2.5188 -2.34518 -2.7685 -3.73592 -3.8355 -3.67197 -3.90941 -3.47078 -1.53847 1.25475 2.42974 3.6185 6.55805 7.54389 6.14349 4.08405 1.88242 0.349486 -1.38746 -3.80805 -4.92487 -4.24286
56.355 -2.03103 -2.40157 -2.27436 -2.63314 -3.43067 -3.48989 -3.52332 -4.0412 -3.71726 -2.00828 0.332156 1.44009 2.90289 6.04051 7.17392 6.23794 4.99287 3.06046 1.3008 -0.681613 -3.37185 -4.73142 -4.25525
56.405 -1.93166 -2.29529 -2.2066 -2.51615 -3.18401 -3.22443 -3.37601 -4.03043 -3.78265 -2.35983 -0.509923 0.55597 2.23257 5.40381 6.61253 6.11488 5.72794 4.15198 2.18236 0.0115923 -2.82083 -4.37546 -4.14705
56.455 -1.83407 -2.1863 -2.13167 -2.41521 -3.00476 -3.05114 -3.2497 -3.91736 -3.70271 -2.58729 -1.21792 -0.164316 1.63851 4.66119 5.86382 5.7781 6.27078 5.13501 2.99487 0.702485 -2.16231 -3.87811 -3.92692
56.505 -1.72755 -2.05838 -2.03666 -2.32142 -2.88859 -2.96397 -3.1516 -3.73786 -3.51718 -2.69373 -1.76647 -0.739267 1.09584 3.84755 4.98647 5.2952 6.60009 5.94995 3.72624 1.40175 -1.40974 -3.27183 -3.61015
56.555 -1.59584 -1.88366 -1.89677 -2.21392 -2.82119 -2.9481 -3.08359 -3.52873 -3.27609 -2.70494 -2.16151 -1.20656 0.585273 3.01556 4.06691 4.75966 6.72273 6.53652 4.34474 2.1106 -0.581869 -2.59676 -3.21957
56.605 -1.41006 -1.60323 -1.65903 -2.05216 -2.78708 -2.99733 -3.05391 -3.33066 -3.03401 -2.65846 -2.41529 -1.56353 0.121493 2.21478 3.18589 4.23214 6.64748 6.85098 4.81391 2.84685 0.337917 -1.87089 -2.77396
56.655 -1.1319 -1.10093 -1.21947 -1.75664 -2.76883 -3.12524 -3.08245 -3.18541 -2.84065 -2.59354 -2.54964 -1.80454 -0.282395 1.48725 2.42648 3.75763 6.38253 6.85864 5.07173 3.61899 1.39197 -1.08548 -2.27731
56.705 -0.740148 -0.369452 -0.585325 -1.29585 -2.71318 -3.30535 -3.1679 -3.12018 -2.73427 -2.54997 -2.60175 -1.94058 -0.616265 0.85819 1.82824 3.35151 5.94368 6.55875 5.06756 4.35361 2.59817 -0.177301 -1.70356
56.755 -0.134363 0.49868 0.139081 -0.730797 -2.58165 -3.4703 -3.27746 -3.13354 -2.72718 -2.5525 -2.60905 -1.99573 -0.87364 0.337438 1.36891 2.98434 5.36663 6.02364 4.8358 4.82053 3.84901 0.968922 -0.990897
56.805 0.753427 1.60347 1.08299 -0.00838694 -2.3985 -3.61524 -3.40405 -3.22323 -2.81624 -2.6087 -2.60102 -2.00235 -1.06583 -0.0964886 0.959608 2.5785 4.68849 5.34607 4.43643 5.04478 5.01445 2.22711 -0.158299
56.855 1.81095 2.92784 2.27912 0.87343 -2.15119 -3.68079 -3.49572 -3.35526 -2.97845 -2.71391 -2.60326 -1.99891 -1.2176 -0.461116 0.562372 2.10933 3.95029 4.60712 3.9407 5.08454 5.97417 3.44823 0.75763
56.905 2.88644 4.3356 3.59348 1.82592 -1.79429 -3.56728 -3.46541 -3.47396 -3.18064 -2.85495 -2.63207 -2.01553 -1.35034 -0.756173 0.201191 1.60239 3.18321 3.85478 3.39248 4.96345 6.65363 4.53621 1.71778
56.955 3.79371 5.67156 4.88733 2.75994 -1.28481 -3.19326 -3.23511 -3.5297 -3.39734 -3.01911 -2.69468 -2.06792 -1.47732 -0.98197 -0.0958766 1.09873 2.41553 3.11126 2.81914 4.70797 7.03856 5.4307 2.66248
57.005 4.48277 6.69481 5.98937 3.65701 -0.598527 -2.55519 -2.77778 -3.47838 -3.59948 -3.19109 -2.79142 -2.16169 -1.60821 -1.14986 -0.320429 0.637794 1.67347 2.37616 2.23152 4.36284 7.17811 6.10394 3.52283
57.055 5.01887 7.39531 6.75563 4.46073 0.26827 -1.69166 -2.12388 -3.30867 -3.76385 -3.35739 -2.91959 -2.29749 -1.75198 -1.28201 -0.487751 0.232679 0.976771 1.65504 1.63373 3.95507 7.13189 6.5637 4.25928
57.105 5.39714 7.81666 7.19278 5.14994 1.35124 -0.542979 -1.27975 -3.05585 -3.89357 -3.51556 -3.0776 -2.47274 -1.91323 -1.39933 -0.62114 -0.12335 0.337725 0.970007 1.04556 3.49782 6.931 6.82538 4.85597
57.155 5.61792 8.01393 7.3343 5.69691 2.62802 0.89391 -0.284611 -2.74668 -3.95888 -3.63509 -3.24392 -2.67236 -2.08612 -1.51219 -0.736661 -0.43542 -0.23603 0.336061 0.486523 3.02031 6.62007 6.90911 5.29626
57.205 5.66247 7.97772 7.24152 6.10299 3.99125 2.4972 0.771435 -2.38047 -3.90644 -3.66881 -3.38949 -2.87989 -2.26279 -1.62594 -0.845711 -0.710592 -0.744765 -0.240115 -0.0312179 2.54922 6.24716 6.84843 5.57825
57.255 5.51161 7.69489 6.94919 6.33667 5.30684 4.10756 1.81387 -1.91871 -3.66831 -3.56127 -3.48658 -3.08676 -2.44135 -1.74767 -0.959349 -0.95997 -1.19904 -0.764629 -0.510445 2.09133 5.83982 6.67873 5.71963
57.305 5.22821 7.17895 6.46055 6.36577 6.42874 5.55278 2.79809 -1.30704 -3.18686 -3.25617 -3.49776 -3.27973 -2.61807 -1.88274 -1.08714 -1.19633 -1.61446 -1.25012 -0.961348 1.6406 5.40485 6.42413 5.74276
57.355 4.84726 6.45943 5.77089 6.13546 7.25177 6.75045 3.72374 -0.533796 -2.47567 -2.74549 -3.39184 -3.43644 -2.78291 -2.03211 -1.23552 -1.43134 -2.00758 -1.71152 -1.39664 1.18579 4.93748 6.09596 5.66502
57.405 4.36985 5.55951 4.88402 5.62036 7.69852 7.62262 4.58921 0.447077 -1.50381 -2.03047 -3.18002 -3.55487 -2.93409 -2.19752 -1.40818 -1.67175 -2.38637 -2.15331 -1.81734 0.729633 4.44422 5.70536 5.49597
57.455 3.7358 4.46333 3.79422 4.82746 7.7817 8.18534 5.39509 1.63878 -0.268462 -1.15194 -2.89708 -3.6203 -3.05304 -2.36634 -1.59835 -1.9151 -2.749 -2.56969 -2.21079 0.297472 3.96048 5.28249 5.24867
57.505 2.86777 3.13634 2.49481 3.79823 7.58941 8.51369 6.10538 2.93618 1.1352 -0.19268 -2.55509 -3.58726 -3.09844 -2.51364 -1.79334 -2.15503 -3.09466 -2.95979 -2.57162 -0.0938771 3.5169 4.86236 4.94888
57.555 1.83439 1.64315 1.06427 2.66389 7.20811 8.60258 6.64288 4.21748 2.58937 0.780227 -2.1317 -3.39769 -3.02283 -2.61612 -1.98507 -2.38888 -3.42942 -3.33322 -2.91056 -0.455551 3.1084 4.45681 4.62195
57.605 0.769163 0.0721167 -0.424382 1.50313 6.65065 8.40357 6.96462 5.41916 4.01048 1.7376 -1.59166 -3.00521 -2.78046 -2.64466 -2.16232 -2.61325 -3.76166 -3.70584 -3.24874 -0.818846 2.70002 4.0499 4.27805
57.655 -0.258819 -1.46784 -1.89171 0.319753 5.92111 7.95068 7.03366 6.4222 5.29569 2.66579 -0.911349 -2.40048 -2.34354 -2.55681 -2.29352 -2.81165 -4.09155 -4.08944 -3.60376 -1.21114 2.25898 3.62028 3.91445
57.705 -1.20588 -2.84665 -3.19678 -0.790233 5.0629 7.25995 6.81908 7.09528 6.30224 3.55296 -0.0211219 -1.53029 -1.69278 -2.34392 -2.36095 -2.97403 -4.42031 -4.48753 -3.97608 -1.63671 1.77612 3.1587 3.52473
57.755 -2.04145 -4.0154 -4.27253 -1.75827 4.12329 6.35834 6.31205 7.39473 6.99751 4.38508 1.08181 -0.397066 -0.869816 -2.03282 -2.34558 -3.08255 -4.73713 -4.88796 -4.34463 -2.06613 1.28355 2.68818 3.11659
57.805 -2.75147 -4.94184 -5.06063 -2.5344 3.12008 5.29489 5.57406 7.36826 7.40546 5.10667 2.28298 0.878238 0.0224924 -1.64208 -2.20532 -3.1 -5.02448 -5.28034 -4.69057 -2.46901 0.820237 2.24445 2.71314
57.855 -3.32031 -5.64185 -5.60573 -3.16355 2.08036 4.12693 4.70333 7.09502 7.54422 5.6739 3.47633 2.16993 0.902786 -1.16913 -1.89802 -2.98387 -5.26253 -5.66353 -5.01645 -2.85044 0.385419 1.83769 2.33154
57.905 -3.76078 -6.15083 -5.96237 -3.68657 1.00312 2.8632 3.74438 6.65385 7.46227 6.05494 4.56521 3.38823 1.74269 -0.598504 -1.40404 -2.69071 -5.40483 -6.02329 -5.33574 -3.25241 -0.0699726 1.44093 1.96555
57.955 -4.1031 -6.4752 -6.14488 -4.1039 -0.106877 1.52436 2.7453 6.10223 7.1821 6.20702 5.45484 4.45181 2.54786 0.127561 -0.682955 -2.19156 -5.42793 -6.34644 -5.6475 -3.70603 -0.590259 1.02701 1.59752
58.005 -4.33712 -6.57106 -6.11492 -4.39257 -1.24124 0.111526 1.70411 5.45561 6.73073 6.12625 6.09583 5.32495 3.33416 1.03173 0.256867 -1.52684 -5.33562 -6.59527 -5.91774 -4.20072 -1.17625 0.600524 1.22117
58.055 -4.44136 -6.42821 -5.87266 -4.53108 -2.32496 -1.29047 0.656347 4.7129 6.12224 5.83748 6.48457 6.00319 4.08382 2.05484 1.33297 -0.769292 -5.12666 -6.72392 -6.10522 -4.7118 -1.80917 0.18613 0.84338
58.105 -4.40446 -6.07711 -5.45649 -4.51803 -3.26264 -2.53747 -0.310929 3.89018 5.36579 5.37101 6.63628 6.4808 4.75225 3.10742 2.4518 0.0326058 -4.80134 -6.72385 -6.20935 -5.19643 -2.44177 -0.202708 0.471004
58.155 -4.23375 -5.58222 -4.932 -4.37966 -3.97982 -3.51318 -1.13398 2.99654 4.46519 4.75414 6.58604 6.76602 5.30203 4.11567 3.54994 0.883623 -4.35262 -6.65032 -6.37191 -5.55011 -2.87358 -0.621706 0.071682
58.205 -3.96025 -5.01686 -4.36839 -4.15539 -4.4428 -4.17646 -1.80795 2.03311 3.43246 4.02642 6.38539 6.88119 5.71002 5.02176 4.57225 1.78927 -3.74251 -6.50929 -6.65503 -5.82108 -3.04817 -1.0458 -0.34707
58.255 -3.62948 -4.44843 -3.82941 -3.89457 -4.68754 -4.58367 -2.37055 1.01733 2.30632 3.24642 6.08892 6.86172 5.98121 5.78799 5.44594 2.59557 -3.00516 -6.17502 -6.72015 -5.97213 -3.35254 -1.55988 -0.780863
58.305 -3.28824 -3.92892 -3.36163 -3.63316 -4.75146 -4.76819 -2.82682 -0.0262994 1.11327 2.42679 5.70048 6.7168 6.11867 6.40192 6.17663 3.32027 -2.17857 -5.61934 -6.50167 -5.98547 -3.73717 -2.13272 -1.23826
58.355 -2.97021 -3.48624 -2.98474 -3.3839 -4.65788 -4.74804 -3.15973 -1.02918 -0.0561949 1.60896 5.21047 6.43211 6.11885 6.85951 6.77498 3.972 -1.29761 -4.88294 -6.06177 -5.8706 -4.10308 -2.70035 -1.71238
58.405 -2.69598 -3.13196 -2.70395 -3.15791 -4.44632 -4.56399 -3.36269 -1.91693 -1.09691 0.854989 4.62724 5.99581 5.97239 7.15499 7.24036 4.56905 -0.375376 -4.03638 -5.49605 -5.65285 -4.37547 -3.20223 -2.17879
58.455 -2.47372 -2.8637 -2.51082 -2.96237 -4.16209 -4.26923 -3.44674 -2.64171 -1.94731 0.195247 3.95595 5.39872 5.66909 7.29137 7.57867 5.13355 0.59534 -3.11177 -4.85209 -5.35637 -4.54095 -3.61402 -2.61405
58.505 -2.30007 -2.66674 -2.38418 -2.7956 -3.84508 -3.9169 -3.43281 -3.17339 -2.58124 -0.377806 3.18777 4.629 5.20072 7.27188 7.79272 5.68951 1.63256 -2.12008 -4.14652 -4.99001 -4.60178 -3.93142 -3.00514
58.555 -2.16348 -2.51911 -2.29678 -2.64942 -3.52655 -3.55408 -3.34775 -3.51389 -3.02228 -0.892207 2.33663 3.72024 4.60643 7.09948 7.85035 6.22308 2.72354 -1.08169 -3.38793 -4.55347 -4.55795 -4.14963 -3.33783
58.605 -2.04989 -2.39922 -2.22546 -2.51799 -3.23411 -3.22425 -3.22515 -3.68981 -3.29679 -1.3479 1.44274 2.73656 3.9483 6.79367 7.73867 6.64388 3.79907 0.00881736 -2.57414 -4.04597 -4.41277 -4.26636 -3.59817
58.655 -1.94801 -2.29072 -2.15558 -2.39953 -2.98856 -2.95877 -3.09148 -3.72439 -3.4118 -1.72719 0.562316 1.76661 3.28236 6.36493 7.4526 6.84786 4.79289 1.17325 -1.69472 -3.46533 -4.17217 -4.28488 -3.77886
58.705 -1.8482 -2.18007 -2.07681 -2.29216 -2.80099 -2.77415 -2.96735 -3.64893 -3.38786 -2.0184 -0.243426 0.90172 2.6563 5.8122 6.9747 6.79684 5.66133 2.39555 -0.75325 -2.81245 -3.84025 -4.2076 -3.87556
58.755 -1.74021 -2.05259 -1.9785 -2.19077 -2.67313 -2.67332 -2.86745 -3.49905 -3.2551 -2.2121 -0.928024 0.18418 2.08496 5.13971 6.30034 6.47464 6.36741 3.65114 0.246497 -2.08621 -3.41794 -4.03552 -3.88617
58.805 -1.6103 -1.88591 -1.84217 -2.08125 -2.59673 -2.64724 -2.79717 -3.30714 -3.04772 -2.3055 -1.46129 -0.390132 1.54593 4.35689 5.44735 5.9064 6.8775 4.8776 1.28376 -1.29152 -2.90547 -3.76671 -3.80691
58.855 -1.43638 -1.6352 -1.62781 -1.93238 -2.55783 -2.68602 -2.75911 -3.10429 -2.80489 -2.31265 -1.84239 -0.852483 1.0289 3.53254 4.53653 5.26982 7.08859 5.84883 2.32153 -0.38869 -2.2729 -3.40517 -3.65024
58.905 -1.18247 -1.19978 -1.24397 -1.67576 -2.54193 -2.79882 -2.76996 -2.93235 -2.5789 -2.27086 -2.09085 -1.20754 0.567292 2.76445 3.72426 4.74394 6.95781 6.32656 3.20745 0.667008 -1.40932 -2.92252 -3.4303
58.955 -0.828008 -0.511577 -0.63395 -1.24324 -2.50823 -2.98132 -2.84163 -2.82967 -2.4202 -2.2246 -2.23748 -1.46205 0.162647 2.08752 3.08427 4.32634 6.59451 6.34615 3.75194 1.79671 -0.262269 -2.27676 -3.12033
59.005 -0.2972 0.313475 0.0687852 -0.699296 -2.39979 -3.15811 -2.94109 -2.80337 -2.35693 -2.20984 -2.31472 -1.62411 -0.184308 1.50043 2.60232 3.96819 6.05865 6.0124 3.91709 2.90104 1.11138 -1.46622 -2.69171
59.055 0.5172 1.34531 0.940767 -0.0262931 -2.23649 -3.31681 -3.06096 -2.85772 -2.39753 -2.24264 -2.3453 -1.70368 -0.466523 0.971112 2.15388 3.57919 5.43636 5.50939 3.84577 3.76355 2.50707 -0.467207 -2.10411
59.105 1.5417 2.61424 2.06542 0.804883 -2.02267 -3.42117 -3.16897 -2.97382 -2.52972 -2.32614 -2.35558 -1.73031 -0.690394 0.482409 1.66543 3.1147 4.78581 4.95153 3.6374 4.33275 3.78387 0.654441 -1.3577
59.155 2.62069 4.00604 3.34932 1.72959 -1.71684 -3.37759 -3.18507 -3.10027 -2.72126 -2.45101 -2.36996 -1.74177 -0.873169 0.0472566 1.16117 2.57821 4.11233 4.37998 3.34509 4.64079 4.85561 1.80298 -0.487475
59.205 3.59006 5.37167 4.64053 2.65146 -1.27038 -3.09193 -3.0236 -3.18339 -2.94146 -2.60527 -2.40708 -1.77029 -1.03307 -0.313714 0.701684 2.01197 3.4109 3.79098 2.9914 4.72749 5.67356 2.89443 0.449547
59.255 4.32363 6.48406 5.79818 3.53935 -0.648311 -2.52826 -2.63564 -3.17756 -3.16308 -2.77684 -2.47816 -1.83618 -1.18482 -0.59352 0.329035 1.4717 2.698 3.17355 2.58339 4.63988 6.23193 3.85995 1.38354
59.305 4.89686 7.25986 6.6447 4.35107 0.148419 -1.73775 -2.04545 -3.05374 -3.35094 -2.94726 -2.58511 -1.9491 -1.34254 -0.80767 0.0465899 0.992227 1.9966 2.5227 2.12273 4.42581 6.56522 4.66357 2.2584
59.355 5.31925 7.7461 7.15577 5.05194 1.14644 -0.695716 -1.27409 -2.83569 -3.50119 -3.11203 -2.72976 -2.11165 -1.51615 -0.981148 -0.168178 0.574676 1.33134 1.86669 1.6279 4.10821 6.69693 5.29376 3.04649
59.405 5.58471 8.0007 7.36422 5.62149 2.34834 0.632794 -0.344659 -2.55415 -3.59315 -3.24826 -2.89717 -2.31321 -1.70492 -1.1327 -0.338699 0.214705 0.718876 1.23012 1.12398 3.7208 6.65872 5.74379 3.7201
59.455 5.69227 8.03018 7.32352 6.05085 3.6695 2.15967 0.665524 -2.21385 -3.57425 -3.30836 -3.05733 -2.53563 -1.90173 -1.27398 -0.483925 -0.0946488 0.167772 0.630299 0.632555 3.30095 6.496 6.0221 4.25803
59.505 5.59547 7.82405 7.08577 6.32291 4.98578 3.73807 1.67457 -1.78823 -3.37941 -3.2369 -3.18063 -2.76744 -2.10409 -1.41685 -0.621748 -0.365489 -0.326134 0.0703384 0.160935 2.8698 6.24886 6.15335 4.66027
59.555 5.35156 7.37702 6.65266 6.40402 6.14418 5.18762 2.63343 -1.22257 -2.94802 -2.97425 -3.22633 -2.99273 -2.30867 -1.57218 -0.769831 -0.615925 -0.774503 -0.455453 -0.295335 2.42856 5.93355 6.16093 4.94066
59.605 5.00429 6.71682 6.01696 6.23442 7.02139 6.40525 3.53742 -0.497502 -2.28618 -2.50629 -3.15832 -3.18555 -2.50503 -1.745 -0.941543 -0.863557 -1.19214 -0.95452 -0.741906 1.96864 5.5477 6.05633 5.11184
59.655 4.56368 5.86989 5.18115 5.78137 7.53076 7.30732 4.38765 0.439705 -1.35977 -1.83253 -2.98474 -3.34086 -2.69034 -1.93904 -1.14457 -1.11833 -1.58554 -1.42579 -1.17378 1.49439 5.09573 5.84595 5.17615
59.705 3.98308 4.83294 4.14733 5.05246 7.67475 7.90095 5.18511 1.59328 -0.169535 -0.995493 -2.73773 -3.44078 -2.84412 -2.14177 -1.37368 -1.37874 -1.9497 -1.85673 -1.57154 1.03446 4.61176 5.5522 5.13401
59.755 3.18077 3.57042 2.90688 4.08192 7.53649 8.2618 5.89741 2.85909 1.18588 -0.0794824 -2.42916 -3.43985 -2.92552 -2.32974 -1.61845 -1.63965 -2.28075 -2.23993 -1.92316 0.610222 4.13052 5.20953 5.00189
59.805 2.17721 2.11483 1.50972 2.97112 7.20996 8.41926 6.4566 4.10393 2.58301 0.845715 -2.03899 -3.28267 -2.88978 -2.48313 -1.87521 -1.90132 -2.58248 -2.57916 -2.23244 0.217255 3.65545 4.83824 4.8052
59.855 1.11485 0.564663 0.0475099 1.83838 6.71865 8.29895 6.80949 5.27365 3.9455 1.75425 -1.53493 -2.92836 -2.69716 -2.57924 -2.13999 -2.16577 -2.86369 -2.88734 -2.51685 -0.171657 3.1536 4.42602 4.55857
59.905 0.0762955 -0.98858 -1.42121 0.67843 6.06234 7.93219 6.92582 6.26512 5.18777 2.64061 -0.893779 -2.37175 -2.32539 -2.58223 -2.38915 -2.42343 -3.12724 -3.17517 -2.7921 -0.578998 2.59041 3.94445 4.25768
59.955 -0.892481 -2.40835 -2.75917 -0.431409 5.2697 7.33502 6.78035 6.95812 6.17656 3.49609 -0.0421586 -1.55374 -1.75175 -2.487 -2.61266 -2.67044 -3.37649 -3.44691 -3.06031 -1.00112 1.96449 3.37886 3.8891
60.005 -1.75986 -3.62912 -3.88602 -1.41988 4.38188 6.52522 6.3565 7.30125 6.87417 4.31123 1.03602 -0.45726 -1.00124 -2.31699 -2.79506 -2.89182 -3.60297 -3.69354 -3.30637 -1.4054 1.32248 2.75717 3.45448
60.055 -2.50881 -4.6248 -4.7542 -2.23859 3.42602 5.54808 5.70097 7.32642 7.29835 5.03377 2.23651 0.815536 -0.15869 -2.08578 -2.89662 -3.0531 -3.78903 -3.90474 -3.51705 -1.7624 0.716681 2.1281 2.97892
60.105 -3.1211 -5.39052 -5.36973 -2.90132 2.42566 4.46174 4.90652 7.09968 7.45683 5.61414 3.45157 2.14083 0.698106 -1.78394 -2.8719 -3.12071 -3.92726 -4.08618 -3.69636 -2.06667 0.169609 1.52401 2.49285
60.155 -3.60288 -5.96329 -5.79691 -3.46373 1.37732 3.26921 4.00748 6.69279 7.40156 6.03307 4.59727 3.43047 1.53545 -1.38052 -2.67649 -3.06055 -4.0111 -4.25144 -3.86099 -2.33533 -0.33177 0.941364 2.00711
60.205 -3.97682 -6.36827 -6.07158 -3.94371 0.280267 1.97697 3.03803 6.15933 7.15714 6.2545 5.59527 4.62164 2.35297 -0.847597 -2.28974 -2.84182 -4.01748 -4.40043 -4.02224 -2.59299 -0.816812 0.355575 1.50914
60.255 -4.25273 -6.55781 -6.14379 -4.30874 -0.865282 0.589426 2.01488 5.53143 6.7457 6.25165 6.36312 5.63162 3.14815 -0.133051 -1.65587 -2.42193 -3.93373 -4.53654 -4.18693 -2.86252 -1.30711 -0.244337 0.98451
60.305 -4.40552 -6.5106 -6.00201 -4.53799 -2.00836 -0.850668 0.945098 4.80037 6.17394 6.02576 6.85459 6.4131 3.92794 0.803834 -0.730975 -1.78959 -3.76844 -4.65197 -4.34308 -3.13888 -1.78873 -0.831818 0.443723
60.355 -4.42139 -6.23806 -5.6635 -4.60987 -3.04617 -2.20359 -0.0935525 3.96852 5.43339 5.5843 7.05682 6.95417 4.66625 1.90841 0.423606 -1.00156 -3.53187 -4.71601 -4.4601 -3.3908 -2.22664 -1.36802 -0.0843213
60.405 -4.30079 -5.79373 -5.18331 -4.53353 -3.88248 -3.3267 -1.01832 3.04815 4.52529 4.95153 6.9946 7.25736 5.31186 3.08123 1.70479 -0.128474 -3.22843 -4.70169 -4.51417 -3.59533 -2.60119 -1.83242 -0.575926
60.455 -4.06506 -5.25032 -4.63328 -4.34635 -4.46172 -4.14405 -1.80133 2.04402 3.4646 4.17297 6.72272 7.33729 5.81625 4.2297 3.02027 0.776012 -2.85605 -4.59076 -4.49093 -3.74624 -2.91348 -2.22178 -1.01919
60.505 -3.75483 -4.67983 -4.08391 -4.1 -4.79515 -4.67383 -2.45569 0.984102 2.30279 3.32323 6.3079 7.21159 6.13497 5.27118 4.29065 1.67401 -2.40491 -4.3662 -4.37747 -3.84725 -3.17797 -2.54118 -1.41083
60.555 -3.41905 -4.14303 -3.59252 -3.8392 -4.91862 -4.94197 -2.97682 -0.096887 1.07705 2.43328 5.78498 6.91117 6.26001 6.15554 5.45642 2.54663 -1.85126 -4.0047 -4.1565 -3.90576 -3.41683 -2.79929 -1.7539
60.605 -3.09627 -3.67595 -3.18751 -3.58372 -4.86204 -4.97389 -3.35264 -1.13481 -0.13093 1.54185 5.15834 6.44699 6.19553 6.84827 6.46745 3.38655 -1.16934 -3.49131 -3.82282 -3.88213 -3.62149 -3.03887 -2.06873
60.655 -2.81092 -3.29498 -2.87865 -3.34759 -4.67006 -4.81861 -3.58204 -2.057 -1.21782 0.708948 4.43792 5.81946 5.94041 7.31328 7.27545 4.18475 -0.345979 -2.81488 -3.3648 -3.71229 -3.7569 -3.31367 -2.38951
60.705 -2.57482 -3.00146 -2.6607 -3.1398 -4.39096 -4.53298 -3.67618 -2.80967 -2.11502 -0.0330649 3.62759 5.02536 5.49445 7.53416 7.8623 4.93534 0.610849 -1.97545 -2.76877 -3.39955 -3.81614 -3.59482 -2.70733
60.755 -2.38834 -2.78372 -2.51466 -2.96002 -4.06693 -4.17276 -3.65603 -3.355 -2.78755 -0.682841 2.73236 4.07865 4.88516 7.52725 8.22768 5.61164 1.65064 -1.01766 -2.07912 -2.99374 -3.78267 -3.81028 -2.98556
60.805 -2.24205 -2.62121 -2.41436 -2.80257 -3.73517 -3.79386 -3.55782 -3.69886 -3.25318 -1.25031 1.7901 3.04625 4.19249 7.33497 8.36114 6.15569 2.70021 -0.00138356 -1.35995 -2.54922 -3.64952 -3.91104 -3.19315
60.855 -2.12237 -2.49258 -2.33716 -2.66456 -3.43004 -3.44867 -3.42314 -3.86898 -3.52756 -1.72389 0.845842 1.9934 3.47176 6.98859 8.26866 6.53219 3.71301 1.03847 -0.646412 -2.09316 -3.42269 -3.88728 -3.31829
60.905 -2.01816 -2.38124 -2.26787 -2.54481 -3.17482 -3.17111 -3.28024 -3.89222 -3.62535 -2.09297 -0.044851 1.00744 2.77333 6.50013 7.95477 6.7221 4.64755 2.08145 0.0666355 -1.61693 -3.10836 -3.74926 -3.36096
60.955 -1.91943 -2.27303 -2.19507 -2.44076 -2.98074 -2.97742 -3.14999 -3.80521 -3.57875 -2.35792 -0.833662 0.160165 2.13906 5.88236 7.41667 6.68747 5.48612 3.14546 0.791145 -1.11478 -2.71944 -3.51404 -3.32232
61.005 -1.81593 -2.15344 -2.10761 -2.3463 -2.84794 -2.86779 -3.04476 -3.64527 -3.42469 -2.51922 -1.48615 -0.525555 1.57196 5.14535 6.65729 6.39887 6.20406 4.23909 1.5496 -0.571583 -2.26654 -3.19905 -3.20591
61.055 -1.69517 -2.00245 -1.98858 -2.24765 -2.76663 -2.83047 -2.96766 -3.44503 -3.20068 -2.5809 -1.97686 -1.05642 1.04465 4.29629 5.69631 5.86118 6.76353 5.32882 2.34846 0.0235546 -1.75715 -2.81782 -3.01601
61.105 -1.53713 -1.78218 -1.80387 -2.11701 -2.7213 -2.85213 -2.91878 -3.23423 -2.94621 -2.56072 -2.30989 -1.46896 0.531118 3.37705 4.61505 5.16521 7.13073 6.31356 3.14313 0.649328 -1.21225 -2.3888 -2.76149
61.155 -1.30657 -1.40719 -1.47622 -1.89679 -2.69752 -2.93675 -2.91041 -3.04987 -2.70869 -2.49352 -2.50696 -1.77198 0.0534625 2.45358 3.51792 4.44005 7.26665 7.07394 3.90637 1.31871 -0.628088 -1.9304 -2.46323
61.205 -0.977591 -0.774404 -0.915401 -1.50564 -2.66778 -3.09624 -2.96238 -2.93083 -2.53417 -2.41777 -2.59297 -1.95944 -0.358811 1.59533 2.52275 3.80093 7.12488 7.47439 4.59489 2.09586 0.0707979 -1.42931 -2.13815
61.255 -0.504297 0.0168969 -0.236452 -0.985597 -2.57059 -3.26664 -3.04905 -2.88667 -2.44953 -2.36827 -2.60568 -2.05022 -0.707763 0.82802 1.68228 3.25673 6.7794 7.51777 5.08704 2.94617 0.929702 -0.854469 -1.77348
61.305 0.236285 0.982712 0.573391 -0.352371 -2.41315 -3.4211 -3.15705 -2.92047 -2.46541 -2.36779 -2.58148 -2.07045 -0.995816 0.157963 0.997041 2.78819 6.27434 7.23681 5.2932 3.8262 1.98804 -0.169329 -1.34316
61.355 1.22139 2.19792 1.63882 0.446191 -2.21179 -3.54353 -3.27193 -3.02691 -2.57972 -2.42811 -2.55358 -2.05228 -1.22704 -0.410853 0.447504 2.35767 5.61559 6.65531 5.15796 4.66277 3.25402 0.675896 -0.800742
61.405 2.30358 3.58129 2.91585 1.37569 -1.92748 -3.54783 -3.32362 -3.16281 -2.76595 -2.54289 -2.54395 -2.02519 -1.40772 -0.873152 0.00622899 1.92858 4.83279 5.86076 4.75816 5.14787 4.54906 1.81413 -0.0651146
61.455 3.33399 4.98816 4.25251 2.34389 -1.50318 -3.32838 -3.21903 -3.26826 -2.98636 -2.69192 -2.56004 -2.01046 -1.5492 -1.23991 -0.381188 1.4604 3.97649 4.95465 4.17912 5.27805 5.67327 3.07052 0.817908
61.505 4.12983 6.22046 5.51792 3.29119 -0.897839 -2.81996 -2.88729 -3.29075 -3.20997 -2.85702 -2.60666 -2.02734 -1.6685 -1.51877 -0.718028 0.969283 3.10261 4.02228 3.51025 5.17051 6.49573 4.22342 1.75349
61.555 4.75005 7.1053 6.49644 4.17217 -0.111165 -2.05633 -2.32787 -3.18789 -3.39892 -3.01794 -2.68578 -2.09114 -1.78399 -1.71699 -0.981176 0.491987 2.25113 3.11832 2.81407 4.89601 6.98413 5.16851 2.66884
61.605 5.2214 7.68214 7.11928 4.93421 0.860697 -1.05921 -1.57923 -2.97279 -3.5435 -3.16908 -2.80146 -2.2106 -1.91078 -1.85143 -1.16543 0.053428 1.44353 2.26348 2.12482 4.50682 7.17608 5.8767 3.50857
61.655 5.53397 8.00022 7.42482 5.56712 2.03475 0.221286 -0.65863 -2.68574 -3.64052 -3.3025 -2.94946 -2.38237 -2.0552 -1.94282 -1.28239 -0.330252 0.695176 1.45875 1.45537 4.04538 7.13694 6.35276 4.23034
61.705 5.69544 8.09675 7.45065 6.04515 3.35603 1.73856 0.370718 -2.34467 -3.64907 -3.37965 -3.10365 -2.58757 -2.21235 -2.00922 -1.35241 -0.653814 0.0243281 0.713426 0.818738 3.55167 6.93642 6.617 4.80134
61.755 5.65603 7.96105 7.26648 6.37107 4.70635 3.35055 1.41731 -1.93604 -3.50972 -3.34917 -3.23346 -2.80822 -2.37712 -2.06873 -1.40112 -0.926324 -0.566455 0.0366402 0.22895 3.04753 6.62779 6.70532 5.21493
61.805 5.44793 7.57653 6.88341 6.51272 5.94679 4.88781 2.42173 -1.40524 -3.14983 -3.14751 -3.30136 -3.02819 -2.5466 -2.13875 -1.45398 -1.16438 -1.08943 -0.580895 -0.319369 2.5364 6.24163 6.65358 5.48417
61.855 5.12388 6.96967 6.30105 6.42349 6.93917 6.21489 3.36635 -0.718387 -2.55144 -2.73962 -3.26225 -3.21873 -2.70943 -2.22827 -1.52949 -1.38471 -1.56246 -1.15528 -0.838917 2.01206 5.78883 6.48522 5.62475
61.905 4.70739 6.16741 5.51425 6.05299 7.58257 7.24855 4.25538 0.157886 -1.70794 -2.12465 -3.10354 -3.36288 -2.85787 -2.34237 -1.63909 -1.59915 -1.99946 -1.69855 -1.3384 1.47097 5.27372 6.21266 5.64632
61.955 4.16923 5.1766 4.52469 5.39368 7.8432 7.95804 5.09445 1.26096 -0.591849 -1.32444 -2.8539 -3.45243 -2.98091 -2.47667 -1.78407 -1.81151 -2.39958 -2.20374 -1.80553 0.934633 4.72257 5.85775 5.55394
62.005 3.42835 3.96451 3.32174 4.46815 7.78228 8.40566 5.86205 2.5174 0.725231 -0.417631 -2.53629 -3.44926 -3.04283 -2.61199 -1.96049 -2.02939 -2.75029 -2.64331 -2.21468 0.424754 4.15788 5.45452 5.36759
62.055 2.45809 2.53385 1.9323 3.35705 7.4999 8.64678 6.49726 3.78954 2.11838 0.514811 -2.14087 -3.29832 -2.99672 -2.72429 -2.16144 -2.25166 -3.05659 -3.01877 -2.56328 -0.0534385 3.593 5.02779 5.11413
62.105 1.39217 0.985715 0.460864 2.20849 7.0456 8.60919 6.92784 5.0032 3.49917 1.43621 -1.64128 -2.95962 -2.801 -2.78496 -2.3773 -2.47782 -3.32776 -3.34424 -2.87144 -0.519813 2.99939 4.56006 4.80965
62.155 0.334217 -0.593944 -1.03661 1.03404 6.42054 8.30406 7.11791 6.06052 4.78195 2.33867 -1.01051 -2.42226 -2.43077 -2.75621 -2.58259 -2.69922 -3.5695 -3.63318 -3.15938 -0.991921 2.3373 4.00439 4.44492
62.205 -0.662119 -2.06975 -2.43672 -0.115781 5.63818 7.74773 7.0341 6.8447 5.84653 3.21784 -0.172052 -1.6227 -1.86153 -2.63184 -2.76509 -2.9122 -3.78769 -3.89054 -3.42765 -1.4592 1.60729 3.3363 3.999
62.255 -1.56308 -3.35608 -3.64127 -1.1628 4.74212 6.96166 6.66537 7.27786 6.6251 4.07082 0.901928 -0.549399 -1.12346 -2.42992 -2.9001 -3.09653 -3.97532 -4.1094 -3.65946 -1.88648 0.865856 2.59306 3.47319
62.305 -2.34822 -4.42849 -4.60881 -2.05896 3.77042 5.9905 6.04467 7.38336 7.13841 4.84507 2.09983 0.684647 -0.305354 -2.15613 -2.93653 -3.20901 -4.11569 -4.28554 -3.84595 -2.25186 0.16767 1.83512 2.89715
62.355 -3.00005 -5.26689 -5.31265 -2.78999 2.74206 4.89211 5.25679 7.22473 7.39719 5.47933 3.29518 1.94576 0.513415 -1.80413 -2.83246 -3.21007 -4.19424 -4.4249 -3.99405 -2.55823 -0.46603 1.10322 2.30583
62.405 -3.51864 -5.90372 -5.81286 -3.40608 1.67496 3.6945 4.36065 6.86817 7.42627 5.94508 4.40786 3.15459 1.31007 -1.35913 -2.572 -3.07156 -4.19146 -4.53295 -4.11996 -2.82975 -1.05315 0.39123 1.70266
62.455 -3.91937 -6.36876 -6.15461 -3.93792 0.561397 2.39489 3.38445 6.37298 7.26114 6.2139 5.35761 4.23539 2.08696 -0.75497 -2.085 -2.74852 -4.10548 -4.62739 -4.24354 -3.08914 -1.61996 -0.32297 1.07922
62.505 -4.22626 -6.6304 -6.30477 -4.3656 -0.611085 0.993512 2.35048 5.77264 6.91632 6.25412 6.07005 5.13175 2.85709 0.0647923 -1.31394 -2.22336 -3.94932 -4.7099 -4.36346 -3.33305 -2.15208 -1.02141 0.444055
62.555 -4.41661 -6.65468 -6.23229 -4.65902 -1.80629 -0.492762 1.25362 5.06655 6.40797 6.07258 6.52115 5.83154 3.61432 1.07028 -0.297765 -1.53347 -3.72651 -4.75184 -4.45464 -3.54052 -2.61974 -1.66915 -0.181356
62.605 -4.47415 -6.43865 -5.93992 -4.78502 -2.9228 -1.93947 0.160905 4.26191 5.74163 5.69184 6.71359 6.32331 4.31484 2.1759 0.874364 -0.73647 -3.43754 -4.72632 -4.49294 -3.69182 -3.00256 -2.24019 -0.771207
62.655 -4.39338 -6.02844 -5.47958 -4.74673 -3.85836 -3.19565 -0.835657 3.37682 4.92172 5.1366 6.67021 6.60334 4.91081 3.29397 2.11582 0.117571 -3.08611 -4.62082 -4.46565 -3.78138 -3.29532 -2.7193 -1.30651
62.705 -4.18858 -5.49724 -4.92701 -4.58106 -4.54223 -4.15377 -1.68633 2.41132 3.94513 4.42842 6.43294 6.69029 5.37358 4.36032 3.36384 0.99521 -2.67679 -4.43218 -4.36737 -3.81406 -3.50575 -3.10024 -1.7766
62.755 -3.89538 -4.91914 -4.35513 -4.33661 -4.95615 -4.79212 -2.39369 1.37546 2.83769 3.61776 6.05743 6.60638 5.67849 5.31878 4.56376 1.86783 -2.21555 -4.1621 -4.19686 -3.79256 -3.6434 -3.38496 -2.17574
62.805 -3.5616 -4.35934 -3.82702 -4.06389 -5.13542 -5.1413 -2.95966 0.303829 1.64239 2.7552 5.59157 6.37923 5.81726 6.1259 5.66442 2.70812 -1.70743 -3.81329 -3.95535 -3.71669 -3.71638 -3.58278 -2.50314
62.855 -3.23114 -3.86269 -3.38143 -3.7916 -5.11463 -5.2259 -3.37184 -0.753063 0.415739 1.86835 5.04473 6.02797 5.80825 6.76928 6.63259 3.50077 -1.14567 -3.38045 -3.64072 -3.59022 -3.73755 -3.7061 -2.76165
62.905 -2.93305 -3.45098 -3.03327 -3.53507 -4.93867 -5.09721 -3.63048 -1.71911 -0.731478 1.01833 4.41763 5.54848 5.66114 7.23636 7.43277 4.23555 -0.505738 -2.84429 -3.2433 -3.4255 -3.73062 -3.76679 -2.95451
62.955 -2.68275 -3.12979 -2.78247 -3.30709 -4.66158 -4.8207 -3.75144 -2.53613 -1.7103 0.255581 3.7117 4.92982 5.3716 7.51037 8.03009 4.91308 0.255992 -2.1757 -2.75526 -3.21511 -3.70943 -3.79669 -3.09711
63.005 -2.48307 -2.89032 -2.61354 -3.11114 -4.33061 -4.45769 -3.75787 -3.16451 -2.4742 -0.409377 2.92046 4.15986 4.9307 7.57791 8.40047 5.53736 1.17061 -1.3524 -2.17021 -2.91413 -3.65125 -3.84221 -3.22361
63.055 -2.32569 -2.71242 -2.49971 -2.94115 -3.98337 -4.0633 -3.68043 -3.59572 -3.0339 -1.00077 2.05529 3.26675 4.36712 7.44093 8.5201 6.06906 2.21063 -0.363826 -1.45812 -2.48809 -3.54645 -3.91654 -3.35082
63.105 -2.19648 -2.57274 -2.4143 -2.79094 -3.65359 -3.68973 -3.55773 -3.85053 -3.41182 -1.52339 1.14907 2.30478 3.72312 7.11494 8.389 6.44214 3.29299 0.760551 -0.632203 -1.95424 -3.37639 -3.97244 -3.46348
63.155 -2.08379 -2.45321 -2.33949 -2.65854 -3.36793 -3.37617 -3.41968 -3.94889 -3.61114 -1.9579 0.257949 1.36093 3.04863 6.6052 8.00839 6.59902 4.33274 1.97012 0.258313 -1.35669 -3.11578 -3.94266 -3.52967
63.205 -1.9784 -2.34001 -2.26383 -2.54304 -3.14274 -3.14572 -3.28938 -3.92136 -3.6503 -2.28771 -0.548926 0.537789 2.40885 5.92137 7.36661 6.49132 5.26454 3.21483 1.16664 -0.725272 -2.74548 -3.78439 -3.52187
63.255 -1.87116 -2.2199 -2.17753 -2.44104 -2.98308 -3.00464 -3.18173 -3.80271 -3.558 -2.49956 -1.22019 -0.12942 1.8189 5.086 6.47652 6.11172 6.03955 4.43742 2.06102 -0.0711976 -2.26172 -3.48603 -3.4223
63.305 -1.75154 -2.07572 -2.06635 -2.34119 -2.88093 -2.94215 -3.09918 -3.62375 -3.36923 -2.59351 -1.73638 -0.681698 1.24489 4.15485 5.42383 5.54679 6.6107 5.53572 2.90086 0.588851 -1.6891 -3.0694 -3.22818
63.355 -1.60219 -1.8758 -1.90185 -2.21983 -2.82141 -2.94412 -3.0438 -3.42095 -3.13373 -2.59583 -2.10035 -1.13573 0.694436 3.19752 4.30764 4.89861 6.94695 6.42635 3.66639 1.25065 -1.05836 -2.57511 -2.95612
63.405 -1.39179 -1.55046 -1.62155 -2.03016 -2.79038 -3.00953 -3.02642 -3.23436 -2.90349 -2.54182 -2.31875 -1.47022 0.201248 2.27979 3.22562 4.2374 7.03051 7.05211 4.35032 1.93505 -0.371648 -2.02992 -2.6264
63.455 -1.08729 -0.982844 -1.12179 -1.68864 -2.76702 -3.15326 -3.06743 -3.10374 -2.72468 -2.46951 -2.41522 -1.67895 -0.218661 1.44633 2.26219 3.62036 6.88743 7.381 4.91373 2.65117 0.386822 -1.44132 -2.25088
63.505 -0.660705 -0.223129 -0.468707 -1.20136 -2.69163 -3.32924 -3.15291 -3.04699 -2.62865 -2.41691 -2.4316 -1.78147 -0.564539 0.71135 1.44532 3.07169 6.57003 7.4206 5.30185 3.38897 1.23965 -0.80288 -1.83134
63.555 0.00634263 0.682356 0.281959 -0.614337 -2.54939 -3.48838 -3.25802 -3.06337 -2.62522 -2.40809 -2.4097 -1.81114 -0.842737 0.075845 0.765958 2.58367 6.11367 7.19292 5.46458 4.13052 2.21636 -0.0951831 -1.35817
63.605 0.940577 1.83298 1.2704 0.131795 -2.36554 -3.6269 -3.37735 -3.1535 -2.7158 -2.45692 -2.38654 -1.80643 -1.0657 -0.460082 0.212436 2.13509 5.52037 6.7029 5.35428 4.8363 3.34707 0.729877 -0.798403
63.655 2.00958 3.18166 2.49754 1.02679 -2.11163 -3.67214 -3.45304 -3.28398 -2.88227 -2.56398 -2.38979 -1.80261 -1.2472 -0.890108 -0.212014 1.71674 4.80034 5.9866 4.9935 5.24211 4.53583 1.8376 -0.067679
63.705 3.07211 4.59091 3.82448 1.98844 -1.72839 -3.51693 -3.39418 -3.3987 -3.09225 -2.71437 -2.42954 -1.82147 -1.3991 -1.22019 -0.538861 1.2976 3.98027 5.10436 4.41515 5.29794 5.62252 3.12424 0.822873
63.755 3.92466 5.89371 5.1275 2.94323 -1.17009 -3.0822 -3.121 -3.44274 -3.31446 -2.88818 -2.50516 -1.87543 -1.53529 -1.46804 -0.80495 0.863984 3.11864 4.1565 3.7201 5.12391 6.44165 4.33432 1.77689
63.805 4.58327 6.86191 6.19505 3.85499 -0.424686 -2.37868 -2.61264 -3.36676 -3.51136 -3.06358 -2.61366 -1.97352 -1.66981 -1.6454 -1.00679 0.439508 2.26689 3.21873 2.9875 4.80294 6.9338 5.328 2.71398
63.855 5.09168 7.51348 6.90919 4.65724 0.505779 -1.44179 -1.90504 -3.16999 -3.6646 -3.22891 -2.75334 -2.11928 -1.8135 -1.76837 -1.14539 0.0425257 1.45659 2.33245 2.2635 4.38266 7.12184 6.06491 3.57716
63.905 5.44069 7.89159 7.29601 5.33529 1.64577 -0.217391 -1.01198 -2.89383 -3.77717 -3.38065 -2.92171 -2.30973 -1.97191 -1.85673 -1.23428 -0.316103 0.705724 1.51 1.56871 3.90021 7.06668 6.54821 4.3218
63.955 5.63502 8.04515 7.38908 5.85994 2.9575 1.27386 0.0138804 -2.56372 -3.81569 -3.48557 -3.09555 -2.52775 -2.14032 -1.92595 -1.29037 -0.629546 0.0331238 0.757085 0.91281 3.39716 6.84615 6.80008 4.90863
64.005 5.64192 7.96459 7.2558 6.2351 4.32661 2.8977 1.07906 -2.17479 -3.7254 -3.4958 -3.24572 -2.75567 -2.31248 -1.98947 -1.33256 -0.901748 -0.558852 0.0803244 0.309247 2.89691 6.52289 6.86171 5.32596
64.055 5.46439 7.63429 6.92138 6.42919 5.61777 4.48971 2.11471 -1.68013 -3.43429 -3.35185 -3.34127 -2.98201 -2.48681 -2.06135 -1.38018 -1.14495 -1.08215 -0.529507 -0.245599 2.40399 6.13372 6.77635 5.58668
64.105 5.16198 7.0757 6.38943 6.40694 6.68959 5.89224 3.0871 -1.03207 -2.89809 -3.00351 -3.34116 -3.18748 -2.65695 -2.15017 -1.448 -1.37346 -1.55434 -1.08826 -0.763829 1.91236 5.69327 6.57481 5.70987
64.155 4.76558 6.31739 5.65424 6.11367 7.43815 7.02578 4.00002 -0.21543 -2.13018 -2.44894 -3.21996 -3.35007 -2.81311 -2.25891 -1.54489 -1.59958 -1.9929 -1.61191 -1.25832 1.4133 5.20417 6.27441 5.71078
64.205 4.26351 5.37621 4.71928 5.53169 7.80237 7.82801 4.85558 0.819218 -1.0935 -1.69459 -2.99843 -3.46917 -2.95263 -2.38823 -1.6734 -1.82862 -2.4045 -2.10289 -1.72651 0.917804 4.685 5.89439 5.59777
64.255 3.58325 4.22658 3.57505 4.67406 7.81752 8.33867 5.64813 2.04572 0.186119 -0.797887 -2.70928 -3.5216 -3.05003 -2.52063 -1.82344 -2.05654 -2.7884 -2.55662 -2.15576 0.455634 4.17995 5.47305 5.38661
64.305 2.66465 2.84718 2.22781 3.59928 7.57963 8.62748 6.32999 3.34216 1.59923 0.157492 -2.35596 -3.45773 -3.06155 -2.62992 -1.98151 -2.27801 -3.14841 -2.97757 -2.54583 0.0395309 3.71781 5.04822 5.10792
64.355 1.61313 1.32467 0.773083 2.45275 7.16096 8.65727 6.82379 4.60603 3.03741 1.11475 -1.91003 -3.21999 -2.9391 -2.6909 -2.13785 -2.49111 -3.49564 -3.38193 -2.91431 -0.349359 3.28629 4.62974 4.78998
64.405 0.547892 -0.258915 -0.730859 1.27548 6.56434 8.40573 7.09352 5.76374 4.41928 2.0531 -1.34091 -2.77556 -2.64131 -2.6662 -2.27139 -2.68769 -3.83945 -3.7896 -3.28662 -0.746169 2.84747 4.20093 4.44412
64.455 -0.46861 -1.77707 -2.17901 0.094814 5.79969 7.89894 7.09857 6.69158 5.63325 2.96144 -0.616163 -2.11103 -2.14516 -2.5167 -2.34707 -2.84928 -4.18174 -4.21412 -3.68031 -1.1767 2.37084 3.74174 4.0679
64.505 -1.3962 -3.11621 -3.44317 -0.993434 4.91557 7.15577 6.81265 7.26907 6.55142 3.83195 0.335821 -1.17014 -1.44194 -2.24586 -2.34739 -2.96416 -4.52293 -4.65641 -4.08953 -1.63336 1.8614 3.25293 3.65916
64.555 -2.20865 -4.24147 -4.471 -1.93119 3.95545 6.21025 6.2433 7.48136 7.16933 4.63938 1.47335 -0.001885 -0.60095 -1.87813 -2.23867 -3.00107 -4.84632 -5.10396 -4.49321 -2.08233 1.3596 2.76585 3.23264
64.605 -2.89061 -5.12263 -5.21203 -2.6807 2.93594 5.11784 5.4675 7.38996 7.51046 5.31996 2.66465 1.25426 0.271592 -1.42837 -1.9773 -2.91405 -5.1269 -5.54761 -4.88077 -2.50391 0.894423 2.31092 2.81318
64.655 -3.43429 -5.78584 -5.72227 -3.29079 1.88722 3.93103 4.5763 7.07312 7.59261 5.83099 3.80756 2.48675 1.11591 -0.898959 -1.54498 -2.66158 -5.32237 -5.974 -5.2619 -2.92106 0.442676 1.87981 2.40925
64.705 -3.85392 -6.26473 -6.05207 -3.79654 0.806458 2.65557 3.61006 6.60569 7.46138 6.1396 4.80539 3.60736 1.92601 -0.239003 -0.903034 -2.21108 -5.40684 -6.37396 -5.64482 -3.36541 -0.03899 1.44187 2.00875
64.755 -4.17901 -6.54565 -6.19302 -4.18867 -0.310011 1.30447 2.60687 6.03529 7.1386 6.21378 5.58126 4.56142 2.71959 0.598129 -0.0359108 -1.58789 -5.387 -6.72192 -6.0078 -3.82957 -0.55635 0.988881 1.60343
64.805 -4.39043 -6.59265 -6.11612 -4.44461 -1.43788 -0.111832 1.5639 5.37342 6.6563 6.06904 6.11392 5.33606 3.49007 1.57596 0.992615 -0.858633 -5.26049 -6.97153 -6.3156 -4.28704 -1.09248 0.527757 1.19305
64.855 -4.46857 -6.40125 -5.82791 -4.54441 -2.49313 -1.4871 0.534495 4.62542 6.03122 5.74021 6.41361 5.92452 4.20016 2.61334 2.09052 -0.0823385 -5.01998 -7.09064 -6.54362 -4.71249 -1.62621 0.0686359 0.782094
64.905 -4.40378 -6.01216 -5.37817 -4.49788 -3.38727 -2.68157 -0.397348 3.80448 5.26869 5.25672 6.50462 6.32645 4.81177 3.63387 3.18149 0.707598 -4.65982 -7.0704 -6.6876 -5.09014 -2.13825 -0.38203 0.37458
64.955 -4.20785 -5.49473 -4.83757 -4.33942 -4.05995 -3.6013 -1.18965 2.90528 4.35913 4.63402 6.4237 6.56391 5.30912 4.58769 4.21627 1.49901 -4.16377 -6.90585 -6.75687 -5.41866 -2.62466 -0.832211 -0.0343429
65.005 -3.91595 -4.92146 -4.27375 -4.11023 -4.49469 -4.23694 -1.8632 1.91856 3.30597 3.90125 6.21395 6.66595 5.68905 5.43487 5.13701 2.23473 -3.50995 -6.51979 -6.66405 -5.67836 -3.18231 -1.36746 -0.47816
65.055 -3.57557 -4.3561 -3.74487 -3.85337 -4.72221 -4.63326 -2.44172 0.867022 2.14498 3.10376 5.90404 6.63708 5.93337 6.13503 5.91198 2.92247 -2.71344 -5.90855 -6.35596 -5.74379 -3.74732 -2.06966 -1.01804
65.105 -3.23107 -3.84529 -3.29095 -3.59743 -4.77051 -4.80882 -2.91774 -0.217846 0.908485 2.25184 5.48629 6.47222 6.03642 6.66581 6.52588 3.57739 -1.76807 -5.05965 -5.77979 -5.55594 -4.26235 -2.90703 -1.67441
65.155 -2.91253 -3.41246 -2.92747 -3.35304 -4.66348 -4.78139 -3.26997 -1.26235 -0.308846 1.3881 4.94587 6.14368 5.98017 7.00875 6.98026 4.20778 -0.686547 -3.99638 -4.96886 -5.14897 -4.65311 -3.74067 -2.38935
65.205 -2.63828 -3.06646 -2.65695 -3.13019 -4.44037 -4.58961 -3.48493 -2.18814 -1.40603 0.571307 4.29324 5.63944 5.75072 7.1537 7.27536 4.7965 0.473257 -2.77357 -3.97624 -4.58528 -4.89214 -4.45618 -3.0795
65.255 -2.41576 -2.80374 -2.46941 -2.93482 -4.1456 -4.28521 -3.56882 -2.93527 -2.30876 -0.159686 3.54205 4.95905 5.34367 7.10684 7.41814 5.32971 1.6605 -1.46955 -2.89107 -3.91392 -4.94857 -4.98363 -3.68247
65.305 -2.24141 -2.60943 -2.34377 -2.76556 -3.82022 -3.92428 -3.5464 -3.4689 -2.97852 -0.799362 2.6978 4.11128 4.77368 6.88976 7.41512 5.77873 2.82756 -0.133253 -1.76564 -3.1676 -4.82258 -5.29701 -4.15471
65.355 -2.1035 -2.46196 -2.2541 -2.61608 -3.49808 -3.55887 -3.45282 -3.79761 -3.43321 -1.35939 1.79011 3.14973 4.10215 6.53705 7.25823 6.08625 3.90788 1.18902 -0.637396 -2.36897 -4.52798 -5.39583 -4.47033
65.405 -1.98813 -2.34068 -2.17933 -2.48279 -3.20835 -3.2346 -3.32527 -3.94991 -3.69036 -1.82866 0.862047 2.13689 3.38256 6.07267 6.94677 6.21171 4.85001 2.46121 0.464924 -1.53961 -4.08908 -5.29721 -4.62136
65.455 -1.88437 -2.22997 -2.10605 -2.36445 -2.97059 -2.98065 -3.18955 -3.9537 -3.76548 -2.19181 -0.0248581 1.16406 2.66616 5.49763 6.47184 6.13186 5.62614 3.66456 1.52534 -0.696584 -3.53253 -5.0269 -4.61501
65.505 -1.78262 -2.1163 -2.02427 -2.25908 -2.79443 -2.81125 -3.06616 -3.84689 -3.69133 -2.44115 -0.805269 0.3216 2.00285 4.81437 5.82173 5.8286 6.21537 4.78277 2.53185 0.14606 -2.88153 -4.61087 -4.4667
65.555 -1.67352 -1.9852 -1.92374 -2.16145 -2.68049 -2.72721 -2.96855 -3.66821 -3.50608 -2.57254 -1.42995 -0.349911 1.41763 4.06409 5.05823 5.39686 6.53691 5.66325 3.44403 1.02571 -2.08683 -4.05512 -4.20523
65.605 -1.54179 -1.81061 -1.78221 -2.05406 -2.61847 -2.71818 -2.90253 -3.45574 -3.25749 -2.60409 -1.8921 -0.877995 0.898548 3.31057 4.28414 4.94139 6.59255 6.20102 4.15112 1.92673 -1.11235 -3.35947 -3.84897
65.655 -1.35829 -1.53464 -1.54735 -1.89676 -2.5928 -2.77747 -2.87657 -3.25108 -3.00159 -2.57394 -2.2125 -1.29228 0.438871 2.60563 3.58513 4.52125 6.42836 6.37556 4.56697 2.83347 0.0651313 -2.52851 -3.40691
65.705 -1.08317 -1.04052 -1.11298 -1.60842 -2.5853 -2.91729 -2.91037 -3.09792 -2.79145 -2.52221 -2.41299 -1.5975 0.0371055 1.9792 3.02327 4.15557 6.06483 6.19963 4.65566 3.72272 1.43943 -1.55907 -2.86737
65.755 -0.696679 -0.310125 -0.472757 -1.1479 -2.54293 -3.11296 -3.00272 -3.02355 -2.66539 -2.4835 -2.51778 -1.79348 -0.304935 1.42314 2.56341 3.80791 5.56529 5.79422 4.51788 4.38239 2.83291 -0.401308 -2.18926
65.805 -0.101238 0.556557 0.258771 -0.579641 -2.42101 -3.29105 -3.11656 -3.02481 -2.63599 -2.48038 -2.55643 -1.89419 -0.581736 0.917795 2.11681 3.42347 5.00017 5.27634 4.24068 4.78838 4.10794 0.843413 -1.39371
65.855 0.776962 1.6523 1.19426 0.134842 -2.24739 -3.44662 -3.24424 -3.09995 -2.70228 -2.52334 -2.56002 -1.92989 -0.797497 0.460769 1.64772 2.97206 4.40338 4.72274 3.89004 4.98638 5.18463 2.07996 -0.501966
65.905 1.82754 2.96317 2.369 0.995768 -2.01765 -3.52776 -3.33978 -3.21992 -2.84551 -2.61329 -2.5605 -1.94154 -0.970741 0.0636279 1.18424 2.45879 3.77359 4.16256 3.50335 5.01067 6.01231 3.23964 0.458656
65.955 2.89816 4.35734 3.65914 1.922 -1.68703 -3.43845 -3.32135 -3.3338 -3.03585 -2.74196 -2.58115 -1.96349 -1.12173 -0.263625 0.770489 1.92212 3.1081 3.58328 3.08382 4.8928 6.58283 4.26961 1.43981
66.005 3.80921 5.68598 4.93241 2.83134 -1.20699 -3.09382 -3.1116 -3.3945 -3.24919 -2.89935 -2.63444 -2.01504 -1.26409 -0.521181 0.432831 1.41007 2.42378 2.96796 2.62258 4.66284 6.91967 5.13145 2.38382
66.055 4.50037 6.7112 6.02629 3.70802 -0.546894 -2.48045 -2.6777 -3.3576 -3.45627 -3.07017 -2.72282 -2.10353 -1.40691 -0.720934 0.172942 0.954426 1.75133 2.32179 2.11856 4.34946 7.06322 5.80474 3.23771
66.105 5.04044 7.4158 6.79155 4.49596 0.291986 -1.64561 -2.05059 -3.20452 -3.6267 -3.23611 -2.84254 -2.23085 -1.55976 -0.886266 -0.0317263 0.552126 1.11513 1.68039 1.59692 3.96838 7.03497 6.28658 3.97492
66.155 5.42578 7.84324 7.23338 5.17416 1.34253 -0.537761 -1.2386 -2.9651 -3.75989 -3.39322 -2.99369 -2.39829 -1.72965 -1.03758 -0.203746 0.195868 0.524588 1.06006 1.07344 3.53933 6.86508 6.58552 4.58054
66.205 5.65437 8.04961 7.38258 5.71601 2.59024 0.856466 -0.274636 -2.66478 -3.82603 -3.51154 -3.15679 -2.59409 -1.91266 -1.18428 -0.357572 -0.120386 -0.0132623 0.475879 0.566131 3.08948 6.5916 6.71616 5.0399
66.255 5.71273 8.02642 7.29744 6.12131 3.93396 2.42359 0.754623 -2.30245 -3.76961 -3.54198 -3.30254 -2.80318 -2.10173 -1.33059 -0.502857 -0.403363 -0.497736 -0.0637592 0.0880943 2.64379 6.25678 6.70633 5.3502
66.305 5.57226 7.7606 7.01637 6.36039 5.24307 4.00972 1.77393 -1.84267 -3.5231 -3.4277 -3.4019 -3.01727 -2.29543 -1.48328 -0.649861 -0.663478 -0.937872 -0.563085 -0.361941 2.20813 5.88512 6.58729 5.527
66.355 5.29652 7.25962 6.53895 6.39705 6.3635 5.43888 2.74145 -1.23453 -3.03647 -3.11454 -3.41331 -3.21945 -2.48856 -1.64749 -0.808442 -0.913592 -1.34878 -1.03423 -0.793672 1.77485 5.48078 6.38008 5.59055
66.405 4.92305 6.55157 5.85735 6.17119 7.18104 6.61861 3.65502 -0.459544 -2.31749 -2.59413 -3.30736 -3.38722 -2.6712 -1.8247 -0.985659 -1.16507 -1.74549 -1.49067 -1.21887 1.33164 5.03717 6.09354 5.55554
66.455 4.4515 5.65923 4.9754 5.65779 7.61931 7.4718 4.51529 0.539037 -1.32157 -1.8657 -3.10075 -3.51904 -2.84049 -2.01565 -1.18454 -1.42298 -2.1323 -1.93287 -1.63452 0.884622 4.56358 5.73884 5.42806
66.505 3.82317 4.56883 3.88978 4.86709 7.69683 8.02306 5.31836 1.74559 -0.0659098 -0.981683 -2.82609 -3.59235 -2.97124 -2.20366 -1.39625 -1.68249 -2.50393 -2.35182 -2.02526 0.461621 4.09878 5.34776 5.21912
66.555 2.96096 3.24747 2.59612 3.843 7.50463 8.34704 6.02264 3.04232 1.34039 -0.0282652 -2.4911 -3.55969 -3.02121 -2.3646 -1.60943 -1.93712 -2.85777 -2.74486 -2.38502 0.0784353 3.67235 4.95513 4.95384
66.605 1.92813 1.75654 1.16936 2.7119 7.13054 8.44333 6.5522 4.30443 2.77731 0.929994 -2.07148 -3.36465 -2.94518 -2.47877 -1.81965 -2.18576 -3.19888 -3.11975 -2.72337 -0.276077 3.27884 4.57306 4.65768
66.655 0.861079 0.186805 -0.314586 1.5582 6.5869 8.25728 6.86582 5.47594 4.1666 1.86798 -1.53192 -2.96269 -2.69977 -2.52145 -2.02057 -2.42742 -3.53498 -3.49066 -3.0604 -0.632855 2.88332 4.186 4.34141
66.705 -0.169611 -1.355 -1.77902 0.38432 5.8775 7.82482 6.93277 6.44354 5.40986 2.77562 -0.849607 -2.34722 -2.25976 -2.45418 -2.18535 -2.64808 -3.86506 -3.86721 -3.41229 -1.01814 2.45373 3.77315 4.00274
66.755 -1.12053 -2.73732 -3.08225 -0.715097 5.0446 7.16283 6.72434 7.08494 6.37433 3.64101 0.0405447 -1.46746 -1.60779 -2.27192 -2.30114 -2.84057 -4.18966 -4.25125 -3.77857 -1.43542 1.98165 3.32561 3.63529
66.805 -1.9617 -3.90968 -4.15562 -1.67124 4.13423 6.29724 6.2331 7.36192 7.03062 4.44898 1.1432 -0.317704 -0.779926 -2.00487 -2.35651 -2.99287 -4.49872 -4.62927 -4.1375 -1.85523 1.49881 2.86561 3.24555
66.855 -2.67914 -4.84119 -4.94308 -2.43433 3.16637 5.27881 5.52316 7.32075 7.39858 5.14515 2.35135 0.992262 0.128451 -1.67469 -2.31848 -3.07608 -4.77602 -4.98846 -4.46821 -2.24504 1.04621 2.42976 2.85609
66.905 -3.25707 -5.54592 -5.48618 -3.04724 2.1658 4.16325 4.69027 7.04004 7.49953 5.68929 3.56196 2.33858 1.03725 -1.27197 -2.13986 -3.05543 -5.01607 -5.33419 -4.77032 -2.60103 0.633248 2.03496 2.48736
66.955 -3.70659 -6.06185 -5.84634 -3.56177 1.12015 2.94669 3.76585 6.59634 7.39288 6.06294 4.68719 3.6281 1.90856 -0.767598 -1.77328 -2.88769 -5.20044 -5.67019 -5.05756 -2.95203 0.227916 1.66623 2.14175
67.005 -4.05579 -6.4014 -6.04371 -3.98184 0.034278 1.64577 2.79251 6.04451 7.10151 6.22571 5.63912 4.78688 2.73535 -0.138658 -1.20192 -2.53089 -5.278 -5.97664 -5.341 -3.34464 -0.227055 1.28861 1.80285
67.055 -4.29912 -6.51635 -6.03304 -4.27756 -1.08121 0.266797 1.77706 5.40673 6.65049 6.16255 6.34595 5.74365 3.52526 0.663783 -0.393104 -1.96095 -5.22456 -6.23547 -5.61263 -3.80277 -0.767839 0.881294 1.45098
67.105 -4.41362 -6.39518 -5.81384 -4.43005 -2.15813 -1.11561 0.746538 4.67423 6.04468 5.88488 6.78209 6.47592 4.28598 1.64344 0.630914 -1.22595 -5.04808 -6.41 -5.83306 -4.30528 -1.38181 0.461423 1.08397
67.155 -4.38732 -6.06363 -5.41922 -4.4341 -3.09994 -2.35703 -0.215216 3.85389 5.28227 5.41369 6.95499 6.9842 4.98549 2.72246 1.77676 -0.399624 -4.75685 -6.47094 -5.97241 -4.81135 -2.02773 0.0607503 0.713501
67.205 -4.22634 -5.58295 -4.91082 -4.31102 -3.82754 -3.33619 -1.04182 2.95322 4.36561 4.77776 6.89978 7.27833 5.57825 3.80819 2.95658 0.492775 -4.34837 -6.45387 -6.13696 -5.20387 -2.52615 -0.365952 0.317312
67.255 -3.95988 -5.02553 -4.35689 -4.09834 -4.30491 -4.01147 -1.72549 1.98081 3.31811 4.0294 6.67178 7.37245 6.02195 4.81925 4.09598 1.44738 -3.78889 -6.37261 -6.41073 -5.49946 -2.77617 -0.804487 -0.104426
67.305 -3.63337 -4.46064 -3.82373 -3.84723 -4.56703 -4.43649 -2.29927 0.959906 2.18573 3.23347 6.33129 7.29949 6.30558 5.69822 5.10653 2.31453 -3.09202 -6.09064 -6.50186 -5.69205 -3.11564 -1.32528 -0.544729
67.355 -3.29427 -3.94187 -3.3593 -3.59364 -4.64762 -4.63976 -2.76516 -0.0811516 1.00019 2.40346 5.88454 7.07189 6.42564 6.42157 5.98714 3.11674 -2.28815 -5.59064 -6.34133 -5.75259 -3.50923 -1.9001 -1.01112
67.405 -2.97666 -3.49815 -2.98426 -3.35108 -4.57019 -4.63962 -3.10704 -1.07249 -0.144401 1.58414 5.32743 6.68218 6.37591 6.97257 6.73617 3.85662 -1.41059 -4.89874 -5.95862 -5.6877 -3.88638 -2.46766 -1.48967
67.455 -2.70193 -3.14224 -2.70488 -3.13157 -4.374 -4.47474 -3.31679 -1.94164 -1.14859 0.835114 4.67408 6.12824 6.15146 7.33792 7.34492 4.53766 -0.484282 -4.08062 -5.43609 -5.51168 -4.17355 -2.97285 -1.96079
67.505 -2.47909 -2.87258 -2.51312 -2.94205 -4.10316 -4.19589 -3.40293 -2.63998 -1.95543 0.181573 3.93123 5.40785 5.75096 7.5182 7.8102 5.17847 0.496757 -3.17239 -4.82522 -5.24952 -4.35254 -3.38787 -2.40006
67.555 -2.3051 -2.67456 -2.38743 -2.77987 -3.79639 -3.85497 -3.38547 -3.13954 -2.54792 -0.390137 3.09605 4.5243 5.18809 7.52096 8.1236 5.79297 1.54339 -2.19038 -4.14744 -4.91341 -4.4261 -3.70745 -2.7927
67.605 -2.16817 -2.52585 -2.30023 -2.63687 -3.4859 -3.50152 -3.29574 -3.45207 -2.95946 -0.905461 2.19484 3.53012 4.52722 7.36007 8.24841 6.36013 2.63469 -1.16265 -3.41701 -4.50738 -4.3974 -3.92896 -3.12513
67.655 -2.05415 -2.40499 -2.229 -2.50839 -3.20119 -3.18154 -3.17022 -3.60482 -3.20914 -1.35803 1.26711 2.485 3.82068 7.04757 8.16457 6.84404 3.73164 -0.110226 -2.64167 -4.03332 -4.27066 -4.05183 -3.38585
67.705 -1.95232 -2.29618 -2.1597 -2.39303 -2.96301 -2.92572 -3.03493 -3.62033 -3.30222 -1.72939 0.371624 1.48038 3.12477 6.6071 7.8928 7.12022 4.7508 1.00955 -1.80395 -3.48959 -4.05467 -4.08243 -3.57024
67.755 -1.85312 -2.18591 -2.08202 -2.28879 -2.78191 -2.74943 -2.9105 -3.53114 -3.26085 -2.00965 -0.436376 0.595495 2.4837 6.05321 7.43329 7.13719 5.64263 2.18613 -0.906014 -2.87747 -3.7548 -4.02523 -3.67635
67.805 -1.74632 -2.05949 -1.98507 -2.18985 -2.65839 -2.65362 -2.81028 -3.37305 -3.11718 -2.19385 -1.12036 -0.141406 1.90612 5.39856 6.79481 6.88703 6.37303 3.39766 0.0475195 -2.19741 -3.37347 -3.88296 -3.70406
67.855 -1.61811 -1.89453 -1.85018 -2.08179 -2.58386 -2.62903 -2.74009 -3.1802 -2.90881 -2.2852 -1.65311 -0.722196 1.37879 4.64369 5.97917 6.37684 6.91881 4.6122 1.05291 -1.44542 -2.90733 -3.65374 -3.65175
67.905 -1.44534 -1.6459 -1.63701 -1.93335 -2.54463 -2.66656 -2.70297 -2.98297 -2.67317 -2.29593 -2.02625 -1.16342 0.879737 3.80829 5.03027 5.67981 7.23958 5.7235 2.08095 -0.62041 -2.35178 -3.3361 -3.51801
67.955 -1.19282 -1.21489 -1.25597 -1.6777 -2.52696 -2.77547 -2.71349 -2.81758 -2.45473 -2.2568 -2.26287 -1.48848 0.431616 2.99445 4.12216 5.05691 7.20547 6.40096 3.05957 0.375893 -1.60637 -2.91945 -3.32738
68.005 -0.84009 -0.529162 -0.645538 -1.24414 -2.49184 -2.95435 -2.78453 -2.72073 -2.30133 -2.21052 -2.39703 -1.71312 0.0420582 2.25406 3.34593 4.54785 6.91171 6.59983 3.76799 1.49055 -0.586194 -2.35503 -3.06238
68.055 -0.314764 0.294697 0.0605521 -0.696088 -2.38169 -3.12871 -2.88319 -2.69843 -2.24043 -2.19287 -2.46375 -1.85404 -0.297141 1.60551 2.74775 4.13282 6.42294 6.38539 4.08734 2.63597 0.717765 -1.61338 -2.68862
68.105 0.493943 1.32308 0.933139 -0.0195973 -2.2157 -3.28544 -3.0024 -2.75599 -2.28325 -2.22313 -2.48703 -1.92152 -0.584769 1.02952 2.25027 3.72729 5.79748 5.90584 4.08193 3.65415 2.16016 -0.688391 -2.16685
68.155 1.51723 2.59123 2.06014 0.816528 -2.00009 -3.39104 -3.11253 -2.87658 -2.41933 -2.30455 -2.48803 -1.93472 -0.818346 0.500921 1.74314 3.26083 5.11533 5.32187 3.89495 4.36227 3.53501 0.41353 -1.46804
68.205 2.59964 3.98814 3.35351 1.75117 -1.69336 -3.35262 -3.13465 -3.00947 -2.61625 -2.42687 -2.48768 -1.92487 -1.00606 0.0245325 1.21095 2.71997 4.40772 4.7035 3.59276 4.77355 4.72645 1.5835 -0.623744
68.255 3.57788 5.36439 4.65877 2.6857 -1.24713 -3.07491 -2.98227 -3.10002 -2.84144 -2.57659 -2.50398 -1.92381 -1.16248 -0.376607 0.707553 2.13598 3.67759 4.07244 3.21838 4.92213 5.65646 2.72331 0.310758
68.305 4.31917 6.49344 5.83337 3.58328 -0.624634 -2.51455 -2.60197 -3.10317 -3.06862 -2.74271 -2.55123 -1.95664 -1.30361 -0.688309 0.287776 1.56489 2.93662 3.42489 2.79176 4.86273 6.30122 3.74967 1.26178
68.355 4.89917 7.28245 6.6941 4.40069 0.171387 -1.72313 -2.01541 -2.98785 -3.26227 -2.90758 -2.63451 -2.03802 -1.4467 -0.922052 -0.0336474 1.04751 2.20589 2.75764 2.32209 4.65204 6.68614 4.6139 2.16724
68.405 5.33002 7.77979 7.21753 5.10535 1.16152 -0.689926 -1.25 -2.77551 -3.41734 -3.06753 -2.75843 -2.17411 -1.60465 -1.10191 -0.271132 0.59958 1.50619 2.07605 1.81442 4.33186 6.85512 5.2996 2.9894
68.455 5.60392 8.04083 7.43712 5.68017 2.35321 0.625939 -0.325879 -2.4986 -3.51704 -3.20307 -2.91054 -2.35555 -1.7787 -1.24971 -0.449723 0.217627 0.859033 1.40931 1.2925 3.933 6.83978 5.79938 3.70081
68.505 5.72256 8.07982 7.40167 6.11084 3.66984 2.14776 0.684175 -2.16437 -3.511 -3.26826 -3.06103 -2.56299 -1.9621 -1.3807 -0.59234 -0.105654 0.276417 0.778833 0.780827 3.49532 6.68607 6.1181 4.27682
68.555 5.63606 7.88427 7.16775 6.38646 4.99032 3.73128 1.69656 -1.74892 -3.33502 -3.20829 -3.17941 -2.78251 -2.15165 -1.50985 -0.721401 -0.384299 -0.242887 0.191324 0.289188 3.04421 6.43756 6.27889 4.71368
68.605 5.39739 7.44605 6.73895 6.47446 6.16359 5.19584 2.65938 -1.19557 -2.92379 -2.9613 -3.22457 -2.99704 -2.34393 -1.65092 -0.858772 -0.638934 -0.710444 -0.35618 -0.183965 2.58315 6.11358 6.30582 5.0236
68.655 5.05215 6.79254 6.10876 6.31649 7.06313 6.43369 3.56679 -0.483186 -2.28056 -2.50964 -3.15705 -3.17796 -2.52738 -1.81047 -1.02044 -0.888531 -1.14268 -0.872359 -0.644203 2.10522 5.71571 6.21245 5.21876
68.705 4.61308 5.94965 5.27704 5.87499 7.59887 7.36175 4.42121 0.436142 -1.37945 -1.85401 -2.97942 -3.31616 -2.69732 -1.99316 -1.21638 -1.14525 -1.54783 -1.35772 -1.08826 1.61345 5.24804 6.00571 5.30194
68.755 4.03555 4.91487 4.2446 5.1538 7.7668 7.98114 5.22568 1.57329 -0.216912 -1.0338 -2.72195 -3.39347 -2.83344 -2.18788 -1.44337 -1.40937 -1.92246 -1.80074 -1.49753 1.13572 4.74415 5.70728 5.27246
68.805 3.23654 3.65202 3.00116 4.18398 7.64599 8.36615 5.95064 2.82954 1.11203 -0.133219 -2.39649 -3.36196 -2.89222 -2.3704 -1.69175 -1.67681 -2.26381 -2.19463 -1.85984 0.694679 4.24093 5.35251 5.14546
68.855 2.23121 2.19089 1.59466 3.06547 7.33008 8.54737 6.52691 4.06963 2.48334 0.776308 -1.98464 -3.16537 -2.82486 -2.51683 -1.95648 -1.94783 -2.57691 -2.54478 -2.18027 0.285782 3.74283 4.9628 4.94647
68.905 1.16313 0.633075 0.122321 1.92495 6.84564 8.44446 6.89247 5.23426 3.8233 1.67346 -1.46294 -2.7778 -2.59566 -2.5963 -2.22543 -2.22049 -2.87026 -2.86656 -2.48002 -0.122428 3.21225 4.52287 4.68969
68.955 0.119253 -0.927518 -1.35398 0.761222 6.19389 8.08685 7.01265 6.21255 5.03544 2.55199 -0.792478 -2.17739 -2.17997 -2.57845 -2.47678 -2.48641 -3.14806 -3.17176 -2.77564 -0.553725 2.61231 4.00102 4.36785
69.005 -0.854644 -2.3567 -2.70291 -0.357255 5.39534 7.48601 6.85961 6.88947 5.99788 3.41111 0.113462 -1.28765 -1.55697 -2.4711 -2.70406 -2.74183 -3.41126 -3.45983 -3.06205 -0.993951 1.95726 3.39466 3.96925
69.055 -1.72707 -3.58745 -3.84247 -1.35744 4.49649 6.66725 6.42717 7.2157 6.67652 4.23404 1.24002 -0.130413 -0.774288 -2.2949 -2.88028 -2.96178 -3.64382 -3.7164 -3.31984 -1.40515 1.30442 2.74536 3.50424
69.105 -2.48133 -4.59426 -4.72501 -2.18818 3.53176 5.68259 5.76617 7.23153 7.0925 4.95551 2.45621 1.16696 0.0777058 -2.05576 -2.96261 -3.11001 -3.82808 -3.93255 -3.53826 -1.76244 0.70072 2.10187 3.00385
69.155 -3.09944 -5.37013 -5.35246 -2.85994 2.52443 4.59091 4.96867 7.00599 7.25475 5.52614 3.6527 2.4795 0.926815 -1.74111 -2.90887 -3.15644 -3.96026 -4.1171 -3.72403 -2.06459 0.162803 1.49306 2.50003
69.205 -3.58695 -5.95178 -5.78907 -3.42867 1.47219 3.39631 4.0706 6.60788 7.21096 5.93326 4.75883 3.72996 1.74743 -1.32015 -2.67909 -3.07064 -4.03674 -4.28586 -3.89523 -2.33252 -0.326457 0.913715 2.00308
69.255 -3.96526 -6.36344 -6.06906 -3.91217 0.372699 2.10155 3.10245 6.09028 6.98883 6.14786 5.70581 4.86487 2.54436 -0.767233 -2.25715 -2.82486 -4.03599 -4.43934 -4.06308 -2.59408 -0.799154 0.340811 1.50095
69.305 -4.24591 -6.55849 -6.14376 -4.27759 -0.772465 0.712967 2.0841 5.48711 6.61127 6.1473 6.41799 5.80754 3.31513 -0.0335932 -1.58976 -2.37947 -3.94824 -4.58261 -4.23542 -2.87063 -1.27636 -0.236382 0.980781
69.355 -4.40363 -6.51558 -6.00215 -4.50545 -1.91552 -0.731 1.02048 4.78987 6.08655 5.93785 6.85835 6.5174 4.06438 0.917377 -0.634776 -1.72585 -3.78511 -4.71028 -4.40294 -3.15284 -1.74207 -0.796525 0.451921
69.405 -4.42352 -6.24547 -5.66228 -4.57648 -2.95723 -2.09427 -0.0136234 3.99902 5.4065 5.53131 7.02296 6.98855 4.76502 2.02836 0.545106 -0.922253 -3.55784 -4.79276 -4.5369 -3.40905 -2.16111 -1.30535 -0.0599124
69.455 -4.3051 -5.80174 -5.18055 -4.50222 -3.80522 -3.23634 -0.935818 3.12537 4.57005 4.94999 6.94099 7.2301 5.36846 3.19988 1.84693 -0.038716 -3.26969 -4.80236 -4.61335 -3.61857 -2.51592 -1.74438 -0.534014
69.505 -4.07005 -5.25786 -4.62946 -4.32018 -4.40339 -4.07635 -1.71497 2.16842 3.58139 4.22593 6.66313 7.26325 5.83412 4.3449 3.1823 0.874383 -2.91607 -4.71886 -4.61669 -3.77598 -2.80968 -2.11234 -0.961054
69.555 -3.75925 -4.68527 -4.0774 -4.07798 -4.75545 -4.62564 -2.36568 1.14848 2.48154 3.42169 6.24909 7.10714 6.12316 5.38585 4.4752 1.78161 -2.48556 -4.52365 -4.53258 -3.88334 -3.05674 -2.41579 -1.33905
69.605 -3.42143 -4.14456 -3.58117 -3.81991 -4.89758 -4.91509 -2.8884 0.0984635 1.30769 2.57157 5.73443 6.78971 6.22535 6.27042 5.66346 2.66159 -1.95541 -4.19259 -4.3427 -3.94696 -3.27855 -2.66339 -1.67034
69.655 -3.09586 -3.6729 -3.17069 -3.56676 -4.85877 -4.96827 -3.27182 -0.923625 0.132574 1.70821 5.12023 6.32054 6.14657 6.96622 6.69633 3.50726 -1.29294 -3.70135 -4.03104 -3.95899 -3.48847 -2.87271 -1.96316
69.705 -2.80747 -3.28743 -2.85672 -3.33231 -4.68127 -4.83129 -3.51263 -1.84118 -0.933567 0.893958 4.40948 5.69213 5.8839 7.43862 7.52655 4.31453 -0.480519 -3.04545 -3.60173 -3.84012 -3.64201 -3.11363 -2.25581
69.755 -2.56882 -2.99056 -2.63566 -3.12647 -4.41291 -4.55943 -3.61866 -2.59499 -1.81482 0.165312 3.60237 4.89472 5.43367 7.66613 8.12612 5.07798 0.484648 -2.21369 -3.0274 -3.56621 -3.72612 -3.38854 -2.55982
69.805 -2.38036 -2.77078 -2.48872 -2.94872 -4.09501 -4.20708 -3.60842 -3.14911 -2.48748 -0.483745 2.70683 3.94787 4.82829 7.65961 8.48299 5.7645 1.55769 -1.23549 -2.33057 -3.16993 -3.72473 -3.63361 -2.84612
69.855 -2.23238 -2.60719 -2.38916 -2.79313 -3.76527 -3.83105 -3.51812 -3.50946 -2.97152 -1.06239 1.76438 2.92091 4.14454 7.4595 8.5906 6.31057 2.65589 -0.171543 -1.57435 -2.70993 -3.62587 -3.78412 -3.07712
69.905 -2.11185 -2.47866 -2.31416 -2.65688 -3.45895 -3.48451 -3.38797 -3.69689 -3.27181 -1.55272 0.824786 1.88459 3.43249 7.09041 8.45697 6.67508 3.72688 0.941773 -0.804407 -2.22472 -3.42955 -3.8137 -3.23215
69.955 -2.00779 -2.36843 -2.24795 -2.5387 -3.20055 -3.20312 -3.24765 -3.7375 -3.39926 -1.94092 -0.0510893 0.935911 2.75033 6.56808 8.0877 6.83598 4.71062 2.06392 -0.0251176 -1.71058 -3.13667 -3.72226 -3.30532
70.005 -1.9097 -2.26184 -2.17861 -2.43635 -3.00307 -3.00545 -3.12049 -3.66848 -3.38241 -2.22311 -0.818313 0.136495 2.13732 5.9126 7.48585 6.75789 5.57914 3.19885 0.76617 -1.16462 -2.75487 -3.51989 -3.29354
70.055 -1.80707 -2.14419 -2.09475 -2.34381 -2.86731 -2.89225 -3.01899 -3.52616 -3.25541 -2.39635 -1.44443 -0.501938 1.5878 5.13484 6.65632 6.41481 6.31031 4.3518 1.5864 -0.575244 -2.29438 -3.2216 -3.19694
70.105 -1.68759 -1.99561 -1.97944 -2.2471 -2.7831 -2.85096 -2.94482 -3.34144 -3.05432 -2.46431 -1.90857 -0.998954 1.06662 4.24928 5.63444 5.83235 6.86642 5.47162 2.42921 0.0598963 -1.76814 -2.84295 -3.01795
70.155 -1.53146 -1.77857 -1.79869 -2.11828 -2.73456 -2.86786 -2.89779 -3.14456 -2.82073 -2.44932 -2.22124 -1.39184 0.555018 3.30683 4.51355 5.11564 7.22251 6.45548 3.24306 0.710871 -1.2064 -2.40899 -2.76725
70.205 -1.30365 -1.40876 -1.47639 -1.90081 -2.70775 -2.94738 -2.89082 -2.97337 -2.60339 -2.38782 -2.40098 -1.67617 0.0837795 2.37284 3.39435 4.37888 7.34449 7.20422 4.01126 1.39325 -0.60798 -1.9416 -2.46785
70.255 -0.978023 -0.78179 -0.921216 -1.51343 -2.67626 -3.10235 -2.94395 -2.86614 -2.44719 -2.31791 -2.47228 -1.84522 -0.319242 1.51608 2.39562 3.73244 7.18973 7.59515 4.69757 2.16918 0.0965125 -1.43063 -2.13762
70.305 -0.509906 0.00549314 -0.246346 -0.996841 -2.57899 -3.27014 -3.03224 -2.83233 -2.37812 -2.27444 -2.47437 -1.92005 -0.657014 0.757291 1.55904 3.1833 6.83634 7.63773 5.19137 3.00621 0.945814 -0.850148 -1.76663
70.355 0.223943 0.964575 0.555493 -0.369699 -2.42196 -3.42234 -3.14118 -2.87397 -2.40541 -2.27928 -2.44442 -1.92938 -0.933537 0.0988273 0.875885 2.70974 6.33182 7.36803 5.41178 3.86618 1.97698 -0.167369 -1.33232
70.405 1.20378 2.17233 1.61061 0.42095 -2.22219 -3.54376 -3.25687 -2.98598 -2.52704 -2.34395 -2.41596 -1.90717 -1.15588 -0.4579 0.326436 2.27605 5.6813 6.80507 5.29927 4.69728 3.21108 0.658524 -0.79437
70.455 2.28317 3.55034 2.87939 1.34397 -1.94007 -3.54834 -3.30988 -3.12668 -2.71866 -2.4637 -2.41171 -1.88393 -1.3327 -0.907352 -0.105995 1.85205 4.90055 6.00909 4.89691 5.24575 4.5126 1.74341 -0.0795733
70.505 3.31415 4.95414 4.21027 2.30769 -1.51816 -3.33003 -3.20711 -3.23719 -2.94461 -2.61938 -2.43809 -1.87881 -1.47402 -1.25859 -0.469412 1.40197 4.04203 5.08954 4.30736 5.39604 5.66105 2.99899 0.797186
70.555 4.11169 6.18908 5.47492 3.25327 -0.9146 -2.82281 -2.87675 -3.26456 -3.17428 -2.79229 -2.49714 -1.90763 -1.59551 -1.52395 -0.781412 0.930741 3.16229 4.13493 3.61993 5.2895 6.51598 4.17435 1.73329
70.605 4.73203 7.07761 6.45839 4.13723 -0.128354 -2.05972 -2.3175 -3.16602 -3.37005 -2.96168 -2.58874 -1.98336 -1.71459 -1.71263 -1.02451 0.471983 2.30425 3.2053 2.90193 5.00843 7.03453 5.14858 2.65368
70.655 5.20268 7.65721 7.08637 4.90404 0.845821 -1.05926 -1.5663 -2.95549 -3.52325 -3.12212 -2.71568 -2.11301 -1.84504 -1.84058 -1.19381 0.0493476 1.49252 2.32826 2.19236 4.60613 7.2462 5.88609 3.5035
70.705 5.51429 7.97686 7.394 5.54038 2.02434 0.228433 -0.641044 -2.67473 -3.63184 -3.26616 -2.87312 -2.2923 -1.99228 -1.92736 -1.3001 -0.321533 0.743549 1.50989 1.50947 4.12588 7.21276 6.38822 4.23895
70.755 5.67462 8.07287 7.42023 6.02024 3.34983 1.7552 0.394373 -2.34288 -3.65657 -3.35653 -3.03523 -2.50204 -2.15092 -1.98999 -1.36228 -0.633821 0.0739995 0.758204 0.868584 3.60975 7.00551 6.67422 4.82513
70.805 5.63326 7.93502 7.23446 6.34555 4.7036 3.37928 1.44889 -1.94762 -3.54032 -3.3443 -3.17278 -2.72449 -2.31586 -2.04616 -1.40516 -0.894916 -0.511066 0.0789816 0.278928 3.0836 6.68406 6.78084 5.25284
70.855 5.42426 7.54798 6.84912 6.48662 5.94604 4.92681 2.45998 -1.43216 -3.20743 -3.16631 -3.25106 -2.94529 -2.48473 -2.11285 -1.45319 -1.11949 -1.02352 -0.536372 -0.262871 2.55008 6.28055 6.74689 5.53554
70.905 5.0982 6.94 6.26738 6.40177 6.94815 6.26698 3.40669 -0.759827 -2.63063 -2.7827 -3.22828 -3.14054 -2.64905 -2.20069 -1.52641 -1.3263 -1.47584 -1.09681 -0.766164 1.99991 5.80045 6.5976 5.69165
70.955 4.68044 6.13905 5.48473 6.04098 7.60991 7.3216 4.29364 0.0880347 -1.82143 -2.19736 -3.08581 -3.29005 -2.80072 -2.31678 -1.64061 -1.53432 -1.87714 -1.60202 -1.23196 1.42654 5.23514 6.34017 5.73309
71.005 4.14537 5.15414 4.50364 5.39523 7.89135 8.04917 5.1243 1.15307 -0.748943 -1.42585 -2.84943 -3.39073 -2.93495 -2.46245 -1.80217 -1.75174 -2.22927 -2.04375 -1.64777 0.854241 4.60635 5.98284 5.66088
71.055 3.41117 3.95137 3.31146 4.48354 7.84824 8.50805 5.88702 2.38488 0.538053 -0.536184 -2.54591 -3.41063 -3.02073 -2.61979 -2.00478 -1.97847 -2.53055 -2.41265 -1.99913 0.323184 3.96185 5.55097 5.48347
71.105 2.44787 2.52981 1.93116 3.38213 7.57936 8.75791 6.52535 3.65264 1.9227 0.39054 -2.16948 -3.29521 -3.01148 -2.76377 -2.23997 -2.21457 -2.78679 -2.71201 -2.28679 -0.148311 3.32704 5.06519 5.22227
71.155 1.38729 0.989522 0.467387 2.24069 7.13439 8.72819 6.96798 4.88208 3.31497 1.31287 -1.69357 -3.00019 -2.86379 -2.86478 -2.49603 -2.46039 -3.01191 -2.95945 -2.52945 -0.573977 2.68293 4.51353 4.89082
71.205 0.331892 -0.586468 -1.02661 1.06943 6.51412 8.43005 7.17843 5.97462 4.6289 2.22045 -1.09123 -2.51223 -2.5489 -2.88025 -2.742 -2.70572 -3.21903 -3.17767 -2.75103 -0.977684 1.99883 3.86631 4.4814
71.255 -0.665242 -2.06495 -2.43074 -0.0848711 5.72869 7.87638 7.11808 6.81151 5.74454 3.10848 -0.288079 -1.76875 -2.03542 -2.79322 -2.95633 -2.94181 -3.41989 -3.38442 -2.96436 -1.36683 1.27826 3.11971 3.97963
71.305 -1.5692 -3.35874 -3.64645 -1.14478 4.82008 7.08484 6.76933 7.29994 6.57902 3.97814 0.758251 -0.744547 -1.34099 -2.61324 -3.10735 -3.14278 -3.60926 -3.58207 -3.16478 -1.72491 0.573783 2.32771 3.39816
71.355 -2.35728 -4.44104 -4.63011 -2.06019 3.82739 6.09578 6.15413 7.44977 7.14628 4.78022 1.94507 0.455352 -0.550451 -2.34481 -3.14079 -3.2596 -3.76503 -3.7662 -3.34709 -2.03986 -0.0686834 1.556 2.77731
71.405 -3.01085 -5.28726 -5.3463 -2.80881 2.77237 4.96613 5.35054 7.32032 7.45721 5.44672 3.13828 1.69577 0.254618 -1.98984 -3.02341 -3.25135 -3.86148 -3.9335 -3.51352 -2.31492 -0.642164 0.83416 2.15954
71.455 -3.52867 -5.9276 -5.85277 -3.43813 1.67896 3.73312 4.4297 6.97801 7.52621 5.94285 4.25268 2.88604 1.04384 -1.53017 -2.73218 -3.08775 -3.87982 -4.08748 -3.67681 -2.57048 -1.1703 0.144826 1.54433
71.505 -3.92705 -6.39441 -6.20087 -3.98379 0.53921 2.39831 3.42678 6.48564 7.38703 6.23551 5.20132 3.9448 1.81927 -0.888994 -2.18335 -2.72604 -3.82711 -4.2452 -3.85295 -2.8234 -1.67194 -0.528964 0.924531
71.555 -4.23188 -6.65557 -6.35329 -4.42165 -0.657577 0.96398 2.3668 5.87908 7.05325 6.29055 5.91357 4.83012 2.59664 -0.0305206 -1.35025 -2.16947 -3.71235 -4.39312 -4.02873 -3.06434 -2.13194 -1.16828 0.312576
71.605 -4.4208 -6.67661 -6.27752 -4.71853 -1.87049 -0.548845 1.24798 5.16291 6.54668 6.11831 6.36896 5.53034 3.36114 0.998714 -0.290216 -1.4621 -3.53272 -4.49589 -4.17334 -3.2772 -2.53165 -1.74485 -0.272657
71.655 -4.47754 -6.45548 -5.97783 -4.84136 -2.99614 -2.01318 0.140689 4.35048 5.8797 5.74507 6.57027 6.02878 4.06428 2.1108 0.906776 -0.658187 -3.28655 -4.52761 -4.26255 -3.44893 -2.85979 -2.23512 -0.810405
71.705 -4.39617 -6.03989 -5.50872 -4.79582 -3.93382 -3.27945 -0.862711 3.46428 5.06258 5.19897 6.54079 6.32015 4.6592 3.2217 2.15809 0.195489 -2.97949 -4.4803 -4.28731 -3.56897 -3.1114 -2.63221 -1.28772
71.755 -4.19076 -5.50419 -4.9481 -4.62193 -4.61501 -4.24033 -1.7119 2.50529 4.09348 4.50181 6.32378 6.42715 5.12315 4.27225 3.40371 1.06578 -2.61965 -4.35588 -4.24772 -3.63141 -3.28611 -2.94074 -1.70121
71.805 -3.89721 -4.9229 -4.36938 -4.369 -5.02069 -4.87042 -2.40919 1.47849 2.99169 3.69834 5.97421 6.37779 5.44108 5.21425 4.59276 1.92417 -2.21509 -4.15868 -4.14568 -3.63609 -3.38763 -3.16631 -2.04963
71.855 -3.56318 -4.36057 -3.83495 -4.08781 -5.18939 -5.20661 -2.96147 0.417786 1.80216 2.84405 5.54169 6.19903 5.60751 6.00848 5.67617 2.74251 -1.77166 -3.89148 -3.98214 -3.58804 -3.42553 -3.3148 -2.33181
71.905 -3.23286 -3.86246 -3.38445 -3.80888 -5.15977 -5.27845 -3.36033 -0.631753 0.574805 1.96548 5.0379 5.91134 5.64312 6.64746 6.62504 3.50608 -1.28268 -3.5479 -3.75337 -3.49561 -3.41711 -3.39657 -2.54981
71.955 -2.93534 -3.45008 -3.03246 -3.54676 -4.9759 -5.13781 -3.60867 -1.59727 -0.582264 1.1213 4.46086 5.50899 5.55927 7.12562 7.41162 4.20636 -0.72436 -3.10768 -3.44827 -3.37054 -3.38804 -3.42547 -2.70785
72.005 -2.68572 -3.12856 -2.77861 -3.31383 -4.69181 -4.85173 -3.72513 -2.4218 -1.57667 0.365185 3.81107 4.97909 5.35086 7.42968 8.00555 4.84351 -0.0501483 -2.53268 -3.04726 -3.22798 -3.37089 -3.41725 -2.81419
72.055 -2.48647 -2.88895 -2.60772 -3.11423 -4.3555 -4.48261 -3.7344 -3.06865 -2.36033 -0.288775 3.07965 4.30323 5.00077 7.54417 8.38478 5.42866 0.787945 -1.78932 -2.54273 -3.03586 -3.36103 -3.41833 -2.89668
72.105 -2.32986 -2.71181 -2.49386 -2.94261 -4.00436 -4.08369 -3.66314 -3.5223 -2.93538 -0.863654 2.26985 3.49439 4.51967 7.46246 8.52885 5.94254 1.7775 -0.871501 -1.92187 -2.72823 -3.31826 -3.4726 -2.99247
72.155 -2.20186 -2.57361 -2.40968 -2.79165 -3.67028 -3.70422 -3.54594 -3.80067 -3.33159 -1.37516 1.4105 2.60417 3.94681 7.1911 8.42777 6.32299 2.84391 0.201889 -1.17523 -2.2949 -3.21964 -3.5489 -3.09982
72.205 -2.09005 -2.45542 -2.33618 -2.6584 -3.37958 -3.38355 -3.41262 -3.92381 -3.55564 -1.80964 0.550221 1.71192 3.32637 6.7283 8.07578 6.50319 3.90491 1.39617 -0.334995 -1.7705 -3.03595 -3.57494 -3.1887
72.255 -1.98503 -2.34314 -2.26141 -2.54161 -3.14883 -3.14542 -3.28551 -3.91862 -3.62148 -2.15003 -0.242671 0.922635 2.72065 6.07334 7.45146 6.42115 4.89223 2.67108 0.557852 -1.1871 -2.74453 -3.4947 -3.22525
72.305 -1.87776 -2.2236 -2.17554 -2.43798 -2.98363 -2.99721 -3.17923 -3.81664 -3.55217 -2.37904 -0.916505 0.268321 2.14216 5.24898 6.56893 6.06771 5.74564 3.95669 1.46302 -0.563474 -2.3406 -3.28629 -3.18355
72.355 -1.75784 -2.07995 -2.06467 -2.33668 -2.87675 -2.92924 -3.09673 -3.64757 -3.37941 -2.49179 -1.45145 -0.297447 1.55959 4.31856 5.51801 5.53108 6.40611 5.13364 2.33014 0.0776281 -1.84708 -2.9637 -3.05413
72.405 -1.60854 -1.88159 -1.90153 -2.21515 -2.81407 -2.92787 -3.04071 -3.44829 -3.15174 -2.50939 -1.84124 -0.780175 0.991014 3.35764 4.39673 4.90233 6.82346 6.10859 3.14156 0.735894 -1.2868 -2.55825 -2.84764
72.455 -1.39985 -1.56134 -1.62593 -2.02815 -2.78135 -2.99078 -3.02118 -3.25904 -2.92104 -2.46452 -2.08562 -1.15017 0.475184 2.43909 3.31326 4.25298 6.96615 6.812 3.88597 1.42898 -0.660654 -2.09169 -2.57971
72.505 -1.09847 -1.00227 -1.13383 -1.69235 -2.75798 -3.13212 -3.05849 -3.12126 -2.73589 -2.39651 -2.20557 -1.39443 0.0319404 1.60604 2.35073 3.64299 6.86617 7.21219 4.52009 2.15776 0.04034 -1.57293 -2.26102
72.555 -0.677878 -0.247289 -0.484259 -1.20919 -2.68492 -3.30797 -3.14055 -3.05561 -2.63058 -2.34505 -2.24187 -1.52861 -0.335234 0.870096 1.53178 3.09726 6.58507 7.32213 4.98975 2.90818 0.832087 -0.999166 -1.89446
72.605 -0.0208079 0.649549 0.25734 -0.629706 -2.54494 -3.4664 -3.24133 -3.06211 -2.61652 -2.33527 -2.23632 -1.58512 -0.632336 0.23069 0.844833 2.60955 6.16603 7.17025 5.24894 3.66249 1.73869 -0.356029 -1.47366
72.655 0.904708 1.78823 1.22967 0.103552 -2.36489 -3.60495 -3.35653 -3.14272 -2.69645 -2.38179 -2.22612 -1.60259 -0.872807 -0.314257 0.275781 2.16 5.61697 6.76636 5.25191 4.40184 2.79608 0.389239 -0.974709
72.705 1.96847 3.12625 2.43985 0.983982 -2.11766 -3.65307 -3.43043 -3.26626 -2.85442 -2.48693 -2.24037 -1.61761 -1.0721 -0.759717 -0.169712 1.74109 4.93775 6.12146 4.98431 4.96456 3.96725 1.34806 -0.336318
72.755 3.02984 4.5277 3.75236 1.93197 -1.74386 -3.50427 -3.37365 -3.37885 -3.06094 -2.63895 -2.29205 -1.6538 -1.24137 -1.1032 -0.499264 1.34008 4.15119 5.28887 4.48165 5.14913 5.09693 2.5658 0.484288
72.805 3.8867 5.83097 5.04783 2.87766 -1.1948 -3.07772 -3.10527 -3.42478 -3.28449 -2.81805 -2.38046 -1.72296 -1.39263 -1.36178 -0.757573 0.930747 3.30734 4.35965 3.8259 5.05789 6.01121 3.79226 1.40071
72.855 4.54709 6.80501 6.11988 3.78837 -0.456895 -2.38321 -2.60264 -3.35168 -3.48438 -2.99994 -2.5011 -1.83403 -1.54087 -1.55224 -0.957768 0.52337 2.46155 3.42148 3.11059 4.79722 6.61589 4.8417 2.32217
72.905 5.05615 7.46249 6.84269 4.59546 0.471034 -1.45071 -1.89815 -3.15722 -3.64085 -3.17183 -2.65205 -1.99152 -1.69725 -1.68912 -1.09984 0.135192 1.64837 2.52479 2.39036 4.4221 6.91137 5.65054 3.19004
72.955 5.40547 7.84589 7.23607 5.27913 1.61289 -0.226408 -1.00622 -2.88274 -3.75564 -3.32894 -2.83021 -2.19265 -1.86684 -1.78955 -1.19374 -0.221994 0.889858 1.69183 1.69488 3.97167 6.94517 6.20962 3.95735
73.005 5.60075 8.00374 7.33517 5.80885 2.92599 1.26399 0.0178115 -2.55359 -3.79451 -3.4372 -3.01207 -2.42047 -2.04479 -1.86773 -1.25394 -0.538789 0.205243 0.930667 1.03975 3.49024 6.7917 6.5338 4.58007
73.055 5.60835 7.92744 7.20807 6.18847 4.29434 2.88413 1.07961 -2.16475 -3.70266 -3.4488 -3.16912 -2.65813 -2.22566 -1.93756 -1.29865 -0.816328 -0.398944 0.244793 0.433797 3.00693 6.52056 6.66047 5.03982
73.105 5.4331 7.60138 6.87934 6.38612 5.58212 4.46896 2.11032 -1.66951 -3.40851 -3.30451 -3.27098 -2.89477 -2.40838 -2.0137 -1.34724 -1.06522 -0.934314 -0.374244 -0.124726 2.52621 6.17153 6.63257 5.34626
73.155 5.13424 7.04739 6.35247 6.36623 6.64894 5.86306 3.07725 -1.02176 -2.86986 -2.95534 -3.27722 -3.11163 -2.58717 -2.10539 -1.41475 -1.29886 -1.41782 -0.942272 -0.647478 2.0427 5.76208 6.48155 5.51622
73.205 4.74268 6.29462 5.62265 6.07522 7.39152 6.98696 3.98421 -0.206058 -2.10005 -2.40026 -3.1638 -3.28779 -2.75293 -2.21606 -1.51017 -1.52885 -1.86632 -1.47507 -1.14703 1.54836 5.29707 6.22566 5.56348
73.255 4.24704 5.36111 4.69512 5.49762 7.75032 7.7786 4.83292 0.827779 -1.06047 -1.64574 -2.953 -3.42386 -2.9039 -2.3467 -1.63586 -1.75978 -2.2858 -1.97458 -1.62031 1.05514 4.7965 5.88427 5.49478
73.305 3.57635 4.22296 3.56243 4.64854 7.762 8.27812 5.61699 2.05272 0.223136 -0.748973 -2.67821 -3.4979 -3.01575 -2.48008 -1.78132 -1.98695 -2.67497 -2.43589 -2.0544 0.59371 4.30538 5.49498 5.32395
73.355 2.66843 2.85674 2.22907 3.58442 7.52315 8.55711 6.29016 3.34763 1.64234 0.207473 -2.34384 -3.46284 -3.04713 -2.59081 -1.9326 -2.20449 -3.03733 -2.86323 -2.4487 0.177857 3.85408 5.0962 5.08057
73.405 1.6244 1.34595 0.787375 2.44706 7.10714 8.5834 6.777 4.60932 3.08887 1.16694 -1.92174 -3.26225 -2.95279 -2.65593 -2.08047 -2.41052 -3.38388 -3.27239 -2.81987 -0.209351 3.43346 4.70074 4.7938
73.455 0.56429 -0.228879 -0.705696 1.27914 6.51654 8.33288 7.04525 5.77012 4.48086 2.1055 -1.37538 -2.8532 -2.68897 -2.64378 -2.20931 -2.59994 -3.72566 -3.68316 -3.19161 -0.600147 3.00969 4.29602 4.47738
73.505 -0.450604 -1.74593 -2.15154 0.102236 5.75941 7.83416 7.05968 6.71101 5.7117 3.01216 -0.680601 -2.23141 -2.23341 -2.51147 -2.28279 -2.75359 -4.06493 -4.11041 -3.58253 -1.01984 2.55422 3.86472 4.13172
73.555 -1.37912 -3.08774 -3.41761 -0.984939 4.88499 7.10491 6.79062 7.31214 6.65448 3.87612 0.223928 -1.35233 -1.57488 -2.25197 -2.2791 -2.85762 -4.40397 -4.56024 -3.99404 -1.47022 2.06172 3.40021 3.75297
73.605 -2.19388 -4.21734 -4.44975 -1.92369 3.93454 6.17409 6.23865 7.54888 7.29333 4.67937 1.32326 -0.235412 -0.765101 -1.89 -2.17079 -2.88552 -4.73024 -5.02356 -4.40773 -1.92159 1.56503 2.92531 3.35008
73.655 -2.87895 -5.10323 -5.19536 -2.6747 2.922 5.09258 5.47513 7.47431 7.6481 5.36468 2.50239 0.996904 0.0933161 -1.44684 -1.91767 -2.79143 -5.01534 -5.48815 -4.81055 -2.35031 1.09582 2.46937 2.94441
73.705 -3.42524 -5.77019 -5.70884 -3.28573 1.87836 3.91362 4.59138 7.1652 7.73617 5.88614 3.65569 2.23027 0.935157 -0.926455 -1.49897 -2.53131 -5.21334 -5.93768 -5.21007 -2.77435 0.635362 2.02465 2.54385
73.755 -3.84655 -6.25293 -6.04304 -3.79427 0.800464 2.64341 3.62815 6.69741 7.60401 6.20697 4.67846 3.36902 1.75034 -0.274948 -0.871363 -2.07275 -5.29951 -6.36202 -5.61299 -3.21833 0.1464 1.5607 2.13685
73.805 -4.17323 -6.54086 -6.19277 -4.19267 -0.315251 1.29566 2.62431 6.11868 7.27183 6.29073 5.48888 4.35681 2.55597 0.551363 -0.0242372 -1.44269 -5.27795 -6.73382 -5.99762 -3.66851 -0.371078 1.06765 1.71471
73.855 -4.38701 -6.59615 -6.12638 -4.4577 -1.44652 -0.120135 1.57717 5.44159 6.7718 6.15026 6.06288 5.17974 3.34472 1.5106 0.962367 -0.733658 -5.12957 -6.97455 -6.31273 -4.10904 -0.936853 0.532683 1.27452
73.905 -4.46825 -6.41473 -5.85207 -4.57274 -2.51462 -1.50452 0.534762 4.66916 6.12039 5.81976 6.40971 5.83067 4.08103 2.52025 1.98398 -0.0318768 -4.83269 -7.00106 -6.48729 -4.5207 -1.58059 -0.0668735 0.807789
73.955 -4.4079 -6.03617 -5.4177 -4.54601 -3.43361 -2.72424 -0.425126 3.81045 5.31843 5.32153 6.54293 6.30192 4.72917 3.51425 2.98268 0.652288 -4.39889 -6.81298 -6.49666 -4.85696 -2.25663 -0.726189 0.302265
74.005 -4.21734 -5.52765 -4.89025 -4.4068 -4.13941 -3.686 -1.26356 2.85797 4.35304 4.66493 6.48587 6.60303 5.2706 4.45004 3.92834 1.32792 -3.83231 -6.4249 -6.33662 -5.088 -2.92359 -1.43173 -0.252469
74.055 -3.93023 -4.95954 -4.33408 -4.19061 -4.60291 -4.36583 -1.98965 1.81136 3.23541 3.88363 6.27066 6.73887 5.68248 5.28755 4.79724 2.00765 -3.13369 -5.85922 -6.01439 -5.18701 -3.53659 -2.16224 -0.861225
74.105 -3.59297 -4.39613 -3.80858 -3.94076 -4.84757 -4.79268 -2.61232 0.701088 2.00794 3.03126 5.93414 6.71353 5.93841 5.97692 5.54525 2.68019 -2.30108 -5.11397 -5.50799 -5.09946 -4.06566 -2.93015 -1.53352
74.155 -3.25001 -3.88523 -3.35537 -3.68666 -4.89903 -4.97738 -3.1146 -0.433773 0.708703 2.12397 5.47851 6.52951 6.03226 6.48844 6.14167 3.33726 -1.31999 -4.16169 -4.78208 -4.78706 -4.47887 -3.71741 -2.26176
74.205 -2.93219 -3.45138 -2.99107 -3.44024 -4.7845 -4.94127 -3.4728 -1.51317 -0.563154 1.20992 4.89951 6.17046 5.95195 6.80314 6.57989 3.97034 -0.212203 -3.02262 -3.86796 -4.29476 -4.74183 -4.41663 -2.97083
74.255 -2.65861 -3.10426 -2.71884 -3.21268 -4.54782 -4.73002 -3.677 -2.4578 -1.70562 0.350569 4.21658 5.63724 5.69383 6.91515 6.85756 4.55183 0.956253 -1.76045 -2.82861 -3.68008 -4.84625 -4.95937 -3.58735
74.305 -2.43675 -2.84025 -2.52864 -3.0109 -4.23766 -4.40318 -3.7425 -3.21226 -2.64414 -0.413515 3.44849 4.9407 5.26637 6.83955 6.9829 5.05635 2.10931 -0.455085 -1.72643 -2.97549 -4.78743 -5.3211 -4.07629
74.355 -2.26309 -2.64467 -2.39986 -2.835 -3.89857 -4.02255 -3.70195 -3.74457 -3.33302 -1.07041 2.59952 4.08838 4.68468 6.60297 6.96862 5.46014 3.20212 0.839849 -0.620624 -2.21259 -4.5571 -5.48319 -4.4235
74.405 -2.12618 -2.49638 -2.3074 -2.6799 -3.5659 -3.64195 -3.59313 -4.06312 -3.78445 -1.63038 1.6919 3.12332 4.00204 6.24181 6.81547 5.72241 4.18278 2.08324 0.452457 -1.42644 -4.1761 -5.43736 -4.60957
74.455 -2.01183 -2.37456 -2.23024 -2.54214 -3.2686 -3.30666 -3.45398 -4.20115 -4.02434 -2.08818 0.764492 2.10278 3.27275 5.78453 6.52684 5.81305 5.01018 3.24293 1.46638 -0.637909 -3.6738 -5.21177 -4.6384
74.505 -1.90919 -2.26386 -2.1555 -2.42095 -3.0261 -3.04531 -3.30951 -4.18821 -4.0726 -2.43138 -0.126274 1.10973 2.54594 5.23611 6.10355 5.73092 5.65838 4.28873 2.40689 0.14506 -3.06576 -4.83172 -4.52707
74.555 -1.8102 -2.15231 -2.07501 -2.31585 -2.84868 -2.87219 -3.17951 -4.06354 -3.9671 -2.65507 -0.90754 0.253486 1.89249 4.61718 5.56555 5.51924 6.0667 5.11863 3.23905 0.945894 -2.31485 -4.30218 -4.29894
74.605 -1.70438 -2.02448 -1.9774 -2.22057 -2.73595 -2.78765 -3.07811 -3.87024 -3.75607 -2.76795 -1.53658 -0.423168 1.33461 3.94891 4.93814 5.20504 6.24457 5.69778 3.90858 1.76387 -1.39822 -3.62893 -3.96968
74.655 -1.57551 -1.85376 -1.83973 -2.1167 -2.6764 -2.78035 -3.0109 -3.64717 -3.48947 -2.79166 -2.01104 -0.956928 0.845044 3.27457 4.2948 4.85628 6.21722 5.98371 4.34499 2.59585 -0.294272 -2.8228 -3.55229
74.705 -1.39449 -1.58356 -1.61084 -1.96475 -2.65377 -2.84225 -2.98535 -3.43456 -3.22083 -2.76011 -2.34687 -1.37958 0.40813 2.63625 3.70549 4.51717 6.00195 5.96175 4.50179 3.43118 0.999056 -1.8918 -3.04666
74.755 -1.12154 -1.09931 -1.18708 -1.68577 -2.65004 -2.98395 -3.01882 -3.27261 -2.99775 -2.70536 -2.55678 -1.69164 0.0191305 2.04956 3.1971 4.18706 5.63401 5.70282 4.44232 4.08855 2.34698 -0.778931 -2.41303
74.805 -0.737116 -0.373715 -0.552971 -1.23304 -2.61261 -3.18249 -3.11037 -3.18791 -2.85686 -2.65964 -2.66433 -1.89356 -0.319468 1.50373 2.72523 3.83061 5.16975 5.30254 4.23722 4.52682 3.61581 0.431824 -1.66418
74.855 -0.149857 0.487193 0.17197 -0.67173 -2.49484 -3.36363 -3.22252 -3.17732 -2.81105 -2.64628 -2.70113 -1.99987 -0.5975 0.996566 2.24174 3.41645 4.65945 4.84529 3.9516 4.7809 4.71498 1.63496 -0.831254
74.905 0.719374 1.57269 1.09543 0.0334919 -2.32579 -3.52337 -3.34865 -3.24029 -2.86077 -2.67786 -2.70114 -2.04207 -0.817844 0.539335 1.74696 2.9311 4.11307 4.37814 3.63337 4.88221 5.59299 2.76834 0.0647675
74.955 1.76613 2.87619 2.26067 0.887294 -2.10318 -3.61349 -3.44655 -3.35101 -2.9901 -2.75826 -2.69903 -2.06149 -0.9986 0.145523 1.27849 2.39701 3.51797 3.89125 3.28956 4.8583 6.24411 3.7964 0.993226
75.005 2.83869 4.27023 3.55101 1.81336 -1.78154 -3.5388 -3.43639 -3.46038 -3.17057 -2.88063 -2.71875 -2.09079 -1.15852 -0.179211 0.871844 1.86194 2.87533 3.35015 2.8996 4.72923 6.69037 4.69438 1.91263
75.055 3.76119 5.60842 4.83349 2.72896 -1.31067 -3.21248 -3.2401 -3.52078 -3.37716 -3.0341 -2.77158 -2.14687 -1.30912 -0.438524 0.542417 1.36778 2.21125 2.74301 2.44312 4.50503 6.95932 5.4444 2.78117
75.105 4.46221 6.65085 5.94544 3.61334 -0.659881 -2.61666 -2.82089 -3.48584 -3.57874 -3.2008 -2.85723 -2.23481 -1.45798 -0.646867 0.28028 0.923566 1.56457 2.11801 1.94952 4.19229 7.04739 6.02413 3.56365
75.155 5.01217 7.37244 6.73194 4.41044 0.168879 -1.79934 -2.20692 -3.33294 -3.7426 -3.36137 -2.97239 -2.35825 -1.61536 -0.82587 0.0648132 0.527736 0.952997 1.49976 1.44209 3.81577 6.9791 6.42765 4.23238
75.205 5.40792 7.81558 7.19424 5.09856 1.20885 -0.710722 -1.40571 -3.08981 -3.86772 -3.51223 -3.11847 -2.52083 -1.78935 -0.993813 -0.123422 0.173529 0.383643 0.901067 0.933345 3.39405 6.78267 6.66285 4.7745
75.255 5.64572 8.03645 7.36267 5.65361 2.45161 0.669762 -0.446635 -2.78258 -3.92572 -3.62463 -3.27745 -2.71272 -1.97681 -1.15821 -0.295983 -0.144456 -0.137794 0.335238 0.439316 2.95205 6.49229 6.74341 5.17767
75.305 5.71562 8.02825 7.29405 6.07384 3.79926 2.23263 0.58391 -2.4114 -3.86062 -3.64872 -3.41967 -2.91925 -2.17064 -1.32164 -0.460089 -0.431836 -0.610685 -0.189811 -0.0276034 2.51356 6.14694 6.69523 5.43979
75.355 5.5841 7.77906 7.02953 6.33018 5.12123 3.82527 1.60861 -1.94386 -3.60615 -3.52745 -3.5152 -3.13191 -2.3692 -1.48986 -0.62449 -0.697977 -1.04349 -0.678123 -0.468798 2.08377 5.76834 6.54684 5.57586
75.405 5.31494 7.29192 6.56629 6.38327 6.25875 5.26914 2.58588 -1.33131 -3.116 -3.20771 -3.52043 -3.33206 -2.56659 -1.6676 -0.798571 -0.955392 -1.45119 -1.14206 -0.894468 1.65386 5.35763 6.31607 5.60508
75.455 4.94765 6.59474 5.89587 6.17119 7.09127 6.4616 3.50976 -0.548901 -2.39003 -2.67753 -3.40663 -3.49804 -2.75353 -1.85669 -0.989421 -1.21509 -1.84798 -1.5944 -1.31612 1.21113 4.90631 6.00903 5.54038
75.505 4.4822 5.71036 5.02176 5.6677 7.5405 7.32464 4.38239 0.465559 -1.37641 -1.93415 -3.19286 -3.6286 -2.92662 -2.0572 -1.19949 -1.48117 -2.23633 -2.03375 -1.72899 0.763692 4.42507 5.63653 5.38653
75.555 3.86168 4.62679 3.9418 4.88354 7.62491 7.88463 5.19794 1.68865 -0.101551 -1.03588 -2.91173 -3.69857 -3.05811 -2.25065 -1.4188 -1.74748 -2.60914 -2.44958 -2.11649 0.340965 3.95463 5.23168 5.15505
75.605 3.00785 3.31172 2.65298 3.86404 7.43685 8.21573 5.91192 2.99651 1.31813 -0.0721244 -2.57065 -3.6608 -3.10606 -2.41332 -1.6364 -2.00722 -2.96264 -2.83802 -2.47186 -0.0410778 3.52422 4.82923 4.87189
75.655 1.97767 1.82332 1.22795 2.73351 7.06767 8.32287 6.44884 4.26094 2.76007 0.892301 -2.14567 -3.46059 -3.02706 -2.52729 -1.84929 -2.2598 -3.30107 -3.20546 -2.8034 -0.393113 3.12773 4.44052 4.56235
75.705 0.909956 0.254166 -0.254779 1.58187 6.53243 8.14924 6.76789 5.42864 4.14745 1.83312 -1.60154 -3.05414 -2.77921 -2.57017 -2.05335 -2.50531 -3.63162 -3.56469 -3.12987 -0.745791 2.72947 4.04903 4.23636
75.755 -0.122645 -1.29124 -1.72184 0.409485 5.8342 7.7319 6.8422 6.3908 5.38495 2.7411 -0.916416 -2.43598 -2.33821 -2.50511 -2.22399 -2.73086 -3.95277 -3.92422 -3.46626 -1.12538 2.29665 3.63354 3.8911
75.805 -1.07653 -2.68003 -3.03161 -0.691088 5.01361 7.08821 6.64467 7.02939 6.34389 3.60414 -0.0279234 -1.55734 -1.68718 -2.32762 -2.34995 -2.93021 -4.2647 -4.28521 -3.81169 -1.53668 1.81889 3.18438 3.5199
75.855 -1.92187 -3.85985 -4.11368 -1.65045 4.11603 6.24329 6.16791 7.30649 6.99419 4.408 1.07292 -0.406742 -0.858971 -2.0693 -2.4231 -3.09374 -4.55813 -4.63409 -4.14419 -1.95194 1.32504 2.72202 3.12862
75.905 -2.64509 -4.80149 -4.91341 -2.4185 3.1625 5.24816 5.47625 7.26638 7.35354 5.10043 2.28448 0.911268 0.0529678 -1.7539 -2.41359 -3.19469 -4.81667 -4.9569 -4.44175 -2.33931 0.854154 2.28169 2.73894
75.955 -3.23018 -5.51633 -5.46741 -3.03412 2.17725 4.15843 4.66413 6.9874 7.44484 5.64075 3.50249 2.27318 0.96824 -1.37363 -2.2767 -3.20068 -5.03496 -5.25764 -4.70175 -2.69456 0.415364 1.88072 2.37052
76.005 -3.68727 -6.04238 -5.83801 -3.55111 1.1465 2.96756 3.75952 6.54623 7.33117 6.01344 4.63985 3.58427 1.84766 -0.895266 -1.95985 -3.06962 -5.20095 -5.54363 -4.936 -3.04587 -0.02163 1.50775 2.02583
76.055 -4.04252 -6.39653 -6.05158 -3.97958 0.0710548 1.68654 2.79962 5.99537 7.03698 6.18202 5.61236 4.77119 2.68245 -0.293196 -1.43946 -2.75579 -5.26864 -5.8017 -5.15691 -3.44268 -0.512807 1.13486 1.69003
76.105 -4.29392 -6.52864 -6.05895 -4.28715 -1.04115 0.320499 1.79285 5.35858 6.58568 6.12757 6.34428 5.75949 3.47742 0.476738 -0.683333 -2.21576 -5.20429 -6.02512 -5.36666 -3.91721 -1.09819 0.743943 1.34234
76.155 -4.4179 -6.42432 -5.85585 -4.4524 -2.12339 -1.06148 0.762946 4.627 5.98098 5.85679 6.8013 6.51671 4.24228 1.43197 0.306067 -1.46187 -5.01329 -6.21341 -5.57337 -4.40983 -1.7189 0.325824 0.966421
76.205 -4.40215 -6.10516 -5.47026 -4.46339 -3.07157 -2.3074 -0.200521 3.80913 5.21981 5.38735 6.98449 7.03752 4.94306 2.49685 1.44023 -0.541293 -4.69127 -6.38039 -5.87462 -4.79416 -2.16023 -0.14865 0.539484
76.255 -4.25046 -5.63181 -4.96554 -4.34377 -3.80776 -3.2956 -1.03171 2.90983 4.30404 4.75264 6.94003 7.34762 5.54187 3.56618 2.58402 0.399475 -4.21105 -6.41435 -6.17944 -5.11233 -2.51826 -0.661825 0.0876509
76.305 -3.98966 -5.07817 -4.41479 -4.13938 -4.30973 -4.00427 -1.74225 1.92349 3.24838 4.00235 6.72537 7.47182 6.01288 4.56736 3.65744 1.25782 -3.60021 -6.20587 -6.28519 -5.35188 -2.95192 -1.227 -0.375679
76.355 -3.66579 -4.51341 -3.88238 -3.8959 -4.59656 -4.46403 -2.34704 0.881164 2.1004 3.19585 6.38272 7.41141 6.31504 5.44383 4.64428 2.07403 -2.90063 -5.81776 -6.21499 -5.48725 -3.36125 -1.78677 -0.845568
76.405 -3.32752 -3.99237 -3.41625 -3.6459 -4.69108 -4.68611 -2.83033 -0.173239 0.905532 2.35764 5.92757 7.18248 6.44231 6.16818 5.52557 2.84122 -2.12896 -5.26535 -5.97507 -5.52589 -3.73185 -2.31047 -1.30829
76.455 -3.01026 -3.54596 -3.039 -3.40442 -4.61918 -4.69151 -3.17472 -1.16319 -0.233263 1.54178 5.36464 6.78472 6.3925 6.72751 6.29195 3.55437 -1.3084 -4.5901 -5.6086 -5.46744 -4.02441 -2.77444 -1.75622
76.505 -2.73591 -3.18795 -2.75815 -3.18545 -4.42503 -4.52675 -3.38015 -2.02241 -1.22173 0.804107 4.70684 6.21748 6.16357 7.11719 6.9361 4.21849 -0.445182 -3.82446 -5.15268 -5.32504 -4.22292 -3.16032 -2.17248
76.555 -2.51335 -2.91668 -2.56546 -2.99616 -4.15459 -4.24612 -3.45987 -2.70788 -2.01082 0.161112 3.95516 5.47459 5.75112 7.34217 7.46551 4.85189 0.467347 -2.98362 -4.62427 -5.10788 -4.33035 -3.46598 -2.54666
76.605 -2.33932 -2.71713 -2.43867 -2.83333 -3.84658 -3.90207 -3.43498 -3.19389 -2.58851 -0.406307 3.10442 4.55877 5.16809 7.40351 7.87084 5.47066 1.4395 -2.07787 -4.03002 -4.81871 -4.35169 -3.69343 -2.87185
76.655 -2.20207 -2.56686 -2.34999 -2.68868 -3.5335 -3.54454 -3.33739 -3.49314 -2.988 -0.921104 2.18463 3.52793 4.48584 7.30457 8.10189 6.05343 2.45316 -1.13362 -3.38118 -4.46006 -4.28987 -3.84161 -3.1385
76.705 -2.08769 -2.44458 -2.27716 -2.55806 -3.24556 -3.22025 -3.20417 -3.6329 -3.2258 -1.37282 1.2393 2.4467 3.76249 7.04963 8.12212 6.57115 3.48262 -0.171878 -2.6873 -4.03632 -4.1501 -3.91193 -3.33993
76.755 -1.98564 -2.33464 -2.20631 -2.44038 -3.00388 -2.96012 -3.06167 -3.6364 -3.30745 -1.74227 0.329291 1.40998 3.05668 6.66276 7.95089 6.89511 4.44801 0.86127 -1.92926 -3.54809 -3.94243 -3.91317 -3.47705
76.805 -1.8864 -2.22359 -2.1273 -2.33384 -2.81926 -2.77966 -2.93092 -3.53739 -3.25673 -2.02095 -0.491146 0.498062 2.41496 6.1658 7.59425 6.95701 5.2962 1.9699 -1.10345 -2.99509 -3.67098 -3.85094 -3.55292
76.855 -1.77981 -2.09683 -2.02926 -2.23262 -2.69202 -2.67946 -2.82512 -3.37201 -3.10688 -2.20637 -1.19007 -0.265372 1.84357 5.57532 7.06575 6.75763 5.99325 3.12664 -0.214586 -2.37567 -3.33422 -3.72557 -3.56907
76.905 -1.65394 -1.93385 -1.89559 -2.12421 -2.61498 -2.65138 -2.75083 -3.17477 -2.89545 -2.3019 -1.7376 -0.858156 1.35475 4.92927 6.42549 6.4114 6.38559 4.12731 0.776474 -1.59556 -2.88304 -3.53396 -3.53987
76.955 -1.4869 -1.69171 -1.68878 -1.9804 -2.57727 -2.6895 -2.7151 -2.98051 -2.66432 -2.32316 -2.11829 -1.26921 0.952727 4.25752 5.72318 5.989 6.4649 4.82279 1.7377 -0.624821 -2.21198 -3.23232 -3.46114
77.005 -1.2409 -1.27193 -1.32 -1.73519 -2.56479 -2.80219 -2.7316 -2.82333 -2.45434 -2.2961 -2.35506 -1.54562 0.609362 3.59276 5.02119 5.54655 6.3224 5.16804 2.47514 0.470599 -1.26391 -2.77805 -3.30623
77.055 -0.892384 -0.59679 -0.723709 -1.31595 -2.5384 -2.98717 -2.80968 -2.73351 -2.30508 -2.25562 -2.48715 -1.73375 0.299069 2.95403 4.35869 5.10714 6.02891 5.22121 2.93546 1.5328 -0.110372 -2.13432 -3.03213
77.105 -0.373133 0.219213 -0.0294082 -0.780417 -2.4368 -3.16765 -2.91276 -2.71199 -2.23854 -2.23162 -2.54669 -1.85504 0.00185639 2.33403 3.73303 4.65765 5.64573 5.09827 3.17915 2.41524 1.09486 -1.30867 -2.60575
77.155 0.427246 1.23692 0.829612 -0.115743 -2.27753 -3.32866 -3.03211 -2.76327 -2.26731 -2.24561 -2.55887 -1.91796 -0.279262 1.72687 3.11133 4.17147 5.21274 4.881 3.26893 3.10887 2.26001 -0.369276 -2.03591
77.205 1.44526 2.49554 1.94376 0.709247 -2.07058 -3.44124 -3.14276 -2.87618 -2.38882 -2.30977 -2.55009 -1.9387 -0.530601 1.14533 2.47475 3.62448 4.72978 4.60174 3.25156 3.63549 3.33417 0.625923 -1.34325
77.255 2.52631 3.88678 3.22858 1.63466 -1.77707 -3.41649 -3.1711 -3.0061 -2.57768 -2.42128 -2.54491 -1.94446 -0.748926 0.620665 1.85839 3.03214 4.17601 4.24012 3.13059 4.01125 4.2907 1.63036 -0.560082
77.305 3.51056 5.26295 4.53199 2.56448 -1.34763 -3.15985 -3.03331 -3.10159 -2.80409 -2.56949 -2.5618 -1.96209 -0.940922 0.179785 1.31341 2.4404 3.55537 3.77504 2.8937 4.23439 5.10133 2.59951 0.275342
77.355 4.25946 6.40171 5.715 3.46068 -0.743148 -2.62341 -2.67345 -3.11742 -3.04088 -2.74141 -2.61172 -2.00985 -1.11614 -0.169926 0.868657 1.89325 2.90275 3.22231 2.55086 4.30238 5.73024 3.48347 1.11727
77.405 4.84833 7.20247 6.5895 4.27845 0.0340499 -1.85573 -2.1079 -3.01786 -3.24846 -2.91512 -2.69607 -2.09828 -1.28867 -0.44638 0.517095 1.40814 2.25457 2.61937 2.13459 4.22638 6.15885 4.24661 1.92531
77.455 5.28999 7.71243 7.12668 4.98266 1.00149 -0.852226 -1.365 -2.82 -3.41754 -3.08353 -2.81808 -2.23393 -1.47168 -0.676509 0.234102 0.982724 1.63584 2.00295 1.67949 4.02376 6.38867 4.87281 2.67259
77.505 5.57404 7.98419 7.3617 5.56087 2.17261 0.434821 -0.460685 -2.55608 -3.53278 -3.22872 -2.96785 -2.41139 -1.66846 -0.880721 -0.00376416 0.609109 1.06343 1.4043 1.21656 3.72151 6.43576 5.35049 3.33355
77.555 5.70435 8.03763 7.33846 5.99547 3.47751 1.93778 0.536274 -2.23452 -3.54465 -3.3056 -3.11696 -2.61384 -1.87297 -1.07027 -0.213368 0.27917 0.546609 0.846009 0.770624 3.35893 6.33575 5.67541 3.88302
77.605 5.62973 7.85687 7.1159 6.27946 4.79564 3.51302 1.54036 -1.83408 -3.3903 -3.26055 -3.23584 -2.82882 -2.08218 -1.25627 -0.410787 -0.0191298 0.0823997 0.334693 0.351249 2.96766 6.12916 5.85915 4.31319
77.655 5.399 7.43169 6.69825 6.37857 5.97823 4.98381 2.49863 -1.3004 -3.0051 -3.03303 -3.28505 -3.04099 -2.29346 -1.45036 -0.613191 -0.302538 -0.343474 -0.138118 -0.0470256 2.56001 5.84132 5.91794 4.63125
77.705 5.05886 6.78953 6.08032 6.23703 6.89627 6.23557 3.40177 -0.610913 -2.39008 -2.60329 -3.22383 -3.22153 -2.49528 -1.6582 -0.834203 -0.587303 -0.749011 -0.587525 -0.436116 2.13575 5.48209 5.862 4.84541
77.755 4.62308 5.95634 5.26149 5.81576 7.45811 7.18334 4.2522 0.283037 -1.51952 -1.97022 -3.05161 -3.35937 -2.6818 -1.88355 -1.08216 -0.882975 -1.14495 -1.02194 -0.821025 1.69849 5.06175 5.69817 4.95617
77.805 4.04936 4.93026 4.24144 5.11506 7.6538 7.8238 5.05673 1.39991 -0.384292 -1.16936 -2.79648 -3.43478 -2.83093 -2.11381 -1.35177 -1.18638 -1.52874 -1.43614 -1.19117 1.27185 4.61561 5.44839 4.96088
77.855 3.25555 3.67489 3.00789 4.16173 7.55698 8.22951 5.7889 2.64563 0.923235 -0.284367 -2.46981 -3.39726 -2.89581 -2.32251 -1.63174 -1.49045 -1.89628 -1.82551 -1.53791 0.875677 4.18036 5.14758 4.87243
77.905 2.25234 2.21728 1.60596 3.0519 7.25947 8.43219 6.37846 3.88253 2.27829 0.612244 -2.05564 -3.19142 -2.82533 -2.48295 -1.91588 -1.79357 -2.25102 -2.19601 -1.86704 0.505054 3.76119 4.81768 4.7148
77.955 1.18368 0.660692 0.135506 1.91618 6.79045 8.3498 6.75714 5.04468 3.60543 1.49987 -1.53509 -2.79851 -2.58614 -2.56214 -2.1903 -2.09203 -2.60004 -2.56352 -2.20046 0.126616 3.32075 4.44614 4.50275
78.005 0.139059 -0.901318 -1.34195 0.75495 6.15183 8.00991 6.8885 6.01736 4.79986 2.37037 -0.85637 -2.1799 -2.14917 -2.53681 -2.43926 -2.37958 -2.94659 -2.93874 -2.55384 -0.287155 2.82158 4.00704 4.23193
78.055 -0.835574 -2.33478 -2.69691 -0.366752 5.36052 7.42108 6.74171 6.68729 5.74689 3.22642 0.0685631 -1.25573 -1.49645 -2.42124 -2.65842 -2.65083 -3.28513 -3.31399 -2.91614 -0.723366 2.27648 3.50447 3.89568
78.105 -1.70872 -3.56916 -3.84179 -1.37022 4.46791 6.61263 6.31459 7.00376 6.40905 4.04501 1.21238 -0.0614007 -0.682874 -2.23749 -2.82199 -2.8795 -3.59151 -3.66512 -3.26015 -1.14548 1.73269 2.97597 3.50637
78.155 -2.46448 -4.57846 -4.72521 -2.19801 3.51526 5.6421 5.66187 7.01008 6.8057 4.75434 2.43571 1.26907 0.199312 -1.99528 -2.89638 -3.03512 -3.84355 -3.97363 -3.56614 -1.52802 1.22543 2.45993 3.09202
78.205 -3.08534 -5.35264 -5.34323 -2.85498 2.52729 4.57055 4.87747 6.7819 6.95139 5.30474 3.6267 2.60969 1.07648 -1.69044 -2.85292 -3.09736 -4.03543 -4.23857 -3.83029 -1.86584 0.763813 1.97663 2.68023
78.255 -3.57617 -5.92815 -5.76113 -3.39833 1.50263 3.40401 4.00146 6.39233 6.89826 5.69164 4.72233 3.88357 1.91762 -1.29609 -2.65457 -3.04334 -4.16762 -4.47092 -4.06277 -2.17484 0.326456 1.51588 2.28052
78.305 -3.95583 -6.33277 -6.02243 -3.85743 0.430041 2.13642 3.05678 5.89458 6.68552 5.90284 5.66565 5.03303 2.71535 -0.777814 -2.26741 -2.84414 -4.22811 -4.67443 -4.27261 -2.47569 -0.119441 1.05011 1.88423
78.355 -4.23722 -6.52277 -6.08249 -4.20061 -0.687585 0.774847 2.06356 5.32254 6.33789 5.92263 6.39183 5.99804 3.4709 -0.118786 -1.68877 -2.48094 -4.18819 -4.83416 -4.4581 -2.7834 -0.604821 0.546007 1.46967
78.405 -4.39531 -6.47614 -5.92907 -4.40718 -1.80137 -0.640834 1.02957 4.67017 5.86366 5.75553 6.86883 6.73853 4.19074 0.719222 -0.880491 -1.93259 -4.04058 -4.944 -4.61439 -3.1003 -1.13921 -0.0125971 1.01686
78.455 -4.41338 -6.20551 -5.5861 -4.4687 -2.82414 -1.98433 0.0211987 3.92856 5.24711 5.4096 7.08086 7.23295 4.86829 1.73699 0.154751 -1.22533 -3.799 -4.98433 -4.71626 -3.39882 -1.68974 -0.599455 0.531354
78.505 -4.2911 -5.76409 -5.1099 -4.40017 -3.67378 -3.12703 -0.889608 3.09669 4.47296 4.89199 7.0469 7.49548 5.469 2.85758 1.33898 -0.420841 -3.46758 -4.92089 -4.73094 -3.65055 -2.22368 -1.18116 0.0306677
78.555 -4.05194 -5.22371 -4.56869 -4.23428 -4.29513 -3.99172 -1.67542 2.1674 3.53449 4.22012 6.80597 7.54638 5.95028 3.98996 2.58487 0.43294 -3.03462 -4.72264 -4.6329 -3.84541 -2.73125 -1.73655 -0.471418
78.605 -3.73737 -4.65392 -4.02625 -4.01156 -4.68321 -4.58312 -2.35109 1.15543 2.46533 3.44609 6.40615 7.39501 6.26055 5.04227 3.80958 1.30488 -2.48004 -4.36368 -4.39882 -3.97905 -3.21591 -2.25506 -0.969727
78.655 -3.3952 -4.11384 -3.53683 -3.7723 -4.86608 -4.9248 -2.91497 0.0920089 1.30202 2.60473 5.88004 7.05822 6.36852 5.93809 4.93539 2.17104 -1.78522 -3.82722 -4.01876 -3.96003 -3.63679 -2.8028 -1.49616
78.705 -3.06387 -3.64027 -3.12989 -3.5354 -4.86498 -5.02824 -3.34698 -0.965965 0.110113 1.7239 5.22628 6.53784 6.26045 6.62194 5.90303 3.02239 -0.927092 -3.08583 -3.46453 -3.73772 -3.9453 -3.38869 -2.06688
78.755 -2.76842 -3.25057 -2.81604 -3.31214 -4.7146 -4.9272 -3.62817 -1.929 -0.994667 0.867102 4.44613 5.81923 5.9199 7.05072 6.68322 3.85308 0.0755118 -2.15919 -2.74694 -3.34704 -4.11789 -3.91798 -2.62401
78.805 -2.52386 -2.94968 -2.59414 -3.1127 -4.4603 -4.67081 -3.75193 -2.71327 -1.91189 0.087672 3.5529 4.90466 5.35547 7.21513 7.26217 4.63371 1.15615 -1.11704 -1.93083 -2.85277 -4.14049 -4.30063 -3.09773
78.855 -2.33305 -2.72871 -2.44818 -2.93883 -4.1464 -4.31748 -3.73822 -3.27359 -2.60408 -0.604138 2.57811 3.84633 4.63892 7.1502 7.6204 5.30756 2.23011 -0.0427835 -1.09401 -2.31532 -4.01677 -4.49545 -3.44519
78.905 -2.18654 -2.56734 -2.35254 -2.78706 -3.81607 -3.93333 -3.63443 -3.62236 -3.0868 -1.20536 1.57501 2.72658 3.86635 6.91622 7.75415 5.82342 3.22855 0.997512 -0.299183 -1.77903 -3.76542 -4.50403 -3.65489
78.955 -2.07094 -2.4442 -2.28435 -2.65556 -3.50761 -3.57645 -3.48664 -3.78631 -3.36691 -1.69647 0.598363 1.62074 3.09316 6.54701 7.6809 6.17396 4.12031 1.97004 0.432909 -1.25627 -3.40611 -4.35051 -3.73651
79.005 -1.97416 -2.34138 -2.2266 -2.54271 -3.24662 -3.28461 -3.32829 -3.79998 -3.46636 -2.07152 -0.294777 0.620982 2.37566 6.06185 7.40764 6.34643 4.89697 2.88054 1.10685 -0.746959 -2.9619 -4.0663 -3.7043
79.055 -1.88476 -2.24331 -2.16638 -2.44567 -3.04614 -3.07646 -3.18383 -3.70492 -3.42026 -2.33338 -1.06901 -0.225011 1.74297 5.48117 6.94402 6.32286 5.5608 3.75606 1.74295 -0.246416 -2.46093 -3.68676 -3.574
79.105 -1.79159 -2.13457 -2.0914 -2.35763 -2.90642 -2.95205 -3.06579 -3.54012 -3.2684 -2.48802 -1.70205 -0.909679 1.18835 4.81332 6.29699 6.08605 6.1137 4.62682 2.37158 0.258963 -1.92422 -3.24228 -3.3614
79.155 -1.68152 -1.99474 -1.98425 -2.26452 -2.81776 -2.89985 -2.97808 -3.34055 -3.0527 -2.54742 -2.17445 -1.43043 0.690386 4.05036 5.46501 5.62284 6.54669 5.5052 3.0205 0.787556 -1.36203 -2.75404 -3.08036
79.205 -1.53479 -1.7871 -1.81233 -2.14025 -2.7662 -2.90837 -2.92256 -3.13745 -2.81406 -2.53165 -2.48726 -1.80587 0.232828 3.22401 4.51934 5.03414 6.78235 6.26319 3.688 1.38595 -0.74996 -2.23625 -2.75308
79.255 -1.31581 -1.42845 -1.50087 -1.92947 -2.73796 -2.98155 -2.91107 -2.96595 -2.59745 -2.47468 -2.66715 -2.06245 -0.180249 2.39287 3.56014 4.43606 6.79561 6.77272 4.30321 2.065 -0.0563904 -1.69092 -2.39701
79.305 -0.995322 -0.810867 -0.955535 -1.5496 -2.70672 -3.13216 -2.96257 -2.86187 -2.44492 -2.41172 -2.7413 -2.20917 -0.539371 1.59945 2.6638 3.87932 6.61438 6.98408 4.77692 2.82018 0.766762 -1.097 -2.01113
79.355 -0.531473 -0.0266972 -0.283801 -1.03619 -2.61008 -3.29828 -3.05212 -2.83378 -2.38159 -2.37531 -2.74635 -2.26757 -0.846999 0.879263 1.90239 3.3914 6.25518 6.87802 5.01746 3.62863 1.76818 -0.420881 -1.5787
79.405 0.197458 0.930573 0.518886 -0.406515 -2.44956 -3.44836 -3.16373 -2.88342 -2.41788 -2.38804 -2.71802 -2.26371 -1.10299 0.251953 1.29692 2.96427 5.72633 6.46307 4.96092 4.41883 2.96278 0.391559 -1.06169
79.455 1.17687 2.13992 1.57911 0.391884 -2.24331 -3.56779 -3.28312 -3.00461 -2.55041 -2.4592 -2.68487 -2.22379 -1.30448 -0.277237 0.806841 2.55072 5.05948 5.82279 4.66537 4.91694 4.21258 1.47966 -0.375867
79.505 2.2601 3.5236 2.85717 1.32616 -1.95364 -3.57013 -3.33851 -3.1517 -2.74959 -2.57869 -2.66456 -2.17425 -1.45854 -0.721488 0.352033 2.08447 4.3002 5.05315 4.19635 5.1209 5.34917 2.69996 0.455943
79.555 3.29758 4.93272 4.19347 2.29628 -1.5283 -3.35114 -3.23639 -3.26426 -2.97802 -2.7277 -2.66754 -2.14072 -1.58124 -1.08618 -0.0830672 1.56324 3.49569 4.23211 3.62607 5.10552 6.23853 3.86486 1.36799
79.605 4.10092 6.17301 5.45723 3.23791 -0.930245 -2.84885 -2.90891 -3.29335 -3.20907 -2.89268 -2.70272 -2.14437 -1.6882 -1.36261 -0.455161 1.03244 2.68582 3.41224 3.00784 4.91548 6.81699 4.86067 2.29252
79.655 4.72522 7.06312 6.4379 4.11294 -0.157158 -2.09726 -2.35733 -3.19988 -3.40881 -3.0564 -2.77307 -2.1984 -1.7958 -1.55742 -0.738192 0.532419 1.89824 2.61941 2.37881 4.598 7.09842 5.63654 3.16217
79.705 5.20015 7.64411 7.064 4.87114 0.801392 -1.11231 -1.61717 -2.99766 -3.56972 -3.21495 -2.88237 -2.30871 -1.91762 -1.69166 -0.935194 0.0881659 1.14942 1.85285 1.75133 4.19651 7.1428 6.18776 3.92823
79.755 5.51561 7.96618 7.37263 5.50284 1.96781 0.162325 -0.701527 -2.72692 -3.69003 -3.3612 -3.02535 -2.46921 -2.05789 -1.78826 -1.06551 -0.290792 0.456918 1.11502 1.12968 3.74207 7.01154 6.52953 4.56043
79.805 5.67909 8.06601 7.40134 5.98134 3.28661 1.68225 0.328353 -2.40651 -3.73047 -3.45732 -3.17455 -2.65868 -2.20938 -1.86462 -1.1535 -0.609113 -0.163502 0.430386 0.539042 3.26223 6.7532 6.68461 5.03972
79.855 5.64112 7.93166 7.21785 6.3081 4.63933 3.30701 1.38197 -2.02498 -3.63499 -3.45502 -3.30018 -2.85867 -2.36569 -1.93613 -1.22318 -0.877998 -0.710055 -0.192685 -0.00799224 2.78189 6.41653 6.68772 5.36484
79.905 5.43392 7.54776 6.83522 6.45275 5.88579 4.86235 2.3954 -1.5262 -3.32805 -3.29235 -3.36868 -3.05559 -2.52418 -2.01738 -1.29665 -1.11391 -1.19411 -0.761072 -0.5156 2.30586 6.02865 6.57335 5.55266
79.955 5.10755 6.94294 6.25834 6.37673 6.9008 6.21669 3.3442 -0.870375 -2.77561 -2.92633 -3.33996 -3.22808 -2.67694 -2.11672 -1.39006 -1.33299 -1.63234 -1.28849 -0.995044 1.82799 5.59782 6.36451 5.62258
80.005 4.68761 6.14532 5.48301 6.03059 7.5861 7.29517 4.23395 -0.0438838 -1.99528 -2.36064 -3.19073 -3.35287 -2.81305 -2.2373 -1.51377 -1.54838 -2.04106 -1.78904 -1.45741 1.34104 5.12412 6.07294 5.58849
80.055 4.15214 5.16465 4.51004 5.40071 7.89419 8.04908 5.06835 0.997251 -0.955646 -1.60658 -2.94179 -3.42573 -2.92669 -2.37892 -1.67148 -1.76565 -2.42649 -2.2649 -1.89925 0.856916 4.62401 5.71381 5.45798
80.105 3.42048 3.96627 3.32351 4.49959 7.87071 8.52951 5.84127 2.21772 0.308524 -0.725026 -2.61996 -3.41515 -2.98594 -2.52249 -1.85515 -1.98249 -2.78784 -2.71171 -2.3087 0.401679 4.13357 5.31893 5.24578
80.155 2.45804 2.54563 1.94262 3.39881 7.61036 8.79535 6.49596 3.48893 1.68382 0.201739 -2.22211 -3.26484 -2.94096 -2.64211 -2.0593 -2.20626 -3.11936 -3.11535 -2.67747 -0.0253083 3.65125 4.91002 4.97955
80.205 1.394 1.00245 0.473517 2.25178 7.16625 8.77533 6.95424 4.72944 3.07727 1.12927 -1.72699 -2.93356 -2.7459 -2.70347 -2.26928 -2.43215 -3.42818 -3.48774 -3.02133 -0.452338 3.1453 4.47688 4.6747
80.255 0.33463 -0.578538 -1.02776 1.07373 6.54299 8.47856 7.17238 5.82973 4.39154 2.04299 -1.10258 -2.40037 -2.36898 -2.66576 -2.45679 -2.64731 -3.71659 -3.84133 -3.36026 -0.913657 2.56559 3.98214 4.32594
80.305 -0.664602 -2.06274 -2.4405 -0.0892579 5.75049 7.91737 7.10685 6.66506 5.50377 2.93941 -0.266604 -1.59558 -1.78456 -2.52425 -2.6097 -2.84605 -3.98353 -4.17367 -3.69023 -1.40452 1.901 3.40071 3.91667
80.355 -1.56841 -3.35848 -3.65897 -1.15313 4.83543 7.11363 6.74448 7.14355 6.33333 3.81683 0.808141 -0.517391 -1.03193 -2.29972 -2.70469 -3.00785 -4.21335 -4.46631 -3.98603 -1.88063 1.19918 2.7532 3.44583
80.405 -2.35532 -4.43823 -4.63584 -2.0621 3.84393 6.11674 6.11802 7.28204 6.89297 4.61789 2.00588 0.713122 -0.20624 -2.00176 -2.69694 -3.09351 -4.38483 -4.70517 -4.22989 -2.30615 0.510639 2.07807 2.93299
80.455 -3.00767 -5.2784 -5.33853 -2.79738 2.79431 4.98359 5.3078 7.15105 7.20494 5.27715 3.18873 1.9552 0.608815 -1.62944 -2.55199 -3.06778 -4.48089 -4.88853 -4.42108 -2.67197 -0.142064 1.40096 2.40134
80.505 -3.52404 -5.91058 -5.82798 -3.41015 1.70822 3.75075 4.38719 6.81828 7.28354 5.76678 4.28377 3.13216 1.39059 -1.17188 -2.26048 -2.90657 -4.48058 -5.01724 -4.5717 -2.99571 -0.775359 0.707866 1.84814
80.555 -3.92148 -6.36666 -6.1538 -3.93354 0.580482 2.42139 3.39211 6.34642 7.16442 6.05952 5.21323 4.1731 2.14564 -0.562325 -1.75668 -2.57077 -4.38471 -5.10915 -4.70049 -3.29744 -1.4042 -0.0178082 1.25632
80.605 -4.22418 -6.61693 -6.2863 -4.34937 -0.600056 0.997082 2.3461 5.77063 6.86466 6.12797 5.91033 5.03119 2.88934 0.249127 -0.993272 -2.05139 -4.21054 -5.16742 -4.80573 -3.57094 -2.00447 -0.749143 0.632751
80.655 -4.4097 -6.63042 -6.19893 -4.63107 -1.79765 -0.505007 1.24323 5.09048 6.40341 5.98388 6.3582 5.69984 3.61505 1.2287 -0.0107683 -1.38507 -3.96416 -5.16855 -4.86609 -3.79603 -2.54248 -1.44573 0.0013817
80.705 -4.46146 -6.40594 -5.89702 -4.74949 -2.91522 -1.96375 0.148394 4.3138 5.78788 5.65088 6.56195 6.1702 4.28143 2.2938 1.10751 -0.623552 -3.64752 -5.09156 -4.86284 -3.95655 -2.99479 -2.07425 -0.608748
80.755 -4.37396 -5.99016 -5.43264 -4.71014 -3.85735 -3.2369 -0.851136 3.46024 5.02444 5.15244 6.5431 6.43997 4.84487 3.36217 2.28168 0.188695 -3.26439 -4.92759 -4.78725 -4.04735 -3.35413 -2.61715 -1.17552
80.805 -4.16282 -5.45623 -4.88047 -4.54988 -4.55765 -4.22095 -1.7064 2.52961 4.10715 4.50292 6.33892 6.53035 5.28316 4.37588 3.4544 1.02267 -2.81722 -4.67361 -4.63522 -4.0736 -3.62665 -3.06777 -1.68685
80.855 -3.86518 -4.87763 -4.3108 -4.31324 -4.99099 -4.88305 -2.41795 1.52028 3.04424 3.73315 5.99556 6.46698 5.58142 5.28842 4.57808 1.85559 -2.30612 -4.32652 -4.40136 -4.04647 -3.82703 -3.4208 -2.13315
80.905 -3.52779 -4.31705 -3.78294 -4.04673 -5.18888 -5.25548 -2.99418 0.46215 1.87762 2.8964 5.55839 6.26963 5.72633 6.05412 5.59987 2.66186 -1.72888 -3.88164 -4.07949 -3.97549 -3.97418 -3.67653 -2.50638
80.955 -3.19393 -3.81929 -3.33654 -3.78076 -5.18714 -5.3629 -3.42419 -0.604584 0.648849 2.0161 5.03942 5.95473 5.72918 6.65379 6.48058 3.42811 -1.06924 -3.32743 -3.66428 -3.85819 -4.08416 -3.85354 -2.8091
81.005 -2.89231 -3.40579 -2.98622 -3.52844 -5.02449 -5.24878 -3.70281 -1.6051 -0.538579 1.14627 4.43319 5.51131 5.59291 7.07087 7.1848 4.15138 -0.301737 -2.65701 -3.16902 -3.64616 -4.13018 -4.00912 -3.0707
81.055 -2.63871 -3.08248 -2.73252 -3.3014 -4.75207 -4.97528 -3.83834 -2.46674 -1.57727 0.348064 3.73853 4.91944 5.30309 7.28256 7.6809 4.82914 0.597654 -1.84581 -2.56919 -3.31476 -4.10937 -4.16903 -3.31406
81.105 -2.43645 -2.84143 -2.56147 -3.10426 -4.41841 -4.6056 -3.85272 -3.14186 -2.40655 -0.358311 2.94774 4.1627 4.84711 7.27874 7.95416 5.44278 1.62804 -0.867701 -1.83023 -2.84518 -4.02396 -4.33601 -3.54557
81.155 -2.27819 -2.66372 -2.44777 -2.93254 -4.06307 -4.19699 -3.77646 -3.61321 -3.02309 -0.988159 2.0747 3.27171 4.26023 7.07795 7.99935 5.93584 2.71992 0.244823 -0.980515 -2.27667 -3.86075 -4.45036 -3.73782
81.205 -2.15069 -2.52675 -2.3653 -2.78101 -3.72171 -3.804 -3.64889 -3.89627 -3.44212 -1.53899 1.16158 2.31121 3.60062 6.7118 7.82383 6.24928 3.77709 1.41941 -0.0883784 -1.66488 -3.6028 -4.45156 -3.85741
81.255 -2.04196 -2.41208 -2.29566 -2.64812 -3.42327 -3.46917 -3.50246 -4.01223 -3.66789 -1.9903 0.266707 1.36813 2.92194 6.19076 7.42988 6.34856 4.74033 2.60339 0.79389 -1.04286 -3.23859 -4.30935 -3.88425
81.305 -1.94228 -2.30533 -2.22671 -2.53315 -3.18589 -3.21826 -3.36207 -3.99391 -3.72228 -2.32867 -0.541765 0.544981 2.28831 5.52435 6.80872 6.21005 5.56221 3.75567 1.64821 -0.410773 -2.76138 -4.01942 -3.81047
81.355 -1.84168 -2.19259 -2.14791 -2.43268 -3.0158 -3.05956 -3.24431 -3.87857 -3.63749 -2.54515 -1.21563 -0.123632 1.71104 4.72762 5.96705 5.82452 6.22032 4.85929 2.47013 0.230755 -2.18668 -3.59818 -3.63295
81.405 -1.72924 -2.05671 -2.04506 -2.33574 -2.90577 -2.98327 -3.15266 -3.69851 -3.45031 -2.64151 -1.73681 -0.678657 1.15223 3.84547 4.97996 5.27078 6.68674 5.84238 3.2415 0.874963 -1.54827 -3.08429 -3.36267
81.455 -1.58821 -1.86744 -1.89121 -2.21986 -2.84126 -2.97509 -3.08945 -3.49126 -3.21156 -2.64418 -2.10695 -1.13598 0.618483 2.94608 3.94905 4.66123 6.91673 6.60449 3.94961 1.53942 -0.858846 -2.51714 -3.02658
81.505 -1.38809 -1.55847 -1.62691 -2.04024 -2.80756 -3.03199 -3.06467 -3.29779 -2.97507 -2.58992 -2.33413 -1.47845 0.136564 2.08804 2.96724 4.0609 6.90852 7.08885 4.56539 2.24194 -0.106472 -1.91375 -2.64484
81.555 -1.09372 -1.01182 -1.1474 -1.71397 -2.78468 -3.16833 -3.0989 -3.15964 -2.7896 -2.51865 -2.44228 -1.6995 -0.278727 1.30998 2.11083 3.51764 6.69448 7.26772 5.02798 2.98517 0.740306 -1.26883 -2.22461
81.605 -0.679139 -0.261994 -0.503083 -1.23677 -2.71396 -3.34273 -3.18171 -3.09814 -2.68944 -2.46946 -2.47181 -1.81545 -0.621738 0.626826 1.40251 3.04488 6.31568 7.14914 5.27039 3.75354 1.71796 -0.563234 -1.76019
81.655 -0.029975 0.631403 0.23716 -0.657843 -2.57257 -3.49982 -3.28582 -3.11313 -2.6862 -2.4676 -2.46432 -1.85808 -0.893621 0.0467844 0.837987 2.62975 5.79 6.74683 5.23752 4.50416 2.85706 0.24623 -1.22743
81.705 0.891956 1.76977 1.213 0.0821845 -2.38552 -3.63603 -3.40599 -3.20537 -2.7811 -2.52593 -2.45485 -1.8634 -1.10223 -0.423775 0.403722 2.24586 5.13128 6.10979 4.95722 4.98788 4.07802 1.3284 -0.539609
81.755 1.95913 3.11454 2.43553 0.978688 -2.12567 -3.67929 -3.48333 -3.33904 -2.95222 -2.64028 -2.46654 -1.8645 -1.26436 -0.797869 0.0450233 1.83948 4.36526 5.30828 4.46968 5.15938 5.23236 2.59726 0.3072
81.805 3.02691 4.52461 3.75973 1.94119 -1.73958 -3.52322 -3.42432 -3.45373 -3.1627 -2.7921 -2.50841 -1.88631 -1.40167 -1.0963 -0.280267 1.38746 3.54092 4.43344 3.86157 5.10644 6.1583 3.83424 1.24446
81.855 3.89198 5.83487 5.0555 2.88801 -1.1872 -3.09275 -3.15156 -3.49596 -3.38341 -2.96492 -2.58436 -1.94494 -1.5297 -1.32203 -0.553569 0.921222 2.7063 3.55258 3.19877 4.88495 6.77097 4.89994 2.20372
81.905 4.55547 6.81097 6.12291 3.79009 -0.457494 -2.4035 -2.64942 -3.41996 -3.5796 -3.1393 -2.69235 -2.0472 -1.65995 -1.48304 -0.75885 0.475078 1.89979 2.70899 2.52879 4.5398 7.06862 5.72992 3.11527
81.955 5.06661 7.46681 6.8397 4.58629 0.456584 -1.48242 -1.95073 -3.22694 -3.7357 -3.30578 -2.83156 -2.19516 -1.80281 -1.59968 -0.903648 0.0684858 1.14146 1.9125 1.87241 4.1146 7.10866 6.31378 3.92354
82.005 5.41758 7.84951 7.22868 5.26201 1.58784 -0.267549 -1.06477 -2.95721 -3.85452 -3.46109 -2.99951 -2.38502 -1.96273 -1.69249 -1.00505 -0.288491 0.445704 1.15863 1.22952 3.64396 6.9634 6.66821 4.59145
82.055 5.61399 8.00812 7.32681 5.78799 2.89466 1.21794 -0.0440896 -2.63453 -3.90105 -3.5704 -3.17138 -2.59837 -2.13275 -1.77452 -1.08128 -0.597811 -0.175864 0.466516 0.622344 3.15329 6.68664 6.81973 5.09704
82.105 5.62218 7.93292 7.20041 6.1673 4.26104 2.83864 1.0181 -2.25352 -3.82065 -3.58598 -3.31826 -2.81835 -2.30588 -1.85566 -1.14873 -0.866761 -0.722906 -0.157374 0.0637686 2.66768 6.33148 6.80703 5.43651
82.155 5.44703 7.60794 6.8734 6.36727 5.55029 4.42889 2.05278 -1.76731 -3.54188 -3.44962 -3.41092 -3.03553 -2.48074 -1.94662 -1.22298 -1.10799 -1.20734 -0.721423 -0.450687 2.19253 5.9288 6.66936 5.62701
82.205 5.14721 7.0555 6.35 6.35338 6.62482 5.8335 3.02462 -1.1279 -3.01787 -3.11063 -3.41113 -3.23432 -2.65241 -2.05386 -1.31566 -1.33524 -1.64611 -1.24006 -0.932514 1.72178 5.48847 6.43371 5.6901
82.255 4.75392 6.30528 5.6261 6.07308 7.38283 6.97441 3.93647 -0.3235 -2.2649 -2.56697 -3.2925 -3.39352 -2.81134 -2.17886 -1.43377 -1.56039 -2.05635 -1.72864 -1.39429 1.24603 5.00964 6.11433 5.64246
82.305 4.25881 5.37645 4.70655 5.50852 7.76029 7.78482 4.78839 0.69402 -1.24687 -1.82288 -3.07367 -3.51369 -2.95623 -2.32266 -1.5798 -1.78923 -2.44538 -2.19052 -1.83487 0.77301 4.50569 5.7271 5.49384
82.355 3.59281 4.24574 3.58291 4.67146 7.7869 8.2981 5.57724 1.90943 0.0223427 -0.928901 -2.78866 -3.57559 -3.06483 -2.4695 -1.74454 -2.01825 -2.8123 -2.62107 -2.24198 0.330142 4.01635 5.30658 5.25977
82.405 2.6904 2.88646 2.25613 3.61393 7.55658 8.58695 6.25985 3.20696 1.43938 0.0324354 -2.44413 -3.53181 -3.09501 -2.59367 -1.91431 -2.2414 -3.15915 -3.023 -2.6138 -0.0690672 3.56966 4.88804 4.9688
82.455 1.64741 1.37905 0.816814 2.47728 7.14486 8.6227 6.75946 4.4797 2.89368 1.00122 -2.01335 -3.32456 -2.99977 -2.67126 -2.07988 -2.45621 -3.49488 -3.4098 -2.96517 -0.440657 3.15548 4.48078 4.64697
82.505 0.586151 -0.195023 -0.675651 1.30984 6.5568 8.37797 7.04016 5.65731 4.30119 1.9518 -1.46107 -2.91116 -2.73435 -2.66953 -2.2254 -2.65705 -3.82871 -3.79946 -3.3188 -0.816824 2.73854 4.06878 4.30443
82.555 -0.430589 -1.71545 -2.12516 0.130487 5.79985 7.88157 7.06381 6.61817 5.55352 2.87153 -0.761676 -2.28375 -2.27406 -2.54567 -2.31566 -2.82528 -4.16177 -4.20521 -3.69247 -1.22353 2.28861 3.63238 3.93884
82.605 -1.36133 -3.06253 -3.39746 -0.962219 4.9222 7.15088 6.80061 7.23661 6.51582 3.74941 0.152768 -1.39035 -1.60451 -2.2945 -2.3313 -2.94903 -4.49575 -4.63104 -4.0854 -1.66133 1.8014 3.16578 3.54542
82.655 -2.17812 -4.19707 -4.43544 -1.90691 3.96688 6.21505 6.2497 7.48511 7.1709 4.56734 1.26595 -0.253107 -0.779596 -1.94173 -2.24568 -3.0033 -4.81777 -5.06595 -4.47745 -2.09964 1.31156 2.69447 3.13426
82.705 -2.86523 -5.08677 -5.18454 -2.66186 2.94861 5.12509 5.48143 7.41839 7.54171 5.26688 2.45771 0.999576 0.095106 -1.50587 -2.01538 -2.94402 -5.10443 -5.49984 -4.85455 -2.51395 0.852585 2.2507 2.72836
82.755 -3.41248 -5.75555 -5.69903 -3.27579 1.89766 3.93524 4.58971 7.1149 7.64573 5.80341 3.62348 2.25144 0.950423 -0.99177 -1.61657 -2.72697 -5.31513 -5.92006 -5.22384 -2.92198 0.408215 1.83168 2.33803
82.805 -3.83417 -6.23842 -6.03172 -3.785 0.813775 2.65509 3.61918 6.65249 7.52883 6.13989 4.65994 3.40808 1.77163 -0.357085 -1.01426 -2.31364 -5.41545 -6.31514 -5.59498 -3.35856 -0.0668609 1.40728 1.95205
82.855 -4.16115 -6.52646 -6.17964 -4.18247 -0.305067 1.30024 2.61105 6.08123 7.21223 6.23894 5.48166 4.40533 2.57534 0.452821 -0.183347 -1.71815 -5.40772 -6.66222 -5.94977 -3.82301 -0.585216 0.966083 1.56031
82.905 -4.37531 -6.5818 -6.11148 -4.44558 -1.43723 -0.12025 1.56208 5.41277 6.72652 6.11026 6.05953 5.22626 3.36142 1.41319 0.82076 -1.0054 -5.29056 -6.91424 -6.25196 -4.29047 -1.13176 0.515496 1.16181
82.955 -4.45732 -6.39904 -5.83241 -4.55322 -2.49843 -1.50129 0.524699 4.65302 6.08869 5.78524 6.39742 5.8614 4.09471 2.44594 1.90648 -0.237293 -5.05659 -7.03572 -6.4742 -4.73542 -1.68465 0.0688441 0.761902
83.005 -4.3975 -6.01724 -5.38989 -4.51273 -3.39845 -2.70221 -0.415898 3.81775 5.30716 5.29426 6.5155 6.30577 4.73381 3.47149 2.99381 0.550382 -4.70008 -7.01668 -6.61078 -5.1423 -2.2231 -0.362343 0.366873
83.055 -4.2067 -5.50472 -4.85326 -4.3568 -4.07416 -3.62543 -1.21414 2.9056 4.37738 4.65754 6.44951 6.57514 5.25595 4.43524 4.03509 1.35871 -4.20899 -6.87348 -6.70059 -5.4906 -2.70103 -0.785459 -0.0291631
83.105 -3.91905 -4.93372 -4.28992 -4.12578 -4.50529 -4.25523 -1.88425 1.91325 3.30985 3.91262 6.24849 6.69852 5.65423 5.29297 4.96745 2.12507 -3.56575 -6.55273 -6.70213 -5.73651 -3.16911 -1.30686 -0.468186
83.155 -3.58132 -4.36906 -3.76052 -3.86704 -4.73033 -4.64711 -2.45938 0.858118 2.13845 3.10714 5.9474 6.68969 5.91825 6.00346 5.74331 2.81752 -2.78067 -5.98126 -6.44271 -5.80218 -3.70717 -2.00671 -0.997587
83.205 -3.23839 -3.85819 -3.30585 -3.6098 -4.77715 -4.81903 -2.93176 -0.229074 0.893708 2.24996 5.53825 6.54312 6.04104 6.54755 6.36291 3.47079 -1.85534 -5.16949 -5.90671 -5.63399 -4.217 -2.82695 -1.63024
83.255 -2.92099 -3.42508 -2.94166 -3.36431 -4.66845 -4.7873 -3.27891 -1.27357 -0.329158 1.38472 5.0092 6.23517 6.00834 6.91136 6.83161 4.09246 -0.814138 -4.15161 -5.139 -5.27245 -4.62211 -3.63293 -2.3093
83.305 -2.64783 -3.07897 -2.67065 -3.14054 -4.44367 -4.59138 -3.48878 -2.1979 -1.42907 0.571348 4.3736 5.75726 5.80888 7.08587 7.14876 4.6719 0.292193 -2.99528 -4.21095 -4.76592 -4.87774 -4.32463 -2.96827
83.355 -2.42624 -2.81621 -2.48278 -2.94448 -4.14774 -4.28425 -3.57006 -2.94623 -2.33543 -0.152823 3.64537 5.10961 5.43831 7.07704 7.32098 5.20326 1.42633 -1.76826 -3.20212 -4.15862 -4.95815 -4.84217 -3.55151
83.405 -2.25256 -2.62191 -2.35697 -2.77494 -3.82206 -3.92235 -3.54827 -3.48491 -3.00891 -0.782837 2.82474 4.2925 4.90193 6.90286 7.35865 5.66857 2.55518 -0.504836 -2.15067 -3.47494 -4.86613 -5.16625 -4.02181
83.455 -2.11536 -2.47476 -2.26748 -2.62549 -3.49975 -3.55607 -3.45598 -3.81841 -3.46422 -1.33353 1.9336 3.34919 4.25149 6.59201 7.25312 6.01419 3.62223 0.761268 -1.08336 -2.73099 -4.61251 -5.29451 -4.35389
83.505 -2.00065 -2.35389 -2.19283 -2.49184 -3.209 -3.22977 -3.32928 -3.97619 -3.72451 -1.79906 1.01266 2.34113 3.5445 6.1689 6.99737 6.19129 4.57304 1.99712 -0.0257415 -1.9462 -4.21812 -5.23829 -4.53542
83.555 -1.89736 -2.24361 -2.11948 -2.3727 -2.96936 -2.97273 -3.19364 -3.98507 -3.80382 -2.16391 0.119064 1.35329 2.82996 5.63475 6.58114 6.17141 5.37688 3.18567 1.00666 -1.13749 -3.7069 -5.01801 -4.56872
83.605 -1.79612 -2.13066 -2.0377 -2.26619 -2.79051 -2.79932 -3.06888 -3.88124 -3.73332 -2.42 -0.679951 0.482472 2.16087 4.9891 5.98874 5.92977 6.00999 4.31305 2.00193 -0.319468 -3.10028 -4.65524 -4.46471
83.655 -1.68727 -2.00052 -1.9371 -2.16706 -2.67319 -2.71085 -2.96881 -3.70339 -3.55086 -2.56278 -1.33214 -0.222176 1.56187 4.2543 5.24863 5.51042 6.41631 5.28756 2.93891 0.525276 -2.38125 -4.16241 -4.24419
83.705 -1.55732 -1.82961 -1.79813 -2.06033 -2.60887 -2.69834 -2.89988 -3.48851 -3.30039 -2.60292 -1.81845 -0.772365 1.03239 3.50185 4.47747 5.05631 6.53469 5.92448 3.71696 1.42069 -1.48002 -3.53139 -3.93055
83.755 -1.3787 -1.56385 -1.572 -1.90832 -2.58213 -2.75395 -2.86955 -3.27704 -3.03633 -2.57573 -2.15817 -1.20421 0.561741 2.78715 3.76356 4.62925 6.42098 6.19636 4.22845 2.33625 -0.37756 -2.76618 -3.53148
83.805 -1.11145 -1.09008 -1.15576 -1.63296 -2.57551 -2.88863 -2.89671 -3.11278 -2.81256 -2.52164 -2.37435 -1.52691 0.148656 2.14649 3.17867 4.25757 6.10209 6.10647 4.4153 3.2573 0.937212 -1.86633 -3.04002
83.855 -0.735677 -0.372531 -0.525395 -1.18316 -2.53947 -3.08421 -2.98421 -3.02622 -2.67042 -2.47704 -2.49183 -1.74124 -0.207545 1.57706 2.70704 3.912 5.6318 5.75751 4.34892 4.00846 2.32175 -0.790658 -2.41953
83.905 -0.161025 0.480229 0.195283 -0.624923 -2.42425 -3.26485 -3.0948 -3.01598 -2.62548 -2.46651 -2.53908 -1.85744 -0.500497 1.05738 2.25832 3.53686 5.08864 5.28199 4.13096 4.4964 3.61249 0.402515 -1.67186
83.955 0.697737 1.55598 1.11025 0.0755086 -2.25562 -3.4239 -3.22095 -3.08172 -2.67888 -2.50198 -2.54625 -1.90225 -0.730937 0.580973 1.78135 3.0943 4.51268 4.76263 3.8284 4.76852 4.72815 1.61313 -0.82034
84.005 1.74074 2.854 2.26914 0.926413 -2.03272 -3.51461 -3.32086 -3.1972 -2.81352 -2.58549 -2.54566 -1.9161 -0.915175 0.15983 1.29815 2.58239 3.90313 4.23447 3.48365 4.85973 5.61283 2.77061 0.110545
84.055 2.81404 4.24711 3.55649 1.85072 -1.7123 -3.44212 -3.31368 -3.31166 -2.99916 -2.70923 -2.56237 -1.93575 -1.07366 -0.191866 0.857967 2.03758 3.25249 3.68512 3.10233 4.8015 6.2504 3.81894 1.07499
84.105 3.74388 5.58827 4.83457 2.76206 -1.24535 -3.11862 -3.12 -3.3767 -3.21031 -2.86321 -2.61099 -1.98375 -1.2213 -0.470247 0.495053 1.51256 2.57302 3.08978 2.67177 4.62471 6.66021 4.71655 2.01578
84.155 4.4479 6.63958 5.94878 3.64219 -0.598858 -2.52335 -2.70193 -3.34743 -3.4182 -3.03268 -2.69553 -2.06928 -1.36771 -0.68486 0.215816 1.04306 1.89763 2.45402 2.18918 4.35392 6.87433 5.43846 2.8803
84.205 4.99888 7.36636 6.73975 4.43745 0.224663 -1.70649 -2.08887 -3.20101 -3.58953 -3.1978 -2.81233 -2.19482 -1.52306 -0.859403 -0.00164866 0.627961 1.25375 1.81643 1.68195 4.00497 6.90837 5.97546 3.63953
84.255 5.3964 7.81266 7.20423 5.1233 1.25749 -0.6229 -1.29174 -2.96502 -3.7226 -3.35427 -2.96186 -2.36218 -1.69522 -1.0159 -0.181163 0.260889 0.652899 1.19479 1.16708 3.59929 6.79144 6.33182 4.27598
84.305 5.63693 8.03603 7.37381 5.67531 2.49109 0.74836 -0.33985 -2.66602 -3.78959 -3.47362 -3.1259 -2.56036 -1.88126 -1.16563 -0.339047 -0.064214 0.103529 0.605401 0.663228 3.16452 6.56013 6.51817 4.77283
84.355 5.7116 8.03119 7.30547 6.09151 3.82911 2.30051 0.68211 -2.30425 -3.7348 -3.50627 -3.27466 -2.77391 -2.07416 -1.31393 -0.486315 -0.354176 -0.392319 0.0583408 0.184994 2.72735 6.25682 6.55866 5.12378
84.405 5.58492 7.78659 7.04178 6.34478 5.14282 3.88246 1.69691 -1.84742 -3.49167 -3.39524 -3.37843 -2.99393 -2.27233 -1.46818 -0.634211 -0.619695 -0.842938 -0.449317 -0.267361 2.296 5.90847 6.48334 5.34138
84.455 5.31974 7.30448 6.58106 6.39777 6.27537 5.31612 2.66246 -1.2453 -3.01117 -3.08627 -3.3943 -3.20237 -2.47027 -1.63414 -0.79357 -0.8744 -1.26381 -0.929685 -0.703255 1.86367 5.52089 6.31333 5.44448
84.505 4.95593 6.61266 5.91482 6.18876 7.10719 6.50207 3.57501 -0.475297 -2.29668 -2.56872 -3.29241 -3.37652 -2.65813 -1.81366 -0.972016 -1.13016 -1.67025 -1.39623 -1.13437 1.4184 5.08842 6.05775 5.44677
84.555 4.49507 5.73479 5.04681 5.69124 7.55971 7.3622 4.43654 0.52262 -1.30048 -1.84102 -3.08999 -3.51444 -2.83251 -2.00703 -1.17231 -1.39184 -2.06607 -1.84872 -1.55695 0.967326 4.62139 5.72766 5.35287
84.605 3.88215 4.66058 3.97603 4.91612 7.64971 7.92023 5.24214 1.72937 -0.0444919 -0.958404 -2.8192 -3.59201 -2.96672 -2.19639 -1.38478 -1.65396 -2.44523 -2.27732 -1.95476 0.539537 4.15996 5.35493 5.17224
84.655 3.03817 3.35651 2.69771 3.90589 7.46775 8.25094 5.94981 3.02485 1.35859 -0.008601 -2.48762 -3.56202 -3.01867 -2.35762 -1.59798 -1.90992 -2.80488 -2.67885 -2.32117 0.151789 3.73524 4.97546 4.92961
84.705 2.01307 1.87543 1.27946 2.77955 7.10468 8.36344 6.48561 4.28045 2.7866 0.943237 -2.0715 -3.36913 -2.94407 -2.47168 -1.80793 -2.15896 -3.15019 -3.06084 -2.66507 -0.205768 3.34402 4.60385 4.65153
84.755 0.946565 0.310783 -0.197979 1.63244 6.57606 8.19572 6.80602 5.44354 4.16339 1.873 -1.53582 -2.96957 -2.70055 -2.5151 -2.00928 -2.40076 -3.48948 -3.43789 -3.00701 -0.564371 2.95192 4.22611 4.35034
84.805 -0.0870374 -1.23572 -1.6646 0.462885 5.88418 7.78417 6.88296 6.40534 5.39505 2.77221 -0.858439 -2.35765 -2.26357 -2.45015 -2.17602 -2.62196 -3.82224 -3.82013 -3.36389 -0.951176 2.52608 3.82146 4.02457
84.855 -1.04347 -2.62961 -2.97837 -0.638387 5.06787 7.14579 6.68941 7.04652 6.3514 3.62931 0.0247031 -1.48363 -1.61587 -2.27153 -2.29551 -2.81563 -4.14924 -4.20977 -3.73584 -1.37021 2.05753 3.38064 3.66796
84.905 -1.89243 -3.81552 -4.06585 -1.60044 4.17235 6.30469 6.21656 7.32756 7.00186 4.42972 1.12106 -0.33819 -0.791056 -2.00934 -2.35724 -2.97057 -4.46092 -4.59365 -4.10154 -1.79225 1.57773 2.92524 3.28641
84.955 -2.6197 -4.76458 -4.87333 -2.37299 3.22037 5.31193 5.52733 7.29204 7.36415 5.11984 2.32655 0.972332 0.117504 -1.68554 -2.32912 -3.0585 -4.74084 -4.95859 -4.44013 -2.18443 1.12821 2.49194 2.9021
85.005 -3.20872 -5.48523 -5.43237 -2.99108 2.23573 4.2238 4.71691 7.01743 7.45925 5.65775 3.53591 2.32304 1.02881 -1.2919 -2.16528 -3.04574 -4.98377 -5.30965 -4.75054 -2.5409 0.721073 2.09956 2.53652
85.055 -3.66925 -6.01566 -5.80582 -3.50891 1.20622 3.03521 3.81432 6.58054 7.34959 6.02778 4.66221 3.61939 1.90344 -0.797433 -1.81525 -2.88923 -5.17509 -5.65333 -5.04679 -2.88799 0.327587 1.73508 2.19374
85.105 -4.02713 -6.37427 -6.02122 -3.93643 0.134696 1.75837 2.85785 6.03508 7.06002 6.19335 5.62138 4.78933 2.73351 -0.179805 -1.26085 -2.54732 -5.26556 -5.97099 -5.34103 -3.27041 -0.107337 1.3639 1.85888
85.155 -4.28183 -6.51068 -6.02964 -4.24087 -0.970141 0.400498 1.85871 5.4069 6.61507 6.13641 6.33842 5.75863 3.52369 0.605651 -0.472675 -1.99246 -5.22507 -6.24363 -5.62853 -3.71473 -0.623065 0.960678 1.51132
85.205 -4.4092 -6.41067 -5.82823 -4.40358 -2.04474 -0.972489 0.838386 4.68686 6.02055 5.86773 6.7847 6.49948 4.28364 1.57348 0.539291 -1.26451 -5.06086 -6.4374 -5.8735 -4.20227 -1.21017 0.536551 1.14589
85.255 -4.39606 -6.09629 -5.44738 -4.41793 -2.99288 -2.2171 -0.121296 3.87784 5.27112 5.40642 6.96659 7.01358 4.98591 2.65257 1.68578 -0.44197 -4.78148 -6.51526 -6.03744 -4.69904 -1.835 0.125553 0.774803
85.305 -4.24643 -5.62686 -4.94778 -4.30444 -3.73496 -3.21049 -0.953538 2.98411 4.36497 4.77869 6.91838 7.31306 5.58744 3.75082 2.87556 0.435077 -4.386 -6.48682 -6.16403 -5.13041 -2.39774 -0.283579 0.394093
85.355 -3.98763 -5.07417 -4.39701 -4.09867 -4.23038 -3.90525 -1.64663 2.0149 3.32448 4.035 6.69228 7.40832 6.04171 4.78555 4.04063 1.37581 -3.85069 -6.39423 -6.38786 -5.44928 -2.71968 -0.712341 -0.0162452
85.405 -3.66468 -4.50842 -3.86184 -3.85033 -4.50731 -4.34644 -2.22675 0.998675 2.19982 3.24292 6.34913 7.32814 6.3287 5.69066 5.08785 2.26286 -3.16885 -6.13277 -6.50401 -5.66809 -3.0531 -1.22047 -0.454086
85.455 -3.32543 -3.98513 -3.39258 -3.59779 -4.60244 -4.56836 -2.70247 -0.0401538 1.02075 2.4154 5.89753 7.09113 6.45037 6.43976 5.99747 3.07796 -2.36721 -5.63788 -6.34393 -5.73539 -3.47257 -1.82538 -0.93553
85.505 -3.00487 -3.53467 -3.01121 -3.35539 -4.53874 -4.58821 -3.05818 -1.0342 -0.121678 1.59409 5.33027 6.68633 6.3954 7.01061 6.77063 3.84295 -1.47037 -4.93801 -5.94538 -5.6583 -3.87878 -2.44535 -1.44378
85.555 -2.72536 -3.17104 -2.72506 -3.1354 -4.35413 -4.4416 -3.28295 -1.91066 -1.1294 0.837513 4.66141 6.11165 6.1578 7.38623 7.39855 4.54777 -0.516812 -4.08811 -5.37502 -5.45188 -4.20239 -3.01524 -1.95419
85.605 -2.49726 -2.89403 -2.5272 -2.94504 -4.09173 -4.17647 -3.381 -2.61653 -1.94186 0.174074 3.90089 5.36766 5.73779 7.56349 7.87314 5.20901 0.492483 -3.14073 -4.70439 -5.14726 -4.40715 -3.4897 -2.43622
85.655 -2.3186 -2.68997 -2.39682 -2.78203 -3.79033 -3.84442 -3.37123 -3.12173 -2.53995 -0.407143 3.05007 4.4636 5.15586 7.55205 8.18203 5.83472 1.56148 -2.12136 -3.96715 -4.76442 -4.49122 -3.85357 -2.86762
85.705 -2.17797 -2.53683 -2.30653 -2.63855 -3.48311 -3.49647 -3.28644 -3.43863 -2.95643 -0.929528 2.13793 3.45584 4.48123 7.37232 8.29164 6.40064 2.66467 -1.06307 -3.185 -4.31297 -4.45795 -4.10072 -3.23022
85.755 -2.06139 -2.41319 -2.23384 -2.51029 -3.20057 -3.18006 -3.16428 -3.59423 -3.20842 -1.3852 1.20426 2.40385 3.76568 7.04289 8.19263 6.86543 3.75814 0.0171568 -2.36654 -3.79737 -4.31403 -4.23123 -3.51051
85.805 -1.95807 -2.30308 -2.16444 -2.39583 -2.96393 -2.92658 -3.0314 -3.61142 -3.30178 -1.75645 0.307649 1.39843 3.06436 6.58688 7.904 7.11951 4.765 1.15069 -1.498 -3.21687 -4.07015 -4.25292 -3.70274
85.855 -1.85839 -2.19289 -2.08787 -2.29309 -2.78394 -2.75162 -2.9086 -3.52317 -3.25957 -2.03436 -0.498415 0.514992 2.41902 6.01867 7.42688 7.12433 5.64124 2.32127 -0.584952 -2.5755 -3.73518 -4.17254 -3.80457
85.905 -1.75225 -2.06812 -1.99329 -2.19627 -2.6611 -2.65607 -2.80918 -3.36556 -3.11466 -2.2148 -1.17806 -0.219252 1.83818 5.35215 6.77209 6.86947 6.35614 3.51167 0.367405 -1.87675 -3.3159 -3.99612 -3.81694
85.955 -1.62618 -1.90708 -1.86261 -2.09133 -2.58689 -2.63061 -2.73889 -3.17287 -2.90521 -2.30191 -1.70438 -0.795525 1.30914 4.58774 5.94184 6.3586 6.89068 4.69692 1.35492 -1.12006 -2.81326 -3.72516 -3.74003
86.005 -1.45776 -1.66676 -1.65737 -1.94826 -2.54759 -2.66562 -2.7005 -2.97533 -2.66878 -2.30862 -2.07011 -1.23119 0.808788 3.74292 4.97663 5.6538 7.21641 5.79018 2.34509 -0.31521 -2.23153 -3.36241 -3.57394
86.055 -1.2119 -1.25244 -1.29162 -1.70319 -2.52983 -2.76946 -2.70792 -2.80859 -2.4495 -2.26605 -2.29945 -1.55053 0.35831 2.91595 4.04482 5.00762 7.20846 6.48495 3.27922 0.631267 -1.48155 -2.90505 -3.34656
86.105 -0.866685 -0.580434 -0.69261 -1.28036 -2.49844 -2.94587 -2.77687 -2.7103 -2.29504 -2.21629 -2.42528 -1.76631 -0.0304038 2.16326 3.24417 4.47797 6.93372 6.70933 3.96403 1.69246 -0.475816 -2.31237 -3.04952
86.155 -0.357472 0.234824 0.00869065 -0.737977 -2.39361 -3.12242 -2.87616 -2.68737 -2.23308 -2.19538 -2.48375 -1.89719 -0.366119 1.50535 2.62603 4.05115 6.4583 6.51304 4.27226 2.79536 0.80965 -1.55316 -2.65135
86.205 0.432369 1.24671 0.866521 -0.0711327 -2.23114 -3.28202 -2.99681 -2.74424 -2.2745 -2.22297 -2.50031 -1.95546 -0.647842 0.928889 2.12728 3.64938 5.83669 6.0318 4.25184 3.77159 2.24453 -0.601375 -2.10688
86.255 1.44648 2.50192 1.97908 0.756487 -2.02118 -3.39641 -3.11299 -2.86611 -2.4095 -2.30233 -2.49607 -1.96049 -0.873801 0.407772 1.6334 3.19438 5.15041 5.43527 4.05008 4.41841 3.60959 0.545561 -1.38119
86.305 2.53011 3.89652 3.26948 1.69006 -1.72381 -3.37475 -3.14778 -3.00326 -2.60591 -2.42318 -2.49178 -1.94368 -1.05374 -0.0590179 1.11623 2.66435 4.43501 4.79911 3.7306 4.77799 4.78784 1.75192 -0.51346
86.355 3.52405 5.2811 4.58124 2.6301 -1.29014 -3.12025 -3.01397 -3.10045 -2.83039 -2.57133 -2.50469 -1.93654 -1.20285 -0.451598 0.623793 2.08615 3.69746 4.15309 3.33838 4.89415 5.69924 2.90609 0.438035
86.405 4.28013 6.43736 5.77667 3.53362 -0.681316 -2.58191 -2.65371 -3.11324 -3.05811 -2.73628 -2.54878 -1.9637 -1.33683 -0.755514 0.211628 1.5148 2.94938 3.49685 2.89629 4.82033 6.32233 3.92427 1.39743
86.455 4.8719 7.25093 6.66532 4.3605 0.102919 -1.80563 -2.08194 -3.00767 -3.25406 -2.90106 -2.62958 -2.04013 -1.47285 -0.980483 -0.100799 0.998734 2.20772 2.81229 2.40605 4.61612 6.69896 4.76603 2.29876
86.505 5.31609 7.76987 7.21346 5.07415 1.07689 -0.794536 -1.33101 -2.80117 -3.41054 -3.06052 -2.75064 -2.17128 -1.62355 -1.15071 -0.328585 0.550076 1.49797 2.11706 1.87804 4.30673 6.86543 5.42519 3.1108
86.555 5.60291 8.04636 7.45722 5.66154 2.25293 0.498194 -0.417663 -2.52756 -3.51472 -3.19844 -2.90163 -2.34905 -1.79138 -1.28934 -0.497847 0.165146 0.840426 1.43971 1.33883 3.91881 6.84946 5.89904 3.80979
86.605 5.73709 8.10426 7.43868 6.10225 3.56391 2.00922 0.590528 -2.19697 -3.5185 -3.27056 -3.05342 -2.55409 -1.96971 -1.41195 -0.631637 -0.162181 0.247721 0.800869 0.812927 3.49034 6.69586 6.19453 4.37239
86.655 5.6665 7.92913 7.21963 6.39183 4.89078 3.59602 1.60727 -1.7891 -3.35893 -3.22291 -3.17547 -2.77164 -2.15454 -1.53298 -0.751862 -0.444444 -0.281245 0.207212 0.311264 3.04698 6.44864 6.33566 4.79488
86.705 5.4371 7.50886 6.80536 6.49715 6.08635 5.08187 2.57849 -1.24771 -2.96787 -2.9927 -3.2277 -2.98531 -2.34244 -1.66567 -0.879051 -0.699244 -0.7603 -0.349453 -0.170717 2.59297 6.13132 6.34868 5.08999
86.755 5.09723 6.87031 6.1905 6.36234 7.01822 6.34873 3.49495 -0.547589 -2.34271 -2.55697 -3.16802 -3.16564 -2.52107 -1.81564 -1.02777 -0.94301 -1.20735 -0.883649 -0.644245 2.12171 5.75005 6.24997 5.27105
86.805 4.66373 6.03942 5.37228 5.94384 7.5905 7.31124 4.35915 0.356065 -1.46229 -1.9156 -2.99426 -3.30081 -2.68445 -1.98743 -1.20879 -1.19021 -1.62871 -1.39509 -1.10972 1.63176 5.30367 6.04658 5.34426
86.855 4.09673 5.01644 4.35124 5.24108 7.78905 7.96048 5.17474 1.48166 -0.316848 -1.1038 -2.73625 -3.37468 -2.8143 -2.17215 -1.42165 -1.44522 -2.01898 -1.86629 -1.54443 1.1491 4.81694 5.75586 5.30977
86.905 3.31269 3.76575 3.11675 4.28261 7.68846 8.36833 5.91438 2.73618 1.00308 -0.205598 -2.4084 -3.34038 -2.86741 -2.34557 -1.65672 -1.70368 -2.37576 -2.28978 -1.93375 0.699467 4.32817 5.41144 5.18093
86.955 2.31405 2.30946 1.71094 3.16324 7.38479 8.57276 6.51001 3.98152 2.37174 0.704368 -1.99479 -3.14159 -2.79415 -2.48288 -1.90836 -1.96539 -2.70342 -2.66971 -2.28117 0.279858 3.84361 5.03548 4.98284
87.005 1.24374 0.750991 0.23556 2.01902 6.91138 8.49226 6.89449 5.15395 3.71224 1.60191 -1.47359 -2.75243 -2.55819 -2.55238 -2.16373 -2.22761 -3.00907 -3.02005 -2.60751 -0.143433 3.32378 4.61344 4.7307
87.055 0.194139 -0.817602 -1.24906 0.85166 6.26965 8.15249 7.0324 6.14356 4.92796 2.48051 -0.804498 -2.14938 -2.13472 -2.52439 -2.40171 -2.48219 -3.29522 -3.35017 -2.92804 -0.597393 2.72543 4.11084 4.41775
87.105 -0.787025 -2.26113 -2.6133 -0.275623 5.47687 7.56489 6.89393 6.83718 5.90199 3.34095 0.0980632 -1.25837 -1.50571 -2.40817 -2.61672 -2.72595 -3.56081 -3.65555 -3.2337 -1.06626 2.05833 3.51972 4.03062
87.155 -1.66798 -3.50711 -3.76939 -1.28645 4.58132 6.75677 6.47562 7.17996 6.5926 4.16734 1.22167 -0.103213 -0.721508 -2.22569 -2.78336 -2.93547 -3.78891 -3.91875 -3.50127 -1.50747 1.37948 2.87653 3.57616
87.205 -2.43157 -4.53127 -4.67198 -2.12993 3.62067 5.7811 5.82664 7.21175 7.02228 4.89442 2.43423 1.18721 0.126632 -1.98314 -2.85987 -3.07567 -3.96215 -4.12979 -3.7182 -1.8927 0.737159 2.22686 3.08181
87.255 -3.05996 -5.32296 -5.31598 -2.81103 2.61589 4.69659 5.03795 7.00266 7.20259 5.47158 3.62297 2.4855 0.965567 -1.66799 -2.80428 -3.11664 -4.07703 -4.29735 -3.89051 -2.21831 0.150721 1.59975 2.57771
87.305 -3.55735 -5.91918 -5.76717 -3.38727 1.56757 3.51124 4.14948 6.62025 7.17721 5.88701 4.72026 3.71683 1.77135 -1.25119 -2.57976 -3.02911 -4.12907 -4.43667 -4.03674 -2.50279 -0.39479 0.988282 2.07222
87.355 -3.94317 -6.3454 -6.06101 -3.87861 0.471731 2.2243 3.18819 6.11745 6.97617 6.11449 5.66034 4.83141 2.5519 -0.70675 -2.1718 -2.78682 -4.09705 -4.54901 -4.17018 -2.76789 -0.926714 0.363416 1.54872
87.405 -4.23242 -6.55861 -6.1536 -4.25561 -0.672566 0.842025 2.17627 5.52895 6.6208 6.13035 6.36844 5.75426 3.30675 0.0194052 -1.52133 -2.35056 -3.97612 -4.64345 -4.30122 -3.02706 -1.45518 -0.286472 0.991384
87.455 -4.40007 -6.53551 -6.03156 -4.49982 -1.82492 -0.607505 1.11239 4.84558 6.1198 5.94077 6.81092 6.45168 4.0423 0.958254 -0.592985 -1.7159 -3.77854 -4.71335 -4.4188 -3.27223 -1.95741 -0.930055 0.412026
87.505 -4.43061 -6.28279 -5.70856 -4.58951 -2.8888 -1.99502 0.0655006 4.06531 5.46441 5.5575 6.98511 6.91951 4.73132 2.04982 0.550127 -0.936936 -3.51303 -4.72936 -4.49312 -3.48495 -2.40341 -1.51833 -0.156187
87.555 -4.3223 -5.85099 -5.23797 -4.53239 -3.76952 -3.17809 -0.880221 3.19923 4.65188 4.99963 6.91546 7.16314 5.32568 3.19824 1.81218 -0.075787 -3.18255 -4.66741 -4.50207 -3.65256 -2.78133 -2.02396 -0.685078
87.605 -4.09519 -5.31282 -4.69153 -4.36338 -4.40469 -4.06587 -1.6866 2.24651 3.6819 4.29219 6.64652 7.20074 5.78605 4.32153 3.11253 0.82275 -2.78554 -4.51338 -4.43477 -3.7674 -3.09227 -2.44491 -1.1622
87.655 -3.78869 -4.74 -4.13769 -4.12823 -4.78816 -4.65676 -2.36355 1.22395 2.59005 3.49252 6.23508 7.04973 6.07381 5.34501 4.37969 1.72469 -2.31609 -4.25572 -4.2829 -3.82656 -3.34315 -2.7878 -1.58437
87.705 -3.4511 -4.1943 -3.63482 -3.87244 -4.95423 -4.97989 -2.9111 0.164933 1.41523 2.64039 5.72124 6.73688 6.17504 6.21334 5.5497 2.60491 -1.75894 -3.87748 -4.0338 -3.8337 -3.54805 -3.05878 -1.95151
87.755 -3.12296 -3.71527 -3.21565 -3.61895 -4.93185 -5.0564 -3.31546 -0.87473 0.223789 1.76577 5.10881 6.27492 6.09705 6.89473 6.57043 3.45211 -1.08611 -3.35843 -3.6765 -3.77969 -3.71613 -3.27544 -2.26935
87.805 -2.83047 -3.32163 -2.89246 -3.38188 -4.76295 -4.93198 -3.5714 -1.81515 -0.870938 0.932368 4.40021 5.65646 5.83808 7.3554 7.39227 4.26008 -0.276255 -2.69068 -3.21405 -3.60557 -3.81418 -3.49279 -2.5681
87.855 -2.58744 -3.01725 -2.66335 -3.17231 -4.49703 -4.66408 -3.68664 -2.59276 -1.78439 0.183302 3.59603 4.87059 5.39335 7.57219 7.98211 5.02053 0.680905 -1.85433 -2.61545 -3.28664 -3.84033 -3.72508 -2.86043
87.905 -2.3952 -2.79165 -2.51073 -2.99096 -4.17732 -4.30957 -3.68111 -3.16925 -2.48686 -0.483824 2.70199 3.93273 4.79076 7.55445 8.32722 5.69994 1.74527 -0.870214 -1.89478 -2.84905 -3.78615 -3.92531 -3.12472
87.955 -2.24457 -2.62426 -2.408 -2.83226 -3.84254 -3.92665 -3.59158 -3.54788 -2.99569 -1.07874 1.75759 2.90977 4.10545 7.34437 8.42518 6.2347 2.82755 0.195886 -1.11679 -2.3529 -3.63979 -4.02976 -3.32629
88.005 -2.12254 -2.49372 -2.33178 -2.69334 -3.52906 -3.57017 -3.45945 -3.74897 -3.3154 -1.58315 0.813058 1.87243 3.38941 6.96994 8.28795 6.58435 3.86834 1.2976 -0.336736 -1.842 -3.39765 -4.00771 -3.44521
88.055 -2.01809 -2.38301 -2.26584 -2.57306 -3.26269 -3.27768 -3.31545 -3.79862 -3.45643 -1.98177 -0.0689897 0.919175 2.70202 6.44593 7.92034 6.72935 4.8158 2.39461 0.431819 -1.31831 -3.05896 -3.85784 -3.47677
88.105 -1.92061 -2.27729 -2.19801 -2.46946 -3.05766 -3.06945 -3.18397 -3.73483 -3.44805 -2.27054 -0.840902 0.117158 2.08643 5.79084 7.32281 6.63839 5.64407 3.49038 1.1954 -0.775632 -2.63261 -3.59319 -3.41998
88.155 -1.81941 -2.16173 -2.11675 -2.37675 -2.9156 -2.94737 -3.07828 -3.59476 -3.32538 -2.44711 -1.46959 -0.520881 1.53638 5.0123 6.49556 6.28387 6.33981 4.60049 1.97631 -0.200956 -2.13338 -3.23389 -3.2767
88.205 -1.70238 -2.01692 -2.00553 -2.28129 -2.82651 -2.89882 -2.99991 -3.40938 -3.12486 -2.51579 -1.93604 -1.02055 1.01268 4.12736 5.47882 5.69746 6.86845 5.67507 2.77056 0.408248 -1.57979 -2.80184 -3.05245
88.255 -1.55036 -1.80699 -1.83186 -2.15613 -2.77441 -2.90948 -2.94865 -3.20988 -2.88975 -2.50062 -2.25148 -1.41803 0.499154 3.18905 4.36734 4.98442 7.20559 6.61676 3.53376 1.02596 -1.00441 -2.32732 -2.76243
88.305 -1.32939 -1.45194 -1.52379 -1.94795 -2.74578 -2.98291 -2.93748 -3.03528 -2.67045 -2.43924 -2.4331 -1.7035 0.0326998 2.27084 3.27642 4.28343 7.28274 7.28894 4.26311 1.70466 -0.37846 -1.82832 -2.43567
88.355 -1.01068 -0.841918 -0.984913 -1.57398 -2.71612 -3.13329 -2.98691 -2.92396 -2.51146 -2.36888 -2.50479 -1.87222 -0.365719 1.42974 2.30482 3.6623 7.10391 7.61462 4.89184 2.46977 0.353318 -1.29027 -2.08215
88.405 -0.555005 -0.0628188 -0.317188 -1.06595 -2.62397 -3.30196 -3.07467 -2.88712 -2.43957 -2.32474 -2.50665 -1.94596 -0.698416 0.685927 1.49268 3.13205 6.73821 7.60326 5.31671 3.29206 1.2327 -0.685377 -1.69052
88.455 0.160717 0.881537 0.470746 -0.448847 -2.46931 -3.45479 -3.18339 -2.92584 -2.46385 -2.32902 -2.47694 -1.95468 -0.969013 0.0434599 0.832937 2.67269 6.2229 7.28557 5.46129 4.13335 2.29692 0.0209343 -1.23661
88.505 1.1299 2.07625 1.51159 0.333902 -2.2712 -3.57983 -3.30154 -3.03643 -2.58295 -2.39353 -2.44962 -1.93292 -1.18466 -0.494497 0.308534 2.25036 5.56092 6.68356 5.28466 4.89793 3.54592 0.90014 -0.667814
88.555 2.20877 3.45011 2.77506 1.25533 -1.99317 -3.59398 -3.36177 -3.17815 -2.77272 -2.51329 -2.44697 -1.91097 -1.3546 -0.92459 -0.103221 1.83392 4.7793 5.87702 4.85608 5.28316 4.80633 2.08621 0.0979531
88.605 3.25154 4.85914 4.11 2.22417 -1.57758 -3.3901 -3.2702 -3.29131 -2.99678 -2.66871 -2.47516 -1.90858 -1.49154 -1.26155 -0.4578 1.38143 3.92219 4.95676 4.2492 5.33673 5.88986 3.36941 1.0042
88.655 4.06415 6.11577 5.3888 3.17499 -0.983537 -2.89978 -2.95352 -3.3231 -3.22521 -2.84164 -2.5365 -1.94166 -1.61153 -1.51525 -0.761252 0.907767 3.04683 4.01113 3.55736 5.17163 6.66384 4.52855 1.95764
88.705 4.69513 7.02565 6.39507 4.06652 -0.207973 -2.15156 -2.40648 -3.23017 -3.42164 -3.012 -2.6304 -2.02149 -1.7303 -1.69359 -0.99368 0.448276 2.19524 3.09709 2.84363 4.85546 7.10021 5.46206 2.88424
88.755 5.17638 7.62367 7.04434 4.84122 0.753246 -1.16865 -1.66656 -3.02368 -3.57606 -3.1736 -2.75861 -2.15342 -1.86058 -1.81384 -1.1533 0.0257003 1.39039 2.23726 2.14218 4.43825 7.24204 6.14412 3.72675
88.805 5.49816 7.958 7.37183 5.48765 1.9209 0.102589 -0.749135 -2.74563 -3.68863 -3.32077 -2.91711 -2.33306 -2.00757 -1.89653 -1.2533 -0.345642 0.647858 1.43167 1.46332 3.96202 7.16085 6.58335 4.44148
88.855 5.66797 8.06865 7.41444 5.97855 3.2434 1.62238 0.285538 -2.41691 -3.72184 -3.41739 -3.08039 -2.54112 -2.16538 -1.95821 -1.31314 -0.661542 -0.0158147 0.690096 0.820355 3.46413 6.92899 6.80484 4.99641
88.905 5.63882 7.94547 7.24149 6.31638 4.60228 3.25017 1.34533 -2.02768 -3.61981 -3.41519 -3.21905 -2.75937 -2.32782 -2.01436 -1.3557 -0.930584 -0.599206 0.0212863 0.228162 2.96677 6.60175 6.84878 5.38587
88.955 5.43775 7.57227 6.8681 6.47072 5.85897 4.81413 2.36556 -1.52343 -3.30741 -3.25232 -3.30003 -2.97463 -2.49259 -2.08029 -1.40323 -1.16804 -1.1145 -0.58365 -0.317858 2.47453 6.21228 6.75544 5.62484
89.005 5.1169 6.9764 6.29903 6.40362 6.88363 6.17655 3.32056 -0.862845 -2.74926 -2.88445 -3.28271 -3.16559 -2.65196 -2.16476 -1.47201 -1.38971 -1.57933 -1.14005 -0.829749 1.98127 5.773 6.55294 5.73257
89.055 4.70293 6.18602 5.52954 6.06418 7.57659 7.26174 4.21612 -0.0309049 -1.96103 -2.31435 -3.14454 -3.31001 -2.79565 -2.27106 -1.57201 -1.60852 -2.01073 -1.66293 -1.31926 1.47961 5.28667 6.25716 5.72364
89.105 4.17534 5.21236 4.56147 5.43896 7.88899 8.01958 5.05569 1.01726 -0.910046 -1.55334 -2.90784 -3.40512 -2.9188 -2.39892 -1.70602 -1.82971 -2.41508 -2.15437 -1.78277 0.982683 4.77326 5.88714 5.60629
89.155 3.45451 4.02271 3.38099 4.54215 7.8667 8.50047 5.83187 2.24498 0.368016 -0.663084 -2.60113 -3.42166 -2.99134 -2.52913 -1.86426 -2.04953 -2.79282 -2.61158 -2.20899 0.519322 4.27501 5.47923 5.39657
89.205 2.50019 2.60881 2.00453 3.44291 7.60559 8.76651 6.49077 3.52529 1.76039 0.274421 -2.22149 -3.30419 -2.96443 -2.63364 -2.03399 -2.26307 -3.14955 -3.04215 -2.60093 0.0979832 3.815 5.06616 5.12343
89.255 1.43758 1.06774 0.535497 2.29229 7.16209 8.75319 6.95559 4.77394 3.16992 1.21113 -1.7417 -3.00115 -2.78849 -2.68054 -2.20119 -2.46534 -3.49649 -3.4662 -2.98186 -0.30767 3.37222 4.64959 4.81064
89.305 0.374791 -0.517738 -0.971767 1.10844 6.5384 8.4621 7.18492 5.89222 4.50814 2.1322 -1.13679 -2.49576 -2.42923 -2.62421 -2.33343 -2.63988 -3.83897 -3.90479 -3.38055 -0.736514 2.90334 4.20541 4.46346
89.355 -0.629961 -2.01206 -2.39632 -0.0630425 5.74744 7.90928 7.13399 6.75164 5.64944 3.02827 -0.341497 -1.73739 -1.85967 -2.44399 -2.40669 -2.77359 -4.17689 -4.36472 -3.8059 -1.20432 2.38263 3.71226 4.07517
89.405 -1.53954 -3.31722 -3.62447 -1.1319 4.8388 7.11649 6.78434 7.2483 6.4948 3.89687 0.693514 -0.699162 -1.10504 -2.16423 -2.41121 -2.86879 -4.48357 -4.80274 -4.22112 -1.69297 1.80508 3.17374 3.65009
89.455 -2.33178 -4.40501 -4.60903 -2.04341 3.85619 6.12906 6.16407 7.39522 7.05879 4.6915 1.87062 0.512633 -0.261861 -1.80475 -2.3067 -2.88657 -4.73312 -5.19554 -4.59617 -2.16601 1.21037 2.61871 3.20238
89.505 -2.98984 -5.25038 -5.31323 -2.77437 2.81827 5.00622 5.35778 7.26417 7.36477 5.34565 3.05007 1.75329 0.57474 -1.37634 -2.0638 -2.78919 -4.89778 -5.52758 -4.9205 -2.61079 0.612858 2.06105 2.7488
89.555 -3.51156 -5.88431 -5.79754 -3.37548 1.74953 3.7897 4.44508 6.92901 7.43108 5.82695 4.147 2.9325 1.37172 -0.871676 -1.67781 -2.55403 -4.94451 -5.78141 -5.19598 -3.04208 -0.0189436 1.46685 2.27994
89.605 -3.9131 -6.34061 -6.11509 -3.88403 0.642332 2.48097 3.46125 6.4552 7.29761 6.1099 5.08199 3.97948 2.13933 -0.223791 -1.0993 -2.16141 -4.8722 -5.9563 -5.42251 -3.46282 -0.705604 0.796578 1.76768
89.655 -4.21957 -6.59366 -6.24329 -4.28654 -0.514701 1.08232 2.43066 5.87842 6.98326 6.17111 5.79568 4.8592 2.89596 0.60005 -0.316366 -1.63156 -4.69746 -6.03835 -5.57814 -3.84285 -1.41507 0.0582867 1.19928
89.705 -4.40917 -6.61308 -6.15761 -4.5605 -1.69141 -0.393362 1.34545 5.19943 6.51109 6.02647 6.27496 5.56567 3.63117 1.55813 0.62212 -1.00197 -4.42568 -6.00494 -5.63789 -4.1498 -2.09876 -0.711018 0.581523
89.755 -4.46486 -6.39725 -5.86375 -4.68049 -2.79721 -1.8319 0.264674 4.42227 5.887 5.69848 6.5227 6.08737 4.30646 2.57684 1.64932 -0.30636 -4.06094 -5.8477 -5.59078 -4.36458 -2.71374 -1.46294 -0.0609099
89.805 -4.38085 -5.99046 -5.41068 -4.65038 -3.73855 -3.09464 -0.728442 3.5618 5.11148 5.20404 6.55299 6.41814 4.88353 3.58835 2.70828 0.430483 -3.61037 -5.57225 -5.43988 -4.48452 -3.23453 -2.15663 -0.698864
89.855 -4.17234 -5.46338 -4.86873 -4.50162 -4.44659 -4.07934 -1.58732 2.61557 4.17423 4.55163 6.39466 6.57365 5.34288 4.54536 3.75888 1.19294 -3.07881 -5.18695 -5.19294 -4.51701 -3.65335 -2.76588 -1.30836
89.905 -3.87554 -4.88802 -4.30558 -4.2748 -4.89314 -4.75403 -2.31382 1.58341 3.08515 3.77297 6.08832 6.57184 5.66752 5.40498 4.76091 1.96433 -2.46658 -4.69545 -4.85282 -4.4641 -3.97671 -3.28898 -1.87125
89.955 -3.53686 -4.32722 -3.78055 -4.01559 -5.10671 -5.14769 -2.91396 0.496473 1.88732 2.92272 5.6772 6.4264 5.83896 6.11984 5.66261 2.72352 -1.76827 -4.09701 -4.42019 -4.33069 -4.21066 -3.72422 -2.37911
90.005 -3.19981 -3.82658 -3.33389 -3.7541 -5.11928 -5.27795 -3.37094 -0.601601 0.624799 2.02537 5.17282 6.14925 5.86074 6.66402 6.42225 3.46045 -0.967178 -3.38164 -3.88626 -4.11542 -4.36424 -4.07544 -2.83192
90.055 -2.89343 -3.40823 -2.98092 -3.5037 -4.96787 -5.18391 -3.67484 -1.63383 -0.599252 1.13444 4.57134 5.72831 5.7288 7.01192 6.99752 4.16134 -0.0412493 -2.51471 -3.20689 -3.77848 -4.45599 -4.38777 -3.24419
90.105 -2.63339 -3.07826 -2.72218 -3.27591 -4.70303 -4.92602 -3.83246 -2.53086 -1.68597 0.304594 3.87266 5.14649 5.42868 7.14324 7.36528 4.8076 1.00982 -1.47946 -2.37372 -3.26467 -4.4565 -4.70079 -3.63194
90.155 -2.42435 -2.83004 -2.54487 -3.076 -4.37314 -4.56572 -3.86209 -3.23906 -2.56564 -0.435731 3.07566 4.3931 4.95256 7.06119 7.53059 5.37032 2.14125 -0.300555 -1.41657 -2.62614 -4.34845 -4.94428 -3.96487
90.205 -2.26088 -2.64667 -2.42585 -2.90136 -4.01936 -4.16122 -3.79352 -3.73079 -3.21259 -1.08765 2.1928 3.49292 4.3332 6.79395 7.49889 5.79997 3.26985 0.958141 -0.391938 -1.91837 -4.12517 -5.05681 -4.2042
90.255 -2.13027 -2.50599 -2.33936 -2.74689 -3.6775 -3.76768 -3.66736 -4.02218 -3.64406 -1.65118 1.26541 2.51142 3.6386 6.38476 7.27872 6.04763 4.29849 2.20852 0.63196 -1.18399 -3.78019 -5.00612 -4.32547
90.305 -2.01976 -2.3889 -2.26652 -2.61105 -3.37732 -3.42968 -3.51912 -4.13897 -3.86896 -2.10699 0.345898 1.5229 2.92136 5.85667 6.88596 6.09874 5.16558 3.38267 1.60466 -0.448233 -3.31085 -4.78278 -4.31999
90.355 -1.91947 -2.28092 -2.19526 -2.49333 -3.13733 -3.17378 -3.37368 -4.11437 -3.91195 -2.44341 -0.496277 0.632417 2.24523 5.21683 6.31653 5.94351 5.8425 4.44706 2.50196 0.2799 -2.72071 -4.39516 -4.19092
90.405 -1.82015 -2.16888 -2.11602 -2.39152 -2.96538 -3.01061 -3.24966 -3.98875 -3.81072 -2.65553 -1.2035 -0.094624 1.64672 4.48268 5.5834 5.60142 6.30136 5.35679 3.31117 1.01099 -2.0078 -3.86027 -3.94921
90.455 -1.71061 -2.0357 -2.01512 -2.2959 -2.85623 -2.93353 -3.15428 -3.79904 -3.60773 -2.74997 -1.75359 -0.680009 1.10157 3.69269 4.7503 5.14471 6.54301 6.0595 4.00294 1.7449 -1.18661 -3.21068 -3.61102
90.505 -1.57319 -1.85091 -1.86545 -2.184 -2.79538 -2.9284 -3.09065 -3.58377 -3.35516 -2.75444 -2.15257 -1.15757 0.594418 2.89844 3.89826 4.65543 6.58666 6.5104 4.54082 2.48537 -0.266143 -2.48143 -3.1972
90.555 -1.37676 -1.54911 -1.60818 -2.01124 -2.76729 -2.99083 -3.06833 -3.38441 -3.10783 -2.70633 -2.41251 -1.52532 0.136213 2.14806 3.11009 4.18672 6.43907 6.67305 4.88271 3.25134 0.779577 -1.68365 -2.72035
90.605 -1.08413 -1.01077 -1.13646 -1.69382 -2.75195 -3.13459 -3.10802 -3.24388 -2.91642 -2.64614 -2.55681 -1.77826 -0.260869 1.47947 2.46227 3.77599 6.10391 6.52077 4.97212 4.02239 1.98202 -0.790045 -2.17203
90.655 -0.671579 -0.259874 -0.488514 -1.21873 -2.69055 -3.32097 -3.20118 -3.1852 -2.81634 -2.61119 -2.61991 -1.92407 -0.582894 0.910978 1.96462 3.41709 5.61385 6.1073 4.83124 4.57714 3.25414 0.321473 -1.49487
90.705 -0.0285057 0.635152 0.258571 -0.63601 -2.55321 -3.48841 -3.31592 -3.20435 -2.81496 -2.62052 -2.63491 -1.98653 -0.829095 0.429287 1.5369 3.03972 5.01308 5.52888 4.51432 4.89156 4.46735 1.56017 -0.702301
90.755 0.890246 1.7733 1.23763 0.108565 -2.36567 -3.6312 -3.44231 -3.29561 -2.90597 -2.67985 -2.63254 -2.00248 -1.01696 0.0148435 1.11624 2.59734 4.34427 4.87519 4.09554 5.02504 5.51109 2.7898 0.173318
90.805 1.95707 3.11458 2.45361 0.999791 -2.11211 -3.68371 -3.5233 -3.42209 -3.0657 -2.78549 -2.64061 -2.01191 -1.17055 -0.334139 0.712848 2.09868 3.63444 4.19847 3.62068 5.00193 6.30923 3.92314 1.10874
90.855 3.02442 4.51692 3.76157 1.94429 -1.74582 -3.54689 -3.4728 -3.52986 -3.26305 -2.9257 -2.67559 -2.04264 -1.30913 -0.615755 0.357729 1.57843 2.9024 3.51681 3.11236 4.83929 6.83125 4.90152 2.06079
90.905 3.89605 5.82173 5.03841 2.86744 -1.22251 -3.14538 -3.2182 -3.57232 -3.475 -3.08946 -2.74479 -2.10789 -1.4441 -0.833854 0.0714622 1.08199 2.17052 2.82442 2.57529 4.56841 7.10176 5.68778 2.9674
90.955 4.56411 6.79944 6.10006 3.7521 -0.521012 -2.48671 -2.74068 -3.50539 -3.66978 -3.25974 -2.84706 -2.21147 -1.58386 -1.00278 -0.147067 0.640045 1.46587 2.12167 2.00936 4.22109 7.17535 6.27143 3.77364
91.005 5.08194 7.4617 6.8206 4.53822 0.365441 -1.6001 -2.06978 -3.32331 -3.82673 -3.42349 -2.97915 -2.35347 -1.7365 -1.14529 -0.320116 0.248946 0.808614 1.43993 1.43903 3.81036 7.07832 6.65817 4.45537
91.055 5.44067 7.85286 7.21924 5.21046 1.47138 -0.420821 -1.20962 -3.06168 -3.94658 -3.5762 -3.13874 -2.53209 -1.90618 -1.27918 -0.467986 -0.097611 0.206267 0.792919 0.879576 3.35592 6.84368 6.86087 4.99752
91.105 5.64343 8.02314 7.32989 5.74021 2.76322 1.03849 -0.206411 -2.74305 -3.99388 -3.68314 -3.30244 -2.73247 -2.08636 -1.41126 -0.602873 -0.404689 -0.335803 0.193451 0.348293 2.88701 6.51488 6.89974 5.38639
91.155 5.66186 7.96085 7.21549 6.12951 4.1273 2.64619 0.84734 -2.36248 -3.91271 -3.69547 -3.44154 -2.94012 -2.26998 -1.54497 -0.733279 -0.679045 -0.819481 -0.353664 -0.145014 2.42716 6.1353 6.80768 5.62394
91.205 5.49219 7.65007 6.90231 6.34368 5.42687 4.23935 1.88124 -1.87651 -3.63322 -3.55541 -3.52719 -3.1475 -2.45596 -1.6866 -0.868636 -0.931422 -1.25606 -0.85576 -0.604975 1.97924 5.72584 6.61646 5.72955
91.255 5.1958 7.10937 6.39156 6.34513 6.5166 5.65543 2.85834 -1.23844 -3.11146 -3.21298 -3.51951 -3.33833 -2.63889 -1.8401 -1.01726 -1.17405 -1.66118 -1.32599 -1.04255 1.53499 5.28862 6.34576 5.72445
91.305 4.80548 6.36792 5.67766 6.07841 7.2898 6.80884 3.77775 -0.432585 -2.35819 -2.66367 -3.39287 -3.49242 -2.80973 -2.00639 -1.18499 -1.41763 -2.04973 -1.77772 -1.46926 1.08337 4.8173 6.00371 5.62345
91.355 4.31362 5.44542 4.76533 5.52427 7.67927 7.62938 4.63931 0.59483 -1.32912 -1.90862 -3.16774 -3.61058 -2.96673 -2.18602 -1.37403 -1.66674 -2.42605 -2.21138 -1.88165 0.632561 4.32378 5.60339 5.43444
91.405 3.65295 4.32046 3.6473 4.69469 7.71376 8.15096 5.43823 1.82271 -0.0446929 -1.00242 -2.87781 -3.6708 -3.08506 -2.36211 -1.57502 -1.91654 -2.78596 -2.6195 -2.26565 0.210081 3.84724 5.17853 5.17239
91.455 2.75555 2.96579 2.3248 3.64209 7.4885 8.44663 6.12931 3.13019 1.38547 -0.0303247 -2.52941 -3.62546 -3.1227 -2.51028 -1.77602 -2.16067 -3.12836 -3.0015 -2.6175 -0.171028 3.41365 4.76209 4.86452
91.505 1.71243 1.45965 0.886818 2.50613 7.0834 8.49441 6.63554 4.40478 2.84706 0.946709 -2.0962 -3.41778 -3.03437 -2.61001 -1.97131 -2.3976 -3.45932 -3.36696 -2.94898 -0.525554 3.01192 4.36089 4.53444
91.555 0.649382 -0.114381 -0.604052 1.34209 6.50514 8.26257 6.92257 5.58128 4.25718 1.90261 -1.54184 -3.00276 -2.77563 -2.63378 -2.1514 -2.62472 -3.78637 -3.73005 -3.2794 -0.883666 2.60682 3.95736 4.19005
91.605 -0.370077 -1.63869 -2.05566 0.165225 5.76089 7.78328 6.95713 6.54133 5.50946 2.8249 -0.842514 -2.37337 -2.32131 -2.54137 -2.28648 -2.82631 -4.10884 -4.10082 -3.62388 -1.26982 2.16854 3.53169 3.82799
91.655 -1.30445 -2.9909 -3.33113 -0.925036 4.89863 7.0739 6.70906 7.16296 6.47296 3.70124 0.0647995 -1.48081 -1.65596 -2.32748 -2.3613 -2.99368 -4.42776 -4.48165 -3.98148 -1.68698 1.6894 3.07598 3.44223
91.705 -2.12569 -4.13006 -4.37083 -1.86517 3.96231 6.16305 6.17644 7.41556 7.12473 4.51534 1.1765 -0.330205 -0.822989 -2.02133 -2.3595 -3.11105 -4.73294 -4.86024 -4.33082 -2.10632 1.20045 2.61289 3.04066
91.755 -2.81869 -5.02404 -5.12 -2.61223 2.96624 5.10094 5.42871 7.35139 7.48668 5.21333 2.38283 0.961042 0.0769075 -1.64158 -2.24116 -3.14409 -5.0089 -5.22694 -4.65317 -2.49841 0.739027 2.17711 2.64594
91.805 -3.37184 -5.69766 -5.63714 -3.22121 1.93485 3.93817 4.55745 7.05014 7.58319 5.75738 3.58262 2.27183 0.966515 -1.17996 -1.95945 -3.05098 -5.24006 -5.58338 -4.95154 -2.86987 0.302165 1.77731 2.27368
91.855 -3.79911 -6.18739 -5.97666 -3.73195 0.86308 2.67834 3.6009 6.58822 7.46447 6.11578 4.67913 3.51297 1.81718 -0.618942 -1.49006 -2.78588 -5.38108 -5.91656 -5.23931 -3.26424 -0.159975 1.38779 1.91729
91.905 -4.1313 -6.48793 -6.13795 -4.13591 -0.245888 1.34087 2.60384 6.01922 7.15138 6.24455 5.57538 4.60004 2.6308 0.0936024 -0.795093 -2.3105 -5.39922 -6.21333 -5.51795 -3.71985 -0.697536 0.98124 1.55792
91.955 -4.3518 -6.55945 -6.08848 -4.41232 -1.37699 -0.0700269 1.56154 5.35293 6.66803 6.13961 6.21951 5.49199 3.42498 0.989194 0.128208 -1.65208 -5.29555 -6.44094 -5.7554 -4.23185 -1.3168 0.563225 1.18775
92.005 -4.44089 -6.39413 -5.82976 -4.5383 -2.44921 -1.45757 0.518107 4.58787 6.02297 5.82073 6.60237 6.18122 4.18414 2.0138 1.20204 -0.879459 -5.07349 -6.56082 -5.91286 -4.76672 -1.99078 0.161973 0.813639
92.055 -4.38944 -6.02603 -5.4015 -4.51131 -3.36226 -2.67114 -0.433891 3.743 5.22529 5.31674 6.73715 6.65958 4.85947 3.07417 2.33233 -0.0287751 -4.73523 -6.60206 -6.08255 -5.19125 -2.54042 -0.268564 0.413559
92.105 -4.20702 -5.52148 -4.87074 -4.35953 -4.04294 -3.59799 -1.23482 2.82695 4.28158 4.66047 6.66438 6.93694 5.40927 4.08631 3.44028 0.90148 -4.25087 -6.59193 -6.37983 -5.50212 -2.80749 -0.714712 -0.016918
92.155 -3.92579 -4.95407 -4.30851 -4.12815 -4.47445 -4.22433 -1.89794 1.84098 3.2129 3.90531 6.44709 7.04698 5.8216 4.9924 4.44257 1.78781 -3.60838 -6.43171 -6.62439 -5.73807 -3.0454 -1.19149 -0.449966
92.205 -3.59271 -4.39086 -3.77888 -3.86843 -4.69855 -4.6084 -2.45733 0.803805 2.05591 3.1031 6.12928 7.01174 6.08979 5.75781 5.30751 2.56958 -2.86232 -6.04328 -6.60246 -5.86084 -3.40466 -1.72656 -0.889484
92.255 -3.25426 -3.88115 -3.32407 -3.60966 -4.7412 -4.76571 -2.90122 -0.245699 0.850559 2.26999 5.71301 6.83755 6.21375 6.37182 6.04418 3.27415 -2.04775 -5.45149 -6.34019 -5.87133 -3.78947 -2.2702 -1.33713
92.305 -2.94273 -3.45079 -2.96165 -3.36389 -4.62848 -4.71849 -3.21236 -1.23025 -0.298617 1.45984 5.19723 6.51445 6.19022 6.8296 6.65684 3.9144 -1.19197 -4.72479 -5.9224 -5.77472 -4.11016 -2.77186 -1.78602
92.355 -2.677 -3.10962 -2.69532 -3.14306 -4.40423 -4.51419 -3.39181 -2.08481 -1.29842 0.727906 4.59261 6.03625 6.01397 7.13043 7.14518 4.50531 -0.299288 -3.90903 -5.40958 -5.59303 -4.3343 -3.1968 -2.21274
92.405 -2.4632 -2.85296 -2.514 -2.95286 -4.11383 -4.20779 -3.45508 -2.7691 -2.10002 0.0923779 3.89977 5.39303 5.67503 7.28045 7.52075 5.07099 0.641633 -3.02313 -4.8287 -5.34048 -4.46154 -3.53737 -2.60275
92.455 -2.29634 -2.66438 -2.3947 -2.78993 -3.79568 -3.85151 -3.42433 -3.25799 -2.6864 -0.462366 3.10806 4.57527 5.16909 7.28007 7.78286 5.63563 1.65014 -2.07305 -4.1864 -5.02 -4.49727 -3.79542 -2.94807
92.505 -2.16409 -2.5214 -2.31007 -2.64573 -3.47995 -3.49151 -3.32762 -3.56021 -3.08741 -0.962821 2.23748 3.62602 4.54638 7.12822 7.88803 6.18071 2.71216 -1.07896 -3.48832 -4.62963 -4.44294 -3.96917 -3.23766
92.555 -2.0525 -2.40301 -2.23823 -2.51524 -3.1936 -3.17005 -3.19849 -3.70356 -3.3261 -1.40455 1.32902 2.60918 3.86573 6.83279 7.80639 6.64522 3.77943 -0.0493106 -2.73644 -4.16902 -4.30186 -4.05798 -3.46136
92.605 -1.95105 -2.29391 -2.16596 -2.39719 -2.956 -2.91592 -3.06186 -3.71123 -3.40911 -1.76847 0.442872 1.61962 3.18835 6.4146 7.54998 6.88536 4.76728 1.06963 -1.90959 -3.63552 -4.08212 -4.06871 -3.61695
92.655 -1.85031 -2.18079 -2.08338 -2.28959 -2.77676 -2.74336 -2.93757 -3.61568 -3.35927 -2.04429 -0.361541 0.74477 2.56032 5.8773 7.10438 6.85924 5.63125 2.26329 -1.00957 -3.02803 -3.78531 -4.00347 -3.70331
92.705 -1.73982 -2.0485 -1.97936 -2.18641 -2.65602 -2.65316 -2.839 -3.45268 -3.20845 -2.22534 -1.04249 0.0202751 1.99235 5.22717 6.46859 6.55872 6.33521 3.50482 -0.0394512 -2.34318 -3.40849 -3.86085 -3.71921
92.755 -1.60498 -1.87282 -1.83367 -2.0721 -2.58483 -2.63596 -2.77159 -3.25529 -2.9925 -2.31176 -1.57072 -0.551374 1.46642 4.46922 5.65222 6.00572 6.843 4.73545 0.991597 -1.57472 -2.94363 -3.63474 -3.66062
92.805 -1.42273 -1.6047 -1.60279 -1.91352 -2.55053 -2.68475 -2.73973 -3.05494 -2.74981 -2.31649 -1.9406 -0.98858 0.984434 3.68284 4.79603 5.42918 6.98352 5.62959 2.06246 -0.620472 -2.31488 -3.3178 -3.54504
92.855 -1.1557 -1.13494 -1.18732 -1.6353 -2.53686 -2.81034 -2.76058 -2.89214 -2.53059 -2.27634 -2.17902 -1.31789 0.555143 2.94225 4.01778 4.93308 6.82179 6.04756 2.93902 0.484648 -1.42804 -2.86479 -3.36236
92.905 -0.784642 -0.422663 -0.557913 -1.1835 -2.49648 -2.9981 -2.8395 -2.80022 -2.38149 -2.23385 -2.31935 -1.55354 0.175845 2.28081 3.38812 4.5226 6.44998 6.03488 3.46055 1.64674 -0.252255 -2.23424 -3.07989
92.955 -0.219789 0.421276 0.156653 -0.627635 -2.38032 -3.17347 -2.94157 -2.78221 -2.32606 -2.22057 -2.39003 -1.70218 -0.156426 1.69283 2.88642 4.14968 5.93672 5.73821 3.66561 2.6447 1.06914 -1.37814 -2.64369
93.005 0.630012 1.48569 1.05994 0.0654116 -2.21324 -3.33035 -3.06256 -2.84361 -2.37372 -2.25388 -2.41497 -1.77463 -0.437146 1.14632 2.39875 3.73767 5.35706 5.30483 3.64996 3.42122 2.38481 -0.371465 -2.05147
93.055 1.67042 2.77883 2.21401 0.91392 -1.9922 -3.42341 -3.16391 -2.96227 -2.51155 -2.33768 -2.42059 -1.79804 -0.667509 0.632711 1.86789 3.24695 4.74608 4.81485 3.48811 3.99966 3.60358 0.694186 -1.32477
93.105 2.74735 4.17639 3.50833 1.84457 -1.67267 -3.35641 -3.16342 -3.08583 -2.70713 -2.46274 -2.43067 -1.80756 -0.859051 0.173566 1.32924 2.68837 4.09774 4.2897 3.22533 4.38501 4.6544 1.75206 -0.495763
93.155 3.68747 5.52909 4.79768 2.76415 -1.20747 -3.03936 -2.97814 -3.16214 -2.93063 -2.6174 -2.46374 -1.83394 -1.02666 -0.206662 0.845942 2.11234 3.41058 3.71883 2.88194 4.57227 5.49172 2.75671 0.388382
93.205 4.39861 6.59586 5.92506 3.64771 -0.564577 -2.4463 -2.56565 -3.14543 -3.15252 -2.78812 -2.5306 -1.89715 -1.18457 -0.502362 0.455421 1.57243 2.70991 3.1043 2.47517 4.56842 6.09307 3.66793 1.27313
93.255 4.95556 7.33384 6.72732 4.44395 0.251918 -1.63161 -1.95657 -3.01141 -3.33844 -2.95643 -2.63331 -2.0072 -1.3478 -0.732078 0.154462 1.09326 2.02468 2.46405 2.02421 4.4011 6.46354 4.45456 2.11549
93.305 5.3607 7.78848 7.20015 5.12813 1.27049 -0.561165 -1.1689 -2.78725 -3.48586 -3.11838 -2.77453 -2.16783 -1.52703 -0.92123 -0.0793742 0.677054 1.37603 1.81989 1.54585 4.10595 6.62397 5.09439 2.88685
93.355 5.6096 8.01824 7.37552 5.67751 2.48684 0.790788 -0.230153 -2.50108 -3.56942 -3.24745 -2.93726 -2.3675 -1.72089 -1.08773 -0.268613 0.318333 0.780724 1.19705 1.06195 3.72687 6.60537 5.56821 3.55676
93.405 5.69637 8.02163 7.30929 6.08844 3.80971 2.32484 0.778298 -2.1544 -3.53437 -3.2945 -3.09099 -2.58834 -1.92253 -1.24338 -0.432368 0.00747137 0.246724 0.614811 0.59292 3.30813 6.45225 5.87441 4.10147
93.455 5.58087 7.78696 7.04776 6.33815 5.11316 3.8924 1.77818 -1.71656 -3.3143 -3.20254 -3.20504 -2.819 -2.13017 -1.40111 -0.589751 -0.270581 -0.231327 0.0772154 0.145413 2.87455 6.20356 6.03032 4.51831
93.505 5.32429 7.31424 6.5908 6.39153 6.24216 5.31513 2.72577 -1.13587 -2.85685 -2.91567 -3.23621 -3.04038 -2.33891 -1.57142 -0.758405 -0.534069 -0.668353 -0.423766 -0.285223 2.43089 5.87864 6.05479 4.81648
93.555 4.96726 6.63118 5.9304 6.18789 7.07706 6.49489 3.61898 -0.39149 -2.16877 -2.42415 -3.15208 -3.22702 -2.53836 -1.75922 -0.951034 -0.798963 -1.08069 -0.899972 -0.707588 1.97204 5.48152 5.95852 5.00417
93.605 4.51268 5.76189 5.07032 5.70035 7.5401 7.35514 4.4611 0.573925 -1.20911 -1.72886 -2.96626 -3.37431 -2.72438 -1.96654 -1.17333 -1.07258 -1.47402 -1.35178 -1.11755 1.50669 5.0258 5.75147 5.08023
93.655 3.90701 4.69735 4.01019 4.93955 7.64689 7.91828 5.25061 1.74712 0.00397672 -0.882146 -2.70866 -3.45713 -2.87014 -2.17652 -1.41693 -1.35044 -1.84345 -1.76953 -1.49878 1.06327 4.55187 5.46206 5.04571
93.705 3.07118 3.40304 2.74291 3.94394 7.48494 8.26009 5.95027 3.01382 1.36191 0.0302607 -2.38514 -3.42568 -2.93146 -2.3646 -1.67131 -1.62697 -2.18652 -2.14945 -1.84352 0.658789 4.093 5.1271 4.91972
93.755 2.05021 1.92779 1.3313 2.82647 7.14201 8.39208 6.48768 4.24564 2.74387 0.943912 -1.97203 -3.22413 -2.86177 -2.5098 -1.93326 -1.90288 -2.50884 -2.49894 -2.15956 0.284065 3.64818 4.76537 4.72857
93.805 0.985068 0.367252 -0.140107 1.68848 6.63276 8.24435 6.81274 5.38867 4.07982 1.84151 -1.44232 -2.82444 -2.62525 -2.58402 -2.19342 -2.17719 -2.81892 -2.83336 -2.46743 -0.0927553 3.18046 4.36296 4.48615
93.855 -0.0475557 -1.17694 -1.60069 0.529895 5.95954 7.85059 6.89298 6.3318 5.27399 2.71733 -0.763392 -2.21279 -2.20008 -2.55584 -2.42907 -2.44003 -3.11884 -3.16278 -2.78185 -0.496486 2.65484 3.89448 4.18823
93.905 -1.00501 -2.57345 -2.91506 -0.567699 5.15319 7.22507 6.70428 6.95817 6.19742 3.56526 0.148371 -1.31447 -1.56513 -2.43292 -2.63551 -2.68843 -3.40847 -3.48545 -3.09711 -0.919077 2.07734 3.35741 3.82671
93.955 -1.85723 -3.76723 -4.01289 -1.53754 4.2572 6.39149 6.23979 7.23424 6.83228 4.36693 1.2746 -0.147184 -0.766357 -2.2402 -2.79144 -2.901 -3.67068 -3.78377 -3.39091 -1.32648 1.4936 2.78579 3.41104
94.005 -2.58949 -4.73022 -4.84162 -2.32844 3.29858 5.40233 5.56001 7.20471 7.19701 5.05969 2.49098 1.16591 0.104365 -1.98892 -2.8594 -3.04505 -3.88564 -4.04343 -3.64692 -1.69249 0.944504 2.2214 2.9684
94.055 -3.18493 -5.46724 -5.42496 -2.96802 2.30313 4.31426 4.75683 6.94108 7.30485 5.60035 3.69444 2.50413 0.97526 -1.66829 -2.79976 -3.09252 -4.04719 -4.26805 -3.86713 -2.01503 0.440606 1.68506 2.5248
94.105 -3.65194 -6.01469 -5.82392 -3.50923 1.2606 3.12189 3.8568 6.51447 7.21271 5.97664 4.80954 3.78556 1.81715 -1.24532 -2.56862 -3.01169 -4.15007 -4.46931 -4.06563 -2.3119 -0.0377699 1.16587 2.08652
94.155 -4.01489 -6.39201 -6.06789 -3.96548 0.169629 1.83162 2.8928 5.97533 6.94523 6.15741 5.76355 4.94994 2.62966 -0.693355 -2.14723 -2.77391 -4.17072 -4.64403 -4.25092 -2.60384 -0.521099 0.634453 1.63889
94.205 -4.27676 -6.54816 -6.10385 -4.30124 -0.963853 0.448556 1.87718 5.35205 6.52727 6.12602 6.48253 5.92136 3.41243 0.0278256 -1.49958 -2.34611 -4.09069 -4.78874 -4.42671 -2.90543 -1.02985 0.0682357 1.16082
94.255 -4.41252 -6.46675 -5.92696 -4.49792 -2.08172 -0.971145 0.825075 4.63317 5.96033 5.88387 6.9302 6.66015 4.17042 0.957716 -0.580911 -1.71657 -3.91928 -4.89863 -4.58301 -3.20754 -1.54764 -0.516202 0.652169
94.305 -4.40905 -6.1665 -5.5631 -4.54245 -3.08507 -2.28643 -0.184595 3.81852 5.23282 5.44102 7.09672 7.15376 4.88134 2.05239 0.558594 -0.938345 -3.67007 -4.94601 -4.68983 -3.47985 -2.03528 -1.07667 0.13715
94.355 -4.2694 -5.70497 -5.07094 -4.44997 -3.88606 -3.36509 -1.0782 2.91382 4.34009 4.81684 7.00956 7.41191 5.4985 3.21685 1.8228 -0.0780324 -3.34694 -4.90318 -4.72217 -3.70149 -2.47063 -1.5851 -0.35985
94.405 -4.01878 -5.15489 -4.52078 -4.25782 -4.43703 -4.14562 -1.83787 1.9219 3.29589 4.05368 6.72124 7.4502 5.97346 4.35871 3.12302 0.815106 -2.94469 -4.74985 -4.66436 -3.86673 -2.85265 -2.03205 -0.824508
94.455 -3.70031 -4.58666 -3.98021 -4.0152 -4.75323 -4.65181 -2.47777 0.87129 2.14972 3.21938 6.29155 7.28443 6.26073 5.39378 4.38054 1.70712 -2.44935 -4.46653 -4.50179 -3.97882 -3.19323 -2.41716 -1.25112
94.505 -3.36234 -4.05776 -3.50199 -3.76168 -4.86589 -4.90417 -2.98966 -0.201936 0.939116 2.33949 5.74682 6.94037 6.34985 6.26941 5.53484 2.58247 -1.83538 -4.03114 -4.21872 -4.03241 -3.50443 -2.75162 -1.64378
94.555 -3.04123 -3.60098 -3.11119 -3.5145 -4.80335 -4.92687 -3.35912 -1.22858 -0.24643 1.4581 5.09027 6.42343 6.23875 6.94349 6.53038 3.43146 -1.08326 -3.43539 -3.81725 -3.95014 -3.74291 -3.09926 -2.03592
94.605 -2.7596 -3.23075 -2.81588 -3.28716 -4.60981 -4.76758 -3.58308 -2.13517 -1.30513 0.633869 4.33048 5.73017 5.92129 7.37386 7.31632 4.24346 -0.180166 -2.65833 -3.26364 -3.69922 -3.89385 -3.4712 -2.43984
94.655 -2.52816 -2.94713 -2.60944 -3.08747 -4.33177 -4.48042 -3.66919 -2.86328 -2.16807 -0.103706 3.47096 4.85757 5.39915 7.5458 7.87738 5.0071 0.85123 -1.71667 -2.56492 -3.30121 -3.94501 -3.81127 -2.82438
94.705 -2.34625 -2.73733 -2.47168 -2.91382 -4.01002 -4.12041 -3.63884 -3.37818 -2.80993 -0.75653 2.52892 3.84004 4.72296 7.4844 8.20425 5.67786 1.9412 -0.671404 -1.78051 -2.81576 -3.88542 -4.04792 -3.14376
94.755 -2.20328 -2.58012 -2.37637 -2.76109 -3.6831 -3.74642 -3.53358 -3.69421 -3.25086 -1.32651 1.5514 2.75396 3.9804 7.24074 8.29126 6.19536 3.0086 0.409326 -0.977769 -2.29611 -3.71612 -4.14608 -3.36988
94.805 -2.0861 -2.45502 -2.30231 -2.62749 -3.38545 -3.4103 -3.39443 -3.83717 -3.49833 -1.79494 0.588398 1.66928 3.22272 6.84453 8.15165 6.53408 4.00768 1.48689 -0.190471 -1.76592 -3.44535 -4.10428 -3.49617
94.855 -1.98399 -2.346 -2.23506 -2.51195 -3.13918 -3.14408 -3.24955 -3.83715 -3.57098 -2.15249 -0.300299 0.680235 2.50719 6.31495 7.79517 6.67947 4.89534 2.53242 0.577523 -1.22089 -3.07881 -3.93417 -3.5253
94.905 -1.88675 -2.23884 -2.16333 -2.41171 -2.95445 -2.96215 -3.11992 -3.73331 -3.50366 -2.40049 -1.0721 -0.155408 1.8695 5.67267 7.22909 6.60506 5.65814 3.55762 1.33143 -0.660917 -2.63249 -3.65492 -3.46127
94.955 -1.78385 -2.11849 -2.07534 -2.31961 -2.82969 -2.86233 -3.01651 -3.5634 -3.3355 -2.5426 -1.69766 -0.823264 1.30619 4.9278 6.4602 6.29168 6.2855 4.57545 2.08972 -0.0762675 -2.12076 -3.28686 -3.31056
95.005 -1.66188 -1.96319 -1.95241 -2.22023 -2.754 -2.83202 -2.94185 -3.36043 -3.10616 -2.58784 -2.15607 -1.3291 0.79004 4.08287 5.50426 5.74545 6.75867 5.56856 2.85961 0.53964 -1.55635 -2.84779 -3.08031
95.055 -1.49875 -1.73055 -1.75631 -2.08298 -2.71192 -2.85955 -2.89707 -3.15449 -2.85601 -2.55751 -2.45638 -1.70828 0.297183 3.1761 4.43803 5.05345 7.05486 6.45327 3.60504 1.16845 -0.963188 -2.3617 -2.78364
95.105 -1.25751 -1.32613 -1.40185 -1.84471 -2.68969 -2.95319 -2.89734 -2.98342 -2.63261 -2.48836 -2.62442 -1.97128 -0.148026 2.27927 3.37884 4.36896 7.10911 7.07667 4.30293 1.85665 -0.306845 -1.84272 -2.44796
95.155 -0.915207 -0.663045 -0.815075 -1.43063 -2.65402 -3.11858 -2.95852 -2.88213 -2.47806 -2.41668 -2.68686 -2.12057 -0.529906 1.44261 2.41283 3.74699 6.93282 7.37892 4.88403 2.6158 0.459342 -1.27601 -2.07922
95.205 -0.412347 0.144526 -0.126423 -0.898091 -2.54617 -3.28553 -3.04977 -2.85501 -2.41454 -2.37459 -2.68219 -2.17903 -0.852629 0.692132 1.59367 3.20638 6.57351 7.35814 5.2577 3.42141 1.3742 -0.635838 -1.66594
95.255 0.367417 1.14392 0.714614 -0.243146 -2.38253 -3.43775 -3.16261 -2.90577 -2.45093 -2.38291 -2.64613 -2.17406 -1.11889 0.0356698 0.922658 2.73198 6.05751 7.03238 5.35174 4.23856 2.47235 0.112125 -1.18228
95.305 1.37494 2.38997 1.81659 0.578926 -2.17169 -3.54907 -3.27496 -3.02391 -2.58191 -2.45136 -2.6109 -2.1378 -1.33232 -0.520683 0.381995 2.28954 5.38692 6.41802 5.12182 4.98083 3.74357 1.02107 -0.580019
95.355 2.45926 3.78587 3.11259 1.52134 -1.86979 -3.52728 -3.31093 -3.16208 -2.77812 -2.57084 -2.5957 -2.09755 -1.49814 -0.972591 -0.0616498 1.84172 4.59933 5.61033 4.6586 5.34823 4.99056 2.20301 0.208261
95.405 3.46369 5.18545 4.44962 2.48924 -1.42155 -3.26911 -3.17802 -3.26079 -3.00248 -2.72077 -2.60681 -2.0735 -1.6278 -1.33085 -0.457829 1.35516 3.74713 4.70592 4.04291 5.39064 6.03292 3.44786 1.11579
95.455 4.23099 6.37137 5.68577 3.43138 -0.788922 -2.71935 -2.81184 -3.26914 -3.22518 -2.88444 -2.64996 -2.08529 -1.73862 -1.59994 -0.796434 0.857103 2.88396 3.78136 3.35401 5.21716 6.76438 4.55964 2.05361
95.505 4.83041 7.21133 6.61481 4.29712 0.0223509 -1.9237 -2.22409 -3.15044 -3.40988 -3.04262 -2.72708 -2.1473 -1.84866 -1.78803 -1.05471 0.384275 2.04788 2.88597 2.64721 4.88975 7.16829 5.45529 2.95602
95.555 5.27999 7.74868 7.19209 5.04208 1.02183 -0.888318 -1.44932 -2.9256 -3.55251 -3.19267 -2.84279 -2.26714 -1.97241 -1.91398 -1.23183 -0.0411845 1.25988 2.03814 1.95223 4.45439 7.28635 6.11609 3.77392
95.605 5.57095 8.03583 7.45415 5.65305 2.22153 0.432258 -0.507623 -2.63408 -3.64582 -3.323 -2.98949 -2.43849 -2.11436 -1.99909 -1.34262 -0.406232 0.536976 1.2441 1.28455 3.94995 7.18018 6.54904 4.46823
95.655 5.70867 8.09914 7.44563 6.1098 3.55403 1.97398 0.530816 -2.29022 -3.64604 -3.39292 -3.13944 -2.64116 -2.26881 -2.06192 -1.40968 -0.708718 -0.104946 0.51572 0.660892 3.4143 6.91561 6.77614 5.01019
95.705 5.6413 7.92739 7.23127 6.40913 4.89968 3.5931 1.57791 -1.87591 -3.49262 -3.35078 -3.26236 -2.85784 -2.43146 -2.12164 -1.46046 -0.960244 -0.662421 -0.1403 0.0896403 2.86917 6.54421 6.83346 5.39608
95.755 5.41489 7.50933 6.81915 6.52139 6.11252 5.10936 2.57546 -1.3317 -3.11183 -3.13201 -3.31943 -3.07173 -2.59935 -2.1963 -1.52228 -1.18109 -1.14476 -0.726722 -0.431734 2.31543 6.08772 6.75307 5.6407
95.805 5.07708 6.87322 6.20761 6.39594 7.06585 6.40639 3.51147 -0.630942 -2.49433 -2.70805 -3.26805 -3.25466 -2.76189 -2.2961 -1.61613 -1.39234 -1.56648 -1.25052 -0.909638 1.7477 5.54773 6.55016 5.75893
95.855 4.64724 6.04607 5.39409 5.98846 7.66329 7.40194 4.38869 0.259021 -1.63372 -2.08099 -3.09963 -3.39212 -2.91335 -2.42828 -1.75662 -1.61067 -1.93879 -1.71438 -1.34523 1.17174 4.92707 6.22623 5.75576
95.905 4.08805 5.02989 4.37962 5.29655 7.88385 8.07671 5.2123 1.36872 -0.508146 -1.27699 -2.84432 -3.47555 -3.04276 -2.58898 -1.94618 -1.84197 -2.26333 -2.11039 -1.72495 0.620992 4.26262 5.79655 5.63046
95.955 3.31455 3.78783 3.15164 4.34553 7.79785 8.50118 5.96254 2.62146 0.807698 -0.375119 -2.52231 -3.46432 -3.11192 -2.75553 -2.17492 -2.08412 -2.54158 -2.43476 -2.0385 0.129139 3.60429 5.29719 5.39725
96.005 2.32323 2.33745 1.74859 3.22719 7.50265 8.71943 6.57505 3.88219 2.19152 0.547618 -2.12083 -3.30263 -3.07201 -2.90047 -2.43225 -2.33606 -2.78315 -2.69789 -2.29346 -0.298281 2.96988 4.75276 5.0818
96.055 1.25541 0.781603 0.273311 2.08146 7.03348 8.65063 6.98318 5.08763 3.56447 1.46279 -1.61528 -2.9585 -2.88366 -2.98867 -2.70001 -2.59464 -3.00387 -2.92377 -2.51556 -0.685267 2.33365 4.15009 4.69657
96.105 0.203593 -0.791232 -1.21787 0.907743 6.39035 8.31916 7.1509 6.12879 4.83168 2.36209 -0.968201 -2.40916 -2.51642 -2.98053 -2.94775 -2.8493 -3.2176 -3.13748 -2.73101 -1.05754 1.66823 3.46412 4.23337
96.155 -0.783778 -2.2477 -2.60024 -0.237349 5.5854 7.73234 7.04221 6.89013 5.87572 3.24651 -0.0938079 -1.57786 -1.94072 -2.87099 -3.1583 -3.09107 -3.4327 -3.35295 -2.94876 -1.41583 0.990108 2.70683 3.68719
96.205 -1.67286 -3.51329 -3.78713 -1.28039 4.66422 6.9124 6.6453 7.299 6.64 4.10804 1.0127 -0.475792 -1.19644 -2.67096 -3.29272 -3.28619 -3.63569 -3.56646 -3.16116 -1.74021 0.352389 1.93721 3.08438
96.255 -2.44408 -4.56228 -4.73242 -2.16974 3.66495 5.90694 5.99629 7.38119 7.14203 4.88333 2.22344 0.769663 -0.375304 -2.38092 -3.2962 -3.38576 -3.80378 -3.7728 -3.36375 -2.02077 -0.209874 1.20901 2.46836
96.305 -3.07909 -5.37886 -5.41839 -2.89858 2.61249 4.77605 5.1815 7.19974 7.38724 5.51006 3.4144 2.0286 0.44869 -1.99841 -3.13734 -3.35263 -3.91549 -3.97119 -3.55994 -2.26991 -0.697397 0.546513 1.87212
96.355 -3.58108 -5.99488 -5.902 -3.51314 1.52207 3.54381 4.25724 6.82213 7.40215 5.95981 4.50577 3.22103 1.25458 -1.50556 -2.79742 -3.15779 -3.95134 -4.16353 -3.75979 -2.52002 -1.14645 -0.0645717 1.2959
96.405 -3.9691 -6.43782 -6.22583 -4.04057 0.387247 2.21267 3.25849 6.30891 7.21868 6.20025 5.41283 4.26568 2.0434 -0.826412 -2.19021 -2.75358 -3.91636 -4.36704 -3.97894 -2.79578 -1.58465 -0.638796 0.732457
96.455 -4.26199 -6.6669 -6.34355 -4.45194 -0.800613 0.782579 2.20412 5.69237 6.85376 6.20384 6.06676 5.11545 2.82642 0.0779869 -1.28067 -2.1393 -3.82263 -4.57222 -4.20748 -3.08326 -1.99763 -1.16375 0.19198
96.505 -4.43614 -6.65182 -6.22864 -4.71359 -1.98961 -0.711894 1.09922 4.97479 6.3274 5.98674 6.45383 5.76143 3.58658 1.15716 -0.131369 -1.36709 -3.67244 -4.7455 -4.41716 -3.35172 -2.35826 -1.62324 -0.312392
96.555 -4.47581 -6.39784 -5.89414 -4.79791 -3.07224 -2.13133 0.0243551 4.17152 5.65166 5.58045 6.58696 6.19385 4.2729 2.31393 1.15433 -0.503659 -3.46729 -4.85997 -4.58431 -3.57787 -2.64732 -2.00414 -0.767165
96.605 -4.37652 -5.95891 -5.40187 -4.71985 -3.95329 -3.32822 -0.930195 3.30171 4.83517 5.01651 6.50168 6.41875 4.84064 3.4586 2.4832 0.396248 -3.21103 -4.90277 -4.69658 -3.75239 -2.86147 -2.30367 -1.1642
96.655 -4.1557 -5.41131 -4.8316 -4.52421 -4.57395 -4.2088 -1.72478 2.36195 3.87455 4.31851 6.2491 6.46795 5.27098 4.53079 3.78981 1.297 -2.90551 -4.86761 -4.74763 -3.87492 -3.0096 -2.52908 -1.50252
96.705 -3.85238 -4.82854 -4.25502 -4.26109 -4.92973 -4.76976 -2.37143 1.36178 2.79529 3.5351 5.88561 6.37228 5.55116 5.48156 5.01943 2.16981 -2.55014 -4.74888 -4.73161 -3.94808 -3.10537 -2.69082 -1.78383
96.755 -3.51561 -4.27319 -3.73146 -3.97843 -5.06288 -5.05274 -2.87818 0.334362 1.63791 2.71029 5.45131 6.16067 5.684 6.27808 6.1251 2.99049 -2.13958 -4.53803 -4.64132 -3.9769 -3.166 -2.80072 -2.01156
96.805 -3.18761 -3.7862 -3.29514 -3.70173 -5.01007 -5.09021 -3.24091 -0.671692 0.462907 1.87197 4.94725 5.84499 5.69046 6.91529 7.07904 3.74927 -1.6535 -4.21621 -4.46519 -3.97049 -3.21425 -2.87183 -2.19119
96.855 -2.89498 -3.38617 -2.95806 -3.44534 -4.81677 -4.93625 -3.46703 -1.58704 -0.620073 1.07986 4.36695 5.41163 5.57589 7.38331 7.85128 4.44386 -1.05172 -3.75084 -4.18667 -3.94481 -3.27907 -2.91437 -2.32811
96.905 -2.65101 -3.07635 -2.71799 -3.22085 -4.5343 -4.65242 -3.5728 -2.35981 -1.53028 0.377808 3.70519 4.84035 5.32769 7.66469 8.41451 5.08628 -0.279414 -3.1053 -3.79438 -3.9004 -3.37735 -2.95026 -2.43655
96.955 -2.457 -2.84631 -2.55784 -3.02995 -4.20593 -4.2939 -3.57635 -2.95419 -2.23447 -0.233409 2.95465 4.11814 4.93487 7.7469 8.75357 5.68682 0.678495 -2.27662 -3.29561 -3.75099 -3.45428 -3.05365 -2.56424
97.005 -2.30364 -2.67512 -2.45014 -2.86543 -3.86642 -3.91138 -3.50414 -3.36593 -2.75586 -0.783409 2.13246 3.28098 4.42995 7.63308 8.851 6.20523 1.76794 -1.27913 -2.66428 -3.45935 -3.48238 -3.21726 -2.72592
97.055 -2.17722 -2.54009 -2.36915 -2.72121 -3.54781 -3.55391 -3.3909 -3.61282 -3.11381 -1.27455 1.27538 2.38887 3.85251 7.33032 8.70309 6.57329 2.91227 -0.135387 -1.91663 -3.05061 -3.43564 -3.37203 -2.89682
97.105 -2.06633 -2.42353 -2.29741 -2.59473 -3.27473 -3.25796 -3.26438 -3.71287 -3.31031 -1.69034 0.439654 1.53485 3.25175 6.83234 8.2942 6.7213 4.05354 1.14054 -1.08629 -2.56469 -3.29473 -3.45335 -3.04104
97.155 -1.96116 -2.3111 -2.22298 -2.48419 -3.06205 -3.04499 -3.14721 -3.69484 -3.35961 -2.01436 -0.315352 0.803037 2.67692 6.1423 7.60347 6.58947 5.13657 2.52379 -0.191192 -2.01513 -3.04878 -3.42798 -3.12978
97.205 -1.85228 -2.18918 -2.13559 -2.38523 -2.91325 -2.91923 -3.05234 -3.5892 -3.28324 -2.22745 -0.945855 0.201898 2.12576 5.29164 6.65991 6.18607 6.05407 3.91566 0.762776 -1.38639 -2.68777 -3.28378 -3.14315
97.255 -1.72844 -2.03922 -2.0194 -2.28472 -2.81868 -2.86829 -2.98044 -3.42401 -3.11246 -2.3267 -1.43847 -0.323461 1.55904 4.33926 5.55338 5.59422 6.75135 5.19897 1.71204 -0.712606 -2.2343 -3.02927 -3.06711
97.305 -1.57127 -1.82659 -1.84313 -2.15684 -2.76312 -2.87858 -2.93344 -3.23454 -2.89476 -2.33564 -1.79156 -0.775512 0.996119 3.35411 4.37839 4.9015 7.20173 6.28666 2.61722 -0.019472 -1.72061 -2.69188 -2.90795
97.355 -1.34863 -1.47462 -1.53789 -1.95034 -2.73309 -2.9522 -2.92376 -3.06104 -2.68144 -2.28853 -2.00647 -1.11751 0.486944 2.41971 3.26244 4.21818 7.33143 7.06524 3.48725 0.735526 -1.13444 -2.29237 -2.6876
97.405 -1.03157 -0.871796 -1.00518 -1.58168 -2.70444 -3.10283 -2.97205 -2.9442 -2.52003 -2.22545 -2.1061 -1.33772 0.0524708 1.58169 2.29086 3.60448 7.18409 7.48991 4.2568 1.55361 -0.453743 -1.83111 -2.41571
97.455 -0.582724 -0.0974499 -0.341227 -1.07855 -2.61622 -3.27411 -3.05829 -2.89873 -2.44063 -2.18466 -2.13205 -1.45529 -0.306946 0.84782 1.47891 3.07273 6.84973 7.58563 4.84069 2.4084 0.344362 -1.29754 -2.09014
97.505 0.121645 0.835062 0.432395 -0.474003 -2.46696 -3.42904 -3.16365 -2.92594 -2.45292 -2.18886 -2.12383 -1.50213 -0.597592 0.21501 0.808148 2.60585 6.38023 7.39563 5.17849 3.27325 1.28949 -0.671934 -1.69972
97.555 1.08054 2.01314 1.44857 0.286936 -2.27918 -3.55891 -3.27894 -3.02421 -2.55726 -2.25076 -2.1168 -1.51588 -0.832642 -0.319555 0.26159 2.17825 5.78406 6.9395 5.22058 4.12126 2.41771 0.0800388 -1.21704
97.605 2.15232 3.3713 2.68602 1.18359 -2.01704 -3.58333 -3.34059 -3.15735 -2.73473 -2.3701 -2.13731 -1.53113 -1.02674 -0.751429 -0.158903 1.77635 5.05775 6.23075 4.94673 4.81152 3.68989 1.03962 -0.586812
97.655 3.19442 4.76866 3.99958 2.1305 -1.62105 -3.39582 -3.25759 -3.27004 -2.95462 -2.53259 -2.19483 -1.56857 -1.19043 -1.08223 -0.472494 1.38176 4.23579 5.35297 4.43889 5.0923 4.90311 2.26262 0.235632
97.705 4.0112 6.02636 5.27087 3.06868 -1.04498 -2.92441 -2.95427 -3.30779 -3.18595 -2.71843 -2.28809 -1.63968 -1.33676 -1.33076 -0.723646 0.972947 3.37272 4.40299 3.78858 5.0743 5.88017 3.49133 1.15498
97.755 4.64518 6.94434 6.28611 3.9605 -0.282081 -2.19326 -2.4204 -3.22223 -3.38798 -2.90354 -2.41274 -1.75367 -1.48151 -1.51324 -0.919751 0.564543 2.5184 3.4595 3.08321 4.86579 6.53709 4.55036 2.0823
97.805 5.12893 7.55205 6.94927 4.74262 0.673554 -1.22093 -1.68914 -3.02112 -3.54759 -3.07886 -2.56837 -1.91531 -1.63611 -1.64423 -1.05949 0.175019 1.70354 2.56614 2.37465 4.52576 6.87771 5.37835 2.9594
97.855 5.45298 7.89524 7.28867 5.3976 1.84031 0.0443062 -0.777236 -2.7464 -3.66361 -3.23708 -2.74993 -2.1203 -1.80478 -1.74021 -1.15159 -0.18154 0.9479 1.73931 1.69094 4.10001 6.95274 5.96459 3.73759
97.905 5.62528 8.0137 7.34202 5.89697 3.1632 1.55943 0.253164 -2.41922 -3.69798 -3.3416 -2.93245 -2.35075 -1.98205 -1.81508 -1.21012 -0.494703 0.268812 0.983232 1.04632 3.63715 6.83803 6.32269 4.37341
97.955 5.59912 7.89805 7.17888 6.24293 4.52237 3.18226 1.30884 -2.03012 -3.59484 -3.34443 -3.08782 -2.59026 -2.16274 -1.88325 -1.25415 -0.766789 -0.329605 0.301114 0.450294 3.1649 6.59991 6.48887 4.85156
98.005 5.40183 7.53226 6.81432 6.40428 5.77844 4.74059 2.32455 -1.52573 -3.27989 -3.18421 -3.18432 -2.82733 -2.3456 -1.95982 -1.30408 -1.0096 -0.859118 -0.315951 -0.0998508 2.68783 6.27655 6.50387 5.18238
98.055 5.08576 6.94351 6.25283 6.34263 6.80131 6.09724 3.27494 -0.866347 -2.71966 -2.81771 -3.18247 -3.04214 -2.52395 -2.05372 -1.37521 -1.23644 -1.3366 -0.88412 -0.616047 2.20092 5.88523 6.3972 5.38201
98.105 4.67779 6.16063 5.49068 6.00823 7.49145 7.17546 4.16522 -0.0361609 -1.92881 -2.24806 -3.06172 -3.21452 -2.68885 -2.16851 -1.47675 -1.45826 -1.77806 -1.41871 -1.10999 1.69827 5.43222 6.18577 5.46283
98.155 4.15803 5.19648 4.53191 5.39 7.801 7.92443 4.99818 1.01112 -0.872207 -1.48633 -2.84658 -3.34387 -2.83708 -2.30427 -1.61073 -1.6784 -2.18849 -1.9213 -1.57738 1.19502 4.9395 5.88785 5.43023
98.205 3.44857 4.02027 3.36503 4.50438 7.77706 8.39451 5.76568 2.23849 0.415493 -0.593411 -2.56727 -3.40382 -2.94117 -2.44247 -1.7665 -1.89126 -2.56674 -2.38835 -2.00596 0.721389 4.45036 5.53868 5.29697
98.255 2.50574 2.62086 2.00421 3.41801 7.51656 8.65054 6.41598 3.52062 1.82362 0.350391 -2.22264 -3.34329 -2.95713 -2.5573 -1.931 -2.0904 -2.91679 -2.82631 -2.397 0.286601 3.98983 5.17353 5.0909
98.305 1.45188 1.09342 0.550634 2.27906 7.07921 8.636 6.87438 4.77037 3.25165 1.29416 -1.78218 -3.10652 -2.84017 -2.62824 -2.10233 -2.28653 -3.23731 -3.22994 -2.75926 -0.140569 3.51925 4.79423 4.84152
98.355 0.394912 -0.483012 -0.945238 1.10583 6.46542 8.35085 7.10877 5.90284 4.61495 2.21808 -1.21672 -2.66613 -2.55467 -2.62197 -2.26461 -2.47775 -3.53006 -3.60122 -3.10254 -0.592517 2.98768 4.37273 4.556
98.405 -0.608079 -1.97578 -2.36602 -0.0590088 5.68908 7.81553 7.08021 6.79684 5.80025 3.11279 -0.491393 -2.01025 -2.08369 -2.50573 -2.3886 -2.64907 -3.79533 -3.94702 -3.43637 -1.07869 2.36711 3.87175 4.22128
98.455 -1.51941 -3.28329 -3.59401 -1.12262 4.79952 7.04997 6.76545 7.34272 6.69247 3.972 0.46043 -1.08743 -1.42439 -2.28866 -2.46306 -2.79339 -4.0314 -4.26172 -3.74946 -1.57245 1.67225 3.27553 3.82064
98.505 -2.31535 -4.37703 -4.58479 -2.03528 3.83192 6.0867 6.17675 7.5366 7.29714 4.7708 1.59021 0.0484723 -0.646293 -1.99406 -2.45639 -2.88114 -4.22106 -4.53032 -4.01996 -2.03077 0.955952 2.6109 3.35621
98.555 -2.97801 -5.23059 -5.2995 -2.77281 2.80064 4.97812 5.39042 7.4374 7.63379 5.44977 2.77523 1.27036 0.158159 -1.63492 -2.3339 -2.8718 -4.33862 -4.74237 -4.23855 -2.43333 0.256199 1.91125 2.84493
98.605 -3.50344 -5.87441 -5.79916 -3.38719 1.73026 3.76615 4.48462 7.11529 7.71953 5.96982 3.92034 2.47762 0.946587 -1.19655 -2.06893 -2.72927 -4.35985 -4.89789 -4.41509 -2.79329 -0.433049 1.17386 2.28743
98.655 -3.90693 -6.34453 -6.14106 -3.91956 0.612273 2.45249 3.49454 6.63458 7.59019 6.29482 4.93119 3.58551 1.72159 -0.604479 -1.58768 -2.41305 -4.28793 -5.01468 -4.56665 -3.12744 -1.11554 0.397062 1.67425
98.705 -4.21662 -6.61696 -6.30031 -4.35373 -0.565026 1.0408 2.44702 6.03123 7.25695 6.38436 5.7304 4.54879 2.50352 0.183263 -0.861499 -1.92458 -4.13569 -5.08823 -4.6871 -3.42849 -1.75837 -0.37815 1.01714
98.755 -4.41156 -6.656 -6.2426 -4.65917 -1.76895 -0.455233 1.33637 5.30945 6.74005 6.23971 6.28549 5.34917 3.28325 1.13262 0.0664286 -1.29816 -3.90406 -5.09297 -4.75415 -3.67562 -2.33421 -1.11474 0.349355
98.805 -4.47539 -6.45547 -5.96658 -4.80071 -2.90011 -1.91649 0.226395 4.47993 6.04982 5.87883 6.58491 5.96127 4.01659 2.16855 1.12154 -0.577967 -3.59264 -5.00892 -4.74916 -3.85086 -2.82414 -1.78593 -0.296306
98.855 -4.40194 -6.0578 -5.51936 -4.77695 -3.85509 -3.19377 -0.791289 3.56524 5.19563 5.32546 6.63865 6.36842 4.65593 3.21418 2.2308 0.19541 -3.20561 -4.82895 -4.6638 -3.94676 -3.22036 -2.37773 -0.898875
98.905 -4.20384 -5.53412 -4.97401 -4.62132 -4.55993 -4.17707 -1.66496 2.56865 4.17838 4.60368 6.48246 6.58167 5.17344 4.21164 3.33813 0.992204 -2.74769 -4.55319 -4.49796 -3.97107 -3.52184 -2.87432 -1.44767
98.955 -3.91476 -4.95811 -4.40304 -4.38122 -4.99151 -4.83879 -2.39632 1.49747 3.02269 3.7664 6.17069 6.61878 5.54579 5.10944 4.39277 1.78636 -2.22111 -4.1808 -4.24905 -3.93173 -3.74273 -3.2758 -1.93194
99.005 -3.58129 -4.39544 -3.87074 -4.10898 -5.18574 -5.21155 -2.99044 0.384976 1.77401 2.87309 5.75561 6.50158 5.75801 5.86139 5.34316 2.55406 -1.62135 -3.70532 -3.90907 -3.84698 -3.90713 -3.57899 -2.34337
99.055 -3.2478 -3.89286 -3.41849 -3.83595 -5.17775 -5.31725 -3.43361 -0.724579 0.477948 1.94731 5.25026 6.24898 5.8209 6.44825 6.15319 3.28681 -0.929222 -3.11231 -3.46542 -3.72453 -4.04385 -3.79464 -2.68145
99.105 -2.94407 -3.47302 -3.06157 -3.57604 -5.00806 -5.2006 -3.72018 -1.75549 -0.762246 1.04384 4.65621 5.85668 5.73664 6.85075 6.78755 3.97803 -0.128552 -2.3983 -2.92982 -3.4753 -4.11009 -4.01357 -2.99073
99.155 -2.68622 -3.14198 -2.79985 -3.34064 -4.72877 -4.92488 -3.86157 -2.64539 -1.85554 0.214932 3.98055 5.3178 5.49614 7.04634 7.21485 4.61456 0.79587 -1.53099 -2.26397 -3.0788 -4.10606 -4.25227 -3.29164
99.205 -2.47803 -2.89194 -2.61891 -3.1341 -4.38894 -4.55399 -3.88232 -3.35197 -2.7435 -0.5171 3.22138 4.62303 5.09001 7.03283 7.43626 5.17708 1.82181 -0.509303 -1.4639 -2.55625 -4.03029 -4.47045 -3.56832
99.255 -2.31395 -2.70581 -2.49546 -2.954 -4.02999 -4.14598 -3.8129 -3.84739 -3.39351 -1.15248 2.37791 3.77735 4.53112 6.83152 7.4665 5.63105 2.88319 0.619078 -0.577432 -1.95765 -3.86376 -4.59997 -3.78702
99.305 -2.18196 -2.562 -2.40419 -2.79477 -3.68554 -3.75187 -3.68904 -4.14282 -3.82235 -1.69896 1.48131 2.83559 3.87998 6.48001 7.31043 5.92605 3.88972 1.77574 0.326415 -1.32975 -3.58878 -4.59058 -3.91716
99.355 -2.06887 -2.44098 -2.32576 -2.65408 -3.3838 -3.41439 -3.54535 -4.26666 -4.04714 -2.14464 0.575228 1.86212 3.18914 6.00318 6.97757 6.03522 4.78092 2.89886 1.1949 -0.700633 -3.19757 -4.42193 -3.942
99.405 -1.96487 -2.32844 -2.24836 -2.53128 -3.14234 -3.15881 -3.40409 -4.24769 -4.08886 -2.47806 -0.277514 0.952976 2.51483 5.40213 6.4586 5.94154 5.52813 3.96211 2.01222 -0.0727072 -2.69015 -4.09699 -3.85683
99.455 -1.86113 -2.21151 -2.16262 -2.4239 -2.9681 -2.9949 -3.28172 -4.12346 -3.9844 -2.69495 -1.01378 0.188418 1.89891 4.6815 5.7463 5.63764 6.10495 4.94513 2.78394 0.566639 -2.07588 -3.63599 -3.66471
99.505 -1.74713 -2.07392 -2.05576 -2.32305 -2.85656 -2.91706 -3.18573 -3.92984 -3.77388 -2.79704 -1.60087 -0.437904 1.32555 3.87636 4.89481 5.18261 6.48113 5.78612 3.4995 1.22446 -1.37614 -3.07473 -3.37871
99.555 -1.60633 -1.88675 -1.90233 -2.20775 -2.79409 -2.91167 -3.11921 -3.70402 -3.50608 -2.80466 -2.03544 -0.957485 0.7809 3.0444 3.98985 4.66571 6.64818 6.41442 4.12968 1.90435 -0.608152 -2.45201 -3.02174
99.605 -1.40911 -1.58745 -1.64612 -2.03523 -2.76532 -2.97344 -3.09111 -3.48725 -3.23494 -2.75149 -2.32398 -1.36623 0.280673 2.24137 3.11894 4.14988 6.6071 6.77521 4.63426 2.62266 0.246524 -1.7828 -2.61233
99.655 -1.11865 -1.05794 -1.18138 -1.72287 -2.75063 -3.11529 -3.12174 -3.32324 -3.01248 -2.67762 -2.48723 -1.65552 -0.160224 1.50835 2.36437 3.68227 6.37099 6.83266 4.94677 3.38298 1.22838 -1.0576 -2.15501
99.705 -0.711934 -0.31243 -0.536641 -1.25145 -2.69238 -3.30189 -3.20545 -3.23903 -2.87917 -2.62499 -2.56292 -1.83359 -0.529468 0.867147 1.76093 3.27892 5.95957 6.58183 5.00188 4.14361 2.37062 -0.234578 -1.63314
99.755 -0.0804888 0.572547 0.200922 -0.676693 -2.55983 -3.47145 -3.31267 -3.23578 -2.84966 -2.62002 -2.5892 -1.92326 -0.81829 0.331076 1.29748 2.92028 5.40393 6.0808 4.81943 4.67014 3.59292 0.828034 -0.978585
99.805 0.829185 1.69996 1.16857 0.0597956 -2.3772 -3.61961 -3.43717 -3.31277 -2.92248 -2.67195 -2.59697 -1.95685 -1.03551 -0.114545 0.896225 2.53294 4.73562 5.4134 4.44561 4.93556 4.77032 2.05355 -0.187782
99.855 1.89553 3.0398 2.38497 0.953573 -2.1262 -3.68083 -3.52251 -3.43291 -3.07214 -2.77429 -2.61092 -1.97251 -1.20583 -0.49028 0.504724 2.07934 3.99759 4.66786 3.95774 5.00342 5.76587 3.27409 0.697645
99.905 2.96967 4.45166 3.70769 1.91191 -1.75992 -3.55438 -3.48003 -3.53838 -3.26291 -2.91196 -2.64722 -2.00181 -1.35195 -0.796709 0.142676 1.58206 3.22541 3.9001 3.40673 4.90458 6.49054 4.37543 1.63533
99.955 3.85682 5.77557 5.003 2.84938 -1.23707 -3.16269 -3.23388 -3.57914 -3.46767 -3.07119 -2.71381 -2.06242 -1.48801 -1.03171 -0.157989 1.08262 2.45124 3.14203 2.82745 4.66569 6.91674 5.2875 2.5659
100.005 4.53493 6.77396 6.08582 3.74398 -0.537273 -2.50877 -2.76145 -3.51057 -3.6547 -3.23536 -2.81196 -2.16224 -1.62535 -1.2062 -0.386916 0.618901 1.70271 2.40239 2.23949 4.32981 7.0833 5.97801 3.42132
100.055 5.06219 7.45344 6.82613 4.53876 0.344003 -1.62953 -2.09498 -3.32429 -3.80182 -3.39215 -2.94123 -2.3045 -1.77474 -1.34232 -0.556678 0.209498 0.997475 1.67586 1.64174 3.9323 7.05937 6.45359 4.15716
100.105 5.43121 7.85807 7.24223 5.21856 1.4396 -0.465986 -1.24153 -3.05532 -3.91005 -3.53753 -3.1 -2.48729 -1.94147 -1.46157 -0.690279 -0.150814 0.348989 0.984137 1.05186 3.48377 6.87782 6.73112 4.75741
100.155 5.64379 8.04144 7.36717 5.75565 2.72253 0.976735 -0.244428 -2.7275 -3.94522 -3.63757 -3.26549 -2.69556 -2.1201 -1.57527 -0.804584 -0.466805 -0.23419 0.343166 0.490119 3.0124 6.58223 6.83026 5.20481
100.205 5.67715 7.99318 7.26396 6.15308 4.08339 2.57166 0.804534 -2.3365 -3.85008 -3.64189 -3.40803 -2.91396 -2.30399 -1.69034 -0.912329 -0.745773 -0.752331 -0.240757 -0.0318856 2.54357 6.21927 6.78332 5.49684
100.255 5.51807 7.69859 6.9632 6.37728 5.3885 4.16084 1.83477 -1.84162 -3.5558 -3.49168 -3.49684 -3.13366 -2.49199 -1.81528 -1.02608 -0.999782 -1.21709 -0.775158 -0.518543 2.08177 5.81378 6.62322 5.65008
100.305 5.23042 7.1715 6.46309 6.38804 6.48411 5.57571 2.8113 -1.19721 -3.02335 -3.13811 -3.48835 -3.33468 -2.67708 -1.95467 -1.15593 -1.24268 -1.64582 -1.27465 -0.98172 1.61917 5.37016 6.37096 5.6843
100.355 4.84874 6.4404 5.75638 6.12648 7.2577 6.72291 3.7319 -0.378191 -2.25253 -2.57333 -3.35967 -3.49853 -2.85114 -2.10996 -1.30818 -1.48567 -2.05396 -1.75284 -1.43306 1.14563 4.88404 6.03573 5.61298
100.405 4.3648 5.52488 4.84772 5.57347 7.64315 7.53588 4.59928 0.673224 -1.19407 -1.79981 -3.13536 -3.62577 -3.01095 -2.27964 -1.48322 -1.73215 -2.44458 -2.20838 -1.8666 0.674159 4.37338 5.6339 5.44279
100.455 3.71314 4.40611 3.7327 4.74427 7.67342 8.05327 5.4032 1.91971 0.114348 -0.8819 -2.84842 -3.69083 -3.12835 -2.44364 -1.66901 -1.97576 -2.81301 -2.63335 -2.26743 0.235218 3.8825 5.2037 5.19004
100.505 2.82391 3.05703 2.41384 3.69302 7.44618 8.34764 6.09507 3.23282 1.55436 0.093081 -2.50361 -3.64746 -3.16256 -2.57771 -1.85298 -2.21015 -3.15919 -3.02826 -2.6327 -0.158315 3.43854 4.7811 4.88508
100.555 1.78259 1.55281 0.977175 2.55604 7.04425 8.40264 6.59906 4.49788 3.01107 1.06634 -2.07413 -3.44154 -3.07107 -2.66263 -2.02946 -2.43431 -3.49061 -3.40396 -2.9751 -0.521607 3.03087 4.37511 4.55459
100.605 0.718135 -0.0213536 -0.512306 1.39469 6.4742 8.18042 6.88326 5.65824 4.40648 2.01445 -1.52219 -3.02774 -2.811 -2.67317 -2.19004 -2.64668 -3.81657 -3.77609 -3.31488 -0.88526 2.62441 3.96917 4.20854
100.655 -0.30477 -1.55092 -1.96722 0.219886 5.74212 7.7166 6.92091 6.60046 5.63729 2.92624 -0.824758 -2.40073 -2.35806 -2.56932 -2.30506 -2.83219 -4.13811 -4.15618 -3.66785 -1.27304 2.19078 3.5449 3.8453
100.705 -1.24428 -2.9115 -3.25014 -0.870861 4.894 7.0277 6.68187 7.21069 6.58367 3.79 0.0721643 -1.5212 -1.69951 -2.34266 -2.35657 -2.98088 -4.45738 -4.54908 -4.03592 -1.69017 1.72076 3.0935 3.45956
100.755 -2.07196 -4.06101 -4.30144 -1.81493 3.97309 6.14122 6.16418 7.45863 7.22109 4.59022 1.17029 -0.387158 -0.873448 -2.02065 -2.32815 -3.07753 -4.76685 -4.94563 -4.40072 -2.11068 1.24227 2.63492 3.05827
100.805 -2.77356 -4.96827 -5.06658 -2.56847 2.99304 5.10689 5.43742 7.39239 7.56664 5.27551 2.36822 0.891605 0.0222927 -1.62232 -2.17885 -3.08649 -5.05107 -5.33759 -4.74514 -2.50571 0.792587 2.20312 2.66331
100.855 -3.3366 -5.65646 -5.60067 -3.18352 1.97895 3.97531 4.59056 7.09004 7.64561 5.80616 3.56225 2.19461 0.909989 -1.14335 -1.86498 -2.96325 -5.28795 -5.72339 -5.07344 -2.88279 0.368249 1.80552 2.28951
100.905 -3.7742 -6.15957 -5.95357 -3.6975 0.924971 2.74698 3.65726 6.62764 7.51096 6.15032 4.65233 3.42986 1.76166 -0.565243 -1.36356 -2.66113 -5.42795 -6.08704 -5.39901 -3.28427 -0.0807383 1.41325 1.92867
100.955 -4.11512 -6.47891 -6.13347 -4.10815 -0.166356 1.43899 2.68 6.05747 7.18393 6.26544 5.54133 4.51195 2.58205 0.172088 -0.631525 -2.15083 -5.4471 -6.41341 -5.71925 -3.73826 -0.596167 0.999527 1.56268
101.005 -4.34662 -6.56944 -6.10093 -4.3914 -1.28464 0.0534076 1.65572 5.39183 6.68917 6.14719 6.17793 5.40216 3.38505 1.08948 0.320706 -1.47485 -5.34842 -6.66242 -5.99862 -4.23093 -1.17569 0.569429 1.18547
101.055 -4.44784 -6.42169 -5.85626 -4.5243 -2.35105 -1.31874 0.624595 4.62896 6.03729 5.81856 6.55667 6.09323 4.15057 2.12605 1.40899 -0.707614 -5.13045 -6.78711 -6.1956 -4.73543 -1.79812 0.147077 0.804219
101.105 -4.40818 -6.06757 -5.43917 -4.50581 -3.26778 -2.52931 -0.324634 3.78163 5.23261 5.30768 6.69333 6.57991 4.83419 3.19271 2.53908 0.0989538 -4.79187 -6.77075 -6.29516 -5.22636 -2.43526 -0.24319 0.431031
101.155 -4.23548 -5.57186 -4.91547 -4.36215 -3.95969 -3.46449 -1.13336 2.85467 4.27613 4.64254 6.62414 6.86997 5.39859 4.21745 3.64907 0.94383 -4.32864 -6.66079 -6.41569 -5.59962 -2.91733 -0.655628 0.0384423
101.205 -3.96064 -5.00702 -4.35386 -4.13312 -4.39852 -4.09675 -1.80138 1.86099 3.19686 3.87948 6.40324 6.97564 5.80915 5.13702 4.68766 1.84695 -3.70987 -6.48692 -6.66421 -5.87989 -3.12234 -1.07444 -0.377449
101.255 -3.63062 -4.44192 -3.82041 -3.87052 -4.62299 -4.47904 -2.35568 0.827475 2.03879 3.07668 6.0854 6.93362 6.0688 5.91087 5.5801 2.67317 -2.9634 -6.14813 -6.73908 -6.03612 -3.4062 -1.58094 -0.812835
101.305 -3.29169 -3.92732 -3.35987 -3.60798 -4.66831 -4.64232 -2.80124 -0.217607 0.83661 2.24474 5.66838 6.75551 6.18824 6.52979 6.32554 3.41757 -2.12338 -5.58946 -6.51461 -6.03488 -3.78702 -2.1689 -1.28094
101.355 -2.97637 -3.48976 -2.99055 -3.35893 -4.56215 -4.61023 -3.12484 -1.20396 -0.311689 1.4314 5.14542 6.42649 6.16048 6.98402 6.93151 4.08961 -1.22067 -4.83727 -6.04743 -5.89443 -4.16105 -2.76333 -1.76923
101.405 -2.70488 -3.14033 -2.71687 -3.13525 -4.34543 -4.42295 -3.31982 -2.06444 -1.31545 0.69142 4.5307 5.94196 5.97774 7.26535 7.397 4.70175 -0.274905 -3.96385 -5.4399 -5.64187 -4.44293 -3.29625 -2.25379
101.455 -2.48471 -2.87554 -2.52853 -2.94259 -4.06205 -4.13183 -3.39694 -2.75528 -2.12362 0.0464873 3.83014 5.29701 5.63322 7.3768 7.72582 5.27812 0.721652 -3.00738 -4.7493 -5.30681 -4.61237 -3.73471 -2.70783
101.505 -2.31182 -2.67979 -2.4032 -2.77794 -3.75046 -3.78887 -3.37778 -3.2499 -2.71582 -0.514874 3.03625 4.48533 5.12658 7.32438 7.91727 5.83864 1.78289 -1.98357 -3.99802 -4.90105 -4.66846 -4.06917 -3.11478
101.555 -2.17427 -2.53093 -2.31383 -2.63305 -3.44128 -3.44095 -3.29138 -3.55733 -3.12052 -1.01796 2.16819 3.54849 4.50655 7.11736 7.93979 6.36161 2.88676 -0.917745 -3.19879 -4.42635 -4.61051 -4.29235 -3.45729
101.605 -2.05851 -2.40827 -2.23898 -2.50323 -3.16179 -3.13082 -3.17175 -3.70466 -3.35895 -1.4571 1.26714 2.55086 3.83405 6.78209 7.79413 6.74288 3.95438 0.20448 -2.3463 -3.88193 -4.4438 -4.40355 -3.72085
101.655 -1.95373 -2.29616 -2.165 -2.38682 -2.93096 -2.88705 -3.04379 -3.71551 -3.43981 -1.81626 0.390068 1.5821 3.16154 6.32296 7.46843 6.90719 4.93287 1.38672 -1.43674 -3.26686 -4.17474 -4.40604 -3.89698
101.705 -1.85054 -2.18125 -2.08193 -2.28153 -2.75804 -2.72343 -2.92695 -3.62225 -3.38663 -2.08519 -0.403045 0.728149 2.53401 5.74224 6.95101 6.81796 5.77796 2.6132 -0.474569 -2.58378 -3.8099 -4.30394 -3.98136
101.755 -1.73858 -2.04845 -1.9786 -2.18123 -2.64293 -2.6405 -2.83439 -3.46067 -3.23172 -2.25647 -1.06754 0.0259259 1.96213 5.04477 6.23917 6.46063 6.45593 3.85998 0.53509 -1.83368 -3.3524 -4.09964 -3.97227
101.805 -1.60346 -1.87379 -1.83479 -2.07007 -2.57612 -2.62816 -2.77055 -3.26283 -3.01036 -2.32997 -1.57621 -0.53214 1.4216 4.24195 5.35569 5.86529 6.93612 5.06295 1.56705 -1.02629 -2.80644 -3.79363 -3.86692
101.855 -1.42142 -1.60801 -1.60628 -1.91386 -2.54356 -2.67807 -2.73896 -3.06023 -2.76271 -2.32299 -1.93303 -0.977399 0.906428 3.40655 4.42695 5.21451 7.12121 5.99832 2.57953 -0.123904 -2.14235 -3.39294 -3.68101
101.905 -1.15598 -1.14393 -1.1956 -1.63927 -2.53062 -2.80258 -2.75851 -2.89521 -2.54092 -2.27411 -2.15966 -1.31272 0.450977 2.63352 3.60537 4.6783 6.97394 6.44472 3.42493 0.917986 -1.25035 -2.87112 -3.43028
101.955 -0.787869 -0.434763 -0.56737 -1.18931 -2.49213 -2.99072 -2.83728 -2.80284 -2.39257 -2.22695 -2.28856 -1.54698 0.0548334 1.9551 2.96144 4.25329 6.59693 6.43719 3.92669 2.02819 -0.0801921 -2.18978 -3.08973
102.005 -0.229325 0.407377 0.148667 -0.632428 -2.37757 -3.16852 -2.94179 -2.78752 -2.342 -2.21511 -2.35242 -1.69036 -0.281594 1.36901 2.47626 3.88873 6.04826 6.07863 4.05323 3.10463 1.30918 -1.34348 -2.62973
102.055 0.614653 1.4677 1.05003 0.060332 -2.21191 -3.32949 -3.06711 -2.85281 -2.39506 -2.25244 -2.37382 -1.75475 -0.552198 0.844371 2.0262 3.49414 5.41464 5.55614 3.95479 3.90836 2.70277 -0.294773 -2.00361
102.105 1.6537 2.75906 2.20341 0.909608 -1.99384 -3.43009 -3.17523 -2.97536 -2.53606 -2.3399 -2.3788 -1.77118 -0.765536 0.364236 1.54037 3.02425 4.75069 4.97869 3.72183 4.41967 3.96509 0.866533 -1.22142
102.155 2.73316 4.15907 3.50167 1.8436 -1.67982 -3.37486 -3.18419 -3.10198 -2.73113 -2.46654 -2.39041 -1.77682 -0.939469 -0.0589674 1.04441 2.48437 4.06341 4.3885 3.40655 4.67886 5.00921 2.03487 -0.323485
102.205 3.6815 5.519 4.79816 2.76793 -1.22231 -3.0728 -3.01094 -3.18078 -2.95063 -2.62026 -2.42607 -1.80231 -1.09171 -0.405768 0.597883 1.91816 3.35113 3.78463 3.03262 4.72878 5.78969 3.12288 0.628687
102.255 4.39951 6.59901 5.93812 3.65604 -0.585477 -2.49041 -2.60925 -3.16772 -3.16831 -2.78942 -2.49654 -1.86709 -1.23699 -0.671031 0.241007 1.38316 2.62979 3.15158 2.60551 4.62085 6.31344 4.06665 1.56273
102.305 4.96308 7.34967 6.75484 4.45771 0.226247 -1.68255 -2.00734 -3.03635 -3.35017 -2.95608 -2.60325 -1.97992 -1.38932 -0.871867 -0.0257214 0.910887 1.9239 2.48792 2.12615 4.39593 6.6198 4.84067 2.42769
102.355 5.37622 7.81558 7.24155 5.14703 1.23553 -0.625584 -1.2271 -2.81159 -3.49275 -3.11565 -2.7475 -2.14278 -1.55849 -1.03434 -0.227175 0.498966 1.2568 1.82526 1.61787 4.07283 6.72868 5.43817 3.20026
102.405 5.63252 8.05353 7.42946 5.704 2.44401 0.713783 -0.292235 -2.52306 -3.57392 -3.24416 -2.91358 -2.3446 -1.7436 -1.17723 -0.387016 0.142937 0.643803 1.18589 1.10474 3.68443 6.6732 5.85599 3.8547
102.455 5.72899 8.06665 7.37143 6.12125 3.76691 2.245 0.718886 -2.17425 -3.53997 -3.29318 -3.0712 -2.56735 -1.93761 -1.31226 -0.524301 -0.164512 0.0925074 0.585904 0.607418 3.26633 6.4985 6.10519 4.37212
102.505 5.62116 7.84342 7.11755 6.38001 5.08021 3.82146 1.72601 -1.73684 -3.32473 -3.20586 -3.18958 -2.7992 -2.13802 -1.45142 -0.657136 -0.436113 -0.402674 0.0266986 0.131502 2.8371 6.24244 6.21132 4.75466
102.555 5.36778 7.3799 6.66803 6.44504 6.22833 5.2632 2.68369 -1.15776 -2.87268 -2.92428 -3.22524 -3.02115 -2.33954 -1.60429 -0.801907 -0.688225 -0.857333 -0.502573 -0.330093 2.39652 5.92191 6.19782 5.0163
102.605 5.01159 6.70306 6.01398 6.2542 7.08639 6.46623 3.58861 -0.414039 -2.18783 -2.43572 -3.14367 -3.20663 -2.53068 -1.77442 -0.969755 -0.935024 -1.28841 -1.01632 -0.788917 1.93599 5.53876 6.07736 5.16895
102.655 4.5583 5.83688 5.15681 5.77566 7.57067 7.3502 4.44357 0.551561 -1.23 -1.74023 -2.95688 -3.35036 -2.70699 -1.96397 -1.16746 -1.18694 -1.69782 -1.50945 -1.23947 1.46087 5.0972 5.85772 5.21559
102.705 3.95614 4.77358 4.09589 5.01771 7.69149 7.93253 5.24623 1.72762 -0.0161599 -0.89006 -2.69585 -3.42869 -2.84308 -2.15771 -1.38924 -1.4438 -2.07782 -1.96385 -1.6578 1.00125 4.62958 5.56218 5.15838
102.755 3.12413 3.4789 2.82482 4.01937 7.53625 8.28844 5.95871 2.99983 1.34474 0.027444 -2.3684 -3.39297 -2.89555 -2.33151 -1.62496 -1.70031 -2.42631 -2.37429 -2.03314 0.577802 4.17023 5.22497 5.0154
102.805 2.10234 1.99974 1.40594 2.89434 7.19631 8.43319 6.50808 4.23703 2.72989 0.945748 -1.95211 -3.18765 -2.81812 -2.46454 -1.87129 -1.95715 -2.74846 -2.74659 -2.372 0.18214 3.718 4.86337 4.81235
102.855 1.03321 0.433729 -0.0729341 1.74969 6.68978 8.2958 6.84308 5.38511 4.068 1.84581 -1.42014 -2.78367 -2.57464 -2.52895 -2.11886 -2.21314 -3.05148 -3.09414 -2.69428 -0.218966 3.23304 4.46106 4.56248
102.905 -0.00437079 -1.11801 -1.54192 0.58547 6.01865 7.9095 6.93144 6.33479 5.26588 2.72222 -0.741582 -2.16943 -2.14475 -2.49319 -2.3446 -2.45828 -3.33588 -3.42444 -3.01299 -0.650583 2.67603 3.98785 4.25984
102.955 -0.966982 -2.52293 -2.86516 -0.517704 5.21347 7.28946 6.74982 6.97012 6.19603 3.57012 0.16579 -1.27472 -1.51062 -2.36492 -2.54371 -2.69035 -3.60134 -3.73376 -3.31997 -1.1017 2.05087 3.43496 3.89263
103.005 -1.82467 -3.72475 -3.97125 -1.49252 4.31865 6.46088 6.29292 7.25617 6.83857 4.37267 1.28577 -0.118206 -0.720042 -2.16965 -2.69556 -2.8895 -3.83225 -4.00473 -3.59206 -1.53348 1.40649 2.833 3.46615
103.055 -2.56272 -4.69775 -4.8121 -2.29123 3.36112 5.47595 5.62018 7.23834 7.21469 5.06912 2.49459 1.17661 0.134819 -1.91728 -2.76076 -3.02242 -4.01097 -4.22579 -3.81485 -1.9164 0.789109 2.22353 3.00486
103.105 -3.16431 -5.4456 -5.40939 -2.94059 2.36421 4.39077 4.82279 6.98691 7.33731 5.6166 3.68908 2.48868 0.982988 -1.59415 -2.69592 -3.05824 -4.13251 -4.40418 -3.99381 -2.24681 0.21446 1.62875 2.53359
103.155 -3.63749 -6.00485 -5.82395 -3.49352 1.31892 3.20067 3.92695 6.57048 7.26014 6.00145 4.79443 3.74061 1.80084 -1.16945 -2.46247 -2.96487 -4.18803 -4.55126 -4.14554 -2.54207 -0.33419 1.03655 2.05551
103.205 -4.00572 -6.39452 -6.08295 -3.96144 0.225081 1.91177 2.96499 6.03899 7.00592 6.19006 5.73686 4.87491 2.59396 -0.61481 -2.04274 -2.71315 -4.15328 -4.66535 -4.28127 -2.82213 -0.883305 0.41631 1.55085
103.255 -4.27345 -6.5654 -6.1372 -4.31382 -0.917068 0.525681 1.94815 5.41896 6.5964 6.16233 6.44174 5.81458 3.36333 0.127434 -1.37491 -2.26362 -4.02347 -4.75379 -4.40898 -3.09644 -1.43837 -0.241466 1.00286
103.305 -4.41616 -6.49928 -5.97832 -4.53038 -2.05376 -0.910078 0.885252 4.69777 6.03405 5.92285 6.87504 6.52801 4.11537 1.08084 -0.435368 -1.62013 -3.8106 -4.80583 -4.51355 -3.34971 -1.96884 -0.901871 0.4241
103.355 -4.42067 -6.21098 -5.62695 -4.59217 -3.08298 -2.25455 -0.144749 3.87719 5.30917 5.48169 7.03256 7.00871 4.81875 2.17911 0.705673 -0.840503 -3.52337 -4.79195 -4.56466 -3.56121 -2.44089 -1.51374 -0.151196
103.405 -4.28899 -5.7565 -5.14049 -4.51134 -3.91225 -3.36994 -1.06342 2.96584 4.41858 4.85879 6.94062 7.26149 5.42438 3.32693 1.95371 0.0152315 -3.16387 -4.68862 -4.54001 -3.72399 -2.84526 -2.04492 -0.692201
103.455 -4.04475 -5.20879 -4.59028 -4.32494 -4.48802 -4.18483 -1.84662 1.96641 3.37344 4.0932 6.64883 7.2994 5.88686 4.43989 3.22838 0.903752 -2.72943 -4.48157 -4.42766 -3.83613 -3.18807 -2.48851 -1.18251
103.505 -3.72976 -4.63881 -4.04506 -4.08268 -4.82061 -4.71589 -2.50568 0.906655 2.22206 3.25299 6.21787 7.13828 6.16352 5.43949 4.45586 1.79167 -2.21175 -4.15813 -4.21844 -3.89612 -3.47962 -2.85093 -1.61759
103.555 -3.39241 -4.10547 -3.55974 -3.82642 -4.94224 -4.98352 -3.03162 -0.1773 1.00152 2.36627 5.67811 6.80625 6.24693 6.27649 5.57667 2.66003 -1.59129 -3.70266 -3.90416 -3.89152 -3.72569 -3.15201 -2.00405
103.605 -3.07016 -3.64317 -3.16118 -3.57486 -4.88247 -5.01227 -3.40939 -1.21671 -0.201336 1.47542 5.03339 6.31113 6.13991 6.91463 6.53793 3.49855 -0.847986 -3.10756 -3.48928 -3.76675 -3.89197 -3.44159 -2.37003
103.655 -2.78666 -3.26748 -2.8586 -3.34226 -4.68711 -4.85218 -3.63651 -2.13601 -1.28086 0.641578 4.29201 5.6498 5.83903 7.31664 7.28951 4.29506 0.0345456 -2.34883 -2.94095 -3.49376 -3.97613 -3.7387 -2.72882
103.705 -2.5532 -2.97914 -2.64625 -3.13749 -4.40499 -4.56099 -3.72387 -2.87816 -2.16586 -0.103282 3.45604 4.81722 5.34469 7.4701 7.81608 5.03737 1.04131 -1.43168 -2.2572 -3.08583 -3.97393 -4.00901 -3.0618
103.755 -2.36947 -2.76573 -2.5044 -2.95974 -4.07843 -4.19572 -3.69458 -3.40787 -2.82712 -0.759934 2.53713 3.83899 4.69781 7.39984 8.11583 5.68616 2.10628 -0.412027 -1.49399 -2.60117 -3.87363 -4.18439 -3.33036
103.805 -2.2252 -2.60616 -2.40671 -2.80383 -3.74606 -3.8152 -3.58949 -3.7368 -3.28362 -1.3328 1.57897 2.78756 3.98177 7.15535 8.18642 6.18344 3.14697 0.639656 -0.722338 -2.09502 -3.67093 -4.2246 -3.50804
103.855 -2.10718 -2.47964 -2.33145 -2.66769 -3.44265 -3.47187 -3.44996 -3.89081 -3.5443 -1.80465 0.630245 1.73142 3.24838 6.76623 8.04138 6.50619 4.11542 1.67946 0.0217557 -1.5898 -3.36987 -4.12534 -3.58867
103.905 -2.0045 -2.36981 -2.26371 -2.55016 -3.19089 -3.1987 -3.30443 -3.89961 -3.62771 -2.16643 -0.249938 0.764176 2.55311 6.24542 7.6837 6.63665 4.98146 2.69391 0.738632 -1.08034 -2.97841 -3.9009 -3.57526
103.955 -1.90679 -2.26223 -2.19194 -2.44848 -3.00143 -3.01092 -3.17413 -3.80221 -3.56871 -2.4192 -1.01686 -0.052392 1.93148 5.60492 7.10922 6.54084 5.73964 3.71059 1.44662 -0.559879 -2.51624 -3.57588 -3.47282
104.005 -1.80338 -2.14174 -2.10428 -2.35562 -2.87317 -2.90697 -3.07024 -3.63613 -3.4056 -2.56472 -1.63853 -0.70342 1.37724 4.84937 6.31735 6.19263 6.37529 4.74637 2.17482 -0.0106575 -1.99846 -3.1739 -3.28863
104.055 -1.68111 -1.98688 -1.98227 -2.25623 -2.79497 -2.8737 -2.99442 -3.43321 -3.17666 -2.61004 -2.09529 -1.20566 0.856416 3.98912 5.33796 5.61331 6.85512 5.76103 2.92619 0.574765 -1.43932 -2.71541 -3.03146
104.105 -1.51836 -1.75599 -1.7883 -2.11997 -2.75101 -2.89879 -2.94774 -3.22462 -2.92426 -2.57881 -2.39882 -1.59514 0.352278 3.07538 4.26484 4.91259 7.14369 6.6463 3.66188 1.18331 -0.858896 -2.22576 -2.71842
104.155 -1.27852 -1.35618 -1.43877 -1.88501 -2.72781 -2.99034 -2.94602 -3.05005 -2.69825 -2.50897 -2.57055 -1.86934 -0.101099 2.18407 3.2194 4.24451 7.16405 7.23659 4.3634 1.87928 -0.206421 -1.71314 -2.37814
104.205 -0.937953 -0.697957 -0.857658 -1.47587 -2.69275 -3.15459 -3.00561 -2.9452 -2.5414 -2.43733 -2.637 -2.02974 -0.489956 1.363 2.28656 3.65253 6.94981 7.48087 4.93643 2.66469 0.572849 -1.15402 -2.01142
104.255 -0.438921 0.10657 -0.173053 -0.947482 -2.58641 -3.3221 -3.09666 -2.91572 -2.47682 -2.39726 -2.63796 -2.09885 -0.816761 0.634399 1.51067 3.14733 6.55518 7.38753 5.27584 3.50579 1.52437 -0.515543 -1.60182
104.305 0.336032 1.10178 0.663619 -0.295494 -2.42302 -3.47516 -3.21032 -2.9655 -2.51345 -2.40972 -2.61 -2.10497 -1.08297 0.00569959 0.887693 2.70608 6.00234 6.97975 5.30517 4.35731 2.68316 0.242513 -1.11717
104.355 1.34182 2.34543 1.76303 0.525621 -2.2125 -3.58898 -3.32509 -3.08391 -2.64515 -2.4832 -2.58449 -2.08011 -1.29224 -0.516985 0.395729 2.29167 5.30582 6.31254 5.04331 4.98541 3.96643 1.26297 -0.4743
104.405 2.42788 3.7429 3.06154 1.47124 -1.91061 -3.57093 -3.36452 -3.22261 -2.84126 -2.60699 -2.57932 -2.05201 -1.45352 -0.938697 -0.0182723 1.85264 4.50384 5.47995 4.5605 5.23916 5.18193 2.51725 0.35162
104.455 3.43814 5.14649 4.4027 2.44324 -1.46367 -3.31798 -3.23557 -3.32115 -3.06404 -2.76005 -2.60077 -2.04235 -1.5828 -1.27408 -0.396579 1.36553 3.64757 4.57509 3.94463 5.22593 6.15901 3.76142 1.27939
104.505 4.21094 6.34034 5.64458 3.38723 -0.835332 -2.77559 -2.87461 -3.32967 -3.28491 -2.92648 -2.65444 -2.06984 -1.69673 -1.52368 -0.715093 0.867472 2.78784 3.66901 3.27023 5.02287 6.80921 4.83652 2.22854
104.555 4.81485 7.18677 6.58045 4.25411 -0.0307199 -1.98884 -2.29287 -3.21189 -3.46858 -3.08741 -2.74116 -2.14618 -1.81159 -1.69675 -0.953586 0.394142 1.95839 2.80249 2.58716 4.6859 7.13584 5.67653 3.12986
104.605 5.26895 7.73003 7.16413 5.00035 0.961659 -0.963205 -1.52399 -2.98809 -3.6112 -3.24033 -2.86473 -2.27705 -1.94054 -1.81389 -1.11558 -0.03263 1.17624 1.98225 1.91586 4.2615 7.19812 6.27254 3.93157
104.655 5.56361 8.02249 7.43353 5.6154 2.15776 0.351085 -0.58525 -2.69733 -3.70623 -3.3742 -3.01754 -2.45546 -2.08713 -1.89649 -1.21781 -0.4004 0.458088 1.20511 1.25895 3.78898 7.06985 6.63958 4.59538
104.705 5.70476 8.09129 7.43138 6.07744 3.49128 1.89229 0.454256 -2.35437 -3.70992 -3.44798 -3.17124 -2.6607 -2.24434 -1.96122 -1.28274 -0.711689 -0.18246 0.49104 0.63908 3.2961 6.8082 6.80506 5.09945
104.755 5.64035 7.92483 7.22273 6.38338 4.84193 3.51642 1.50567 -1.94196 -3.56214 -3.41031 -3.29584 -2.87603 -2.40716 -2.0241 -1.33416 -0.977776 -0.746613 -0.155276 0.0663365 2.8038 6.46286 6.80748 5.44322
104.805 5.41523 7.51124 6.81594 6.50318 6.06404 5.04352 2.51012 -1.40067 -3.18837 -3.1968 -3.35388 -3.08625 -2.57248 -2.09969 -1.39403 -1.21559 -1.24839 -0.744076 -0.465918 2.31382 6.05972 6.68235 5.64333
104.855 5.077 6.87862 6.2099 6.38735 7.03154 6.35598 3.45437 -0.702062 -2.57597 -2.77665 -3.30307 -3.26463 -2.72933 -2.19468 -1.47755 -1.44154 -1.70655 -1.29157 -0.970843 1.818 5.60579 6.45229 5.71771
104.905 4.64617 6.05385 5.40102 5.9896 7.6459 7.37077 4.34151 0.185177 -1.72048 -2.15119 -3.13268 -3.3955 -2.87022 -2.31263 -1.59384 -1.66748 -2.13547 -1.80919 -1.45668 1.31237 5.10469 6.13041 5.67748
104.955 4.08779 5.03951 4.38913 5.30387 7.87924 8.06208 5.1767 1.29613 -0.595281 -1.34298 -2.87223 -3.47117 -2.98394 -2.44784 -1.74193 -1.89566 -2.53757 -2.2942 -1.91379 0.819 4.58642 5.74072 5.52997
105.005 3.31705 3.79867 3.16057 4.35279 7.79659 8.49609 5.94016 2.55836 0.729757 -0.429393 -2.54342 -3.45174 -3.03186 -2.57632 -1.90995 -2.12105 -2.913 -2.74441 -2.33217 0.36547 4.09411 5.32311 5.29548
105.055 2.32586 2.34654 1.75255 3.22748 7.49575 8.7174 6.56532 3.83437 2.13097 0.510203 -2.13449 -3.27939 -2.9632 -2.67001 -2.08664 -2.33996 -3.26892 -3.16984 -2.71922 -0.047824 3.64142 4.90566 5.00466
105.105 1.25426 0.785708 0.268685 2.07069 7.01673 8.64649 6.98218 5.05589 3.52293 1.44114 -1.61883 -2.91347 -2.73258 -2.6945 -2.25562 -2.54631 -3.61604 -3.59183 -3.10193 -0.454714 3.19715 4.48161 4.67761
105.155 0.197754 -0.79506 -1.23455 0.883577 6.3616 8.30694 7.15136 6.11005 4.80919 2.35198 -0.966797 -2.33771 -2.30976 -2.60688 -2.38406 -2.72307 -3.95778 -4.02861 -3.50625 -0.892064 2.71858 4.02478 4.31534
105.205 -0.791464 -2.25685 -2.62507 -0.27021 5.54931 7.70993 7.03414 6.87258 5.8624 3.23768 -0.0993682 -1.4867 -1.67169 -2.40118 -2.45482 -2.85901 -4.29479 -4.48447 -3.93323 -1.36187 2.19692 3.52358 3.91164
105.255 -1.67938 -3.51992 -3.80627 -1.30727 4.63173 6.88282 6.62155 7.26719 6.61682 4.08836 0.996519 -0.366255 -0.863171 -2.10103 -2.44448 -2.93437 -4.60874 -4.93976 -4.3573 -1.82969 1.66576 3.00246 3.47638
105.305 -2.44803 -4.55876 -4.73017 -2.17328 3.64938 5.87879 5.95931 7.32922 7.09614 4.84351 2.19508 0.892609 0.00973079 -1.72624 -2.31989 -2.93065 -4.862 -5.3484 -4.74196 -2.2767 1.12964 2.48328 3.0346
105.355 -3.08005 -5.35973 -5.38521 -2.8685 2.62192 4.75891 5.1418 7.13644 7.3202 5.44594 3.36931 2.15069 0.860217 -1.27956 -2.04841 -2.81009 -5.03427 -5.70181 -5.07997 -2.69743 0.595723 1.97509 2.60189
105.405 -3.57957 -5.95735 -5.83217 -3.44292 1.56237 3.54767 4.22933 6.76228 7.32153 5.87206 4.44145 3.32959 1.66513 -0.752735 -1.62694 -2.54875 -5.09045 -5.9821 -5.37628 -3.11588 0.0234894 1.44041 2.16651
105.455 -3.96597 -6.37967 -6.11393 -3.92309 0.465982 2.24803 3.25599 6.26789 7.13654 6.09624 5.33519 4.36186 2.43558 -0.0841602 -1.01321 -2.12638 -5.02104 -6.18114 -5.62824 -3.54125 -0.620437 0.831162 1.69667
105.505 -4.25477 -6.58976 -6.19751 -4.29106 -0.67717 0.858604 2.2371 5.68246 6.78715 6.10354 5.99582 5.20947 3.18731 0.761113 -0.193917 -1.56527 -4.84185 -6.28058 -5.80844 -3.94056 -1.31258 0.142093 1.17281
105.555 -4.42225 -6.56406 -6.06788 -4.52724 -1.82749 -0.594781 1.16925 4.99996 6.2914 5.91547 6.41873 5.87203 3.91123 1.74006 0.776893 -0.910956 -4.55994 -6.2527 -5.88434 -4.27215 -2.00375 -0.59952 0.593683
105.605 -4.45254 -6.30965 -5.74028 -4.61311 -2.89301 -1.98795 0.119228 4.22295 5.64975 5.55435 6.61257 6.34425 4.56973 2.77534 1.82696 -0.201252 -4.18028 -6.08715 -5.84049 -4.50878 -2.64471 -1.34795 -0.0224802
105.655 -4.34331 -5.8773 -5.26902 -4.55913 -3.78602 -3.18826 -0.835707 3.36038 4.85666 5.03353 6.59524 6.62609 5.12712 3.79942 2.90088 0.542733 -3.70882 -5.78993 -5.67932 -4.64325 -3.2037 -2.06114 -0.64991
105.705 -4.11474 -5.33878 -4.72362 -4.39753 -4.44345 -4.10583 -1.66031 2.40526 3.89908 4.35972 6.39583 6.73338 5.5631 4.76578 3.96278 1.31133 -3.14826 -5.37066 -5.41008 -4.68147 -3.66508 -2.70743 -1.26619
105.755 -3.80599 -4.76403 -4.16875 -4.16792 -4.84832 -4.72733 -2.3625 1.36635 2.7987 3.57397 6.05561 6.67811 5.85254 5.6257 4.97114 2.09051 -2.49759 -4.83549 -5.04028 -4.632 -4.0252 -3.26382 -1.84789
105.805 -3.46434 -4.21366 -3.66107 -3.91374 -5.03089 -5.07851 -2.94088 0.27726 1.59544 2.7209 5.61153 6.47525 5.97881 6.3319 5.87464 2.86317 -1.74901 -4.18466 -4.5709 -4.49229 -4.28988 -3.73374 -2.38124
105.855 -3.13073 -3.72829 -3.23486 -3.6591 -5.01875 -5.17441 -3.37563 -0.808914 0.346904 1.82726 5.0672 6.13116 5.94454 6.85629 6.6286 3.61781 -0.88601 -3.40425 -3.98327 -4.23568 -4.46407 -4.14543 -2.87531
105.905 -2.8313 -3.32666 -2.90244 -3.41713 -4.85205 -5.05855 -3.65864 -1.81221 -0.837276 0.951769 4.41982 5.63131 5.74176 7.16796 7.18761 4.33618 0.110805 -2.45651 -3.23132 -3.82546 -4.5542 -4.52467 -3.34049
105.955 -2.58001 -3.01296 -2.6624 -3.19906 -4.58096 -4.78954 -3.7957 -2.66433 -1.86388 0.144488 3.67005 4.95978 5.35656 7.24944 7.53462 4.99675 1.22898 -1.33537 -2.31575 -3.25667 -4.54866 -4.8604 -3.76083
106.005 -2.37981 -2.77864 -2.49976 -3.00837 -4.2519 -4.42699 -3.80578 -3.31377 -2.67193 -0.574575 2.81958 4.11507 4.79415 7.11269 7.67416 5.56215 2.40785 -0.0861133 -1.29157 -2.56994 -4.41818 -5.09896 -4.10605
106.055 -2.22324 -2.60492 -2.38967 -2.84089 -3.90456 -4.02912 -3.72272 -3.74727 -3.25594 -1.21095 1.8953 3.14576 4.11288 6.79708 7.60616 5.97187 3.55173 1.21589 -0.220445 -1.82461 -4.16274 -5.18566 -4.3391
106.105 -2.097 -2.46985 -2.30764 -2.69281 -3.57526 -3.65186 -3.58979 -3.98727 -3.62904 -1.75301 0.944023 2.11933 3.37777 6.34797 7.34986 6.19111 4.56203 2.47501 0.833784 -1.05606 -3.77892 -5.09911 -4.44213
106.155 -1.98914 -2.35556 -2.23664 -2.56319 -3.29164 -3.33604 -3.43991 -4.06025 -3.80111 -2.1814 0.0255165 1.12178 2.64279 5.78187 6.91628 6.20297 5.39857 3.64796 1.82597 -0.292725 -3.27472 -4.84005 -4.41162
106.205 -1.89002 -2.24804 -2.16539 -2.45133 -3.07 -3.10482 -3.29769 -4.00342 -3.802 -2.48715 -0.792877 0.252568 1.97034 5.11241 6.30761 6.00531 6.03242 4.69732 2.73476 0.458859 -2.65517 -4.42214 -4.25691
106.255 -1.79018 -2.13379 -2.08411 -2.35405 -2.91563 -2.96504 -3.18018 -3.85793 -3.67142 -2.66801 -1.4615 -0.439969 1.3869 4.3632 5.54861 5.63156 6.43437 5.56787 3.54342 1.21338 -1.90963 -3.85957 -3.99254
106.305 -1.67749 -1.9939 -1.97715 -2.25925 -2.82066 -2.90702 -3.09272 -3.66051 -3.45394 -2.73619 -1.96592 -0.984758 0.862792 3.57135 4.70543 5.15663 6.61577 6.21183 4.21638 1.96985 -1.04657 -3.18048 -3.6344
106.355 -1.53182 -1.79273 -1.81246 -2.14064 -2.7695 -2.91708 -3.03858 -3.44963 -3.2028 -2.72444 -2.32008 -1.41689 0.382695 2.78511 3.85873 4.66224 6.60294 6.58927 4.71126 2.73138 -0.0693156 -2.41549 -3.20093
106.405 -1.31805 -1.45225 -1.51978 -1.94576 -2.74697 -2.99553 -3.0299 -3.26652 -2.97151 -2.67157 -2.54111 -1.73697 -0.044066 2.04865 3.08788 4.1974 6.40352 6.66861 4.98326 3.51657 1.05204 -1.57169 -2.70022
106.455 -1.00354 -0.856743 -0.996628 -1.58906 -2.72839 -3.15528 -3.08672 -3.1514 -2.807 -2.61635 -2.65482 -1.94503 -0.408206 1.39814 2.46345 3.792 6.02206 6.4382 4.99576 4.25693 2.32244 -0.594165 -2.1087
106.505 -0.554205 -0.0785547 -0.329303 -1.08926 -2.64943 -3.33934 -3.18829 -3.11751 -2.73671 -2.5916 -2.6955 -2.05313 -0.700558 0.844081 1.97274 3.42185 5.49818 5.97467 4.79395 4.74074 3.61538 0.597004 -1.37888
106.555 0.150077 0.862822 0.459179 -0.473626 -2.49903 -3.50312 -3.30948 -3.15982 -2.76319 -2.61167 -2.69419 -2.08692 -0.924253 0.367635 1.52686 3.01436 4.87868 5.37805 4.44401 5.00295 4.80392 1.86262 -0.545948
106.605 1.11364 2.05311 1.49628 0.308842 -2.30012 -3.63481 -3.43464 -3.26793 -2.87702 -2.68095 -2.68197 -2.08449 -1.09685 -0.0430863 1.0871 2.54161 4.20169 4.72616 4.0108 5.09291 5.79229 3.08644 0.363849
106.655 2.19169 3.42073 2.74739 1.22105 -2.02811 -3.65765 -3.49778 -3.39939 -3.05168 -2.79377 -2.68476 -2.08354 -1.24026 -0.385504 0.675137 2.02072 3.48849 4.05958 3.53204 5.02971 6.51817 4.19371 1.32322
106.705 3.23798 4.81777 4.05598 2.16446 -1.63458 -3.47302 -3.41276 -3.50106 -3.25741 -2.9384 -2.71723 -2.10882 -1.37179 -0.658341 0.321416 1.4907 2.75589 3.38531 3.02232 4.83369 6.96936 5.13388 2.28276
106.755 4.05766 6.06854 5.30806 3.08217 -1.07608 -3.01628 -3.11448 -3.52915 -3.47311 -3.10473 -2.78584 -2.17142 -1.50141 -0.866814 0.0435788 0.999793 2.02684 2.68867 2.47769 4.54183 7.18868 5.87708 3.17758
106.805 4.69385 6.97772 6.30403 3.9493 -0.340413 -2.31267 -2.59809 -3.44221 -3.66478 -3.27384 -2.88735 -2.27335 -1.63749 -1.02888 -0.167703 0.565829 1.33134 1.98925 1.90858 4.17443 7.21738 6.41814 3.9638
106.855 5.18129 7.58048 6.9546 4.71045 0.586124 -1.37414 -1.89114 -3.24575 -3.81944 -3.43681 -3.01999 -2.41498 -1.78804 -1.16766 -0.336144 0.183181 0.685456 1.31396 1.33879 3.74806 7.08287 6.76406 4.62017
106.905 5.50846 7.92371 7.29082 5.35446 1.7317 -0.136673 -0.999358 -2.97613 -3.93384 -3.58531 -3.17826 -2.59228 -1.95549 -1.29932 -0.481202 -0.154915 0.0959075 0.675763 0.783129 3.28413 6.81977 6.92884 5.13257
106.955 5.68234 8.04656 7.34819 5.85363 3.04593 1.36337 0.0205189 -2.65112 -3.96712 -3.68056 -3.33618 -2.78894 -2.13218 -1.42958 -0.614333 -0.454046 -0.433056 0.0867216 0.25841 2.81226 6.47294 6.93544 5.48965
107.005 5.6573 7.93663 7.19266 6.20821 4.40847 2.98439 1.07546 -2.26059 -3.862 -3.67332 -3.46562 -2.99155 -2.31189 -1.56226 -0.744224 -0.721889 -0.905034 -0.450278 -0.227808 2.35293 6.08309 6.81827 5.69744
107.055 5.45834 7.57646 6.83748 6.3825 5.67774 4.55533 2.10045 -1.75314 -3.54597 -3.50343 -3.53581 -3.19188 -2.49351 -1.70393 -0.880715 -0.970043 -1.33265 -0.944091 -0.681892 1.90594 5.66659 6.60756 5.77731
107.105 5.1396 6.99197 6.28455 6.33461 6.71824 5.93314 3.06713 -1.09037 -2.98774 -3.1285 -3.50684 -3.37122 -2.67002 -1.85789 -1.03195 -1.21083 -1.73186 -1.40841 -1.11543 1.46163 5.22301 6.32075 5.75014
107.155 4.72898 6.21206 5.52954 6.01302 7.42667 7.0333 3.97529 -0.253428 -2.19543 -2.5475 -3.35854 -3.51127 -2.83307 -2.02539 -1.20389 -1.4546 -2.1166 -1.85533 -1.5385 1.01038 4.74664 5.96521 5.62958
107.205 4.20767 5.24989 4.5757 5.4042 7.7503 7.80034 4.82669 0.807912 -1.12646 -1.76697 -3.11595 -3.61157 -2.97876 -2.20545 -1.39784 -1.70493 -2.4897 -2.28346 -1.94518 0.564112 4.25386 5.55671 5.42375
107.255 3.49885 4.07528 3.41124 4.52307 7.73326 8.28329 5.61221 2.05414 0.181457 -0.850113 -2.80922 -3.64343 -3.07713 -2.37876 -1.60374 -1.95659 -2.84724 -2.68609 -2.32234 0.149425 3.78379 5.13029 5.14975
107.305 2.55576 2.67585 2.0502 3.43681 7.47398 8.54745 6.27805 3.35544 1.61201 0.119018 -2.43752 -3.5543 -3.0828 -2.52068 -1.811 -2.20428 -3.18963 -3.06467 -2.66914 -0.225589 3.35614 4.71493 4.83493
107.355 1.4982 1.14576 0.59345 2.29397 7.03636 8.54133 6.7494 4.61984 3.0604 1.08718 -1.97052 -3.28678 -2.94804 -2.60885 -2.01421 -2.44706 -3.52415 -3.43093 -3.00075 -0.581704 2.95161 4.31039 4.49949
107.405 0.436964 -0.434787 -0.906771 1.11716 6.42244 8.26185 6.993 5.76276 4.44085 2.0339 -1.37949 -2.8112 -2.63234 -2.60733 -2.19541 -2.67722 -3.85532 -3.79881 -3.33775 -0.951219 2.53213 3.89558 4.14758
107.455 -0.569372 -1.93295 -2.33376 -0.0522633 5.64674 7.73127 6.96966 6.65888 5.63421 2.94719 -0.626971 -2.10839 -2.11232 -2.48306 -2.32653 -2.87945 -4.18195 -4.17639 -3.69256 -1.35637 2.06912 3.44989 3.77273
107.505 -1.48269 -3.24368 -3.56504 -1.1178 4.76013 6.96951 6.65365 7.19524 6.52167 3.81827 0.356407 -1.11942 -1.38127 -2.24783 -2.39833 -3.04706 -4.50244 -4.5594 -4.05412 -1.78561 1.57098 2.97658 3.3721
107.555 -2.27949 -4.33527 -4.5485 -2.02113 3.80387 6.0135 6.06059 7.36737 7.1045 4.61785 1.52104 0.102539 -0.510861 -1.93107 -2.3855 -3.15598 -4.7999 -4.93131 -4.39767 -2.20392 1.07846 2.50808 2.96074
107.605 -2.9427 -5.18021 -5.24322 -2.73528 2.79441 4.92031 5.27469 7.24328 7.40729 5.28554 2.73905 1.41925 0.395539 -1.54222 -2.24455 -3.17043 -5.06132 -5.28663 -4.70929 -2.5886 0.622022 2.0762 2.56352
107.655 -3.46823 -5.81217 -5.71832 -3.32164 1.74994 3.72965 4.37698 6.90404 7.46116 5.79163 3.91649 2.71819 1.27455 -1.06619 -1.93064 -3.05016 -5.27219 -5.62922 -4.99657 -2.95564 0.186995 1.68123 2.19239
107.705 -3.87341 -6.2666 -6.02455 -3.81327 0.667133 2.44657 3.40589 6.42122 7.30966 6.10403 4.96403 3.92091 2.10926 -0.483037 -1.42378 -2.75151 -5.38609 -5.94524 -5.27335 -3.3529 -0.282337 1.29309 1.83663
107.755 -4.1845 -6.51883 -6.13925 -4.19031 -0.452955 1.08657 2.39871 5.84227 6.97468 6.18572 5.79248 4.94895 2.90536 0.259739 -0.687388 -2.24173 -5.37584 -6.22212 -5.53773 -3.81471 -0.83205 0.88789 1.47719
107.805 -4.37863 -6.53857 -6.04187 -4.43493 -1.58157 -0.335762 1.35008 5.16904 6.47836 6.04241 6.36403 5.77294 3.67913 1.18288 0.271521 -1.55533 -5.24525 -6.42625 -5.75498 -4.33164 -1.4633 0.476029 1.10817
107.855 -4.43781 -6.32472 -5.74058 -4.52659 -2.63045 -1.70537 0.318545 4.40309 5.82706 5.69693 6.67693 6.38868 4.40787 2.22153 1.36865 -0.759507 -5.00067 -6.53034 -5.90209 -4.85133 -2.12768 0.0774548 0.733962
107.905 -4.35588 -5.92016 -5.28292 -4.47029 -3.50409 -2.87546 -0.605262 3.56382 5.03026 5.17977 6.75227 6.79343 5.04184 3.27955 2.50971 0.119251 -4.63863 -6.575 -6.10508 -5.23803 -2.60822 -0.36214 0.325294
107.955 -4.14778 -5.39521 -4.73911 -4.29987 -4.13969 -3.7489 -1.37469 2.65458 4.09187 4.52229 6.63609 7.00562 5.54598 4.27646 3.61506 1.07124 -4.12215 -6.56257 -6.4359 -5.53132 -2.8157 -0.805739 -0.106311
108.005 -3.8502 -4.82287 -4.17892 -4.06209 -4.53426 -4.33295 -2.0163 1.6738 3.03168 3.77533 6.39076 7.06475 5.91803 5.16193 4.60022 1.93226 -3.45708 -6.35467 -6.61761 -5.74406 -3.10446 -1.30215 -0.538753
108.055 -3.51144 -4.26687 -3.66183 -3.8038 -4.72801 -4.67948 -2.55533 0.643057 1.88358 2.98114 6.04867 6.98334 6.14486 5.90364 5.45446 2.70592 -2.69612 -5.92419 -6.5455 -5.84862 -3.47502 -1.83791 -0.977352
108.105 -3.17553 -3.77152 -3.22461 -3.54933 -4.74381 -4.8004 -2.97568 -0.39271 0.69544 2.15846 5.60931 6.7655 6.22723 6.4924 6.18291 3.4051 -1.87315 -5.30291 -6.25115 -5.84246 -3.84992 -2.3709 -1.42429
108.155 -2.87175 -3.35889 -2.8816 -3.30986 -4.61045 -4.72266 -3.26238 -1.35404 -0.422959 1.36572 5.07198 6.39886 6.16048 6.92357 6.78692 4.04459 -1.00791 -4.55788 -5.81863 -5.73492 -4.14928 -2.85199 -1.86769
108.205 -2.61639 -3.03595 -2.63401 -3.09678 -4.37301 -4.49632 -3.41923 -2.17834 -1.38233 0.654567 4.44413 5.87389 5.93735 7.19795 7.26844 4.64031 -0.100948 -3.72663 -5.29791 -5.54582 -4.35131 -3.25405 -2.2853
108.255 -2.41323 -2.79554 -2.46839 -2.91422 -4.07591 -4.17631 -3.46254 -2.82567 -2.13727 0.0368296 3.72117 5.17628 5.54562 7.32008 7.63811 5.2186 0.863057 -2.82323 -4.70949 -5.28619 -4.45802 -3.57263 -2.66443
108.305 -2.25543 -2.61943 -2.36002 -2.75704 -3.75549 -3.81335 -3.4146 -3.27603 -2.68377 -0.510384 2.89929 4.31011 4.9962 7.28821 7.88125 5.79304 1.89611 -1.85687 -4.05902 -4.95713 -4.47352 -3.80834 -2.99593
108.355 -2.12951 -2.4845 -2.2815 -2.61683 -3.44185 -3.45444 -3.30691 -3.54706 -3.05785 -1.0077 2.01004 3.3328 4.3521 7.104 7.94907 6.33464 2.97276 -0.85388 -3.35468 -4.55763 -4.39915 -3.95856 -3.26774
108.405 -2.02208 -2.37084 -2.2128 -2.48989 -3.16175 -3.1408 -3.17222 -3.6635 -3.27138 -1.44176 1.09856 2.31261 3.66697 6.77743 7.82636 6.76614 4.03662 0.19389 -2.59241 -4.08733 -4.24033 -4.02525 -3.47188
108.455 -1.92304 -2.26377 -2.14153 -2.37507 -2.93305 -2.89876 -3.03465 -3.65027 -3.33317 -1.7946 0.22922 1.35202 3.00349 6.32877 7.52364 6.95028 5.00583 1.3337 -1.75288 -3.54354 -4.00503 -4.01602 -3.60784
108.505 -1.82265 -2.14974 -2.05779 -2.26992 -2.76388 -2.7402 -2.91366 -3.54168 -3.26787 -2.05614 -0.54552 0.520603 2.39693 5.76457 7.03226 6.86146 5.83897 2.54327 -0.840099 -2.92523 -3.69439 -3.93313 -3.67555
108.555 -1.70981 -2.0124 -1.94922 -2.16685 -2.65231 -2.66308 -2.82066 -3.37302 -3.10816 -2.22061 -1.18934 -0.160086 1.84749 5.09083 6.35344 6.49884 6.50337 3.79285 0.143545 -2.22757 -3.30421 -3.77461 -3.67414
108.605 -1.56863 -1.82419 -1.79231 -2.04747 -2.58791 -2.65694 -2.75964 -3.17651 -2.89038 -2.29074 -1.67684 -0.691913 1.33641 4.31905 5.51169 5.91378 6.94263 4.98737 1.19446 -1.42997 -2.81991 -3.53497 -3.60225
108.655 -1.3729 -1.52635 -1.53459 -1.87233 -2.55776 -2.71751 -2.73667 -2.98486 -2.65529 -2.28504 -2.01016 -1.09456 0.873568 3.54121 4.66584 5.35228 6.99617 5.7746 2.25281 -0.429247 -2.14469 -3.19897 -3.47821
108.705 -1.08621 -1.00095 -1.06873 -1.55755 -2.54268 -2.85809 -2.77098 -2.83963 -2.4542 -2.24354 -2.22012 -1.39423 0.462734 2.81703 3.91278 4.87437 6.77947 6.08875 3.06619 0.706174 -1.19561 -2.717 -3.28192
108.755 -0.686959 -0.25797 -0.417233 -1.07943 -2.48599 -3.0453 -2.85694 -2.76736 -2.32959 -2.20767 -2.3399 -1.60359 0.099437 2.17297 3.31223 4.47561 6.36856 5.99707 3.51498 1.85987 0.0285265 -2.04518 -2.9755
108.805 -0.0648652 0.621363 0.321974 -0.501425 -2.3551 -3.21397 -2.9626 -2.76916 -2.30053 -2.20506 -2.39566 -1.72857 -0.217648 1.59504 2.81723 4.09737 5.83747 5.66506 3.67554 2.7981 1.34938 -1.14351 -2.50467
108.855 0.836717 1.73802 1.27724 0.22474 -2.17789 -3.36132 -3.08395 -2.84861 -2.37327 -2.25077 -2.41195 -1.78341 -0.484133 1.0535 2.31666 3.66847 5.25551 5.22619 3.64144 3.49945 2.63273 -0.0996848 -1.87676
108.905 1.89571 3.06398 2.47138 1.09672 -1.93948 -3.42663 -3.17024 -2.97544 -2.52992 -2.34597 -2.41538 -1.79812 -0.703501 0.547626 1.77586 3.15966 4.6446 4.74433 3.4793 3.99471 3.79561 0.995005 -1.11619
108.955 2.96317 4.46198 3.77 2.02949 -1.5911 -3.30974 -3.13516 -3.09514 -2.73744 -2.48048 -2.42899 -1.80786 -0.888603 0.101825 1.24175 2.59211 3.99218 4.22253 3.21793 4.30765 4.78187 2.06443 -0.263624
109.005 3.84788 5.77594 5.04305 2.94185 -1.0875 -2.92904 -2.90069 -3.15773 -2.96816 -2.64318 -2.46974 -1.84073 -1.05348 -0.261661 0.774974 2.02137 3.30172 3.64382 2.86465 4.4513 5.56011 3.05068 0.626201
109.055 4.52192 6.76772 6.10971 3.81329 -0.406065 -2.28263 -2.44029 -3.11744 -3.18848 -2.81766 -2.54523 -1.91346 -1.2121 -0.543034 0.402986 1.49562 2.60248 3.01525 2.43678 4.43589 6.11616 3.91456 1.49858
109.105 5.04663 7.44082 6.83672 4.58674 0.453296 -1.41627 -1.79042 -2.96269 -3.3709 -2.98843 -2.65702 -2.03398 -1.37854 -0.763745 0.115913 1.03266 1.92403 2.36204 1.96177 4.27652 6.4545 4.63925 2.31621
109.155 5.4162 7.84055 7.24219 5.24598 1.52056 -0.278776 -0.963274 -2.72677 -3.51414 -3.15061 -2.80541 -2.20337 -1.56151 -0.948875 -0.110493 0.630911 1.28761 1.71239 1.46599 3.99476 6.59001 5.21598 3.05515
109.205 5.63164 8.02221 7.35837 5.76266 2.77128 1.12909 0.000971241 -2.43304 -3.58464 -3.27111 -2.96866 -2.40705 -1.7573 -1.11434 -0.297589 0.283756 0.70921 1.09447 0.976926 3.62911 6.55155 5.63339 3.68734
109.255 5.67261 7.97513 7.24647 6.14022 4.10017 2.68657 1.01467 -2.07704 -3.52565 -3.29996 -3.11663 -2.62824 -1.95964 -1.2715 -0.46357 -0.0194298 0.193772 0.525279 0.513322 3.2215 6.38273 5.89437 4.19439
109.305 5.52071 7.68366 6.93973 6.34831 5.37714 4.23894 2.00704 -1.61901 -3.26849 -3.17886 -3.21841 -2.85655 -2.16761 -1.43326 -0.626957 -0.294531 -0.267423 0.00463376 0.0772656 2.79512 6.1195 6.01546 4.57798
109.355 5.23891 7.16125 6.43825 6.35038 6.45189 5.61889 2.94236 -1.01207 -2.77132 -2.85823 -3.23083 -3.07123 -2.37489 -1.6085 -0.80369 -0.559101 -0.690782 -0.478309 -0.33904 2.35627 5.78061 6.01216 4.84727
109.405 4.86126 6.4362 5.73515 6.08901 7.21572 6.74033 3.82237 -0.236389 -2.04326 -2.33474 -3.12782 -3.24942 -2.57187 -1.80153 -1.00504 -0.827743 -1.09278 -0.936849 -0.74582 1.90281 5.37232 5.89294 5.00892
109.455 4.38029 5.52865 4.83583 5.54635 7.60557 7.53908 4.65108 0.762783 -1.04321 -1.61351 -2.92835 -3.38698 -2.75329 -2.01245 -1.23445 -1.10549 -1.47836 -1.37192 -1.13929 1.44777 4.91472 5.66989 5.06089
109.505 3.73223 4.42027 3.7355 4.73638 7.65333 8.05335 5.42341 1.9562 0.197342 -0.753392 -2.66021 -3.45418 -2.88859 -2.22196 -1.48193 -1.38654 -1.84323 -1.77626 -1.50602 1.01864 4.45014 5.37439 5.00697
109.555 2.84775 3.08171 2.43179 3.70557 7.45071 8.35651 6.09708 3.22309 1.56576 0.161945 -2.32369 -3.39835 -2.93188 -2.40536 -1.73755 -1.66579 -2.18655 -2.14917 -1.8421 0.627688 4.0071 5.04174 4.86844
109.605 1.80893 1.58466 1.00567 2.58311 7.07366 8.4311 6.59623 4.4488 2.94909 1.07542 -1.89184 -3.16422 -2.83591 -2.54057 -1.99797 -1.94419 -2.51533 -2.50088 -2.15894 0.260365 3.57735 4.6851 4.67026
109.655 0.746376 0.0169583 -0.473239 1.4368 6.5269 8.22814 6.8778 5.57203 4.27736 1.97449 -1.33953 -2.73078 -2.56708 -2.59532 -2.24911 -2.21795 -2.83703 -2.84729 -2.47798 -0.116647 3.12175 4.28739 4.42304
109.705 -0.273032 -1.50535 -1.91476 0.280357 5.81696 7.77962 6.90699 6.47321 5.44092 2.85087 -0.62324 -2.07167 -2.10127 -2.54262 -2.47009 -2.4775 -3.15312 -3.19715 -2.81164 -0.52496 2.61009 3.82613 4.12117
109.755 -1.21012 -2.8618 -3.18875 -0.798353 4.98115 7.09953 6.65912 7.03967 6.32002 3.69948 0.335944 -1.11538 -1.42451 -2.39604 -2.65559 -2.71765 -3.46009 -3.54467 -3.14944 -0.950585 2.05684 3.30701 3.75981
109.805 -2.03706 -4.01091 -4.23751 -1.73856 4.06413 6.21837 6.13818 7.25513 6.91088 4.49219 1.49186 0.0932298 -0.597463 -2.17976 -2.77959 -2.91259 -3.73681 -3.86933 -3.46703 -1.35913 1.50702 2.76641 3.35276
109.855 -2.7397 -4.92035 -5.00377 -2.49115 3.08711 5.19131 5.41598 7.17469 7.232 5.16288 2.71266 1.42063 0.284801 -1.90275 -2.80504 -3.03059 -3.96439 -4.15748 -3.74835 -1.72723 0.995016 2.24228 2.92849
109.905 -3.30473 -5.61092 -5.53865 -3.10471 2.07619 4.06843 4.57884 6.87323 7.30387 5.67734 3.90409 2.75331 1.15768 -1.55024 -2.69209 -3.04413 -4.13752 -4.41379 -3.99663 -2.05792 0.52086 1.74599 2.50903
109.955 -3.74345 -6.11835 -5.89889 -3.62639 1.01702 2.84053 3.65066 6.41948 7.18107 6.02194 4.99316 4.0148 1.99748 -1.08985 -2.4008 -2.92143 -4.24648 -4.64549 -4.22358 -2.37122 0.0571415 1.25872 2.09546
