50.01 2.91214 -9.85402 -3.10564 3.45521 0.70075 -3.6454 0.506974 -4.31052 -7.34408 -4.81362 -0.796123 -1.18796 -1.76621 0.617178 -7.30967 -7.25016 -3.60009 -2.75622 -0.780369 -1.06038 -5.33119 -8.49307 -7.48865 -0.690076 1.85046 0.414797 -2.42184 -8.69518 -2.8209 -10.5502 0.953386 8.44146 2.71798 -4.76781 -8.29675 1.4338 -11.4454 -0.0995599 11.0706 2.79388 -5.77067 -2.50738 4.86823 -10.3569 -2.82699 2.85829 1.08474 -3.4434 1.5175
50.06 3.06776 -10.1826 -2.24593 4.29124 1.01353 -4.15719 0.277122 -3.84432 -7.39084 -4.98178 -0.149067 -1.155 -1.88418 1.32932 -6.83668 -7.25567 -3.85969 -2.98912 -0.886885 -1.11401 -4.81041 -8.75952 -7.38682 -1.15751 0.953977 0.193914 -2.03948 -8.26993 -4.02636 -9.90457 1.04616 7.74055 2.36236 -4.57689 -8.80877 1.08882 -11.4996 0.081216 11.2042 2.92661 -5.6694 -3.23143 4.91439 -10.6655 -2.33657 3.26725 1.32364 -4.03764 1.05918
50.11 2.88375 -10.4646 -1.33804 5.08545 1.28762 -4.63245 -0.040638 -3.3269 -7.46587 -5.12556 0.561588 -1.08709 -2.00647 1.86854 -6.36833 -7.2632 -4.0803 -3.08142 -0.980766 -1.18884 -4.25671 -8.8717 -7.32344 -1.6026 0.131737 -0.00415753 -1.70687 -7.80307 -5.14291 -9.23927 1.0434 6.92433 1.97135 -4.32598 -9.16443 0.726361 -11.53 0.242192 11.11 3.03704 -5.54906 -4.08493 4.68283 -10.9403 -1.86597 3.68508 1.53157 -4.58124 0.586432
50.16 2.54553 -10.7064 -0.446748 5.83062 1.52955 -5.04846 -0.419956 -2.7103 -7.5909 -5.21867 1.34222 -0.969444 -2.13914 2.22951 -5.91359 -7.27277 -4.26501 -3.01331 -1.06056 -1.27714 -3.64956 -8.82719 -7.28573 -2.02394 -0.611314 -0.182841 -1.44097 -7.31367 -6.08404 -8.66094 0.900434 5.97712 1.59484 -4.01009 -9.35709 0.339192 -11.5316 0.394384 10.7783 3.11876 -5.4169 -5.03152 4.26391 -11.1866 -1.42761 4.10253 1.715 -5.06364 0.111788
50.21 2.21973 -10.9119 0.358299 6.51532 1.74477 -5.39118 -0.841448 -1.90825 -7.80722 -5.22156 2.18902 -0.774593 -2.297 2.42901 -5.47497 -7.2851 -4.41912 -2.77403 -1.12414 -1.3748 -2.96879 -8.63624 -7.26474 -2.42228 -1.2707 -0.344908 -1.25352 -6.81487 -6.87438 -8.20649 0.608309 4.94749 1.24951 -3.63883 -9.39028 -0.0872119 -11.4946 0.545611 10.2883 3.16362 -5.27922 -5.98767 3.74693 -11.4078 -1.03426 4.5051 1.8786 -5.48201 -0.360411
50.26 1.96151 -11.0844 1.04675 7.12604 1.93776 -5.64953 -1.29311 -0.822857 -8.16931 -5.07933 3.08843 -0.466611 -2.51131 2.48333 -5.05044 -7.30159 -4.5501 -2.37842 -1.16898 -1.47971 -2.20291 -8.32241 -7.25456 -2.7965 -1.84056 -0.492449 -1.14536 -6.31385 -7.5375 -7.87297 0.202626 3.90268 0.939015 -3.23155 -9.27747 -0.579492 -11.4007 0.699272 9.73579 3.16092 -5.14068 -6.87732 3.20164 -11.6062 -0.69327 4.87731 2.02547 -5.83881 -0.833136
50.31 1.75531 -11.2263 1.61902 7.64717 2.11193 -5.81358 -1.77027 0.438101 -8.65348 -4.75969 4.01215 -0.0592878 -2.82628 2.39224 -4.63356 -7.32463 -4.66811 -1.87027 -1.19246 -1.59052 -1.36313 -7.91907 -7.25131 -3.14272 -2.31246 -0.626873 -1.10574 -5.81203 -8.07697 -7.63914 -0.262367 2.88652 0.662221 -2.81177 -9.04026 -1.1866 -11.2172 0.853781 9.16848 3.09334 -5.0026 -7.66291 2.67182 -11.7828 -0.405068 5.20374 2.15734 -6.13956 -1.3174
50.36 1.56524 -11.3409 2.08796 8.05932 2.26936 -5.88411 -2.27554 1.54926 -9.13839 -4.31394 4.92768 0.364105 -3.25438 2.1581 -4.21166 -7.35802 -4.78337 -1.29751 -1.19183 -1.70603 -0.501197 -7.46224 -7.25249 -3.45584 -2.67476 -0.74892 -1.11789 -5.30501 -8.48489 -7.48047 -0.742381 1.92241 0.415878 -2.40152 -8.70489 -1.98858 -10.89 1.00154 8.59263 2.93232 -4.86018 -8.33005 2.17929 -11.9376 -0.16469 5.46645 2.27477 -6.39091 -1.83537
50.41 1.36031 -11.4314 2.46923 8.33771 2.41053 -5.87869 -2.81865 2.36058 -9.56353 -3.82096 5.8153 0.751451 -3.75351 1.80667 -3.76476 -7.40816 -4.89843 -0.683702 -1.16316 -1.82561 0.31456 -6.98314 -7.25657 -3.73197 -2.91236 -0.858654 -1.16547 -4.78226 -8.74985 -7.37637 -1.21248 1.02335 0.196015 -2.01844 -8.29839 -3.03799 -10.3717 1.12496 7.98908 2.65188 -4.69868 -8.86836 1.7311 -12.0698 0.0362976 5.63866 2.37728 -6.5994 -2.42301
50.46 1.12252 -11.4997 2.77777 8.45305 2.53432 -5.82006 -3.41481 2.87563 -9.92719 -3.32222 6.66894 1.0935 -4.26442 1.37572 -3.26289 -7.48659 -5.00268 -0.0240944 -1.09908 -1.95052 1.03411 -6.50375 -7.26279 -3.96997 -3.00685 -0.955446 -1.23611 -4.22724 -8.86265 -7.31116 -1.66279 0.196957 -0.00125858 -1.67683 -7.84524 -4.19083 -9.7208 1.18906 7.31903 2.28085 -4.49434 -9.26346 1.3249 -12.178 0.208766 5.67599 2.46325 -6.77075 -3.11725
50.51 0.844291 -11.5455 3.02653 8.38117 2.63798 -5.72577 -4.07753 3.1308 -10.2391 -2.82979 7.4847 1.39525 -4.73951 0.899593 -2.65626 -7.61529 -5.07107 0.700662 -0.984905 -2.08626 1.62738 -6.0365 -7.27107 -4.17178 -2.93924 -1.03795 -1.3219 -3.61903 -8.82152 -7.27261 -2.09111 -0.551831 -0.179343 -1.39066 -7.36525 -5.22881 -9.07794 1.14443 6.53484 1.88888 -4.22862 -9.50225 0.951252 -12.2599 0.364723 5.52201 2.52982 -6.90946 -3.92886
50.56 0.522472 -11.5659 3.22634 8.12535 2.71723 -5.60662 -4.80351 3.16957 -10.5077 -2.34717 8.25462 1.66407 -5.14742 0.402857 -1.85913 -7.83582 -5.06179 1.50657 -0.792923 -2.24707 2.07419 -5.58614 -7.28197 -4.34196 -2.70022 -1.10418 -1.41836 -2.93757 -8.63688 -7.25154 -2.49693 -1.21861 -0.340999 -1.17359 -6.87263 -6.09965 -8.5319 0.953051 5.61662 1.51686 -3.89904 -9.58075 0.595782 -12.3128 0.514902 5.157 2.57291 -7.01868 -4.82818
50.61 0.152042 -11.554 3.3859 7.73084 2.7664 -5.46913 -5.56258 3.04335 -10.7384 -1.88124 8.96794 1.90638 -5.46741 -0.100257 -0.781203 -8.20064 -4.91718 2.38877 -0.48812 -2.46345 2.35451 -5.15185 -7.2968 -4.48763 -2.30645 -1.15174 -1.5229 -2.17219 -8.33255 -7.24168 -2.87776 -1.79772 -0.488312 -1.03382 -6.37571 -6.83355 -8.1094 0.618109 4.60566 1.17771 -3.5173 -9.50643 0.240327 -12.3319 0.666761 4.64473 2.58804 -7.10014 -5.74368
50.66 -0.280319 -11.4974 3.5119 7.26108 2.77777 -5.31804 -6.31175 2.80595 -10.9346 -1.4443 9.61365 2.12694 -5.68555 -0.604844 0.457619 -8.68202 -4.60425 3.31718 -0.0866389 -2.77801 2.44623 -4.72784 -7.31778 -4.61887 -1.80273 -1.17823 -1.63353 -1.33572 -7.94201 -7.23902 -3.22843 -2.28103 -0.622703 -0.968611 -5.87705 -7.45189 -7.80221 0.18317 3.57131 0.873579 -3.10397 -9.29731 -0.138627 -12.309 0.823689 4.08066 2.57061 -7.15427 -6.60128
50.71 -0.805249 -11.3728 3.60888 6.76167 2.73909 -5.15664 -7.01676 2.50124 -11.0997 -1.04909 10.1807 2.32889 -5.8021 -1.11499 1.53826 -9.16174 -4.17186 4.25333 0.329969 -3.2024 2.34574 -4.30206 -7.34846 -4.74593 -1.23663 -1.18117 -1.74846 -0.480715 -7.50064 -7.241 -3.54305 -2.65736 -0.744942 -0.965131 -5.37337 -7.95467 -7.58755 -0.297865 2.5644 0.602627 -2.68228 -8.97888 -0.576019 -12.2294 0.985228 3.5237 2.51395 -7.17982 -7.35959
50.76 -1.48447 -11.1381 3.67837 6.24972 2.62862 -4.98432 -7.65643 2.15765 -11.2374 -0.702906 10.6559 2.51393 -5.83518 -1.64557 2.31904 -9.58263 -3.69389 5.17146 0.711735 -3.6968 2.08249 -3.85559 -7.39475 -4.87181 -0.631253 -1.15703 -1.86649 0.325571 -7.03816 -7.24606 -3.81764 -2.91215 -0.85515 -1.0065 -4.85522 -8.33071 -7.44149 -0.785466 1.61257 0.361363 -2.27259 -8.57953 -1.13269 -12.064 1.14786 2.99429 2.40475 -7.17212 -8.00205
50.81 -2.40788 -10.7314 3.71584 5.71848 2.41403 -4.7913 -8.21449 1.79116 -11.3502 -0.40542 11.0189 2.68239 -5.80847 -2.22655 2.80621 -9.9432 -3.20922 6.0611 1.04953 -4.20482 1.70269 -3.36064 -7.46713 -4.98709 0.0179144 -1.09917 -1.9884 1.03455 -6.57491 -7.25336 -4.05152 -3.02753 -0.952786 -1.07766 -4.30708 -8.56656 -7.34475 -1.25964 0.729973 0.14582 -1.88936 -8.12612 -1.92042 -11.757 1.30552 2.49321 2.2162 -7.11871 -8.51873
50.86 -3.56802 -10.1348 3.70284 5.13961 2.08602 -4.55409 -8.67035 1.40967 -11.439 -0.149384 11.2335 2.83303 -5.74098 -2.90212 3.03925 -10.2529 -2.73012 6.91615 1.34799 -4.68049 1.25077 -2.77166 -7.58541 -5.06887 0.729805 -0.994394 -2.11902 1.61765 -6.12219 -7.26265 -4.24731 -2.98449 -1.03663 -1.16797 -3.70868 -8.65206 -7.28375 -1.71379 -0.0759778 -0.0477757 -1.5413 -7.6411 -3.07303 -11.237 1.44817 2.01296 1.91483 -6.99072 -8.89371
50.91 -4.73974 -9.46272 3.59891 4.46684 1.70348 -4.24728 -9.00042 1.01452 -11.5025 0.0772957 11.2435 2.96269 -5.64544 -3.70541 3.06567 -10.5198 -2.26176 7.72794 1.61417 -5.09303 0.760979 -2.00894 -7.78759 -5.07851 1.52122 -0.817274 -2.27114 2.0569 -5.6844 -7.27425 -4.41019 -2.77183 -1.10485 -1.27108 -3.03964 -8.58386 -7.24912 -2.14654 -0.800608 -0.222666 -1.23374 -7.1411 -4.48701 -10.5397 1.55656 1.5435 1.52594 -6.74406 -9.10257
50.96 -5.76201 -8.84746 3.3529 3.66585 1.33012 -3.86734 -9.19126 0.600281 -11.5368 0.287502 11.009 3.06581 -5.5305 -4.62553 2.93957 -10.7492 -1.81257 8.48577 1.85435 -5.42181 0.255806 -0.972912 -8.12826 -4.96018 2.38989 -0.531523 -2.47278 2.33546 -5.26128 -7.28912 -4.54772 -2.40233 -1.1552 -1.3834 -2.28743 -8.36989 -7.23314 -2.556 -1.43923 -0.381437 -0.971963 -6.63664 -5.83593 -9.82111 1.59862 1.07651 1.1348 -6.35861 -9.13204
51.01 -6.63594 -8.34849 2.93701 2.7634 0.9902 -3.43367 -9.24499 0.154358 -11.5335 0.490509 10.5744 3.1346 -5.40301 -5.59599 2.71404 -10.9444 -1.39506 9.17925 2.07324 -5.65189 -0.253007 0.266259 -8.6 -4.67199 3.30826 -0.140066 -2.76718 2.43293 -4.84849 -7.30897 -4.67032 -1.91841 -1.18545 -1.50257 -1.45971 -8.03369 -7.22922 -2.93782 -1.98524 -0.525982 -0.76331 -6.13236 -6.97324 -9.17861 1.53573 0.605922 0.785559 -5.86104 -8.99519
51.06 -7.39525 -7.97463 2.3728 1.83186 0.687739 -2.9757 -9.1757 -0.346605 -11.4767 0.690066 10.0418 3.15884 -5.26868 -6.53143 2.42859 -11.1084 -1.02097 9.79869 2.27404 -5.78037 -0.76319 1.39122 -9.08737 -4.25116 4.23804 0.279182 -3.17415 2.3422 -4.43626 -7.33666 -4.78938 -1.37007 -1.19348 -1.62652 -0.60277 -7.61138 -7.23268 -3.28572 -2.429 -0.657504 -0.616147 -5.62705 -7.89405 -8.64777 1.34051 0.126107 0.484373 -5.29989 -8.72274
51.11 -8.05724 -7.70905 1.71856 0.929027 0.420275 -2.52202 -9.00404 -0.946378 -11.3375 0.884547 9.48145 3.12272 -5.13099 -7.37976 2.10606 -11.2449 -0.69649 10.3338 2.45855 -5.82285 -1.28203 2.22303 -9.51927 -3.77462 5.15173 0.667654 -3.65978 2.08839 -4.00871 -7.37697 -4.91032 -0.785796 -1.17651 -1.7535 0.2157 -7.14157 -7.24062 -3.5938 -2.75723 -0.776503 -0.535484 -5.11351 -8.62392 -8.23608 1.01757 -0.366977 0.225914 -4.72119 -8.35077
51.16 -8.62456 -7.52714 1.03606 0.083927 0.18347 -2.09439 -8.75244 -1.72345 -11.0641 1.06728 8.91343 2.99881 -4.98844 -8.1217 1.75836 -11.3563 -0.421289 10.7705 2.62731 -5.80283 -1.82902 2.75539 -9.88957 -3.28761 6.03775 1.01206 -4.16758 1.71588 -3.54297 -7.43826 -5.02685 -0.165535 -1.12946 -1.88303 0.943678 -6.65592 -7.25151 -3.85887 -2.95284 -0.882754 -0.518444 -4.57837 -9.18674 -7.93238 0.603978 -0.871269 0.00264987 -4.15946 -7.91291
51.21 -9.08989 -7.40659 0.369078 -0.691276 -0.0272492 -1.70674 -8.44182 -2.76226 -10.594 1.22419 8.32428 2.75313 -4.83029 -8.74866 1.39187 -11.4438 -0.189809 11.0843 2.77945 -5.74014 -2.4403 3.02599 -10.2074 -2.80522 6.89014 1.31604 -4.64954 1.2689 -3.00286 -7.53591 -5.12007 0.50837 -1.04225 -2.01774 1.55052 -6.17503 -7.26487 -4.08131 -2.99562 -0.97527 -0.554281 -4.00261 -9.59803 -7.71577 0.147398 -1.37513 -0.192401 -3.63738 -7.43637
51.26 -9.43693 -7.33011 -0.261015 -1.39182 -0.215999 -1.36816 -8.08998 -3.97212 -9.95167 1.32655 7.67539 2.39681 -4.63467 -9.24886 1.00913 -11.5064 0.00728281 11.2308 2.91239 -5.64824 -3.16076 3.08172 -10.4816 -2.33282 7.7006 1.58667 -5.07364 0.782227 -2.32466 -7.69953 -5.15759 1.25686 -0.895025 -2.16637 2.01838 -5.70914 -7.28105 -4.26467 -2.86751 -1.05229 -0.628776 -3.36423 -9.86466 -7.56431 -0.314594 -1.85941 -0.364864 -3.16766 -6.94071
51.31 -9.64191 -7.28419 -0.851518 -2.01553 -0.3862 -1.08758 -7.71102 -5.10091 -9.28224 1.32861 6.91461 2.00255 -4.38064 -9.60789 0.606953 -11.5402 0.181583 11.1513 3.02123 -5.53613 -4.01046 2.97691 -10.7178 -1.87809 8.45861 1.83043 -5.41963 0.279129 -1.40802 -7.9801 -5.09009 2.08817 -0.653908 -2.34977 2.33338 -5.26063 -7.3011 -4.41504 -2.56644 -1.11141 -0.729024 -2.64499 -9.98721 -7.45953 -0.761146 -2.30247 -0.518924 -2.75496 -6.43792
51.36 -9.67865 -7.25842 -1.41261 -2.56058 -0.540546 -0.875485 -7.31548 -6.05398 -8.69657 1.18692 6.01825 1.62242 -4.06233 -9.81588 0.174335 -11.5375 0.344222 10.8285 3.09823 -5.41075 -4.9571 2.76728 -10.9197 -1.4533 9.15379 2.05228 -5.67268 -0.227794 -0.222148 -8.4093 -4.86344 2.98505 -0.296907 -2.60688 2.47797 -4.826 -7.32686 -4.54127 -2.12075 -1.14986 -0.846004 -1.84138 -9.96357 -7.38744 -1.18518 -2.68349 -0.657493 -2.3982 -5.93288
51.41 -9.52592 -7.24554 -1.96059 -3.02499 -0.681064 -0.74 -6.91055 -6.85654 -8.23437 0.892251 5.02681 1.27401 -3.68869 -9.86983 -0.310572 -11.4838 0.503227 10.3356 3.13263 -5.27785 -5.91883 2.49613 -11.0898 -1.07077 9.7765 2.25566 -5.82509 -0.735477 0.981548 -8.90265 -4.48115 3.91014 0.121493 -2.97285 2.43784 -4.39546 -7.36121 -4.65449 -1.57985 -1.1648 -0.974944 -0.984079 -9.79268 -7.33802 -1.5878 -2.98285 -0.782449 -2.09303 -5.42391
51.46 -9.17726 -7.2408 -2.51025 -3.40696 -0.809199 -0.680329 -6.50039 -7.53541 -7.89435 0.480397 4.00374 0.961054 -3.27879 -9.77383 -0.888765 -11.3521 0.661959 9.76879 3.1087 -5.14113 -6.81664 2.18792 -11.2316 -0.737756 10.3166 2.44263 -5.8861 -1.25032 1.9376 -9.35769 -4.01631 4.82842 0.525177 -3.43336 2.22597 -3.95142 -7.40905 -4.76268 -0.982464 -1.15276 -1.11463 -0.138964 -9.47779 -7.30423 -1.97338 -3.18126 -0.894822 -1.8338 -4.9027
51.51 -8.65402 -7.24111 -3.0663 -3.70538 -0.925906 -0.685004 -6.08623 -8.09684 -7.65597 0.00776494 2.99152 0.682245 -2.85625 -9.53923 -1.6342 -11.0942 0.817885 9.17546 3.00039 -4.99975 -7.60951 1.85404 -11.3478 -0.454763 10.7604 2.61399 -5.87787 -1.79048 2.59066 -9.74995 -3.52947 5.72186 0.886647 -3.93539 1.88166 -3.46712 -7.47922 -4.86307 -0.337617 -1.10787 -1.26678 0.632157 -9.02912 -7.28127 -2.34615 -3.25856 -0.994929 -1.61472 -4.35452
51.56 -8.01188 -7.24456 -3.61737 -3.91933 -1.03169 -0.736666 -5.66641 -8.53455 -7.49483 -0.478106 2.01512 0.434108 -2.44376 -9.18486 -2.63548 -10.6468 0.959745 8.55565 2.77329 -4.84428 -8.27963 1.50016 -11.4402 -0.216768 11.085 2.76919 -5.82215 -2.39031 2.96763 -10.0859 -3.04466 6.58342 1.20545 -4.42519 1.4502 -2.90033 -7.58885 -4.93854 0.367894 -1.01864 -1.4364 1.28972 -8.46585 -7.26591 -2.70814 -3.19487 -1.08245 -1.43058 -3.75964
51.61 -7.32452 -7.25012 -4.14008 -4.04673 -1.12659 -0.818336 -5.23622 -8.83708 -7.38996 -0.949423 1.09249 0.212472 -2.06064 -8.7365 -3.83132 -10.0185 1.06065 7.87738 2.43027 -4.65394 -8.81264 1.12904 -11.5085 -0.0147359 11.2484 2.9061 -5.73437 -3.09499 3.10956 -10.3746 -2.56831 7.40617 1.48811 -4.86364 0.969756 -2.17849 -7.77168 -4.95555 1.15072 -0.862498 -1.63423 1.80924 -7.8164 -7.25612 -3.05873 -2.97857 -1.15651 -1.27702 -3.09802
51.66 -6.65205 -7.25763 -4.61156 -4.0824 -1.21007 -0.917105 -4.78769 -8.99324 -7.32454 -1.39508 0.237007 0.0133329 -1.72426 -8.22354 -4.97238 -9.34652 1.07472 7.09157 2.0401 -4.40701 -9.19405 0.738954 -11.5499 0.162878 11.1927 3.02043 -5.62443 -3.92898 3.06399 -10.6229 -2.10542 8.18026 1.74152 -5.22454 0.467243 -1.19912 -8.0822 -4.86153 2.01122 -0.603526 -1.88307 2.17041 -7.11528 -7.25097 -3.39606 -2.62234 -1.21592 -1.15055 -2.35703
51.71 -6.02404 -7.26776 -5.01832 -4.0168 -1.28089 -1.02493 -4.30973 -8.99782 -7.28554 -1.81384 -0.54213 -0.166754 -1.45129 -7.67351 -5.94064 -8.74985 0.954567 6.17281 1.65931 -4.09584 -9.41597 0.321568 -11.5585 0.327507 10.8937 3.10531 -5.49932 -4.86588 2.88307 -10.835 -1.66583 8.89493 1.97124 -5.4894 -0.0415173 0.0203065 -8.53551 -4.60616 2.92442 -0.230641 -2.22189 2.34981 -6.39608 -7.25069 -3.7202 -2.17023 -1.25942 -1.04847 -1.54035
51.76 -5.44441 -7.28211 -5.35622 -3.83699 -1.33693 -1.13777 -3.78982 -8.85596 -7.26376 -2.20795 -1.23808 -0.330549 -1.25451 -7.10758 -6.75325 -8.27454 0.683841 5.16 1.30835 -3.7279 -9.48017 -0.140428 -11.5223 0.48777 10.4169 3.15132 -5.36479 -5.82717 2.614 -11.0142 -1.26231 9.54007 2.18122 -5.65092 -0.550516 1.18167 -9.0279 -4.20822 3.8523 0.187408 -2.67606 2.33322 -5.68243 -7.25711 -4.0345 -1.67825 -1.28574 -0.968786 -0.685269
51.81 -4.90261 -7.30342 -5.62623 -3.53228 -1.37503 -1.25412 -3.21915 -8.5848 -7.25307 -2.57877 -1.84355 -0.480129 -1.13675 -6.5384 -7.43681 -7.92258 0.29203 4.12127 0.992148 -3.32121 -9.39794 -0.679751 -11.4195 0.647897 9.86028 3.14529 -5.2253 -6.73127 2.29115 -11.1645 -0.904918 10.1059 2.37393 -5.72084 -1.06295 2.05943 -9.47147 -3.74172 4.76565 0.582056 -3.2187 2.13855 -4.98234 -7.27446 -4.34016 -1.18668 -1.29276 -0.910214 0.143409
51.86 -4.38056 -7.3361 -5.83023 -3.1048 -1.39071 -1.37379 -2.60182 -8.21197 -7.24943 -2.92494 -2.34841 -0.616892 -1.08896 -5.96975 -7.99758 -7.67461 -0.167194 3.10437 0.7101 -2.89897 -9.18865 -1.35745 -11.2101 0.806773 9.27719 3.06557 -5.08204 -7.53379 1.93599 -11.2891 -0.597418 10.5806 2.55047 -5.72183 -1.59258 2.62815 -9.85205 -3.25765 5.65319 0.933407 -3.79331 1.80836 -4.28666 -7.31097 -4.62921 -0.711792 -1.27592 -0.872715 0.890965
51.91 -3.85354 -7.38745 -5.96767 -2.57441 -1.37766 -1.49734 -1.96028 -7.77075 -7.2502 -3.243 -2.73807 -0.741563 -1.09498 -5.39648 -8.42865 -7.50609 -0.646474 2.13476 0.459173 -2.48397 -8.8767 -2.2659 -10.8316 0.956158 8.67345 2.87847 -4.92927 -8.21627 1.56072 -11.3894 -0.337332 10.9453 2.71056 -5.67476 -2.16784 2.92588 -10.1778 -2.77519 6.51244 1.24325 -4.34828 1.38902 -3.56261 -7.38238 -4.88208 -0.255152 -1.22536 -0.858627 1.52454
51.96 -3.28517 -7.47042 -6.03227 -1.9659 -1.32605 -1.62656 -1.328 -7.29349 -7.25373 -3.5293 -2.9925 -0.854159 -1.13812 -4.80406 -8.71821 -7.39566 -1.11742 1.2264 0.23542 -2.09535 -8.48803 -3.41985 -10.2531 1.07528 8.02328 2.56623 -4.75003 -8.76538 1.17126 -11.4653 -0.117372 11.1656 2.8524 -5.59455 -2.83242 3.00403 -10.4577 -2.30192 7.33819 1.51844 -4.84718 0.918913 -2.732 -7.52085 -5.06527 0.186426 -1.11995 -0.875383 2.02623
52.01 -2.61404 -7.60999 -6.00695 -1.28975 -1.21829 -1.7665 -0.736732 -6.80608 -7.25907 -3.78208 -3.08585 -0.953944 -1.20534 -4.16744 -8.85555 -7.32643 -1.56796 0.38751 0.0348748 -1.74949 -8.04697 -4.60335 -9.57795 1.12422 7.27946 2.18072 -4.5209 -9.16561 0.767239 -11.5138 0.0731251 11.1862 2.97207 -5.49161 -3.62208 2.92179 -10.6981 -1.84688 8.11974 1.76572 -5.2651 0.425046 -1.6238 -7.79468 -5.12196 0.616164 -0.914813 -0.942809 2.3839
52.06 -1.73344 -7.85396 -5.85544 -0.537963 -1.02182 -1.93035 -0.213572 -6.32571 -7.26595 -4.0028 -2.99074 -1.03938 -1.28817 -3.4516 -8.83696 -7.28515 -1.99539 -0.376754 -0.14599 -1.46225 -7.57411 -5.63104 -8.94672 1.05301 6.4019 1.79052 -4.22841 -9.40571 0.340389 -11.5287 0.245889 10.9616 3.06296 -5.37407 -4.52989 2.73851 -10.9021 -1.42309 8.84447 1.99042 -5.58075 -0.0765557 -0.0494367 -8.27924 -4.96943 1.03707 -0.558182 -1.10841 2.57963
52.11 -0.541686 -8.25631 -5.52039 0.298461 -0.699123 -2.14823 0.210719 -5.86125 -7.27471 -4.19698 -2.6969 -1.10824 -1.38192 -2.62252 -8.67074 -7.26213 -2.39986 -1.06225 -0.310071 -1.24762 -7.08509 -6.4924 -8.42752 0.831509 5.40754 1.42603 -3.87509 -9.48423 -0.127358 -11.498 0.410707 10.5258 3.11536 -5.24865 -5.49247 2.49816 -11.0715 -1.04306 9.50049 2.19635 -5.77744 -0.579647 1.68198 -8.85657 -4.59382 1.45113 -0.118699 -1.43311 2.59176
52.16 0.787928 -8.76327 -4.97685 1.20004 -0.281385 -2.46243 0.497119 -5.41399 -7.28636 -4.37481 -2.24087 -1.15816 -1.48406 -1.68611 -8.37869 -7.25088 -2.78005 -1.66417 -0.459599 -1.11192 -6.59007 -7.21851 -8.03446 0.474329 4.36342 1.09574 -3.47582 -9.41044 -0.669619 -11.4001 0.573301 9.97679 3.11557 -5.11998 -6.42195 2.22328 -11.2099 -0.713784 10.0767 2.38588 -5.86259 -1.08722 3.11043 -9.3717 -4.10501 1.85736 0.292508 -1.91738 2.42865
52.21 1.90923 -9.24714 -4.28798 2.11751 0.14094 -2.88442 0.619447 -4.97775 -7.30273 -4.54818 -1.69541 -1.18728 -1.59276 -0.717422 -7.99314 -7.24719 -3.1319 -2.1757 -0.596145 -1.04969 -6.09344 -7.82247 -7.75349 0.0308445 3.32843 0.800407 -3.05289 -9.20333 -1.34817 -11.1951 0.733955 9.3856 3.04167 -4.98864 -7.25975 1.92336 -11.3215 -0.435426 10.5607 2.56019 -5.86473 -1.6129 4.11913 -9.80863 -3.5909 2.25649 0.64709 -2.50394 2.12907
52.26 2.67401 -9.66459 -3.52183 3.01131 0.52311 -3.37941 0.58171 -4.54137 -7.3269 -4.72341 -1.11001 -1.19403 -1.70613 0.193486 -7.54994 -7.24833 -3.44998 -2.58711 -0.720633 -1.04628 -5.59361 -8.30071 -7.56064 -0.446565 2.33604 0.537621 -2.63029 -8.88851 -2.25627 -10.8205 0.885415 8.76989 2.85992 -4.84801 -7.97971 1.60322 -11.4093 -0.202876 10.9335 2.71921 -5.81205 -2.18503 4.7138 -10.1843 -3.08195 2.65404 0.948655 -3.12786 1.73842
52.31 3.03767 -10.0205 -2.69498 3.86761 0.858359 -3.89708 0.408827 -4.09024 -7.36394 -4.89707 -0.488693 -1.17582 -1.82264 0.98404 -7.08073 -7.25261 -3.73001 -2.88514 -0.833345 -1.08446 -5.08316 -8.6419 -7.433 -0.922339 1.40427 0.303626 -2.22954 -8.49393 -3.41084 -10.2448 1.00733 8.10872 2.55219 -4.68032 -8.56603 1.26625 -11.4749 -0.00742731 11.1611 2.86153 -5.72392 -2.84737 4.9308 -10.513 -2.58444 3.05781 1.20636 -3.74037 1.29538
52.36 3.01079 -10.3254 -1.80675 4.68381 1.15144 -4.39475 0.132398 -3.60354 -7.42244 -5.05629 0.187273 -1.12726 -1.94229 1.61442 -6.60823 -7.25912 -3.97057 -3.05272 -0.933892 -1.14959 -4.54883 -8.83356 -7.35188 -1.37934 0.54331 0.0943926 -1.8694 -8.04583 -4.59681 -9.57095 1.05964 7.35646 2.17012 -4.46158 -9.00273 0.913236 -11.5177 0.162127 11.1888 2.98397 -5.61228 -3.63591 4.83017 -10.8043 -2.10248 3.47174 1.42914 -4.31168 0.827829
52.41 2.72543 -10.5872 -0.896819 5.45535 1.40911 -4.84344 -0.218299 -3.04616 -7.51792 -5.17968 0.931643 -1.03781 -2.06844 2.06587 -6.14569 -7.26758 -4.17333 -3.06988 -1.02119 -1.2316 -3.97203 -8.86836 -7.30243 -1.81268 -0.24081 -0.093785 -1.56762 -7.56609 -5.62693 -8.94024 0.991894 6.47353 1.78269 -4.1783 -9.27855 0.539952 -11.5348 0.317576 10.9731 3.08121 -5.48529 -4.54347 4.49491 -11.0645 -1.64597 3.89098 1.62435 -4.82602 0.353126
52.46 2.3794 -10.8109 -0.0410005 6.17266 1.63741 -5.22533 -0.620184 -2.35362 -7.68027 -5.23532 1.74492 -0.887324 -2.21063 2.34561 -5.69865 -7.27835 -4.34251 -2.91931 -1.09345 -1.32473 -3.33155 -8.74977 -7.27381 -2.2227 -0.943633 -0.26402 -1.33936 -7.07094 -6.48963 -8.42133 0.773582 5.47685 1.42058 -3.83324 -9.3918 0.135922 -11.5191 0.468584 10.5501 3.14595 -5.3497 -5.50622 4.0176 -11.2981 -1.22835 4.30306 1.79757 -5.27696 -0.120398
52.51 2.08558 -11 0.708637 6.82315 1.84131 -5.52852 -1.05746 -1.42199 -7.96155 -5.17542 2.61953 -0.641476 -2.39056 2.47359 -5.26726 -7.29246 -4.48439 -2.60064 -1.1483 -1.42603 -2.61022 -8.49476 -7.25871 -2.60953 -1.56021 -0.41875 -1.19156 -6.5706 -7.2158 -8.02833 0.419137 4.43247 1.09235 -3.44145 -9.35103 -0.318428 -11.4572 0.620893 10.02 3.16906 -5.21116 -6.43672 3.47962 -11.5079 -0.860214 4.69262 1.95266 -5.66456 -0.592027
52.56 1.85684 -11.1573 1.33936 7.39243 2.02479 -5.7421 -1.52171 -0.21591 -8.39491 -4.94693 3.53471 -0.277688 -2.64847 2.45816 -4.84748 -7.31175 -4.60773 -2.14408 -1.18313 -1.53389 -1.80494 -8.13242 -7.25231 -2.97062 -2.08352 -0.559731 -1.11895 -6.06942 -7.81854 -7.747 -0.0223507 3.3978 0.798765 -3.02506 -9.17404 -0.859068 -11.3246 0.77551 9.45739 3.13728 -5.07297 -7.27788 2.93797 -11.6955 -0.545461 5.04433 2.09202 -5.99305 -1.06845
52.61 1.66322 -11.2854 1.85939 7.86329 2.19065 -5.8596 -2.0118 1.00811 -8.89324 -4.55572 4.45787 0.147719 -3.02034 2.29616 -4.4301 -7.33922 -4.72341 -1.59966 -1.19531 -1.64703 -0.945788 -7.69845 -7.25148 -3.30119 -2.50362 -0.688043 -1.10694 -5.56603 -8.29462 -7.55306 -0.499061 2.40509 0.53744 -2.60748 -8.88521 -1.55048 -11.0785 0.928129 8.88694 3.02803 -4.93388 -8.00641 2.4248 -11.8615 -0.281594 5.34206 2.2168 -6.2687 -1.56564
52.66 1.46924 -11.388 2.28368 8.21386 2.34021 -5.89048 -2.53387 1.97969 -9.35162 -4.07924 5.36119 0.556749 -3.49008 2.00089 -3.99898 -7.37972 -4.83899 -1.00588 -1.18173 -1.76443 -0.0983151 -7.22732 -7.25422 -3.59645 -2.80721 -0.804097 -1.1383 -5.05308 -8.63356 -7.42348 -0.976201 1.47173 0.304639 -2.20868 -8.51164 -2.47605 -10.6593 1.06705 8.3012 2.80953 -4.78465 -8.6117 1.95381 -12.0054 -0.0617636 5.56458 2.32704 -6.49824 -2.11266
52.71 1.25002 -11.4676 2.62777 8.41672 2.47318 -5.85663 -3.10073 2.64439 -9.74603 -3.58065 6.23264 0.922068 -4.00191 1.60626 -3.52994 -7.4417 -4.95096 -0.371551 -1.13712 -1.88614 0.675862 -6.74599 -7.2594 -3.85376 -2.97749 -0.90762 -1.19843 -4.51704 -8.82441 -7.34023 -1.43716 0.607656 0.0963587 -1.84431 -8.07946 -3.60783 -10.0597 1.16693 7.67089 2.47642 -4.60517 -9.08152 1.527 -12.126 0.12376 5.67737 2.4217 -6.68785 -2.74914
52.76 0.993293 -11.5252 2.90571 8.443 2.58764 -5.77895 -3.72821 3.0292 -10.0835 -3.08438 7.0686 1.24377 -4.50039 1.14972 -2.98516 -7.54086 -5.04183 0.317233 -1.0512 -2.01514 1.33741 -6.27159 -7.2666 -4.07353 -2.99507 -0.997635 -1.27722 -3.93888 -8.86095 -7.28949 -1.87672 -0.18112 -0.0910815 -1.52817 -7.61102 -4.722 -9.39668 1.18391 6.9502 2.08741 -4.37204 -9.40092 1.13831 -12.2216 0.286653 5.62721 2.4986 -6.8427 -3.50196
52.81 0.694425 -11.5592 3.12942 8.27865 2.68008 -5.67158 -4.42379 3.17419 -10.3737 -2.5962 7.86338 1.52874 -4.9461 0.661208 -2.29909 -7.70754 -5.07885 1.08054 -0.903637 -2.16038 1.8623 -5.81248 -7.27605 -4.25901 -2.8438 -1.07246 -1.36863 -3.29719 -8.74699 -7.26049 -2.29411 -0.890173 -0.260776 -1.27445 -7.12345 -5.67589 -8.79486 1.06985 6.09901 1.70241 -4.07425 -9.56067 0.775615 -12.2898 0.438617 5.36701 2.5542 -6.96663 -4.36329
52.86 0.350129 -11.5651 3.30866 7.94766 2.74555 -5.54285 -5.17105 3.12661 -10.6235 -2.12037 8.60728 1.78407 -5.31366 0.160196 -1.37077 -7.99347 -5.01122 1.92599 -0.660083 -2.34306 2.23148 -5.37044 -7.28866 -4.41599 -2.5252 -1.12986 -1.46929 -2.57528 -8.49967 -7.24556 -2.68815 -1.51467 -0.415153 -1.09496 -6.62807 -6.47532 -8.30888 0.804527 5.12683 1.34584 -3.71689 -9.56236 0.422674 -12.3268 0.58895 4.91747 2.58412 -7.06209 -5.28101
52.91 -0.0477289 -11.5337 3.45117 7.50918 2.77756 -5.39822 -5.93052 2.94035 -10.8371 -1.66667 9.28924 2.01539 -5.58548 -0.343711 -0.177943 -8.42757 -4.78413 2.83561 -0.300241 -2.60236 2.42292 -4.94232 -7.30618 -4.55304 -2.07119 -1.1674 -1.57702 -1.77139 -8.1484 -7.23964 -3.05489 -2.04786 -0.555969 -0.992921 -6.13037 -7.15131 -7.94536 0.413569 4.09631 1.02396 -3.31673 -9.41891 0.0591216 -12.3266 0.74314 4.36937 2.5839 -7.13017 -6.17552
52.96 -0.519414 -11.448 3.56264 7.02117 2.76669 -5.24184 -6.66163 2.66582 -11.0178 -1.24846 9.89832 2.22667 -5.75311 -0.849894 1.01749 -8.92122 -4.40303 3.77222 0.118489 -2.97245 2.41988 -4.51942 -7.33138 -4.68103 -1.53211 -1.1827 -1.68994 -0.91737 -7.72865 -7.23952 -3.38848 -2.48014 -0.684323 -0.96008 -5.63006 -7.71385 -7.68676 -0.0502019 3.07076 0.736492 -2.89646 -9.15253 -0.343012 -12.2784 0.902612 3.80429 2.54832 -7.17057 -6.98751
53.01 -1.1087 -11.2769 3.64633 6.5152 2.6968 -5.07561 -7.33703 2.33946 -11.1692 -0.876389 10.4228 2.42034 -5.82626 -1.36725 1.9566 -9.37446 -3.94113 4.70176 0.521052 -3.43775 2.2353 -4.08632 -7.36879 -4.80764 -0.945693 -1.17293 -1.80641 -0.0785744 -7.27376 -7.24317 -3.68368 -2.79869 -0.800665 -0.980754 -5.12085 -8.15609 -7.50856 -0.53813 2.0885 0.480611 -2.47845 -8.79074 -0.828816 -12.1617 1.06529 3.25991 2.4682 -7.18072 -7.69023
53.06 -1.8953 -10.967 3.70146 5.99618 2.54013 -4.89529 -7.93926 1.98314 -11.2947 -0.554124 10.8471 2.59742 -5.8276 -1.91734 2.59029 -9.76496 -3.45724 5.60689 0.881286 -3.94539 1.90963 -3.62033 -7.42618 -4.93012 -0.320486 -1.13337 -1.92603 0.684882 -6.80902 -7.2494 -3.93807 -2.98728 -0.904794 -1.03841 -4.59025 -8.46485 -7.38877 -1.02061 1.16946 0.252477 -2.08034 -8.36166 -1.48094 -11.9359 1.22642 2.745 2.32446 -7.15292 -8.2723
53.11 -2.94925 -10.4629 3.7181 5.44691 2.26771 -4.68452 -8.4508 1.60858 -11.3959 -0.277827 11.1443 2.75754 -5.7792 -2.53826 2.94818 -10.0996 -2.97455 6.48067 1.19908 -4.44231 1.48991 -3.08659 -7.51779 -5.03252 0.357021 -1.05472 -2.05121 1.33516 -6.35008 -7.25767 -4.15266 -3.02691 -0.995836 -1.12002 -4.02011 -8.62779 -7.31096 -1.48527 0.323852 0.0481584 -1.71358 -7.89023 -2.43699 -11.5309 1.37839 2.25537 2.08332 -7.06789 -8.72209
53.16 -4.14763 -9.80997 3.66747 4.829 1.90331 -4.41586 -8.84838 1.22054 -11.4728 -0.0375555 11.2676 2.89858 -5.69688 -3.27354 3.07415 -10.3876 -2.49996 7.31603 1.48097 -4.89021 1.01613 -2.42486 -7.67107 -5.0847 1.10688 -0.918556 -2.19002 1.85004 -5.90455 -7.26803 -4.33141 -2.9007 -1.07225 -1.21722 -3.38925 -8.63767 -7.26393 -1.92904 -0.442656 -0.135882 -1.38482 -7.39614 -3.75561 -10.9075 1.50744 1.78165 1.72952 -6.88693 -9.01855
53.21 -5.25416 -9.15336 3.50076 4.09574 1.51988 -4.07245 -9.11176 0.817091 -11.523 0.179782 11.1604 3.01625 -5.59104 -4.13813 3.01922 -10.6357 -2.03956 8.103 1.73381 -5.26403 0.516816 -1.53709 -7.93515 -5.03901 1.93836 -0.692199 -2.3617 2.21319 -5.4743 -7.28108 -4.48066 -2.60724 -1.13196 -1.32521 -2.68005 -8.49598 -7.23938 -2.35073 -1.12567 -0.302573 -1.09897 -6.893 -5.17152 -10.1816 1.58798 1.31426 1.33019 -6.57151 -9.13935
53.26 -6.2003 -8.59065 3.17334 3.23813 1.16137 -3.66318 -9.23513 0.389495 -11.5405 0.385747 10.8178 3.10387 -5.46926 -5.09362 2.83858 -10.8481 -1.60416 8.83083 1.96314 -5.54597 0.00905182 -0.370817 -8.3501 -4.83846 2.83623 -0.348359 -2.60356 2.40564 -5.05714 -7.29814 -4.60932 -2.1749 -1.17269 -1.44118 -1.88772 -8.21809 -7.23003 -2.74733 -1.71975 -0.454161 -0.862234 -6.38841 -6.42219 -9.49331 1.58321 0.846225 0.95734 -6.1256 -9.08411
53.31 -7.0155 -8.15305 2.68012 2.31254 0.839591 -3.2139 -9.22704 -0.0793023 -11.514 0.587021 10.3235 3.15261 -5.33789 -6.0564 2.57992 -11.0277 -1.20664 9.48954 2.17291 -5.7255 -0.500113 0.850751 -8.84441 -4.47549 3.76483 0.0675824 -2.95431 2.40992 -4.64627 -7.3214 -4.72887 -1.65388 -1.19228 -1.56296 -1.03751 -7.83467 -7.2302 -3.11332 -2.2169 -0.592201 -0.682802 -5.88414 -7.45065 -8.90322 1.45718 0.371799 0.63198 -5.59054 -8.87628
53.36 -7.72671 -7.83439 2.06418 1.38968 0.554497 -2.75474 -9.10541 -0.620888 -11.4221 0.784677 9.77214 3.15018 -5.20178 -6.95373 2.27424 -11.1779 -0.856393 10.0695 2.36563 -5.80911 -1.0129 1.83892 -9.3078 -4.01901 4.68909 0.47546 -3.40659 2.23447 -4.22889 -7.35454 -4.84879 -1.08623 -1.18844 -1.68859 -0.191579 -7.38448 -7.23613 -3.44228 -2.60574 -0.717551 -0.568081 -5.37607 -8.27439 -8.43123 1.19636 -0.114264 0.352665 -5.01567 -8.55048
53.41 -8.34332 -7.61228 1.38942 0.512465 0.302406 -2.3114 -8.89228 -1.29441 -11.2259 0.97469 9.2079 3.07586 -5.06244 -7.75194 1.93822 -11.3019 -0.556365 10.559 2.54248 -5.81819 -1.54197 2.51965 -9.70852 -3.53408 5.59008 0.842352 -3.91001 1.91668 -3.78602 -7.40381 -4.96908 -0.485679 -1.15753 -1.81677 0.587307 -6.90359 -7.24564 -3.72942 -2.87111 -0.830359 -0.519569 -4.85394 -8.91979 -8.07476 0.823022 -0.613666 0.112414 -4.44176 -8.1423
53.46 -8.86286 -7.46247 0.710365 -0.299762 0.0787419 -1.90172 -8.60964 -2.19271 -10.8631 1.14741 8.63288 2.89625 -4.9145 -8.43941 1.58062 -11.4017 -0.30346 10.94 2.70334 -5.77528 -2.11453 2.91766 -10.0518 -3.04847 6.46046 1.16605 -4.41005 1.50271 -3.28951 -7.48041 -5.07724 0.158237 -1.09244 -1.94826 1.25843 -6.41841 -7.25775 -3.97331 -2.99415 -0.930031 -0.530176 -4.30149 -9.40689 -7.81663 0.382679 -1.11977 -0.0962114 -3.89731 -7.6825
53.51 -9.27362 -7.36508 0.0597992 -1.03925 -0.120901 -1.53672 -8.27702 -3.34357 -10.2963 1.28273 8.02089 2.59027 -4.7414 -9.00691 1.20604 -11.4773 -0.0901369 11.1796 2.84656 -5.69701 -2.77369 3.07606 -10.3472 -2.57033 7.29355 1.45274 -4.86664 1.03272 -2.69188 -7.60554 -5.14803 0.866638 -0.979032 -2.08818 1.79859 -5.94415 -7.27241 -4.17596 -2.95456 -1.0152 -0.586783 -3.69764 -9.74681 -7.63457 -0.0802219 -1.61667 -0.279568 -3.39988 -7.1946
53.56 -9.55531 -7.30487 -0.550567 -1.7029 -0.300317 -1.22492 -7.91046 -4.54001 -9.62184 1.34284 7.32385 2.2062 -4.51937 -9.44049 0.814528 -11.5264 0.0942974 11.2232 2.96851 -5.59432 -3.55711 3.04553 -10.6022 -2.10533 8.07965 1.70943 -5.25439 0.535851 -1.90993 -7.81933 -5.14108 1.6563 -0.790487 -2.25025 2.193 -5.48689 -7.29032 -4.34221 -2.73992 -1.08375 -0.675331 -3.02115 -9.94294 -7.50804 -0.536266 -2.0834 -0.442563 -2.95797 -6.69439
53.61 -9.68219 -7.26977 -1.12504 -2.28885 -0.462572 -0.976111 -7.52232 -5.58398 -8.98431 1.2793 6.49634 1.815 -4.23395 -9.72729 0.399289 -11.5437 0.261596 11.0221 3.06295 -5.47497 -4.46151 2.88258 -10.8212 -1.66368 8.80807 1.94189 -5.55628 0.0299767 -0.849282 -8.17499 -5.00036 2.5237 -0.491363 -2.46417 2.42657 -5.04597 -7.31288 -4.47945 -2.36226 -1.13306 -0.784657 -2.25928 -9.99405 -7.42078 -0.972021 -2.49852 -0.588728 -2.57311 -6.19029
53.66 -9.62944 -7.25096 -1.67765 -2.7952 -0.610029 -0.80047 -7.12148 -6.45953 -8.45665 1.06168 5.54577 1.44924 -3.88702 -9.86073 -0.0553858 -11.5184 0.421641 10.6035 3.12069 -5.34535 -5.42704 2.63849 -11.0071 -1.25843 9.46888 2.15431 -5.75991 -0.477087 0.389926 -8.65241 -4.69073 3.43957 -0.0928776 -2.77288 2.48076 -4.61504 -7.3424 -4.59792 -1.86347 -1.16033 -0.907875 -1.42257 -9.8981 -7.36086 -1.38511 -2.84186 -0.720439 -2.24233 -5.68393
53.71 -9.38149 -7.24248 -2.225 -3.21999 -0.744421 -0.702461 -6.71363 -7.20018 -8.05544 0.703707 4.53208 1.11796 -3.49306 -9.84122 -0.579273 -11.4309 0.580335 10.065 3.12899 -5.2104 -6.36529 2.34714 -11.1628 -0.899862 10.0524 2.34944 -5.86507 -0.986806 1.48989 -9.13425 -4.25783 4.3647 0.324755 -3.19061 2.35238 -4.18058 -7.38259 -4.70824 -1.29175 -1.16254 -1.04206 -0.562357 -9.6558 -7.31983 -1.77877 -3.09411 -0.839138 -1.96044 -5.17039
53.76 -8.94369 -7.24048 -2.77807 -3.56172 -0.866949 -0.675864 -6.30151 -7.82233 -7.76775 0.255458 3.51042 0.821892 -3.07408 -9.67636 -1.22793 -11.2449 0.738355 9.48259 3.06781 -5.07199 -7.21526 2.02545 -11.2917 -0.591872 10.5473 2.5287 -5.88903 -1.51088 2.2957 -9.55839 -3.77718 5.27201 0.708703 -3.6789 2.06959 -3.72082 -7.43991 -4.81384 -0.671734 -1.13535 -1.18748 0.25266 -9.27348 -7.29185 -2.15764 -3.23566 -0.945493 -1.7216 -4.63815
53.81 -8.35425 -7.24249 -3.3341 -3.8195 -0.978348 -0.705524 -5.88498 -8.32501 -7.56972 -0.228287 2.51304 0.558451 -2.65382 -9.38107 -2.09127 -10.9007 0.889477 8.87828 2.90501 -4.92567 -7.95021 1.6813 -11.3961 -0.33202 10.9364 2.69226 -5.85509 -2.07494 2.80813 -9.92169 -3.28992 6.15044 1.04855 -4.18082 1.677 -3.20273 -7.52653 -4.90511 0.000523003 -1.07065 -1.34733 0.971649 -8.76559 -7.27293 -2.52505 -3.24603 -1.0395 -1.52027 -4.06969
53.86 -7.68118 -7.24703 -3.87467 -3.99209 -1.07891 -0.773594 -5.46092 -8.69869 -7.4382 -0.709342 1.56076 0.323683 -2.2534 -8.97773 -3.21339 -10.3537 1.01583 8.23512 2.61561 -4.75625 -8.55558 1.31888 -11.4768 -0.113139 11.1885 2.83884 -5.78207 -2.72092 3.0639 -10.2334 -2.80881 6.99395 1.34865 -4.64932 1.21736 -2.57143 -7.66644 -4.95726 0.742473 -0.952321 -1.52893 1.56384 -8.15599 -7.26049 -2.88167 -3.10778 -1.12055 -1.35164 -3.44427
53.91 -6.99527 -7.2535 -4.37502 -4.07613 -1.1684 -0.864808 -5.02307 -8.93136 -7.35433 -1.16878 0.669279 0.113421 -1.89091 -8.49449 -4.41104 -9.68434 1.08059 7.50988 2.23978 -4.54021 -9.01631 0.939071 -11.5323 0.0752847 11.2514 2.96532 -5.6824 -3.48875 3.10719 -10.5016 -2.33819 7.79409 1.61611 -5.05234 0.723431 -1.73518 -7.90476 -4.92734 1.56497 -0.750433 -1.74786 2.00814 -7.47673 -7.25303 -3.22595 -2.81914 -1.18758 -1.21175 -2.7445
53.96 -6.34238 -7.26213 -4.81629 -4.06441 -1.24597 -0.968647 -4.56188 -9.01402 -7.3031 -1.60115 -0.150159 -0.0760954 -1.58348 -7.96052 -5.46956 -9.03967 1.03348 6.65807 1.84996 -4.2617 -9.3204 0.537094 -11.5586 0.245126 11.0738 3.06617 -5.56422 -4.38029 2.98852 -10.7316 -1.88523 8.54024 1.85727 -5.36789 0.216526 -0.616251 -8.29125 -4.75767 2.45577 -0.431968 -2.03557 2.28293 -6.76295 -7.25016 -3.55657 -2.40886 -1.23933 -1.09754 -1.96428
54.01 -5.73833 -7.27403 -5.18991 -3.94542 -1.30998 -1.07917 -4.0652 -8.9461 -7.27338 -2.00761 -0.889821 -0.247984 -1.34662 -7.40069 -6.35697 -8.50026 0.838468 5.68469 1.48266 -3.92101 -9.46463 0.10065 -11.547 0.406703 10.6747 3.13325 -5.43382 -5.34074 2.75907 -10.9271 -1.46184 9.22188 2.07688 -5.58172 -0.292516 0.618134 -8.78014 -4.42435 3.38083 -0.0254164 -2.43089 2.36602 -6.04443 -7.25281 -3.87542 -1.93065 -1.27458 -1.00666 -1.12151
54.06 -5.17881 -7.29132 -5.49479 -3.70618 -1.35783 -1.19375 -3.52136 -8.73858 -7.25758 -2.39037 -1.54299 -0.404673 -1.18887 -6.83217 -7.10414 -8.08711 0.5023 4.65132 1.14865 -3.53138 -9.45552 -0.393975 -11.4816 0.566611 10.1484 3.15564 -5.29643 -6.28197 2.46016 -11.0916 -1.08013 9.82923 2.27814 -5.69569 -0.802207 1.65252 -9.25371 -3.98384 4.30404 0.386216 -2.93477 2.25759 -5.33744 -7.26386 -4.18581 -1.43543 -1.2918 -0.937439 -0.271195
54.11 -4.64913 -7.31743 -5.73279 -3.34083 -1.38576 -1.31165 -2.92656 -8.41406 -7.2507 -2.74953 -2.10126 -0.547908 -1.10702 -6.26334 -7.72759 -7.78929 0.0705596 3.61898 0.849526 -3.11413 -9.30861 -0.991531 -11.3328 0.726569 9.57549 3.11678 -5.15525 -7.13949 2.11945 -11.2289 -0.747247 10.3519 2.46284 -5.7288 -1.32061 2.37554 -9.66583 -3.50477 5.20522 0.760135 -3.50039 1.99034 -4.64184 -7.28924 -4.48504 -0.951217 -1.28793 -0.889104 0.523073
54.16 -4.12824 -7.35796 -5.90501 -2.8604 -1.38851 -1.43304 -2.29375 -8.00371 -7.24945 -3.08254 -2.55249 -0.678763 -1.08767 -5.69366 -8.22589 -7.58334 -0.403261 2.62298 0.583253 -2.69287 -9.04616 -1.77128 -11.0485 0.882327 8.98366 2.98872 -5.00863 -7.8846 1.75338 -11.3415 -0.463733 10.7755 2.6314 -5.70391 -1.86809 2.80537 -10.0182 -3.02025 6.07914 1.09037 -4.07088 1.61086 -3.93836 -7.3402 -4.75956 -0.485568 -1.25627 -0.862578 1.21766
54.21 -3.58685 -7.42244 -6.00858 -2.2897 -1.35839 -1.55894 -1.65238 -7.54118 -7.25171 -3.38556 -2.87956 -0.797626 -1.11367 -5.11357 -8.58887 -7.44573 -0.880778 1.68208 0.346204 -2.28874 -8.69374 -2.81334 -10.5679 1.02044 8.3618 2.73838 -4.84564 -8.50332 1.3708 -11.4299 -0.224556 11.0748 2.78285 -5.63902 -2.48153 2.98838 -10.3205 -2.54144 6.92295 1.38229 -4.60201 1.16245 -3.17617 -7.43883 -4.98355 -0.0367758 -1.18255 -0.862189 1.78815
54.26 -2.97879 -7.52853 -6.03282 -1.64843 -1.28258 -1.69234 -1.03628 -7.0562 -7.25617 -3.65565 -3.05955 -0.904155 -1.16984 -4.50357 -8.80453 -7.35742 -1.34243 0.806975 0.134341 -1.91921 -8.27682 -4.01661 -9.92176 1.11103 7.67194 2.37996 -4.64443 -8.98104 0.974729 -11.4929 -0.0205637 11.2044 2.91442 -5.5465 -3.20537 2.98009 -10.5805 -2.07569 7.72853 1.64301 -5.06386 0.677995 -2.23831 -7.63214 -5.11382 0.398621 -1.03579 -0.900028 2.22074
54.31 -2.22278 -7.71092 -5.95261 -0.93735 -1.13711 -1.84135 -0.474532 -6.57053 -7.26225 -3.89249 -3.06473 -0.997227 -1.24539 -3.83344 -8.86488 -7.30337 -1.78163 0.00409863 -0.0561209 -1.60027 -7.81811 -5.13285 -9.25503 1.10651 6.86456 1.98601 -4.38467 -9.30327 0.561096 -11.5259 0.159808 11.1063 3.02095 -5.43544 -4.05768 2.84144 -10.8027 -1.63424 8.48371 1.87864 -5.43425 0.178949 -0.907434 -8.00697 -5.07791 0.823625 -0.75873 -1.0075 2.50195
54.36 -1.19521 -8.02793 -5.7198 -0.144562 -0.882382 -2.02623 0.00539858 -6.09718 -7.26995 -4.09938 -2.8724 -1.07494 -1.33388 -3.06594 -8.77167 -7.27205 -2.19777 -0.722116 -0.228412 -1.34738 -7.33588 -6.07447 -8.67469 0.962367 5.92277 1.6066 -4.06097 -9.46331 0.117178 -11.5204 0.327674 10.7673 3.09431 -5.31327 -5.00344 2.62607 -10.9894 -1.23062 9.1761 2.09374 -5.69256 -0.323602 0.818346 -8.56477 -4.80749 1.24113 -0.343871 -1.24581 2.60917
54.41 0.108593 -8.49748 -5.28125 0.728377 -0.503117 -2.28607 0.367934 -5.64134 -7.27993 -4.28412 -2.49208 -1.13489 -1.43188 -2.17965 -8.53994 -7.25547 -2.59064 -1.36739 -0.385101 -1.17156 -6.84313 -6.86606 -8.21822 0.669237 4.89485 1.2586 -3.68252 -9.465 -0.381607 -11.4603 0.491014 10.2634 3.12311 -5.18584 -5.95963 2.36701 -11.1431 -0.875057 9.79431 2.2914 -5.83173 -0.827935 2.43329 -9.11986 -4.36108 1.6515 0.0897144 -1.65366 2.53178
54.46 1.36992 -9.00484 -4.65651 1.64422 -0.0736635 -2.65431 0.576496 -5.20054 -7.29357 -4.45847 -1.98371 -1.17491 -1.53737 -1.21551 -8.19737 -7.24835 -2.95752 -1.92608 -0.528093 -1.07344 -6.34723 -7.53152 -7.88321 0.262394 3.84957 0.945732 -3.26855 -9.32266 -0.980785 -11.3162 0.653036 9.68836 3.09038 -5.05611 -6.8487 2.07906 -11.2678 -0.571108 10.327 2.47339 -5.8722 -1.34192 3.65852 -9.59482 -3.85317 2.05386 0.473596 -2.19666 2.29598
54.51 2.32726 -9.45736 -3.92501 2.55348 0.331593 -3.11768 0.619343 -4.76578 -7.31326 -4.6325 -1.41566 -1.19339 -1.64849 -0.265076 -7.77905 -7.2473 -3.29339 -2.39005 -0.658638 -1.04233 -5.84966 -8.07454 -7.64881 -0.20354 2.83257 0.666887 -2.84289 -9.05906 -1.76025 -11.0363 0.810718 9.08572 2.96807 -4.92163 -7.63055 1.76871 -11.3674 -0.316107 10.7594 2.64028 -5.84442 -1.88579 4.46098 -9.99961 -3.34001 2.45127 0.801132 -2.8089 1.94627
54.56 2.9014 -9.84365 -3.12992 3.42979 0.69085 -3.62973 0.512522 -4.32426 -7.3429 -4.80798 -0.814324 -1.18846 -1.76343 0.593772 -7.3196 -7.25014 -3.59309 -2.74787 -0.777347 -1.06147 -5.34599 -8.48677 -7.49073 -0.683338 1.86839 0.418822 -2.42859 -8.70151 -2.80169 -10.5597 0.951359 8.45223 2.72291 -4.77061 -8.28661 1.43998 -11.4443 -0.103017 11.0665 2.79138 -5.77246 -2.49636 4.86443 -10.3508 -2.83636 2.85097 1.07999 -3.43205 1.52572
54.61 3.06866 -10.1737 -2.27207 4.267 1.00488 -4.1422 0.285691 -3.85899 -7.38901 -4.97672 -0.168856 -1.15641 -1.88121 1.31066 -6.84658 -7.25559 -3.85362 -2.98444 -0.884177 -1.11446 -4.82593 -8.75555 -7.38814 -1.15107 0.970566 0.197544 -2.04561 -8.27754 -4.00664 -9.91565 1.04523 7.75281 2.36854 -4.58051 -8.80108 1.0953 -11.4989 0.078243 11.2035 2.92446 -5.67161 -3.21829 4.91655 -10.6601 -2.34565 3.25972 1.31953 -4.02707 1.06784
54.66 2.89234 -10.4569 -1.36486 5.06253 1.28001 -4.61899 -0.0299126 -3.34354 -7.46295 -5.12171 0.539795 -1.08971 -2.00321 1.85519 -6.37791 -7.26305 -4.07513 -3.08101 -0.978401 -1.18884 -4.2735 -8.87013 -7.32425 -1.59654 0.146877 -0.00086556 -1.71207 -7.81149 -5.12587 -9.2496 1.04443 6.93878 1.97761 -4.33064 -9.15936 0.733225 -11.5297 0.2395 11.1135 3.03534 -5.55154 -4.06977 4.68938 -10.9355 -1.87458 3.67743 1.52798 -4.57173 0.595205
54.71 2.55577 -10.6998 -0.471941 5.8093 1.5228 -5.03705 -0.407752 -2.73082 -7.58602 -5.21693 1.31841 -0.973875 -2.13532 2.22125 -5.92274 -7.27257 -4.26063 -3.0177 -1.05858 -1.27681 -3.66824 -8.82796 -7.2862 -2.01827 -0.597707 -0.179839 -1.44497 -7.32255 -6.06976 -8.66941 0.903928 5.99345 1.60068 -4.01574 -9.35464 0.346619 -11.5319 0.391804 10.7853 3.11763 -5.41953 -5.01542 4.2731 -11.1822 -1.4355 4.09501 1.71181 -5.05531 0.120529
54.76 2.22832 -10.9064 0.336278 6.49599 1.73874 -5.38214 -0.828228 -1.93582 -7.79881 -5.22332 2.16341 -0.781856 -2.29201 2.42521 -5.48371 -7.28481 -4.41537 -2.78321 -1.12262 -1.37419 -2.98988 -8.63907 -7.26499 -2.417 -1.25872 -0.342159 -1.2562 -6.82397 -6.86232 -8.21288 0.614035 4.96455 1.25481 -3.64523 -9.3903 -0.0788742 -11.4957 0.543044 10.2971 3.16324 -5.28188 -5.97215 3.75722 -11.4039 -1.04121 4.49799 1.87575 -5.47486 -0.351714
54.81 1.96815 -11.0798 1.02825 7.10914 1.93233 -5.64319 -1.27912 -0.858957 -8.15621 -5.08623 3.06161 -0.477489 -2.50393 2.48376 -5.05885 -7.30119 -4.54673 -2.39146 -1.16797 -1.47886 -2.22656 -8.32687 -7.25467 -2.79164 -1.83034 -0.489926 -1.1468 -6.32306 -7.52745 -7.87753 0.20976 3.91951 0.943758 -3.23834 -9.27967 -0.569597 -11.4032 0.696698 9.74516 3.16151 -5.14332 -6.86331 3.21196 -11.6027 -0.699209 4.87088 2.0229 -5.83276 -0.824362
54.86 1.76093 -11.2226 1.60378 7.63321 2.10703 -5.81013 -1.75553 0.401604 -8.63847 -4.77154 3.9851 -0.0719949 -2.81537 2.39703 -4.64185 -7.32405 -4.66478 -1.88558 -1.19201 -1.58945 -1.38846 -7.92463 -7.25133 -3.13833 -2.30418 -0.62456 -1.10619 -5.82136 -8.06899 -7.64228 -0.254683 2.90261 0.666443 -2.81856 -9.04422 -1.17397 -11.2217 0.85127 9.17803 3.09533 -5.00523 -7.65079 2.68158 -11.7797 -0.410043 5.1983 2.15504 -6.13448 -1.30826
54.91 1.5709 -11.3379 2.07552 8.04895 2.26493 -5.88327 -2.25986 1.52062 -9.12471 -4.32828 4.90122 0.351976 -3.24045 2.16686 -4.22021 -7.35718 -4.77982 -1.31382 -1.19199 -1.70475 -0.526211 -7.46842 -7.25245 -3.45197 -2.66867 -0.746813 -1.11762 -5.31457 -8.47916 -7.48255 -0.734718 1.93748 0.419639 -2.40799 -8.71019 -1.97158 -10.8977 0.999294 8.6025 2.93631 -4.86297 -8.32 2.18823 -11.9349 -0.168831 5.46238 2.27275 -6.38668 -1.82533
54.96 1.36675 -11.4291 2.45915 8.33175 2.40659 -5.87977 -2.80164 2.34113 -9.55177 -3.8359 5.78977 0.740653 -3.73828 1.81837 -3.77409 -7.40689 -4.89469 -0.700607 -1.16403 -1.8241 0.291679 -6.98954 -7.2565 -3.72862 -2.90879 -0.856759 -1.16472 -4.79232 -8.74655 -7.37769 -1.20511 1.03727 0.199379 -2.02434 -8.30461 -3.017 -10.3829 1.12342 7.99981 2.65803 -4.70201 -8.86059 1.7392 -12.0676 0.0328101 5.63659 2.37554 -6.59591 -2.41132
55.01 1.13008 -11.4981 2.76962 8.4524 2.53093 -5.82244 -3.39598 2.86448 -9.9171 -3.33708 6.64442 1.08401 -4.24951 1.38924 -3.27378 -7.48458 -4.99915 -0.0418285 -1.10084 -1.94873 1.01448 -6.51014 -7.26269 -3.96712 -3.00616 -0.953783 -1.23505 -4.23816 -8.86187 -7.31195 -1.65579 0.209643 0.00176856 -1.68192 -7.85204 -4.17028 -9.73309 1.18904 7.33146 2.28801 -4.49865 -9.25826 1.33227 -12.1762 0.205713 5.67692 2.46185 -6.7679 -3.10341
55.06 0.853101 -11.5445 3.01998 8.38627 2.63524 -5.72902 -4.05663 3.12673 -10.2304 -2.84441 7.46136 1.38684 -4.72603 0.914043 -2.67001 -7.61194 -5.0685 0.681665 -0.987951 -2.08401 1.61163 -6.04277 -7.27094 -4.16936 -2.94176 -1.03655 -1.32063 -3.63127 -8.82322 -7.27305 -2.0845 -0.540435 -0.176603 -1.39467 -7.37236 -5.21134 -9.08904 1.14682 6.54973 1.89592 -4.23411 -9.4998 0.958127 -12.2587 0.361885 5.52685 2.52881 -6.90719 -3.91299
55.11 0.532621 -11.5657 3.22109 8.13549 2.71529 -5.6105 -4.78103 3.17116 -10.5002 -2.36144 8.23273 1.65654 -5.13603 0.417662 -1.87787 -7.83005 -5.0613 1.48611 -0.79796 -2.24394 2.06274 -5.59224 -7.28179 -4.33985 -2.70594 -1.10308 -1.41693 -2.95147 -8.64078 -7.25175 -2.49072 -1.20856 -0.338507 -1.17631 -6.87987 -6.08502 -8.54083 0.958249 5.63379 1.52336 -3.90561 -9.58102 0.602468 -12.3122 0.512106 5.16538 2.57238 -7.01694 -4.81126
55.16 0.163761 -11.555 3.38172 7.74418 2.76544 -5.47349 -5.53974 3.0489 -10.7319 -1.89486 8.94782 1.89956 -5.45851 -0.085379 -0.805701 -8.19172 -4.92001 2.36718 -0.495637 -2.45861 2.34777 -5.15782 -7.29656 -4.48567 -2.31476 -1.15098 -1.52134 -2.18786 -8.33817 -7.24175 -2.87202 -1.78912 -0.486039 -1.03517 -6.383 -6.82118 -8.11606 0.625619 4.62391 1.18357 -3.52464 -9.50918 0.247207 -12.3319 0.663904 4.65491 2.58808 -7.0989 -5.72722
55.21 -0.266445 -11.4999 3.50863 7.27586 2.77809 -5.32274 -6.28978 2.81384 -10.929 -1.45686 9.59561 2.1207 -5.67928 -0.58991 0.432983 -8.67188 -4.61035 3.29521 -0.0953893 -2.77072 2.44445 -4.73382 -7.31743 -4.61683 -1.81258 -1.17785 -1.63189 -1.35255 -7.94879 -7.23899 -3.22324 -2.27401 -0.620631 -0.968746 -5.88441 -7.44161 -7.80694 0.191994 3.58947 0.878799 -3.11166 -9.30216 -0.131031 -12.31 0.820745 4.09111 2.57131 -7.15355 -6.58637
55.26 -0.787947 -11.3778 3.60643 6.77693 2.74114 -5.16163 -6.99648 2.51027 -11.0949 -1.06026 10.165 2.32317 -5.7982 -1.09974 1.51883 -9.15248 -4.17964 4.2317 0.321576 -3.193 2.34848 -4.30827 -7.34794 -4.74366 -1.24723 -1.1812 -1.74675 -0.497393 -7.50803 -7.24092 -3.5385 -2.65209 -0.743062 -0.964338 -5.38087 -7.94661 -7.59081 -0.288631 2.58177 0.607264 -2.68992 -8.98535 -0.566869 -12.2316 0.982235 3.53375 2.51547 -7.17966 -7.34671
55.31 -1.46136 -11.1472 3.67675 6.26532 2.63322 -4.98971 -7.63834 2.16711 -11.2333 -0.712591 10.6431 2.50869 -5.8331 -1.62937 2.30557 -9.57465 -3.70214 5.15051 0.704206 -3.68639 2.08873 -3.86239 -7.39394 -4.86933 -0.642353 -1.15754 -1.86473 0.310252 -7.04576 -7.24594 -3.81375 -2.90887 -0.853464 -1.00508 -4.86306 -8.32513 -7.44367 -0.776359 1.62881 0.36549 -2.27985 -8.58712 -1.12045 -12.0683 1.1449 3.0038 2.40746 -7.17266 -7.9914
55.36 -2.3766 -10.7464 3.71533 5.73493 2.42213 -4.79757 -8.1991 1.80072 -11.3468 -0.413723 11.0098 2.67762 -5.80769 -2.20827 2.79799 -9.93633 -3.21745 6.04097 1.04286 -4.1945 1.71129 -3.36855 -7.46582 -4.98469 0.00614496 -1.10029 -1.98655 1.02132 -6.58247 -7.25321 -4.04827 -3.02653 -0.951307 -1.07585 -4.31553 -8.56371 -7.34616 -1.25087 0.744901 0.149509 -1.89603 -8.13441 -1.9024 -11.7647 1.30274 2.50226 2.22075 -7.12032 -8.51052
55.41 -3.53229 -10.1543 3.70429 5.15806 2.09691 -4.56208 -8.65835 1.41923 -11.4363 -0.156605 11.2294 2.82879 -5.74111 -2.88042 3.03538 -10.2469 -2.73819 6.89698 1.34203 -4.67105 1.26076 -2.78156 -7.58318 -5.06705 0.717057 -0.996398 -2.11697 1.6069 -6.12957 -7.26247 -4.24462 -2.98603 -1.03539 -1.16592 -3.71807 -8.65207 -7.2846 -1.70542 -0.0624551 -0.0444585 -1.54726 -7.64975 -3.04779 -11.249 1.44582 2.02173 1.92161 -6.99413 -8.88836
55.46 -4.70702 -9.48226 3.6038 4.48873 1.71488 -4.25751 -8.99244 1.0242 -11.5006 0.0707624 11.2461 2.95908 -5.64623 -3.67981 3.06513 -10.5146 -2.26957 7.70992 1.6088 -5.08494 0.771691 -2.02239 -7.78367 -5.07809 1.50734 -0.820669 -2.2686 2.04889 -5.69157 -7.27403 -4.40797 -2.77594 -1.10386 -1.26887 -3.05025 -8.58673 -7.24956 -2.13857 -0.788564 -0.219667 -1.23891 -7.14988 -4.45997 -10.5536 1.55512 1.55216 1.53356 -6.75005 -9.10053
55.51 -5.73413 -8.86415 3.36259 3.69148 1.34073 -3.87954 -9.18746 0.610341 -11.5358 0.281307 11.0186 3.06301 -5.53178 -4.59717 2.94133 -10.7447 -1.81991 8.4691 1.84945 -5.41539 0.266815 -0.990946 -8.12193 -4.96211 2.37509 -0.536793 -2.46917 2.33045 -5.26827 -7.28884 -4.54583 -2.40861 -1.15451 -1.38108 -2.29937 -8.37532 -7.23329 -2.5485 -1.42875 -0.378713 -0.976228 -6.64543 -5.81221 -9.83422 1.59879 1.08521 1.14187 -6.3671 -9.13332
55.56 -6.6119 -8.36144 2.95169 2.79104 0.999718 -3.44705 -9.2451 0.165246 -11.5335 0.484448 10.5883 3.13281 -5.40462 -5.56742 2.71722 -10.9405 -1.40174 9.16412 2.06873 -5.6473 -0.24188 0.247192 -8.5924 -4.67649 3.29309 -0.146492 -2.76186 2.43116 -4.8554 -7.30859 -4.66857 -1.92609 -1.18511 -1.50018 -1.47261 -8.04111 -7.2292 -2.9309 -1.97647 -0.523505 -0.76651 -6.14113 -6.95378 -9.18983 1.53822 0.614756 0.791715 -5.87122 -8.99933
55.61 -7.37424 -7.98405 2.39114 1.85936 0.696171 -2.98936 -9.17919 -0.334133 -11.4784 0.684099 10.0571 3.15833 -5.27053 -6.50481 2.4326 -11.1051 -1.02683 9.7853 2.26986 -5.77749 -0.751911 1.37574 -9.08028 -4.25711 4.22303 0.272897 -3.16722 2.3435 -4.4433 -7.33612 -4.78764 -1.37852 -1.19351 -1.62411 -0.615674 -7.62004 -7.23256 -3.2795 -2.42213 -0.655257 -0.618135 -5.63587 -7.87847 -8.65673 1.34558 0.135179 0.489652 -5.31081 -8.72909
55.66 -8.039 -7.71562 1.73863 0.955133 0.427732 -2.53521 -9.01026 -0.930952 -11.3415 0.878774 9.49686 3.12394 -5.13305 -7.35605 2.11061 -11.2421 -0.701501 10.3224 2.45467 -5.82132 -1.27032 2.21212 -9.51315 -3.781 5.13716 0.661999 -3.65205 2.09212 -4.0162 -7.37616 -4.90858 -0.794831 -1.17697 -1.75108 0.203761 -7.15079 -7.24043 -3.58837 -2.75253 -0.774483 -0.53623 -5.12256 -8.61172 -8.24283 1.02478 -0.357632 0.230452 -4.73208 -8.35866
55.71 -8.60915 -7.5316 1.05626 0.108086 0.190087 -2.10659 -8.76072 -1.70285 -11.0721 1.06193 8.92879 3.00254 -4.99082 -8.10116 1.76327 -11.354 -0.425519 10.7615 2.62373 -5.80226 -1.81628 2.7486 -9.88433 -3.29399 6.02372 1.00706 -4.1599 1.72128 -3.55136 -7.43699 -5.02532 -0.175346 -1.13049 -1.8806 0.933319 -6.6652 -7.25127 -3.85427 -2.95063 -0.880971 -0.518082 -4.58793 -9.17754 -7.93726 0.612457 -0.861778 0.00658871 -4.16978 -7.92174
55.76 -9.07765 -7.40952 0.388443 -0.669283 -0.0213406 -1.71764 -8.45159 -2.7356 -10.6068 1.21975 8.34019 2.75992 -4.83338 -8.73148 1.39705 -11.4419 -0.193407 11.0783 2.77619 -5.74025 -2.42552 3.02265 -10.2029 -2.81148 6.87674 1.3116 -4.64253 1.27532 -3.01296 -7.53383 -5.11916 0.497422 -1.04408 -2.01522 1.54209 -6.18409 -7.26459 -4.07751 -2.99626 -0.973749 -0.553064 -4.01305 -9.59162 -7.71921 0.156286 -1.3658 -0.18894 -3.6468 -7.44571
55.81 -9.42842 -7.33196 -0.242813 -1.37208 -0.210687 -1.37756 -8.10076 -3.9445 -9.96709 1.3239 7.69302 2.40547 -4.63901 -9.23533 1.01456 -11.5049 0.00410423 11.2292 2.90951 -5.64882 -3.14305 3.08108 -10.4777 -2.33887 7.68798 1.58268 -5.06771 0.789167 -2.33787 -7.69596 -5.15798 1.24449 -0.898113 -2.16353 2.01211 -5.71786 -7.28071 -4.26157 -2.87122 -1.05107 -0.626974 -3.3759 -9.86098 -7.5667 -0.305855 -1.85064 -0.361789 -3.17602 -6.95028
55.86 -9.63787 -7.28532 -0.83433 -1.99809 -0.381394 -1.09526 -7.72245 -5.07702 -9.29677 1.3289 6.93511 2.01137 -4.38656 -9.5983 0.612736 -11.5393 0.178586 11.1552 3.01884 -5.53706 -3.98989 2.97818 -10.7145 -1.8838 8.44692 1.82681 -5.41506 0.286293 -1.42612 -7.97406 -5.09274 2.07442 -0.658902 -2.3461 2.32952 -5.26902 -7.30068 -4.41252 -2.57303 -1.11053 -0.726848 -2.65813 -9.98629 -7.46118 -0.752804 -2.29468 -0.516166 -2.76224 -6.44753
55.91 -9.67982 -7.25907 -1.396 -2.54551 -0.536177 -0.881232 -7.32728 -6.03398 -8.70858 1.19087 6.04154 1.63069 -4.06976 -9.81039 0.180711 -11.5373 0.341208 10.8372 3.09649 -5.41191 -4.93506 2.76978 -10.9168 -1.4585 9.14317 2.04896 -5.66969 -0.220552 -0.243522 -8.40109 -4.86902 2.97042 -0.303659 -2.60163 2.4769 -4.83419 -7.3263 -4.53915 -2.12948 -1.14938 -0.843584 -1.85581 -9.96545 -7.38857 -1.17728 -2.67705 -0.655009 -2.40445 -5.94253
55.96 -9.53276 -7.24588 -1.94406 -3.01233 -0.67708 -0.743736 -6.92257 -6.83958 -8.2435 0.899533 5.05153 1.28152 -3.6973 -9.86845 -0.303168 -11.4845 0.500079 10.3469 3.13172 -5.27917 -5.89738 2.49946 -11.0875 -1.07534 9.76709 2.25259 -5.82371 -0.728154 0.962741 -8.89443 -4.48883 3.89533 0.11445 -2.96575 2.43968 -4.4037 -7.36045 -4.65258 -1.58987 -1.16478 -0.972334 -0.998895 -9.79736 -7.33879 -1.58027 -2.97814 -0.78021 -2.09836 -5.43367
56.01 -9.18966 -7.24095 -2.49345 -3.39676 -0.805566 -0.682225 -6.51253 -7.5211 -7.9009 0.489843 4.02867 0.967793 -3.28808 -9.77642 -0.87953 -11.3542 0.658663 9.78078 3.10891 -5.14256 -6.79714 2.19188 -11.2296 -0.74165 10.3086 2.4398 -5.88603 -1.24276 1.92394 -9.35049 -4.02475 4.81387 0.518737 -3.42509 2.23029 -3.9601 -7.40797 -4.76093 -0.993389 -1.15328 -1.11182 -0.152959 -9.48515 -7.30476 -1.96613 -3.17864 -0.892817 -1.8383 -4.91281
56.06 -8.67085 -7.24113 -3.04932 -3.69766 -0.9226 -0.685436 -6.09851 -8.08517 -7.66051 0.0181032 3.01597 0.688268 -2.86566 -9.54547 -1.62179 -11.0987 0.81455 9.18756 3.00218 -5.00136 -7.59249 1.85853 -11.3462 -0.458027 10.754 2.61138 -5.87873 -1.78232 2.58205 -9.7438 -3.53799 5.70776 0.880965 -3.92693 1.88773 -3.47686 -7.47759 -4.86164 -0.349557 -1.10908 -1.26371 0.619855 -9.03888 -7.28163 -2.33911 -3.25843 -0.993158 -1.61851 -4.3653
56.11 -8.03108 -7.2445 -3.60079 -3.91413 -1.0287 -0.736067 -5.67892 -8.52571 -7.49789 -0.46775 2.03859 0.439503 -2.45283 -9.19418 -2.61907 -10.6543 0.956655 8.56804 2.77707 -4.84626 -8.26532 1.50511 -11.4389 -0.219504 11.0806 2.76683 -5.82362 -2.38094 2.96344 -10.0806 -3.05306 6.56984 1.20045 -4.41736 1.45734 -2.91214 -7.58624 -4.93788 0.35459 -1.02083 -1.43295 1.27964 -8.47757 -7.26614 -2.70132 -3.19757 -1.08092 -1.43376 -3.77149
56.16 -7.34395 -7.24999 -4.12468 -4.04413 -1.12393 -0.817073 -5.24914 -8.83129 -7.39196 -0.939476 1.11455 0.217331 -2.069 -8.74816 -3.81372 -10.0279 1.05838 7.89072 2.43542 -4.65665 -8.80123 1.1344 -11.5076 -0.017091 11.2469 2.90404 -5.73625 -3.08379 3.10905 -10.3701 -2.57653 7.39327 1.48366 -4.85696 0.977446 -2.19411 -7.76725 -4.95645 1.13584 -0.866243 -1.63009 1.80175 -7.82945 -7.25626 -3.05215 -2.98414 -1.15525 -1.27966 -3.11127
56.21 -6.67032 -7.25743 -4.59794 -4.08261 -1.20776 -0.915432 -4.80129 -8.99065 -7.32582 -1.38567 0.257352 0.0177366 -1.7316 -8.23672 -4.95689 -9.35558 1.07403 7.10658 2.04552 -4.41067 -9.18567 0.744766 -11.5494 0.160738 11.1948 3.01875 -5.62659 -3.91592 3.0663 -10.6191 -2.11333 8.16823 1.73751 -5.21942 0.475141 -1.22023 -8.07491 -4.86509 1.995 -0.609503 -1.87767 2.16591 -7.12898 -7.25102 -3.38974 -2.63023 -1.21495 -1.1527 -2.3718
56.26 -6.04073 -7.26745 -5.00676 -4.02017 -1.27897 -1.02299 -4.32439 -8.9984 -7.28634 -1.80493 -0.523721 -0.162737 -1.45736 -7.68752 -5.92761 -8.75742 0.956015 6.18949 1.66447 -4.10044 -9.41065 0.327981 -11.5585 0.325439 10.8992 3.10414 -5.50165 -4.85176 2.88731 -10.8317 -1.67323 8.88394 1.96759 -5.4861 -0.0335876 -0.00308571 -8.52622 -4.61287 2.90752 -0.23832 -2.21444 2.34877 -6.40985 -7.25064 -3.71412 -2.17939 -1.25876 -1.05018 -1.5563
56.31 -5.45967 -7.28164 -5.34675 -3.84389 -1.33548 -1.13563 -3.80588 -8.85944 -7.26424 -2.19951 -1.22178 -0.326869 -1.25919 -7.12191 -6.74219 -8.28033 0.687351 5.17744 1.31309 -3.73327 -9.47778 -0.133084 -11.5231 0.485685 10.4243 3.15081 -5.36721 -5.81332 2.61948 -11.0115 -1.26898 9.53029 2.17789 -5.64941 -0.542585 1.16231 -9.01899 -4.21693 3.83542 0.179689 -2.66655 2.33565 -5.69596 -7.2569 -4.0286 -1.68771 -1.28542 -0.970085 -0.701337
56.36 -4.91687 -7.3027 -5.61878 -3.54287 -1.37414 -1.25181 -3.23675 -8.5907 -7.25334 -2.57079 -1.82959 -0.476748 -1.14009 -6.55281 -7.42746 -7.92675 0.296948 4.13858 0.996439 -3.32703 -9.39822 -0.670827 -11.4216 0.645772 9.86839 3.14569 -5.22774 -6.71864 2.29739 -11.1623 -0.910719 10.0975 2.37088 -5.72077 -1.0549 2.04607 -9.46375 -3.75111 4.74916 0.575076 -3.20805 2.14385 -4.99563 -7.27398 -4.33448 -1.19592 -1.29285 -0.911118 0.128446
56.41 -4.39442 -7.33499 -5.82475 -3.11873 -1.39053 -1.3713 -2.62058 -8.2196 -7.24956 -2.9175 -2.3371 -0.61379 -1.09118 -5.98421 -7.98994 -7.67749 -0.16164 3.12105 0.71396 -2.90492 -9.19122 -1.34575 -11.2143 0.804673 9.28562 3.06731 -5.08452 -7.52277 1.94271 -11.2872 -0.602344 10.5738 2.54769 -5.72278 -1.5841 2.62038 -9.84546 -3.26713 5.63718 0.927257 -3.78259 1.81567 -4.30006 -7.31001 -4.62401 -0.72068 -1.27653 -0.873208 0.877926
56.46 -3.86781 -7.3857 -5.96421 -2.59085 -1.37838 -1.49465 -1.97932 -7.7794 -7.25024 -3.23618 -2.72986 -0.738732 -1.09634 -5.41123 -8.42284 -7.50801 -0.640839 2.15054 0.462646 -2.48974 -8.88111 -2.25006 -10.8388 0.954279 8.68236 2.8821 -4.93194 -8.20706 1.56778 -11.388 -0.341467 10.9405 2.70808 -5.6764 -2.15839 2.92283 -10.1721 -2.78456 6.49697 1.23782 -4.33832 1.39755 -3.57707 -7.38053 -4.87784 -0.263729 -1.22676 -0.858628 1.51388
56.51 -3.30106 -7.46759 -6.03106 -1.98416 -1.32799 -1.62359 -1.34632 -7.30252 -7.2537 -3.52317 -2.98796 -0.851611 -1.13887 -4.81959 -8.71436 -7.39688 -1.11199 1.24112 0.238558 -2.10067 -8.49382 -3.40139 -10.2629 1.07406 8.03324 2.57156 -4.75323 -8.75818 1.17859 -11.4643 -0.120867 11.1635 2.85026 -5.59666 -2.82127 3.00464 -10.4529 -2.31105 7.3234 1.51359 -4.83854 0.928059 -2.74969 -7.51723 -5.0628 0.178091 -1.12271 -0.87467 2.0182
56.56 -2.63367 -7.6052 -6.00861 -1.30972 -1.22206 -1.76304 -0.753496 -6.81506 -7.25899 -3.77666 -3.08571 -0.951708 -1.20564 -4.18452 -8.85373 -7.32717 -1.56287 0.401058 0.0377247 -1.75412 -8.05372 -4.58632 -9.58801 1.1244 7.29124 2.18657 -4.52494 -9.16064 0.774916 -11.5133 0.0700796 11.1876 2.97037 -5.49403 -3.60894 2.92489 -10.694 -1.85555 8.10587 1.76134 -5.25819 0.434425 -1.64907 -7.78757 -5.12265 0.608017 -0.920078 -0.940799 2.37876
56.61 -1.76016 -7.84564 -5.8612 -0.559928 -1.02848 -1.9259 -0.228046 -6.33438 -7.26583 -3.99801 -2.9956 -1.0375 -1.28814 -3.47123 -8.83714 -7.28557 -1.99064 -0.364454 -0.143386 -1.46595 -7.58147 -5.6167 -8.95545 1.05529 6.41577 1.79615 -4.23338 -9.40305 0.348632 -11.5289 0.243111 10.9669 3.06183 -5.37666 -4.5153 2.74305 -10.8986 -1.43103 8.83175 1.98644 -5.57596 -0.0671401 -0.0828806 -8.26839 -4.97472 1.02906 -0.566234 -1.10389 2.57781
56.66 -0.576013 -8.24383 -5.5317 0.274524 -0.709172 -2.14174 0.199479 -5.86951 -7.27453 -4.19263 -2.70653 -1.10678 -1.38161 -2.64532 -8.6727 -7.26234 -2.39545 -1.05127 -0.30768 -1.2502 -7.09279 -6.48032 -8.43435 0.836019 5.4227 1.43119 -3.88085 -9.4838 -0.118111 -11.4993 0.408066 10.5338 3.11501 -5.2513 -5.47775 2.5035 -11.0686 -1.05006 9.48915 2.19269 -5.77494 -0.570222 1.65103 -8.84594 -4.60251 1.44324 -0.127021 -1.42528 2.5935
56.71 0.754965 -8.7499 -4.99315 1.17511 -0.292716 -2.45297 0.490102 -5.42191 -7.2861 -4.37059 -2.25365 -1.15716 -1.48351 -1.711 -8.38209 -7.25097 -2.77602 -1.65461 -0.457398 -1.11337 -6.59796 -7.20833 -8.03945 0.480529 4.37878 1.10037 -3.48207 -9.41203 -0.658546 -11.4029 0.570743 9.98587 3.11631 -5.12263 -6.4083 2.22912 -11.2076 -0.719766 10.067 2.38252 -5.86196 -1.07764 3.0871 -9.36266 -4.11481 1.84963 0.285179 -1.90696 2.43342
56.76 1.88443 -9.2353 -4.30704 2.09291 0.130306 -2.87239 0.616946 -4.98554 -7.30235 -4.54382 -1.70947 -1.18676 -1.592 -0.741963 -7.99755 -7.2472 -3.12828 -2.16769 -0.594117 -1.05016 -6.10145 -7.81414 -7.75697 0.0378949 3.34332 0.804532 -3.05928 -9.2066 -1.33379 -11.2004 0.731528 9.39521 3.04402 -4.99134 -7.24779 1.92959 -11.3196 -0.440445 10.5528 2.55711 -5.86538 -1.60279 4.10391 -9.80093 -3.60076 2.24886 0.640844 -2.4922 2.13601
56.81 2.65922 -9.65448 -3.5425 2.98767 0.513694 -3.36604 0.583277 -4.54928 -7.32634 -4.71885 -1.12459 -1.19402 -1.70518 0.171313 -7.55496 -7.24828 -3.4468 -2.58085 -0.718773 -1.04602 -5.60181 -8.29437 -7.56296 -0.43935 2.35009 0.541287 -2.63648 -8.89308 -2.2369 -10.8295 0.883335 8.78016 2.86455 -4.85098 -7.96975 1.60978 -11.4079 -0.207065 10.9279 2.71644 -5.81353 -2.1737 4.70623 -10.1777 -3.09163 2.64637 0.943338 -3.11593 1.74669
56.86 3.03354 -10.0118 -2.71732 3.84506 0.850124 -3.88365 0.41366 -4.0986 -7.36308 -4.89249 -0.50401 -1.17637 -1.82151 0.965517 -7.08602 -7.25253 -3.72729 -2.88087 -0.831655 -1.08372 -5.09172 -8.63776 -7.43449 -0.915348 1.41731 0.306893 -2.23522 -8.4994 -3.38828 -10.257 1.00613 8.12031 2.55888 -4.68398 -8.55835 1.27308 -11.4739 -0.01098 11.1586 2.85909 -5.72594 -2.83397 4.92997 -10.5071 -2.59388 3.04997 1.20179 -3.72899 1.30433
56.91 3.01573 -10.3179 -1.83045 4.66239 1.14422 -4.3822 0.139659 -3.61281 -7.42107 -5.05206 0.170867 -1.1285 -1.94095 1.60032 -6.61358 -7.25902 -3.96828 -3.05078 -0.932386 -1.14854 -4.55801 -8.8318 -7.35277 -1.37272 0.555243 0.0973175 -1.87427 -8.05188 -4.57604 -9.58345 1.0602 7.37028 2.17742 -4.46634 -8.99762 0.920375 -11.5172 0.158984 11.1906 2.98196 -5.61466 -3.62007 4.8347 -10.799 -2.11155 3.46372 1.42516 -4.30127 0.837049
56.96 2.73447 -10.5807 -0.920163 5.43523 1.40273 -4.83232 -0.209318 -3.05717 -7.51568 -5.17633 0.914157 -1.03999 -2.06678 2.05632 -6.15098 -7.26746 -4.17141 -3.07062 -1.01989 -1.23037 -3.98219 -8.86903 -7.30294 -1.80646 -0.230043 -0.0911502 -1.57138 -7.57246 -5.6095 -8.95108 0.995075 6.4899 1.78968 -4.18424 -9.27614 0.547543 -11.5349 0.314629 10.9794 3.07974 -5.48789 -4.52586 4.50306 -11.0598 -1.65443 3.88296 1.62085 -4.81678 0.362368
57.01 2.388 -10.8054 -0.0620923 6.15412 1.63173 -5.21597 -0.610011 -2.36788 -7.67643 -5.23361 1.72657 -0.890906 -2.20838 2.34008 -5.70385 -7.2782 -4.34087 -2.92294 -1.09239 -1.32337 -3.34307 -8.75272 -7.27407 -2.21686 -0.93408 -0.261634 -1.34178 -7.07745 -6.47502 -8.42983 0.779559 5.49483 1.42697 -3.84019 -9.39203 0.144245 -11.5199 0.465684 10.5594 3.14518 -5.3524 -5.48843 4.02764 -11.2939 -1.23594 4.29533 1.79444 -5.26895 -0.111216
57.06 2.09224 -10.9954 0.690602 6.80652 1.8362 -5.52111 -1.04644 -1.44148 -7.95505 -5.1764 2.60059 -0.647151 -2.38718 2.47145 -5.27238 -7.29227 -4.48291 -2.60696 -1.14752 -1.42457 -2.62333 -8.49964 -7.25881 -2.60409 -1.55193 -0.416581 -1.19261 -6.57714 -7.20355 -8.03456 0.42723 4.45076 1.09807 -3.44904 -9.35366 -0.308866 -11.459 0.617972 10.0305 3.16919 -5.21387 -6.4202 3.49019 -11.5041 -0.866802 4.68548 1.94985 -5.65773 -0.582848
57.11 1.86193 -11.1533 1.32436 7.37808 2.02017 -5.7368 -1.50998 -0.238983 -8.38605 -4.95131 3.51566 -0.285279 -2.64312 2.45917 -4.85259 -7.31149 -4.60623 -2.15231 -1.18266 -1.53236 -1.81952 -8.13873 -7.25232 -2.96563 -2.07663 -0.557756 -1.11883 -6.07598 -7.80862 -7.75136 -0.0131779 3.41557 0.803851 -3.03286 -9.1787 -0.847335 -11.3282 0.772594 9.46811 3.13865 -5.07567 -7.26332 2.94823 -11.6922 -0.551031 5.03806 2.0895 -5.9873 -1.05907
57.16 1.66757 -11.2822 1.84709 7.85168 2.18646 -5.85636 -1.99931 0.987725 -8.88438 -4.56253 4.43924 0.13983 -3.01275 2.30013 -4.43536 -7.33883 -4.72171 -1.60892 -1.1952 -1.64544 -0.960938 -7.70563 -7.25142 -3.29671 -2.49826 -0.68625 -1.10595 -5.57267 -8.28717 -7.55601 -0.48964 2.42193 0.541951 -2.61507 -8.89144 -1.53499 -11.0848 0.925358 8.89783 3.03119 -4.93665 -7.99407 2.43433 -11.8585 -0.286241 5.33701 2.21456 -6.26389 -1.55562
57.21 1.47358 -11.3853 2.27367 8.2056 2.33642 -5.8889 -2.52039 1.96465 -9.34386 -4.08697 5.3433 0.549529 -3.48103 2.00723 -4.00465 -7.37912 -4.83702 -1.01566 -1.18201 -1.76279 -0.112792 -7.2349 -7.25412 -3.59254 -2.80356 -0.802484 -1.13675 -5.05993 -8.62884 -7.42541 -0.966991 1.48741 0.308651 -2.21575 -8.519 -2.45556 -10.6694 1.06475 8.31263 2.81505 -4.78778 -8.60178 1.96247 -12.0029 -0.0656491 5.56125 2.32508 -6.49425 -2.1013
57.26 1.25481 -11.4655 2.61966 8.41253 2.46981 -5.85625 -3.0859 2.6345 -9.73938 -3.58853 6.21556 0.915678 -3.99251 1.6142 -3.53643 -7.44074 -4.94888 -0.381857 -1.1379 -1.88445 0.662949 -6.75363 -7.25928 -3.85043 -2.9758 -0.906196 -1.19653 -4.52433 -8.8226 -7.34144 -1.42834 0.622047 0.0999456 -1.85058 -8.08752 -3.58516 -10.0725 1.16577 7.68361 2.48375 -4.60914 -9.07432 1.53484 -12.124 0.120426 5.67663 2.42006 -6.68457 -2.7357
57.31 0.998721 -11.5236 2.89915 8.44352 2.58474 -5.77941 -3.71165 3.02376 -10.0778 -3.09214 7.05235 1.23812 -4.49151 1.15858 -2.99311 -7.53925 -5.04002 0.306152 -1.05266 -2.01331 1.32657 -6.27909 -7.26645 -4.07073 -2.9956 -0.996417 -1.27511 -3.94689 -8.86212 -7.29019 -1.86831 -0.168098 -0.0878544 -1.53339 -7.61946 -4.70172 -9.40936 1.18487 6.96518 2.09513 -4.37722 -9.39671 1.14551 -12.2201 0.283635 5.63019 2.49732 -6.84004 -3.48621
57.36 0.700601 -11.5581 3.12413 8.28384 2.67773 -5.67263 -4.40555 3.17241 -10.3687 -2.60379 7.84809 1.52369 -4.9383 0.670493 -2.30965 -7.70472 -5.07794 1.06845 -0.906144 -2.15824 1.85385 -5.81976 -7.27587 -4.25668 -2.84669 -1.07148 -1.36639 -3.30621 -8.75094 -7.26087 -2.28612 -0.878592 -0.257856 -1.27835 -7.13205 -5.65894 -8.80561 1.07371 6.11669 1.70971 -4.08069 -9.55954 0.78246 -12.2888 0.435705 5.37417 2.55338 -6.96454 -4.34577
57.41 0.357169 -11.5647 3.30442 7.95636 2.74387 -5.54435 -5.15188 3.12758 -10.6192 -2.12769 8.59312 1.77949 -5.30729 0.16963 -1.38534 -7.98865 -5.01206 1.91294 -0.664157 -2.3402 2.22567 -5.37752 -7.28843 -4.41403 -2.53027 -1.12915 -1.46696 -2.58546 -8.50596 -7.24573 -2.68063 -1.50462 -0.4125 -1.09737 -6.6367 -6.46104 -8.31718 0.811235 5.14638 1.35249 -3.72436 -9.56418 0.429509 -12.3264 0.585998 4.92755 2.58383 -7.06053 -5.26315
57.46 -0.0395664 -11.5342 3.44779 7.51972 2.77669 -5.40007 -5.91152 2.94316 -10.8334 -1.67352 9.27639 2.01121 -5.58074 -0.334232 -0.195076 -8.42104 -4.78731 2.82199 -0.305722 -2.59816 2.42003 -4.94927 -7.30585 -4.5513 -2.07785 -1.167 -1.57464 -1.78262 -8.15637 -7.23968 -3.04795 -2.03948 -0.553556 -0.993892 -6.13899 -7.13928 -7.95139 0.422255 4.11635 1.02991 -3.32483 -9.42333 0.066392 -12.327 0.740083 4.38044 2.58423 -7.12913 -6.1588
57.51 -0.50956 -11.4499 3.55999 7.03234 2.76685 -5.24397 -6.64365 2.6697 -11.0146 -1.25464 9.88697 2.22282 -5.74999 -0.840302 1.00243 -8.91472 -4.40789 3.75857 0.112785 -2.96672 2.41995 -4.52642 -7.3309 -4.67938 -1.53973 -1.18265 -1.68754 -0.928928 -7.73759 -7.23947 -3.38224 -2.47361 -0.682133 -0.959866 -5.63873 -7.70407 -7.69097 -0.0406161 3.09028 0.741795 -2.90472 -9.15906 -0.334648 -12.2799 0.899459 3.8152 2.54941 -7.17009 -6.97274
57.56 -1.09601 -11.2809 3.64434 6.5265 2.69838 -5.07802 -7.32059 2.34393 -11.1665 -0.881794 10.4132 2.41679 -5.82449 -1.35727 1.94552 -9.36877 -3.94663 4.68844 0.51582 -3.43104 2.23787 -4.09368 -7.36806 -4.80605 -0.953999 -1.1733 -1.80403 -0.0895345 -7.2831 -7.24306 -3.67823 -2.79426 -0.798696 -0.979686 -5.12973 -8.14878 -7.51142 -0.528426 2.10696 0.485328 -2.48647 -8.79883 -0.818219 -12.1648 1.06211 3.27027 2.47028 -7.18086 -7.67771
57.61 -1.87797 -10.9742 3.70018 6.00765 2.54374 -4.89816 -7.92467 1.98793 -11.2924 -0.558769 10.8395 2.59416 -5.82681 -1.90643 2.58301 -9.76008 -3.46283 5.59402 0.876645 -3.93848 1.91401 -3.62848 -7.42503 -4.92873 -0.32959 -1.13426 -1.92365 0.675184 -6.81834 -7.24925 -3.93343 -2.98526 -0.903053 -1.03678 -4.59962 -8.46031 -7.39067 -1.01117 1.18658 0.256688 -2.08784 -8.37078 -1.46598 -11.9417 1.22333 2.7548 2.32805 -7.15393 -8.26223
57.66 -2.92713 -10.4739 3.71782 5.45906 2.27363 -4.68829 -8.43844 1.61355 -11.394 -0.281841 11.1395 2.75457 -5.7791 -2.52556 2.94417 -10.0954 -2.98007 6.46833 1.19497 -4.43585 1.49544 -3.09626 -7.51589 -5.03169 0.346799 -1.05636 -2.04876 1.32712 -6.35917 -7.25749 -4.14878 -3.02763 -0.994346 -1.11805 -4.0303 -8.62621 -7.31216 -1.47623 0.339494 0.0519387 -1.72039 -7.89995 -2.41482 -11.5409 1.37558 2.26476 2.08913 -7.0703 -8.71476
57.71 -4.12525 -9.82258 3.66894 4.84273 1.91035 -4.42103 -8.8387 1.22568 -11.4714 -0.0411531 11.2666 2.89595 -5.69727 -3.25838 3.07277 -10.384 -2.50533 7.30434 1.47729 -4.88463 1.02231 -2.43736 -7.66782 -5.08504 1.09525 -0.921348 -2.1873 1.84391 -5.91331 -7.2678 -4.32821 -2.90435 -1.07104 -1.21502 -3.40061 -8.63912 -7.26461 -1.92041 -0.428589 -0.132469 -1.39084 -7.40612 -3.72802 -10.9211 1.50528 1.79083 1.73712 -6.89164 -9.01445
57.76 -5.23472 -9.16492 3.50494 4.11179 1.52679 -4.07909 -9.105 0.822477 -11.522 0.176372 11.1641 3.01405 -5.59178 -4.12067 3.01981 -10.6326 -2.04469 8.0921 1.73048 -5.25967 0.523296 -1.55421 -7.92958 -5.04144 1.92537 -0.696793 -2.35825 2.20925 -5.48275 -7.28079 -4.47801 -2.61363 -1.13108 -1.32285 -2.69279 -8.50032 -7.23969 -2.34255 -1.11327 -0.299476 -1.1041 -6.90305 -5.14531 -10.1956 1.58707 1.3234 1.33781 -6.57895 -9.13878
57.81 -6.1837 -8.60005 3.18079 3.25605 1.16768 -3.67092 -9.23123 0.395304 -11.5401 0.382362 10.8253 3.10222 -5.47025 -5.07511 2.84052 -10.8455 -1.6089 8.82086 1.96009 -5.54308 0.0156492 -0.391616 -8.34223 -4.84374 2.82234 -0.354784 -2.59864 2.40427 -5.06536 -7.29775 -4.60703 -2.18329 -1.17217 -1.4387 -1.90172 -8.22486 -7.23011 -2.73968 -1.70916 -0.451343 -0.866336 -6.39843 -6.40016 -9.50578 1.58433 0.855435 0.96412 -6.13524 -9.0868
57.86 -7.00105 -8.1601 2.69045 2.33092 0.845224 -3.22219 -9.22572 -0.0727591 -11.5142 0.5836 10.3328 3.15163 -5.33904 -6.03852 2.5828 -11.0255 -1.21085 9.48064 2.1701 -5.72415 -0.49345 0.831958 -8.83631 -4.48299 3.75068 0.0607059 -2.94754 2.41135 -4.65444 -7.32085 -4.72676 -1.66342 -1.19217 -1.56041 -1.05198 -7.84315 -7.23014 -3.10633 -2.2083 -0.589637 -0.68571 -5.89416 -7.43282 -8.91353 1.46089 0.381189 0.637823 -5.60143 -8.88163
57.91 -7.71408 -7.83941 2.07629 1.40742 0.559494 -2.76303 -9.10626 -0.613041 -11.4234 0.781251 9.78182 3.15008 -5.20305 -6.93746 2.27783 -11.176 -0.860026 10.0617 2.36304 -5.80907 -1.00609 1.82515 -9.30066 -4.0274 4.67515 0.469122 -3.39855 2.23835 -4.23732 -7.35375 -4.84675 -1.09646 -1.18879 -1.686 -0.205349 -7.39388 -7.23598 -3.43608 -2.59939 -0.715233 -0.569691 -5.38623 -8.26026 -8.43922 1.20257 -0.104614 0.357679 -5.0269 -8.55779
57.96 -8.33245 -7.61573 1.40212 0.529045 0.306844 -2.31928 -8.89486 -1.28422 -11.2291 0.971371 9.2175 3.07699 -5.06383 -7.73763 1.94239 -11.3004 -0.559427 10.5526 2.5401 -5.81908 -1.53477 2.51097 -9.70241 -3.54261 5.57652 0.836755 -3.90167 1.92234 -3.79514 -7.40262 -4.96723 -0.496655 -1.15844 -1.81414 0.575114 -6.9133 -7.24543 -3.72408 -2.86736 -0.82829 -0.519935 -4.86451 -8.90888 -8.08064 0.831011 -0.603791 0.116745 -4.45267 -8.1509
58.01 -8.85386 -7.46478 0.722819 -0.28456 0.0827021 -1.90891 -8.61354 -2.17892 -10.869 1.1444 8.64254 2.8991 -4.91613 -8.42715 1.58529 -11.4005 -0.306024 10.9354 2.70118 -5.77679 -2.10647 2.91344 -10.0466 -3.05691 6.44738 1.16113 -4.40219 1.50948 -3.3 -7.47853 -5.07592 0.146153 -1.09411 -1.94556 1.24833 -6.42799 -7.25749 -3.96881 -2.9934 -0.928231 -0.529507 -4.31283 -9.3989 -7.82083 0.391509 -1.1099 -0.0924261 -3.90745 -7.69187
58.06 -9.26678 -7.36659 0.0716058 -1.02551 -0.117344 -1.54308 -8.28189 -3.32726 -10.3047 1.28043 8.03114 2.59473 -4.74357 -8.99683 1.21112 -11.4764 -0.0923187 11.1772 2.84465 -5.69894 -2.76415 3.07553 -10.3427 -2.57861 7.28108 1.44837 -4.8598 1.04008 -2.70496 -7.60241 -5.14782 0.853025 -0.981833 -2.08524 1.79091 -5.95342 -7.2721 -4.17225 -2.95717 -1.0137 -0.585358 -3.71018 -9.74161 -7.6375 -0.0712897 -1.60718 -0.27622 -3.40901 -7.20435
58.11 -9.55104 -7.30581 -0.539458 -1.69063 -0.2971 -1.23032 -7.91601 -4.52483 -9.63056 1.34187 7.33545 2.21123 -4.52235 -9.43276 0.820022 -11.526 0.0923535 11.2239 2.96693 -5.59652 -3.54579 3.04777 -10.5983 -2.11331 8.06798 1.70551 -5.24892 0.543443 -1.9276 -7.81395 -5.14291 1.64099 -0.795089 -2.24668 2.18799 -5.49579 -7.28993 -4.33917 -2.74595 -1.0826 -0.673402 -3.03526 -9.94052 -7.51007 -0.527637 -2.07471 -0.439571 -2.96599 -6.70427
58.16 -9.68096 -7.27034 -1.11444 -2.27809 -0.459648 -0.980424 -7.52833 -5.57118 -8.99195 1.28026 6.5097 1.81989 -4.23783 -9.72205 0.40532 -11.5437 0.259752 11.0262 3.06181 -5.47735 -4.44884 2.88664 -10.8179 -1.67114 8.79736 1.93833 -5.55246 0.0376097 -0.87248 -8.1666 -5.00531 2.50701 -0.498289 -2.45921 2.4246 -5.05459 -7.31238 -4.47691 -2.37116 -1.13232 -0.7824 -2.27504 -9.99445 -7.42217 -0.963831 -2.49104 -0.586035 -2.58004 -6.20021
58.21 -9.63164 -7.25128 -1.66724 -2.78599 -0.60736 -0.803596 -7.12779 -6.44872 -8.46267 1.06473 5.56039 1.45376 -3.89168 -9.85802 -0.0485401 -11.5191 0.419798 10.61 3.12014 -5.34779 -5.41412 2.64363 -11.0043 -1.26514 9.45929 2.15106 -5.7579 -0.469463 0.36633 -8.64273 -4.69878 3.42227 -0.101033 -2.76578 2.48217 -4.62355 -7.34173 -4.59566 -1.87424 -1.16005 -0.905383 -1.4394 -9.90135 -7.36181 -1.37734 -2.83597 -0.718009 -2.24826 -5.69393
58.26 -9.38728 -7.24265 -2.21449 -3.21233 -0.741981 -0.704426 -6.72015 -7.19099 -8.05987 0.708365 4.54713 1.12204 -3.49825 -9.84102 -0.571056 -11.4327 0.578455 10.0726 3.12925 -5.21285 -6.35322 2.35298 -11.1606 -0.905707 10.0441 2.34646 -5.86472 -0.979105 1.47134 -9.12538 -4.26746 4.34749 0.316927 -3.18164 2.35697 -4.18932 -7.38165 -4.7061 -1.3036 -1.16279 -1.03936 -0.578919 -9.66183 -7.32048 -1.77133 -3.0902 -0.836952 -1.96548 -5.18062
58.31 -8.95271 -7.24055 -2.76736 -3.55563 -0.864719 -0.676837 -6.3082 -7.81465 -7.77085 0.26097 3.52536 0.82556 -3.07949 -9.67854 -1.21729 -11.2485 0.736478 9.49058 3.06927 -5.07445 -7.20459 2.0318 -11.2899 -0.596828 10.5405 2.52599 -5.88992 -1.50284 2.28318 -9.55076 -3.78721 5.25524 0.701717 -3.66913 2.07663 -3.73032 -7.43854 -4.81186 -0.684492 -1.13624 -1.18453 0.237588 -9.28211 -7.29229 -2.15044 -3.23411 -0.943545 -1.72586 -4.6489
58.36 -8.36547 -7.24249 -3.32342 -3.81498 -0.976319 -0.705753 -5.89183 -8.31891 -7.57181 -0.22256 2.52755 0.561744 -2.65915 -9.38537 -2.07682 -10.9071 0.887758 8.8867 2.90819 -4.92826 -7.94117 1.68807 -11.3947 -0.336167 10.9314 2.68982 -5.8568 -2.06607 2.80112 -9.91516 -3.29989 6.13424 1.0424 -4.17131 1.68562 -3.21381 -7.52441 -4.90362 -0.0134238 -1.0724 -1.34405 0.958841 -8.77645 -7.27323 -2.51805 -3.24725 -1.0378 -1.52386 -4.08134
58.41 -7.69319 -7.24698 -3.86447 -3.98914 -1.07708 -0.773321 -5.468 -8.69432 -7.43955 -0.70378 1.57454 0.32665 -2.25839 -8.98377 -3.19586 -10.3628 1.01464 8.24444 2.62054 -4.75926 -8.54838 1.32602 -11.4758 -0.116625 11.1859 2.83671 -5.78433 -2.71053 3.0616 -10.2278 -2.81862 6.97846 1.34321 -4.64082 1.22685 -2.58547 -7.66292 -4.9569 0.726986 -0.955358 -1.5251 1.55377 -8.16854 -7.26068 -2.87489 -3.11202 -1.11911 -1.35462 -3.45724
58.46 -7.00691 -7.2534 -4.36577 -4.07482 -1.16678 -0.86422 -5.0305 -8.92884 -7.35516 -1.16354 0.682112 0.11611 -1.89532 -8.50176 -4.39434 -9.69409 1.08061 7.52082 2.24539 -4.54399 -9.01116 0.946601 -11.5318 0.0722732 11.2521 2.96358 -5.68503 -3.47645 3.10865 -10.4968 -2.34775 7.77949 1.61125 -5.04536 0.733292 -1.7543 -7.89873 -4.92916 1.54792 -0.755489 -1.74305 2.0012 -7.49029 -7.25313 -3.21942 -2.82616 -1.18643 -1.21421 -2.75904
58.51 -6.35309 -7.26198 -4.80828 -4.06489 -1.24458 -0.967865 -4.56984 -9.01343 -7.30359 -1.59627 -0.138435 -0.0736425 -1.58706 -7.96854 -5.45543 -9.0483 1.03541 6.67102 1.85542 -4.26636 -9.31741 0.545158 -11.5587 0.242405 11.0783 3.06494 -5.5671 -4.36646 2.9927 -10.7275 -1.89433 8.52676 1.85286 -5.36279 0.226466 -0.640474 -8.28226 -4.76273 2.43764 -0.439363 -2.02899 2.27959 -6.77686 -7.25017 -3.55029 -2.4178 -1.23848 -1.09953 -1.98033
58.56 -5.74805 -7.2738 -5.18322 -3.94788 -1.30885 -1.07826 -4.0739 -8.94737 -7.27364 -2.00306 -0.879325 -0.245735 -1.34916 -7.40908 -6.34509 -8.50712 0.842564 5.69905 1.48769 -3.92645 -9.46377 0.109558 -11.5479 0.404132 10.6819 3.1327 -5.43683 -5.32655 2.76498 -10.9236 -1.47021 9.20972 2.07286 -5.57866 -0.282607 0.595058 -8.77037 -4.43228 3.3624 -0.0337197 -2.42199 2.3666 -6.05824 -7.25269 -3.86931 -1.94037 -1.27407 -1.00821 -1.13836
58.61 -5.18773 -7.29097 -5.4894 -3.71079 -1.35701 -1.19274 -3.53095 -8.74148 -7.2577 -2.38613 -1.53384 -0.402604 -1.19033 -6.8407 -7.09412 -8.09216 0.508128 4.66604 1.15318 -3.53735 -9.45663 -0.383623 -11.4838 0.564119 10.157 3.15601 -5.29949 -6.26866 2.4671 -11.0887 -1.08756 9.81858 2.27446 -5.69444 -0.792264 1.63518 -9.24496 -3.99312 4.28591 0.378407 -2.92408 2.26173 -5.35098 -7.26354 -4.17985 -1.44513 -1.29166 -0.938579 -0.287538
58.66 -4.65759 -7.31689 -5.72865 -3.34756 -1.38531 -1.31053 -2.93698 -8.41827 -7.25073 -2.74562 -2.09361 -0.546003 -1.10752 -6.2719 -7.71936 -7.79284 0.0773269 3.63335 0.853563 -3.12029 -9.31141 -0.978589 -11.337 0.724171 9.58457 3.11849 -5.15834 -7.12773 2.12698 -11.2265 -0.75364 10.343 2.45947 -5.72889 -1.31037 2.36434 -9.65833 -3.51438 5.18761 0.753193 -3.48905 1.99716 -4.65528 -7.28855 -4.47937 -0.960584 -1.28825 -0.889836 0.508332
58.71 -4.13666 -7.35713 -5.9021 -2.86889 -1.38854 -1.43182 -2.30464 -8.00881 -7.24943 -3.07899 -2.54657 -0.677016 -1.08744 -5.70233 -8.21956 -7.58572 -0.396247 2.63663 0.586841 -2.69889 -9.05031 -1.75391 -11.0559 0.880158 8.99326 2.99244 -5.01185 -7.87467 1.76125 -11.3396 -0.46914 10.7687 2.62836 -5.70494 -1.85702 2.79955 -10.0118 -3.02983 6.06208 1.08425 -4.05992 1.61945 -3.95231 -7.33886 -4.75456 -0.494574 -1.25723 -0.86286 1.20517
58.76 -3.59581 -7.42112 -6.00697 -2.29946 -1.35904 -1.55759 -1.66315 -7.54678 -7.25165 -3.38239 -2.87566 -0.796039 -1.11294 -5.12254 -8.58463 -7.44727 -0.873931 1.69483 0.349399 -2.29433 -8.6989 -2.79098 -10.5793 1.01887 8.37241 2.74453 -4.84931 -8.49547 1.3789 -11.4285 -0.22912 11.0707 2.78017 -5.64069 -2.46876 2.98691 -10.315 -2.55084 6.90656 1.37686 -4.59214 1.17204 -3.19208 -7.43624 -4.97987 -0.0454863 -1.18454 -0.861884 1.77826
58.81 -2.98924 -7.52634 -6.03274 -1.65923 -1.28412 -1.69078 -1.04641 -7.06199 -7.2561 -3.65287 -3.05808 -0.902742 -1.1688 -4.51322 -8.80256 -7.35835 -1.33592 0.818721 0.137201 -1.92412 -8.28265 -3.99368 -9.93502 1.1108 7.68446 2.38751 -4.64903 -8.97558 0.983075 -11.492 -0.0244983 11.2041 2.91218 -5.54862 -3.19018 2.98182 -10.5757 -2.08474 7.71302 1.63812 -5.05557 0.688033 -2.25944 -7.62699 -5.11253 0.390143 -1.03967 -0.898774 2.21367
58.86 -2.23638 -7.70713 -5.95459 -0.949281 -1.14004 -1.83937 -0.483564 -6.5763 -7.26216 -3.89006 -3.06612 -0.996012 -1.24415 -3.84431 -8.86526 -7.30389 -1.77551 0.0147744 -0.0535459 -1.60421 -7.82435 -5.11308 -9.26738 1.1086 6.8798 1.99359 -4.39046 -9.30045 0.569861 -11.5257 0.156268 11.1108 3.01928 -5.43784 -4.04017 2.84516 -10.7987 -1.64269 8.46932 1.8742 -5.42796 0.189124 -0.93811 -7.99753 -5.08069 0.815322 -0.765669 -1.00439 2.49804
58.91 -1.21381 -8.02162 -5.72474 -0.157775 -0.887332 -2.02337 -0.00205993 -6.10281 -7.26984 -4.09721 -2.87685 -1.07395 -1.33251 -3.07858 -8.77429 -7.27231 -2.19202 -0.712556 -0.22608 -1.35008 -7.34231 -6.05795 -8.68482 0.967373 5.94039 1.61364 -4.06791 -9.46315 0.126727 -11.5211 0.32433 10.7759 3.0934 -5.31582 -4.98485 2.6309 -10.9861 -1.23821 9.16307 2.08967 -5.6886 -0.313414 0.784271 -8.55343 -4.81477 1.23297 -0.352507 -1.23956 2.60888
58.96 0.0875948 -8.48943 -5.28959 0.714163 -0.509645 -2.28164 0.362675 -5.64681 -7.27979 -4.28206 -2.49905 -1.13418 -1.43042 -2.19405 -8.5445 -7.25556 -2.58528 -1.359 -0.382979 -1.17288 -6.84962 -6.85215 -8.22587 0.676874 4.91348 1.26495 -3.69032 -9.46735 -0.370603 -11.4623 0.48775 10.2743 3.12323 -5.18846 -5.94171 2.3725 -11.1403 -0.881632 9.78287 2.28765 -5.82998 -0.817673 2.40534 -9.10983 -4.37056 1.64349 0.0816887 -1.64424 2.53495
59.01 1.3523 -8.9972 -4.66719 1.62979 -0.0802527 -2.64809 0.573868 -5.20594 -7.29338 -4.45633 -1.99203 -1.17449 -1.53583 -1.23047 -8.2034 -7.24834 -2.95261 -1.91895 -0.526157 -1.07349 -6.35373 -7.52 -7.88867 0.271679 3.86806 0.951382 -3.27676 -9.3272 -0.967093 -11.3204 0.649842 9.70002 3.09197 -5.05877 -6.83259 2.08502 -11.2656 -0.57667 10.3174 2.46994 -5.87209 -1.33131 3.63876 -9.58634 -3.86311 2.04601 0.466688 -2.18523 2.30184
59.06 2.31524 -9.45079 -3.9369 2.53945 0.325641 -3.11023 0.619281 -4.77126 -7.31297 -4.63018 -1.42452 -1.19328 -1.64691 -0.279174 -7.78602 -7.24723 -3.289 -2.38429 -0.656876 -1.04137 -5.85621 -8.06548 -7.65255 -0.193639 2.85029 0.671892 -2.85105 -9.06533 -1.74191 -11.044 0.807731 9.09786 2.97182 -4.92448 -7.61675 1.77505 -11.3657 -0.320757 10.752 2.63713 -5.84538 -1.87427 4.44927 -9.99232 -3.34983 2.44346 0.795259 -2.79673 1.95392
59.11 2.89564 -9.83804 -3.14275 3.41637 0.68563 -3.62186 0.514631 -4.33 -7.34246 -4.80553 -0.823643 -1.18869 -1.76182 0.581513 -7.32704 -7.25003 -3.58926 -2.74365 -0.775754 -1.05983 -5.35268 -8.48042 -7.4932 -0.673511 1.885 0.423258 -2.4363 -8.70903 -2.77804 -10.5715 0.948974 8.46529 2.7293 -4.774 -8.27542 1.44663 -11.443 -0.106928 11.0619 2.78856 -5.77411 -2.48302 4.86007 -10.3444 -2.84596 2.84304 1.07497 -3.42011 1.53439
59.16 3.06909 -10.1689 -2.2859 4.25421 1.00032 -4.13458 0.289469 -3.86525 -7.3883 -4.97434 -0.178906 -1.15705 -1.87957 1.30086 -6.85415 -7.25545 -3.85037 -2.98199 -0.882756 -1.1124 -4.83293 -8.75219 -7.3897 -1.14163 0.985894 0.201493 -2.05249 -8.28587 -3.98233 -9.92958 1.04426 7.76773 2.37646 -4.58495 -8.79286 1.10224 -11.4981 0.0748451 11.2029 2.92203 -5.67373 -3.20236 4.91838 -10.6545 -2.35496 3.2516 1.31519 -4.01593 1.07699
59.21 2.89692 -10.4528 -1.37909 5.05044 1.276 -4.61206 -0.0249312 -3.35077 -7.46177 -5.11969 0.528837 -1.0909 -2.00151 1.84816 -6.38541 -7.2629 -4.07243 -3.0806 -0.977169 -1.18655 -4.28105 -8.86993 -7.32519 -1.58758 0.160815 0.00267001 -1.71779 -7.82027 -5.10489 -9.2626 1.04592 6.95644 1.9856 -4.33642 -9.15434 0.740539 -11.5294 0.236375 11.1179 3.03341 -5.55396 -4.05137 4.69579 -10.9305 -1.88341 3.6692 1.52417 -4.56171 0.604491
59.26 2.56128 -10.6963 -0.485342 5.79805 1.51924 -5.03109 -0.401935 -2.73982 -7.58397 -5.21574 1.30659 -0.975859 -2.13343 2.21685 -5.93006 -7.27238 -4.25841 -3.01956 -1.05757 -1.27439 -3.67664 -8.83088 -7.28674 -2.00977 -0.585234 -0.176654 -1.44921 -7.33151 -6.05224 -8.68009 0.908544 6.01352 1.60813 -4.0228 -9.35289 0.354517 -11.5322 0.388755 10.794 3.11634 -5.42213 -4.99584 4.28229 -11.1777 -1.44357 4.08692 1.70844 -5.04652 0.129787
59.31 2.23295 -10.9034 0.324543 6.48576 1.73556 -5.37732 -0.821829 -1.94802 -7.7952 -5.22361 2.15084 -0.785101 -2.28964 2.42309 -5.49085 -7.28458 -4.41353 -2.78739 -1.12185 -1.37169 -2.99937 -8.64477 -7.26527 -2.40895 -1.24779 -0.339275 -1.25882 -6.83296 -6.84758 -8.22096 0.621483 4.98564 1.26155 -3.65326 -9.39165 -0.0700163 -11.4969 0.539954 10.308 3.16276 -5.28454 -5.95323 3.76759 -11.3998 -1.04833 4.49033 1.87272 -5.4673 -0.342499
59.36 1.97169 -11.0773 1.01837 7.10014 1.92947 -5.63966 -1.27228 -0.875077 -8.15049 -5.08877 3.04859 -0.482366 -2.50054 2.48371 -5.06586 -7.30088 -4.54516 -2.39758 -1.16749 -1.47631 -2.23719 -8.33477 -7.25478 -2.7841 -1.82108 -0.487308 -1.14791 -6.33201 -7.51522 -7.88331 0.219009 3.94043 0.949779 -3.24688 -9.28375 -0.55909 -11.4057 0.693545 9.75663 3.16211 -5.14598 -6.84622 3.2224 -11.599 -0.705294 4.86397 2.02018 -5.82635 -0.815063
59.41 1.76383 -11.2205 1.59564 7.62568 2.10444 -5.80797 -1.74828 0.385105 -8.63184 -4.77631 3.97206 -0.0777334 -2.81044 2.39906 -4.64887 -7.32362 -4.66334 -1.89299 -1.19187 -1.58687 -1.39985 -7.93398 -7.25133 -3.13141 -2.29676 -0.622186 -1.10608 -5.8303 -8.05935 -7.64626 -0.244715 2.9227 0.671797 -2.82713 -9.05056 -1.16057 -11.2264 0.848138 9.18961 3.09743 -5.00791 -7.63599 2.69147 -11.7765 -0.415143 5.19243 2.1526 -6.12911 -1.29857
59.46 1.5737 -11.3362 2.06888 8.04322 2.26259 -5.88234 -2.25212 1.50752 -9.11864 -4.33421 4.88853 0.346471 -3.23419 2.17076 -4.22749 -7.35653 -4.77842 -1.32205 -1.19225 -1.70217 -0.537468 -7.47851 -7.25239 -3.44577 -2.66332 -0.744673 -1.11665 -5.32365 -8.47233 -7.48521 -0.724746 1.95639 0.424403 -2.41618 -8.71823 -1.95354 -10.9059 0.996409 8.61433 2.94056 -4.86584 -8.30769 2.1973 -11.9321 -0.173078 5.45796 2.27059 -6.3822 -1.81469
59.51 1.36983 -11.4277 2.45376 8.32823 2.4045 -5.87977 -2.79322 2.33207 -9.54656 -3.84213 5.77758 0.735736 -3.73144 1.82365 -3.78201 -7.40589 -4.8934 -0.709599 -1.16477 -1.82153 0.28139 -6.99981 -7.25638 -3.72321 -2.90581 -0.854857 -1.16319 -4.80176 -8.74276 -7.37941 -1.19547 1.05478 0.203638 -2.03183 -8.31383 -2.99462 -10.3947 1.12127 8.01246 2.66461 -4.70547 -8.85101 1.74742 -12.0652 0.0292271 5.63428 2.37369 -6.59221 -2.39893
59.56 1.13362 -11.497 2.76526 8.45153 2.52911 -5.82307 -3.38664 2.85908 -9.91266 -3.34328 6.63276 1.07967 -4.24287 1.39538 -3.28295 -7.48296 -4.99825 -0.0518523 -1.10224 -1.94611 1.00569 -6.52023 -7.26254 -3.96251 -3.00589 -0.952135 -1.23316 -4.24831 -8.86127 -7.313 -1.64658 0.22564 0.00559826 -1.68843 -7.86196 -4.14827 -9.74621 1.18849 7.34585 2.29571 -4.50317 -9.25172 1.33974 -12.1743 0.202566 5.67778 2.46033 -6.76488 -3.08871
59.61 0.857185 -11.5439 3.01647 8.38829 2.63374 -5.73009 -4.04624 3.12446 -10.2266 -2.8505 7.4503 1.383 -4.72014 0.920626 -2.68154 -7.6092 -5.06851 0.670262 -0.990356 -2.08121 1.60468 -6.0525 -7.27074 -4.16549 -2.94449 -1.03519 -1.31851 -3.64248 -8.82574 -7.27366 -2.07573 -0.526051 -0.173139 -1.39993 -7.38265 -5.19258 -9.10093 1.14886 6.56671 1.90353 -4.23992 -9.49648 0.965093 -12.2574 0.358944 5.53188 2.52771 -6.90477 -3.89611
59.66 0.537298 -11.5654 3.21827 8.14004 2.71418 -5.61189 -4.76982 3.17141 -10.4969 -2.36737 8.22241 1.65309 -5.13126 0.424423 -1.89351 -7.8253 -5.06305 1.4732 -0.801969 -2.2406 2.05793 -5.60159 -7.28153 -4.33661 -2.71166 -1.10204 -1.41465 -2.96405 -8.64605 -7.25206 -2.48242 -1.1959 -0.335357 -1.18007 -6.89029 -6.06932 -8.55042 0.963307 5.65321 1.5304 -3.91262 -9.5809 0.609237 -12.3114 0.509187 5.17421 2.57178 -7.01506 -4.79321
59.71 0.169143 -11.5552 3.37947 7.75037 2.76481 -5.47511 -5.52831 3.05102 -10.7291 -1.9005 8.93838 1.89642 -5.45514 -0.0785743 -0.826129 -8.18433 -4.92448 2.35308 -0.501683 -2.45406 2.34549 -5.16685 -7.29619 -4.48292 -2.32292 -1.15032 -1.51894 -2.20182 -8.3456 -7.24188 -2.86426 -1.77831 -0.483167 -1.03738 -6.39344 -6.80788 -8.12322 0.633192 4.6445 1.18993 -3.53252 -9.51201 0.254167 -12.3319 0.660898 4.66569 2.58805 -7.09756 -5.70962
59.76 -0.26009 -11.5009 3.50686 7.28277 2.77805 -5.32455 -6.27875 2.81722 -10.9267 -1.46205 9.5872 2.11783 -5.6775 -0.583074 0.412481 -8.66345 -4.61747 3.28058 -0.102458 -2.76433 2.44507 -4.74269 -7.31691 -4.61438 -1.8223 -1.17761 -1.6294 -1.36736 -7.95762 -7.239 -3.21616 -2.26526 -0.618015 -0.96956 -5.89488 -7.43052 -7.81203 0.20102 3.60995 0.884481 -3.11995 -9.30749 -0.123352 -12.3108 0.817625 4.10221 2.57196 -7.15274 -6.57039
59.81 -0.78004 -11.3799 3.60508 6.78408 2.74191 -5.16359 -6.98626 2.51449 -11.093 -1.06487 10.1578 2.32053 -5.79786 -1.09276 1.5029 -9.1448 -4.18811 4.21712 0.31482 -3.18503 2.35186 -4.31731 -7.34717 -4.74137 -1.25787 -1.18145 -1.7442 -0.511881 -7.51757 -7.24085 -3.53221 -2.64567 -0.740692 -0.964073 -5.3915 -7.93787 -7.59431 -0.279125 2.6014 0.612324 -2.69817 -8.99263 -0.557628 -12.2338 0.979042 3.54443 2.51698 -7.17943 -7.33288
59.86 -1.45081 -11.1512 3.67582 6.2726 2.63518 -4.99188 -7.62918 2.17194 -11.2318 -0.716573 10.6373 2.50628 -5.83385 -1.62196 2.29497 -9.56805 -3.71094 5.13628 0.698186 -3.67777 2.09425 -3.87203 -7.39276 -4.86726 -0.653827 -1.15837 -1.86214 0.297133 -7.05547 -7.24582 -3.80831 -2.90512 -0.851344 -1.00407 -4.8741 -8.31899 -7.44603 -0.766961 1.64717 0.370003 -2.28771 -8.59578 -1.1081 -12.0725 1.14173 3.01388 2.41016 -7.17315 -7.97992
59.91 -2.36232 -10.7531 3.71493 5.74256 2.4257 -4.80016 -8.19123 1.80599 -11.3456 -0.417132 11.0057 2.67544 -5.80916 -2.19992 2.79222 -9.9307 -3.22621 6.02719 1.03757 -4.18614 1.71822 -3.37949 -7.46395 -4.98314 -0.00647576 -1.10189 -1.98388 1.01022 -6.59202 -7.25304 -4.04367 -3.02585 -0.949456 -1.07435 -4.32736 -8.56041 -7.3477 -1.24182 0.761809 0.153554 -1.90328 -8.14394 -1.88423 -11.7723 1.29973 2.51183 2.22532 -7.12189 -8.50161
59.96 -3.51589 -10.1632 3.7048 5.16656 2.1018 -4.56548 -8.65209 1.42486 -11.4354 -0.159571 11.2277 2.82687 -5.74307 -2.87051 3.0337 -10.2421 -2.74681 6.88377 1.33736 -4.6636 1.26848 -2.79502 -7.58008 -5.0666 0.702862 -0.999137 -2.11405 1.59824 -6.1388 -7.26226 -4.24078 -2.98878 -1.03383 -1.1641 -3.73114 -8.65176 -7.28553 -1.69678 -0.0471206 -0.0408126 -1.55377 -7.65974 -3.02224 -11.261 1.44323 2.03098 1.92845 -6.99753 -8.88242
60.01 -4.69196 -9.49115 3.60588 4.49877 1.72003 -4.26196 -8.98806 1.03018 -11.5001 0.0680645 11.2476 2.95749 -5.64852 -3.66811 3.06668 -10.5105 -2.27795 7.69745 1.60462 -5.07885 0.779762 -2.04039 -7.77834 -5.07965 1.49136 -0.825221 -2.26505 2.04297 -5.70046 -7.27377 -4.40476 -2.78218 -1.10266 -1.26682 -3.06492 -8.58938 -7.25005 -2.13036 -0.774891 -0.216362 -1.24458 -7.16006 -4.43246 -10.5676 1.55345 1.56129 1.54132 -6.75607 -9.09802
60.06 -5.72129 -8.87175 3.36687 3.70323 1.34554 -3.8849 -9.18504 0.616781 -11.5357 0.278725 11.0234 3.06184 -5.53427 -4.58419 2.94513 -10.7412 -1.82785 8.45758 1.84567 -5.41098 0.274976 -1.01491 -8.1134 -4.96688 2.35765 -0.543807 -2.46423 2.32768 -5.27686 -7.28849 -4.54308 -2.41773 -1.1537 -1.37886 -2.31574 -8.38065 -7.23348 -2.54077 -1.41685 -0.375706 -0.980946 -6.65564 -5.78802 -9.84753 1.59875 1.09434 1.14909 -6.37568 -9.13424
60.11 -6.60084 -8.36735 2.95824 2.80371 1.00404 -3.45299 -9.24453 0.172372 -11.5341 0.481898 10.5953 3.1322 -5.40722 -5.55433 2.72243 -10.9376 -1.409 9.15371 2.06528 -5.64482 -0.233736 0.22199 -8.58218 -4.68466 3.27494 -0.155031 -2.75468 2.43196 -4.86382 -7.30812 -4.66604 -1.93703 -1.18472 -1.49783 -1.49018 -8.04851 -7.2292 -2.92376 -1.9665 -0.520764 -0.770114 -6.15132 -6.93391 -9.20124 1.54051 0.623997 0.798002 -5.88155 -9.00324
60.16 -7.36458 -7.98834 2.39937 1.87197 0.700003 -2.99546 -9.18022 -0.325866 -11.4799 0.681571 10.0649 3.15848 -5.27315 -6.49263 2.43871 -11.1027 -1.03322 9.77616 2.2667 -5.77683 -0.743747 1.35559 -9.07077 -4.26718 4.20492 0.264571 -3.15794 2.34777 -4.45183 -7.33544 -4.78511 -1.39038 -1.19361 -1.62166 -0.633126 -7.62875 -7.23245 -3.27307 -2.41432 -0.652767 -0.620479 -5.64614 -7.86256 -8.66585 1.35051 0.144638 0.495047 -5.32191 -8.7353
60.21 -8.03062 -7.71861 1.74768 0.9671 0.431123 -2.54111 -9.01257 -0.920657 -11.3446 0.876332 9.50488 3.12516 -5.13566 -7.34523 2.11733 -11.2401 -0.706973 10.3147 2.4518 -5.82205 -1.26194 2.19844 -9.50495 -3.79161 5.11947 0.654539 -3.64174 2.09912 -4.02521 -7.37516 -4.90606 -0.80733 -1.17762 -1.74857 0.187741 -7.1601 -7.24025 -3.58276 -2.74719 -0.77224 -0.537278 -5.1331 -8.59925 -8.24971 1.03192 -0.347917 0.235092 -4.74317 -8.36649
60.26 -8.60209 -7.5336 1.06536 0.11916 0.193097 -2.11205 -8.76403 -1.68905 -11.0777 1.05972 8.93705 3.00536 -4.9935 -8.09187 1.77046 -11.3525 -0.430119 10.7555 2.62114 -5.80393 -1.80727 2.74086 -9.87731 -3.3046 6.0066 1.00049 -4.14967 1.7301 -3.56142 -7.43545 -5.02305 -0.188704 -1.13182 -1.87802 0.919569 -6.6746 -7.25104 -3.8495 -2.94814 -0.878987 -0.517972 -4.59907 -9.16811 -7.94224 0.620899 -0.851928 0.0106189 -4.18031 -7.93059
60.31 -9.07205 -7.41081 0.397148 -0.659202 -0.0186515 -1.7225 -8.45562 -2.71763 -10.6157 1.21806 8.3491 2.76473 -4.83637 -8.72385 1.40463 -11.4409 -0.197265 11.0746 2.77391 -5.74255 -2.4152 3.01997 -10.1969 -2.82194 6.86031 1.3058 -4.63321 1.28517 -3.025 -7.53133 -5.11765 0.482758 -1.04638 -2.01245 1.53108 -6.19327 -7.26431 -4.07353 -2.99704 -0.97205 -0.552052 -4.02522 -9.58501 -7.72272 0.165166 -1.35613 -0.185397 -3.65642 -7.45511
60.36 -9.42458 -7.33275 -0.234667 -1.36303 -0.208268 -1.3817 -8.10529 -3.92576 -9.97768 1.32333 7.70331 2.41151 -4.64272 -9.22961 1.02252 -11.5043 0.000806345 11.2286 2.90762 -5.65155 -3.13079 3.08242 -10.4725 -2.34907 7.67246 1.5775 -5.05981 0.79949 -2.35357 -7.6917 -5.15802 1.22816 -0.901915 -2.16031 2.00415 -5.72671 -7.28037 -4.2583 -2.87554 -1.0497 -0.625334 -3.38955 -9.85713 -7.56914 -0.297108 -1.84154 -0.358638 -3.18457 -6.95991
60.41 -9.63614 -7.28576 -0.826691 -1.99009 -0.379205 -1.09852 -7.72731 -5.06076 -9.30673 1.3302 6.94752 2.01749 -4.39121 -9.59469 0.621188 -11.5393 0.175649 11.1586 3.01745 -5.54006 -3.97571 2.98233 -10.71 -1.89352 8.43253 1.82212 -5.40891 0.296739 -1.44761 -7.96688 -5.0955 2.05648 -0.664975 -2.34185 2.32491 -5.27755 -7.30024 -4.40981 -2.58067 -1.10954 -0.724798 -2.67352 -9.98522 -7.46286 -0.744452 -2.28658 -0.51334 -2.76968 -6.45725
60.46 -9.68054 -7.25929 -1.38868 -2.53859 -0.534187 -0.883442 -7.33235 -6.02035 -8.7168 1.19455 6.05594 1.63639 -4.07533 -9.80898 0.189956 -11.5381 0.338463 10.8442 3.09577 -5.41507 -4.91991 2.7756 -10.9131 -1.46744 9.13011 2.04469 -5.66555 -0.210127 -0.268999 -8.39128 -4.87531 2.95148 -0.311855 -2.59542 2.47601 -4.84251 -7.32573 -4.53679 -2.13957 -1.14883 -0.841258 -1.87278 -9.96721 -7.38973 -1.16937 -2.67033 -0.652461 -2.41085 -5.95229
60.51 -9.53616 -7.24597 -1.93683 -3.00651 -0.675265 -0.744809 -6.92775 -6.82805 -8.24973 0.905386 5.06691 1.28668 -3.70358 -9.86923 -0.292555 -11.4865 0.497426 10.3558 3.13192 -5.28238 -5.88269 2.5062 -11.0843 -1.08327 9.75558 2.24868 -5.82159 -0.717716 0.940212 -8.88457 -4.49768 3.8762 0.105878 -2.95725 2.4426 -4.41208 -7.35968 -4.65034 -1.6014 -1.16472 -0.969789 -1.01639 -9.80193 -7.33958 -1.57273 -2.97317 -0.777913 -2.10381 -5.44357
60.56 -9.19566 -7.24094 -2.48617 -3.39207 -0.803909 -0.682247 -6.5178 -7.51141 -7.90535 0.497069 4.04415 0.972395 -3.2947 -9.77928 -0.866455 -11.3582 0.65609 9.79056 3.11043 -5.14579 -6.7839 2.19917 -11.227 -0.748472 10.2988 2.43621 -5.88559 -1.23207 1.9075 -9.34185 -4.03456 4.79513 0.510879 -3.4151 2.23641 -3.96897 -7.40687 -4.75874 -1.00583 -1.15379 -1.10905 -0.169547 -9.49242 -7.3053 -1.95887 -3.17581 -0.890757 -1.84292 -4.92306
60.61 -8.67895 -7.24108 -3.04201 -3.69409 -0.921093 -0.684639 -6.10385 -8.07736 -7.66354 0.0258358 3.03103 0.692355 -2.87227 -9.55015 -1.6044 -11.1058 0.812166 9.19787 3.00569 -5.00469 -7.58112 1.86621 -11.3441 -0.463786 10.7464 2.60812 -5.87946 -1.77087 2.57161 -9.7364 -3.54793 5.68961 0.874015 -3.91664 1.89612 -3.48684 -7.47595 -4.85968 -0.362969 -1.11031 -1.26066 0.60521 -9.04857 -7.28199 -2.33208 -3.25813 -0.991335 -1.62241 -4.37625
60.66 -8.04036 -7.24441 -3.59369 -3.9117 -1.02734 -0.734724 -5.68437 -8.51995 -7.49988 -0.460109 2.05293 0.443137 -2.45908 -9.20037 -2.59618 -10.6656 0.954794 8.57926 2.78316 -4.85 -8.25609 1.51309 -11.4373 -0.22435 11.0757 2.76393 -5.82514 -2.36785 2.95823 -10.0742 -3.06287 6.55242 1.19431 -4.40773 1.4671 -2.92427 -7.58359 -4.93664 0.339849 -1.0231 -1.42948 1.26755 -8.48922 -7.26638 -2.69448 -3.20014 -1.07935 -1.43703 -3.78354
60.71 -7.35344 -7.24989 -4.11812 -4.04288 -1.12271 -0.81542 -5.25478 -8.82779 -7.3932 -0.932222 1.12794 0.220578 -2.0746 -8.75544 -3.78922 -10.0418 1.05777 7.90373 2.44327 -4.66129 -8.79447 1.14267 -11.5065 -0.0212467 11.2458 2.90155 -5.73832 -3.06823 3.10819 -10.3646 -2.58614 7.37674 1.47818 -4.84864 0.987904 -2.21017 -7.76272 -4.95675 1.11953 -0.870108 -1.62592 1.79263 -7.84246 -7.2564 -3.04554 -2.98966 -1.15395 -1.28237 -3.12477
60.76 -6.67941 -7.2573 -4.59218 -4.08263 -1.2067 -0.913629 -4.80724 -8.98959 -7.32654 -1.37888 0.269635 0.0206569 -1.73622 -8.24468 -4.9354 -9.36891 1.0757 7.12232 2.05358 -4.41656 -9.18165 0.753442 -11.549 0.15702 11.1986 3.01679 -5.62904 -3.8978 3.06874 -10.6144 -2.12259 8.15281 1.73257 -5.21284 0.48585 -1.24202 -8.06742 -4.8681 1.97735 -0.615686 -1.87217 2.16019 -7.14266 -7.25108 -3.3834 -2.63815 -1.21394 -1.15491 -2.38689
60.81 -6.04918 -7.26728 -5.00189 -4.02161 -1.2781 -1.02113 -4.3308 -8.9998 -7.28672 -1.7986 -0.512648 -0.160095 -1.46071 -7.69581 -5.90966 -8.76854 0.960723 6.20784 1.67202 -4.10757 -9.40946 0.33733 -11.5589 0.321938 10.9076 3.10288 -5.50436 -4.8322 2.89199 -10.8277 -1.68189 8.86985 1.9631 -5.48156 -0.0228509 -0.0274491 -8.51661 -4.61916 2.88921 -0.246311 -2.20682 2.34688 -6.42363 -7.2506 -3.708 -2.18864 -1.25807 -1.05195 -1.57266
60.86 -5.46755 -7.2814 -5.34278 -3.84692 -1.33482 -1.13375 -3.81291 -8.86316 -7.26441 -2.19358 -1.21201 -0.324465 -1.26106 -7.1303 -6.7271 -8.28883 0.694961 5.19708 1.31992 -3.74136 -9.47929 -0.122563 -11.5246 0.482259 10.4352 3.15048 -5.37006 -5.79418 2.62554 -11.0081 -1.2768 9.51772 2.17377 -5.64689 -0.53185 1.14196 -9.00973 -4.22535 3.81716 0.171619 -2.65676 2.33761 -5.70951 -7.2567 -4.02262 -1.69729 -1.28507 -0.971432 -0.717898
60.91 -4.92439 -7.30235 -5.6157 -3.54759 -1.37375 -1.24991 -3.24446 -8.59637 -7.25338 -2.56527 -1.82125 -0.474555 -1.14055 -6.56117 -7.41491 -7.93286 0.306499 4.15824 1.00253 -3.33566 -9.40214 -0.658204 -11.4248 0.64238 9.88029 3.14663 -5.23068 -6.70124 2.30425 -11.1594 -0.917545 10.0867 2.3671 -5.71987 -1.044 2.03183 -9.45571 -3.76027 4.73136 0.56776 -3.19701 2.149 -5.00895 -7.27351 -4.32869 -1.20527 -1.2929 -0.912064 0.112956
60.96 -4.40185 -7.33444 -5.82254 -3.125 -1.39049 -1.36939 -2.6288 -8.22672 -7.24952 -2.91241 -2.33036 -0.61179 -1.09049 -5.99257 -7.97998 -7.68171 -0.151266 3.14001 0.719356 -2.91358 -9.19713 -1.32934 -11.2203 0.801397 9.29789 3.0701 -5.08757 -7.50769 1.95005 -11.2849 -0.608163 10.565 2.54423 -5.72304 -1.57261 2.61184 -9.83859 -3.27638 5.61993 0.920798 -3.77144 1.82306 -4.31351 -7.30906 -4.61866 -0.729664 -1.27711 -0.873736 0.864358
61.01 -3.87555 -7.38481 -5.96291 -2.59837 -1.37879 -1.4927 -1.98766 -7.78742 -7.25015 -3.23158 -2.72496 -0.736919 -1.09485 -5.41973 -8.4157 -7.51082 -0.63043 2.16842 0.467428 -2.49801 -8.88854 -2.22795 -10.849 0.951387 8.69525 2.8875 -4.93533 -8.19459 1.57541 -11.3862 -0.34638 10.9342 2.70497 -5.67747 -2.14552 2.91908 -10.1662 -2.7937 6.48031 1.23211 -4.32793 1.40632 -3.59158 -7.3787 -4.87343 -0.272381 -1.22813 -0.858662 1.5027
61.06 -3.30976 -7.46612 -6.03084 -1.99269 -1.32904 -1.62158 -1.35432 -7.31097 -7.25359 -3.51911 -2.98524 -0.849989 -1.13687 -4.8285 -8.71031 -7.39868 -1.10194 1.25772 0.242812 -2.1082 -8.50229 -3.37559 -10.2768 1.07218 8.04757 2.57933 -4.75744 -8.74863 1.18645 -11.463 -0.125065 11.1607 2.84754 -5.59829 -2.80606 3.0046 -10.4478 -2.31994 7.3075 1.50849 -4.82948 0.937554 -2.76742 -7.51365 -5.06014 0.169704 -1.12544 -0.873989 2.00968
61.11 -2.64448 -7.60265 -6.00983 -1.31929 -1.22409 -1.76084 -0.760774 -6.82357 -7.25887 -3.77313 -3.08558 -0.950292 -1.20335 -4.1943 -8.85298 -7.32827 -1.55329 0.416252 0.0415327 -1.76058 -8.06283 -4.56253 -9.60238 1.12454 7.30809 2.19508 -4.53042 -9.15434 0.78309 -11.5126 0.0663537 11.1897 2.96816 -5.49604 -3.59096 2.92738 -10.6896 -1.86398 8.09096 1.75673 -5.25089 0.444216 -1.67435 -7.78049 -5.12313 0.599838 -0.925306 -0.938828 2.37314
61.16 -1.77494 -7.84115 -5.86455 -0.57075 -1.03208 -1.92323 -0.234228 -6.34272 -7.26569 -3.99496 -2.99842 -1.03632 -1.28567 -3.48242 -8.83967 -7.2862 -1.98153 -0.350738 -0.139956 -1.47102 -7.5909 -5.59673 -8.96793 1.05844 6.43557 1.80431 -4.24025 -9.40016 0.357373 -11.5289 0.239623 10.9741 3.06028 -5.3789 -4.49526 2.74702 -10.895 -1.43874 8.81808 1.98222 -5.57084 -0.057277 -0.116542 -8.2575 -4.97983 1.02102 -0.574302 -1.09942 2.57554
61.21 -0.595144 -8.23699 -5.53805 0.262442 -0.714653 -2.13802 0.194904 -5.8776 -7.27436 -4.18994 -2.7122 -1.10588 -1.37903 -2.65827 -8.67821 -7.26267 -2.38682 -1.03911 -0.304574 -1.25364 -7.10232 -6.46355 -8.44416 0.842409 5.44441 1.43866 -3.88891 -9.48426 -0.108324 -11.5004 0.404645 10.5445 3.11435 -5.25367 -5.45745 2.50831 -11.0656 -1.05685 9.47693 2.18881 -5.77215 -0.560326 1.61967 -8.83521 -4.61109 1.43535 -0.13541 -1.41748 2.59483
61.26 0.736423 -8.74251 -5.00224 1.16232 -0.298939 -2.44768 0.487689 -5.42978 -7.28587 -4.36808 -2.26128 -1.15657 -1.48086 -1.72513 -8.38999 -7.2511 -2.76793 -1.6441 -0.454574 -1.11515 -6.60747 -7.19423 -8.04665 0.48939 4.40089 1.10708 -3.49092 -9.41554 -0.646833 -11.4056 0.567321 9.998 3.11687 -5.12506 -6.38944 2.2345 -11.2051 -0.725565 10.0564 2.37895 -5.8611 -1.06756 3.06336 -9.35351 -4.12455 1.8419 0.277782 -1.89651 2.43782
61.31 1.87037 -9.22874 -4.31765 2.08017 0.124459 -2.8657 0.616876 -4.99332 -7.30202 -4.54134 -1.71804 -1.18651 -1.5893 -0.75589 -8.00707 -7.24721 -3.12084 -2.15899 -0.591549 -1.05052 -6.11093 -7.80264 -7.762 0.048033 3.36485 0.810505 -3.06839 -9.21268 -1.31858 -11.2057 0.728161 9.40783 3.04634 -4.99387 -7.23119 1.93542 -11.3177 -0.445307 10.5442 2.55383 -5.86584 -1.59214 4.08832 -9.79314 -3.61058 2.24123 0.634539 -2.48041 2.14262
61.36 2.65072 -9.6489 -3.554 2.97539 0.508523 -3.35866 0.585319 -4.5572 -7.32584 -4.71639 -1.13376 -1.19415 -1.70249 0.158735 -7.56534 -7.24821 -3.44015 -2.57416 -0.716446 -1.04533 -5.61136 -8.28565 -7.56636 -0.428914 2.37053 0.546596 -2.64536 -8.90115 -2.21637 -10.8388 0.880268 8.79329 2.86933 -4.85384 -7.95578 1.61597 -11.4064 -0.211127 10.9217 2.71346 -5.81484 -2.16176 4.69832 -10.1709 -3.10126 2.6387 0.937972 -3.10392 1.75468
61.41 3.031 -10.007 -2.72973 3.83331 0.845612 -3.87628 0.417385 -4.10694 -7.36229 -4.89017 -0.514 -1.17695 -1.81884 0.955023 -7.09665 -7.25241 -3.7215 -2.87648 -0.829568 -1.08232 -5.10152 -8.6321 -7.4367 -0.905167 1.43636 0.311624 -2.24344 -8.50887 -3.36424 -10.2698 1.00394 8.13466 2.56592 -4.68762 -8.54733 1.27959 -11.4728 -0.0144365 11.1557 2.85646 -5.72781 -2.81982 4.92883 -10.5012 -2.60326 3.04212 1.19718 -3.71753 1.31305
61.46 3.0183 -10.3138 -1.84362 4.65121 1.14027 -4.37537 0.144619 -3.62205 -7.4198 -5.05017 0.159691 -1.12967 -1.93828 1.59237 -6.62408 -7.25885 -3.96335 -3.04903 -0.930553 -1.14671 -4.56836 -8.82943 -7.35416 -1.36301 0.572733 0.101557 -1.88147 -8.06222 -4.5538 -9.5967 1.05987 7.38687 2.1852 -4.47118 -8.98984 0.927216 -11.5166 0.155901 11.1922 2.97975 -5.61691 -3.60331 4.83896 -10.7937 -2.12057 3.45569 1.42115 -4.29078 0.846051
61.51 2.73942 -10.5773 -0.933144 5.42474 1.39925 -4.82638 -0.203502 -3.06812 -7.51354 -5.17531 0.901617 -1.042 -2.06402 2.05102 -6.16114 -7.26725 -4.1673 -3.07189 -1.01834 -1.22826 -3.99348 -8.87002 -7.30378 -1.79724 -0.214224 -0.0873284 -1.57721 -7.58327 -5.59081 -8.9626 0.997525 6.50913 1.79717 -4.19041 -9.27175 0.55485 -11.5348 0.311703 10.9858 3.07808 -5.49038 -4.50716 4.51098 -11.0551 -1.66284 3.87492 1.61731 -4.80747 0.371411
61.56 2.39278 -10.8025 -0.0738278 6.14448 1.62863 -5.21114 -0.603618 -2.38208 -7.6727 -5.23413 1.71267 -0.894253 -2.20528 2.33723 -5.71362 -7.27793 -4.33747 -2.92745 -1.09116 -1.32108 -3.35567 -8.75686 -7.27455 -2.20811 -0.920032 -0.258169 -1.346 -7.08844 -6.45932 -8.43889 0.785018 5.51573 1.43385 -3.84748 -9.39096 0.152284 -11.5205 0.462758 10.569 3.14422 -5.355 -5.46947 4.03748 -11.2896 -1.24349 4.28756 1.79128 -5.26087 -0.102221
61.61 2.09606 -10.9929 0.680568 6.79794 1.83344 -5.51759 -1.03964 -1.46092 -7.94866 -5.17945 2.58552 -0.652539 -2.38319 2.47085 -5.2818 -7.29191 -4.48008 -2.61446 -1.14667 -1.42214 -2.63746 -8.50642 -7.25906 -2.59583 -1.53979 -0.413428 -1.19519 -6.58815 -7.19034 -8.04121 0.434998 4.47198 1.10426 -3.45708 -9.35565 -0.299607 -11.4607 0.614976 10.0413 3.16913 -5.21649 -6.40254 3.5006 -11.5003 -0.873346 4.67828 1.94701 -5.65084 -0.573851
61.66 1.86504 -11.1514 1.31602 7.37079 2.01768 -5.7348 -1.50283 -0.262079 -8.37726 -4.9576 3.49996 -0.292584 -2.63739 2.46096 -4.86179 -7.31099 -4.60379 -2.162 -1.18224 -1.52981 -1.835 -8.14743 -7.25241 -2.95795 -2.06657 -0.554884 -1.12 -6.08699 -7.79783 -7.75602 -0.00419535 3.43623 0.809374 -3.04118 -9.18331 -0.835956 -11.3315 0.769557 9.47921 3.13981 -5.07828 -7.24771 2.95836 -11.6888 -0.556559 5.03173 2.08695 -5.98149 -1.04987
61.71 1.67056 -11.2806 1.84027 7.84598 2.18421 -5.85591 -1.99179 0.967345 -8.87557 -4.57114 4.42356 0.132211 -3.00498 2.30438 -4.44462 -7.33811 -4.71946 -1.6199 -1.19526 -1.64281 -0.976827 -7.71548 -7.25141 -3.28974 -2.49053 -0.683643 -1.10604 -5.58376 -8.27895 -7.55917 -0.480339 2.44155 0.546872 -2.62323 -8.89814 -1.51996 -11.0908 0.922419 8.90904 3.03411 -4.93933 -7.98078 2.44374 -11.8556 -0.290848 5.33187 2.21229 -6.25904 -1.54581
61.76 1.47695 -11.3841 2.26812 8.20185 2.33442 -5.88972 -2.51234 1.94984 -9.33617 -4.09642 5.32802 0.542575 -3.47199 2.01354 -4.01438 -7.37804 -4.83492 -1.02753 -1.18265 -1.76009 -0.127802 -7.2452 -7.25405 -3.58637 -2.79851 -0.800141 -1.13609 -5.07134 -8.6234 -7.42749 -0.957875 1.50573 0.313049 -2.22339 -8.52722 -2.43561 -10.6792 1.06223 8.32431 2.82029 -4.7908 -8.59099 1.97104 -12.0003 -0.069495 5.5578 2.32309 -6.49022 -2.0902
61.81 1.25884 -11.4646 2.61517 8.41118 2.46807 -5.85793 -3.07709 2.62519 -9.73281 -3.59805 6.20081 0.909551 -3.98329 1.6219 -3.54724 -7.43907 -4.94712 -0.394763 -1.13926 -1.88165 0.649753 -6.7639 -7.25916 -3.84508 -2.97383 -0.904129 -1.19537 -4.53641 -8.82013 -7.34274 -1.41961 0.638908 0.103897 -1.85743 -8.09675 -3.56297 -10.085 1.16433 7.6965 2.49082 -4.61296 -9.06631 1.5426 -12.1219 0.117134 5.6757 2.41839 -6.68125 -2.72256
61.86 1.00353 -11.5231 2.89554 8.44496 2.58331 -5.78165 -3.70187 3.0193 -10.0722 -3.10155 7.03821 1.23273 -4.483 1.16707 -3.00605 -7.53654 -5.03911 0.291776 -1.05505 -2.01031 1.31576 -6.28906 -7.26629 -4.06619 -2.99712 -0.994655 -1.27362 -3.96009 -8.86265 -7.29097 -1.86001 -0.1528 -0.0842832 -1.53918 -7.62929 -4.68178 -9.42169 1.18546 6.98021 2.10262 -4.38222 -9.39173 1.15264 -12.2185 0.280667 5.6329 2.49602 -6.83736 -3.47079
61.91 0.706207 -11.5581 3.12124 8.28806 2.67668 -5.67526 -4.39482 3.17204 -10.3639 -2.61302 7.83472 1.51889 -4.93107 0.679338 -2.32652 -7.7001 -5.07871 1.05223 -0.910157 -2.15476 1.84582 -5.82933 -7.27564 -4.25285 -2.85194 -1.07006 -1.36466 -3.32096 -8.75429 -7.2613 -2.27826 -0.864949 -0.25461 -1.2828 -7.14216 -5.64225 -8.81609 1.07712 6.13432 1.71682 -4.08692 -9.55767 0.789224 -12.2877 0.432852 5.381 2.55252 -6.96242 -4.3286
61.96 0.363644 -11.5652 3.30212 7.9627 2.7433 -5.54726 -5.14065 3.13037 -10.615 -2.13663 8.58072 1.77518 -5.30176 0.178575 -1.40835 -7.98089 -5.01573 1.89498 -0.670601 -2.33558 2.22085 -5.38671 -7.28812 -4.41076 -2.5389 -1.12813 -1.46504 -2.60202 -8.51166 -7.24594 -2.67324 -1.49275 -0.409538 -1.10032 -6.64691 -6.44697 -8.32529 0.817432 5.16584 1.35898 -3.7316 -9.56529 0.436253 -12.326 0.583115 4.93729 2.58351 -7.05894 -5.24561
62.01 -0.0320112 -11.5354 3.44598 7.52724 2.77673 -5.40318 -5.90044 2.94811 -10.8299 -1.68192 9.26516 2.00729 -5.57721 -0.325278 -0.221964 -8.41059 -4.79469 2.80294 -0.314361 -2.59146 2.41895 -4.9582 -7.30541 -4.54838 -2.08887 -1.16644 -1.57258 -1.80073 -8.16376 -7.23974 -3.04114 -2.02955 -0.55085 -0.995386 -6.14924 -7.12739 -7.95729 0.430405 4.13627 1.03573 -3.3327 -9.42707 0.0735561 -12.3274 0.7371 4.3912 2.58452 -7.12806 -6.14234
62.06 -0.500417 -11.4522 3.55861 7.04035 2.76771 -5.24722 -6.63326 2.676 -11.0117 -1.26225 9.87713 2.21924 -5.7485 -0.831273 0.979059 -8.90432 -4.41789 3.73928 0.10382 -2.95761 2.42276 -4.53534 -7.33026 -4.67656 -1.55207 -1.18258 -1.68537 -0.947465 -7.74599 -7.23944 -3.37613 -2.46585 -0.679668 -0.960149 -5.64909 -7.69436 -7.69509 -0.0315619 3.10967 0.746977 -2.91276 -9.16495 -0.326421 -12.2814 0.896384 3.82582 2.55043 -7.16956 -6.95818
62.11 -1.08422 -11.285 3.64338 6.53476 2.70044 -5.08142 -7.3112 2.35105 -11.1642 -0.888467 10.405 2.41352 -5.82466 -1.34792 1.92879 -9.35968 -3.95759 4.66947 0.507632 -3.4204 2.24399 -4.10298 -7.3671 -4.80326 -0.96712 -1.1738 -1.80176 -0.107 -7.29191 -7.24297 -3.67289 -2.78897 -0.79647 -0.979085 -5.14039 -8.14146 -7.51423 -0.519238 2.12529 0.489944 -2.4943 -8.80631 -0.80782 -12.1678 1.05901 3.28035 2.47229 -7.18096 -7.66535
62.16 -1.86189 -10.9814 3.69972 6.0163 2.5476 -4.90186 -7.91656 1.99557 -11.2905 -0.564497 10.8333 2.5912 -5.82816 -1.89623 2.57277 -9.75231 -3.47392 5.57561 0.86942 -3.92754 1.9225 -3.63874 -7.42354 -4.92615 -0.343576 -1.13546 -1.92127 0.659853 -6.82718 -7.24911 -3.92887 -2.98281 -0.901077 -1.03559 -4.61088 -8.45563 -7.39253 -1.00224 1.20359 0.260814 -2.09517 -8.37932 -1.45133 -11.9473 1.22032 2.76433 2.33153 -7.15487 -8.25224
62.21 -2.90653 -10.4846 3.71817 5.4686 2.27954 -4.69271 -8.43197 1.62156 -11.3926 -0.286752 11.1358 2.75194 -5.78123 -2.51373 2.93956 -10.0887 -2.99104 6.45059 1.1886 -4.4256 1.50537 -3.10838 -7.51348 -5.02979 0.33154 -1.05852 -2.04619 1.31454 -6.36781 -7.25731 -4.14496 -3.02842 -0.992643 -1.11647 -4.04259 -8.62437 -7.31333 -1.46768 0.355031 0.0556453 -1.72705 -7.90912 -2.3931 -11.5506 1.37283 2.27388 2.09478 -7.07262 -8.70744
62.26 -4.10432 -9.83467 3.67082 4.85398 1.91727 -4.42666 -8.8343 1.23401 -11.4704 -0.0454685 11.2666 2.89372 -5.69993 -3.24428 3.07279 -10.3782 -2.51608 7.28747 1.47162 -4.87574 1.03297 -2.45298 -7.66372 -5.08461 1.07834 -0.924982 -2.18428 1.83447 -5.92167 -7.26758 -4.32503 -2.90865 -1.06965 -1.21318 -3.41436 -8.6402 -7.26528 -1.91227 -0.414608 -0.12912 -1.39674 -7.41561 -3.70084 -10.9344 1.50315 1.79974 1.74456 -6.89621 -9.01029
62.31 -5.21653 -9.176 3.50931 4.12542 1.53352 -4.08601 -9.10295 0.831235 -11.5216 0.172411 11.1685 3.01233 -5.5948 -4.10443 3.02324 -10.6277 -2.05503 8.07633 1.72538 -5.25255 0.534223 -1.57558 -7.9226 -5.04365 1.90682 -0.702693 -2.35421 2.20329 -5.49083 -7.28051 -4.4753 -2.62119 -1.13004 -1.32082 -2.70829 -8.50419 -7.24 -2.33484 -1.10094 -0.296434 -1.10914 -6.91263 -5.11938 -10.2093 1.58617 1.33225 1.3453 -6.58621 -9.13805
62.36 -6.16818 -8.60903 3.18819 3.27162 1.17379 -3.67879 -9.2315 0.404724 -11.5404 0.378578 10.8334 3.10115 -5.47349 -5.05791 2.84614 -10.8413 -1.61854 8.80641 1.95545 -5.53806 0.0266031 -0.417694 -8.33232 -4.84958 2.80274 -0.363012 -2.59265 2.40222 -5.07323 -7.29737 -4.60459 -2.19323 -1.17153 -1.43653 -1.91885 -8.23106 -7.23019 -2.7325 -1.69858 -0.448571 -0.870369 -6.40802 -6.37834 -9.51811 1.58541 0.86435 0.970802 -6.14468 -9.08926
62.41 -6.98757 -8.16682 2.70053 2.3471 0.850649 -3.23048 -9.22807 -0.0622137 -11.5156 0.579919 10.3428 3.15144 -5.34237 -6.02194 2.58967 -11.022 -1.21951 9.46772 2.16586 -5.72131 -0.482514 0.808234 -8.82606 -4.49169 3.73084 0.0518695 -2.93912 2.41337 -4.66229 -7.32034 -4.72434 -1.67467 -1.19197 -1.55813 -1.0698 -7.85101 -7.23008 -3.09979 -2.19967 -0.587114 -0.688575 -5.90377 -7.41515 -8.92372 1.4645 0.390273 0.643582 -5.61211 -8.88669
62.46 -7.70233 -7.84417 2.08799 1.42315 0.564281 -2.77122 -9.11034 -0.600486 -11.4265 0.777699 9.79233 3.15108 -5.20639 -6.92244 2.28542 -11.1731 -0.867553 10.0506 2.35914 -5.80806 -0.995016 1.80763 -9.2916 -4.03728 4.65566 0.460948 -3.38841 2.2439 -4.24546 -7.35299 -4.84423 -1.10837 -1.18909 -1.68365 -0.222417 -7.40267 -7.23583 -3.43029 -2.59296 -0.712947 -0.571285 -5.39599 -8.24624 -8.44713 1.20866 -0.0952757 0.362617 -5.03794 -8.56476
62.51 -8.32237 -7.61899 1.41433 0.543785 0.311075 -2.32698 -8.90027 -1.26802 -11.2349 0.968069 9.22825 3.07976 -5.06722 -7.72453 1.95043 -11.298 -0.565818 10.5435 2.53655 -5.81941 -1.52317 2.49972 -9.69466 -3.5527 5.55764 0.829511 -3.891 1.93045 -3.804 -7.40147 -4.96472 -0.509202 -1.15932 -1.81173 0.559898 -6.9224 -7.24522 -3.71909 -2.86344 -0.826246 -0.520305 -4.87467 -8.89805 -8.08648 0.838869 -0.594227 0.121009 -4.46339 -8.15914
62.56 -8.8456 -7.46692 0.734733 -0.27103 0.0864602 -1.91588 -8.61992 -2.15707 -10.879 1.14162 8.65383 2.90442 -4.91978 -8.41615 1.59363 -11.3986 -0.311396 10.9288 2.69799 -5.77803 -2.09357 2.90766 -10.0399 -3.06691 6.42921 1.15473 -4.39203 1.51919 -3.31025 -7.47671 -5.07378 0.132632 -1.09575 -1.94304 1.23561 -6.43702 -7.25724 -3.96463 -2.99238 -0.926447 -0.528858 -4.32375 -9.39096 -7.82499 0.400208 -1.10032 -0.0887032 -3.91742 -7.70085
62.61 -9.26063 -7.36793 0.0828287 -1.01328 -0.113983 -1.54914 -8.28892 -3.30139 -10.3185 1.27874 8.04376 2.60248 -4.74795 -8.98818 1.21972 -11.4751 -0.0968765 11.1741 2.84187 -5.7008 -2.74896 3.07425 -10.337 -2.58841 7.26381 1.44268 -4.8508 1.05064 -2.71779 -7.59937 -5.14669 0.83811 -0.984604 -2.08246 1.78103 -5.96218 -7.2718 -4.1688 -2.95942 -1.01221 -0.583964 -3.72231 -9.73643 -7.64041 -0.0624795 -1.59795 -0.272929 -3.41798 -7.2137
62.66 -9.54744 -7.30659 -0.528986 -1.67975 -0.294075 -1.23528 -7.92346 -4.50071 -9.64503 1.34225 7.35052 2.21977 -4.52794 -9.42681 0.828976 -11.5253 0.0883519 11.2256 2.96467 -5.59883 -3.52783 3.04985 -10.5933 -2.12276 8.05181 1.70038 -5.2415 0.554351 -1.94498 -7.8087 -5.14374 1.62449 -0.799646 -2.24325 2.18121 -5.50422 -7.28955 -4.33634 -2.75154 -1.08145 -0.671513 -3.04895 -9.93807 -7.51208 -0.519123 -2.06625 -0.436632 -2.97388 -6.71376
62.71 -9.6804 -7.27075 -1.10454 -2.26859 -0.456908 -0.984061 -7.536 -5.5509 -9.00461 1.28368 6.52777 1.82809 -4.24478 -9.719 0.414868 -11.5438 0.256056 11.0332 3.06023 -5.47994 -4.42873 2.8909 -10.8136 -1.67998 8.78253 1.93366 -5.54691 0.0485923 -0.895429 -8.15835 -5.00923 2.48925 -0.505168 -2.45438 2.42125 -5.06276 -7.3119 -4.47453 -2.37957 -1.13156 -0.780191 -2.2904 -9.99478 -7.42356 -0.95575 -2.48375 -0.583392 -2.58686 -6.20974
62.76 -9.63451 -7.25146 -1.65762 -2.77789 -0.604869 -0.805713 -7.13557 -6.43166 -8.47266 1.07143 5.58058 1.46125 -3.89979 -9.85794 -0.0379261 -11.5203 0.416225 10.6206 3.11947 -5.35056 -5.39364 2.64914 -11.0007 -1.27312 9.44598 2.14677 -5.75439 -0.458475 0.342756 -8.63313 -4.70581 3.40397 -0.109183 -2.7588 2.48255 -4.63163 -7.3411 -4.59352 -1.88449 -1.15973 -0.902948 -1.45588 -9.90449 -7.36276 -1.36967 -2.83021 -0.715625 -2.25409 -5.70352
62.81 -9.39372 -7.24269 -2.20489 -3.2057 -0.739712 -0.705015 -6.72797 -7.17656 -8.06721 0.717588 4.568 1.12876 -3.50712 -9.84381 -0.558503 -11.4355 0.574923 10.0848 3.12982 -5.21571 -6.3341 2.3592 -11.1576 -0.912658 10.0326 2.34251 -5.86307 -0.967977 1.4526 -9.11655 -4.27614 4.32934 0.30907 -3.17276 2.36082 -4.19765 -7.38077 -4.70402 -1.31492 -1.16298 -1.03672 -0.595236 -9.66772 -7.32113 -1.76399 -3.08633 -0.834807 -1.97043 -5.19043
62.86 -8.96236 -7.2405 -2.75767 -3.55048 -0.862655 -0.676127 -6.31605 -7.80273 -7.77599 0.271489 3.54598 0.831522 -3.08861 -9.68396 -1.20121 -11.254 0.733031 9.50332 3.07164 -5.07742 -7.18771 2.03849 -11.2874 -0.602741 10.531 2.52236 -5.88968 -1.49119 2.27029 -9.54316 -3.79632 5.2376 0.694685 -3.6594 2.08315 -3.73938 -7.43725 -4.80989 -0.696683 -1.13704 -1.18167 0.222652 -9.29056 -7.29273 -2.14335 -3.23251 -0.941633 -1.73005 -4.6592
62.91 -8.37736 -7.24239 -3.31382 -3.81133 -0.974451 -0.704107 -5.89975 -8.30965 -7.57528 -0.21178 2.54739 0.567032 -2.66804 -9.39303 -2.05508 -10.9168 0.884623 8.89999 2.91316 -4.93153 -7.92692 1.69511 -11.3927 -0.341146 10.9244 2.68653 -5.85754 -2.05316 2.79352 -9.90865 -3.30896 6.11724 1.03619 -4.16177 1.69391 -3.22437 -7.52241 -4.90207 -0.0267358 -1.07401 -1.34086 0.946051 -8.7871 -7.27353 -2.51116 -3.24831 -1.03612 -1.52738 -4.09251
62.96 -7.70599 -7.24685 -3.85538 -3.98705 -1.0754 -0.771096 -5.47608 -8.68797 -7.44181 -0.693338 1.59326 0.331356 -2.26663 -8.99315 -3.16949 -10.3767 1.01238 8.25896 2.62814 -4.7633 -8.53706 1.33335 -11.4743 -0.120859 11.1823 2.83379 -5.78573 -2.69534 3.0585 -10.2222 -2.82753 6.96222 1.33771 -4.63225 1.23614 -2.59887 -7.65958 -4.9564 0.71222 -0.958208 -1.52139 1.5436 -8.18086 -7.26087 -2.86821 -3.11598 -1.11769 -1.35756 -3.46966
63.01 -7.01951 -7.25325 -4.35759 -4.07439 -1.16531 -0.861688 -5.03888 -8.92566 -7.35657 -1.15367 0.699443 0.120323 -1.90253 -8.51231 -4.36921 -9.70901 1.08024 7.53767 2.25404 -4.54929 -9.00311 0.954261 -11.5309 0.0685365 11.2532 2.96112 -5.68689 -3.4584 3.10915 -10.4919 -2.35641 7.76422 1.60631 -5.03826 0.743042 -1.77257 -7.89301 -4.9307 1.53167 -0.760267 -1.73843 1.99401 -7.50362 -7.25323 -3.213 -2.83281 -1.18528 -1.21663 -2.77298
63.06 -6.36495 -7.26178 -4.80123 -4.06629 -1.24334 -0.96519 -4.57874 -9.01356 -7.30442 -1.58699 -0.122663 -0.0698462 -1.59289 -7.97973 -5.4342 -9.06155 1.038 6.69086 1.86385 -4.27311 -9.31283 0.553316 -11.5584 0.238918 11.0848 3.06308 -5.56929 -4.34605 2.99581 -10.7234 -1.90256 8.51264 1.84838 -5.35752 0.236354 -0.66374 -8.27367 -4.76735 2.42037 -0.446403 -2.02269 2.27584 -6.79055 -7.25018 -3.54413 -2.42631 -1.23764 -1.10149 -1.99574
63.11 -5.75908 -7.27353 -5.17738 -3.95137 -1.30787 -1.07552 -4.08356 -8.95071 -7.27411 -1.99431 -0.865238 -0.242294 -1.35332 -7.42052 -6.3273 -8.51767 0.848524 5.72104 1.49544 -3.93447 -9.46262 0.118551 -11.5485 0.400708 10.6923 3.13162 -5.43923 -5.30553 2.76979 -10.9201 -1.47777 9.19696 2.06876 -5.57538 -0.272707 0.572732 -8.76097 -4.4397 3.34483 -0.0416744 -2.41345 2.36658 -6.07181 -7.25258 -3.86334 -1.94967 -1.27355 -1.00975 -1.15458
63.16 -5.19812 -7.29057 -5.48475 -3.71661 -1.35636 -1.18997 -3.54155 -8.74768 -7.25793 -2.37788 -1.52157 -0.39947 -1.19275 -6.85215 -7.07915 -8.09998 0.516818 4.68864 1.16016 -3.54626 -9.45867 -0.37317 -11.4856 0.560662 10.169 3.15596 -5.30201 -6.24888 2.47295 -11.0858 -1.09425 9.80736 2.27069 -5.69293 -0.7823 1.6183 -9.23652 -4.00186 4.26862 0.370908 -2.91382 2.26514 -5.36429 -7.26323 -4.17404 -1.45442 -1.2915 -0.93971 -0.303295
63.21 -4.66766 -7.31629 -5.72516 -3.35568 -1.38508 -1.30773 -2.94846 -8.42673 -7.2508 -2.7379 -2.08336 -0.543145 -1.10839 -6.2833 -7.70707 -7.79835 0.0875409 3.6555 0.859783 -3.12956 -9.31624 -0.965509 -11.3408 0.720701 9.59706 3.11988 -5.16095 -7.11014 2.13346 -11.2241 -0.759397 10.3336 2.45601 -5.72872 -1.30008 2.35335 -9.6511 -3.52345 5.17082 0.746524 -3.47814 2.00318 -4.66846 -7.28789 -4.47386 -0.969546 -1.28853 -0.89057 0.49409
63.26 -4.14686 -7.35618 -5.89979 -2.87897 -1.38884 -1.42898 -2.31659 -8.01878 -7.24941 -3.07188 -2.53862 -0.674416 -1.08713 -5.71378 -8.21011 -7.58948 -0.385572 2.65778 0.592369 -2.70802 -9.05739 -1.73633 -11.063 0.876833 9.00604 2.99594 -5.01465 -7.85967 1.76813 -11.3376 -0.474007 10.7614 2.62521 -5.7057 -1.84587 2.7937 -10.0056 -3.03887 6.04582 1.07837 -4.04937 1.62719 -3.96596 -7.33756 -4.74971 -0.503184 -1.25814 -0.863157 1.19307
63.31 -3.60682 -7.41958 -6.00596 -2.31105 -1.36007 -1.55468 -1.67493 -7.55755 -7.25157 -3.37598 -2.87041 -0.793694 -1.11182 -5.13433 -8.57827 -7.44974 -0.863425 1.71466 0.354324 -2.30291 -8.70765 -2.76825 -10.5905 1.01609 8.38598 2.75059 -4.85264 -8.4833 1.38607 -11.427 -0.233236 11.0661 2.77737 -5.6421 -2.45588 2.98525 -10.3097 -2.55971 6.89092 1.37164 -4.58264 1.18076 -3.2076 -7.43372 -4.97629 -0.0538076 -1.18645 -0.861612 1.76864
63.36 -3.0022 -7.52373 -6.03338 -1.67215 -1.2862 -1.6877 -1.05742 -7.07297 -7.25598 -3.64721 -3.05603 -0.900665 -1.16715 -4.52585 -8.79953 -7.35992 -1.32585 0.837048 0.141612 -1.9318 -8.29255 -3.97022 -9.94833 1.10935 7.69978 2.3951 -4.65335 -8.96656 0.990519 -11.491 -0.0280677 11.2034 2.90979 -5.55047 -3.17482 2.98321 -10.5712 -2.09328 7.6982 1.63344 -5.04759 0.697225 -2.27997 -7.62201 -5.11128 0.382049 -1.0434 -0.897584 2.20675
63.41 -2.25336 -7.70254 -5.95757 -0.963711 -1.14381 -1.8359 -0.493302 -6.58711 -7.26201 -3.88513 -3.06784 -0.994233 -1.24218 -3.85846 -8.86565 -7.30484 -1.76592 0.0314852 -0.0495703 -1.61067 -7.83494 -5.09279 -9.27984 1.10949 6.89773 2.00128 -4.39606 -9.2948 0.577726 -11.5253 0.153017 11.1149 3.01743 -5.43998 -4.02241 2.84849 -10.7948 -1.65065 8.45557 1.86994 -5.4219 0.198472 -0.967949 -7.98837 -5.0834 0.807398 -0.772384 -1.00141 2.49415
63.46 -1.23718 -8.01383 -5.73124 -0.173948 -0.893619 -2.01892 -0.00993874 -6.11325 -7.26965 -4.09291 -2.8826 -1.07252 -1.3303 -3.09498 -8.77793 -7.27286 -2.18291 -0.697555 -0.222475 -1.35503 -7.35324 -6.04096 -8.69508 0.97126 5.96067 1.62084 -4.07475 -9.46092 0.135337 -11.5215 0.321207 10.7843 3.09227 -5.31811 -4.96592 2.63532 -10.9829 -1.24535 9.15061 2.08577 -5.68481 -0.304037 0.750891 -8.54231 -4.82189 1.22517 -0.360935 -1.23353 2.60848
63.51 0.0609669 -8.47937 -5.30028 0.696596 -0.517939 -2.27533 0.357442 -5.65684 -7.27954 -4.27818 -2.50814 -1.13313 -1.42803 -2.21266 -8.55091 -7.25584 -2.57668 -1.34582 -0.379696 -1.1762 -6.86067 -6.8378 -8.23363 0.683497 4.93476 1.27148 -3.6981 -9.46835 -0.360648 -11.464 0.48464 10.2849 3.12307 -5.19082 -5.92338 2.37758 -11.1377 -0.887816 9.77189 2.28406 -5.82834 -0.808221 2.37787 -9.09999 -4.37988 1.63584 0.0738352 -1.63511 2.53792
63.56 1.32978 -8.98762 -4.68079 1.61184 -0.0886408 -2.63965 0.571837 -5.21568 -7.29302 -4.45263 -2.00296 -1.17388 -1.53331 -1.2498 -8.21185 -7.24845 -2.94461 -1.90773 -0.52316 -1.07527 -6.3648 -7.50801 -7.89422 0.280057 3.88916 0.957232 -3.28505 -9.33103 -0.954678 -11.324 0.646735 9.71142 3.09317 -5.06118 -6.81604 2.09058 -11.2635 -0.581894 10.3081 2.46664 -5.87204 -1.32154 3.61932 -9.578 -3.87291 2.03849 0.459926 -2.1741 2.30742
63.61 2.29975 -9.44254 -3.95199 2.52195 0.318061 -3.10033 0.620391 -4.78096 -7.31245 -4.62652 -1.43629 -1.19314 -1.64429 -0.297379 -7.79571 -7.24723 -3.28173 -2.37525 -0.654143 -1.04192 -5.86732 -8.05592 -7.65636 -0.184558 2.87053 0.677106 -2.85938 -9.07148 -1.72524 -11.0507 0.804754 9.10967 2.97502 -4.92704 -7.60248 1.78101 -11.364 -0.325115 10.7448 2.63411 -5.84638 -1.86367 4.43773 -9.98516 -3.35952 2.43598 0.789513 -2.78487 1.96125
63.66 2.88808 -9.83102 -3.15901 3.39959 0.678988 -3.61152 0.518393 -4.33997 -7.34165 -4.80198 -0.836176 -1.18908 -1.75915 0.565682 -7.33726 -7.24996 -3.58283 -2.7371 -0.773279 -1.0595 -5.364 -8.4735 -7.49573 -0.664439 1.90403 0.42791 -2.44423 -8.71691 -2.75645 -10.5822 0.94649 8.47787 2.73494 -4.77705 -8.26372 1.45292 -11.4417 -0.110583 11.0574 2.78585 -5.77579 -2.47077 4.85576 -10.3382 -2.85543 2.83544 1.07007 -3.40845 1.54273
63.71 3.06939 -10.1628 -2.30341 4.23821 0.994514 -4.12465 0.295256 -3.87593 -7.38704 -4.97115 -0.192633 -1.15807 -1.87685 1.28821 -6.8644 -7.25533 -3.84483 -2.97829 -0.880548 -1.11148 -4.84475 -8.74814 -7.39132 -1.13292 1.0035 0.20566 -2.05967 -8.29493 -3.95999 -9.94219 1.04301 7.78195 2.38357 -4.58894 -8.78403 1.10885 -11.4972 0.0716847 11.2021 2.91969 -5.67585 -3.18773 4.92017 -10.6489 -2.36415 3.24379 1.31095 -4.00505 1.08581
63.76 2.90256 -10.4477 -1.39712 5.03529 1.2709 -4.60313 -0.0176977 -3.36291 -7.45972 -5.11731 0.51358 -1.09278 -1.99867 1.83908 -6.39538 -7.26273 -4.06774 -3.08018 -0.975249 -1.18526 -4.29378 -8.86891 -7.32619 -1.57932 0.176873 0.00642481 -1.72386 -7.83004 -5.08555 -9.27442 1.04688 6.9731 1.99281 -4.34162 -9.1486 0.747526 -11.529 0.233486 11.1217 3.03153 -5.55637 -4.03444 4.70212 -10.9255 -1.89212 3.66128 1.52046 -4.5519 0.613448
63.81 2.56819 -10.6919 -0.502333 5.78396 1.51473 -5.02352 -0.393712 -2.7548 -7.58051 -5.21482 1.28975 -0.979036 -2.13027 2.21124 -5.93965 -7.27216 -4.25449 -3.02284 -1.05597 -1.27284 -3.69075 -8.8328 -7.28732 -2.00196 -0.570819 -0.173251 -1.45389 -7.34164 -6.03606 -8.68982 0.912331 6.03236 1.61488 -4.02917 -9.35025 0.362071 -11.5325 0.385953 10.8018 3.11507 -5.42471 -4.9778 4.29137 -11.1733 -1.45156 4.07911 1.70514 -5.03792 0.138721
63.86 2.23881 -10.8997 0.30966 6.47298 1.73153 -5.37136 -0.81293 -1.96815 -7.78918 -5.22516 2.13254 -0.790329 -2.28572 2.42056 -5.50005 -7.28428 -4.41025 -2.79439 -1.12064 -1.36994 -3.01524 -8.64933 -7.26558 -2.40158 -1.23512 -0.336177 -1.26196 -6.84322 -6.83393 -8.22833 0.627856 5.00539 1.26767 -3.66052 -9.39196 -0.061541 -11.498 0.537128 10.3178 3.16227 -5.28717 -5.93576 3.77785 -11.3958 -1.05537 4.48294 1.86977 -5.45991 -0.333608
63.91 1.97625 -11.0742 1.00585 7.08896 1.92585 -5.63555 -1.26287 -0.901634 -8.14098 -5.09403 3.02927 -0.490271 -2.49497 2.48413 -5.07476 -7.30047 -4.54232 -2.40765 -1.16671 -1.47439 -2.25492 -8.3414 -7.25492 -2.77722 -1.8103 -0.484479 -1.1496 -6.34231 -7.50385 -7.88858 0.227045 3.95999 0.95526 -3.25462 -9.28669 -0.549044 -11.4081 0.690672 9.76709 3.16262 -5.1486 -6.83042 3.23275 -11.5955 -0.711314 4.85728 2.01753 -5.82009 -0.806097
63.96 1.76774 -11.218 1.58532 7.61646 2.10116 -5.80589 -1.73838 0.357901 -8.62079 -4.78526 3.95245 -0.0870781 -2.80235 2.4026 -4.65766 -7.32304 -4.6607 -1.90498 -1.19157 -1.58481 -1.41883 -7.94201 -7.25136 -3.12511 -2.28808 -0.619607 -1.1066 -5.84065 -8.05031 -7.64989 -0.236003 2.94146 0.676679 -2.83491 -9.05565 -1.14777 -11.2309 0.845293 9.2002 3.09937 -5.01054 -7.62228 2.70127 -11.7733 -0.420188 5.18674 2.15023 -6.12385 -1.28924
64.01 1.5777 -11.3342 2.06046 8.03638 2.25964 -5.88211 -2.24161 1.48602 -9.10852 -4.34504 4.86928 0.337506 -3.2239 2.17719 -4.23652 -7.35568 -4.77579 -1.33505 -1.1925 -1.69999 -0.556214 -7.48726 -7.25234 -3.44014 -2.657 -0.742335 -1.11633 -5.3342 -8.46582 -7.48764 -0.71602 1.97403 0.428756 -2.42362 -8.72497 -1.9363 -10.9136 0.993799 8.62519 2.94455 -4.86864 -8.29627 2.2063 -11.9294 -0.177276 5.45367 2.26849 -6.37783 -1.80446
64.06 1.37443 -11.4262 2.44694 8.32434 2.40188 -5.88092 -2.78184 2.31743 -9.53786 -3.85342 5.75897 0.727747 -3.7202 1.83224 -3.79178 -7.4046 -4.89084 -0.723395 -1.16568 -1.81923 0.26426 -7.00877 -7.25629 -3.7183 -2.9022 -0.852766 -1.16231 -4.81278 -8.73898 -7.38097 -1.18704 1.07112 0.207534 -2.03864 -8.32171 -2.97318 -10.406 1.11935 8.02412 2.67085 -4.7088 -8.8421 1.75557 -12.0629 0.0256925 5.63201 2.37188 -6.58859 -2.38703
64.11 1.13908 -11.496 2.75976 8.45118 2.52687 -5.82513 -3.37406 2.85068 -9.90522 -3.35451 6.61487 1.07265 -4.23191 1.40532 -3.29423 -7.48092 -4.99611 -0.0667257 -1.104 -1.94363 0.991045 -6.52907 -7.26241 -3.95831 -3.0054 -0.95031 -1.23191 -4.26019 -8.86033 -7.31395 -1.63856 0.240563 0.00910721 -1.69436 -7.87056 -4.12708 -9.75879 1.18809 7.35918 2.30305 -4.50751 -9.24561 1.34715 -12.1725 0.199474 5.67853 2.45886 -6.76192 -3.0746
64.16 0.863583 -11.5433 3.01204 8.39181 2.63195 -5.73276 -4.03227 3.12143 -10.2202 -2.86155 7.43326 1.37679 -4.71032 0.931252 -2.69566 -7.6058 -5.06745 0.653869 -0.993385 -2.07837 1.59304 -6.06105 -7.27056 -4.16193 -2.94748 -1.03366 -1.317 -3.65568 -8.82759 -7.2742 -2.06812 -0.512623 -0.16996 -1.40471 -7.39164 -5.17451 -9.11236 1.15091 6.58252 1.91079 -4.24549 -9.49335 0.971997 -12.256 0.356069 5.53663 2.52664 -6.9024 -3.87991
64.21 0.54469 -11.5654 3.21472 8.14699 2.71294 -5.615 -4.75478 3.17271 -10.4914 -2.37816 8.20643 1.64753 -5.12312 0.435313 -1.91263 -7.81945 -5.06415 1.45509 -0.806981 -2.23698 2.0497 -5.60982 -7.2813 -4.33358 -2.71812 -1.10086 -1.41294 -2.97893 -8.65039 -7.25234 -2.47525 -1.18405 -0.332463 -1.18347 -6.89945 -6.05419 -8.55966 0.968242 5.67138 1.53712 -3.91931 -9.58072 0.615939 -12.3107 0.506351 5.18265 2.57119 -7.01324 -4.77586
64.26 0.177685 -11.556 3.37666 7.75954 2.76426 -5.47854 -5.513 3.05542 -10.7244 -1.91082 8.9237 1.89139 -5.44906 -0.0676328 -0.851167 -8.17524 -4.92895 2.33361 -0.509221 -2.44885 2.34111 -5.17481 -7.29587 -4.48025 -2.33219 -1.14953 -1.51708 -2.21846 -8.35188 -7.24199 -2.85759 -1.76817 -0.480525 -1.03931 -6.40266 -6.79507 -8.13013 0.640542 4.66381 1.19599 -3.54003 -9.51455 0.261048 -12.3318 0.657993 4.67605 2.58803 -7.09625 -5.69267
64.31 -0.249986 -11.5028 3.50467 7.29297 2.77839 -5.32821 -6.26402 2.82357 -10.9227 -1.47158 9.57407 2.11324 -5.67367 -0.572101 0.387165 -8.65302 -4.62528 3.26054 -0.111307 -2.75672 2.44493 -4.75056 -7.31645 -4.61184 -1.83331 -1.17726 -1.62743 -1.38514 -7.9652 -7.23901 -3.2101 -2.257 -0.615604 -0.970181 -5.90415 -7.41983 -7.81694 0.209773 3.62918 0.889897 -3.12785 -9.31234 -0.115774 -12.3117 0.814622 4.11288 2.57261 -7.15196 -6.555
64.36 -0.767467 -11.3836 3.60344 6.79466 2.74347 -5.16744 -6.97267 2.52193 -11.0897 -1.07336 10.1465 2.31633 -5.79608 -1.08157 1.48305 -9.13526 -4.19765 4.19725 0.306326 -3.17533 2.35567 -4.32536 -7.34649 -4.73877 -1.26978 -1.18158 -1.74215 -0.529404 -7.52582 -7.24078 -3.52685 -2.63952 -0.738504 -0.96368 -5.40094 -7.92943 -7.5977 -0.269908 2.61982 0.617143 -2.70604 -8.99927 -0.54853 -12.2359 0.975977 3.55471 2.51845 -7.17921 -7.31955
64.41 -1.43406 -11.1578 3.67475 6.28348 2.63857 -4.99599 -7.61708 2.17996 -11.229 -0.723927 10.628 2.50244 -5.83362 -1.6101 2.28154 -9.55984 -3.72094 5.11695 0.690592 -3.66711 2.10113 -3.88069 -7.39172 -4.86465 -0.666405 -1.15907 -1.86001 0.28114 -7.06392 -7.2457 -3.8037 -2.90139 -0.849382 -1.00298 -4.88393 -8.31306 -7.4483 -0.757848 1.66441 0.374298 -2.29522 -8.60368 -1.09597 -12.0766 1.13869 3.0236 2.41281 -7.17364 -7.96886
64.46 -2.33958 -10.7639 3.71464 5.7541 2.43162 -4.80488 -8.18099 1.81433 -11.3433 -0.42343 10.9992 2.67197 -5.81001 -2.18658 2.78455 -9.92366 -3.23619 6.00854 1.03087 -4.17566 1.72715 -3.3894 -7.46228 -4.98082 -0.019968 -1.10333 -1.98163 0.99655 -6.60039 -7.25289 -4.03978 -3.02489 -0.947735 -1.07281 -4.33793 -8.55722 -7.34918 -1.23305 0.777671 0.157398 -1.9102 -8.15264 -1.86642 -11.7798 1.29686 2.52107 2.2298 -7.12342 -8.49303
64.51 -3.48967 -10.1775 3.7059 5.17958 2.10981 -4.57141 -8.64423 1.43342 -11.4337 -0.16503 11.2249 2.82382 -5.74466 -2.85469 3.03088 -10.236 -2.75662 6.86594 1.33141 -4.65409 1.2786 -2.80728 -7.5773 -5.06514 0.688062 -1.00164 -2.11154 1.58733 -6.14695 -7.26207 -4.23755 -2.99092 -1.03238 -1.16227 -3.74284 -8.65146 -7.28642 -1.6884 -0.0327363 -0.0373511 -1.55997 -7.66888 -2.99712 -11.2728 1.44077 2.03991 1.93517 -7.00085 -8.87671
64.56 -4.66781 -9.50557 3.60944 4.51433 1.72844 -4.26952 -8.98304 1.03901 -11.4989 0.063152 11.2498 2.95494 -5.65062 -3.64944 3.06764 -10.5052 -2.28747 7.68064 1.59928 -5.07082 0.790439 -2.05685 -7.77351 -5.07996 1.47505 -0.8294 -2.26194 2.03514 -5.70834 -7.27353 -4.40206 -2.78747 -1.10151 -1.26479 -3.0781 -8.59196 -7.25051 -2.12239 -0.762063 -0.213228 -1.24998 -7.16936 -4.40526 -10.5816 1.55187 1.57009 1.54897 -6.76197 -9.09564
64.61 -5.70071 -8.88412 3.37392 3.72161 1.3534 -3.89391 -9.18301 0.62607 -11.5353 0.274096 11.0307 3.05993 -5.53673 -4.56345 2.94871 -10.7367 -1.83688 8.44202 1.84083 -5.4048 0.285842 -1.03695 -8.10562 -4.97011 2.34009 -0.550277 -2.45982 2.32326 -5.2845 -7.28819 -4.54075 -2.42568 -1.15291 -1.37668 -2.33053 -8.38583 -7.23366 -2.53328 -1.40568 -0.372856 -0.985425 -6.66497 -5.76405 -9.86073 1.59876 1.10315 1.15622 -6.3841 -9.13523
64.66 -6.58312 -8.37696 2.96895 2.82366 1.01108 -3.46287 -9.24531 0.182491 -11.5346 0.477396 10.606 3.13113 -5.40989 -5.53338 2.7276 -10.9338 -1.41724 9.1396 2.06085 -5.64069 -0.22284 0.198548 -8.57276 -4.69107 3.25682 -0.162966 -2.74816 2.43131 -4.87136 -7.3077 -4.66386 -1.94667 -1.18432 -1.49555 -1.50616 -8.05572 -7.2292 -2.91684 -1.95713 -0.51817 -0.773517 -6.16064 -6.91422 -9.21256 1.54283 0.632936 0.804217 -5.89171 -9.00714
64.71 -7.34911 -7.99534 2.41281 1.8919 0.706236 -3.00555 -9.18342 -0.314251 -11.4818 0.677167 10.0769 3.15849 -5.27594 -6.4731 2.44479 -11.0995 -1.04049 9.76371 2.26262 -5.77462 -0.732781 1.33659 -9.06196 -4.27542 4.18691 0.25679 -3.14943 2.35071 -4.45948 -7.33485 -4.7829 -1.40089 -1.19364 -1.61931 -0.649099 -7.63725 -7.23233 -3.26685 -2.40695 -0.65041 -0.622657 -5.65552 -7.84678 -8.67491 1.35542 0.153801 0.500379 -5.33285 -8.74146
64.76 -8.01719 -7.72348 1.76242 0.986065 0.436629 -2.55085 -9.01773 -0.906306 -11.3487 0.872104 9.51709 3.12669 -5.13853 -7.32785 2.12397 -11.2374 -0.713207 10.3042 2.44805 -5.82135 -1.25064 2.18525 -9.49735 -3.8004 5.10194 0.647542 -3.63219 2.10491 -4.03332 -7.37428 -4.90379 -0.818423 -1.17815 -1.74618 0.17298 -7.16919 -7.24007 -3.57733 -2.7421 -0.770117 -0.538194 -5.14273 -8.58687 -8.25656 1.03902 -0.338488 0.239675 -4.75411 -8.37422
64.81 -8.59075 -7.53689 1.08021 0.136729 0.197979 -2.12105 -8.77065 -1.6699 -11.0853 1.05587 8.94944 3.00914 -4.99656 -8.07689 1.77746 -11.3503 -0.435377 10.7473 2.61771 -5.80429 -1.79507 2.73296 -9.87079 -3.3134 5.98968 0.994315 -4.14015 1.73782 -3.57049 -7.43409 -5.02096 -0.200571 -1.13297 -1.87557 0.906794 -6.68378 -7.25081 -3.84489 -2.94568 -0.877109 -0.517757 -4.60925 -9.15875 -7.94719 0.629305 -0.842352 0.0145959 -4.19069 -7.9393
64.86 -9.06306 -7.41295 0.411368 -0.6432 -0.0142981 -1.73052 -8.4633 -2.69271 -10.6279 1.21499 8.36222 2.77133 -4.83997 -8.71146 1.41191 -11.4392 -0.201704 11.0693 2.77085 -5.74363 -2.40116 3.01655 -10.1913 -2.8306 6.84412 1.30033 -4.62448 1.29403 -3.03588 -7.5291 -5.1162 0.469722 -1.0484 -2.00986 1.52073 -6.20225 -7.26404 -4.06971 -2.99759 -0.970442 -0.550956 -4.03634 -9.57845 -7.72622 0.174014 -1.3467 -0.181903 -3.66591 -7.46436
64.91 -9.41836 -7.33407 -0.221337 -1.34867 -0.204359 -1.38856 -8.11366 -3.89968 -9.99239 1.32185 7.71821 2.41987 -4.64738 -9.2201 1.03007 -11.5032 -0.00303749 11.2274 2.90498 -5.65314 -3.11404 3.08253 -10.4676 -2.35749 7.65718 1.5726 -5.05236 0.808903 -2.36778 -7.68789 -5.15795 1.21362 -0.905289 -2.15735 1.99648 -5.73536 -7.28004 -4.25517 -2.87936 -1.0484 -0.623629 -3.40201 -9.85331 -7.57157 -0.28839 -1.83267 -0.355534 -3.193 -6.9694
64.96 -9.63327 -7.28653 -0.81416 -1.97741 -0.375672 -1.10401 -7.73612 -5.03812 -9.32065 1.33139 6.96525 2.02599 -4.39727 -9.58836 0.629159 -11.5387 0.172147 11.1627 3.01536 -5.54201 -3.95627 2.98492 -10.7058 -1.90152 8.41836 1.81767 -5.40305 0.306352 -1.46709 -7.96042 -5.09786 2.04048 -0.670409 -2.33797 2.3202 -5.28589 -7.29982 -4.40724 -2.58756 -1.1086 -0.722701 -2.68757 -9.98416 -7.46453 -0.736125 -2.27867 -0.510557 -2.77702 -6.46681
65.01 -9.68156 -7.25971 -1.37664 -2.52762 -0.530977 -0.887343 -7.3414 -6.00141 -8.72832 1.19912 6.07641 1.64433 -4.08275 -9.80598 0.198643 -11.5384 0.335091 10.853 3.09441 -5.41725 -4.89906 2.77973 -10.9095 -1.47478 9.11725 2.04061 -5.66154 -0.200476 -0.292251 -8.38238 -4.88087 2.93455 -0.31925 -2.5898 2.47463 -4.85065 -7.32518 -4.53458 -2.14876 -1.1483 -0.838901 -1.88828 -9.96894 -7.39088 -1.16148 -2.66377 -0.649953 -2.41716 -5.96188
65.06 -9.54143 -7.24616 -1.92491 -2.99731 -0.672341 -0.747011 -6.93693 -6.81202 -8.25849 0.913062 5.08879 1.29387 -3.71204 -9.86955 -0.28259 -11.488 0.494053 10.3672 3.13153 -5.28469 -5.86238 2.51123 -11.0813 -1.08976 9.74419 2.24493 -5.81945 -0.70801 0.919517 -8.87557 -4.50561 3.85909 0.0981038 -2.94956 2.44463 -4.42027 -7.35894 -4.6483 -1.61197 -1.16466 -0.96723 -1.03239 -9.80646 -7.34037 -1.56522 -2.96832 -0.775652 -2.10919 -5.45328
65.11 -9.20512 -7.24099 -2.47412 -3.38467 -0.801245 -0.68288 -6.52704 -7.49792 -7.91164 0.506754 4.06621 0.978816 -3.30374 -9.78276 -0.854174 -11.3615 0.652695 9.80279 3.11138 -5.14819 -6.76547 2.20479 -11.2245 -0.754044 10.2891 2.43276 -5.88498 -1.2221 1.89232 -9.33395 -4.04339 4.77835 0.503742 -3.40606 2.24135 -3.9776 -7.40582 -4.75679 -1.01729 -1.15427 -1.10629 -0.184742 -9.49963 -7.30584 -1.95165 -3.17303 -0.88873 -1.84748 -4.93311
65.16 -8.69178 -7.24104 -3.02986 -3.68852 -0.918671 -0.684032 -6.11317 -8.06643 -7.66788 0.0363194 3.05259 0.698067 -2.88136 -9.55649 -1.58804 -11.1121 0.808865 9.21042 3.0086 -5.00726 -7.56514 1.87227 -11.3421 -0.468483 10.7387 2.60496 -5.87995 -1.76016 2.56189 -9.72964 -3.55687 5.67337 0.867703 -3.90732 1.90313 -3.49653 -7.47436 -4.85799 -0.375411 -1.11149 -1.25764 0.591778 -9.0582 -7.28236 -2.32507 -3.25782 -0.989543 -1.62625 -4.38696
65.21 -8.05506 -7.24432 -3.58186 -3.90799 -1.02516 -0.73327 -5.69383 -8.51178 -7.50278 -0.449667 2.07353 0.448226 -2.46777 -9.20908 -2.57458 -10.676 0.951919 8.59244 2.78859 -4.85302 -8.24283 1.51952 -11.4358 -0.228305 11.0706 2.76108 -5.82638 -2.35559 2.95328 -10.0684 -3.07169 6.53681 1.18874 -4.39901 1.47539 -2.93601 -7.58104 -4.93565 0.326089 -1.02525 -1.42606 1.25646 -8.50081 -7.26662 -2.68768 -3.20265 -1.0778 -1.44025 -3.79532
65.26 -7.36844 -7.24975 -4.10715 -4.0411 -1.12077 -0.813452 -5.26452 -8.82263 -7.39506 -0.922233 1.14724 0.225134 -2.08251 -8.7659 -3.76593 -10.0547 1.05602 7.91837 2.45047 -4.66523 -8.78421 1.14944 -11.5054 -0.0246557 11.2443 2.89907 -5.74006 -3.0536 3.10719 -10.3596 -2.59477 7.36193 1.47322 -4.84114 0.996846 -2.22568 -7.75837 -4.95727 1.10422 -0.873801 -1.62182 1.78426 -7.8554 -7.25655 -3.03897 -2.99505 -1.15267 -1.28504 -3.13795
65.31 -6.69368 -7.25711 -4.58249 -4.08294 -1.20502 -0.911378 -4.81748 -8.98764 -7.32769 -1.36946 0.287394 0.0247622 -1.74301 -8.25627 -4.91489 -9.38137 1.07608 7.13935 2.06107 -4.42173 -9.17464 0.760618 -11.5484 0.153933 11.2018 3.01478 -5.63113 -3.88072 3.07077 -10.6101 -2.13091 8.13898 1.7281 -5.20696 0.495046 -1.26307 -8.06021 -4.87123 1.96071 -0.621616 -1.86683 2.15494 -7.15628 -7.25114 -3.37709 -2.64589 -1.21294 -1.1571 -2.4016
65.36 -6.06237 -7.26703 -4.99368 -4.02426 -1.2767 -1.01872 -4.34181 -9.00108 -7.28741 -1.78972 -0.496603 -0.156372 -1.46606 -7.70797 -5.89249 -8.77897 0.963982 6.22726 1.67909 -4.11398 -9.40574 0.34513 -11.5589 0.318977 10.915 3.10148 -5.50668 -4.8137 2.8961 -10.8241 -1.68968 8.85721 1.95902 -5.47759 -0.0136086 -0.0510863 -8.5073 -4.62548 2.87188 -0.254018 -2.19944 2.34521 -6.43734 -7.25055 -3.70193 -2.19772 -1.25739 -1.05369 -1.58862
65.41 -5.47975 -7.28104 -5.33608 -3.85222 -1.33378 -1.13124 -3.82497 -8.86743 -7.26479 -2.18519 -1.19783 -0.321072 -1.26481 -7.14264 -6.71262 -8.29682 0.701002 5.21767 1.32636 -3.74875 -9.47876 -0.113731 -11.5256 0.479297 10.4452 3.1499 -5.37252 -5.77599 2.63097 -11.0051 -1.28382 9.50644 2.17003 -5.6448 -0.522599 1.12217 -9.00072 -4.23374 3.79986 0.163812 -2.64727 2.33956 -5.723 -7.2565 -4.01671 -1.70669 -1.28473 -0.972759 -0.734041
65.46 -4.9359 -7.30179 -5.61045 -3.55569 -1.37314 -1.24733 -3.25766 -8.60314 -7.25356 -2.55737 -1.80909 -0.471452 -1.14275 -6.57352 -7.40278 -7.93862 0.314439 4.1788 1.00831 -3.34362 -9.40448 -0.647561 -11.4273 0.639382 9.89111 3.14715 -5.23321 -6.68464 2.31048 -11.1569 -0.923664 10.0769 2.36367 -5.71931 -1.0346 2.018 -9.4479 -3.76939 4.71447 0.560681 -3.18631 2.15395 -5.02219 -7.27305 -4.32299 -1.21446 -1.29295 -0.912996 0.0978557
65.51 -4.41314 -7.33357 -5.81873 -3.13566 -1.39042 -1.36672 -2.64287 -8.23533 -7.24958 -2.90506 -2.3205 -0.608954 -1.09141 -6.00492 -7.97021 -7.6857 -0.142477 3.15986 0.724511 -2.92166 -9.2019 -1.31547 -11.2252 0.798437 9.30902 3.07222 -5.09019 -7.49323 1.95678 -11.2828 -0.613369 10.557 2.5411 -5.72357 -1.56272 2.60361 -9.83191 -3.2856 5.60354 0.914553 -3.76063 1.83014 -4.32685 -7.30813 -4.61342 -0.738497 -1.27768 -0.874258 0.85114
65.56 -3.88725 -7.38345 -5.96059 -2.61102 -1.37943 -1.48993 -2.00195 -7.79714 -7.25013 -3.22487 -2.71776 -0.734341 -1.09482 -5.43229 -8.40849 -7.51349 -0.621546 2.1872 0.472026 -2.5058 -8.89522 -2.20919 -10.8575 0.948698 8.70685 2.89187 -4.93823 -8.18251 1.58247 -11.3845 -0.350765 10.9285 2.70215 -5.67875 -2.13447 2.91556 -10.1605 -2.80282 6.46447 1.22659 -4.31785 1.4147 -3.60593 -7.3769 -4.86912 -0.280893 -1.22947 -0.858698 1.49183
65.61 -3.32283 -7.46388 -6.03021 -2.00687 -1.33065 -1.61864 -1.36807 -7.32114 -7.25351 -3.5131 -2.98119 -0.847675 -1.1362 -4.84168 -8.70587 -7.4004 -1.09334 1.27521 0.24693 -2.11536 -8.51037 -3.35356 -10.2885 1.07029 8.06032 2.58577 -4.76101 -8.73919 1.19378 -11.4618 -0.128794 11.1581 2.84509 -5.60009 -2.79301 3.00476 -10.4429 -2.32882 7.29236 1.50357 -4.8207 0.946622 -2.78489 -7.51014 -5.05755 0.161445 -1.12811 -0.873325 2.00142
65.66 -2.66062 -7.59882 -6.01143 -1.33495 -1.22717 -1.75759 -0.773337 -6.83372 -7.25875 -3.76785 -3.08529 -0.948267 -1.20225 -4.20874 -8.85146 -7.32933 -1.54511 0.432327 0.0452421 -1.76681 -8.07182 -4.5421 -9.61451 1.12433 7.32294 2.2022 -4.53505 -9.14781 0.790747 -11.512 0.063069 11.1912 2.96616 -5.49819 -3.57553 2.93005 -10.6854 -1.87241 8.07676 1.75228 -5.24383 0.453559 -1.69919 -7.77357 -5.12362 0.591776 -0.930427 -0.936905 2.36772
65.71 -1.79694 -7.83442 -5.86941 -0.588165 -1.03751 -1.91923 -0.245018 -6.35259 -7.26553 -3.99034 -3.00242 -1.03463 -1.28428 -3.49896 -8.84104 -7.28682 -1.9738 -0.336174 -0.136593 -1.47604 -7.60043 -5.57954 -8.9785 1.06075 6.45291 1.81117 -4.24605 -9.39666 0.365584 -11.529 0.236576 10.9801 3.05889 -5.38126 -4.47805 2.75116 -10.8914 -1.44646 8.80504 1.97816 -5.56589 -0.0478735 -0.149783 -8.24675 -4.98489 1.0131 -0.582258 -1.09504 2.57341
65.76 -0.623689 -8.22674 -5.54743 0.243256 -0.722924 -2.13242 0.186657 -5.88706 -7.27415 -4.18582 -2.72034 -1.10456 -1.37742 -2.67745 -8.68218 -7.26301 -2.37952 -1.02614 -0.30151 -1.25723 -7.11212 -6.44908 -8.45248 0.847457 5.46335 1.44497 -3.89572 -9.48372 -0.0991216 -11.5014 0.401687 10.5536 3.11377 -5.25612 -5.43999 2.51328 -11.0627 -1.06366 9.46528 2.18508 -5.76949 -0.550901 1.58854 -8.82455 -4.61963 1.42756 -0.143729 -1.40981 2.59624
65.81 0.708637 -8.73137 -5.01579 1.14218 -0.308363 -2.43969 0.48282 -5.43888 -7.28559 -4.36421 -2.27224 -1.15568 -1.47906 -1.74612 -8.39605 -7.25126 -2.76111 -1.63284 -0.451772 -1.11729 -6.61736 -7.18203 -8.05275 0.496545 4.42015 1.11276 -3.49839 -9.4177 -0.635827 -11.4082 0.564388 10.0084 3.1174 -5.12753 -6.37318 2.24001 -11.2028 -0.731386 10.0463 2.37552 -5.86034 -1.05798 3.03975 -9.34444 -4.13427 1.83426 0.270437 -1.8862 2.44229
65.86 1.84926 -9.21885 -4.33353 2.06018 0.115583 -2.85559 0.615664 -5.00227 -7.30161 -4.53748 -1.73026 -1.18608 -1.58736 -0.776635 -8.01457 -7.24724 -3.1146 -2.14961 -0.588985 -1.05141 -6.12088 -7.79264 -7.76627 0.0562884 3.38358 0.815567 -3.0761 -9.21712 -1.3043 -11.2108 0.725301 9.41876 3.0485 -4.99641 -7.21689 1.94135 -11.3158 -0.450188 10.536 2.55068 -5.86639 -1.58203 4.07279 -9.78541 -3.62039 2.2337 0.628278 -2.46875 2.14928
65.91 2.63793 -9.64047 -3.57123 2.95613 0.500661 -3.34744 0.587415 -4.56625 -7.32523 -4.71248 -1.14662 -1.19421 -1.70043 0.139954 -7.57362 -7.24817 -3.43457 -2.56688 -0.714109 -1.04527 -5.62144 -8.27799 -7.56924 -0.420396 2.38829 0.551103 -2.65288 -8.90737 -2.19709 -10.8475 0.8777 8.80479 2.8738 -4.85665 -7.94375 1.62225 -11.4049 -0.215199 10.9158 2.71061 -5.81624 -2.15046 4.69044 -10.1642 -3.11088 2.63112 0.932645 -3.09203 1.7627
65.96 3.02713 -9.99983 -2.74833 3.81492 0.838741 -3.86503 0.422136 -4.11644 -7.36135 -4.88639 -0.527717 -1.17757 -1.81669 0.939304 -7.1052 -7.25232 -3.71665 -2.8716 -0.827459 -1.08162 -5.11193 -8.62701 -7.43857 -0.896868 1.4529 0.315648 -2.25041 -8.51636 -3.34156 -10.2818 1.0022 8.14736 2.57253 -4.69114 -8.53787 1.28617 -11.4717 -0.0178897 11.153 2.85395 -5.72975 -2.80645 4.92771 -10.4953 -2.61265 3.03436 1.19261 -3.70617 1.32179
66.01 3.02212 -10.3076 -1.86338 4.63373 1.13425 -4.36489 0.151336 -3.63252 -7.4183 -5.04686 0.144697 -1.13099 -1.93602 1.58039 -6.63256 -7.25872 -3.95923 -3.04693 -0.928686 -1.14559 -4.57943 -8.82711 -7.35532 -1.35512 0.58791 0.105168 -1.88755 -8.07052 -4.53276 -9.60922 1.05985 7.4017 2.1925 -4.47581 -8.98323 0.934116 -11.516 0.152843 11.1937 2.97765 -5.61922 -3.58748 4.84324 -10.7885 -2.12959 3.44775 1.41717 -4.28037 0.855075
66.06 2.74686 -10.572 -0.952661 5.40831 1.39394 -4.81716 -0.195406 -3.0805 -7.51108 -5.173 0.885222 -1.04432 -2.06152 2.04293 -6.16937 -7.26708 -4.16383 -3.07299 -1.01674 -1.22688 -4.00562 -8.87052 -7.30446 -1.78979 -0.200495 -0.0840686 -1.58208 -7.59201 -5.57312 -8.97353 1.00011 6.52649 1.80421 -4.19625 -9.26812 0.562204 -11.5347 0.308828 10.9919 3.07652 -5.49292 -4.48948 4.51892 -11.0504 -1.67126 3.86698 1.6138 -4.79822 0.380471
66.11 2.39998 -10.7979 -0.0915038 6.12935 1.62391 -5.20349 -0.594577 -2.39806 -7.66846 -5.23361 1.69497 -0.898099 -2.20227 2.33265 -5.72156 -7.27772 -4.33456 -2.932 -1.08988 -1.3195 -3.36929 -8.76002 -7.27493 -2.20108 -0.907828 -0.25521 -1.34943 -7.09738 -6.44446 -8.44748 0.790427 5.53472 1.4403 -3.85437 -9.39026 0.160353 -11.5212 0.459915 10.5782 3.14334 -5.35765 -5.45153 4.04737 -11.2854 -1.25106 4.27988 1.78816 -5.25284 -0.0932134
66.16 2.10172 -10.9891 0.665437 6.7844 1.8292 -5.51173 -1.02992 -1.48275 -7.94145 -5.18186 2.56677 -0.658699 -2.37906 2.46936 -5.28948 -7.29161 -4.47759 -2.6222 -1.14574 -1.42041 -2.65284 -8.51183 -7.25924 -2.58924 -1.52921 -0.410732 -1.19715 -6.59716 -7.17786 -8.04752 0.442584 4.49128 1.11006 -3.46466 -9.35763 -0.290339 -11.4624 0.612095 10.0517 3.16914 -5.21915 -6.38582 3.51107 -11.4965 -0.879918 4.67116 1.94421 -5.64399 -0.564848
66.21 1.86949 -11.1482 1.30344 7.35917 2.01385 -5.73093 -1.49256 -0.288145 -8.36731 -4.96375 3.48073 -0.30094 -2.6312 2.46252 -4.86933 -7.31058 -4.60151 -2.17205 -1.18172 -1.52796 -1.85199 -8.15449 -7.25246 -2.95186 -2.05777 -0.552425 -1.12068 -6.09602 -7.78764 -7.76044 0.00453429 3.45501 0.814544 -3.04901 -9.18758 -0.824599 -11.3349 0.766661 9.48983 3.14101 -5.08092 -7.23293 2.96854 -11.6854 -0.562117 5.02546 2.08443 -5.97572 -1.04067
66.26 1.67456 -11.2781 1.82995 7.83669 2.18075 -5.85404 -1.98091 0.944188 -8.86554 -4.58002 4.40451 0.123462 -2.99637 2.30897 -4.45223 -7.33752 -4.71718 -1.63124 -1.1952 -1.64086 -0.9944 -7.72353 -7.25139 -3.28424 -2.48371 -0.681408 -1.10575 -5.59288 -8.2712 -7.56218 -0.471316 2.45937 0.551469 -2.63089 -8.90421 -1.50499 -11.0968 0.91964 8.91981 3.03705 -4.94203 -7.96821 2.45322 -11.8526 -0.295483 5.32679 2.21004 -6.25421 -1.53602
66.31 1.4812 -11.3821 2.25973 8.19542 2.3313 -5.88949 -2.50067 1.93285 -9.32738 -4.10632 5.30958 0.534568 -3.46181 2.02061 -4.02243 -7.37716 -4.83254 -1.03959 -1.18311 -1.75805 -0.144528 -7.25369 -7.25397 -3.58152 -2.79394 -0.798126 -1.13514 -5.08074 -8.61832 -7.42946 -0.949038 1.52235 0.317148 -2.23055 -8.5346 -2.41573 -10.6889 1.05988 8.33557 2.82554 -4.79383 -8.58082 1.97966 -11.9978 -0.0733649 5.55439 2.32113 -6.48621 -2.07913
66.36 1.26372 -11.4631 2.60838 8.40824 2.46532 -5.85885 -3.06428 2.61428 -9.72529 -3.60808 6.18309 0.902482 -3.97277 1.63067 -3.55627 -7.4377 -4.94485 -0.407583 -1.14037 -1.8795 0.634919 -6.77242 -7.25904 -3.84092 -2.97183 -0.902347 -1.19401 -4.54638 -8.8179 -7.34398 -1.41114 0.654187 0.107571 -1.86383 -8.10498 -3.54076 -10.0974 1.16305 7.70898 2.49791 -4.61679 -9.05881 1.5504 -12.1198 0.113823 5.67479 2.41673 -6.67796 -2.70947
66.41 1.00922 -11.522 2.89006 8.44607 2.58099 -5.78335 -3.68761 3.01371 -10.0657 -3.11145 7.02127 1.22649 -4.47313 1.17681 -3.01692 -7.53429 -5.03738 0.277837 -1.05706 -2.00796 1.30343 -6.2974 -7.26614 -4.06266 -2.99806 -0.993128 -1.27198 -3.97101 -8.86332 -7.2917 -1.85196 -0.138951 -0.0809687 -1.54455 -7.63801 -4.66179 -9.4341 1.18621 6.99485 2.11013 -4.38722 -9.38717 1.1598 -12.2169 0.277684 5.6356 2.49473 -6.83469 -3.45542
66.46 0.712777 -11.5575 3.11684 8.29323 2.67487 -5.67749 -4.37914 3.17089 -10.3583 -2.62273 7.81871 1.51334 -4.92251 0.689526 -2.34077 -7.69624 -5.0783 1.03685 -0.913551 -2.15196 1.83638 -5.83739 -7.27545 -4.24988 -2.85601 -1.06883 -1.36283 -3.33322 -8.75767 -7.2617 -2.27063 -0.852605 -0.251604 -1.28688 -7.15112 -5.62552 -8.82666 1.08068 6.15159 1.72395 -4.09315 -9.55615 0.796019 -12.2867 0.429988 5.38782 2.55167 -6.96032 -4.31147
66.51 0.371189 -11.5652 3.2986 7.97097 2.74211 -5.5499 -5.12417 3.13261 -10.6102 -2.14602 8.56587 1.77018 -5.29491 0.188904 -1.42787 -7.97437 -5.01774 1.8782 -0.676079 -2.3318 2.21467 -5.39449 -7.28786 -4.40821 -2.54585 -1.12723 -1.46307 -2.61584 -8.51733 -7.24612 -2.66608 -1.48201 -0.4068 -1.10294 -6.65595 -6.43287 -8.33348 0.82379 5.18498 1.36548 -3.73886 -9.56666 0.443022 -12.3256 0.580222 4.94705 2.58319 -7.05737 -5.22807
66.56 -0.0232362 -11.5364 3.44319 7.53719 2.77633 -5.40612 -5.88412 2.95262 -10.8258 -1.69075 9.25169 2.00274 -5.57235 -0.314921 -0.245013 -8.40172 -4.79987 2.7853 -0.32176 -2.58588 2.41643 -4.9658 -7.30505 -4.54608 -2.09789 -1.16591 -1.5705 -1.81595 -8.17109 -7.23979 -3.03454 -2.02055 -0.548352 -0.996571 -6.1583 -7.11549 -7.96325 0.438736 4.15591 1.04156 -3.34058 -9.43102 0.0807358 -12.3278 0.73411 4.402 2.58482 -7.12701 -6.12588
66.61 -0.489823 -11.4545 3.55645 7.05095 2.76833 -5.25039 -6.61785 2.68185 -11.0083 -1.27025 9.86524 2.21507 -5.74563 -0.820819 0.958777 -8.89544 -4.42538 3.72152 0.0960892 -2.94993 2.424 -4.54297 -7.32973 -4.67431 -1.56224 -1.18248 -1.68321 -0.963135 -7.75431 -7.2394 -3.3702 -2.4588 -0.677397 -0.96015 -5.65823 -7.68465 -7.69925 -0.0223143 3.12882 0.752169 -2.92082 -9.17098 -0.318191 -12.2828 0.893303 3.83649 2.55146 -7.16905 -6.9436
66.66 -1.0706 -11.2896 3.64181 6.54558 2.70249 -5.08481 -7.29717 2.35763 -11.1613 -0.895478 10.395 2.40969 -5.82345 -1.33708 1.91402 -9.35189 -3.96597 4.65207 0.500541 -3.41134 2.24843 -4.11097 -7.3663 -4.80099 -0.978 -1.17418 -1.79956 -0.121859 -7.30065 -7.24287 -3.66771 -2.78413 -0.794421 -0.978226 -5.14977 -8.13416 -7.51706 -0.509852 2.14341 0.494565 -2.50214 -8.81389 -0.797437 -12.1708 1.0559 3.29049 2.47429 -7.18107 -7.65298
66.71 -1.8433 -10.9894 3.69879 6.02745 2.55177 -4.90566 -7.90424 2.00255 -11.2881 -0.570522 10.8255 2.5877 -5.82814 -1.88442 2.56336 -9.74564 -3.48244 5.55877 0.863141 -3.91815 1.92924 -3.64758 -7.42229 -4.92402 -0.355225 -1.13644 -1.91902 0.646717 -6.83595 -7.24898 -3.92447 -2.98049 -0.899259 -1.03416 -4.62079 -8.451 -7.39441 -0.993111 1.22039 0.264939 -2.10251 -8.38794 -1.43673 -11.9529 1.21729 2.77392 2.335 -7.15582 -8.24226
66.76 -2.88265 -10.4967 3.71824 5.48062 2.28617 -4.69739 -8.42177 1.62878 -11.3906 -0.291932 11.131 2.74879 -5.78204 -2.50003 2.93478 -10.083 -2.99945 6.43441 1.18305 -4.41677 1.51355 -3.11886 -7.51144 -5.0282 0.318778 -1.06032 -2.0438 1.30365 -6.37638 -7.25714 -4.14128 -3.02898 -0.991078 -1.11469 -4.05338 -8.62262 -7.31452 -1.45894 0.370388 0.059348 -1.73373 -7.91835 -2.37144 -11.5603 1.37007 2.28306 2.10043 -7.07493 -8.70013
66.81 -4.07994 -9.84858 3.67269 4.86783 1.92513 -4.43277 -8.82673 1.24144 -11.4689 -0.0500496 11.2659 2.89098 -5.7013 -3.22793 3.07177 -10.3733 -2.52431 7.2721 1.46667 -4.86803 1.04193 -2.46649 -7.66022 -5.08425 1.06414 -0.928053 -2.18154 1.82616 -5.92996 -7.26736 -4.32197 -2.91232 -1.06837 -1.21116 -3.42643 -8.6414 -7.26596 -1.90393 -0.400789 -0.125777 -1.40264 -7.42512 -3.67359 -10.9478 1.50101 1.80871 1.75204 -6.90076 -9.00613
66.86 -5.1953 -9.1888 3.51406 4.14193 1.54122 -4.09367 -9.09829 0.838968 -11.5207 0.168161 11.1728 3.0101 -5.59657 -4.08557 3.02502 -10.6234 -2.06292 8.06197 1.7209 -5.24635 0.543515 -1.59408 -7.9166 -5.04553 1.89119 -0.707724 -2.35064 2.19785 -5.49884 -7.28023 -4.47274 -2.62777 -1.12909 -1.31863 -2.72187 -8.50821 -7.24032 -2.32694 -1.08874 -0.2934 -1.11418 -6.92222 -5.09329 -10.2232 1.58526 1.34117 1.35285 -6.59346 -9.13734
66.91 -6.15006 -8.61945 3.19648 3.29032 1.1808 -3.68761 -9.22973 0.413005 -11.5402 0.374463 10.842 3.09959 -5.47553 -5.03788 2.84975 -10.8376 -1.62588 8.79326 1.95137 -5.53365 0.0359911 -0.440422 -8.32375 -4.8546 2.78616 -0.370091 -2.58743 2.40004 -5.08104 -7.29701 -4.60233 -2.20197 -1.17095 -1.43421 -1.93386 -8.23747 -7.23027 -2.72512 -1.68813 -0.44581 -0.874404 -6.4176 -6.35635 -9.53054 1.58647 0.873336 0.977538 -6.15414 -9.09177
66.96 -6.97183 -8.17465 2.71197 2.36645 0.856898 -3.23985 -9.2289 -0.0529623 -11.5164 0.575855 10.3535 3.15072 -5.34457 -6.00255 2.59441 -11.0189 -1.22609 9.45595 2.1621 -5.71878 -0.473088 0.787421 -8.81714 -4.49922 3.71404 0.0442248 -2.93181 2.41462 -4.67008 -7.31983 -4.72217 -1.68463 -1.1918 -1.55573 -1.08543 -7.85911 -7.23001 -3.09305 -2.19114 -0.584601 -0.691443 -5.91336 -7.39735 -8.93401 1.4681 0.399433 0.649388 -5.62284 -8.89184
67.01 -7.68858 -7.84974 2.10138 1.44192 0.569809 -2.78054 -9.11335 -0.589484 -11.4288 0.773712 9.80354 3.15149 -5.20869 -6.90482 2.29086 -11.1706 -0.873259 10.0404 2.35569 -5.80713 -0.985434 1.7922 -9.28371 -4.04586 4.63914 0.453865 -3.37962 2.24815 -4.2535 -7.35226 -4.84204 -1.11901 -1.18937 -1.6812 -0.237391 -7.41172 -7.23568 -3.42431 -2.5866 -0.710673 -0.572878 -5.40571 -8.23212 -8.45512 1.21475 -0.085858 0.367597 -5.04904 -8.57185
67.06 -8.31056 -7.62281 1.42836 0.561371 0.31597 -2.3358 -8.90499 -1.25384 -11.2396 0.964283 9.23952 3.08179 -5.06962 -7.70907 1.95637 -11.2959 -0.570654 10.5351 2.53338 -5.81964 -1.51309 2.48976 -9.6879 -3.56147 5.54162 0.823236 -3.88177 1.93691 -3.81272 -7.40036 -4.96262 -0.520504 -1.16015 -1.80924 0.546543 -6.93177 -7.24502 -3.71394 -2.85959 -0.824214 -0.520669 -4.88478 -8.88713 -8.09238 0.846755 -0.584578 0.125308 -4.47419 -8.16752
67.11 -8.83585 -7.46947 0.748485 -0.254888 0.0908167 -1.92389 -8.62591 -2.13791 -10.8874 1.13828 8.66537 2.90875 -4.92248 -8.403 1.59994 -11.397 -0.315462 10.9227 2.69511 -5.77906 -2.08234 2.90248 -10.0341 -3.0756 6.41379 1.1492 -4.38324 1.52704 -3.3203 -7.47494 -5.07209 0.120326 -1.09732 -1.94047 1.22444 -6.4463 -7.25699 -3.96031 -2.9914 -0.924674 -0.528195 -4.3346 -9.38295 -7.82919 0.408957 -1.09066 -0.0849494 -3.92747 -7.70999
67.16 -9.25325 -7.36956 0.0958369 -0.998674 -0.11008 -1.55618 -8.29581 -3.27859 -10.3304 1.27638 8.05628 2.60902 -4.75135 -8.97755 1.22636 -11.4739 -0.100337 11.171 2.83934 -5.70237 -2.73571 3.07301 -10.332 -2.59692 7.24913 1.43775 -4.84306 1.05923 -2.73032 -7.59641 -5.14601 0.824388 -0.987264 -2.07966 1.77238 -5.97116 -7.27149 -4.16524 -2.96168 -1.01073 -0.582548 -3.73432 -9.73118 -7.64336 -0.0536095 -1.58864 -0.269612 -3.42703 -7.22321
67.21 -9.54292 -7.30758 -0.516791 -1.66673 -0.290555 -1.24118 -7.93095 -4.47938 -9.6576 1.34172 7.36504 2.2271 -4.53245 -9.41896 0.835967 -11.5246 0.0852855 11.2266 2.96257 -5.60077 -3.51211 3.05158 -10.589 -2.13096 8.03807 1.69595 -5.23518 0.563263 -1.9619 -7.8036 -5.14497 1.60916 -0.804033 -2.23985 2.17533 -5.51286 -7.28917 -4.33343 -2.75712 -1.08031 -0.669597 -3.06248 -9.93558 -7.51411 -0.510545 -2.0577 -0.433669 -2.98184 -6.72341
67.26 -9.67927 -7.27133 -1.09295 -2.25719 -0.453716 -0.988624 -7.54387 -5.53293 -9.01565 1.28584 6.54486 1.83518 -4.25052 -9.71413 0.422395 -11.5437 0.253179 11.0389 3.05868 -5.48214 -4.41108 2.89457 -10.81 -1.68765 8.76991 1.92963 -5.54229 0.0575826 -0.917813 -8.15031 -5.01346 2.47262 -0.51182 -2.44965 2.41848 -5.07111 -7.31142 -4.4721 -2.38795 -1.1308 -0.777953 -2.30555 -9.99508 -7.42496 -0.947607 -2.47636 -0.580727 -2.59374 -6.21943
67.31 -9.63723 -7.25177 -1.64631 -2.76816 -0.601961 -0.808781 -7.14366 -6.41653 -8.4814 1.07651 5.59951 1.46776 -3.90661 -9.85612 -0.0294972 -11.5211 0.413386 10.6296 3.11867 -5.3529 -5.37559 2.65397 -10.9976 -1.28004 9.43466 2.14308 -5.75165 -0.449473 0.319666 -8.62373 -4.7131 3.38675 -0.117106 -2.752 2.48321 -4.63988 -7.34045 -4.59136 -1.89473 -1.15942 -0.900481 -1.47212 -9.90761 -7.36372 -1.36195 -2.82437 -0.713222 -2.25998 -5.71328
67.36 -9.40046 -7.24282 -2.19352 -3.19765 -0.737059 -0.706598 -6.73619 -7.16373 -8.07365 0.72495 4.58757 1.13462 -3.51466 -9.84498 -0.548486 -11.4376 0.572058 10.0952 3.13005 -5.21811 -6.3172 2.36474 -11.155 -0.918678 10.0227 2.33912 -5.86205 -0.958864 1.43424 -9.10789 -4.28504 4.31222 0.301419 -3.16411 2.36471 -4.20613 -7.37988 -4.70197 -1.32624 -1.16318 -1.03405 -0.611307 -9.6736 -7.32179 -1.75659 -3.0824 -0.832645 -1.97543 -5.2004
67.41 -8.97274 -7.24052 -2.74614 -3.54415 -0.860237 -0.676438 -6.32436 -7.79207 -7.78051 0.280059 3.56539 0.83675 -3.09644 -9.68791 -1.18833 -11.2583 0.730178 9.51419 3.07333 -5.07989 -7.17275 2.04454 -11.2853 -0.607853 10.5229 2.51925 -5.88996 -1.48166 2.25773 -9.53571 -3.80564 5.22094 0.687841 -3.64991 2.08954 -3.74858 -7.43595 -4.80798 -0.708888 -1.13785 -1.17877 0.207956 -9.29903 -7.29318 -2.1362 -3.23089 -0.939704 -1.73428 -4.66967
67.46 -8.39026 -7.24234 -3.30234 -3.80673 -0.972256 -0.703478 -5.90818 -8.30126 -7.57834 -0.202915 2.56617 0.571692 -2.67572 -9.39943 -2.03763 -10.9244 0.881968 8.91126 2.91696 -4.93423 -7.9142 1.70156 -11.391 -0.345437 10.9183 2.6837 -5.8587 -2.04263 2.78624 -9.90227 -3.31824 6.10116 1.03017 -4.15249 1.70196 -3.23506 -7.52038 -4.90061 -0.0400862 -1.07565 -1.33764 0.933494 -8.7978 -7.27383 -2.50422 -3.24937 -1.03443 -1.53093 -4.10385
67.51 -7.71987 -7.24675 -3.84443 -3.98422 -1.07343 -0.769855 -5.48472 -8.68205 -7.44381 -0.684718 1.61105 0.335525 -2.2738 -9.0015 -3.14818 -10.3877 1.01038 8.27118 2.63411 -4.76659 -8.52685 1.34016 -11.473 -0.124489 11.1791 2.8313 -5.78749 -2.68298 3.05574 -10.2167 -2.83665 6.94684 1.33237 -4.62392 1.24511 -2.6124 -7.65623 -4.95601 0.697379 -0.961083 -1.51766 1.53364 -8.19325 -7.26106 -2.86148 -3.11998 -1.11626 -1.36053 -3.48226
67.56 -7.03308 -7.25311 -4.34767 -4.07341 -1.16357 -0.860086 -5.04789 -8.92243 -7.35782 -1.14552 0.715974 0.124075 -1.90889 -8.52202 -4.34879 -9.72094 1.0797 7.55174 2.26092 -4.55357 -8.99566 0.961435 -11.5301 0.065362 11.2538 2.95903 -5.68906 -3.44371 3.11001 -10.4872 -2.36529 7.74973 1.60153 -5.03139 0.752434 -1.79098 -7.88725 -4.93236 1.51529 -0.765078 -1.73376 1.98704 -7.51704 -7.25334 -3.20653 -2.83956 -1.18413 -1.21908 -2.7871
67.61 -6.37757 -7.26159 -4.79265 -4.06735 -1.24185 -0.963386 -4.58833 -9.01311 -7.30518 -1.57932 -0.107579 -0.066447 -1.59812 -7.99025 -5.41691 -9.07218 1.03981 6.70732 1.87057 -4.27853 -9.30827 0.560996 -11.5582 0.235991 11.0899 3.06151 -5.57173 -4.32944 2.99929 -10.7194 -1.91101 8.49925 1.84405 -5.35247 0.24586 -0.687235 -8.265 -4.77214 2.40293 -0.45351 -2.01634 2.27231 -6.80434 -7.25019 -3.53791 -2.43497 -1.23679 -1.10346 -2.01135
67.66 -5.77067 -7.27326 -5.17023 -3.95473 -1.30668 -1.0736 -4.09399 -8.95296 -7.27454 -1.9871 -0.851737 -0.239197 -1.35718 -7.43141 -6.31278 -8.52615 0.853029 5.73923 1.50165 -3.94092 -9.46094 0.127037 -11.5491 0.39787 10.7007 3.13075 -5.44184 -5.2884 2.77498 -10.9167 -1.48555 9.18486 2.06481 -5.57231 -0.263207 0.550081 -8.75144 -4.44735 3.32708 -0.0497377 -2.40485 2.36682 -6.0855 -7.25247 -3.85732 -1.95913 -1.27303 -1.01129 -1.17101
67.71 -5.20888 -7.29016 -5.479 -3.7225 -1.35553 -1.18795 -3.55301 -8.75232 -7.25814 -2.37109 -1.5098 -0.396637 -1.19518 -6.86313 -7.06691 -8.10627 0.523519 4.70731 1.16576 -3.55341 -9.45968 -0.363306 -11.4874 0.557833 10.1788 3.15602 -5.30471 -6.23273 2.47918 -11.0829 -1.10115 9.79673 2.26707 -5.69163 -0.772756 1.60116 -9.22795 -4.01087 4.25113 0.363294 -2.90345 2.26883 -5.3777 -7.26291 -4.16817 -1.46388 -1.29135 -0.940852 -0.319278
67.76 -4.67795 -7.31566 -5.72078 -3.36408 -1.38469 -1.30563 -2.96091 -8.43325 -7.25089 -2.73156 -2.0735 -0.54055 -1.10955 -6.29428 -7.69698 -7.80278 0.0954774 3.67378 0.864786 -3.13701 -9.31958 -0.953186 -11.3446 0.717894 9.60743 3.12126 -5.1637 -7.09579 2.14032 -11.2217 -0.765335 10.3246 2.45269 -5.72875 -1.29025 2.34221 -9.64376 -3.5328 5.15382 0.73975 -3.4671 2.00951 -4.68176 -7.28723 -4.46829 -0.978688 -1.28882 -0.89131 0.479638
67.81 -4.15717 -7.35519 -5.89676 -2.88947 -1.38901 -1.42679 -2.32958 -8.02659 -7.2494 -3.06604 -2.53095 -0.672046 -1.08729 -5.72484 -8.20228 -7.59249 -0.37726 2.67522 0.596824 -2.71537 -9.06263 -1.71978 -11.0698 0.874186 9.0168 2.99927 -5.01755 -7.84744 1.77537 -11.3357 -0.479027 10.7544 2.6222 -5.70665 -1.83525 2.78782 -9.99935 -3.04819 6.02936 1.0724 -4.03867 1.63525 -3.97971 -7.33627 -4.74479 -0.511972 -1.25905 -0.863456 1.18079
67.86 -3.61783 -7.418 -6.0044 -2.32312 -1.36098 -1.55236 -1.68779 -7.56604 -7.25151 -3.37072 -2.86531 -0.791548 -1.1113 -5.14574 -8.57291 -7.45171 -0.855256 1.73101 0.3583 -2.3098 -8.71433 -2.7468 -10.6012 1.01396 8.39757 2.75632 -4.85598 -8.47344 1.39357 -11.4256 -0.237472 11.0618 2.7747 -5.64368 -2.44365 2.98365 -10.3043 -2.56887 6.87509 1.36634 -4.57299 1.18982 -3.2232 -7.43122 -4.97264 -0.062305 -1.18836 -0.861342 1.75889
67.91 -3.01506 -7.52111 -6.03358 -1.68551 -1.28818 -1.68517 -1.0695 -7.08167 -7.25589 -3.64256 -3.054 -0.898757 -1.16618 -4.53808 -8.79684 -7.36115 -1.31805 0.85216 0.145178 -1.93795 -8.30022 -3.94798 -9.96097 1.10846 7.71308 2.40227 -4.6576 -8.95935 0.99829 -11.4901 -0.0317194 11.2028 2.90754 -5.55249 -3.16025 2.98477 -10.5665 -2.1021 7.68319 1.62868 -5.03947 0.706739 -2.30054 -7.61706 -5.10994 0.37378 -1.04713 -0.896398 2.19974
67.96 -2.27011 -7.69798 -5.9602 -0.978505 -1.14746 -1.83291 -0.504056 -6.59568 -7.26189 -3.88106 -3.06943 -0.992592 -1.2409 -3.87219 -8.86571 -7.30557 -1.75853 0.0452646 -0.0463521 -1.61578 -7.84321 -5.07352 -9.29171 1.11079 6.91356 2.00855 -4.40148 -9.29047 0.585914 -11.525 0.149726 11.1189 3.0157 -5.44228 -4.00557 2.85204 -10.7909 -1.65888 8.44164 1.86562 -5.41572 0.208133 -0.997874 -7.97921 -5.08602 0.799301 -0.77911 -0.998438 2.49022
68.01 -1.26018 -8.00612 -5.73743 -0.190384 -0.899772 -2.01492 -0.0187838 -6.12154 -7.2695 -4.08933 -2.88808 -1.07119 -1.32882 -3.11091 -8.78061 -7.27326 -2.17594 -0.68518 -0.219553 -1.35884 -7.36184 -6.02484 -8.70486 0.975372 5.97878 1.62763 -4.08129 -9.4595 0.14427 -11.5221 0.318086 10.7924 3.09126 -5.32057 -4.94795 2.63998 -10.9796 -1.25275 9.13798 2.08181 -5.68092 -0.294357 0.717162 -8.5311 -4.829 1.2172 -0.369444 -1.2275 2.60808
68.06 0.0346583 -8.46937 -5.31068 0.678843 -0.526118 -2.26945 0.351284 -5.66481 -7.27933 -4.27489 -2.51686 -1.13216 -1.42639 -2.23081 -8.55583 -7.25603 -2.57014 -1.33493 -0.377031 -1.17856 -6.8694 -6.8242 -8.24105 0.690184 4.95386 1.27763 -3.70551 -9.46968 -0.350355 -11.4658 0.481576 10.2952 3.12304 -5.19333 -5.90599 2.3829 -11.135 -0.894237 9.76078 2.28042 -5.82663 -0.798474 2.35001 -9.09003 -4.38925 1.62802 0.0658819 -1.62593 2.54094
68.11 1.30746 -8.97806 -4.69414 1.59375 -0.096947 -2.63158 0.568927 -5.22345 -7.29274 -4.44939 -2.01345 -1.17329 -1.53153 -1.26871 -8.21846 -7.24851 -2.93857 -1.89845 -0.520724 -1.07629 -6.37357 -7.49668 -7.89952 0.288395 3.90811 0.962728 -3.29292 -9.33478 -0.941888 -11.3278 0.643715 9.72249 3.09451 -5.06373 -6.80035 2.09638 -11.2613 -0.587325 10.2988 2.46329 -5.87195 -1.31148 3.59955 -9.56957 -3.88277 2.03082 0.453074 -2.16288 2.31311
68.16 2.28438 -9.43431 -3.96685 2.50433 0.310543 -3.09075 0.620672 -4.78872 -7.31203 -4.62319 -1.4475 -1.19297 -1.64242 -0.315236 -7.80338 -7.2472 -3.27628 -2.36774 -0.65192 -1.04185 -5.87615 -8.04692 -7.66 -0.175569 2.88871 0.681992 -2.86724 -9.07718 -1.70811 -11.0577 0.801902 9.12119 2.97839 -4.92975 -7.58898 1.78719 -11.3623 -0.329652 10.7375 2.63105 -5.84736 -1.85278 4.42593 -9.97791 -3.36928 2.42834 0.783688 -2.77289 1.96873
68.21 2.88052 -9.824 -3.17504 3.38273 0.672394 -3.60143 0.52138 -4.34799 -7.34101 -4.79862 -0.847997 -1.18936 -1.7572 0.550116 -7.34544 -7.24988 -3.57805 -2.73158 -0.771262 -1.05866 -5.37302 -8.46704 -7.49814 -0.655479 1.92111 0.432255 -2.4517 -8.72405 -2.73424 -10.5932 0.944168 8.49023 2.7408 -4.78024 -8.25271 1.45942 -11.4404 -0.11439 11.0528 2.78311 -5.77746 -2.45819 4.85126 -10.3318 -2.86498 2.8277 1.06509 -3.39666 1.55124
68.26 3.06963 -10.1568 -2.32069 4.22213 0.988751 -4.1149 0.300326 -3.88457 -7.38602 -4.96799 -0.205414 -1.15891 -1.87483 1.27573 -6.87266 -7.25521 -3.84072 -2.97508 -0.878745 -1.11016 -4.85418 -8.74448 -7.39284 -1.12431 1.01928 0.20954 -2.06638 -8.30303 -3.93691 -9.95528 1.04197 7.79602 2.39096 -4.59309 -8.77582 1.11564 -11.4964 0.0683926 11.2013 2.91733 -5.67798 -3.17271 4.92186 -10.6433 -2.37341 3.23585 1.30665 -3.99403 1.0948
68.31 2.90814 -10.4425 -1.41495 5.02008 1.26584 -4.59429 -0.0111296 -3.37277 -7.45807 -5.11473 0.499579 -1.09434 -1.99652 1.83008 -6.40351 -7.26258 -4.06428 -3.07964 -0.973678 -1.18364 -4.30396 -8.86819 -7.32711 -1.57117 0.191242 0.00991071 -1.7295 -7.83871 -5.06556 -9.28672 1.04811 6.98973 2.00032 -4.34702 -9.14342 0.75469 -11.5287 0.230478 11.1257 3.02964 -5.5588 -4.01705 4.70841 -10.9205 -1.90091 3.65322 1.5167 -4.54197 0.622584
68.36 2.57507 -10.6875 -0.519172 5.76979 1.51024 -5.01594 -0.386108 -2.76698 -7.57773 -5.2134 1.27454 -0.981661 -2.12784 2.20559 -5.94753 -7.27197 -4.25161 -3.02528 -1.05467 -1.27103 -3.70206 -8.83498 -7.28785 -1.99425 -0.557932 -0.1701 -1.45814 -7.35059 -6.01934 -8.69997 0.916494 6.05129 1.6219 -4.03578 -9.34816 0.369801 -11.5327 0.383039 10.8099 3.1138 -5.42731 -4.95923 4.30047 -11.1688 -1.45961 4.07117 1.7018 -5.02921 0.147832
68.41 2.24463 -10.896 0.294887 6.4601 1.72753 -5.36527 -0.804609 -1.98453 -7.78432 -5.22576 2.11628 -0.794633 -2.28264 2.41783 -5.50767 -7.28404 -4.40783 -2.79988 -1.11964 -1.36799 -3.02801 -8.65411 -7.26586 -2.3943 -1.2238 -0.333316 -1.26467 -6.85226 -6.81986 -8.23602 0.634709 5.02531 1.27403 -3.66805 -9.3928 -0.0528865 -11.4991 0.53419 10.3281 3.16178 -5.28984 -5.91775 3.78818 -11.3918 -1.06248 4.47542 1.86678 -5.45242 -0.324543
68.46 1.98073 -11.0711 0.993417 7.07763 1.92224 -5.63113 -1.25401 -0.923324 -8.13326 -5.09768 3.01231 -0.49678 -2.49052 2.48409 -5.0822 -7.30014 -4.54022 -2.41567 -1.16606 -1.47233 -2.26923 -8.34824 -7.25503 -2.77042 -1.80067 -0.481875 -1.15087 -6.35135 -7.49214 -7.89409 0.235633 3.97976 0.960943 -3.26265 -9.29013 -0.538806 -11.4105 0.687687 9.77795 3.16316 -5.15125 -6.81412 3.24317 -11.5918 -0.717402 4.85047 2.01485 -5.81374 -0.796958
68.51 1.77144 -11.2154 1.57506 7.607 2.0979 -5.80328 -1.72902 0.3355 -8.61175 -4.79196 3.93538 -0.0948112 -2.7958 2.4053 -4.66506 -7.32257 -4.65872 -1.91462 -1.19133 -1.58267 -1.43421 -7.95023 -7.25137 -3.11888 -2.28031 -0.617237 -1.1067 -5.84972 -8.04104 -7.65369 -0.226706 2.96045 0.681734 -2.84298 -9.06123 -1.13474 -11.2355 0.842335 9.21119 3.10136 -5.0132 -7.60815 2.71115 -11.7701 -0.425292 5.18094 2.14782 -6.11852 -1.27974
68.56 1.58131 -11.3321 2.05209 8.02922 2.25669 -5.88115 -2.23163 1.46818 -9.1002 -4.35337 4.85261 0.33006 -3.21549 2.18238 -4.24416 -7.35499 -4.77377 -1.34559 -1.19271 -1.69778 -0.571477 -7.49622 -7.25229 -3.43457 -2.65134 -0.740191 -1.1156 -5.34342 -8.45918 -7.49019 -0.706706 1.9919 0.433255 -2.43134 -8.73216 -1.91879 -10.9214 0.991078 8.63643 2.94863 -4.87147 -8.2845 2.21537 -11.9266 -0.181526 5.44928 2.26636 -6.37339 -1.79405
68.61 1.37844 -11.4246 2.44014 8.31998 2.39925 -5.88119 -2.77101 2.30512 -9.53072 -3.86217 5.74292 0.721097 -3.71096 1.8393 -3.80008 -7.40354 -4.88884 -0.734644 -1.16643 -1.81696 0.250259 -7.01793 -7.25619 -3.71345 -2.89893 -0.850853 -1.16103 -4.8224 -8.7352 -7.3826 -1.17804 1.08767 0.211556 -2.04571 -8.33003 -2.95131 -10.4175 1.11733 8.03616 2.67722 -4.71219 -8.83292 1.76378 -12.0606 0.0221129 5.62966 2.37005 -6.58492 -2.37493
68.66 1.14374 -11.4948 2.75427 8.4502 2.52459 -5.82624 -3.36207 2.8434 -9.8991 -3.36321 6.59948 1.06679 -4.22286 1.41354 -3.30384 -7.47923 -4.99443 -0.0789341 -1.10547 -1.94125 0.979025 -6.53811 -7.26227 -3.95417 -3.00488 -0.948644 -1.23028 -4.27054 -8.85955 -7.31495 -1.62997 0.255679 0.0127228 -1.70051 -7.87957 -4.10538 -9.77168 1.1876 7.37291 2.31058 -4.51192 -9.23931 1.35462 -12.1706 0.19634 5.67925 2.45736 -6.75892 -3.06025
68.71 0.86899 -11.5425 3.00761 8.39454 2.63008 -5.73445 -4.01894 3.11846 -10.215 -2.87012 7.41863 1.3716 -4.70219 0.940084 -2.7077 -7.60295 -5.06667 0.640326 -0.995919 -2.07574 1.58344 -6.06981 -7.27039 -4.15844 -2.95001 -1.03228 -1.31514 -3.66716 -8.82975 -7.27477 -2.05996 -0.499025 -0.166689 -1.40967 -7.401 -5.15598 -9.12411 1.15293 6.59878 1.91826 -4.25115 -9.49014 0.978952 -12.2547 0.353152 5.54141 2.52554 -6.89999 -3.8634
68.76 0.550901 -11.5652 3.21118 8.15302 2.71157 -5.61709 -4.74039 3.17322 -10.4869 -2.38652 8.19273 1.64288 -5.11637 0.444386 -1.92895 -7.81451 -5.06516 1.44005 -0.811202 -2.23373 2.04284 -5.61825 -7.28106 -4.33065 -2.72373 -1.09979 -1.41091 -2.99184 -8.65517 -7.25264 -2.46752 -1.17206 -0.329489 -1.187 -6.90896 -6.03869 -8.56916 0.973214 5.69007 1.54404 -3.92615 -9.58059 0.622685 -12.3099 0.503469 5.19122 2.57058 -7.01138 -4.75816
68.81 0.18484 -11.5564 3.37383 7.76771 2.7635 -5.48095 -5.49831 3.05844 -10.7205 -1.91879 8.91113 1.88718 -5.44402 -0.0585038 -0.872644 -8.16751 -4.93282 2.31737 -0.515616 -2.44428 2.3374 -5.18297 -7.29555 -4.47771 -2.34032 -1.14883 -1.51493 -2.23288 -8.35872 -7.24211 -2.85039 -1.75791 -0.477814 -1.04133 -6.4122 -6.78195 -8.13725 0.648008 4.6837 1.20224 -3.54773 -9.51725 0.267967 -12.3318 0.655035 4.68661 2.588 -7.09492 -5.67535
68.86 -0.241542 -11.5042 3.50244 7.30211 2.77841 -5.33085 -6.24983 2.82819 -10.9194 -1.47894 9.56282 2.10939 -5.67052 -0.562937 0.365298 -8.64408 -4.63203 3.24378 -0.118862 -2.75015 2.4447 -4.7586 -7.31598 -4.6095 -1.84304 -1.17696 -1.62518 -1.40054 -7.97339 -7.23901 -3.20353 -2.24865 -0.613133 -0.970853 -5.91372 -7.40888 -7.82201 0.218699 3.64902 0.895473 -3.13596 -9.31744 -0.108165 -12.3125 0.811557 4.1238 2.57324 -7.15115 -6.53925
68.91 -0.756982 -11.3865 3.60175 6.80413 2.74456 -5.17027 -6.95952 2.52752 -11.0869 -1.07991 10.1368 2.3128 -5.79465 -1.07222 1.46583 -9.12706 -4.20591 4.1806 0.299056 -3.167 2.35875 -4.33357 -7.3458 -4.73648 -1.2804 -1.18175 -1.73985 -0.544589 -7.53472 -7.24071 -3.52103 -2.63333 -0.736264 -0.963303 -5.41066 -7.92078 -7.60119 -0.260487 2.63883 0.622106 -2.71412 -9.00624 -0.539409 -12.2381 0.972843 3.56522 2.51992 -7.17898 -7.30589
68.96 -1.42011 -11.1631 3.6736 6.29314 2.6412 -4.99907 -7.6053 2.18611 -11.2267 -0.729599 10.6201 2.4992 -5.83351 -1.6002 2.26986 -9.55278 -3.7296 5.10073 0.68409 -3.65798 2.10678 -3.88949 -7.39066 -4.86245 -0.677757 -1.15978 -1.85766 0.267286 -7.07302 -7.24559 -3.79867 -2.89766 -0.847376 -1.00188 -4.89404 -8.30696 -7.45065 -0.748524 1.68222 0.378721 -2.30293 -8.61199 -1.08384 -12.0808 1.13557 3.03354 2.41545 -7.17411 -7.95752
69.01 -2.32064 -10.7728 3.71418 5.76423 2.43638 -4.80849 -8.17089 1.82083 -11.3415 -0.428289 10.9935 2.66904 -5.81081 -2.17544 2.77787 -9.91762 -3.24482 5.99287 1.02514 -4.16669 1.73452 -3.39941 -7.46061 -4.979 -0.0323126 -1.10475 -1.9792 0.984721 -6.60937 -7.25273 -4.03554 -3.02398 -0.945979 -1.07124 -4.34876 -8.55392 -7.35071 -1.22407 0.794071 0.161359 -1.91731 -8.16178 -1.84861 -11.7873 1.29391 2.53051 2.23427 -7.12494 -8.4842
69.06 -3.46772 -10.1893 3.70661 5.19086 2.11637 -4.57607 -8.63623 1.44018 -11.4322 -0.169251 11.2223 2.82121 -5.74608 -2.8415 3.02841 -10.2308 -2.76512 6.85095 1.32633 -4.646 1.28696 -2.81959 -7.57451 -5.06423 0.674329 -1.00411 -2.10889 1.57794 -6.15566 -7.26187 -4.23402 -2.99318 -1.03091 -1.16039 -3.7548 -8.65111 -7.28735 -1.67982 -0.017857 -0.0337845 -1.56636 -7.67847 -2.97191 -11.2847 1.43823 2.04903 1.94191 -7.00415 -8.8708
69.11 -4.64752 -9.51758 3.61221 4.52765 1.7354 -4.27557 -8.97752 1.04605 -11.498 0.0593323 11.2514 2.95274 -5.65247 -3.63384 3.06847 -10.5007 -2.29572 7.66651 1.59473 -5.06407 0.799277 -2.07333 -7.76869 -5.08085 1.45972 -0.833535 -2.25872 2.02847 -5.71674 -7.27328 -4.39912 -2.79296 -1.10036 -1.2627 -3.09154 -8.59455 -7.251 -2.11423 -0.748788 -0.209998 -1.25555 -7.17913 -4.37782 -10.5956 1.55021 1.57909 1.55668 -6.76786 -9.09311
69.16 -5.68341 -8.89444 3.37961 3.73725 1.35991 -3.90119 -9.18009 0.633543 -11.5349 0.270465 11.0368 3.05827 -5.53887 -4.54609 2.95185 -10.7329 -1.84469 8.42894 1.8367 -5.39972 0.294838 -1.05902 -8.09783 -4.97392 2.32344 -0.556699 -2.45534 2.3197 -5.29263 -7.28786 -4.53824 -2.43389 -1.15211 -1.37444 -2.34557 -8.39108 -7.23385 -2.52559 -1.39411 -0.369919 -0.990056 -6.67476 -5.73981 -9.87404 1.59869 1.11215 1.16343 -6.39256 -9.13611
69.21 -6.56822 -8.38501 2.97771 2.84061 1.01693 -3.47093 -9.24484 0.190675 -11.535 0.473831 10.6149 3.13015 -5.41221 -5.5158 2.73219 -10.9305 -1.42439 9.12775 2.05707 -5.63751 -0.21382 0.174995 -8.5633 -4.69807 3.23951 -0.170881 -2.74161 2.43121 -4.87934 -7.30726 -4.66155 -1.95662 -1.18393 -1.49319 -1.52237 -8.06304 -7.2292 -2.90973 -1.94742 -0.515494 -0.777056 -6.17043 -6.89429 -9.22401 1.54507 0.642051 0.810506 -5.90194 -9.011
69.26 -7.3361 -8.0012 2.42388 1.90882 0.711423 -3.01383 -9.18508 -0.304829 -11.4832 0.673644 10.0868 3.1584 -5.27835 -6.45668 2.45028 -11.0968 -1.04679 9.75327 2.25916 -5.77325 -0.723708 1.31752 -9.05309 -4.28426 4.16965 0.249018 -3.14089 2.35399 -4.46756 -7.33422 -4.7806 -1.41174 -1.19369 -1.61688 -0.665284 -7.6459 -7.23223 -3.26045 -2.39932 -0.647979 -0.624954 -5.66536 -7.83081 -8.68409 1.36028 0.163135 0.505776 -5.34389 -8.74763
69.31 -8.00589 -7.72757 1.77462 1.00215 0.441217 -2.55887 -9.02111 -0.894647 -11.3519 0.868693 9.52724 3.12785 -5.14098 -7.31323 2.13006 -11.2352 -0.718599 10.2953 2.44486 -5.82137 -1.24131 2.1721 -9.48969 -3.80979 5.0851 0.640559 -3.62263 2.11088 -4.04186 -7.37336 -4.90149 -0.829901 -1.17872 -1.7437 0.15805 -7.17846 -7.23989 -3.57173 -2.73684 -0.767928 -0.539209 -5.15282 -8.57433 -8.26349 1.04609 -0.328891 0.244315 -4.76515 -8.38201
69.36 -8.5812 -7.53965 1.09252 0.151629 0.202051 -2.12848 -8.77535 -1.65434 -11.0915 1.05273 8.95974 3.01213 -4.99915 -8.06426 1.784 -11.3485 -0.439917 10.7403 2.61482 -5.80528 -1.78502 2.72527 -9.86424 -3.3228 5.97339 0.988163 -4.13063 1.74561 -3.58001 -7.43265 -5.01888 -0.212868 -1.13419 -1.87303 0.893912 -6.69314 -7.25058 -3.84013 -2.94314 -0.875171 -0.517619 -4.6199 -9.14925 -7.95222 0.63772 -0.832608 0.0186232 -4.20119 -7.94811
69.41 -9.05545 -7.41475 0.423175 -0.629627 -0.0106628 -1.73716 -8.46895 -2.67236 -10.6378 1.21247 8.37311 2.77662 -4.84297 -8.70098 1.41879 -11.4378 -0.205524 11.0648 2.76827 -5.74528 -2.38961 3.0135 -10.1856 -2.83986 6.82851 1.29488 -4.61577 1.30287 -3.04725 -7.52678 -5.11481 0.456187 -1.05052 -2.00718 1.51034 -6.2114 -7.26376 -4.06575 -2.99819 -0.968782 -0.549918 -4.04796 -9.57178 -7.72976 0.182892 -1.33711 -0.178365 -3.67551 -7.47373
69.46 -9.41305 -7.33519 -0.210261 -1.33647 -0.201091 -1.39426 -8.11998 -3.87827 -10.0044 1.3206 7.73054 2.42665 -4.65123 -9.21201 1.0373 -11.5023 -0.00632752 11.2264 2.90278 -5.65523 -3.10029 3.08317 -10.4627 -2.36652 7.64243 1.56773 -5.04495 0.81825 -2.38256 -7.68392 -5.15801 1.19849 -0.908809 -2.15427 1.98888 -5.74419 -7.2797 -4.25192 -2.88336 -1.04706 -0.621964 -3.41502 -9.84938 -7.57403 -0.279633 -1.82364 -0.352389 -3.20154 -6.97901
69.51 -9.63073 -7.28719 -0.803746 -1.96663 -0.372716 -1.1086 -7.74286 -5.01948 -9.33202 1.33229 6.9799 2.03291 -4.40224 -9.5829 0.636832 -11.5384 0.169176 11.166 3.01365 -5.5444 -3.94031 2.98816 -10.7016 -1.91012 8.40468 1.81327 -5.39728 0.315863 -1.48734 -7.9537 -5.10046 2.0238 -0.676067 -2.33395 2.31566 -5.29439 -7.2994 -4.40456 -2.59477 -1.10762 -0.720629 -2.70224 -9.98301 -7.46623 -0.727757 -2.2706 -0.507737 -2.78447 -6.47649
69.56 -9.68225 -7.26006 -1.36664 -2.51828 -0.52829 -0.890632 -7.34841 -5.98579 -8.73775 1.20276 6.09332 1.65082 -4.08883 -9.80327 0.207035 -11.5388 0.33226 10.8604 3.09335 -5.41983 -4.8819 2.78455 -10.906 -1.48269 9.10482 2.0366 -5.65764 -0.190956 -0.316517 -8.37309 -4.88682 2.91687 -0.326973 -2.58396 2.47353 -4.85894 -7.32463 -4.53228 -2.15838 -1.14775 -0.836558 -1.90447 -9.97061 -7.39204 -1.15355 -2.65706 -0.647412 -2.42356 -5.9716
69.61 -9.54565 -7.24632 -1.91501 -2.98946 -0.669891 -0.74891 -6.94409 -6.7988 -8.26567 0.919246 5.10686 1.29975 -3.71897 -9.8696 -0.272957 -11.4895 0.491252 10.3768 3.13136 -5.28736 -5.84566 2.51696 -11.0784 -1.09677 9.7332 2.24124 -5.81746 -0.698461 0.897841 -8.86615 -4.51405 3.8412 0.0899577 -2.94155 2.44709 -4.4286 -7.35819 -4.64616 -1.62302 -1.16458 -0.964676 -1.04912 -9.81094 -7.34117 -1.55767 -2.96334 -0.773361 -2.11464 -5.46313
69.66 -9.21281 -7.24104 -2.4641 -3.37832 -0.799009 -0.68349 -6.53429 -7.48678 -7.91678 0.514589 4.08444 0.984072 -3.31114 -9.78544 -0.842314 -11.3648 0.649906 9.81321 3.11246 -5.1509 -6.75031 2.2111 -11.2221 -0.760067 10.2798 2.42937 -5.88458 -1.21231 1.87642 -9.32567 -4.05278 4.76079 0.496256 -3.3966 2.24684 -3.98638 -7.40475 -4.75472 -1.02925 -1.15476 -1.10352 -0.200643 -9.50681 -7.30638 -1.94438 -3.17016 -0.886676 -1.8521 -4.94329
69.71 -8.70229 -7.24101 -3.01976 -3.68369 -0.916637 -0.683622 -6.12051 -8.0574 -7.67142 0.0448127 3.07041 0.702745 -2.8888 -9.56153 -1.57227 -11.1183 0.806192 9.22125 3.01152 -5.01008 -7.55201 1.87901 -11.3401 -0.473564 10.7313 2.60188 -5.88068 -1.74968 2.55174 -9.72255 -3.5664 5.65636 0.861083 -3.89755 1.91078 -3.50637 -7.47275 -4.85617 -0.388347 -1.11268 -1.2546 0.577714 -9.06781 -7.28273 -2.31802 -3.25745 -0.987724 -1.63015 -4.39782
69.76 -8.06717 -7.24424 -3.572 -3.90469 -1.02332 -0.732159 -5.70131 -8.50501 -7.50512 -0.441211 2.09056 0.452396 -2.47487 -9.2161 -2.55371 -10.6861 0.949669 8.60397 2.79392 -4.85623 -8.23201 1.52661 -11.4342 -0.232576 11.0657 2.75831 -5.82786 -2.34364 2.94816 -10.0624 -3.0811 6.52047 1.1829 -4.38986 1.48436 -2.94792 -7.57846 -4.93453 0.311831 -1.02744 -1.42262 1.24483 -8.51241 -7.26686 -2.68083 -3.20514 -1.07623 -1.44351 -3.80725
69.81 -7.38081 -7.24964 -4.09801 -4.03939 -1.11913 -0.811918 -5.27225 -8.81835 -7.39655 -0.914163 1.16321 0.22887 -2.08895 -8.7744 -3.74333 -10.0673 1.05486 7.93141 2.45751 -4.66927 -8.77598 1.15685 -11.5043 -0.0283156 11.2429 2.89668 -5.74205 -3.03938 3.10626 -10.3544 -2.60399 7.34641 1.46802 -4.83323 1.00649 -2.2414 -7.75397 -4.95765 1.0884 -0.877546 -1.6177 1.77549 -7.86837 -7.2567 -3.03236 -3.00047 -1.15136 -1.28775 -3.15131
69.86 -6.70545 -7.25696 -4.57441 -4.08293 -1.20359 -0.909612 -4.82562 -8.98601 -7.3286 -1.36188 0.302081 0.028131 -1.74848 -8.26571 -4.89495 -9.39355 1.07696 7.15479 2.06839 -4.42693 -9.16923 0.768446 -11.5479 0.150656 11.2049 3.01287 -5.63349 -3.86412 3.07305 -10.6056 -2.1398 8.12449 1.72341 -5.20072 0.504939 -1.28443 -8.05291 -4.87426 1.94353 -0.627634 -1.86143 2.14942 -7.16995 -7.2512 -3.37075 -2.65372 -1.21193 -1.15931 -2.41653
69.91 -6.07325 -7.26682 -4.98682 -4.02616 -1.27552 -1.01684 -4.35057 -9.00213 -7.28793 -1.7826 -0.483332 -0.153315 -1.47025 -7.71791 -5.87581 -8.78919 0.967633 6.24508 1.68598 -4.12034 -9.40323 0.353597 -11.5592 0.315882 10.9225 3.10021 -5.50927 -4.7957 2.90058 -10.8203 -1.698 8.84395 1.95476 -5.47332 -0.00368094 -0.0752131 -8.49782 -4.63176 2.854 -0.261877 -2.19197 2.3434 -6.45112 -7.25051 -3.69581 -2.20691 -1.25669 -1.05545 -1.60482
69.96 -5.4898 -7.28074 -5.33047 -3.85626 -1.33288 -1.12928 -3.83456 -8.87098 -7.26506 -2.17851 -1.18609 -0.318284 -1.26756 -7.15275 -6.69857 -8.30465 0.707341 5.23669 1.33262 -3.75604 -9.47903 -0.104186 -11.5268 0.476253 10.4551 3.14947 -5.37524 -5.7583 2.63681 -11.0018 -1.29134 9.49461 2.16612 -5.64249 -0.512673 1.10185 -8.99152 -4.24218 3.78199 0.155822 -2.63763 2.3415 -5.73655 -7.25631 -4.01075 -1.71624 -1.28438 -0.97411 -0.750478
70.01 -4.94539 -7.30134 -5.60606 -3.56199 -1.37259 -1.24531 -3.26818 -8.60881 -7.25367 -2.5511 -1.79904 -0.468903 -1.1441 -6.58364 -7.39103 -7.94427 0.322612 4.19783 1.01391 -3.35144 -9.40726 -0.636112 -11.4301 0.636351 9.90191 3.14787 -5.236 -6.66851 2.31714 -11.1542 -0.930234 10.0667 2.36008 -5.71859 -1.02453 2.00376 -9.43989 -3.7786 4.69703 0.553425 -3.17542 2.15902 -5.03551 -7.27259 -4.31722 -1.22379 -1.293 -0.913947 0.0824516
70.06 -4.42243 -7.33287 -5.81552 -3.14406 -1.39031 -1.36464 -2.65411 -8.24256 -7.24959 -2.89926 -2.31233 -0.606623 -1.0916 -6.01505 -7.9608 -7.6896 -0.133494 3.17823 0.729497 -2.92956 -9.20677 -1.30061 -11.2305 0.795488 9.32018 3.07462 -5.09306 -7.47921 1.96392 -11.2806 -0.618968 10.5487 2.53782 -5.72399 -1.55213 2.59506 -9.82507 -3.29492 5.58663 0.908149 -3.74959 1.83742 -4.34026 -7.30721 -4.60809 -0.747468 -1.27824 -0.874795 0.837631
70.11 -3.89685 -7.38233 -5.95861 -2.62105 -1.3799 -1.48777 -2.01338 -7.80533 -7.25008 -3.21959 -2.71178 -0.732221 -1.09417 -5.44258 -8.40161 -7.5161 -0.612491 2.20455 0.47646 -2.51338 -8.90172 -2.18912 -10.8667 0.946071 8.71857 2.89665 -4.94139 -8.17085 1.58992 -11.3828 -0.355486 10.9226 2.6992 -5.67995 -2.12267 2.91182 -10.1547 -2.81203 6.44813 1.22094 -4.30754 1.42336 -3.62034 -7.37511 -4.86471 -0.289534 -1.2308 -0.858746 1.4807
70.16 -3.33353 -7.46206 -6.02964 -2.01815 -1.33191 -1.61635 -1.37908 -7.32977 -7.25343 -3.50841 -2.97781 -0.845773 -1.13501 -4.85248 -8.70175 -7.40207 -1.08459 1.29135 0.250888 -2.1223 -8.51804 -3.3299 -10.3012 1.06853 8.07332 2.59278 -4.76488 -8.73019 1.20147 -11.4605 -0.132813 11.1553 2.84252 -5.60184 -2.77908 3.00477 -10.4378 -2.3378 7.27675 1.49852 -4.8117 0.955994 -2.80239 -7.50665 -5.05485 0.153065 -1.13077 -0.872675 1.99292
70.21 -2.67381 -7.59571 -6.01267 -1.34746 -1.22963 -1.75504 -0.783409 -6.84239 -7.25864 -3.76374 -3.085 -0.946601 -1.20072 -4.22057 -8.85027 -7.33034 -1.53679 0.447131 0.0487953 -1.77281 -8.08025 -4.52012 -9.62768 1.12438 7.33823 2.20994 -4.54007 -9.14175 0.798756 -11.5113 0.0595251 11.1928 2.96406 -5.5003 -3.55905 2.93263 -10.6811 -1.88094 8.0621 1.74772 -5.23656 0.463222 -1.72404 -7.76668 -5.12399 0.5836 -0.935529 -0.935 2.36211
70.26 -1.8149 -7.82896 -5.87331 -0.602139 -1.04189 -1.91608 -0.253673 -6.36106 -7.26539 -3.98676 -3.00566 -1.03323 -1.28252 -3.5125 -8.84277 -7.2874 -1.96591 -0.32278 -0.133383 -1.48078 -7.60927 -5.56105 -8.99 1.06351 6.47091 1.81863 -4.25232 -9.3937 0.374145 -11.5291 0.233286 10.9866 3.05743 -5.38359 -4.45963 2.75525 -10.8878 -1.45427 8.79159 1.974 -5.56077 -0.0381433 -0.183213 -8.23596 -4.98985 1.00507 -0.590243 -1.09069 2.57111
70.31 -0.647075 -8.21837 -5.55504 0.227801 -0.72964 -2.12798 0.180046 -5.89523 -7.27398 -4.18263 -2.72701 -1.10348 -1.3755 -2.69316 -8.68658 -7.26331 -2.37208 -1.01423 -0.298593 -1.26049 -7.12113 -6.43355 -8.46154 0.853184 5.48314 1.4518 -3.90308 -9.48379 -0.0895532 -11.5025 0.39849 10.5634 3.11315 -5.25856 -5.42127 2.51821 -11.0597 -1.07055 9.45324 2.18126 -5.76669 -0.541146 1.55702 -8.81379 -4.62815 1.41966 -0.152127 -1.40214 2.59753
70.36 0.685732 -8.72222 -5.02685 1.12589 -0.316064 -2.43328 0.478942 -5.44679 -7.28535 -4.3612 -2.28129 -1.15495 -1.47701 -1.76334 -8.40259 -7.25138 -2.75415 -1.62252 -0.449112 -1.11905 -6.62642 -7.16896 -8.0594 0.504562 4.44033 1.1189 -3.50647 -9.42054 -0.624411 -11.4108 0.561214 10.0197 3.11795 -5.13002 -6.35574 2.2455 -11.2003 -0.73728 10.0359 2.37199 -5.85947 -1.04806 3.01578 -9.33526 -4.144 1.82652 0.263011 -1.87585 2.44668
70.41 1.83179 -9.21071 -4.34652 2.04399 0.108314 -2.84741 0.614762 -5.01007 -7.30127 -4.53446 -1.74039 -1.18573 -1.58522 -0.793685 -8.02258 -7.24725 -3.10822 -2.14101 -0.586559 -1.05186 -6.12995 -7.78195 -7.77093 0.0655046 3.40325 0.821035 -3.08442 -9.22231 -1.28952 -11.216 0.722198 9.43049 3.05073 -4.99898 -7.20153 1.94728 -11.3138 -0.455133 10.5275 2.54745 -5.86686 -1.57158 4.05696 -9.7776 -3.63022 2.22607 0.621946 -2.457 2.15591
70.46 2.62728 -9.63352 -3.58534 2.94053 0.49422 -3.33835 0.589211 -4.57417 -7.32472 -4.70941 -1.15733 -1.19428 -1.69824 0.124496 -7.58244 -7.24811 -3.42888 -2.56021 -0.711903 -1.04474 -5.6306 -8.26985 -7.57238 -0.41089 2.40695 0.555963 -2.661 -8.91436 -2.17713 -10.8566 0.874895 8.81706 2.87842 -4.85952 -7.93083 1.62853 -11.4034 -0.219329 10.9097 2.70767 -5.81757 -2.13877 4.6823 -10.1574 -3.12053 2.62346 0.927257 -3.08004 1.77072
70.51 3.02379 -9.9939 -2.76357 3.80001 0.833115 -3.85589 0.4261 -4.12478 -7.36056 -4.88341 -0.539214 -1.17812 -1.81446 0.92635 -7.1143 -7.25221 -3.7117 -2.86714 -0.825474 -1.08043 -5.12137 -8.62166 -7.44061 -0.887593 1.47029 0.319978 -2.25793 -8.52463 -3.31798 -10.2944 1.00024 8.16084 2.5794 -4.69474 -8.52769 1.29275 -11.4707 -0.0213952 11.1501 2.85135 -5.73165 -2.79262 4.92639 -10.4893 -2.62206 3.02653 1.18799 -3.6947 1.33055
70.56 3.02515 -10.3025 -1.87958 4.61955 1.12932 -4.35636 0.156905 -3.64173 -7.41703 -5.04427 0.132052 -1.13215 -1.93374 1.57051 -6.64159 -7.25858 -3.95502 -3.04501 -0.926934 -1.144 -4.58943 -8.82479 -7.3566 -1.34628 0.603869 0.109046 -1.89413 -8.0796 -4.51081 -9.62229 1.05967 7.41738 2.20013 -4.48057 -8.97609 0.941026 -11.5154 0.149731 11.1952 2.97548 -5.6215 -3.57109 4.84737 -10.7832 -2.13864 3.43973 1.41315 -4.26986 0.864132
70.61 2.75294 -10.5676 -0.968688 5.39498 1.38959 -4.80967 -0.188712 -3.09139 -7.50895 -5.17126 0.871292 -1.04633 -2.05908 2.03626 -6.17815 -7.2669 -4.16032 -3.07397 -1.01525 -1.22504 -4.01656 -8.87129 -7.30522 -1.78141 -0.186058 -0.0805732 -1.58738 -7.60153 -5.55466 -8.98494 1.00264 6.54479 1.81157 -4.20229 -9.26416 0.569566 -11.5346 0.305893 10.9981 3.07489 -5.49543 -4.47115 4.52679 -11.0456 -1.67971 3.85894 1.61026 -4.78888 0.389572
70.66 2.40592 -10.7942 -0.10604 6.11708 1.62005 -5.19728 -0.587114 -2.41212 -7.66479 -5.2334 1.6798 -0.901446 -2.19943 2.32889 -5.73003 -7.27748 -4.33164 -2.93613 -1.08868 -1.31749 -3.38154 -8.7637 -7.27536 -2.19315 -0.894999 -0.252043 -1.3532 -7.10708 -6.42897 -8.45648 0.795913 5.55473 1.44706 -3.86152 -9.38943 0.168433 -11.5218 0.456998 10.5876 3.1424 -5.36027 -5.43289 4.05721 -11.2811 -1.25867 4.27211 1.785 -5.24473 -0.0841634
70.71 2.10642 -10.986 0.652985 6.77343 1.82574 -5.50701 -1.02192 -1.502 -7.93515 -5.18419 2.5506 -0.664079 -2.37529 2.46821 -5.29767 -7.29131 -4.47514 -2.62926 -1.14489 -1.41827 -2.66664 -8.51797 -7.25945 -2.58177 -1.5181 -0.40785 -1.19936 -6.60689 -7.16483 -8.05413 0.450365 4.51166 1.11615 -3.47255 -9.35969 -0.281063 -11.4641 0.609124 10.0624 3.16909 -5.2218 -6.36842 3.52152 -11.4927 -0.886519 4.66395 1.94137 -5.63707 -0.555803
70.76 1.8732 -11.1456 1.29308 7.34976 2.01073 -5.7279 -1.48411 -0.311252 -8.35854 -4.96936 3.46405 -0.308287 -2.62566 2.46397 -4.87736 -7.31015 -4.59933 -2.18127 -1.18126 -1.52571 -1.86719 -8.16244 -7.25253 -2.94493 -2.04853 -0.549801 -1.12153 -6.10575 -7.77699 -7.76509 0.0135368 3.47486 0.819966 -3.05718 -9.1921 -0.813241 -11.3382 0.763659 9.50081 3.14217 -5.08356 -7.21753 2.97873 -11.682 -0.567701 5.0191 2.08188 -5.96988 -1.03144
70.81 1.67795 -11.276 1.82146 7.82919 2.17792 -5.85272 -1.97197 0.923555 -8.85666 -4.58806 4.38793 0.115734 -2.98872 2.31303 -4.46033 -7.3369 -4.71508 -1.6417 -1.19519 -1.63853 -1.01011 -7.73258 -7.25137 -3.27796 -2.47657 -0.679025 -1.10557 -5.60269 -8.26309 -7.56533 -0.461986 2.47824 0.556295 -2.6389 -8.9107 -1.49003 -11.1028 0.916741 8.93092 3.03994 -4.94473 -7.95509 2.4627 -11.8496 -0.300139 5.32162 2.20776 -6.24933 -1.52619
70.86 1.48483 -11.3804 2.25282 8.19025 2.32877 -5.88957 -2.49107 1.9177 -9.3196 -4.11527 5.29349 0.527488 -3.45279 2.02686 -4.03097 -7.37624 -4.83047 -1.05085 -1.18362 -1.75566 -0.159471 -7.2632 -7.2539 -3.57597 -2.78918 -0.795983 -1.13425 -5.09082 -8.61297 -7.43154 -0.939886 1.53996 0.321454 -2.23805 -8.54251 -2.39583 -10.6986 1.05739 8.34714 2.83076 -4.79686 -8.57017 1.98829 -11.9952 -0.0772513 5.55089 2.31914 -6.48216 -2.06802
70.91 1.26795 -11.4618 2.60279 8.40593 2.46309 -5.85991 -3.05377 2.60456 -9.71864 -3.61715 6.16761 0.896233 -3.96347 1.63841 -3.56578 -7.43626 -4.94298 -0.419715 -1.14154 -1.87703 0.62169 -6.78194 -7.25892 -3.83612 -2.96981 -0.900453 -1.19266 -4.55705 -8.81549 -7.34528 -1.40237 0.670394 0.111434 -1.87055 -8.11384 -3.51842 -10.11 1.16162 7.72174 2.505 -4.62061 -9.05091 1.55822 -12.1177 0.1105 5.67378 2.41506 -6.67463 -2.69634
70.96 1.01418 -11.5211 2.88556 8.44709 2.57911 -5.78506 -3.67592 3.00877 -10.06 -3.1204 7.00647 1.22098 -4.46445 1.18539 -3.02832 -7.53195 -5.03616 0.264453 -1.05914 -2.00531 1.29248 -6.30667 -7.26598 -4.05859 -2.99916 -0.99151 -1.27033 -3.98267 -8.86391 -7.29248 -1.84361 -0.124247 -0.0774829 -1.55022 -7.64742 -4.64161 -9.44659 1.1868 7.00975 2.11769 -4.39221 -9.38228 1.16697 -12.2153 0.274693 5.63821 2.49342 -6.83199 -3.44001
71.01 0.718522 -11.5571 3.11322 8.29759 2.67343 -5.67966 -4.36628 3.16996 -10.3534 -2.63152 7.80472 1.50844 -4.91505 0.698504 -2.35564 -7.69223 -5.0785 1.02188 -0.917057 -2.14888 1.82809 -5.84631 -7.27524 -4.24646 -2.86045 -1.06752 -1.36096 -3.34626 -8.76107 -7.26213 -2.26271 -0.83949 -0.24844 -1.29123 -7.16078 -5.60863 -8.83732 1.08408 6.16912 1.73114 -4.09939 -9.55436 0.802815 -12.2856 0.427117 5.39458 2.5508 -6.95818 -4.29425
71.06 0.377798 -11.5654 3.2957 7.97792 2.7412 -5.5524 -5.11065 3.13477 -10.606 -2.15452 8.55289 1.76576 -5.28905 0.198004 -1.44821 -7.96759 -5.02046 1.86169 -0.681743 -2.32775 2.20941 -5.40308 -7.28758 -4.4053 -2.55334 -1.12629 -1.46104 -2.6305 -8.5231 -7.24633 -2.65864 -1.4706 -0.403917 -1.10579 -6.6657 -6.41864 -8.34175 0.830024 5.20441 1.37204 -3.74613 -9.56786 0.449785 -12.3252 0.577323 4.9568 2.58285 -7.05576 -5.21042
71.11 -0.0155482 -11.5373 3.44091 7.54555 2.77607 -5.40886 -5.87072 2.95689 -10.8222 -1.69875 9.23992 1.99872 -5.56838 -0.3058 -0.269096 -8.39245 -4.80591 2.76782 -0.329443 -2.57998 2.41466 -4.97416 -7.30465 -4.54348 -2.10759 -1.16538 -1.56835 -1.83204 -8.17858 -7.23985 -3.02767 -2.01099 -0.545721 -0.997973 -6.16808 -7.10346 -7.96927 0.446976 4.17587 1.04744 -3.34849 -9.43485 0.0879003 -12.3282 0.731112 4.41283 2.58509 -7.12593 -6.10928
71.16 -0.480547 -11.4566 3.55469 7.05987 2.76894 -5.25332 -6.60521 2.68742 -11.0053 -1.2775 9.85489 2.21139 -5.74358 -0.811618 0.937562 -8.88612 -4.43384 3.70382 0.0880421 -2.94187 2.42587 -4.55133 -7.32914 -4.67183 -1.57319 -1.1824 -1.68098 -0.979682 -7.76283 -7.23937 -3.36402 -2.4513 -0.675002 -0.960334 -5.66809 -7.67482 -7.70347 -0.0131283 3.14828 0.757412 -2.92893 -9.17697 -0.309991 -12.2842 0.890209 3.8472 2.55247 -7.16851 -6.92889
71.21 -1.05869 -11.2936 3.64053 6.55472 2.70435 -5.08792 -7.28568 2.36398 -11.1588 -0.901838 10.3863 2.40632 -5.823 -1.32756 1.89865 -9.34372 -3.97535 4.63469 0.493164 -3.40186 2.25342 -4.11969 -7.36542 -4.79854 -0.989706 -1.17462 -1.79726 -0.137522 -7.3096 -7.24278 -3.66231 -2.77898 -0.792259 -0.977522 -5.15989 -8.12674 -7.51993 -0.500512 2.16183 0.499233 -2.51004 -8.82148 -0.787112 -12.1738 1.05278 3.30068 2.47627 -7.18115 -7.64048
71.26 -1.82705 -10.9964 3.69807 6.03691 2.55547 -4.9091 -7.89418 2.00937 -11.2861 -0.575987 10.8188 2.58463 -5.82883 -1.87406 2.55374 -9.73864 -3.49195 5.54191 0.856621 -3.90836 1.93647 -3.65717 -7.42093 -4.92177 -0.367764 -1.13752 -1.91665 0.632907 -6.84492 -7.24884 -3.91986 -2.97804 -0.89734 -1.03287 -4.63146 -8.44624 -7.39631 -0.98402 1.23749 0.269108 -2.10992 -8.39661 -1.42225 -11.9585 1.21425 2.78355 2.33843 -7.15673 -8.23214
71.31 -2.86171 -10.5073 3.71837 5.49088 2.29201 -4.70158 -8.4135 1.63592 -11.389 -0.296624 11.1269 2.74605 -5.78349 -2.48802 2.93015 -10.077 -3.00886 6.41818 1.1773 -4.40756 1.52218 -3.13018 -7.50923 -5.02657 0.30503 -1.06228 -2.04127 1.29227 -6.38516 -7.25696 -4.13742 -3.02961 -0.989425 -1.11301 -4.06501 -8.62073 -7.31573 -1.45023 0.386018 0.0630921 -1.74047 -7.92766 -2.34992 -11.5699 1.36729 2.29228 2.10603 -7.0772 -8.69269
71.36 -4.05847 -9.86084 3.67437 4.87973 1.93208 -4.43821 -8.82069 1.24885 -11.4678 -0.0541853 11.2654 2.88861 -5.70328 -3.2136 3.07124 -10.3681 -2.53352 7.25667 1.46154 -4.86002 1.05128 -2.48102 -7.65646 -5.08396 1.04883 -0.93137 -2.17863 1.81754 -5.93844 -7.26714 -4.31876 -2.91628 -1.06702 -1.20923 -3.43942 -8.64246 -7.26665 -1.89563 -0.386717 -0.122395 -1.40861 -7.43473 -3.64638 -10.9611 1.49883 1.8177 1.75948 -6.90525 -9.00184
71.41 -5.17658 -9.20012 3.51825 4.15618 1.54803 -4.10046 -9.09476 0.846745 -11.5201 0.164341 11.1768 3.00821 -5.59892 -4.06903 3.02753 -10.619 -2.07179 8.04754 1.71629 -5.23995 0.553164 -1.61396 -7.91016 -5.04767 1.87431 -0.713141 -2.34682 2.19233 -5.50703 -7.27995 -4.47003 -2.63487 -1.12808 -1.31651 -2.73649 -8.51209 -7.24064 -2.31908 -1.07631 -0.29033 -1.11928 -6.93193 -5.06714 -10.2371 1.58429 1.35011 1.3604 -6.60065 -9.1365
71.46 -6.1341 -8.62866 3.20377 3.30654 1.18701 -3.69542 -9.22869 0.421363 -11.5403 0.370783 10.8498 3.09832 -5.47811 -5.02028 2.85425 -10.8339 -1.63414 8.78003 1.94717 -5.52915 0.0456991 -0.464905 -8.3145 -4.86012 2.76823 -0.377731 -2.58185 2.39802 -5.08901 -7.29663 -4.59993 -2.21138 -1.17033 -1.43195 -1.95003 -8.24375 -7.23035 -2.71777 -1.67747 -0.443015 -0.878504 -6.42731 -6.33428 -9.54299 1.58746 0.88233 0.984289 -6.16356 -9.09417
71.51 -6.95796 -8.18157 2.72203 2.3833 0.862422 -3.24815 -9.23011 -0.0436139 -11.5175 0.572239 10.3632 3.15026 -5.34727 -5.9855 2.60009 -11.0157 -1.23352 9.44411 2.15825 -5.71627 -0.463375 0.764914 -8.80748 -4.50749 3.69583 0.0359465 -2.92396 2.41631 -4.67801 -7.31931 -4.71984 -1.69533 -1.19161 -1.55337 -1.10228 -7.8671 -7.22995 -3.08635 -2.18243 -0.582056 -0.694374 -5.92307 -7.37946 -8.94434 1.47162 0.408594 0.65521 -5.63355 -8.89689
71.56 -7.67648 -7.85466 2.11317 1.4583 0.574693 -2.78879 -9.11644 -0.578373 -11.4313 0.770184 9.81382 3.15212 -5.21144 -6.88933 2.29727 -11.1679 -0.879708 10.0301 2.35215 -5.80634 -0.975593 1.7755 -9.27515 -4.05528 4.62124 0.446186 -3.37013 2.25309 -4.2617 -7.35151 -4.83966 -1.1304 -1.18966 -1.67878 -0.253559 -7.42066 -7.23553 -3.41836 -2.58009 -0.708368 -0.574532 -5.41557 -8.21792 -8.46315 1.22078 -0.0764426 0.37259 -5.06013 -8.57885
71.61 -8.30016 -7.62618 1.44073 0.576721 0.320291 -2.34359 -8.90954 -1.23954 -11.2446 0.960957 9.24996 3.08401 -5.07243 -7.69551 1.96327 -11.2938 -0.576127 10.5267 2.53015 -5.82008 -1.50277 2.47901 -9.68057 -3.57111 5.52424 0.816432 -3.87177 1.94422 -3.82161 -7.39922 -4.96029 -0.532556 -1.16101 -1.80677 0.532112 -6.94104 -7.24481 -3.70882 -2.8556 -0.822152 -0.521088 -4.89502 -8.87615 -8.09831 0.854593 -0.574932 0.129617 -4.48499 -8.17582
71.66 -8.82727 -7.47171 0.7606 -0.240793 0.0946593 -1.93097 -8.63154 -2.11859 -10.8961 1.1354 8.67618 2.91326 -4.92553 -8.39152 1.60721 -11.3953 -0.320059 10.9165 2.6922 -5.78034 -2.07088 2.89695 -10.0278 -3.08515 6.39706 1.1432 -4.37371 1.53585 -3.33054 -7.47314 -5.07017 0.10728 -1.09893 -1.93791 1.21236 -6.4555 -7.25674 -3.956 -2.99033 -0.922873 -0.527579 -4.3456 -9.37487 -7.83343 0.417675 -1.08099 -0.0811875 -3.93753 -7.71906
71.71 -9.24679 -7.37097 0.107282 -0.985924 -0.10664 -1.56237 -8.30221 -3.25548 -10.3426 1.27445 8.06817 2.61576 -4.75506 -8.96837 1.23393 -11.4727 -0.104236 11.168 2.8368 -5.70423 -2.72223 3.07178 -10.3266 -2.60629 7.2332 1.43242 -4.83463 1.06885 -2.74307 -7.59342 -5.14508 0.809925 -0.989981 -2.07685 1.76301 -5.98008 -7.27119 -4.16169 -2.96389 -1.00922 -0.581172 -3.7465 -9.72587 -7.64632 -0.0447582 -1.57931 -0.266288 -3.4361 -7.23267
71.76 -9.539 -7.30843 -0.506085 -1.65536 -0.287455 -1.24633 -7.93784 -4.45768 -9.67046 1.34161 7.37902 2.23463 -4.53725 -9.41237 0.843902 -11.5239 0.0818606 11.2278 2.96048 -5.60303 -3.49615 3.05359 -10.5843 -2.14 8.02315 1.69114 -5.22825 0.573204 -1.97912 -7.79843 -5.14598 1.59308 -0.808506 -2.23643 2.16894 -5.52145 -7.2888 -4.33052 -2.7627 -1.07914 -0.667714 -3.07621 -9.93301 -7.51616 -0.50198 -2.04914 -0.430701 -2.98981 -6.73301
71.81 -9.67837 -7.2718 -1.08281 -2.24724 -0.450906 -0.992522 -7.55107 -5.51465 -9.02696 1.28842 6.56149 1.84245 -4.25653 -9.71032 0.430895 -11.5438 0.250008 11.0448 3.0572 -5.48466 -4.39315 2.8987 -10.806 -1.69612 8.75621 1.92526 -5.53716 0.0675958 -0.940637 -8.14214 -5.01753 2.45522 -0.518616 -2.44487 2.41538 -5.07942 -7.31094 -4.46967 -2.3964 -1.13003 -0.775741 -2.32095 -9.99531 -7.42637 -0.939476 -2.46895 -0.578058 -2.60064 -6.22907
71.86 -9.63976 -7.252 -1.63644 -2.75966 -0.599404 -0.811257 -7.15103 -6.40115 -8.49036 1.08204 5.61807 1.47444 -3.91369 -9.85516 -0.020027 -11.5221 0.410308 10.639 3.118 -5.35557 -5.35725 2.65933 -10.9943 -1.28768 9.42236 2.13907 -5.74849 -0.439459 0.295967 -8.61411 -4.72031 3.36875 -0.125239 -2.74509 2.48373 -4.64809 -7.33981 -4.58918 -1.90507 -1.15909 -0.898039 -1.48868 -9.91065 -7.36469 -1.35423 -2.81849 -0.710814 -2.26588 -5.72298
71.91 -9.40657 -7.2429 -2.18364 -3.19065 -0.734727 -0.707644 -6.74365 -7.15071 -8.08025 0.732791 4.60679 1.14061 -3.52246 -9.84679 -0.537285 -11.4401 0.568999 10.1061 3.13048 -5.22085 -6.30002 2.37082 -11.1522 -0.925349 10.012 2.33544 -5.8607 -0.948738 1.41531 -9.099 -4.29395 4.29434 0.293542 -3.15528 2.36863 -4.21455 -7.379 -4.69987 -1.33767 -1.16336 -1.03141 -0.627727 -9.67942 -7.32245 -1.74921 -3.07843 -0.830478 -1.98045 -5.21032
71.96 -8.9821 -7.24051 -2.73614 -3.53865 -0.858113 -0.676261 -6.33188 -7.78126 -7.78514 0.289116 3.58442 0.842083 -3.1045 -9.6923 -1.174 -11.2631 0.727175 9.52555 3.07536 -5.08271 -7.15755 2.0511 -11.283 -0.613527 10.514 2.51587 -5.88999 -1.47109 2.24471 -9.52805 -3.815 5.20353 0.680787 -3.64019 2.09611 -3.75772 -7.43466 -4.806 -0.721197 -1.13865 -1.17589 0.192905 -9.30743 -7.29363 -2.12907 -3.22919 -0.937772 -1.73852 -4.68007
72.01 -8.40191 -7.24227 -3.2924 -3.80276 -0.97033 -0.702404 -5.9158 -8.29279 -7.58148 -0.193578 2.58454 0.576433 -2.68361 -9.40604 -2.01824 -10.933 0.879219 8.92312 2.92129 -4.93729 -7.90133 1.7085 -11.3892 -0.350207 10.9118 2.68064 -5.85969 -2.03095 2.7786 -9.89572 -3.32757 6.08437 1.02395 -4.14294 1.71028 -3.24568 -7.51839 -4.89906 -0.0535193 -1.07727 -1.33444 0.920596 -8.80843 -7.27413 -2.49729 -3.25035 -1.03274 -1.5345 -4.11511
72.06 -7.73245 -7.24665 -3.83497 -3.98181 -1.0717 -0.768211 -5.49251 -8.67615 -7.44585 -0.675654 1.62842 0.339754 -2.28114 -9.00987 -3.12444 -10.4001 1.00838 8.28414 2.64087 -4.77029 -8.51659 1.34741 -11.4717 -0.128531 11.1756 2.82859 -5.78911 -2.66928 3.05269 -10.211 -2.84582 6.93079 1.32686 -4.61532 1.25443 -2.62581 -7.65292 -4.95549 0.682478 -0.963919 -1.51395 1.52338 -8.20557 -7.26125 -2.85477 -3.12389 -1.11482 -1.3635 -3.49478
72.11 -7.04545 -7.25297 -4.33912 -4.07264 -1.16204 -0.858122 -5.056 -8.91932 -7.35909 -1.13695 0.732088 0.12787 -1.91535 -8.5316 -4.32596 -9.73439 1.07935 7.56678 2.26868 -4.55838 -8.9883 0.969034 -11.5292 0.0618208 11.2546 2.95675 -5.69113 -3.42742 3.11065 -10.4824 -2.37422 7.73461 1.59659 -5.02426 0.762199 -1.80924 -7.88157 -4.93387 1.49887 -0.769834 -1.72914 1.97979 -7.5304 -7.25344 -3.20006 -2.84621 -1.18297 -1.22153 -2.80114
72.16 -6.38916 -7.26141 -4.78525 -4.06841 -1.24055 -0.96126 -4.59695 -9.01291 -7.30593 -1.57128 -0.0928899 -0.0630195 -1.60336 -8.00052 -5.39758 -9.08418 1.04208 6.72507 1.87817 -4.28462 -9.304 0.569093 -11.558 0.23272 11.0955 3.0598 -5.57411 -4.311 3.00261 -10.7152 -1.91951 8.48527 1.83958 -5.34716 0.255756 -0.710647 -8.2564 -4.77674 2.38544 -0.460569 -2.01005 2.26851 -6.81808 -7.2502 -3.5317 -2.44354 -1.23593 -1.10545 -2.02689
72.21 -5.78138 -7.27301 -5.16407 -3.95784 -1.30565 -1.07139 -4.10335 -8.9556 -7.27495 -1.97953 -0.838597 -0.236083 -1.36095 -7.44197 -6.29658 -8.53575 0.858324 5.75897 1.50865 -3.94815 -9.45974 0.135952 -11.5497 0.394692 10.71 3.12978 -5.44441 -5.26934 2.78004 -10.9132 -1.49337 9.17221 2.06072 -5.56901 -0.25331 0.527361 -8.74192 -4.45482 3.30926 -0.0577895 -2.39631 2.36681 -6.09916 -7.25236 -3.8513 -1.96853 -1.2725 -1.01285 -1.1874
72.26 -5.21889 -7.28979 -5.47408 -3.72788 -1.35481 -1.18569 -3.5633 -8.75748 -7.25835 -2.36397 -1.49834 -0.393796 -1.19739 -6.87375 -7.05327 -8.11338 0.531296 4.72764 1.17206 -3.56144 -9.46133 -0.352972 -11.4893 0.554657 10.1898 3.15604 -5.30738 -6.21474 2.4853 -11.08 -1.10809 9.78561 2.26331 -5.69013 -0.76281 1.58389 -9.21936 -4.01973 4.23358 0.355673 -2.89311 2.27231 -5.39109 -7.26261 -4.16231 -1.4733 -1.29118 -0.942003 -0.335248
72.31 -4.68758 -7.31509 -5.71704 -3.37173 -1.38438 -1.30332 -2.97208 -8.44042 -7.25095 -2.72491 -2.0639 -0.537954 -1.11037 -6.30488 -7.68576 -7.8078 0.104656 3.69372 0.870403 -3.14538 -9.32372 -0.940304 -11.3484 0.714731 9.61892 3.12267 -5.16644 -7.0798 2.14708 -11.2193 -0.771315 10.3152 2.44925 -5.72861 -1.28001 2.33091 -9.6364 -3.54202 5.13677 0.732966 -3.45608 2.01566 -4.69502 -7.28658 -4.46271 -0.987782 -1.2891 -0.892062 0.46517
72.36 -4.16686 -7.3543 -5.89422 -2.89904 -1.38921 -1.42441 -2.34124 -8.03512 -7.24938 -3.05993 -2.52347 -0.669679 -1.08705 -5.7355 -8.19361 -7.5959 -0.367649 2.69426 0.601817 -2.72361 -9.06879 -1.70251 -11.0769 0.871182 9.02864 3.00273 -5.02045 -7.8338 1.78252 -11.3337 -0.484086 10.7471 2.61907 -5.70746 -1.82418 2.78177 -9.99305 -3.05738 6.01285 1.06642 -4.02797 1.64318 -3.99341 -7.33499 -4.73986 -0.52071 -1.25994 -0.86377 1.16847
72.41 -3.62821 -7.41655 -6.00316 -2.33415 -1.36187 -1.5499 -1.69933 -7.57531 -7.25144 -3.36521 -2.86032 -0.789409 -1.11032 -5.15671 -8.56704 -7.45396 -0.845797 1.74886 0.362747 -2.31755 -8.72199 -2.72435 -10.6123 1.01149 8.41023 2.7623 -4.85937 -8.4624 1.401 -11.4241 -0.241746 11.0572 2.77192 -5.64514 -2.43091 2.98188 -10.2989 -2.5779 6.8592 1.36103 -4.56333 1.19876 -3.2387 -7.42876 -4.96896 -0.0707492 -1.19024 -0.861091 1.74907
72.46 -3.02721 -7.51868 -6.03394 -1.69779 -1.29006 -1.68254 -1.08032 -7.09116 -7.25578 -3.6377 -3.05198 -0.896859 -1.16473 -4.54981 -8.79399 -7.36256 -1.30899 0.868653 0.149159 -1.94487 -8.30891 -3.9246 -9.97424 1.10728 7.72748 2.40981 -4.66194 -8.95123 1.00598 -11.4891 -0.0354126 11.202 2.90517 -5.5544 -3.14506 2.98615 -10.5619 -2.11081 7.66813 1.62392 -5.03132 0.716162 -2.32092 -7.61218 -5.10854 0.365567 -1.0508 -0.895244 2.19266
72.51 -2.28592 -7.69372 -5.96278 -0.992174 -1.15091 -1.82989 -0.513673 -6.60505 -7.26175 -3.87682 -3.0709 -0.990961 -1.23915 -3.88534 -8.86596 -7.30641 -1.74993 0.0603016 -0.0427654 -1.62156 -7.85252 -5.05324 -9.3042 1.11191 6.93059 2.01622 -4.40707 -9.2855 0.594012 -11.5247 0.146382 11.1229 3.01388 -5.44448 -3.98798 2.85542 -10.7869 -1.66701 8.42765 1.86129 -5.40949 0.217715 -1.02754 -7.97015 -5.08854 0.791262 -0.785755 -0.995527 2.48618
72.56 -1.28195 -7.99888 -5.74333 -0.205664 -0.905573 -2.01098 -0.0266491 -6.1306 -7.26933 -4.08561 -2.8933 -1.06986 -1.32687 -3.12615 -8.78383 -7.27373 -2.16779 -0.671678 -0.216302 -1.36321 -7.37146 -6.00786 -8.71518 0.979446 5.99821 1.6348 -4.0881 -9.45773 0.153105 -11.5226 0.314898 10.8007 3.09016 -5.32293 -4.92914 2.64448 -10.9763 -1.26005 9.12529 2.07785 -5.67698 -0.284749 0.683473 -8.51991 -4.83601 1.20929 -0.37792 -1.22156 2.60756
72.61 0.00958333 -8.45991 -5.32055 0.662251 -0.533873 -2.26377 0.345908 -5.67354 -7.27911 -4.27152 -2.52524 -1.13119 -1.42427 -2.24816 -8.5616 -7.25627 -2.56246 -1.32306 -0.374071 -1.18137 -6.87913 -6.80988 -8.24888 0.696993 4.97435 1.28413 -3.71326 -9.47094 -0.34018 -11.4675 0.478423 10.3058 3.12291 -5.19576 -5.88773 2.38807 -11.1323 -0.900577 9.7496 2.27677 -5.82487 -0.788797 2.32206 -9.08007 -4.39857 1.62026 0.0579344 -1.61684 2.54383
72.66 1.28608 -8.96898 -4.70683 1.57678 -0.104851 -2.62384 0.566584 -5.23195 -7.29243 -4.44613 -2.0236 -1.17272 -1.5293 -1.28681 -8.22614 -7.24859 -2.93144 -1.88833 -0.518022 -1.07763 -6.38332 -7.48472 -7.90513 0.296975 3.92847 0.968545 -3.30117 -9.33871 -0.929254 -11.3314 0.640582 9.73395 3.09575 -5.06621 -6.78385 2.10204 -11.2592 -0.592688 10.2893 2.45993 -5.87182 -1.3015 3.57966 -9.56114 -3.89261 2.0232 0.446222 -2.15173 2.31868
72.71 2.26957 -9.42648 -3.981 2.48777 0.303384 -3.08159 0.621322 -4.7972 -7.31158 -4.61992 -1.45842 -1.19281 -1.6401 -0.332355 -7.81225 -7.24719 -3.26981 -2.35956 -0.649457 -1.04202 -5.88595 -8.0374 -7.66386 -0.166271 2.90826 0.687169 -2.87552 -9.08328 -1.6912 -11.0645 0.798911 9.13307 2.98165 -4.93238 -7.57475 1.79325 -11.3606 -0.33413 10.7302 2.62798 -5.84831 -1.84197 4.41401 -9.97067 -3.37902 2.42077 0.777864 -2.76095 1.9761
72.76 2.87314 -9.81734 -3.19028 3.36686 0.666115 -3.59178 0.524571 -4.35673 -7.34032 -4.79537 -0.859583 -1.18968 -1.75483 0.535179 -7.35484 -7.2498 -3.57234 -2.7256 -0.769032 -1.05798 -5.38299 -8.46017 -7.5007 -0.646187 1.93948 0.436864 -2.45958 -8.73177 -2.71223 -10.604 0.941679 8.50289 2.74655 -4.78335 -8.24105 1.4658 -11.4391 -0.118146 11.0482 2.78035 -5.7791 -2.44573 4.84664 -10.3255 -2.8745 2.82001 1.06012 -3.3849 1.55965
72.81 3.06968 -10.1511 -2.33712 4.20699 0.983266 -4.10559 0.305468 -3.89394 -7.38494 -4.96501 -0.218042 -1.15979 -1.87242 1.26374 -6.88213 -7.25509 -3.83581 -2.97162 -0.876753 -1.10894 -4.86459 -8.7405 -7.39447 -1.11538 1.03628 0.213661 -2.07351 -8.31184 -3.91392 -9.96825 1.04073 7.81033 2.39827 -4.59716 -8.76703 1.12233 -11.4955 0.0651468 11.2004 2.91494 -5.68008 -3.15783 4.92343 -10.6377 -2.38265 3.22796 1.30236 -3.98304 1.1037
72.86 2.91335 -10.4376 -1.43192 5.00575 1.26102 -4.58588 -0.00458689 -3.38342 -7.45631 -5.11241 0.485605 -1.09599 -1.99402 1.82144 -6.41277 -7.26241 -4.06014 -3.07909 -0.971945 -1.18207 -4.31515 -8.86726 -7.32811 -1.56269 0.206746 0.0136165 -1.73552 -7.84817 -5.0456 -9.29896 1.04911 7.00655 2.00777 -4.35233 -9.13775 0.761751 -11.5283 0.227514 11.1294 3.02773 -5.56121 -3.99979 4.7146 -10.9155 -1.90969 3.64521 1.51294 -4.53206 0.631635
72.91 2.58159 -10.6833 -0.535221 5.75644 1.50598 -5.00877 -0.378603 -2.78009 -7.57474 -5.21233 1.25919 -0.984436 -2.12507 2.20019 -5.95647 -7.27176 -4.24815 -3.02801 -1.05323 -1.26923 -3.71446 -8.83707 -7.28843 -1.98622 -0.544014 -0.166748 -1.46275 -7.36037 -6.00265 -8.71008 0.92039 6.07041 1.62887 -4.04229 -9.34564 0.377423 -11.5329 0.380165 10.8178 3.11249 -5.42989 -4.94076 4.3095 -11.1643 -1.46766 4.06327 1.69847 -5.0205 0.156862
72.96 2.25019 -10.8924 0.280796 6.44797 1.72372 -5.35956 -0.796444 -2.00214 -7.77912 -5.22683 2.09967 -0.799198 -2.2792 2.4153 -5.51628 -7.28376 -4.40495 -2.80594 -1.11854 -1.36603 -3.04197 -8.65889 -7.26617 -2.38673 -1.21157 -0.330269 -1.26773 -6.86214 -6.80579 -8.2437 0.641292 5.04542 1.28036 -3.6755 -9.39329 -0.0443526 -11.5002 0.531291 10.3381 3.16125 -5.29248 -5.89982 3.79845 -11.3877 -1.06959 4.46793 1.8638 -5.44493 -0.315558
73.01 1.98504 -11.0681 0.981549 7.06699 1.91882 -5.62711 -1.24535 -0.946696 -8.12495 -5.102 2.99481 -0.503723 -2.48566 2.48426 -5.09055 -7.29977 -4.53774 -2.4245 -1.16535 -1.47024 -2.28486 -8.35515 -7.25517 -2.76333 -1.79025 -0.479098 -1.15245 -6.36125 -7.48042 -7.8996 0.243966 3.99972 0.966607 -3.27061 -9.29329 -0.528717 -11.4129 0.684735 9.78869 3.16365 -5.15389 -6.79787 3.25355 -11.5882 -0.723486 4.84367 2.01216 -5.80739 -0.787904
73.06 1.77507 -11.213 1.56527 7.59817 2.09481 -5.8011 -1.71989 0.311245 -8.60197 -4.7996 3.91764 -0.103106 -2.78871 2.40828 -4.67334 -7.32204 -4.65642 -1.92524 -1.19106 -1.58047 -1.45098 -7.95858 -7.2514 -3.11237 -2.2719 -0.614708 -1.10708 -5.85965 -8.03172 -7.65749 -0.217645 2.97963 0.686776 -2.85099 -9.0666 -1.12193 -11.2399 0.839404 9.22206 3.10327 -5.01584 -7.59403 2.72101 -11.7669 -0.430394 5.17515 2.14542 -6.11319 -1.27033
73.11 1.58495 -11.3302 2.0441 8.02259 2.2539 -5.88065 -2.22193 1.44884 -9.09119 -4.36275 4.83522 0.322057 -3.20641 2.18798 -4.25266 -7.35421 -4.7715 -1.35718 -1.19294 -1.6955 -0.588106 -7.50532 -7.25224 -3.42875 -2.6452 -0.737901 -1.11512 -5.35352 -8.45246 -7.49273 -0.697613 2.00995 0.437747 -2.43902 -8.73922 -1.90154 -10.9291 0.988371 8.64755 2.95259 -4.87427 -8.27272 2.22443 -11.9238 -0.185772 5.44487 2.26424 -6.36894 -1.78375
73.16 1.38258 -11.4231 2.43366 8.31606 2.39677 -5.88195 -2.76051 2.29184 -9.52297 -3.872 5.72612 0.713952 -3.70099 1.84687 -3.80927 -7.40236 -4.88663 -0.747016 -1.16726 -1.81458 0.235016 -7.02726 -7.2561 -3.70837 -2.89539 -0.848806 -1.15998 -4.83293 -8.73129 -7.38424 -1.16925 1.1044 0.215575 -2.05275 -8.33825 -2.9297 -10.4288 1.1153 8.04806 2.68348 -4.71553 -8.8237 1.77199 -12.0582 0.0185397 5.62727 2.36821 -6.58125 -2.36298
73.21 1.14862 -11.4937 2.74903 8.44955 2.52245 -5.82785 -3.35045 2.83564 -9.89248 -3.373 6.58335 1.06051 -4.2131 1.42235 -3.31443 -7.47735 -4.99261 -0.0923529 -1.10709 -1.93874 0.965959 -6.54731 -7.26214 -3.94982 -3.00432 -0.94686 -1.22885 -4.28187 -8.85858 -7.31595 -1.62159 0.270971 0.0163394 -1.70665 -7.88853 -4.08385 -9.78442 1.18707 7.38644 2.318 -4.51626 -9.23295 1.36208 -12.1688 0.193217 5.67987 2.45587 -6.75592 -3.04607
73.26 0.874689 -11.5419 3.0034 8.39748 2.62834 -5.73663 -4.00604 3.11546 -10.2093 -2.87975 7.40327 1.36604 -4.69343 0.949532 -2.72091 -7.59982 -5.06586 0.625446 -0.998703 -2.07293 1.57302 -6.07871 -7.27021 -4.15477 -2.95278 -1.03079 -1.31346 -3.67971 -8.83167 -7.27534 -2.052 -0.485258 -0.163415 -1.41464 -7.41035 -5.13757 -9.13575 1.15485 6.61481 1.92563 -4.25673 -9.48682 0.98589 -12.2534 0.350253 5.54606 2.52444 -6.89759 -3.84708
73.31 0.557475 -11.5651 3.2078 8.15917 2.71034 -5.61969 -4.72646 3.17407 -10.482 -2.39592 8.17832 1.6379 -5.10913 0.454085 -1.94681 -7.80911 -5.06633 1.42351 -0.815825 -2.23024 2.03545 -5.62681 -7.28083 -4.32754 -2.72984 -1.09864 -1.40905 -3.00598 -8.65967 -7.25294 -2.46001 -1.15991 -0.32651 -1.19056 -6.91847 -6.02328 -8.5786 0.97806 5.70851 1.55088 -3.93289 -9.5803 0.629408 -12.3092 0.50061 5.19963 2.56997 -7.00952 -4.74063
73.36 0.192427 -11.557 3.37115 7.77597 2.7629 -5.48385 -5.4841 3.06209 -10.7163 -1.92779 8.8979 1.88267 -5.43864 -0.0487503 -0.896161 -8.15903 -4.93713 2.2995 -0.522627 -2.43935 2.33346 -5.19125 -7.29522 -4.47501 -2.34917 -1.14806 -1.51292 -2.24867 -8.36525 -7.24223 -2.84338 -1.7475 -0.475096 -1.04341 -6.42176 -6.7689 -8.14433 0.655337 4.70336 1.20842 -3.55532 -9.51976 0.274853 -12.3317 0.652106 4.69704 2.58795 -7.09358 -5.65817
73.41 -0.232584 -11.5058 3.50035 7.31135 2.7786 -5.33397 -6.23612 2.83363 -10.9158 -1.48725 9.55098 2.10528 -5.66719 -0.553154 0.341244 -8.63423 -4.63953 3.22532 -0.12718 -2.743 2.44461 -4.76675 -7.31551 -4.60698 -1.85362 -1.17663 -1.62306 -1.41742 -7.98129 -7.23902 -3.19715 -2.24016 -0.610654 -0.971581 -5.92333 -7.39798 -7.82705 0.227492 3.66863 0.900994 -3.14397 -9.32233 -0.100604 -12.3134 0.808524 4.13461 2.57385 -7.15033 -6.52361
73.46 -0.745867 -11.3896 3.60017 6.81372 2.74584 -5.17356 -6.94683 2.53399 -11.0839 -1.08732 10.1265 2.30903 -5.79321 -1.06226 1.44685 -9.11801 -4.21509 4.16225 0.291036 -3.15787 2.36229 -4.34188 -7.3451 -4.73398 -1.2919 -1.18189 -1.73765 -0.561265 -7.54332 -7.24065 -3.51537 -2.62701 -0.734014 -0.962984 -5.42042 -7.91215 -7.60466 -0.251192 2.65765 0.627019 -2.72212 -9.013 -0.530363 -12.2401 0.969742 3.57564 2.52136 -7.17873 -7.29232
73.51 -1.40533 -11.1688 3.67255 6.30298 2.64409 -5.00261 -7.59397 2.19318 -11.2243 -0.736023 10.6118 2.49576 -5.83351 -1.58966 2.257 -9.54499 -3.73924 5.08286 0.676916 -3.64793 2.11316 -3.89839 -7.3896 -4.85999 -0.689972 -1.16049 -1.85541 0.252048 -7.08183 -7.24547 -3.79379 -2.8938 -0.845359 -1.00083 -4.90419 -8.30085 -7.45299 -0.739317 1.69984 0.383101 -2.31056 -8.62006 -1.07182 -12.0848 1.13249 3.04339 2.41806 -7.17456 -7.94623
73.56 -2.30055 -10.7824 3.71382 5.77461 2.44153 -4.81256 -8.16124 1.82827 -11.3395 -0.433789 10.9876 2.66592 -5.8118 -2.16361 2.77053 -9.91094 -3.25444 5.9756 1.01881 -4.1568 1.74281 -3.40954 -7.45892 -4.97687 -0.0454915 -1.1062 -1.97684 0.971693 -6.61809 -7.25258 -4.03142 -3.02297 -0.94421 -1.06972 -4.35964 -8.55058 -7.35223 -1.2152 0.810298 0.16528 -1.92435 -8.17069 -1.83102 -11.7946 1.29098 2.53986 2.23868 -7.12643 -8.4754
73.61 -3.44433 -10.202 3.70746 5.20251 2.12343 -4.58122 -8.62871 1.44788 -11.4307 -0.174017 11.2196 2.81847 -5.74774 -2.82748 3.02574 -10.2251 -2.77458 6.83442 1.32073 -4.63704 1.29635 -2.83204 -7.5717 -5.063 0.659783 -1.00662 -2.10628 1.56756 -6.16413 -7.26168 -4.23058 -2.99535 -1.02941 -1.15857 -3.76683 -8.65069 -7.28828 -1.67135 -0.00313168 -0.0302542 -1.57268 -7.68783 -2.94693 -11.2964 1.4357 2.05806 1.94859 -7.00739 -8.86488
73.66 -4.62585 -9.53046 3.61523 4.54152 1.74289 -4.28217 -8.97257 1.05404 -11.497 0.0550432 11.2531 2.95044 -5.6546 -3.61728 3.06947 -10.4958 -2.30492 7.65092 1.58971 -5.05654 0.809183 -2.08999 -7.76384 -5.08141 1.44359 -0.837726 -2.25552 2.02106 -5.72492 -7.27304 -4.39626 -2.79839 -1.09918 -1.26067 -3.10507 -8.59703 -7.25149 -2.10618 -0.735646 -0.206801 -1.26106 -7.18868 -4.35046 -10.6095 1.54856 1.58799 1.56437 -6.77367 -9.09054
73.71 -5.66492 -8.90554 3.38572 3.75364 1.36692 -3.90911 -9.17783 0.641981 -11.5345 0.266419 11.0432 3.05654 -5.54132 -4.52763 2.9554 -10.7286 -1.85342 8.41449 1.83215 -5.39397 0.304915 -1.0814 -8.08997 -4.97744 2.30597 -0.563221 -2.45085 2.31561 -5.30056 -7.28755 -4.53577 -2.44207 -1.15129 -1.37226 -2.36073 -8.3962 -7.23404 -2.51801 -1.38265 -0.367012 -0.994648 -6.68435 -5.71559 -9.88734 1.59861 1.12106 1.17062 -6.40093 -9.13693
73.76 -6.55231 -8.39366 2.9871 2.85845 1.02323 -3.47965 -9.24513 0.199883 -11.5355 0.469888 10.6244 3.12917 -5.41486 -5.49708 2.73731 -10.9269 -1.43238 9.11465 2.05291 -5.63376 -0.203724 0.15096 -8.55367 -4.70487 3.22141 -0.17896 -2.73501 2.43081 -4.88713 -7.30683 -4.65927 -1.96658 -1.18352 -1.49089 -1.53876 -8.07023 -7.22921 -2.90272 -1.93779 -0.512847 -0.780568 -6.18 -6.87436 -9.23545 1.54727 0.65107 0.816783 -5.91209 -9.01479
73.81 -7.32222 -8.00751 2.43574 1.92667 0.716996 -3.02278 -9.18757 -0.294263 -11.485 0.669775 10.0975 3.1584 -5.28108 -6.43919 2.45633 -11.0938 -1.05384 9.74171 2.25533 -5.77141 -0.713562 1.29794 -9.04404 -4.29298 4.15161 0.241056 -3.13223 2.35716 -4.47545 -7.33362 -4.7783 -1.42261 -1.19372 -1.6145 -0.681706 -7.65442 -7.23212 -3.25414 -2.39173 -0.645574 -0.627235 -5.67499 -7.81483 -8.69327 1.36509 0.172372 0.511162 -5.35486 -8.75372
73.86 -7.99383 -7.73198 1.7877 1.01916 0.446142 -2.56753 -9.02538 -0.881614 -11.3556 0.864969 9.53824 3.12921 -5.14377 -7.29765 2.13669 -11.2327 -0.724649 10.2855 2.44135 -5.82103 -1.23088 2.15852 -9.48186 -3.81909 5.06751 0.633394 -3.61289 2.1169 -4.0502 -7.37246 -4.89915 -0.841366 -1.17925 -1.74127 0.142858 -7.18761 -7.23971 -3.56621 -2.73156 -0.76576 -0.540217 -5.1627 -8.56179 -8.27044 1.05312 -0.31939 0.248944 -4.77615 -8.38971
73.91 -8.571 -7.54262 1.10573 0.167393 0.206416 -2.1365 -8.78097 -1.63697 -11.0983 1.04933 8.97092 3.01552 -5.00208 -8.05082 1.79103 -11.3465 -0.445018 10.7326 2.61162 -5.80598 -1.77379 2.71719 -9.85754 -3.33212 5.9564 0.981844 -4.12089 1.75357 -3.58931 -7.43126 -5.01672 -0.225117 -1.13535 -1.87054 0.88076 -6.70239 -7.25036 -3.83543 -2.94055 -0.873251 -0.517479 -4.63032 -9.13975 -7.95725 0.6461 -0.822954 0.0226395 -4.21165 -7.95683
73.96 -9.04733 -7.41669 0.435843 -0.615261 -0.0067689 -1.74432 -8.47554 -2.64964 -10.6489 1.20976 8.38497 2.78259 -4.84636 -8.68985 1.42614 -11.4363 -0.209821 11.0598 2.76541 -5.74668 -2.37674 3.01011 -10.1799 -2.84905 6.81223 1.28929 -4.60683 1.31197 -3.05837 -7.52452 -5.1133 0.442749 -1.05257 -2.00455 1.49969 -6.22045 -7.26348 -4.06185 -2.99866 -0.967135 -0.548879 -4.05932 -9.56508 -7.73332 0.191745 -1.3276 -0.174838 -3.68509 -7.48301
74.01 -9.4074 -7.33639 -0.198385 -1.32357 -0.197594 -1.40039 -8.12722 -3.85425 -10.0179 1.3193 7.74401 2.4343 -4.65556 -9.20347 1.04495 -11.5013 -0.0100303 11.2252 2.90033 -5.65713 -3.08495 3.08349 -10.4578 -2.37546 7.62705 1.56272 -5.03731 0.827904 -2.397 -7.68007 -5.15788 1.18351 -0.91223 -2.15126 1.98101 -5.75291 -7.27936 -4.24872 -2.88717 -1.04572 -0.6203 -3.42774 -9.84543 -7.5765 -0.270893 -1.81467 -0.349256 -3.21006 -6.98854
74.06 -9.62805 -7.28788 -0.792593 -1.95522 -0.369556 -1.11351 -7.75052 -4.99853 -9.34486 1.33339 6.99597 2.04074 -4.40784 -9.57722 0.644909 -11.538 0.165831 11.1697 3.01173 -5.54664 -3.92249 2.99111 -10.6974 -1.91863 8.39041 1.80874 -5.39126 0.325705 -1.50714 -7.94717 -5.1028 2.0073 -0.68158 -2.33002 2.31084 -5.3028 -7.29898 -4.40193 -2.60176 -1.10665 -0.718559 -2.71661 -9.98182 -7.46793 -0.719403 -2.26259 -0.504929 -2.79189 -6.48609
74.11 -9.68303 -7.26043 -1.35594 -2.50841 -0.525419 -0.894113 -7.3563 -5.96826 -8.74842 1.20693 6.11195 1.65813 -4.09566 -9.8006 0.215833 -11.5392 0.329068 10.8686 3.09214 -5.42228 -4.86272 2.7891 -10.9023 -1.49052 9.09185 2.03246 -5.65351 -0.181089 -0.340374 -8.36399 -4.89245 2.89939 -0.33454 -2.57827 2.47213 -4.86714 -7.32408 -4.53002 -2.16775 -1.14719 -0.83422 -1.92034 -9.97223 -7.39321 -1.14563 -2.65039 -0.644881 -2.42994 -5.98124
74.16 -9.55022 -7.24649 -1.90444 -2.98116 -0.667275 -0.750854 -6.95211 -6.78396 -8.2738 0.926286 5.12683 1.30637 -3.72677 -9.86992 -0.26289 -11.4911 0.488089 10.3874 3.13109 -5.28992 -5.82693 2.52245 -11.0753 -1.10371 9.72172 2.23744 -5.81525 -0.688556 0.8764 -8.85687 -4.52217 3.8235 0.0819402 -2.93371 2.44923 -4.43684 -7.35744 -4.64406 -1.63382 -1.1645 -0.96213 -1.06556 -9.81536 -7.34197 -1.55013 -2.95837 -0.77108 -2.12008 -5.47289
74.21 -9.22112 -7.24107 -2.45342 -3.37163 -0.796624 -0.684005 -6.54239 -7.4743 -7.92262 0.523504 4.10461 0.989994 -3.31947 -9.78862 -0.829951 -11.3682 0.646749 9.82471 3.1135 -5.15354 -6.7333 2.21718 -11.2195 -0.766038 10.27 2.42587 -5.88396 -1.20216 1.86062 -9.3175 -4.06188 4.74342 0.488875 -3.38732 2.25201 -3.99506 -7.40369 -4.7527 -1.04096 -1.15522 -1.10077 -0.2163 -9.51392 -7.30693 -1.93713 -3.16727 -0.88463 -1.85671 -4.95338
74.26 -8.71365 -7.24097 -3.009 -3.67862 -0.914468 -0.683004 -6.12868 -8.04726 -7.67545 0.0544837 3.09012 0.708011 -2.89718 -9.56729 -1.55585 -11.1247 0.803146 9.23313 3.01449 -5.01285 -7.53726 1.88552 -11.338 -0.478604 10.7235 2.59868 -5.8812 -1.73881 2.54157 -9.71556 -3.57563 5.63954 0.854551 -3.88794 1.91811 -3.51608 -7.47117 -4.85438 -0.40102 -1.11383 -1.25158 0.563839 -9.07735 -7.2831 -2.31099 -3.25703 -0.985912 -1.63404 -4.40856
74.31 -8.08027 -7.24415 -3.56151 -3.90127 -1.02136 -0.730766 -5.70961 -8.49742 -7.5078 -0.431571 2.1094 0.457085 -2.48288 -9.224 -2.53195 -10.6966 0.947057 8.61653 2.79943 -4.85942 -8.2198 1.53347 -11.4326 -0.236817 11.0605 2.75544 -5.82915 -2.33124 2.94294 -10.0564 -3.09022 6.50431 1.17714 -4.38084 1.49302 -2.95965 -7.57593 -4.93343 0.297853 -1.02957 -1.4192 1.23334 -8.52394 -7.26711 -2.67401 -3.20754 -1.07467 -1.44677 -3.81905
74.36 -7.39424 -7.24951 -4.08826 -4.03768 -1.11738 -0.810059 -5.28079 -8.81355 -7.39827 -0.904948 1.18086 0.233066 -2.09623 -8.78389 -3.71966 -10.0804 1.05337 7.94548 2.46485 -4.67336 -8.7666 1.16403 -11.5032 -0.0319589 11.2413 2.89418 -5.74387 -3.0246 3.10515 -10.3492 -2.61291 7.33106 1.46289 -4.82542 1.01585 -2.25686 -7.74967 -4.95801 1.07287 -0.881204 -1.61362 1.76677 -7.88129 -7.25685 -3.02577 -3.00577 -1.15006 -1.29046 -3.16451
74.41 -6.71827 -7.2568 -4.56579 -4.08307 -1.20207 -0.907501 -4.8346 -8.98419 -7.32965 -1.3532 0.318321 0.0319091 -1.75469 -8.27622 -4.87402 -9.40631 1.0776 7.17132 2.07604 -4.43224 -9.16294 0.776032 -11.5473 0.147378 11.208 3.01086 -5.63567 -3.84685 3.07509 -10.6012 -2.14841 8.11016 1.71879 -5.19456 0.514564 -1.30545 -8.04575 -4.87722 1.92664 -0.633532 -1.85612 2.14389 -7.18357 -7.25126 -3.36442 -2.66143 -1.21092 -1.16153 -2.43128
74.46 -6.08511 -7.2666 -4.97951 -4.02837 -1.27426 -1.01459 -4.36023 -9.00332 -7.28854 -1.77445 -0.468655 -0.149891 -1.47509 -7.72893 -5.8583 -8.79991 0.971172 6.26409 1.69321 -4.1269 -9.4001 0.361806 -11.5593 0.312764 10.93 3.09883 -5.5117 -4.77693 2.90478 -10.8165 -1.70607 8.83083 1.95055 -5.46909 0.00599089 -0.099101 -8.48845 -4.63794 2.8364 -0.269625 -2.18462 2.3415 -6.46485 -7.25047 -3.68971 -2.216 -1.25599 -1.05722 -1.62086
74.51 -5.50078 -7.28041 -5.32449 -3.8608 -1.33193 -1.12696 -3.84513 -8.87497 -7.2654 -2.17082 -1.1731 -0.315165 -1.27083 -7.16395 -6.68381 -8.31289 0.713719 5.25696 1.3392 -3.76359 -9.47895 -0.0949304 -11.5279 0.47316 10.4653 3.14892 -5.37782 -5.7398 2.64237 -10.9987 -1.29863 9.4829 2.16227 -5.64019 -0.502998 1.08165 -8.98239 -4.25053 3.76439 0.147918 -2.62813 2.3433 -5.75007 -7.25612 -4.00482 -1.72569 -1.28402 -0.975461 -0.766763
74.56 -4.95577 -7.30085 -5.60138 -3.56902 -1.37203 -1.24293 -3.27976 -8.61517 -7.25382 -2.54387 -1.7879 -0.466052 -1.14585 -6.59484 -7.37869 -7.95022 0.330948 4.21813 1.01981 -3.35957 -9.40994 -0.625011 -11.4327 0.633242 9.91302 3.14845 -5.23864 -6.65161 2.32353 -11.1515 -0.936599 10.0566 2.35654 -5.71787 -1.01472 1.98955 -9.43196 -3.78772 4.67985 0.54624 -3.16465 2.16391 -5.04878 -7.27214 -4.31148 -1.23304 -1.29303 -0.9149 0.0671713
74.61 -4.43261 -7.33211 -5.81211 -3.15337 -1.39023 -1.36219 -2.66647 -8.25067 -7.24962 -2.89254 -2.30328 -0.604019 -1.0921 -6.02625 -7.95088 -7.69372 -0.124275 3.19785 0.734743 -2.93781 -9.21177 -1.28621 -11.2356 0.792433 9.33161 3.07684 -5.0958 -7.46448 1.97081 -11.2784 -0.624392 10.5405 2.53459 -5.72441 -1.54182 2.58651 -9.81829 -3.30415 5.56997 0.901807 -3.73866 1.84452 -4.35362 -7.3063 -4.60279 -0.756361 -1.27878 -0.875338 0.824216
74.66 -3.90737 -7.38113 -5.95652 -2.63216 -1.38044 -1.48525 -2.02596 -7.81452 -7.25004 -3.21347 -2.70514 -0.729855 -1.09376 -5.45395 -8.3943 -7.51886 -0.60317 2.2231 0.48113 -2.52132 -8.90855 -2.16964 -10.8755 0.943304 8.7305 2.9012 -4.94441 -8.15856 1.59713 -11.381 -0.360058 10.9166 2.69629 -5.68115 -2.11117 2.90805 -10.1488 -2.82117 6.43203 1.21534 -4.29732 1.43181 -3.63466 -7.37336 -4.86031 -0.2981 -1.23211 -0.858806 1.46963
74.71 -3.34526 -7.46009 -6.02906 -2.03065 -1.33332 -1.6137 -1.3912 -7.33942 -7.25334 -3.50294 -2.97401 -0.843649 -1.13398 -4.86439 -8.6973 -7.40385 -1.07557 1.30863 0.255061 -2.1296 -8.52617 -3.30682 -10.3134 1.06659 8.08645 2.59954 -4.7686 -8.7206 1.20894 -11.4593 -0.136702 11.1525 2.83997 -5.60357 -2.76552 3.00474 -10.4328 -2.3467 7.26135 1.49352 -4.80278 0.965166 -2.81972 -7.50322 -5.05214 0.144758 -1.13339 -0.872045 1.98446
74.76 -2.68825 -7.59232 -6.01406 -1.36131 -1.23234 -1.7521 -0.794507 -6.85207 -7.25852 -3.75894 -3.0846 -0.944741 -1.1993 -4.23361 -8.84884 -7.33144 -1.5282 0.463002 0.0525469 -1.77915 -8.08924 -4.49858 -9.64049 1.12416 7.35353 2.21746 -4.54489 -9.13515 0.806546 -11.5106 0.0560979 11.1943 2.96198 -5.5024 -3.543 2.93516 -10.6768 -1.8894 8.04765 1.74321 -5.22935 0.472688 -1.74858 -7.7599 -5.1243 0.575496 -0.940547 -0.933139 2.3565
74.81 -1.83454 -7.82301 -5.87759 -0.617582 -1.04668 -1.91251 -0.263216 -6.37049 -7.26525 -3.98257 -3.00915 -1.03167 -1.28084 -3.5274 -8.84434 -7.28804 -1.95777 -0.308405 -0.12999 -1.48586 -7.61875 -5.54292 -9.00121 1.06594 6.48885 1.82589 -4.25838 -9.39024 0.382479 -11.5291 0.230105 10.9928 3.05596 -5.38591 -4.44166 2.75929 -10.8842 -1.46203 8.77831 1.96988 -5.55567 -0.0286068 -0.2164 -8.22527 -4.99472 0.99711 -0.598151 -1.08642 2.56879
74.86 -0.672747 -8.20921 -5.56336 0.210723 -0.737016 -2.12301 0.172742 -5.90431 -7.27379 -4.17891 -2.7343 -1.10226 -1.37362 -2.71045 -8.69088 -7.26366 -2.36438 -1.00144 -0.295507 -1.2641 -7.13084 -6.41831 -8.47039 0.8585 5.50283 1.45847 -3.91021 -9.48341 -0.0802389 -11.5035 0.395397 10.5728 3.11251 -5.26098 -5.40297 2.5231 -11.0568 -1.07739 9.44136 2.17747 -5.7639 -0.531587 1.52555 -8.80305 -4.63661 1.41183 -0.160494 -1.39457 2.59878
74.91 0.660433 -8.71215 -5.03898 1.10788 -0.324562 -2.42616 0.474641 -5.45554 -7.28509 -4.35771 -2.29121 -1.15413 -1.47498 -1.78232 -8.40909 -7.25154 -2.74695 -1.61141 -0.446295 -1.12115 -6.63619 -7.15612 -8.06591 0.512133 4.46041 1.1249 -3.51431 -9.42298 -0.613306 -11.4134 0.558139 10.0305 3.11843 -5.13248 -6.33866 2.25096 -11.1979 -0.743138 10.0257 2.3685 -5.85862 -1.03835 2.99177 -9.32609 -4.15371 1.81885 0.255602 -1.8656 2.45102
74.96 1.81242 -9.20173 -4.36082 2.02607 0.100277 -2.83835 0.613741 -5.01868 -7.3009 -4.531 -1.75152 -1.18533 -1.58307 -0.812509 -8.03061 -7.24729 -3.10161 -2.13174 -0.583985 -1.05264 -6.13975 -7.77141 -7.77549 0.0742728 3.42281 0.826387 -3.09253 -9.22713 -1.27516 -11.2209 0.719187 9.44189 3.05285 -5.00152 -7.18647 1.95316 -11.3119 -0.460048 10.5191 2.54425 -5.86734 -1.56135 4.04107 -9.7698 -3.64004 2.2185 0.615627 -2.44533 2.16247
75.01 2.61539 -9.62586 -3.60087 2.92325 0.487095 -3.32826 0.591175 -4.58288 -7.32415 -4.70592 -1.16909 -1.19433 -1.69601 0.107406 -7.5913 -7.24807 -3.42297 -2.55301 -0.709561 -1.04453 -5.64051 -8.26177 -7.57547 -0.401818 2.42552 0.560725 -2.66892 -8.92104 -2.15773 -10.8653 0.872163 8.82899 2.88287 -4.86233 -7.91813 1.63477 -11.4019 -0.22343 10.9036 2.70477 -5.81891 -2.12736 4.67409 -10.1507 -3.13017 2.61586 0.921881 -3.06811 1.77869
75.06 3.01996 -9.98736 -2.78032 3.7835 0.826889 -3.84575 0.430465 -4.13391 -7.35968 -4.88004 -0.551807 -1.1787 -1.81217 0.912006 -7.12344 -7.25211 -3.70655 -2.86229 -0.823363 -1.07955 -5.13158 -8.61628 -7.44262 -0.878736 1.4876 0.324226 -2.26529 -8.53264 -3.29494 -10.3065 0.998319 8.17393 2.58606 -4.69825 -8.51765 1.2993 -11.4696 -0.0248721 11.1471 2.84879 -5.73356 -2.77913 4.92499 -10.4834 -2.63145 3.01876 1.18337 -3.68327 1.33926
75.11 3.02838 -10.2969 -1.89741 4.60385 1.12387 -4.34689 0.16305 -3.65178 -7.41563 -5.04134 0.118223 -1.1334 -1.93136 1.55955 -6.65065 -7.25844 -3.95064 -3.04288 -0.925067 -1.14269 -4.60025 -8.82232 -7.35785 -1.33784 0.619771 0.112855 -1.90057 -8.08845 -4.48927 -9.63506 1.05946 7.4326 2.20757 -4.48521 -8.96901 0.947894 -11.5147 0.146654 11.1965 2.97333 -5.62378 -3.5551 4.85144 -10.7779 -2.14768 3.43177 1.40914 -4.25938 0.873145
75.16 2.7596 -10.5628 -0.986362 5.38023 1.38478 -4.80134 -0.181318 -3.10323 -7.50664 -5.16927 0.856075 -1.04851 -2.05653 2.02884 -6.18695 -7.26672 -4.15664 -3.07497 -1.01365 -1.22345 -4.02838 -8.8718 -7.30597 -1.77343 -0.171664 -0.0771372 -1.59258 -7.61086 -5.53653 -8.99613 1.00505 6.56258 1.81876 -4.20818 -9.26017 0.576883 -11.5345 0.302999 11.0041 3.07327 -5.49795 -4.45323 4.5346 -11.0409 -1.68816 3.85096 1.60672 -4.77956 0.398629
75.21 2.41247 -10.7901 -0.122092 6.10349 1.61577 -5.19038 -0.578868 -2.42737 -7.6608 -5.23308 1.66326 -0.905066 -2.19643 2.32468 -5.7385 -7.27725 -4.32858 -2.94052 -1.0874 -1.31572 -3.39479 -8.76703 -7.27577 -2.18561 -0.882197 -0.248926 -1.35693 -7.1166 -6.41375 -8.46532 0.80122 5.57423 1.45367 -3.86849 -9.38849 0.176455 -11.5224 0.454132 10.5968 3.14147 -5.3629 -5.41463 4.06703 -11.2769 -1.26628 4.26438 1.78185 -5.23664 -0.0751568
75.26 2.11161 -10.9825 0.639224 6.76125 1.82191 -5.50175 -1.01307 -1.52286 -7.92832 -5.18663 2.53296 -0.669904 -2.37127 2.46686 -5.30586 -7.291 -4.47254 -2.63681 -1.14397 -1.41635 -2.68157 -8.52368 -7.25966 -2.57468 -1.50699 -0.405012 -1.20157 -6.61647 -7.15203 -8.06064 0.45793 4.53152 1.12209 -3.48024 -9.36155 -0.271864 -11.4657 0.606212 10.0728 3.16903 -5.22445 -6.35135 3.53196 -11.4888 -0.893129 4.65678 1.93854 -5.63016 -0.546804
75.31 1.87729 -11.1428 1.28163 7.33932 2.00727 -5.72449 -1.47476 -0.336407 -8.349 -4.97539 3.44585 -0.316274 -2.61971 2.46547 -4.88537 -7.30973 -4.597 -2.19113 -1.18075 -1.52367 -1.88368 -8.16991 -7.2526 -2.93836 -2.03928 -0.547213 -1.1224 -6.11534 -7.76652 -7.76966 0.0223113 3.49422 0.825266 -3.06515 -9.19638 -0.801995 -11.3414 0.76072 9.51156 3.1433 -5.08619 -7.20241 2.98892 -11.6786 -0.573293 5.01277 2.07934 -5.96405 -1.02225
75.36 1.68166 -11.2737 1.81207 7.82083 2.1748 -5.85118 -1.96209 0.900989 -8.84695 -4.59678 4.36985 0.107301 -2.98045 2.3174 -4.4684 -7.33628 -4.71281 -1.65288 -1.19514 -1.63639 -1.02719 -7.74111 -7.25135 -3.272 -2.4694 -0.676673 -1.10543 -5.61237 -8.25509 -7.56844 -0.45288 2.49663 0.56101 -2.64672 -8.91688 -1.47524 -11.1087 0.913906 8.94181 3.04279 -4.94742 -7.94221 2.47219 -11.8466 -0.304803 5.31646 2.2055 -6.24446 -1.51643
75.41 1.4888 -11.3786 2.24519 8.18447 2.32596 -5.88958 -2.48048 1.90109 -9.31107 -4.12501 5.27595 0.519751 -3.44298 2.03362 -4.03947 -7.37532 -4.82818 -1.06281 -1.18411 -1.75343 -0.17575 -7.2722 -7.25382 -3.57071 -2.78436 -0.793864 -1.13341 -5.10077 -8.60766 -7.43358 -0.930951 1.55713 0.32566 -2.24538 -8.55008 -2.37613 -10.7082 1.05496 8.3585 2.83591 -4.79987 -8.55971 1.99693 -11.9926 -0.0811438 5.54738 2.31715 -6.47812 -2.05701
75.46 1.27255 -11.4604 2.59661 8.4033 2.46062 -5.86101 -3.04217 2.59388 -9.71135 -3.62702 6.15073 0.889402 -3.95333 1.64681 -3.57526 -7.43483 -4.94084 -0.432505 -1.14268 -1.8747 0.607244 -6.79097 -7.25881 -3.83158 -2.96769 -0.898578 -1.19136 -4.56758 -8.81306 -7.34657 -1.39381 0.686193 0.115206 -1.87711 -8.12234 -3.4962 -10.1224 1.16023 7.73427 2.51203 -4.62439 -9.04313 1.56604 -12.1155 0.107175 5.67273 2.41338 -6.6713 -2.68333
75.51 1.01957 -11.5202 2.88057 8.44813 2.57703 -5.78688 -3.66301 3.0033 -10.0538 -3.13016 6.99031 1.21496 -4.45494 1.19474 -3.03967 -7.52962 -5.03463 0.250463 -1.06121 -2.00278 1.28048 -6.31549 -7.26583 -4.05474 -3.00012 -0.989904 -1.26874 -3.99419 -8.86441 -7.29324 -1.83547 -0.109913 -0.0740791 -1.55576 -7.65645 -4.62148 -9.45903 1.1874 7.0244 2.1252 -4.39716 -9.37747 1.17414 -12.2136 0.271704 5.64073 2.49211 -6.82929 -3.42472
75.56 0.724772 -11.5566 3.10921 8.30234 2.67181 -5.68199 -4.35207 3.16886 -10.348 -2.64109 7.78945 1.50308 -4.90681 0.708287 -2.37043 -7.68825 -5.07835 1.00634 -0.920547 -2.14592 1.81894 -5.85482 -7.27504 -4.24321 -2.86471 -1.06622 -1.35916 -3.35917 -8.76434 -7.26255 -2.25499 -0.826701 -0.245351 -1.29548 -7.17007 -5.59178 -8.84796 1.08747 6.18639 1.73829 -4.10557 -9.5526 0.80961 -12.2846 0.424254 5.40124 2.54993 -6.95605 -4.27716
75.61 0.384985 -11.5656 3.2925 7.98553 2.74016 -5.5551 -5.0957 3.13704 -10.6014 -2.16379 8.5387 1.76094 -5.2825 0.207925 -1.46847 -7.96086 -5.02281 1.84464 -0.687389 -2.32379 2.20347 -5.41127 -7.28731 -4.40253 -2.56065 -1.12534 -1.45909 -2.64503 -8.52869 -7.24653 -2.65138 -1.45945 -0.401102 -1.10857 -6.67507 -6.40445 -8.35003 0.836227 5.2236 1.37856 -3.75334 -9.56903 0.456539 -12.3248 0.574436 4.96647 2.5825 -7.05416 -5.19287
75.66 -0.00719076 -11.5383 3.43838 7.55476 2.77576 -5.41184 -5.85589 2.96144 -10.8183 -1.70747 9.22704 1.99433 -5.56381 -0.295857 -0.293219 -8.38318 -4.81158 2.74981 -0.337139 -2.57418 2.41239 -4.98215 -7.30427 -4.54099 -2.1171 -1.16482 -1.56627 -1.84804 -8.18587 -7.23991 -3.02098 -2.00164 -0.543153 -0.999306 -6.17748 -7.09147 -7.9753 0.455192 4.19559 1.0533 -3.35635 -9.43863 0.0950463 -12.3285 0.728129 4.4236 2.58536 -7.12484 -6.09275
75.71 -0.470473 -11.4589 3.55273 7.0697 2.76958 -5.25649 -6.59121 2.69335 -11.0019 -1.28542 9.84353 2.20738 -5.74103 -0.80159 0.916171 -8.87677 -4.44198 3.68562 0.0799448 -2.93387 2.4274 -4.55932 -7.32859 -4.66942 -1.58395 -1.18229 -1.67882 -0.996179 -7.77114 -7.23934 -3.35801 -2.44396 -0.672664 -0.960462 -5.67757 -7.66501 -7.70769 -0.00395646 3.16753 0.762629 -2.93698 -9.18288 -0.301825 -12.2856 0.887133 3.85788 2.55346 -7.16796 -6.91422
75.76 -1.04576 -11.2979 3.63911 6.56479 2.70633 -5.0913 -7.27293 2.37068 -11.156 -0.908788 10.3767 2.40264 -5.82212 -1.31718 1.88306 -9.3355 -3.98445 4.61683 0.485724 -3.39239 2.25821 -4.12803 -7.36459 -4.79612 -1.0012 -1.17501 -1.79504 -0.153186 -7.31836 -7.24269 -3.65705 -2.7739 -0.790149 -0.976768 -5.16962 -8.11932 -7.52281 -0.491178 2.18006 0.503876 -2.5179 -8.82898 -0.776853 -12.1767 1.04967 3.31083 2.47822 -7.18122 -7.62801
75.81 -1.80944 -11.004 3.69725 6.04731 2.55945 -4.91284 -7.883 2.01652 -11.2838 -0.58196 10.8113 2.58127 -5.82916 -1.86278 2.54385 -9.73161 -3.5012 5.5246 0.850036 -3.89853 1.94363 -3.66637 -7.41964 -4.9195 -0.38004 -1.13854 -1.91436 0.61905 -6.85372 -7.2487 -3.91537 -2.97556 -0.895466 -1.03153 -4.64173 -8.44148 -7.39822 -0.974931 1.25442 0.273254 -2.11728 -8.40518 -1.40788 -11.9639 1.21122 2.79315 2.34182 -7.15763 -8.22204
75.86 -2.83894 -10.5189 3.71847 5.50212 2.29834 -4.70613 -8.40429 1.64334 -11.3872 -0.301753 11.1222 2.74304 -5.78465 -2.47496 2.92522 -10.0709 -3.01801 6.40153 1.17148 -4.39829 1.53081 -3.14103 -7.50713 -5.02486 0.291612 -1.06414 -2.03884 1.28078 -6.39377 -7.25679 -4.13366 -3.0301 -0.987809 -1.1113 -4.07619 -8.61883 -7.31694 -1.44152 0.401495 0.0668134 -1.74717 -7.93685 -2.32858 -11.5794 1.36452 2.30146 2.11157 -7.07943 -8.68524
75.91 -4.03501 -9.87421 3.67615 4.89272 1.93965 -4.44412 -8.81392 1.25652 -11.4665 -0.0587056 11.2646 2.886 -5.70501 -3.19802 3.07036 -10.3629 -2.54248 7.24084 1.45636 -4.85191 1.0607 -2.49496 -7.65288 -5.0835 1.03392 -0.93453 -2.17583 1.80878 -5.94677 -7.26693 -4.31564 -2.91999 -1.0657 -1.20726 -3.45191 -8.6435 -7.26735 -1.88732 -0.37278 -0.119035 -1.41455 -7.44423 -3.61924 -10.9744 1.49666 1.82666 1.76691 -6.9097 -8.99753
75.96 -5.15611 -9.2125 3.52276 4.17174 1.55547 -4.10785 -9.09074 0.854747 -11.5193 0.160169 11.1809 3.00611 -5.60104 -4.05103 3.02967 -10.6145 -2.0804 8.03274 1.71161 -5.23341 0.562912 -1.63303 -7.90402 -5.04952 1.8579 -0.718318 -2.34317 2.1866 -5.51507 -7.27968 -4.46741 -2.64162 -1.12709 -1.31437 -2.75056 -8.51595 -7.24097 -2.31122 -1.064 -0.287281 -1.12436 -6.94152 -5.04095 -10.251 1.58331 1.35901 1.36796 -6.60779 -9.13564
76.01 -6.11663 -8.63877 3.21165 3.32426 1.19379 -3.70392 -9.22739 0.429931 -11.5402 0.366764 10.8581 3.09687 -5.48049 -5.00108 2.85837 -10.83 -1.64218 8.76646 1.94291 -5.52449 0.0555304 -0.488527 -8.30562 -4.86523 2.75081 -0.385072 -2.5765 2.39571 -5.09685 -7.29627 -4.59761 -2.22039 -1.16972 -1.42968 -1.96559 -8.25001 -7.23044 -2.71043 -1.66691 -0.440239 -0.882586 -6.43689 -6.31215 -9.55547 1.58842 0.891291 0.99105 -6.17294 -9.09654
76.06 -6.94279 -8.18918 2.73296 2.40173 0.86846 -3.25719 -9.23128 -0.034056 -11.5184 0.568286 10.3736 3.14965 -5.3498 -5.96688 2.6054 -11.0125 -1.24073 9.43195 2.15435 -5.71357 -0.453523 0.743056 -8.79815 -4.51528 3.67815 0.02795 -2.91642 2.41763 -4.68581 -7.3188 -4.7176 -1.70563 -1.19141 -1.55101 -1.11853 -7.87508 -7.22989 -3.07964 -2.17379 -0.57953 -0.697295 -5.93267 -7.36152 -8.9547 1.47511 0.417723 0.661041 -5.64423 -8.90191
76.11 -7.66324 -7.86008 2.12601 1.47622 0.580032 -2.79779 -9.11967 -0.567039 -11.4338 0.76632 9.82481 3.15264 -5.21403 -6.87239 2.30331 -11.1652 -0.885979 10.0196 2.34856 -5.80532 -0.965601 1.7592 -9.26687 -4.06421 4.60385 0.438753 -3.36099 2.2576 -4.26975 -7.35077 -4.83738 -1.14138 -1.18993 -1.67636 -0.269193 -7.4296 -7.23539 -3.4124 -2.57361 -0.706079 -0.576182 -5.42529 -8.20367 -8.47122 1.22677 -0.0670589 0.377591 -5.07121 -8.58584
76.16 -8.28877 -7.6299 1.45422 0.59353 0.325016 -2.35211 -8.9144 -1.22498 -11.2495 0.9573 9.26106 3.08617 -5.07511 -7.68064 1.96979 -11.2916 -0.581449 10.518 2.52685 -5.8203 -1.4923 2.46843 -9.67347 -3.58027 5.50737 0.809841 -3.86213 1.95107 -3.83033 -7.39812 -4.95806 -0.544184 -1.16183 -1.80431 0.518131 -6.95033 -7.24461 -3.70368 -2.8516 -0.820105 -0.521504 -4.90513 -8.86513 -8.10428 0.862413 -0.565314 0.133933 -4.49579 -8.18412
76.21 -8.81786 -7.47418 0.773836 -0.225352 0.0988608 -1.93872 -8.6376 -2.09892 -10.9048 1.1322 8.68762 2.91776 -4.92848 -8.3789 1.61409 -11.3935 -0.324533 10.9101 2.68922 -5.7814 -2.05925 2.89139 -10.0217 -3.09422 6.38082 1.13738 -4.36449 1.54418 -3.34057 -7.47139 -5.06832 0.0946736 -1.10048 -1.93536 1.20064 -6.46471 -7.25649 -3.95168 -2.9892 -0.921085 -0.526959 -4.35643 -9.36676 -7.83769 0.42639 -1.07135 -0.0774212 -3.9476 -7.72813
76.26 -9.23967 -7.37255 0.119801 -0.971952 -0.102879 -1.56917 -8.3091 -3.23187 -10.355 1.27223 8.08064 2.62257 -4.7587 -8.95821 1.24112 -11.4714 -0.108036 11.1647 2.83418 -5.70587 -2.70854 3.07037 -10.3213 -2.61518 7.21774 1.42725 -4.82647 1.07798 -2.75554 -7.59051 -5.14421 0.795925 -0.992614 -2.07407 1.75389 -5.98901 -7.27088 -4.15813 -2.966 -1.00772 -0.57979 -3.75848 -9.72051 -7.6493 -0.0358995 -1.57 -0.262961 -3.44517 -7.24212
76.31 -9.53461 -7.30938 -0.494364 -1.6429 -0.284066 -1.25201 -7.94529 -4.43541 -9.6836 1.34123 7.39357 2.2423 -4.54201 -9.40494 0.851438 -11.5232 0.0785117 11.2288 2.9583 -5.60506 -3.4799 3.05531 -10.5798 -2.14859 8.00866 1.68649 -5.22155 0.582683 -1.99594 -7.79341 -5.14699 1.57748 -0.81285 -2.23306 2.16267 -5.53004 -7.28843 -4.3276 -2.76814 -1.07798 -0.665823 -3.08971 -9.93041 -7.51823 -0.493403 -2.04057 -0.427731 -2.99779 -6.74262
76.36 -9.67725 -7.27234 -1.0717 -2.23633 -0.447833 -0.996877 -7.55886 -5.49588 -9.03855 1.29081 6.57874 1.84988 -4.26256 -9.70585 0.438973 -11.5437 0.246891 11.0506 3.05561 -5.48696 -4.37486 2.90248 -10.8021 -1.70417 8.74289 1.92103 -5.5322 0.0771594 -0.962999 -8.13416 -5.02152 2.4383 -0.525241 -2.44019 2.4123 -5.08773 -7.31046 -4.46724 -2.40469 -1.12926 -0.773523 -2.3361 -9.9955 -7.42779 -0.931331 -2.46154 -0.575387 -2.60755 -6.23871
76.41 -9.64235 -7.25227 -1.62562 -2.75034 -0.596607 -0.814117 -7.15901 -6.38536 -8.49955 1.08746 5.63729 1.48125 -3.92083 -9.85371 -0.0110238 -11.523 0.40726 10.6484 3.1172 -5.35802 -5.33849 2.66431 -10.991 -1.29495 9.41041 2.13519 -5.74544 -0.429886 0.272613 -8.60466 -4.72742 3.35122 -0.133212 -2.73833 2.48415 -4.65629 -7.33918 -4.58702 -1.91525 -1.15876 -0.89559 -1.50497 -9.91366 -7.36566 -1.3465 -2.8126 -0.708406 -2.27179 -5.73268
76.46 -9.41305 -7.24301 -2.1728 -3.18294 -0.732177 -0.709002 -6.75174 -7.13733 -8.08704 0.740602 4.62671 1.14674 -3.53035 -9.8483 -0.526636 -11.4424 0.565944 10.1169 3.13075 -5.22339 -6.28242 2.37653 -11.1494 -0.931682 10.0016 2.33187 -5.85943 -0.939055 1.39658 -9.09024 -4.30275 4.27691 0.2858 -3.14662 2.37238 -4.22297 -7.37812 -4.69781 -1.34895 -1.16353 -1.02876 -0.643908 -9.68519 -7.32312 -1.74182 -3.07442 -0.82831 -1.98547 -5.22023
76.51 -8.99212 -7.24051 -2.72515 -3.5326 -0.855789 -0.676327 -6.34005 -7.77015 -7.78992 0.298209 3.60419 0.847547 -3.11269 -9.69656 -1.16038 -11.2677 0.724148 9.53693 3.07716 -5.08532 -7.14195 2.05732 -11.2807 -0.618912 10.5054 2.5126 -5.89007 -1.46098 2.2318 -9.5205 -3.82426 5.18656 0.67385 -3.63064 2.10245 -3.76683 -7.43339 -4.80407 -0.733357 -1.13943 -1.17301 0.178058 -9.31578 -7.29408 -2.12192 -3.22747 -0.935838 -1.74276 -4.69046
76.56 -8.41443 -7.24221 -3.28145 -3.79837 -0.968221 -0.701516 -5.92407 -8.28405 -7.58471 -0.184167 2.60364 0.581295 -2.69164 -9.4127 -1.9998 -10.941 0.87641 8.93493 2.92532 -4.94014 -7.88808 1.71511 -11.3874 -0.354733 10.9053 2.67767 -5.8607 -2.0198 2.77101 -9.88926 -3.3368 6.06798 1.01783 -4.13356 1.71834 -3.25625 -7.51641 -4.89754 -0.0668032 -1.07886 -1.33124 0.907865 -8.81903 -7.27443 -2.49035 -3.25129 -1.03105 -1.53807 -4.12635
76.61 -7.74599 -7.24655 -3.82453 -3.97911 -1.06981 -0.766708 -5.50097 -8.67 -7.44797 -0.666497 1.64651 0.344096 -2.28865 -9.01844 -3.10176 -10.4119 1.00626 8.29695 2.64723 -4.77376 -8.50594 1.35436 -11.4703 -0.132362 11.1721 2.82595 -5.79075 -2.65621 3.04965 -10.2055 -2.8549 6.91513 1.32144 -4.60687 1.26347 -2.63914 -7.64965 -4.955 0.667726 -0.96672 -1.51025 1.51324 -8.21788 -7.26145 -2.84804 -3.12775 -1.11338 -1.36648 -3.50727
76.66 -7.05876 -7.25283 -4.32966 -4.07174 -1.16037 -0.856265 -5.06479 -8.91598 -7.36042 -1.12828 0.748897 0.13177 -1.92199 -8.5415 -4.30405 -9.7472 1.07877 7.58154 2.27606 -4.5629 -8.98055 0.976333 -11.5284 0.0584676 11.2552 2.95453 -5.69319 -3.41188 3.11127 -10.4776 -2.38305 7.71985 1.59174 -5.01725 0.771686 -1.82735 -7.87596 -4.93538 1.48259 -0.774535 -1.72454 1.97261 -7.54376 -7.25355 -3.19359 -2.85282 -1.18181 -1.22399 -2.81514
76.71 -6.4016 -7.26122 -4.77706 -4.06948 -1.23913 -0.959212 -4.6063 -9.0125 -7.30673 -1.56314 -0.0775513 -0.0594934 -1.60882 -8.01121 -5.37901 -9.09565 1.04399 6.74239 1.8854 -4.29037 -9.29931 0.576886 -11.5577 0.229624 11.1008 3.05812 -5.57647 -4.29337 3.00589 -10.7111 -1.92793 8.47161 1.83519 -5.34196 0.265373 -0.733945 -8.24785 -4.78134 2.36808 -0.467574 -2.00381 2.26476 -6.83184 -7.25022 -3.52549 -2.4521 -1.23507 -1.10744 -2.04239
76.76 -5.79283 -7.27274 -5.15725 -3.96114 -1.30451 -1.06923 -4.11351 -8.95804 -7.2754 -1.97186 -0.824865 -0.232876 -1.36496 -7.453 -6.281 -8.54493 0.863126 5.7782 1.51533 -3.95501 -9.45809 0.144542 -11.5503 0.391683 10.7189 3.12881 -5.44696 -5.25108 2.78506 -10.9098 -1.50112 9.15986 2.0567 -5.56579 -0.243691 0.504626 -8.73242 -4.46231 3.29156 -0.0658187 -2.38782 2.36682 -6.11282 -7.25226 -3.84528 -1.97793 -1.27196 -1.01441 -1.20376
76.81 -5.22956 -7.28939 -5.46859 -3.73363 -1.35402 -1.18346 -3.57446 -8.76246 -7.25857 -2.35675 -1.48635 -0.390867 -1.19988 -6.88485 -7.04014 -8.12021 0.538488 4.74745 1.17809 -3.56908 -9.46252 -0.343015 -11.491 0.551648 10.2003 3.15602 -5.31002 -6.19748 2.49139 -11.0771 -1.11497 9.77473 2.25963 -5.6887 -0.753148 1.56656 -9.21077 -4.02863 4.21613 0.348059 -2.88283 2.27578 -5.40448 -7.26231 -4.15644 -1.48272 -1.291 -0.943158 -0.351212
76.86 -4.69781 -7.31448 -5.71287 -3.37994 -1.38401 -1.30102 -2.9842 -8.44742 -7.25104 -2.71815 -2.05384 -0.535275 -1.1115 -6.31597 -7.67493 -7.81262 0.113213 3.71315 0.875784 -3.15335 -9.32739 -0.927902 -11.3521 0.711731 9.62989 3.12398 -5.16915 -7.06442 2.1538 -11.2169 -0.777244 10.3061 2.44587 -5.72853 -1.27007 2.31956 -9.62903 -3.55129 5.11981 0.726184 -3.44508 2.02181 -4.70828 -7.28593 -4.45713 -0.996889 -1.28936 -0.892818 0.450694
76.91 -4.17711 -7.35334 -5.89135 -2.90934 -1.38939 -1.42204 -2.35391 -8.0435 -7.24938 -3.0537 -2.51562 -0.667234 -1.08711 -5.74665 -8.1852 -7.59919 -0.358658 2.71281 0.606605 -2.73149 -9.07448 -1.68589 -11.0836 0.868327 9.03995 3.006 -5.02331 -7.82067 1.78964 -11.3317 -0.489101 10.74 2.61601 -5.70832 -1.81346 2.77569 -9.98675 -3.06663 5.99642 1.06045 -4.01728 1.65109 -4.00709 -7.33373 -4.73492 -0.529462 -1.26082 -0.86409 1.15614
76.96 -3.63917 -7.41502 -6.0017 -2.346 -1.36278 -1.54742 -1.71188 -7.58443 -7.25138 -3.3596 -2.85506 -0.787197 -1.10965 -5.1682 -8.56127 -7.45611 -0.83694 1.76626 0.367017 -2.32496 -8.72921 -2.70269 -10.623 1.00914 8.42234 2.76802 -4.86267 -8.45176 1.40839 -11.4226 -0.245978 11.0527 2.76919 -5.64665 -2.41858 2.98011 -10.2935 -2.58699 6.84339 1.35573 -4.55366 1.20768 -3.25415 -7.42633 -4.96526 -0.0792076 -1.19209 -0.860851 1.73924
77.01 -3.03998 -7.51612 -6.03418 -1.71095 -1.29201 -1.67986 -1.09212 -7.1005 -7.25568 -3.63273 -3.0498 -0.894892 -1.16358 -4.5621 -8.79107 -7.36392 -1.30051 0.884747 0.152986 -1.9515 -8.31718 -3.90192 -9.98706 1.10615 7.74127 2.41708 -4.66616 -8.94337 1.01364 -11.4881 -0.0390619 11.2012 2.90285 -5.55636 -3.13037 2.98756 -10.5572 -2.11957 7.65314 1.61916 -5.02317 0.725572 -2.34116 -7.60736 -5.1071 0.357339 -1.05443 -0.89411 2.18555
77.06 -2.3025 -7.68926 -5.96538 -1.00678 -1.1545 -1.82679 -0.524192 -6.61428 -7.26163 -3.87249 -3.07235 -0.989269 -1.23769 -3.8991 -8.86599 -7.30722 -1.74189 0.0749858 -0.0393141 -1.62712 -7.86144 -5.03352 -9.31632 1.11298 6.94691 2.02362 -4.41249 -9.28065 0.602084 -11.5243 0.143091 11.1268 3.01209 -5.44673 -3.97096 2.85884 -10.783 -1.6752 8.41372 1.85697 -5.40325 0.227284 -1.05703 -7.96117 -5.09099 0.783208 -0.792343 -0.992658 2.48212
77.11 -1.30476 -7.9913 -5.74942 -0.221937 -0.911642 -2.00692 -0.0353056 -6.13952 -7.26917 -4.08181 -2.89868 -1.06849 -1.32518 -3.14209 -8.78667 -7.27419 -2.16018 -0.658483 -0.213171 -1.36741 -7.38072 -5.99136 -8.72521 0.983368 6.01687 1.64173 -4.09469 -9.45594 0.161904 -11.523 0.311772 10.8087 3.08908 -5.32534 -4.9109 2.64903 -10.973 -1.26742 9.11265 2.07389 -5.67302 -0.275156 0.649742 -8.50872 -4.84296 1.20136 -0.386392 -1.21567 2.607
77.16 -0.0168235 -8.44994 -5.33085 0.644607 -0.542031 -2.25786 0.33989 -5.68212 -7.2789 -4.26805 -2.53394 -1.13018 -1.42242 -2.26635 -8.56686 -7.25649 -2.5553 -1.31144 -0.371216 -1.18408 -6.88852 -6.79595 -8.2565 0.703567 4.99407 1.29042 -3.72075 -9.47206 -0.33006 -11.4692 0.475345 10.3161 3.12279 -5.19823 -5.87001 2.3933 -11.1296 -0.906974 9.73846 2.27312 -5.82309 -0.77914 2.29398 -9.07007 -4.40788 1.61248 0.0499654 -1.60779 2.54669
77.21 1.26345 -8.95937 -4.72015 1.55874 -0.113197 -2.61576 0.563785 -5.24029 -7.29213 -4.44276 -2.03416 -1.17211 -1.52731 -1.30583 -8.23322 -7.24867 -2.92481 -1.87841 -0.515414 -1.07892 -6.39275 -7.4731 -7.91059 0.305277 3.94807 0.974173 -3.30915 -9.34239 -0.916713 -11.3351 0.637534 9.74509 3.09698 -5.06871 -6.76781 2.10775 -11.257 -0.598101 10.2799 2.45657 -5.87169 -1.29155 3.55962 -9.55268 -3.90245 2.01557 0.439347 -2.1406 2.32424
77.26 2.25384 -9.41819 -3.99586 2.47017 0.295814 -3.07197 0.621712 -4.80552 -7.31113 -4.6165 -1.46976 -1.19263 -1.63801 -0.350375 -7.82047 -7.24717 -3.26381 -2.35152 -0.647077 -1.04217 -5.89543 -8.02812 -7.66761 -0.157263 2.92709 0.692176 -2.88353 -9.08903 -1.67443 -11.0712 0.79601 9.14465 2.98487 -4.93503 -7.56092 1.79935 -11.3589 -0.338651 10.7228 2.62492 -5.84925 -1.83121 4.40195 -9.9634 -3.38877 2.41318 0.772021 -2.74901 1.98347
77.31 2.86523 -9.81027 -3.20631 3.35 0.659474 -3.58163 0.527675 -4.36529 -7.33965 -4.79196 -0.871565 -1.18997 -1.75268 0.519429 -7.36359 -7.24972 -3.56705 -2.71969 -0.766874 -1.05732 -5.39266 -8.45346 -7.50319 -0.63718 1.95718 0.441321 -2.46721 -8.73907 -2.69035 -10.6147 0.939274 8.51526 2.75226 -4.78646 -8.22972 1.47223 -11.4379 -0.121936 11.0435 2.7776 -5.78075 -2.43333 4.8419 -10.3191 -2.88403 2.81232 1.05513 -3.37312 1.56808
77.36 3.06962 -10.1451 -2.35441 4.19091 0.977463 -4.09576 0.310664 -3.90313 -7.38388 -4.96182 -0.231033 -1.16065 -1.8702 1.25107 -6.89098 -7.25497 -3.83126 -2.96815 -0.874823 -1.10775 -4.87468 -8.7366 -7.39606 -1.10672 1.05265 0.217645 -2.0804 -8.32019 -3.89097 -9.98118 1.03955 7.82435 2.40555 -4.60122 -8.75851 1.12905 -11.4947 0.0618751 11.1994 2.91257 -5.68219 -3.14303 4.92491 -10.6321 -2.3919 3.22007 1.29805 -3.97202 1.11263
77.41 2.91879 -10.4324 -1.44979 4.99053 1.25592 -4.57697 0.00211397 -3.39386 -7.45459 -5.10986 0.471312 -1.0976 -1.99168 1.81227 -6.42144 -7.26226 -4.0563 -3.07845 -0.970263 -1.18055 -4.32602 -8.86632 -7.32908 -1.55449 0.221671 0.0171972 -1.74133 -7.85714 -5.02563 -9.3112 1.05015 7.02308 2.01521 -4.35762 -9.13227 0.768845 -11.5279 0.224532 11.1331 3.02582 -5.56363 -3.98262 4.72074 -10.9105 -1.91848 3.63719 1.50917 -4.52211 0.640718
77.46 2.58848 -10.6788 -0.552163 5.74226 1.50146 -5.00114 -0.370863 -2.79292 -7.57183 -5.21098 1.24358 -0.987157 -2.12245 2.19442 -5.96486 -7.27157 -4.24495 -3.03055 -1.05182 -1.2675 -3.72651 -8.83905 -7.28899 -1.97846 -0.530615 -0.16351 -1.46719 -7.36965 -5.98595 -8.72021 0.924316 6.08924 1.63584 -4.04879 -9.34326 0.385071 -11.5332 0.377282 10.8257 3.11119 -5.43248 -4.92235 4.31851 -11.1598 -1.47574 4.05536 1.69513 -5.01177 0.165925
77.51 2.25608 -10.8886 0.265902 6.43507 1.71969 -5.35344 -0.787989 -2.01935 -7.77405 -5.22759 2.08287 -0.803669 -2.27592 2.4125 -5.52438 -7.28351 -4.40226 -2.81172 -1.11746 -1.36414 -3.05555 -8.6635 -7.26647 -2.3794 -1.19978 -0.327327 -1.27063 -6.87154 -6.79173 -8.2514 0.647909 5.06529 1.28668 -3.68292 -9.39386 -0.0358007 -11.5013 0.528388 10.3482 3.16072 -5.29513 -5.88191 3.80873 -11.3837 -1.07673 4.46042 1.86081 -5.43741 -0.306542
77.56 1.98959 -11.065 0.968998 7.05564 1.91519 -5.62271 -1.23636 -0.96958 -8.11684 -5.10595 2.9772 -0.510534 -2.48097 2.48423 -5.09842 -7.29942 -4.53542 -2.43301 -1.16465 -1.46823 -2.30008 -8.36186 -7.2553 -2.75648 -1.78021 -0.476417 -1.1539 -6.37066 -7.46871 -7.90513 0.252344 4.01946 0.972261 -3.27854 -9.29648 -0.518623 -11.4152 0.681783 9.79942 3.16413 -5.15653 -6.78162 3.26396 -11.5846 -0.729598 4.83686 2.00947 -5.80101 -0.778822
77.61 1.77884 -11.2105 1.55491 7.5887 2.09153 -5.79857 -1.71041 0.287344 -8.59235 -4.80683 3.89984 -0.111284 -2.78182 2.4111 -4.68114 -7.32155 -4.65424 -1.9355 -1.19078 -1.57835 -1.46737 -7.96671 -7.25142 -3.10609 -2.26378 -0.612267 -1.10735 -5.86909 -8.0224 -7.66131 -0.208529 2.9986 0.691808 -2.85898 -9.07195 -1.10913 -11.2443 0.836473 9.23293 3.10517 -5.01849 -7.57992 2.73091 -11.7637 -0.435522 5.16933 2.14301 -6.10784 -1.2609
77.66 1.58866 -11.3282 2.03564 8.01541 2.25094 -5.87983 -2.21184 1.42969 -9.08231 -4.37175 4.81779 0.314145 -3.19753 2.19343 -4.26069 -7.35349 -4.76931 -1.3684 -1.19314 -1.6933 -0.604401 -7.5142 -7.25219 -3.42313 -2.63924 -0.735691 -1.11454 -5.36312 -8.44573 -7.49528 -0.688459 2.02781 0.442227 -2.44668 -8.74622 -1.88433 -10.9367 0.985665 8.65866 2.95653 -4.87708 -8.26094 2.23352 -11.921 -0.190041 5.44043 2.2621 -6.36449 -1.77345
77.71 1.38674 -11.4215 2.4268 8.31171 2.39413 -5.88243 -2.74958 2.27861 -9.51533 -3.88147 5.70931 0.70688 -3.69119 1.8543 -3.81795 -7.40126 -4.88446 -0.758961 -1.16802 -1.81231 0.22004 -7.03637 -7.256 -3.70346 -2.8919 -0.846831 -1.15883 -4.84293 -8.72738 -7.38589 -1.1604 1.12096 0.21958 -2.05978 -8.34641 -2.90806 -10.4401 1.11326 8.05994 2.68973 -4.71886 -8.81448 1.78022 -12.0559 0.0149483 5.62483 2.36637 -6.57756 -2.35103
77.76 1.15347 -11.4925 2.74349 8.4486 2.52016 -5.82921 -3.33836 2.82782 -9.88594 -3.38243 6.56722 1.05428 -4.20348 1.43102 -3.32444 -7.4756 -4.99078 -0.105275 -1.1086 -1.93634 0.953082 -6.55631 -7.262 -3.94563 -3.00367 -0.945136 -1.22734 -4.29262 -8.85762 -7.31696 -1.61315 0.286099 0.0199411 -1.71278 -7.89739 -4.0622 -9.79722 1.18652 7.39997 2.32546 -4.5206 -9.22658 1.36957 -12.1669 0.190081 5.68044 2.45436 -6.7529 -3.03189
77.81 0.880342 -11.5412 2.99894 8.40027 2.62648 -5.73858 -3.99259 3.11229 -10.2036 -2.88903 7.38792 1.36053 -4.68476 0.958857 -2.73341 -7.59688 -5.06494 0.611151 -1.00132 -2.07026 1.56271 -6.08743 -7.27004 -4.15123 -2.9553 -1.02934 -1.31171 -3.69163 -8.83361 -7.27592 -2.04398 -0.471638 -0.160156 -1.4196 -7.4196 -5.11902 -9.14749 1.15675 6.63082 1.93306 -4.26231 -9.4835 0.992847 -12.252 0.347344 5.55065 2.52334 -6.89517 -3.83074
77.86 0.563983 -11.5649 3.20422 8.16533 2.70898 -5.62206 -4.71193 3.17466 -10.4771 -2.40499 8.16393 1.63297 -5.10191 0.463671 -1.9637 -7.80403 -5.06726 1.40765 -0.820179 -2.22693 2.02806 -5.6352 -7.2806 -4.32456 -2.73556 -1.09752 -1.40712 -3.01939 -8.66422 -7.25324 -2.45242 -1.14788 -0.323547 -1.19412 -6.92788 -6.00777 -8.58814 0.982897 5.72696 1.55777 -3.93965 -9.58002 0.636143 -12.3084 0.497742 5.20803 2.56934 -7.00764 -4.72305
77.91 0.199927 -11.5575 3.3683 7.78435 2.76217 -5.48654 -5.46923 3.06541 -10.7122 -1.93646 8.88468 1.87821 -5.43321 -0.0391044 -0.91849 -8.15101 -4.94103 2.28237 -0.52926 -2.43467 2.3294 -5.19937 -7.2949 -4.47242 -2.35754 -1.14731 -1.51085 -2.26366 -8.37186 -7.24235 -2.83631 -1.73719 -0.472393 -1.04547 -6.43121 -6.75577 -8.15148 0.662681 4.72306 1.21464 -3.56293 -9.52229 0.281744 -12.3316 0.649167 4.7075 2.58789 -7.09223 -5.64091
77.96 -0.22374 -11.5073 3.49811 7.32077 2.77868 -5.33689 -6.22175 2.83869 -10.9123 -1.49527 9.53913 2.1012 -5.66375 -0.543477 0.318246 -8.62486 -4.64648 3.20762 -0.135095 -2.73623 2.44424 -4.77474 -7.31506 -4.60458 -1.86366 -1.17629 -1.6209 -1.43349 -7.98926 -7.23903 -3.1907 -2.23175 -0.60819 -0.972292 -5.93281 -7.38701 -7.83215 0.236327 3.68831 0.906552 -3.15201 -9.32727 -0.0930479 -12.3142 0.805481 4.14546 2.57446 -7.14951 -6.50788
78.01 -0.734908 -11.3927 3.59848 6.82349 2.747 -5.17667 -6.93351 2.54008 -11.081 -1.09447 10.1163 2.30529 -5.79161 -1.0524 1.42862 -9.10936 -4.22368 4.14466 0.283382 -3.1492 2.36543 -4.35003 -7.34443 -4.7316 -1.30286 -1.18203 -1.73542 -0.577165 -7.55201 -7.24058 -3.50965 -2.62073 -0.731779 -0.962641 -5.43005 -7.90345 -7.60818 -0.241836 2.67654 0.631966 -2.73015 -9.01981 -0.521339 -12.2422 0.966629 3.58611 2.52278 -7.17847 -7.27866
78.06 -1.39078 -11.1744 3.67139 6.31296 2.64685 -5.00597 -7.58204 2.19986 -11.2218 -0.74222 10.6034 2.49233 -5.83331 -1.57924 2.24456 -9.53755 -3.74828 5.06572 0.670061 -3.63837 2.11907 -3.90711 -7.38857 -4.85767 -0.701646 -1.16117 -1.85312 0.237495 -7.09074 -7.24535 -3.78885 -2.88996 -0.843355 -0.999758 -4.91419 -8.29469 -7.45536 -0.730043 1.71754 0.387509 -2.31823 -8.6282 -1.05987 -12.0888 1.1294 3.05329 2.42064 -7.175 -7.93486
78.11 -2.28076 -10.7917 3.71336 5.7851 2.44652 -4.81646 -8.15102 1.83529 -11.3375 -0.439097 10.9815 2.66282 -5.81258 -2.15192 2.76335 -9.90457 -3.26347 5.95905 1.01277 -4.14736 1.75057 -3.41945 -7.45729 -4.97488 -0.0581204 -1.10759 -1.97447 0.959226 -6.6269 -7.25242 -4.02725 -3.02192 -0.942452 -1.06817 -4.37035 -8.54719 -7.35378 -1.20626 0.826607 0.169225 -1.93144 -8.17968 -1.81352 -11.8019 1.28804 2.54926 2.24305 -7.12789 -8.46653
78.16 -3.42118 -10.2145 3.70821 5.21421 2.13036 -4.58619 -8.62065 1.45515 -11.4292 -0.178619 11.2168 2.81572 -5.74919 -2.81365 3.02299 -10.2196 -2.78347 6.81857 1.31537 -4.62848 1.30519 -2.84421 -7.56898 -5.06188 0.645804 -1.00905 -2.10368 1.55761 -6.17269 -7.26149 -4.22711 -2.99743 -1.02793 -1.15672 -3.77866 -8.65022 -7.28922 -1.66281 0.0116733 -0.026702 -1.57905 -7.69728 -2.92201 -11.3081 1.43315 2.06714 1.95524 -7.0106 -8.85889
78.21 -4.60432 -9.54321 3.61811 4.55537 1.75027 -4.28858 -8.96708 1.06159 -11.4959 0.0508957 11.2547 2.94813 -5.65651 -3.60091 3.07021 -10.4911 -2.31356 7.63597 1.58491 -5.04935 0.818539 -2.10624 -7.75913 -5.08203 1.42804 -0.841785 -2.25237 2.01393 -5.73318 -7.2728 -4.39337 -2.80369 -1.09801 -1.25861 -3.11837 -8.59949 -7.25199 -2.09806 -0.722428 -0.203586 -1.26662 -7.19832 -4.32303 -10.6235 1.54687 1.59693 1.57206 -6.77945 -9.0879
78.26 -5.64655 -8.91654 3.39165 3.76997 1.37385 -3.91684 -9.17505 0.649954 -11.5341 0.262496 11.0494 3.05478 -5.54354 -4.50936 2.95859 -10.7246 -1.86161 8.40064 1.82779 -5.38849 0.314448 -1.10325 -8.08231 -4.98094 2.28909 -0.569561 -2.44646 2.31165 -5.30856 -7.28723 -4.5333 -2.45011 -1.15048 -1.37004 -2.37564 -8.40132 -7.23424 -2.51036 -1.37112 -0.364088 -0.999279 -6.69401 -5.69125 -9.90068 1.59848 1.13 1.17784 -6.40929 -9.13771
78.31 -6.53651 -8.40226 2.99628 2.87622 1.02945 -3.48821 -9.24491 0.208583 -11.5358 0.466052 10.6338 3.12813 -5.41727 -5.47851 2.74202 -10.9235 -1.43988 9.10209 2.04893 -5.63022 -0.194162 0.127342 -8.54423 -4.71159 3.20387 -0.186857 -2.72856 2.4304 -4.89499 -7.3064 -4.65699 -1.97639 -1.1831 -1.48856 -1.55488 -8.07745 -7.22921 -2.89564 -1.92809 -0.510184 -0.784119 -6.18965 -6.85431 -9.24695 1.54943 0.660127 0.823092 -5.92224 -9.01854
78.36 -7.30842 -8.01379 2.4474 1.94447 0.722512 -3.03158 -9.18958 -0.284284 -11.4865 0.665996 10.108 3.15829 -5.2836 -6.42181 2.46196 -11.0909 -1.06047 9.73061 2.25168 -5.76972 -0.703948 1.27863 -9.03513 -4.3016 4.13412 0.233252 -3.12376 2.36021 -4.4834 -7.33301 -4.77602 -1.43334 -1.19375 -1.61209 -0.697864 -7.66298 -7.23201 -3.24776 -2.38407 -0.643154 -0.629554 -5.6847 -7.79875 -8.70251 1.36985 0.181646 0.516577 -5.36585 -8.7598
78.41 -7.98185 -7.73636 1.8006 1.03611 0.451019 -2.57607 -9.0292 -0.869317 -11.359 0.861316 9.54897 3.13041 -5.14635 -7.28215 2.14292 -11.2303 -0.730328 10.2761 2.43799 -5.82079 -1.221 2.1451 -9.47417 -3.8283 5.05045 0.626368 -3.60335 2.12272 -4.05858 -7.37156 -4.89686 -0.852708 -1.17979 -1.73881 0.127898 -7.19681 -7.23953 -3.56063 -2.72624 -0.763579 -0.541258 -5.17264 -8.54916 -8.27744 1.06013 -0.309852 0.253598 -4.78718 -8.39743
78.46 -8.56086 -7.54559 1.11878 0.183113 0.210742 -2.14441 -8.78617 -1.6206 -11.1048 1.04597 8.98181 3.01864 -5.00479 -8.03742 1.79769 -11.3446 -0.449805 10.7252 2.60856 -5.80675 -1.76317 2.70922 -9.85095 -3.34136 5.9399 0.975648 -4.11134 1.76128 -3.59865 -7.42988 -5.01463 -0.23725 -1.13652 -1.86804 0.867805 -6.7117 -7.25013 -3.83068 -2.93791 -0.871319 -0.517365 -4.64081 -9.13016 -7.96233 0.654474 -0.813259 0.0266762 -4.22214 -7.96558
78.51 -9.03923 -7.41862 0.448371 -0.600932 -0.00290962 -1.75139 -8.48174 -2.62815 -10.6593 1.20704 8.39646 2.78816 -4.8495 -8.67871 1.43313 -11.4348 -0.21385 11.055 2.76268 -5.74814 -2.36457 3.00677 -10.1742 -2.85815 6.79642 1.28381 -4.59807 1.32079 -3.06949 -7.52227 -5.11185 0.429417 -1.05461 -2.0019 1.4892 -6.22957 -7.26321 -4.05789 -2.9991 -0.965477 -0.547857 -4.07075 -9.55832 -7.7369 0.200609 -1.31804 -0.171294 -3.6947 -7.49232
78.56 -9.40172 -7.33759 -0.18663 -1.31069 -0.194127 -1.40647 -8.13411 -3.83142 -10.0306 1.3179 7.75699 2.4415 -4.6596 -9.19487 1.05226 -11.5003 -0.0135011 11.2239 2.89799 -5.65907 -3.07045 3.08384 -10.4529 -2.38433 7.61211 1.55782 -5.02982 0.83726 -2.41143 -7.67624 -5.15782 1.16863 -0.915632 -2.14824 1.97326 -5.7617 -7.27903 -4.24548 -2.89097 -1.04438 -0.618645 -3.44053 -9.84142 -7.579 -0.262134 -1.80565 -0.346108 -3.21861 -6.9981
78.61 -9.62528 -7.28859 -0.781548 -1.94383 -0.366421 -1.11841 -7.75784 -4.97858 -9.35704 1.33425 7.01139 2.04813 -4.41307 -9.57139 0.652648 -11.5376 0.162695 11.173 3.00989 -5.5489 -3.90561 2.99407 -10.6931 -1.92708 8.37654 1.80431 -5.38538 0.335246 -1.52691 -7.94066 -5.10519 1.99087 -0.68707 -2.3261 2.30611 -5.31126 -7.29856 -4.39926 -2.60875 -1.10567 -0.716493 -2.73103 -9.98057 -7.46965 -0.711028 -2.25452 -0.502107 -2.79935 -6.49574
78.66 -9.68366 -7.26082 -1.34534 -2.49854 -0.522571 -0.897641 -7.36389 -5.95156 -8.75856 1.21071 6.12979 1.66506 -4.10208 -9.79768 0.224274 -11.5396 0.326077 10.8762 3.09097 -5.42474 -4.84452 2.79367 -10.8987 -1.4983 9.07924 2.02841 -5.6495 -0.171527 -0.36431 -8.35488 -4.89814 2.88195 -0.34211 -2.57258 2.4708 -4.87539 -7.32353 -4.52774 -2.17717 -1.14662 -0.831883 -1.93627 -9.97379 -7.39439 -1.1377 -2.64366 -0.642338 -2.43635 -5.99092
78.71 -9.55458 -7.24667 -1.89396 -2.97285 -0.664679 -0.752903 -6.95984 -6.76983 -8.28154 0.932799 5.14597 1.31266 -3.73411 -9.86992 -0.253228 -11.4926 0.485122 10.3975 3.13082 -5.29248 -5.80912 2.52794 -11.0723 -1.11061 9.71055 2.23372 -5.81313 -0.678962 0.85479 -8.84754 -4.53039 3.80582 0.0738873 -2.92587 2.45142 -4.44512 -7.3567 -4.64195 -1.64468 -1.1644 -0.959583 -1.08208 -9.81973 -7.34278 -1.54258 -2.95335 -0.768787 -2.12555 -5.48269
78.76 -9.22917 -7.24112 -2.44283 -3.36491 -0.794257 -0.684675 -6.55021 -7.46239 -7.92819 0.53182 4.12395 0.995615 -3.32732 -9.79141 -0.818094 -11.3715 0.643784 9.83563 3.11448 -5.15616 -6.71711 2.22327 -11.217 -0.771975 10.2605 2.42246 -5.88344 -1.19234 1.84467 -9.30928 -4.07109 4.72606 0.481453 -3.37803 2.25722 -4.00376 -7.40264 -4.75066 -1.05275 -1.15567 -1.09801 -0.232059 -9.52099 -7.30748 -1.92987 -3.16433 -0.882573 -1.86135 -4.96351
78.81 -8.72472 -7.24094 -2.99832 -3.67351 -0.912314 -0.682576 -6.13658 -8.03758 -7.67929 0.0635404 3.10904 0.713014 -2.9051 -9.5726 -1.54012 -11.1308 0.800282 9.24444 3.01732 -5.0156 -7.52322 1.89206 -11.336 -0.483614 10.716 2.59555 -5.88182 -1.72831 2.53131 -9.70852 -3.58499 5.62272 0.847983 -3.87829 1.9255 -3.52581 -7.4696 -4.85257 -0.413764 -1.11498 -1.24856 0.549862 -9.08687 -7.28347 -2.30395 -3.25656 -0.984091 -1.63795 -4.41934
78.86 -8.09307 -7.24407 -3.55107 -3.89778 -1.01941 -0.729581 -5.71765 -8.49014 -7.51036 -0.422529 2.12751 0.461543 -2.49047 -9.23142 -2.51106 -10.7066 0.944597 8.6285 2.80468 -4.86255 -8.20816 1.54035 -11.4311 -0.241029 11.0554 2.75263 -5.83053 -2.31928 2.93767 -10.0503 -3.09946 6.48814 1.17134 -4.37177 1.50175 -2.97139 -7.57341 -4.9323 0.283803 -1.0317 -1.41579 1.22175 -8.53546 -7.26735 -2.66717 -3.2099 -1.07309 -1.45005 -3.83089
78.91 -7.40738 -7.2494 -4.07855 -4.03587 -1.11565 -0.808414 -5.28908 -8.80889 -7.3999 -0.896301 1.19784 0.237058 -2.10313 -8.7929 -3.69681 -10.0931 1.05197 7.9589 2.4719 -4.67733 -8.75766 1.17125 -11.5021 -0.0355689 11.2396 2.89175 -5.74577 -3.01037 3.10404 -10.344 -2.62197 7.3157 1.45773 -4.81757 1.02527 -2.2723 -7.74539 -4.95834 1.05726 -0.88485 -1.60954 1.75798 -7.89421 -7.257 -3.01916 -3.01106 -1.14875 -1.29318 -3.17775
78.96 -6.7308 -7.25664 -4.55719 -4.08307 -1.20056 -0.905603 -4.84331 -8.98235 -7.33065 -1.34507 0.333955 0.0355066 -1.76059 -8.28625 -4.85375 -9.41864 1.07823 7.18711 2.08342 -4.43738 -9.15693 0.783652 -11.5468 0.144143 11.2109 3.0089 -5.63793 -3.8302 3.07718 -10.5967 -2.15715 8.09581 1.71414 -5.18835 0.524253 -1.32648 -8.03861 -4.88014 1.90966 -0.63942 -1.85081 2.13829 -7.19721 -7.25133 -3.35807 -2.66915 -1.2099 -1.16375 -2.44608
79.01 -6.09669 -7.26638 -4.97221 -4.03039 -1.273 -1.01256 -4.36959 -9.00432 -7.28912 -1.7668 -0.454516 -0.146629 -1.47968 -7.73949 -5.84134 -8.81029 0.974584 6.28229 1.70018 -4.13323 -9.39711 0.370048 -11.5594 0.309703 10.9373 3.09749 -5.51421 -4.75881 2.90908 -10.8127 -1.71427 8.8177 1.94632 -5.46482 0.0157228 -0.12312 -8.47906 -4.6441 2.81869 -0.277397 -2.17728 2.33956 -6.47862 -7.25044 -3.6836 -2.22512 -1.25529 -1.059 -1.63695
79.06 -5.51148 -7.2801 -5.31852 -3.8651 -1.33098 -1.12485 -3.85539 -8.87863 -7.26571 -2.16362 -1.16059 -0.31219 -1.27393 -7.1747 -6.66953 -8.32087 0.719871 5.27642 1.34555 -3.77088 -9.47887 -0.085649 -11.5291 0.470139 10.4751 3.1484 -5.38046 -5.72192 2.64805 -10.9955 -1.30605 9.47116 2.15839 -5.63787 -0.493267 1.06124 -8.9732 -4.2589 3.74668 0.13996 -2.61862 2.34508 -5.76361 -7.25593 -3.99886 -1.7352 -1.28365 -0.976822 -0.783134
79.11 -4.96585 -7.30037 -5.59669 -3.57573 -1.37144 -1.24074 -3.29101 -8.62107 -7.25396 -2.53711 -1.77716 -0.463332 -1.14751 -6.6056 -7.36672 -7.95599 0.339 4.23763 1.02549 -3.36742 -9.41248 -0.613899 -11.4353 0.630218 9.92381 3.14905 -5.24135 -6.63526 2.33003 -11.1489 -0.943081 10.0465 2.35298 -5.71714 -1.00486 1.97516 -9.42396 -3.79689 4.66255 0.538998 -3.15384 2.16883 -5.06208 -7.2717 -4.30572 -1.24235 -1.29306 -0.915863 0.0517885
79.16 -4.44247 -7.33138 -5.80867 -3.16232 -1.39011 -1.35994 -2.6785 -8.25825 -7.24965 -2.88627 -2.29453 -0.601532 -1.09255 -6.03701 -7.94126 -7.69772 -0.115361 3.21669 0.739806 -2.94577 -9.21653 -1.27182 -11.2407 0.789473 9.34275 3.07907 -5.0986 -7.45023 1.97781 -11.2762 -0.629918 10.5322 2.53134 -5.72482 -1.53146 2.57782 -9.81145 -3.31344 5.55319 0.895413 -3.72768 1.85167 -4.36699 -7.3054 -4.59745 -0.765307 -1.27932 -0.87589 0.810696
79.21 -3.91755 -7.37997 -5.95438 -2.64288 -1.38093 -1.48291 -2.03822 -7.82312 -7.25001 -3.20775 -2.6987 -0.727593 -1.09332 -5.46489 -8.3872 -7.52154 -0.594153 2.24092 0.485636 -2.52899 -8.91504 -2.15017 -10.8843 0.940635 8.74216 2.90575 -4.94747 -8.14666 1.60446 -11.3793 -0.364717 10.9106 2.69336 -5.68235 -2.09965 2.90419 -10.143 -2.83036 6.41581 1.20969 -4.28703 1.44034 -3.64898 -7.37162 -4.85587 -0.306717 -1.23341 -0.858876 1.45846
79.26 -3.35656 -7.45819 -6.02839 -2.04271 -1.33463 -1.61123 -1.40303 -7.34849 -7.25326 -3.49783 -2.97031 -0.841618 -1.13296 -4.87584 -8.69296 -7.40557 -1.06684 1.32522 0.259086 -2.13664 -8.53392 -3.28367 -10.3257 1.06475 8.09931 2.60631 -4.77235 -8.71134 1.21652 -11.458 -0.140664 11.1496 2.83742 -5.60531 -2.75194 3.00465 -10.4278 -2.35566 7.24584 1.48848 -4.79377 0.97443 -2.837 -7.49983 -5.04937 0.136403 -1.13597 -0.871429 1.97591
79.31 -2.70213 -7.58909 -6.01531 -1.37466 -1.23491 -1.74936 -0.805348 -6.86118 -7.25841 -3.75446 -3.08416 -0.942959 -1.1979 -4.24613 -8.84743 -7.33249 -1.5199 0.47824 0.0561631 -1.78526 -8.0978 -4.4769 -9.6534 1.12404 7.36858 2.22502 -4.54974 -9.12882 0.814435 -11.5099 0.0526131 11.1957 2.95989 -5.50451 -3.52692 2.93768 -10.6725 -1.89792 8.03308 1.73866 -5.22205 0.482252 -1.773 -7.75319 -5.12453 0.567345 -0.945519 -0.931304 2.3508
79.36 -1.85338 -7.81733 -5.88162 -0.632471 -1.05125 -1.90915 -0.272563 -6.37938 -7.2651 -3.97867 -3.01244 -1.03017 -1.27919 -3.5417 -8.84585 -7.28865 -1.94991 -0.294604 -0.12672 -1.49075 -7.62778 -5.52466 -9.01254 1.06844 6.50656 1.83319 -4.26446 -9.38698 0.390907 -11.5291 0.226878 10.9989 3.05448 -5.38824 -4.42363 2.76334 -10.8805 -1.46985 8.76492 1.96573 -5.55049 -0.0189718 -0.249587 -8.21459 -4.99951 0.989105 -0.606043 -1.0822 2.56639
79.41 -0.697452 -8.20041 -5.57129 0.194257 -0.744085 -2.11831 0.165548 -5.91287 -7.27361 -4.17544 -2.74125 -1.1011 -1.37179 -2.72705 -8.69505 -7.26398 -2.35695 -0.989149 -0.292534 -1.26752 -7.14008 -6.40297 -8.47934 0.863914 5.52233 1.46518 -3.91738 -9.48318 -0.0708339 -11.5045 0.392267 10.5824 3.11186 -5.26342 -5.38459 2.52802 -11.0538 -1.0843 9.42937 2.17366 -5.76104 -0.52193 1.49388 -8.79225 -4.64503 1.40396 -0.168896 -1.38704 2.59995
79.46 0.635946 -8.70241 -5.05063 1.0905 -0.332754 -2.41939 0.47034 -5.46381 -7.28484 -4.35445 -2.30073 -1.15333 -1.47301 -1.80059 -8.41541 -7.25168 -2.74 -1.60074 -0.443583 -1.12308 -6.64549 -7.14319 -8.07251 0.519826 4.48034 1.13093 -3.5222 -9.42551 -0.602114 -11.4159 0.555033 10.0415 3.11891 -5.13497 -6.32149 2.25643 -11.1955 -0.749053 10.0153 2.36499 -5.85771 -1.02854 2.96755 -9.31687 -4.16342 1.81113 0.24815 -1.85535 2.45531
79.51 1.79361 -9.19302 -4.37458 2.00876 0.0925115 -2.82969 0.612614 -5.02681 -7.30054 -4.52774 -1.76223 -1.18494 -1.58099 -0.830667 -8.03842 -7.24731 -3.09524 -2.12284 -0.581508 -1.05327 -6.14908 -7.76081 -7.78011 0.0831833 3.44225 0.831766 -3.10068 -9.232 -1.26072 -11.226 0.716147 9.45338 3.05498 -5.00407 -7.17131 1.95907 -11.31 -0.465014 10.5106 2.54103 -5.86779 -1.55103 4.02497 -9.76195 -3.64987 2.21089 0.60927 -2.43365 2.16903
79.56 2.60379 -9.61844 -3.61583 2.90657 0.480206 -3.31858 0.592942 -4.59112 -7.32362 -4.70261 -1.1804 -1.19438 -1.69385 0.0908932 -7.59995 -7.24802 -3.41728 -2.54607 -0.707307 -1.04418 -5.64993 -8.25365 -7.57859 -0.392594 2.44397 0.565508 -2.67689 -8.92775 -2.1382 -10.874 0.869404 8.84101 2.88734 -4.86516 -7.90536 1.64104 -11.4004 -0.227575 10.8975 2.70185 -5.82023 -2.11585 4.66571 -10.1439 -3.13982 2.60822 0.916473 -3.05614 1.78667
79.61 3.01612 -9.98102 -2.79647 3.76756 0.820869 -3.83599 0.434568 -4.14256 -7.35886 -4.87682 -0.563898 -1.17925 -1.80996 0.898124 -7.13238 -7.25201 -3.70159 -2.8576 -0.821332 -1.07853 -5.14128 -8.61089 -7.44465 -0.869725 1.50481 0.32849 -2.27269 -8.54064 -3.27166 -10.3188 0.996369 8.18711 2.59278 -4.70178 -8.50755 1.30587 -11.4685 -0.0283849 11.1441 2.8462 -5.73545 -2.76555 4.92346 -10.4774 -2.64087 3.01095 1.17873 -3.67179 1.348
79.66 3.03139 -10.2915 -1.9146 4.58869 1.1186 -4.33776 0.168886 -3.66131 -7.41432 -5.03852 0.104959 -1.13457 -1.92909 1.54891 -6.65953 -7.2583 -3.94642 -3.04079 -0.923271 -1.14125 -4.61053 -8.81987 -7.35911 -1.32926 0.635573 0.116675 -1.90706 -8.09729 -4.46745 -9.64801 1.05923 7.44792 2.2151 -4.48988 -8.96188 0.954785 -11.5141 0.143545 11.1978 2.97115 -5.62605 -3.53898 4.85542 -10.7725 -2.15674 3.42378 1.40511 -4.24885 0.882186
79.71 2.76602 -10.5581 -1.00343 5.36597 1.38013 -4.79329 -0.174264 -3.11445 -7.50447 -5.16731 0.841491 -1.05057 -2.05408 2.02161 -6.19559 -7.26655 -4.15311 -3.07585 -1.01212 -1.22175 -4.03962 -8.87236 -7.30673 -1.7653 -0.15736 -0.073694 -1.59782 -7.62014 -5.51815 -9.0075 1.00747 6.58051 1.82606 -4.21411 -9.25617 0.584219 -11.5344 0.300078 11.01 3.07163 -5.50046 -4.43514 4.54236 -11.0361 -1.69664 3.84295 1.60317 -4.77019 0.407719
79.76 2.41882 -10.7861 -0.13762 6.09034 1.61164 -5.18369 -0.570981 -2.4418 -7.65706 -5.2327 1.64742 -0.908482 -2.19357 2.32056 -5.74684 -7.27703 -4.32563 -2.94463 -1.08616 -1.31384 -3.40737 -8.77044 -7.2762 -2.17792 -0.869473 -0.245805 -1.36067 -7.12608 -6.39833 -8.47431 0.806564 5.59391 1.46037 -3.87552 -9.38757 0.184491 -11.523 0.451238 10.606 3.14051 -5.36553 -5.39617 4.07684 -11.2726 -1.27391 4.25662 1.77868 -5.2285 -0.0661173
79.81 2.11665 -10.9792 0.625901 6.74947 1.81821 -5.49663 -1.00459 -1.5426 -7.9219 -5.18884 2.51608 -0.675405 -2.36746 2.46549 -5.31392 -7.2907 -4.47005 -2.64395 -1.14308 -1.41433 -2.69575 -8.52951 -7.25986 -2.56744 -1.49596 -0.402172 -1.20377 -6.62599 -7.13906 -8.06726 0.465577 4.5516 1.12812 -3.48802 -9.36347 -0.262658 -11.4673 0.60327 10.0834 3.16896 -5.2271 -6.33407 3.54242 -11.485 -0.899767 4.64956 1.9357 -5.62321 -0.537774
79.86 1.88125 -11.14 1.27054 7.32919 2.00393 -5.72114 -1.4658 -0.360334 -8.33995 -4.98102 3.42844 -0.323855 -2.61408 2.46683 -4.89327 -7.30931 -4.59479 -2.20052 -1.18026 -1.52154 -1.89935 -8.17754 -7.25268 -2.93165 -2.03008 -0.544625 -1.12325 -6.12487 -7.75591 -7.77431 0.031203 3.5138 0.830642 -3.07321 -9.20073 -0.790756 -11.3447 0.757748 9.52243 3.1444 -5.08883 -7.1871 2.99913 -11.6751 -0.578912 5.00639 2.07679 -5.95819 -1.01304
79.91 1.68523 -11.2715 1.80297 7.81272 2.17178 -5.84963 -1.95262 0.879403 -8.83769 -4.60499 4.35254 0.0992624 -2.97261 2.3215 -4.47635 -7.33569 -4.71066 -1.66356 -1.1951 -1.63417 -1.04345 -7.74984 -7.25134 -3.26592 -2.46225 -0.674322 -1.10525 -5.62198 -8.24697 -7.57161 -0.44364 2.51524 0.565794 -2.65464 -8.92317 -1.46047 -11.1145 0.911032 8.9528 3.0456 -4.95012 -7.92915 2.4817 -11.8436 -0.30949 5.31125 2.20322 -6.23955 -1.50665
79.96 1.49259 -11.3769 2.23778 8.17881 2.32324 -5.88951 -2.47033 1.88514 -9.30294 -4.13422 5.25915 0.512365 -3.43366 2.04002 -4.04784 -7.37442 -4.82602 -1.07427 -1.18458 -1.75114 -0.191272 -7.2814 -7.25375 -3.56533 -2.77955 -0.791747 -1.13253 -5.11064 -8.60226 -7.43567 -0.921877 1.57451 0.329927 -2.25282 -8.55779 -2.35644 -10.7177 1.05249 8.36995 2.84103 -4.80288 -8.54909 2.00559 -11.99 -0.0850549 5.54382 2.31516 -6.47405 -2.046
80.01 1.27694 -11.4591 2.59062 8.40066 2.45823 -5.86199 -3.03105 2.58358 -9.7044 -3.63638 6.13457 0.882878 -3.94367 1.65479 -3.58458 -7.43344 -4.93884 -0.444797 -1.1438 -1.87232 0.593455 -6.80021 -7.2587 -3.82694 -2.96556 -0.896705 -1.19002 -4.57802 -8.81057 -7.34788 -1.38511 0.702196 0.119032 -1.88378 -8.13098 -3.47389 -10.1348 1.15878 7.74688 2.51907 -4.62817 -9.03522 1.57388 -12.1134 0.103836 5.67161 2.4117 -6.66795 -2.67031
80.06 1.02471 -11.5193 2.87574 8.44901 2.57501 -5.78857 -3.65064 2.99797 -10.0478 -3.1394 6.97486 1.20921 -4.44588 1.20363 -3.05081 -7.52735 -5.03323 0.236975 -1.06322 -2.00023 1.26902 -6.3245 -7.26567 -4.0508 -3.00103 -0.988299 -1.2671 -4.00559 -8.86489 -7.29402 -1.82719 -0.0953881 -0.0706277 -1.56139 -7.66564 -4.60122 -9.47154 1.18792 7.03911 2.13275 -4.4021 -9.37254 1.18133 -12.212 0.268705 5.64319 2.49078 -6.82657 -3.40941
80.11 0.73072 -11.5562 3.10533 8.30679 2.67024 -5.68416 -4.33844 3.16771 -10.3429 -2.65016 7.77483 1.49797 -4.89896 0.717606 -2.38493 -7.68437 -5.07829 0.991312 -0.923945 -2.14295 1.81019 -5.8635 -7.27484 -4.23989 -2.8689 -1.06492 -1.35732 -3.37192 -8.76762 -7.26298 -2.24714 -0.813738 -0.24222 -1.29981 -7.17952 -5.5748 -8.85869 1.09079 6.20374 1.74548 -4.11176 -9.55076 0.816415 -12.2835 0.421384 5.40784 2.54905 -6.9539 -4.26003
80.16 0.391823 -11.5657 3.2894 7.99277 2.73914 -5.55762 -5.08134 3.13911 -10.597 -2.17257 8.52513 1.75633 -5.27627 0.21738 -1.48833 -7.95428 -5.0252 1.8281 -0.692898 -2.31988 2.1978 -5.41964 -7.28704 -4.3997 -2.56788 -1.12439 -1.45708 -2.65938 -8.53434 -7.24673 -2.644 -1.44816 -0.39825 -1.11142 -6.68461 -6.39015 -8.35838 0.842386 5.24289 1.38513 -3.76057 -9.57015 0.463297 -12.3243 0.571542 4.97613 2.58214 -7.05254 -5.17523
80.21 0.000754695 -11.5392 3.43592 7.56354 2.77543 -5.41463 -5.84162 2.96571 -10.8145 -1.71574 9.21471 1.99014 -5.5595 -0.286378 -0.316988 -8.37408 -4.81723 2.7323 -0.344687 -2.56847 2.41025 -4.99029 -7.30388 -4.53848 -2.12654 -1.16427 -1.56415 -1.86384 -8.19326 -7.23997 -3.01416 -1.99216 -0.54055 -1.0007 -6.18705 -7.07939 -7.98139 0.463394 4.21546 1.0592 -3.36424 -9.44239 0.102186 -12.3288 0.725137 4.43441 2.58561 -7.12375 -6.07612
80.26 -0.460905 -11.461 3.55083 7.07909 2.77015 -5.25949 -6.57773 2.69896 -10.9988 -1.29292 9.83266 2.20354 -5.73867 -0.792033 0.894997 -8.86753 -4.4501 3.6679 0.0719713 -2.926 2.42893 -4.56746 -7.32803 -4.667 -1.59463 -1.18218 -1.67661 -1.01249 -7.77957 -7.23931 -3.35187 -2.43649 -0.670295 -0.960639 -5.68722 -7.65512 -7.71195 0.00522526 3.18694 0.767883 -2.94508 -9.18879 -0.29368 -12.2869 0.884046 3.8686 2.55444 -7.1674 -6.89946
80.31 -1.03351 -11.3019 3.63772 6.57441 2.70818 -5.09449 -7.26065 2.37708 -11.1533 -0.915381 10.3675 2.39912 -5.82139 -1.3073 1.8676 -9.32739 -3.99352 4.59942 0.47839 -3.38306 2.26293 -4.13651 -7.36375 -4.79372 -1.01264 -1.17541 -1.79278 -0.168684 -7.32724 -7.24259 -3.65168 -2.76873 -0.788009 -0.976051 -5.17951 -8.11182 -7.52571 -0.48182 2.19844 0.508553 -2.52579 -8.83651 -0.766638 -12.1796 1.04655 3.32103 2.48015 -7.18128 -7.61544
80.36 -1.79275 -11.0112 3.69643 6.05723 2.56318 -4.91637 -7.87221 2.02338 -11.2816 -0.587628 10.8042 2.57807 -5.8296 -1.85205 2.53406 -9.72466 -3.51043 5.50771 0.843547 -3.88884 1.95064 -3.67569 -7.41833 -4.91726 -0.392284 -1.13956 -1.91203 0.605337 -6.86264 -7.24857 -3.91079 -2.97303 -0.893565 -1.03021 -4.65215 -8.43664 -7.40015 -0.965814 1.27149 0.277431 -2.1247 -8.41379 -1.3936 -11.9694 1.20818 2.80279 2.34518 -7.15851 -8.21186
80.41 -2.8173 -10.5298 3.71852 5.51283 2.30433 -4.71042 -8.39537 1.65049 -11.3855 -0.306619 11.1178 2.74016 -5.78589 -2.46255 2.92035 -10.065 -3.02714 6.38528 1.16576 -4.38915 1.53927 -3.152 -7.50501 -5.0232 0.278205 -1.06602 -2.03636 1.26942 -6.40249 -7.25662 -4.12982 -3.03057 -0.986169 -1.1096 -4.08753 -8.61685 -7.31817 -1.43279 0.417112 0.0705626 -1.75392 -7.94611 -2.30737 -11.5889 1.36173 2.31067 2.11708 -7.08164 -8.67771
80.46 -4.01262 -9.88694 3.67779 4.90509 1.94684 -4.44969 -8.80733 1.26392 -11.4652 -0.0629914 11.2639 2.88351 -5.70679 -3.18322 3.06953 -10.3578 -2.55142 7.22538 1.45126 -4.84393 1.06993 -2.50901 -7.64928 -5.08311 1.01899 -0.937705 -2.17299 1.80013 -5.95521 -7.26671 -4.31244 -2.92372 -1.06435 -1.20531 -3.46457 -8.64448 -7.26805 -1.879 -0.358712 -0.11565 -1.42054 -7.4538 -3.59213 -10.9876 1.49446 1.83565 1.77432 -6.91409 -8.99313
80.51 -5.13652 -9.22432 3.52698 4.18653 1.56256 -4.11484 -9.08677 0.862497 -11.5186 0.156214 11.1848 3.0041 -5.60321 -4.0339 3.03186 -10.6101 -2.08901 8.01827 1.70702 -5.22698 0.572455 -1.65226 -7.89784 -5.05145 1.84143 -0.723521 -2.33948 2.18096 -5.52322 -7.2794 -4.46472 -2.64845 -1.12609 -1.31224 -2.76481 -8.51976 -7.2413 -2.30333 -1.05157 -0.284209 -1.12949 -6.95119 -5.01467 -10.2649 1.58228 1.36794 1.37553 -6.61489 -9.13469
80.56 -6.09993 -8.64844 3.21909 3.34114 1.20027 -3.71199 -9.22604 0.438239 -11.5402 0.362953 10.866 3.09548 -5.48291 -4.98279 2.86255 -10.8263 -1.65021 8.75319 1.93872 -5.51993 0.0651497 -0.512427 -8.29665 -4.87047 2.7333 -0.392481 -2.57112 2.39349 -5.10478 -7.2959 -4.59524 -2.22954 -1.16909 -1.42741 -1.98137 -8.25623 -7.23053 -2.70305 -1.65623 -0.437442 -0.886714 -6.44656 -6.28991 -9.56799 1.58933 0.900277 0.997838 -6.18229 -9.09883
80.61 -6.92829 -8.19646 2.74332 2.4193 0.874226 -3.26579 -9.23229 -0.0247868 -11.5193 0.564537 10.3835 3.14908 -5.35235 -5.9491 2.61077 -11.0093 -1.24795 9.42007 2.15051 -5.71098 -0.44389 0.720833 -8.78867 -4.52325 3.66035 0.0198463 -2.90882 2.41904 -4.6937 -7.3183 -4.71532 -1.71608 -1.19121 -1.54865 -1.13503 -7.88303 -7.22984 -3.07289 -2.16504 -0.576984 -0.700262 -5.94234 -7.34349 -8.96512 1.47854 0.426874 0.666898 -5.6549 -8.90688
80.66 -7.65058 -7.86527 2.13821 1.49333 0.58513 -2.80636 -9.12266 -0.556055 -11.4361 0.762653 9.83535 3.15315 -5.21665 -6.8562 2.30942 -11.1626 -0.892258 10.0092 2.34504 -5.80442 -0.955842 1.7426 -9.25845 -4.07336 4.58632 0.43121 -3.35175 2.26222 -4.27789 -7.35004 -4.83506 -1.15253 -1.1902 -1.67393 -0.285072 -7.43855 -7.23524 -3.40641 -2.56705 -0.703773 -0.577875 -5.4351 -8.18935 -8.47934 1.23272 -0.057655 0.382613 -5.0823 -8.59279
80.71 -8.27788 -7.63347 1.46707 0.609583 0.329528 -2.36023 -8.91894 -1.21088 -11.2542 0.953828 9.27174 3.08825 -5.0778 -7.66644 1.9764 -11.2894 -0.58678 10.5095 2.52363 -5.82063 -1.48208 2.45767 -9.66625 -3.58965 5.49036 0.803153 -3.85235 1.95806 -3.83913 -7.39701 -4.95578 -0.555986 -1.16266 -1.80184 0.50392 -6.95962 -7.2444 -3.69851 -2.84753 -0.818041 -0.521958 -4.91531 -8.85403 -8.11028 0.870206 -0.555675 0.138266 -4.50661 -8.1924
80.76 -8.80886 -7.47655 0.786451 -0.210603 0.102873 -1.94611 -8.6433 -2.07987 -10.9132 1.12916 8.69862 2.92211 -4.93141 -8.36684 1.62107 -11.3918 -0.329013 10.9039 2.68631 -5.78258 -2.04793 2.88575 -10.0155 -3.10353 6.36443 1.13149 -4.35513 1.55267 -3.35068 -7.46964 -5.06643 0.0818937 -1.10204 -1.9328 1.18871 -6.47394 -7.25624 -3.94734 -2.98802 -0.91928 -0.526369 -4.36734 -9.35858 -7.84198 0.435096 -1.06167 -0.0736403 -3.95769 -7.73719
80.81 -9.23283 -7.37406 0.131735 -0.958602 -0.0992883 -1.57566 -8.31561 -3.2089 -10.367 1.27012 8.09265 2.62918 -4.76228 -8.94849 1.24841 -11.4702 -0.111835 11.1614 2.83162 -5.70762 -2.69523 3.06897 -10.316 -2.62431 7.20213 1.422 -4.81818 1.08728 -2.76808 -7.58759 -5.14329 0.781744 -0.995255 -2.07128 1.7446 -5.99796 -7.27058 -4.15454 -2.96807 -1.00621 -0.57843 -3.77055 -9.7151 -7.6523 -0.0270374 -1.56066 -0.259621 -3.45428 -7.25158
80.86 -9.53039 -7.31029 -0.483195 -1.631 -0.280829 -1.25743 -7.95234 -4.41367 -9.69641 1.3409 7.4076 2.24977 -4.54667 -9.39787 0.859084 -11.5225 0.0751739 11.2298 2.95619 -5.60722 -3.46411 3.05712 -10.5752 -2.1574 7.99404 1.68177 -5.21472 0.592322 -2.01282 -7.78838 -5.14795 1.56169 -0.817205 -2.22968 2.15628 -5.53865 -7.28805 -4.32467 -2.77357 -1.0768 -0.663948 -3.10331 -9.92775 -7.5203 -0.484817 -2.03197 -0.424751 -3.00581 -6.75223
80.91 -9.67614 -7.27285 -1.06113 -2.22589 -0.4449 -1.00103 -7.56624 -5.47753 -9.04989 1.29314 6.5954 1.85713 -4.26845 -9.70161 0.447163 -11.5437 0.243797 11.0563 3.05408 -5.48938 -4.35706 2.90641 -10.7981 -1.71244 8.72945 1.91674 -5.52713 0.0868785 -0.9855 -8.12615 -5.02549 2.42117 -0.5319 -2.4355 2.40914 -5.09606 -7.30998 -4.46478 -2.413 -1.12847 -0.771316 -2.35135 -9.99562 -7.42922 -0.923177 -2.45408 -0.572707 -2.61449 -6.24837
80.96 -9.64477 -7.25253 -1.61533 -2.74141 -0.593937 -0.816829 -7.16659 -6.36993 -8.50856 1.09275 5.65591 1.48791 -3.9278 -9.85237 -0.00190537 -11.5239 0.404248 10.6575 3.11645 -5.36059 -5.32021 2.66948 -10.9877 -1.30242 9.39833 2.13126 -5.74231 -0.420164 0.248975 -8.59511 -4.73455 3.33346 -0.141265 -2.73155 2.48455 -4.66451 -7.33855 -4.58484 -1.9255 -1.15842 -0.89315 -1.5214 -9.9166 -7.36664 -1.33877 -2.80666 -0.705989 -2.27773 -5.7424
81.01 -9.41918 -7.24311 -2.1625 -3.17557 -0.729742 -0.710264 -6.75942 -7.12425 -8.09369 0.74823 4.64603 1.15272 -3.53806 -9.84981 -0.515871 -11.4447 0.562939 10.1276 3.13106 -5.22603 -6.26524 2.38242 -11.1467 -0.938207 9.99107 2.32825 -5.85811 -0.929229 1.37756 -9.08136 -4.31162 4.25923 0.27796 -3.13791 2.37616 -4.23139 -7.37725 -4.69572 -1.3603 -1.1637 -1.02611 -0.660261 -9.6909 -7.32379 -1.73442 -3.07037 -0.826135 -1.99052 -5.23015
81.06 -9.00165 -7.24051 -2.71471 -3.52679 -0.85357 -0.676337 -6.3478 -7.75928 -7.79459 0.307099 3.62335 0.852879 -3.12068 -9.70071 -1.14663 -11.2722 0.721182 9.54814 3.07901 -5.08803 -7.12671 2.06372 -11.2785 -0.624464 10.4967 2.50928 -5.89013 -1.45074 2.21866 -9.51285 -3.83361 5.16934 0.666819 -3.621 2.10888 -3.77595 -7.43212 -4.8021 -0.745594 -1.1402 -1.17013 0.163032 -9.3241 -7.29454 -2.11478 -3.22568 -0.933896 -1.74703 -4.70085
81.11 -8.42636 -7.24215 -3.27105 -3.79415 -0.966208 -0.700602 -5.93192 -8.27549 -7.58788 -0.17496 2.62217 0.586039 -2.69949 -9.41916 -1.9812 -10.9492 0.873669 8.9466 2.92939 -4.94307 -7.87514 1.7219 -11.3856 -0.3594 10.8988 2.67466 -5.8617 -2.00852 2.76326 -9.88271 -3.34612 6.05137 1.01164 -4.12406 1.72652 -3.2668 -7.51445 -4.89598 -0.080154 -1.08044 -1.32805 0.894961 -8.82959 -7.27474 -2.48341 -3.25217 -1.02934 -1.54166 -4.13759
81.16 -7.75893 -7.24644 -3.81461 -3.9765 -1.068 -0.765199 -5.509 -8.66397 -7.45004 -0.657538 1.66406 0.348331 -2.29598 -9.02673 -3.0788 -10.4237 1.00421 8.30963 2.65367 -4.77731 -8.49557 1.36147 -11.469 -0.136311 11.1685 2.82329 -5.79239 -2.643 3.0465 -10.1999 -2.86406 6.89924 1.31596 -4.5983 1.27265 -2.65242 -7.6464 -4.95445 0.652913 -0.969501 -1.50656 1.50294 -8.23017 -7.26165 -2.84131 -3.13156 -1.11193 -1.36948 -3.51975
81.21 -7.07151 -7.25269 -4.32066 -4.07084 -1.15877 -0.854415 -5.07315 -8.91271 -7.36171 -1.11981 0.765197 0.135572 -1.92846 -8.55108 -4.28179 -9.76023 1.07827 7.5962 2.28355 -4.56751 -8.97304 0.983791 -11.5275 0.0550159 11.2557 2.95229 -5.69527 -3.39616 3.11183 -10.4728 -2.39198 7.70486 1.58683 -5.01011 0.781331 -1.8454 -7.87039 -4.93682 1.46625 -0.779207 -1.71996 1.9653 -7.55711 -7.25366 -3.18711 -2.8594 -1.18064 -1.22646 -2.82913
81.26 -6.41353 -7.26104 -4.76927 -4.07045 -1.23776 -0.957183 -4.61518 -9.0121 -7.3075 -1.55518 -0.062677 -0.0560579 -1.61412 -8.02153 -5.36012 -9.10735 1.046 6.75967 1.89276 -4.29621 -9.29482 0.584835 -11.5575 0.226445 11.1061 3.05642 -5.57885 -4.27552 3.00916 -10.707 -1.93644 8.45775 1.83074 -5.33664 0.275154 -0.757241 -8.23933 -4.78585 2.35064 -0.474561 -1.9976 2.26088 -6.84559 -7.25024 -3.51927 -2.46064 -1.2342 -1.10944 -2.05789
81.31 -5.80384 -7.27248 -5.15075 -3.96422 -1.30342 -1.06711 -4.12315 -8.96044 -7.27584 -1.96438 -0.811545 -0.229753 -1.36883 -7.46366 -6.26517 -8.55432 0.868071 5.79744 1.52213 -3.96197 -9.45662 0.153287 -11.5509 0.388602 10.7278 3.12784 -5.44953 -5.23256 2.7901 -10.9063 -1.50896 9.14731 2.05264 -5.56247 -0.23391 0.481754 -8.72288 -4.46973 3.27376 -0.0738686 -2.37936 2.36672 -6.1265 -7.25216 -3.83926 -1.98734 -1.27142 -1.01598 -1.22014
81.36 -5.23982 -7.28901 -5.46337 -3.73905 -1.35325 -1.18127 -3.58505 -8.76737 -7.25879 -2.3497 -1.47471 -0.388016 -1.20222 -6.89558 -7.02679 -8.12718 0.545871 4.7673 1.18422 -3.57683 -9.46387 -0.332898 -11.4928 0.548571 10.2109 3.15601 -5.3127 -6.17995 2.49751 -11.0741 -1.12194 9.76368 2.2559 -5.68719 -0.743324 1.54905 -9.20214 -4.0375 4.19858 0.340408 -2.87254 2.27918 -5.41788 -7.26201 -4.15057 -1.49216 -1.29082 -0.944324 -0.36723
81.41 -4.70764 -7.3139 -5.70889 -3.38771 -1.38365 -1.29877 -2.99571 -8.45433 -7.25111 -2.71156 -2.04408 -0.532667 -1.11247 -6.32668 -7.66392 -7.81754 0.121997 3.73265 0.881253 -3.16145 -9.33121 -0.915326 -11.3558 0.708668 9.64104 3.12531 -5.17189 -7.0488 2.16057 -11.2144 -0.783253 10.2967 2.44245 -5.72839 -1.25997 2.30805 -9.62162 -3.56054 5.10275 0.719366 -3.43406 2.02791 -4.72154 -7.2853 -4.45154 -1.00601 -1.28962 -0.893584 0.436149
81.46 -4.18697 -7.35244 -5.88861 -2.91911 -1.38956 -1.41972 -2.36595 -8.05179 -7.24937 -3.04764 -2.50799 -0.664856 -1.08703 -5.75742 -8.17666 -7.60254 -0.349424 2.73144 0.611468 -2.73949 -9.0803 -1.66905 -11.0904 0.865413 9.05146 3.00932 -5.0262 -7.80733 1.79681 -11.3298 -0.494186 10.7327 2.6129 -5.70914 -1.80257 2.76948 -9.98042 -3.07587 5.9799 1.05444 -4.00654 1.65899 -4.02077 -7.33249 -4.72995 -0.538228 -1.26168 -0.86442 1.14374
81.51 -3.64969 -7.41357 -6.0003 -2.35728 -1.36364 -1.545 -1.72383 -7.59345 -7.25132 -3.35413 -2.84992 -0.785045 -1.10883 -5.17928 -8.55542 -7.45832 -0.827839 1.78374 0.37135 -2.33248 -8.73653 -2.6807 -10.6339 1.00673 8.43464 2.77383 -4.86602 -8.44094 1.41583 -11.4211 -0.250271 11.0481 2.76642 -5.64812 -2.40607 2.97822 -10.288 -2.59606 6.82749 1.3504 -4.54395 1.21663 -3.26955 -7.42392 -4.96152 -0.0876782 -1.19393 -0.860624 1.72933
81.56 -3.05222 -7.51369 -6.03441 -1.72349 -1.29386 -1.67727 -1.10335 -7.10976 -7.25558 -3.6279 -3.04763 -0.892979 -1.16228 -4.57394 -8.78813 -7.3653 -1.2918 0.900906 0.156867 -1.95824 -8.32554 -3.8788 -10.0001 1.10498 7.75526 2.42448 -4.67043 -8.93538 1.02134 -11.4871 -0.0427632 11.2002 2.9005 -5.55829 -3.11548 2.98888 -10.5525 -2.12833 7.63805 1.61437 -5.01496 0.735008 -2.36128 -7.60261 -5.10559 0.349102 -1.05801 -0.892999 2.17837
81.61 -2.31837 -7.68502 -5.96786 -1.02071 -1.15792 -1.8238 -0.534206 -6.62343 -7.2615 -3.86827 -3.07369 -0.987622 -1.23609 -3.91234 -8.86606 -7.30806 -1.73362 0.0897275 -0.0358177 -1.63277 -7.87044 -5.01337 -9.32871 1.11403 6.96347 2.03119 -4.41797 -9.27573 0.610184 -11.5239 0.139752 11.1306 3.01027 -5.44895 -3.95367 2.8622 -10.779 -1.68339 8.39969 1.85263 -5.39695 0.236885 -1.08635 -7.95227 -5.09333 0.775146 -0.798874 -0.989834 2.47796
81.66 -1.32662 -7.98407 -5.75523 -0.237486 -0.917434 -2.00302 -0.0435504 -6.14838 -7.26901 -4.07811 -2.90382 -1.06715 -1.32337 -3.15744 -8.78962 -7.27465 -2.15235 -0.645235 -0.210001 -1.37168 -7.39004 -5.9745 -8.73548 0.987323 6.03584 1.64882 -4.10138 -9.45414 0.170724 -11.5235 0.308599 10.8168 3.08797 -5.32772 -4.89235 2.65354 -10.9697 -1.27479 9.09992 2.06991 -5.66899 -0.265528 0.615949 -8.49751 -4.84984 1.19343 -0.394861 -1.20985 2.60636
81.71 -0.0422836 -8.44035 -5.34071 0.627714 -0.549865 -2.25221 0.334159 -5.69064 -7.27869 -4.26469 -2.54231 -1.12919 -1.42045 -2.28387 -8.57229 -7.25672 -2.54793 -1.29977 -0.368329 -1.18683 -6.89797 -6.78173 -8.26432 0.710239 5.01414 1.29686 -3.72837 -9.47322 -0.31993 -11.4709 0.472217 10.3266 3.12263 -5.20068 -5.85195 2.39849 -11.1269 -0.91338 9.72723 2.26946 -5.82126 -0.769451 2.26572 -9.06004 -4.41716 1.6047 0.0419724 -1.59879 2.54948
81.76 1.24153 -8.9501 -4.73294 1.54143 -0.121241 -2.60801 0.561138 -5.24859 -7.29184 -4.43951 -2.04437 -1.17151 -1.52521 -1.32418 -8.24053 -7.24875 -2.91797 -1.86845 -0.512778 -1.08023 -6.40222 -7.46123 -7.91619 0.313733 3.96804 0.979926 -3.31727 -9.34616 -0.904177 -11.3387 0.634432 9.75641 3.09817 -5.07121 -6.75146 2.11343 -11.2548 -0.603525 10.2704 2.45321 -5.87151 -1.28156 3.53941 -9.54418 -3.91229 2.00793 0.432447 -2.12949 2.32975
81.81 2.23855 -9.41018 -4.01017 2.45328 0.288509 -3.06272 0.622129 -4.81379 -7.3107 -4.61321 -1.48075 -1.19245 -1.63583 -0.367787 -7.82895 -7.24715 -3.25761 -2.34345 -0.644673 -1.0423 -5.90494 -8.01864 -7.67147 -0.148068 2.94629 0.697294 -2.8917 -9.09493 -1.65768 -11.0779 0.793048 9.1564 2.98805 -4.93767 -7.5468 1.80543 -11.3572 -0.343182 10.7154 2.62184 -5.85018 -1.82043 4.38972 -9.95611 -3.39852 2.40559 0.766155 -2.73707 1.99081
81.86 2.85745 -9.80346 -3.22174 3.3338 0.653064 -3.57185 0.530708 -4.3738 -7.33899 -4.78867 -0.883189 -1.19026 -1.75043 0.504188 -7.37262 -7.24964 -3.56157 -2.71374 -0.764695 -1.05663 -5.40235 -8.44659 -7.50575 -0.627975 1.97524 0.445877 -2.475 -8.74656 -2.66846 -10.6254 0.936798 8.52778 2.75794 -4.78957 -8.21812 1.47863 -11.4366 -0.125734 11.0387 2.77484 -5.78237 -2.42093 4.83701 -10.3128 -2.89357 2.80462 1.05012 -3.36132 1.57648
81.91 3.06943 -10.1392 -2.37104 4.17546 0.971863 -4.08629 0.315712 -3.91226 -7.38284 -4.95877 -0.243658 -1.16149 -1.86791 1.23879 -6.90011 -7.25484 -3.82655 -2.96465 -0.872874 -1.10652 -4.88479 -8.73258 -7.39769 -1.09786 1.06936 0.221716 -2.08745 -8.32876 -3.86789 -9.99416 1.03829 7.8385 2.41285 -4.60526 -8.74976 1.13575 -11.4938 0.0585986 11.1984 2.91017 -5.68429 -3.12822 4.92627 -10.6265 -2.40116 3.21217 1.29373 -3.96097 1.12155
81.96 2.92396 -10.4274 -1.46702 4.9759 1.251 -4.56838 0.0086141 -3.40421 -7.4529 -5.10742 0.457384 -1.09918 -1.98928 1.80338 -6.43039 -7.2621 -4.05232 -3.07777 -0.968564 -1.17898 -4.33688 -8.86533 -7.33008 -1.54609 0.236914 0.0208557 -1.7473 -7.86635 -5.00551 -9.32352 1.0511 7.03973 2.02268 -4.3629 -9.1266 0.775916 -11.5275 0.221547 11.1367 3.02389 -5.56603 -3.96541 4.72679 -10.9054 -1.92728 3.62916 1.50538 -4.51214 0.649792
82.01 2.59512 -10.6745 -0.568516 5.72862 1.49711 -4.99379 -0.363362 -2.80563 -7.56897 -5.20974 1.22832 -0.98983 -2.11979 2.18881 -5.97351 -7.27137 -4.24163 -3.03305 -1.05041 -1.26571 -3.73854 -8.84104 -7.28958 -1.97051 -0.516925 -0.160203 -1.47176 -7.37918 -5.96913 -8.73044 0.928159 6.10823 1.64285 -4.05528 -9.34073 0.392694 -11.5334 0.374396 10.8335 3.10986 -5.43506 -4.90387 4.32747 -11.1552 -1.48382 4.04744 1.69177 -5.00301 0.17498
82.06 2.26179 -10.885 0.251511 6.42266 1.7158 -5.34755 -0.779801 -2.03637 -7.76906 -5.22841 2.0664 -0.808067 -2.27263 2.40979 -5.53272 -7.28325 -4.39949 -2.81749 -1.11637 -1.36219 -3.0691 -8.66817 -7.26678 -2.37189 -1.18774 -0.324321 -1.27365 -6.88117 -6.77755 -8.25919 0.654468 5.08533 1.29304 -3.69036 -9.39432 -0.027283 -11.5023 0.52548 10.3583 3.16016 -5.29778 -5.8639 3.81898 -11.3796 -1.08388 4.45289 1.85781 -5.42987 -0.297534
82.11 1.994 -11.062 0.956863 7.04473 1.9117 -5.61849 -1.22766 -0.992278 -8.10882 -5.10993 2.95988 -0.517259 -2.4763 2.48422 -5.10652 -7.29906 -4.53303 -2.44151 -1.16394 -1.46615 -2.31527 -8.36867 -7.25544 -2.74946 -1.76994 -0.473679 -1.15545 -6.38031 -7.45689 -7.91072 0.260697 4.03939 0.977959 -3.2865 -9.29961 -0.50858 -11.4175 0.678823 9.81018 3.16458 -5.15917 -6.76527 3.27437 -11.581 -0.735728 4.83002 2.00678 -5.79461 -0.769752
82.16 1.78252 -11.208 1.5449 7.57959 2.08837 -5.79618 -1.70123 0.263499 -8.58278 -4.81408 3.88229 -0.119403 -2.77498 2.41388 -4.68916 -7.32104 -4.65203 -1.94578 -1.19049 -1.57617 -1.48372 -7.97498 -7.25144 -3.09964 -2.25547 -0.609774 -1.1077 -5.87877 -8.01299 -7.66517 -0.199416 3.01777 0.696879 -2.86702 -9.07729 -1.0964 -11.2486 0.833531 9.24383 3.10703 -5.02113 -7.5657 2.7408 -11.7605 -0.440665 5.16349 2.14059 -6.10246 -1.25149
82.21 1.59228 -11.3262 2.02747 8.00852 2.24809 -5.87914 -2.20209 1.41052 -9.07344 -4.38079 4.80058 0.30627 -3.18871 2.19881 -4.26892 -7.35275 -4.76711 -1.37965 -1.19334 -1.69104 -0.620676 -7.52325 -7.25215 -3.41735 -2.63313 -0.733433 -1.11402 -5.37295 -8.43892 -7.49787 -0.679295 2.04587 0.446743 -2.45439 -8.75325 -1.86723 -10.9443 0.982937 8.6698 2.96042 -4.87988 -8.24906 2.24262 -11.9182 -0.194322 5.43596 2.25996 -6.36001 -1.76317
82.26 1.39082 -11.42 2.42017 8.30753 2.39159 -5.88301 -2.73902 2.26535 -9.5077 -3.89098 5.6927 0.699837 -3.68144 1.86165 -3.82684 -7.40013 -4.88231 -0.770976 -1.1688 -1.80997 0.205073 -7.04565 -7.25591 -3.69841 -2.88832 -0.844812 -1.15773 -4.85317 -8.72338 -7.38756 -1.15153 1.1377 0.223618 -2.06686 -8.35461 -2.8865 -10.4513 1.11119 8.07182 2.69593 -4.72218 -8.80515 1.78847 -12.0535 0.0113484 5.62234 2.36453 -6.57386 -2.33912
82.31 1.15826 -11.4914 2.73813 8.44769 2.51796 -5.83065 -3.32669 2.81998 -9.87942 -3.39192 6.55127 1.04808 -4.1939 1.43962 -3.33467 -7.47381 -4.98897 -0.118294 -1.11014 -1.93388 0.94021 -6.56547 -7.26187 -3.94131 -3.00299 -0.943374 -1.22587 -4.30362 -8.85658 -7.31798 -1.60469 0.301403 0.0235734 -1.71897 -7.90634 -4.04052 -9.81001 1.18591 7.41347 2.33289 -4.52491 -9.2201 1.37706 -12.165 0.18694 5.68093 2.45284 -6.74987 -3.01776
82.36 0.885923 -11.5405 2.99462 8.40299 2.62468 -5.7406 -3.97962 3.10912 -10.198 -2.89837 7.37272 1.35505 -4.67613 0.968113 -2.74613 -7.5939 -5.06407 0.596723 -1.00397 -2.06752 1.55241 -6.0963 -7.26986 -4.14759 -2.95785 -1.02787 -1.30998 -3.70381 -8.83548 -7.27651 -2.03594 -0.457853 -0.156869 -1.42463 -7.42894 -5.10043 -9.15925 1.15858 6.6468 1.94048 -4.26787 -9.48008 0.999807 -12.2506 0.344434 5.55515 2.52222 -6.89273 -3.81444
82.41 0.570416 -11.5647 3.20076 8.17132 2.70768 -5.62449 -4.69789 3.17527 -10.4723 -2.4141 8.14968 1.62807 -5.09473 0.473188 -1.98088 -7.79888 -5.06827 1.39161 -0.824592 -2.22356 2.02068 -5.64374 -7.28036 -4.32148 -2.74139 -1.09638 -1.40522 -3.0331 -8.6687 -7.25354 -2.44483 -1.13571 -0.320558 -1.19773 -6.93738 -5.99221 -8.5977 0.987654 5.74539 1.56466 -3.94637 -9.57964 0.642874 -12.3076 0.494878 5.21636 2.5687 -7.00576 -4.70549
82.46 0.207344 -11.558 3.36554 7.79252 2.76149 -5.48928 -5.45487 3.06879 -10.708 -1.94518 8.87158 1.87377 -5.42784 -0.0295284 -0.941235 -8.14287 -4.94507 2.26501 -0.536 -2.42993 2.32537 -5.20762 -7.29458 -4.46975 -2.36609 -1.14654 -1.50881 -2.27899 -8.3784 -7.24248 -2.82922 -1.72675 -0.469667 -1.04759 -6.44076 -6.74261 -8.15867 0.66996 4.74276 1.22087 -3.57052 -9.52474 0.288623 -12.3315 0.646234 4.71792 2.58782 -7.09086 -5.62364
82.51 -0.214999 -11.5088 3.49595 7.32996 2.77878 -5.33986 -6.20785 2.84384 -10.9088 -1.50334 9.52739 2.09715 -5.66039 -0.533872 0.294694 -8.61527 -4.65365 3.18965 -0.143177 -2.72934 2.44395 -4.78286 -7.3146 -4.6021 -1.87394 -1.17595 -1.61875 -1.44993 -7.9972 -7.23904 -3.18423 -2.22322 -0.605703 -0.973057 -5.94241 -7.376 -7.83728 0.245116 3.70801 0.912116 -3.16004 -9.33213 -0.0855162 -12.315 0.802443 4.1563 2.57505 -7.14867 -6.49212
82.56 -0.724088 -11.3957 3.59684 6.83305 2.74817 -5.17983 -6.92063 2.54627 -11.078 -1.10168 10.1061 2.30157 -5.7901 -1.04262 1.40989 -9.10051 -4.23255 4.12678 0.275548 -3.14037 2.3687 -4.3583 -7.34374 -4.72916 -1.31407 -1.18216 -1.7332 -0.593449 -7.56068 -7.24052 -3.50391 -2.61434 -0.729522 -0.962343 -5.43979 -7.89471 -7.61172 -0.232511 2.69546 0.636918 -2.73818 -9.02656 -0.512361 -12.2442 0.96352 3.59658 2.52419 -7.1782 -7.26497
82.61 -1.37644 -11.1799 3.67029 6.32274 2.64959 -5.00936 -7.57051 2.20665 -11.2194 -0.74847 10.5951 2.48893 -5.83323 -1.56892 2.23179 -9.52991 -3.75763 5.04829 0.663043 -3.62859 2.12514 -3.91594 -7.38753 -4.85528 -0.713577 -1.16186 -1.85084 0.222577 -7.09964 -7.24524 -3.78389 -2.88603 -0.84133 -0.998722 -4.92431 -8.28846 -7.45775 -0.72079 1.73527 0.391923 -2.3259 -8.6363 -1.048 -12.0928 1.1263 3.06318 2.42319 -7.17542 -7.92346
82.66 -2.26122 -10.8008 3.71294 5.79538 2.45145 -4.82037 -8.14116 1.84245 -11.3355 -0.44445 10.9756 2.65974 -5.81348 -2.14036 2.75598 -9.89803 -3.27281 5.94221 1.00658 -4.13771 1.75853 -3.42947 -7.45564 -4.97282 -0.0710066 -1.10899 -1.97209 0.946439 -6.6357 -7.25227 -4.02306 -3.0208 -0.940676 -1.06666 -4.38118 -8.54374 -7.35534 -1.19734 0.842947 0.173176 -1.93853 -8.18863 -1.79617 -11.8091 1.28509 2.55865 2.24738 -7.12933 -8.45761
82.71 -3.39823 -10.2268 3.70896 5.22568 2.13723 -4.59114 -8.61289 1.46257 -11.4277 -0.183255 11.214 2.81299 -5.75076 -2.79997 3.0202 -10.214 -2.79266 6.80245 1.30989 -4.61972 1.31425 -2.85649 -7.56624 -5.06069 0.631561 -1.01149 -2.10108 1.5474 -6.18124 -7.26129 -4.22362 -2.99948 -1.02643 -1.15489 -3.79061 -8.64969 -7.29017 -1.65429 0.0265101 -0.0231455 -1.58542 -7.7067 -2.89723 -11.3196 1.4306 2.07621 1.96184 -7.01376 -8.85284
82.76 -4.58291 -9.55589 3.62094 4.56898 1.75762 -4.29497 -8.96184 1.06929 -11.4949 0.0467261 11.2562 2.94584 -5.65854 -3.58472 3.07102 -10.4862 -2.3225 7.62075 1.58 -5.04197 0.828124 -2.12261 -7.7544 -5.08259 1.41221 -0.84587 -2.2492 2.0066 -5.74144 -7.27256 -4.39046 -2.809 -1.09682 -1.25657 -3.1318 -8.60188 -7.25249 -2.08996 -0.709177 -0.200366 -1.27218 -7.20793 -4.2956 -10.6374 1.54516 1.60586 1.57975 -6.78516 -9.08518
82.81 -5.62828 -8.92751 3.3975 3.78606 1.38075 -3.92452 -9.17249 0.65809 -11.5337 0.258562 11.0556 3.05305 -5.54589 -4.49126 2.96193 -10.7204 -1.8701 8.38653 1.82335 -5.38285 0.324211 -1.12532 -8.07459 -4.98439 2.27191 -0.575953 -2.44205 2.30755 -5.31656 -7.28692 -4.53081 -2.4582 -1.14966 -1.36784 -2.3907 -8.40638 -7.23444 -2.50272 -1.35955 -0.36116 -1.00393 -6.70366 -5.66684 -9.91404 1.59831 1.13893 1.18507 -6.41758 -9.13841
82.86 -6.52079 -8.41085 3.00537 2.89378 1.03565 -3.49672 -9.24488 0.217454 -11.5362 0.462214 10.643 3.12711 -5.41982 -5.46009 2.74694 -10.92 -1.44766 9.08929 2.04487 -5.62656 -0.184376 0.103363 -8.53466 -4.71832 3.18601 -0.194859 -2.72207 2.42993 -4.90284 -7.30598 -4.6547 -1.98628 -1.18268 -1.48624 -1.57119 -8.0846 -7.22922 -2.88858 -1.91835 -0.507517 -0.787689 -6.19928 -6.83419 -9.25849 1.55153 0.669166 0.829414 -5.93236 -9.02224
82.91 -7.29471 -8.02007 2.45896 1.96209 0.728005 -3.04034 -9.19175 -0.274122 -11.4881 0.662223 10.1185 3.15822 -5.28623 -6.40455 2.46782 -11.088 -1.06734 9.7193 2.24794 -5.76795 -0.694115 1.25895 -9.02608 -4.31031 4.11629 0.22532 -3.11521 2.36327 -4.49133 -7.33241 -4.77373 -1.44417 -1.19377 -1.6097 -0.714243 -7.6715 -7.2319 -3.24139 -2.37638 -0.64073 -0.631896 -5.69438 -7.78261 -8.71179 1.37457 0.190899 0.522003 -5.37683 -8.76582
82.96 -7.96993 -7.74075 1.81341 1.05291 0.455874 -2.58457 -9.03314 -0.856815 -11.3625 0.857673 9.55972 3.13165 -5.14904 -7.26675 2.14937 -11.2279 -0.736229 10.2665 2.43457 -5.8205 -1.21091 2.13139 -9.46634 -3.83762 5.03306 0.619218 -3.59369 2.12862 -4.06695 -7.37067 -4.89453 -0.864148 -1.18031 -1.73637 0.112709 -7.20597 -7.23936 -3.55505 -2.72086 -0.761394 -0.542323 -5.18256 -8.53647 -8.28448 1.06709 -0.300334 0.25826 -4.7982 -8.4051
83.01 -8.55076 -7.54855 1.13174 0.198691 0.215046 -2.15229 -8.79148 -1.60397 -11.1113 1.04262 8.99273 3.02181 -5.00761 -8.02412 1.80456 -11.3426 -0.454781 10.7176 2.60544 -5.8075 -1.75233 2.70103 -9.84424 -3.3507 5.92308 0.969344 -4.10165 1.76912 -3.60795 -7.4285 -5.01248 -0.249468 -1.13767 -1.86554 0.854632 -6.72099 -7.2499 -3.82593 -2.9352 -0.869383 -0.517271 -4.65126 -9.12053 -7.96744 0.662824 -0.803581 0.0307196 -4.23265 -7.97429
83.06 -9.03116 -7.42056 0.460826 -0.586729 0.000929471 -1.75844 -8.48803 -2.60629 -10.6699 1.20434 8.40799 2.79384 -4.85275 -8.66766 1.44033 -11.4333 -0.218039 11.05 2.75989 -5.74959 -2.35217 3.00329 -10.1684 -2.86736 6.7803 1.27823 -4.58915 1.32978 -3.08057 -7.52004 -5.11034 0.416014 -1.05664 -1.99927 1.47851 -6.23866 -7.26294 -4.05394 -2.99946 -0.963813 -0.546852 -4.08214 -9.55151 -7.74051 0.209463 -1.30849 -0.167745 -3.70433 -7.50161
83.11 -9.39605 -7.33879 -0.174947 -1.29793 -0.19068 -1.41253 -8.14106 -3.80809 -10.0436 1.31654 7.77005 2.44886 -4.66374 -9.18634 1.05977 -11.4993 -0.0171046 11.2225 2.89559 -5.661 -3.05568 3.08412 -10.4479 -2.39331 7.59687 1.55283 -5.02218 0.846809 -2.42578 -7.67245 -5.15767 1.15368 -0.919006 -2.14523 1.96534 -5.77047 -7.27869 -4.24224 -2.89469 -1.04303 -0.617003 -3.45327 -9.83735 -7.58151 -0.253377 -1.79663 -0.342956 -3.22718 -7.00765
83.16 -9.6225 -7.28929 -0.770578 -1.93253 -0.363305 -1.12329 -7.76522 -4.95814 -9.36952 1.33517 7.02693 2.0557 -4.41843 -9.56565 0.660584 -11.5372 0.159448 11.1764 3.008 -5.55117 -3.88841 2.99701 -10.6889 -1.93564 8.36238 1.79979 -5.37936 0.344988 -1.54658 -7.93421 -5.10747 1.97438 -0.692521 -2.3222 2.30123 -5.31971 -7.29814 -4.39659 -2.61567 -1.10468 -0.714437 -2.7454 -9.97927 -7.47138 -0.702651 -2.24644 -0.499282 -2.80682 -6.50536
83.21 -9.68425 -7.2612 -1.33483 -2.48876 -0.519741 -0.901132 -7.37152 -5.93445 -8.76898 1.2146 6.14784 1.67217 -4.10865 -9.79486 0.232913 -11.54 0.322986 10.884 3.08977 -5.42722 -4.82594 2.79825 -10.8951 -1.50619 9.06637 2.02428 -5.64535 -0.161762 -0.388236 -8.34579 -4.90373 2.86444 -0.34966 -2.56694 2.46933 -4.88362 -7.32299 -4.52545 -2.18653 -1.14605 -0.829554 -1.95218 -9.9753 -7.39558 -1.12976 -2.6369 -0.639793 -2.44278 -6.00058
83.26 -9.55889 -7.24684 -1.88358 -2.96461 -0.6621 -0.7549 -6.96761 -6.75536 -8.2895 0.939488 5.16536 1.3191 -3.74163 -9.87004 -0.243359 -11.4941 0.482064 10.4077 3.13053 -5.29507 -5.79092 2.53347 -11.0693 -1.11762 9.69914 2.22993 -5.81091 -0.669166 0.833069 -8.83818 -4.53854 3.78807 0.0658209 -2.91807 2.45351 -4.45337 -7.35597 -4.63983 -1.6555 -1.1643 -0.957043 -1.09861 -9.82405 -7.34359 -1.53502 -2.9483 -0.766492 -2.13104 -5.49246
83.31 -9.23715 -7.24117 -2.43234 -3.35824 -0.791905 -0.685274 -6.55806 -7.45019 -7.93391 0.540369 4.14357 1.00137 -3.33537 -9.79433 -0.806009 -11.3747 0.640731 9.84679 3.11547 -5.15881 -6.70054 2.22939 -11.2145 -0.778003 10.2507 2.41898 -5.88282 -1.18231 1.82859 -9.30103 -4.08025 4.70863 0.474006 -3.36874 2.26237 -4.01244 -7.40161 -4.74862 -1.06449 -1.15612 -1.09526 -0.247845 -9.52801 -7.30804 -1.9226 -3.16134 -0.880515 -1.866 -4.9736
83.36 -8.73574 -7.24091 -2.98774 -3.66844 -0.910174 -0.682059 -6.14451 -8.02766 -7.68324 0.0728593 3.12824 0.718137 -2.91322 -9.57805 -1.52411 -11.137 0.797335 9.256 3.02018 -5.01837 -7.50883 1.89861 -11.334 -0.488702 10.7082 2.59237 -5.88236 -1.7176 2.52092 -9.70146 -3.5943 5.60583 0.84139 -3.86863 1.93285 -3.53549 -7.46804 -4.85076 -0.426464 -1.11611 -1.24555 0.53584 -9.09633 -7.28385 -2.29691 -3.25604 -0.982267 -1.64187 -4.43008
83.41 -8.10585 -7.24399 -3.54073 -3.89432 -1.01748 -0.728296 -5.72571 -8.48268 -7.51299 -0.413218 2.14587 0.466105 -2.49824 -9.23899 -2.48977 -10.7168 0.942058 8.64072 2.81003 -4.86572 -8.19623 1.54726 -11.4294 -0.245309 11.0502 2.74977 -5.83185 -2.3071 2.93228 -10.0443 -3.10867 6.4719 1.16552 -4.36267 1.51046 -2.98306 -7.57093 -4.93114 0.269809 -1.03379 -1.41239 1.21011 -8.54694 -7.2676 -2.66033 -3.2122 -1.07151 -1.45334 -3.84267
83.46 -7.42052 -7.24928 -4.06893 -4.03409 -1.11392 -0.806664 -5.29738 -8.80412 -7.40158 -0.887394 1.21506 0.24114 -2.11021 -8.80205 -3.67342 -10.106 1.05051 7.97258 2.47911 -4.68135 -8.74849 1.17848 -11.5009 -0.0392378 11.2379 2.88927 -5.74762 -2.99587 3.10281 -10.3388 -2.63099 7.30026 1.45255 -4.80967 1.03469 -2.28762 -7.74116 -4.95863 1.04172 -0.888451 -1.60549 1.74912 -7.9071 -7.25715 -3.01256 -3.01628 -1.14744 -1.29591 -3.19094
83.51 -6.74336 -7.25648 -4.54867 -4.08308 -1.19906 -0.903599 -4.85203 -8.98045 -7.33168 -1.33669 0.349813 0.0391831 -1.76664 -8.29642 -4.83296 -9.4313 1.07882 7.2032 2.09099 -4.44261 -9.15076 0.791285 -11.5462 0.140854 11.2138 3.00689 -5.64015 -3.81322 3.07917 -10.5922 -2.16585 8.08138 1.70948 -5.18208 0.533949 -1.34736 -8.03155 -4.88298 1.89274 -0.645247 -1.84554 2.13261 -7.21083 -7.25139 -3.35173 -2.67681 -1.20888 -1.16599 -2.46082
83.56 -6.10832 -7.26616 -4.96498 -4.03242 -1.27176 -1.01043 -4.37896 -9.00534 -7.28973 -1.75892 -0.440173 -0.143297 -1.4844 -7.75019 -5.82393 -8.82097 0.978024 6.30087 1.70733 -4.13968 -9.39403 0.378296 -11.5595 0.306588 10.9447 3.09611 -5.51667 -4.7403 2.91328 -10.8089 -1.72244 8.80448 1.94207 -5.46049 0.0254676 -0.147104 -8.46971 -4.65018 2.80102 -0.285131 -2.16999 2.33752 -6.49237 -7.2504 -3.67749 -2.2342 -1.25457 -1.06078 -1.653
83.61 -5.52223 -7.27978 -5.31259 -3.86939 -1.33003 -1.12264 -3.86563 -8.88238 -7.26603 -2.1562 -1.14788 -0.309155 -1.27712 -7.18558 -6.65487 -8.3291 0.726128 5.2963 1.35206 -3.77832 -9.47877 -0.0763705 -11.5302 0.467061 10.4852 3.14784 -5.38307 -5.70361 2.65365 -10.9923 -1.31344 9.45935 2.1545 -5.63549 -0.483522 1.04076 -8.96401 -4.26721 3.72899 0.132011 -2.60916 2.34677 -5.77715 -7.25574 -3.99292 -1.74468 -1.28328 -0.978191 -0.799479
83.66 -4.976 -7.2999 -5.59203 -3.58245 -1.37087 -1.23847 -3.30224 -8.62714 -7.2541 -2.53014 -1.76625 -0.460558 -1.14921 -6.61649 -7.35445 -7.96194 0.347225 4.25758 1.03133 -3.37544 -9.41508 -0.602806 -11.4379 0.627131 9.93481 3.14962 -5.24404 -6.6185 2.33647 -11.1462 -0.949548 10.0362 2.34941 -5.71636 -0.994981 1.96068 -9.41595 -3.80602 4.64527 0.531756 -3.14307 2.17366 -5.07537 -7.27126 -4.29996 -1.25164 -1.29308 -0.916833 0.0364069
83.71 -4.45239 -7.33065 -5.80527 -3.17129 -1.39 -1.35761 -2.69052 -8.26604 -7.24968 -2.87979 -2.28563 -0.598997 -1.093 -6.0479 -7.93137 -7.70184 -0.106231 3.23598 0.745003 -2.95392 -9.22141 -1.25747 -11.2457 0.786443 9.35409 3.08126 -5.10137 -7.4356 1.98476 -11.274 -0.635433 10.5238 2.52807 -5.72519 -1.5211 2.56904 -9.80461 -3.3227 5.53643 0.889017 -3.7167 1.85874 -4.38034 -7.30452 -4.59211 -0.774238 -1.27984 -0.87645 0.79716
83.76 -3.92778 -7.37881 -5.95226 -2.65362 -1.38142 -1.4805 -2.05047 -7.83199 -7.24997 -3.20184 -2.69214 -0.725288 -1.09287 -5.47593 -8.3799 -7.5243 -0.584904 2.25918 0.49026 -2.53685 -8.9217 -2.13076 -10.8931 0.937888 8.75399 2.91026 -4.95052 -8.13444 1.61173 -11.3776 -0.369366 10.9046 2.69042 -5.68351 -2.08814 2.90024 -10.1371 -2.83952 6.39961 1.20404 -4.27674 1.44881 -3.66325 -7.3699 -4.85142 -0.315317 -1.23468 -0.858956 1.44726
83.81 -3.36792 -7.4563 -6.02774 -2.05481 -1.33595 -1.60868 -1.41487 -7.35784 -7.25318 -3.49256 -2.9665 -0.839547 -1.13191 -4.8874 -8.68848 -7.40735 -1.05788 1.34222 0.263217 -2.14387 -8.54187 -3.26048 -10.338 1.0628 8.11233 2.61307 -4.77606 -8.7018 1.22404 -11.4568 -0.144616 11.1467 2.83485 -5.60703 -2.73838 3.00449 -10.4227 -2.3646 7.23035 1.48344 -4.78476 0.983639 -2.85418 -7.49648 -5.04656 0.128065 -1.13852 -0.870832 1.96733
83.86 -2.71606 -7.58586 -6.01656 -1.38806 -1.23748 -1.74656 -0.816207 -6.87057 -7.2583 -3.74984 -3.08364 -0.941143 -1.19646 -4.25875 -8.84594 -7.33359 -1.51137 0.493864 0.0598737 -1.79155 -8.1066 -4.4551 -9.66635 1.1238 7.38377 2.23259 -4.55456 -9.12225 0.822271 -11.5092 0.0491368 11.197 2.95778 -5.5066 -3.51085 2.94014 -10.6682 -1.90642 8.01852 1.73411 -5.21474 0.491768 -1.7972 -7.74657 -5.12469 0.559213 -0.950427 -0.929504 2.34506
83.91 -1.87227 -7.81165 -5.88564 -0.647422 -1.05582 -1.90574 -0.281931 -6.38854 -7.26496 -3.97463 -3.01569 -1.02865 -1.2775 -3.55612 -8.84735 -7.28929 -1.94182 -0.280447 -0.123366 -1.4958 -7.63706 -5.50628 -9.02393 1.07084 6.5244 1.84053 -4.27053 -9.38353 0.399275 -11.5291 0.223659 11.005 3.05298 -5.39056 -4.40559 2.76734 -10.8769 -1.47765 8.75154 1.96158 -5.54529 -0.00938035 -0.282644 -8.20396 -5.0042 0.981119 -0.613887 -1.07804 2.56392
83.96 -0.722302 -8.19158 -5.57923 0.177703 -0.751179 -2.11357 0.15833 -5.92169 -7.27342 -4.17185 -2.74822 -1.09991 -1.36991 -2.74379 -8.69926 -7.26433 -2.34931 -0.97654 -0.289485 -1.2711 -7.14958 -6.38753 -8.48837 0.869228 5.542 1.47192 -3.92453 -9.4828 -0.0615032 -11.5055 0.389143 10.5918 3.11118 -5.26585 -5.36615 2.5329 -11.0508 -1.0912 9.41738 2.16985 -5.75815 -0.512317 1.46213 -8.78144 -4.65341 1.39611 -0.177298 -1.37959 2.60106
84.01 0.611162 -8.69258 -5.06232 1.073 -0.341018 -2.41257 0.466021 -5.47233 -7.28459 -4.3511 -2.31032 -1.15252 -1.47098 -1.81903 -8.42184 -7.25183 -2.73285 -1.58978 -0.440801 -1.12514 -6.65506 -7.13018 -8.07915 0.527448 4.50045 1.137 -3.53009 -9.42795 -0.591024 -11.4184 0.551929 10.0524 3.11935 -5.13743 -6.30423 2.26188 -11.1931 -0.754965 10.0049 2.36148 -5.85677 -1.01878 2.94319 -9.30764 -4.17311 1.80344 0.240688 -1.84516 2.45954
84.06 1.77449 -9.18422 -4.38844 1.99132 0.0846602 -2.82094 0.61149 -5.03518 -7.30018 -4.5244 -1.77304 -1.18454 -1.57885 -0.849026 -8.04639 -7.24734 -3.08867 -2.11368 -0.578968 -1.05401 -6.15866 -7.75013 -7.78478 0.0920485 3.46187 0.837178 -3.10885 -9.23684 -1.24643 -11.2309 0.713104 9.46486 3.05705 -5.00661 -7.15606 1.96495 -11.308 -0.469977 10.5021 2.53781 -5.86821 -1.54078 4.00875 -9.7541 -3.6597 2.20331 0.602902 -2.42199 2.17554
84.11 2.59192 -9.61093 -3.6309 2.88974 0.473237 -3.3088 0.594741 -4.59959 -7.32308 -4.69924 -1.19183 -1.19442 -1.69163 0.0741736 -7.60877 -7.24797 -3.4114 -2.53893 -0.704995 -1.04391 -5.65962 -8.24544 -7.58175 -0.383397 2.46262 0.570322 -2.68489 -8.93445 -2.11887 -10.8827 0.86663 8.853 2.89172 -4.86797 -7.89249 1.64728 -11.3989 -0.231717 10.8912 2.69892 -5.82154 -2.10443 4.6572 -10.1371 -3.14947 2.60061 0.911057 -3.04418 1.79461
84.16 3.0121 -9.97461 -2.81274 3.75147 0.814779 -3.82612 0.438729 -4.15144 -7.35802 -4.87355 -0.576132 -1.17979 -1.80769 0.884046 -7.1415 -7.25191 -3.69647 -2.85275 -0.819247 -1.07759 -5.15125 -8.60539 -7.4467 -0.860733 1.5222 0.332782 -2.28013 -8.54868 -3.24852 -10.331 0.994383 8.20025 2.59944 -4.70528 -8.49736 1.31241 -11.4674 -0.0318928 11.141 2.84361 -5.73733 -2.75207 4.92181 -10.4714 -2.65028 3.00317 1.17409 -3.66032 1.3567
84.21 3.03433 -10.286 -1.93194 4.57339 1.11327 -4.32852 0.174802 -3.67106 -7.41298 -5.03566 0.0915274 -1.13576 -1.92674 1.5381 -6.66859 -7.25816 -3.94205 -3.0386 -0.921426 -1.13987 -4.62107 -8.81731 -7.3604 -1.32069 0.651553 0.120522 -1.91359 -8.10618 -4.44565 -9.6609 1.05893 7.46316 2.22259 -4.4945 -8.95465 0.961649 -11.5134 0.140445 11.1989 2.96898 -5.62831 -3.52298 4.8593 -10.7672 -2.16581 3.41581 1.40107 -4.23831 0.891205
84.26 2.77246 -10.5534 -1.02068 5.35157 1.37543 -4.78515 -0.167115 -3.12592 -7.50226 -5.16534 0.826702 -1.05266 -2.05157 2.01425 -6.20439 -7.26637 -4.14945 -3.07671 -1.01054 -1.2201 -4.05113 -8.87282 -7.3075 -1.75719 -0.142888 -0.0702261 -1.60311 -7.62951 -5.49978 -9.01885 1.00979 6.59835 1.83332 -4.21998 -9.25206 0.591525 -11.5343 0.297168 11.0159 3.06998 -5.50296 -4.41716 4.55007 -11.0313 -1.70512 3.83495 1.59961 -4.76081 0.41679
84.31 2.42524 -10.7821 -0.153327 6.07707 1.60746 -5.17692 -0.56299 -2.45652 -7.65325 -5.23232 1.63132 -0.911947 -2.19064 2.31636 -5.75532 -7.2768 -4.32259 -2.94879 -1.08489 -1.312 -3.42026 -8.77375 -7.27663 -2.17024 -0.856594 -0.242661 -1.36447 -7.13565 -6.38292 -8.4833 0.811803 5.61351 1.46705 -3.8825 -9.38653 0.192491 -11.5236 0.448358 10.6152 3.13954 -5.36816 -5.37777 4.08661 -11.2683 -1.28156 4.24886 1.77551 -5.22035 -0.0570957
84.36 2.12176 -10.9758 0.612414 6.73758 1.81446 -5.49144 -0.996007 -1.56273 -7.91536 -5.1911 2.4989 -0.680996 -2.36357 2.46407 -5.32212 -7.2904 -4.46748 -2.65124 -1.14216 -1.41235 -2.71028 -8.53525 -7.26008 -2.56022 -1.48477 -0.39931 -1.20604 -6.63561 -7.1261 -8.0739 0.473127 4.57161 1.13413 -3.49574 -9.36528 -0.253503 -11.4689 0.600343 10.0939 3.16886 -5.22975 -6.31684 3.55286 -11.4812 -0.906419 4.64234 1.93285 -5.61625 -0.528764
84.41 1.88527 -11.1373 1.2593 7.31896 2.00056 -5.71775 -1.45674 -0.384848 -8.3307 -4.98678 3.41069 -0.331596 -2.60834 2.4682 -4.90129 -7.30889 -4.5925 -2.21012 -1.17975 -1.51944 -1.91541 -8.18508 -7.25275 -2.92495 -2.02076 -0.542017 -1.12416 -6.1345 -7.74528 -7.77898 0.0400114 3.53334 0.836004 -3.08124 -9.20498 -0.779595 -11.3479 0.754791 9.53324 3.14548 -5.09146 -7.17181 3.00934 -11.6717 -0.584546 5.00001 2.07423 -5.95231 -1.00386
84.46 1.68885 -11.2692 1.79376 7.80451 2.16873 -5.84808 -1.94304 0.857178 -8.82819 -4.61343 4.33488 0.0910194 -2.9646 2.32567 -4.48442 -7.33508 -4.70844 -1.6745 -1.19504 -1.63198 -1.06014 -7.75849 -7.25132 -3.25984 -2.45499 -0.671951 -1.10514 -5.63169 -8.23883 -7.57478 -0.43447 2.53382 0.570565 -2.66253 -8.92937 -1.44583 -11.1203 0.908169 8.96375 3.04837 -4.95281 -7.91609 2.49123 -11.8406 -0.31419 5.30603 2.20094 -6.23464 -1.4969
84.51 1.49645 -11.3751 2.23029 8.17309 2.3205 -5.88949 -2.46006 1.86869 -9.29458 -4.14372 5.242 0.50478 -3.42412 2.04654 -4.05632 -7.37352 -4.82379 -1.08599 -1.18504 -1.74887 -0.207223 -7.29054 -7.25368 -3.55996 -2.77463 -0.78961 -1.1317 -5.12061 -8.59682 -7.43776 -0.912867 1.59187 0.334183 -2.26022 -8.56541 -2.33689 -10.7272 1.05002 8.38133 2.84609 -4.80587 -8.53846 2.01427 -11.9875 -0.0889754 5.54023 2.31316 -6.46997 -2.03503
84.56 1.2814 -11.4577 2.58455 8.39797 2.45581 -5.86304 -3.01981 2.57293 -9.69725 -3.64602 6.11807 0.876178 -3.93376 1.66294 -3.59401 -7.43204 -4.93676 -0.457352 -1.14492 -1.86996 0.579268 -6.80939 -7.25858 -3.8223 -2.96334 -0.894814 -1.18873 -4.58856 -8.80802 -7.3492 -1.37647 0.718174 0.122848 -1.89043 -8.13955 -3.45163 -10.1472 1.15732 7.7594 2.52607 -4.63192 -9.02729 1.58173 -12.1113 0.100491 5.67045 2.41001 -6.66459 -2.65737
84.61 1.02995 -11.5183 2.87084 8.44989 2.57297 -5.79033 -3.63814 2.99245 -10.0417 -3.14893 6.95906 1.20331 -4.43657 1.21273 -3.06206 -7.52507 -5.03175 0.223223 -1.06524 -1.99768 1.25721 -6.33346 -7.26552 -4.04686 -3.00189 -0.986677 -1.2655 -4.01709 -8.86529 -7.2948 -1.81897 -0.0808816 -0.0671853 -1.56702 -7.67476 -4.58093 -9.48404 1.18841 7.05372 2.14027 -4.407 -9.36757 1.18853 -12.2104 0.265706 5.64556 2.48946 -6.82384 -3.39418
84.66 0.736786 -11.5557 3.10139 8.31128 2.66865 -5.68642 -4.32467 3.16649 -10.3376 -2.65951 7.75988 1.49272 -4.89089 0.727145 -2.39954 -7.68048 -5.07816 0.976011 -0.927362 -2.13998 1.80115 -5.87214 -7.27464 -4.23657 -2.87307 -1.06361 -1.35551 -3.3848 -8.77081 -7.26341 -2.23935 -0.800785 -0.239096 -1.30415 -7.18891 -5.5578 -8.86943 1.09405 6.22097 1.75267 -4.1179 -9.54886 0.823221 -12.2824 0.418517 5.41436 2.54815 -6.95174 -4.24295
84.71 0.3988 -11.5658 3.28625 8.00009 2.73811 -5.56025 -5.06681 3.14123 -10.5925 -2.18163 8.51124 1.75161 -5.26985 0.227061 -1.50835 -7.94767 -5.02752 1.81127 -0.698442 -2.31596 2.19192 -5.42796 -7.28677 -4.39687 -2.57512 -1.12343 -1.45511 -2.67387 -8.5399 -7.24694 -2.63667 -1.43686 -0.395404 -1.11429 -6.69409 -6.37584 -8.36675 0.848488 5.26209 1.3917 -3.76776 -9.57121 0.470047 -12.3238 0.568654 4.98574 2.58178 -7.05092 -5.15764
84.76 0.008861 -11.5402 3.43343 7.57245 2.7751 -5.41753 -5.82718 2.97011 -10.8107 -1.72428 9.20209 1.98585 -5.55501 -0.276673 -0.341063 -8.36488 -4.82287 2.71448 -0.352319 -2.56274 2.40795 -4.99839 -7.3035 -4.53595 -2.13603 -1.16371 -1.56206 -1.87981 -8.20055 -7.24004 -3.00739 -1.98266 -0.537954 -1.00212 -6.19656 -7.0673 -7.98751 0.471552 4.23525 1.06509 -3.37209 -9.44608 0.109309 -12.3291 0.722154 4.44519 2.58585 -7.12264 -6.0595
84.81 -0.451152 -11.4632 3.5489 7.08864 2.77073 -5.26258 -6.56407 2.70474 -10.9955 -1.30069 9.82152 2.19961 -5.73619 -0.782252 0.873439 -8.85815 -4.45825 3.64984 0.0638762 -2.91807 2.4304 -4.57556 -7.32748 -4.66457 -1.6054 -1.18206 -1.67443 -1.029 -7.78791 -7.23928 -3.34578 -2.42901 -0.667931 -0.96083 -5.6968 -7.6452 -7.71624 0.0143792 3.20629 0.773134 -2.95315 -9.19464 -0.285568 -12.2883 0.880968 3.87931 2.55541 -7.16684 -6.88469
84.86 -1.02103 -11.306 3.63631 6.58421 2.71006 -5.09778 -7.2482 2.38365 -11.1506 -0.922202 10.3581 2.39551 -5.82058 -1.29719 1.85181 -9.31913 -4.00268 4.58168 0.470933 -3.37363 2.26765 -4.14494 -7.36292 -4.79129 -1.02416 -1.17579 -1.79054 -0.184406 -7.33604 -7.2425 -3.64635 -2.76353 -0.785874 -0.975344 -5.18934 -8.10429 -7.52864 -0.47248 2.21678 0.513227 -2.53368 -8.84397 -0.756485 -12.1825 1.04344 3.33121 2.48206 -7.18132 -7.60286
84.91 -1.77577 -11.0184 3.69561 6.06734 2.56698 -4.92001 -7.86128 2.03041 -11.2794 -0.593494 10.7968 2.57478 -5.82999 -1.84109 2.52401 -9.71759 -3.51975 5.49051 0.836946 -3.87901 1.95774 -3.68495 -7.41704 -4.91498 -0.404592 -1.14056 -1.90972 0.591402 -6.87149 -7.24843 -3.90623 -2.97043 -0.891667 -1.02891 -4.6625 -8.43175 -7.4021 -0.95671 1.28853 0.281604 -2.1321 -8.42235 -1.37944 -11.9747 1.20514 2.81242 2.34851 -7.15937 -8.20165
84.96 -2.79521 -10.541 3.71858 5.52374 2.31043 -4.71482 -8.38633 1.65783 -11.3837 -0.311653 11.1131 2.73721 -5.7871 -2.44989 2.91531 -10.0589 -3.03637 6.36872 1.15993 -4.37985 1.54785 -3.16289 -7.50293 -5.02147 0.264754 -1.06786 -2.03391 1.25786 -6.41116 -7.25644 -4.126 -3.03096 -0.98453 -1.10791 -4.09879 -8.61482 -7.31941 -1.42406 0.432699 0.0743077 -1.76067 -7.95532 -2.28632 -11.5982 1.35894 2.31988 2.12254 -7.08381 -8.67015
85.01 -3.98966 -9.89998 3.67945 4.91767 1.95422 -4.4554 -8.80066 1.2715 -11.4639 -0.0674204 11.263 2.88095 -5.70857 -3.16812 3.0686 -10.3525 -2.56046 7.20963 1.44607 -4.83579 1.0793 -2.52294 -7.64573 -5.08263 1.00403 -0.940838 -2.17019 1.79129 -5.96359 -7.2665 -4.30927 -2.92736 -1.06301 -1.20337 -3.47713 -8.64539 -7.26877 -1.87068 -0.344667 -0.112269 -1.42652 -7.46333 -3.56508 -11.0008 1.49225 1.84462 1.7817 -6.91843 -8.98868
85.06 -5.11641 -9.23647 3.53125 4.2016 1.56983 -4.12199 -9.08277 0.870413 -11.5179 0.152134 11.1887 3.00203 -5.60537 -4.01641 3.034 -10.6056 -2.09771 8.00353 1.70234 -5.22041 0.582166 -1.6713 -7.89174 -5.05326 1.82495 -0.728664 -2.33584 2.17515 -5.53132 -7.27913 -4.46206 -2.65517 -1.12507 -1.31011 -2.77896 -8.52351 -7.24164 -2.29544 -1.03915 -0.281141 -1.13461 -6.96082 -4.98835 -10.2788 1.58124 1.37685 1.38311 -6.62193 -9.13368
85.11 -6.08279 -8.6584 3.22665 3.35836 1.20692 -3.72026 -9.2247 0.446713 -11.5401 0.359028 10.8741 3.09405 -5.48533 -4.96407 2.86671 -10.8224 -1.65833 8.73966 1.93447 -5.51522 0.0749425 -0.53621 -8.28775 -4.87555 2.71577 -0.399836 -2.5658 2.39111 -5.11266 -7.29554 -4.59289 -2.23859 -1.16846 -1.42515 -1.99706 -8.2624 -7.23063 -2.69568 -1.64556 -0.434649 -0.890849 -6.45618 -6.26761 -9.58055 1.59019 0.909243 1.00464 -6.1916 -9.10108
85.16 -6.91342 -8.20397 2.75389 2.43728 0.880147 -3.2746 -9.23337 -0.0153474 -11.5202 0.560679 10.3937 3.14847 -5.35492 -5.93088 2.61614 -11.0061 -1.25527 9.40794 2.14661 -5.70825 -0.434082 0.698588 -8.77922 -4.5311 3.64252 0.0117629 -2.90128 2.42032 -4.70153 -7.3178 -4.71306 -1.72645 -1.19099 -1.54629 -1.15146 -7.89095 -7.22979 -3.06615 -2.15629 -0.574441 -0.70324 -5.95197 -7.32539 -8.97557 1.48192 0.436003 0.672766 -5.66555 -8.91181
85.21 -7.63759 -7.87063 2.15069 1.51084 0.590365 -2.81516 -9.12577 -0.544889 -11.4385 0.75888 9.84613 3.15365 -5.21928 -6.83959 2.31553 -11.1599 -0.898621 9.9987 2.34145 -5.80341 -0.945907 1.72593 -9.25004 -4.08241 4.56877 0.423672 -3.34256 2.26673 -4.28596 -7.34932 -4.83275 -1.1636 -1.19045 -1.67151 -0.300912 -7.44746 -7.2351 -3.40042 -2.56046 -0.701469 -0.579582 -5.44486 -8.17496 -8.48749 1.23862 -0.0482739 0.387645 -5.09338 -8.59971
85.26 -8.2667 -7.63715 1.48023 0.626025 0.33416 -2.36857 -8.92365 -1.19658 -11.259 0.950254 9.28264 3.09033 -5.08051 -7.65186 1.98301 -11.2872 -0.592185 10.5008 2.52034 -5.82087 -1.47168 2.44681 -9.65904 -3.59895 5.47333 0.796464 -3.8426 1.96496 -3.84786 -7.39592 -4.95352 -0.567702 -1.16347 -1.79937 0.489721 -6.9689 -7.2442 -3.69334 -2.84343 -0.815979 -0.522426 -4.92543 -8.84289 -8.11632 0.877971 -0.546056 0.142607 -4.51743 -8.20065
85.31 -8.7996 -7.479 0.799387 -0.195491 0.106991 -1.9537 -8.64918 -2.06054 -10.9217 1.12603 8.70984 2.92649 -4.93438 -8.35444 1.62805 -11.3901 -0.333555 10.8974 2.68333 -5.78367 -2.03642 2.88 -10.0094 -3.11275 6.34802 1.12559 -4.34579 1.56109 -3.36069 -7.46792 -5.06454 0.0692132 -1.10357 -1.93026 1.17678 -6.48316 -7.25599 -3.94299 -2.98677 -0.917476 -0.52579 -4.37818 -9.35035 -7.8463 0.443791 -1.05202 -0.0698537 -3.9678 -7.74624
85.36 -9.22579 -7.37563 0.143979 -0.944919 -0.095603 -1.58232 -8.32233 -3.18549 -10.3792 1.26792 8.10488 2.6359 -4.7659 -8.9385 1.25569 -11.4689 -0.115688 11.1581 2.829 -5.7093 -2.68171 3.06745 -10.3106 -2.63335 7.1865 1.41676 -4.80989 1.09653 -2.78049 -7.58473 -5.14235 0.767679 -0.997854 -2.06851 1.73529 -6.00691 -7.27028 -4.15095 -2.97006 -1.0047 -0.577077 -3.78253 -9.70964 -7.65532 -0.0181758 -1.55132 -0.256278 -3.4634 -7.26103
85.41 -9.52601 -7.31123 -0.471736 -1.61879 -0.277509 -1.263 -7.95961 -4.39144 -9.70949 1.34051 7.42187 2.25739 -4.55138 -9.39056 0.866716 -11.5217 0.0717888 11.2306 2.95402 -5.6093 -3.44806 3.0588 -10.5706 -2.16613 7.97938 1.67706 -5.20788 0.601925 -2.02952 -7.78344 -5.14885 1.54602 -0.821494 -2.22633 2.14985 -5.54726 -7.28768 -4.32173 -2.77891 -1.07562 -0.662078 -3.11681 -9.92503 -7.5224 -0.476227 -2.02336 -0.421767 -3.01384 -6.76182
85.46 -9.67493 -7.27339 -1.05028 -2.21519 -0.441891 -1.00531 -7.57385 -5.45876 -9.06149 1.29545 6.61235 1.86453 -4.27442 -9.6972 0.455331 -11.5436 0.240659 11.062 3.0525 -5.49173 -4.33894 2.91022 -10.7942 -1.72063 8.71597 1.91245 -5.52203 0.0965698 -1.0078 -8.11823 -5.02936 2.40415 -0.538479 -2.43087 2.4059 -5.10438 -7.30951 -4.46233 -2.42123 -1.12768 -0.769111 -2.3665 -9.9957 -7.43066 -0.915017 -2.44661 -0.570025 -2.62144 -6.25801
85.51 -9.64718 -7.25281 -1.60478 -2.73226 -0.591198 -0.819644 -7.17439 -6.35415 -8.5178 1.09808 5.67488 1.49471 -3.93489 -9.85093 0.00717784 -11.5247 0.401191 10.6668 3.11565 -5.3631 -5.30155 2.67453 -10.9843 -1.30983 9.38621 2.12733 -5.73915 -0.410466 0.225412 -8.58561 -4.74157 3.31581 -0.149265 -2.72484 2.48484 -4.67271 -7.33792 -4.58266 -1.93566 -1.15807 -0.890712 -1.53774 -9.91949 -7.36763 -1.33103 -2.8007 -0.703569 -2.28368 -5.7521
85.56 -9.42539 -7.24321 -2.15194 -3.168 -0.727244 -0.711594 -6.76732 -7.11088 -8.10053 0.755967 4.66573 1.15884 -3.5459 -9.85128 -0.505161 -11.4469 0.559884 10.1384 3.13132 -5.22862 -6.24769 2.38822 -11.1439 -0.944679 9.98051 2.32464 -5.85674 -0.91943 1.35853 -9.07252 -4.32041 4.24165 0.27015 -3.12926 2.37982 -4.23979 -7.37638 -4.69365 -1.37159 -1.16385 -1.02347 -0.676544 -9.69657 -7.32446 -1.72702 -3.06629 -0.823957 -1.99558 -5.24005
85.61 -9.01135 -7.24052 -2.70401 -3.52083 -0.851294 -0.676383 -6.35578 -7.74816 -7.7994 0.316146 3.64292 0.858332 -3.12883 -9.7049 -1.13298 -11.2767 0.718159 9.5595 3.08079 -5.0907 -7.11113 2.07002 -11.2762 -0.629973 10.4879 2.50597 -5.89015 -1.44053 2.20548 -9.50522 -3.84289 5.15222 0.65981 -3.61142 2.11519 -3.78502 -7.43086 -4.80014 -0.757756 -1.14096 -1.16726 0.148047 -9.33236 -7.295 -2.10763 -3.22386 -0.931952 -1.75131 -4.71121
85.66 -8.43856 -7.24209 -3.26039 -3.7898 -0.964143 -0.699695 -5.93999 -8.26672 -7.59115 -0.165571 2.6411 0.59089 -2.7075 -9.42572 -1.96273 -10.9572 0.870861 8.9584 2.93339 -4.94597 -7.86189 1.72859 -11.3837 -0.364031 10.8923 2.67165 -5.86267 -1.99728 2.75544 -9.87618 -3.35538 6.03484 1.00546 -4.1146 1.7346 -3.2773 -7.51251 -4.89443 -0.0934243 -1.08199 -1.32487 0.882077 -8.84011 -7.27505 -2.47646 -3.25299 -1.02764 -1.54526 -4.14879
85.71 -7.77218 -7.24634 -3.80442 -3.97382 -1.06614 -0.763676 -5.51726 -8.65777 -7.45217 -0.648392 1.68199 0.35266 -2.30347 -9.03518 -3.05591 -10.4355 1.00208 8.32242 2.66006 -4.7808 -8.48491 1.36849 -11.4676 -0.140229 11.1649 2.82062 -5.79399 -2.62985 3.04328 -10.1943 -2.87317 6.88343 1.31049 -4.58975 1.28174 -2.66562 -7.6432 -4.95389 0.638186 -0.972246 -1.50289 1.49264 -8.24242 -7.26185 -2.83458 -3.13531 -1.11048 -1.37249 -3.53218
85.76 -7.08458 -7.25256 -4.31141 -4.0699 -1.15713 -0.852538 -5.08173 -8.90931 -7.36305 -1.11115 0.781864 0.139459 -1.9351 -8.56084 -4.2595 -9.77324 1.07766 7.61093 2.29103 -4.57206 -8.96527 0.991159 -11.5267 0.0515923 11.2561 2.95003 -5.69732 -3.38051 3.11232 -10.4679 -2.40085 7.68995 1.58193 -5.003 0.790887 -1.86331 -7.86488 -4.93821 1.44999 -0.783824 -1.7154 1.95796 -7.57044 -7.25377 -3.18063 -2.86591 -1.17946 -1.22894 -2.84307
85.81 -6.42576 -7.26085 -4.76125 -4.07142 -1.23636 -0.955119 -4.62429 -9.01162 -7.3083 -1.54704 -0.0474617 -0.052546 -1.61958 -8.03207 -5.34118 -9.11906 1.04789 6.777 1.90011 -4.30201 -9.29012 0.59269 -11.5572 0.223291 11.1113 3.0547 -5.58121 -4.25772 3.01235 -10.7029 -1.9449 8.44395 1.8263 -5.33132 0.284851 -0.780428 -8.23087 -4.7903 2.33327 -0.481496 -1.99143 2.25695 -6.85934 -7.25026 -3.51305 -2.46914 -1.23333 -1.11145 -2.07335
85.86 -5.81511 -7.27222 -5.14406 -3.96736 -1.30229 -1.06494 -4.13304 -8.96282 -7.27629 -1.95672 -0.797913 -0.22656 -1.37283 -7.47454 -6.2493 -8.56373 0.87289 5.81676 1.52893 -3.9689 -9.45497 0.161926 -11.5514 0.385544 10.7367 3.12683 -5.45208 -5.21406 2.79508 -10.9028 -1.51677 9.13481 2.04859 -5.55914 -0.22421 0.458855 -8.71336 -4.47712 3.25602 -0.0818984 -2.37096 2.36655 -6.14017 -7.25206 -3.83324 -1.99672 -1.27087 -1.01755 -1.2365
85.91 -5.25032 -7.28863 -5.458 -3.74459 -1.35246 -1.17904 -3.59591 -8.77231 -7.25902 -2.34249 -1.4628 -0.385101 -1.2047 -6.90655 -7.01341 -8.13419 0.553145 4.78725 1.19035 -3.58455 -9.46508 -0.32291 -11.4946 0.545515 10.2215 3.15595 -5.31535 -6.16241 2.50357 -11.0712 -1.12888 9.75267 2.25218 -5.68567 -0.733585 1.53147 -9.1935 -4.04636 4.18108 0.332759 -2.8623 2.28252 -5.43129 -7.26172 -4.1447 -1.50159 -1.29063 -0.945496 -0.38324
85.96 -4.71771 -7.31331 -5.70478 -3.39565 -1.38328 -1.29648 -3.00752 -8.46131 -7.2512 -2.70482 -2.03407 -0.530002 -1.11356 -6.33763 -7.65288 -7.8225 0.130694 3.75225 0.886729 -3.16953 -9.33492 -0.902927 -11.3594 0.705619 9.65215 3.12658 -5.1746 -7.03315 2.16728 -11.212 -0.789238 10.2874 2.43904 -5.72824 -1.24996 2.29647 -9.61421 -3.56979 5.08574 0.712546 -3.42306 2.03396 -4.7348 -7.28468 -4.44595 -1.01513 -1.28986 -0.894357 0.421593
86.01 -4.19705 -7.35152 -5.88578 -2.92911 -1.38972 -1.41735 -2.37832 -8.06016 -7.24936 -3.04142 -2.50014 -0.662424 -1.08704 -5.76843 -8.16807 -7.60592 -0.34026 2.75017 0.61634 -2.74748 -9.08605 -1.65247 -11.0971 0.862504 9.0629 3.01254 -5.02906 -7.79394 1.80392 -11.3278 -0.499251 10.7254 2.6098 -5.70995 -1.7918 2.7632 -9.97408 -3.0851 5.96342 1.04843 -3.99582 1.66685 -4.03442 -7.33126 -4.72498 -0.546991 -1.26253 -0.864759 1.13131
86.06 -3.66043 -7.41209 -5.99884 -2.36884 -1.3645 -1.54253 -1.73611 -7.6026 -7.25125 -3.34852 -2.84462 -0.782845 -1.10809 -5.1906 -8.5495 -7.46054 -0.818797 1.80132 0.375692 -2.34002 -8.74382 -2.65899 -10.6445 1.00431 8.44686 2.77953 -4.86932 -8.43006 1.42322 -11.4195 -0.254546 11.0434 2.76366 -5.6496 -2.39372 2.97628 -10.2826 -2.60514 6.81162 1.34507 -4.53422 1.22553 -3.28489 -7.42155 -4.95775 -0.096144 -1.19573 -0.860409 1.71939
86.11 -3.0647 -7.51123 -6.0346 -1.73634 -1.29574 -1.67461 -1.11492 -7.11915 -7.25549 -3.62293 -3.04535 -0.891021 -1.16106 -4.58602 -8.78511 -7.36671 -1.28314 0.917172 0.160756 -1.96499 -8.33389 -3.85584 -10.0131 1.10377 7.76913 2.43179 -4.67464 -8.92732 1.029 -11.4861 -0.0464461 11.1992 2.89815 -5.56021 -3.10076 2.99016 -10.5478 -2.13709 7.623 1.60959 -5.00673 0.744409 -2.38125 -7.59792 -5.10403 0.340869 -1.06155 -0.891911 2.17114
86.16 -2.3345 -7.68073 -5.97033 -1.03498 -1.16138 -1.82075 -0.54453 -6.63271 -7.26137 -3.86393 -3.07498 -0.985935 -1.23455 -3.92584 -8.86602 -7.3089 -1.7254 0.104575 -0.0323124 -1.63844 -7.87945 -4.99334 -9.341 1.115 6.97988 2.03868 -4.42339 -9.27071 0.618241 -11.5235 0.136435 11.1342 3.00845 -5.45118 -3.93657 2.86554 -10.775 -1.6916 8.38569 1.84829 -5.39062 0.246456 -1.11547 -7.94346 -5.09559 0.76709 -0.805341 -0.987057 2.47376
86.21 -1.34884 -7.97673 -5.76109 -0.253399 -0.923309 -1.99905 -0.0520724 -6.15736 -7.26884 -4.07431 -2.90899 -1.06577 -1.32162 -3.17307 -8.79244 -7.27513 -2.14457 -0.631886 -0.206823 -1.37599 -7.39939 -5.95774 -8.7457 0.99116 6.05464 1.65585 -4.10798 -9.45222 0.179492 -11.5239 0.305451 10.8248 3.08685 -5.33011 -4.87397 2.65804 -10.9664 -1.28218 9.0872 2.06594 -5.66493 -0.255931 0.582146 -8.48632 -4.85665 1.1855 -0.403316 -1.2041 2.60565
86.26 -0.0683151 -8.43057 -5.35072 0.610418 -0.557856 -2.24647 0.328198 -5.69928 -7.27847 -4.26124 -2.55081 -1.12818 -1.41853 -2.30174 -8.5776 -7.25696 -2.5406 -1.28801 -0.365433 -1.18963 -6.90745 -6.76759 -8.2721 0.716781 5.03406 1.30324 -3.7359 -9.47425 -0.30987 -11.4725 0.469117 10.3369 3.12246 -5.20314 -5.83402 2.40368 -11.1242 -0.919804 9.71601 2.26581 -5.81941 -0.759794 2.23734 -9.04998 -4.42641 1.59692 0.033966 -1.58984 2.55222
86.31 1.21901 -8.94059 -4.74599 1.5237 -0.129479 -2.60011 0.55833 -5.25698 -7.29154 -4.43617 -2.05476 -1.17089 -1.52316 -1.34294 -8.24771 -7.24884 -2.91117 -1.8584 -0.510133 -1.0816 -6.41174 -7.44941 -7.92178 0.322063 3.98788 0.985638 -3.32532 -9.3498 -0.891748 -11.3422 0.631356 9.76763 3.09933 -5.07371 -6.7352 2.11911 -11.2526 -0.608966 10.2609 2.44984 -5.87132 -1.27162 3.51906 -9.53567 -3.92212 2.00029 0.425531 -2.11841 2.33521
86.36 2.22277 -9.40197 -4.02477 2.43595 0.281019 -3.05328 0.622465 -4.82215 -7.31026 -4.60984 -1.49194 -1.19226 -1.63368 -0.385619 -7.83732 -7.24714 -3.25144 -2.33528 -0.64226 -1.0425 -5.91451 -8.00919 -7.67532 -0.13899 2.96536 0.702377 -2.8998 -9.1007 -1.6411 -11.0845 0.79011 9.16805 2.99118 -4.94031 -7.53275 1.8115 -11.3554 -0.347727 10.7079 2.61877 -5.85109 -1.80971 4.37736 -9.94881 -3.40827 2.39801 0.760276 -2.72514 1.99812
86.41 2.84935 -9.79646 -3.23749 3.31719 0.646489 -3.56185 0.533733 -4.38239 -7.33832 -4.7853 -0.89502 -1.19053 -1.74822 0.488558 -7.38155 -7.24957 -3.55613 -2.70771 -0.762506 -1.05599 -5.41209 -8.43971 -7.50831 -0.618876 1.99318 0.4504 -2.48273 -8.75392 -2.64672 -10.636 0.934335 8.54019 2.76356 -4.79265 -8.20658 1.48503 -11.4352 -0.129542 11.0339 2.77207 -5.784 -2.4086 4.832 -10.3064 -2.90311 2.79694 1.04511 -3.34953 1.58487
86.46 3.06909 -10.1332 -2.38803 4.15962 0.966119 -4.07659 0.320815 -3.92146 -7.38179 -4.95563 -0.256489 -1.16233 -1.86564 1.22618 -6.90913 -7.25473 -3.82186 -2.96107 -0.870916 -1.10534 -4.89494 -8.72853 -7.39932 -1.08911 1.08597 0.225758 -2.09445 -8.3372 -3.84485 -10.0071 1.03702 7.85252 2.4201 -4.60927 -8.74104 1.14245 -11.4929 0.0553166 11.1972 2.90777 -5.68638 -3.11351 4.92753 -10.6208 -2.41043 3.20428 1.2894 -3.94992 1.13046
86.51 2.92919 -10.4222 -1.48464 4.9609 1.24596 -4.55957 0.0152145 -3.41463 -7.4512 -5.1049 0.443245 -1.10076 -1.9869 1.79421 -6.43925 -7.26194 -4.04837 -3.07702 -0.966856 -1.17746 -4.3478 -8.86426 -7.33108 -1.53778 0.252071 0.0244889 -1.75323 -7.87545 -4.98539 -9.33583 1.05201 7.05622 2.03014 -4.36814 -9.12093 0.782981 -11.5271 0.218563 11.1402 3.02196 -5.56843 -3.9483 4.73278 -10.9004 -1.9361 3.62115 1.5016 -4.50215 0.658864
86.56 2.60191 -10.6701 -0.585268 5.71463 1.49264 -4.98623 -0.355727 -2.8184 -7.56611 -5.2084 1.21285 -0.992506 -2.11714 2.18301 -5.98207 -7.27117 -4.23833 -3.0355 -1.04898 -1.26397 -3.75063 -8.84293 -7.29016 -1.96265 -0.503308 -0.156918 -1.47632 -7.3886 -5.9523 -8.74067 0.931948 6.12707 1.64984 -4.06173 -9.33817 0.400305 -11.5336 0.371514 10.8412 3.10853 -5.43764 -4.88547 4.33639 -11.1507 -1.49193 4.03952 1.68842 -4.99423 0.184036
86.61 2.26764 -10.8813 0.236752 6.40992 1.71182 -5.34148 -0.771456 -2.05345 -7.76408 -5.22914 2.04971 -0.81247 -2.26935 2.40696 -5.54097 -7.28299 -4.39673 -2.82321 -1.11527 -1.36029 -3.08272 -8.67273 -7.26709 -2.36447 -1.17575 -0.321337 -1.27667 -6.8907 -6.76338 -8.26699 0.660974 5.10525 1.29939 -3.69776 -9.39474 -0.0187864 -11.5033 0.52258 10.3683 3.15959 -5.30043 -5.84593 3.82923 -11.3756 -1.09105 4.44536 1.8548 -5.42231 -0.288526
86.66 1.99853 -11.0589 0.944411 7.03351 1.90812 -5.61412 -1.21879 -1.01509 -8.10078 -5.11383 2.94233 -0.524008 -2.47165 2.48413 -5.11454 -7.29871 -4.53065 -2.45001 -1.16321 -1.46412 -2.33054 -8.37536 -7.25557 -2.74252 -1.7597 -0.470959 -1.15699 -6.38986 -7.44508 -7.91632 0.269008 4.05922 0.983644 -3.29443 -9.30269 -0.498575 -11.4198 0.675873 9.8209 3.16501 -5.16182 -6.74893 3.28478 -11.5773 -0.741877 4.82318 2.00408 -5.7882 -0.760685
86.71 1.78627 -11.2055 1.53462 7.57022 2.08513 -5.79367 -1.69187 0.239386 -8.57312 -4.82131 3.86451 -0.127594 -2.76814 2.41662 -4.69709 -7.32054 -4.64982 -1.95608 -1.1902 -1.57404 -1.50019 -7.98312 -7.25147 -3.09327 -2.24717 -0.607297 -1.10804 -5.88835 -8.00356 -7.66905 -0.19033 3.03685 0.70194 -2.87502 -9.08257 -1.08375 -11.2529 0.830596 9.25469 3.10886 -5.02378 -7.55149 2.75072 -11.7572 -0.445826 5.15763 2.13817 -6.09707 -1.24209
86.76 1.59596 -11.3242 2.01907 8.00139 2.24517 -5.87835 -2.19214 1.39107 -9.06447 -4.38985 4.78314 0.298302 -3.17985 2.2042 -4.27706 -7.35202 -4.76489 -1.39094 -1.19353 -1.68882 -0.637098 -7.53217 -7.2521 -3.41164 -2.62702 -0.73119 -1.11349 -5.38268 -8.43208 -7.50047 -0.670151 2.06384 0.451249 -2.46208 -8.76021 -1.85023 -10.9518 0.980213 8.68089 2.96427 -4.88267 -8.23717 2.25174 -11.9154 -0.198618 5.43146 2.25782 -6.35552 -1.75292
86.81 1.39494 -11.4184 2.41336 8.30316 2.38898 -5.88352 -2.72825 2.25185 -9.49997 -3.90055 5.67586 0.692706 -3.67161 1.86905 -3.83563 -7.39903 -4.88013 -0.783006 -1.16956 -1.80767 0.189944 -7.05482 -7.25581 -3.69343 -2.8847 -0.842806 -1.15663 -4.86329 -8.71934 -7.38924 -1.14268 1.15436 0.227647 -2.07392 -8.36275 -2.86499 -10.4625 1.10911 8.08366 2.70209 -4.72548 -8.79581 1.79673 -12.0512 0.00773707 5.61982 2.36268 -6.57015 -2.32726
86.86 1.16308 -11.4902 2.73263 8.44667 2.5157 -5.83205 -3.31479 2.81196 -9.87281 -3.40145 6.53511 1.04181 -4.18421 1.44829 -3.34476 -7.47206 -4.98711 -0.131305 -1.11165 -1.93146 0.927176 -6.57453 -7.26174 -3.93704 -3.00223 -0.941621 -1.2244 -4.3145 -8.85549 -7.31901 -1.59625 0.316643 0.0271958 -1.72515 -7.91521 -4.0188 -9.82279 1.18528 7.4269 2.34032 -4.5292 -9.2136 1.38456 -12.1631 0.183793 5.68136 2.45132 -6.74683 -3.00368
86.91 0.891552 -11.5397 2.99019 8.40567 2.62283 -5.74259 -3.96639 3.10581 -10.1924 -2.90776 7.35733 1.34949 -4.66739 0.977453 -2.75869 -7.59098 -5.06312 0.58233 -1.00657 -2.06483 1.54195 -6.10508 -7.26969 -4.14399 -2.9603 -1.0264 -1.30826 -3.71585 -8.8373 -7.2771 -2.02792 -0.444122 -0.153592 -1.42965 -7.43821 -5.08178 -9.17104 1.16036 6.6627 1.9479 -4.27339 -9.47662 1.00678 -12.2493 0.341522 5.55957 2.52109 -6.89029 -3.79819
86.96 0.576902 -11.5645 3.19721 8.17736 2.70634 -5.62691 -4.68357 3.1758 -10.4674 -2.42328 8.13523 1.6231 -5.08744 0.482799 -1.9978 -7.79383 -5.06916 1.37562 -0.82893 -2.22023 2.01315 -5.65219 -7.28013 -4.31844 -2.74708 -1.09524 -1.40331 -3.04665 -8.67313 -7.25385 -2.43724 -1.12357 -0.317578 -1.20136 -6.94682 -5.97661 -8.60731 0.992367 5.76376 1.57156 -3.95307 -9.57923 0.649608 -12.3068 0.492014 5.22463 2.56806 -7.00386 -4.68795
87.01 0.214819 -11.5585 3.36271 7.8008 2.76077 -5.49202 -5.44019 3.0721 -10.7038 -1.95397 8.8583 1.86927 -5.42235 -0.0198541 -0.963716 -8.13484 -4.94893 2.24771 -0.542647 -2.42526 2.32119 -5.21579 -7.29426 -4.46711 -2.3745 -1.14577 -1.50676 -2.29415 -8.38491 -7.24261 -2.82214 -1.71633 -0.466949 -1.04972 -6.45025 -6.72941 -8.1659 0.67721 4.76243 1.22711 -3.5781 -9.52715 0.295497 -12.3314 0.643302 4.72832 2.58774 -7.08949 -5.60636
87.06 -0.206195 -11.5102 3.49373 7.33929 2.77885 -5.34283 -6.19364 2.84895 -10.9053 -1.51148 9.51549 2.09305 -5.6569 -0.52417 0.271269 -8.60576 -4.66065 3.17174 -0.151191 -2.72256 2.4435 -4.7909 -7.31414 -4.59966 -1.88409 -1.1756 -1.6166 -1.46621 -8.0051 -7.23905 -3.17777 -2.2147 -0.603224 -0.973827 -5.95193 -7.36495 -7.84244 0.253897 3.72769 0.917692 -3.16806 -9.33696 -0.0780017 -12.3157 0.799407 4.16715 2.57562 -7.14783 -6.47633
87.11 -0.713204 -11.3986 3.59516 6.84276 2.74931 -5.18298 -6.90744 2.55243 -11.0751 -1.10894 10.0958 2.29781 -5.78848 -1.03275 1.39119 -9.09169 -4.24127 4.10896 0.267759 -3.13163 2.37182 -4.36648 -7.34307 -4.72674 -1.32516 -1.18227 -1.73099 -0.609608 -7.56933 -7.24046 -3.49817 -2.60795 -0.727272 -0.962046 -5.44946 -7.88593 -7.61529 -0.22318 2.71437 0.641881 -2.7462 -9.03328 -0.503419 -12.2462 0.960413 3.60706 2.52558 -7.17792 -7.25124
87.16 -1.36203 -11.1853 3.66914 6.33267 2.6523 -5.01276 -7.55869 2.21342 -11.2169 -0.754773 10.5867 2.48549 -5.83304 -1.5585 2.21898 -9.52232 -3.76684 5.03092 0.656058 -3.61891 2.13108 -3.92468 -7.38651 -4.85291 -0.725373 -1.16252 -1.84857 0.207748 -7.10852 -7.24513 -3.77893 -2.88206 -0.839312 -0.997683 -4.93433 -8.2822 -7.46015 -0.711524 1.75301 0.396344 -2.33359 -8.64437 -1.0362 -12.0967 1.12321 3.07309 2.42572 -7.17583 -7.91201
87.21 -2.24158 -10.81 3.71247 5.80581 2.45638 -4.82428 -8.13102 1.84958 -11.3335 -0.449849 10.9694 2.65662 -5.81429 -2.12871 2.74854 -9.89153 -3.28201 5.92543 1.00042 -4.12813 1.76637 -3.43937 -7.45402 -4.97076 -0.0837439 -1.11036 -1.96973 0.933707 -6.6445 -7.25212 -4.01887 -3.01963 -0.938903 -1.06514 -4.3919 -8.54023 -7.35691 -1.18841 0.859297 0.177133 -1.94563 -8.19757 -1.77896 -11.8162 1.28215 2.56806 2.25167 -7.13075 -8.44865
87.26 -3.37505 -10.2393 3.70966 5.23729 2.14414 -4.5961 -8.60489 1.46996 -11.4261 -0.187929 11.211 2.81023 -5.75224 -2.7862 3.01729 -10.2084 -2.80172 6.78638 1.30443 -4.611 1.32321 -2.8686 -7.56356 -5.05949 0.617485 -1.01389 -2.09849 1.53721 -6.18979 -7.2611 -4.22013 -3.00145 -1.02493 -1.15306 -3.80244 -8.64911 -7.29114 -1.64575 0.04136 -0.0195836 -1.59181 -7.71611 -2.87257 -11.3312 1.42803 2.08528 1.96841 -7.01688 -8.84673
87.31 -4.56121 -9.56871 3.62374 4.58273 1.76504 -4.30137 -8.95639 1.07694 -11.4939 0.0425237 11.2576 2.9435 -5.6605 -3.56841 3.0717 -10.4814 -2.33132 7.60557 1.57511 -5.03462 0.837624 -2.13875 -7.74977 -5.08309 1.39656 -0.849879 -2.24607 1.99926 -5.74969 -7.27231 -4.38755 -2.81421 -1.09564 -1.25453 -3.1451 -8.60422 -7.25301 -2.08183 -0.695909 -0.197142 -1.27776 -7.21753 -4.26815 -10.6513 1.54343 1.61479 1.58743 -6.79083 -9.08241
87.36 -5.60975 -8.93864 3.40334 3.80231 1.38773 -3.93226 -9.16974 0.666172 -11.5332 0.254598 11.0617 3.05127 -5.54817 -4.47299 2.96514 -10.7163 -1.87847 8.37246 1.81892 -5.37721 0.333897 -1.1471 -8.067 -4.98775 2.2549 -0.582244 -2.43771 2.30341 -5.32455 -7.2866 -4.52832 -2.46617 -1.14883 -1.36564 -2.40561 -8.41139 -7.23464 -2.49507 -1.34797 -0.358229 -1.00859 -6.7133 -5.64235 -9.92744 1.59811 1.14786 1.19232 -6.42584 -9.13905
87.41 -6.50487 -8.41957 3.01448 2.91154 1.04192 -3.5053 -9.2447 0.226258 -11.5366 0.458345 10.6523 3.12605 -5.42229 -5.44145 2.75172 -10.9165 -1.45533 9.07652 2.04082 -5.62287 -0.174661 0.0795432 -8.52519 -4.72494 3.16832 -0.20278 -2.71568 2.42936 -4.91068 -7.30555 -4.65241 -1.99608 -1.18225 -1.48393 -1.58735 -8.09174 -7.22924 -2.88149 -1.90859 -0.504848 -0.791279 -6.20891 -6.814 -9.27007 1.55358 0.678205 0.835755 -5.94245 -9.02588
87.46 -7.28081 -8.02645 2.4706 1.97992 0.733566 -3.04918 -9.19381 -0.26405 -11.4896 0.658415 10.1291 3.1581 -5.28881 -6.38707 2.47354 -11.0851 -1.07413 9.708 2.24422 -5.76614 -0.684354 1.23931 -9.01709 -4.31891 4.09863 0.217444 -3.10676 2.36621 -4.49925 -7.33181 -4.77145 -1.45491 -1.19377 -1.60731 -0.730505 -7.68001 -7.2318 -3.23499 -2.36865 -0.638304 -0.63426 -5.70406 -7.76639 -8.72112 1.37923 0.200151 0.527446 -5.3878 -8.77182
87.51 -7.95784 -7.74521 1.82633 1.06992 0.46079 -2.59316 -9.03702 -0.844443 -11.3658 0.853991 9.57053 3.13282 -5.15167 -7.25114 2.15569 -11.2255 -0.742057 10.2569 2.43115 -5.82017 -1.20089 2.11767 -9.45855 -3.84685 5.01582 0.612114 -3.58411 2.1344 -4.0753 -7.36979 -4.89222 -0.875498 -1.18082 -1.73393 0.097609 -7.21514 -7.23918 -3.54945 -2.71544 -0.759207 -0.543408 -5.19247 -8.52373 -8.29156 1.07402 -0.290818 0.262937 -4.80923 -8.41275
87.56 -8.54052 -7.55158 1.14484 0.214479 0.219405 -2.16027 -8.79675 -1.58754 -11.1177 1.03923 9.00369 3.02491 -5.01038 -8.01061 1.81131 -11.3406 -0.459695 10.71 2.60232 -5.80822 -1.74158 2.69281 -9.83758 -3.35997 5.90641 0.963078 -4.09203 1.77684 -3.61722 -7.42714 -5.01034 -0.261593 -1.1388 -1.86304 0.841521 -6.73029 -7.24968 -3.82116 -2.93245 -0.867443 -0.517195 -4.6617 -9.11084 -7.97258 0.67116 -0.793899 0.0347746 -4.24317 -7.983
87.61 -9.02296 -7.42253 0.473423 -0.572329 0.0048168 -1.76558 -8.4943 -2.58463 -10.6803 1.20158 8.41954 2.79942 -4.85593 -8.65643 1.44741 -11.4318 -0.222176 11.045 2.7571 -5.75101 -2.33988 2.99975 -10.1627 -2.87649 6.76432 1.27269 -4.58028 1.33864 -3.09159 -7.51784 -5.10883 0.402712 -1.05863 -1.99663 1.46785 -6.24777 -7.26266 -4.04997 -2.99977 -0.962145 -0.545859 -4.0935 -9.54465 -7.74414 0.218317 -1.29893 -0.164186 -3.71397 -7.5109
87.66 -9.39026 -7.34002 -0.163124 -1.28498 -0.187189 -1.41867 -8.14802 -3.78485 -10.0565 1.31509 7.78308 2.45615 -4.66782 -9.17764 1.06716 -11.4983 -0.0206625 11.2211 2.8932 -5.66291 -3.04105 3.08432 -10.4429 -2.40222 7.58175 1.54788 -5.01459 0.856237 -2.44003 -7.6687 -5.15751 1.13883 -0.92234 -2.14224 1.95742 -5.77926 -7.27836 -4.23898 -2.89835 -1.04167 -0.615368 -3.46597 -9.83323 -7.58403 -0.244611 -1.78759 -0.339796 -3.23578 -7.0172
87.71 -9.61961 -7.29001 -0.759477 -1.92107 -0.36015 -1.12825 -7.77262 -4.93775 -9.38196 1.33598 7.04242 2.06323 -4.42371 -9.55974 0.668397 -11.5368 0.156241 11.1796 3.00611 -5.55341 -3.87136 2.99988 -10.6846 -1.94414 8.34834 1.79531 -5.37337 0.354613 -1.56611 -7.92783 -5.10972 1.95799 -0.697914 -2.31833 2.29634 -5.32817 -7.29772 -4.39391 -2.62254 -1.10368 -0.712385 -2.75974 -9.97792 -7.47313 -0.694262 -2.23833 -0.496451 -2.81432 -6.515
87.76 -9.68476 -7.26159 -1.32419 -2.47882 -0.516875 -0.90471 -7.37918 -5.91739 -8.77938 1.21836 6.16582 1.67923 -4.11514 -9.79189 0.241418 -11.5403 0.319934 10.8916 3.08855 -5.42967 -4.80748 2.80277 -10.8915 -1.51402 9.05359 2.02019 -5.64121 -0.152112 -0.412096 -8.33675 -4.90926 2.84701 -0.357166 -2.56135 2.46782 -4.89186 -7.32245 -4.52316 -2.19584 -1.14546 -0.827227 -1.96805 -9.97676 -7.39678 -1.12181 -2.63012 -0.637242 -2.44923 -6.01025
87.81 -9.56314 -7.24702 -1.87308 -2.95624 -0.659488 -0.756984 -6.97542 -6.74092 -8.29746 0.946047 5.18471 1.32552 -3.74907 -9.87001 -0.23365 -11.4955 0.479041 10.4179 3.13021 -5.29763 -5.7728 2.53893 -11.0662 -1.12457 9.68781 2.22617 -5.80869 -0.659486 0.811297 -8.82883 -4.54665 3.77038 0.0577665 -2.91032 2.45554 -4.46163 -7.35524 -4.63772 -1.6663 -1.16419 -0.954506 -1.11511 -9.82831 -7.34441 -1.52746 -2.94321 -0.764192 -2.13654 -5.50224
87.86 -9.24512 -7.24122 -2.42174 -3.35146 -0.789523 -0.685956 -6.56595 -7.43802 -7.93964 0.548801 4.16316 1.00711 -3.34335 -9.79711 -0.794133 -11.3779 0.63771 9.85786 3.1164 -5.16143 -6.68403 2.23546 -11.212 -0.783993 10.241 2.41552 -5.88222 -1.17241 1.81242 -9.29276 -4.08941 4.69124 0.466559 -3.35948 2.26746 -4.02111 -7.40057 -4.74658 -1.07621 -1.15655 -1.09251 -0.263633 -9.53498 -7.3086 -1.91533 -3.15832 -0.878451 -1.87066 -4.9837
87.91 -8.74678 -7.24088 -2.97704 -3.66327 -0.908007 -0.681618 -6.15248 -8.01775 -7.6872 0.0820786 3.14741 0.723241 -2.92128 -9.58339 -1.5084 -11.143 0.79441 9.26745 3.02295 -5.02112 -7.49448 1.90512 -11.3319 -0.49376 10.7005 2.58922 -5.88291 -1.70703 2.51045 -9.69438 -3.60363 5.58898 0.834795 -3.85898 1.94015 -3.54516 -7.4665 -4.84894 -0.43914 -1.11723 -1.24254 0.521799 -9.10576 -7.28423 -2.28986 -3.25547 -0.980438 -1.6458 -4.44082
87.96 -8.11869 -7.24391 -3.53025 -3.89078 -1.01552 -0.727077 -5.73381 -8.47519 -7.51563 -0.403993 2.16423 0.470652 -2.50596 -9.24647 -2.46883 -10.7267 0.939526 8.65281 2.81525 -4.86884 -8.18432 1.55413 -11.4278 -0.249562 11.045 2.74693 -5.83318 -2.29509 2.92682 -10.0382 -3.11789 6.4557 1.15971 -4.35357 1.51913 -2.99468 -7.56846 -4.92998 0.255844 -1.03587 -1.409 1.19843 -8.55839 -7.26785 -2.65348 -3.21444 -1.06993 -1.45664 -3.85444
88.01 -7.43374 -7.24916 -4.05917 -4.03223 -1.11217 -0.804972 -5.30573 -8.7993 -7.40327 -0.878562 1.23229 0.24521 -2.11725 -8.81114 -3.65029 -10.1187 1.04902 7.9861 2.4862 -4.68531 -8.7393 1.18567 -11.4998 -0.0428793 11.2361 2.8868 -5.74948 -2.98159 3.10154 -10.3336 -2.64002 7.28487 1.44737 -4.80176 1.04407 -2.30286 -7.73698 -4.95888 1.0262 -0.892018 -1.60145 1.74022 -7.91997 -7.2573 -3.00594 -3.02144 -1.14612 -1.29865 -3.2041
88.06 -6.756 -7.25632 -4.54002 -4.08304 -1.19754 -0.901647 -4.8608 -8.97849 -7.33272 -1.32837 0.365684 0.0428485 -1.77268 -8.30655 -4.81235 -9.44381 1.07935 7.21909 2.09846 -4.44775 -9.14454 0.798875 -11.5456 0.137595 11.2165 3.00489 -5.64238 -3.79649 3.08113 -10.5877 -2.17458 8.06699 1.70482 -5.1758 0.543615 -1.36814 -8.02454 -4.88578 1.87584 -0.651033 -1.84031 2.12689 -7.22444 -7.25146 -3.34538 -2.68443 -1.20785 -1.16823 -2.47554
88.11 -6.12002 -7.26595 -4.95762 -4.0344 -1.27049 -1.00834 -4.38838 -9.00627 -7.29033 -1.75111 -0.425812 -0.139974 -1.48912 -7.76087 -5.80668 -8.83156 0.981343 6.31922 1.7144 -4.14603 -9.39087 0.386495 -11.5596 0.303506 10.9519 3.09473 -5.51915 -4.72202 2.91747 -10.8051 -1.73063 8.79129 1.93783 -5.45615 0.0351831 -0.171107 -8.46036 -4.65622 2.78336 -0.29285 -2.16275 2.33543 -6.50613 -7.25037 -3.67138 -2.24328 -1.25386 -1.06257 -1.66904
88.16 -5.53304 -7.27947 -5.30655 -3.87366 -1.32906 -1.12047 -3.87593 -8.88602 -7.26636 -2.14884 -1.13516 -0.306127 -1.28034 -7.19646 -6.64034 -8.33726 0.732239 5.31597 1.35851 -3.78565 -9.47856 -0.0671542 -11.5312 0.464019 10.495 3.14728 -5.38569 -5.6855 2.65925 -10.9891 -1.32086 9.44755 2.15062 -5.6331 -0.473808 1.02017 -8.95479 -4.27551 3.7113 0.124049 -2.59973 2.34841 -5.7907 -7.25556 -3.98696 -1.75417 -1.2829 -0.979567 -0.815842
88.21 -4.98619 -7.29944 -5.58729 -3.58914 -1.37027 -1.23624 -3.31354 -8.63309 -7.25425 -2.52323 -1.75531 -0.45779 -1.15095 -6.62737 -7.34228 -7.96785 0.355299 4.27732 1.03711 -3.38336 -9.41756 -0.591801 -11.4405 0.624083 9.94567 3.15016 -5.24673 -6.6019 2.34291 -11.1435 -0.956038 10.026 2.34585 -5.71557 -0.985143 1.94608 -9.40791 -3.81516 4.62798 0.524493 -3.1323 2.17845 -5.08867 -7.27083 -4.2942 -1.26095 -1.29309 -0.917811 0.0209886
88.26 -4.46235 -7.32993 -5.80178 -3.18025 -1.38987 -1.35531 -2.70261 -8.27371 -7.24972 -2.87336 -2.2767 -0.596467 -1.09351 -6.05879 -7.92156 -7.70594 -0.0972474 3.25508 0.750146 -2.96197 -9.22615 -1.24326 -11.2507 0.78345 9.3653 3.0834 -5.10415 -7.42111 1.99171 -11.2718 -0.64097 10.5154 2.52481 -5.72556 -1.51079 2.56016 -9.79774 -3.33198 5.51966 0.882603 -3.70572 1.8658 -4.3937 -7.30364 -4.58676 -0.783185 -1.28036 -0.877018 0.783577
88.31 -3.93802 -7.37767 -5.95007 -2.66438 -1.38189 -1.47811 -2.06283 -7.84073 -7.24993 -3.19598 -2.68553 -0.722986 -1.09248 -5.48698 -8.37262 -7.52705 -0.575792 2.27726 0.494837 -2.54462 -8.92823 -2.11152 -10.9017 0.93517 8.7657 2.9147 -4.95355 -8.12232 1.61901 -11.3758 -0.374035 10.8985 2.68748 -5.68468 -2.07669 2.89622 -10.1312 -2.8487 6.3834 1.19838 -4.26643 1.45728 -3.6775 -7.36821 -4.84694 -0.323932 -1.23593 -0.859047 1.43601
88.36 -3.37927 -7.45443 -6.02703 -2.06694 -1.33725 -1.60617 -1.42682 -7.36707 -7.2531 -3.48732 -2.96264 -0.837478 -1.1309 -4.89894 -8.68398 -7.40912 -1.04905 1.35907 0.267304 -2.15101 -8.54969 -3.23739 -10.3501 1.06088 8.12519 2.61977 -4.77976 -8.69232 1.23158 -11.4555 -0.148583 11.1436 2.83228 -5.60875 -2.72491 3.00428 -10.4177 -2.37356 7.21483 1.47839 -4.77571 0.992855 -2.87128 -7.49318 -5.04371 0.119714 -1.14104 -0.87025 1.95869
88.41 -2.72994 -7.58266 -6.01775 -1.4015 -1.24002 -1.74378 -0.827174 -6.87985 -7.25818 -3.74524 -3.08305 -0.939327 -1.19507 -4.27136 -8.84439 -7.33468 -1.50297 0.509346 0.0635458 -1.79778 -8.11526 -4.43333 -9.67926 1.12356 7.39878 2.24013 -4.55935 -9.11571 0.830114 -11.5085 0.0456526 11.1982 2.95567 -5.50869 -3.49488 2.94257 -10.6638 -1.91495 8.00393 1.72955 -5.20739 0.501297 -1.82124 -7.74003 -5.12477 0.551068 -0.95528 -0.927735 2.33926
88.46 -1.89106 -7.80603 -5.88958 -0.662394 -1.06035 -1.90237 -0.29141 -6.3976 -7.26482 -3.97062 -3.01887 -1.02712 -1.27585 -3.5705 -8.84875 -7.28993 -1.93386 -0.266415 -0.120046 -1.5008 -7.6462 -5.48791 -9.03532 1.07319 6.54207 1.84784 -4.27655 -9.38008 0.407645 -11.5291 0.220438 11.011 3.05148 -5.39288 -4.38764 2.77134 -10.8733 -1.48549 8.73812 1.95743 -5.54003 0.000225536 -0.315619 -8.19338 -5.00881 0.973121 -0.621695 -1.07394 2.56138
88.51 -0.747105 -8.18278 -5.58708 0.161125 -0.75824 -2.10887 0.150993 -5.93042 -7.27324 -4.1683 -2.75512 -1.09871 -1.36807 -2.76049 -8.70336 -7.26467 -2.34178 -0.964038 -0.286467 -1.27465 -7.15894 -6.37211 -8.4974 0.874495 5.56151 1.47865 -3.93165 -9.4824 -0.0521803 -11.5065 0.386021 10.6012 3.11049 -5.26828 -5.34776 2.53777 -11.0477 -1.09813 9.40536 2.16603 -5.75521 -0.50269 1.43026 -8.77061 -4.66174 1.38824 -0.185715 -1.37219 2.6021
88.56 0.586276 -8.68272 -5.07398 1.05546 -0.34929 -2.40579 0.461582 -5.48074 -7.28434 -4.34777 -2.31988 -1.1517 -1.46899 -1.83746 -8.42814 -7.25198 -2.72581 -1.57891 -0.438047 -1.12719 -6.66449 -7.11718 -8.08582 0.535029 4.52043 1.14306 -3.53794 -9.43034 -0.57996 -11.4208 0.548831 10.0633 3.11977 -5.13991 -6.28701 2.26732 -11.1906 -0.760907 9.99448 2.35797 -5.85581 -1.00901 2.91868 -9.29837 -4.1828 1.79573 0.2332 -1.835 2.46373
88.61 1.75521 -9.17538 -4.40229 1.97382 0.0767832 -2.81223 0.610256 -5.04346 -7.29983 -4.52109 -1.78383 -1.18413 -1.57675 -0.867416 -8.05422 -7.24737 -3.08221 -2.10459 -0.576453 -1.05473 -6.16813 -7.73945 -7.78946 0.100887 3.48138 0.842577 -3.11698 -9.24161 -1.23219 -11.2357 0.710066 9.4763 3.05908 -5.00915 -7.14084 1.97084 -11.306 -0.474967 10.4935 2.53458 -5.86862 -1.53052 3.99236 -9.74622 -3.66953 2.19571 0.596511 -2.41035 2.18202
88.66 2.5799 -9.60338 -3.64597 2.87285 0.46624 -3.29902 0.596448 -4.60795 -7.32255 -4.69588 -1.20324 -1.19445 -1.68946 0.0573996 -7.61745 -7.24792 -3.40561 -2.53182 -0.702706 -1.04363 -5.66918 -8.23722 -7.58492 -0.374217 2.48116 0.575124 -2.69286 -8.94108 -2.09962 -10.8912 0.863858 8.86496 2.89607 -4.87077 -7.87962 1.65353 -11.3974 -0.235881 10.885 2.69599 -5.82283 -2.09302 4.64855 -10.1302 -3.15912 2.59299 0.905621 -3.03221 1.80254
88.71 3.00792 -9.96817 -2.829 3.73534 0.808665 -3.81623 0.442816 -4.1602 -7.3572 -4.87028 -0.588323 -1.18033 -1.80546 0.8699 -7.1505 -7.25181 -3.69143 -2.84791 -0.817182 -1.07663 -5.16108 -8.59988 -7.44877 -0.85175 1.53949 0.337062 -2.28755 -8.55664 -3.22536 -10.3432 0.992388 8.21334 2.60607 -4.70877 -8.48715 1.31896 -11.4663 -0.0354182 11.1378 2.84102 -5.7392 -2.73862 4.92004 -10.4654 -2.6597 2.99539 1.16942 -3.64883 1.36541
88.76 3.03716 -10.2805 -1.94929 4.55803 1.10791 -4.31926 0.180662 -3.68068 -7.41168 -5.03278 0.0781592 -1.13693 -1.92445 1.52722 -6.67753 -7.25802 -3.93776 -3.03637 -0.919598 -1.13848 -4.63148 -8.81472 -7.36169 -1.31213 0.667448 0.124357 -1.92011 -8.11499 -4.42377 -9.67383 1.05861 7.47835 2.23009 -4.4991 -8.9474 0.968517 -11.5128 0.137333 11.2 2.96679 -5.63057 -3.507 4.8631 -10.7619 -2.17488 3.40784 1.39702 -4.22775 0.900232
88.81 2.77888 -10.5486 -1.03796 5.33713 1.37071 -4.77697 -0.160009 -3.13722 -7.5001 -5.16332 0.811996 -1.0547 -2.04911 2.00682 -6.21308 -7.26619 -4.14585 -3.07748 -1.00897 -1.21844 -4.06249 -8.87324 -7.30827 -1.74908 -0.12849 -0.0667695 -1.6084 -7.63879 -5.48133 -9.03026 1.01208 6.61613 1.8406 -4.22585 -9.24792 0.598831 -11.5342 0.29425 11.0217 3.06832 -5.50547 -4.39917 4.55772 -11.0265 -1.71362 3.82694 1.59604 -4.7514 0.425872
88.86 2.4317 -10.7781 -0.169093 6.06374 1.60327 -5.17011 -0.555031 -2.471 -7.64953 -5.23186 1.61533 -0.915346 -2.18777 2.31209 -5.76371 -7.27658 -4.31958 -2.95284 -1.08362 -1.31016 -3.43297 -8.77702 -7.27707 -2.16257 -0.843775 -0.239528 -1.36828 -7.14514 -6.36744 -8.49236 0.817016 5.63309 1.47375 -3.88948 -9.38547 0.200485 -11.5241 0.445473 10.6243 3.13856 -5.37079 -5.35935 4.09636 -11.264 -1.28923 4.24109 1.77233 -5.21217 -0.0480634
88.91 2.1269 -10.9724 0.598865 6.72562 1.81071 -5.48621 -0.987448 -1.58253 -7.90896 -5.19324 2.48183 -0.686484 -2.35976 2.46259 -5.33023 -7.2901 -4.46494 -2.65838 -1.14124 -1.41037 -2.72461 -8.54096 -7.2603 -2.553 -1.47364 -0.396458 -1.2083 -6.64515 -7.11307 -8.08058 0.480672 4.59163 1.14017 -3.50347 -9.36706 -0.244365 -11.4705 0.597411 10.1044 3.16874 -5.2324 -6.29954 3.5633 -11.4773 -0.913093 4.63511 1.93 -5.60926 -0.519745
88.96 1.8893 -11.1345 1.24801 7.30866 1.99717 -5.7143 -1.44769 -0.409074 -8.32157 -4.99237 3.39306 -0.339231 -2.60272 2.46947 -4.90922 -7.30848 -4.59024 -2.21956 -1.17923 -1.51734 -1.93127 -8.1926 -7.25283 -2.91825 -2.01146 -0.539418 -1.12508 -6.14405 -7.7346 -7.78368 0.0488366 3.55289 0.841386 -3.08927 -9.20921 -0.768469 -11.351 0.751828 9.54408 3.14653 -5.0941 -7.15646 3.01957 -11.6683 -0.590201 4.99361 2.07167 -5.94641 -0.994674
89.01 1.69246 -11.2669 1.7845 7.79623 2.16566 -5.84646 -1.93348 0.835094 -8.81877 -4.62171 4.31733 0.0828542 -2.95673 2.32973 -4.4924 -7.33449 -4.70626 -1.68528 -1.19497 -1.62979 -1.07664 -7.76713 -7.25131 -3.25376 -2.44774 -0.669589 -1.10501 -5.64131 -8.23063 -7.57799 -0.425271 2.55242 0.575353 -2.67044 -8.93555 -1.43125 -11.126 0.905297 8.9747 3.05111 -4.95549 -7.90298 2.50077 -11.8375 -0.318908 5.30077 2.19865 -6.22971 -1.48716
89.06 1.50027 -11.3733 2.22275 8.16727 2.31775 -5.88939 -2.44982 1.85229 -9.28628 -4.15306 5.22497 0.497256 -3.4147 2.05296 -4.0647 -7.37263 -4.82159 -1.09757 -1.1855 -1.7466 -0.223021 -7.29967 -7.25361 -3.55458 -2.76971 -0.787482 -1.13086 -5.13049 -8.59132 -7.43987 -0.903819 1.60925 0.338453 -2.26765 -8.57303 -2.3174 -10.7365 1.04753 8.39272 2.85112 -4.80885 -8.52777 2.02296 -11.9849 -0.0929111 5.5366 2.31115 -6.46587 -2.02409
89.11 1.28582 -11.4563 2.57845 8.39519 2.45339 -5.86402 -3.0086 2.56229 -9.69016 -3.65553 6.10167 0.869528 -3.92395 1.67099 -3.60332 -7.43066 -4.9347 -0.469745 -1.14601 -1.8676 0.565198 -6.81857 -7.25847 -3.81765 -2.96108 -0.892929 -1.18742 -4.599 -8.80542 -7.35053 -1.36779 0.734181 0.126676 -1.89711 -8.14812 -3.42935 -10.1595 1.15582 7.77192 2.53305 -4.63565 -9.01929 1.5896 -12.1091 0.0971361 5.66922 2.40831 -6.66122 -2.64445
89.16 1.03512 -11.5174 2.86592 8.45065 2.57091 -5.79203 -3.62568 2.98688 -10.0356 -3.15832 6.94337 1.19745 -4.42733 1.22173 -3.07316 -7.52284 -5.03027 0.209651 -1.06722 -1.99515 1.24548 -6.34243 -7.26537 -4.04292 -3.00267 -0.985059 -1.26389 -4.02848 -8.86565 -7.29559 -1.81071 -0.0663454 -0.0637325 -1.57268 -7.68389 -4.56057 -9.49658 1.18885 7.0683 2.14781 -4.41189 -9.36254 1.19574 -12.2087 0.2627 5.64786 2.48812 -6.8211 -3.37898
89.21 0.742783 -11.5552 3.09743 8.31566 2.66705 -5.68861 -4.31093 3.16519 -10.3324 -2.66874 7.74504 1.48751 -4.88286 0.736587 -2.41394 -7.67667 -5.07799 0.960906 -0.930711 -2.13704 1.79216 -5.88079 -7.27444 -4.23325 -2.87713 -1.06229 -1.35368 -3.39753 -8.77397 -7.26385 -2.23152 -0.787801 -0.235964 -1.30852 -7.19831 -5.54072 -8.88024 1.09726 6.23819 1.75988 -4.12404 -9.5469 0.830033 -12.2813 0.415646 5.42081 2.54725 -6.94957 -4.22589
89.26 0.405695 -11.5659 3.28309 8.00734 2.73706 -5.56281 -5.0523 3.14324 -10.588 -2.19057 8.49744 1.74692 -5.26345 0.236647 -1.52807 -7.94119 -5.02976 1.79464 -0.703887 -2.31209 2.18602 -5.4363 -7.2865 -4.39405 -2.58225 -1.12246 -1.45313 -2.68821 -8.54544 -7.24715 -2.6293 -1.42553 -0.392551 -1.11718 -6.70358 -6.36147 -8.37519 0.854548 5.28129 1.39829 -3.77494 -9.57222 0.476798 -12.3234 0.565765 4.99531 2.5814 -7.04928 -5.14001
89.31 0.0168675 -11.5411 3.43092 7.58131 2.77474 -5.42036 -5.81274 2.97438 -10.8068 -1.73271 9.18955 1.98158 -5.55054 -0.267061 -0.364898 -8.3558 -4.82839 2.69685 -0.35985 -2.55709 2.40561 -5.0065 -7.30313 -4.53343 -2.14541 -1.16314 -1.55995 -1.89561 -8.20785 -7.2401 -3.00058 -1.97314 -0.53535 -1.00356 -6.20608 -7.05515 -7.99367 0.479692 4.25508 1.071 -3.37995 -9.44974 0.116423 -12.3294 0.71917 4.45597 2.58608 -7.12153 -6.04284
89.36 -0.441529 -11.4653 3.54696 7.09814 2.77127 -5.26562 -6.55039 2.71039 -10.9923 -1.30835 9.81044 2.19571 -5.73369 -0.772567 0.851982 -8.84885 -4.4663 3.63197 0.0558535 -2.91025 2.43178 -4.58365 -7.32693 -4.66215 -1.61607 -1.18193 -1.67224 -1.04537 -7.79627 -7.23925 -3.33964 -2.42149 -0.665561 -0.96104 -5.7064 -7.63524 -7.72056 0.0235351 3.22568 0.778405 -2.96123 -9.20048 -0.277479 -12.2896 0.877887 3.89003 2.55635 -7.16626 -6.86986
89.41 -1.00874 -11.31 3.63489 6.59394 2.71188 -5.10101 -7.23572 2.39011 -11.1479 -0.92894 10.3487 2.39194 -5.81974 -1.28719 1.83605 -9.31093 -4.01174 4.56412 0.463532 -3.36431 2.27227 -4.15336 -7.3621 -4.78888 -1.03558 -1.17617 -1.78829 -0.200013 -7.34488 -7.24241 -3.64097 -2.75828 -0.783733 -0.974648 -5.19917 -8.0967 -7.53159 -0.463125 2.23517 0.517918 -2.54158 -8.85143 -0.746382 -12.1853 1.04032 3.34142 2.48395 -7.18135 -7.59022
89.46 -1.75905 -11.0255 3.69477 6.07738 2.57069 -4.92357 -7.85031 2.03734 -11.2771 -0.599289 10.7895 2.57152 -5.83036 -1.83025 2.51396 -9.71057 -3.52899 5.47347 0.830393 -3.86928 1.96471 -3.69419 -7.41577 -4.91273 -0.416805 -1.14154 -1.90741 0.577553 -6.88038 -7.2483 -3.90164 -2.96779 -0.889764 -1.02761 -4.67285 -8.42681 -7.40406 -0.947586 1.30563 0.285792 -2.13952 -8.43092 -1.36538 -11.98 1.20209 2.82207 2.3518 -7.16022 -8.19138
89.51 -2.77341 -10.5519 3.71859 5.53456 2.31643 -4.71914 -8.37724 1.66505 -11.382 -0.316626 11.1085 2.73428 -5.78829 -2.43739 2.91022 -10.0529 -3.04552 6.35232 1.15415 -4.37063 1.55631 -3.17373 -7.50086 -5.01976 0.251402 -1.06968 -2.03146 1.24635 -6.41986 -7.25627 -4.12216 -3.03129 -0.982885 -1.10622 -4.11003 -8.61274 -7.32066 -1.41531 0.44834 0.078066 -1.76743 -7.96454 -2.26541 -11.6075 1.35614 2.3291 2.12795 -7.08594 -8.66251
89.56 -3.96688 -9.91288 3.68104 4.93013 1.9615 -4.461 -8.79391 1.27898 -11.4626 -0.0717943 11.2621 2.8784 -5.71032 -3.1532 3.0676 -10.3473 -2.56942 7.19402 1.44093 -4.82771 1.08856 -2.53678 -7.64222 -5.08214 0.98918 -0.943938 -2.16739 1.78248 -5.97201 -7.26628 -4.30607 -2.93094 -1.06165 -1.20143 -3.48968 -8.64626 -7.26949 -1.86234 -0.330567 -0.108876 -1.43253 -7.47287 -3.53808 -11.014 1.49001 1.85361 1.78907 -6.92273 -8.98416
89.61 -5.09642 -9.24853 3.53542 4.2165 1.57705 -4.12904 -9.07867 0.878218 -11.5171 0.148106 11.1925 2.99997 -5.60752 -3.99911 3.03607 -10.6011 -2.10634 7.98892 1.6977 -5.21388 0.591761 -1.69023 -7.88571 -5.05504 1.80856 -0.733757 -2.33221 2.16934 -5.53945 -7.27886 -4.45937 -2.66186 -1.12406 -1.30799 -2.79309 -8.52721 -7.24199 -2.28754 -1.02668 -0.278063 -1.13976 -6.97047 -4.96195 -10.2927 1.58016 1.38577 1.3907 -6.62893 -9.13261
89.66 -6.06575 -8.6683 3.23407 3.37542 1.21351 -3.72841 -9.22325 0.455066 -11.5401 0.355153 10.8819 3.09261 -5.48773 -4.94553 2.8708 -10.8186 -1.6664 8.72625 1.93024 -5.51054 0.0846229 -0.55994 -8.27889 -4.8806 2.69831 -0.407153 -2.56051 2.38871 -5.12057 -7.29518 -4.59053 -2.24761 -1.16782 -1.42289 -2.01272 -8.26854 -7.23073 -2.68828 -1.63483 -0.431847 -0.895011 -6.46583 -6.24521 -9.59314 1.59102 0.918218 1.01146 -6.20088 -9.10327
89.71 -6.89864 -8.21145 2.7643 2.45509 0.886022 -3.28331 -9.23433 -0.00604911 -11.5211 0.556869 10.4037 3.14784 -5.35746 -5.9128 2.62146 -11.0029 -1.26253 9.39591 2.14274 -5.70555 -0.424387 0.676273 -8.76976 -4.53893 3.62474 0.00368448 -2.89379 2.42155 -4.70939 -7.3173 -4.71079 -1.73682 -1.19077 -1.54393 -1.16788 -7.89886 -7.22973 -3.05939 -2.14749 -0.57189 -0.706248 -5.96162 -7.30721 -8.98607 1.48525 0.445138 0.678654 -5.67619 -8.9167
89.76 -7.62468 -7.87597 2.16303 1.52822 0.595561 -2.82387 -9.12875 -0.533903 -11.4408 0.755151 9.85679 3.15411 -5.22189 -6.8231 2.3216 -11.1572 -0.904941 9.98824 2.33789 -5.80241 -0.93609 1.70915 -9.2416 -4.09147 4.55126 0.416125 -3.33339 2.2712 -4.29405 -7.3486 -4.83044 -1.17467 -1.19069 -1.66909 -0.316773 -7.45638 -7.23495 -3.3944 -2.55381 -0.699158 -0.581318 -5.45463 -8.16051 -8.49569 1.24449 -0.0388878 0.392695 -5.10447 -8.6066
89.81 -8.25558 -7.64082 1.49326 0.642349 0.338757 -2.37683 -8.92822 -1.18253 -11.2637 0.946716 9.29343 3.09235 -5.08319 -7.63737 1.98958 -11.285 -0.597554 10.4922 2.51708 -5.82113 -1.46142 2.43586 -9.65181 -3.60827 5.45633 0.789766 -3.83286 1.97183 -3.85659 -7.39483 -4.95125 -0.579421 -1.16426 -1.79691 0.475488 -6.97819 -7.244 -3.68815 -2.83926 -0.813909 -0.52292 -4.93557 -8.83168 -8.1224 0.88571 -0.536431 0.146963 -4.52827 -8.20889
89.86 -8.79039 -7.48145 0.812203 -0.180482 0.111078 -1.96123 -8.65494 -2.04155 -10.93 1.12291 8.72094 2.93077 -4.9373 -8.34212 1.63499 -11.3883 -0.338068 10.891 2.68038 -5.78479 -2.02507 2.87418 -10.0032 -3.12199 6.33165 1.11968 -4.33644 1.56949 -3.3707 -7.4662 -5.06264 0.0565349 -1.10509 -1.92771 1.1648 -6.4924 -7.25574 -3.93862 -2.98547 -0.915664 -0.525231 -4.38903 -9.34206 -7.85064 0.452478 -1.04235 -0.0660555 -3.97792 -7.75528
89.91 -9.21877 -7.37719 0.156115 -0.931327 -0.0919457 -1.58894 -8.32893 -3.1624 -10.3912 1.26572 8.11696 2.64249 -4.76945 -8.92855 1.26294 -11.4676 -0.119514 11.1547 2.82641 -5.711 -2.66839 3.06589 -10.3053 -2.64243 7.17089 1.41151 -4.80158 1.10576 -2.79287 -7.58188 -5.14139 0.753619 -1.00043 -2.06574 1.72593 -6.01587 -7.26998 -4.14734 -2.97199 -1.00317 -0.575738 -3.79451 -9.70413 -7.65837 -0.00930998 -1.54196 -0.252925 -3.47254 -7.27048
89.96 -9.52162 -7.31218 -0.460376 -1.60665 -0.274214 -1.26855 -7.96676 -4.36941 -9.72243 1.34006 7.43595 2.26491 -4.55602 -9.38326 0.874313 -11.521 0.0684321 11.2314 2.95186 -5.61141 -3.43224 3.06047 -10.566 -2.1749 7.96474 1.67234 -5.20102 0.61151 -2.04615 -7.77853 -5.14972 1.53035 -0.825754 -2.22299 2.14336 -5.55588 -7.28731 -4.31877 -2.78421 -1.07444 -0.660216 -3.13031 -9.92227 -7.52451 -0.467626 -2.01473 -0.418775 -3.0219 -6.77143
90.01 -9.67367 -7.27392 -1.03953 -2.20455 -0.438905 -1.00958 -7.58134 -5.44014 -9.07299 1.29767 6.62907 1.87185 -4.2803 -9.69276 0.46346 -11.5435 0.237552 11.0675 3.05092 -5.49411 -4.32106 2.91403 -10.7903 -1.72887 8.70251 1.90816 -5.51691 0.106244 -1.03006 -8.11035 -5.03318 2.38713 -0.545032 -2.42626 2.40262 -5.11272 -7.30904 -4.45987 -2.42943 -1.12688 -0.766912 -2.38166 -9.99572 -7.43211 -0.906846 -2.4391 -0.567335 -2.62841 -6.26765
90.06 -9.64948 -7.25308 -1.59433 -2.72315 -0.588481 -0.822464 -7.18207 -6.33851 -8.52696 1.10328 5.69362 1.50145 -3.94186 -9.84943 0.0162116 -11.5256 0.398167 10.6759 3.11485 -5.36564 -5.28311 2.6796 -10.981 -1.31728 9.3741 2.1234 -5.73596 -0.400787 0.201751 -8.5761 -4.74858 3.29812 -0.157274 -2.71816 2.48509 -4.68092 -7.3373 -4.58048 -1.94583 -1.15771 -0.888278 -1.55411 -9.92233 -7.36862 -1.32328 -2.7947 -0.701144 -2.28966 -5.7618
90.11 -9.43146 -7.24332 -2.14149 -3.16046 -0.724766 -0.712944 -6.77512 -7.09762 -8.10732 0.763568 4.68522 1.1649 -3.55364 -9.85267 -0.494522 -11.4491 0.556864 10.1492 3.13157 -5.23122 -6.23031 2.39404 -11.1411 -0.951192 9.96994 2.32103 -5.85536 -0.909654 1.33934 -9.06362 -4.32921 4.22403 0.262309 -3.12063 2.38346 -4.24819 -7.37552 -4.69156 -1.38288 -1.16399 -1.02084 -0.692881 -9.70218 -7.32514 -1.71961 -3.06216 -0.821773 -2.00065 -5.24995
90.16 -9.02088 -7.24052 -2.69342 -3.51488 -0.849036 -0.676458 -6.36365 -7.73712 -7.80419 0.325063 3.66228 0.86373 -3.13688 -9.70897 -1.11944 -11.2811 0.715171 9.57075 3.08255 -5.09338 -7.0957 2.07634 -11.2739 -0.635519 10.4791 2.50265 -5.89016 -1.43035 2.19215 -9.49754 -3.85221 5.13505 0.652768 -3.60182 2.12149 -3.79409 -7.42961 -4.79817 -0.769929 -1.1417 -1.1644 0.132995 -9.34058 -7.29546 -2.10047 -3.22199 -0.930003 -1.7556 -4.72158
90.21 -8.45058 -7.24203 -3.24982 -3.78546 -0.962094 -0.698822 -5.94796 -8.25801 -7.59439 -0.156303 2.65984 0.595693 -2.71542 -9.43214 -1.94441 -10.9651 0.868083 8.97008 2.93734 -4.94886 -7.84875 1.73531 -11.3819 -0.368693 10.8857 2.66864 -5.86364 -1.9861 2.74751 -9.86961 -3.36468 6.01827 0.99925 -4.10511 1.74269 -3.28778 -7.51058 -4.89285 -0.106699 -1.08353 -1.3217 0.869119 -8.85059 -7.27536 -2.46951 -3.25376 -1.02593 -1.54887 -4.15998
90.26 -7.78529 -7.24624 -3.79432 -3.97111 -1.0643 -0.762189 -5.5254 -8.65159 -7.45429 -0.639358 1.69974 0.356946 -2.31087 -9.04348 -3.03313 -10.4473 0.999963 8.33508 2.6664 -4.78429 -8.47434 1.37554 -11.4662 -0.144171 11.1612 2.81795 -5.79561 -2.61678 3.03998 -10.1886 -2.88232 6.86757 1.30499 -4.58116 1.29085 -2.67876 -7.64002 -4.95329 0.623459 -0.974968 -1.49922 1.48226 -8.25465 -7.26205 -2.82785 -3.139 -1.10902 -1.3755 -3.5446
90.31 -7.09752 -7.25242 -4.30223 -4.06892 -1.15551 -0.850697 -5.09019 -8.90589 -7.36438 -1.10259 0.798371 0.143307 -1.94167 -8.57047 -4.23721 -9.78623 1.07705 7.62552 2.29848 -4.57659 -8.95755 0.998554 -11.5258 0.0481522 11.2565 2.94777 -5.69938 -3.36495 3.11276 -10.4631 -2.40976 7.67499 1.57701 -4.99583 0.800475 -1.88112 -7.85942 -4.93956 1.43372 -0.788405 -1.71087 1.95055 -7.58377 -7.25388 -3.17414 -2.87239 -1.17828 -1.23143 -2.857
90.36 -6.43788 -7.26067 -4.75328 -4.07233 -1.23497 -0.95309 -4.63327 -9.01109 -7.3091 -1.539 -0.0323867 -0.0490691 -1.62498 -8.04247 -5.32223 -9.13078 1.04975 6.79418 1.90746 -4.30777 -9.28544 0.600568 -11.5569 0.220128 11.1164 3.05298 -5.58357 -4.24 3.01553 -10.6987 -1.95341 8.43009 1.82185 -5.32595 0.294583 -0.803575 -8.22245 -4.79469 2.31588 -0.4884 -1.9853 2.25295 -6.87309 -7.25028 -3.50682 -2.47762 -1.23245 -1.11346 -2.08879
90.41 -5.82629 -7.27196 -5.1374 -3.97041 -1.30117 -1.06281 -4.14279 -8.96512 -7.27674 -1.94916 -0.784402 -0.2234 -1.3768 -7.4853 -6.23342 -8.57316 0.877671 5.83595 1.53572 -3.97579 -9.45332 0.170582 -11.552 0.382481 10.7455 3.12582 -5.45464 -5.19561 2.80005 -10.8992 -1.52462 9.12225 2.04452 -5.55577 -0.214475 0.435859 -8.70382 -4.48447 3.23825 -0.0899348 -2.36258 2.36632 -6.15385 -7.25196 -3.82721 -2.00611 -1.27031 -1.01914 -1.25287
90.46 -5.26072 -7.28825 -5.45265 -3.75 -1.35167 -1.17684 -3.60662 -8.77714 -7.25924 -2.33537 -1.45099 -0.382216 -1.20715 -6.91739 -7.00003 -8.14122 0.560388 4.80709 1.19649 -3.59225 -9.46627 -0.312917 -11.4963 0.542458 10.232 3.15588 -5.31801 -6.14489 2.50965 -11.0683 -1.13586 9.7416 2.24845 -5.68411 -0.723813 1.51375 -9.18483 -4.0552 4.16355 0.325086 -2.85207 2.28581 -5.4447 -7.26144 -4.13882 -1.51104 -1.29043 -0.946676 -0.399285
90.51 -4.72767 -7.31274 -5.70069 -3.40345 -1.3829 -1.29421 -3.01917 -8.46817 -7.25128 -2.69816 -2.02413 -0.527363 -1.11463 -6.34845 -7.64182 -7.82747 0.139375 3.77176 0.8922 -3.17759 -9.33859 -0.890541 -11.3629 0.702572 9.66323 3.12783 -5.17733 -7.01751 2.17401 -11.2095 -0.795266 10.278 2.43562 -5.72807 -1.23993 2.28476 -9.60676 -3.57904 5.06869 0.705701 -3.41205 2.03998 -4.74806 -7.28406 -4.44034 -1.02427 -1.2901 -0.895138 0.406987
90.56 -4.207 -7.35062 -5.88295 -2.93895 -1.38986 -1.41502 -2.39053 -8.06843 -7.24936 -3.03529 -2.49235 -0.660016 -1.08704 -5.77931 -8.15945 -7.60932 -0.3311 2.76882 0.621206 -2.75546 -9.09175 -1.63592 -11.1037 0.859595 9.07434 3.01575 -5.03194 -7.78056 1.81106 -11.3258 -0.504354 10.7181 2.60669 -5.71074 -1.78101 2.75681 -9.96771 -3.09434 5.9469 1.0424 -3.98507 1.6747 -4.04805 -7.33005 -4.71998 -0.555767 -1.26337 -0.865107 1.11882
90.61 -3.67102 -7.41065 -5.99736 -2.38022 -1.36534 -1.5401 -1.74824 -7.61163 -7.25119 -3.34298 -2.83932 -0.780665 -1.10734 -5.20178 -8.54355 -7.46278 -0.809752 1.81883 0.380029 -2.34754 -8.75106 -2.63728 -10.6551 1.00188 8.45906 2.78521 -4.87263 -8.41918 1.43064 -11.418 -0.258852 11.0387 2.76089 -5.65106 -2.38135 2.97426 -10.2771 -2.61423 6.79571 1.33973 -4.52447 1.23443 -3.30018 -7.41921 -4.95395 -0.104622 -1.19751 -0.860207 1.70939
90.66 -3.07699 -7.50883 -6.03475 -1.749 -1.29756 -1.67201 -1.12636 -7.12844 -7.25539 -3.61803 -3.04303 -0.889082 -1.15982 -4.59794 -8.78205 -7.36811 -1.27447 0.933374 0.164639 -1.97174 -8.34219 -3.83278 -10.026 1.10253 7.78296 2.43912 -4.67884 -8.91923 1.03667 -11.4851 -0.0501533 11.1981 2.89578 -5.56213 -3.08603 2.99139 -10.5431 -2.14587 7.6079 1.60479 -4.99846 0.753824 -2.4011 -7.59329 -5.10241 0.332625 -1.06504 -0.890844 2.16385
90.71 -2.35036 -7.67653 -5.97272 -1.04904 -1.16476 -1.81776 -0.554754 -6.64189 -7.26124 -3.85966 -3.07619 -0.984262 -1.233 -3.93915 -8.86595 -7.30974 -1.71718 0.119365 -0.0288133 -1.64412 -7.8884 -4.97316 -9.35338 1.11594 6.99625 2.04621 -4.4288 -9.26568 0.62631 -11.5231 0.133099 11.1378 3.00661 -5.4534 -3.91945 2.86885 -10.771 -1.69982 8.37164 1.84394 -5.38424 0.256045 -1.14442 -7.93472 -5.09776 0.759024 -0.811751 -0.984323 2.46949
90.76 -1.3707 -7.96954 -5.76681 -0.269086 -0.929066 -1.99516 -0.0605294 -6.16625 -7.26868 -4.07056 -2.91403 -1.06441 -1.31985 -3.18849 -8.79524 -7.2756 -2.13678 -0.618586 -0.203651 -1.38031 -7.40869 -5.94086 -8.756 0.994975 6.07344 1.66292 -4.11459 -9.45029 0.188264 -11.5243 0.302288 10.8327 3.08571 -5.3325 -4.85553 2.66252 -10.963 -1.28959 9.07443 2.06195 -5.66082 -0.246314 0.548296 -8.47512 -4.86339 1.17756 -0.411765 -1.19841 2.60488
90.81 -0.0940545 -8.42092 -5.36055 0.59335 -0.565731 -2.24084 0.322257 -5.70783 -7.27826 -4.25784 -2.55916 -1.12717 -1.4166 -2.31937 -8.58289 -7.2572 -2.53327 -1.27628 -0.362544 -1.19243 -6.91688 -6.75335 -8.27996 0.723323 5.05401 1.30966 -3.74345 -9.47528 -0.299818 -11.4741 0.466002 10.3473 3.12227 -5.20559 -5.816 2.40885 -11.1215 -0.926252 9.70473 2.26214 -5.81751 -0.75012 2.2088 -9.03988 -4.43565 1.58913 0.0259368 -1.58095 2.5549
90.86 1.19663 -8.93118 -4.75884 1.50618 -0.137631 -2.59235 0.555499 -5.26529 -7.29125 -4.43288 -2.06501 -1.17027 -1.5211 -1.36149 -8.25488 -7.24892 -2.90437 -1.84837 -0.507495 -1.08296 -6.42119 -7.4375 -7.92743 0.33042 4.00777 0.991384 -3.33339 -9.35344 -0.879349 -11.3457 0.628267 9.77888 3.10047 -5.0762 -6.71885 2.12478 -11.2504 -0.614428 10.2514 2.44646 -5.8711 -1.26167 3.49854 -9.52713 -3.93196 1.99265 0.41859 -2.10736 2.34063
90.91 2.20703 -9.39383 -4.03919 2.41883 0.273599 -3.04397 0.622746 -4.83043 -7.30983 -4.60651 -1.503 -1.19206 -1.63152 -0.403279 -7.84569 -7.24713 -3.24527 -2.32713 -0.639853 -1.04269 -5.92401 -7.99966 -7.67921 -0.129863 2.9845 0.70749 -2.90793 -9.10648 -1.62457 -11.091 0.787154 9.17973 2.99427 -4.94294 -7.51861 1.81757 -11.3537 -0.352291 10.7004 2.61568 -5.85198 -1.79899 4.36484 -9.94148 -3.41803 2.39042 0.754375 -2.71321 2.00541
90.96 2.84119 -9.78952 -3.25304 3.30077 0.639973 -3.55197 0.536682 -4.39091 -7.33767 -4.78197 -0.906713 -1.1908 -1.74601 0.473054 -7.39049 -7.24949 -3.55067 -2.70167 -0.760323 -1.05534 -5.42176 -8.43277 -7.5109 -0.609719 2.01119 0.45495 -2.4905 -8.7613 -2.62501 -10.6466 0.931846 8.55262 2.76914 -4.79573 -8.19495 1.49143 -11.4339 -0.133366 11.029 2.7693 -5.7856 -2.39629 4.82686 -10.3 -2.91266 2.78925 1.04007 -3.33772 1.59325
91.01 3.06862 -10.1273 -2.4048 4.14396 0.960427 -4.06699 0.325829 -3.93057 -7.38077 -4.95252 -0.269167 -1.16315 -1.86337 1.21364 -6.91818 -7.25461 -3.81716 -2.95746 -0.868963 -1.10413 -4.90502 -8.72442 -7.40098 -1.08029 1.10264 0.229823 -2.10149 -8.34567 -3.82174 -10.02 1.03571 7.86654 2.42736 -4.61327 -8.73222 1.14915 -11.492 0.0520236 11.196 2.90536 -5.68846 -3.09882 4.92868 -10.6152 -2.4197 3.1964 1.28506 -3.93884 1.13936
91.06 2.93428 -10.4171 -1.50206 4.94606 1.24096 -4.55084 0.0217191 -3.42494 -7.44954 -5.10239 0.429269 -1.10231 -1.98453 1.78508 -6.44813 -7.26179 -4.0444 -3.07622 -0.96515 -1.17592 -4.35862 -8.86315 -7.33209 -1.52941 0.267288 0.0281416 -1.7592 -7.88457 -4.96516 -9.3482 1.05287 7.07272 2.03761 -4.37337 -9.11518 0.79004 -11.5267 0.215571 11.1437 3.02001 -5.57083 -3.93119 4.73869 -10.8953 -1.94493 3.61313 1.4978 -4.49214 0.667938
91.11 2.60863 -10.6658 -0.60186 5.70079 1.48822 -4.97873 -0.348194 -2.83101 -7.56331 -5.20707 1.19754 -0.995134 -2.11451 2.17722 -5.99066 -7.27097 -4.23502 -3.03787 -1.04756 -1.26221 -3.76261 -8.84479 -7.29075 -1.95473 -0.489632 -0.153616 -1.48092 -7.39805 -5.93539 -8.75097 0.935685 6.14593 1.65687 -4.06818 -9.33555 0.407905 -11.5338 0.368628 10.8489 3.10718 -5.44022 -4.86702 4.34528 -11.1462 -1.50005 4.03159 1.68505 -4.98542 0.193096
91.16 2.27346 -10.8776 0.222117 6.39731 1.70787 -5.33545 -0.763217 -2.07029 -7.75918 -5.22983 2.03319 -0.816797 -2.2661 2.4041 -5.54926 -7.28273 -4.39396 -2.82884 -1.11417 -1.35837 -3.0962 -8.67727 -7.26741 -2.35699 -1.1637 -0.318337 -1.27973 -6.90027 -6.74913 -8.27485 0.667447 5.12522 1.30578 -3.70516 -9.39511 -0.0103086 -11.5044 0.519676 10.3783 3.15901 -5.30307 -5.8279 3.83947 -11.3715 -1.09824 4.43782 1.85179 -5.41472 -0.279515
91.21 2.00303 -11.0558 0.932057 7.0224 1.90457 -5.60977 -1.21002 -1.03764 -8.09286 -5.11765 2.92494 -0.530661 -2.46706 2.48399 -5.12258 -7.29836 -4.52827 -2.45842 -1.16249 -1.46206 -2.34567 -8.38206 -7.25571 -2.73552 -1.74942 -0.468226 -1.15857 -6.39944 -7.43319 -7.92198 0.277312 4.07912 0.989358 -3.30237 -9.30573 -0.488603 -11.4221 0.672917 9.83164 3.16542 -5.16446 -6.73253 3.2952 -11.5737 -0.748046 4.81631 2.00137 -5.78176 -0.751619
91.26 1.78998 -11.2029 1.52441 7.56092 2.08193 -5.79116 -1.68263 0.215414 -8.56355 -4.82844 3.84688 -0.13571 -2.76139 2.41929 -4.70505 -7.32005 -4.64762 -1.9663 -1.1899 -1.57188 -1.51653 -7.9913 -7.2515 -3.08684 -2.23882 -0.604808 -1.10841 -5.89796 -7.99406 -7.67296 -0.181231 3.056 0.707026 -2.88305 -9.08783 -1.07116 -11.2572 0.827653 9.26558 3.11065 -5.02642 -7.53721 2.76064 -11.754 -0.451005 5.15174 2.13574 -6.09166 -1.2327
91.31 1.5996 -11.3221 2.01074 7.9943 2.24227 -5.87755 -2.18232 1.37165 -9.05554 -4.39884 4.76584 0.290385 -3.17108 2.2095 -4.28522 -7.3513 -4.76269 -1.40216 -1.19371 -1.68658 -0.653413 -7.54115 -7.25206 -3.40588 -2.62085 -0.728935 -1.11299 -5.39244 -8.42517 -7.5031 -0.660982 2.08189 0.455778 -2.46979 -8.76717 -1.83332 -10.9592 0.977476 8.692 2.96807 -4.88546 -8.22522 2.26087 -11.9126 -0.202929 5.42693 2.25567 -6.35101 -1.7427
91.36 1.39901 -11.4168 2.4066 8.2988 2.3864 -5.88402 -2.71763 2.23835 -9.49229 -3.91005 5.65916 0.685615 -3.66187 1.87636 -3.84442 -7.39793 -4.87796 -0.794967 -1.17031 -1.80535 0.174896 -7.06404 -7.25572 -3.68839 -2.88103 -0.840789 -1.15554 -4.87344 -8.71524 -7.39094 -1.1338 1.17111 0.231695 -2.08102 -8.3709 -2.84354 -10.4736 1.107 8.0955 2.70822 -4.72877 -8.7864 1.80501 -12.0488 0.0041143 5.61724 2.36082 -6.56642 -2.31543
91.41 1.16786 -11.4891 2.72716 8.4456 2.51346 -5.83343 -3.30305 2.8039 -9.86624 -3.41093 6.51907 1.03557 -4.17459 1.45688 -3.35485 -7.47032 -4.98527 -0.144246 -1.11314 -1.92902 0.914198 -6.58366 -7.26161 -3.93273 -3.00143 -0.939858 -1.22293 -4.32539 -8.85434 -7.32005 -1.58777 0.331961 0.0308355 -1.73137 -7.92411 -3.99704 -9.83558 1.1846 7.44032 2.34774 -4.53346 -9.20703 1.39208 -12.1612 0.180638 5.68172 2.4498 -6.74378 -2.98964
91.46 0.897119 -11.539 2.98579 8.40825 2.621 -5.74457 -3.95333 3.10245 -10.1867 -2.91709 7.34205 1.34397 -4.65869 0.986711 -2.77121 -7.58808 -5.06219 0.568006 -1.00916 -2.06213 1.53152 -6.11392 -7.26951 -4.14034 -2.9627 -1.02492 -1.30654 -3.72789 -8.83906 -7.2777 -2.01987 -0.430317 -0.1503 -1.43472 -7.44752 -5.06305 -9.18287 1.16209 6.67856 1.95534 -4.2789 -9.47309 1.01375 -12.2479 0.338607 5.56391 2.51996 -6.88784 -3.78197
91.51 0.583318 -11.5643 3.19368 8.18328 2.705 -5.62931 -4.66942 3.17626 -10.4626 -2.43239 8.12089 1.61816 -5.08017 0.49233 -2.01466 -7.78882 -5.07004 1.3597 -0.833233 -2.21692 2.00564 -5.6607 -7.2799 -4.31536 -2.75275 -1.09408 -1.40141 -3.0602 -8.67752 -7.25417 -2.42963 -1.11137 -0.314584 -1.20502 -6.95629 -5.96096 -8.61698 0.997021 5.7821 1.57848 -3.95976 -9.57875 0.656343 -12.306 0.489149 5.23284 2.5674 -7.00196 -4.6704
91.56 0.222212 -11.5589 3.3599 7.80896 2.76004 -5.49473 -5.42568 3.07536 -10.6997 -1.9627 8.84511 1.86481 -5.41687 -0.0102578 -0.98615 -8.12685 -4.95278 2.23046 -0.549262 -2.42061 2.317 -5.22401 -7.29395 -4.46445 -2.38289 -1.145 -1.50472 -2.30932 -8.3914 -7.24274 -2.81503 -1.70585 -0.464218 -1.05189 -6.45977 -6.71616 -8.17318 0.684417 4.7821 1.23336 -3.58567 -9.52951 0.302363 -12.3313 0.640372 4.7387 2.58765 -7.08811 -5.58905
91.61 -0.197493 -11.5116 3.49152 7.34852 2.7789 -5.34578 -6.17957 2.85401 -10.9017 -1.51957 9.50365 2.08897 -5.65342 -0.514546 0.247757 -8.59624 -4.66765 3.15386 -0.159207 -2.7158 2.44302 -4.79899 -7.31369 -4.59721 -1.89424 -1.17524 -1.61445 -1.48251 -8.013 -7.23907 -3.17128 -2.20611 -0.600734 -0.97463 -5.96148 -7.35386 -7.84764 0.262656 3.74741 0.923283 -3.17608 -9.34174 -0.0705054 -12.3165 0.796372 4.178 2.57619 -7.14697 -6.4605
91.66 -0.702459 -11.4015 3.59349 6.85236 2.75042 -5.18612 -6.89438 2.55856 -11.0721 -1.11617 10.0855 2.29408 -5.78687 -1.02296 1.37235 -9.08285 -4.25002 4.09115 0.259948 -3.12291 2.3749 -4.3747 -7.34241 -4.72432 -1.33627 -1.18238 -1.72877 -0.625817 -7.57798 -7.2404 -3.4924 -2.60149 -0.725012 -0.961775 -5.45915 -7.8771 -7.61888 -0.213853 2.73332 0.646857 -2.75424 -9.03998 -0.494515 -12.2482 0.957304 3.61756 2.52695 -7.17763 -7.23747
91.71 -1.34782 -11.1907 3.66799 6.34249 2.65496 -5.01613 -7.54697 2.22015 -11.2144 -0.76105 10.5783 2.48207 -5.83287 -1.54819 2.20606 -9.51469 -3.7761 5.01356 0.649049 -3.60921 2.137 -3.93344 -7.38549 -4.85053 -0.737196 -1.16318 -1.84629 0.192856 -7.11742 -7.24501 -3.77395 -2.87804 -0.837283 -0.996662 -4.94439 -8.27588 -7.46258 -0.702255 1.77079 0.400778 -2.34128 -8.65243 -1.02448 -12.1006 1.12011 3.08302 2.42821 -7.17622 -7.90051
91.76 -2.2222 -10.819 3.712 5.81612 2.46123 -4.82815 -8.12097 1.85669 -11.3315 -0.455226 10.9633 2.65351 -5.81512 -2.11718 2.741 -9.88499 -3.29127 5.90864 0.994244 -4.11851 1.77421 -3.44929 -7.45241 -4.9687 -0.0965062 -1.11173 -1.96736 0.920908 -6.65331 -7.25197 -4.01465 -3.0184 -0.937121 -1.06363 -4.40266 -8.53667 -7.35849 -1.17947 0.875692 0.181101 -1.95275 -8.2065 -1.76187 -11.8233 1.27919 2.57747 2.25592 -7.13214 -8.43962
91.81 -3.35208 -10.2516 3.71034 5.24876 2.15097 -4.601 -8.59694 1.47732 -11.4246 -0.192582 11.2081 2.80748 -5.75375 -2.77258 3.01434 -10.2028 -2.81083 6.7703 1.29896 -4.60225 1.33217 -2.88072 -7.56089 -5.05826 0.603384 -1.01627 -2.0959 1.52695 -6.19836 -7.26091 -4.21661 -3.00337 -1.02342 -1.15124 -3.81429 -8.64847 -7.29211 -1.63721 0.0562549 -0.0160125 -1.59822 -7.72552 -2.84804 -11.3426 1.42546 2.09436 1.97494 -7.01996 -8.84056
91.86 -4.53963 -9.58145 3.62647 4.5963 1.7724 -4.3077 -8.95097 1.08459 -11.4929 0.0383451 11.2589 2.94118 -5.66248 -3.55227 3.07236 -10.4765 -2.34018 7.59039 1.57021 -5.02723 0.847129 -2.15487 -7.74516 -5.08356 1.38087 -0.853868 -2.24295 1.99186 -5.75796 -7.27208 -4.38462 -2.81938 -1.09444 -1.25249 -3.15842 -8.6065 -7.25353 -2.07371 -0.682597 -0.193909 -1.28336 -7.22714 -4.24068 -10.6653 1.54168 1.62373 1.59512 -6.79644 -9.07957
91.91 -5.59132 -8.94972 3.40907 3.81837 1.39466 -3.93991 -9.167 0.674238 -11.5328 0.25066 11.0677 3.0495 -5.55047 -4.45489 2.96835 -10.7121 -1.8869 8.35838 1.81448 -5.37153 0.343591 -1.16888 -8.05944 -4.99107 2.23785 -0.588519 -2.43338 2.2992 -5.33255 -7.28629 -4.52582 -2.47414 -1.14799 -1.36344 -2.42056 -8.41636 -7.23485 -2.4874 -1.33633 -0.355291 -1.01327 -6.72295 -5.61778 -9.94085 1.59787 1.1568 1.19959 -6.43406 -9.13963
91.96 -6.48903 -8.42827 3.02346 2.92913 1.04816 -3.51381 -9.24451 0.23504 -11.5369 0.454504 10.6615 3.12499 -5.42479 -5.42296 2.75652 -10.913 -1.46307 9.06372 2.03676 -5.61915 -0.164939 0.0555944 -8.51568 -4.73154 3.15057 -0.210721 -2.70931 2.42874 -4.91853 -7.30513 -4.65012 -2.0059 -1.18181 -1.48161 -1.60357 -8.09883 -7.22925 -2.87439 -1.89878 -0.502171 -0.794895 -6.21855 -6.79372 -9.28169 1.55558 0.687242 0.842113 -5.95252 -9.02947
92.01 -7.26699 -8.03283 2.4821 1.99761 0.739096 -3.05795 -9.19584 -0.254013 -11.4911 0.654636 10.1395 3.15797 -5.29141 -6.3697 2.4793 -11.0821 -1.08098 9.69669 2.2405 -5.76432 -0.674589 1.21949 -9.00803 -4.32754 4.08089 0.209523 -3.0983 2.36913 -4.50718 -7.33122 -4.76916 -1.46568 -1.19377 -1.60491 -0.746846 -7.68849 -7.2317 -3.22859 -2.36087 -0.635871 -0.636651 -5.71375 -7.75011 -8.73049 1.38385 0.2094 0.532905 -5.39876 -8.77777
92.06 -7.94583 -7.74967 1.83913 1.08681 0.465677 -2.60169 -9.04086 -0.832134 -11.3692 0.850337 9.58127 3.13398 -5.15432 -7.23562 2.16206 -11.223 -0.747937 10.2473 2.42773 -5.81984 -1.19087 2.10379 -9.4507 -3.85612 4.9985 0.604962 -3.57451 2.14017 -4.08364 -7.36891 -4.8899 -0.886882 -1.18132 -1.73149 0.0824141 -7.2243 -7.23901 -3.54384 -2.70997 -0.757013 -0.544521 -5.20238 -8.51092 -8.29868 1.08091 -0.281305 0.267627 -4.82027 -8.42038
92.11 -8.53032 -7.55459 1.15784 0.230157 0.223738 -2.16819 -8.80197 -1.57121 -11.124 1.03586 9.01458 3.02796 -5.01316 -7.99718 1.81811 -11.3387 -0.464654 10.7024 2.5992 -5.80893 -1.73085 2.68446 -9.83086 -3.36928 5.88966 0.95677 -4.08236 1.78458 -3.62648 -7.42579 -5.00819 -0.273744 -1.13992 -1.86054 0.828311 -6.73958 -7.24945 -3.81638 -2.92963 -0.865497 -0.517141 -4.67213 -9.1011 -7.97776 0.679477 -0.784218 0.0388403 -4.2537 -7.99168
92.16 -9.01478 -7.4245 0.48593 -0.558026 0.00868081 -1.77268 -8.50053 -2.56307 -10.6906 1.19883 8.43102 2.80496 -4.85912 -8.64525 1.45454 -11.4303 -0.226349 11.0399 2.75431 -5.75244 -2.32763 2.99613 -10.1569 -2.88567 6.74825 1.26711 -4.57136 1.34754 -3.10258 -7.51566 -5.10729 0.389391 -1.06062 -1.994 1.4571 -6.25688 -7.26239 -4.04599 -3.00002 -0.960471 -0.544883 -4.10485 -9.53773 -7.7478 0.227168 -1.28937 -0.160619 -3.72364 -7.52017
92.21 -9.38447 -7.34124 -0.151385 -1.27212 -0.18372 -1.42478 -8.15493 -3.7616 -10.0694 1.31364 7.79602 2.46343 -4.67188 -9.16897 1.0746 -11.4972 -0.0242483 11.2196 2.8908 -5.66483 -3.02647 3.08448 -10.438 -2.41118 7.56656 1.54289 -5.00693 0.865715 -2.45421 -7.66499 -5.1573 1.12398 -0.925649 -2.13925 1.94943 -5.78805 -7.27803 -4.23571 -2.90195 -1.0403 -0.613745 -3.47866 -9.82906 -7.58658 -0.235841 -1.77854 -0.33663 -3.24439 -7.02674
92.26 -9.6167 -7.29073 -0.748458 -1.90969 -0.357015 -1.13319 -7.77997 -4.9173 -9.39442 1.33677 7.05781 2.07076 -4.42898 -9.55384 0.676253 -11.5364 0.153015 11.1827 3.00422 -5.55566 -3.85434 3.00273 -10.6803 -1.95269 8.33422 1.7908 -5.36731 0.364294 -1.58555 -7.92149 -5.1119 1.94157 -0.703273 -2.31448 2.29136 -5.33663 -7.29731 -4.39122 -2.62936 -1.10268 -0.71034 -2.77405 -9.97652 -7.47488 -0.685866 -2.23021 -0.493613 -2.82184 -6.52463
92.31 -9.68521 -7.26198 -1.31364 -2.46894 -0.514027 -0.908276 -7.3868 -5.90026 -8.78982 1.22208 6.18373 1.68632 -4.12161 -9.78891 0.24996 -11.5406 0.316868 10.8991 3.08732 -5.43213 -4.78903 2.80729 -10.8878 -1.52191 9.04073 2.01608 -5.63701 -0.142405 -0.435964 -8.32773 -4.91473 2.82955 -0.364658 -2.55579 2.46623 -4.90011 -7.32191 -4.52087 -2.20513 -1.14487 -0.824905 -1.98391 -9.97816 -7.39799 -1.11386 -2.62331 -0.634686 -2.4557 -6.01991
92.36 -9.56729 -7.24721 -1.86267 -2.94791 -0.656893 -0.759061 -6.98318 -6.72644 -8.30546 0.952581 5.204 1.33194 -3.7565 -9.86997 -0.223911 -11.497 0.476009 10.428 3.12988 -5.30021 -5.75466 2.54442 -11.0632 -1.13159 9.6764 2.22239 -5.80641 -0.649753 0.7894 -8.81945 -4.55474 3.75264 0.0496937 -2.90259 2.4575 -4.46988 -7.35451 -4.6356 -1.67709 -1.16406 -0.951973 -1.13164 -9.83252 -7.34524 -1.51989 -2.93808 -0.761887 -2.14206 -5.51201
92.41 -9.25297 -7.24127 -2.41123 -3.34471 -0.787156 -0.686631 -6.57379 -7.42581 -7.94541 0.557227 4.1827 1.01286 -3.35133 -9.79988 -0.78224 -11.3811 0.634681 9.86893 3.11732 -5.16407 -6.66748 2.24155 -11.2094 -0.790037 10.2313 2.41205 -5.88157 -1.16246 1.79612 -9.28447 -4.09857 4.67381 0.459083 -3.35023 2.2725 -4.02976 -7.39955 -4.74454 -1.08793 -1.15697 -1.08977 -0.279468 -9.5419 -7.30916 -1.90806 -3.15524 -0.876382 -1.87534 -4.99378
92.46 -8.7577 -7.24085 -2.96643 -3.65811 -0.905854 -0.681168 -6.1604 -8.0078 -7.69118 0.0913085 3.16656 0.728356 -2.92934 -9.5887 -1.49268 -11.149 0.791477 9.27892 3.0257 -5.02388 -7.48009 1.91166 -11.3298 -0.498865 10.6927 2.58604 -5.88343 -1.69643 2.49986 -9.68727 -3.61296 5.57209 0.828173 -3.84932 1.94743 -3.5548 -7.46497 -4.84711 -0.451804 -1.11833 -1.23954 0.507697 -9.11514 -7.28461 -2.28281 -3.25485 -0.978605 -1.64975 -4.45153
92.51 -8.13143 -7.24382 -3.51986 -3.88725 -1.01357 -0.725848 -5.74186 -8.46767 -7.51829 -0.394748 2.18256 0.475207 -2.5137 -9.25391 -2.44786 -10.7367 0.936981 8.66491 2.82046 -4.87197 -8.17236 1.56102 -11.4262 -0.253853 11.0397 2.74407 -5.83449 -2.28306 2.92126 -10.0321 -3.12711 6.43945 1.15387 -4.34444 1.52781 -3.00625 -7.56602 -4.92879 0.241898 -1.03792 -1.40562 1.18669 -8.5698 -7.26811 -2.64663 -3.21663 -1.06834 -1.45995 -3.86618
92.56 -7.44689 -7.24904 -4.04948 -4.03036 -1.11044 -0.803267 -5.31402 -8.79444 -7.40498 -0.869708 1.24949 0.249285 -2.12432 -8.82019 -3.62702 -10.1315 1.04751 7.99963 2.49331 -4.68927 -8.73006 1.19289 -11.4987 -0.0465529 11.2343 2.88431 -5.75132 -2.96728 3.10019 -10.3284 -2.64906 7.26941 1.44218 -4.79381 1.05347 -2.31801 -7.73284 -4.95909 1.01071 -0.89555 -1.59743 1.73125 -7.93282 -7.25746 -2.99932 -3.02656 -1.1448 -1.3014 -3.21724
92.61 -6.76859 -7.25617 -4.53143 -4.08297 -1.19602 -0.899682 -4.86949 -8.97648 -7.33376 -1.32004 0.381541 0.0465187 -1.77874 -8.31665 -4.79155 -9.45643 1.07984 7.23498 2.10597 -4.45289 -9.13829 0.806483 -11.545 0.13431 11.2192 3.00287 -5.6446 -3.7797 3.08303 -10.5832 -2.18331 8.05254 1.70014 -5.16948 0.553302 -1.38881 -8.01759 -4.88851 1.85895 -0.656772 -1.8351 2.12108 -7.23805 -7.25153 -3.33902 -2.69202 -1.20681 -1.17048 -2.49023
92.66 -6.13168 -7.26573 -4.9503 -4.03633 -1.26922 -1.00624 -4.39771 -9.00716 -7.29094 -1.74328 -0.411458 -0.136648 -1.49387 -7.77152 -5.78927 -8.84226 0.984645 6.3376 1.72153 -4.1524 -9.38768 0.394706 -11.5597 0.300403 10.9591 3.09332 -5.52161 -4.70365 2.92163 -10.8012 -1.73884 8.77805 1.93358 -5.45175 0.044924 -0.195115 -8.45104 -4.66219 2.7657 -0.300546 -2.15555 2.33326 -6.51989 -7.25034 -3.66526 -2.25233 -1.25313 -1.06437 -1.68505
92.71 -5.54381 -7.27916 -5.30055 -3.87785 -1.3281 -1.11829 -3.88614 -8.88964 -7.26669 -2.14146 -1.12243 -0.303096 -1.28357 -7.2073 -6.62568 -8.34552 0.738357 5.3357 1.365 -3.79301 -9.47834 -0.0579334 -11.5323 0.460958 10.505 3.14669 -5.3883 -5.66728 2.66482 -10.9858 -1.3283 9.4357 2.14672 -5.63065 -0.464069 0.999473 -8.94556 -4.28377 3.69359 0.116079 -2.59034 2.34997 -5.80425 -7.25539 -3.98101 -1.76365 -1.28251 -0.980951 -0.83221
92.76 -4.99633 -7.29897 -5.58257 -3.59575 -1.36967 -1.23399 -3.32474 -8.63902 -7.2544 -2.5163 -1.74436 -0.45502 -1.1527 -6.63823 -7.32999 -7.97384 0.363412 4.29716 1.04293 -3.39132 -9.42003 -0.580807 -11.443 0.621014 9.95658 3.15067 -5.24942 -6.58517 2.34934 -11.1408 -0.962551 10.0158 2.34227 -5.71475 -0.975283 1.93136 -9.39985 -3.82429 4.61068 0.517214 -3.12155 2.18319 -5.10197 -7.2704 -4.28842 -1.27025 -1.29309 -0.918796 0.00554248
92.81 -4.47225 -7.32921 -5.79831 -3.18912 -1.38973 -1.353 -2.71461 -8.28138 -7.24975 -2.86692 -2.26776 -0.593935 -1.09401 -6.06964 -7.91164 -7.7101 -0.0881999 3.27428 0.755331 -2.97007 -9.23091 -1.22908 -11.2556 0.780434 9.37657 3.08552 -5.10692 -7.4065 1.99866 -11.2696 -0.646528 10.507 2.52154 -5.7259 -1.50047 2.55117 -9.79085 -3.34125 5.50287 0.876172 -3.69473 1.87281 -4.40704 -7.30278 -4.5814 -0.792136 -1.28086 -0.877595 0.769952
92.86 -3.94821 -7.37653 -5.94789 -2.67505 -1.38235 -1.47573 -2.07509 -7.84949 -7.24989 -3.1901 -2.67889 -0.720683 -1.09206 -5.49798 -8.36526 -7.52984 -0.566604 2.29545 0.49945 -2.55244 -8.93478 -2.09233 -10.9103 0.932425 8.77745 2.91911 -4.95658 -8.11009 1.62628 -11.374 -0.378721 10.8923 2.68453 -5.68583 -2.06525 2.8921 -10.1253 -2.85788 6.36717 1.1927 -4.25609 1.46572 -3.69172 -7.36654 -4.84243 -0.33255 -1.23717 -0.859148 1.42472
92.91 -3.39055 -7.45258 -6.0263 -2.07897 -1.33853 -1.60366 -1.43869 -7.37632 -7.25301 -3.48207 -2.95873 -0.835408 -1.12988 -4.91044 -8.67941 -7.41092 -1.04014 1.37601 0.271424 -2.15822 -8.55753 -3.21427 -10.3623 1.05891 8.13809 2.62646 -4.78345 -8.68274 1.2391 -11.4542 -0.152563 11.1405 2.8297 -5.61045 -2.71145 3.004 -10.4126 -2.38251 7.1993 1.47333 -4.76664 1.00206 -2.88829 -7.48992 -5.04082 0.11136 -1.14353 -0.869684 1.94999
92.96 -2.74369 -7.57951 -6.0189 -1.41483 -1.24252 -1.74101 -0.838082 -6.88916 -7.25807 -3.74063 -3.08239 -0.937509 -1.19365 -4.28389 -8.84279 -7.33579 -1.49448 0.524921 0.0672459 -1.80406 -8.12396 -4.41143 -9.69223 1.12326 7.41381 2.2477 -4.56413 -9.10907 0.837948 -11.5077 0.042158 11.1993 2.95355 -5.51077 -3.47892 2.94496 -10.6595 -1.92349 7.98932 1.72499 -5.2 0.51082 -1.84509 -7.73357 -5.12478 0.542922 -0.960075 -0.925997 2.3334
93.01 -1.90966 -7.80049 -5.89346 -0.677257 -1.06481 -1.89901 -0.300851 -6.4067 -7.26468 -3.9666 -3.02196 -1.02559 -1.27417 -3.5848 -8.85012 -7.29058 -1.92582 -0.252296 -0.116702 -1.50586 -7.6554 -5.46942 -9.04678 1.07549 6.55977 1.85519 -4.28257 -9.37655 0.416 -11.529 0.21721 11.0169 3.04996 -5.3952 -4.36966 2.77531 -10.8696 -1.49334 8.72468 1.95326 -5.53474 0.00982855 -0.348491 -8.18285 -5.01332 0.965124 -0.629462 -1.0699 2.55878
93.06 -0.771735 -8.17407 -5.59483 0.144656 -0.765231 -2.10422 0.14367 -5.93918 -7.27305 -4.16473 -2.76193 -1.09751 -1.36621 -2.77709 -8.70746 -7.26501 -2.33418 -0.951453 -0.283428 -1.27824 -7.16836 -6.35658 -8.50651 0.879718 5.58108 1.48541 -3.93876 -9.48193 -0.0428839 -11.5074 0.382893 10.6106 3.10978 -5.27071 -5.32932 2.54263 -11.0447 -1.10508 9.3933 2.16221 -5.75223 -0.493066 1.39829 -8.75975 -4.67002 1.38037 -0.194141 -1.36485 2.60307
93.11 0.561412 -8.6729 -5.08553 1.03801 -0.357525 -2.39908 0.457131 -5.4892 -7.28409 -4.34443 -2.32937 -1.15088 -1.46699 -1.85581 -8.43445 -7.25214 -2.71869 -1.56796 -0.435274 -1.12927 -6.67398 -7.1041 -8.09255 0.542592 4.54049 1.14915 -3.54581 -9.43269 -0.568943 -11.4233 0.545726 10.0743 3.12017 -5.14238 -6.2697 2.27276 -11.1881 -0.766863 9.98402 2.35445 -5.85481 -0.999244 2.89401 -9.28907 -4.19247 1.78802 0.225692 -1.82488 2.46786
93.16 1.73589 -9.16655 -4.41605 1.9564 0.0689222 -2.80358 0.608995 -5.05176 -7.29948 -4.51778 -1.79458 -1.18371 -1.57463 -0.88576 -8.06209 -7.2474 -3.07567 -2.09542 -0.57392 -1.05549 -6.17764 -7.72869 -7.79419 0.109733 3.50098 0.848007 -3.12514 -9.24636 -1.21803 -11.2405 0.707019 9.48776 3.06108 -5.01169 -7.12552 1.97671 -11.3041 -0.47997 10.4849 2.53134 -5.86901 -1.52028 3.97582 -9.73831 -3.67936 2.18811 0.5901 -2.39872 2.18846
93.21 2.56778 -9.59585 -3.66096 2.85603 0.459253 -3.28929 0.598122 -4.61634 -7.32203 -4.69252 -1.21461 -1.19447 -1.68726 0.0406424 -7.6262 -7.24787 -3.39975 -2.52465 -0.7004 -1.04338 -5.67878 -8.22892 -7.58812 -0.365013 2.4998 0.579953 -2.70086 -8.94771 -2.08047 -10.8997 0.861069 8.87693 2.90037 -4.87357 -7.86667 1.65976 -11.3958 -0.240056 10.8787 2.69305 -5.82411 -2.08165 4.63975 -10.1234 -3.16878 2.58538 0.900169 -3.02025 1.81044
93.26 3.00361 -9.96173 -2.84518 3.71926 0.802559 -3.80638 0.446871 -4.16899 -7.35639 -4.86701 -0.600474 -1.18085 -1.80321 0.855747 -7.15957 -7.25171 -3.68632 -2.84301 -0.815103 -1.07568 -5.17096 -8.59429 -7.45086 -0.842738 1.55689 0.341367 -2.295 -8.56461 -3.20224 -10.3553 0.990361 8.22641 2.61267 -4.71224 -8.47686 1.3255 -11.4652 -0.0389506 11.1346 2.83841 -5.74107 -2.72521 4.91815 -10.4594 -2.66912 2.98761 1.16475 -3.63732 1.3741
93.31 3.03987 -10.2749 -1.96655 4.54274 1.10257 -4.31001 0.186491 -3.69032 -7.41038 -5.0299 0.0648327 -1.13808 -1.92213 1.51631 -6.68654 -7.25789 -3.9334 -3.03408 -0.917757 -1.1371 -4.64191 -8.81206 -7.363 -1.30353 0.68344 0.128214 -1.92667 -8.12383 -4.40184 -9.68676 1.05824 7.4935 2.23759 -4.50368 -8.94006 0.975373 -11.5121 0.134217 11.2009 2.96459 -5.63283 -3.49107 4.8668 -10.7565 -2.18396 3.39987 1.39296 -4.21716 0.90925
93.36 2.78525 -10.5439 -1.05519 5.32273 1.366 -4.7688 -0.152931 -3.14852 -7.49796 -5.1613 0.797323 -1.05673 -2.04663 1.99936 -6.22185 -7.26602 -4.1422 -3.07821 -1.0074 -1.21679 -4.07387 -8.8736 -7.30905 -1.74095 -0.114 -0.0632936 -1.61374 -7.64812 -5.46281 -9.04171 1.0143 6.63389 1.84789 -4.23169 -9.2437 0.606122 -11.534 0.291332 11.0273 3.06664 -5.50797 -4.38122 4.56531 -11.0217 -1.72214 3.81893 1.59247 -4.74197 0.434949
93.41 2.43814 -10.774 -0.184837 6.05045 1.59908 -5.1633 -0.547099 -2.48545 -7.64584 -5.2314 1.59937 -0.918723 -2.18489 2.30778 -5.77217 -7.27635 -4.31654 -2.95685 -1.08235 -1.30832 -3.44571 -8.78024 -7.27751 -2.15488 -0.830869 -0.236377 -1.37213 -7.15468 -6.35191 -8.50146 0.822165 5.65266 1.48046 -3.89643 -9.38434 0.208457 -11.5247 0.44259 10.6334 3.13756 -5.37341 -5.34091 4.10609 -11.2597 -1.29691 4.23332 1.76915 -5.20396 -0.0390343
93.46 2.13205 -10.969 0.585324 6.71369 1.80696 -5.48097 -0.978917 -1.60228 -7.90259 -5.19535 2.46478 -0.691944 -2.35595 2.46107 -5.3384 -7.2898 -4.46237 -2.6655 -1.14032 -1.40838 -2.73897 -8.54663 -7.26052 -2.54576 -1.46242 -0.393591 -1.21062 -6.65475 -7.1 -8.08731 0.488171 4.61167 1.14621 -3.51119 -9.36878 -0.23526 -11.472 0.594483 10.1149 3.16861 -5.23505 -6.28222 3.57374 -11.4734 -0.919786 4.62787 1.92715 -5.60225 -0.510732
93.51 1.89334 -11.1317 1.23673 7.29838 1.99379 -5.71084 -1.43867 -0.433359 -8.31245 -4.99794 3.37542 -0.346861 -2.59711 2.47071 -4.91721 -7.30806 -4.58797 -2.22902 -1.1787 -1.51524 -1.94716 -8.2001 -7.25291 -2.91153 -2.00208 -0.536805 -1.12603 -6.15365 -7.72388 -7.78842 0.0576355 3.57247 0.84678 -3.09731 -9.2134 -0.757399 -11.3541 0.748866 9.5549 3.14756 -5.09673 -7.14106 3.0298 -11.6648 -0.595873 4.98718 2.0691 -5.9405 -0.985497
93.56 1.69607 -11.2647 1.77523 7.78795 2.16261 -5.84483 -1.92395 0.81284 -8.80931 -4.63001 4.29975 0.0746578 -2.94886 2.33377 -4.50043 -7.33389 -4.70406 -1.6961 -1.1949 -1.62759 -1.09321 -7.77576 -7.2513 -3.24765 -2.44042 -0.667214 -1.10491 -5.65098 -8.22238 -7.58122 -0.416083 2.57105 0.580152 -2.67835 -8.9417 -1.41676 -11.1316 0.902422 8.98565 3.05381 -4.95818 -7.88982 2.51033 -11.8345 -0.323642 5.2955 2.19636 -6.22475 -1.47745
93.61 1.50408 -11.3715 2.21521 8.16145 2.315 -5.8893 -2.43961 1.83572 -9.27793 -4.16246 5.20789 0.489691 -3.40526 2.05936 -4.07312 -7.37174 -4.81937 -1.10918 -1.18594 -1.74433 -0.238906 -7.30882 -7.25354 -3.54917 -2.76472 -0.785341 -1.13004 -5.14042 -8.58577 -7.44201 -0.894777 1.62667 0.342733 -2.2751 -8.58063 -2.29802 -10.7458 1.04503 8.40409 2.85609 -4.81183 -8.51703 2.03167 -11.9823 -0.096859 5.53293 2.30914 -6.46176 -2.01318
93.66 1.29023 -11.455 2.57235 8.39237 2.45096 -5.86501 -2.99745 2.5515 -9.68302 -3.66509 6.08524 0.862842 -3.9141 1.67904 -3.61266 -7.42929 -4.93263 -0.482181 -1.14709 -1.86523 0.551034 -6.82777 -7.25836 -3.81297 -2.95876 -0.891033 -1.18613 -4.60947 -8.80275 -7.35187 -1.35912 0.750229 0.130512 -1.9038 -8.15668 -3.40708 -10.1719 1.15429 7.78439 2.54 -4.63936 -9.01124 1.59749 -12.107 0.0937728 5.66794 2.40661 -6.65784 -2.63158
93.71 1.0403 -11.5164 2.861 8.45137 2.56886 -5.79375 -3.61328 2.9812 -10.0295 -3.16778 6.92763 1.19156 -4.41805 1.23074 -3.08427 -7.52061 -5.02877 0.196036 -1.06919 -1.99261 1.23366 -6.35142 -7.26522 -4.03895 -3.00341 -0.98343 -1.26229 -4.0399 -8.86594 -7.2964 -1.80246 -0.0517679 -0.0602725 -1.57836 -7.69301 -4.54015 -9.50913 1.18924 7.08283 2.15535 -4.41675 -9.35745 1.20296 -12.2071 0.259691 5.65008 2.48677 -6.81835 -3.36382
93.76 0.748779 -11.5548 3.09348 8.31999 2.66544 -5.69083 -4.29725 3.16382 -10.3271 -2.67802 7.73014 1.48227 -4.87479 0.746051 -2.42833 -7.67288 -5.0778 0.945754 -0.934047 -2.1341 1.78308 -5.88946 -7.27424 -4.2299 -2.88116 -1.06097 -1.35187 -3.4103 -8.77707 -7.26429 -2.22369 -0.774776 -0.232826 -1.31292 -7.20771 -5.5236 -8.89107 1.10041 6.25535 1.76709 -4.13014 -9.54489 0.836849 -12.2802 0.412776 5.42718 2.54634 -6.94739 -4.20886
93.81 0.41259 -11.566 3.27993 8.01454 2.73601 -5.5654 -5.03783 3.14522 -10.5834 -2.19957 8.48359 1.74221 -5.257 0.246261 -1.54779 -7.93472 -5.03197 1.77795 -0.709316 -2.30823 2.18005 -5.44464 -7.28623 -4.3912 -2.58937 -1.12149 -1.45115 -2.70259 -8.55093 -7.24737 -2.62194 -1.41416 -0.389692 -1.12011 -6.71308 -6.34706 -8.38366 0.860554 5.30046 1.40488 -3.78211 -9.57317 0.483545 -12.3229 0.562879 5.00484 2.58101 -7.04764 -5.12239
93.86 0.0248708 -11.542 3.42842 7.59014 2.77437 -5.42322 -5.79832 2.97866 -10.803 -1.7412 9.17695 1.9773 -5.54602 -0.257422 -0.388839 -8.34669 -4.83389 2.67914 -0.367396 -2.55146 2.4032 -5.01462 -7.30275 -4.5309 -2.15481 -1.16255 -1.55785 -1.91148 -8.2151 -7.24017 -2.99377 -1.96356 -0.532741 -1.00502 -6.21561 -7.04297 -7.99988 0.487796 4.27489 1.07693 -3.3878 -9.45335 0.123523 -12.3297 0.716189 4.46673 2.58629 -7.1204 -6.02615
93.91 -0.431918 -11.4673 3.54502 7.10763 2.7718 -5.26868 -6.53674 2.71608 -10.989 -1.31608 9.79931 2.19179 -5.73116 -0.762856 0.830319 -8.83948 -4.47437 3.61401 0.0477816 -2.90243 2.43312 -4.59175 -7.32638 -4.65972 -1.62678 -1.18179 -1.67005 -1.06184 -7.80461 -7.23922 -3.3335 -2.41392 -0.663185 -0.961273 -5.716 -7.62523 -7.72491 0.0326735 3.24508 0.783684 -2.96931 -9.20626 -0.269418 -12.2909 0.87481 3.90076 2.55729 -7.16567 -6.855
93.96 -0.996479 -11.314 3.63347 6.60368 2.71368 -5.10426 -7.22326 2.3966 -11.1452 -0.935737 10.3393 2.38834 -5.81889 -1.27717 1.8201 -9.30266 -4.02086 4.54645 0.456074 -3.35495 2.27687 -4.16178 -7.36128 -4.78646 -1.04705 -1.17653 -1.78604 -0.215729 -7.35369 -7.24232 -3.63559 -2.75298 -0.781586 -0.97397 -5.209 -8.08907 -7.53456 -0.453777 2.25358 0.522617 -2.54948 -8.85886 -0.736333 -12.1881 1.03721 3.35164 2.48582 -7.18137 -7.57754
94.01 -1.74238 -11.0326 3.69392 6.08741 2.57437 -4.92715 -7.83935 2.04431 -11.2749 -0.605138 10.7821 2.56824 -5.83072 -1.81941 2.50375 -9.70349 -3.53829 5.45633 0.823788 -3.85949 1.9717 -3.70342 -7.4145 -4.91045 -0.429053 -1.14252 -1.9051 0.563591 -6.88925 -7.24817 -3.89705 -2.96509 -0.887854 -1.02632 -4.68319 -8.42182 -7.40604 -0.938463 1.32274 0.289986 -2.14695 -8.43945 -1.35142 -11.9852 1.19905 2.83172 2.35506 -7.16104 -8.18106
94.06 -2.75161 -10.5629 3.7186 5.54536 2.3224 -4.72346 -8.36814 1.67231 -11.3802 -0.321643 11.1038 2.73133 -5.78948 -2.4249 2.90503 -10.0468 -3.05472 6.33582 1.14832 -4.36135 1.5648 -3.18455 -7.49881 -5.01801 0.238023 -1.07149 -2.02901 1.23474 -6.42856 -7.2561 -4.1183 -3.03157 -0.981233 -1.10454 -4.12126 -8.6106 -7.32192 -1.40657 0.464002 0.0818296 -1.77421 -7.97375 -2.24465 -11.6167 1.35333 2.33832 2.13332 -7.08805 -8.65483
94.11 -3.94401 -9.92582 3.6826 4.94256 1.9688 -4.46661 -8.78715 1.28649 -11.4613 -0.0762027 11.2611 2.87584 -5.71208 -3.1383 3.06654 -10.3421 -2.57844 7.17831 1.43574 -4.81955 1.09787 -2.55057 -7.63875 -5.08161 0.974304 -0.947013 -2.16459 1.77356 -5.98042 -7.26607 -4.30287 -2.93447 -1.06029 -1.19949 -3.50221 -8.64706 -7.27022 -1.854 -0.316446 -0.105479 -1.43855 -7.4824 -3.51113 -11.0271 1.48777 1.8626 1.79641 -6.92698 -8.97957
94.16 -5.07632 -9.26066 3.53955 4.23137 1.58429 -4.13608 -9.07456 0.886068 -11.5163 0.144052 11.1961 2.99789 -5.60967 -3.98181 3.03811 -10.5966 -2.11503 7.97421 1.69303 -5.20727 0.601415 -1.70906 -7.87973 -5.05676 1.79214 -0.738814 -2.32861 2.16344 -5.54757 -7.27859 -4.45668 -2.66849 -1.12303 -1.30587 -2.8072 -8.53086 -7.24234 -2.27963 -1.01418 -0.274981 -1.14493 -6.9801 -4.9355 -10.3066 1.57905 1.39469 1.3983 -6.63587 -9.13147
94.21 -6.04862 -8.67828 3.24146 3.39247 1.22014 -3.73659 -9.2218 0.463461 -11.54 0.351257 10.8898 3.09116 -5.49015 -4.92694 2.8749 -10.8148 -1.67453 8.71274 1.92599 -5.5058 0.0943645 -0.583659 -8.27006 -4.88558 2.68081 -0.414449 -2.55526 2.38621 -5.12847 -7.29482 -4.58816 -2.25661 -1.16717 -1.42063 -2.02837 -8.27464 -7.23083 -2.68088 -1.62408 -0.429042 -0.899191 -6.47547 -6.22274 -9.60577 1.5918 0.927185 1.01829 -6.21012 -9.1054
94.26 -6.88378 -8.219 2.7747 2.47295 0.891929 -3.29206 -9.23529 0.00328649 -11.522 0.55304 10.4138 3.14721 -5.36002 -5.89466 2.62679 -10.9997 -1.26986 9.38378 2.13884 -5.70278 -0.414632 0.653841 -8.76027 -4.54673 3.60692 -0.00440864 -2.88633 2.4227 -4.71724 -7.3168 -4.70852 -1.74718 -1.19054 -1.54157 -1.18432 -7.90673 -7.22968 -3.05262 -2.13865 -0.569336 -0.709277 -5.97126 -7.28896 -8.99661 1.48853 0.454264 0.684559 -5.68681 -8.92154
94.31 -7.61171 -7.88136 2.17537 1.54566 0.600785 -2.83261 -9.13175 -0.522889 -11.4431 0.751403 9.86749 3.15455 -5.22452 -6.80653 2.32768 -11.1545 -0.911322 9.97769 2.3343 -5.80136 -0.926217 1.69224 -9.23313 -4.10053 4.53369 0.40855 -3.32424 2.27561 -4.30213 -7.34788 -4.82812 -1.18574 -1.19093 -1.66667 -0.332676 -7.46527 -7.23481 -3.38838 -2.54713 -0.696843 -0.583077 -5.46439 -8.14599 -8.50394 1.2503 -0.0295119 0.397758 -5.11556 -8.61346
94.36 -8.2444 -7.64453 1.50632 0.658733 0.343379 -2.38513 -8.93282 -1.16846 -11.2683 0.943159 9.30427 3.09435 -5.08589 -7.62281 1.99617 -11.2828 -0.602977 10.4835 2.5138 -5.82135 -1.4511 2.42479 -9.64455 -3.61759 5.43928 0.78304 -3.82311 1.97867 -3.8653 -7.39375 -4.94897 -0.591128 -1.16505 -1.79444 0.461198 -6.98747 -7.2438 -3.68294 -2.83505 -0.811835 -0.523434 -4.94568 -8.82042 -8.12852 0.893421 -0.526813 0.151329 -4.53912 -8.2171
94.41 -8.78112 -7.48392 0.82507 -0.165413 0.115186 -1.9688 -8.66073 -2.02254 -10.9383 1.11978 8.73208 2.93504 -4.94023 -8.32972 1.64195 -11.3866 -0.342627 10.8845 2.67741 -5.78587 -2.01369 2.86826 -9.99692 -3.13124 6.31522 1.11375 -4.32706 1.57788 -3.38067 -7.46451 -5.06072 0.0438775 -1.10659 -1.92516 1.15276 -6.50163 -7.25549 -3.93423 -2.98411 -0.913848 -0.524689 -4.39985 -9.33373 -7.85502 0.461154 -1.03268 -0.0622489 -3.98806 -7.7643
94.46 -9.21168 -7.37877 0.168304 -0.917677 -0.0882702 -1.5956 -8.33556 -3.1392 -10.4032 1.26349 8.12907 2.6491 -4.77302 -8.91853 1.27021 -11.4663 -0.123376 11.1512 2.82379 -5.71268 -2.65503 3.06424 -10.2999 -2.6515 7.15523 1.40624 -4.79324 1.115 -2.80518 -7.57906 -5.14039 0.739589 -1.00299 -2.06298 1.7165 -6.02483 -7.26968 -4.14372 -2.97386 -1.00165 -0.574411 -3.80646 -9.69856 -7.66143 -0.000443823 -1.53259 -0.249565 -3.48171 -7.27991
94.51 -9.51716 -7.31314 -0.448968 -1.59447 -0.270903 -1.27413 -7.97394 -4.34719 -9.73545 1.33958 7.45004 2.27248 -4.56067 -9.3759 0.881931 -11.5202 0.0650453 11.2321 2.94969 -5.6135 -3.41637 3.06208 -10.5614 -2.18368 7.95005 1.6676 -5.19412 0.621115 -2.06267 -7.77367 -5.15053 1.51471 -0.829972 -2.21967 2.13681 -5.56451 -7.28695 -4.31581 -2.78943 -1.07324 -0.658363 -3.14376 -9.91945 -7.52663 -0.45902 -2.00608 -0.415778 -3.02997 -6.78103
94.56 -9.67234 -7.27447 -1.02873 -2.19386 -0.435905 -1.01389 -7.58887 -5.42135 -9.0846 1.29985 6.64583 1.87922 -4.28619 -9.68827 0.471604 -11.5434 0.234419 11.073 3.04932 -5.49647 -4.30309 2.9178 -10.7863 -1.73711 8.68898 1.90385 -5.51174 0.115942 -1.0522 -8.10253 -5.03693 2.37013 -0.551537 -2.42169 2.39925 -5.12105 -7.30857 -4.4574 -2.43758 -1.12607 -0.764719 -2.39677 -9.99569 -7.43357 -0.898668 -2.43157 -0.564641 -2.6354 -6.2773
94.61 -9.65173 -7.25336 -1.58385 -2.714 -0.585751 -0.825315 -7.1898 -6.32271 -8.53624 1.10847 5.71243 1.50824 -3.94887 -9.8479 0.0252525 -11.5264 0.395122 10.685 3.11402 -5.36816 -5.26455 2.68464 -10.9777 -1.32475 9.36193 2.11946 -5.73272 -0.391084 0.178066 -8.5666 -4.75552 3.28045 -0.165267 -2.71153 2.48526 -4.68913 -7.33668 -4.5783 -1.95595 -1.15734 -0.885849 -1.57045 -9.92512 -7.36963 -1.31553 -2.78867 -0.698714 -2.29564 -5.7715
94.66 -9.43748 -7.24343 -2.13101 -3.15287 -0.722277 -0.714316 -6.78295 -7.08424 -8.1142 0.77119 4.7048 1.17101 -3.56142 -9.85402 -0.48389 -11.4513 0.553824 10.1599 3.13179 -5.23383 -6.2128 2.39983 -11.1383 -0.957722 9.95931 2.3174 -5.85394 -0.899856 1.32006 -9.05472 -4.33798 4.20641 0.254463 -3.11203 2.38702 -4.25658 -7.37467 -4.68948 -1.39415 -1.16412 -1.0182 -0.709216 -9.70774 -7.32583 -1.71219 -3.05799 -0.819586 -2.00575 -5.25984
94.71 -9.0304 -7.24053 -2.6828 -3.50889 -0.846767 -0.676543 -6.37156 -7.72597 -7.80903 0.334031 3.68175 0.869176 -3.14498 -9.71303 -1.10593 -11.2855 0.712161 9.58205 3.08427 -5.09605 -7.08012 2.08265 -11.2716 -0.641081 10.4703 2.49932 -5.89014 -1.42016 2.17873 -9.48985 -3.8615 5.11788 0.645715 -3.59224 2.12773 -3.80314 -7.42837 -4.7962 -0.782072 -1.14243 -1.16154 0.117921 -9.34874 -7.29593 -2.09331 -3.22007 -0.928049 -1.75991 -4.73192
94.76 -8.46262 -7.24197 -3.23923 -3.78108 -0.960034 -0.697947 -5.95597 -8.24919 -7.59769 -0.146967 2.67868 0.600537 -2.72339 -9.43858 -1.92614 -10.973 0.865278 8.98181 2.94126 -4.95175 -7.83549 1.74201 -11.3801 -0.37337 10.879 2.66561 -5.86458 -1.97491 2.73949 -9.86303 -3.37396 6.00169 0.993032 -4.09562 1.75073 -3.2982 -7.50868 -4.89127 -0.119936 -1.08505 -1.31853 0.856125 -8.86103 -7.27567 -2.46256 -3.25448 -1.02421 -1.55249 -4.17115
94.81 -7.79843 -7.24614 -3.78418 -3.96838 -1.06244 -0.76069 -5.53358 -8.64533 -7.45645 -0.630249 1.71761 0.361269 -2.31835 -9.05181 -3.01032 -10.459 0.99781 8.34777 2.67273 -4.78776 -8.46365 1.38257 -11.4648 -0.148125 11.1574 2.81526 -5.7972 -2.60371 3.0366 -10.183 -2.89145 6.8517 1.29949 -4.57255 1.29994 -2.69182 -7.63688 -4.95268 0.608776 -0.977659 -1.49557 1.47184 -8.26685 -7.26225 -2.8211 -3.14264 -1.10756 -1.37853 -3.55699
94.86 -7.11052 -7.25228 -4.29301 -4.06791 -1.15387 -0.84884 -5.09868 -8.9024 -7.36573 -1.09397 0.814991 0.147186 -1.9483 -8.58013 -4.21481 -9.79926 1.07639 7.64012 2.30594 -4.5811 -8.94973 1.00593 -11.5249 0.0447038 11.2567 2.9455 -5.70142 -3.34939 3.11312 -10.4582 -2.41867 7.66002 1.57209 -4.98863 0.810044 -1.89882 -7.85402 -4.94086 1.4175 -0.79294 -1.70636 1.94308 -7.59707 -7.25399 -3.16765 -2.87881 -1.17709 -1.23393 -2.87089
94.91 -6.45007 -7.26049 -4.74527 -4.07322 -1.23357 -0.951043 -4.64229 -9.01051 -7.30991 -1.5309 -0.0172038 -0.0455643 -1.63045 -8.05293 -5.30316 -9.14258 1.05154 6.81138 1.91483 -4.31352 -9.28066 0.608423 -11.5567 0.21696 11.1214 3.05124 -5.58592 -4.22226 3.01865 -10.6946 -1.96191 8.41622 1.81739 -5.32055 0.304301 -0.826639 -8.21408 -4.79902 2.29853 -0.495261 -1.97921 2.24887 -6.88684 -7.2503 -3.50059 -2.48607 -1.23156 -1.11549 -2.10419
94.96 -5.83753 -7.27171 -5.13071 -3.97343 -1.30005 -1.06066 -4.15256 -8.96739 -7.2772 -1.94153 -0.77079 -0.220215 -1.38084 -7.49611 -6.21744 -8.58267 0.882402 5.85518 1.54255 -3.98268 -9.45159 0.179208 -11.5525 0.379415 10.7543 3.12479 -5.45719 -5.17709 2.80498 -10.8957 -1.53247 9.10968 2.04045 -5.55235 -0.204752 0.412809 -8.69428 -4.49176 3.2205 -0.0979617 -2.35426 2.366 -6.16754 -7.25187 -3.82117 -2.01548 -1.26975 -1.02073 -1.26922
95.01 -5.27118 -7.28787 -5.44726 -3.7554 -1.35088 -1.17462 -3.61736 -8.78196 -7.25948 -2.32819 -1.43907 -0.379308 -1.20965 -6.92828 -6.98656 -8.14832 0.567606 4.82701 1.20265 -3.59995 -9.4674 -0.302969 -11.4979 0.539396 10.2425 3.15579 -5.32066 -6.12729 2.51569 -11.0653 -1.14285 9.73051 2.24471 -5.68252 -0.714055 1.49593 -9.17614 -4.06403 4.14602 0.317404 -2.84187 2.28903 -5.45812 -7.26116 -4.13295 -1.52048 -1.29023 -0.947863 -0.415339
95.06 -4.73767 -7.31217 -5.69657 -3.41125 -1.38252 -1.29193 -3.03085 -8.47505 -7.25137 -2.69144 -2.0141 -0.524704 -1.11575 -6.35933 -7.63069 -7.8325 0.148057 3.79136 0.897702 -3.18567 -9.34223 -0.878231 -11.3665 0.699517 9.67434 3.12905 -5.18005 -7.00178 2.18072 -11.2071 -0.8013 10.2686 2.43219 -5.72787 -1.22991 2.27295 -9.5993 -3.58829 5.05164 0.698844 -3.40106 2.04595 -4.76132 -7.28345 -4.43473 -1.0334 -1.29033 -0.895926 0.392353
95.11 -4.21701 -7.34972 -5.88009 -2.94881 -1.39 -1.41267 -2.40279 -8.07673 -7.24935 -3.02909 -2.48446 -0.657589 -1.08706 -5.79024 -8.15076 -7.61275 -0.321921 2.78757 0.6261 -2.76347 -9.09744 -1.61949 -11.1103 0.856673 9.08578 3.0189 -5.03479 -7.76708 1.81818 -11.3238 -0.509463 10.7107 2.60357 -5.71152 -1.77025 2.75034 -9.96133 -3.10358 5.93038 1.03636 -3.97431 1.6825 -4.06167 -7.32885 -4.71497 -0.564545 -1.26419 -0.865464 1.10629
95.16 -3.68165 -7.40921 -5.99585 -2.39164 -1.36617 -1.53765 -1.76044 -7.62072 -7.25113 -3.33738 -2.83394 -0.778468 -1.10661 -5.213 -8.53753 -7.46504 -0.80068 1.83644 0.38439 -2.35509 -8.7583 -2.61567 -10.6657 0.99943 8.47125 2.79084 -4.87591 -8.40821 1.43803 -11.4165 -0.263163 11.0339 2.75812 -5.6525 -2.36904 2.97217 -10.2716 -2.62332 6.77981 1.33437 -4.51469 1.24331 -3.31542 -7.4169 -4.95012 -0.113101 -1.19927 -0.860018 1.69935
95.21 -3.08929 -7.50643 -6.03487 -1.7617 -1.29938 -1.66938 -1.13787 -7.13778 -7.25529 -3.61308 -3.04064 -0.887126 -1.15859 -4.6099 -8.77891 -7.36954 -1.26577 0.949669 0.168544 -1.97854 -8.35051 -3.80971 -10.039 1.10126 7.79677 2.44642 -4.68302 -8.91106 1.04433 -11.484 -0.0538626 11.197 2.89341 -5.56404 -3.07137 2.99256 -10.5384 -2.15465 7.5928 1.59999 -4.99017 0.763222 -2.42081 -7.58872 -5.10073 0.324382 -1.06849 -0.8898 2.15652
95.26 -2.3662 -7.67236 -5.97508 -1.06314 -1.16813 -1.81475 -0.565053 -6.65114 -7.26112 -3.85533 -3.07733 -0.982574 -1.23146 -3.9525 -8.86581 -7.3106 -1.70893 0.134245 -0.0252953 -1.64984 -7.89738 -4.95294 -9.36577 1.11681 7.01258 2.05374 -4.43418 -9.26055 0.634357 -11.5227 0.129764 11.1413 3.00476 -5.45561 -3.90238 2.87213 -10.767 -1.70805 8.35759 1.83958 -5.37783 0.265621 -1.17316 -7.92608 -5.09984 0.75096 -0.818098 -0.981634 2.46517
95.31 -1.39254 -7.96238 -5.77249 -0.284822 -0.934802 -1.99127 -0.0690645 -6.17521 -7.26853 -4.06677 -2.91903 -1.06303 -1.31809 -3.20393 -8.79799 -7.27609 -2.12897 -0.605199 -0.200462 -1.38467 -7.41802 -5.92393 -8.76634 0.998717 6.0922 1.66999 -4.12117 -9.44827 0.197006 -11.5247 0.299128 10.8406 3.08456 -5.33488 -4.83711 2.66699 -10.9597 -1.29702 9.06165 2.05796 -5.65666 -0.236708 0.514432 -8.46392 -4.87005 1.16963 -0.420201 -1.19279 2.60403
95.36 -0.119919 -8.41124 -5.37034 0.576213 -0.573624 -2.23521 0.316235 -5.71645 -7.27805 -4.25441 -2.5675 -1.12614 -1.41467 -2.33706 -8.58813 -7.25744 -2.52591 -1.26448 -0.359639 -1.19528 -6.92635 -6.73908 -8.28786 0.729799 5.07395 1.31608 -3.75098 -9.47622 -0.289813 -11.4757 0.462893 10.3576 3.12205 -5.20805 -5.79798 2.41402 -11.1188 -0.932714 9.69344 2.25846 -5.81557 -0.740459 2.18013 -9.02976 -4.44485 1.58134 0.0178915 -1.57211 2.55751
95.41 1.17403 -8.92169 -4.77172 1.48857 -0.145832 -2.58458 0.552596 -5.27366 -7.29095 -4.42957 -2.0753 -1.16964 -1.51904 -1.38013 -8.26204 -7.24901 -2.89753 -1.83827 -0.504842 -1.08436 -6.4307 -7.42557 -7.93311 0.338731 4.02767 0.997136 -3.34145 -9.35702 -0.867026 -11.3491 0.625182 9.7901 3.10157 -5.0787 -6.70247 2.13044 -11.2482 -0.619906 10.2418 2.44308 -5.87085 -1.25173 3.47788 -9.51856 -3.94179 1.98501 0.41163 -2.09634 2.34601
95.46 2.19108 -9.38562 -4.05366 2.4016 0.266123 -3.03463 0.622976 -4.83875 -7.30941 -4.60316 -1.51411 -1.19185 -1.62937 -0.421061 -7.85405 -7.24712 -3.23906 -2.3189 -0.637432 -1.04291 -5.93356 -7.9901 -7.68313 -0.120765 3.00365 0.712609 -2.91605 -9.11221 -1.60816 -11.0975 0.784198 9.19139 2.99731 -4.94557 -7.50444 1.82363 -11.3519 -0.356868 10.6929 2.61259 -5.85285 -1.7883 4.35218 -9.93414 -3.42779 2.38284 0.748458 -2.70129 2.01266
95.51 2.83284 -9.78253 -3.26864 3.28425 0.633407 -3.54203 0.539605 -4.39946 -7.33701 -4.77862 -0.918451 -1.19106 -1.74379 0.457422 -7.39944 -7.24942 -3.54518 -2.69556 -0.758128 -1.05472 -5.43147 -8.42577 -7.5135 -0.60058 2.02922 0.459506 -2.49827 -8.76864 -2.60342 -10.6571 0.929347 8.56501 2.77467 -4.79879 -8.18328 1.49782 -11.4326 -0.137199 11.0241 2.76652 -5.7872 -2.38404 4.82158 -10.2936 -2.92221 2.78157 1.03502 -3.3259 1.60161
95.56 3.06802 -10.1213 -2.42164 4.1282 0.954692 -4.05732 0.330839 -3.93971 -7.37974 -4.94939 -0.281887 -1.16396 -1.86109 1.20098 -6.92724 -7.25449 -3.81243 -2.95378 -0.866997 -1.10296 -4.91513 -8.72024 -7.40264 -1.07148 1.11934 0.233893 -2.10854 -8.35411 -3.79863 -10.0329 1.03437 7.8805 2.43459 -4.61724 -8.72336 1.15584 -11.4911 0.048725 11.1946 2.90295 -5.69053 -3.08419 4.92973 -10.6095 -2.42898 3.18852 1.2807 -3.92774 1.14826
95.61 2.93933 -10.412 -1.51956 4.93113 1.23592 -4.54205 0.0282363 -3.43527 -7.44788 -5.09985 0.41525 -1.10386 -1.98215 1.77584 -6.45702 -7.26163 -4.04041 -3.07536 -0.963433 -1.1744 -4.36948 -8.86197 -7.33311 -1.52106 0.282535 0.0317986 -1.76519 -7.89367 -4.94488 -9.36058 1.05367 7.08914 2.04508 -4.37856 -9.10938 0.797088 -11.5263 0.212577 11.147 3.01805 -5.57322 -3.91414 4.74453 -10.8903 -1.95376 3.60511 1.49399 -4.4821 0.677008
95.66 2.61538 -10.6614 -0.618565 5.68686 1.48376 -4.97117 -0.340635 -2.84363 -7.56052 -5.20569 1.18219 -0.99775 -2.11188 2.17133 -5.99926 -7.27077 -4.23169 -3.04019 -1.04612 -1.26046 -3.77462 -8.84658 -7.29134 -1.94683 -0.475925 -0.15031 -1.48554 -7.40749 -5.91843 -8.76131 0.93936 6.16473 1.66389 -4.07459 -9.33286 0.41549 -11.5339 0.365744 10.8565 3.10581 -5.44279 -4.84861 4.35412 -11.1416 -1.50818 4.02366 1.68168 -4.97659 0.202154
95.71 2.27933 -10.8739 0.207367 6.38461 1.7039 -5.32937 -0.754943 -2.08711 -7.75432 -5.23047 2.01661 -0.821107 -2.26286 2.40118 -5.55755 -7.28248 -4.39118 -2.83444 -1.11306 -1.35646 -3.10973 -8.68175 -7.26773 -2.34952 -1.15163 -0.315334 -1.28281 -6.90983 -6.73486 -8.28275 0.673865 5.14516 1.31216 -3.71253 -9.39542 -0.00185507 -11.5053 0.516776 10.3883 3.1584 -5.30572 -5.80986 3.84969 -11.3674 -1.10545 4.43027 1.84878 -5.40711 -0.270506
95.76 2.00757 -11.0527 0.919598 7.0112 1.901 -5.60536 -1.20122 -1.06021 -8.08495 -5.12141 2.90749 -0.537304 -2.46248 2.4838 -5.13062 -7.29802 -4.52587 -2.46681 -1.16175 -1.46003 -2.36085 -8.3887 -7.25585 -2.72853 -1.73909 -0.46549 -1.16018 -6.40902 -7.42127 -7.92767 0.28558 4.099 0.995075 -3.3103 -9.30871 -0.478672 -11.4243 0.669965 9.84236 3.16581 -5.1671 -6.7161 3.30563 -11.57 -0.754234 4.80944 1.99866 -5.7753 -0.742558
95.81 1.79373 -11.2004 1.51412 7.55154 2.0787 -5.7886 -1.67334 0.191277 -8.55392 -4.83556 3.82916 -0.143858 -2.75465 2.42192 -4.713 -7.31956 -4.6454 -1.97654 -1.18958 -1.56974 -1.53293 -7.99943 -7.25152 -3.08041 -2.23043 -0.602316 -1.1088 -5.90756 -7.98453 -7.6769 -0.172153 3.07514 0.712116 -2.89107 -9.09304 -1.05863 -11.2614 0.824712 9.27645 3.11242 -5.02906 -7.5229 2.77058 -11.7507 -0.456202 5.14584 2.13331 -6.08624 -1.22332
95.86 1.60325 -11.3201 2.00233 7.98714 2.23936 -5.87672 -2.17246 1.35202 -9.04655 -4.40785 4.74845 0.282415 -3.16229 2.21478 -4.29337 -7.35058 -4.76048 -1.4134 -1.19387 -1.68435 -0.669823 -7.55009 -7.25201 -3.40012 -2.61464 -0.726678 -1.1125 -5.40219 -8.41822 -7.50574 -0.651825 2.09994 0.460309 -2.47751 -8.77409 -1.81651 -10.9665 0.974735 8.70309 2.97183 -4.88824 -8.21323 2.27002 -11.9098 -0.207256 5.42237 2.25351 -6.34648 -1.73249
95.91 1.40309 -11.4152 2.39978 8.29436 2.38379 -5.88451 -2.70696 2.22467 -9.48454 -3.9196 5.64237 0.678471 -3.65208 1.88367 -3.8532 -7.39684 -4.87578 -0.806957 -1.17105 -1.80305 0.159738 -7.07325 -7.25563 -3.68335 -2.8773 -0.838768 -1.15447 -4.88357 -8.71109 -7.39265 -1.12493 1.18785 0.235745 -2.08813 -8.37901 -2.82214 -10.4847 1.10488 8.1073 2.71431 -4.73205 -8.77695 1.8133 -12.0464 0.000480778 5.61462 2.35895 -6.56268 -2.30364
95.96 1.17264 -11.4879 2.72165 8.44445 2.5112 -5.83481 -3.29127 2.7957 -9.85962 -3.42046 6.50294 1.02928 -4.1649 1.46548 -3.36491 -7.46859 -4.98341 -0.157207 -1.11461 -1.9266 0.901109 -6.59276 -7.26147 -3.92842 -3.00056 -0.938091 -1.22147 -4.33626 -8.85313 -7.3211 -1.5793 0.347284 0.0344772 -1.7376 -7.93298 -3.97524 -9.84836 1.18389 7.45368 2.35514 -4.5377 -9.20041 1.39961 -12.1593 0.177477 5.68202 2.44826 -6.74072 -2.97565
96.01 0.902698 -11.5383 2.98135 8.41078 2.61915 -5.74655 -3.94023 3.09899 -10.181 -2.92647 7.32668 1.33842 -4.64992 0.996007 -2.78367 -7.58521 -5.06121 0.553672 -1.01171 -2.05944 1.52099 -6.12274 -7.26934 -4.1367 -2.96503 -1.02344 -1.30483 -3.73991 -8.84077 -7.27831 -2.01182 -0.416502 -0.147006 -1.4398 -7.45679 -5.04427 -9.19472 1.16376 6.69437 1.96278 -4.28438 -9.46951 1.02074 -12.2465 0.33569 5.56817 2.51882 -6.88537 -3.76579
96.06 0.589749 -11.564 3.19012 8.18917 2.70365 -5.63172 -4.65521 3.17666 -10.4577 -2.44156 8.10646 1.61319 -5.07284 0.501908 -2.03142 -7.78386 -5.07086 1.34377 -0.837499 -2.21362 1.99802 -5.66919 -7.27967 -4.31229 -2.75834 -1.09292 -1.39951 -3.07373 -8.68186 -7.25449 -2.42202 -1.09915 -0.311589 -1.20871 -6.96574 -5.94525 -8.62668 1.00162 5.8004 1.5854 -3.96642 -9.57822 0.66308 -12.3052 0.486286 5.24098 2.56674 -7.00004 -4.65288
96.11 0.229621 -11.5594 3.35707 7.81713 2.7593 -5.49746 -5.41109 3.0786 -10.6955 -1.97149 8.83183 1.86031 -5.41133 -0.000613054 -1.00851 -8.11891 -4.95655 2.21319 -0.555839 -2.416 2.3127 -5.23222 -7.29363 -4.46179 -2.39124 -1.14421 -1.50268 -2.32446 -8.39784 -7.24287 -2.80793 -1.69535 -0.461486 -1.05408 -6.46927 -6.70287 -8.1805 0.691584 4.80175 1.23963 -3.59322 -9.53181 0.309223 -12.3312 0.637444 4.74906 2.58754 -7.08672 -5.57173
96.16 -0.188777 -11.513 3.48929 7.35779 2.77894 -5.34875 -6.16542 2.85907 -10.8982 -1.52772 9.49173 2.08487 -5.64988 -0.504875 0.224183 -8.58671 -4.67458 3.13595 -0.16722 -2.70908 2.44244 -4.80705 -7.31324 -4.59475 -1.90437 -1.17487 -1.61231 -1.49881 -8.02087 -7.23908 -3.16479 -2.1975 -0.598243 -0.975452 -5.97102 -7.34273 -7.85287 0.271395 3.76711 0.928884 -3.1841 -9.34648 -0.0630277 -12.3172 0.79334 4.18885 2.57673 -7.1461 -6.44464
96.21 -0.691709 -11.4044 3.59179 6.86202 2.75151 -5.18927 -6.88122 2.56469 -11.0691 -1.12346 10.0752 2.29031 -5.7852 -1.01313 1.35338 -9.07397 -4.25874 4.0733 0.252118 -3.11422 2.37792 -4.3829 -7.34175 -4.72189 -1.34736 -1.18247 -1.72655 -0.642045 -7.58662 -7.24034 -3.48663 -2.595 -0.72275 -0.961518 -5.46883 -7.86823 -7.6225 -0.204532 2.75228 0.651842 -2.76228 -9.04664 -0.485648 -12.2501 0.954198 3.62806 2.5283 -7.17732 -7.22365
96.26 -1.33362 -11.196 3.66683 6.35237 2.6576 -5.01951 -7.53517 2.22691 -11.212 -0.767379 10.5698 2.47863 -5.83265 -1.53784 2.19301 -9.50703 -3.78534 4.99615 0.642018 -3.59952 2.14287 -3.94217 -7.38449 -4.84815 -0.748997 -1.16382 -1.84402 0.177924 -7.1263 -7.2449 -3.76895 -2.87397 -0.835252 -0.99565 -4.95442 -8.26951 -7.46502 -0.692983 1.78858 0.40522 -2.34898 -8.66047 -1.01283 -12.1044 1.11701 3.09295 2.43069 -7.1766 -7.88897
96.31 -2.20283 -10.828 3.71151 5.82647 2.46606 -4.83203 -8.11083 1.86381 -11.3295 -0.460648 10.9571 2.65039 -5.81591 -2.10563 2.73336 -9.87844 -3.30052 5.89182 0.988043 -4.10889 1.78203 -3.45916 -7.45082 -4.96662 -0.109236 -1.11307 -1.965 0.908058 -6.66212 -7.25181 -4.01043 -3.01711 -0.935336 -1.06213 -4.41337 -8.53306 -7.36009 -1.17052 0.892102 0.185075 -1.95988 -8.21542 -1.74492 -11.8303 1.27624 2.58689 2.26013 -7.13351 -8.43056
96.36 -3.329 -10.2639 3.71099 5.26026 2.1578 -4.6059 -8.5889 1.4847 -11.4231 -0.197271 11.205 2.80471 -5.75524 -2.75894 3.01128 -10.1971 -2.81994 6.75417 1.29347 -4.59346 1.34112 -2.89275 -7.55826 -5.05701 0.589327 -1.01862 -2.09332 1.51664 -6.20692 -7.26072 -4.21309 -3.00521 -1.02191 -1.14942 -3.8261 -8.64777 -7.29309 -1.62866 0.0711686 -0.0124362 -1.60463 -7.73492 -2.82363 -11.3539 1.42287 2.10344 1.98143 -7.023 -8.83433
96.41 -4.51789 -9.59428 3.62917 4.60989 1.7798 -4.31403 -8.94546 1.09224 -11.4918 0.0341372 11.2601 2.93884 -5.66444 -3.5361 3.07295 -10.4717 -2.34905 7.57515 1.56529 -5.0198 0.856639 -2.17085 -7.74061 -5.08398 1.36524 -0.857811 -2.23984 1.98439 -5.76623 -7.27184 -4.38169 -2.82447 -1.09324 -1.25045 -3.17169 -8.60873 -7.25405 -2.06557 -0.669262 -0.190673 -1.28898 -7.23675 -4.2132 -10.6792 1.53991 1.63266 1.6028 -6.802 -9.07666
96.46 -5.57273 -8.9609 3.41476 3.83447 1.40164 -3.94758 -9.16419 0.682312 -11.5323 0.246699 11.0736 3.04771 -5.55276 -4.43673 2.97151 -10.7079 -1.89532 8.34424 1.81003 -5.36581 0.353295 -1.19052 -8.05194 -4.99431 2.22085 -0.594738 -2.42909 2.29492 -5.34055 -7.28599 -4.52332 -2.48205 -1.14714 -1.36125 -2.43545 -8.42128 -7.23507 -2.47973 -1.32467 -0.352349 -1.01798 -6.73259 -5.59313 -9.9543 1.59759 1.16572 1.20687 -6.44222 -9.14014
96.51 -6.47306 -8.43706 3.03242 2.9468 1.05444 -3.52234 -9.24426 0.243821 -11.5373 0.450642 10.6707 3.12391 -5.42728 -5.40437 2.76129 -10.9094 -1.47081 9.05088 2.03269 -5.61538 -0.155205 0.0316607 -8.5062 -4.73807 3.13284 -0.218632 -2.70299 2.42804 -4.92638 -7.30472 -4.64783 -2.01566 -1.18136 -1.4793 -1.61974 -8.10589 -7.22927 -2.86728 -1.88894 -0.499492 -0.79853 -6.22818 -6.77336 -9.29334 1.55754 0.696274 0.84849 -5.96256 -9.03302
96.56 -7.25306 -8.03927 2.49363 2.0154 0.744667 -3.06677 -9.19784 -0.243988 -11.4926 0.650835 10.15 3.15781 -5.294 -6.35221 2.48502 -11.0791 -1.08783 9.68532 2.23676 -5.76244 -0.664812 1.19959 -8.99897 -4.33611 4.06316 0.201605 -3.0899 2.37196 -4.5151 -7.33063 -4.76688 -1.47642 -1.19376 -1.60252 -0.763167 -7.69696 -7.2316 -3.22217 -2.35305 -0.633435 -0.639065 -5.72342 -7.73375 -8.73991 1.38841 0.218641 0.53838 -5.40971 -8.78369
96.61 -7.93371 -7.75418 1.85199 1.1038 0.470602 -2.61027 -9.04469 -0.819858 -11.3725 0.846658 9.59206 3.1351 -5.15697 -7.21998 2.1684 -11.2206 -0.753827 10.2376 2.42429 -5.81947 -1.18085 2.08982 -9.44285 -3.86537 4.98119 0.597807 -3.56494 2.14588 -4.09197 -7.36804 -4.88758 -0.898231 -1.18181 -1.72905 0.0672163 -7.23346 -7.23884 -3.53821 -2.70445 -0.754815 -0.545655 -5.21228 -8.49805 -8.30584 1.08777 -0.271798 0.27233 -4.83131 -8.42798
96.66 -8.52004 -7.55765 1.17092 0.245942 0.228103 -2.17617 -8.8072 -1.55494 -11.1302 1.03247 9.02552 3.03098 -5.01593 -7.98364 1.82488 -11.3367 -0.469624 10.6947 2.59607 -5.80962 -1.72012 2.67602 -9.82414 -3.37857 5.87292 0.950458 -4.0727 1.79226 -3.6357 -7.42445 -5.00604 -0.285854 -1.14103 -1.85805 0.815083 -6.74888 -7.24923 -3.81158 -2.92677 -0.863547 -0.517106 -4.68254 -9.0913 -7.98297 0.687776 -0.77454 0.0429163 -4.26424 -8.00036
96.71 -9.00653 -7.4265 0.498516 -0.543622 0.0125729 -1.77983 -8.50677 -2.54155 -10.7009 1.19605 8.44252 2.81046 -4.8623 -8.63397 1.46164 -11.4288 -0.230531 11.0348 2.75151 -5.75384 -2.3154 2.99242 -10.1511 -2.89484 6.7322 1.26153 -4.56244 1.35641 -3.11351 -7.5135 -5.10574 0.37612 -1.06258 -1.99138 1.44632 -6.266 -7.26212 -4.04199 -3.0002 -0.958792 -0.54392 -4.11616 -9.53076 -7.75148 0.236015 -1.2798 -0.157044 -3.73332 -7.52944
96.76 -9.3786 -7.34249 -0.139569 -1.25916 -0.180226 -1.43094 -8.16187 -3.73829 -10.0824 1.31214 7.80897 2.4707 -4.67593 -9.1602 1.08201 -11.4962 -0.0278398 11.218 2.88839 -5.66672 -3.01191 3.08456 -10.433 -2.42011 7.55136 1.53791 -4.99926 0.875163 -2.4683 -7.66132 -5.15706 1.10917 -0.928922 -2.13628 1.94139 -5.79684 -7.2777 -4.23242 -2.90547 -1.03893 -0.612131 -3.49131 -9.82484 -7.58914 -0.227065 -1.76947 -0.333456 -3.25303 -7.03628
96.81 -9.6137 -7.29146 -0.737368 -1.89821 -0.353858 -1.13818 -7.78736 -4.89674 -9.40694 1.33749 7.07319 2.07832 -4.43423 -9.54786 0.684079 -11.5359 0.149786 11.1858 3.0023 -5.5579 -3.83734 3.00553 -10.676 -1.96123 8.32009 1.78629 -5.36123 0.373949 -1.60486 -7.91523 -5.11403 1.92521 -0.708579 -2.31066 2.28633 -5.3451 -7.2969 -4.38853 -2.63611 -1.10167 -0.708302 -2.78832 -9.97506 -7.47665 -0.677462 -2.22206 -0.490771 -2.82937 -6.53425
96.86 -9.68559 -7.26238 -1.30303 -2.45898 -0.51116 -0.911893 -7.39444 -5.88305 -8.80033 1.22575 6.20164 1.69342 -4.12808 -9.78585 0.258464 -11.541 0.313801 10.9067 3.08607 -5.43459 -4.77056 2.81177 -10.8842 -1.52979 9.02787 2.01196 -5.63279 -0.132722 -0.459777 -8.31875 -4.92014 2.81213 -0.372111 -2.55028 2.46458 -4.90835 -7.32138 -4.51857 -2.21438 -1.14427 -0.822587 -1.99973 -9.97951 -7.3992 -1.10589 -2.61647 -0.632125 -2.46219 -6.02957
96.91 -9.57139 -7.24739 -1.8522 -2.9395 -0.65428 -0.761184 -6.99097 -6.71189 -8.31353 0.95907 5.22333 1.3384 -3.76393 -9.86985 -0.214225 -11.4984 0.472976 10.4381 3.12953 -5.30278 -5.73646 2.54987 -11.0601 -1.1386 9.66498 2.21861 -5.80411 -0.640043 0.767437 -8.81007 -4.56279 3.73493 0.0416262 -2.89491 2.4594 -4.47813 -7.35379 -4.63348 -1.68785 -1.16393 -0.949443 -1.14815 -9.83668 -7.34607 -1.51231 -2.93292 -0.759578 -2.14759 -5.52178
96.96 -9.26079 -7.24132 -2.40066 -3.3379 -0.784774 -0.687345 -6.58167 -7.41353 -7.95123 0.565634 4.2023 1.01863 -3.35931 -9.80258 -0.770429 -11.3842 0.631649 9.88 3.1182 -5.1667 -6.65087 2.24761 -11.2069 -0.796081 10.2215 2.40857 -5.8809 -1.15254 1.77972 -9.27615 -4.10771 4.65639 0.4516 -3.34101 2.27749 -4.0384 -7.39853 -4.74249 -1.09962 -1.15738 -1.08704 -0.295313 -9.54877 -7.30973 -1.90078 -3.15213 -0.87431 -1.88003 -5.00385
97.01 -8.76862 -7.24082 -2.95576 -3.6529 -0.903686 -0.680746 -6.16835 -7.99778 -7.69521 0.100541 3.18577 0.733492 -2.93742 -9.59396 -1.47709 -11.1549 0.788537 9.29039 3.0284 -5.02662 -7.46563 1.91816 -11.3278 -0.50397 10.6848 2.58286 -5.88393 -1.68586 2.48918 -9.68015 -3.62229 5.5552 0.821542 -3.83966 1.95467 -3.56441 -7.46345 -4.84528 -0.464439 -1.11941 -1.23654 0.49357 -9.12448 -7.28499 -2.27575 -3.25417 -0.976767 -1.65371 -4.46223
97.06 -8.1442 -7.24374 -3.50941 -3.88366 -1.01161 -0.724637 -5.74994 -8.46008 -7.52098 -0.385488 2.20096 0.47978 -2.52147 -9.26133 -2.42702 -10.7465 0.934419 8.677 2.82561 -4.87508 -8.16033 1.56788 -11.4246 -0.258145 11.0343 2.74121 -5.83579 -2.27109 2.91562 -10.026 -3.13633 6.4232 1.14802 -4.3353 1.53644 -3.01777 -7.5636 -4.92759 0.227988 -1.03995 -1.40224 1.17491 -8.58118 -7.26836 -2.63978 -3.21876 -1.06674 -1.46327 -3.87791
97.11 -7.4601 -7.24892 -4.03972 -4.02845 -1.10868 -0.801573 -5.32234 -8.78951 -7.4067 -0.860833 1.26677 0.253378 -2.13141 -8.82924 -3.60379 -10.1443 1.04596 8.01311 2.50039 -4.6932 -8.72075 1.20007 -11.4975 -0.0502243 11.2323 2.88182 -5.75316 -2.95305 3.09877 -10.3231 -2.65809 7.25396 1.43698 -4.78585 1.06284 -2.33307 -7.72874 -4.95927 0.99525 -0.899046 -1.59342 1.72223 -7.94565 -7.25762 -2.9927 -3.03162 -1.14347 -1.30416 -3.23034
97.16 -6.78125 -7.25601 -4.52276 -4.08286 -1.19449 -0.897723 -4.87822 -8.97441 -7.33482 -1.31168 0.397471 0.0502034 -1.78483 -8.32676 -4.77074 -9.46904 1.08027 7.25081 2.11347 -4.458 -9.13195 0.814065 -11.5444 0.131031 11.2218 3.00084 -5.64681 -3.76299 3.08488 -10.5787 -2.19205 8.03808 1.69546 -5.16312 0.562971 -1.40937 -8.0107 -4.89118 1.84209 -0.662464 -1.82992 2.11522 -7.25165 -7.2516 -3.33266 -2.69957 -1.20577 -1.17274 -2.50489
97.21 -6.1434 -7.26552 -4.94292 -4.03823 -1.26795 -1.00414 -4.40708 -9.00799 -7.29156 -1.73542 -0.397034 -0.133309 -1.49865 -7.78219 -5.77184 -8.85297 0.987869 6.35592 1.72865 -4.15872 -9.38441 0.402886 -11.5598 0.297307 10.9662 3.09191 -5.52408 -4.68534 2.92574 -10.7974 -1.74706 8.76479 1.92932 -5.44732 0.0546482 -0.219121 -8.44175 -4.66811 2.74805 -0.308219 -2.14839 2.33101 -6.53365 -7.25031 -3.65914 -2.26137 -1.2524 -1.06618 -1.70105
97.26 -5.55464 -7.27886 -5.29449 -3.88202 -1.32712 -1.11611 -3.89638 -8.8932 -7.26702 -2.13407 -1.10964 -0.300054 -1.28685 -7.21817 -6.61101 -8.35381 0.7444 5.3554 1.3715 -3.80034 -9.47804 -0.0487563 -11.5333 0.457905 10.5148 3.14609 -5.39091 -5.64907 2.67037 -10.9826 -1.33575 9.42383 2.14282 -5.62818 -0.454347 0.978674 -8.93631 -4.29201 3.67589 0.108103 -2.58098 2.35146 -5.81781 -7.25521 -3.97505 -1.77314 -1.28212 -0.982343 -0.848581
97.31 -5.00653 -7.29851 -5.5778 -3.60235 -1.36906 -1.23175 -3.33598 -8.64491 -7.25455 -2.50935 -1.73335 -0.452239 -1.15449 -6.64911 -7.31769 -7.97985 0.371467 4.31698 1.04875 -3.39925 -9.42243 -0.569879 -11.4454 0.617955 9.96746 3.15116 -5.2521 -6.56845 2.35576 -11.1381 -0.969077 10.0055 2.33869 -5.7139 -0.965445 1.91653 -9.39176 -3.83341 4.59337 0.50992 -3.11082 2.18787 -5.11528 -7.26999 -4.28265 -1.27957 -1.29308 -0.919789 -0.00992887
97.36 -4.4822 -7.3285 -5.7948 -3.198 -1.38958 -1.35069 -2.72666 -8.28902 -7.24979 -2.86046 -2.25875 -0.591393 -1.09455 -6.08052 -7.9017 -7.71428 -0.0791945 3.29348 0.760515 -2.97815 -9.2356 -1.21501 -11.2604 0.777425 9.3878 3.08759 -5.10969 -7.39187 2.00559 -11.2674 -0.652099 10.4985 2.51827 -5.72623 -1.49018 2.54209 -9.78394 -3.35052 5.48608 0.869728 -3.68374 1.87979 -4.42038 -7.30193 -4.57603 -0.801094 -1.28135 -0.87818 0.756289
97.41 -3.95842 -7.37541 -5.94567 -2.68573 -1.3828 -1.47334 -2.08742 -7.85823 -7.24986 -3.1842 -2.67219 -0.71837 -1.09168 -5.50901 -8.35787 -7.53265 -0.557447 2.31363 0.504064 -2.56025 -8.94127 -2.07328 -10.9188 0.929678 8.78916 2.92346 -4.9596 -8.09783 1.63355 -11.3723 -0.383419 10.8861 2.68158 -5.68697 -2.05385 2.88791 -10.1194 -2.86706 6.35093 1.18701 -4.24574 1.47414 -3.7059 -7.36488 -4.83791 -0.341174 -1.23839 -0.859259 1.41337
97.46 -3.40183 -7.45074 -6.02554 -2.09103 -1.33979 -1.60114 -1.45063 -7.38557 -7.25293 -3.4768 -2.95475 -0.833328 -1.12888 -4.92196 -8.67479 -7.41273 -1.03126 1.39296 0.275544 -2.16543 -8.56534 -3.19121 -10.3744 1.05693 8.15093 2.63311 -4.78711 -8.67312 1.24662 -11.4529 -0.156552 11.1374 2.82711 -5.61215 -2.69806 3.00366 -10.4075 -2.39148 7.18376 1.46826 -4.75753 1.01125 -2.90521 -7.48671 -5.03789 0.103003 -1.14599 -0.869134 1.94125
97.51 -2.75743 -7.57638 -6.02001 -1.42819 -1.245 -1.73824 -0.849071 -6.89847 -7.25796 -3.736 -3.08167 -0.935682 -1.19226 -4.29644 -8.84112 -7.3369 -1.48602 0.540506 0.0709459 -1.81035 -8.13263 -4.38951 -9.70518 1.12292 7.42876 2.25524 -4.56887 -9.10239 0.845773 -11.507 0.0386598 11.2004 2.95141 -5.51285 -3.46303 2.94731 -10.6551 -1.93203 7.9747 1.72041 -5.19257 0.520338 -1.86876 -7.72719 -5.12472 0.534773 -0.964813 -0.92429 2.32749
97.56 -1.92821 -7.79498 -5.89728 -0.69215 -1.06924 -1.89566 -0.310375 -6.41581 -7.26454 -3.96256 -3.02499 -1.02405 -1.27252 -3.59909 -8.85142 -7.29123 -1.9178 -0.238163 -0.113358 -1.51093 -7.66456 -5.4509 -9.05826 1.07773 6.57738 1.86253 -4.28855 -9.37297 0.424339 -11.529 0.213982 11.0227 3.04843 -5.39751 -4.35175 2.77926 -10.8659 -1.5012 8.71122 1.94909 -5.5294 0.0194294 -0.381256 -8.17238 -5.01774 0.957125 -0.637186 -1.06591 2.55611
97.61 -0.796363 -8.16538 -5.60253 0.128148 -0.772203 -2.09959 0.136258 -5.94795 -7.27287 -4.16115 -2.7687 -1.0963 -1.36437 -2.7937 -8.71148 -7.26537 -2.3266 -0.93885 -0.280389 -1.28187 -7.17776 -6.34104 -8.51564 0.884878 5.60059 1.49218 -3.94584 -9.4814 -0.0336135 -11.5083 0.379769 10.6199 3.10905 -5.27313 -5.3109 2.54748 -11.0417 -1.11205 9.38122 2.15838 -5.74921 -0.483446 1.3662 -8.74887 -4.67826 1.3725 -0.202576 -1.35758 2.60398
97.66 0.536398 -8.66304 -5.09706 1.0205 -0.365785 -2.39239 0.452589 -5.49766 -7.28385 -4.34109 -2.33885 -1.15005 -1.465 -1.8742 -8.44071 -7.2523 -2.71159 -1.55699 -0.432501 -1.13139 -6.68345 -7.09099 -8.09931 0.550105 4.56051 1.15524 -3.55364 -9.43499 -0.557972 -11.4256 0.542625 10.0851 3.12054 -5.14485 -6.25239 2.27818 -11.1857 -0.772839 9.97354 2.35092 -5.85378 -0.989488 2.86918 -9.27974 -4.20213 1.78031 0.218162 -1.81481 2.47194
97.71 1.71636 -9.15766 -4.42984 1.9389 0.0610196 -2.79493 0.607655 -5.06007 -7.29913 -4.51446 -1.80535 -1.18329 -1.57252 -0.90418 -8.0699 -7.24744 -3.06915 -2.08623 -0.571388 -1.05627 -6.18713 -7.7179 -7.79894 0.118546 3.52056 0.853438 -3.13328 -9.25105 -1.20396 -11.2453 0.703974 9.4992 3.06304 -5.01423 -7.11019 1.98258 -11.3021 -0.484991 10.4763 2.5281 -5.86937 -1.51005 3.95913 -9.73039 -3.6892 2.18052 0.58367 -2.38711 2.19487
97.76 2.55547 -9.58826 -3.67598 2.83914 0.452225 -3.27954 0.599737 -4.62473 -7.3215 -4.68916 -1.226 -1.19449 -1.68508 0.0237895 -7.6349 -7.24783 -3.39391 -2.51744 -0.698095 -1.04314 -5.68836 -8.22059 -7.59134 -0.355828 2.51842 0.584783 -2.70885 -8.95429 -2.06143 -10.9081 0.858277 8.88887 2.90461 -4.87636 -7.85369 1.66599 -11.3943 -0.244246 10.8723 2.69011 -5.82538 -2.0703 4.63082 -10.1165 -3.17845 2.57776 0.8947 -3.00828 1.81832
97.81 2.99913 -9.95526 -2.86139 3.70311 0.796415 -3.79649 0.450889 -4.17775 -7.35558 -4.86373 -0.612633 -1.18136 -1.80098 0.841491 -7.16859 -7.25162 -3.68122 -2.83806 -0.813023 -1.07475 -5.18081 -8.58865 -7.45296 -0.833737 1.57427 0.345672 -2.30246 -8.57255 -3.17915 -10.3673 0.988318 8.23945 2.61924 -4.71569 -8.46653 1.33204 -11.4641 -0.0424943 11.1313 2.8358 -5.74292 -2.71186 4.91613 -10.4534 -2.67855 2.97983 1.16006 -3.6258 1.38278
97.86 3.04248 -10.2694 -1.98386 4.52736 1.09719 -4.30071 0.192301 -3.69993 -7.40909 -5.027 0.0515045 -1.13922 -1.91982 1.5053 -6.69553 -7.25775 -3.92905 -3.03174 -0.915913 -1.13573 -4.65232 -8.80935 -7.36431 -1.29494 0.699424 0.13207 -1.93324 -8.13264 -4.37985 -9.69971 1.05783 7.50859 2.24507 -4.50823 -8.93269 0.982225 -11.5114 0.131095 11.2018 2.96239 -5.63507 -3.47519 4.87041 -10.7512 -2.19305 3.3919 1.38889 -4.20656 0.918268
97.91 2.79161 -10.5391 -1.0725 5.30825 1.36126 -4.76057 -0.145858 -3.15976 -7.49583 -5.15924 0.782652 -1.05874 -2.04416 1.9918 -6.23059 -7.26584 -4.13855 -3.07886 -1.00582 -1.21514 -4.08522 -8.8739 -7.30984 -1.73282 -0.0995129 -0.0598184 -1.61909 -7.65741 -5.44423 -9.05319 1.01647 6.65158 1.85519 -4.2375 -9.23944 0.613405 -11.5339 0.288412 11.033 3.06496 -5.51047 -4.3633 4.57285 -11.0169 -1.73066 3.81092 1.58889 -4.73252 0.444028
97.96 2.44463 -10.77 -0.200672 6.03708 1.59487 -5.15644 -0.539162 -2.49981 -7.64218 -5.23087 1.5834 -0.922067 -2.18203 2.30339 -5.7806 -7.27613 -4.3135 -2.96078 -1.08107 -1.30648 -3.4584 -8.7834 -7.27795 -2.14719 -0.817962 -0.233228 -1.37601 -7.16419 -6.33633 -8.5106 0.827264 5.6722 1.48719 -3.90336 -9.38316 0.216415 -11.5252 0.439707 10.6424 3.13655 -5.37603 -5.32248 4.11579 -11.2554 -1.30462 4.22554 1.76596 -5.19574 -0.0300027
98.01 2.13724 -10.9656 0.571693 6.70168 1.80319 -5.47568 -0.970374 -1.62191 -7.89629 -5.19739 2.44772 -0.697357 -2.35218 2.45949 -5.34654 -7.28951 -4.45981 -2.67256 -1.13938 -1.4064 -2.75328 -8.55225 -7.26074 -2.53852 -1.4512 -0.390725 -1.21295 -6.66431 -7.08689 -8.09408 0.495637 4.63169 1.15227 -3.51889 -9.37046 -0.226181 -11.4736 0.591555 10.1254 3.16846 -5.2377 -6.26487 3.58417 -11.4696 -0.926499 4.62061 1.92428 -5.59522 -0.501718
98.06 1.8974 -11.1288 1.22536 7.28802 1.99039 -5.70733 -1.42964 -0.457599 -8.30337 -5.00344 3.35777 -0.354459 -2.59155 2.47189 -4.92518 -7.30766 -4.58569 -2.23843 -1.17817 -1.51314 -1.96302 -8.20757 -7.25299 -2.9048 -1.99269 -0.534193 -1.12699 -6.16322 -7.71311 -7.79319 0.0664217 3.59205 0.852184 -3.10533 -9.21754 -0.746376 -11.3572 0.745905 9.56572 3.14856 -5.09937 -7.12564 3.04004 -11.6614 -0.601565 4.98074 2.06653 -5.93456 -0.976325
98.11 1.69968 -11.2624 1.7659 7.77959 2.15953 -5.84316 -1.9144 0.790507 -8.79983 -4.63825 4.28216 0.0664593 -2.94104 2.33774 -4.50842 -7.3333 -4.70187 -1.70688 -1.19481 -1.62541 -1.10976 -7.78437 -7.25129 -3.24154 -2.43307 -0.664839 -1.10483 -5.66062 -8.21409 -7.58447 -0.406894 2.58969 0.58496 -2.68627 -8.94782 -1.40235 -11.1372 0.899544 8.99659 3.05646 -4.96086 -7.87663 2.5199 -11.8315 -0.328393 5.29019 2.19406 -6.21979 -1.46774
98.16 1.5079 -11.3696 2.20762 8.15554 2.31223 -5.88916 -2.4294 1.81905 -9.26955 -4.17182 5.19079 0.482112 -3.39585 2.06572 -4.0815 -7.37087 -4.81717 -1.12077 -1.18637 -1.74206 -0.254804 -7.31794 -7.25347 -3.54376 -2.75968 -0.7832 -1.12923 -5.15031 -8.58016 -7.44415 -0.885728 1.6441 0.347021 -2.28255 -8.58819 -2.27872 -10.7551 1.04252 8.41544 2.86102 -4.81479 -8.50625 2.0404 -11.9796 -0.100821 5.52922 2.30713 -6.45763 -2.0023
98.21 1.29463 -11.4536 2.5662 8.38948 2.44852 -5.86597 -2.98628 2.54062 -9.67585 -3.67464 6.06878 0.85614 -3.90426 1.68706 -3.62195 -7.42794 -4.93056 -0.494578 -1.14816 -1.86288 0.536839 -6.83696 -7.25824 -3.8083 -2.95639 -0.889135 -1.18484 -4.61991 -8.80004 -7.35323 -1.35043 0.766291 0.134355 -1.91051 -8.16522 -3.38482 -10.1842 1.15274 7.79684 2.54693 -4.64306 -9.00314 1.60539 -12.1048 0.0904 5.6666 2.4049 -6.65444 -2.61875
98.26 1.04545 -11.5155 2.85604 8.452 2.56679 -5.79544 -3.60086 2.97544 -10.0233 -3.17722 6.91188 1.18566 -4.40875 1.23973 -3.09531 -7.51841 -5.02725 0.182473 -1.07114 -1.99008 1.2218 -6.3604 -7.26507 -4.03497 -3.00407 -0.981799 -1.26069 -4.05127 -8.86619 -7.29721 -1.79419 -0.037174 -0.0568075 -1.58407 -7.70212 -4.51966 -9.5217 1.18959 7.09731 2.16288 -4.42158 -9.3523 1.21019 -12.2054 0.256676 5.65222 2.48542 -6.81559 -3.3487
98.31 0.754759 -11.5543 3.08949 8.32426 2.66382 -5.69303 -4.28354 3.16238 -10.3219 -2.68729 7.71523 1.47702 -4.86669 0.755509 -2.4426 -7.66913 -5.07756 0.930664 -0.937341 -2.13117 1.77394 -5.89812 -7.27405 -4.22656 -2.88512 -1.05964 -1.35006 -3.42301 -8.78013 -7.26474 -2.21585 -0.761731 -0.229683 -1.31734 -7.21709 -5.50641 -8.90196 1.1035 6.27246 1.77431 -4.13623 -9.54282 0.84367 -12.279 0.409905 5.43347 2.54542 -6.94521 -4.19185
98.36 0.419466 -11.5661 3.27674 8.02171 2.73494 -5.56796 -5.02333 3.14713 -10.5789 -2.20856 8.46971 1.73749 -5.25052 0.255872 -1.56734 -7.92834 -5.0341 1.76132 -0.714685 -2.3044 2.17402 -5.45299 -7.28596 -4.38835 -2.59641 -1.1205 -1.44918 -2.7169 -8.55639 -7.24758 -2.61456 -1.40276 -0.386829 -1.12306 -6.72257 -6.3326 -8.39218 0.866512 5.31961 1.41149 -3.78926 -9.57408 0.49029 -12.3224 0.559994 5.01432 2.5806 -7.04598 -5.10477
98.41 0.0328492 -11.5428 3.42589 7.59897 2.77399 -5.42606 -5.78386 2.98289 -10.7991 -1.74969 9.16433 1.97301 -5.54145 -0.247784 -0.412693 -8.33764 -4.8393 2.66148 -0.374893 -2.54589 2.4007 -5.02273 -7.30238 -4.52837 -2.16415 -1.16197 -1.55576 -1.92728 -8.22234 -7.24024 -2.98695 -1.95396 -0.530129 -1.00652 -6.22512 -7.03074 -8.00612 0.495872 4.29471 1.08286 -3.39563 -9.45691 0.130613 -12.3299 0.71321 4.47749 2.5865 -7.11927 -6.00943
98.46 -0.422346 -11.4694 3.54306 7.11713 2.77231 -5.27173 -6.52302 2.72172 -10.9858 -1.32381 9.78815 2.18786 -5.72858 -0.75315 0.808619 -8.83012 -4.48238 3.59608 0.0397269 -2.89466 2.43436 -4.59983 -7.32584 -4.6573 -1.63744 -1.18164 -1.66787 -1.07825 -7.81293 -7.2392 -3.32735 -2.40631 -0.660807 -0.961524 -5.72558 -7.61518 -7.7293 0.0418046 3.2645 0.788975 -2.97738 -9.21202 -0.261382 -12.2921 0.871733 3.91149 2.5582 -7.16507 -6.8401
98.51 -0.984284 -11.3179 3.63203 6.61342 2.71545 -5.10749 -7.21074 2.40307 -11.1425 -0.942541 10.3298 2.38474 -5.818 -1.26716 1.80407 -9.2944 -4.02993 4.52882 0.448621 -3.34563 2.28139 -4.17018 -7.36047 -4.78405 -1.05847 -1.17688 -1.7838 -0.231427 -7.36251 -7.24224 -3.6302 -2.74763 -0.779436 -0.973304 -5.21882 -8.08139 -7.53755 -0.444423 2.27201 0.527327 -2.55739 -8.86626 -0.726336 -12.1908 1.03409 3.36186 2.48767 -7.18138 -7.56482
98.56 -1.72582 -11.0396 3.69305 6.09745 2.57801 -4.93072 -7.82832 2.05125 -11.2727 -0.610993 10.7747 2.56495 -5.83105 -1.80859 2.49346 -9.6964 -3.54755 5.43922 0.817184 -3.84972 1.97862 -3.71261 -7.41325 -4.90817 -0.441253 -1.14348 -1.90279 0.549625 -6.89813 -7.24803 -3.89243 -2.96234 -0.885941 -1.02504 -4.69351 -8.41677 -7.40803 -0.929331 1.33987 0.29419 -2.1544 -8.44798 -1.33756 -11.9904 1.196 2.84139 2.35829 -7.16184 -8.1707
98.61 -2.7299 -10.5737 3.71858 5.55615 2.32834 -4.72776 -8.35897 1.67956 -11.3784 -0.326666 11.099 2.72838 -5.79065 -2.41244 2.89976 -10.0407 -3.0639 6.31934 1.14249 -4.35207 1.57325 -3.19531 -7.49679 -5.01626 0.224701 -1.07328 -2.02657 1.2231 -6.43726 -7.25593 -4.11443 -3.03178 -0.979578 -1.10287 -4.13246 -8.6084 -7.32319 -1.39781 0.479693 0.0856015 -1.78101 -7.98294 -2.22404 -11.6258 1.35051 2.34755 2.13864 -7.09012 -8.6471
98.66 -3.92111 -9.93874 3.68412 4.95495 1.97609 -4.47218 -8.78031 1.29398 -11.46 -0.0806132 11.26 2.87328 -5.71382 -3.12344 3.0654 -10.3369 -2.58743 7.16262 1.43055 -4.8114 1.10714 -2.56427 -7.63531 -5.08105 0.959491 -0.950053 -2.16181 1.76462 -5.98884 -7.26586 -4.29965 -2.93792 -1.05893 -1.19755 -3.5147 -8.64781 -7.27096 -1.84565 -0.302293 -0.102075 -1.44459 -7.49193 -3.48425 -11.0401 1.48551 1.87159 1.80373 -6.93117 -8.97493
98.71 -5.05616 -9.27283 3.54361 4.24621 1.59154 -4.1431 -9.07037 0.893887 -11.5155 0.139999 11.1997 2.9958 -5.6118 -3.96455 3.04009 -10.5921 -2.1237 7.95952 1.68836 -5.20065 0.611036 -1.72776 -7.87381 -5.05843 1.77578 -0.743819 -2.32503 2.15749 -5.55571 -7.27832 -4.45398 -2.67506 -1.122 -1.30375 -2.82126 -8.53446 -7.2427 -2.27171 -1.00165 -0.271893 -1.15012 -6.98974 -4.90899 -10.3205 1.57792 1.40361 1.40591 -6.64277 -9.13027
98.76 -6.03144 -8.68831 3.24877 3.40951 1.22678 -3.74474 -9.22027 0.471818 -11.5399 0.347364 10.8976 3.0897 -5.49254 -4.90837 2.87894 -10.8109 -1.68264 8.69924 1.92174 -5.50102 0.104076 -0.6073 -8.26127 -4.89049 2.66337 -0.421702 -2.55006 2.38366 -5.13638 -7.29447 -4.5858 -2.26556 -1.16652 -1.41837 -2.04399 -8.28069 -7.23094 -2.67347 -1.61329 -0.426231 -0.903391 -6.48511 -6.20018 -9.61843 1.59254 0.936152 1.02515 -6.21932 -9.10747
98.81 -6.86889 -8.22659 2.78504 2.49081 0.897849 -3.30079 -9.23619 0.0125715 -11.5228 0.549214 10.4238 3.14655 -5.36257 -5.87649 2.63208 -10.9964 -1.27717 9.37166 2.13494 -5.69998 -0.404906 0.631356 -8.75079 -4.55448 3.58913 -0.0124917 -2.87891 2.42379 -4.72508 -7.31631 -4.70625 -1.75751 -1.1903 -1.53921 -1.20074 -7.91458 -7.22964 -3.04583 -2.12977 -0.566777 -0.712329 -5.9809 -7.27063 -9.0072 1.49176 0.463388 0.690481 -5.69742 -8.92633
98.86 -7.5987 -7.88679 2.18769 1.56311 0.60602 -2.84136 -9.13468 -0.511948 -11.4454 0.747656 9.87817 3.15496 -5.22713 -6.78992 2.33374 -11.1518 -0.917697 9.96714 2.33072 -5.80029 -0.916377 1.67523 -9.22465 -4.10956 4.51615 0.400971 -3.31512 2.27996 -4.3102 -7.34717 -4.82581 -1.19679 -1.19115 -1.66425 -0.348582 -7.47416 -7.23467 -3.38234 -2.5404 -0.694523 -0.584862 -5.47415 -8.13141 -8.51223 1.25608 -0.0201391 0.402836 -5.12664 -8.62028
98.91 -8.23319 -7.64827 1.51938 0.675144 0.348011 -2.39344 -8.93737 -1.15451 -11.2729 0.939598 9.31508 3.09631 -5.08857 -7.6082 2.00273 -11.2806 -0.608397 10.4747 2.51052 -5.82156 -1.44083 2.41362 -9.63727 -3.6269 5.42224 0.776308 -3.81337 1.98546 -3.874 -7.39269 -4.94669 -0.602813 -1.16582 -1.79198 0.446887 -6.99675 -7.2436 -3.67772 -2.83078 -0.809756 -0.523972 -4.95579 -8.80909 -8.13467 0.901106 -0.517197 0.155707 -4.54997 -8.22529
98.96 -8.77181 -7.48641 0.837943 -0.150314 0.119303 -1.97638 -8.66648 -2.00369 -10.9464 1.11663 8.74319 2.93923 -4.94315 -8.31728 1.64889 -11.3848 -0.347183 10.878 2.67444 -5.78695 -2.00236 2.86225 -9.99068 -3.14048 6.2988 1.10782 -4.31768 1.58623 -3.3906 -7.46282 -5.05879 0.0312495 -1.10808 -1.92262 1.14069 -6.51087 -7.25525 -3.92983 -2.98269 -0.912027 -0.524165 -4.41066 -9.32533 -7.85943 0.46982 -1.02301 -0.0584322 -3.99822 -7.77332
99.01 -9.20455 -7.38036 0.180505 -0.903995 -0.0845876 -1.60228 -8.34215 -3.11609 -10.4151 1.26123 8.14113 2.65566 -4.77656 -8.90845 1.27746 -11.465 -0.127235 11.1476 2.82117 -5.71435 -2.64175 3.06252 -10.2945 -2.66058 7.13958 1.40097 -4.78488 1.12421 -2.81743 -7.57628 -5.13937 0.725595 -1.00552 -2.06022 1.70704 -6.0338 -7.26939 -4.14009 -2.97566 -1.00011 -0.573097 -3.81838 -9.69294 -7.66452 0.00842475 -1.52322 -0.246197 -3.49089 -7.28935
99.06 -9.51264 -7.3141 -0.437548 -1.58225 -0.267586 -1.27974 -7.98111 -4.32497 -9.74845 1.33906 7.46407 2.28002 -4.56527 -9.36848 0.88952 -11.5195 0.0616647 11.2327 2.9475 -5.61558 -3.40059 3.06364 -10.5567 -2.19245 7.93536 1.66286 -5.18719 0.630697 -2.07909 -7.76887 -5.15131 1.49911 -0.83415 -2.21637 2.13021 -5.57314 -7.28658 -4.31283 -2.7946 -1.07204 -0.656517 -3.15719 -9.91657 -7.52877 -0.450406 -1.99741 -0.412774 -3.03806 -6.79063
99.11 -9.67095 -7.27502 -1.01793 -2.18314 -0.432899 -1.01822 -7.59639 -5.40254 -9.09622 1.30197 6.6625 1.88659 -4.29204 -9.68371 0.479714 -11.5433 0.231296 11.0784 3.04771 -5.49883 -4.28521 2.92154 -10.7823 -1.74536 8.67546 1.89955 -5.50655 0.125621 -1.07426 -8.09477 -5.04062 2.35315 -0.558 -2.41714 2.39583 -5.12939 -7.30811 -4.45493 -2.44568 -1.12525 -0.76253 -2.41186 -9.9956 -7.43504 -0.890481 -2.42402 -0.561941 -2.64242 -6.28694
99.16 -9.6539 -7.25364 -1.57336 -2.70481 -0.583016 -0.828199 -7.19751 -6.30691 -8.54554 1.11358 5.73117 1.51502 -3.95584 -9.84629 0.0342495 -11.5272 0.392087 10.694 3.11318 -5.37068 -5.24604 2.68967 -10.9743 -1.33223 9.34976 2.11551 -5.72946 -0.3814 0.154339 -8.55711 -4.76241 3.26279 -0.173249 -2.70494 2.48537 -4.69734 -7.33606 -4.57611 -1.96605 -1.15696 -0.883423 -1.58677 -9.92785 -7.37064 -1.30776 -2.78261 -0.696279 -2.30165 -5.7812
99.21 -9.44343 -7.24354 -2.12053 -3.14525 -0.719783 -0.715722 -6.79077 -7.07085 -8.1211 0.778747 4.72434 1.17711 -3.56916 -9.85531 -0.473322 -11.4535 0.550794 10.1706 3.13199 -5.23643 -6.1953 2.40562 -11.1355 -0.964266 9.94868 2.31377 -5.85249 -0.890082 1.30066 -9.04579 -4.34674 4.18879 0.246603 -3.10347 2.39053 -4.26497 -7.37382 -4.6874 -1.4054 -1.16424 -1.01558 -0.725568 -9.71325 -7.32652 -1.70477 -3.05379 -0.817394 -2.01086 -5.26973
99.26 -9.03984 -7.24054 -2.67218 -3.50286 -0.844494 -0.676658 -6.37945 -7.71481 -7.8139 0.34295 3.70118 0.874617 -3.15306 -9.71703 -1.09252 -11.2899 0.709159 9.59331 3.08596 -5.09872 -7.06455 2.08895 -11.2693 -0.646658 10.4614 2.49599 -5.8901 -1.41 2.16519 -9.48214 -3.8708 5.1007 0.638645 -3.58267 2.13394 -3.81217 -7.42715 -4.79422 -0.794201 -1.14315 -1.15869 0.102812 -9.35687 -7.2964 -2.08615 -3.2181 -0.926091 -1.76423 -4.74226
99.31 -8.47462 -7.24192 -3.22862 -3.77667 -0.957971 -0.697098 -5.96396 -8.24036 -7.601 -0.137664 2.69751 0.605378 -2.73135 -9.44495 -1.90802 -10.9807 0.862475 8.9935 2.94511 -4.95463 -7.82221 1.74871 -11.3782 -0.378059 10.8723 2.66259 -5.86552 -1.96378 2.73137 -9.85643 -3.38325 5.9851 0.986799 -4.08611 1.75876 -3.3086 -7.50678 -4.88967 -0.133154 -1.08656 -1.31537 0.843085 -8.87144 -7.27599 -2.4556 -3.25515 -1.02249 -1.55613 -4.1823
99.36 -7.81156 -7.24604 -3.77402 -3.9656 -1.06059 -0.759213 -5.54174 -8.63903 -7.45862 -0.621164 1.73547 0.365589 -2.32581 -9.06009 -2.98761 -10.4706 0.995645 8.36041 2.67899 -4.79122 -8.45293 1.3896 -11.4634 -0.152087 11.1536 2.81257 -5.79879 -2.59072 3.03314 -10.1773 -2.90059 6.83582 1.29397 -4.56392 1.30901 -2.70482 -7.63376 -4.95203 0.594117 -0.980324 -1.49194 1.46137 -8.27902 -7.26245 -2.81436 -3.14622 -1.1061 -1.38157 -3.56936
99.41 -7.12352 -7.25215 -4.28376 -4.06686 -1.15223 -0.846999 -5.10716 -8.89886 -7.36709 -1.08536 0.831603 0.151063 -1.95493 -8.58975 -4.19241 -9.81226 1.07569 7.65464 2.31338 -4.58558 -8.94187 1.0133 -11.524 0.0412515 11.2569 2.94322 -5.70346 -3.33392 3.11343 -10.4533 -2.42758 7.64503 1.56715 -4.98141 0.81961 -1.91641 -7.84868 -4.94211 1.4013 -0.797434 -1.70187 1.93556 -7.61036 -7.2541 -3.16115 -2.88519 -1.1759 -1.23644 -2.88475
99.46 -6.46226 -7.26031 -4.73724 -4.07406 -1.23216 -0.94901 -4.65128 -9.00987 -7.31073 -1.52281 -0.00202265 -0.0420623 -1.63593 -8.06335 -5.28406 -9.15438 1.05329 6.82849 1.9222 -4.31924 -9.27584 0.616268 -11.5564 0.213792 11.1263 3.0495 -5.58827 -4.20459 3.02173 -10.6904 -1.97042 8.40233 1.81293 -5.31511 0.314021 -0.849637 -8.20576 -4.80328 2.28118 -0.502085 -1.97315 2.24473 -6.90058 -7.25033 -3.49436 -2.49449 -1.23067 -1.11752 -2.11958
99.51 -5.84877 -7.27146 -5.12399 -3.9764 -1.29891 -1.05853 -4.16231 -8.96959 -7.27766 -1.93392 -0.757173 -0.217032 -1.38489 -7.50689 -6.20144 -8.59221 0.887069 5.87435 1.54937 -3.98953 -9.4498 0.187816 -11.553 0.376352 10.763 3.12375 -5.45974 -5.15862 2.80989 -10.8922 -1.54034 9.09708 2.03637 -5.54891 -0.195026 0.389686 -8.68474 -4.49902 3.20274 -0.105986 -2.34598 2.36562 -6.18123 -7.25178 -3.81514 -2.02485 -1.26918 -1.02233 -1.28556
99.56 -5.28164 -7.2875 -5.44184 -3.76074 -1.35007 -1.17241 -3.62807 -8.78672 -7.25971 -2.32103 -1.42715 -0.376403 -1.21217 -6.93916 -6.97307 -8.15545 0.574771 4.84688 1.20881 -3.60763 -9.46847 -0.293053 -11.4996 0.53634 10.253 3.15568 -5.32332 -6.10969 2.52172 -11.0623 -1.14986 9.71939 2.24097 -5.6809 -0.704297 1.47798 -9.16742 -4.07284 4.12847 0.309707 -2.8317 2.29219 -5.47154 -7.26088 -4.12706 -1.52993 -1.29001 -0.949058 -0.431415
99.61 -4.74767 -7.3116 -5.69242 -3.41898 -1.38212 -1.28966 -3.04251 -8.48187 -7.25146 -2.68473 -2.00405 -0.522048 -1.11688 -6.37019 -7.61953 -7.83755 0.156702 3.81092 0.903203 -3.19373 -9.34582 -0.865978 -11.37 0.696467 9.68541 3.13024 -5.18277 -6.98604 2.18743 -11.2046 -0.807358 10.2592 2.42876 -5.72765 -1.21991 2.26102 -9.59181 -3.59753 5.03458 0.691969 -3.39007 2.05187 -4.77458 -7.28285 -4.42911 -1.04255 -1.29055 -0.896723 0.377681
99.66 -4.22699 -7.34884 -5.8772 -2.95862 -1.39012 -1.41033 -2.41503 -8.08498 -7.24935 -3.02291 -2.47655 -0.655165 -1.0871 -5.80114 -8.14204 -7.6162 -0.312765 2.80629 0.630993 -2.77146 -9.10308 -1.60316 -11.1167 0.853753 9.09719 3.02201 -5.03765 -7.7536 1.82529 -11.3218 -0.514594 10.7033 2.60045 -5.71228 -1.75952 2.74377 -9.95492 -3.11283 5.91385 1.0303 -3.96354 1.69029 -4.07528 -7.32767 -4.70994 -0.573333 -1.265 -0.86583 1.09372
99.71 -3.69224 -7.40778 -5.99431 -2.40301 -1.36697 -1.53521 -1.77264 -7.62976 -7.25107 -3.3318 -2.82853 -0.776272 -1.10589 -5.2242 -8.53147 -7.46732 -0.791623 1.85402 0.388749 -2.36265 -8.76549 -2.59414 -10.6761 0.996972 8.4834 2.79642 -4.87919 -8.39721 1.44543 -11.4149 -0.267491 11.0291 2.75533 -5.65394 -2.35677 2.97 -10.2661 -2.63242 6.76388 1.329 -4.50489 1.25218 -3.33061 -7.41461 -4.94626 -0.121588 -1.20101 -0.859841 1.68925
99.76 -3.10152 -7.50406 -6.03495 -1.77436 -1.30117 -1.66677 -1.14938 -7.14709 -7.2552 -3.60813 -3.03819 -0.88517 -1.15738 -4.62182 -8.77573 -7.37098 -1.25709 0.965949 0.172447 -1.98533 -8.35878 -3.78662 -10.0519 1.09995 7.81052 2.45371 -4.68717 -8.90286 1.05199 -11.483 -0.0575841 11.1957 2.89103 -5.56595 -3.05676 2.99369 -10.5337 -2.16344 7.57767 1.59518 -4.98184 0.772619 -2.4404 -7.58421 -5.09901 0.316132 -1.07189 -0.888777 2.14912
99.81 -2.38193 -7.66824 -5.97738 -1.07719 -1.17144 -1.81177 -0.57537 -6.66036 -7.26099 -3.85101 -3.0784 -0.980885 -1.22992 -3.96579 -8.86562 -7.31146 -1.70068 0.149115 -0.0217788 -1.65556 -7.90633 -4.93265 -9.3782 1.11765 7.02885 2.06127 -4.43953 -9.25538 0.6424 -11.5223 0.126421 11.1447 3.0029 -5.45782 -3.88536 2.87538 -10.763 -1.71629 8.3435 1.83521 -5.37138 0.275201 -1.20172 -7.91752 -5.10183 0.742891 -0.824385 -0.978988 2.46077
99.86 -1.41422 -7.9553 -5.77807 -0.300502 -0.940477 -1.98741 -0.0776323 -6.18414 -7.26837 -4.06299 -2.92395 -1.06165 -1.31633 -3.21931 -8.80067 -7.27657 -2.12116 -0.591817 -0.197275 -1.38905 -7.42733 -5.90696 -8.77672 1.00241 6.11092 1.67708 -4.12773 -9.44621 0.205737 -11.5251 0.295965 10.8484 3.08339 -5.33726 -4.81871 2.67144 -10.9563 -1.30446 9.04883 2.05396 -5.65246 -0.227097 0.480541 -8.45273 -4.87664 1.16169 -0.428627 -1.18722 2.60312
99.91 -0.145734 -8.4016 -5.38005 0.559124 -0.581477 -2.22964 0.310161 -5.72504 -7.27785 -4.25098 -2.57577 -1.12512 -1.41274 -2.35468 -8.59333 -7.25769 -2.51856 -1.25267 -0.356736 -1.19815 -6.93579 -6.72477 -8.29581 0.736237 5.09387 1.32252 -3.75849 -9.47713 -0.279833 -11.4772 0.459782 10.3679 3.12182 -5.2105 -5.77994 2.41917 -11.116 -0.939199 9.68211 2.25479 -5.8136 -0.730796 2.15131 -9.0196 -4.45403 1.57355 0.00982664 -1.56333 2.56007
99.96 1.15136 -8.9122 -4.78453 1.47099 -0.154028 -2.57686 0.549631 -5.28201 -7.29066 -4.42626 -2.08554 -1.16901 -1.51698 -1.39874 -8.26914 -7.2491 -2.8907 -1.82815 -0.502191 -1.08578 -6.44017 -7.41358 -7.93883 0.347025 4.04756 1.0029 -3.3495 -9.36055 -0.854754 -11.3525 0.622094 9.80132 3.10264 -5.08119 -6.68606 2.1361 -11.246 -0.625404 10.2322 2.4397 -5.87058 -1.2418 3.45705 -9.50996 -3.95162 1.97737 0.404648 -2.08535 2.35134
100.01 2.17501 -9.3774 -4.06807 2.38439 0.258643 -3.02534 0.623144 -4.84705 -7.30898 -4.59982 -1.52518 -1.19164 -1.62722 -0.438841 -7.86239 -7.24711 -3.23286 -2.31066 -0.635013 -1.04314 -5.94307 -7.98048 -7.68708 -0.111667 3.02281 0.717739 -2.92418 -9.1179 -1.59184 -11.1039 0.781237 9.20304 3.00031 -4.94819 -7.49022 1.82968 -11.3502 -0.361463 10.6853 2.60949 -5.85371 -1.77763 4.33937 -9.92677 -3.43756 2.37525 0.742521 -2.68938 2.01989
100.06 2.82435 -9.77553 -3.28419 3.26775 0.626836 -3.53212 0.542472 -4.40798 -7.33637 -4.77528 -0.93015 -1.1913 -1.74157 0.441767 -7.40836 -7.24934 -3.5397 -2.68943 -0.755933 -1.0541 -5.44115 -8.41873 -7.51613 -0.591431 2.04727 0.464072 -2.50605 -8.77596 -2.58189 -10.6675 0.926833 8.57739 2.78016 -4.80184 -8.17155 1.5042 -11.4313 -0.141046 11.0191 2.76373 -5.78879 -2.37181 4.81617 -10.2872 -2.93176 2.77389 1.02996 -3.31407 1.60996
100.11 3.06727 -10.1153 -2.43842 4.11245 0.948951 -4.04767 0.335801 -3.94881 -7.37873 -4.94625 -0.294557 -1.16476 -1.85883 1.18828 -6.93629 -7.25437 -3.8077 -2.95007 -0.865032 -1.10178 -4.92521 -8.71602 -7.40433 -1.06266 1.13606 0.237971 -2.11561 -8.36253 -3.77548 -10.0458 1.033 7.89442 2.44181 -4.62119 -8.71444 1.16252 -11.4902 0.0454169 11.1932 2.90053 -5.6926 -3.06961 4.93067 -10.6038 -2.43826 3.18064 1.27633 -3.91663 1.15715
100.16 2.9443 -10.4068 -1.53704 4.9162 1.23088 -4.53325 0.0347139 -3.44554 -7.44625 -5.0973 0.401287 -1.10538 -1.97979 1.76655 -6.4659 -7.26148 -4.03641 -3.07445 -0.961715 -1.17287 -4.38029 -8.86074 -7.33414 -1.51269 0.297801 0.0354624 -1.77121 -7.90277 -4.92453 -9.373 1.05443 7.10552 2.05256 -4.38374 -9.10351 0.80413 -11.5258 0.209579 11.1502 3.01609 -5.5756 -3.89712 4.75029 -10.8852 -1.96261 3.59709 1.49017 -4.47205 0.68608
100.21 2.62212 -10.657 -0.63527 5.67292 1.4793 -4.9636 -0.333109 -2.85615 -7.55776 -5.20429 1.16689 -1.00033 -2.10926 2.1654 -6.00785 -7.27058 -4.22835 -3.04243 -1.04468 -1.25871 -3.78657 -8.84832 -7.29195 -1.93891 -0.462197 -0.146999 -1.49019 -7.41692 -5.90141 -8.77169 0.942982 6.1835 1.67093 -4.08099 -9.33012 0.423064 -11.5341 0.362857 10.8641 3.10444 -5.44537 -4.8302 4.36293 -11.1371 -1.51633 4.01573 1.6783 -4.96774 0.211215
100.26 2.28522 -10.8701 0.192599 6.3719 1.69992 -5.32326 -0.746699 -2.10378 -7.74952 -5.23106 2.0001 -0.825364 -2.25964 2.39821 -5.56583 -7.28222 -4.38839 -2.83996 -1.11194 -1.35454 -3.12318 -8.68619 -7.26805 -2.34204 -1.13952 -0.312326 -1.28592 -6.91938 -6.72052 -8.2907 0.680244 5.16509 1.31856 -3.7199 -9.39567 0.0065794 -11.5063 0.513875 10.3982 3.15778 -5.30837 -5.7918 3.8599 -11.3633 -1.11268 4.42271 1.84575 -5.39948 -0.261495
100.31 2.01213 -11.0495 0.907117 6.99998 1.89742 -5.60092 -1.19245 -1.08262 -8.07712 -5.1251 2.89008 -0.543884 -2.45795 2.48356 -5.13866 -7.29767 -4.52348 -2.47514 -1.16101 -1.45798 -2.37595 -8.39532 -7.256 -2.72153 -1.72874 -0.46275 -1.16181 -6.41859 -7.4093 -7.9334 0.29383 4.1189 1.00081 -3.31822 -9.31166 -0.468776 -11.4265 0.667013 9.85308 3.16617 -5.16974 -6.69963 3.31605 -11.5664 -0.760443 4.80254 1.99594 -5.76882 -0.733498
100.36 1.79747 -11.1978 1.50381 7.54213 2.07547 -5.78601 -1.66409 0.167167 -8.54434 -4.8426 3.81148 -0.151972 -2.74797 2.42448 -4.72095 -7.31907 -4.64319 -1.98672 -1.18926 -1.56759 -1.54928 -8.00755 -7.25156 -3.07397 -2.22201 -0.599821 -1.10921 -5.91715 -7.97495 -7.68087 -0.163074 3.09431 0.717221 -2.8991 -9.09822 -1.04617 -11.2655 0.821768 9.28732 3.11415 -5.0317 -7.50854 2.78054 -11.7475 -0.461418 5.13991 2.13088 -6.08079 -1.21395
100.41 1.60689 -11.3181 1.99391 7.97993 2.23644 -5.87585 -2.16264 1.33233 -9.03756 -4.41681 4.73109 0.274454 -3.15356 2.22 -4.30151 -7.34987 -4.75828 -1.4246 -1.19403 -1.68212 -0.686199 -7.55903 -7.25197 -3.39434 -2.60839 -0.724416 -1.11202 -5.41193 -8.41121 -7.50841 -0.642657 2.11802 0.464854 -2.48524 -8.78098 -1.7998 -10.9738 0.971985 8.71418 2.97555 -4.89102 -8.20118 2.27919 -11.9069 -0.211597 5.41778 2.25135 -6.34194 -1.72231
100.46 1.40716 -11.4136 2.39294 8.28986 2.38119 -5.88497 -2.69634 2.21092 -9.47679 -3.92911 5.6256 0.671329 -3.64232 1.89093 -3.86195 -7.39576 -4.8736 -0.818903 -1.17177 -1.80074 0.144591 -7.08245 -7.25553 -3.67829 -2.87353 -0.836744 -1.15339 -4.89369 -8.70688 -7.39437 -1.11604 1.20463 0.239807 -2.09525 -8.38712 -2.80081 -10.4957 1.10274 8.11909 2.72036 -4.73531 -8.76744 1.82161 -12.044 -0.00316436 5.61195 2.35708 -6.55892 -2.29189
100.51 1.17739 -11.4867 2.71612 8.44324 2.50894 -5.83617 -3.27955 2.78743 -9.85299 -3.42996 6.48684 1.02299 -4.15524 1.47405 -3.37492 -7.46688 -4.98154 -0.170117 -1.11607 -1.92417 0.888012 -6.60188 -7.26134 -3.92409 -2.99963 -0.93632 -1.22002 -4.3471 -8.85187 -7.32217 -1.57082 0.362644 0.0381284 -1.74385 -7.94185 -3.9534 -9.86113 1.18314 7.46701 2.36254 -4.54192 -9.19372 1.40715 -12.1574 0.174309 5.68224 2.44672 -6.73764 -2.9617
100.56 0.908246 -11.5375 2.9769 8.41323 2.61729 -5.74851 -3.92719 3.09545 -10.1753 -2.93582 7.31134 1.33286 -4.64116 1.00527 -2.79606 -7.58237 -5.06021 0.539396 -1.01424 -2.05675 1.51043 -6.13158 -7.26917 -4.13305 -2.9673 -1.02195 -1.30312 -3.7519 -8.84243 -7.27893 -2.00376 -0.402651 -0.143703 -1.44491 -7.46607 -5.02542 -9.20662 1.16538 6.71013 1.97022 -4.28983 -9.46587 1.02773 -12.2451 0.332769 5.57235 2.51767 -6.8829 -3.74964
100.61 0.596146 -11.5638 3.18655 8.195 2.70228 -5.63411 -4.64105 3.17699 -10.4527 -2.45071 8.09204 1.60822 -5.0655 0.511456 -2.04806 -7.77896 -5.07164 1.3279 -0.84172 -2.21034 1.99036 -5.6777 -7.27945 -4.3092 -2.76388 -1.09176 -1.39761 -3.08721 -8.68616 -7.25481 -2.4144 -1.08689 -0.308587 -1.21243 -6.9752 -5.92949 -8.63643 1.00617 5.81866 1.59234 -3.97306 -9.57763 0.669818 -12.3043 0.483423 5.24907 2.56606 -6.99812 -4.63537
100.66 0.23699 -11.5598 3.35422 7.82526 2.75855 -5.50017 -5.39653 3.08177 -10.6913 -1.98026 8.81855 1.85582 -5.40576 0.00900502 -1.03076 -8.11103 -4.96026 2.19597 -0.562366 -2.41142 2.30836 -5.24044 -7.29332 -4.45913 -2.39954 -1.14341 -1.50064 -2.33956 -8.40425 -7.24301 -2.8008 -1.68481 -0.458748 -1.05631 -6.47878 -6.68954 -8.18787 0.698711 4.8214 1.24591 -3.60076 -9.53407 0.316077 -12.331 0.634518 4.75939 2.58743 -7.08532 -5.55438
100.71 -0.180115 -11.5144 3.48706 7.36702 2.77896 -5.35169 -6.15127 2.86409 -10.8946 -1.53586 9.47981 2.08077 -5.64631 -0.495232 0.200588 -8.5772 -4.68146 3.11807 -0.175213 -2.70242 2.44181 -4.81512 -7.3128 -4.5923 -1.91447 -1.17449 -1.61017 -1.51508 -8.02872 -7.2391 -3.15827 -2.18884 -0.595746 -0.9763 -5.98057 -7.33155 -7.85815 0.280115 3.78684 0.934498 -3.19211 -9.35119 -0.0555673 -12.3179 0.790309 4.1997 2.57727 -7.14523 -6.42874
100.76 -0.681037 -11.4073 3.59009 6.87164 2.75258 -5.1924 -6.86807 2.57079 -11.0661 -1.13074 10.0648 2.28656 -5.78352 -1.00333 1.33432 -9.06508 -4.26744 4.05547 0.244284 -3.10556 2.38088 -4.39109 -7.34109 -4.71947 -1.35843 -1.18256 -1.72433 -0.658273 -7.59525 -7.24028 -3.48084 -2.58847 -0.720483 -0.961279 -5.4785 -7.85931 -7.62615 -0.195213 2.77127 0.65684 -2.77032 -9.05327 -0.476818 -12.252 0.951091 3.63857 2.52964 -7.177 -7.20979
100.81 -1.31954 -11.2013 3.66566 6.36221 2.66019 -5.02287 -7.52336 2.23363 -11.2095 -0.773705 10.5612 2.47519 -5.83242 -1.52753 2.17987 -9.49936 -3.79458 4.97876 0.634978 -3.58985 2.14869 -3.95089 -7.38349 -4.84577 -0.760779 -1.16445 -1.84175 0.162972 -7.13519 -7.24479 -3.76394 -2.86986 -0.833216 -0.99465 -4.96444 -8.26309 -7.46748 -0.683704 1.80641 0.409672 -2.35669 -8.66848 -1.00126 -12.1082 1.11391 3.10289 2.43314 -7.17696 -7.87738
100.86 -2.18361 -10.8369 3.711 5.83677 2.47083 -4.83588 -8.10068 1.87091 -11.3275 -0.466067 10.9509 2.64727 -5.8167 -2.09414 2.72564 -9.87187 -3.30976 5.875 0.981836 -4.09926 1.7898 -3.46901 -7.44924 -4.96453 -0.121942 -1.1144 -1.96264 0.895176 -6.67094 -7.25166 -4.00619 -3.01577 -0.933545 -1.06063 -4.42408 -8.52939 -7.3617 -1.16156 0.908547 0.189059 -1.96702 -8.22432 -1.7281 -11.8372 1.27327 2.59632 2.26429 -7.13485 -8.42144
100.91 -3.30601 -10.2761 3.71161 5.2717 2.1646 -4.61076 -8.58083 1.49207 -11.4215 -0.201957 11.2019 2.80194 -5.75671 -2.74539 3.00816 -10.1915 -2.82904 6.73806 1.28798 -4.58467 1.35005 -2.90474 -7.55564 -5.05574 0.575299 -1.02095 -2.09075 1.50628 -6.21549 -7.26053 -4.20956 -3.007 -1.02039 -1.14761 -3.83789 -8.64702 -7.29408 -1.6201 0.0861178 -0.00885166 -1.61107 -7.74431 -2.79935 -11.3652 1.42027 2.11253 1.98788 -7.026 -8.82805
100.96 -4.49615 -9.60708 3.63181 4.6234 1.78718 -4.32032 -8.93991 1.09988 -11.4907 0.0299362 11.2612 2.9365 -5.66639 -3.52002 3.07348 -10.4668 -2.35791 7.55993 1.56038 -5.01235 0.866128 -2.18675 -7.7361 -5.08437 1.34963 -0.861719 -2.23675 1.97687 -5.77451 -7.2716 -4.37875 -2.82952 -1.09204 -1.24842 -3.18493 -8.61091 -7.25459 -2.05743 -0.655892 -0.187429 -1.29461 -7.24635 -4.1857 -10.693 1.53811 1.6416 1.61047 -6.80751 -9.07369
101.01 -5.55414 -8.97209 3.42038 3.85049 1.40862 -3.9552 -9.16133 0.690359 -11.5319 0.242747 11.0794 3.04591 -5.55504 -4.41864 2.97463 -10.7038 -1.90376 8.33011 1.80557 -5.36006 0.362984 -1.21207 -8.0445 -4.99749 2.20386 -0.600915 -2.42483 2.29058 -5.34856 -7.28568 -4.52081 -2.48992 -1.14629 -1.35906 -2.45031 -8.42615 -7.23529 -2.47205 -1.31298 -0.3494 -1.0227 -6.74224 -5.56841 -9.96777 1.59728 1.17465 1.21416 -6.45035 -9.14059
101.06 -6.4571 -8.44587 3.04131 2.9644 1.06072 -3.53084 -9.24397 0.252569 -11.5376 0.44679 10.6799 3.12282 -5.42977 -5.38582 2.76603 -10.9059 -1.47857 9.03803 2.02862 -5.61159 -0.145485 0.00768693 -8.49673 -4.74455 3.11512 -0.226533 -2.6967 2.42728 -4.93423 -7.3043 -4.64554 -2.02541 -1.1809 -1.47699 -1.63591 -8.11292 -7.22929 -2.86016 -1.87906 -0.496806 -0.802188 -6.23781 -6.75292 -9.30504 1.55945 0.705304 0.854885 -5.97258 -9.03651
101.11 -7.23914 -8.04574 2.50509 2.03315 0.750236 -3.07557 -9.1998 -0.234013 -11.494 0.647044 10.1605 3.15764 -5.29659 -6.33474 2.49074 -11.0762 -1.0947 9.67394 2.23302 -5.76055 -0.655053 1.17957 -8.98989 -4.34468 4.04543 0.193673 -3.08152 2.37474 -4.52301 -7.33004 -4.76459 -1.48715 -1.19374 -1.60013 -0.779509 -7.70541 -7.2315 -3.21573 -2.34519 -0.630994 -0.641504 -5.7331 -7.71733 -8.74937 1.39293 0.227879 0.543871 -5.42065 -8.78957
101.16 -7.9216 -7.75872 1.8648 1.12078 0.475524 -2.61884 -9.04847 -0.807661 -11.3757 0.842988 9.60281 3.1362 -5.15961 -7.20435 2.17473 -11.2181 -0.759734 10.2279 2.42086 -5.81909 -1.17086 2.07573 -9.43497 -3.87462 4.96387 0.590632 -3.55537 2.15155 -4.10028 -7.36718 -4.88526 -0.909577 -1.18229 -1.7266 0.0519775 -7.2426 -7.23867 -3.53256 -2.69889 -0.752613 -0.546814 -5.22217 -8.48511 -8.31305 1.09459 -0.262295 0.277047 -4.84235 -8.43555
101.21 -8.50975 -7.56073 1.18396 0.26171 0.232466 -2.18415 -8.81238 -1.5388 -11.1364 1.02908 9.03642 3.03395 -5.0187 -7.9701 1.83164 -11.3347 -0.474609 10.6869 2.59294 -5.8103 -1.70943 2.66748 -9.81739 -3.38788 5.85617 0.944127 -4.06302 1.79993 -3.64491 -7.42313 -5.00388 -0.297957 -1.14212 -1.85555 0.801803 -6.75818 -7.24901 -3.80676 -2.92385 -0.861591 -0.517093 -4.69295 -9.08145 -7.98821 0.696056 -0.764862 0.0470033 -4.2748 -8.00901
101.26 -8.99825 -7.42852 0.51108 -0.529229 0.0164626 -1.78698 -8.51297 -2.52016 -10.7111 1.19327 8.45398 2.8159 -4.86546 -8.62267 1.46874 -11.4272 -0.234724 11.0296 2.7487 -5.75524 -2.30323 2.98864 -10.1453 -2.90402 6.71612 1.25593 -4.55349 1.36526 -3.12441 -7.51136 -5.10417 0.362864 -1.06452 -1.98876 1.43549 -6.27512 -7.26185 -4.03797 -3.00032 -0.957107 -0.542974 -4.12747 -9.52374 -7.75519 0.244858 -1.27022 -0.153459 -3.74303 -7.53871
101.31 -9.3727 -7.34375 -0.12777 -1.24621 -0.176734 -1.43711 -8.16877 -3.71499 -10.0952 1.31061 7.82185 2.47795 -4.67995 -9.1514 1.08942 -11.4952 -0.0314385 11.2163 2.88597 -5.66862 -2.99743 3.08459 -10.428 -2.42907 7.53615 1.5329 -4.99156 0.884611 -2.48232 -7.65769 -5.15679 1.09439 -0.932166 -2.13331 1.93329 -5.80565 -7.27738 -4.22913 -2.90894 -1.03756 -0.610527 -3.50393 -9.82057 -7.59172 -0.218284 -1.76039 -0.330276 -3.26168 -7.04582
101.36 -9.61066 -7.2922 -0.726298 -1.88673 -0.350704 -1.14318 -7.79471 -4.87615 -9.41946 1.33817 7.08849 2.08586 -4.43945 -9.54183 0.6919 -11.5354 0.146554 11.1887 3.00038 -5.56014 -3.82041 3.00829 -10.6717 -1.96978 8.30594 1.78177 -5.35512 0.38361 -1.62407 -7.90902 -5.1161 1.90887 -0.713845 -2.30686 2.28124 -5.35358 -7.29649 -4.38582 -2.64281 -1.10065 -0.70627 -2.80257 -9.97354 -7.47843 -0.66905 -2.21389 -0.487922 -2.83693 -6.54388
101.41 -9.6859 -7.26278 -1.29243 -2.44902 -0.508295 -0.915526 -7.40206 -5.86582 -8.81086 1.22935 6.21947 1.70052 -4.13451 -9.78275 0.266957 -11.5413 0.310736 10.9141 3.08481 -5.43704 -4.75214 2.81623 -10.8805 -1.5377 9.01498 2.00783 -5.62853 -0.123031 -0.48357 -8.3098 -4.92548 2.79471 -0.379539 -2.5448 2.46286 -4.9166 -7.32085 -4.51626 -2.22359 -1.14366 -0.820274 -2.01554 -9.9808 -7.40043 -1.09792 -2.6096 -0.629559 -2.4687 -6.03923
101.46 -9.57541 -7.24758 -1.84177 -2.93109 -0.65167 -0.763328 -6.99874 -6.69731 -8.32162 0.965504 5.2426 1.34485 -3.77133 -9.86968 -0.204563 -11.4998 0.469946 10.4482 3.12915 -5.30535 -5.71828 2.55531 -11.057 -1.14564 9.65352 2.21483 -5.80177 -0.630329 0.745374 -8.80067 -4.5708 3.71721 0.0335502 -2.88726 2.46123 -4.48638 -7.35307 -4.63136 -1.69859 -1.16379 -0.946917 -1.16467 -9.84079 -7.34691 -1.50473 -2.92772 -0.757264 -2.15314 -5.53155
101.51 -9.26852 -7.24138 -2.39013 -3.33107 -0.782393 -0.688079 -6.58952 -7.40124 -7.95708 0.574003 4.22187 1.02441 -3.36728 -9.80523 -0.758664 -11.3873 0.628622 9.89105 3.11905 -5.16933 -6.63425 2.25367 -11.2043 -0.802151 10.2117 2.40509 -5.8802 -1.14263 1.76319 -9.26781 -4.11684 4.63895 0.444097 -3.3318 2.28243 -4.04703 -7.39752 -4.74045 -1.1113 -1.15778 -1.0843 -0.31119 -9.55559 -7.3103 -1.89349 -3.14897 -0.872233 -1.88474 -5.01392
101.56 -8.77947 -7.24079 -2.94512 -3.64767 -0.90152 -0.680341 -6.17628 -7.98774 -7.69925 0.109753 3.20495 0.73863 -2.94549 -9.59918 -1.46159 -11.1607 0.785598 9.30183 3.03106 -5.02936 -7.45116 1.92467 -11.3257 -0.5091 10.677 2.57968 -5.88442 -1.67531 2.47838 -9.67301 -3.63162 5.53829 0.814891 -3.83 1.96188 -3.57399 -7.46194 -4.84344 -0.477059 -1.12048 -1.23355 0.479394 -9.13377 -7.28538 -2.26869 -3.25345 -0.974924 -1.65768 -4.47292
101.61 -8.15693 -7.24366 -3.49897 -3.88005 -1.00965 -0.723437 -5.758 -8.45246 -7.52368 -0.376238 2.21934 0.484356 -2.52922 -9.2687 -2.40627 -10.7563 0.93185 8.68906 2.83072 -4.87819 -8.14828 1.57475 -11.423 -0.262457 11.0289 2.73834 -5.83707 -2.25915 2.90988 -10.0199 -3.14556 6.40694 1.14215 -4.32614 1.54507 -3.02924 -7.56121 -4.92637 0.214101 -1.04196 -1.39888 1.16308 -8.59252 -7.26862 -2.63292 -3.22083 -1.06515 -1.4666 -3.8896
101.66 -7.47328 -7.24881 -4.02997 -4.02651 -1.10693 -0.799888 -5.33062 -8.78454 -7.40843 -0.851964 1.28404 0.257471 -2.13851 -8.83825 -3.58053 -10.157 1.0444 8.02655 2.50744 -4.69712 -8.7114 1.20727 -11.4964 -0.0539108 11.2303 2.87932 -5.75499 -2.93885 3.09727 -10.3178 -2.66714 7.23849 1.43176 -4.77785 1.07222 -2.34804 -7.72468 -4.95941 0.979817 -0.902507 -1.58943 1.71315 -7.95845 -7.25777 -2.98607 -3.03662 -1.14213 -1.30693 -3.24341
101.71 -6.79389 -7.25586 -4.51409 -4.08271 -1.19297 -0.89577 -4.88691 -8.97229 -7.33589 -1.30333 0.413395 0.0538887 -1.79094 -8.33683 -4.74985 -9.48169 1.08067 7.26659 2.12098 -4.46309 -9.12557 0.821647 -11.5437 0.127741 11.2243 2.9988 -5.64902 -3.74632 3.08667 -10.5742 -2.20079 8.0236 1.69076 -5.15673 0.572646 -1.42982 -8.00387 -4.8938 1.82524 -0.668111 -1.82477 2.10929 -7.26524 -7.25168 -3.32629 -2.70708 -1.20472 -1.17502 -2.51952
101.76 -6.15511 -7.26531 -4.93554 -4.04008 -1.26667 -1.00204 -4.4164 -9.00876 -7.29219 -1.72758 -0.382609 -0.12997 -1.50345 -7.79283 -5.75433 -8.86373 0.991046 6.3742 1.73578 -4.16503 -9.38109 0.411061 -11.5598 0.294206 10.9732 3.09048 -5.52654 -4.66703 2.92983 -10.7936 -1.75529 8.75151 1.92505 -5.44285 0.0643818 -0.243128 -8.43247 -4.67396 2.7304 -0.31587 -2.14128 2.32869 -6.54741 -7.25029 -3.65301 -2.27039 -1.25166 -1.068 -1.71703
101.81 -5.56546 -7.27855 -5.28843 -3.88613 -1.32614 -1.11393 -3.90658 -8.89671 -7.26736 -2.12667 -1.09684 -0.297013 -1.29015 -7.22902 -6.59628 -8.36215 0.750407 5.37509 1.37801 -3.80765 -9.4777 -0.0395936 -11.5343 0.454849 10.5246 3.14547 -5.39352 -5.63083 2.6759 -10.9793 -1.34322 9.41193 2.13891 -5.62567 -0.444617 0.957768 -8.92704 -4.30022 3.65818 0.100118 -2.57167 2.35289 -5.83138 -7.25504 -3.96909 -1.78262 -1.28172 -0.983742 -0.864961
101.86 -5.01671 -7.29806 -5.57301 -3.60888 -1.36845 -1.22951 -3.34716 -8.65076 -7.25471 -2.5024 -1.72233 -0.449459 -1.15629 -6.65998 -7.30534 -7.9859 0.379504 4.3368 1.05459 -3.40718 -9.42479 -0.558983 -11.4479 0.614892 9.97834 3.15163 -5.25479 -6.55167 2.36216 -11.1354 -0.975625 9.99514 2.3351 -5.71303 -0.955602 1.90158 -9.38366 -3.84253 4.57605 0.502609 -3.1001 2.1925 -5.12858 -7.26957 -4.27687 -1.28889 -1.29307 -0.920789 -0.0254297
101.91 -4.49212 -7.3278 -5.79127 -3.20681 -1.38942 -1.34839 -2.73866 -8.29663 -7.24982 -2.854 -2.24971 -0.588852 -1.09511 -6.09138 -7.89171 -7.71849 -0.0701863 3.31269 0.765715 -2.98624 -9.24026 -1.201 -11.2652 0.77441 9.39904 3.08963 -5.11246 -7.37719 2.01252 -11.2651 -0.657692 10.49 2.51499 -5.72654 -1.47989 2.5329 -9.77701 -3.35979 5.46927 0.863266 -3.67274 1.88674 -4.43371 -7.30108 -4.57064 -0.81006 -1.28183 -0.878772 0.742583
101.96 -3.9686 -7.37429 -5.94342 -2.69636 -1.38323 -1.47095 -2.09971 -7.86695 -7.24982 -3.1783 -2.66545 -0.716057 -1.09131 -5.52002 -8.35041 -7.53548 -0.548276 2.33183 0.50869 -2.56808 -8.94774 -2.05432 -10.9272 0.926921 8.80086 2.92776 -4.96261 -8.08552 1.64081 -11.3705 -0.388136 10.8798 2.67861 -5.68809 -2.04247 2.88363 -10.1134 -2.87625 6.33468 1.18131 -4.23537 1.48254 -3.72006 -7.36325 -4.83336 -0.349804 -1.2396 -0.859381 1.40198
102.01 -3.41305 -7.44893 -6.02475 -2.10304 -1.34103 -1.59863 -1.46255 -7.39481 -7.25286 -3.47152 -2.95073 -0.831248 -1.12789 -4.93344 -8.67011 -7.41456 -1.02235 1.40994 0.279674 -2.17265 -8.57313 -3.16817 -10.3865 1.05492 8.16374 2.63972 -4.79077 -8.66344 1.25414 -11.4516 -0.160555 11.1341 2.82451 -5.61384 -2.6847 3.00326 -10.4024 -2.40045 7.16819 1.46318 -4.7484 1.02043 -2.92206 -7.48353 -5.03492 0.0946398 -1.14841 -0.8686 1.93245
102.06 -2.77107 -7.57329 -6.02107 -1.44149 -1.24745 -1.73549 -0.860049 -6.90778 -7.25785 -3.73136 -3.08088 -0.933852 -1.19087 -4.30894 -8.83941 -7.33803 -1.47754 0.556116 0.0746548 -1.81667 -8.14129 -4.36751 -9.71816 1.12254 7.44367 2.26279 -4.5736 -9.09564 0.853593 -11.5062 0.0351519 11.2013 2.94927 -5.51492 -3.44717 2.94961 -10.6507 -1.94059 7.96005 1.71583 -5.18511 0.529855 -1.89226 -7.72089 -5.12459 0.52662 -0.969495 -0.922614 2.32151
102.11 -1.94661 -7.78955 -5.90104 -0.706972 -1.07362 -1.89234 -0.319903 -6.42491 -7.26439 -3.95852 -3.02793 -1.0225 -1.27086 -3.61332 -8.85267 -7.29189 -1.90976 -0.224003 -0.110006 -1.51604 -7.67373 -5.4323 -9.0698 1.07992 6.59496 1.86989 -4.29452 -9.36932 0.432668 -11.5289 0.210748 11.0284 3.04688 -5.39982 -4.33384 2.78319 -10.8622 -1.50908 8.69773 1.94491 -5.52401 0.0290322 -0.413913 -8.16195 -5.02207 0.949122 -0.644868 -1.06198 2.55337
102.16 -0.82085 -8.15677 -5.61012 0.11171 -0.779115 -2.095 0.128821 -5.95672 -7.27269 -4.15757 -2.7754 -1.09509 -1.36252 -2.81023 -8.71547 -7.26572 -2.31901 -0.92622 -0.277343 -1.28552 -7.18716 -6.32543 -8.52484 0.889992 5.62009 1.49896 -3.95292 -9.48083 -0.0243637 -11.5092 0.376641 10.6292 3.1083 -5.27556 -5.29245 2.55231 -11.0386 -1.11903 9.36911 2.15454 -5.74614 -0.473823 1.33401 -8.73796 -4.68644 1.36463 -0.21102 -1.35037 2.60482
102.21 0.511375 -8.6532 -5.10851 1.00304 -0.37402 -2.38575 0.448003 -5.50611 -7.28361 -4.33775 -2.34828 -1.14921 -1.463 -1.89253 -8.44693 -7.25246 -2.70447 -1.54599 -0.429723 -1.13352 -6.69292 -7.07783 -8.10611 0.557592 4.58055 1.16135 -3.56148 -9.43723 -0.547041 -11.428 0.539521 10.096 3.12089 -5.14732 -6.23503 2.2836 -11.1832 -0.778834 9.96301 2.34739 -5.85272 -0.979735 2.8442 -9.27038 -4.21179 1.77259 0.210612 -1.80478 2.47596
102.26 1.69676 -9.14877 -4.44356 1.92143 0.0531208 -2.78633 0.606264 -5.06837 -7.29878 -4.51115 -1.81607 -1.18285 -1.57041 -0.922576 -8.07771 -7.24747 -3.0626 -2.077 -0.568851 -1.05707 -6.19663 -7.70706 -7.80374 0.127355 3.54017 0.858887 -3.14143 -9.25571 -1.18996 -11.25 0.700924 9.51064 3.06497 -5.01676 -7.0948 1.98844 -11.3001 -0.49003 10.4676 2.52486 -5.86971 -1.49984 3.94229 -9.72244 -3.69903 2.17292 0.577219 -2.37552 2.20124
102.31 2.54304 -9.58067 -3.69095 2.82226 0.445195 -3.26982 0.601302 -4.6331 -7.32098 -4.68581 -1.23736 -1.19449 -1.68289 0.00693279 -7.6436 -7.24778 -3.38804 -2.51019 -0.695784 -1.04292 -5.69795 -8.2122 -7.59459 -0.346632 2.53708 0.589629 -2.71686 -8.96085 -2.04249 -10.9165 0.855474 8.9008 2.90881 -4.87914 -7.84066 1.67221 -11.3927 -0.248451 10.8659 2.68716 -5.82663 -2.05899 4.62174 -10.1097 -3.18811 2.57015 0.889215 -2.99631 1.82619
102.36 2.99452 -9.94878 -2.87753 3.68698 0.79027 -3.78661 0.454862 -4.18651 -7.35478 -4.86046 -0.624753 -1.18186 -1.79873 0.827209 -7.17764 -7.25152 -3.67609 -2.83306 -0.810937 -1.07383 -5.19066 -8.58296 -7.45508 -0.824718 1.59169 0.349991 -2.30994 -8.58047 -3.15608 -10.3794 0.986251 8.25246 2.62577 -4.71912 -8.45614 1.33857 -11.463 -0.0460482 11.1279 2.83319 -5.74477 -2.69854 4.914 -10.4473 -2.68799 2.97206 1.15536 -3.61427 1.39146
102.41 3.04497 -10.2638 -2.00112 4.51201 1.09182 -4.29142 0.198073 -3.70951 -7.40781 -5.0241 0.038223 -1.14034 -1.91751 1.49425 -6.70453 -7.25761 -3.92468 -3.02935 -0.914065 -1.13437 -4.66272 -8.80658 -7.36565 -1.28634 0.715452 0.135938 -1.93984 -8.14145 -4.35779 -9.71267 1.05738 7.52364 2.25256 -4.51277 -8.92524 0.989069 -11.5108 0.127967 11.2026 2.96018 -5.63732 -3.45936 4.87393 -10.7458 -2.20215 3.38394 1.38481 -4.19594 0.927281
102.46 2.79792 -10.5344 -1.08979 5.2938 1.35653 -4.75234 -0.138817 -3.17096 -7.49373 -5.15717 0.768028 -1.06073 -2.04169 1.9842 -6.23935 -7.26567 -4.13489 -3.07946 -1.00423 -1.2135 -4.09655 -8.87414 -7.31064 -1.72467 -0.0849817 -0.0563326 -1.62448 -7.66671 -5.42559 -9.06472 1.01858 6.66924 1.8625 -4.24329 -9.23511 0.620677 -11.5337 0.28549 11.0385 3.06327 -5.51296 -4.3454 4.58032 -11.0121 -1.7392 3.80291 1.5853 -4.72304 0.453108
102.51 2.45112 -10.7659 -0.21651 6.02373 1.59067 -5.14956 -0.531253 -2.51408 -7.63857 -5.23032 1.56748 -0.925377 -2.17917 2.29897 -5.78905 -7.27591 -4.31045 -2.96466 -1.07978 -1.30465 -3.47106 -8.78652 -7.27841 -2.13948 -0.80501 -0.230069 -1.37992 -7.17371 -6.3207 -8.51979 0.832309 5.69173 1.49393 -3.91028 -9.38191 0.224356 -11.5257 0.436825 10.6514 3.13552 -5.37866 -5.30403 4.12546 -11.2511 -1.31234 4.21775 1.76276 -5.18749 -0.0209703
102.56 2.14244 -10.9622 0.558048 6.68968 1.79942 -5.47037 -0.961857 -1.64142 -7.89005 -5.19937 2.4307 -0.70272 -2.34843 2.45786 -5.35471 -7.28921 -4.45724 -2.67956 -1.13844 -1.40442 -2.76756 -8.55784 -7.26097 -2.53126 -1.43993 -0.387851 -1.21532 -6.67388 -7.07373 -8.10089 0.503067 4.65173 1.15834 -3.52659 -9.37208 -0.21713 -11.4751 0.588628 10.1358 3.16828 -5.24035 -6.24749 3.59461 -11.4657 -0.933232 4.61334 1.92141 -5.58816 -0.492705
102.61 1.90147 -11.126 1.21398 7.27766 1.98699 -5.7038 -1.42063 -0.481792 -8.29433 -5.00887 3.34014 -0.362022 -2.58604 2.47301 -4.93315 -7.30725 -4.58341 -2.24781 -1.17763 -1.51105 -1.97885 -8.21501 -7.25307 -2.89806 -1.98325 -0.531574 -1.12798 -6.1728 -7.70229 -7.798 0.075193 3.61165 0.857602 -3.11336 -9.22164 -0.735401 -11.3602 0.742942 9.57654 3.14953 -5.10201 -7.11017 3.0503 -11.6579 -0.607276 4.97428 2.06395 -5.9286 -0.967158
102.66 1.70329 -11.2601 1.75656 7.77121 2.15646 -5.84146 -1.90489 0.768095 -8.79035 -4.64646 4.26457 0.0582617 -2.93326 2.34167 -4.51643 -7.33272 -4.69967 -1.71765 -1.19472 -1.62321 -1.12631 -7.79297 -7.25128 -3.23542 -2.42567 -0.662457 -1.10476 -5.67027 -8.20574 -7.58775 -0.397706 2.60836 0.58978 -2.69419 -8.9539 -1.38802 -11.1427 0.896662 9.00754 3.05908 -4.96354 -7.86338 2.52949 -11.8284 -0.333161 5.28486 2.19176 -6.2148 -1.45806
102.71 1.51169 -11.3678 2.20001 8.1496 2.30947 -5.88901 -2.41922 1.80227 -9.26116 -4.18118 5.1737 0.474521 -3.38646 2.07204 -4.08988 -7.37 -4.81496 -1.13234 -1.18679 -1.7398 -0.270719 -7.32707 -7.2534 -3.53833 -2.7546 -0.781053 -1.12842 -5.1602 -8.5745 -7.44632 -0.876671 1.66156 0.351319 -2.29001 -8.59574 -2.25952 -10.7642 1.03999 8.42679 2.8659 -4.81775 -8.49542 2.04915 -11.977 -0.104795 5.52548 2.30511 -6.45349 -1.99145
102.76 1.29901 -11.4522 2.56004 8.38652 2.44608 -5.86692 -2.97516 2.52963 -9.66868 -3.68418 6.05233 0.849426 -3.89442 1.69506 -3.63123 -7.42659 -4.92848 -0.50696 -1.14922 -1.86052 0.522612 -6.84615 -7.25813 -3.8036 -2.95397 -0.88723 -1.18356 -4.63034 -8.79726 -7.3546 -1.34174 0.782389 0.138207 -1.91724 -8.17374 -3.36256 -10.1964 1.15117 7.80927 2.55384 -4.64674 -8.99498 1.6133 -12.1027 0.0870183 5.66521 2.40319 -6.65102 -2.60597
102.81 1.05059 -11.5145 2.85107 8.45257 2.56472 -5.79713 -3.5885 2.96959 -10.0172 -3.18666 6.89613 1.17975 -4.39944 1.24871 -3.10631 -7.51623 -5.02572 0.16893 -1.07307 -1.98756 1.20989 -6.3694 -7.26492 -4.03098 -3.00468 -0.98016 -1.2591 -4.06263 -8.86637 -7.29802 -1.78592 -0.0225425 -0.0533344 -1.58979 -7.71123 -4.49912 -9.53429 1.18989 7.11175 2.17042 -4.4264 -9.3471 1.21743 -12.2037 0.253657 5.65428 2.48406 -6.81282 -3.33363
102.86 0.760718 -11.5538 3.08549 8.32846 2.6622 -5.69522 -4.26989 3.16086 -10.3166 -2.69656 7.70031 1.47177 -4.85856 0.764955 -2.4568 -7.66542 -5.0773 0.915596 -0.940606 -2.12826 1.76476 -5.9068 -7.27385 -4.22319 -2.88901 -1.0583 -1.34825 -3.43571 -8.78313 -7.2652 -2.208 -0.748648 -0.226533 -1.32179 -7.22648 -5.48916 -8.91288 1.10654 6.28952 1.78154 -4.14229 -9.54068 0.850496 -12.2779 0.407033 5.43969 2.5445 -6.943 -4.17487
102.91 0.426319 -11.5662 3.27354 8.02883 2.73386 -5.57053 -5.00887 3.149 -10.5743 -2.21756 8.45582 1.73276 -5.244 0.265476 -1.5868 -7.922 -5.03619 1.74471 -0.720015 -2.30059 2.16792 -5.46134 -7.2857 -4.38549 -2.60341 -1.11951 -1.44721 -2.73119 -8.5618 -7.24781 -2.60717 -1.39133 -0.38396 -1.12605 -6.73206 -6.3181 -8.40075 0.87242 5.33872 1.41812 -3.79639 -9.57492 0.497033 -12.3219 0.55711 5.02377 2.58019 -7.04431 -5.08714
102.96 0.0407975 -11.5437 3.42336 7.60776 2.77359 -5.4289 -5.76942 2.98709 -10.7952 -1.7582 9.15169 1.96872 -5.53685 -0.238154 -0.436546 -8.32862 -4.84466 2.64383 -0.38237 -2.54035 2.39814 -5.03085 -7.30201 -4.52584 -2.17346 -1.16137 -1.55366 -1.94308 -8.22954 -7.24031 -2.98011 -1.94432 -0.527511 -1.00804 -6.23465 -7.01847 -8.0124 0.503918 4.31453 1.08881 -3.40346 -9.46042 0.137691 -12.3302 0.710233 4.48824 2.58669 -7.11812 -5.99268
103.01 -0.412819 -11.4714 3.54109 7.12661 2.7728 -5.27477 -6.50932 2.72735 -10.9825 -1.33156 9.77696 2.18393 -5.72597 -0.743454 0.786804 -8.82074 -4.49036 3.57814 0.0316591 -2.88692 2.43555 -4.60793 -7.32531 -4.65487 -1.64809 -1.18149 -1.66569 -1.09469 -7.82124 -7.23917 -3.32118 -2.39866 -0.658423 -0.961798 -5.73517 -7.60508 -7.73371 0.0509231 3.28393 0.794279 -2.98546 -9.21773 -0.253372 -12.2934 0.868658 3.92224 2.5591 -7.16446 -6.82516
103.06 -0.972162 -11.3218 3.63059 6.62315 2.71719 -5.11073 -7.19821 2.40952 -11.1397 -0.949364 10.3203 2.38114 -5.81709 -1.25717 1.78791 -9.28609 -4.03901 4.51116 0.441144 -3.33633 2.28586 -4.17857 -7.35967 -4.78163 -1.0699 -1.17722 -1.78155 -0.247169 -7.37132 -7.24215 -3.62479 -2.74224 -0.777281 -0.972654 -5.22863 -8.07367 -7.54057 -0.43507 2.29046 0.532047 -2.56531 -8.87364 -0.71639 -12.1935 1.03098 3.3721 2.4895 -7.18137 -7.55206
103.11 -1.70937 -11.0465 3.69218 6.10747 2.5816 -4.93427 -7.81728 2.05819 -11.2704 -0.616866 10.7672 2.56167 -5.83137 -1.7978 2.48306 -9.68929 -3.55683 5.42209 0.810558 -3.83995 1.98552 -3.72179 -7.412 -4.90588 -0.453451 -1.14443 -1.90048 0.535604 -6.90702 -7.2479 -3.88781 -2.95953 -0.884023 -1.02377 -4.70383 -8.41168 -7.41004 -0.920193 1.35704 0.298403 -2.16185 -8.45648 -1.3238 -11.9955 1.19295 2.85106 2.36148 -7.16263 -8.1603
103.16 -2.70827 -10.5845 3.71854 5.5669 2.33423 -4.73203 -8.34978 1.6868 -11.3766 -0.331703 11.0941 2.72542 -5.79181 -2.40004 2.8944 -10.0346 -3.07309 6.30284 1.13665 -4.34276 1.58169 -3.20604 -7.49478 -5.01449 0.211388 -1.07505 -2.02412 1.2114 -6.44597 -7.25576 -4.11055 -3.03194 -0.977917 -1.1012 -4.14365 -8.60615 -7.32448 -1.38905 0.495414 0.0893809 -1.78781 -7.99213 -2.20359 -11.6348 1.34769 2.35679 2.14392 -7.09217 -8.63931
103.21 -3.89819 -9.95165 3.6856 4.9673 1.98336 -4.47772 -8.77344 1.30148 -11.4587 -0.0850328 11.2588 2.8707 -5.71555 -3.10865 3.0642 -10.3316 -2.59645 7.14691 1.42535 -4.8032 1.11641 -2.5779 -7.63191 -5.08046 0.944691 -0.953067 -2.15904 1.75561 -5.99727 -7.26565 -4.29642 -2.94132 -1.05756 -1.19563 -3.52716 -8.6485 -7.27171 -1.83729 -0.288109 -0.0986647 -1.45064 -7.50146 -3.45743 -11.0531 1.48323 1.88058 1.81103 -6.93532 -8.97022
103.26 -5.03595 -9.28501 3.54762 4.26098 1.59879 -4.15009 -9.06614 0.901706 -11.5148 0.135941 11.2032 2.99371 -5.61394 -3.94733 3.04202 -10.5876 -2.1324 7.94479 1.68368 -5.19399 0.620665 -1.74637 -7.86794 -5.06004 1.75943 -0.748784 -2.32147 2.15148 -5.56384 -7.27805 -4.45128 -2.68158 -1.12096 -1.30163 -2.8353 -8.53801 -7.24306 -2.26379 -0.98909 -0.268799 -1.15532 -6.99938 -4.88243 -10.3345 1.57676 1.41253 1.41352 -6.64961 -9.12899
103.31 -6.01423 -8.69837 3.25603 3.42649 1.23343 -3.75287 -9.21871 0.48017 -11.5397 0.343469 10.9053 3.08822 -5.49495 -4.88982 2.88296 -10.8071 -1.69078 8.6857 1.91748 -5.49621 0.113799 -0.630911 -8.25252 -4.89535 2.64591 -0.428926 -2.54489 2.38103 -5.14429 -7.29411 -4.58342 -2.27449 -1.16585 -1.41612 -2.05958 -8.28671 -7.23105 -2.66605 -1.60246 -0.423415 -0.907613 -6.49474 -6.17754 -9.63113 1.59323 0.945117 1.03202 -6.22849 -9.10948
103.36 -6.85397 -8.23422 2.79533 2.50865 0.903778 -3.30951 -9.23705 0.0218431 -11.5236 0.545388 10.4338 3.14587 -5.36512 -5.85832 2.63737 -10.9932 -1.28452 9.3595 2.13104 -5.69714 -0.395169 0.608771 -8.74129 -4.56219 3.57132 -0.0205825 -2.87153 2.42481 -4.73293 -7.31582 -4.70398 -1.76782 -1.19005 -1.53686 -1.21717 -7.9224 -7.22959 -3.03903 -2.12085 -0.564213 -0.715406 -5.99054 -7.25222 -9.01783 1.49494 0.472508 0.69642 -5.708 -8.93108
103.41 -7.58567 -7.89226 2.19997 1.58056 0.611265 -2.8501 -9.1376 -0.501038 -11.4476 0.743909 9.88885 3.15535 -5.22975 -6.7733 2.33979 -11.1491 -0.924102 9.95654 2.32713 -5.79919 -0.90653 1.65809 -9.21614 -4.11859 4.49858 0.39337 -3.30601 2.28427 -4.31826 -7.34647 -4.8235 -1.20783 -1.19137 -1.66183 -0.364522 -7.48303 -7.23454 -3.37628 -2.53363 -0.692199 -0.586671 -5.4839 -8.11675 -8.52056 1.2618 -0.0107721 0.407929 -5.13772 -8.62708
103.46 -8.22195 -7.65203 1.53242 0.691564 0.35265 -2.40175 -8.9419 -1.14062 -11.2774 0.936034 9.3259 3.09823 -5.09126 -7.59357 2.0093 -11.2783 -0.613846 10.4659 2.50723 -5.82174 -1.43056 2.40234 -9.62997 -3.63622 5.40518 0.769553 -3.80362 1.99222 -3.88267 -7.39163 -4.94441 -0.614491 -1.16658 -1.78951 0.432527 -7.00602 -7.2434 -3.67248 -2.82647 -0.807673 -0.524532 -4.96589 -8.79771 -8.14086 0.908762 -0.507586 0.160097 -4.56084 -8.23347
103.51 -8.76246 -7.48892 0.850817 -0.135202 0.123426 -1.98398 -8.67222 -1.98493 -10.9545 1.11348 8.75429 2.94339 -4.94606 -8.30481 1.65583 -11.3831 -0.351763 10.8714 2.67146 -5.78802 -1.99105 2.85615 -9.98442 -3.14974 6.28235 1.10186 -4.30828 1.59457 -3.40051 -7.46116 -5.05685 0.0186368 -1.10955 -1.92008 1.12856 -6.52011 -7.255 -3.92541 -2.98121 -0.9102 -0.523659 -4.42145 -9.31689 -7.86386 0.478476 -1.01334 -0.0546061 -4.0084 -7.78232
103.56 -9.19738 -7.38197 0.192713 -0.890298 -0.0808999 -1.60897 -8.34874 -3.093 -10.427 1.25895 8.15316 2.66218 -4.78009 -8.89834 1.28471 -11.4637 -0.131113 11.144 2.81855 -5.71601 -2.62851 3.06073 -10.2891 -2.66966 7.12389 1.39568 -4.77648 1.13342 -2.82963 -7.57352 -5.13833 0.711624 -1.00802 -2.05748 1.69751 -6.04277 -7.26909 -4.13644 -2.9774 -0.998575 -0.571795 -3.83028 -9.68727 -7.66763 0.0172944 -1.51383 -0.242822 -3.50009 -7.29878
103.61 -9.50807 -7.31508 -0.426121 -1.57001 -0.264265 -1.28536 -7.98826 -4.30267 -9.76147 1.33849 7.47805 2.28757 -4.56986 -9.36101 0.897113 -11.5187 0.0582707 11.2331 2.94531 -5.61766 -3.38485 3.06514 -10.5521 -2.20124 7.92064 1.65811 -5.18023 0.640287 -2.09541 -7.76412 -5.15204 1.48354 -0.83829 -2.21308 2.12355 -5.58177 -7.28622 -4.30984 -2.7997 -1.07083 -0.654679 -3.17058 -9.91365 -7.53092 -0.441785 -1.98873 -0.409764 -3.04618 -6.80022
103.66 -9.66949 -7.27557 -1.00713 -2.1724 -0.429891 -1.02258 -7.60389 -5.38365 -9.10789 1.30403 6.67914 1.89397 -4.29788 -9.67911 0.487825 -11.5432 0.228164 11.0837 3.04609 -5.50119 -4.26734 2.92525 -10.7783 -1.75363 8.66189 1.89523 -5.50131 0.135311 -1.09623 -8.08706 -5.04424 2.33619 -0.56442 -2.41264 2.39234 -5.13774 -7.30764 -4.45244 -2.45373 -1.12443 -0.760347 -2.42692 -9.99546 -7.43652 -0.882286 -2.41644 -0.559236 -2.64945 -6.29659
103.71 -9.656 -7.25393 -1.56288 -2.6956 -0.580278 -0.831107 -7.20522 -6.29104 -8.55489 1.11865 5.7499 1.52182 -3.9628 -9.84463 0.0432375 -11.528 0.389047 10.703 3.11232 -5.3732 -5.2275 2.69468 -10.9709 -1.33973 9.33754 2.11156 -5.72615 -0.371705 0.130573 -8.54762 -4.76925 3.24512 -0.181221 -2.6984 2.4854 -4.70555 -7.33545 -4.57392 -1.97612 -1.15657 -0.881002 -1.60309 -9.93053 -7.37165 -1.29999 -2.77651 -0.69384 -2.30768 -5.7909
103.76 -9.4493 -7.24366 -2.11006 -3.13761 -0.717287 -0.71715 -6.79859 -7.0574 -8.12805 0.786279 4.74389 1.18324 -3.57691 -9.85655 -0.46278 -11.4556 0.54776 10.1813 3.13217 -5.23903 -6.17776 2.41139 -11.1327 -0.970834 9.938 2.31014 -5.85101 -0.880299 1.28116 -9.03684 -4.35547 4.17115 0.238731 -3.09493 2.39398 -4.27334 -7.37297 -4.68532 -1.41664 -1.16435 -1.01295 -0.741933 -9.71871 -7.32721 -1.69735 -3.04955 -0.815197 -2.01598 -5.27961
103.81 -9.04923 -7.24055 -2.66157 -3.49682 -0.842219 -0.67679 -6.38735 -7.70359 -7.81881 0.351867 3.72064 0.880077 -3.16114 -9.72098 -1.07917 -11.2941 0.706151 9.60458 3.08761 -5.10139 -7.04892 2.09524 -11.267 -0.652256 10.4525 2.49266 -5.89004 -1.39984 2.15155 -9.4744 -3.8801 5.08351 0.631558 -3.5731 2.14011 -3.82118 -7.42593 -4.79224 -0.806312 -1.14385 -1.15584 0.0876684 -9.36494 -7.29687 -2.07898 -3.21609 -0.924129 -1.76856 -4.75258
103.86 -8.48657 -7.24186 -3.21802 -3.77223 -0.955906 -0.696258 -5.97195 -8.23146 -7.60433 -0.128348 2.71636 0.610235 -2.73932 -9.45128 -1.88998 -10.9884 0.859662 9.0052 2.94892 -4.9575 -7.80887 1.7554 -11.3764 -0.382767 10.8655 2.65955 -5.86643 -1.95265 2.72316 -9.84981 -3.39255 5.96849 0.98055 -4.0766 1.76676 -3.31896 -7.50491 -4.88806 -0.146346 -1.08804 -1.31222 0.829999 -8.8818 -7.27631 -2.44864 -3.25576 -1.02077 -1.55977 -4.19343
103.91 -7.82467 -7.24594 -3.76385 -3.9628 -1.05873 -0.757739 -5.5499 -8.63267 -7.46081 -0.612059 1.75335 0.369922 -2.33329 -9.06834 -2.96492 -10.4822 0.993458 8.37303 2.68523 -4.79466 -8.44216 1.39662 -11.462 -0.156065 11.1497 2.80987 -5.80037 -2.57775 3.02959 -10.1716 -2.90974 6.81992 1.28844 -4.55526 1.31807 -2.71775 -7.63068 -4.95136 0.57949 -0.982961 -1.48831 1.45084 -8.29117 -7.26266 -2.80761 -3.14974 -1.10462 -1.38461 -3.58169
103.96 -7.13653 -7.25201 -4.2745 -4.06578 -1.15058 -0.845158 -5.11563 -8.89527 -7.36847 -1.07673 0.848249 0.154952 -1.96159 -8.59935 -4.16992 -9.82528 1.07495 7.66914 2.32083 -4.59005 -8.93394 1.02067 -11.5231 0.0377883 11.2569 2.94093 -5.70549 -3.31847 3.11368 -10.4484 -2.4365 7.63001 1.56221 -4.97415 0.829173 -1.9339 -7.84338 -4.94331 1.38512 -0.801885 -1.6974 1.92797 -7.62364 -7.25422 -3.15465 -2.89152 -1.17471 -1.23896 -2.89858
104.01 -6.47447 -7.26013 -4.72918 -4.07486 -1.23075 -0.946973 -4.66026 -9.00918 -7.31156 -1.5147 0.013195 -0.0385504 -1.64143 -8.07376 -5.26488 -9.16624 1.05498 6.84557 1.92958 -4.32495 -9.27096 0.624104 -11.556 0.210617 11.1312 3.04774 -5.59062 -4.18692 3.02477 -10.6862 -1.97895 8.38841 1.80845 -5.30963 0.323741 -0.872559 -8.19748 -4.80748 2.26385 -0.508867 -1.96714 2.24052 -6.91432 -7.25036 -3.48811 -2.50289 -1.22977 -1.11957 -2.13494
104.06 -5.86003 -7.27121 -5.11725 -3.97934 -1.29777 -1.05638 -4.17205 -8.97174 -7.27813 -1.9263 -0.743518 -0.213841 -1.38897 -7.51768 -6.18537 -8.6018 0.891689 5.89351 1.55622 -3.99638 -9.44797 0.196408 -11.5534 0.373285 10.7716 3.12269 -5.46228 -5.14012 2.81477 -10.8886 -1.54822 9.08445 2.03229 -5.54542 -0.185299 0.366501 -8.6752 -4.50623 3.18498 -0.114005 -2.33774 2.36517 -6.19492 -7.25169 -3.8091 -2.03421 -1.2686 -1.02394 -1.3019
104.11 -5.29211 -7.28713 -5.43641 -3.76604 -1.34926 -1.1702 -3.63876 -8.79144 -7.25995 -2.31384 -1.41519 -0.373491 -1.21472 -6.95003 -6.95952 -8.16262 0.581908 4.86677 1.21499 -3.61531 -9.4695 -0.283167 -11.5012 0.533281 10.2635 3.15555 -5.32597 -6.09205 2.52773 -11.0593 -1.15689 9.70823 2.23722 -5.67925 -0.69454 1.45992 -9.15868 -4.08163 4.11092 0.301997 -2.82155 2.29529 -5.48496 -7.26061 -4.12118 -1.53938 -1.28979 -0.950261 -0.447506
104.16 -4.75768 -7.31103 -5.68825 -3.42668 -1.38171 -1.28739 -3.05415 -8.48866 -7.25155 -2.67801 -1.99396 -0.519384 -1.11803 -6.38105 -7.60832 -7.84264 0.165343 3.83052 0.908724 -3.2018 -9.34936 -0.853781 -11.3734 0.693412 9.6965 3.1314 -5.18548 -6.97024 2.19412 -11.2021 -0.813432 10.2497 2.42532 -5.72741 -1.2099 2.24899 -9.5843 -3.60677 5.01751 0.685078 -3.37908 2.05776 -4.78784 -7.28226 -4.42348 -1.0517 -1.29075 -0.897527 0.362976
104.21 -4.23696 -7.34796 -5.87429 -2.9684 -1.39023 -1.40798 -2.42727 -8.09322 -7.24935 -3.01671 -2.46859 -0.652734 -1.08716 -5.81205 -8.13326 -7.61968 -0.303598 2.82505 0.635904 -2.77947 -9.10869 -1.58691 -11.1232 0.850824 9.10861 3.02507 -5.0405 -7.74004 1.8324 -11.3198 -0.519739 10.6958 2.59732 -5.71303 -1.7488 2.73711 -9.9485 -3.12208 5.89731 1.02423 -3.95276 1.69805 -4.08887 -7.3265 -4.70489 -0.582125 -1.26579 -0.866205 1.0811
104.26 -3.70282 -7.40637 -5.99275 -2.41436 -1.36777 -1.53278 -1.78484 -7.63881 -7.25101 -3.32619 -2.82306 -0.77407 -1.10517 -5.23539 -8.52535 -7.46961 -0.782547 1.87165 0.393125 -2.37022 -8.77268 -2.57268 -10.6865 0.994495 8.49554 2.80196 -4.88245 -8.38615 1.45282 -11.4134 -0.271832 11.0242 2.75254 -5.65537 -2.34453 2.96776 -10.2606 -2.64151 6.74795 1.32362 -4.49507 1.26104 -3.34574 -7.41236 -4.94237 -0.130078 -1.20272 -0.859676 1.6791
104.31 -3.11371 -7.50172 -6.03499 -1.78699 -1.30293 -1.66417 -1.16092 -7.15642 -7.2551 -3.60316 -3.03568 -0.883208 -1.15616 -4.63373 -8.77249 -7.37243 -1.24838 0.982277 0.176364 -1.99215 -8.36706 -3.76349 -10.0648 1.09862 7.82425 2.46098 -4.69131 -8.89458 1.05964 -11.482 -0.0613144 11.1944 2.88864 -5.56784 -3.04219 2.99477 -10.529 -2.17224 7.56253 1.59035 -4.97347 0.782008 -2.45986 -7.57976 -5.09723 0.307879 -1.07526 -0.887775 2.14168
104.36 -2.39756 -7.66416 -5.97963 -1.09121 -1.17473 -1.80879 -0.585711 -6.6696 -7.26087 -3.84667 -3.07939 -0.979189 -1.22839 -3.97905 -8.86537 -7.31234 -1.69242 0.164033 -0.0182507 -1.66132 -7.91529 -4.91229 -9.39065 1.11843 7.04507 2.06881 -4.44487 -9.25015 0.650431 -11.5219 0.123074 11.1481 3.00102 -5.46002 -3.86837 2.8786 -10.7589 -1.72455 8.32939 1.83084 -5.36488 0.284778 -1.23009 -7.90904 -5.10374 0.734819 -0.83061 -0.976385 2.45632
104.41 -1.43578 -7.94828 -5.78359 -0.316152 -0.946104 -1.98357 -0.0862366 -6.1931 -7.26821 -4.05919 -2.92879 -1.06026 -1.31458 -3.23464 -8.80331 -7.27707 -2.11334 -0.578389 -0.194077 -1.39347 -7.43664 -5.88992 -8.78716 1.00604 6.12961 1.68417 -4.13427 -9.44408 0.214447 -11.5255 0.2928 10.8561 3.08221 -5.33964 -4.80031 2.67587 -10.953 -1.31192 9.036 2.04996 -5.64822 -0.217489 0.446636 -8.44154 -4.88315 1.15375 -0.437039 -1.18173 2.60213
104.46 -0.171546 -8.39198 -5.38968 0.542051 -0.589308 -2.2241 0.304036 -5.73365 -7.27764 -4.24755 -2.584 -1.12408 -1.41082 -2.37227 -8.59849 -7.25794 -2.51118 -1.24082 -0.353824 -1.20105 -6.94524 -6.7104 -8.3038 0.742628 5.1138 1.32898 -3.76599 -9.47797 -0.269887 -11.4788 0.45667 10.3781 3.12156 -5.21295 -5.76187 2.42431 -11.1132 -0.9457 9.67075 2.2511 -5.81158 -0.721137 2.12235 -9.00942 -4.46319 1.56575 0.00174415 -1.5546 2.56256
104.51 1.12858 -8.90269 -4.79731 1.4534 -0.162233 -2.56918 0.546608 -5.29037 -7.29038 -4.42296 -2.09576 -1.16836 -1.51493 -1.41736 -8.27623 -7.24919 -2.88385 -1.818 -0.499532 -1.08723 -6.44966 -7.40156 -7.94459 0.355292 4.06748 1.00868 -3.35755 -9.36404 -0.842543 -11.3559 0.619006 9.81253 3.10369 -5.08368 -6.66961 2.14174 -11.2437 -0.630919 10.2225 2.43631 -5.87028 -1.23188 3.43607 -9.50134 -3.96144 1.96972 0.397645 -2.07439 2.35663
104.56 2.1588 -9.36915 -4.08248 2.36716 0.251145 -3.01605 0.623259 -4.85536 -7.30856 -4.59649 -1.53625 -1.19142 -1.62506 -0.456657 -7.87071 -7.2471 -3.22663 -2.30237 -0.632587 -1.0434 -5.9526 -7.97082 -7.69106 -0.102577 3.042 0.722882 -2.93231 -9.12356 -1.57562 -11.1102 0.778271 9.21468 3.00326 -4.95081 -7.47595 1.83573 -11.3484 -0.366072 10.6776 2.60639 -5.85455 -1.76698 4.32641 -9.91938 -3.44733 2.36767 0.736567 -2.67747 2.02709
104.61 2.81571 -9.7685 -3.29973 3.25122 0.620245 -3.52221 0.545298 -4.4165 -7.33573 -4.77193 -0.941842 -1.19154 -1.73936 0.426057 -7.41729 -7.24927 -3.53419 -2.68324 -0.753731 -1.05349 -5.45084 -8.41163 -7.51878 -0.582278 2.06535 0.468649 -2.51384 -8.78325 -2.56045 -10.6778 0.924304 8.58974 2.7856 -4.80488 -8.15978 1.51058 -11.4299 -0.144905 11.0141 2.76094 -5.79036 -2.35963 4.81063 -10.2807 -2.94132 2.76621 1.02488 -3.30224 1.61829
104.66 3.06639 -10.1093 -2.45519 4.09668 0.943195 -4.038 0.340734 -3.9579 -7.37773 -4.94311 -0.307213 -1.16554 -1.85656 1.17551 -6.94534 -7.25425 -3.80295 -2.9463 -0.86306 -1.10062 -4.93529 -8.71174 -7.40602 -1.05384 1.15282 0.24206 -2.1227 -8.37094 -3.75231 -10.0587 1.0316 7.90831 2.44901 -4.62512 -8.70547 1.1692 -11.4893 0.0421015 11.1918 2.89809 -5.69466 -3.05507 4.93149 -10.5981 -2.44755 3.17277 1.27196 -3.9055 1.16604
104.71 2.9492 -10.4017 -1.55452 4.90126 1.22583 -4.52442 0.0411725 -3.45579 -7.44462 -5.09474 0.387339 -1.10689 -1.97742 1.75719 -6.4748 -7.26132 -4.03239 -3.07347 -0.95999 -1.17135 -4.3911 -8.85945 -7.33519 -1.50432 0.313105 0.0391348 -1.77725 -7.91185 -4.90411 -9.38545 1.05514 7.12185 2.06004 -4.38889 -9.09759 0.811162 -11.5254 0.206577 11.1534 3.01411 -5.57799 -3.88015 4.75598 -10.8801 -1.97147 3.58908 1.48634 -4.46197 0.695149
104.76 2.62886 -10.6525 -0.652008 5.65896 1.47483 -4.956 -0.325595 -2.86863 -7.55503 -5.20285 1.15161 -1.0029 -2.10665 2.1594 -6.01646 -7.27038 -4.225 -3.04462 -1.04324 -1.25697 -3.79851 -8.85001 -7.29256 -1.93098 -0.44843 -0.14368 -1.49488 -7.42635 -5.88434 -8.78212 0.946544 6.20224 1.67798 -4.08736 -9.32732 0.430624 -11.5342 0.359971 10.8716 3.10305 -5.44794 -4.81181 4.37169 -11.1325 -1.5245 4.00779 1.67491 -4.95886 0.220276
104.81 2.29114 -10.8664 0.177784 6.35916 1.69594 -5.31712 -0.738462 -2.12038 -7.74476 -5.2316 1.98358 -0.829588 -2.25643 2.39518 -5.57414 -7.28197 -4.38559 -2.84543 -1.11082 -1.35264 -3.13663 -8.69058 -7.26838 -2.33455 -1.12738 -0.309312 -1.28907 -6.92894 -6.70615 -8.2987 0.686573 5.18502 1.32498 -3.72725 -9.39587 0.0149917 -11.5073 0.510976 10.4081 3.15715 -5.31101 -5.77372 3.87009 -11.3592 -1.11993 4.41513 1.84272 -5.39183 -0.252484
104.86 2.01671 -11.0464 0.894588 6.98873 1.89384 -5.59646 -1.18368 -1.10496 -8.06934 -5.12872 2.87267 -0.55043 -2.45345 2.48327 -5.14672 -7.29733 -4.52107 -2.48344 -1.16026 -1.45594 -2.39104 -8.4019 -7.25615 -2.71451 -1.71835 -0.460004 -1.16347 -6.42817 -7.39728 -7.93917 0.30205 4.1388 1.00655 -3.32614 -9.31455 -0.458917 -11.4287 0.664062 9.86379 3.16651 -5.17239 -6.68312 3.32648 -11.5627 -0.76667 4.79563 1.99322 -5.76232 -0.724442
104.91 1.80123 -11.1953 1.49345 7.53268 2.07223 -5.78338 -1.65483 0.142986 -8.53474 -4.84959 3.79378 -0.160086 -2.74133 2.427 -4.72891 -7.31859 -4.64098 -1.99689 -1.18893 -1.56544 -1.56563 -8.01564 -7.25159 -3.06752 -2.21354 -0.597319 -1.10964 -5.92676 -7.96532 -7.68487 -0.154007 3.1135 0.722336 -2.90712 -9.10335 -1.03377 -11.2696 0.818823 9.29819 3.11585 -5.03434 -7.49413 2.7905 -11.7442 -0.466651 5.13396 2.12843 -6.07533 -1.20459
104.96 1.61053 -11.316 1.98545 7.97268 2.23351 -5.87497 -2.15282 1.31251 -9.02854 -4.42577 4.7137 0.266471 -3.14485 2.22518 -4.30965 -7.34916 -4.75608 -1.4358 -1.19418 -1.67989 -0.702611 -7.56795 -7.25193 -3.38855 -2.60209 -0.722149 -1.11155 -5.42167 -8.40416 -7.5111 -0.63349 2.13612 0.469408 -2.49297 -8.78785 -1.78318 -10.981 0.96923 8.72525 2.97922 -4.89379 -8.1891 2.28837 -11.9041 -0.215954 5.41316 2.24918 -6.33739 -1.71215
105.01 1.41121 -11.412 2.38607 8.28531 2.37858 -5.88541 -2.68573 2.19704 -9.469 -3.93863 5.6088 0.664162 -3.63256 1.89817 -3.87069 -7.39469 -4.87142 -0.830849 -1.17248 -1.79843 0.12939 -7.09166 -7.25544 -3.67322 -2.8697 -0.834713 -1.15233 -4.90381 -8.70262 -7.39611 -1.10715 1.22144 0.243876 -2.10238 -8.3952 -2.77953 -10.5066 1.10058 8.13085 2.72637 -4.73855 -8.75788 1.82993 -12.0416 -0.00682066 5.60924 2.35521 -6.55515 -2.28017
105.06 1.18214 -11.4855 2.71057 8.44196 2.50667 -5.83751 -3.26783 2.77905 -9.84634 -3.43947 6.47071 1.01668 -4.14555 1.48261 -3.38491 -7.46519 -4.97966 -0.183021 -1.11751 -1.92175 0.874853 -6.611 -7.26121 -3.91975 -2.99865 -0.934542 -1.21857 -4.35794 -8.85055 -7.32324 -1.56233 0.378029 0.041786 -1.75012 -7.9507 -3.93153 -9.8739 1.18236 7.4803 2.36993 -4.54612 -9.18698 1.41471 -12.1554 0.171135 5.6824 2.44517 -6.73455 -2.9478
105.11 0.913786 -11.5368 2.97243 8.41561 2.61543 -5.75046 -3.91416 3.09183 -10.1696 -2.94519 7.29596 1.32728 -4.63236 1.01453 -2.80839 -7.57955 -5.05918 0.525132 -1.01675 -2.05408 1.49981 -6.14043 -7.269 -4.12938 -2.9695 -1.02045 -1.30141 -3.76387 -8.84403 -7.27955 -1.9957 -0.388771 -0.140396 -1.45004 -7.47535 -5.0065 -9.21854 1.16695 6.72584 1.97768 -4.29526 -9.46217 1.03473 -12.2436 0.329847 5.57645 2.51651 -6.88041 -3.73353
105.16 0.602534 -11.5636 3.18296 8.20077 2.70091 -5.6365 -4.6269 3.17726 -10.4478 -2.45987 8.07759 1.60324 -5.05812 0.521014 -2.06461 -7.7741 -5.07238 1.31204 -0.845905 -2.20707 1.98264 -5.68621 -7.27922 -4.30611 -2.76936 -1.09059 -1.39572 -3.10067 -8.69041 -7.25514 -2.40677 -1.07461 -0.30558 -1.21617 -6.98465 -5.91368 -8.64623 1.01065 5.83688 1.59929 -3.97969 -9.57699 0.676557 -12.3035 0.48056 5.25709 2.56538 -6.99618 -4.61786
105.21 0.244348 -11.5602 3.35137 7.83336 2.75778 -5.50289 -5.38196 3.08491 -10.6871 -1.98905 8.80524 1.85131 -5.40015 0.018635 -1.05293 -8.1032 -4.9639 2.17875 -0.568856 -2.40688 2.30394 -5.24866 -7.29301 -4.45645 -2.4078 -1.14261 -1.4986 -2.35465 -8.41063 -7.24315 -2.79367 -1.67423 -0.456006 -1.05856 -6.48828 -6.67617 -8.19527 0.705796 4.84102 1.2522 -3.60829 -9.53628 0.322924 -12.3309 0.631593 4.7697 2.5873 -7.08391 -5.53702
105.26 -0.171472 -11.5158 3.48481 7.37625 2.77897 -5.35464 -6.13711 2.86908 -10.8911 -1.54403 9.46785 2.07665 -5.6427 -0.485577 0.17693 -8.56769 -4.6883 3.10018 -0.183204 -2.69579 2.4411 -4.82319 -7.31235 -4.58984 -1.92455 -1.1741 -1.60802 -1.53136 -8.03655 -7.23912 -3.15175 -2.18015 -0.593244 -0.977171 -5.99011 -7.32034 -7.86345 0.288815 3.80656 0.940124 -3.20012 -9.35585 -0.0481247 -12.3186 0.787281 4.21055 2.57779 -7.14434 -6.41281
105.31 -0.670402 -11.4101 3.58838 6.88127 2.75362 -5.19553 -6.8549 2.57689 -11.0631 -1.13805 10.0544 2.28279 -5.78179 -0.993525 1.31514 -9.05617 -4.27612 4.03762 0.236431 -3.09693 2.38377 -4.39928 -7.34044 -4.71705 -1.36949 -1.18264 -1.72212 -0.674527 -7.60387 -7.24022 -3.47504 -2.58189 -0.718211 -0.961058 -5.48817 -7.85034 -7.62982 -0.185899 2.79027 0.661848 -2.77836 -9.05987 -0.468025 -12.2539 0.947986 3.64909 2.53095 -7.17668 -7.19589
105.36 -1.30553 -11.2065 3.66448 6.37206 2.66276 -5.02624 -7.51152 2.24036 -11.207 -0.780061 10.5527 2.47173 -5.83217 -1.51722 2.1666 -9.49166 -3.80381 4.96134 0.627915 -3.58018 2.15447 -3.95959 -7.3825 -4.84338 -0.772553 -1.16508 -1.83948 0.147976 -7.14408 -7.24468 -3.75892 -2.86569 -0.831176 -0.993662 -4.97446 -8.25662 -7.46996 -0.674422 1.82425 0.414134 -2.36441 -8.67648 -0.989753 -12.1119 1.11081 3.11285 2.43556 -7.1773 -7.86575
105.41 -2.16447 -10.8458 3.71048 5.84708 2.47556 -4.83972 -8.09049 1.87802 -11.3255 -0.471513 10.9446 2.64414 -5.81747 -2.08266 2.71781 -9.86527 -3.31901 5.85816 0.975607 -4.08961 1.79756 -3.47882 -7.44768 -4.96244 -0.134633 -1.11571 -1.96028 0.882238 -6.67975 -7.25151 -4.00194 -3.01437 -0.93175 -1.05915 -4.43477 -8.52567 -7.36333 -1.1526 0.925017 0.19305 -1.97417 -8.23321 -1.71141 -11.844 1.27031 2.60576 2.26842 -7.13617 -8.41227
105.46 -3.28302 -10.2884 3.7122 5.28312 2.17138 -4.6156 -8.57272 1.49943 -11.4199 -0.206663 11.1987 2.79916 -5.75818 -2.73186 3.00495 -10.1858 -2.83816 6.72192 1.28246 -4.57585 1.35897 -2.91667 -7.55306 -5.05444 0.561295 -1.02326 -2.08819 1.49586 -6.22407 -7.26034 -4.20601 -3.00873 -1.01887 -1.1458 -3.84966 -8.64621 -7.29508 -1.61153 0.101093 -0.00526076 -1.61751 -7.7537 -2.77519 -11.3764 1.41766 2.12162 1.99429 -7.02896 -8.8217
105.51 -4.47433 -9.61992 3.63441 4.63688 1.79458 -4.32659 -8.93431 1.10751 -11.4897 0.0257212 11.2623 2.93414 -5.66834 -3.50397 3.07394 -10.4619 -2.36679 7.54466 1.55544 -5.00486 0.875621 -2.20255 -7.73164 -5.08471 1.33405 -0.86559 -2.23367 1.96929 -5.78279 -7.27136 -4.3758 -2.8345 -1.09082 -1.2464 -3.19815 -8.61303 -7.25513 -2.04927 -0.642493 -0.18418 -1.30026 -7.25595 -4.1582 -10.7069 1.5363 1.65054 1.61814 -6.81296 -9.07065
105.56 -5.53546 -8.98334 3.42594 3.86648 1.41561 -3.96282 -9.15842 0.698407 -11.5314 0.238785 11.0852 3.0441 -5.55732 -4.40055 2.97771 -10.6996 -1.91221 8.31593 1.80111 -5.35427 0.372681 -1.23351 -8.03712 -5.00061 2.18689 -0.607047 -2.4206 2.28618 -5.35658 -7.28537 -4.51829 -2.49774 -1.14543 -1.35687 -2.46515 -8.43098 -7.23551 -2.46436 -1.30125 -0.346447 -1.02744 -6.75188 -5.54361 -9.98126 1.59694 1.18358 1.22147 -6.45843 -9.14098
105.61 -6.44107 -8.45474 3.05015 2.98201 1.06703 -3.53934 -9.24364 0.261311 -11.5379 0.442931 10.689 3.12171 -5.43226 -5.36724 2.77075 -10.9023 -1.48634 9.02514 2.02454 -5.60775 -0.135754 -0.016307 -8.48728 -4.75098 3.0974 -0.234417 -2.69047 2.42644 -4.94208 -7.30389 -4.64324 -2.03513 -1.18044 -1.47468 -1.65205 -8.11992 -7.22932 -2.85303 -1.86915 -0.494117 -0.805868 -6.24744 -6.73239 -9.31678 1.56131 0.714331 0.861297 -5.98256 -9.03994
105.66 -7.22516 -8.05226 2.51652 2.05093 0.755825 -3.08437 -9.20172 -0.224055 -11.4955 0.643246 10.1709 3.15744 -5.29918 -6.31722 2.49644 -11.0732 -1.1016 9.66252 2.22927 -5.75861 -0.645284 1.15945 -8.98078 -4.35322 4.02769 0.18573 -3.07318 2.37745 -4.53092 -7.32946 -4.76231 -1.49787 -1.19372 -1.59774 -0.795859 -7.71383 -7.23141 -3.20928 -2.33729 -0.628549 -0.643966 -5.74278 -7.70083 -8.75887 1.3974 0.237111 0.549379 -5.43158 -8.79541
105.71 -7.90943 -7.76329 1.87761 1.13779 0.480465 -2.62742 -9.05224 -0.795506 -11.3789 0.839308 9.61358 3.13726 -5.16226 -7.18866 2.18106 -11.2157 -0.765663 10.2181 2.41742 -5.81868 -1.16086 2.06153 -9.42707 -3.88386 4.94654 0.58344 -3.54581 2.15717 -4.10859 -7.36633 -4.88295 -0.920909 -1.18276 -1.72416 0.0367102 -7.25174 -7.23849 -3.5269 -2.69328 -0.750406 -0.547997 -5.23206 -8.47212 -8.32029 1.10138 -0.252798 0.281776 -4.8534 -8.4431
105.76 -8.49941 -7.56383 1.19702 0.277521 0.236845 -2.19214 -8.81756 -1.52273 -11.1425 1.02567 9.04733 3.03688 -5.02146 -7.9565 1.8384 -11.3327 -0.479614 10.6792 2.5898 -5.81096 -1.69875 2.65884 -9.81063 -3.39718 5.8394 0.937782 -4.05335 1.80756 -3.65409 -7.42181 -5.00171 -0.310038 -1.1432 -1.85306 0.788481 -6.76748 -7.24879 -3.80193 -2.92087 -0.859631 -0.517099 -4.70333 -9.07154 -7.99348 0.704317 -0.755185 0.0511009 -4.28538 -8.01766
105.81 -8.98992 -7.43055 0.523673 -0.514791 0.0203656 -1.79415 -8.51917 -2.49882 -10.7213 1.19046 8.46544 2.82131 -4.86861 -8.61131 1.47583 -11.4257 -0.238934 11.0243 2.74589 -5.75663 -2.29108 2.98476 -10.1395 -2.91319 6.70003 1.25032 -4.54452 1.3741 -3.13526 -7.50924 -5.10258 0.349639 -1.06644 -1.98614 1.4246 -6.28425 -7.26158 -4.03394 -3.00038 -0.955416 -0.542042 -4.13874 -9.51667 -7.75892 0.253698 -1.26064 -0.149867 -3.75275 -7.54796
105.86 -9.36674 -7.34501 -0.115942 -1.23321 -0.173231 -1.4433 -8.17567 -3.69165 -10.1081 1.30905 7.83472 2.48518 -4.68395 -9.14255 1.09682 -11.4941 -0.0350493 11.2145 2.88354 -5.6705 -2.98298 3.08455 -10.4229 -2.43803 7.52091 1.52789 -4.98383 0.894051 -2.49626 -7.6541 -5.15648 1.07964 -0.935377 -2.13036 1.92514 -5.81446 -7.27705 -4.22582 -2.91234 -1.03618 -0.608934 -3.51652 -9.81624 -7.59432 -0.209499 -1.7513 -0.327089 -3.27036 -7.05536
105.91 -9.60755 -7.29295 -0.715202 -1.87522 -0.34754 -1.14821 -7.80206 -4.85546 -9.43202 1.3388 7.10376 2.09341 -4.44465 -9.53574 0.699712 -11.535 0.143315 11.1916 2.99845 -5.56237 -3.8035 3.01101 -10.6674 -1.97835 8.29177 1.77725 -5.34897 0.393268 -1.64316 -7.90286 -5.11811 1.89255 -0.719064 -2.30309 2.27609 -5.36206 -7.29608 -4.3831 -2.64945 -1.09962 -0.704244 -2.81678 -9.97198 -7.48023 -0.660629 -2.2057 -0.485068 -2.84451 -6.55351
105.96 -9.68614 -7.26319 -1.28182 -2.43902 -0.505421 -0.919192 -7.40969 -5.8485 -8.82145 1.2329 6.23729 1.70765 -4.14092 -9.77958 0.275435 -11.5415 0.307665 10.9214 3.08354 -5.43949 -4.7337 2.82067 -10.8768 -1.54562 9.00206 2.0037 -5.62422 -0.113341 -0.507319 -8.30089 -4.93076 2.77731 -0.386935 -2.53937 2.46107 -4.92485 -7.32032 -4.51395 -2.23276 -1.14305 -0.817966 -2.03131 -9.98204 -7.40166 -1.08994 -2.60271 -0.626988 -2.47523 -6.0489
106.01 -9.57936 -7.24778 -1.83132 -2.92264 -0.649052 -0.765503 -7.00651 -6.68268 -8.32978 0.971898 5.26188 1.35132 -3.77873 -9.86946 -0.194929 -11.5011 0.466914 10.4583 3.12876 -5.30791 -5.70006 2.56074 -11.0539 -1.15269 9.64204 2.21103 -5.7994 -0.620616 0.723231 -8.79126 -4.57878 3.69949 0.0254736 -2.87966 2.463 -4.49462 -7.35236 -4.62923 -1.7093 -1.16364 -0.944396 -1.18119 -9.84484 -7.34775 -1.49714 -2.92249 -0.754946 -2.15871 -5.54131
106.06 -9.27619 -7.24144 -2.37959 -3.3242 -0.780006 -0.688839 -6.59738 -7.38888 -7.96297 0.582356 4.24146 1.0302 -3.37525 -9.80784 -0.746952 -11.3903 0.62559 9.9021 3.11988 -5.17195 -6.61757 2.25972 -11.2018 -0.808238 10.2019 2.4016 -5.87947 -1.13271 1.74656 -9.25944 -4.12596 4.62151 0.436581 -3.32262 2.28732 -4.05565 -7.39651 -4.7384 -1.12296 -1.15816 -1.08157 -0.327087 -9.56236 -7.31088 -1.8862 -3.14578 -0.870151 -1.88946 -5.02398
106.11 -8.79028 -7.24076 -2.93447 -3.64241 -0.899347 -0.679954 -6.18422 -7.97764 -7.70333 0.118968 3.22417 0.743786 -2.95358 -9.60435 -1.44617 -11.1665 0.782652 9.31328 3.03368 -5.0321 -7.43662 1.93117 -11.3236 -0.514244 10.6691 2.57649 -5.88488 -1.66478 2.46749 -9.66584 -3.64094 5.52138 0.808225 -3.82034 1.96905 -3.58355 -7.46045 -4.84159 -0.489655 -1.12154 -1.23057 0.465183 -9.14302 -7.28577 -2.26163 -3.25267 -0.973077 -1.66167 -4.48358
106.16 -8.16964 -7.24359 -3.48852 -3.8764 -1.00769 -0.722249 -5.76606 -8.44478 -7.52641 -0.366972 2.23777 0.488947 -2.537 -9.27605 -2.38562 -10.7661 0.929266 8.70111 2.83578 -4.88128 -8.13616 1.58161 -11.4213 -0.266781 11.0234 2.73547 -5.83834 -2.24724 2.90406 -10.0137 -3.15479 6.39066 1.13628 -4.31697 1.55367 -3.04067 -7.55883 -4.92513 0.200244 -1.04395 -1.39552 1.1512 -8.60384 -7.26888 -2.62606 -3.22285 -1.06354 -1.46994 -3.90128
106.21 -7.48648 -7.24869 -4.02019 -4.02454 -1.10518 -0.798207 -5.33892 -8.77952 -7.41019 -0.843074 1.30136 0.261578 -2.14563 -8.84724 -3.55727 -10.1697 1.0428 8.03996 2.51448 -4.70101 -8.70199 1.21445 -11.4952 -0.0576052 11.2282 2.87681 -5.75681 -2.92471 3.0957 -10.3126 -2.67619 7.223 1.42653 -4.76983 1.08158 -2.36292 -7.72067 -4.95952 0.964418 -0.905934 -1.58546 1.70402 -7.97124 -7.25794 -2.97943 -3.04158 -1.14079 -1.30971 -3.25646
106.26 -6.80656 -7.2557 -4.50539 -4.08253 -1.19143 -0.893818 -4.89561 -8.97011 -7.33696 -1.29495 0.429366 0.0575856 -1.79707 -8.3469 -4.72889 -9.49436 1.08101 7.28232 2.12849 -4.46815 -9.11912 0.829216 -11.5431 0.124447 11.2267 2.99676 -5.65121 -3.72969 3.08841 -10.5697 -2.20954 8.0091 1.68606 -5.15031 0.582313 -1.45016 -7.9971 -4.89635 1.80843 -0.67371 -1.81965 2.1033 -7.27882 -7.25175 -3.31992 -2.71455 -1.20367 -1.17729 -2.53412
106.31 -6.16686 -7.2651 -4.92812 -4.0419 -1.26539 -0.999949 -4.42572 -9.00949 -7.29282 -1.71971 -0.368137 -0.12662 -1.50829 -7.80347 -5.73677 -8.87454 0.994163 6.39245 1.74293 -4.17132 -9.37771 0.419217 -11.5599 0.291103 10.9802 3.08904 -5.529 -4.64874 2.93388 -10.7897 -1.76353 8.7382 1.92078 -5.43834 0.0741109 -0.267129 -8.42322 -4.67976 2.71277 -0.323497 -2.13421 2.3263 -6.56118 -7.25026 -3.64688 -2.27939 -1.25092 -1.06983 -1.73299
106.36 -5.57631 -7.27825 -5.28233 -3.8902 -1.32515 -1.11175 -3.91677 -8.90017 -7.2677 -2.11927 -1.08399 -0.293962 -1.29348 -7.23988 -6.5815 -8.37054 0.756361 5.39477 1.38453 -3.81495 -9.4773 -0.0304601 -11.5353 0.451794 10.5344 3.14483 -5.39613 -5.61258 2.68141 -10.9761 -1.3507 9.4 2.135 -5.62313 -0.434891 0.936763 -8.91776 -4.3084 3.64047 0.0921275 -2.56238 2.35425 -5.84495 -7.25488 -3.96312 -1.7921 -1.28131 -0.985149 -0.881344
106.41 -5.02691 -7.2976 -5.5682 -3.61537 -1.36782 -1.22727 -3.35835 -8.65657 -7.25486 -2.49544 -1.71125 -0.446671 -1.15813 -6.67086 -7.29294 -7.992 0.387511 4.35664 1.06045 -3.4151 -9.42711 -0.548136 -11.4503 0.611829 9.9892 3.15207 -5.25747 -6.53486 2.36855 -11.1327 -0.982189 9.98478 2.3315 -5.71213 -0.945769 1.88651 -9.37552 -3.85163 4.55872 0.495283 -3.0894 2.19708 -5.14189 -7.26917 -4.27108 -1.29822 -1.29305 -0.921797 -0.0409558
106.46 -4.50205 -7.3271 -5.78771 -3.21559 -1.38925 -1.34608 -2.75067 -8.30422 -7.24987 -2.84752 -2.24062 -0.586302 -1.09568 -6.10225 -7.88166 -7.72273 -0.0611907 3.33193 0.770926 -2.99433 -9.24488 -1.18708 -11.2699 0.771394 9.41027 3.09163 -5.11522 -7.36247 2.01944 -11.2629 -0.663301 10.4815 2.5117 -5.72683 -1.46962 2.52361 -9.77006 -3.36906 5.45246 0.856789 -3.66174 1.89365 -4.44704 -7.30025 -4.56525 -0.819032 -1.2823 -0.879373 0.728839
106.51 -3.97878 -7.37319 -5.94115 -2.70697 -1.38365 -1.46857 -2.11202 -7.87567 -7.24979 -3.17238 -2.65865 -0.713737 -1.09095 -5.53103 -8.34291 -7.53833 -0.539105 2.35007 0.513327 -2.57592 -8.95419 -2.03547 -10.9355 0.924155 8.81255 2.93202 -4.96561 -8.07316 1.64807 -11.3687 -0.392866 10.8735 2.67565 -5.68921 -2.03113 2.87926 -10.1075 -2.88544 6.31842 1.1756 -4.22498 1.49092 -3.73419 -7.36164 -4.8288 -0.358439 -1.24078 -0.859513 1.39054
106.56 -3.42426 -7.44713 -6.02392 -2.11503 -1.34226 -1.59613 -1.47451 -7.40405 -7.25278 -3.46622 -2.94664 -0.829161 -1.1269 -4.94492 -8.66538 -7.41641 -1.01345 1.42694 0.283814 -2.17989 -8.5809 -3.14516 -10.3985 1.0529 8.17653 2.6463 -4.7944 -8.65371 1.26165 -11.4503 -0.164569 11.1308 2.82191 -5.61552 -2.6714 3.00279 -10.3973 -2.40943 7.15262 1.45809 -4.73924 1.02961 -2.93883 -7.4804 -5.03191 0.0862731 -1.1508 -0.868082 1.9236
106.61 -2.78466 -7.57023 -6.0221 -1.45478 -1.24987 -1.73274 -0.871067 -6.9171 -7.25774 -3.72671 -3.08002 -0.932016 -1.18948 -4.32143 -8.83763 -7.33917 -1.46906 0.57176 0.0783717 -1.823 -8.14995 -4.34547 -9.73114 1.12212 7.45853 2.27033 -4.5783 -9.08884 0.861403 -11.5055 0.0316381 11.2022 2.94712 -5.51699 -3.43137 2.95188 -10.6463 -1.94916 7.94539 1.71124 -5.17761 0.539367 -1.91558 -7.71467 -5.12439 0.518464 -0.97412 -0.920967 2.31548
106.66 -1.9649 -7.78417 -5.90473 -0.721784 -1.07796 -1.88903 -0.329479 -6.43402 -7.26425 -3.95446 -3.03081 -1.02095 -1.26921 -3.62752 -8.85387 -7.29256 -1.90172 -0.209809 -0.106648 -1.52117 -7.68289 -5.41365 -9.08136 1.08205 6.61249 1.87726 -4.30046 -9.36562 0.440983 -11.5288 0.207512 11.034 3.04532 -5.40212 -4.31596 2.78709 -10.8585 -1.51698 8.68422 1.94073 -5.51859 0.0386327 -0.446454 -8.15158 -5.02631 0.941118 -0.652505 -1.05811 2.55056
106.71 -0.84528 -8.14819 -5.61765 0.0952772 -0.785992 -2.09044 0.121325 -5.9655 -7.27251 -4.15398 -2.78203 -1.09387 -1.36068 -2.82673 -8.7194 -7.26608 -2.3114 -0.913554 -0.274292 -1.2892 -7.19656 -6.30978 -8.53408 0.895048 5.63957 1.50575 -3.95997 -9.48019 -0.0151393 -11.5101 0.373513 10.6384 3.10754 -5.27798 -5.27401 2.55713 -11.0356 -1.12603 9.35697 2.1507 -5.74304 -0.464204 1.30172 -8.72703 -4.69458 1.35676 -0.219472 -1.34322 2.6056
106.76 0.486256 -8.64333 -5.11991 0.985575 -0.382259 -2.37915 0.44335 -5.51458 -7.28336 -4.33441 -2.35767 -1.14836 -1.46101 -1.91087 -8.45312 -7.25262 -2.69735 -1.53495 -0.426939 -1.13569 -6.7024 -7.06463 -8.11296 0.565038 4.60058 1.16747 -3.56931 -9.43943 -0.536155 -11.4303 0.536418 10.1069 3.12121 -5.14979 -6.21765 2.289 -11.1807 -0.784848 9.95246 2.34385 -5.85162 -0.969989 2.81907 -9.26099 -4.22143 1.76487 0.20304 -1.79479 2.47993
106.81 1.677 -9.13985 -4.45727 1.90394 0.0451975 -2.77775 0.604808 -5.07667 -7.29843 -4.50783 -1.8268 -1.18241 -1.56831 -0.941011 -8.08549 -7.24751 -3.05605 -2.06773 -0.566308 -1.0579 -6.20613 -7.69617 -7.80856 0.136143 3.55979 0.864345 -3.14958 -9.26033 -1.17604 -11.2546 0.697874 9.52206 3.06685 -5.0193 -7.07938 1.99429 -11.2981 -0.495086 10.4589 2.52161 -5.87004 -1.48964 3.92529 -9.71446 -3.70887 2.16532 0.570749 -2.36394 2.20757
106.86 2.53046 -9.57304 -3.70592 2.80536 0.438139 -3.2601 0.602816 -4.64148 -7.32047 -4.68245 -1.24871 -1.19448 -1.68071 -0.00998592 -7.65229 -7.24774 -3.38216 -2.5029 -0.693469 -1.04271 -5.70753 -8.20377 -7.59787 -0.337444 2.55575 0.594483 -2.72488 -8.96738 -2.02366 -10.9247 0.852664 8.91272 2.91296 -4.88191 -7.82758 1.67843 -11.3912 -0.25267 10.8594 2.68421 -5.82787 -2.0477 4.61252 -10.1028 -3.19779 2.56254 0.883713 -2.98433 1.83403
106.91 2.98974 -9.94227 -2.89368 3.67081 0.784101 -3.77672 0.458798 -4.19526 -7.35398 -4.85717 -0.636867 -1.18236 -1.79649 0.812853 -7.18667 -7.25142 -3.67096 -2.82802 -0.808847 -1.07292 -5.2005 -8.57721 -7.45723 -0.815699 1.60914 0.354318 -2.31743 -8.58837 -3.13306 -10.3913 0.984163 8.26544 2.63227 -4.72253 -8.4457 1.34509 -11.4618 -0.0496123 11.1244 2.83056 -5.7466 -2.68528 4.91174 -10.4413 -2.69743 2.96429 1.15064 -3.60272 1.40012
106.96 3.04736 -10.2582 -2.01839 4.49662 1.08642 -4.2821 0.203823 -3.71908 -7.40655 -5.02118 0.0249526 -1.14145 -1.9152 1.48312 -6.71353 -7.25748 -3.9203 -3.0269 -0.912211 -1.13301 -4.6731 -8.80375 -7.36699 -1.27773 0.731502 0.139813 -1.94646 -8.15023 -4.33569 -9.72563 1.05689 7.53864 2.26004 -4.51727 -8.91774 0.995906 -11.5101 0.124834 11.2033 2.95795 -5.63955 -3.44358 4.87735 -10.7404 -2.21126 3.37597 1.38072 -4.18529 0.936291
107.01 2.80421 -10.5296 -1.10711 5.2793 1.35177 -4.74408 -0.131789 -3.18213 -7.49165 -5.15508 0.753415 -1.0627 -2.03923 1.97652 -6.24811 -7.2655 -4.13121 -3.08 -1.00264 -1.21186 -4.10786 -8.87433 -7.31145 -1.71652 -0.0704266 -0.0528418 -1.62988 -7.676 -5.40688 -9.07629 1.02064 6.68684 1.86981 -4.24906 -9.23072 0.62794 -11.5335 0.282566 11.0439 3.06156 -5.51545 -4.32753 4.58774 -11.0073 -1.74775 3.7949 1.5817 -4.71354 0.462187
107.06 2.45764 -10.7618 -0.232405 6.01033 1.58644 -5.14265 -0.523349 -2.52829 -7.63499 -5.22973 1.55157 -0.928658 -2.17633 2.29448 -5.7975 -7.27569 -4.30739 -2.96847 -1.07848 -1.30282 -3.4837 -8.78958 -7.27886 -2.13177 -0.792032 -0.226906 -1.38385 -7.18322 -6.30502 -8.52903 0.837301 5.71122 1.50068 -3.91717 -9.38061 0.232281 -11.5262 0.433943 10.6603 3.13448 -5.38128 -5.28558 4.13511 -11.2467 -1.32008 4.20995 1.75956 -5.17922 -0.0119369
107.11 2.14768 -10.9587 0.544342 6.67763 1.79564 -5.46502 -0.95334 -1.66082 -7.88387 -5.20129 2.41368 -0.708042 -2.3447 2.45618 -5.36287 -7.28892 -4.45465 -2.68651 -1.1375 -1.40245 -2.78181 -8.56338 -7.2612 -2.524 -1.42863 -0.384973 -1.21771 -6.68346 -7.06053 -8.10774 0.510461 4.67176 1.16443 -3.53427 -9.37365 -0.208106 -11.4766 0.585702 10.1463 3.16809 -5.24301 -6.23008 3.60503 -11.4618 -0.939984 4.60605 1.91854 -5.58109 -0.483693
107.16 1.90556 -11.1232 1.20254 7.26724 1.98359 -5.70022 -1.41163 -0.505963 -8.28531 -5.01423 3.3225 -0.36956 -2.58056 2.47408 -4.94113 -7.30685 -4.58113 -2.25715 -1.17708 -1.50895 -1.99466 -8.22242 -7.25315 -2.89131 -1.97378 -0.52895 -1.129 -6.18238 -7.69143 -7.80284 0.083947 3.63126 0.86303 -3.12139 -9.2257 -0.724475 -11.3632 0.73998 9.58736 3.15048 -5.10464 -7.09466 3.06056 -11.6544 -0.613006 4.9678 2.06137 -5.92263 -0.957998
107.21 1.70691 -11.2578 1.74716 7.76278 2.15338 -5.83972 -1.89538 0.74558 -8.78084 -4.65464 4.24697 0.0500549 -2.92552 2.34554 -4.52442 -7.33214 -4.69748 -1.7284 -1.19462 -1.62103 -1.14287 -7.80155 -7.25127 -3.22928 -2.41823 -0.660072 -1.10471 -5.67992 -8.19734 -7.59105 -0.388521 2.62705 0.59461 -2.70212 -8.95996 -1.37378 -11.1482 0.893777 9.01847 3.06167 -4.96621 -7.85009 2.53909 -11.8254 -0.337946 5.27951 2.18945 -6.2098 -1.44838
107.26 1.51549 -11.366 2.19237 8.1436 2.30669 -5.88883 -2.40904 1.78536 -9.25274 -4.19053 5.15659 0.466909 -3.37709 2.07832 -4.09825 -7.36914 -4.81275 -1.1439 -1.1872 -1.73753 -0.286668 -7.33619 -7.25333 -3.53289 -2.74947 -0.778901 -1.12763 -5.17009 -8.56879 -7.4485 -0.867611 1.67905 0.355625 -2.29749 -8.60327 -2.24042 -10.7733 1.03746 8.43812 2.87074 -4.8207 -8.48454 2.05791 -11.9744 -0.108784 5.5217 2.30308 -6.44933 -1.98063
107.31 1.30338 -11.4508 2.55384 8.38351 2.44363 -5.86785 -2.96404 2.51854 -9.66147 -3.69374 6.03585 0.842691 -3.88457 1.70303 -3.64047 -7.42526 -4.92639 -0.519326 -1.15026 -1.85817 0.508336 -6.85535 -7.25802 -3.79889 -2.95149 -0.885322 -1.18229 -4.64075 -8.79443 -7.35598 -1.33304 0.798508 0.142065 -1.92398 -8.18225 -3.34032 -10.2086 1.14957 7.82166 2.56071 -4.6504 -8.98676 1.62123 -12.1005 0.0836273 5.66377 2.40146 -6.6476 -2.59322
107.36 1.05572 -11.5135 2.84607 8.45307 2.56263 -5.7988 -3.57614 2.96364 -10.011 -3.19611 6.88034 1.17382 -4.39011 1.25768 -3.11727 -7.51408 -5.02417 0.155412 -1.07497 -1.98504 1.19793 -6.37839 -7.26477 -4.02698 -3.00522 -0.978517 -1.25751 -4.07396 -8.8665 -7.29885 -1.77764 -0.00788745 -0.0498556 -1.59554 -7.72032 -4.47852 -9.5469 1.19015 7.12613 2.17795 -4.43119 -9.34183 1.22468 -12.202 0.250633 5.65627 2.4827 -6.81003 -3.3186
107.41 0.766665 -11.5532 3.08148 8.3326 2.66056 -5.6974 -4.25625 3.15926 -10.3112 -2.70584 7.68535 1.4665 -4.85041 0.774402 -2.47092 -7.66175 -5.077 0.900559 -0.943839 -2.12535 1.75552 -5.91548 -7.27366 -4.21982 -2.89284 -1.05696 -1.34645 -3.44837 -8.78609 -7.26566 -2.20014 -0.735539 -0.223379 -1.32627 -7.23587 -5.47185 -8.92384 1.10952 6.30653 1.78879 -4.14833 -9.53849 0.857327 -12.2768 0.404159 5.44584 2.54356 -6.94079 -4.15791
107.46 0.433158 -11.5662 3.27033 8.03591 2.73276 -5.57308 -4.9944 3.15081 -10.5698 -2.22657 8.4419 1.72803 -5.23745 0.275085 -1.60613 -7.91573 -5.03821 1.72813 -0.725297 -2.29681 2.16176 -5.4697 -7.28544 -4.38263 -2.61035 -1.11852 -1.44524 -2.74545 -8.56717 -7.24803 -2.59977 -1.37986 -0.381087 -1.12906 -6.74154 -6.30355 -8.40937 0.878278 5.35782 1.42475 -3.8035 -9.57571 0.503774 -12.3213 0.554227 5.03317 2.57977 -7.04264 -5.0695
107.51 0.0487271 -11.5445 3.42081 7.61655 2.77318 -5.43174 -5.75495 2.99125 -10.7913 -1.76671 9.13902 1.96441 -5.53221 -0.228517 -0.46036 -8.31962 -4.84996 2.62619 -0.389814 -2.53485 2.39551 -5.03897 -7.30164 -4.5233 -2.18274 -1.16077 -1.55157 -1.95885 -8.23672 -7.24039 -2.97326 -1.93464 -0.52489 -1.00958 -6.24416 -7.00616 -8.01872 0.511932 4.33434 1.09478 -3.41128 -9.46389 0.144757 -12.3304 0.707258 4.49898 2.58686 -7.11697 -5.97591
107.56 -0.403322 -11.4734 3.53911 7.13609 2.77327 -5.27781 -6.49558 2.73296 -10.9792 -1.33933 9.76574 2.17999 -5.72333 -0.733753 0.764906 -8.81134 -4.49831 3.5602 0.0235903 -2.87923 2.43667 -4.61601 -7.32477 -4.65245 -1.65872 -1.18132 -1.6635 -1.11112 -7.82954 -7.23915 -3.315 -2.39098 -0.656035 -0.962092 -5.74476 -7.59495 -7.73815 0.0600306 3.30338 0.799594 -2.99354 -9.22341 -0.245388 -12.2946 0.865585 3.93298 2.55999 -7.16384 -6.81018
107.61 -0.960096 -11.3257 3.62913 6.63288 2.7189 -5.11396 -7.18565 2.41597 -11.137 -0.956208 10.3108 2.37753 -5.81614 -1.24718 1.77164 -9.27777 -4.04807 4.4935 0.433654 -3.32705 2.29028 -4.18695 -7.35887 -4.77921 -1.0813 -1.17755 -1.77931 -0.262929 -7.38012 -7.24206 -3.61936 -2.7368 -0.775123 -0.972018 -5.23844 -8.06589 -7.54361 -0.425716 2.30893 0.536778 -2.57323 -8.88099 -0.706495 -12.1962 1.02786 3.38235 2.4913 -7.18135 -7.53925
107.66 -1.69301 -11.0533 3.69129 6.11749 2.58516 -4.93782 -7.8062 2.06512 -11.2681 -0.622759 10.7597 2.55837 -5.83167 -1.78703 2.47256 -9.68216 -3.56611 5.40494 0.803917 -3.83017 1.99238 -3.73095 -7.41077 -4.90359 -0.465625 -1.14536 -1.89818 0.521548 -6.9159 -7.24777 -3.88316 -2.95668 -0.8821 -1.02251 -4.71412 -8.40652 -7.41207 -0.911049 1.37423 0.302625 -2.16932 -8.46497 -1.31014 -12.0006 1.18989 2.86075 2.36464 -7.1634 -8.14984
107.71 -2.68671 -10.5953 3.71848 5.57765 2.34009 -4.73629 -8.34054 1.69404 -11.3748 -0.336756 11.0892 2.72246 -5.79295 -2.38766 2.88894 -10.0285 -3.08228 6.28633 1.13079 -4.33344 1.5901 -3.21673 -7.49279 -5.0127 0.198107 -1.0768 -2.02169 1.19966 -6.45468 -7.25559 -4.10666 -3.03203 -0.976251 -1.09954 -4.15481 -8.60384 -7.32577 -1.38028 0.511163 0.0931679 -1.79463 -8.00131 -2.18328 -11.6437 1.34486 2.36603 2.14916 -7.09418 -8.63146
107.76 -3.87524 -9.96456 3.68704 4.97961 1.99063 -4.48323 -8.76651 1.30896 -11.4573 -0.0894639 11.2575 2.86812 -5.71728 -3.09389 3.06292 -10.3263 -2.60546 7.13118 1.42014 -4.79499 1.12567 -2.59146 -7.62854 -5.07984 0.92993 -0.956049 -2.15628 1.74655 -6.00571 -7.26544 -4.29319 -2.94465 -1.05618 -1.1937 -3.5396 -8.64914 -7.27246 -1.82892 -0.273896 -0.0952478 -1.4567 -7.51098 -3.43067 -11.0661 1.48094 1.88957 1.8183 -6.93942 -8.96544
107.81 -5.01566 -9.29724 3.55157 4.27571 1.60606 -4.15706 -9.06185 0.909516 -11.514 0.131877 11.2066 2.9916 -5.61607 -3.93015 3.04391 -10.583 -2.14109 7.93004 1.67899 -5.1873 0.630287 -1.76485 -7.86213 -5.06159 1.74311 -0.753703 -2.31794 2.1454 -5.57198 -7.27779 -4.44856 -2.68805 -1.11992 -1.29952 -2.84931 -8.5415 -7.24343 -2.25585 -0.976497 -0.2657 -1.16054 -7.00902 -4.8558 -10.3485 1.57557 1.42145 1.42115 -6.6564 -9.12766
107.86 -5.99695 -8.70849 3.26322 3.44346 1.2401 -3.76099 -9.21709 0.488508 -11.5396 0.339571 10.913 3.08673 -5.49734 -4.87126 2.88695 -10.8032 -1.69893 8.67214 1.91322 -5.49136 0.123519 -0.654458 -8.24382 -4.90013 2.62848 -0.436112 -2.53977 2.37834 -5.1522 -7.29376 -4.58104 -2.28337 -1.16518 -1.41386 -2.07515 -8.29268 -7.23116 -2.65862 -1.5916 -0.420594 -0.911854 -6.50438 -6.15482 -9.64386 1.59389 0.954079 1.03891 -6.23763 -9.11143
107.91 -6.83899 -8.2419 2.80558 2.5265 0.909725 -3.31823 -9.23787 0.03109 -11.5244 0.541558 10.4438 3.14518 -5.36767 -5.84011 2.64263 -10.9899 -1.29187 9.34731 2.12713 -5.69427 -0.385436 0.586117 -8.73179 -4.56986 3.55352 -0.0286692 -2.8642 2.42576 -4.74078 -7.31534 -4.70171 -1.77812 -1.1898 -1.5345 -1.23359 -7.93019 -7.22955 -3.03222 -2.11189 -0.561645 -0.718505 -6.00018 -7.23373 -9.0285 1.49807 0.481623 0.702377 -5.71857 -8.93578
107.96 -7.57259 -7.89776 2.21224 1.59805 0.616525 -2.85885 -9.14047 -0.490172 -11.4498 0.740157 9.89952 3.15572 -5.23237 -6.75662 2.34583 -11.1464 -0.930521 9.94591 2.32354 -5.79807 -0.89669 1.64085 -9.2076 -4.1276 4.48102 0.385758 -3.29694 2.28851 -4.32632 -7.34577 -4.8212 -1.21886 -1.19157 -1.65942 -0.380476 -7.49189 -7.2344 -3.37021 -2.52681 -0.68987 -0.588504 -5.49365 -8.10204 -8.52893 1.26749 -0.0014103 0.413037 -5.1488 -8.63384
108.01 -8.21067 -7.65583 1.54547 0.70802 0.357304 -2.41009 -8.9464 -1.12681 -11.2818 0.932463 9.33672 3.10012 -5.09395 -7.57889 2.01585 -11.2761 -0.619307 10.4571 2.50393 -5.82191 -1.42031 2.39095 -9.62265 -3.64553 5.38812 0.762785 -3.79389 1.99893 -3.89133 -7.39058 -4.94213 -0.62615 -1.16733 -1.78705 0.418136 -7.0153 -7.24321 -3.66722 -2.8221 -0.805585 -0.525115 -4.97598 -8.78627 -8.14709 0.91639 -0.497978 0.1645 -4.57171 -8.24162
108.06 -8.75308 -7.49146 0.863709 -0.120052 0.12756 -1.99159 -8.67794 -1.96628 -10.9626 1.11031 8.76539 2.9475 -4.94896 -8.29229 1.66276 -11.3813 -0.356354 10.8648 2.66848 -5.78907 -1.97977 2.84995 -9.97815 -3.15899 6.2659 1.0959 -4.29887 1.60288 -3.41038 -7.45951 -5.0549 0.00605058 -1.111 -1.91754 1.11639 -6.52935 -7.25476 -3.92098 -2.97967 -0.908368 -0.523171 -4.43222 -9.30839 -7.86833 0.487121 -1.00366 -0.0507704 -4.01859 -7.79132
108.11 -9.19016 -7.38359 0.204945 -0.876563 -0.077202 -1.61568 -8.35532 -3.06996 -10.4389 1.25665 8.16517 2.66867 -4.78359 -8.88817 1.29195 -11.4624 -0.134999 11.1403 2.81591 -5.71767 -2.61531 3.05886 -10.2837 -2.67874 7.1082 1.39038 -4.76807 1.14261 -2.84176 -7.57079 -5.13727 0.697687 -1.0105 -2.05473 1.68794 -6.05175 -7.2688 -4.13278 -2.97908 -0.997029 -0.570505 -3.84216 -9.68154 -7.67076 0.0261655 -1.50444 -0.239439 -3.50932 -7.3082
108.16 -9.50345 -7.31607 -0.414673 -1.55774 -0.260936 -1.29101 -7.99541 -4.28032 -9.7745 1.33788 7.49198 2.2951 -4.57443 -9.35349 0.904693 -11.5179 0.0548723 11.2336 2.94311 -5.61973 -3.36915 3.06659 -10.5474 -2.21003 7.9059 1.65335 -5.17324 0.649866 -2.11162 -7.75941 -5.15272 1.46799 -0.842392 -2.20981 2.11683 -5.59042 -7.28586 -4.30684 -2.80474 -1.06962 -0.65285 -3.18395 -9.91067 -7.53309 -0.433157 -1.98003 -0.406747 -3.05432 -6.80982
108.21 -9.66797 -7.27614 -0.996314 -2.16162 -0.426874 -1.02697 -7.6114 -5.3647 -9.1196 1.30604 6.69572 1.90136 -4.30368 -9.67444 0.495916 -11.5431 0.225031 11.0889 3.04446 -5.50355 -4.2495 2.92892 -10.7743 -1.76191 8.64832 1.8909 -5.49604 0.144994 -1.1181 -8.0794 -5.0478 2.31926 -0.570796 -2.40816 2.38879 -5.14609 -7.30718 -4.44995 -2.46174 -1.12359 -0.75817 -2.44194 -9.99526 -7.43801 -0.874082 -2.40884 -0.556526 -2.65651 -6.30623
108.26 -9.65803 -7.25422 -1.55239 -2.68635 -0.577534 -0.834047 -7.21293 -6.27513 -8.56429 1.12366 5.7686 1.52863 -3.96973 -9.84291 0.052197 -11.5287 0.386008 10.7119 3.11145 -5.37572 -5.20896 2.69967 -10.9676 -1.34725 9.32531 2.1076 -5.72281 -0.362016 0.106776 -8.53814 -4.77604 3.22747 -0.189178 -2.69189 2.48537 -4.71376 -7.33484 -4.57172 -1.98616 -1.15618 -0.878584 -1.61939 -9.93315 -7.37268 -1.29221 -2.77039 -0.691395 -2.31372 -5.80059
108.31 -9.45511 -7.24378 -2.09959 -3.12994 -0.714784 -0.718609 -6.80641 -7.04391 -8.13505 0.793769 4.76343 1.18937 -3.58464 -9.85774 -0.452284 -11.4577 0.544727 10.192 3.13232 -5.24163 -6.16018 2.41715 -11.1299 -0.977416 9.92729 2.3065 -5.8495 -0.870527 1.26155 -9.02787 -4.36418 4.15352 0.230848 -3.08642 2.39736 -4.28171 -7.37214 -4.68323 -1.42786 -1.16445 -1.01033 -0.758309 -9.72411 -7.32791 -1.68992 -3.04526 -0.812996 -2.02112 -5.28948
108.36 -9.05855 -7.24056 -2.65096 -3.49073 -0.839939 -0.676947 -6.39525 -7.69234 -7.82375 0.360764 3.7401 0.885548 -3.16921 -9.72488 -1.06589 -11.2983 0.703144 9.61584 3.08923 -5.10406 -7.03326 2.10153 -11.2646 -0.65787 10.4436 2.48932 -5.88995 -1.3897 2.13779 -9.46664 -3.88939 5.06631 0.624455 -3.56354 2.14623 -3.83017 -7.42471 -4.79026 -0.818405 -1.14455 -1.153 0.0724943 -9.37297 -7.29735 -2.07181 -3.21403 -0.922162 -1.77291 -4.76289
108.41 -8.4985 -7.24181 -3.20741 -3.76776 -0.953835 -0.695436 -5.97994 -8.22253 -7.6077 -0.119037 2.73523 0.615102 -2.7473 -9.45758 -1.87205 -10.996 0.856843 9.01687 2.95269 -4.96037 -7.79549 1.76208 -11.3745 -0.387489 10.8587 2.65651 -5.86734 -1.94156 2.71485 -9.84317 -3.40184 5.95187 0.974286 -4.06707 1.77473 -3.32929 -7.50305 -4.88644 -0.159514 -1.08951 -1.30907 0.816869 -8.89213 -7.27663 -2.44168 -3.25631 -1.01904 -1.56343 -4.20454
108.46 -7.83779 -7.24585 -3.75367 -3.95997 -1.05687 -0.756277 -5.55806 -8.62626 -7.46301 -0.60295 1.77126 0.374264 -2.34078 -9.07656 -2.9423 -10.4937 0.991254 8.38562 2.69143 -4.79808 -8.43133 1.40364 -11.4606 -0.160052 11.1457 2.80717 -5.80193 -2.56484 3.02596 -10.1659 -2.91889 6.804 1.2829 -4.54659 1.32711 -2.73062 -7.62763 -4.95066 0.564893 -0.98557 -1.48469 1.44026 -8.30328 -7.26287 -2.80085 -3.15321 -1.10315 -1.38767 -3.594
108.51 -7.14955 -7.25188 -4.26521 -4.06466 -1.14893 -0.843324 -5.1241 -8.89162 -7.36986 -1.06809 0.864923 0.158847 -1.96826 -8.60894 -4.14741 -9.8383 1.07418 7.68358 2.32825 -4.59449 -8.92596 1.02802 -11.5222 0.0343197 11.2569 2.93864 -5.70751 -3.30308 3.11386 -10.4435 -2.44543 7.61498 1.55725 -4.96687 0.838727 -1.95128 -7.83815 -4.94447 1.36898 -0.806294 -1.69296 1.92032 -7.6369 -7.25434 -3.14814 -2.8978 -1.1735 -1.24149 -2.91238
108.56 -6.48671 -7.25995 -4.7211 -4.07563 -1.22934 -0.944942 -4.66923 -9.00842 -7.31239 -1.50659 0.0284422 -0.0350324 -1.64696 -8.08416 -5.24564 -9.17813 1.05661 6.8626 1.93697 -4.33062 -9.26601 0.631927 -11.5557 0.207441 11.1359 3.04597 -5.59296 -4.16931 3.02776 -10.682 -1.98748 8.37447 1.80397 -5.30412 0.333458 -0.895405 -8.18926 -4.81161 2.24654 -0.515609 -1.96116 2.23624 -6.92806 -7.25039 -3.48187 -2.51125 -1.22887 -1.12162 -2.15027
108.61 -5.87131 -7.27096 -5.11048 -3.98222 -1.29663 -1.05425 -4.18176 -8.97384 -7.27861 -1.91866 -0.729831 -0.210645 -1.39308 -7.52846 -6.16926 -8.61144 0.896249 5.91263 1.56307 -4.0032 -9.44607 0.204978 -11.5539 0.370219 10.7802 3.12161 -5.46483 -5.12163 2.81963 -10.8851 -1.55612 9.07179 2.02819 -5.54189 -0.175574 0.343254 -8.66565 -4.51339 3.16722 -0.122017 -2.32954 2.36464 -6.20861 -7.2516 -3.80306 -2.04356 -1.26802 -1.02556 -1.31823
108.66 -5.3026 -7.28677 -5.43095 -3.77129 -1.34844 -1.16799 -3.64943 -8.79612 -7.26019 -2.30665 -1.4032 -0.370574 -1.2173 -6.96091 -6.94594 -8.16984 0.588998 4.88665 1.22119 -3.62296 -9.47047 -0.273316 -11.5028 0.530223 10.274 3.15539 -5.32862 -6.07438 2.53373 -11.0564 -1.16394 9.69705 2.23347 -5.67757 -0.684787 1.44174 -9.14992 -4.09041 4.09336 0.294273 -2.81143 2.29832 -5.4984 -7.26034 -4.11529 -1.54883 -1.28957 -0.951471 -0.463615
108.71 -4.76769 -7.31048 -5.68406 -3.43434 -1.3813 -1.28512 -3.06579 -8.49542 -7.25164 -2.67128 -1.98384 -0.516716 -1.11922 -6.39192 -7.59706 -7.84777 0.173957 3.85012 0.914253 -3.20986 -9.35286 -0.841645 -11.3768 0.690359 9.70757 3.13253 -5.1882 -6.95442 2.2008 -11.1997 -0.819525 10.2402 2.42188 -5.72715 -1.19991 2.23685 -9.57677 -3.61601 5.00043 0.67817 -3.3681 2.06359 -4.8011 -7.28168 -4.41784 -1.06086 -1.29095 -0.898339 0.348236
108.76 -4.24694 -7.34708 -5.87135 -2.97814 -1.39033 -1.40564 -2.4395 -8.10143 -7.24935 -3.0105 -2.46059 -0.650298 -1.08724 -5.82296 -8.12444 -7.62319 -0.294442 2.84383 0.640823 -2.78748 -9.11427 -1.57077 -11.1295 0.847893 9.12002 3.02809 -5.04335 -7.72646 1.83951 -11.3178 -0.524902 10.6883 2.59419 -5.71376 -1.7381 2.73035 -9.94206 -3.13132 5.88076 1.01814 -3.94196 1.70578 -4.10244 -7.32535 -4.69983 -0.590925 -1.26657 -0.866589 1.06844
108.81 -3.71338 -7.40498 -5.99116 -2.42569 -1.36855 -1.53034 -1.79705 -7.64784 -7.25096 -3.32057 -2.81753 -0.771864 -1.10448 -5.24657 -8.51918 -7.47193 -0.773474 1.8893 0.397507 -2.3778 -8.77983 -2.55132 -10.6969 0.992007 8.50766 2.80745 -4.88571 -8.37504 1.4602 -11.4118 -0.276186 11.0192 2.74974 -5.65679 -2.33233 2.96545 -10.2551 -2.65062 6.732 1.31823 -4.48522 1.26988 -3.36083 -7.41013 -4.93845 -0.138574 -1.20441 -0.859524 1.66891
108.86 -3.12586 -7.4994 -6.035 -1.79961 -1.30468 -1.66156 -1.17247 -7.16574 -7.255 -3.59819 -3.03311 -0.881241 -1.15496 -4.64562 -8.76919 -7.37389 -1.23967 0.998621 0.180287 -1.99898 -8.37531 -3.74035 -10.0777 1.09725 7.83792 2.46823 -4.69543 -8.88626 1.06728 -11.4809 -0.0650541 11.193 2.88625 -5.56973 -3.02767 2.99579 -10.5242 -2.18104 7.54737 1.58552 -4.96508 0.791391 -2.4792 -7.57537 -5.09539 0.299622 -1.07858 -0.886795 2.13418
108.91 -2.41312 -7.66013 -5.98182 -1.10521 -1.17798 -1.80582 -0.596085 -6.67884 -7.26074 -3.84232 -3.08032 -0.977488 -1.22686 -3.99228 -8.86507 -7.31322 -1.68415 0.17897 -0.0147181 -1.6671 -7.92422 -4.89186 -9.40313 1.11916 7.06124 2.07634 -4.45018 -9.24486 0.658453 -11.5214 0.119722 11.1513 2.99914 -5.46223 -3.85143 2.88179 -10.7549 -1.73282 8.31527 1.82645 -5.35835 0.294354 -1.25826 -7.90065 -5.10556 0.726745 -0.836773 -0.973824 2.45181
108.96 -1.45722 -7.94132 -5.78903 -0.331776 -0.951681 -1.97976 -0.0948858 -6.20205 -7.26805 -4.05539 -2.93356 -1.05886 -1.31283 -3.24994 -8.8059 -7.27757 -2.10551 -0.564939 -0.190876 -1.39791 -7.44594 -5.87282 -8.79763 1.00962 6.14826 1.69128 -4.14078 -9.4419 0.223142 -11.5258 0.289634 10.8637 3.08101 -5.34202 -4.78193 2.68029 -10.9496 -1.3194 9.02313 2.04595 -5.64393 -0.20788 0.412719 -8.43036 -4.88959 1.1458 -0.445437 -1.1763 2.60108
109.01 -0.197351 -8.38238 -5.39924 0.524994 -0.597114 -2.21861 0.297852 -5.74226 -7.27743 -4.24411 -2.59217 -1.12304 -1.4089 -2.38983 -8.6036 -7.25819 -2.50381 -1.22894 -0.350909 -1.20399 -6.95469 -6.69599 -8.31184 0.748973 5.1337 1.33544 -3.77347 -9.47877 -0.259971 -11.4803 0.453559 10.3884 3.12129 -5.2154 -5.74378 2.42945 -11.1105 -0.952222 9.65936 2.24741 -5.80953 -0.71148 2.09325 -8.9992 -4.47232 1.55795 -0.00635647 -1.54593 2.56499
109.06 1.10568 -8.89315 -4.81004 1.43581 -0.170446 -2.56154 0.543519 -5.29873 -7.29009 -4.41965 -2.10595 -1.16771 -1.51288 -1.43597 -8.28329 -7.24929 -2.87699 -1.80781 -0.49687 -1.08871 -6.45914 -7.38949 -7.95039 0.363533 4.0874 1.01447 -3.36559 -9.36749 -0.830389 -11.3592 0.615917 9.82372 3.1047 -5.08617 -6.65312 2.14738 -11.2415 -0.636453 10.2128 2.43291 -5.86995 -1.22197 3.41493 -9.49269 -3.97127 1.96207 0.39062 -2.06346 2.36187
109.11 2.14245 -9.36087 -4.09686 2.34992 0.243627 -3.00679 0.623315 -4.86367 -7.30814 -4.59315 -1.5473 -1.19118 -1.62292 -0.474506 -7.87902 -7.2471 -3.2204 -2.29404 -0.630158 -1.04368 -5.96212 -7.96111 -7.69506 -0.0934955 3.0612 0.728036 -2.94045 -9.12918 -1.55949 -11.1164 0.7753 9.22632 3.00617 -4.95342 -7.46164 1.84177 -11.3466 -0.370699 10.67 2.60328 -5.85537 -1.75634 4.31331 -9.91197 -3.4571 2.36009 0.730593 -2.66557 2.03426
109.16 2.80692 -9.76146 -3.31524 3.23468 0.613636 -3.5123 0.548075 -4.42501 -7.3351 -4.76859 -0.953519 -1.19177 -1.73715 0.410296 -7.42621 -7.2492 -3.52867 -2.67702 -0.751527 -1.0529 -5.46052 -8.40449 -7.52146 -0.573123 2.08344 0.473234 -2.52164 -8.79051 -2.53909 -10.688 0.921764 8.60208 2.791 -4.8079 -8.14795 1.51695 -11.4286 -0.148777 11.009 2.75814 -5.79192 -2.34748 4.80496 -10.2742 -2.95089 2.75854 1.01979 -3.29039 1.62661
109.21 3.06537 -10.1033 -2.47194 4.08089 0.937422 -4.02831 0.345631 -3.96698 -7.37673 -4.93996 -0.319847 -1.16632 -1.85429 1.16268 -6.95439 -7.25414 -3.79818 -2.94249 -0.861084 -1.09946 -4.94535 -8.7074 -7.40773 -1.045 1.16959 0.246155 -2.1298 -8.37933 -3.72912 -10.0715 1.03016 7.92216 2.45619 -4.62902 -8.69644 1.17587 -11.4884 0.0387775 11.1902 2.89566 -5.69671 -3.04059 4.93222 -10.5924 -2.45685 3.1649 1.26756 -3.89435 1.17492
109.26 2.95403 -10.3965 -1.572 4.88629 1.22076 -4.51558 0.047606 -3.46601 -7.44302 -5.09215 0.373419 -1.10838 -1.97505 1.74776 -6.4837 -7.26117 -4.02837 -3.07244 -0.958261 -1.16984 -4.40188 -8.8581 -7.33624 -1.49593 0.328431 0.0428133 -1.78331 -7.92093 -4.88363 -9.39792 1.0558 7.13813 2.06753 -4.39401 -9.0916 0.818187 -11.5249 0.203571 11.1564 3.01213 -5.58036 -3.86321 4.76159 -10.875 -1.98034 3.58106 1.48251 -4.45187 0.704217
109.31 2.6356 -10.6481 -0.668777 5.64498 1.47035 -4.94838 -0.318098 -2.88104 -7.55233 -5.20139 1.13635 -1.00543 -2.10404 2.15334 -6.02507 -7.27019 -4.22164 -3.04675 -1.04178 -1.25523 -3.81042 -8.85164 -7.29317 -1.92305 -0.434638 -0.140357 -1.49959 -7.43577 -5.86721 -8.7926 0.950051 6.22094 1.68505 -4.09372 -9.32446 0.438172 -11.5344 0.357083 10.879 3.10165 -5.45051 -4.79342 4.38041 -11.1279 -1.53268 3.99984 1.67151 -4.94996 0.229339
109.36 2.29708 -10.8626 0.162924 6.3464 1.69194 -5.31095 -0.730236 -2.13686 -7.74005 -5.23209 1.96709 -0.83377 -2.25324 2.3921 -5.58244 -7.28172 -4.38279 -2.85084 -1.10969 -1.35073 -3.15003 -8.69493 -7.26872 -2.32706 -1.11521 -0.306293 -1.29224 -6.9385 -6.69172 -8.30674 0.692858 5.20493 1.3314 -3.73458 -9.39602 0.0233839 -11.5082 0.508078 10.418 3.1565 -5.31366 -5.75561 3.88027 -11.3551 -1.1272 4.40755 1.83969 -5.38415 -0.243473
109.41 2.02132 -11.0433 0.882013 6.97745 1.89025 -5.59195 -1.17492 -1.12719 -8.06162 -5.13228 2.85528 -0.556927 -2.44898 2.48292 -5.15477 -7.29699 -4.51867 -2.49169 -1.1595 -1.45391 -2.4061 -8.40844 -7.2563 -2.70749 -1.70793 -0.457254 -1.16515 -6.43774 -7.38523 -7.94498 0.310246 4.15871 1.01231 -3.33405 -9.3174 -0.449093 -11.4308 0.661111 9.8745 3.16684 -5.17503 -6.66658 3.33692 -11.559 -0.772918 4.78871 1.99049 -5.7558 -0.715389
109.46 1.805 -11.1927 1.48305 7.52319 2.06899 -5.78072 -1.64559 0.118782 -8.52516 -4.85653 3.77609 -0.168184 -2.73474 2.42946 -4.73686 -7.31811 -4.63876 -2.00703 -1.1886 -1.5633 -1.58196 -8.02371 -7.25162 -3.06106 -2.20504 -0.594814 -1.11009 -5.93635 -7.95564 -7.6889 -0.144946 3.13271 0.727462 -2.91515 -9.10846 -1.02144 -11.2737 0.815877 9.30906 3.11752 -5.03698 -7.47969 2.80048 -11.741 -0.471902 5.12799 2.12599 -6.06985 -1.19523
109.51 1.61417 -11.3139 1.97695 7.96538 2.23058 -5.87404 -2.14301 1.29259 -9.0195 -4.43469 4.6963 0.258479 -3.13618 2.23031 -4.31777 -7.34846 -4.75388 -1.44698 -1.19432 -1.67766 -0.719025 -7.57687 -7.25189 -3.38274 -2.59575 -0.719879 -1.1111 -5.4314 -8.39705 -7.51381 -0.624318 2.15424 0.473971 -2.50072 -8.79468 -1.76665 -10.9881 0.966468 8.73632 2.98285 -4.89655 -8.17696 2.29757 -11.9012 -0.220326 5.40851 2.24701 -6.33282 -1.70201
109.56 1.41525 -11.4104 2.37917 8.2807 2.37596 -5.88583 -2.67514 2.18305 -9.4612 -3.94815 5.592 0.65698 -3.62282 1.90537 -3.87941 -7.39363 -4.86924 -0.842773 -1.17318 -1.79613 0.114165 -7.10086 -7.25535 -3.66814 -2.86583 -0.832679 -1.15128 -4.9139 -8.6983 -7.39787 -1.09825 1.23827 0.247954 -2.10953 -8.40327 -2.75832 -10.5175 1.09841 8.1426 2.73233 -4.74179 -8.74827 1.83828 -12.0392 -0.0104885 5.60649 2.35333 -6.55136 -2.26849
109.61 1.18686 -11.4843 2.70499 8.44061 2.50439 -5.83884 -3.25615 2.77058 -9.83967 -3.44899 6.45457 1.01036 -4.13586 1.49114 -3.39486 -7.46351 -4.97777 -0.195895 -1.11894 -1.91933 0.861656 -6.62012 -7.26109 -3.91539 -2.9976 -0.93276 -1.21713 -4.36875 -8.84917 -7.32432 -1.55384 0.393443 0.045451 -1.75641 -7.95954 -3.90961 -9.88667 1.18154 7.49355 2.3773 -4.5503 -9.18019 1.42228 -12.1535 0.167953 5.6825 2.44362 -6.73145 -2.93394
109.66 0.919307 -11.536 2.96794 8.41792 2.61355 -5.75241 -3.90115 3.08813 -10.1639 -2.95456 7.28057 1.32169 -4.62354 1.02379 -2.82066 -7.57677 -5.05814 0.510906 -1.01923 -2.05141 1.48914 -6.14927 -7.26883 -4.1257 -2.97165 -1.01895 -1.29971 -3.77581 -8.84558 -7.28017 -1.98762 -0.374863 -0.137082 -1.4552 -7.48461 -4.98752 -9.2305 1.16846 6.74149 1.98514 -4.30067 -9.45841 1.04174 -12.2422 0.326921 5.58047 2.51534 -6.87792 -3.71746
109.71 0.608902 -11.5633 3.17936 8.20649 2.69952 -5.63888 -4.61276 3.17747 -10.4429 -2.46904 8.06313 1.59824 -5.0507 0.530564 -2.08105 -7.7693 -5.07307 1.29621 -0.850049 -2.20383 1.97486 -5.69473 -7.279 -4.303 -2.77478 -1.08941 -1.39383 -3.11409 -8.69462 -7.25547 -2.39913 -1.06229 -0.302568 -1.21995 -6.9941 -5.89782 -8.65607 1.01509 5.85506 1.60626 -3.98629 -9.57629 0.683298 -12.3026 0.477697 5.26505 2.56468 -6.99424 -4.60038
109.76 0.251681 -11.5606 3.34849 7.84143 2.75701 -5.50559 -5.36739 3.088 -10.6828 -1.99785 8.79191 1.8468 -5.39451 0.0282598 -1.075 -8.09542 -4.96748 2.16156 -0.575298 -2.40237 2.29945 -5.25688 -7.2927 -4.45377 -2.41601 -1.1418 -1.49657 -2.36969 -8.41697 -7.2433 -2.78653 -1.66362 -0.453259 -1.06084 -6.49779 -6.66275 -8.20273 0.71284 4.86064 1.25851 -3.6158 -9.53843 0.329765 -12.3307 0.628671 4.77999 2.58716 -7.08249 -5.51965
109.81 -0.162862 -11.5171 3.48255 7.38546 2.77895 -5.35759 -6.12293 2.87405 -10.8875 -1.5522 9.45586 2.07254 -5.63905 -0.475928 0.153244 -8.55819 -4.69508 3.0823 -0.191179 -2.68921 2.44031 -4.83126 -7.31192 -4.58738 -1.9346 -1.17371 -1.60588 -1.54761 -8.04436 -7.23914 -3.14522 -2.17142 -0.590739 -0.978067 -5.99965 -7.30908 -7.86879 0.297494 3.8263 0.945763 -3.20812 -9.36046 -0.0406991 -12.3193 0.784254 4.2214 2.5783 -7.14344 -6.39684
109.86 -0.659819 -11.4129 3.58666 6.8909 2.75464 -5.19866 -6.84169 2.58297 -11.0601 -1.14538 10.044 2.27901 -5.78004 -0.983728 1.29585 -9.04723 -4.28478 4.01977 0.228571 -3.08833 2.3866 -4.40747 -7.33979 -4.71463 -1.38054 -1.18271 -1.7199 -0.690786 -7.61248 -7.24016 -3.46922 -2.57527 -0.715936 -0.960854 -5.49784 -7.84133 -7.63352 -0.176589 2.80929 0.666867 -2.78641 -9.06643 -0.459267 -12.2558 0.944882 3.65962 2.53225 -7.17634 -7.18195
109.91 -1.29161 -11.2116 3.66328 6.3819 2.66528 -5.02959 -7.49965 2.24708 -11.2045 -0.786429 10.5441 2.46828 -5.83189 -1.50693 2.15324 -9.48394 -3.81304 4.94392 0.62084 -3.57052 2.1602 -3.96828 -7.38151 -4.841 -0.784307 -1.16568 -1.83721 0.132954 -7.15296 -7.24457 -3.75388 -2.86147 -0.829131 -0.992686 -4.98447 -8.2501 -7.47246 -0.665136 1.84212 0.418606 -2.37214 -8.68445 -0.97832 -12.1156 1.10771 3.12281 2.43795 -7.17763 -7.85408
109.96 -2.14545 -10.8545 3.70994 5.85737 2.48024 -4.84355 -8.08025 1.88511 -11.3234 -0.47697 10.9383 2.641 -5.81822 -2.07123 2.70989 -9.85867 -3.32826 5.84132 0.969367 -4.07996 1.80528 -3.48861 -7.44613 -4.96033 -0.147297 -1.11701 -1.95792 0.869263 -6.68857 -7.25136 -3.99767 -3.01292 -0.929949 -1.05767 -4.44544 -8.52189 -7.36497 -1.14363 0.941515 0.19705 -1.98134 -8.24209 -1.69485 -11.8508 1.26734 2.61521 2.27251 -7.13746 -8.40305
