50.01 0.222568 0.351673 0.624579 -1.55402 -6.08383 -7.98347 -7.15076 -6.07413 -5.34037 -4.88627 -4.40754 -3.98881 -3.63351 -3.29491 -2.95525 -2.60027 -2.24027 -1.90591 -1.59635 -1.32738 -1.09511 -0.838473 -0.572091
50.06 0.221768 0.350489 0.623015 -1.55532 -6.08463 -7.98422 -7.15157 -6.075 -5.34128 -4.88719 -4.40847 -3.98973 -3.63442 -3.2958 -2.95611 -2.60109 -2.24107 -1.90666 -1.59705 -1.32802 -1.09568 -0.838952 -0.572475
50.11 0.22097 0.349307 0.621453 -1.55663 -6.08542 -7.98496 -7.15238 -6.07587 -5.34219 -4.88811 -4.4094 -3.99066 -3.63533 -3.29668 -2.95697 -2.60192 -2.24186 -1.90741 -1.59775 -1.32865 -1.09624 -0.83943 -0.572858
50.16 0.220173 0.348127 0.619893 -1.55793 -6.08622 -7.9857 -7.15318 -6.07674 -5.34309 -4.88903 -4.41033 -3.99158 -3.63624 -3.29757 -2.95783 -2.60274 -2.24264 -1.90815 -1.59844 -1.32928 -1.09679 -0.839907 -0.57324
50.21 0.219377 0.346948 0.618336 -1.55923 -6.08701 -7.98645 -7.15398 -6.07761 -5.344 -4.88995 -4.41125 -3.9925 -3.63714 -3.29845 -2.95868 -2.60357 -2.24343 -1.90889 -1.59914 -1.32991 -1.09735 -0.840383 -0.573621
50.26 0.218582 0.345772 0.616781 -1.56053 -6.0878 -7.98719 -7.15479 -6.07847 -5.3449 -4.89087 -4.41218 -3.99343 -3.63805 -3.29934 -2.95953 -2.60439 -2.24422 -1.90964 -1.59983 -1.33054 -1.09791 -0.840858 -0.574001
50.31 0.217789 0.344597 0.615229 -1.56183 -6.08859 -7.98793 -7.15559 -6.07934 -5.3458 -4.89178 -4.4131 -3.99434 -3.63895 -3.30022 -2.96039 -2.60521 -2.245 -1.91038 -1.60052 -1.33117 -1.09846 -0.841332 -0.57438
50.36 0.216997 0.343424 0.613679 -1.56313 -6.08938 -7.98866 -7.15639 -6.0802 -5.3467 -4.8927 -4.41402 -3.99526 -3.63986 -3.30109 -2.96124 -2.60602 -2.24578 -1.91112 -1.60121 -1.3318 -1.09902 -0.841805 -0.574758
50.41 0.216206 0.342254 0.612132 -1.56442 -6.09016 -7.9894 -7.15719 -6.08106 -5.3476 -4.89361 -4.41495 -3.99618 -3.64076 -3.30197 -2.96208 -2.60684 -2.24656 -1.91185 -1.6019 -1.33243 -1.09957 -0.842276 -0.575135
50.46 0.215417 0.341085 0.610587 -1.56571 -6.09095 -7.99014 -7.15798 -6.08192 -5.3485 -4.89452 -4.41586 -3.99709 -3.64165 -3.30285 -2.96293 -2.60766 -2.24734 -1.91259 -1.60258 -1.33305 -1.10012 -0.842747 -0.575512
50.51 0.214629 0.339918 0.609044 -1.567 -6.09173 -7.99087 -7.15878 -6.08278 -5.34939 -4.89543 -4.41678 -3.99801 -3.64255 -3.30372 -2.96378 -2.60847 -2.24812 -1.91332 -1.60327 -1.33368 -1.10067 -0.843216 -0.575887
50.56 0.213842 0.338752 0.607504 -1.56829 -6.09252 -7.99161 -7.15957 -6.08363 -5.35029 -4.89634 -4.4177 -3.99892 -3.64345 -3.30459 -2.96462 -2.60928 -2.24889 -1.91406 -1.60395 -1.3343 -1.10122 -0.843685 -0.576262
50.61 0.213056 0.337589 0.605966 -1.56957 -6.0933 -7.99234 -7.16037 -6.08449 -5.35118 -4.89725 -4.41861 -3.99983 -3.64434 -3.30546 -2.96546 -2.61009 -2.24967 -1.91479 -1.60463 -1.33492 -1.10177 -0.844152 -0.576635
50.66 0.212272 0.336427 0.604431 -1.57086 -6.09408 -7.99307 -7.16116 -6.08534 -5.35207 -4.89815 -4.41952 -4.00073 -3.64523 -3.30633 -2.9663 -2.6109 -2.25044 -1.91552 -1.60531 -1.33554 -1.10231 -0.844618 -0.577008
50.71 0.211489 0.335268 0.602898 -1.57214 -6.09486 -7.9938 -7.16195 -6.0862 -5.35296 -4.89906 -4.42043 -4.00164 -3.64612 -3.3072 -2.96714 -2.61171 -2.25121 -1.91625 -1.60599 -1.33616 -1.10286 -0.845084 -0.57738
50.76 0.210707 0.33411 0.601368 -1.57342 -6.09564 -7.99453 -7.16274 -6.08705 -5.35385 -4.89996 -4.42134 -4.00255 -3.64701 -3.30807 -2.96798 -2.61251 -2.25198 -1.91697 -1.60667 -1.33677 -1.1034 -0.845548 -0.577751
50.81 0.209927 0.332954 0.59984 -1.57469 -6.09641 -7.99526 -7.16353 -6.0879 -5.35474 -4.90086 -4.42225 -4.00345 -3.6479 -3.30893 -2.96881 -2.61331 -2.25275 -1.9177 -1.60734 -1.33739 -1.10395 -0.846011 -0.578122
50.86 0.209148 0.3318 0.598314 -1.57597 -6.09719 -7.99598 -7.16431 -6.08875 -5.35562 -4.90176 -4.42316 -4.00435 -3.64879 -3.30979 -2.96965 -2.61412 -2.25351 -1.91842 -1.60802 -1.338 -1.10449 -0.846473 -0.578491
50.91 0.20837 0.330648 0.596791 -1.57724 -6.09796 -7.99671 -7.1651 -6.08959 -5.35651 -4.90266 -4.42406 -4.00525 -3.64967 -3.31066 -2.97048 -2.61492 -2.25428 -1.91915 -1.60869 -1.33862 -1.10503 -0.846933 -0.578859
50.96 0.207593 0.329498 0.59527 -1.57851 -6.09874 -7.99743 -7.16588 -6.09044 -5.35739 -4.90356 -4.42497 -4.00615 -3.65056 -3.31152 -2.97131 -2.61572 -2.25504 -1.91987 -1.60936 -1.33923 -1.10557 -0.847393 -0.579227
51.01 0.206817 0.328349 0.593752 -1.57978 -6.09951 -7.99816 -7.16667 -6.09129 -5.35827 -4.90445 -4.42587 -4.00705 -3.65144 -3.31237 -2.97214 -2.61652 -2.25581 -1.92059 -1.61003 -1.33984 -1.1061 -0.847852 -0.579594
51.06 0.206043 0.327202 0.592236 -1.58105 -6.10028 -7.99888 -7.16745 -6.09213 -5.35915 -4.90535 -4.42677 -4.00794 -3.65232 -3.31323 -2.97297 -2.61731 -2.25657 -1.92131 -1.6107 -1.34045 -1.10664 -0.84831 -0.57996
51.11 0.20527 0.326058 0.590722 -1.58231 -6.10105 -7.9996 -7.16823 -6.09297 -5.36003 -4.90624 -4.42767 -4.00884 -3.6532 -3.31409 -2.9738 -2.61811 -2.25733 -1.92202 -1.61137 -1.34106 -1.10718 -0.848766 -0.580325
51.16 0.204499 0.324915 0.589211 -1.58358 -6.10182 -8.00032 -7.16901 -6.09381 -5.36091 -4.90713 -4.42857 -4.00973 -3.65407 -3.31494 -2.97462 -2.6189 -2.25808 -1.92274 -1.61204 -1.34166 -1.10771 -0.849222 -0.580689
51.21 0.203728 0.323773 0.587702 -1.58484 -6.10259 -8.00104 -7.16979 -6.09465 -5.36179 -4.90802 -4.42946 -4.01062 -3.65495 -3.31579 -2.97545 -2.61969 -2.25884 -1.92345 -1.6127 -1.34227 -1.10824 -0.849677 -0.581052
51.26 0.202959 0.322634 0.586196 -1.5861 -6.10335 -8.00176 -7.17057 -6.09549 -5.36266 -4.90891 -4.43036 -4.01151 -3.65582 -3.31664 -2.97627 -2.62048 -2.25959 -1.92417 -1.61337 -1.34287 -1.10878 -0.85013 -0.581414
51.31 0.202191 0.321496 0.584692 -1.58735 -6.10412 -8.00248 -7.17134 -6.09633 -5.36353 -4.90979 -4.43125 -4.0124 -3.65669 -3.31749 -2.97709 -2.62127 -2.26035 -1.92488 -1.61403 -1.34347 -1.10931 -0.850583 -0.581776
51.36 0.201425 0.320361 0.58319 -1.58861 -6.10488 -8.00319 -7.17212 -6.09716 -5.36441 -4.91068 -4.43214 -4.01329 -3.65757 -3.31834 -2.97791 -2.62206 -2.2611 -1.92559 -1.61469 -1.34407 -1.10984 -0.851034 -0.582137
51.41 0.200659 0.319227 0.58169 -1.58986 -6.10565 -8.00391 -7.17289 -6.098 -5.36528 -4.91156 -4.43303 -4.01417 -3.65844 -3.31919 -2.97873 -2.62284 -2.26185 -1.9263 -1.61535 -1.34467 -1.11036 -0.851485 -0.582496
51.46 0.199895 0.318095 0.580193 -1.59111 -6.10641 -8.00462 -7.17366 -6.09883 -5.36615 -4.91245 -4.43392 -4.01506 -3.6593 -3.32003 -2.97954 -2.62363 -2.2626 -1.927 -1.61601 -1.34527 -1.11089 -0.851934 -0.582855
51.51 0.199132 0.316964 0.578699 -1.59236 -6.10717 -8.00533 -7.17443 -6.09966 -5.36701 -4.91333 -4.43481 -4.01594 -3.66017 -3.32087 -2.98036 -2.62441 -2.26335 -1.92771 -1.61666 -1.34587 -1.11142 -0.852382 -0.583214
51.56 0.19837 0.315836 0.577206 -1.59361 -6.10793 -8.00604 -7.1752 -6.10049 -5.36788 -4.91421 -4.43569 -4.01682 -3.66103 -3.32172 -2.98117 -2.62519 -2.26409 -1.92841 -1.61732 -1.34647 -1.11194 -0.85283 -0.583571
51.61 0.19761 0.314709 0.575716 -1.59486 -6.10868 -8.00675 -7.17597 -6.10132 -5.36874 -4.91508 -4.43658 -4.0177 -3.6619 -3.32256 -2.98198 -2.62597 -2.26484 -1.92911 -1.61797 -1.34706 -1.11247 -0.853276 -0.583927
51.66 0.19685 0.313584 0.574229 -1.5961 -6.10944 -8.00746 -7.17674 -6.10215 -5.36961 -4.91596 -4.43746 -4.01858 -3.66276 -3.32339 -2.98279 -2.62675 -2.26558 -1.92982 -1.61862 -1.34765 -1.11299 -0.853721 -0.584283
51.71 0.196092 0.312461 0.572743 -1.59734 -6.1102 -8.00817 -7.17751 -6.10297 -5.37047 -4.91684 -4.43834 -4.01945 -3.66362 -3.32423 -2.9836 -2.62753 -2.26632 -1.93051 -1.61927 -1.34825 -1.11351 -0.854166 -0.584638
51.76 0.195336 0.31134 0.57126 -1.59858 -6.11095 -8.00888 -7.17827 -6.1038 -5.37133 -4.91771 -4.43922 -4.02033 -3.66448 -3.32507 -2.98441 -2.6283 -2.26706 -1.93121 -1.61992 -1.34884 -1.11403 -0.854609 -0.584992
51.81 0.19458 0.31022 0.56978 -1.59982 -6.1117 -8.00958 -7.17904 -6.10462 -5.37219 -4.91858 -4.4401 -4.0212 -3.66534 -3.3259 -2.98521 -2.62907 -2.2678 -1.93191 -1.62057 -1.34943 -1.11455 -0.855051 -0.585345
51.86 0.193826 0.309103 0.568301 -1.60106 -6.11246 -8.01029 -7.1798 -6.10545 -5.37305 -4.91945 -4.44098 -4.02207 -3.66619 -3.32673 -2.98602 -2.62985 -2.26854 -1.93261 -1.62122 -1.35001 -1.11507 -0.855493 -0.585697
51.91 0.193072 0.307987 0.566825 -1.60229 -6.11321 -8.01099 -7.18056 -6.10627 -5.3739 -4.92032 -4.44185 -4.02294 -3.66705 -3.32756 -2.98682 -2.63062 -2.26927 -1.9333 -1.62187 -1.3506 -1.11558 -0.855933 -0.586049
51.96 0.192321 0.306873 0.565351 -1.60352 -6.11396 -8.01169 -7.18132 -6.10709 -5.37476 -4.92119 -4.44273 -4.02381 -3.6679 -3.32839 -2.98762 -2.63139 -2.27001 -1.93399 -1.62251 -1.35119 -1.1161 -0.856372 -0.586399
52.01 0.19157 0.30576 0.56388 -1.60475 -6.11471 -8.01239 -7.18208 -6.1079 -5.37561 -4.92206 -4.4436 -4.02468 -3.66875 -3.32922 -2.98842 -2.63216 -2.27074 -1.93468 -1.62315 -1.35177 -1.11662 -0.85681 -0.586749
52.06 0.19082 0.30465 0.562411 -1.60598 -6.11545 -8.01309 -7.18284 -6.10872 -5.37647 -4.92292 -4.44447 -4.02555 -3.6696 -3.33005 -2.98922 -2.63292 -2.27147 -1.93537 -1.62379 -1.35236 -1.11713 -0.857248 -0.587098
52.11 0.190072 0.303541 0.560944 -1.60721 -6.1162 -8.01379 -7.1836 -6.10954 -5.37732 -4.92379 -4.44534 -4.02641 -3.67045 -3.33087 -2.99002 -2.63369 -2.2722 -1.93606 -1.62444 -1.35294 -1.11764 -0.857684 -0.587446
52.16 0.189325 0.302434 0.55948 -1.60843 -6.11694 -8.01449 -7.18435 -6.11035 -5.37817 -4.92465 -4.44621 -4.02727 -3.6713 -3.3317 -2.99081 -2.63445 -2.27293 -1.93675 -1.62507 -1.35352 -1.11815 -0.858119 -0.587794
52.21 0.188579 0.301328 0.558017 -1.60965 -6.11769 -8.01519 -7.18511 -6.11117 -5.37902 -4.92551 -4.44708 -4.02814 -3.67214 -3.33252 -2.9916 -2.63521 -2.27366 -1.93743 -1.62571 -1.3541 -1.11866 -0.858553 -0.58814
52.26 0.187834 0.300225 0.556557 -1.61087 -6.11843 -8.01588 -7.18586 -6.11198 -5.37986 -4.92637 -4.44794 -4.029 -3.67299 -3.33334 -2.9924 -2.63597 -2.27438 -1.93812 -1.62635 -1.35468 -1.11917 -0.858987 -0.588486
52.31 0.187091 0.299123 0.5551 -1.61209 -6.11917 -8.01658 -7.18661 -6.11279 -5.38071 -4.92723 -4.44881 -4.02986 -3.67383 -3.33416 -2.99319 -2.63673 -2.2751 -1.9388 -1.62698 -1.35525 -1.11968 -0.859419 -0.588831
52.36 0.186349 0.298023 0.553644 -1.61331 -6.11991 -8.01727 -7.18736 -6.1136 -5.38155 -4.92809 -4.44967 -4.03071 -3.67467 -3.33498 -2.99398 -2.63749 -2.27583 -1.93948 -1.62762 -1.35583 -1.12019 -0.85985 -0.589175
52.41 0.185608 0.296925 0.552191 -1.61453 -6.12065 -8.01796 -7.18811 -6.11441 -5.3824 -4.92894 -4.45053 -4.03157 -3.67551 -3.33579 -2.99476 -2.63825 -2.27655 -1.94016 -1.62825 -1.3564 -1.12069 -0.860281 -0.589519
52.46 0.184868 0.295828 0.550741 -1.61574 -6.12139 -8.01865 -7.18886 -6.11521 -5.38324 -4.9298 -4.45139 -4.03242 -3.67635 -3.33661 -2.99555 -2.639 -2.27727 -1.94084 -1.62888 -1.35698 -1.1212 -0.86071 -0.589861
52.51 0.184129 0.294733 0.549292 -1.61695 -6.12213 -8.01934 -7.18961 -6.11602 -5.38408 -4.93065 -4.45225 -4.03328 -3.67718 -3.33742 -2.99634 -2.63976 -2.27799 -1.94152 -1.62951 -1.35755 -1.1217 -0.861138 -0.590203
52.56 0.183391 0.29364 0.547846 -1.61816 -6.12286 -8.02003 -7.19036 -6.11682 -5.38492 -4.9315 -4.45311 -4.03413 -3.67802 -3.33824 -2.99712 -2.64051 -2.27871 -1.9422 -1.63014 -1.35812 -1.1222 -0.861566 -0.590544
52.61 0.182655 0.292549 0.546402 -1.61937 -6.1236 -8.02072 -7.1911 -6.11763 -5.38576 -4.93235 -4.45396 -4.03498 -3.67885 -3.33905 -2.9979 -2.64126 -2.27942 -1.94287 -1.63077 -1.35869 -1.1227 -0.861992 -0.590884
52.66 0.18192 0.291459 0.54496 -1.62057 -6.12433 -8.02141 -7.19184 -6.11843 -5.38659 -4.9332 -4.45481 -4.03583 -3.67969 -3.33985 -2.99868 -2.64201 -2.28014 -1.94354 -1.63139 -1.35926 -1.1232 -0.862418 -0.591223
52.71 0.181186 0.290372 0.543521 -1.62178 -6.12506 -8.02209 -7.19259 -6.11923 -5.38743 -4.93405 -4.45567 -4.03667 -3.68052 -3.34066 -2.99946 -2.64276 -2.28085 -1.94422 -1.63202 -1.35983 -1.1237 -0.862842 -0.591562
52.76 0.180453 0.289286 0.542083 -1.62298 -6.12579 -8.02278 -7.19333 -6.12003 -5.38826 -4.93489 -4.45652 -4.03752 -3.68135 -3.34147 -3.00024 -2.6435 -2.28156 -1.94489 -1.63264 -1.36039 -1.1242 -0.863266 -0.591899
52.81 0.179722 0.288201 0.540648 -1.62418 -6.12652 -8.02346 -7.19407 -6.12083 -5.38909 -4.93574 -4.45737 -4.03836 -3.68217 -3.34227 -3.00102 -2.64425 -2.28227 -1.94556 -1.63326 -1.36096 -1.1247 -0.863688 -0.592236
52.86 0.178991 0.287119 0.539216 -1.62537 -6.12725 -8.02415 -7.19481 -6.12163 -5.38992 -4.93658 -4.45822 -4.0392 -3.683 -3.34308 -3.00179 -2.64499 -2.28298 -1.94622 -1.63388 -1.36152 -1.12519 -0.86411 -0.592573
52.91 0.178262 0.286038 0.537785 -1.62657 -6.12798 -8.02483 -7.19555 -6.12242 -5.39075 -4.93742 -4.45906 -4.04005 -3.68383 -3.34388 -3.00257 -2.64573 -2.28369 -1.94689 -1.6345 -1.36208 -1.12569 -0.864531 -0.592908
52.96 0.177534 0.284958 0.536357 -1.62777 -6.12871 -8.02551 -7.19628 -6.12322 -5.39158 -4.93826 -4.45991 -4.04089 -3.68465 -3.34468 -3.00334 -2.64647 -2.28439 -1.94756 -1.63512 -1.36264 -1.12618 -0.86495 -0.593243
53.01 0.176807 0.283881 0.534931 -1.62896 -6.12943 -8.02619 -7.19702 -6.12401 -5.39241 -4.9391 -4.46075 -4.04172 -3.68547 -3.34548 -3.00411 -2.64721 -2.2851 -1.94822 -1.63574 -1.3632 -1.12667 -0.865369 -0.593576
53.06 0.176081 0.282805 0.533507 -1.63015 -6.13016 -8.02687 -7.19775 -6.1248 -5.39324 -4.93994 -4.4616 -4.04256 -3.68629 -3.34628 -3.00488 -2.64795 -2.2858 -1.94888 -1.63635 -1.36376 -1.12716 -0.865787 -0.59391
53.11 0.175357 0.281731 0.532086 -1.63134 -6.13088 -8.02754 -7.19849 -6.12559 -5.39406 -4.94077 -4.46244 -4.0434 -3.68711 -3.34707 -3.00565 -2.64869 -2.2865 -1.94955 -1.63697 -1.36432 -1.12765 -0.866204 -0.594242
53.16 0.174633 0.280659 0.530666 -1.63252 -6.1316 -8.02822 -7.19922 -6.12638 -5.39488 -4.94161 -4.46328 -4.04423 -3.68793 -3.34787 -3.00641 -2.64942 -2.2872 -1.95021 -1.63758 -1.36488 -1.12814 -0.86662 -0.594573
53.21 0.173911 0.279588 0.529249 -1.63371 -6.13232 -8.0289 -7.19995 -6.12717 -5.39571 -4.94244 -4.46412 -4.04506 -3.68875 -3.34866 -3.00718 -2.65016 -2.2879 -1.95086 -1.63819 -1.36543 -1.12863 -0.867035 -0.594904
53.26 0.17319 0.278519 0.527834 -1.63489 -6.13304 -8.02957 -7.20068 -6.12796 -5.39653 -4.94328 -4.46495 -4.0459 -3.68956 -3.34945 -3.00794 -2.65089 -2.2886 -1.95152 -1.6388 -1.36599 -1.12912 -0.867449 -0.595234
53.31 0.17247 0.277452 0.526421 -1.63607 -6.13376 -8.03024 -7.20141 -6.12874 -5.39735 -4.94411 -4.46579 -4.04673 -3.69038 -3.35024 -3.0087 -2.65162 -2.2893 -1.95218 -1.63941 -1.36654 -1.1296 -0.867862 -0.595563
53.36 0.171752 0.276386 0.525011 -1.63725 -6.13448 -8.03092 -7.20214 -6.12953 -5.39816 -4.94494 -4.46662 -4.04755 -3.69119 -3.35103 -3.00946 -2.65235 -2.28999 -1.95283 -1.64002 -1.36709 -1.13009 -0.868274 -0.595892
53.41 0.171034 0.275322 0.523603 -1.63843 -6.1352 -8.03159 -7.20287 -6.13031 -5.39898 -4.94576 -4.46746 -4.04838 -3.692 -3.35182 -3.01022 -2.65308 -2.29069 -1.95349 -1.64063 -1.36764 -1.13057 -0.868685 -0.596219
53.46 0.170317 0.27426 0.522197 -1.63961 -6.13591 -8.03226 -7.20359 -6.13109 -5.3998 -4.94659 -4.46829 -4.04921 -3.69281 -3.35261 -3.01098 -2.65381 -2.29138 -1.95414 -1.64123 -1.36819 -1.13105 -0.869096 -0.596546
53.51 0.169602 0.2732 0.520793 -1.64078 -6.13663 -8.03293 -7.20432 -6.13187 -5.40061 -4.94742 -4.46912 -4.05003 -3.69362 -3.35339 -3.01174 -2.65453 -2.29207 -1.95479 -1.64184 -1.36874 -1.13154 -0.869505 -0.596872
53.56 0.168888 0.272141 0.519391 -1.64195 -6.13734 -8.03359 -7.20504 -6.13265 -5.40142 -4.94824 -4.46995 -4.05086 -3.69442 -3.35417 -3.01249 -2.65526 -2.29276 -1.95544 -1.64244 -1.36929 -1.13202 -0.869913 -0.597198
53.61 0.168175 0.271084 0.517992 -1.64312 -6.13805 -8.03426 -7.20576 -6.13343 -5.40223 -4.94906 -4.47078 -4.05168 -3.69523 -3.35496 -3.01325 -2.65598 -2.29345 -1.95609 -1.64304 -1.36983 -1.1325 -0.870321 -0.597522
53.66 0.167463 0.270028 0.516594 -1.64429 -6.13876 -8.03493 -7.20648 -6.13421 -5.40304 -4.94989 -4.4716 -4.0525 -3.69603 -3.35574 -3.014 -2.6567 -2.29414 -1.95673 -1.64364 -1.37038 -1.13297 -0.870728 -0.597846
53.71 0.166753 0.268974 0.515199 -1.64546 -6.13947 -8.03559 -7.2072 -6.13498 -5.40385 -4.95071 -4.47243 -4.05332 -3.69683 -3.35652 -3.01475 -2.65742 -2.29482 -1.95738 -1.64424 -1.37092 -1.13345 -0.871133 -0.598169
53.76 0.166043 0.267922 0.513806 -1.64662 -6.14018 -8.03626 -7.20792 -6.13576 -5.40466 -4.95152 -4.47325 -4.05413 -3.69764 -3.35729 -3.0155 -2.65814 -2.29551 -1.95802 -1.64484 -1.37146 -1.13393 -0.871538 -0.598492
53.81 0.165335 0.266872 0.512415 -1.64779 -6.14089 -8.03692 -7.20864 -6.13653 -5.40547 -4.95234 -4.47407 -4.05495 -3.69844 -3.35807 -3.01625 -2.65886 -2.29619 -1.95867 -1.64544 -1.372 -1.1344 -0.871942 -0.598813
53.86 0.164627 0.265823 0.511027 -1.64895 -6.14159 -8.03758 -7.20936 -6.1373 -5.40627 -4.95316 -4.47489 -4.05576 -3.69923 -3.35885 -3.017 -2.65957 -2.29687 -1.95931 -1.64603 -1.37254 -1.13488 -0.872345 -0.599134
53.91 0.163921 0.264776 0.50964 -1.65011 -6.1423 -8.03824 -7.21007 -6.13808 -5.40708 -4.95397 -4.47571 -4.05658 -3.70003 -3.35962 -3.01774 -2.66029 -2.29755 -1.95995 -1.64663 -1.37308 -1.13535 -0.872747 -0.599455
53.96 0.163216 0.26373 0.508256 -1.65127 -6.143 -8.0389 -7.21079 -6.13885 -5.40788 -4.95479 -4.47653 -4.05739 -3.70083 -3.36039 -3.01849 -2.661 -2.29823 -1.96059 -1.64722 -1.37362 -1.13582 -0.873148 -0.599774
54.01 0.162512 0.262687 0.506874 -1.65242 -6.14371 -8.03956 -7.2115 -6.13961 -5.40868 -4.9556 -4.47735 -4.0582 -3.70162 -3.36116 -3.01923 -2.66171 -2.29891 -1.96123 -1.64781 -1.37416 -1.13629 -0.873549 -0.600093
54.06 0.161809 0.261644 0.505494 -1.65358 -6.14441 -8.04022 -7.21221 -6.14038 -5.40948 -4.95641 -4.47816 -4.05901 -3.70241 -3.36193 -3.01997 -2.66242 -2.29959 -1.96186 -1.6484 -1.37469 -1.13676 -0.873948 -0.600411
54.11 0.161108 0.260604 0.504116 -1.65473 -6.14511 -8.04087 -7.21292 -6.14115 -5.41028 -4.95722 -4.47898 -4.05982 -3.70321 -3.3627 -3.02071 -2.66313 -2.30026 -1.9625 -1.64899 -1.37523 -1.13723 -0.874346 -0.600728
54.16 0.160407 0.259565 0.502741 -1.65588 -6.14581 -8.04153 -7.21363 -6.14191 -5.41108 -4.95803 -4.47979 -4.06062 -3.704 -3.36347 -3.02145 -2.66384 -2.30093 -1.96313 -1.64958 -1.37576 -1.1377 -0.874744 -0.601044
54.21 0.159708 0.258528 0.501367 -1.65703 -6.14651 -8.04219 -7.21434 -6.14268 -5.41187 -4.95884 -4.4806 -4.06143 -3.70478 -3.36423 -3.02219 -2.66455 -2.30161 -1.96377 -1.65017 -1.37629 -1.13817 -0.875141 -0.60136
54.26 0.15901 0.257492 0.499996 -1.65818 -6.14721 -8.04284 -7.21505 -6.14344 -5.41267 -4.95964 -4.48141 -4.06223 -3.70557 -3.365 -3.02293 -2.66525 -2.30228 -1.9644 -1.65075 -1.37683 -1.13864 -0.875537 -0.601675
54.31 0.158312 0.256458 0.498626 -1.65932 -6.1479 -8.04349 -7.21576 -6.1442 -5.41346 -4.96045 -4.48222 -4.06304 -3.70636 -3.36576 -3.02366 -2.66596 -2.30295 -1.96503 -1.65134 -1.37735 -1.1391 -0.875931 -0.601989
54.36 0.157616 0.255426 0.497259 -1.66046 -6.1486 -8.04414 -7.21646 -6.14496 -5.41425 -4.96125 -4.48303 -4.06384 -3.70714 -3.36652 -3.0244 -2.66666 -2.30362 -1.96566 -1.65192 -1.37788 -1.13956 -0.876325 -0.602303
54.41 0.156921 0.254395 0.495894 -1.66161 -6.1493 -8.04479 -7.21717 -6.14572 -5.41504 -4.96205 -4.48383 -4.06464 -3.70793 -3.36728 -3.02513 -2.66736 -2.30428 -1.96628 -1.6525 -1.37841 -1.14003 -0.876719 -0.602616
54.46 0.156228 0.253366 0.494532 -1.66275 -6.14999 -8.04544 -7.21787 -6.14648 -5.41583 -4.96285 -4.48464 -4.06544 -3.70871 -3.36804 -3.02586 -2.66806 -2.30495 -1.96691 -1.65308 -1.37894 -1.14049 -0.877111 -0.602928
54.51 0.155535 0.252339 0.493171 -1.66388 -6.15068 -8.04609 -7.21857 -6.14724 -5.41662 -4.96365 -4.48544 -4.06623 -3.70949 -3.3688 -3.02659 -2.66876 -2.30562 -1.96754 -1.65366 -1.37946 -1.14095 -0.877502 -0.603239
54.56 0.154843 0.251313 0.491812 -1.66502 -6.15137 -8.04674 -7.21927 -6.14799 -5.41741 -4.96445 -4.48624 -4.06703 -3.71027 -3.36956 -3.02732 -2.66946 -2.30628 -1.96816 -1.65424 -1.37999 -1.14141 -0.877893 -0.60355
54.61 0.154153 0.250289 0.490456 -1.66616 -6.15206 -8.04739 -7.21997 -6.14874 -5.41819 -4.96524 -4.48704 -4.06782 -3.71105 -3.37031 -3.02804 -2.67015 -2.30694 -1.96878 -1.65482 -1.38051 -1.14187 -0.878282 -0.60386
54.66 0.153463 0.249267 0.489101 -1.66729 -6.15275 -8.04803 -7.22067 -6.1495 -5.41898 -4.96604 -4.48784 -4.06862 -3.71182 -3.37106 -3.02877 -2.67085 -2.3076 -1.9694 -1.6554 -1.38103 -1.14233 -0.878671 -0.604169
54.71 0.152775 0.248246 0.487749 -1.66842 -6.15344 -8.04868 -7.22137 -6.15025 -5.41976 -4.96683 -4.48864 -4.06941 -3.7126 -3.37182 -3.02949 -2.67154 -2.30826 -1.97003 -1.65597 -1.38155 -1.14279 -0.879059 -0.604477
54.76 0.152088 0.247226 0.486399 -1.66955 -6.15413 -8.04932 -7.22207 -6.151 -5.42055 -4.96763 -4.48944 -4.0702 -3.71337 -3.37257 -3.03022 -2.67224 -2.30892 -1.97064 -1.65655 -1.38207 -1.14324 -0.879446 -0.604785
54.81 0.151402 0.246209 0.485051 -1.67068 -6.15481 -8.04996 -7.22276 -6.15175 -5.42133 -4.96842 -4.49023 -4.07099 -3.71414 -3.37332 -3.03094 -2.67293 -2.30958 -1.97126 -1.65712 -1.38259 -1.1437 -0.879832 -0.605092
54.86 0.150717 0.245193 0.483705 -1.6718 -6.1555 -8.0506 -7.22346 -6.1525 -5.42211 -4.96921 -4.49103 -4.07177 -3.71492 -3.37407 -3.03166 -2.67362 -2.31023 -1.97188 -1.65769 -1.38311 -1.14415 -0.880217 -0.605399
54.91 0.150033 0.244178 0.482361 -1.67293 -6.15618 -8.05124 -7.22415 -6.15325 -5.42289 -4.97 -4.49182 -4.07256 -3.71569 -3.37481 -3.03238 -2.6743 -2.31089 -1.97249 -1.65826 -1.38363 -1.1446 -0.880602 -0.605705
54.96 0.14935 0.243165 0.48102 -1.67405 -6.15686 -8.05188 -7.22484 -6.15399 -5.42366 -4.97079 -4.49261 -4.07335 -3.71645 -3.37556 -3.0331 -2.67499 -2.31154 -1.97311 -1.65883 -1.38414 -1.14506 -0.880985 -0.60601
55.01 0.148669 0.242154 0.47968 -1.67517 -6.15755 -8.05252 -7.22553 -6.15474 -5.42444 -4.97157 -4.4934 -4.07413 -3.71722 -3.3763 -3.03381 -2.67568 -2.31219 -1.97372 -1.6594 -1.38466 -1.14551 -0.881368 -0.606314
55.06 0.147988 0.241144 0.478342 -1.67629 -6.15823 -8.05316 -7.22622 -6.15548 -5.42521 -4.97236 -4.49419 -4.07491 -3.71799 -3.37704 -3.03453 -2.67636 -2.31285 -1.97433 -1.65997 -1.38517 -1.14596 -0.88175 -0.606617
55.11 0.147308 0.240136 0.477007 -1.67741 -6.15891 -8.0538 -7.22691 -6.15622 -5.42599 -4.97314 -4.49498 -4.07569 -3.71875 -3.37779 -3.03524 -2.67705 -2.3135 -1.97494 -1.66053 -1.38568 -1.14641 -0.882131 -0.60692
55.16 0.14663 0.23913 0.475673 -1.67852 -6.15959 -8.05443 -7.2276 -6.15696 -5.42676 -4.97392 -4.49577 -4.07647 -3.71951 -3.37853 -3.03595 -2.67773 -2.31414 -1.97555 -1.6611 -1.38619 -1.14685 -0.882511 -0.607222
55.21 0.145953 0.238125 0.474342 -1.67964 -6.16026 -8.05507 -7.22829 -6.15771 -5.42753 -4.97471 -4.49655 -4.07725 -3.72028 -3.37927 -3.03666 -2.67841 -2.31479 -1.97616 -1.66166 -1.38671 -1.1473 -0.88289 -0.607524
55.26 0.145276 0.237122 0.473013 -1.68075 -6.16094 -8.0557 -7.22897 -6.15844 -5.4283 -4.97549 -4.49733 -4.07803 -3.72104 -3.38 -3.03737 -2.67909 -2.31544 -1.97677 -1.66222 -1.38721 -1.14775 -0.883269 -0.607825
55.31 0.144601 0.23612 0.471686 -1.68186 -6.16161 -8.05633 -7.22966 -6.15918 -5.42907 -4.97626 -4.49812 -4.0788 -3.7218 -3.38074 -3.03808 -2.67977 -2.31608 -1.97737 -1.66278 -1.38772 -1.14819 -0.883647 -0.608125
55.36 0.143927 0.23512 0.470361 -1.68297 -6.16229 -8.05696 -7.23034 -6.15992 -5.42984 -4.97704 -4.4989 -4.07958 -3.72255 -3.38147 -3.03879 -2.68044 -2.31672 -1.97798 -1.66334 -1.38823 -1.14864 -0.884023 -0.608424
55.41 0.143254 0.234121 0.469038 -1.68407 -6.16296 -8.0576 -7.23103 -6.16065 -5.4306 -4.97782 -4.49968 -4.08035 -3.72331 -3.38221 -3.0395 -2.68112 -2.31737 -1.97858 -1.6639 -1.38874 -1.14908 -0.884399 -0.608723
55.46 0.142582 0.233124 0.467717 -1.68518 -6.16363 -8.05822 -7.23171 -6.16139 -5.43137 -4.97859 -4.50046 -4.08112 -3.72407 -3.38294 -3.0402 -2.68179 -2.31801 -1.97918 -1.66446 -1.38924 -1.14952 -0.884774 -0.609021
55.51 0.141911 0.232129 0.466398 -1.68628 -6.16431 -8.05885 -7.23239 -6.16212 -5.43213 -4.97937 -4.50123 -4.08189 -3.72482 -3.38367 -3.0409 -2.68247 -2.31865 -1.97979 -1.66502 -1.38974 -1.14996 -0.885149 -0.609319
55.56 0.141241 0.231135 0.465081 -1.68738 -6.16498 -8.05948 -7.23307 -6.16285 -5.4329 -4.98014 -4.50201 -4.08266 -3.72557 -3.3844 -3.04161 -2.68314 -2.31929 -1.98039 -1.66557 -1.39025 -1.15041 -0.885522 -0.609615
55.61 0.140573 0.230143 0.463766 -1.68848 -6.16565 -8.06011 -7.23375 -6.16359 -5.43366 -4.98091 -4.50279 -4.08343 -3.72633 -3.38513 -3.04231 -2.68381 -2.31992 -1.98098 -1.66613 -1.39075 -1.15084 -0.885895 -0.609911
55.66 0.139905 0.229152 0.462453 -1.68958 -6.16631 -8.06073 -7.23442 -6.16432 -5.43442 -4.98168 -4.50356 -4.0842 -3.72708 -3.38586 -3.04301 -2.68448 -2.32056 -1.98158 -1.66668 -1.39125 -1.15128 -0.886266 -0.610207
55.71 0.139238 0.228163 0.461142 -1.69068 -6.16698 -8.06136 -7.2351 -6.16504 -5.43518 -4.98245 -4.50433 -4.08496 -3.72782 -3.38658 -3.04371 -2.68515 -2.32119 -1.98218 -1.66723 -1.39175 -1.15172 -0.886637 -0.610501
55.76 0.138573 0.227175 0.459834 -1.69177 -6.16765 -8.06198 -7.23578 -6.16577 -5.43593 -4.98322 -4.5051 -4.08573 -3.72857 -3.38731 -3.0444 -2.68581 -2.32183 -1.98277 -1.66778 -1.39225 -1.15216 -0.887007 -0.610795
55.81 0.137908 0.226189 0.458527 -1.69287 -6.16831 -8.06261 -7.23645 -6.1665 -5.43669 -4.98398 -4.50587 -4.08649 -3.72932 -3.38803 -3.0451 -2.68648 -2.32246 -1.98337 -1.66833 -1.39274 -1.15259 -0.887377 -0.611089
55.86 0.137245 0.225205 0.457222 -1.69396 -6.16898 -8.06323 -7.23712 -6.16722 -5.43745 -4.98475 -4.50664 -4.08725 -3.73006 -3.38875 -3.04579 -2.68714 -2.32309 -1.98396 -1.66888 -1.39324 -1.15303 -0.887745 -0.611381
55.91 0.136583 0.224222 0.45592 -1.69505 -6.16964 -8.06385 -7.2378 -6.16795 -5.4382 -4.98551 -4.50741 -4.08801 -3.73081 -3.38947 -3.04649 -2.68781 -2.32372 -1.98455 -1.66943 -1.39374 -1.15346 -0.888113 -0.611673
55.96 0.135921 0.223241 0.454619 -1.69614 -6.1703 -8.06447 -7.23847 -6.16867 -5.43895 -4.98628 -4.50817 -4.08877 -3.73155 -3.39019 -3.04718 -2.68847 -2.32435 -1.98514 -1.66998 -1.39423 -1.1539 -0.88848 -0.611965
56.01 0.135261 0.222261 0.453321 -1.69722 -6.17096 -8.06509 -7.23914 -6.16939 -5.43971 -4.98704 -4.50894 -4.08953 -3.73229 -3.39091 -3.04787 -2.68913 -2.32498 -1.98573 -1.67052 -1.39472 -1.15433 -0.888846 -0.612255
56.06 0.134602 0.221283 0.452024 -1.69831 -6.17162 -8.0657 -7.23981 -6.17011 -5.44046 -4.9878 -4.5097 -4.09029 -3.73303 -3.39163 -3.04856 -2.68979 -2.3256 -1.98632 -1.67107 -1.39522 -1.15476 -0.889211 -0.612545
56.11 0.133944 0.220306 0.45073 -1.69939 -6.17228 -8.06632 -7.24047 -6.17083 -5.44121 -4.98856 -4.51046 -4.09104 -3.73377 -3.39234 -3.04925 -2.69045 -2.32623 -1.98691 -1.67161 -1.39571 -1.15519 -0.889575 -0.612835
56.16 0.133287 0.219331 0.449437 -1.70047 -6.17294 -8.06694 -7.24114 -6.17155 -5.44195 -4.98931 -4.51122 -4.0918 -3.73451 -3.39306 -3.04993 -2.6911 -2.32685 -1.98749 -1.67215 -1.3962 -1.15562 -0.889939 -0.613123
56.21 0.13263 0.218357 0.448147 -1.70155 -6.17359 -8.06755 -7.24181 -6.17227 -5.4427 -4.99007 -4.51198 -4.09255 -3.73524 -3.39377 -3.05062 -2.69176 -2.32748 -1.98808 -1.67269 -1.39669 -1.15605 -0.890302 -0.613411
56.26 0.131975 0.217385 0.446858 -1.70263 -6.17425 -8.06817 -7.24247 -6.17298 -5.44345 -4.99083 -4.51274 -4.0933 -3.73598 -3.39448 -3.0513 -2.69241 -2.3281 -1.98866 -1.67323 -1.39717 -1.15647 -0.890664 -0.613699
56.31 0.131321 0.216414 0.445572 -1.70371 -6.17491 -8.06878 -7.24314 -6.1737 -5.44419 -4.99158 -4.5135 -4.09405 -3.73671 -3.39519 -3.05199 -2.69307 -2.32872 -1.98924 -1.67377 -1.39766 -1.1569 -0.891025 -0.613985
56.36 0.130669 0.215445 0.444287 -1.70478 -6.17556 -8.06939 -7.2438 -6.17441 -5.44493 -4.99233 -4.51425 -4.0948 -3.73744 -3.3959 -3.05267 -2.69372 -2.32934 -1.98982 -1.67431 -1.39815 -1.15733 -0.891385 -0.614271
56.41 0.130017 0.214478 0.443005 -1.70586 -6.17621 -8.07 -7.24446 -6.17513 -5.44568 -4.99308 -4.51501 -4.09555 -3.73817 -3.39661 -3.05335 -2.69437 -2.32995 -1.9904 -1.67484 -1.39863 -1.15775 -0.891745 -0.614557
56.46 0.129366 0.213512 0.441724 -1.70693 -6.17686 -8.07061 -7.24512 -6.17584 -5.44642 -4.99383 -4.51576 -4.09629 -3.7389 -3.39732 -3.05403 -2.69502 -2.33057 -1.99098 -1.67538 -1.39912 -1.15817 -0.892104 -0.614842
56.51 0.128716 0.212547 0.440446 -1.708 -6.17751 -8.07122 -7.24578 -6.17655 -5.44716 -4.99458 -4.51651 -4.09704 -3.73963 -3.39803 -3.05471 -2.69567 -2.33119 -1.99156 -1.67591 -1.3996 -1.1586 -0.892462 -0.615126
56.56 0.128067 0.211584 0.439169 -1.70907 -6.17816 -8.07183 -7.24644 -6.17726 -5.4479 -4.99533 -4.51727 -4.09778 -3.74036 -3.39873 -3.05539 -2.69631 -2.3318 -1.99214 -1.67645 -1.40008 -1.15902 -0.892819 -0.615409
56.61 0.127419 0.210623 0.437894 -1.71013 -6.17881 -8.07244 -7.2471 -6.17797 -5.44864 -4.99608 -4.51802 -4.09852 -3.74109 -3.39943 -3.05606 -2.69696 -2.33241 -1.99271 -1.67698 -1.40056 -1.15944 -0.893175 -0.615692
56.66 0.126773 0.209663 0.436622 -1.7112 -6.17946 -8.07305 -7.24776 -6.17867 -5.44937 -4.99682 -4.51876 -4.09927 -3.74181 -3.40013 -3.05674 -2.6976 -2.33303 -1.99329 -1.67751 -1.40104 -1.15986 -0.893531 -0.615974
56.71 0.126127 0.208705 0.435351 -1.71226 -6.18011 -8.07365 -7.24841 -6.17938 -5.45011 -4.99757 -4.51951 -4.10001 -3.74253 -3.40084 -3.05741 -2.69825 -2.33364 -1.99386 -1.67804 -1.40152 -1.16028 -0.893886 -0.616256
56.76 0.125482 0.207748 0.434083 -1.71332 -6.18075 -8.07426 -7.24907 -6.18009 -5.45084 -4.99831 -4.52026 -4.10074 -3.74326 -3.40154 -3.05808 -2.69889 -2.33425 -1.99443 -1.67857 -1.402 -1.1607 -0.89424 -0.616536
56.81 0.124839 0.206792 0.432816 -1.71438 -6.1814 -8.07486 -7.24972 -6.18079 -5.45157 -4.99905 -4.521 -4.10148 -3.74398 -3.40223 -3.05875 -2.69953 -2.33486 -1.995 -1.6791 -1.40248 -1.16111 -0.894593 -0.616817
56.86 0.124196 0.205839 0.431551 -1.71544 -6.18204 -8.07546 -7.25037 -6.18149 -5.45231 -4.99979 -4.52175 -4.10222 -3.7447 -3.40293 -3.05942 -2.70017 -2.33546 -1.99557 -1.67963 -1.40295 -1.16153 -0.894945 -0.617096
56.91 0.123555 0.204886 0.430289 -1.7165 -6.18268 -8.07607 -7.25102 -6.18219 -5.45304 -5.00053 -4.52249 -4.10295 -3.74542 -3.40363 -3.06009 -2.70081 -2.33607 -1.99614 -1.68015 -1.40343 -1.16195 -0.895297 -0.617375
56.96 0.122914 0.203935 0.429028 -1.71755 -6.18333 -8.07667 -7.25167 -6.1829 -5.45377 -5.00127 -4.52323 -4.10369 -3.74613 -3.40432 -3.06076 -2.70145 -2.33667 -1.99671 -1.68068 -1.4039 -1.16236 -0.895648 -0.617654
57.01 0.122274 0.202986 0.427769 -1.71861 -6.18397 -8.07727 -7.25232 -6.1836 -5.45449 -5.00201 -4.52397 -4.10442 -3.74685 -3.40501 -3.06143 -2.70208 -2.33728 -1.99727 -1.6812 -1.40438 -1.16277 -0.895998 -0.617931
57.06 0.121636 0.202038 0.426512 -1.71966 -6.18461 -8.07787 -7.25297 -6.18429 -5.45522 -5.00275 -4.52471 -4.10515 -3.74756 -3.40571 -3.06209 -2.70272 -2.33788 -1.99784 -1.68172 -1.40485 -1.16319 -0.896348 -0.618208
57.11 0.120998 0.201092 0.425257 -1.72071 -6.18524 -8.07846 -7.25362 -6.18499 -5.45595 -5.00348 -4.52544 -4.10588 -3.74828 -3.4064 -3.06275 -2.70335 -2.33848 -1.9984 -1.68224 -1.40532 -1.1636 -0.896696 -0.618485
57.16 0.120362 0.200147 0.424005 -1.72176 -6.18588 -8.07906 -7.25427 -6.18569 -5.45667 -5.00421 -4.52618 -4.10661 -3.74899 -3.40709 -3.06342 -2.70399 -2.33908 -1.99897 -1.68276 -1.40579 -1.16401 -0.897044 -0.618761
57.21 0.119726 0.199203 0.422754 -1.7228 -6.18652 -8.07966 -7.25491 -6.18638 -5.4574 -5.00495 -4.52692 -4.10734 -3.7497 -3.40778 -3.06408 -2.70462 -2.33968 -1.99953 -1.68328 -1.40626 -1.16442 -0.897391 -0.619036
57.26 0.119092 0.198261 0.421505 -1.72385 -6.18716 -8.08025 -7.25556 -6.18708 -5.45812 -5.00568 -4.52765 -4.10807 -3.75041 -3.40846 -3.06474 -2.70525 -2.34028 -2.00009 -1.6838 -1.40673 -1.16483 -0.897737 -0.61931
57.31 0.118458 0.197321 0.420257 -1.72489 -6.18779 -8.08085 -7.2562 -6.18777 -5.45884 -5.00641 -4.52838 -4.10879 -3.75112 -3.40915 -3.0654 -2.70588 -2.34088 -2.00065 -1.68432 -1.40719 -1.16524 -0.898083 -0.619584
57.36 0.117826 0.196382 0.419012 -1.72593 -6.18842 -8.08144 -7.25684 -6.18846 -5.45956 -5.00714 -4.52911 -4.10951 -3.75183 -3.40983 -3.06606 -2.70651 -2.34147 -2.00121 -1.68484 -1.40766 -1.16565 -0.898428 -0.619858
57.41 0.117194 0.195444 0.417769 -1.72698 -6.18906 -8.08203 -7.25748 -6.18915 -5.46028 -5.00787 -4.52984 -4.11024 -3.75253 -3.41052 -3.06671 -2.70713 -2.34207 -2.00176 -1.68535 -1.40813 -1.16605 -0.898772 -0.620131
57.46 0.116564 0.194508 0.416528 -1.72801 -6.18969 -8.08263 -7.25813 -6.18984 -5.461 -5.00859 -4.53057 -4.11096 -3.75324 -3.4112 -3.06737 -2.70776 -2.34266 -2.00232 -1.68587 -1.40859 -1.16646 -0.899115 -0.620403
57.51 0.115935 0.193574 0.415288 -1.72905 -6.19032 -8.08322 -7.25876 -6.19053 -5.46171 -5.00932 -4.5313 -4.11168 -3.75394 -3.41188 -3.06802 -2.70838 -2.34325 -2.00288 -1.68638 -1.40905 -1.16686 -0.899458 -0.620674
57.56 0.115306 0.192641 0.414051 -1.73009 -6.19095 -8.08381 -7.2594 -6.19122 -5.46243 -5.01004 -4.53203 -4.1124 -3.75465 -3.41256 -3.06867 -2.70901 -2.34385 -2.00343 -1.68689 -1.40952 -1.16727 -0.899799 -0.620945
57.61 0.114679 0.191709 0.412815 -1.73112 -6.19158 -8.0844 -7.26004 -6.19191 -5.46315 -5.01076 -4.53275 -4.11312 -3.75535 -3.41324 -3.06933 -2.70963 -2.34444 -2.00398 -1.6874 -1.40998 -1.16767 -0.90014 -0.621215
57.66 0.114052 0.190779 0.411582 -1.73215 -6.19221 -8.08498 -7.26068 -6.19259 -5.46386 -5.01149 -4.53348 -4.11383 -3.75605 -3.41392 -3.06998 -2.71025 -2.34503 -2.00454 -1.68791 -1.41044 -1.16807 -0.900481 -0.621485
57.71 0.113427 0.18985 0.41035 -1.73318 -6.19283 -8.08557 -7.26131 -6.19328 -5.46457 -5.01221 -4.5342 -4.11455 -3.75675 -3.41459 -3.07063 -2.71087 -2.34561 -2.00509 -1.68842 -1.4109 -1.16848 -0.90082 -0.621754
57.76 0.112802 0.188923 0.40912 -1.73421 -6.19346 -8.08616 -7.26195 -6.19396 -5.46528 -5.01293 -4.53492 -4.11526 -3.75745 -3.41527 -3.07128 -2.71149 -2.3462 -2.00564 -1.68893 -1.41136 -1.16888 -0.901159 -0.622022
57.81 0.112179 0.187997 0.407892 -1.73524 -6.19408 -8.08674 -7.26258 -6.19464 -5.46599 -5.01365 -4.53564 -4.11598 -3.75814 -3.41594 -3.07192 -2.71211 -2.34679 -2.00619 -1.68944 -1.41181 -1.16928 -0.901497 -0.62229
57.86 0.111556 0.187073 0.406666 -1.73627 -6.19471 -8.08733 -7.26321 -6.19532 -5.4667 -5.01436 -4.53636 -4.11669 -3.75884 -3.41662 -3.07257 -2.71272 -2.34737 -2.00673 -1.68994 -1.41227 -1.16968 -0.901834 -0.622557
57.91 0.110935 0.18615 0.405442 -1.73729 -6.19533 -8.08791 -7.26385 -6.196 -5.46741 -5.01508 -4.53708 -4.1174 -3.75953 -3.41729 -3.07321 -2.71334 -2.34795 -2.00728 -1.69045 -1.41273 -1.17007 -0.902171 -0.622824
57.96 0.110314 0.185229 0.40422 -1.73832 -6.19595 -8.08849 -7.26448 -6.19668 -5.46812 -5.01579 -4.5378 -4.11811 -3.76022 -3.41796 -3.07386 -2.71395 -2.34854 -2.00783 -1.69095 -1.41318 -1.17047 -0.902507 -0.62309
58.01 0.109695 0.184309 0.403 -1.73934 -6.19657 -8.08907 -7.26511 -6.19736 -5.46882 -5.01651 -4.53851 -4.11882 -3.76092 -3.41863 -3.0745 -2.71457 -2.34912 -2.00837 -1.69145 -1.41363 -1.17087 -0.902842 -0.623355
58.06 0.109076 0.18339 0.401782 -1.74036 -6.19719 -8.08965 -7.26573 -6.19804 -5.46953 -5.01722 -4.53923 -4.11953 -3.76161 -3.4193 -3.07514 -2.71518 -2.3497 -2.00891 -1.69196 -1.41409 -1.17126 -0.903176 -0.62362
58.11 0.108459 0.182473 0.400565 -1.74138 -6.19781 -8.09024 -7.26636 -6.19871 -5.47023 -5.01793 -4.53994 -4.12023 -3.7623 -3.41996 -3.07578 -2.71579 -2.35028 -2.00946 -1.69246 -1.41454 -1.17166 -0.90351 -0.623884
58.16 0.107842 0.181558 0.399351 -1.74239 -6.19843 -8.09081 -7.26699 -6.19939 -5.47093 -5.01864 -4.54065 -4.12094 -3.76299 -3.42063 -3.07642 -2.7164 -2.35085 -2.01 -1.69296 -1.41499 -1.17205 -0.903842 -0.624148
58.21 0.107226 0.180643 0.398138 -1.74341 -6.19905 -8.09139 -7.26762 -6.20006 -5.47163 -5.01935 -4.54136 -4.12164 -3.76367 -3.42129 -3.07706 -2.71701 -2.35143 -2.01054 -1.69345 -1.41544 -1.17244 -0.904175 -0.624411
58.26 0.106612 0.179731 0.396927 -1.74442 -6.19967 -8.09197 -7.26824 -6.20073 -5.47233 -5.02006 -4.54207 -4.12234 -3.76436 -3.42196 -3.07769 -2.71762 -2.35201 -2.01108 -1.69395 -1.41589 -1.17284 -0.904506 -0.624674
58.31 0.105998 0.178819 0.395718 -1.74543 -6.20028 -8.09255 -7.26886 -6.20141 -5.47303 -5.02077 -4.54278 -4.12304 -3.76504 -3.42262 -3.07833 -2.71822 -2.35258 -2.01162 -1.69445 -1.41634 -1.17323 -0.904837 -0.624935
58.36 0.105385 0.17791 0.394511 -1.74644 -6.2009 -8.09312 -7.26949 -6.20208 -5.47373 -5.02147 -4.54349 -4.12374 -3.76573 -3.42328 -3.07896 -2.71883 -2.35316 -2.01215 -1.69495 -1.41678 -1.17362 -0.905167 -0.625197
58.41 0.104774 0.177001 0.393306 -1.74745 -6.20151 -8.0937 -7.27011 -6.20275 -5.47443 -5.02218 -4.5442 -4.12444 -3.76641 -3.42394 -3.0796 -2.71943 -2.35373 -2.01269 -1.69544 -1.41723 -1.17401 -0.905496 -0.625457
58.46 0.104163 0.176094 0.392102 -1.74846 -6.20212 -8.09427 -7.27073 -6.20341 -5.47512 -5.02288 -4.5449 -4.12514 -3.76709 -3.4246 -3.08023 -2.72004 -2.3543 -2.01322 -1.69593 -1.41768 -1.1744 -0.905824 -0.625717
58.51 0.103553 0.175188 0.390901 -1.74946 -6.20273 -8.09484 -7.27135 -6.20408 -5.47582 -5.02358 -4.54561 -4.12584 -3.76777 -3.42526 -3.08086 -2.72064 -2.35487 -2.01376 -1.69643 -1.41812 -1.17479 -0.906152 -0.625977
58.56 0.102944 0.174284 0.389701 -1.75047 -6.20334 -8.09541 -7.27197 -6.20475 -5.47651 -5.02428 -4.54631 -4.12653 -3.76845 -3.42591 -3.08149 -2.72124 -2.35544 -2.01429 -1.69692 -1.41856 -1.17517 -0.906479 -0.626236
58.61 0.102337 0.173382 0.388504 -1.75147 -6.20395 -8.09598 -7.27259 -6.20541 -5.4772 -5.02498 -4.54701 -4.12723 -3.76913 -3.42657 -3.08212 -2.72184 -2.35601 -2.01482 -1.69741 -1.41901 -1.17556 -0.906806 -0.626494
58.66 0.10173 0.17248 0.387308 -1.75247 -6.20456 -8.09655 -7.2732 -6.20608 -5.47789 -5.02568 -4.54771 -4.12792 -3.7698 -3.42722 -3.08275 -2.72244 -2.35657 -2.01535 -1.6979 -1.41945 -1.17594 -0.907131 -0.626752
58.71 0.101124 0.17158 0.386114 -1.75347 -6.20517 -8.09712 -7.27382 -6.20674 -5.47858 -5.02638 -4.54841 -4.12861 -3.77048 -3.42787 -3.08337 -2.72303 -2.35714 -2.01588 -1.69839 -1.41989 -1.17633 -0.907456 -0.627009
58.76 0.100519 0.170682 0.384922 -1.75447 -6.20578 -8.09769 -7.27443 -6.2074 -5.47927 -5.02708 -4.54911 -4.1293 -3.77115 -3.42853 -3.084 -2.72363 -2.3577 -2.01641 -1.69888 -1.42033 -1.17671 -0.90778 -0.627266
58.81 0.0999149 0.169785 0.383731 -1.75547 -6.20638 -8.09826 -7.27505 -6.20806 -5.47996 -5.02777 -4.54981 -4.12999 -3.77183 -3.42918 -3.08462 -2.72423 -2.35827 -2.01694 -1.69936 -1.42077 -1.1771 -0.908104 -0.627522
58.86 0.0993118 0.168889 0.382543 -1.75646 -6.20699 -8.09883 -7.27566 -6.20872 -5.48065 -5.02847 -4.55051 -4.13068 -3.7725 -3.42983 -3.08525 -2.72482 -2.35883 -2.01747 -1.69985 -1.42121 -1.17748 -0.908427 -0.627777
58.91 0.0987097 0.167995 0.381356 -1.75746 -6.20759 -8.09939 -7.27627 -6.20938 -5.48133 -5.02916 -4.5512 -4.13137 -3.77317 -3.43048 -3.08587 -2.72541 -2.35939 -2.01799 -1.70033 -1.42164 -1.17786 -0.908749 -0.628032
58.96 0.0981086 0.167102 0.380171 -1.75845 -6.2082 -8.09996 -7.27689 -6.21004 -5.48202 -5.02985 -4.55189 -4.13206 -3.77384 -3.43112 -3.08649 -2.726 -2.35995 -2.01852 -1.70082 -1.42208 -1.17824 -0.90907 -0.628286
59.01 0.0975084 0.16621 0.378988 -1.75944 -6.2088 -8.10052 -7.2775 -6.2107 -5.4827 -5.03055 -4.55259 -4.13274 -3.77451 -3.43177 -3.08711 -2.7266 -2.36051 -2.01904 -1.7013 -1.42252 -1.17862 -0.909391 -0.62854
59.06 0.0969092 0.16532 0.377807 -1.76043 -6.2094 -8.10108 -7.27811 -6.21136 -5.48338 -5.03124 -4.55328 -4.13343 -3.77518 -3.43241 -3.08773 -2.72719 -2.36107 -2.01956 -1.70178 -1.42295 -1.179 -0.909711 -0.628793
59.11 0.0963109 0.164431 0.376628 -1.76141 -6.21 -8.10165 -7.27871 -6.21201 -5.48407 -5.03192 -4.55397 -4.13411 -3.77584 -3.43306 -3.08835 -2.72777 -2.36163 -2.02008 -1.70226 -1.42338 -1.17938 -0.91003 -0.629046
59.16 0.0957136 0.163544 0.37545 -1.7624 -6.2106 -8.10221 -7.27932 -6.21266 -5.48475 -5.03261 -4.55466 -4.13479 -3.77651 -3.4337 -3.08896 -2.72836 -2.36219 -2.02061 -1.70275 -1.42382 -1.17976 -0.910349 -0.629298
59.21 0.0951172 0.162658 0.374275 -1.76338 -6.2112 -8.10277 -7.27993 -6.21332 -5.48542 -5.0333 -4.55535 -4.13547 -3.77717 -3.43434 -3.08958 -2.72895 -2.36274 -2.02112 -1.70322 -1.42425 -1.18013 -0.910667 -0.62955
59.26 0.0945218 0.161774 0.373101 -1.76437 -6.21179 -8.10333 -7.28053 -6.21397 -5.4861 -5.03398 -4.55603 -4.13615 -3.77783 -3.43498 -3.09019 -2.72953 -2.36329 -2.02164 -1.7037 -1.42468 -1.18051 -0.910984 -0.6298
59.31 0.0939273 0.160891 0.371929 -1.76535 -6.21239 -8.10389 -7.28114 -6.21462 -5.48678 -5.03467 -4.55672 -4.13683 -3.7785 -3.43562 -3.0908 -2.73012 -2.36385 -2.02216 -1.70418 -1.42511 -1.18088 -0.911301 -0.630051
59.36 0.0933338 0.160009 0.370759 -1.76633 -6.21299 -8.10444 -7.28174 -6.21527 -5.48746 -5.03535 -4.5574 -4.13751 -3.77916 -3.43626 -3.09142 -2.7307 -2.3644 -2.02268 -1.70466 -1.42554 -1.18126 -0.911616 -0.630301
59.41 0.0927411 0.159129 0.36959 -1.76731 -6.21358 -8.105 -7.28235 -6.21592 -5.48813 -5.03603 -4.55809 -4.13818 -3.77982 -3.4369 -3.09203 -2.73128 -2.36495 -2.02319 -1.70513 -1.42597 -1.18163 -0.911932 -0.63055
59.46 0.0921495 0.15825 0.368424 -1.76828 -6.21418 -8.10556 -7.28295 -6.21657 -5.4888 -5.03672 -4.55877 -4.13886 -3.78047 -3.43753 -3.09264 -2.73186 -2.3655 -2.02371 -1.70561 -1.42639 -1.182 -0.912246 -0.630798
59.51 0.0915587 0.157372 0.367259 -1.76926 -6.21477 -8.10611 -7.28355 -6.21721 -5.48948 -5.0374 -4.55945 -4.13953 -3.78113 -3.43817 -3.09325 -2.73244 -2.36605 -2.02422 -1.70608 -1.42682 -1.18238 -0.91256 -0.631047
59.56 0.0909689 0.156496 0.366096 -1.77023 -6.21536 -8.10667 -7.28415 -6.21786 -5.49015 -5.03807 -4.56013 -4.1402 -3.78179 -3.4388 -3.09385 -2.73302 -2.3666 -2.02473 -1.70655 -1.42725 -1.18275 -0.912873 -0.631294
59.61 0.0903801 0.155621 0.364935 -1.7712 -6.21595 -8.10722 -7.28475 -6.2185 -5.49082 -5.03875 -4.56081 -4.14087 -3.78244 -3.43944 -3.09446 -2.7336 -2.36715 -2.02525 -1.70702 -1.42767 -1.18312 -0.913185 -0.631541
59.66 0.0897921 0.154747 0.363776 -1.77217 -6.21654 -8.10777 -7.28535 -6.21915 -5.49149 -5.03943 -4.56149 -4.14154 -3.7831 -3.44007 -3.09507 -2.73418 -2.36769 -2.02576 -1.70749 -1.42809 -1.18349 -0.913497 -0.631788
59.71 0.0892051 0.153875 0.362618 -1.77314 -6.21713 -8.10832 -7.28594 -6.21979 -5.49216 -5.04011 -4.56217 -4.14221 -3.78375 -3.4407 -3.09567 -2.73475 -2.36824 -2.02627 -1.70796 -1.42852 -1.18386 -0.913808 -0.632034
59.76 0.0886191 0.153005 0.361462 -1.77411 -6.21772 -8.10887 -7.28654 -6.22043 -5.49283 -5.04078 -4.56284 -4.14288 -3.7844 -3.44133 -3.09627 -2.73533 -2.36878 -2.02677 -1.70843 -1.42894 -1.18422 -0.914119 -0.632279
59.81 0.0880339 0.152135 0.360308 -1.77508 -6.21831 -8.10942 -7.28713 -6.22107 -5.49349 -5.04145 -4.56352 -4.14355 -3.78505 -3.44196 -3.09688 -2.7359 -2.36932 -2.02728 -1.7089 -1.42936 -1.18459 -0.914428 -0.632524
59.86 0.0874497 0.151267 0.359156 -1.77604 -6.21889 -8.10997 -7.28773 -6.22171 -5.49416 -5.04213 -4.56419 -4.14421 -3.7857 -3.44258 -3.09748 -2.73648 -2.36986 -2.02779 -1.70937 -1.42978 -1.18496 -0.914737 -0.632768
59.91 0.0868664 0.150401 0.358006 -1.777 -6.21948 -8.11052 -7.28832 -6.22235 -5.49482 -5.0428 -4.56486 -4.14488 -3.78635 -3.44321 -3.09808 -2.73705 -2.37041 -2.02829 -1.70983 -1.4302 -1.18532 -0.915046 -0.633012
59.96 0.086284 0.149535 0.356857 -1.77797 -6.22006 -8.11107 -7.28892 -6.22299 -5.49549 -5.04347 -4.56554 -4.14554 -3.787 -3.44383 -3.09867 -2.73762 -2.37094 -2.0288 -1.7103 -1.43062 -1.18569 -0.915353 -0.633255
60.01 0.0857026 0.148671 0.35571 -1.77893 -6.22065 -8.11162 -7.28951 -6.22363 -5.49615 -5.04414 -4.56621 -4.14621 -3.78764 -3.44446 -3.09927 -2.73819 -2.37148 -2.0293 -1.71076 -1.43104 -1.18605 -0.91566 -0.633498
60.06 0.085122 0.147809 0.354565 -1.77989 -6.22123 -8.11216 -7.2901 -6.22426 -5.49681 -5.04481 -4.56688 -4.14687 -3.78829 -3.44508 -3.09987 -2.73876 -2.37202 -2.0298 -1.71123 -1.43145 -1.18642 -0.915967 -0.63374
60.11 0.0845424 0.146948 0.353422 -1.78084 -6.22181 -8.11271 -7.29069 -6.2249 -5.49747 -5.04547 -4.56754 -4.14753 -3.78893 -3.4457 -3.10047 -2.73932 -2.37256 -2.03031 -1.71169 -1.43187 -1.18678 -0.916273 -0.633981
60.16 0.0839637 0.146088 0.352281 -1.7818 -6.22239 -8.11325 -7.29128 -6.22553 -5.49813 -5.04614 -4.56821 -4.14819 -3.78957 -3.44632 -3.10106 -2.73989 -2.37309 -2.03081 -1.71215 -1.43229 -1.18714 -0.916578 -0.634222
60.21 0.0833859 0.145229 0.351141 -1.78275 -6.22297 -8.11379 -7.29186 -6.22616 -5.49879 -5.0468 -4.56888 -4.14884 -3.79021 -3.44694 -3.10165 -2.74045 -2.37363 -2.03131 -1.71261 -1.4327 -1.1875 -0.916882 -0.634463
60.26 0.0828091 0.144372 0.350003 -1.78371 -6.22355 -8.11434 -7.29245 -6.2268 -5.49944 -5.04747 -4.56954 -4.1495 -3.79085 -3.44756 -3.10225 -2.74102 -2.37416 -2.03181 -1.71307 -1.43311 -1.18786 -0.917186 -0.634703
60.31 0.0822331 0.143516 0.348867 -1.78466 -6.22413 -8.11488 -7.29304 -6.22743 -5.5001 -5.04813 -4.57021 -4.15016 -3.79149 -3.44818 -3.10284 -2.74158 -2.37469 -2.0323 -1.71353 -1.43353 -1.18822 -0.917489 -0.634942
60.36 0.0816581 0.142662 0.347732 -1.78561 -6.22471 -8.11542 -7.29362 -6.22806 -5.50075 -5.04879 -4.57087 -4.15081 -3.79213 -3.44879 -3.10343 -2.74214 -2.37523 -2.0328 -1.71399 -1.43394 -1.18858 -0.917791 -0.635181
60.41 0.081084 0.141809 0.3466 -1.78656 -6.22529 -8.11596 -7.29421 -6.22869 -5.50141 -5.04945 -4.57153 -4.15147 -3.79277 -3.44941 -3.10402 -2.74271 -2.37576 -2.0333 -1.71444 -1.43435 -1.18894 -0.918093 -0.635419
60.46 0.0805107 0.140957 0.345469 -1.7875 -6.22586 -8.1165 -7.29479 -6.22931 -5.50206 -5.05011 -4.57219 -4.15212 -3.79341 -3.45002 -3.10461 -2.74327 -2.37629 -2.03379 -1.7149 -1.43476 -1.1893 -0.918394 -0.635657
60.51 0.0799384 0.140106 0.344339 -1.78845 -6.22644 -8.11704 -7.29537 -6.22994 -5.50271 -5.05077 -4.57285 -4.15277 -3.79404 -3.45064 -3.10519 -2.74382 -2.37681 -2.03428 -1.71535 -1.43517 -1.18965 -0.918695 -0.635895
60.56 0.079367 0.139257 0.343212 -1.78939 -6.22701 -8.11757 -7.29596 -6.23057 -5.50336 -5.05143 -4.57351 -4.15342 -3.79468 -3.45125 -3.10578 -2.74438 -2.37734 -2.03478 -1.71581 -1.43558 -1.19001 -0.918994 -0.636131
60.61 0.0787965 0.138409 0.342086 -1.79033 -6.22758 -8.11811 -7.29654 -6.23119 -5.50401 -5.05208 -4.57417 -4.15407 -3.79531 -3.45186 -3.10636 -2.74494 -2.37787 -2.03527 -1.71626 -1.43598 -1.19036 -0.919293 -0.636368
60.66 0.0782269 0.137563 0.340962 -1.79128 -6.22816 -8.11865 -7.29712 -6.23182 -5.50466 -5.05274 -4.57482 -4.15472 -3.79594 -3.45247 -3.10695 -2.7455 -2.37839 -2.03576 -1.71671 -1.43639 -1.19072 -0.919592 -0.636603
60.71 0.0776582 0.136718 0.33984 -1.79222 -6.22873 -8.11918 -7.29769 -6.23244 -5.50531 -5.05339 -4.57548 -4.15537 -3.79657 -3.45308 -3.10753 -2.74605 -2.37892 -2.03625 -1.71716 -1.4368 -1.19107 -0.91989 -0.636838
60.76 0.0770904 0.135874 0.33872 -1.79315 -6.2293 -8.11972 -7.29827 -6.23306 -5.50596 -5.05405 -4.57613 -4.15601 -3.7972 -3.45369 -3.10811 -2.7466 -2.37944 -2.03674 -1.71761 -1.4372 -1.19142 -0.920187 -0.637073
60.81 0.0765234 0.135031 0.337601 -1.79409 -6.22987 -8.12025 -7.29885 -6.23368 -5.5066 -5.0547 -4.57678 -4.15666 -3.79783 -3.45429 -3.10869 -2.74716 -2.37997 -2.03723 -1.71806 -1.43761 -1.19178 -0.920484 -0.637307
60.86 0.0759574 0.13419 0.336484 -1.79503 -6.23044 -8.12078 -7.29943 -6.2343 -5.50725 -5.05535 -4.57744 -4.1573 -3.79846 -3.4549 -3.10927 -2.74771 -2.38049 -2.03772 -1.71851 -1.43801 -1.19213 -0.92078 -0.637541
60.91 0.0753923 0.13335 0.335369 -1.79596 -6.231 -8.12131 -7.3 -6.23492 -5.50789 -5.056 -4.57809 -4.15794 -3.79908 -3.4555 -3.10985 -2.74826 -2.38101 -2.0382 -1.71896 -1.43841 -1.19248 -0.921075 -0.637774
60.96 0.0748281 0.132512 0.334255 -1.79689 -6.23157 -8.12184 -7.30058 -6.23554 -5.50853 -5.05665 -4.57874 -4.15858 -3.79971 -3.45611 -3.11043 -2.74881 -2.38153 -2.03869 -1.71941 -1.43881 -1.19283 -0.92137 -0.638007
61.01 0.0742647 0.131675 0.333143 -1.79782 -6.23214 -8.12237 -7.30115 -6.23616 -5.50917 -5.0573 -4.57939 -4.15923 -3.80033 -3.45671 -3.11101 -2.74936 -2.38205 -2.03917 -1.71985 -1.43922 -1.19318 -0.921664 -0.638239
61.06 0.0737023 0.130839 0.332033 -1.79875 -6.2327 -8.1229 -7.30172 -6.23677 -5.50981 -5.05795 -4.58003 -4.15987 -3.80096 -3.45731 -3.11158 -2.74991 -2.38256 -2.03965 -1.7203 -1.43962 -1.19353 -0.921957 -0.63847
61.11 0.0731407 0.130004 0.330925 -1.79968 -6.23327 -8.12343 -7.30229 -6.23739 -5.51045 -5.05859 -4.58068 -4.1605 -3.80158 -3.45791 -3.11216 -2.75045 -2.38308 -2.04014 -1.72074 -1.44002 -1.19387 -0.92225 -0.638701
61.16 0.0725801 0.129171 0.329818 -1.80061 -6.23383 -8.12396 -7.30287 -6.238 -5.51109 -5.05924 -4.58133 -4.16114 -3.8022 -3.45851 -3.11273 -2.751 -2.3836 -2.04062 -1.72118 -1.44041 -1.19422 -0.922542 -0.638932
61.21 0.0720203 0.128339 0.328713 -1.80153 -6.23439 -8.12449 -7.30344 -6.23861 -5.51173 -5.05988 -4.58197 -4.16178 -3.80282 -3.45911 -3.1133 -2.75154 -2.38411 -2.0411 -1.72163 -1.44081 -1.19457 -0.922833 -0.639162
61.26 0.0714614 0.127508 0.32761 -1.80246 -6.23495 -8.12501 -7.304 -6.23923 -5.51237 -5.06052 -4.58261 -4.16241 -3.80344 -3.4597 -3.11387 -2.75209 -2.38463 -2.04158 -1.72207 -1.44121 -1.19491 -0.923124 -0.639392
61.31 0.0709034 0.126679 0.326509 -1.80338 -6.23551 -8.12554 -7.30457 -6.23984 -5.513 -5.06116 -4.58326 -4.16305 -3.80406 -3.4603 -3.11445 -2.75263 -2.38514 -2.04206 -1.72251 -1.4416 -1.19526 -0.923415 -0.639621
61.36 0.0703462 0.125851 0.325409 -1.8043 -6.23607 -8.12606 -7.30514 -6.24045 -5.51364 -5.06181 -4.5839 -4.16368 -3.80467 -3.4609 -3.11502 -2.75317 -2.38565 -2.04254 -1.72295 -1.442 -1.1956 -0.923704 -0.639849
61.41 0.06979 0.125024 0.324311 -1.80522 -6.23663 -8.12658 -7.30571 -6.24106 -5.51427 -5.06245 -4.58454 -4.16431 -3.80529 -3.46149 -3.11558 -2.75371 -2.38616 -2.04301 -1.72339 -1.44239 -1.19594 -0.923993 -0.640077
61.46 0.0692346 0.124198 0.323214 -1.80614 -6.23719 -8.12711 -7.30627 -6.24167 -5.5149 -5.06308 -4.58518 -4.16494 -3.8059 -3.46208 -3.11615 -2.75425 -2.38667 -2.04349 -1.72383 -1.44279 -1.19629 -0.924282 -0.640305
61.51 0.0686801 0.123374 0.32212 -1.80705 -6.23775 -8.12763 -7.30684 -6.24227 -5.51553 -5.06372 -4.58582 -4.16557 -3.80652 -3.46268 -3.11672 -2.75479 -2.38718 -2.04396 -1.72426 -1.44318 -1.19663 -0.924569 -0.640532
61.56 0.0681265 0.122551 0.321027 -1.80797 -6.23831 -8.12815 -7.3074 -6.24288 -5.51616 -5.06436 -4.58645 -4.1662 -3.80713 -3.46327 -3.11728 -2.75533 -2.38769 -2.04444 -1.7247 -1.44357 -1.19697 -0.924856 -0.640758
61.61 0.0675737 0.121729 0.319935 -1.80888 -6.23886 -8.12867 -7.30796 -6.24349 -5.51679 -5.06499 -4.58709 -4.16683 -3.80774 -3.46386 -3.11785 -2.75587 -2.38819 -2.04491 -1.72513 -1.44396 -1.19731 -0.925143 -0.640984
61.66 0.0670219 0.120909 0.318846 -1.8098 -6.23942 -8.12919 -7.30853 -6.24409 -5.51742 -5.06563 -4.58772 -4.16746 -3.80835 -3.46444 -3.11841 -2.7564 -2.3887 -2.04538 -1.72557 -1.44436 -1.19765 -0.925429 -0.64121
61.71 0.0664709 0.12009 0.317758 -1.81071 -6.23997 -8.12971 -7.30909 -6.2447 -5.51805 -5.06626 -4.58836 -4.16808 -3.80896 -3.46503 -3.11897 -2.75694 -2.38921 -2.04586 -1.726 -1.44475 -1.19799 -0.925714 -0.641435
61.76 0.0659207 0.119272 0.316672 -1.81162 -6.24052 -8.13022 -7.30965 -6.2453 -5.51868 -5.06689 -4.58899 -4.16871 -3.80957 -3.46562 -3.11953 -2.75747 -2.38971 -2.04633 -1.72644 -1.44513 -1.19833 -0.925999 -0.641659
61.81 0.0653715 0.118456 0.315587 -1.81253 -6.24108 -8.13074 -7.31021 -6.2459 -5.5193 -5.06753 -4.58962 -4.16933 -3.81018 -3.46621 -3.1201 -2.758 -2.39021 -2.0468 -1.72687 -1.44552 -1.19866 -0.926283 -0.641883
61.86 0.0648231 0.117641 0.314504 -1.81343 -6.24163 -8.13126 -7.31076 -6.2465 -5.51993 -5.06816 -4.59025 -4.16996 -3.81078 -3.46679 -3.12065 -2.75854 -2.39072 -2.04726 -1.7273 -1.44591 -1.199 -0.926566 -0.642107
61.91 0.0642755 0.116827 0.313423 -1.81434 -6.24218 -8.13177 -7.31132 -6.2471 -5.52055 -5.06879 -4.59088 -4.17058 -3.81139 -3.46737 -3.12121 -2.75907 -2.39122 -2.04773 -1.72773 -1.4463 -1.19934 -0.926849 -0.64233
61.96 0.0637289 0.116014 0.312343 -1.81524 -6.24273 -8.13229 -7.31188 -6.2477 -5.52117 -5.06941 -4.59151 -4.1712 -3.81199 -3.46796 -3.12177 -2.7596 -2.39172 -2.0482 -1.72816 -1.44668 -1.19967 -0.927131 -0.642552
62.01 0.0631831 0.115203 0.311266 -1.81615 -6.24328 -8.1328 -7.31244 -6.2483 -5.52179 -5.07004 -4.59214 -4.17182 -3.8126 -3.46854 -3.12233 -2.76013 -2.39222 -2.04867 -1.72859 -1.44707 -1.20001 -0.927413 -0.642774
62.06 0.0626381 0.114392 0.310189 -1.81705 -6.24382 -8.13331 -7.31299 -6.2489 -5.52241 -5.07067 -4.59277 -4.17244 -3.8132 -3.46912 -3.12288 -2.76065 -2.39272 -2.04913 -1.72901 -1.44745 -1.20034 -0.927694 -0.642996
62.11 0.0620941 0.113584 0.309115 -1.81795 -6.24437 -8.13383 -7.31354 -6.24949 -5.52303 -5.07129 -4.59339 -4.17305 -3.8138 -3.4697 -3.12344 -2.76118 -2.39321 -2.04959 -1.72944 -1.44783 -1.20068 -0.927974 -0.643217
62.16 0.0615508 0.112776 0.308042 -1.81884 -6.24492 -8.13434 -7.3141 -6.25009 -5.52365 -5.07192 -4.59402 -4.17367 -3.8144 -3.47028 -3.12399 -2.76171 -2.39371 -2.05006 -1.72987 -1.44822 -1.20101 -0.928254 -0.643438
62.21 0.0610085 0.11197 0.306971 -1.81974 -6.24546 -8.13485 -7.31465 -6.25068 -5.52427 -5.07254 -4.59464 -4.17429 -3.815 -3.47085 -3.12454 -2.76223 -2.39421 -2.05052 -1.73029 -1.4486 -1.20134 -0.928534 -0.643658
62.26 0.060467 0.111165 0.305901 -1.82064 -6.24601 -8.13536 -7.3152 -6.25127 -5.52489 -5.07316 -4.59527 -4.1749 -3.8156 -3.47143 -3.12509 -2.76276 -2.3947 -2.05098 -1.73072 -1.44898 -1.20167 -0.928812 -0.643877
62.31 0.0599263 0.110361 0.304833 -1.82153 -6.24655 -8.13587 -7.31575 -6.25187 -5.5255 -5.07379 -4.59589 -4.17551 -3.8162 -3.47201 -3.12564 -2.76328 -2.39519 -2.05144 -1.73114 -1.44936 -1.202 -0.92909 -0.644097
62.36 0.0593865 0.109558 0.303767 -1.82243 -6.24709 -8.13638 -7.3163 -6.25246 -5.52612 -5.07441 -4.59651 -4.17613 -3.81679 -3.47258 -3.12619 -2.7638 -2.39569 -2.0519 -1.73156 -1.44974 -1.20233 -0.929368 -0.644315
62.41 0.0588476 0.108757 0.302703 -1.82332 -6.24764 -8.13688 -7.31685 -6.25305 -5.52673 -5.07503 -4.59713 -4.17674 -3.81739 -3.47316 -3.12674 -2.76432 -2.39618 -2.05236 -1.73198 -1.45012 -1.20266 -0.929644 -0.644533
62.46 0.0583095 0.107957 0.30164 -1.82421 -6.24818 -8.13739 -7.3174 -6.25364 -5.52734 -5.07564 -4.59775 -4.17735 -3.81798 -3.47373 -3.12729 -2.76484 -2.39667 -2.05282 -1.73241 -1.4505 -1.20299 -0.929921 -0.644751
62.51 0.0577722 0.107158 0.300578 -1.8251 -6.24872 -8.1379 -7.31795 -6.25423 -5.52795 -5.07626 -4.59836 -4.17796 -3.81857 -3.4743 -3.12784 -2.76536 -2.39716 -2.05328 -1.73283 -1.45087 -1.20332 -0.930196 -0.644968
62.56 0.0572358 0.106361 0.299519 -1.82598 -6.24926 -8.1384 -7.31849 -6.25482 -5.52857 -5.07688 -4.59898 -4.17857 -3.81917 -3.47487 -3.12838 -2.76588 -2.39765 -2.05373 -1.73324 -1.45125 -1.20364 -0.930471 -0.645185
62.61 0.0567003 0.105564 0.298461 -1.82687 -6.24979 -8.1389 -7.31904 -6.2554 -5.52918 -5.07749 -4.5996 -4.17917 -3.81976 -3.47544 -3.12893 -2.7664 -2.39814 -2.05419 -1.73366 -1.45163 -1.20397 -0.930746 -0.645401
62.66 0.0561655 0.104769 0.297405 -1.82775 -6.25033 -8.13941 -7.31958 -6.25599 -5.52978 -5.07811 -4.60021 -4.17978 -3.82035 -3.47601 -3.12947 -2.76692 -2.39863 -2.05464 -1.73408 -1.452 -1.2043 -0.93102 -0.645617
62.71 0.0556317 0.103975 0.29635 -1.82864 -6.25087 -8.13991 -7.32013 -6.25657 -5.53039 -5.07872 -4.60082 -4.18039 -3.82094 -3.47658 -3.13001 -2.76743 -2.39911 -2.0551 -1.7345 -1.45237 -1.20462 -0.931293 -0.645832
62.76 0.0550987 0.103183 0.295297 -1.82952 -6.25141 -8.14041 -7.32067 -6.25716 -5.531 -5.07933 -4.60144 -4.18099 -3.82152 -3.47714 -3.13056 -2.76795 -2.3996 -2.05555 -1.73491 -1.45275 -1.20495 -0.931566 -0.646047
62.81 0.0545665 0.102392 0.294245 -1.8304 -6.25194 -8.14091 -7.32121 -6.25774 -5.5316 -5.07995 -4.60205 -4.18159 -3.82211 -3.47771 -3.1311 -2.76846 -2.40008 -2.056 -1.73533 -1.45312 -1.20527 -0.931838 -0.646262
62.86 0.0540351 0.101602 0.293195 -1.83128 -6.25248 -8.14141 -7.32176 -6.25832 -5.53221 -5.08056 -4.60266 -4.1822 -3.8227 -3.47827 -3.13164 -2.76897 -2.40057 -2.05645 -1.73574 -1.45349 -1.20559 -0.93211 -0.646476
62.91 0.0535046 0.100813 0.292147 -1.83216 -6.25301 -8.14191 -7.3223 -6.2589 -5.53281 -5.08117 -4.60327 -4.1828 -3.82328 -3.47884 -3.13217 -2.76949 -2.40105 -2.0569 -1.73616 -1.45386 -1.20592 -0.93238 -0.646689
62.96 0.052975 0.100025 0.291101 -1.83303 -6.25354 -8.14241 -7.32284 -6.25949 -5.53342 -5.08177 -4.60388 -4.1834 -3.82387 -3.4794 -3.13271 -2.77 -2.40153 -2.05735 -1.73657 -1.45423 -1.20624 -0.932651 -0.646902
63.01 0.0524461 0.0992388 0.290056 -1.83391 -6.25407 -8.14291 -7.32337 -6.26007 -5.53402 -5.08238 -4.60448 -4.184 -3.82445 -3.47996 -3.13325 -2.77051 -2.40201 -2.0578 -1.73698 -1.4546 -1.20656 -0.932921 -0.647115
63.06 0.0519182 0.0984537 0.289012 -1.83478 -6.25461 -8.14341 -7.32391 -6.26064 -5.53462 -5.08299 -4.60509 -4.18459 -3.82503 -3.48052 -3.13379 -2.77102 -2.40249 -2.05825 -1.73739 -1.45497 -1.20688 -0.93319 -0.647327
63.11 0.051391 0.0976698 0.287971 -1.83566 -6.25514 -8.1439 -7.32445 -6.26122 -5.53522 -5.08359 -4.6057 -4.18519 -3.82561 -3.48108 -3.13432 -2.77152 -2.40297 -2.05869 -1.7378 -1.45534 -1.2072 -0.933459 -0.647538
63.16 0.0508647 0.0968871 0.286931 -1.83653 -6.25567 -8.1444 -7.32499 -6.2618 -5.53582 -5.0842 -4.6063 -4.18579 -3.82619 -3.48164 -3.13485 -2.77203 -2.40345 -2.05914 -1.73821 -1.45571 -1.20752 -0.933727 -0.647749
63.21 0.0503392 0.0961056 0.285892 -1.8374 -6.25619 -8.1449 -7.32552 -6.26237 -5.53642 -5.0848 -4.60691 -4.18638 -3.82677 -3.4822 -3.13539 -2.77254 -2.40393 -2.05958 -1.73862 -1.45608 -1.20784 -0.933994 -0.64796
63.26 0.0498145 0.0953254 0.284855 -1.83827 -6.25672 -8.14539 -7.32606 -6.26295 -5.53702 -5.08541 -4.60751 -4.18698 -3.82735 -3.48276 -3.13592 -2.77304 -2.4044 -2.06003 -1.73903 -1.45644 -1.20815 -0.934261 -0.64817
63.31 0.0492906 0.0945464 0.28382 -1.83913 -6.25725 -8.14588 -7.32659 -6.26352 -5.53761 -5.08601 -4.60811 -4.18757 -3.82793 -3.48331 -3.13645 -2.77355 -2.40488 -2.06047 -1.73944 -1.45681 -1.20847 -0.934528 -0.64838
63.36 0.0487676 0.0937686 0.282786 -1.84 -6.25778 -8.14638 -7.32712 -6.2641 -5.53821 -5.08661 -4.60871 -4.18816 -3.8285 -3.48387 -3.13698 -2.77405 -2.40536 -2.06091 -1.73984 -1.45717 -1.20879 -0.934793 -0.648589
63.41 0.0482454 0.092992 0.281754 -1.84086 -6.2583 -8.14687 -7.32766 -6.26467 -5.5388 -5.08721 -4.60931 -4.18875 -3.82908 -3.48442 -3.13751 -2.77455 -2.40583 -2.06136 -1.74025 -1.45753 -1.2091 -0.935059 -0.648798
63.46 0.0477241 0.0922167 0.280724 -1.84173 -6.25883 -8.14736 -7.32819 -6.26524 -5.5394 -5.08781 -4.60991 -4.18934 -3.82965 -3.48497 -3.13804 -2.77505 -2.4063 -2.0618 -1.74065 -1.4579 -1.20942 -0.935323 -0.649006
63.51 0.0472035 0.0914425 0.279695 -1.84259 -6.25935 -8.14785 -7.32872 -6.26581 -5.53999 -5.0884 -4.61051 -4.18993 -3.83023 -3.48553 -3.13857 -2.77556 -2.40677 -2.06224 -1.74106 -1.45826 -1.20973 -0.935587 -0.649214
63.56 0.0466838 0.0906696 0.278668 -1.84345 -6.25987 -8.14834 -7.32925 -6.26638 -5.54058 -5.089 -4.6111 -4.19052 -3.8308 -3.48608 -3.13909 -2.77606 -2.40725 -2.06268 -1.74146 -1.45862 -1.21005 -0.935851 -0.649422
63.61 0.0461649 0.0898979 0.277642 -1.84431 -6.26039 -8.14883 -7.32978 -6.26695 -5.54117 -5.0896 -4.6117 -4.19111 -3.83137 -3.48663 -3.13962 -2.77655 -2.40772 -2.06311 -1.74186 -1.45898 -1.21036 -0.936114 -0.649629
63.66 0.0456468 0.0891274 0.276618 -1.84517 -6.26092 -8.14932 -7.3303 -6.26752 -5.54176 -5.09019 -4.61229 -4.1917 -3.83194 -3.48718 -3.14014 -2.77705 -2.40819 -2.06355 -1.74226 -1.45934 -1.21067 -0.936376 -0.649835
63.71 0.0451295 0.0883581 0.275595 -1.84602 -6.26144 -8.1498 -7.33083 -6.26809 -5.54235 -5.09079 -4.61289 -4.19228 -3.83251 -3.48772 -3.14067 -2.77755 -2.40865 -2.06399 -1.74266 -1.4597 -1.21098 -0.936638 -0.650041
63.76 0.0446131 0.08759 0.274575 -1.84688 -6.26196 -8.15029 -7.33136 -6.26865 -5.54294 -5.09138 -4.61348 -4.19287 -3.83308 -3.48827 -3.14119 -2.77805 -2.40912 -2.06442 -1.74306 -1.46006 -1.2113 -0.9369 -0.650247
63.81 0.0440974 0.0868231 0.273555 -1.84773 -6.26248 -8.15077 -7.33188 -6.26922 -5.54352 -5.09197 -4.61407 -4.19345 -3.83364 -3.48882 -3.14171 -2.77854 -2.40959 -2.06486 -1.74346 -1.46042 -1.21161 -0.93716 -0.650452
63.86 0.0435826 0.0860573 0.272537 -1.84858 -6.26299 -8.15126 -7.33241 -6.26978 -5.54411 -5.09256 -4.61466 -4.19403 -3.83421 -3.48936 -3.14223 -2.77904 -2.41005 -2.06529 -1.74386 -1.46077 -1.21192 -0.937421 -0.650657
63.91 0.0430686 0.0852928 0.271521 -1.84944 -6.26351 -8.15174 -7.33293 -6.27034 -5.5447 -5.09315 -4.61525 -4.19461 -3.83478 -3.48991 -3.14275 -2.77953 -2.41052 -2.06572 -1.74426 -1.46113 -1.21223 -0.93768 -0.650861
63.96 0.0425554 0.0845295 0.270507 -1.85029 -6.26403 -8.15223 -7.33346 -6.27091 -5.54528 -5.09374 -4.61584 -4.19519 -3.83534 -3.49045 -3.14327 -2.78002 -2.41098 -2.06616 -1.74466 -1.46149 -1.21253 -0.937939 -0.651065
64.01 0.042043 0.0837674 0.269494 -1.85113 -6.26454 -8.15271 -7.33398 -6.27147 -5.54586 -5.09433 -4.61643 -4.19577 -3.8359 -3.49099 -3.14379 -2.78051 -2.41145 -2.06659 -1.74505 -1.46184 -1.21284 -0.938198 -0.651269
64.06 0.0415314 0.0830065 0.268482 -1.85198 -6.26506 -8.15319 -7.3345 -6.27203 -5.54645 -5.09492 -4.61702 -4.19635 -3.83647 -3.49154 -3.14431 -2.781 -2.41191 -2.06702 -1.74545 -1.4622 -1.21315 -0.938456 -0.651472
64.11 0.0410206 0.0822468 0.267472 -1.85283 -6.26557 -8.15367 -7.33502 -6.27259 -5.54703 -5.0955 -4.6176 -4.19693 -3.83703 -3.49208 -3.14482 -2.78149 -2.41237 -2.06745 -1.74584 -1.46255 -1.21346 -0.938713 -0.651674
64.16 0.0405107 0.0814882 0.266464 -1.85367 -6.26609 -8.15415 -7.33554 -6.27315 -5.54761 -5.09609 -4.61819 -4.19751 -3.83759 -3.49262 -3.14534 -2.78198 -2.41283 -2.06788 -1.74623 -1.4629 -1.21376 -0.93897 -0.651876
64.21 0.0400015 0.0807309 0.265457 -1.85452 -6.2666 -8.15463 -7.33606 -6.27371 -5.54819 -5.09667 -4.61877 -4.19808 -3.83815 -3.49315 -3.14585 -2.78247 -2.41329 -2.06831 -1.74663 -1.46325 -1.21407 -0.939227 -0.652078
64.26 0.0394931 0.0799747 0.264452 -1.85536 -6.26711 -8.15511 -7.33658 -6.27426 -5.54877 -5.09726 -4.61936 -4.19866 -3.83871 -3.49369 -3.14637 -2.78296 -2.41375 -2.06873 -1.74702 -1.46361 -1.21437 -0.939483 -0.652279
64.31 0.0389855 0.0792197 0.263448 -1.8562 -6.26762 -8.15559 -7.3371 -6.27482 -5.54934 -5.09784 -4.61994 -4.19923 -3.83927 -3.49423 -3.14688 -2.78344 -2.41421 -2.06916 -1.74741 -1.46396 -1.21468 -0.939738 -0.65248
64.36 0.0384788 0.0784659 0.262446 -1.85704 -6.26813 -8.15607 -7.33761 -6.27538 -5.54992 -5.09842 -4.62052 -4.1998 -3.83982 -3.49476 -3.14739 -2.78393 -2.41467 -2.06959 -1.7478 -1.46431 -1.21498 -0.939993 -0.65268
64.41 0.0379728 0.0777133 0.261446 -1.85788 -6.26864 -8.15655 -7.33813 -6.27593 -5.5505 -5.099 -4.6211 -4.20038 -3.84038 -3.4953 -3.1479 -2.78441 -2.41512 -2.07001 -1.74819 -1.46466 -1.21528 -0.940247 -0.65288
64.46 0.0374676 0.0769619 0.260447 -1.85871 -6.26915 -8.15702 -7.33864 -6.27648 -5.55107 -5.09958 -4.62168 -4.20095 -3.84093 -3.49583 -3.14841 -2.7849 -2.41558 -2.07044 -1.74858 -1.465 -1.21559 -0.9405 -0.65308
64.51 0.0369633 0.0762116 0.259449 -1.85955 -6.26966 -8.1575 -7.33916 -6.27704 -5.55165 -5.10016 -4.62226 -4.20152 -3.84149 -3.49637 -3.14892 -2.78538 -2.41603 -2.07086 -1.74897 -1.46535 -1.21589 -0.940754 -0.653279
64.56 0.0364597 0.0754625 0.258453 -1.86038 -6.27016 -8.15797 -7.33967 -6.27759 -5.55222 -5.10074 -4.62284 -4.20209 -3.84204 -3.4969 -3.14943 -2.78586 -2.41649 -2.07128 -1.74936 -1.4657 -1.21619 -0.941006 -0.653477
64.61 0.0359569 0.0747146 0.257459 -1.86122 -6.27067 -8.15845 -7.34018 -6.27814 -5.55279 -5.10132 -4.62341 -4.20265 -3.84259 -3.49743 -3.14993 -2.78634 -2.41694 -2.0717 -1.74974 -1.46605 -1.21649 -0.941258 -0.653675
64.66 0.0354549 0.0739678 0.256466 -1.86205 -6.27118 -8.15892 -7.3407 -6.27869 -5.55336 -5.10189 -4.62399 -4.20322 -3.84314 -3.49796 -3.15044 -2.78682 -2.41739 -2.07212 -1.75013 -1.46639 -1.21679 -0.94151 -0.653873
64.71 0.0349537 0.0732223 0.255475 -1.86288 -6.27168 -8.15939 -7.34121 -6.27924 -5.55393 -5.10247 -4.62456 -4.20379 -3.84369 -3.49849 -3.15095 -2.7873 -2.41785 -2.07254 -1.75051 -1.46674 -1.21709 -0.941761 -0.65407
64.76 0.0344533 0.0724778 0.254485 -1.86371 -6.27219 -8.15986 -7.34172 -6.27979 -5.5545 -5.10304 -4.62514 -4.20435 -3.84424 -3.49902 -3.15145 -2.78778 -2.4183 -2.07296 -1.7509 -1.46708 -1.21739 -0.942011 -0.654267
64.81 0.0339537 0.0717346 0.253497 -1.86454 -6.27269 -8.16033 -7.34223 -6.28034 -5.55507 -5.10362 -4.62571 -4.20492 -3.84479 -3.49955 -3.15195 -2.78826 -2.41875 -2.07338 -1.75128 -1.46743 -1.21769 -0.942261 -0.654464
64.86 0.0334549 0.0709925 0.25251 -1.86536 -6.27319 -8.1608 -7.34274 -6.28088 -5.55564 -5.10419 -4.62628 -4.20548 -3.84534 -3.50007 -3.15246 -2.78874 -2.41919 -2.0738 -1.75166 -1.46777 -1.21798 -0.942511 -0.65466
64.91 0.0329568 0.0702516 0.251525 -1.86619 -6.27369 -8.16127 -7.34324 -6.28143 -5.55621 -5.10476 -4.62685 -4.20604 -3.84589 -3.5006 -3.15296 -2.78921 -2.41964 -2.07422 -1.75205 -1.46811 -1.21828 -0.942759 -0.654855
64.96 0.0324595 0.0695118 0.250542 -1.86701 -6.27419 -8.16174 -7.34375 -6.28198 -5.55677 -5.10533 -4.62742 -4.2066 -3.84643 -3.50112 -3.15346 -2.78969 -2.42009 -2.07463 -1.75243 -1.46845 -1.21858 -0.943008 -0.655051
65.01 0.0319631 0.0687732 0.249559 -1.86784 -6.27469 -8.16221 -7.34426 -6.28252 -5.55734 -5.1059 -4.62799 -4.20717 -3.84698 -3.50165 -3.15396 -2.79016 -2.42054 -2.07505 -1.75281 -1.46879 -1.21887 -0.943256 -0.655245
65.06 0.0314674 0.0680358 0.248579 -1.86866 -6.27519 -8.16268 -7.34476 -6.28306 -5.5579 -5.10647 -4.62856 -4.20772 -3.84752 -3.50217 -3.15446 -2.79063 -2.42098 -2.07546 -1.75319 -1.46913 -1.21917 -0.943503 -0.65544
65.11 0.0309725 0.0672995 0.2476 -1.86948 -6.27569 -8.16314 -7.34527 -6.28361 -5.55846 -5.10704 -4.62913 -4.20828 -3.84806 -3.50269 -3.15496 -2.79111 -2.42143 -2.07588 -1.75357 -1.46947 -1.21946 -0.94375 -0.655634
65.16 0.0304783 0.0665643 0.246622 -1.8703 -6.27619 -8.16361 -7.34577 -6.28415 -5.55903 -5.1076 -4.62969 -4.20884 -3.8486 -3.50321 -3.15545 -2.79158 -2.42187 -2.07629 -1.75395 -1.46981 -1.21975 -0.943996 -0.655827
65.21 0.029985 0.0658303 0.245646 -1.87111 -6.27669 -8.16407 -7.34627 -6.28469 -5.55959 -5.10817 -4.63026 -4.2094 -3.84915 -3.50373 -3.15595 -2.79205 -2.42231 -2.0767 -1.75432 -1.47015 -1.22005 -0.944242 -0.65602
65.26 0.0294924 0.0650975 0.244672 -1.87193 -6.27718 -8.16454 -7.34678 -6.28523 -5.56015 -5.10874 -4.63082 -4.20995 -3.84969 -3.50425 -3.15645 -2.79252 -2.42276 -2.07711 -1.7547 -1.47049 -1.22034 -0.944487 -0.656213
65.31 0.0290006 0.0643658 0.243699 -1.87275 -6.27768 -8.165 -7.34728 -6.28577 -5.56071 -5.1093 -4.63139 -4.21051 -3.85022 -3.50477 -3.15694 -2.79299 -2.4232 -2.07752 -1.75508 -1.47082 -1.22063 -0.944732 -0.656405
65.36 0.0285096 0.0636352 0.242727 -1.87356 -6.27817 -8.16547 -7.34778 -6.28631 -5.56127 -5.10986 -4.63195 -4.21106 -3.85076 -3.50529 -3.15743 -2.79346 -2.42364 -2.07793 -1.75545 -1.47116 -1.22092 -0.944976 -0.656597
65.41 0.0280193 0.0629058 0.241757 -1.87437 -6.27867 -8.16593 -7.34828 -6.28684 -5.56182 -5.11043 -4.63251 -4.21162 -3.8513 -3.50581 -3.15793 -2.79392 -2.42408 -2.07834 -1.75583 -1.4715 -1.22121 -0.945219 -0.656788
65.46 0.0275298 0.0621775 0.240789 -1.87518 -6.27916 -8.16639 -7.34878 -6.28738 -5.56238 -5.11099 -4.63307 -4.21217 -3.85184 -3.50632 -3.15842 -2.79439 -2.42452 -2.07875 -1.7562 -1.47183 -1.2215 -0.945463 -0.656979
65.51 0.0270411 0.0614504 0.239822 -1.87599 -6.27965 -8.16685 -7.34928 -6.28792 -5.56294 -5.11155 -4.63363 -4.21272 -3.85237 -3.50684 -3.15891 -2.79486 -2.42495 -2.07916 -1.75658 -1.47217 -1.22179 -0.945705 -0.65717
65.56 0.0265532 0.0607244 0.238857 -1.8768 -6.28014 -8.16731 -7.34977 -6.28845 -5.56349 -5.11211 -4.63419 -4.21327 -3.85291 -3.50735 -3.1594 -2.79532 -2.42539 -2.07956 -1.75695 -1.4725 -1.22208 -0.945947 -0.65736
65.61 0.026066 0.0599996 0.237893 -1.87761 -6.28063 -8.16777 -7.35027 -6.28899 -5.56405 -5.11267 -4.63475 -4.21382 -3.85344 -3.50786 -3.15989 -2.79578 -2.42583 -2.07997 -1.75732 -1.47283 -1.22237 -0.946189 -0.65755
65.66 0.0255796 0.0592758 0.23693 -1.87842 -6.28112 -8.16823 -7.35077 -6.28952 -5.5646 -5.11322 -4.6353 -4.21437 -3.85397 -3.50838 -3.16038 -2.79625 -2.42626 -2.08037 -1.75769 -1.47316 -1.22266 -0.94643 -0.657739
65.71 0.025094 0.0585533 0.235969 -1.87922 -6.28161 -8.16869 -7.35126 -6.29005 -5.56515 -5.11378 -4.63586 -4.21492 -3.8545 -3.50889 -3.16087 -2.79671 -2.4267 -2.08078 -1.75806 -1.4735 -1.22295 -0.946671 -0.657928
65.76 0.0246091 0.0578318 0.23501 -1.88003 -6.2821 -8.16914 -7.35176 -6.29058 -5.56571 -5.11434 -4.63642 -4.21546 -3.85504 -3.5094 -3.16135 -2.79717 -2.42713 -2.08118 -1.75843 -1.47383 -1.22323 -0.946911 -0.658117
65.81 0.024125 0.0571115 0.234052 -1.88083 -6.28259 -8.1696 -7.35225 -6.29111 -5.56626 -5.11489 -4.63697 -4.21601 -3.85557 -3.50991 -3.16184 -2.79763 -2.42757 -2.08158 -1.7588 -1.47416 -1.22352 -0.94715 -0.658305
65.86 0.0236417 0.0563923 0.233095 -1.88163 -6.28308 -8.17006 -7.35274 -6.29164 -5.56681 -5.11545 -4.63752 -4.21655 -3.85609 -3.51042 -3.16232 -2.79809 -2.428 -2.08199 -1.75917 -1.47449 -1.2238 -0.94739 -0.658493
65.91 0.0231591 0.0556742 0.23214 -1.88243 -6.28356 -8.17051 -7.35324 -6.29217 -5.56736 -5.116 -4.63808 -4.2171 -3.85662 -3.51092 -3.16281 -2.79855 -2.42843 -2.08239 -1.75954 -1.47481 -1.22409 -0.947628 -0.65868
65.96 0.0226773 0.0549572 0.231187 -1.88323 -6.28405 -8.17096 -7.35373 -6.2927 -5.5679 -5.11655 -4.63863 -4.21764 -3.85715 -3.51143 -3.16329 -2.79901 -2.42886 -2.08279 -1.7599 -1.47514 -1.22437 -0.947866 -0.658867
66.01 0.0221962 0.0542414 0.230234 -1.88403 -6.28453 -8.17142 -7.35422 -6.29323 -5.56845 -5.1171 -4.63918 -4.21818 -3.85768 -3.51194 -3.16377 -2.79946 -2.42929 -2.08319 -1.76027 -1.47547 -1.22466 -0.948104 -0.659053
66.06 0.0217159 0.0535267 0.229284 -1.88482 -6.28502 -8.17187 -7.35471 -6.29376 -5.569 -5.11765 -4.63973 -4.21872 -3.8582 -3.51244 -3.16426 -2.79992 -2.42972 -2.08359 -1.76063 -1.4758 -1.22494 -0.948341 -0.65924
66.11 0.0212364 0.0528131 0.228335 -1.88562 -6.2855 -8.17232 -7.3552 -6.29428 -5.56954 -5.1182 -4.64028 -4.21926 -3.85873 -3.51295 -3.16474 -2.80038 -2.43015 -2.08399 -1.761 -1.47612 -1.22522 -0.948577 -0.659425
66.16 0.0207576 0.0521007 0.227387 -1.88641 -6.28598 -8.17278 -7.35569 -6.29481 -5.57009 -5.11875 -4.64083 -4.2198 -3.85925 -3.51345 -3.16522 -2.80083 -2.43058 -2.08438 -1.76136 -1.47645 -1.2255 -0.948814 -0.659611
66.21 0.0202796 0.0513893 0.226441 -1.88721 -6.28646 -8.17323 -7.35617 -6.29533 -5.57063 -5.1193 -4.64137 -4.22034 -3.85977 -3.51395 -3.16569 -2.80129 -2.431 -2.08478 -1.76173 -1.47677 -1.22579 -0.949049 -0.659796
66.26 0.0198023 0.0506791 0.225496 -1.888 -6.28695 -8.17368 -7.35666 -6.29585 -5.57118 -5.11985 -4.64192 -4.22088 -3.8603 -3.51445 -3.16617 -2.80174 -2.43143 -2.08518 -1.76209 -1.4771 -1.22607 -0.949284 -0.65998
66.31 0.0193258 0.0499699 0.224553 -1.88879 -6.28743 -8.17413 -7.35715 -6.29638 -5.57172 -5.1204 -4.64246 -4.22142 -3.86082 -3.51496 -3.16665 -2.80219 -2.43185 -2.08557 -1.76245 -1.47742 -1.22635 -0.949519 -0.660164
66.36 0.01885 0.0492619 0.223611 -1.88958 -6.2879 -8.17457 -7.35763 -6.2969 -5.57226 -5.12094 -4.64301 -4.22195 -3.86134 -3.51546 -3.16713 -2.80264 -2.43228 -2.08596 -1.76281 -1.47774 -1.22663 -0.949753 -0.660348
66.41 0.018375 0.048555 0.222671 -1.89036 -6.28838 -8.17502 -7.35812 -6.29742 -5.5728 -5.12149 -4.64355 -4.22249 -3.86186 -3.51595 -3.1676 -2.80309 -2.4327 -2.08636 -1.76317 -1.47807 -1.2269 -0.949987 -0.660531
66.46 0.0179007 0.0478492 0.221732 -1.89115 -6.28886 -8.17547 -7.3586 -6.29794 -5.57334 -5.12203 -4.64409 -4.22302 -3.86237 -3.51645 -3.16808 -2.80354 -2.43313 -2.08675 -1.76353 -1.47839 -1.22718 -0.95022 -0.660714
66.51 0.0174272 0.0471445 0.220795 -1.89194 -6.28934 -8.17592 -7.35909 -6.29846 -5.57388 -5.12257 -4.64464 -4.22356 -3.86289 -3.51695 -3.16855 -2.80399 -2.43355 -2.08714 -1.76389 -1.47871 -1.22746 -0.950452 -0.660897
66.56 0.0169544 0.0464409 0.219859 -1.89272 -6.28982 -8.17636 -7.35957 -6.29898 -5.57442 -5.12311 -4.64518 -4.22409 -3.86341 -3.51745 -3.16902 -2.80444 -2.43397 -2.08753 -1.76425 -1.47903 -1.22774 -0.950684 -0.661079
66.61 0.0164823 0.0457384 0.218924 -1.8935 -6.29029 -8.17681 -7.36005 -6.2995 -5.57495 -5.12365 -4.64572 -4.22462 -3.86392 -3.51794 -3.1695 -2.80489 -2.43439 -2.08793 -1.76461 -1.47935 -1.22802 -0.950916 -0.661261
66.66 0.016011 0.045037 0.217991 -1.89429 -6.29077 -8.17725 -7.36053 -6.30001 -5.57549 -5.12419 -4.64626 -4.22515 -3.86444 -3.51844 -3.16997 -2.80533 -2.43481 -2.08832 -1.76496 -1.47967 -1.22829 -0.951147 -0.661442
66.71 0.0155405 0.0443367 0.21706 -1.89507 -6.29124 -8.1777 -7.36101 -6.30053 -5.57602 -5.12473 -4.64679 -4.22568 -3.86495 -3.51893 -3.17044 -2.80578 -2.43523 -2.0887 -1.76532 -1.47999 -1.22857 -0.951378 -0.661623
66.76 0.0150707 0.0436375 0.216129 -1.89585 -6.29171 -8.17814 -7.36149 -6.30104 -5.57656 -5.12527 -4.64733 -4.22621 -3.86547 -3.51942 -3.17091 -2.80622 -2.43565 -2.08909 -1.76568 -1.48031 -1.22884 -0.951608 -0.661804
66.81 0.0146016 0.0429394 0.215201 -1.89662 -6.29219 -8.17858 -7.36197 -6.30156 -5.57709 -5.12581 -4.64787 -4.22674 -3.86598 -3.51992 -3.17138 -2.80667 -2.43606 -2.08948 -1.76603 -1.48062 -1.22912 -0.951838 -0.661984
66.86 0.0141333 0.0422424 0.214273 -1.8974 -6.29266 -8.17902 -7.36245 -6.30207 -5.57763 -5.12635 -4.6484 -4.22726 -3.86649 -3.52041 -3.17185 -2.80711 -2.43648 -2.08987 -1.76638 -1.48094 -1.22939 -0.952067 -0.662164
66.91 0.0136657 0.0415464 0.213348 -1.89818 -6.29313 -8.17946 -7.36292 -6.30258 -5.57816 -5.12688 -4.64894 -4.22779 -3.867 -3.5209 -3.17231 -2.80755 -2.4369 -2.09025 -1.76674 -1.48126 -1.22966 -0.952296 -0.662343
66.96 0.0131988 0.0408516 0.212423 -1.89895 -6.2936 -8.1799 -7.3634 -6.3031 -5.57869 -5.12742 -4.64947 -4.22831 -3.86751 -3.52139 -3.17278 -2.80799 -2.43731 -2.09064 -1.76709 -1.48157 -1.22994 -0.952524 -0.662522
67.01 0.0127327 0.0401579 0.2115 -1.89973 -6.29407 -8.18034 -7.36388 -6.30361 -5.57922 -5.12795 -4.65001 -4.22884 -3.86802 -3.52188 -3.17325 -2.80844 -2.43773 -2.09102 -1.76744 -1.48189 -1.23021 -0.952752 -0.662701
67.06 0.0122673 0.0394652 0.210579 -1.9005 -6.29454 -8.18078 -7.36435 -6.30412 -5.57975 -5.12848 -4.65054 -4.22936 -3.86853 -3.52236 -3.17371 -2.80888 -2.43814 -2.09141 -1.76779 -1.4822 -1.23048 -0.952979 -0.662879
67.11 0.0118027 0.0387736 0.209659 -1.90127 -6.29501 -8.18122 -7.36482 -6.30463 -5.58028 -5.12902 -4.65107 -4.22989 -3.86903 -3.52285 -3.17417 -2.80932 -2.43855 -2.09179 -1.76815 -1.48251 -1.23075 -0.953206 -0.663057
67.16 0.0113388 0.0380831 0.20874 -1.90204 -6.29548 -8.18166 -7.3653 -6.30514 -5.5808 -5.12955 -4.6516 -4.23041 -3.86954 -3.52334 -3.17464 -2.80975 -2.43897 -2.09217 -1.7685 -1.48283 -1.23102 -0.953433 -0.663235
67.21 0.0108756 0.0373937 0.207823 -1.90281 -6.29594 -8.1821 -7.36577 -6.30564 -5.58133 -5.13008 -4.65213 -4.23093 -3.87005 -3.52382 -3.1751 -2.81019 -2.43938 -2.09256 -1.76884 -1.48314 -1.23129 -0.953659 -0.663412
67.26 0.0104131 0.0367054 0.206907 -1.90357 -6.29641 -8.18253 -7.36624 -6.30615 -5.58186 -5.13061 -4.65266 -4.23145 -3.87055 -3.52431 -3.17556 -2.81063 -2.43979 -2.09294 -1.76919 -1.48345 -1.23156 -0.953884 -0.663588
67.31 0.0099514 0.0360181 0.205993 -1.90434 -6.29688 -8.18297 -7.36671 -6.30666 -5.58238 -5.13114 -4.65319 -4.23197 -3.87105 -3.52479 -3.17602 -2.81106 -2.4402 -2.09332 -1.76954 -1.48376 -1.23183 -0.954109 -0.663765
67.36 0.0094904 0.035332 0.20508 -1.90511 -6.29734 -8.1834 -7.36718 -6.30716 -5.58291 -5.13167 -4.65371 -4.23249 -3.87156 -3.52527 -3.17648 -2.8115 -2.44061 -2.0937 -1.76989 -1.48407 -1.2321 -0.954333 -0.663941
67.41 0.00903013 0.0346469 0.204168 -1.90587 -6.2978 -8.18384 -7.36765 -6.30767 -5.58343 -5.13219 -4.65424 -4.233 -3.87206 -3.52576 -3.17694 -2.81193 -2.44101 -2.09408 -1.77024 -1.48438 -1.23237 -0.954558 -0.664116
67.46 0.00857058 0.0339628 0.203258 -1.90663 -6.29827 -8.18427 -7.36812 -6.30817 -5.58395 -5.13272 -4.65476 -4.23352 -3.87256 -3.52624 -3.1774 -2.81237 -2.44142 -2.09445 -1.77058 -1.48469 -1.23263 -0.954781 -0.664292
67.51 0.00811176 0.0332799 0.202349 -1.90739 -6.29873 -8.1847 -7.36859 -6.30868 -5.58447 -5.13325 -4.65529 -4.23404 -3.87306 -3.52672 -3.17786 -2.8128 -2.44183 -2.09483 -1.77093 -1.485 -1.2329 -0.955004 -0.664467
67.56 0.00765366 0.032598 0.201442 -1.90815 -6.29919 -8.18514 -7.36906 -6.30918 -5.585 -5.13377 -4.65581 -4.23455 -3.87356 -3.5272 -3.17831 -2.81323 -2.44223 -2.09521 -1.77127 -1.48531 -1.23317 -0.955227 -0.664641
67.61 0.00719628 0.0319172 0.200536 -1.90891 -6.29965 -8.18557 -7.36953 -6.30968 -5.58552 -5.13429 -4.65633 -4.23506 -3.87406 -3.52768 -3.17877 -2.81366 -2.44264 -2.09559 -1.77162 -1.48561 -1.23343 -0.955449 -0.664815
67.66 0.00673962 0.0312374 0.199632 -1.90967 -6.30011 -8.186 -7.36999 -6.31018 -5.58604 -5.13482 -4.65686 -4.23558 -3.87456 -3.52815 -3.17922 -2.81409 -2.44304 -2.09596 -1.77196 -1.48592 -1.2337 -0.955671 -0.664989
67.71 0.00628368 0.0305587 0.198728 -1.91043 -6.30057 -8.18643 -7.37046 -6.31068 -5.58655 -5.13534 -4.65738 -4.23609 -3.87505 -3.52863 -3.17968 -2.81452 -2.44345 -2.09634 -1.7723 -1.48623 -1.23396 -0.955892 -0.665162
67.76 0.00582847 0.0298811 0.197827 -1.91118 -6.30103 -8.18686 -7.37092 -6.31118 -5.58707 -5.13586 -4.6579 -4.2366 -3.87555 -3.52911 -3.18013 -2.81495 -2.44385 -2.09671 -1.77264 -1.48653 -1.23423 -0.956113 -0.665335
67.81 0.00537396 0.0292045 0.196926 -1.91194 -6.30149 -8.18729 -7.37139 -6.31168 -5.58759 -5.13638 -4.65842 -4.23711 -3.87604 -3.52958 -3.18059 -2.81538 -2.44425 -2.09708 -1.77298 -1.48684 -1.23449 -0.956333 -0.665508
67.86 0.00492018 0.028529 0.196028 -1.91269 -6.30195 -8.18772 -7.37185 -6.31218 -5.5881 -5.1369 -4.65893 -4.23762 -3.87654 -3.53006 -3.18104 -2.81581 -2.44465 -2.09746 -1.77332 -1.48714 -1.23475 -0.956553 -0.66568
67.91 0.00446711 0.0278546 0.19513 -1.91344 -6.30241 -8.18814 -7.37231 -6.31267 -5.58862 -5.13742 -4.65945 -4.23813 -3.87703 -3.53053 -3.18149 -2.81624 -2.44506 -2.09783 -1.77366 -1.48744 -1.23502 -0.956772 -0.665852
67.96 0.00401475 0.0271812 0.194234 -1.9142 -6.30286 -8.18857 -7.37277 -6.31317 -5.58913 -5.13794 -4.65997 -4.23864 -3.87753 -3.531 -3.18194 -2.81666 -2.44546 -2.0982 -1.774 -1.48775 -1.23528 -0.956991 -0.666024
68.01 0.00356311 0.0265088 0.193339 -1.91495 -6.30332 -8.189 -7.37323 -6.31366 -5.58965 -5.13846 -4.66048 -4.23915 -3.87802 -3.53148 -3.18239 -2.81709 -2.44585 -2.09857 -1.77434 -1.48805 -1.23554 -0.95721 -0.666195
68.06 0.00311218 0.0258375 0.192446 -1.91569 -6.30377 -8.18942 -7.37369 -6.31416 -5.59016 -5.13897 -4.661 -4.23965 -3.87851 -3.53195 -3.18284 -2.81751 -2.44625 -2.09894 -1.77468 -1.48835 -1.2358 -0.957428 -0.666366
68.11 0.00266196 0.0251673 0.191554 -1.91644 -6.30423 -8.18985 -7.37415 -6.31465 -5.59067 -5.13949 -4.66151 -4.24016 -3.879 -3.53242 -3.18328 -2.81794 -2.44665 -2.09931 -1.77502 -1.48865 -1.23606 -0.957645 -0.666536
68.16 0.00221245 0.0244981 0.190664 -1.91719 -6.30468 -8.19027 -7.37461 -6.31515 -5.59118 -5.14 -4.66203 -4.24066 -3.87949 -3.53289 -3.18373 -2.81836 -2.44705 -2.09968 -1.77535 -1.48895 -1.23632 -0.957862 -0.666706
68.21 0.00176365 0.02383 0.189774 -1.91793 -6.30513 -8.1907 -7.37507 -6.31564 -5.59169 -5.14052 -4.66254 -4.24117 -3.87998 -3.53336 -3.18418 -2.81878 -2.44744 -2.10004 -1.77569 -1.48925 -1.23658 -0.958079 -0.666876
68.26 0.00131556 0.0231629 0.188887 -1.91868 -6.30559 -8.19112 -7.37553 -6.31613 -5.5922 -5.14103 -4.66305 -4.24167 -3.88046 -3.53382 -3.18462 -2.8192 -2.44784 -2.10041 -1.77603 -1.48955 -1.23684 -0.958295 -0.667045
68.31 0.000868173 0.0224969 0.188 -1.91942 -6.30604 -8.19154 -7.37599 -6.31662 -5.59271 -5.14154 -4.66356 -4.24217 -3.88095 -3.53429 -3.18507 -2.81962 -2.44824 -2.10078 -1.77636 -1.48985 -1.2371 -0.958511 -0.667214
68.36 0.000421491 0.0218319 0.187115 -1.92016 -6.30649 -8.19196 -7.37644 -6.31711 -5.59322 -5.14205 -4.66407 -4.24267 -3.88144 -3.53476 -3.18551 -2.82004 -2.44863 -2.10114 -1.7767 -1.49015 -1.23735 -0.958726 -0.667383
68.41 -2.44865e-05 0.0211679 0.186232 -1.9209 -6.30694 -8.19238 -7.3769 -6.3176 -5.59373 -5.14256 -4.66458 -4.24317 -3.88192 -3.53522 -3.18595 -2.82046 -2.44902 -2.10151 -1.77703 -1.49045 -1.23761 -0.958941 -0.667551
68.46 -0.00046976 0.020505 0.185349 -1.92164 -6.30739 -8.1928 -7.37735 -6.31809 -5.59423 -5.14307 -4.66509 -4.24367 -3.88241 -3.53569 -3.1864 -2.82088 -2.44942 -2.10187 -1.77736 -1.49074 -1.23787 -0.959156 -0.667719
68.51 -0.000914333 0.0198431 0.184468 -1.92238 -6.30783 -8.19322 -7.3778 -6.31857 -5.59474 -5.14358 -4.6656 -4.24417 -3.88289 -3.53615 -3.18684 -2.8213 -2.44981 -2.10223 -1.77769 -1.49104 -1.23812 -0.95937 -0.667887
68.56 -0.0013582 0.0191823 0.183589 -1.92312 -6.30828 -8.19364 -7.37826 -6.31906 -5.59525 -5.14409 -4.6661 -4.24467 -3.88337 -3.53662 -3.18728 -2.82171 -2.4502 -2.1026 -1.77803 -1.49134 -1.23838 -0.959583 -0.668054
68.61 -0.00180138 0.0185225 0.182711 -1.92385 -6.30873 -8.19406 -7.37871 -6.31955 -5.59575 -5.1446 -4.66661 -4.24517 -3.88385 -3.53708 -3.18772 -2.82213 -2.45059 -2.10296 -1.77836 -1.49163 -1.23863 -0.959796 -0.668221
68.66 -0.00224385 0.0178637 0.181834 -1.92459 -6.30918 -8.19448 -7.37916 -6.32003 -5.59625 -5.1451 -4.66711 -4.24566 -3.88434 -3.53754 -3.18816 -2.82255 -2.45098 -2.10332 -1.77869 -1.49193 -1.23889 -0.960009 -0.668387
68.71 -0.00268562 0.017206 0.180958 -1.92532 -6.30962 -8.19489 -7.37961 -6.32052 -5.59675 -5.14561 -4.66762 -4.24616 -3.88482 -3.538 -3.1886 -2.82296 -2.45137 -2.10368 -1.77902 -1.49222 -1.23914 -0.960221 -0.668554
68.76 -0.0031267 0.0165492 0.180084 -1.92605 -6.31007 -8.19531 -7.38006 -6.321 -5.59726 -5.14611 -4.66812 -4.24665 -3.8853 -3.53846 -3.18903 -2.82337 -2.45176 -2.10404 -1.77934 -1.49251 -1.2394 -0.960433 -0.668719
68.81 -0.00356709 0.0158936 0.179212 -1.92679 -6.31051 -8.19573 -7.38051 -6.32148 -5.59776 -5.14662 -4.66862 -4.24715 -3.88577 -3.53892 -3.18947 -2.82379 -2.45214 -2.1044 -1.77967 -1.49281 -1.23965 -0.960644 -0.668885
68.86 -0.00400674 0.0152389 0.17834 -1.92752 -6.31095 -8.19614 -7.38096 -6.32197 -5.59826 -5.14712 -4.66913 -4.24764 -3.88625 -3.53938 -3.18991 -2.8242 -2.45253 -2.10476 -1.78 -1.4931 -1.2399 -0.960855 -0.66905
68.91 -0.00444577 0.0145853 0.17747 -1.92825 -6.3114 -8.19656 -7.38141 -6.32245 -5.59876 -5.14762 -4.66963 -4.24813 -3.88673 -3.53984 -3.19034 -2.82461 -2.45292 -2.10512 -1.78033 -1.49339 -1.24015 -0.961066 -0.669215
68.96 -0.00488407 0.0139327 0.176602 -1.92897 -6.31184 -8.19697 -7.38186 -6.32293 -5.59925 -5.14812 -4.67013 -4.24862 -3.88721 -3.54029 -3.19078 -2.82502 -2.4533 -2.10548 -1.78065 -1.49368 -1.2404 -0.961276 -0.669379
69.01 -0.00532168 0.0132811 0.175734 -1.9297 -6.31228 -8.19738 -7.3823 -6.32341 -5.59975 -5.14863 -4.67063 -4.24911 -3.88768 -3.54075 -3.19121 -2.82543 -2.45369 -2.10583 -1.78098 -1.49397 -1.24066 -0.961485 -0.669543
69.06 -0.0057586 0.0126306 0.174868 -1.93043 -6.31272 -8.1978 -7.38275 -6.32389 -5.60025 -5.14913 -4.67112 -4.2496 -3.88816 -3.5412 -3.19164 -2.82584 -2.45407 -2.10619 -1.78131 -1.49426 -1.24091 -0.961694 -0.669707
69.11 -0.00619484 0.011981 0.174004 -1.93115 -6.31316 -8.19821 -7.3832 -6.32437 -5.60074 -5.14962 -4.67162 -4.25009 -3.88863 -3.54166 -3.19208 -2.82625 -2.45445 -2.10654 -1.78163 -1.49455 -1.24116 -0.961903 -0.66987
69.16 -0.00663038 0.0113325 0.173141 -1.93187 -6.3136 -8.19862 -7.38364 -6.32484 -5.60124 -5.15012 -4.67212 -4.25058 -3.8891 -3.54211 -3.19251 -2.82666 -2.45484 -2.1069 -1.78195 -1.49484 -1.24141 -0.962111 -0.670033
69.21 -0.00706524 0.010685 0.172279 -1.9326 -6.31404 -8.19903 -7.38408 -6.32532 -5.60173 -5.15062 -4.67261 -4.25107 -3.88957 -3.54256 -3.19294 -2.82706 -2.45522 -2.10725 -1.78228 -1.49513 -1.24165 -0.962319 -0.670196
69.26 -0.00749941 0.0100385 0.171418 -1.93332 -6.31448 -8.19944 -7.38453 -6.3258 -5.60223 -5.15112 -4.67311 -4.25156 -3.89005 -3.54302 -3.19337 -2.82747 -2.4556 -2.10761 -1.7826 -1.49542 -1.2419 -0.962527 -0.670358
69.31 -0.0079329 0.00939303 0.170559 -1.93404 -6.31492 -8.19985 -7.38497 -6.32627 -5.60272 -5.15161 -4.6736 -4.25204 -3.89052 -3.54347 -3.1938 -2.82788 -2.45598 -2.10796 -1.78292 -1.49571 -1.24215 -0.962734 -0.67052
69.36 -0.0083657 0.00874857 0.169701 -1.93476 -6.31535 -8.20026 -7.38541 -6.32675 -5.60321 -5.15211 -4.6741 -4.25253 -3.89099 -3.54392 -3.19423 -2.82828 -2.45636 -2.10831 -1.78324 -1.49599 -1.2424 -0.96294 -0.670682
69.41 -0.00879782 0.00810511 0.168844 -1.93548 -6.31579 -8.20067 -7.38585 -6.32722 -5.6037 -5.1526 -4.67459 -4.25301 -3.89145 -3.54437 -3.19465 -2.82869 -2.45674 -2.10866 -1.78356 -1.49628 -1.24265 -0.963146 -0.670843
69.46 -0.00922927 0.00746267 0.167989 -1.93619 -6.31623 -8.20107 -7.38629 -6.32769 -5.60419 -5.1531 -4.67508 -4.25349 -3.89192 -3.54482 -3.19508 -2.82909 -2.45712 -2.10901 -1.78388 -1.49656 -1.24289 -0.963352 -0.671004
69.51 -0.00966003 0.00682123 0.167135 -1.93691 -6.31666 -8.20148 -7.38673 -6.32817 -5.60468 -5.15359 -4.67557 -4.25398 -3.89239 -3.54527 -3.19551 -2.82949 -2.4575 -2.10936 -1.7842 -1.49685 -1.24314 -0.963557 -0.671164
69.56 -0.0100901 0.0061808 0.166283 -1.93762 -6.31709 -8.20189 -7.38717 -6.32864 -5.60517 -5.15408 -4.67606 -4.25446 -3.89286 -3.54571 -3.19593 -2.82989 -2.45787 -2.10971 -1.78452 -1.49713 -1.24338 -0.963762 -0.671325
69.61 -0.0105195 0.00554137 0.165431 -1.93834 -6.31753 -8.20229 -7.38761 -6.32911 -5.60566 -5.15457 -4.67655 -4.25494 -3.89332 -3.54616 -3.19636 -2.83029 -2.45825 -2.11006 -1.78484 -1.49742 -1.24363 -0.963966 -0.671485
69.66 -0.0109482 0.00490295 0.164581 -1.93905 -6.31796 -8.2027 -7.38805 -6.32958 -5.60615 -5.15506 -4.67704 -4.25542 -3.89379 -3.54661 -3.19678 -2.8307 -2.45863 -2.11041 -1.78516 -1.4977 -1.24387 -0.96417 -0.671644
69.71 -0.0113763 0.00426552 0.163733 -1.93976 -6.31839 -8.2031 -7.38849 -6.33005 -5.60664 -5.15555 -4.67753 -4.2559 -3.89425 -3.54705 -3.19721 -2.8311 -2.459 -2.11076 -1.78548 -1.49798 -1.24412 -0.964374 -0.671803
69.76 -0.0118037 0.0036291 0.162886 -1.94047 -6.31882 -8.2035 -7.38892 -6.33052 -5.60712 -5.15604 -4.67802 -4.25638 -3.89472 -3.5475 -3.19763 -2.83149 -2.45937 -2.1111 -1.78579 -1.49826 -1.24436 -0.964577 -0.671962
69.81 -0.0122304 0.00299367 0.16204 -1.94118 -6.31925 -8.20391 -7.38936 -6.33099 -5.60761 -5.15653 -4.6785 -4.25685 -3.89518 -3.54794 -3.19805 -2.83189 -2.45975 -2.11145 -1.78611 -1.49855 -1.2446 -0.96478 -0.672121
69.86 -0.0126564 0.00235924 0.161195 -1.94189 -6.31968 -8.20431 -7.38979 -6.33145 -5.60809 -5.15702 -4.67899 -4.25733 -3.89564 -3.54838 -3.19847 -2.83229 -2.46012 -2.11179 -1.78642 -1.49883 -1.24485 -0.964982 -0.672279
69.91 -0.0130817 0.00172581 0.160352 -1.94259 -6.32011 -8.20471 -7.39023 -6.33192 -5.60857 -5.1575 -4.67947 -4.25781 -3.8961 -3.54882 -3.19889 -2.83269 -2.46049 -2.11214 -1.78674 -1.49911 -1.24509 -0.965184 -0.672437
69.96 -0.0135064 0.00109336 0.15951 -1.9433 -6.32054 -8.20511 -7.39066 -6.33239 -5.60906 -5.15799 -4.67996 -4.25828 -3.89656 -3.54926 -3.19931 -2.83308 -2.46087 -2.11248 -1.78705 -1.49939 -1.24533 -0.965386 -0.672595
70.01 -0.0139304 0.000461913 0.158669 -1.944 -6.32097 -8.20551 -7.3911 -6.33285 -5.60954 -5.15847 -4.68044 -4.25876 -3.89702 -3.54971 -3.19973 -2.83348 -2.46124 -2.11283 -1.78737 -1.49967 -1.24557 -0.965587 -0.672752
70.06 -0.0143538 -0.000168546 0.157829 -1.94471 -6.3214 -8.20591 -7.39153 -6.33331 -5.61002 -5.15896 -4.68092 -4.25923 -3.89748 -3.55015 -3.20015 -2.83387 -2.46161 -2.11317 -1.78768 -1.49995 -1.24581 -0.965787 -0.672909
70.11 -0.0147765 -0.000798017 0.156991 -1.94541 -6.32182 -8.20631 -7.39196 -6.33378 -5.6105 -5.15944 -4.6814 -4.2597 -3.89794 -3.55058 -3.20056 -2.83427 -2.46198 -2.11351 -1.78799 -1.50022 -1.24605 -0.965988 -0.673065
70.16 -0.0151985 -0.0014265 0.156155 -1.94611 -6.32225 -8.20671 -7.39239 -6.33424 -5.61098 -5.15992 -4.68188 -4.26018 -3.8984 -3.55102 -3.20098 -2.83466 -2.46234 -2.11385 -1.7883 -1.5005 -1.24629 -0.966188 -0.673222
70.21 -0.0156198 -0.002054 0.155319 -1.94681 -6.32268 -8.20711 -7.39282 -6.3347 -5.61146 -5.1604 -4.68236 -4.26065 -3.89885 -3.55146 -3.2014 -2.83505 -2.46271 -2.11419 -1.78861 -1.50078 -1.24653 -0.966387 -0.673377
70.26 -0.0160405 -0.00268051 0.154485 -1.94751 -6.3231 -8.2075 -7.39325 -6.33516 -5.61194 -5.16088 -4.68284 -4.26112 -3.89931 -3.5519 -3.20181 -2.83545 -2.46308 -2.11453 -1.78892 -1.50106 -1.24677 -0.966586 -0.673533
70.31 -0.0164605 -0.00330604 0.153652 -1.94821 -6.32352 -8.2079 -7.39368 -6.33563 -5.61241 -5.16136 -4.68332 -4.26159 -3.89976 -3.55233 -3.20223 -2.83584 -2.46345 -2.11487 -1.78923 -1.50133 -1.24701 -0.966785 -0.673688
70.36 -0.0168799 -0.00393059 0.15282 -1.94891 -6.32395 -8.2083 -7.39411 -6.33609 -5.61289 -5.16184 -4.6838 -4.26206 -3.90022 -3.55277 -3.20264 -2.83623 -2.46381 -2.11521 -1.78954 -1.50161 -1.24724 -0.966983 -0.673843
70.41 -0.0172985 -0.00455416 0.15199 -1.9496 -6.32437 -8.20869 -7.39454 -6.33654 -5.61337 -5.16232 -4.68428 -4.26252 -3.90067 -3.5532 -3.20305 -2.83662 -2.46418 -2.11555 -1.78985 -1.50188 -1.24748 -0.96718 -0.673998
70.46 -0.0177166 -0.00517675 0.151161 -1.9503 -6.32479 -8.20909 -7.39496 -6.337 -5.61384 -5.1628 -4.68475 -4.26299 -3.90112 -3.55364 -3.20347 -2.83701 -2.46454 -2.11589 -1.79016 -1.50216 -1.24772 -0.967378 -0.674152
70.51 -0.0181339 -0.00579837 0.150333 -1.95099 -6.32521 -8.20948 -7.39539 -6.33746 -5.61432 -5.16328 -4.68523 -4.26346 -3.90157 -3.55407 -3.20388 -2.8374 -2.46491 -2.11623 -1.79047 -1.50243 -1.24795 -0.967575 -0.674306
70.56 -0.0185507 -0.00641901 0.149507 -1.95168 -6.32563 -8.20988 -7.39581 -6.33792 -5.61479 -5.16375 -4.6857 -4.26392 -3.90203 -3.5545 -3.20429 -2.83778 -2.46527 -2.11656 -1.79077 -1.5027 -1.24819 -0.967771 -0.67446
70.61 -0.0189667 -0.00703867 0.148682 -1.95238 -6.32606 -8.21027 -7.39624 -6.33837 -5.61526 -5.16423 -4.68617 -4.26439 -3.90248 -3.55493 -3.2047 -2.83817 -2.46563 -2.1169 -1.79108 -1.50298 -1.24842 -0.967968 -0.674613
70.66 -0.0193821 -0.00765737 0.147858 -1.95307 -6.32647 -8.21066 -7.39666 -6.33883 -5.61573 -5.1647 -4.68665 -4.26485 -3.90293 -3.55536 -3.20511 -2.83856 -2.466 -2.11723 -1.79139 -1.50325 -1.24866 -0.968163 -0.674766
70.71 -0.0197969 -0.00827509 0.147035 -1.95376 -6.32689 -8.21105 -7.39709 -6.33928 -5.61621 -5.16518 -4.68712 -4.26532 -3.90337 -3.55579 -3.20552 -2.83894 -2.46636 -2.11757 -1.79169 -1.50352 -1.24889 -0.968359 -0.674919
70.76 -0.0202109 -0.00889184 0.146214 -1.95444 -6.32731 -8.21144 -7.39751 -6.33974 -5.61668 -5.16565 -4.68759 -4.26578 -3.90382 -3.55622 -3.20592 -2.83933 -2.46672 -2.1179 -1.792 -1.50379 -1.24913 -0.968554 -0.675071
70.81 -0.0206244 -0.00950763 0.145394 -1.95513 -6.32773 -8.21183 -7.39793 -6.34019 -5.61715 -5.16612 -4.68806 -4.26624 -3.90427 -3.55665 -3.20633 -2.83971 -2.46708 -2.11823 -1.7923 -1.50406 -1.24936 -0.968748 -0.675223
70.86 -0.0210372 -0.0101224 0.144575 -1.95582 -6.32815 -8.21222 -7.39835 -6.34064 -5.61762 -5.1666 -4.68853 -4.2667 -3.90472 -3.55708 -3.20674 -2.8401 -2.46744 -2.11857 -1.7926 -1.50433 -1.24959 -0.968942 -0.675375
70.91 -0.0214493 -0.0107363 0.143758 -1.9565 -6.32856 -8.21261 -7.39877 -6.3411 -5.61808 -5.16707 -4.689 -4.26716 -3.90516 -3.55751 -3.20714 -2.84048 -2.4678 -2.1189 -1.79291 -1.5046 -1.24983 -0.969136 -0.675526
70.96 -0.0218608 -0.0113492 0.142942 -1.95719 -6.32898 -8.213 -7.3992 -6.34155 -5.61855 -5.16754 -4.68947 -4.26762 -3.90561 -3.55793 -3.20755 -2.84086 -2.46815 -2.11923 -1.79321 -1.50487 -1.25006 -0.969329 -0.675677
71.01 -0.0222716 -0.0119611 0.142127 -1.95787 -6.32939 -8.21339 -7.39961 -6.342 -5.61902 -5.16801 -4.68994 -4.26808 -3.90605 -3.55836 -3.20795 -2.84124 -2.46851 -2.11956 -1.79351 -1.50514 -1.25029 -0.969522 -0.675828
71.06 -0.0226818 -0.0125721 0.141313 -1.95855 -6.32981 -8.21378 -7.40003 -6.34245 -5.61948 -5.16848 -4.6904 -4.26854 -3.90649 -3.55878 -3.20836 -2.84162 -2.46887 -2.11989 -1.79381 -1.50541 -1.25052 -0.969715 -0.675978
71.11 -0.0230913 -0.0131821 0.140501 -1.95923 -6.33022 -8.21416 -7.40045 -6.3429 -5.61995 -5.16894 -4.69087 -4.269 -3.90694 -3.55921 -3.20876 -2.842 -2.46922 -2.12022 -1.79411 -1.50568 -1.25075 -0.969907 -0.676128
71.16 -0.0235002 -0.0137911 0.13969 -1.95991 -6.33063 -8.21455 -7.40087 -6.34335 -5.62041 -5.16941 -4.69133 -4.26946 -3.90738 -3.55963 -3.20916 -2.84238 -2.46958 -2.12055 -1.79441 -1.50594 -1.25098 -0.970099 -0.676278
71.21 -0.0239085 -0.0143992 0.13888 -1.96059 -6.33105 -8.21494 -7.40129 -6.34379 -5.62088 -5.16988 -4.6918 -4.26991 -3.90782 -3.56005 -3.20956 -2.84276 -2.46993 -2.12088 -1.79471 -1.50621 -1.25121 -0.97029 -0.676428
71.26 -0.0243161 -0.0150064 0.138071 -1.96127 -6.33146 -8.21532 -7.4017 -6.34424 -5.62134 -5.17034 -4.69226 -4.27037 -3.90826 -3.56047 -3.20996 -2.84314 -2.47029 -2.12121 -1.79501 -1.50648 -1.25144 -0.970481 -0.676577
71.31 -0.024723 -0.0156126 0.137264 -1.96195 -6.33187 -8.21571 -7.40212 -6.34469 -5.6218 -5.17081 -4.69273 -4.27082 -3.9087 -3.5609 -3.21036 -2.84352 -2.47064 -2.12153 -1.79531 -1.50674 -1.25167 -0.970672 -0.676726
71.36 -0.0251293 -0.0162178 0.136458 -1.96262 -6.33228 -8.21609 -7.40253 -6.34513 -5.62226 -5.17127 -4.69319 -4.27127 -3.90914 -3.56132 -3.21076 -2.84389 -2.471 -2.12186 -1.7956 -1.50701 -1.2519 -0.970862 -0.676874
71.41 -0.025535 -0.0168221 0.135653 -1.9633 -6.33269 -8.21647 -7.40295 -6.34558 -5.62273 -5.17173 -4.69365 -4.27173 -3.90958 -3.56174 -3.21116 -2.84427 -2.47135 -2.12219 -1.7959 -1.50727 -1.25212 -0.971052 -0.677022
71.46 -0.02594 -0.0174254 0.13485 -1.96397 -6.3331 -8.21686 -7.40336 -6.34602 -5.62319 -5.1722 -4.69411 -4.27218 -3.91001 -3.56215 -3.21156 -2.84465 -2.4717 -2.12251 -1.7962 -1.50753 -1.25235 -0.971241 -0.67717
71.51 -0.0263444 -0.0180278 0.134047 -1.96464 -6.33351 -8.21724 -7.40377 -6.34647 -5.62365 -5.17266 -4.69457 -4.27263 -3.91045 -3.56257 -3.21196 -2.84502 -2.47205 -2.12284 -1.79649 -1.5078 -1.25258 -0.97143 -0.677318
71.56 -0.0267482 -0.0186293 0.133246 -1.96532 -6.33391 -8.21762 -7.40419 -6.34691 -5.6241 -5.17312 -4.69503 -4.27308 -3.91089 -3.56299 -3.21235 -2.84539 -2.4724 -2.12316 -1.79679 -1.50806 -1.2528 -0.971619 -0.677465
71.61 -0.0271513 -0.0192298 0.132447 -1.96599 -6.33432 -8.218 -7.4046 -6.34735 -5.62456 -5.17358 -4.69549 -4.27353 -3.91132 -3.56341 -3.21275 -2.84577 -2.47275 -2.12348 -1.79708 -1.50832 -1.25303 -0.971807 -0.677612
71.66 -0.0275538 -0.0198293 0.131648 -1.96666 -6.33473 -8.21838 -7.40501 -6.34779 -5.62502 -5.17404 -4.69594 -4.27398 -3.91176 -3.56382 -3.21314 -2.84614 -2.4731 -2.12381 -1.79738 -1.50858 -1.25326 -0.971995 -0.677759
71.71 -0.0279556 -0.0204279 0.130851 -1.96732 -6.33513 -8.21876 -7.40542 -6.34823 -5.62548 -5.1745 -4.6964 -4.27443 -3.91219 -3.56424 -3.21354 -2.84651 -2.47345 -2.12413 -1.79767 -1.50885 -1.25348 -0.972182 -0.677905
71.76 -0.0283568 -0.0210256 0.130055 -1.96799 -6.33554 -8.21914 -7.40583 -6.34867 -5.62593 -5.17496 -4.69686 -4.27488 -3.91262 -3.56465 -3.21393 -2.84688 -2.4738 -2.12445 -1.79796 -1.50911 -1.25371 -0.972369 -0.678051
71.81 -0.0287574 -0.0216223 0.12926 -1.96866 -6.33594 -8.21952 -7.40624 -6.34911 -5.62639 -5.17541 -4.69731 -4.27532 -3.91306 -3.56507 -3.21432 -2.84725 -2.47414 -2.12477 -1.79826 -1.50937 -1.25393 -0.972556 -0.678197
71.86 -0.0291573 -0.0222181 0.128466 -1.96932 -6.33635 -8.2199 -7.40665 -6.34955 -5.62684 -5.17587 -4.69777 -4.27577 -3.91349 -3.56548 -3.21472 -2.84762 -2.47449 -2.12509 -1.79855 -1.50963 -1.25415 -0.972742 -0.678342
71.91 -0.0295566 -0.022813 0.127674 -1.96999 -6.33675 -8.22027 -7.40706 -6.34999 -5.62729 -5.17633 -4.69822 -4.27621 -3.91392 -3.56589 -3.21511 -2.84799 -2.47483 -2.12541 -1.79884 -1.50989 -1.25438 -0.972928 -0.678488
71.96 -0.0299553 -0.0234069 0.126883 -1.97065 -6.33715 -8.22065 -7.40746 -6.35043 -5.62775 -5.17678 -4.69867 -4.27666 -3.91435 -3.56631 -3.2155 -2.84836 -2.47518 -2.12573 -1.79913 -1.51014 -1.2546 -0.973114 -0.678632
72.01 -0.0303534 -0.0239999 0.126093 -1.97131 -6.33756 -8.22103 -7.40787 -6.35086 -5.6282 -5.17724 -4.69913 -4.2771 -3.91478 -3.56672 -3.21589 -2.84873 -2.47552 -2.12605 -1.79942 -1.5104 -1.25482 -0.973299 -0.678777
72.06 -0.0307508 -0.024592 0.125304 -1.97197 -6.33796 -8.2214 -7.40828 -6.3513 -5.62865 -5.17769 -4.69958 -4.27755 -3.91521 -3.56713 -3.21628 -2.8491 -2.47587 -2.12637 -1.79971 -1.51066 -1.25504 -0.973484 -0.678921
72.11 -0.0311476 -0.0251831 0.124517 -1.97263 -6.33836 -8.22178 -7.40868 -6.35173 -5.6291 -5.17814 -4.70003 -4.27799 -3.91564 -3.56754 -3.21667 -2.84946 -2.47621 -2.12668 -1.8 -1.51092 -1.25527 -0.973668 -0.679065
72.16 -0.0315438 -0.0257733 0.123731 -1.97329 -6.33876 -8.22215 -7.40909 -6.35217 -5.62955 -5.1786 -4.70048 -4.27843 -3.91606 -3.56795 -3.21706 -2.84983 -2.47655 -2.127 -1.80029 -1.51117 -1.25549 -0.973852 -0.679209
72.21 -0.0319393 -0.0263626 0.122946 -1.97395 -6.33916 -8.22252 -7.40949 -6.3526 -5.63 -5.17905 -4.70093 -4.27887 -3.91649 -3.56835 -3.21744 -2.8502 -2.4769 -2.12732 -1.80058 -1.51143 -1.25571 -0.974036 -0.679352
72.26 -0.0323342 -0.026951 0.122162 -1.97461 -6.33956 -8.2229 -7.40989 -6.35304 -5.63045 -5.1795 -4.70138 -4.27931 -3.91691 -3.56876 -3.21783 -2.85056 -2.47724 -2.12763 -1.80086 -1.51169 -1.25593 -0.974219 -0.679495
72.31 -0.0327285 -0.0275384 0.12138 -1.97526 -6.33996 -8.22327 -7.4103 -6.35347 -5.6309 -5.17995 -4.70183 -4.27975 -3.91734 -3.56917 -3.21822 -2.85092 -2.47758 -2.12795 -1.80115 -1.51194 -1.25615 -0.974402 -0.679638
72.36 -0.0331222 -0.0281249 0.120598 -1.97592 -6.34035 -8.22364 -7.4107 -6.3539 -5.63134 -5.1804 -4.70227 -4.28019 -3.91776 -3.56957 -3.2186 -2.85129 -2.47792 -2.12826 -1.80144 -1.5122 -1.25637 -0.974585 -0.67978
72.41 -0.0335152 -0.0287105 0.119818 -1.97657 -6.34075 -8.22401 -7.4111 -6.35433 -5.63179 -5.18085 -4.70272 -4.28063 -3.91819 -3.56998 -3.21899 -2.85165 -2.47826 -2.12858 -1.80172 -1.51245 -1.25659 -0.974767 -0.679922
72.46 -0.0339077 -0.0292951 0.119039 -1.97723 -6.34115 -8.22438 -7.4115 -6.35476 -5.63224 -5.18129 -4.70317 -4.28107 -3.91861 -3.57038 -3.21937 -2.85201 -2.4786 -2.12889 -1.80201 -1.5127 -1.2568 -0.974949 -0.680064
72.51 -0.0342995 -0.0298789 0.118262 -1.97788 -6.34154 -8.22475 -7.4119 -6.35519 -5.63268 -5.18174 -4.70361 -4.2815 -3.91903 -3.57079 -3.21975 -2.85237 -2.47894 -2.1292 -1.80229 -1.51296 -1.25702 -0.97513 -0.680206
72.56 -0.0346907 -0.0304617 0.117485 -1.97853 -6.34194 -8.22512 -7.4123 -6.35562 -5.63313 -5.18219 -4.70406 -4.28194 -3.91945 -3.57119 -3.22014 -2.85274 -2.47927 -2.12951 -1.80258 -1.51321 -1.25724 -0.975311 -0.680347
72.61 -0.0350812 -0.0310436 0.11671 -1.97918 -6.34233 -8.22549 -7.4127 -6.35605 -5.63357 -5.18263 -4.7045 -4.28237 -3.91988 -3.57159 -3.22052 -2.8531 -2.47961 -2.12983 -1.80286 -1.51346 -1.25746 -0.975492 -0.680488
72.66 -0.0354712 -0.0316246 0.115936 -1.97983 -6.34273 -8.22586 -7.4131 -6.35648 -5.63401 -5.18308 -4.70494 -4.28281 -3.9203 -3.572 -3.2209 -2.85346 -2.47995 -2.13014 -1.80314 -1.51371 -1.25767 -0.975672 -0.680629
72.71 -0.0358605 -0.0322047 0.115163 -1.98048 -6.34312 -8.22623 -7.4135 -6.3569 -5.63445 -5.18352 -4.70538 -4.28324 -3.92071 -3.5724 -3.22128 -2.85381 -2.48028 -2.13045 -1.80343 -1.51397 -1.25789 -0.975852 -0.680769
72.76 -0.0362492 -0.0327839 0.114392 -1.98112 -6.34351 -8.2266 -7.41389 -6.35733 -5.6349 -5.18397 -4.70583 -4.28367 -3.92113 -3.5728 -3.22166 -2.85417 -2.48062 -2.13076 -1.80371 -1.51422 -1.25811 -0.976032 -0.680909
72.81 -0.0366374 -0.0333621 0.113622 -1.98177 -6.3439 -8.22696 -7.41429 -6.35775 -5.63534 -5.18441 -4.70627 -4.28411 -3.92155 -3.5732 -3.22204 -2.85453 -2.48095 -2.13107 -1.80399 -1.51447 -1.25832 -0.976211 -0.681049
72.86 -0.0370249 -0.0339395 0.112852 -1.98241 -6.3443 -8.22733 -7.41469 -6.35818 -5.63578 -5.18485 -4.70671 -4.28454 -3.92197 -3.5736 -3.22242 -2.85489 -2.48129 -2.13137 -1.80427 -1.51472 -1.25854 -0.97639 -0.681188
72.91 -0.0374117 -0.0345159 0.112084 -1.98306 -6.34469 -8.2277 -7.41508 -6.3586 -5.63622 -5.18529 -4.70715 -4.28497 -3.92238 -3.574 -3.2228 -2.85524 -2.48162 -2.13168 -1.80455 -1.51497 -1.25875 -0.976569 -0.681328
72.96 -0.037798 -0.0350915 0.111318 -1.9837 -6.34508 -8.22806 -7.41548 -6.35903 -5.63665 -5.18573 -4.70758 -4.2854 -3.9228 -3.57439 -3.22317 -2.8556 -2.48195 -2.13199 -1.80483 -1.51522 -1.25896 -0.976747 -0.681467
73.01 -0.0381837 -0.0356661 0.110552 -1.98434 -6.34547 -8.22843 -7.41587 -6.35945 -5.63709 -5.18617 -4.70802 -4.28583 -3.92322 -3.57479 -3.22355 -2.85595 -2.48228 -2.1323 -1.80511 -1.51546 -1.25918 -0.976924 -0.681605
73.06 -0.0385687 -0.0362398 0.109788 -1.98498 -6.34586 -8.22879 -7.41626 -6.35987 -5.63753 -5.18661 -4.70846 -4.28626 -3.92363 -3.57519 -3.22393 -2.85631 -2.48262 -2.1326 -1.80539 -1.51571 -1.25939 -0.977102 -0.681743
73.11 -0.0389532 -0.0368126 0.109025 -1.98562 -6.34625 -8.22915 -7.41666 -6.36029 -5.63797 -5.18705 -4.7089 -4.28668 -3.92404 -3.57558 -3.2243 -2.85666 -2.48295 -2.13291 -1.80567 -1.51596 -1.2596 -0.977279 -0.681881
73.16 -0.039337 -0.0373846 0.108263 -1.98626 -6.34663 -8.22952 -7.41705 -6.36072 -5.6384 -5.18749 -4.70933 -4.28711 -3.92446 -3.57598 -3.22468 -2.85702 -2.48328 -2.13321 -1.80595 -1.51621 -1.25982 -0.977456 -0.682019
73.21 -0.0397202 -0.0379556 0.107502 -1.9869 -6.34702 -8.22988 -7.41744 -6.36114 -5.63884 -5.18793 -4.70977 -4.28754 -3.92487 -3.57637 -3.22505 -2.85737 -2.48361 -2.13352 -1.80622 -1.51645 -1.26003 -0.977632 -0.682157
73.26 -0.0401028 -0.0385257 0.106742 -1.98754 -6.34741 -8.23024 -7.41783 -6.36156 -5.63927 -5.18836 -4.7102 -4.28796 -3.92528 -3.57677 -3.22543 -2.85772 -2.48394 -2.13382 -1.8065 -1.5167 -1.26024 -0.977808 -0.682294
73.31 -0.0404849 -0.039095 0.105984 -1.98817 -6.34779 -8.2306 -7.41822 -6.36197 -5.63971 -5.1888 -4.71063 -4.28839 -3.92569 -3.57716 -3.2258 -2.85807 -2.48426 -2.13413 -1.80678 -1.51694 -1.26045 -0.977983 -0.682431
73.36 -0.0408663 -0.0396633 0.105226 -1.98881 -6.34818 -8.23096 -7.41861 -6.36239 -5.64014 -5.18923 -4.71107 -4.28881 -3.9261 -3.57755 -3.22617 -2.85842 -2.48459 -2.13443 -1.80705 -1.51719 -1.26066 -0.978159 -0.682567
73.41 -0.0412471 -0.0402307 0.10447 -1.98944 -6.34856 -8.23132 -7.419 -6.36281 -5.64057 -5.18967 -4.7115 -4.28924 -3.92651 -3.57794 -3.22654 -2.85877 -2.48492 -2.13473 -1.80733 -1.51743 -1.26087 -0.978334 -0.682704
73.46 -0.0416273 -0.0407973 0.103716 -1.99007 -6.34895 -8.23168 -7.41939 -6.36323 -5.641 -5.1901 -4.71193 -4.28966 -3.92692 -3.57833 -3.22691 -2.85912 -2.48525 -2.13503 -1.8076 -1.51768 -1.26108 -0.978508 -0.68284
73.51 -0.0420069 -0.0413629 0.102962 -1.99071 -6.34933 -8.23204 -7.41978 -6.36364 -5.64143 -5.19054 -4.71236 -4.29008 -3.92733 -3.57873 -3.22728 -2.85947 -2.48557 -2.13533 -1.80788 -1.51792 -1.26129 -0.978682 -0.682976
73.56 -0.0423859 -0.0419277 0.102209 -1.99134 -6.34971 -8.2324 -7.42016 -6.36406 -5.64186 -5.19097 -4.71279 -4.2905 -3.92774 -3.57911 -3.22765 -2.85982 -2.4859 -2.13564 -1.80815 -1.51816 -1.2615 -0.978856 -0.683111
73.61 -0.0427643 -0.0424916 0.101458 -1.99197 -6.3501 -8.23275 -7.42055 -6.36447 -5.64229 -5.1914 -4.71322 -4.29093 -3.92814 -3.5795 -3.22802 -2.86017 -2.48622 -2.13594 -1.80842 -1.51841 -1.26171 -0.97903 -0.683246
73.66 -0.0431421 -0.0430546 0.100708 -1.9926 -6.35048 -8.23311 -7.42094 -6.36489 -5.64272 -5.19183 -4.71365 -4.29135 -3.92855 -3.57989 -3.22839 -2.86051 -2.48655 -2.13623 -1.80869 -1.51865 -1.26192 -0.979203 -0.683381
73.71 -0.0435193 -0.0436167 0.0999589 -1.99322 -6.35086 -8.23347 -7.42132 -6.3653 -5.64315 -5.19226 -4.71408 -4.29176 -3.92895 -3.58028 -3.22876 -2.86086 -2.48687 -2.13653 -1.80897 -1.51889 -1.26212 -0.979375 -0.683516
73.76 -0.043896 -0.0441779 0.0992111 -1.99385 -6.35124 -8.23382 -7.42171 -6.36572 -5.64358 -5.19269 -4.7145 -4.29218 -3.92936 -3.58067 -3.22912 -2.86121 -2.48719 -2.13683 -1.80924 -1.51913 -1.26233 -0.979548 -0.68365
73.81 -0.044272 -0.0447383 0.0984644 -1.99448 -6.35162 -8.23418 -7.42209 -6.36613 -5.64401 -5.19312 -4.71493 -4.2926 -3.92976 -3.58105 -3.22949 -2.86155 -2.48752 -2.13713 -1.80951 -1.51937 -1.26254 -0.97972 -0.683784
73.86 -0.0446474 -0.0452977 0.0977189 -1.9951 -6.352 -8.23453 -7.42248 -6.36654 -5.64443 -5.19355 -4.71536 -4.29302 -3.93017 -3.58144 -3.22986 -2.86189 -2.48784 -2.13743 -1.80978 -1.51961 -1.26275 -0.979892 -0.683918
73.91 -0.0450222 -0.0458563 0.0969746 -1.99573 -6.35238 -8.23489 -7.42286 -6.36695 -5.64486 -5.19397 -4.71578 -4.29344 -3.93057 -3.58182 -3.23022 -2.86224 -2.48816 -2.13772 -1.81005 -1.51985 -1.26295 -0.980063 -0.684052
73.96 -0.0453965 -0.046414 0.0962315 -1.99635 -6.35276 -8.23524 -7.42324 -6.36736 -5.64528 -5.1944 -4.71621 -4.29385 -3.93097 -3.58221 -3.23059 -2.86258 -2.48848 -2.13802 -1.81032 -1.52009 -1.26316 -0.980234 -0.684185
74.01 -0.0457701 -0.0469708 0.0954895 -1.99697 -6.35314 -8.2356 -7.42362 -6.36777 -5.64571 -5.19483 -4.71663 -4.29427 -3.93137 -3.58259 -3.23095 -2.86292 -2.4888 -2.13832 -1.81059 -1.52033 -1.26336 -0.980405 -0.684318
74.06 -0.0461432 -0.0475267 0.0947487 -1.99759 -6.35351 -8.23595 -7.424 -6.36818 -5.64613 -5.19525 -4.71705 -4.29468 -3.93177 -3.58297 -3.23131 -2.86327 -2.48912 -2.13861 -1.81086 -1.52057 -1.26357 -0.980575 -0.68445
74.11 -0.0465156 -0.0480818 0.094009 -1.99821 -6.35389 -8.2363 -7.42438 -6.36859 -5.64655 -5.19568 -4.71747 -4.2951 -3.93217 -3.58336 -3.23167 -2.86361 -2.48944 -2.13891 -1.81112 -1.52081 -1.26377 -0.980745 -0.684583
74.16 -0.0468875 -0.048636 0.0932705 -1.99883 -6.35427 -8.23665 -7.42476 -6.369 -5.64697 -5.1961 -4.7179 -4.29551 -3.93257 -3.58374 -3.23204 -2.86395 -2.48976 -2.1392 -1.81139 -1.52104 -1.26398 -0.980915 -0.684715
74.21 -0.0472588 -0.0491893 0.0925331 -1.99945 -6.35464 -8.237 -7.42514 -6.3694 -5.6474 -5.19652 -4.71832 -4.29592 -3.93297 -3.58412 -3.2324 -2.86429 -2.49008 -2.13949 -1.81166 -1.52128 -1.26418 -0.981084 -0.684847
74.26 -0.0476295 -0.0497418 0.0917969 -2.00007 -6.35502 -8.23735 -7.42552 -6.36981 -5.64782 -5.19695 -4.71874 -4.29633 -3.93337 -3.5845 -3.23276 -2.86463 -2.49039 -2.13979 -1.81192 -1.52152 -1.26438 -0.981253 -0.684979
74.31 -0.0479996 -0.0502934 0.0910619 -2.00068 -6.35539 -8.2377 -7.4259 -6.37022 -5.64824 -5.19737 -4.71916 -4.29674 -3.93377 -3.58488 -3.23312 -2.86497 -2.49071 -2.14008 -1.81219 -1.52175 -1.26459 -0.981421 -0.68511
74.36 -0.0483692 -0.0508441 0.090328 -2.0013 -6.35576 -8.23805 -7.42628 -6.37062 -5.64866 -5.19779 -4.71958 -4.29715 -3.93416 -3.58526 -3.23348 -2.86531 -2.49103 -2.14037 -1.81246 -1.52199 -1.26479 -0.98159 -0.685241
74.41 -0.0487381 -0.0513939 0.0895952 -2.00191 -6.35614 -8.2384 -7.42666 -6.37103 -5.64907 -5.19821 -4.71999 -4.29756 -3.93456 -3.58564 -3.23384 -2.86564 -2.49134 -2.14066 -1.81272 -1.52222 -1.26499 -0.981758 -0.685372
74.46 -0.0491065 -0.0519429 0.0888636 -2.00253 -6.35651 -8.23875 -7.42703 -6.37143 -5.64949 -5.19863 -4.72041 -4.29797 -3.93495 -3.58602 -3.23419 -2.86598 -2.49166 -2.14095 -1.81299 -1.52246 -1.26519 -0.981925 -0.685502
74.51 -0.0494742 -0.052491 0.0881332 -2.00314 -6.35688 -8.2391 -7.42741 -6.37183 -5.64991 -5.19905 -4.72083 -4.29838 -3.93535 -3.58639 -3.23455 -2.86632 -2.49197 -2.14124 -1.81325 -1.52269 -1.26539 -0.982092 -0.685632
74.56 -0.0498414 -0.0530383 0.0874039 -2.00375 -6.35725 -8.23945 -7.42778 -6.37224 -5.65033 -5.19947 -4.72124 -4.29879 -3.93574 -3.58677 -3.23491 -2.86665 -2.49229 -2.14153 -1.81351 -1.52293 -1.26559 -0.982259 -0.685762
74.61 -0.050208 -0.0535847 0.0866757 -2.00436 -6.35762 -8.23979 -7.42816 -6.37264 -5.65074 -5.19989 -4.72166 -4.2992 -3.93613 -3.58714 -3.23526 -2.86699 -2.4926 -2.14182 -1.81378 -1.52316 -1.26579 -0.982426 -0.685892
74.66 -0.0505741 -0.0541302 0.0859487 -2.00497 -6.35799 -8.24014 -7.42853 -6.37304 -5.65116 -5.2003 -4.72207 -4.2996 -3.93653 -3.58752 -3.23562 -2.86732 -2.49291 -2.14211 -1.81404 -1.52339 -1.26599 -0.982592 -0.686022
74.71 -0.0509395 -0.0546749 0.0852228 -2.00558 -6.35836 -8.24048 -7.42891 -6.37344 -5.65157 -5.20072 -4.72249 -4.30001 -3.93692 -3.58789 -3.23598 -2.86766 -2.49322 -2.1424 -1.8143 -1.52363 -1.26619 -0.982758 -0.686151
74.76 -0.0513044 -0.0552187 0.084498 -2.00619 -6.35873 -8.24083 -7.42928 -6.37384 -5.65199 -5.20113 -4.7229 -4.30041 -3.93731 -3.58827 -3.23633 -2.86799 -2.49354 -2.14268 -1.81456 -1.52386 -1.26639 -0.982924 -0.68628
74.81 -0.0516687 -0.0557616 0.0837744 -2.00679 -6.3591 -8.24117 -7.42965 -6.37424 -5.6524 -5.20155 -4.72331 -4.30082 -3.9377 -3.58864 -3.23668 -2.86832 -2.49385 -2.14297 -1.81482 -1.52409 -1.26659 -0.983089 -0.686408
74.86 -0.0520324 -0.0563037 0.0830519 -2.0074 -6.35947 -8.24152 -7.43002 -6.37464 -5.65281 -5.20196 -4.72373 -4.30122 -3.93809 -3.58901 -3.23704 -2.86866 -2.49416 -2.14326 -1.81508 -1.52432 -1.26679 -0.983254 -0.686537
74.91 -0.0523956 -0.056845 0.0823305 -2.008 -6.35983 -8.24186 -7.43039 -6.37504 -5.65323 -5.20238 -4.72414 -4.30163 -3.93848 -3.58939 -3.23739 -2.86899 -2.49447 -2.14354 -1.81534 -1.52455 -1.26699 -0.983418 -0.686665
74.96 -0.0527582 -0.0573854 0.0816103 -2.00861 -6.3602 -8.2422 -7.43076 -6.37543 -5.65364 -5.20279 -4.72455 -4.30203 -3.93887 -3.58976 -3.23774 -2.86932 -2.49478 -2.14383 -1.8156 -1.52478 -1.26719 -0.983583 -0.686793
75.01 -0.0531201 -0.0579249 0.0808912 -2.00921 -6.36057 -8.24255 -7.43113 -6.37583 -5.65405 -5.2032 -4.72496 -4.30243 -3.93926 -3.59013 -3.23809 -2.86965 -2.49508 -2.14411 -1.81586 -1.52501 -1.26738 -0.983746 -0.68692
75.06 -0.0534816 -0.0584636 0.0801732 -2.00981 -6.36093 -8.24289 -7.4315 -6.37623 -5.65446 -5.20362 -4.72537 -4.30283 -3.93964 -3.5905 -3.23844 -2.86998 -2.49539 -2.1444 -1.81612 -1.52524 -1.26758 -0.98391 -0.687047
75.11 -0.0538424 -0.0590014 0.0794564 -2.01041 -6.3613 -8.24323 -7.43187 -6.37662 -5.65487 -5.20403 -4.72578 -4.30323 -3.94003 -3.59087 -3.23879 -2.87031 -2.4957 -2.14468 -1.81638 -1.52547 -1.26778 -0.984073 -0.687174
75.16 -0.0542027 -0.0595384 0.0787406 -2.01101 -6.36166 -8.24357 -7.43224 -6.37702 -5.65528 -5.20444 -4.72618 -4.30363 -3.94042 -3.59124 -3.23914 -2.87064 -2.49601 -2.14497 -1.81663 -1.5257 -1.26797 -0.984236 -0.687301
75.21 -0.0545624 -0.0600746 0.078026 -2.01161 -6.36203 -8.24391 -7.43261 -6.37741 -5.65568 -5.20485 -4.72659 -4.30403 -3.9408 -3.5916 -3.23949 -2.87096 -2.49631 -2.14525 -1.81689 -1.52593 -1.26817 -0.984399 -0.687428
75.26 -0.0549216 -0.0606099 0.0773125 -2.01221 -6.36239 -8.24425 -7.43298 -6.37781 -5.65609 -5.20526 -4.727 -4.30443 -3.94119 -3.59197 -3.23984 -2.87129 -2.49662 -2.14553 -1.81715 -1.52615 -1.26836 -0.984561 -0.687554
75.31 -0.0552801 -0.0611443 0.0766002 -2.01281 -6.36275 -8.24459 -7.43334 -6.3782 -5.6565 -5.20566 -4.7274 -4.30483 -3.94157 -3.59234 -3.24019 -2.87162 -2.49693 -2.14581 -1.8174 -1.52638 -1.26856 -0.984723 -0.68768
75.36 -0.0556381 -0.061678 0.0758889 -2.01341 -6.36311 -8.24493 -7.43371 -6.37859 -5.6569 -5.20607 -4.72781 -4.30522 -3.94195 -3.59271 -3.24053 -2.87195 -2.49723 -2.14609 -1.81766 -1.52661 -1.26875 -0.984884 -0.687806
75.41 -0.0559956 -0.0622107 0.0751788 -2.014 -6.36348 -8.24526 -7.43407 -6.37898 -5.65731 -5.20648 -4.72821 -4.30562 -3.94234 -3.59307 -3.24088 -2.87227 -2.49753 -2.14637 -1.81791 -1.52683 -1.26895 -0.985046 -0.687931
75.46 -0.0563524 -0.0627427 0.0744698 -2.0146 -6.36384 -8.2456 -7.43444 -6.37938 -5.65772 -5.20689 -4.72862 -4.30601 -3.94272 -3.59344 -3.24123 -2.8726 -2.49784 -2.14665 -1.81817 -1.52706 -1.26914 -0.985207 -0.688057
75.51 -0.0567088 -0.0632738 0.0737618 -2.01519 -6.3642 -8.24594 -7.4348 -6.37977 -5.65812 -5.20729 -4.72902 -4.30641 -3.9431 -3.5938 -3.24157 -2.87292 -2.49814 -2.14693 -1.81842 -1.52728 -1.26934 -0.985367 -0.688181
75.56 -0.0570645 -0.063804 0.073055 -2.01578 -6.36456 -8.24627 -7.43517 -6.38016 -5.65852 -5.2077 -4.72942 -4.3068 -3.94348 -3.59416 -3.24191 -2.87325 -2.49844 -2.14721 -1.81868 -1.52751 -1.26953 -0.985527 -0.688306
75.61 -0.0574197 -0.0643335 0.0723493 -2.01637 -6.36492 -8.24661 -7.43553 -6.38055 -5.65893 -5.2081 -4.72983 -4.3072 -3.94386 -3.59453 -3.24226 -2.87357 -2.49875 -2.14749 -1.81893 -1.52773 -1.26972 -0.985687 -0.688431
75.66 -0.0577743 -0.064862 0.0716448 -2.01697 -6.36527 -8.24695 -7.43589 -6.38094 -5.65933 -5.2085 -4.73023 -4.30759 -3.94424 -3.59489 -3.2426 -2.87389 -2.49905 -2.14777 -1.81918 -1.52796 -1.26991 -0.985847 -0.688555
75.71 -0.0581283 -0.0653898 0.0709413 -2.01756 -6.36563 -8.24728 -7.43625 -6.38132 -5.65973 -5.20891 -4.73063 -4.30798 -3.94462 -3.59525 -3.24294 -2.87421 -2.49935 -2.14805 -1.81943 -1.52818 -1.27011 -0.986006 -0.688679
75.76 -0.0584818 -0.0659167 0.0702389 -2.01814 -6.36599 -8.24762 -7.43661 -6.38171 -5.66013 -5.20931 -4.73103 -4.30838 -3.945 -3.59561 -3.24329 -2.87454 -2.49965 -2.14832 -1.81968 -1.5284 -1.2703 -0.986165 -0.688802
75.81 -0.0588348 -0.0664428 0.0695376 -2.01873 -6.36635 -8.24795 -7.43698 -6.3821 -5.66053 -5.20971 -4.73143 -4.30877 -3.94537 -3.59597 -3.24363 -2.87486 -2.49995 -2.1486 -1.81994 -1.52863 -1.27049 -0.986324 -0.688926
75.86 -0.0591871 -0.0669681 0.0688374 -2.01932 -6.3667 -8.24828 -7.43734 -6.38248 -5.66093 -5.21011 -4.73183 -4.30916 -3.94575 -3.59633 -3.24397 -2.87518 -2.50025 -2.14888 -1.82019 -1.52885 -1.27068 -0.986482 -0.689049
75.91 -0.059539 -0.0674925 0.0681383 -2.01991 -6.36706 -8.24861 -7.4377 -6.38287 -5.66133 -5.21051 -4.73222 -4.30955 -3.94613 -3.59669 -3.24431 -2.8755 -2.50055 -2.14915 -1.82044 -1.52907 -1.27087 -0.98664 -0.689172
75.96 -0.0598902 -0.0680161 0.0674403 -2.02049 -6.36741 -8.24895 -7.43805 -6.38326 -5.66173 -5.21091 -4.73262 -4.30994 -3.9465 -3.59705 -3.24465 -2.87582 -2.50085 -2.14943 -1.82069 -1.52929 -1.27106 -0.986798 -0.689295
76.01 -0.0602409 -0.0685389 0.0667435 -2.02108 -6.36777 -8.24928 -7.43841 -6.38364 -5.66213 -5.21131 -4.73302 -4.31032 -3.94688 -3.59741 -3.24499 -2.87614 -2.50114 -2.1497 -1.82094 -1.52951 -1.27125 -0.986955 -0.689417
76.06 -0.0605911 -0.0690609 0.0660477 -2.02166 -6.36812 -8.24961 -7.43877 -6.38402 -5.66252 -5.21171 -4.73342 -4.31071 -3.94725 -3.59777 -3.24533 -2.87645 -2.50144 -2.14997 -1.82118 -1.52973 -1.27144 -0.987113 -0.689539
76.11 -0.0609407 -0.069582 0.0653529 -2.02224 -6.36848 -8.24994 -7.43913 -6.38441 -5.66292 -5.21211 -4.73381 -4.3111 -3.94763 -3.59812 -3.24566 -2.87677 -2.50174 -2.15025 -1.82143 -1.52995 -1.27163 -0.987269 -0.689661
76.16 -0.0612897 -0.0701023 0.0646593 -2.02282 -6.36883 -8.25027 -7.43948 -6.38479 -5.66332 -5.21251 -4.73421 -4.31149 -3.948 -3.59848 -3.246 -2.87709 -2.50203 -2.15052 -1.82168 -1.53017 -1.27182 -0.987426 -0.689783
76.21 -0.0616382 -0.0706218 0.0639668 -2.0234 -6.36918 -8.2506 -7.43984 -6.38517 -5.66371 -5.2129 -4.7346 -4.31187 -3.94837 -3.59884 -3.24634 -2.87741 -2.50233 -2.15079 -1.82193 -1.53039 -1.272 -0.987582 -0.689904
76.26 -0.0619861 -0.0711405 0.0632754 -2.02398 -6.36953 -8.25093 -7.4402 -6.38555 -5.66411 -5.2133 -4.73499 -4.31226 -3.94874 -3.59919 -3.24667 -2.87772 -2.50262 -2.15107 -1.82217 -1.53061 -1.27219 -0.987738 -0.690025
76.31 -0.0623335 -0.0716583 0.062585 -2.02456 -6.36989 -8.25126 -7.44055 -6.38593 -5.6645 -5.2137 -4.73539 -4.31264 -3.94911 -3.59955 -3.24701 -2.87804 -2.50292 -2.15134 -1.82242 -1.53083 -1.27238 -0.987893 -0.690146
76.36 -0.0626803 -0.0721753 0.0618957 -2.02514 -6.37024 -8.25159 -7.44091 -6.38631 -5.66489 -5.21409 -4.73578 -4.31303 -3.94949 -3.5999 -3.24735 -2.87835 -2.50321 -2.15161 -1.82267 -1.53105 -1.27257 -0.988048 -0.690267
76.41 -0.0630266 -0.0726916 0.0612075 -2.02572 -6.37059 -8.25191 -7.44126 -6.38669 -5.66529 -5.21448 -4.73617 -4.31341 -3.94985 -3.60025 -3.24768 -2.87867 -2.5035 -2.15188 -1.82291 -1.53127 -1.27275 -0.988203 -0.690387
76.46 -0.0633723 -0.073207 0.0605204 -2.02629 -6.37094 -8.25224 -7.44161 -6.38707 -5.66568 -5.21488 -4.73656 -4.31379 -3.95022 -3.60061 -3.24801 -2.87898 -2.5038 -2.15215 -1.82316 -1.53148 -1.27294 -0.988358 -0.690508
76.51 -0.0637175 -0.0737216 0.0598344 -2.02687 -6.37129 -8.25257 -7.44197 -6.38745 -5.66607 -5.21527 -4.73695 -4.31417 -3.95059 -3.60096 -3.24835 -2.87929 -2.50409 -2.15242 -1.8234 -1.5317 -1.27313 -0.988512 -0.690628
76.56 -0.0640621 -0.0742353 0.0591494 -2.02744 -6.37163 -8.25289 -7.44232 -6.38783 -5.66646 -5.21566 -4.73734 -4.31456 -3.95096 -3.60131 -3.24868 -2.87961 -2.50438 -2.15269 -1.82365 -1.53192 -1.27331 -0.988666 -0.690747
76.61 -0.0644062 -0.0747483 0.0584655 -2.02802 -6.37198 -8.25322 -7.44267 -6.38821 -5.66685 -5.21605 -4.73773 -4.31494 -3.95133 -3.60166 -3.24901 -2.87992 -2.50467 -2.15295 -1.82389 -1.53213 -1.2735 -0.98882 -0.690867
76.66 -0.0647498 -0.0752605 0.0577827 -2.02859 -6.37233 -8.25354 -7.44302 -6.38858 -5.66724 -5.21645 -4.73812 -4.31532 -3.9517 -3.60201 -3.24934 -2.88023 -2.50496 -2.15322 -1.82413 -1.53235 -1.27368 -0.988973 -0.690986
76.71 -0.0650928 -0.0757718 0.057101 -2.02916 -6.37268 -8.25387 -7.44337 -6.38896 -5.66763 -5.21684 -4.73851 -4.3157 -3.95206 -3.60236 -3.24967 -2.88054 -2.50525 -2.15349 -1.82438 -1.53256 -1.27387 -0.989126 -0.691105
76.76 -0.0654352 -0.0762824 0.0564203 -2.02973 -6.37302 -8.25419 -7.44372 -6.38934 -5.66802 -5.21723 -4.73889 -4.31607 -3.95243 -3.60271 -3.25 -2.88085 -2.50554 -2.15376 -1.82462 -1.53278 -1.27405 -0.989279 -0.691223
76.81 -0.0657771 -0.0767921 0.0557407 -2.0303 -6.37337 -8.25451 -7.44407 -6.38971 -5.66841 -5.21761 -4.73928 -4.31645 -3.95279 -3.60306 -3.25033 -2.88116 -2.50583 -2.15402 -1.82486 -1.53299 -1.27423 -0.989431 -0.691342
76.86 -0.0661185 -0.077301 0.0550622 -2.03087 -6.37372 -8.25484 -7.44442 -6.39008 -5.66879 -5.218 -4.73966 -4.31683 -3.95316 -3.6034 -3.25066 -2.88147 -2.50612 -2.15429 -1.8251 -1.53321 -1.27442 -0.989583 -0.69146
76.91 -0.0664593 -0.0778091 0.0543847 -2.03144 -6.37406 -8.25516 -7.44477 -6.39046 -5.66918 -5.21839 -4.74005 -4.31721 -3.95352 -3.60375 -3.25099 -2.88178 -2.50641 -2.15455 -1.82534 -1.53342 -1.2746 -0.989735 -0.691578
76.96 -0.0667996 -0.0783165 0.0537083 -2.03201 -6.3744 -8.25548 -7.44512 -6.39083 -5.66956 -5.21878 -4.74043 -4.31758 -3.95388 -3.6041 -3.25132 -2.88209 -2.5067 -2.15482 -1.82558 -1.53363 -1.27478 -0.989887 -0.691696
77.01 -0.0671394 -0.078823 0.053033 -2.03257 -6.37475 -8.2558 -7.44546 -6.3912 -5.66995 -5.21916 -4.74082 -4.31796 -3.95425 -3.60444 -3.25165 -2.8824 -2.50698 -2.15508 -1.82582 -1.53385 -1.27497 -0.990038 -0.691813
77.06 -0.0674786 -0.0793287 0.0523587 -2.03314 -6.37509 -8.25612 -7.44581 -6.39158 -5.67033 -5.21955 -4.7412 -4.31834 -3.95461 -3.60479 -3.25197 -2.8827 -2.50727 -2.15535 -1.82606 -1.53406 -1.27515 -0.990189 -0.691931
77.11 -0.0678172 -0.0798336 0.0516855 -2.0337 -6.37543 -8.25644 -7.44616 -6.39195 -5.67072 -5.21994 -4.74158 -4.31871 -3.95497 -3.60513 -3.2523 -2.88301 -2.50756 -2.15561 -1.8263 -1.53427 -1.27533 -0.990339 -0.692048
77.16 -0.0681554 -0.0803378 0.0510133 -2.03427 -6.37578 -8.25676 -7.4465 -6.39232 -5.6711 -5.22032 -4.74197 -4.31908 -3.95533 -3.60548 -3.25263 -2.88332 -2.50784 -2.15587 -1.82654 -1.53448 -1.27551 -0.99049 -0.692164
77.21 -0.068493 -0.0808411 0.0503422 -2.03483 -6.37612 -8.25708 -7.44685 -6.39269 -5.67148 -5.2207 -4.74235 -4.31946 -3.95569 -3.60582 -3.25295 -2.88362 -2.50813 -2.15614 -1.82678 -1.53469 -1.27569 -0.99064 -0.692281
77.26 -0.06883 -0.0813436 0.0496722 -2.03539 -6.37646 -8.2574 -7.44719 -6.39306 -5.67187 -5.22109 -4.74273 -4.31983 -3.95605 -3.60617 -3.25328 -2.88393 -2.50841 -2.1564 -1.82701 -1.5349 -1.27587 -0.990789 -0.692397
77.31 -0.0691666 -0.0818454 0.0490032 -2.03595 -6.3768 -8.25772 -7.44754 -6.39343 -5.67225 -5.22147 -4.74311 -4.3202 -3.95641 -3.60651 -3.2536 -2.88423 -2.5087 -2.15666 -1.82725 -1.53511 -1.27605 -0.990939 -0.692513
77.36 -0.0695026 -0.0823463 0.0483352 -2.03651 -6.37714 -8.25804 -7.44788 -6.39379 -5.67263 -5.22185 -4.74349 -4.32057 -3.95677 -3.60685 -3.25392 -2.88454 -2.50898 -2.15692 -1.82749 -1.53532 -1.27623 -0.991088 -0.692629
77.41 -0.069838 -0.0828465 0.0476683 -2.03707 -6.37748 -8.25836 -7.44822 -6.39416 -5.67301 -5.22223 -4.74387 -4.32094 -3.95712 -3.60719 -3.25425 -2.88484 -2.50926 -2.15718 -1.82773 -1.53553 -1.27641 -0.991236 -0.692745
77.46 -0.0701729 -0.0833458 0.0470025 -2.03763 -6.37782 -8.25867 -7.44857 -6.39453 -5.67339 -5.22261 -4.74425 -4.32131 -3.95748 -3.60753 -3.25457 -2.88514 -2.50954 -2.15744 -1.82796 -1.53574 -1.27659 -0.991385 -0.69286
77.51 -0.0705073 -0.0838444 0.0463377 -2.03819 -6.37816 -8.25899 -7.44891 -6.3949 -5.67377 -5.22299 -4.74462 -4.32168 -3.95784 -3.60787 -3.25489 -2.88544 -2.50983 -2.1577 -1.8282 -1.53595 -1.27677 -0.991533 -0.692975
77.56 -0.0708412 -0.0843422 0.0456739 -2.03874 -6.37849 -8.25931 -7.44925 -6.39526 -5.67415 -5.22337 -4.745 -4.32205 -3.95819 -3.60821 -3.25521 -2.88575 -2.51011 -2.15796 -1.82843 -1.53616 -1.27695 -0.991681 -0.69309
77.61 -0.0711745 -0.0848392 0.0450112 -2.0393 -6.37883 -8.25962 -7.44959 -6.39563 -5.67452 -5.22375 -4.74538 -4.32242 -3.95855 -3.60855 -3.25553 -2.88605 -2.51039 -2.15822 -1.82867 -1.53637 -1.27713 -0.991829 -0.693205
77.66 -0.0715073 -0.0853354 0.0443495 -2.03986 -6.37917 -8.25994 -7.44993 -6.39599 -5.6749 -5.22413 -4.74575 -4.32279 -3.9589 -3.60889 -3.25585 -2.88635 -2.51067 -2.15848 -1.8289 -1.53657 -1.2773 -0.991976 -0.693319
77.71 -0.0718396 -0.0858309 0.0436889 -2.04041 -6.3795 -8.26025 -7.45027 -6.39636 -5.67528 -5.22451 -4.74613 -4.32316 -3.95926 -3.60923 -3.25617 -2.88665 -2.51095 -2.15874 -1.82913 -1.53678 -1.27748 -0.992123 -0.693433
77.76 -0.0721714 -0.0863255 0.0430293 -2.04096 -6.37984 -8.26056 -7.45061 -6.39672 -5.67566 -5.22489 -4.7465 -4.32352 -3.95961 -3.60956 -3.25649 -2.88695 -2.51123 -2.15899 -1.82937 -1.53699 -1.27766 -0.99227 -0.693547
77.81 -0.0725026 -0.0868194 0.0423707 -2.04151 -6.38018 -8.26088 -7.45095 -6.39708 -5.67603 -5.22526 -4.74688 -4.32389 -3.95996 -3.6099 -3.25681 -2.88725 -2.51151 -2.15925 -1.8296 -1.53719 -1.27783 -0.992416 -0.693661
77.86 -0.0728333 -0.0873125 0.0417132 -2.04207 -6.38051 -8.26119 -7.45129 -6.39745 -5.67641 -5.22564 -4.74725 -4.32425 -3.96032 -3.61024 -3.25713 -2.88755 -2.51179 -2.15951 -1.82983 -1.5374 -1.27801 -0.992562 -0.693774
77.91 -0.0731635 -0.0878048 0.0410567 -2.04262 -6.38084 -8.2615 -7.45162 -6.39781 -5.67678 -5.22602 -4.74762 -4.32462 -3.96067 -3.61057 -3.25744 -2.88784 -2.51206 -2.15976 -1.83006 -1.5376 -1.27819 -0.992708 -0.693888
77.96 -0.0734931 -0.0882963 0.0404013 -2.04317 -6.38118 -8.26181 -7.45196 -6.39817 -5.67715 -5.22639 -4.74799 -4.32498 -3.96102 -3.61091 -3.25776 -2.88814 -2.51234 -2.16002 -1.8303 -1.53781 -1.27836 -0.992853 -0.694001
78.01 -0.0738222 -0.0887871 0.0397468 -2.04372 -6.38151 -8.26213 -7.4523 -6.39853 -5.67753 -5.22676 -4.74837 -4.32535 -3.96137 -3.61124 -3.25808 -2.88844 -2.51262 -2.16027 -1.83053 -1.53801 -1.27854 -0.992999 -0.694113
78.06 -0.0741508 -0.089277 0.0390935 -2.04426 -6.38184 -8.26244 -7.45263 -6.39889 -5.6779 -5.22714 -4.74874 -4.32571 -3.96172 -3.61157 -3.25839 -2.88873 -2.51289 -2.16053 -1.83076 -1.53822 -1.27871 -0.993144 -0.694226
78.11 -0.0744789 -0.0897662 0.0384411 -2.04481 -6.38218 -8.26275 -7.45297 -6.39925 -5.67827 -5.22751 -4.74911 -4.32607 -3.96207 -3.61191 -3.25871 -2.88903 -2.51317 -2.16078 -1.83099 -1.53842 -1.27889 -0.993288 -0.694338
78.16 -0.0748065 -0.0902547 0.0377897 -2.04536 -6.38251 -8.26306 -7.4533 -6.39961 -5.67864 -5.22788 -4.74948 -4.32643 -3.96242 -3.61224 -3.25902 -2.88933 -2.51344 -2.16103 -1.83122 -1.53862 -1.27906 -0.993433 -0.69445
78.21 -0.0751335 -0.0907423 0.0371394 -2.0459 -6.38284 -8.26337 -7.45364 -6.39997 -5.67901 -5.22825 -4.74985 -4.32679 -3.96276 -3.61257 -3.25934 -2.88962 -2.51372 -2.16129 -1.83145 -1.53883 -1.27924 -0.993577 -0.694562
78.26 -0.07546 -0.0912292 0.0364901 -2.04645 -6.38317 -8.26367 -7.45397 -6.40033 -5.67938 -5.22863 -4.75021 -4.32715 -3.96311 -3.6129 -3.25965 -2.88992 -2.51399 -2.16154 -1.83168 -1.53903 -1.27941 -0.993721 -0.694674
78.31 -0.075786 -0.0917153 0.0358419 -2.04699 -6.3835 -8.26398 -7.4543 -6.40068 -5.67975 -5.229 -4.75058 -4.32751 -3.96346 -3.61323 -3.25996 -2.89021 -2.51427 -2.16179 -1.8319 -1.53923 -1.27958 -0.993864 -0.694785
78.36 -0.0761115 -0.0922007 0.0351946 -2.04753 -6.38383 -8.26429 -7.45464 -6.40104 -5.68012 -5.22937 -4.75095 -4.32787 -3.9638 -3.61357 -3.26027 -2.8905 -2.51454 -2.16204 -1.83213 -1.53943 -1.27976 -0.994007 -0.694896
78.41 -0.0764365 -0.0926852 0.0345484 -2.04807 -6.38416 -8.2646 -7.45497 -6.4014 -5.68049 -5.22974 -4.75132 -4.32823 -3.96415 -3.61389 -3.26059 -2.89079 -2.51481 -2.16229 -1.83236 -1.53964 -1.27993 -0.99415 -0.695007
78.46 -0.0767609 -0.093169 0.0339032 -2.04862 -6.38449 -8.26491 -7.4553 -6.40175 -5.68086 -5.2301 -4.75168 -4.32859 -3.9645 -3.61422 -3.2609 -2.89109 -2.51509 -2.16254 -1.83259 -1.53984 -1.2801 -0.994293 -0.695118
78.51 -0.0770849 -0.0936521 0.033259 -2.04916 -6.38481 -8.26521 -7.45563 -6.40211 -5.68122 -5.23047 -4.75205 -4.32895 -3.96484 -3.61455 -3.26121 -2.89138 -2.51536 -2.16279 -1.83281 -1.54004 -1.28027 -0.994435 -0.695229
78.56 -0.0774083 -0.0941344 0.0326158 -2.0497 -6.38514 -8.26552 -7.45596 -6.40246 -5.68159 -5.23084 -4.75241 -4.3293 -3.96518 -3.61488 -3.26152 -2.89167 -2.51563 -2.16304 -1.83304 -1.54024 -1.28044 -0.994577 -0.695339
78.61 -0.0777312 -0.0946159 0.0319736 -2.05023 -6.38547 -8.26582 -7.45629 -6.40282 -5.68196 -5.23121 -4.75278 -4.32966 -3.96553 -3.61521 -3.26183 -2.89196 -2.5159 -2.16329 -1.83327 -1.54044 -1.28061 -0.994719 -0.695449
78.66 -0.0780536 -0.0950966 0.0313325 -2.05077 -6.38579 -8.26613 -7.45662 -6.40317 -5.68232 -5.23157 -4.75314 -4.33002 -3.96587 -3.61554 -3.26214 -2.89225 -2.51617 -2.16354 -1.83349 -1.54064 -1.28079 -0.994861 -0.695559
78.71 -0.0783755 -0.0955766 0.0306923 -2.05131 -6.38612 -8.26643 -7.45695 -6.40352 -5.68269 -5.23194 -4.7535 -4.33037 -3.96621 -3.61586 -3.26244 -2.89254 -2.51644 -2.16379 -1.83372 -1.54084 -1.28096 -0.995002 -0.695668
78.76 -0.0786968 -0.0960559 0.0300532 -2.05184 -6.38645 -8.26674 -7.45728 -6.40387 -5.68305 -5.2323 -4.75387 -4.33073 -3.96655 -3.61619 -3.26275 -2.89283 -2.51671 -2.16404 -1.83394 -1.54104 -1.28113 -0.995143 -0.695778
78.81 -0.0790177 -0.0965343 0.029415 -2.05238 -6.38677 -8.26704 -7.45761 -6.40423 -5.68341 -5.23267 -4.75423 -4.33108 -3.9669 -3.61651 -3.26306 -2.89312 -2.51698 -2.16429 -1.83417 -1.54123 -1.2813 -0.995284 -0.695887
78.86 -0.079338 -0.097012 0.0287779 -2.05291 -6.38709 -8.26734 -7.45794 -6.40458 -5.68378 -5.23303 -4.75459 -4.33143 -3.96724 -3.61684 -3.26337 -2.89341 -2.51725 -2.16453 -1.83439 -1.54143 -1.28147 -0.995424 -0.695996
78.91 -0.0796579 -0.097489 0.0281418 -2.05345 -6.38742 -8.26765 -7.45826 -6.40493 -5.68414 -5.2334 -4.75495 -4.33179 -3.96758 -3.61716 -3.26367 -2.89369 -2.51752 -2.16478 -1.83461 -1.54163 -1.28164 -0.995564 -0.696105
78.96 -0.0799772 -0.0979652 0.0275067 -2.05398 -6.38774 -8.26795 -7.45859 -6.40528 -5.6845 -5.23376 -4.75531 -4.33214 -3.96792 -3.61748 -3.26398 -2.89398 -2.51778 -2.16502 -1.83484 -1.54183 -1.2818 -0.995704 -0.696213
79.01 -0.080296 -0.0984407 0.0268725 -2.05451 -6.38806 -8.26825 -7.45891 -6.40563 -5.68486 -5.23412 -4.75567 -4.33249 -3.96825 -3.61781 -3.26428 -2.89427 -2.51805 -2.16527 -1.83506 -1.54202 -1.28197 -0.995844 -0.696321
79.06 -0.0806143 -0.0989154 0.0262394 -2.05504 -6.38839 -8.26855 -7.45924 -6.40598 -5.68522 -5.23448 -4.75603 -4.33284 -3.96859 -3.61813 -3.26459 -2.89455 -2.51832 -2.16552 -1.83528 -1.54222 -1.28214 -0.995983 -0.696429
79.11 -0.0809322 -0.0993893 0.0256073 -2.05557 -6.38871 -8.26885 -7.45957 -6.40632 -5.68558 -5.23484 -4.75639 -4.33319 -3.96893 -3.61845 -3.26489 -2.89484 -2.51858 -2.16576 -1.8355 -1.54242 -1.28231 -0.996122 -0.696537
79.16 -0.0812495 -0.0998625 0.0249761 -2.0561 -6.38903 -8.26915 -7.45989 -6.40667 -5.68594 -5.2352 -4.75674 -4.33354 -3.96927 -3.61877 -3.2652 -2.89512 -2.51885 -2.166 -1.83572 -1.54261 -1.28248 -0.996261 -0.696645
79.21 -0.0815663 -0.100335 0.024346 -2.05663 -6.38935 -8.26945 -7.46021 -6.40702 -5.6863 -5.23556 -4.7571 -4.33389 -3.9696 -3.61909 -3.2655 -2.89541 -2.51911 -2.16625 -1.83594 -1.54281 -1.28264 -0.996399 -0.696752
79.26 -0.0818826 -0.100807 0.0237169 -2.05716 -6.38967 -8.26975 -7.46054 -6.40737 -5.68666 -5.23592 -4.75746 -4.33424 -3.96994 -3.61941 -3.2658 -2.89569 -2.51938 -2.16649 -1.83616 -1.543 -1.28281 -0.996537 -0.696859
79.31 -0.0821984 -0.101278 0.0230887 -2.05769 -6.38999 -8.27005 -7.46086 -6.40771 -5.68702 -5.23628 -4.75781 -4.33459 -3.97027 -3.61973 -3.26611 -2.89598 -2.51964 -2.16673 -1.83638 -1.5432 -1.28298 -0.996675 -0.696966
79.36 -0.0825136 -0.101748 0.0224615 -2.05821 -6.39031 -8.27035 -7.46118 -6.40806 -5.68738 -5.23664 -4.75817 -4.33493 -3.97061 -3.62005 -3.26641 -2.89626 -2.51991 -2.16698 -1.8366 -1.54339 -1.28314 -0.996813 -0.697073
79.41 -0.0828284 -0.102217 0.0218354 -2.05874 -6.39063 -8.27065 -7.4615 -6.4084 -5.68773 -5.237 -4.75852 -4.33528 -3.97094 -3.62037 -3.26671 -2.89654 -2.52017 -2.16722 -1.83682 -1.54359 -1.28331 -0.99695 -0.69718
79.46 -0.0831427 -0.102686 0.0212102 -2.05926 -6.39095 -8.27094 -7.46183 -6.40875 -5.68809 -5.23735 -4.75888 -4.33563 -3.97128 -3.62069 -3.26701 -2.89682 -2.52043 -2.16746 -1.83704 -1.54378 -1.28348 -0.997087 -0.697286
79.51 -0.0834565 -0.103154 0.020586 -2.05979 -6.39126 -8.27124 -7.46215 -6.40909 -5.68844 -5.23771 -4.75923 -4.33597 -3.97161 -3.62101 -3.26731 -2.89711 -2.52069 -2.1677 -1.83726 -1.54397 -1.28364 -0.997224 -0.697392
79.56 -0.0837698 -0.103621 0.0199628 -2.06031 -6.39158 -8.27154 -7.46247 -6.40944 -5.6888 -5.23807 -4.75958 -4.33632 -3.97194 -3.62132 -3.26761 -2.89739 -2.52095 -2.16794 -1.83748 -1.54417 -1.28381 -0.99736 -0.697498
79.61 -0.0840826 -0.104088 0.0193405 -2.06083 -6.3919 -8.27183 -7.46279 -6.40978 -5.68915 -5.23842 -4.75994 -4.33666 -3.97227 -3.62164 -3.26791 -2.89767 -2.52122 -2.16818 -1.8377 -1.54436 -1.28397 -0.997497 -0.697604
79.66 -0.0843949 -0.104553 0.0187193 -2.06135 -6.39221 -8.27213 -7.46311 -6.41012 -5.68951 -5.23878 -4.76029 -4.33701 -3.97261 -3.62196 -3.26821 -2.89795 -2.52148 -2.16842 -1.83791 -1.54455 -1.28413 -0.997633 -0.697709
79.71 -0.0847067 -0.105018 0.018099 -2.06187 -6.39253 -8.27242 -7.46342 -6.41046 -5.68986 -5.23913 -4.76064 -4.33735 -3.97294 -3.62227 -3.2685 -2.89823 -2.52174 -2.16866 -1.83813 -1.54474 -1.2843 -0.997768 -0.697814
79.76 -0.085018 -0.105483 0.0174797 -2.06239 -6.39284 -8.27272 -7.46374 -6.4108 -5.69021 -5.23948 -4.76099 -4.33769 -3.97327 -3.62259 -3.2688 -2.89851 -2.522 -2.1689 -1.83835 -1.54493 -1.28446 -0.997904 -0.697919
79.81 -0.0853288 -0.105946 0.0168614 -2.06291 -6.39316 -8.27301 -7.46406 -6.41114 -5.69056 -5.23984 -4.76134 -4.33803 -3.9736 -3.6229 -3.2691 -2.89878 -2.52226 -2.16914 -1.83856 -1.54512 -1.28463 -0.998039 -0.698024
79.86 -0.0856391 -0.106409 0.0162441 -2.06343 -6.39347 -8.27331 -7.46438 -6.41148 -5.69092 -5.24019 -4.76169 -4.33838 -3.97393 -3.62321 -3.26939 -2.89906 -2.52252 -2.16938 -1.83878 -1.54531 -1.28479 -0.998174 -0.698129
79.91 -0.0859489 -0.106871 0.0156277 -2.06394 -6.39379 -8.2736 -7.46469 -6.41182 -5.69127 -5.24054 -4.76204 -4.33872 -3.97425 -3.62353 -3.26969 -2.89934 -2.52277 -2.16961 -1.83899 -1.5455 -1.28495 -0.998309 -0.698233
79.96 -0.0862582 -0.107332 0.0150123 -2.06446 -6.3941 -8.27389 -7.46501 -6.41216 -5.69162 -5.24089 -4.76239 -4.33906 -3.97458 -3.62384 -3.26998 -2.89962 -2.52303 -2.16985 -1.83921 -1.54569 -1.28511 -0.998443 -0.698337
80.01 -0.0865671 -0.107793 0.0143979 -2.06498 -6.39441 -8.27418 -7.46533 -6.4125 -5.69197 -5.24124 -4.76274 -4.3394 -3.97491 -3.62415 -3.27028 -2.89989 -2.52329 -2.17009 -1.83942 -1.54588 -1.28528 -0.998577 -0.698441
80.06 -0.0868754 -0.108253 0.0137844 -2.06549 -6.39473 -8.27448 -7.46564 -6.41284 -5.69232 -5.24159 -4.76308 -4.33974 -3.97524 -3.62446 -3.27057 -2.90017 -2.52355 -2.17032 -1.83964 -1.54607 -1.28544 -0.998711 -0.698545
80.11 -0.0871833 -0.108712 0.0131719 -2.066 -6.39504 -8.27477 -7.46596 -6.41318 -5.69267 -5.24194 -4.76343 -4.34008 -3.97556 -3.62478 -3.27087 -2.90045 -2.5238 -2.17056 -1.83985 -1.54626 -1.2856 -0.998845 -0.698649
80.16 -0.0874906 -0.109171 0.0125604 -2.06652 -6.39535 -8.27506 -7.46627 -6.41351 -5.69301 -5.24229 -4.76378 -4.34041 -3.97589 -3.62509 -3.27116 -2.90072 -2.52406 -2.1708 -1.84006 -1.54645 -1.28576 -0.998978 -0.698752
80.21 -0.0877975 -0.109628 0.0119498 -2.06703 -6.39566 -8.27535 -7.46658 -6.41385 -5.69336 -5.24264 -4.76412 -4.34075 -3.97621 -3.6254 -3.27145 -2.901 -2.52431 -2.17103 -1.84028 -1.54664 -1.28592 -0.999111 -0.698855
80.26 -0.0881039 -0.110085 0.0113402 -2.06754 -6.39597 -8.27564 -7.4669 -6.41419 -5.69371 -5.24299 -4.76447 -4.34109 -3.97654 -3.62571 -3.27175 -2.90127 -2.52457 -2.17127 -1.84049 -1.54683 -1.28608 -0.999244 -0.698958
80.31 -0.0884098 -0.110541 0.0107316 -2.06805 -6.39628 -8.27593 -7.46721 -6.41452 -5.69405 -5.24333 -4.76481 -4.34143 -3.97686 -3.62601 -3.27204 -2.90154 -2.52482 -2.1715 -1.8407 -1.54701 -1.28624 -0.999376 -0.699061
80.36 -0.0887152 -0.110997 0.0101239 -2.06856 -6.39659 -8.27622 -7.46752 -6.41486 -5.6944 -5.24368 -4.76515 -4.34176 -3.97719 -3.62632 -3.27233 -2.90182 -2.52508 -2.17173 -1.84091 -1.5472 -1.2864 -0.999508 -0.699163
80.41 -0.0890201 -0.111452 0.00951722 -2.06907 -6.3969 -8.27651 -7.46783 -6.41519 -5.69475 -5.24403 -4.7655 -4.3421 -3.97751 -3.62663 -3.27262 -2.90209 -2.52533 -2.17197 -1.84112 -1.54739 -1.28656 -0.999641 -0.699266
80.46 -0.0893245 -0.111906 0.00891146 -2.06958 -6.39721 -8.27679 -7.46815 -6.41552 -5.69509 -5.24437 -4.76584 -4.34243 -3.97783 -3.62694 -3.27291 -2.90236 -2.52559 -2.1722 -1.84133 -1.54757 -1.28672 -0.999772 -0.699368
80.51 -0.0896285 -0.112359 0.00830667 -2.07008 -6.39751 -8.27708 -7.46846 -6.41586 -5.69543 -5.24472 -4.76618 -4.34277 -3.97815 -3.62724 -3.2732 -2.90263 -2.52584 -2.17243 -1.84154 -1.54776 -1.28688 -0.999904 -0.69947
80.56 -0.089932 -0.112812 0.00770282 -2.07059 -6.39782 -8.27737 -7.46877 -6.41619 -5.69578 -5.24506 -4.76652 -4.3431 -3.97848 -3.62755 -3.27349 -2.9029 -2.52609 -2.17266 -1.84175 -1.54795 -1.28704 -1.00003 -0.699571
80.61 -0.0902349 -0.113264 0.00709994 -2.0711 -6.39813 -8.27766 -7.46908 -6.41652 -5.69612 -5.24541 -4.76687 -4.34343 -3.9788 -3.62786 -3.27378 -2.90317 -2.52634 -2.1729 -1.84196 -1.54813 -1.2872 -1.00017 -0.699673
80.66 -0.0905374 -0.113715 0.006498 -2.0716 -6.39843 -8.27794 -7.46939 -6.41685 -5.69646 -5.24575 -4.76721 -4.34377 -3.97912 -3.62816 -3.27407 -2.90345 -2.52659 -2.17313 -1.84217 -1.54832 -1.28736 -1.0003 -0.699774
80.71 -0.0908395 -0.114165 0.00589701 -2.07211 -6.39874 -8.27823 -7.46969 -6.41718 -5.69681 -5.24609 -4.76755 -4.3441 -3.97944 -3.62847 -3.27435 -2.90371 -2.52685 -2.17336 -1.84238 -1.5485 -1.28751 -1.00043 -0.699875
80.76 -0.091141 -0.114615 0.00529698 -2.07261 -6.39905 -8.27851 -7.47 -6.41751 -5.69715 -5.24643 -4.76789 -4.34443 -3.97976 -3.62877 -3.27464 -2.90398 -2.5271 -2.17359 -1.84259 -1.54868 -1.28767 -1.00056 -0.699976
80.81 -0.0914421 -0.115064 0.00469789 -2.07311 -6.39935 -8.2788 -7.47031 -6.41784 -5.69749 -5.24677 -4.76822 -4.34476 -3.98008 -3.62907 -3.27493 -2.90425 -2.52735 -2.17382 -1.8428 -1.54887 -1.28783 -1.00069 -0.700077
80.86 -0.0917426 -0.115513 0.00409974 -2.07361 -6.39965 -8.27908 -7.47062 -6.41817 -5.69783 -5.24712 -4.76856 -4.34509 -3.98039 -3.62938 -3.27521 -2.90452 -2.5276 -2.17405 -1.84301 -1.54905 -1.28798 -1.00082 -0.700177
80.91 -0.0920427 -0.11596 0.00350255 -2.07411 -6.39996 -8.27937 -7.47093 -6.4185 -5.69817 -5.24746 -4.7689 -4.34542 -3.98071 -3.62968 -3.2755 -2.90479 -2.52785 -2.17428 -1.84321 -1.54923 -1.28814 -1.00095 -0.700277
80.96 -0.0923424 -0.116407 0.00290629 -2.07461 -6.40026 -8.27965 -7.47123 -6.41883 -5.69851 -5.2478 -4.76924 -4.34575 -3.98103 -3.62998 -3.27578 -2.90506 -2.52809 -2.1745 -1.84342 -1.54942 -1.2883 -1.00108 -0.700377
81.01 -0.0926415 -0.116853 0.00231098 -2.07511 -6.40057 -8.27993 -7.47154 -6.41916 -5.69885 -5.24814 -4.76957 -4.34608 -3.98135 -3.63028 -3.27607 -2.90532 -2.52834 -2.17473 -1.84363 -1.5496 -1.28845 -1.0012 -0.700477
81.06 -0.0929402 -0.117299 0.00171661 -2.07561 -6.40087 -8.28022 -7.47184 -6.41949 -5.69918 -5.24847 -4.76991 -4.34641 -3.98166 -3.63058 -3.27635 -2.90559 -2.52859 -2.17496 -1.84383 -1.54978 -1.28861 -1.00133 -0.700577
81.11 -0.0932384 -0.117744 0.00112318 -2.07611 -6.40117 -8.2805 -7.47215 -6.41981 -5.69952 -5.24881 -4.77025 -4.34674 -3.98198 -3.63088 -3.27664 -2.90586 -2.52884 -2.17519 -1.84404 -1.54996 -1.28876 -1.00146 -0.700676
81.16 -0.0935361 -0.118188 0.000530686 -2.07661 -6.40147 -8.28078 -7.47245 -6.42014 -5.69986 -5.24915 -4.77058 -4.34706 -3.98229 -3.63118 -3.27692 -2.90612 -2.52908 -2.17541 -1.84424 -1.55014 -1.28892 -1.00159 -0.700776
81.21 -0.0938333 -0.118631 -6.0871e-05 -2.0771 -6.40177 -8.28106 -7.47276 -6.42047 -5.7002 -5.24949 -4.77091 -4.34739 -3.98261 -3.63148 -3.2772 -2.90639 -2.52933 -2.17564 -1.84445 -1.55033 -1.28907 -1.00172 -0.700875
81.26 -0.0941301 -0.119074 -0.000651493 -2.0776 -6.40207 -8.28134 -7.47306 -6.42079 -5.70053 -5.24982 -4.77125 -4.34772 -3.98292 -3.63178 -3.27748 -2.90665 -2.52958 -2.17587 -1.84465 -1.55051 -1.28923 -1.00184 -0.700974
81.31 -0.0944264 -0.119516 -0.00124118 -2.07809 -6.40237 -8.28162 -7.47336 -6.42112 -5.70087 -5.25016 -4.77158 -4.34804 -3.98323 -3.63208 -3.27777 -2.90692 -2.52982 -2.17609 -1.84486 -1.55069 -1.28938 -1.00197 -0.701072
81.36 -0.0947222 -0.119957 -0.00182994 -2.07859 -6.40267 -8.2819 -7.47366 -6.42144 -5.7012 -5.2505 -4.77191 -4.34837 -3.98355 -3.63238 -3.27805 -2.90718 -2.53007 -2.17632 -1.84506 -1.55087 -1.28954 -1.0021 -0.701171
81.41 -0.0950176 -0.120398 -0.00241776 -2.07908 -6.40297 -8.28218 -7.47397 -6.42176 -5.70154 -5.25083 -4.77225 -4.34869 -3.98386 -3.63268 -3.27833 -2.90744 -2.53031 -2.17654 -1.84526 -1.55105 -1.28969 -1.00223 -0.701269
81.46 -0.0953124 -0.120838 -0.00300466 -2.07957 -6.40327 -8.28246 -7.47427 -6.42209 -5.70187 -5.25116 -4.77258 -4.34901 -3.98417 -3.63297 -3.27861 -2.9077 -2.53056 -2.17677 -1.84547 -1.55123 -1.28984 -1.00235 -0.701367
81.51 -0.0956068 -0.121277 -0.00359062 -2.08006 -6.40357 -8.28274 -7.47457 -6.42241 -5.7022 -5.2515 -4.77291 -4.34934 -3.98448 -3.63327 -3.27889 -2.90797 -2.5308 -2.17699 -1.84567 -1.5514 -1.29 -1.00248 -0.701465
81.56 -0.0959008 -0.121715 -0.00417566 -2.08055 -6.40387 -8.28302 -7.47487 -6.42273 -5.70254 -5.25183 -4.77324 -4.34966 -3.98479 -3.63357 -3.27917 -2.90823 -2.53104 -2.17721 -1.84587 -1.55158 -1.29015 -1.00261 -0.701563
81.61 -0.0961943 -0.122153 -0.00475978 -2.08104 -6.40416 -8.2833 -7.47517 -6.42305 -5.70287 -5.25216 -4.77357 -4.34998 -3.9851 -3.63386 -3.27945 -2.90849 -2.53129 -2.17744 -1.84607 -1.55176 -1.2903 -1.00273 -0.70166
81.66 -0.0964873 -0.12259 -0.00534297 -2.08153 -6.40446 -8.28357 -7.47547 -6.42337 -5.7032 -5.2525 -4.7739 -4.35031 -3.98541 -3.63416 -3.27972 -2.90875 -2.53153 -2.17766 -1.84628 -1.55194 -1.29045 -1.00286 -0.701757
81.71 -0.0967798 -0.123027 -0.00592524 -2.08202 -6.40476 -8.28385 -7.47577 -6.42369 -5.70353 -5.25283 -4.77423 -4.35063 -3.98572 -3.63445 -3.28 -2.90901 -2.53177 -2.17788 -1.84648 -1.55212 -1.2906 -1.00298 -0.701854
81.76 -0.0970719 -0.123462 -0.00650659 -2.08251 -6.40505 -8.28413 -7.47607 -6.42401 -5.70386 -5.25316 -4.77456 -4.35095 -3.98603 -3.63474 -3.28028 -2.90927 -2.53201 -2.1781 -1.84668 -1.55229 -1.29076 -1.00311 -0.701951
81.81 -0.0973635 -0.123897 -0.00708701 -2.083 -6.40535 -8.2844 -7.47637 -6.42433 -5.70419 -5.25349 -4.77488 -4.35127 -3.98634 -3.63504 -3.28056 -2.90953 -2.53226 -2.17833 -1.84688 -1.55247 -1.29091 -1.00323 -0.702048
81.86 -0.0976546 -0.124332 -0.00766652 -2.08348 -6.40564 -8.28468 -7.47666 -6.42465 -5.70452 -5.25382 -4.77521 -4.35159 -3.98665 -3.63533 -3.28083 -2.90979 -2.5325 -2.17855 -1.84708 -1.55265 -1.29106 -1.00336 -0.702144
81.91 -0.0979453 -0.124765 -0.00824512 -2.08397 -6.40594 -8.28495 -7.47696 -6.42497 -5.70485 -5.25415 -4.77554 -4.35191 -3.98695 -3.63562 -3.28111 -2.91005 -2.53274 -2.17877 -1.84728 -1.55282 -1.29121 -1.00348 -0.702241
81.96 -0.0982355 -0.125198 -0.00882279 -2.08445 -6.40623 -8.28523 -7.47726 -6.42529 -5.70518 -5.25448 -4.77586 -4.35222 -3.98726 -3.63592 -3.28138 -2.91031 -2.53298 -2.17899 -1.84748 -1.553 -1.29136 -1.00361 -0.702337
82.01 -0.0985252 -0.12563 -0.00939956 -2.08494 -6.40652 -8.2855 -7.47755 -6.42561 -5.70551 -5.25481 -4.77619 -4.35254 -3.98757 -3.63621 -3.28166 -2.91056 -2.53322 -2.17921 -1.84768 -1.55318 -1.29151 -1.00373 -0.702433
82.06 -0.0988145 -0.126062 -0.00997541 -2.08542 -6.40682 -8.28578 -7.47785 -6.42592 -5.70583 -5.25514 -4.77651 -4.35286 -3.98787 -3.6365 -3.28193 -2.91082 -2.53346 -2.17943 -1.84787 -1.55335 -1.29166 -1.00385 -0.702528
82.11 -0.0991034 -0.126493 -0.0105503 -2.0859 -6.40711 -8.28605 -7.47814 -6.42624 -5.70616 -5.25546 -4.77684 -4.35318 -3.98818 -3.63679 -3.28221 -2.91108 -2.53369 -2.17965 -1.84807 -1.55353 -1.29181 -1.00398 -0.702624
82.16 -0.0993917 -0.126923 -0.0111244 -2.08638 -6.4074 -8.28632 -7.47844 -6.42656 -5.70649 -5.25579 -4.77716 -4.35349 -3.98848 -3.63708 -3.28248 -2.91133 -2.53393 -2.17987 -1.84827 -1.5537 -1.29196 -1.0041 -0.702719
82.21 -0.0996796 -0.127352 -0.0116975 -2.08686 -6.40769 -8.2866 -7.47873 -6.42687 -5.70681 -5.25612 -4.77749 -4.35381 -3.98878 -3.63737 -3.28275 -2.91159 -2.53417 -2.18008 -1.84847 -1.55387 -1.29211 -1.00422 -0.702814
82.26 -0.0999671 -0.127781 -0.0122697 -2.08734 -6.40799 -8.28687 -7.47903 -6.42719 -5.70714 -5.25644 -4.77781 -4.35412 -3.98909 -3.63766 -3.28303 -2.91185 -2.53441 -2.1803 -1.84866 -1.55405 -1.29226 -1.00435 -0.702909
82.31 -0.100254 -0.128209 -0.012841 -2.08782 -6.40828 -8.28714 -7.47932 -6.4275 -5.70746 -5.25677 -4.77813 -4.35444 -3.98939 -3.63794 -3.2833 -2.9121 -2.53464 -2.18052 -1.84886 -1.55422 -1.2924 -1.00447 -0.703004
82.36 -0.100541 -0.128637 -0.0134114 -2.0883 -6.40857 -8.28741 -7.47961 -6.42782 -5.70779 -5.25709 -4.77845 -4.35475 -3.98969 -3.63823 -3.28357 -2.91235 -2.53488 -2.18074 -1.84906 -1.5544 -1.29255 -1.00459 -0.703099
82.41 -0.100827 -0.129064 -0.0139809 -2.08878 -6.40886 -8.28768 -7.47991 -6.42813 -5.70811 -5.25742 -4.77878 -4.35507 -3.99 -3.63852 -3.28384 -2.91261 -2.53512 -2.18095 -1.84925 -1.55457 -1.2927 -1.00471 -0.703193
82.46 -0.101112 -0.12949 -0.0145495 -2.08926 -6.40915 -8.28795 -7.4802 -6.42844 -5.70843 -5.25774 -4.7791 -4.35538 -3.9903 -3.63881 -3.28411 -2.91286 -2.53535 -2.18117 -1.84945 -1.55474 -1.29285 -1.00483 -0.703287
82.51 -0.101397 -0.129915 -0.0151172 -2.08973 -6.40943 -8.28822 -7.48049 -6.42875 -5.70876 -5.25806 -4.77942 -4.35569 -3.9906 -3.63909 -3.28438 -2.91312 -2.53559 -2.18139 -1.84964 -1.55491 -1.29299 -1.00496 -0.703381
82.56 -0.101682 -0.13034 -0.015684 -2.09021 -6.40972 -8.28849 -7.48078 -6.42907 -5.70908 -5.25839 -4.77974 -4.35601 -3.9909 -3.63938 -3.28465 -2.91337 -2.53582 -2.1816 -1.84984 -1.55509 -1.29314 -1.00508 -0.703475
82.61 -0.101966 -0.130764 -0.0162499 -2.09068 -6.41001 -8.28876 -7.48107 -6.42938 -5.7094 -5.25871 -4.78006 -4.35632 -3.9912 -3.63966 -3.28492 -2.91362 -2.53606 -2.18182 -1.85003 -1.55526 -1.29329 -1.0052 -0.703569
82.66 -0.10225 -0.131187 -0.0168149 -2.09116 -6.4103 -8.28903 -7.48136 -6.42969 -5.70972 -5.25903 -4.78037 -4.35663 -3.9915 -3.63995 -3.28519 -2.91387 -2.53629 -2.18203 -1.85023 -1.55543 -1.29343 -1.00532 -0.703662
82.71 -0.102534 -0.13161 -0.017379 -2.09163 -6.41059 -8.2893 -7.48165 -6.43 -5.71004 -5.25935 -4.78069 -4.35694 -3.9918 -3.64023 -3.28546 -2.91412 -2.53652 -2.18225 -1.85042 -1.5556 -1.29358 -1.00544 -0.703756
82.76 -0.102816 -0.132032 -0.0179422 -2.0921 -6.41087 -8.28956 -7.48194 -6.43031 -5.71036 -5.25967 -4.78101 -4.35725 -3.9921 -3.64052 -3.28573 -2.91437 -2.53676 -2.18246 -1.85061 -1.55577 -1.29373 -1.00556 -0.703849
82.81 -0.103099 -0.132454 -0.0185045 -2.09257 -6.41116 -8.28983 -7.48223 -6.43062 -5.71068 -5.25999 -4.78133 -4.35756 -3.99239 -3.6408 -3.28599 -2.91462 -2.53699 -2.18267 -1.85081 -1.55594 -1.29387 -1.00568 -0.703941
82.86 -0.103381 -0.132874 -0.019066 -2.09304 -6.41144 -8.2901 -7.48252 -6.43093 -5.711 -5.26031 -4.78164 -4.35787 -3.99269 -3.64108 -3.28626 -2.91487 -2.53722 -2.18289 -1.851 -1.55611 -1.29402 -1.0058 -0.704034
82.91 -0.103662 -0.133294 -0.0196265 -2.09351 -6.41173 -8.29037 -7.48281 -6.43124 -5.71132 -5.26063 -4.78196 -4.35818 -3.99299 -3.64137 -3.28653 -2.91512 -2.53746 -2.1831 -1.85119 -1.55628 -1.29416 -1.00592 -0.704127
82.96 -0.103943 -0.133714 -0.0201862 -2.09398 -6.41201 -8.29063 -7.48309 -6.43154 -5.71164 -5.26095 -4.78228 -4.35849 -3.99328 -3.64165 -3.28679 -2.91537 -2.53769 -2.18331 -1.85138 -1.55645 -1.29431 -1.00604 -0.704219
83.01 -0.104224 -0.134132 -0.0207449 -2.09445 -6.4123 -8.2909 -7.48338 -6.43185 -5.71196 -5.26127 -4.78259 -4.35879 -3.99358 -3.64193 -3.28706 -2.91562 -2.53792 -2.18352 -1.85158 -1.55662 -1.29445 -1.00616 -0.704311
83.06 -0.104504 -0.13455 -0.0213028 -2.09492 -6.41258 -8.29116 -7.48367 -6.43216 -5.71227 -5.26158 -4.78291 -4.3591 -3.99387 -3.64221 -3.28732 -2.91587 -2.53815 -2.18374 -1.85177 -1.55679 -1.29459 -1.00628 -0.704403
83.11 -0.104784 -0.134968 -0.0218598 -2.09539 -6.41287 -8.29143 -7.48395 -6.43246 -5.71259 -5.2619 -4.78322 -4.35941 -3.99417 -3.64249 -3.28759 -2.91612 -2.53838 -2.18395 -1.85196 -1.55696 -1.29474 -1.00639 -0.704495
83.16 -0.105063 -0.135384 -0.0224159 -2.09585 -6.41315 -8.29169 -7.48424 -6.43277 -5.7129 -5.26222 -4.78353 -4.35971 -3.99446 -3.64277 -3.28785 -2.91637 -2.53861 -2.18416 -1.85215 -1.55712 -1.29488 -1.00651 -0.704586
83.21 -0.105342 -0.135801 -0.0229711 -2.09632 -6.41343 -8.29196 -7.48452 -6.43308 -5.71322 -5.26253 -4.78385 -4.36002 -3.99476 -3.64305 -3.28812 -2.91661 -2.53884 -2.18437 -1.85234 -1.55729 -1.29502 -1.00663 -0.704678
83.26 -0.105621 -0.136216 -0.0235255 -2.09679 -6.41371 -8.29222 -7.48481 -6.43338 -5.71354 -5.26285 -4.78416 -4.36032 -3.99505 -3.64333 -3.28838 -2.91686 -2.53907 -2.18458 -1.85253 -1.55746 -1.29517 -1.00675 -0.704769
83.31 -0.105899 -0.136631 -0.024079 -2.09725 -6.414 -8.29248 -7.48509 -6.43369 -5.71385 -5.26316 -4.78447 -4.36063 -3.99534 -3.64361 -3.28864 -2.9171 -2.5393 -2.18479 -1.85272 -1.55763 -1.29531 -1.00687 -0.70486
83.36 -0.106176 -0.137045 -0.0246315 -2.09771 -6.41428 -8.29275 -7.48538 -6.43399 -5.71416 -5.26348 -4.78478 -4.36093 -3.99564 -3.64389 -3.2889 -2.91735 -2.53952 -2.185 -1.85291 -1.55779 -1.29545 -1.00698 -0.704951
83.41 -0.106453 -0.137458 -0.0251833 -2.09818 -6.41456 -8.29301 -7.48566 -6.43429 -5.71448 -5.26379 -4.78509 -4.36124 -3.99593 -3.64417 -3.28917 -2.9176 -2.53975 -2.18521 -1.8531 -1.55796 -1.29559 -1.0071 -0.705042
83.46 -0.10673 -0.137871 -0.0257341 -2.09864 -6.41484 -8.29327 -7.48594 -6.4346 -5.71479 -5.2641 -4.7854 -4.36154 -3.99622 -3.64444 -3.28943 -2.91784 -2.53998 -2.18541 -1.85328 -1.55813 -1.29574 -1.00722 -0.705132
83.51 -0.107006 -0.138283 -0.0262841 -2.0991 -6.41512 -8.29353 -7.48623 -6.4349 -5.7151 -5.26442 -4.78571 -4.36184 -3.99651 -3.64472 -3.28969 -2.91808 -2.54021 -2.18562 -1.85347 -1.55829 -1.29588 -1.00734 -0.705223
83.56 -0.107282 -0.138694 -0.0268332 -2.09956 -6.4154 -8.29379 -7.48651 -6.4352 -5.71541 -5.26473 -4.78602 -4.36214 -3.9968 -3.645 -3.28995 -2.91833 -2.54043 -2.18583 -1.85366 -1.55846 -1.29602 -1.00745 -0.705313
83.61 -0.107557 -0.139105 -0.0273814 -2.10002 -6.41568 -8.29405 -7.48679 -6.4355 -5.71573 -5.26504 -4.78633 -4.36244 -3.99709 -3.64527 -3.29021 -2.91857 -2.54066 -2.18604 -1.85385 -1.55862 -1.29616 -1.00757 -0.705403
83.66 -0.107832 -0.139515 -0.0279287 -2.10048 -6.41595 -8.29431 -7.48707 -6.4358 -5.71604 -5.26535 -4.78664 -4.36275 -3.99738 -3.64555 -3.29047 -2.91881 -2.54088 -2.18624 -1.85403 -1.55879 -1.2963 -1.00768 -0.705492
83.71 -0.108106 -0.139925 -0.0284752 -2.10094 -6.41623 -8.29457 -7.48735 -6.4361 -5.71635 -5.26566 -4.78695 -4.36305 -3.99767 -3.64582 -3.29073 -2.91906 -2.54111 -2.18645 -1.85422 -1.55895 -1.29644 -1.0078 -0.705582
83.76 -0.10838 -0.140333 -0.0290208 -2.1014 -6.41651 -8.29483 -7.48763 -6.4364 -5.71666 -5.26597 -4.78726 -4.36335 -3.99796 -3.6461 -3.29099 -2.9193 -2.54133 -2.18666 -1.85441 -1.55912 -1.29658 -1.00792 -0.705671
83.81 -0.108654 -0.140742 -0.0295656 -2.10185 -6.41679 -8.29509 -7.48791 -6.4367 -5.71697 -5.26628 -4.78756 -4.36365 -3.99825 -3.64637 -3.29124 -2.91954 -2.54156 -2.18686 -1.85459 -1.55928 -1.29672 -1.00803 -0.705761
83.86 -0.108927 -0.141149 -0.0301095 -2.10231 -6.41706 -8.29535 -7.48819 -6.437 -5.71728 -5.26659 -4.78787 -4.36394 -3.99853 -3.64664 -3.2915 -2.91978 -2.54178 -2.18707 -1.85478 -1.55944 -1.29686 -1.00815 -0.70585
83.91 -0.1092 -0.141556 -0.0306525 -2.10276 -6.41734 -8.29561 -7.48847 -6.4373 -5.71758 -5.2669 -4.78817 -4.36424 -3.99882 -3.64692 -3.29176 -2.92002 -2.54201 -2.18727 -1.85496 -1.55961 -1.297 -1.00826 -0.705939
83.96 -0.109472 -0.141962 -0.0311947 -2.10322 -6.41762 -8.29587 -7.48875 -6.4376 -5.71789 -5.26721 -4.78848 -4.36454 -3.99911 -3.64719 -3.29202 -2.92026 -2.54223 -2.18748 -1.85515 -1.55977 -1.29714 -1.00838 -0.706027
84.01 -0.109744 -0.142368 -0.031736 -2.10367 -6.41789 -8.29612 -7.48902 -6.4379 -5.7182 -5.26752 -4.78878 -4.36484 -3.99939 -3.64746 -3.29227 -2.9205 -2.54245 -2.18768 -1.85533 -1.55993 -1.29728 -1.00849 -0.706116
84.06 -0.110015 -0.142773 -0.0322764 -2.10413 -6.41817 -8.29638 -7.4893 -6.4382 -5.71851 -5.26782 -4.78909 -4.36514 -3.99968 -3.64773 -3.29253 -2.92074 -2.54268 -2.18789 -1.85552 -1.5601 -1.29742 -1.00861 -0.706204
84.11 -0.110286 -0.143177 -0.032816 -2.10458 -6.41844 -8.29664 -7.48958 -6.43849 -5.71881 -5.26813 -4.78939 -4.36543 -3.99996 -3.648 -3.29278 -2.92098 -2.5429 -2.18809 -1.8557 -1.56026 -1.29756 -1.00872 -0.706292
84.16 -0.110556 -0.143581 -0.0333547 -2.10503 -6.41872 -8.29689 -7.48986 -6.43879 -5.71912 -5.26844 -4.7897 -4.36573 -4.00025 -3.64827 -3.29304 -2.92122 -2.54312 -2.18829 -1.85589 -1.56042 -1.29769 -1.00883 -0.70638
84.21 -0.110826 -0.143984 -0.0338926 -2.10548 -6.41899 -8.29715 -7.49013 -6.43908 -5.71942 -5.26874 -4.79 -4.36602 -4.00053 -3.64854 -3.29329 -2.92146 -2.54334 -2.1885 -1.85607 -1.56058 -1.29783 -1.00895 -0.706468
84.26 -0.111096 -0.144386 -0.0344296 -2.10593 -6.41926 -8.2974 -7.49041 -6.43938 -5.71973 -5.26905 -4.7903 -4.36632 -4.00082 -3.64881 -3.29355 -2.9217 -2.54356 -2.1887 -1.85625 -1.56074 -1.29797 -1.00906 -0.706556
84.31 -0.111365 -0.144788 -0.0349658 -2.10638 -6.41954 -8.29766 -7.49068 -6.43967 -5.72003 -5.26935 -4.7906 -4.36661 -4.0011 -3.64908 -3.2938 -2.92194 -2.54378 -2.1889 -1.85643 -1.5609 -1.29811 -1.00917 -0.706643
84.36 -0.111634 -0.145189 -0.0355011 -2.10683 -6.41981 -8.29791 -7.49096 -6.43997 -5.72034 -5.26966 -4.7909 -4.36691 -4.00138 -3.64935 -3.29406 -2.92217 -2.544 -2.1891 -1.85662 -1.56106 -1.29824 -1.00929 -0.706731
84.41 -0.111902 -0.145589 -0.0360355 -2.10728 -6.42008 -8.29817 -7.49123 -6.44026 -5.72064 -5.26996 -4.79121 -4.3672 -4.00166 -3.64962 -3.29431 -2.92241 -2.54422 -2.18931 -1.8568 -1.56122 -1.29838 -1.0094 -0.706818
84.46 -0.11217 -0.145989 -0.0365691 -2.10773 -6.42035 -8.29842 -7.49151 -6.44056 -5.72094 -5.27026 -4.79151 -4.36749 -4.00195 -3.64989 -3.29456 -2.92265 -2.54444 -2.18951 -1.85698 -1.56138 -1.29852 -1.00951 -0.706905
84.51 -0.112438 -0.146388 -0.0371019 -2.10817 -6.42062 -8.29867 -7.49178 -6.44085 -5.72125 -5.27057 -4.79181 -4.36779 -4.00223 -3.65016 -3.29481 -2.92288 -2.54466 -2.18971 -1.85716 -1.56154 -1.29865 -1.00962 -0.706992
84.56 -0.112705 -0.146786 -0.0376338 -2.10862 -6.42089 -8.29893 -7.49205 -6.44114 -5.72155 -5.27087 -4.7921 -4.36808 -4.00251 -3.65042 -3.29506 -2.92312 -2.54488 -2.18991 -1.85734 -1.5617 -1.29879 -1.00974 -0.707078
84.61 -0.112971 -0.147184 -0.0381649 -2.10907 -6.42116 -8.29918 -7.49233 -6.44143 -5.72185 -5.27117 -4.7924 -4.36837 -4.00279 -3.65069 -3.29532 -2.92335 -2.5451 -2.19011 -1.85752 -1.56186 -1.29892 -1.00985 -0.707165
84.66 -0.113238 -0.147582 -0.0386951 -2.10951 -6.42143 -8.29943 -7.4926 -6.44173 -5.72215 -5.27147 -4.7927 -4.36866 -4.00307 -3.65095 -3.29557 -2.92359 -2.54531 -2.19031 -1.8577 -1.56202 -1.29906 -1.00996 -0.707251
84.71 -0.113503 -0.147978 -0.0392245 -2.10996 -6.4217 -8.29968 -7.49287 -6.44202 -5.72245 -5.27177 -4.793 -4.36895 -4.00335 -3.65122 -3.29582 -2.92382 -2.54553 -2.19051 -1.85788 -1.56218 -1.29919 -1.01007 -0.707337
84.76 -0.113769 -0.148374 -0.0397531 -2.1104 -6.42197 -8.29993 -7.49314 -6.44231 -5.72275 -5.27207 -4.7933 -4.36924 -4.00363 -3.65149 -3.29607 -2.92405 -2.54575 -2.19071 -1.85806 -1.56234 -1.29933 -1.01018 -0.707423
84.81 -0.114034 -0.148769 -0.0402808 -2.11084 -6.42224 -8.30019 -7.49341 -6.4426 -5.72305 -5.27237 -4.79359 -4.36953 -4.0039 -3.65175 -3.29632 -2.92429 -2.54597 -2.1909 -1.85824 -1.5625 -1.29946 -1.01029 -0.707509
84.86 -0.114298 -0.149164 -0.0408076 -2.11128 -6.42251 -8.30044 -7.49368 -6.44289 -5.72335 -5.27267 -4.79389 -4.36982 -4.00418 -3.65201 -3.29656 -2.92452 -2.54618 -2.1911 -1.85842 -1.56265 -1.2996 -1.0104 -0.707594
84.91 -0.114562 -0.149558 -0.0413336 -2.11172 -6.42278 -8.30069 -7.49395 -6.44318 -5.72365 -5.27297 -4.79419 -4.37011 -4.00446 -3.65228 -3.29681 -2.92475 -2.5464 -2.1913 -1.8586 -1.56281 -1.29973 -1.01051 -0.70768
84.96 -0.114826 -0.149952 -0.0418588 -2.11217 -6.42304 -8.30094 -7.49422 -6.44347 -5.72395 -5.27327 -4.79448 -4.3704 -4.00474 -3.65254 -3.29706 -2.92498 -2.54661 -2.1915 -1.85878 -1.56297 -1.29987 -1.01063 -0.707765
85.01 -0.115089 -0.150345 -0.0423832 -2.11261 -6.42331 -8.30118 -7.49449 -6.44375 -5.72424 -5.27357 -4.79478 -4.37068 -4.00501 -3.6528 -3.29731 -2.92522 -2.54683 -2.19169 -1.85896 -1.56313 -1.3 -1.01074 -0.70785
85.06 -0.115352 -0.150737 -0.0429067 -2.11304 -6.42358 -8.30143 -7.49476 -6.44404 -5.72454 -5.27386 -4.79507 -4.37097 -4.00529 -3.65307 -3.29756 -2.92545 -2.54704 -2.19189 -1.85913 -1.56328 -1.30013 -1.01085 -0.707935
85.11 -0.115614 -0.151128 -0.0434294 -2.11348 -6.42384 -8.30168 -7.49503 -6.44433 -5.72484 -5.27416 -4.79537 -4.37126 -4.00556 -3.65333 -3.2978 -2.92568 -2.54726 -2.19209 -1.85931 -1.56344 -1.30027 -1.01095 -0.70802
85.16 -0.115876 -0.151519 -0.0439513 -2.11392 -6.42411 -8.30193 -7.4953 -6.44462 -5.72513 -5.27446 -4.79566 -4.37154 -4.00584 -3.65359 -3.29805 -2.92591 -2.54747 -2.19228 -1.85949 -1.56359 -1.3004 -1.01106 -0.708104
85.21 -0.116138 -0.15191 -0.0444723 -2.11436 -6.42437 -8.30218 -7.49556 -6.4449 -5.72543 -5.27475 -4.79595 -4.37183 -4.00611 -3.65385 -3.29829 -2.92614 -2.54768 -2.19248 -1.85966 -1.56375 -1.30053 -1.01117 -0.708189
85.26 -0.116399 -0.152299 -0.0449925 -2.11479 -6.42464 -8.30242 -7.49583 -6.44519 -5.72572 -5.27505 -4.79624 -4.37212 -4.00639 -3.65411 -3.29854 -2.92637 -2.5479 -2.19267 -1.85984 -1.5639 -1.30066 -1.01128 -0.708273
85.31 -0.11666 -0.152688 -0.0455118 -2.11523 -6.4249 -8.30267 -7.4961 -6.44547 -5.72602 -5.27534 -4.79654 -4.3724 -4.00666 -3.65437 -3.29879 -2.9266 -2.54811 -2.19287 -1.86002 -1.56406 -1.3008 -1.01139 -0.708357
85.36 -0.11692 -0.153077 -0.0460304 -2.11566 -6.42517 -8.30292 -7.49636 -6.44576 -5.72631 -5.27564 -4.79683 -4.37269 -4.00694 -3.65463 -3.29903 -2.92683 -2.54832 -2.19306 -1.86019 -1.56421 -1.30093 -1.0115 -0.708441
85.41 -0.11718 -0.153465 -0.0465481 -2.1161 -6.42543 -8.30316 -7.49663 -6.44604 -5.72661 -5.27593 -4.79712 -4.37297 -4.00721 -3.65489 -3.29927 -2.92706 -2.54853 -2.19326 -1.86037 -1.56437 -1.30106 -1.01161 -0.708525
85.46 -0.117439 -0.153852 -0.047065 -2.11653 -6.42569 -8.30341 -7.49689 -6.44633 -5.7269 -5.27622 -4.79741 -4.37325 -4.00748 -3.65515 -3.29952 -2.92728 -2.54875 -2.19345 -1.86054 -1.56452 -1.30119 -1.01172 -0.708608
85.51 -0.117698 -0.154238 -0.0475811 -2.11697 -6.42595 -8.30366 -7.49716 -6.44661 -5.72719 -5.27652 -4.7977 -4.37354 -4.00775 -3.65541 -3.29976 -2.92751 -2.54896 -2.19365 -1.86072 -1.56468 -1.30132 -1.01182 -0.708692
85.56 -0.117957 -0.154624 -0.0480963 -2.1174 -6.42622 -8.3039 -7.49742 -6.4469 -5.72749 -5.27681 -4.79799 -4.37382 -4.00802 -3.65567 -3.3 -2.92774 -2.54917 -2.19384 -1.86089 -1.56483 -1.30145 -1.01193 -0.708775
85.61 -0.118215 -0.15501 -0.0486108 -2.11783 -6.42648 -8.30414 -7.49769 -6.44718 -5.72778 -5.2771 -4.79828 -4.3741 -4.00829 -3.65592 -3.30025 -2.92796 -2.54938 -2.19403 -1.86106 -1.56498 -1.30158 -1.01204 -0.708858
85.66 -0.118473 -0.155394 -0.0491243 -2.11826 -6.42674 -8.30439 -7.49795 -6.44746 -5.72807 -5.27739 -4.79857 -4.37438 -4.00857 -3.65618 -3.30049 -2.92819 -2.54959 -2.19422 -1.86124 -1.56514 -1.30171 -1.01215 -0.708941
85.71 -0.118731 -0.155778 -0.0496372 -2.11869 -6.427 -8.30463 -7.49821 -6.44774 -5.72836 -5.27768 -4.79886 -4.37466 -4.00884 -3.65644 -3.30073 -2.92842 -2.5498 -2.19442 -1.86141 -1.56529 -1.30184 -1.01225 -0.709024
85.76 -0.118987 -0.156162 -0.0501492 -2.11912 -6.42726 -8.30488 -7.49848 -6.44802 -5.72865 -5.27798 -4.79914 -4.37494 -4.0091 -3.65669 -3.30097 -2.92864 -2.55001 -2.19461 -1.86158 -1.56544 -1.30197 -1.01236 -0.709106
85.81 -0.119244 -0.156545 -0.0506603 -2.11955 -6.42752 -8.30512 -7.49874 -6.4483 -5.72894 -5.27827 -4.79943 -4.37522 -4.00937 -3.65695 -3.30121 -2.92887 -2.55022 -2.1948 -1.86176 -1.56559 -1.3021 -1.01247 -0.709189
85.86 -0.1195 -0.156927 -0.0511707 -2.11998 -6.42778 -8.30536 -7.499 -6.44859 -5.72923 -5.27855 -4.79972 -4.3755 -4.00964 -3.6572 -3.30145 -2.92909 -2.55043 -2.19499 -1.86193 -1.56575 -1.30223 -1.01258 -0.709271
85.91 -0.119756 -0.157309 -0.0516802 -2.1204 -6.42804 -8.3056 -7.49926 -6.44887 -5.72952 -5.27884 -4.8 -4.37578 -4.00991 -3.65746 -3.30169 -2.92932 -2.55063 -2.19518 -1.8621 -1.5659 -1.30236 -1.01268 -0.709353
85.96 -0.120011 -0.15769 -0.052189 -2.12083 -6.4283 -8.30585 -7.49952 -6.44914 -5.72981 -5.27913 -4.80029 -4.37606 -4.01018 -3.65771 -3.30193 -2.92954 -2.55084 -2.19537 -1.86227 -1.56605 -1.30249 -1.01279 -0.709435
86.01 -0.120266 -0.15807 -0.0526969 -2.12126 -6.42856 -8.30609 -7.49979 -6.44942 -5.7301 -5.27942 -4.80057 -4.37634 -4.01045 -3.65797 -3.30217 -2.92977 -2.55105 -2.19556 -1.86244 -1.5662 -1.30262 -1.01289 -0.709517
86.06 -0.120521 -0.15845 -0.053204 -2.12168 -6.42882 -8.30633 -7.50005 -6.4497 -5.73038 -5.27971 -4.80086 -4.37662 -4.01071 -3.65822 -3.30241 -2.92999 -2.55126 -2.19575 -1.86262 -1.56635 -1.30275 -1.013 -0.709598
86.11 -0.120775 -0.158829 -0.0537103 -2.12211 -6.42907 -8.30657 -7.50031 -6.44998 -5.73067 -5.28 -4.80114 -4.37689 -4.01098 -3.65847 -3.30265 -2.93021 -2.55146 -2.19594 -1.86279 -1.5665 -1.30288 -1.0131 -0.70968
86.16 -0.121029 -0.159208 -0.0542158 -2.12253 -6.42933 -8.30681 -7.50056 -6.45026 -5.73096 -5.28028 -4.80143 -4.37717 -4.01124 -3.65873 -3.30289 -2.93043 -2.55167 -2.19613 -1.86296 -1.56665 -1.303 -1.01321 -0.709761
86.21 -0.121282 -0.159586 -0.0547205 -2.12296 -6.42959 -8.30705 -7.50082 -6.45054 -5.73124 -5.28057 -4.80171 -4.37745 -4.01151 -3.65898 -3.30312 -2.93066 -2.55188 -2.19632 -1.86313 -1.5668 -1.30313 -1.01332 -0.709842
86.26 -0.121535 -0.159964 -0.0552244 -2.12338 -6.42984 -8.30729 -7.50108 -6.45081 -5.73153 -5.28086 -4.80199 -4.37772 -4.01178 -3.65923 -3.30336 -2.93088 -2.55208 -2.19651 -1.8633 -1.56695 -1.30326 -1.01342 -0.709923
86.31 -0.121787 -0.16034 -0.0557274 -2.1238 -6.4301 -8.30753 -7.50134 -6.45109 -5.73181 -5.28114 -4.80228 -4.378 -4.01204 -3.65948 -3.3036 -2.9311 -2.55229 -2.19669 -1.86347 -1.5671 -1.30339 -1.01352 -0.710004
86.36 -0.122039 -0.160717 -0.0562297 -2.12422 -6.43035 -8.30777 -7.5016 -6.45137 -5.7321 -5.28143 -4.80256 -4.37827 -4.0123 -3.65973 -3.30383 -2.93132 -2.55249 -2.19688 -1.86364 -1.56725 -1.30351 -1.01363 -0.710084
86.41 -0.122291 -0.161092 -0.0567312 -2.12464 -6.43061 -8.308 -7.50186 -6.45164 -5.73238 -5.28171 -4.80284 -4.37855 -4.01257 -3.65998 -3.30407 -2.93154 -2.5527 -2.19707 -1.8638 -1.5674 -1.30364 -1.01373 -0.710165
86.46 -0.122542 -0.161467 -0.0572319 -2.12506 -6.43086 -8.30824 -7.50211 -6.45192 -5.73267 -5.28199 -4.80312 -4.37882 -4.01283 -3.66023 -3.30431 -2.93176 -2.5529 -2.19726 -1.86397 -1.56754 -1.30377 -1.01384 -0.710245
86.51 -0.122793 -0.161842 -0.0577318 -2.12548 -6.43112 -8.30848 -7.50237 -6.45219 -5.73295 -5.28228 -4.8034 -4.3791 -4.01309 -3.66048 -3.30454 -2.93198 -2.5531 -2.19744 -1.86414 -1.56769 -1.30389 -1.01394 -0.710325
86.56 -0.123044 -0.162215 -0.0582309 -2.1259 -6.43137 -8.30872 -7.50263 -6.45247 -5.73323 -5.28256 -4.80368 -4.37937 -4.01336 -3.66073 -3.30478 -2.9322 -2.55331 -2.19763 -1.86431 -1.56784 -1.30402 -1.01405 -0.710405
86.61 -0.123294 -0.162589 -0.0587291 -2.12632 -6.43163 -8.30895 -7.50288 -6.45274 -5.73352 -5.28284 -4.80396 -4.37964 -4.01362 -3.66098 -3.30501 -2.93242 -2.55351 -2.19782 -1.86448 -1.56799 -1.30414 -1.01415 -0.710485
86.66 -0.123543 -0.162961 -0.0592266 -2.12674 -6.43188 -8.30919 -7.50314 -6.45301 -5.7338 -5.28313 -4.80424 -4.37991 -4.01388 -3.66123 -3.30524 -2.93264 -2.55371 -2.198 -1.86464 -1.56814 -1.30427 -1.01425 -0.710565
86.71 -0.123793 -0.163333 -0.0597233 -2.12715 -6.43213 -8.30943 -7.50339 -6.45329 -5.73408 -5.28341 -4.80452 -4.38019 -4.01414 -3.66148 -3.30548 -2.93286 -2.55392 -2.19819 -1.86481 -1.56828 -1.30439 -1.01436 -0.710644
86.76 -0.124041 -0.163705 -0.0602192 -2.12757 -6.43238 -8.30966 -7.50365 -6.45356 -5.73436 -5.28369 -4.8048 -4.38046 -4.0144 -3.66173 -3.30571 -2.93307 -2.55412 -2.19837 -1.86498 -1.56843 -1.30452 -1.01446 -0.710724
86.81 -0.12429 -0.164076 -0.0607144 -2.12798 -6.43264 -8.3099 -7.5039 -6.45383 -5.73464 -5.28397 -4.80508 -4.38073 -4.01466 -3.66197 -3.30594 -2.93329 -2.55432 -2.19856 -1.86514 -1.56858 -1.30464 -1.01456 -0.710803
86.86 -0.124538 -0.164446 -0.0612087 -2.1284 -6.43289 -8.31013 -7.50415 -6.4541 -5.73492 -5.28425 -4.80535 -4.381 -4.01492 -3.66222 -3.30617 -2.93351 -2.55452 -2.19874 -1.86531 -1.56872 -1.30477 -1.01466 -0.710882
86.91 -0.124786 -0.164815 -0.0617022 -2.12881 -6.43314 -8.31037 -7.50441 -6.45437 -5.7352 -5.28453 -4.80563 -4.38127 -4.01518 -3.66247 -3.30641 -2.93372 -2.55472 -2.19892 -1.86548 -1.56887 -1.30489 -1.01477 -0.710961
86.96 -0.125033 -0.165185 -0.062195 -2.12923 -6.43339 -8.3106 -7.50466 -6.45464 -5.73548 -5.28481 -4.80591 -4.38154 -4.01544 -3.66271 -3.30664 -2.93394 -2.55492 -2.19911 -1.86564 -1.56901 -1.30502 -1.01487 -0.71104
87.01 -0.12528 -0.165553 -0.062687 -2.12964 -6.43364 -8.31083 -7.50491 -6.45491 -5.73576 -5.28509 -4.80618 -4.38181 -4.0157 -3.66296 -3.30687 -2.93416 -2.55512 -2.19929 -1.86581 -1.56916 -1.30514 -1.01497 -0.711118
87.06 -0.125526 -0.165921 -0.0631781 -2.13005 -6.43389 -8.31107 -7.50516 -6.45518 -5.73604 -5.28537 -4.80646 -4.38208 -4.01596 -3.6632 -3.3071 -2.93437 -2.55532 -2.19947 -1.86597 -1.5693 -1.30526 -1.01507 -0.711197
87.11 -0.125772 -0.166288 -0.0636685 -2.13046 -6.43414 -8.3113 -7.50542 -6.45545 -5.73632 -5.28564 -4.80673 -4.38234 -4.01621 -3.66345 -3.30733 -2.93459 -2.55552 -2.19966 -1.86614 -1.56945 -1.30539 -1.01517 -0.711275
87.16 -0.126018 -0.166655 -0.0641582 -2.13087 -6.43439 -8.31153 -7.50567 -6.45572 -5.73659 -5.28592 -4.80701 -4.38261 -4.01647 -3.66369 -3.30756 -2.9348 -2.55572 -2.19984 -1.8663 -1.56959 -1.30551 -1.01527 -0.711353
87.21 -0.126263 -0.167021 -0.064647 -2.13128 -6.43464 -8.31177 -7.50592 -6.45599 -5.73687 -5.2862 -4.80728 -4.38288 -4.01673 -3.66393 -3.30779 -2.93502 -2.55592 -2.20002 -1.86646 -1.56974 -1.30563 -1.01538 -0.711431
87.26 -0.126508 -0.167386 -0.0651351 -2.13169 -6.43489 -8.312 -7.50617 -6.45626 -5.73715 -5.28648 -4.80756 -4.38315 -4.01698 -3.66418 -3.30802 -2.93523 -2.55612 -2.2002 -1.86663 -1.56988 -1.30576 -1.01548 -0.711509
87.31 -0.126753 -0.167751 -0.0656223 -2.1321 -6.43513 -8.31223 -7.50642 -6.45653 -5.73742 -5.28675 -4.80783 -4.38341 -4.01724 -3.66442 -3.30825 -2.93544 -2.55632 -2.20038 -1.86679 -1.57003 -1.30588 -1.01558 -0.711587
87.36 -0.126997 -0.168116 -0.0661088 -2.13251 -6.43538 -8.31246 -7.50667 -6.45679 -5.7377 -5.28703 -4.8081 -4.38368 -4.01749 -3.66466 -3.30848 -2.93566 -2.55651 -2.20056 -1.86695 -1.57017 -1.306 -1.01568 -0.711664
87.41 -0.12724 -0.16848 -0.0665946 -2.13292 -6.43563 -8.31269 -7.50692 -6.45706 -5.73797 -5.2873 -4.80838 -4.38394 -4.01775 -3.66491 -3.3087 -2.93587 -2.55671 -2.20074 -1.86712 -1.57031 -1.30612 -1.01578 -0.711742
87.46 -0.127484 -0.168843 -0.0670795 -2.13332 -6.43588 -8.31292 -7.50717 -6.45733 -5.73825 -5.28758 -4.80865 -4.38421 -4.018 -3.66515 -3.30893 -2.93608 -2.55691 -2.20092 -1.86728 -1.57046 -1.30624 -1.01588 -0.711819
87.51 -0.127727 -0.169205 -0.0675637 -2.13373 -6.43612 -8.31315 -7.50741 -6.45759 -5.73852 -5.28785 -4.80892 -4.38447 -4.01826 -3.66539 -3.30916 -2.93629 -2.5571 -2.2011 -1.86744 -1.5706 -1.30637 -1.01598 -0.711896
87.56 -0.127969 -0.169567 -0.0680471 -2.13414 -6.43637 -8.31338 -7.50766 -6.45786 -5.7388 -5.28813 -4.80919 -4.38474 -4.01851 -3.66563 -3.30938 -2.93651 -2.5573 -2.20128 -1.8676 -1.57074 -1.30649 -1.01608 -0.711973
87.61 -0.128211 -0.169929 -0.0685297 -2.13454 -6.43661 -8.31361 -7.50791 -6.45812 -5.73907 -5.2884 -4.80946 -4.385 -4.01876 -3.66587 -3.30961 -2.93672 -2.5575 -2.20146 -1.86777 -1.57088 -1.30661 -1.01618 -0.71205
87.66 -0.128453 -0.17029 -0.0690116 -2.13494 -6.43686 -8.31384 -7.50816 -6.45839 -5.73934 -5.28867 -4.80973 -4.38526 -4.01902 -3.66611 -3.30984 -2.93693 -2.55769 -2.20164 -1.86793 -1.57102 -1.30673 -1.01628 -0.712126
87.71 -0.128695 -0.17065 -0.0694926 -2.13535 -6.4371 -8.31407 -7.5084 -6.45865 -5.73962 -5.28894 -4.81 -4.38553 -4.01927 -3.66635 -3.31006 -2.93714 -2.55789 -2.20182 -1.86809 -1.57117 -1.30685 -1.01638 -0.712203
87.76 -0.128935 -0.17101 -0.069973 -2.13575 -6.43735 -8.3143 -7.50865 -6.45892 -5.73989 -5.28922 -4.81027 -4.38579 -4.01952 -3.66659 -3.31029 -2.93735 -2.55808 -2.202 -1.86825 -1.57131 -1.30697 -1.01647 -0.712279
87.81 -0.129176 -0.171369 -0.0704525 -2.13615 -6.43759 -8.31452 -7.5089 -6.45918 -5.74016 -5.28949 -4.81054 -4.38605 -4.01977 -3.66683 -3.31051 -2.93756 -2.55828 -2.20218 -1.86841 -1.57145 -1.30709 -1.01657 -0.712355
87.86 -0.129416 -0.171727 -0.0709313 -2.13656 -6.43783 -8.31475 -7.50914 -6.45944 -5.74043 -5.28976 -4.81081 -4.38631 -4.02002 -3.66707 -3.31074 -2.93777 -2.55847 -2.20236 -1.86857 -1.57159 -1.30721 -1.01667 -0.712431
87.91 -0.129656 -0.172085 -0.0714093 -2.13696 -6.43808 -8.31498 -7.50939 -6.45971 -5.7407 -5.29003 -4.81107 -4.38657 -4.02028 -3.6673 -3.31096 -2.93798 -2.55866 -2.20253 -1.86873 -1.57173 -1.30733 -1.01677 -0.712507
87.96 -0.129896 -0.172443 -0.0718866 -2.13736 -6.43832 -8.31521 -7.50963 -6.45997 -5.74097 -5.2903 -4.81134 -4.38684 -4.02053 -3.66754 -3.31118 -2.93819 -2.55886 -2.20271 -1.86889 -1.57187 -1.30745 -1.01687 -0.712583
88.01 -0.130135 -0.1728 -0.0723631 -2.13776 -6.43856 -8.31543 -7.50988 -6.46023 -5.74124 -5.29057 -4.81161 -4.3871 -4.02078 -3.66778 -3.31141 -2.9384 -2.55905 -2.20289 -1.86905 -1.57201 -1.30757 -1.01697 -0.712658
88.06 -0.130373 -0.173156 -0.0728388 -2.13816 -6.43881 -8.31566 -7.51012 -6.46049 -5.74151 -5.29084 -4.81188 -4.38736 -4.02102 -3.66802 -3.31163 -2.9386 -2.55924 -2.20306 -1.86921 -1.57215 -1.30769 -1.01706 -0.712734
88.11 -0.130612 -0.173512 -0.0733138 -2.13855 -6.43905 -8.31588 -7.51036 -6.46075 -5.74178 -5.29111 -4.81214 -4.38761 -4.02127 -3.66825 -3.31185 -2.93881 -2.55944 -2.20324 -1.86937 -1.57229 -1.30781 -1.01716 -0.712809
88.16 -0.130849 -0.173867 -0.073788 -2.13895 -6.43929 -8.31611 -7.51061 -6.46101 -5.74205 -5.29138 -4.81241 -4.38787 -4.02152 -3.66849 -3.31207 -2.93902 -2.55963 -2.20341 -1.86952 -1.57243 -1.30792 -1.01726 -0.712884
88.21 -0.131087 -0.174221 -0.0742615 -2.13935 -6.43953 -8.31633 -7.51085 -6.46127 -5.74232 -5.29165 -4.81267 -4.38813 -4.02177 -3.66872 -3.31229 -2.93923 -2.55982 -2.20359 -1.86968 -1.57257 -1.30804 -1.01736 -0.712959
88.26 -0.131324 -0.174575 -0.0747342 -2.13975 -6.43977 -8.31656 -7.51109 -6.46153 -5.74259 -5.29191 -4.81294 -4.38839 -4.02202 -3.66896 -3.31252 -2.93943 -2.56001 -2.20377 -1.86984 -1.57271 -1.30816 -1.01745 -0.713034
88.31 -0.131561 -0.174929 -0.0752061 -2.14014 -6.44001 -8.31678 -7.51134 -6.46179 -5.74285 -5.29218 -4.8132 -4.38865 -4.02227 -3.66919 -3.31274 -2.93964 -2.5602 -2.20394 -1.87 -1.57285 -1.30828 -1.01755 -0.713109
88.36 -0.131797 -0.175281 -0.0756773 -2.14054 -6.44025 -8.31701 -7.51158 -6.46205 -5.74312 -5.29245 -4.81347 -4.38891 -4.02251 -3.66943 -3.31296 -2.93984 -2.56039 -2.20411 -1.87015 -1.57298 -1.3084 -1.01765 -0.713183
88.41 -0.132033 -0.175634 -0.0761478 -2.14093 -6.44049 -8.31723 -7.51182 -6.46231 -5.74339 -5.29271 -4.81373 -4.38916 -4.02276 -3.66966 -3.31318 -2.94005 -2.56058 -2.20429 -1.87031 -1.57312 -1.30851 -1.01774 -0.713257
88.46 -0.132269 -0.175985 -0.0766174 -2.14133 -6.44073 -8.31745 -7.51206 -6.46257 -5.74365 -5.29298 -4.81399 -4.38942 -4.023 -3.66989 -3.3134 -2.94025 -2.56077 -2.20446 -1.87047 -1.57326 -1.30863 -1.01784 -0.713332
88.51 -0.132504 -0.176337 -0.0770864 -2.14172 -6.44097 -8.31768 -7.5123 -6.46282 -5.74392 -5.29325 -4.81426 -4.38967 -4.02325 -3.67013 -3.31362 -2.94046 -2.56096 -2.20464 -1.87062 -1.5734 -1.30875 -1.01794 -0.713406
88.56 -0.132739 -0.176687 -0.0775546 -2.14211 -6.4412 -8.3179 -7.51254 -6.46308 -5.74418 -5.29351 -4.81452 -4.38993 -4.0235 -3.67036 -3.31383 -2.94066 -2.56115 -2.20481 -1.87078 -1.57353 -1.30886 -1.01803 -0.71348
88.61 -0.132973 -0.177037 -0.078022 -2.1425 -6.44144 -8.31812 -7.51278 -6.46334 -5.74445 -5.29378 -4.81478 -4.39018 -4.02374 -3.67059 -3.31405 -2.94087 -2.56134 -2.20498 -1.87094 -1.57367 -1.30898 -1.01813 -0.713554
88.66 -0.133208 -0.177387 -0.0784887 -2.1429 -6.44168 -8.31834 -7.51302 -6.46359 -5.74471 -5.29404 -4.81504 -4.39044 -4.02398 -3.67082 -3.31427 -2.94107 -2.56153 -2.20515 -1.87109 -1.57381 -1.3091 -1.01822 -0.713627
88.71 -0.133441 -0.177736 -0.0789546 -2.14329 -6.44192 -8.31856 -7.51326 -6.46385 -5.74498 -5.2943 -4.8153 -4.39069 -4.02423 -3.67106 -3.31449 -2.94127 -2.56172 -2.20533 -1.87125 -1.57394 -1.30921 -1.01832 -0.713701
88.76 -0.133675 -0.178084 -0.0794198 -2.14368 -6.44215 -8.31879 -7.5135 -6.46411 -5.74524 -5.29457 -4.81556 -4.39095 -4.02447 -3.67129 -3.31471 -2.94148 -2.56191 -2.2055 -1.8714 -1.57408 -1.30933 -1.01841 -0.713774
88.81 -0.133908 -0.178432 -0.0798843 -2.14407 -6.44239 -8.31901 -7.51373 -6.46436 -5.7455 -5.29483 -4.81582 -4.3912 -4.02471 -3.67152 -3.31492 -2.94168 -2.56209 -2.20567 -1.87156 -1.57422 -1.30944 -1.01851 -0.713847
88.86 -0.13414 -0.178779 -0.080348 -2.14446 -6.44263 -8.31923 -7.51397 -6.46462 -5.74577 -5.29509 -4.81608 -4.39145 -4.02496 -3.67175 -3.31514 -2.94188 -2.56228 -2.20584 -1.87171 -1.57435 -1.30956 -1.0186 -0.71392
88.91 -0.134372 -0.179126 -0.080811 -2.14484 -6.44286 -8.31945 -7.51421 -6.46487 -5.74603 -5.29535 -4.81634 -4.39171 -4.0252 -3.67198 -3.31536 -2.94208 -2.56247 -2.20601 -1.87186 -1.57449 -1.30967 -1.0187 -0.713993
88.96 -0.134604 -0.179472 -0.0812732 -2.14523 -6.4431 -8.31967 -7.51445 -6.46512 -5.74629 -5.29562 -4.8166 -4.39196 -4.02544 -3.67221 -3.31557 -2.94229 -2.56266 -2.20618 -1.87202 -1.57462 -1.30979 -1.01879 -0.714066
89.01 -0.134836 -0.179817 -0.0817347 -2.14562 -6.44333 -8.31989 -7.51468 -6.46538 -5.74655 -5.29588 -4.81686 -4.39221 -4.02568 -3.67244 -3.31579 -2.94249 -2.56284 -2.20635 -1.87217 -1.57476 -1.3099 -1.01889 -0.714139
89.06 -0.135067 -0.180162 -0.0821954 -2.14601 -6.44357 -8.3201 -7.51492 -6.46563 -5.74681 -5.29614 -4.81712 -4.39246 -4.02592 -3.67267 -3.316 -2.94269 -2.56303 -2.20652 -1.87232 -1.57489 -1.31002 -1.01898 -0.714211
89.11 -0.135298 -0.180507 -0.0826554 -2.14639 -6.4438 -8.32032 -7.51516 -6.46588 -5.74707 -5.2964 -4.81737 -4.39271 -4.02617 -3.67289 -3.31622 -2.94289 -2.56321 -2.20669 -1.87248 -1.57503 -1.31013 -1.01908 -0.714284
89.16 -0.135528 -0.180851 -0.0831147 -2.14678 -6.44403 -8.32054 -7.51539 -6.46613 -5.74733 -5.29666 -4.81763 -4.39296 -4.02641 -3.67312 -3.31643 -2.94309 -2.5634 -2.20686 -1.87263 -1.57516 -1.31025 -1.01917 -0.714356
89.21 -0.135758 -0.181194 -0.0835733 -2.14716 -6.44427 -8.32076 -7.51563 -6.46639 -5.74759 -5.29692 -4.81789 -4.39321 -4.02665 -3.67335 -3.31665 -2.94329 -2.56358 -2.20703 -1.87278 -1.57529 -1.31036 -1.01926 -0.714428
89.26 -0.135988 -0.181537 -0.0840311 -2.14755 -6.4445 -8.32098 -7.51586 -6.46664 -5.74785 -5.29718 -4.81814 -4.39346 -4.02688 -3.67358 -3.31686 -2.94349 -2.56377 -2.2072 -1.87293 -1.57543 -1.31047 -1.01936 -0.7145
89.31 -0.136217 -0.181879 -0.0844882 -2.14793 -6.44473 -8.32119 -7.5161 -6.46689 -5.74811 -5.29744 -4.8184 -4.39371 -4.02712 -3.6738 -3.31707 -2.94369 -2.56395 -2.20737 -1.87309 -1.57556 -1.31059 -1.01945 -0.714572
89.36 -0.136446 -0.182221 -0.0849445 -2.14831 -6.44496 -8.32141 -7.51633 -6.46714 -5.74837 -5.29769 -4.81866 -4.39396 -4.02736 -3.67403 -3.31729 -2.94389 -2.56414 -2.20754 -1.87324 -1.57569 -1.3107 -1.01954 -0.714643
89.41 -0.136674 -0.182562 -0.0854001 -2.14869 -6.4452 -8.32163 -7.51656 -6.46739 -5.74863 -5.29795 -4.81891 -4.39421 -4.0276 -3.67426 -3.3175 -2.94408 -2.56432 -2.20771 -1.87339 -1.57583 -1.31081 -1.01964 -0.714715
89.46 -0.136902 -0.182903 -0.085855 -2.14908 -6.44543 -8.32184 -7.5168 -6.46764 -5.74888 -5.29821 -4.81917 -4.39446 -4.02784 -3.67448 -3.31771 -2.94428 -2.5645 -2.20787 -1.87354 -1.57596 -1.31093 -1.01973 -0.714786
89.51 -0.13713 -0.183243 -0.0863091 -2.14946 -6.44566 -8.32206 -7.51703 -6.46789 -5.74914 -5.29847 -4.81942 -4.3947 -4.02808 -3.67471 -3.31792 -2.94448 -2.56469 -2.20804 -1.87369 -1.57609 -1.31104 -1.01982 -0.714858
89.56 -0.137358 -0.183582 -0.0867626 -2.14984 -6.44589 -8.32227 -7.51726 -6.46814 -5.7494 -5.29872 -4.81967 -4.39495 -4.02831 -3.67493 -3.31813 -2.94468 -2.56487 -2.20821 -1.87384 -1.57622 -1.31115 -1.01991 -0.714929
89.61 -0.137585 -0.183921 -0.0872153 -2.15022 -6.44612 -8.32249 -7.51749 -6.46839 -5.74965 -5.29898 -4.81993 -4.3952 -4.02855 -3.67516 -3.31834 -2.94487 -2.56505 -2.20838 -1.87399 -1.57636 -1.31126 -1.02001 -0.715
89.66 -0.137811 -0.184259 -0.0876673 -2.1506 -6.44635 -8.3227 -7.51773 -6.46863 -5.74991 -5.29923 -4.82018 -4.39544 -4.02879 -3.67538 -3.31856 -2.94507 -2.56524 -2.20854 -1.87414 -1.57649 -1.31138 -1.0201 -0.71507
89.71 -0.138038 -0.184597 -0.0881185 -2.15098 -6.44658 -8.32292 -7.51796 -6.46888 -5.75017 -5.29949 -4.82043 -4.39569 -4.02902 -3.6756 -3.31877 -2.94527 -2.56542 -2.20871 -1.87429 -1.57662 -1.31149 -1.02019 -0.715141
89.76 -0.138264 -0.184935 -0.088569 -2.15135 -6.44681 -8.32313 -7.51819 -6.46913 -5.75042 -5.29974 -4.82068 -4.39593 -4.02926 -3.67583 -3.31898 -2.94546 -2.5656 -2.20887 -1.87444 -1.57675 -1.3116 -1.02028 -0.715212
89.81 -0.138489 -0.185271 -0.0890188 -2.15173 -6.44704 -8.32335 -7.51842 -6.46938 -5.75068 -5.3 -4.82094 -4.39618 -4.02949 -3.67605 -3.31919 -2.94566 -2.56578 -2.20904 -1.87459 -1.57688 -1.31171 -1.02037 -0.715282
89.86 -0.138714 -0.185608 -0.0894679 -2.15211 -6.44727 -8.32356 -7.51865 -6.46962 -5.75093 -5.30025 -4.82119 -4.39642 -4.02973 -3.67627 -3.31939 -2.94585 -2.56596 -2.2092 -1.87474 -1.57701 -1.31182 -1.02046 -0.715352
89.91 -0.138939 -0.185943 -0.0899163 -2.15248 -6.44749 -8.32377 -7.51888 -6.46987 -5.75118 -5.30051 -4.82144 -4.39667 -4.02996 -3.6765 -3.3196 -2.94605 -2.56614 -2.20937 -1.87489 -1.57714 -1.31193 -1.02055 -0.715423
89.96 -0.139164 -0.186279 -0.0903639 -2.15286 -6.44772 -8.32399 -7.51911 -6.47011 -5.75144 -5.30076 -4.82169 -4.39691 -4.03019 -3.67672 -3.31981 -2.94624 -2.56632 -2.20953 -1.87503 -1.57727 -1.31204 -1.02065 -0.715493
90.01 -0.139388 -0.186613 -0.0908109 -2.15323 -6.44795 -8.3242 -7.51934 -6.47036 -5.75169 -5.30101 -4.82194 -4.39716 -4.03043 -3.67694 -3.32002 -2.94644 -2.5665 -2.2097 -1.87518 -1.5774 -1.31215 -1.02074 -0.715562
90.06 -0.139612 -0.186947 -0.0912571 -2.15361 -6.44818 -8.32441 -7.51957 -6.4706 -5.75194 -5.30127 -4.82219 -4.3974 -4.03066 -3.67716 -3.32023 -2.94663 -2.56668 -2.20986 -1.87533 -1.57753 -1.31226 -1.02083 -0.715632
90.11 -0.139835 -0.187281 -0.0917026 -2.15398 -6.4484 -8.32462 -7.5198 -6.47085 -5.75219 -5.30152 -4.82244 -4.39764 -4.03089 -3.67738 -3.32044 -2.94683 -2.56686 -2.21003 -1.87548 -1.57766 -1.31237 -1.02092 -0.715702
90.16 -0.140058 -0.187614 -0.0921474 -2.15436 -6.44863 -8.32483 -7.52002 -6.47109 -5.75245 -5.30177 -4.82268 -4.39788 -4.03113 -3.6776 -3.32064 -2.94702 -2.56704 -2.21019 -1.87562 -1.57779 -1.31248 -1.02101 -0.715771
90.21 -0.140281 -0.187946 -0.0925915 -2.15473 -6.44885 -8.32504 -7.52025 -6.47134 -5.7527 -5.30202 -4.82293 -4.39813 -4.03136 -3.67782 -3.32085 -2.94721 -2.56722 -2.21035 -1.87577 -1.57792 -1.31259 -1.0211 -0.715841
90.26 -0.140503 -0.188278 -0.0930348 -2.1551 -6.44908 -8.32525 -7.52048 -6.47158 -5.75295 -5.30227 -4.82318 -4.39837 -4.03159 -3.67804 -3.32106 -2.9474 -2.5674 -2.21052 -1.87592 -1.57805 -1.3127 -1.02119 -0.71591
90.31 -0.140725 -0.18861 -0.0934775 -2.15547 -6.44931 -8.32546 -7.52071 -6.47182 -5.7532 -5.30252 -4.82343 -4.39861 -4.03182 -3.67826 -3.32126 -2.9476 -2.56757 -2.21068 -1.87606 -1.57818 -1.31281 -1.02128 -0.715979
90.36 -0.140947 -0.188941 -0.0939194 -2.15584 -6.44953 -8.32567 -7.52093 -6.47207 -5.75345 -5.30277 -4.82368 -4.39885 -4.03205 -3.67848 -3.32147 -2.94779 -2.56775 -2.21084 -1.87621 -1.57831 -1.31292 -1.02137 -0.716048
90.41 -0.141168 -0.189271 -0.0943606 -2.15621 -6.44975 -8.32588 -7.52116 -6.47231 -5.7537 -5.30302 -4.82392 -4.39909 -4.03228 -3.6787 -3.32167 -2.94798 -2.56793 -2.211 -1.87636 -1.57843 -1.31303 -1.02146 -0.716116
90.46 -0.141389 -0.189601 -0.0948012 -2.15658 -6.44998 -8.32609 -7.52138 -6.47255 -5.75395 -5.30327 -4.82417 -4.39933 -4.03251 -3.67891 -3.32188 -2.94817 -2.56811 -2.21116 -1.8765 -1.57856 -1.31314 -1.02154 -0.716185
90.51 -0.14161 -0.18993 -0.095241 -2.15695 -6.4502 -8.3263 -7.52161 -6.47279 -5.7542 -5.30352 -4.82441 -4.39957 -4.03274 -3.67913 -3.32208 -2.94836 -2.56828 -2.21133 -1.87665 -1.57869 -1.31325 -1.02163 -0.716254
90.56 -0.14183 -0.190259 -0.0956801 -2.15732 -6.45043 -8.32651 -7.52184 -6.47303 -5.75444 -5.30377 -4.82466 -4.39981 -4.03297 -3.67935 -3.32229 -2.94855 -2.56846 -2.21149 -1.87679 -1.57882 -1.31335 -1.02172 -0.716322
90.61 -0.14205 -0.190587 -0.0961185 -2.15769 -6.45065 -8.32672 -7.52206 -6.47327 -5.75469 -5.30401 -4.8249 -4.40004 -4.0332 -3.67957 -3.32249 -2.94874 -2.56863 -2.21165 -1.87694 -1.57894 -1.31346 -1.02181 -0.71639
90.66 -0.142269 -0.190915 -0.0965562 -2.15806 -6.45087 -8.32693 -7.52228 -6.47351 -5.75494 -5.30426 -4.82515 -4.40028 -4.03343 -3.67978 -3.32269 -2.94893 -2.56881 -2.21181 -1.87708 -1.57907 -1.31357 -1.0219 -0.716458
90.71 -0.142488 -0.191242 -0.0969932 -2.15842 -6.45109 -8.32713 -7.52251 -6.47375 -5.75519 -5.30451 -4.82539 -4.40052 -4.03366 -3.68 -3.3229 -2.94912 -2.56899 -2.21197 -1.87722 -1.5792 -1.31368 -1.02199 -0.716526
90.76 -0.142707 -0.191568 -0.0974295 -2.15879 -6.45132 -8.32734 -7.52273 -6.47399 -5.75543 -5.30475 -4.82564 -4.40076 -4.03388 -3.68022 -3.3231 -2.94931 -2.56916 -2.21213 -1.87737 -1.57932 -1.31378 -1.02208 -0.716594
90.81 -0.142925 -0.191895 -0.0978651 -2.15915 -6.45154 -8.32755 -7.52296 -6.47423 -5.75568 -5.305 -4.82588 -4.401 -4.03411 -3.68043 -3.3233 -2.9495 -2.56934 -2.21229 -1.87751 -1.57945 -1.31389 -1.02216 -0.716662
90.86 -0.143144 -0.19222 -0.0983 -2.15952 -6.45176 -8.32775 -7.52318 -6.47447 -5.75593 -5.30525 -4.82612 -4.40123 -4.03434 -3.68065 -3.3235 -2.94969 -2.56951 -2.21245 -1.87766 -1.57958 -1.314 -1.02225 -0.716729
90.91 -0.143361 -0.192545 -0.0987342 -2.15988 -6.45198 -8.32796 -7.5234 -6.47471 -5.75617 -5.30549 -4.82637 -4.40147 -4.03456 -3.68086 -3.32371 -2.94988 -2.56968 -2.21261 -1.8778 -1.5797 -1.31411 -1.02234 -0.716797
90.96 -0.143579 -0.19287 -0.0991677 -2.16025 -6.4522 -8.32817 -7.52362 -6.47495 -5.75642 -5.30574 -4.82661 -4.4017 -4.03479 -3.68107 -3.32391 -2.95006 -2.56986 -2.21277 -1.87794 -1.57983 -1.31421 -1.02243 -0.716864
91.01 -0.143796 -0.193194 -0.0996005 -2.16061 -6.45242 -8.32837 -7.52385 -6.47518 -5.75666 -5.30598 -4.82685 -4.40194 -4.03501 -3.68129 -3.32411 -2.95025 -2.57003 -2.21292 -1.87808 -1.57995 -1.31432 -1.02251 -0.716931
91.06 -0.144012 -0.193517 -0.100033 -2.16097 -6.45264 -8.32858 -7.52407 -6.47542 -5.75691 -5.30623 -4.82709 -4.40217 -4.03524 -3.6815 -3.32431 -2.95044 -2.5702 -2.21308 -1.87823 -1.58008 -1.31442 -1.0226 -0.716999
91.11 -0.144229 -0.19384 -0.100464 -2.16133 -6.45286 -8.32878 -7.52429 -6.47566 -5.75715 -5.30647 -4.82733 -4.40241 -4.03547 -3.68172 -3.32451 -2.95063 -2.57038 -2.21324 -1.87837 -1.5802 -1.31453 -1.02269 -0.717065
91.16 -0.144445 -0.194163 -0.100895 -2.1617 -6.45308 -8.32899 -7.52451 -6.47589 -5.75739 -5.30671 -4.82757 -4.40264 -4.03569 -3.68193 -3.32471 -2.95081 -2.57055 -2.2134 -1.87851 -1.58033 -1.31464 -1.02278 -0.717132
91.21 -0.14466 -0.194485 -0.101325 -2.16206 -6.4533 -8.32919 -7.52473 -6.47613 -5.75764 -5.30696 -4.82781 -4.40288 -4.03591 -3.68214 -3.32491 -2.951 -2.57072 -2.21356 -1.87865 -1.58045 -1.31474 -1.02286 -0.717199
91.26 -0.144875 -0.194806 -0.101754 -2.16242 -6.45352 -8.3294 -7.52495 -6.47637 -5.75788 -5.3072 -4.82805 -4.40311 -4.03614 -3.68235 -3.32511 -2.95119 -2.57089 -2.21371 -1.87879 -1.58057 -1.31485 -1.02295 -0.717265
91.31 -0.14509 -0.195127 -0.102183 -2.16278 -6.45373 -8.3296 -7.52517 -6.4766 -5.75812 -5.30744 -4.82829 -4.40334 -4.03636 -3.68257 -3.32531 -2.95137 -2.57107 -2.21387 -1.87893 -1.5807 -1.31495 -1.02304 -0.717332
91.36 -0.145305 -0.195447 -0.102611 -2.16314 -6.45395 -8.3298 -7.52539 -6.47684 -5.75837 -5.30768 -4.82853 -4.40358 -4.03658 -3.68278 -3.32551 -2.95156 -2.57124 -2.21403 -1.87907 -1.58082 -1.31506 -1.02312 -0.717398
91.41 -0.145519 -0.195767 -0.103038 -2.16349 -6.45417 -8.33001 -7.52561 -6.47707 -5.75861 -5.30792 -4.82877 -4.40381 -4.03681 -3.68299 -3.3257 -2.95174 -2.57141 -2.21418 -1.87922 -1.58095 -1.31516 -1.02321 -0.717464
91.46 -0.145733 -0.196087 -0.103465 -2.16385 -6.45439 -8.33021 -7.52583 -6.4773 -5.75885 -5.30817 -4.82901 -4.40404 -4.03703 -3.6832 -3.3259 -2.95193 -2.57158 -2.21434 -1.87936 -1.58107 -1.31527 -1.02329 -0.71753
91.51 -0.145947 -0.196405 -0.103891 -2.16421 -6.4546 -8.33041 -7.52605 -6.47754 -5.75909 -5.30841 -4.82925 -4.40427 -4.03725 -3.68341 -3.3261 -2.95211 -2.57175 -2.21449 -1.8795 -1.58119 -1.31537 -1.02338 -0.717596
91.56 -0.14616 -0.196724 -0.104316 -2.16457 -6.45482 -8.33061 -7.52626 -6.47777 -5.75933 -5.30865 -4.82948 -4.4045 -4.03747 -3.68362 -3.3263 -2.95229 -2.57192 -2.21465 -1.87964 -1.58131 -1.31548 -1.02346 -0.717662
91.61 -0.146373 -0.197042 -0.10474 -2.16492 -6.45503 -8.33081 -7.52648 -6.478 -5.75957 -5.30889 -4.82972 -4.40473 -4.03769 -3.68383 -3.32649 -2.95248 -2.57209 -2.2148 -1.87977 -1.58144 -1.31558 -1.02355 -0.717728
91.66 -0.146585 -0.197359 -0.105164 -2.16528 -6.45525 -8.33102 -7.5267 -6.47824 -5.75981 -5.30913 -4.82996 -4.40496 -4.03791 -3.68404 -3.32669 -2.95266 -2.57226 -2.21496 -1.87991 -1.58156 -1.31568 -1.02363 -0.717793
91.71 -0.146797 -0.197676 -0.105587 -2.16563 -6.45547 -8.33122 -7.52692 -6.47847 -5.76005 -5.30936 -4.83019 -4.40519 -4.03813 -3.68425 -3.32689 -2.95284 -2.57243 -2.21511 -1.88005 -1.58168 -1.31579 -1.02372 -0.717859
91.76 -0.147009 -0.197992 -0.10601 -2.16599 -6.45568 -8.33142 -7.52713 -6.4787 -5.76029 -5.3096 -4.83043 -4.40542 -4.03835 -3.68445 -3.32708 -2.95303 -2.5726 -2.21527 -1.88019 -1.5818 -1.31589 -1.0238 -0.717924
91.81 -0.147221 -0.198308 -0.106432 -2.16634 -6.45589 -8.33162 -7.52735 -6.47893 -5.76053 -5.30984 -4.83066 -4.40565 -4.03857 -3.68466 -3.32728 -2.95321 -2.57277 -2.21542 -1.88033 -1.58192 -1.31599 -1.02389 -0.717989
91.86 -0.147432 -0.198623 -0.106853 -2.16669 -6.45611 -8.33182 -7.52756 -6.47916 -5.76076 -5.31008 -4.8309 -4.40588 -4.03879 -3.68487 -3.32747 -2.95339 -2.57293 -2.21558 -1.88047 -1.58205 -1.3161 -1.02397 -0.718054
91.91 -0.147643 -0.198938 -0.107273 -2.16705 -6.45632 -8.33202 -7.52778 -6.47939 -5.761 -5.31032 -4.83113 -4.40611 -4.03901 -3.68508 -3.32767 -2.95357 -2.5731 -2.21573 -1.88061 -1.58217 -1.3162 -1.02406 -0.718119
91.96 -0.147853 -0.199252 -0.107693 -2.1674 -6.45654 -8.33222 -7.52799 -6.47962 -5.76124 -5.31055 -4.83137 -4.40634 -4.03923 -3.68529 -3.32786 -2.95375 -2.57327 -2.21588 -1.88074 -1.58229 -1.3163 -1.02414 -0.718184
92.01 -0.148063 -0.199566 -0.108112 -2.16775 -6.45675 -8.33242 -7.52821 -6.47985 -5.76148 -5.31079 -4.8316 -4.40656 -4.03945 -3.68549 -3.32806 -2.95393 -2.57344 -2.21604 -1.88088 -1.58241 -1.3164 -1.02423 -0.718248
92.06 -0.148273 -0.199879 -0.108531 -2.1681 -6.45696 -8.33261 -7.52842 -6.48008 -5.76171 -5.31103 -4.83184 -4.40679 -4.03967 -3.6857 -3.32825 -2.95412 -2.57361 -2.21619 -1.88102 -1.58253 -1.31651 -1.02431 -0.718313
92.11 -0.148482 -0.200192 -0.108949 -2.16845 -6.45718 -8.33281 -7.52864 -6.48031 -5.76195 -5.31126 -4.83207 -4.40702 -4.03988 -3.6859 -3.32844 -2.9543 -2.57377 -2.21634 -1.88116 -1.58265 -1.31661 -1.02439 -0.718377
92.16 -0.148691 -0.200504 -0.109366 -2.1688 -6.45739 -8.33301 -7.52885 -6.48054 -5.76218 -5.3115 -4.8323 -4.40724 -4.0401 -3.68611 -3.32864 -2.95448 -2.57394 -2.21649 -1.88129 -1.58277 -1.31671 -1.02448 -0.718441
92.21 -0.1489 -0.200816 -0.109782 -2.16915 -6.4576 -8.33321 -7.52907 -6.48077 -5.76242 -5.31173 -4.83253 -4.40747 -4.04032 -3.68632 -3.32883 -2.95466 -2.5741 -2.21664 -1.88143 -1.58289 -1.31681 -1.02456 -0.718506
92.26 -0.149109 -0.201127 -0.110198 -2.1695 -6.45781 -8.33341 -7.52928 -6.481 -5.76266 -5.31197 -4.83277 -4.4077 -4.04053 -3.68652 -3.32902 -2.95484 -2.57427 -2.2168 -1.88157 -1.58301 -1.31691 -1.02464 -0.71857
92.31 -0.149317 -0.201438 -0.110613 -2.16985 -6.45802 -8.3336 -7.52949 -6.48122 -5.76289 -5.3122 -4.833 -4.40792 -4.04075 -3.68673 -3.32921 -2.95501 -2.57444 -2.21695 -1.8817 -1.58313 -1.31701 -1.02473 -0.718633
92.36 -0.149524 -0.201748 -0.111027 -2.1702 -6.45823 -8.3338 -7.5297 -6.48145 -5.76312 -5.31244 -4.83323 -4.40815 -4.04097 -3.68693 -3.32941 -2.95519 -2.5746 -2.2171 -1.88184 -1.58325 -1.31712 -1.02481 -0.718697
92.41 -0.149732 -0.202058 -0.111441 -2.17054 -6.45844 -8.334 -7.52992 -6.48168 -5.76336 -5.31267 -4.83346 -4.40837 -4.04118 -3.68713 -3.3296 -2.95537 -2.57477 -2.21725 -1.88197 -1.58336 -1.31722 -1.02489 -0.718761
92.46 -0.149939 -0.202367 -0.111854 -2.17089 -6.45865 -8.33419 -7.53013 -6.48191 -5.76359 -5.3129 -4.83369 -4.4086 -4.0414 -3.68734 -3.32979 -2.95555 -2.57493 -2.2174 -1.88211 -1.58348 -1.31732 -1.02498 -0.718824
92.51 -0.150146 -0.202675 -0.112267 -2.17124 -6.45886 -8.33439 -7.53034 -6.48213 -5.76382 -5.31314 -4.83392 -4.40882 -4.04161 -3.68754 -3.32998 -2.95573 -2.5751 -2.21755 -1.88224 -1.5836 -1.31742 -1.02506 -0.718888
92.56 -0.150352 -0.202984 -0.112678 -2.17158 -6.45907 -8.33458 -7.53055 -6.48236 -5.76406 -5.31337 -4.83415 -4.40904 -4.04182 -3.68774 -3.33017 -2.95591 -2.57526 -2.2177 -1.88238 -1.58372 -1.31752 -1.02514 -0.718951
92.61 -0.150558 -0.203291 -0.113089 -2.17193 -6.45928 -8.33478 -7.53076 -6.48258 -5.76429 -5.3136 -4.83438 -4.40927 -4.04204 -3.68795 -3.33036 -2.95608 -2.57542 -2.21785 -1.88251 -1.58384 -1.31762 -1.02522 -0.719014
92.66 -0.150764 -0.203599 -0.1135 -2.17227 -6.45949 -8.33497 -7.53097 -6.48281 -5.76452 -5.31383 -4.83461 -4.40949 -4.04225 -3.68815 -3.33055 -2.95626 -2.57559 -2.218 -1.88265 -1.58396 -1.31772 -1.0253 -0.719077
92.71 -0.150969 -0.203905 -0.11391 -2.17262 -6.4597 -8.33517 -7.53118 -6.48303 -5.76475 -5.31406 -4.83484 -4.40971 -4.04246 -3.68835 -3.33074 -2.95644 -2.57575 -2.21815 -1.88278 -1.58407 -1.31782 -1.02539 -0.71914
92.76 -0.151174 -0.204212 -0.114319 -2.17296 -6.45991 -8.33536 -7.53139 -6.48326 -5.76498 -5.31429 -4.83506 -4.40993 -4.04268 -3.68855 -3.33093 -2.95661 -2.57591 -2.2183 -1.88291 -1.58419 -1.31792 -1.02547 -0.719203
92.81 -0.151379 -0.204517 -0.114727 -2.1733 -6.46011 -8.33556 -7.5316 -6.48348 -5.76522 -5.31452 -4.83529 -4.41015 -4.04289 -3.68875 -3.33112 -2.95679 -2.57608 -2.21844 -1.88305 -1.58431 -1.31802 -1.02555 -0.719265
92.86 -0.151584 -0.204823 -0.115135 -2.17364 -6.46032 -8.33575 -7.53181 -6.48371 -5.76545 -5.31475 -4.83552 -4.41038 -4.0431 -3.68895 -3.33131 -2.95696 -2.57624 -2.21859 -1.88318 -1.58442 -1.31812 -1.02563 -0.719328
92.91 -0.151788 -0.205127 -0.115542 -2.17399 -6.46053 -8.33594 -7.53202 -6.48393 -5.76568 -5.31498 -4.83575 -4.4106 -4.04331 -3.68915 -3.3315 -2.95714 -2.5764 -2.21874 -1.88331 -1.58454 -1.31821 -1.02571 -0.71939
92.96 -0.151991 -0.205432 -0.115949 -2.17433 -6.46074 -8.33614 -7.53223 -6.48415 -5.76591 -5.31521 -4.83597 -4.41082 -4.04352 -3.68935 -3.33168 -2.95732 -2.57656 -2.21889 -1.88345 -1.58466 -1.31831 -1.02579 -0.719453
93.01 -0.152195 -0.205735 -0.116355 -2.17467 -6.46094 -8.33633 -7.53243 -6.48437 -5.76613 -5.31544 -4.8362 -4.41104 -4.04374 -3.68955 -3.33187 -2.95749 -2.57673 -2.21904 -1.88358 -1.58477 -1.31841 -1.02587 -0.719515
93.06 -0.152398 -0.206039 -0.11676 -2.17501 -6.46115 -8.33652 -7.53264 -6.4846 -5.76636 -5.31567 -4.83643 -4.41126 -4.04395 -3.68975 -3.33206 -2.95766 -2.57689 -2.21918 -1.88371 -1.58489 -1.31851 -1.02596 -0.719577
93.11 -0.152601 -0.206341 -0.117164 -2.17535 -6.46135 -8.33671 -7.53285 -6.48482 -5.76659 -5.3159 -4.83665 -4.41148 -4.04416 -3.68995 -3.33225 -2.95784 -2.57705 -2.21933 -1.88384 -1.58501 -1.31861 -1.02604 -0.719639
93.16 -0.152803 -0.206644 -0.117568 -2.17569 -6.46156 -8.33691 -7.53306 -6.48504 -5.76682 -5.31613 -4.83688 -4.4117 -4.04437 -3.69015 -3.33243 -2.95801 -2.57721 -2.21948 -1.88398 -1.58512 -1.31871 -1.02612 -0.719701
93.21 -0.153005 -0.206946 -0.117971 -2.17602 -6.46176 -8.3371 -7.53326 -6.48526 -5.76705 -5.31635 -4.8371 -4.41191 -4.04458 -3.69035 -3.33262 -2.95819 -2.57737 -2.21962 -1.88411 -1.58524 -1.3188 -1.0262 -0.719762
93.26 -0.153207 -0.207247 -0.118374 -2.17636 -6.46197 -8.33729 -7.53347 -6.48548 -5.76728 -5.31658 -4.83733 -4.41213 -4.04478 -3.69055 -3.3328 -2.95836 -2.57753 -2.21977 -1.88424 -1.58535 -1.3189 -1.02628 -0.719824
93.31 -0.153409 -0.207548 -0.118776 -2.1767 -6.46217 -8.33748 -7.53368 -6.4857 -5.7675 -5.31681 -4.83755 -4.41235 -4.04499 -3.69075 -3.33299 -2.95853 -2.57769 -2.21992 -1.88437 -1.58547 -1.319 -1.02636 -0.719885
93.36 -0.15361 -0.207848 -0.119177 -2.17704 -6.46238 -8.33767 -7.53388 -6.48592 -5.76773 -5.31704 -4.83777 -4.41257 -4.0452 -3.69094 -3.33317 -2.95871 -2.57785 -2.22006 -1.8845 -1.58558 -1.3191 -1.02644 -0.719947
93.41 -0.15381 -0.208148 -0.119578 -2.17737 -6.46258 -8.33786 -7.53409 -6.48614 -5.76796 -5.31726 -4.838 -4.41278 -4.04541 -3.69114 -3.33336 -2.95888 -2.57801 -2.22021 -1.88463 -1.5857 -1.31919 -1.02652 -0.720008
93.46 -0.154011 -0.208447 -0.119978 -2.17771 -6.46279 -8.33805 -7.53429 -6.48636 -5.76818 -5.31749 -4.83822 -4.413 -4.04562 -3.69134 -3.33354 -2.95905 -2.57817 -2.22035 -1.88476 -1.58581 -1.31929 -1.0266 -0.720069
93.51 -0.154211 -0.208746 -0.120377 -2.17804 -6.46299 -8.33824 -7.5345 -6.48658 -5.76841 -5.31771 -4.83844 -4.41322 -4.04582 -3.69153 -3.33373 -2.95922 -2.57833 -2.2205 -1.88489 -1.58593 -1.31939 -1.02667 -0.72013
93.56 -0.154411 -0.209045 -0.120776 -2.17838 -6.46319 -8.33843 -7.5347 -6.4868 -5.76863 -5.31794 -4.83866 -4.41343 -4.04603 -3.69173 -3.33391 -2.95939 -2.57848 -2.22064 -1.88502 -1.58604 -1.31949 -1.02675 -0.720191
93.61 -0.15461 -0.209343 -0.121174 -2.17871 -6.46339 -8.33862 -7.5349 -6.48702 -5.76886 -5.31816 -4.83889 -4.41365 -4.04624 -3.69193 -3.3341 -2.95956 -2.57864 -2.22079 -1.88515 -1.58615 -1.31958 -1.02683 -0.720252
93.66 -0.15481 -0.20964 -0.121571 -2.17904 -6.4636 -8.33881 -7.53511 -6.48723 -5.76908 -5.31839 -4.83911 -4.41387 -4.04644 -3.69212 -3.33428 -2.95974 -2.5788 -2.22093 -1.88528 -1.58627 -1.31968 -1.02691 -0.720312
93.71 -0.155008 -0.209937 -0.121968 -2.17938 -6.4638 -8.339 -7.53531 -6.48745 -5.76931 -5.31861 -4.83933 -4.41408 -4.04665 -3.69232 -3.33446 -2.95991 -2.57896 -2.22107 -1.88541 -1.58638 -1.31977 -1.02699 -0.720373
93.76 -0.155207 -0.210233 -0.122364 -2.17971 -6.464 -8.33918 -7.53551 -6.48767 -5.76953 -5.31883 -4.83955 -4.41429 -4.04686 -3.69251 -3.33465 -2.96008 -2.57912 -2.22122 -1.88554 -1.58649 -1.31987 -1.02707 -0.720433
93.81 -0.155405 -0.21053 -0.12276 -2.18004 -6.4642 -8.33937 -7.53572 -6.48789 -5.76975 -5.31906 -4.83977 -4.41451 -4.04706 -3.69271 -3.33483 -2.96025 -2.57927 -2.22136 -1.88567 -1.58661 -1.31997 -1.02715 -0.720494
93.86 -0.155603 -0.210825 -0.123155 -2.18037 -6.4644 -8.33956 -7.53592 -6.4881 -5.76998 -5.31928 -4.83999 -4.41472 -4.04727 -3.6929 -3.33501 -2.96042 -2.57943 -2.2215 -1.8858 -1.58672 -1.32006 -1.02723 -0.720554
93.91 -0.155801 -0.21112 -0.123549 -2.1807 -6.4646 -8.33975 -7.53612 -6.48832 -5.7702 -5.3195 -4.84021 -4.41494 -4.04747 -3.69309 -3.33519 -2.96059 -2.57959 -2.22165 -1.88592 -1.58683 -1.32016 -1.0273 -0.720614
93.96 -0.155998 -0.211415 -0.123943 -2.18103 -6.4648 -8.33993 -7.53632 -6.48853 -5.77042 -5.31972 -4.84043 -4.41515 -4.04768 -3.69329 -3.33537 -2.96075 -2.57974 -2.22179 -1.88605 -1.58694 -1.32025 -1.02738 -0.720674
94.01 -0.156195 -0.211709 -0.124335 -2.18136 -6.465 -8.34012 -7.53652 -6.48875 -5.77064 -5.31994 -4.84065 -4.41536 -4.04788 -3.69348 -3.33556 -2.96092 -2.5799 -2.22193 -1.88618 -1.58705 -1.32035 -1.02746 -0.720733
94.06 -0.156392 -0.212002 -0.124728 -2.18169 -6.4652 -8.34031 -7.53673 -6.48896 -5.77086 -5.32017 -4.84087 -4.41558 -4.04808 -3.69367 -3.33574 -2.96109 -2.58005 -2.22207 -1.88631 -1.58717 -1.32044 -1.02754 -0.720793
94.11 -0.156588 -0.212296 -0.125119 -2.18202 -6.4654 -8.34049 -7.53693 -6.48918 -5.77109 -5.32039 -4.84108 -4.41579 -4.04829 -3.69386 -3.33592 -2.96126 -2.58021 -2.22222 -1.88643 -1.58728 -1.32054 -1.02762 -0.720853
94.16 -0.156784 -0.212588 -0.125511 -2.18235 -6.4656 -8.34068 -7.53713 -6.48939 -5.77131 -5.32061 -4.8413 -4.416 -4.04849 -3.69406 -3.3361 -2.96143 -2.58037 -2.22236 -1.88656 -1.58739 -1.32063 -1.02769 -0.720912
94.21 -0.156979 -0.21288 -0.125901 -2.18268 -6.4658 -8.34086 -7.53733 -6.48961 -5.77153 -5.32083 -4.84152 -4.41621 -4.04869 -3.69425 -3.33628 -2.9616 -2.58052 -2.2225 -1.88669 -1.5875 -1.32072 -1.02777 -0.720972
94.26 -0.157175 -0.213172 -0.126291 -2.18301 -6.466 -8.34105 -7.53753 -6.48982 -5.77175 -5.32105 -4.84174 -4.41642 -4.04889 -3.69444 -3.33646 -2.96176 -2.58067 -2.22264 -1.88682 -1.58761 -1.32082 -1.02785 -0.721031
94.31 -0.15737 -0.213463 -0.12668 -2.18333 -6.46619 -8.34123 -7.53773 -6.49003 -5.77197 -5.32127 -4.84195 -4.41663 -4.04909 -3.69463 -3.33664 -2.96193 -2.58083 -2.22278 -1.88694 -1.58772 -1.32091 -1.02792 -0.72109
94.36 -0.157565 -0.213754 -0.127069 -2.18366 -6.46639 -8.34142 -7.53792 -6.49025 -5.77219 -5.32149 -4.84217 -4.41684 -4.0493 -3.69482 -3.33681 -2.9621 -2.58098 -2.22292 -1.88707 -1.58783 -1.32101 -1.028 -0.721149
94.41 -0.157759 -0.214045 -0.127456 -2.18398 -6.46659 -8.3416 -7.53812 -6.49046 -5.77241 -5.3217 -4.84238 -4.41705 -4.0495 -3.69501 -3.33699 -2.96226 -2.58114 -2.22306 -1.88719 -1.58794 -1.3211 -1.02808 -0.721208
94.46 -0.157953 -0.214334 -0.127844 -2.18431 -6.46679 -8.34178 -7.53832 -6.49067 -5.77262 -5.32192 -4.8426 -4.41726 -4.0497 -3.6952 -3.33717 -2.96243 -2.58129 -2.2232 -1.88732 -1.58805 -1.32119 -1.02815 -0.721267
94.51 -0.158147 -0.214624 -0.12823 -2.18463 -6.46698 -8.34197 -7.53852 -6.49088 -5.77284 -5.32214 -4.84282 -4.41747 -4.0499 -3.69539 -3.33735 -2.9626 -2.58144 -2.22334 -1.88745 -1.58816 -1.32129 -1.02823 -0.721325
94.56 -0.15834 -0.214913 -0.128616 -2.18496 -6.46718 -8.34215 -7.53872 -6.4911 -5.77306 -5.32236 -4.84303 -4.41768 -4.0501 -3.69558 -3.33753 -2.96276 -2.5816 -2.22348 -1.88757 -1.58827 -1.32138 -1.02831 -0.721384
94.61 -0.158533 -0.215201 -0.129002 -2.18528 -6.46738 -8.34233 -7.53892 -6.49131 -5.77328 -5.32258 -4.84324 -4.41789 -4.0503 -3.69577 -3.33771 -2.96293 -2.58175 -2.22362 -1.8877 -1.58838 -1.32147 -1.02838 -0.721442
94.66 -0.158726 -0.215489 -0.129387 -2.1856 -6.46757 -8.34252 -7.53911 -6.49152 -5.7735 -5.32279 -4.84346 -4.4181 -4.0505 -3.69596 -3.33788 -2.96309 -2.5819 -2.22376 -1.88782 -1.58849 -1.32157 -1.02846 -0.721501
94.71 -0.158919 -0.215777 -0.129771 -2.18593 -6.46777 -8.3427 -7.53931 -6.49173 -5.77371 -5.32301 -4.84367 -4.41831 -4.0507 -3.69615 -3.33806 -2.96326 -2.58205 -2.2239 -1.88794 -1.5886 -1.32166 -1.02854 -0.721559
94.76 -0.159111 -0.216064 -0.130154 -2.18625 -6.46796 -8.34288 -7.53951 -6.49194 -5.77393 -5.32322 -4.84389 -4.41851 -4.0509 -3.69634 -3.33824 -2.96342 -2.58221 -2.22404 -1.88807 -1.58871 -1.32175 -1.02861 -0.721617
94.81 -0.159303 -0.21635 -0.130537 -2.18657 -6.46816 -8.34306 -7.5397 -6.49215 -5.77415 -5.32344 -4.8441 -4.41872 -4.05109 -3.69652 -3.33841 -2.96358 -2.58236 -2.22417 -1.88819 -1.58882 -1.32184 -1.02869 -0.721675
94.86 -0.159494 -0.216636 -0.13092 -2.18689 -6.46835 -8.34325 -7.5399 -6.49236 -5.77436 -5.32366 -4.84431 -4.41893 -4.05129 -3.69671 -3.33859 -2.96375 -2.58251 -2.22431 -1.88832 -1.58893 -1.32193 -1.02876 -0.721733
94.91 -0.159686 -0.216922 -0.131301 -2.18721 -6.46854 -8.34343 -7.54009 -6.49257 -5.77458 -5.32387 -4.84452 -4.41913 -4.05149 -3.6969 -3.33876 -2.96391 -2.58266 -2.22445 -1.88844 -1.58904 -1.32203 -1.02884 -0.721791
94.96 -0.159877 -0.217207 -0.131682 -2.18753 -6.46874 -8.34361 -7.54029 -6.49278 -5.77479 -5.32409 -4.84474 -4.41934 -4.05169 -3.69709 -3.33894 -2.96408 -2.58281 -2.22459 -1.88856 -1.58914 -1.32212 -1.02891 -0.721848
95.01 -0.160067 -0.217492 -0.132063 -2.18785 -6.46893 -8.34379 -7.54048 -6.49299 -5.77501 -5.3243 -4.84495 -4.41955 -4.05188 -3.69727 -3.33911 -2.96424 -2.58296 -2.22472 -1.88869 -1.58925 -1.32221 -1.02899 -0.721906
95.06 -0.160258 -0.217776 -0.132443 -2.18817 -6.46913 -8.34397 -7.54068 -6.49319 -5.77522 -5.32451 -4.84516 -4.41975 -4.05208 -3.69746 -3.33929 -2.9644 -2.58311 -2.22486 -1.88881 -1.58936 -1.3223 -1.02906 -0.721963
95.11 -0.160448 -0.21806 -0.132822 -2.18849 -6.46932 -8.34415 -7.54087 -6.4934 -5.77543 -5.32473 -4.84537 -4.41996 -4.05228 -3.69765 -3.33946 -2.96456 -2.58326 -2.225 -1.88893 -1.58947 -1.32239 -1.02914 -0.722021
95.16 -0.160637 -0.218343 -0.133201 -2.1888 -6.46951 -8.34433 -7.54107 -6.49361 -5.77565 -5.32494 -4.84558 -4.42016 -4.05247 -3.69783 -3.33964 -2.96473 -2.58341 -2.22513 -1.88906 -1.58958 -1.32248 -1.02921 -0.722078
95.21 -0.160827 -0.218626 -0.133579 -2.18912 -6.4697 -8.34451 -7.54126 -6.49382 -5.77586 -5.32515 -4.84579 -4.42036 -4.05267 -3.69802 -3.33981 -2.96489 -2.58356 -2.22527 -1.88918 -1.58968 -1.32257 -1.02929 -0.722135
95.26 -0.161016 -0.218909 -0.133956 -2.18944 -6.46989 -8.34469 -7.54145 -6.49402 -5.77608 -5.32537 -4.846 -4.42057 -4.05286 -3.6982 -3.33998 -2.96505 -2.58371 -2.22541 -1.8893 -1.58979 -1.32266 -1.02936 -0.722192
95.31 -0.161205 -0.219191 -0.134333 -2.18975 -6.47009 -8.34487 -7.54165 -6.49423 -5.77629 -5.32558 -4.84621 -4.42077 -4.05306 -3.69839 -3.34016 -2.96521 -2.58386 -2.22554 -1.88942 -1.5899 -1.32276 -1.02943 -0.722249
95.36 -0.161393 -0.219472 -0.134709 -2.19007 -6.47028 -8.34504 -7.54184 -6.49444 -5.7765 -5.32579 -4.84642 -4.42098 -4.05325 -3.69857 -3.34033 -2.96537 -2.58401 -2.22568 -1.88954 -1.59 -1.32285 -1.02951 -0.722306
95.41 -0.161581 -0.219753 -0.135085 -2.19038 -6.47047 -8.34522 -7.54203 -6.49464 -5.77671 -5.326 -4.84663 -4.42118 -4.05345 -3.69875 -3.3405 -2.96553 -2.58416 -2.22581 -1.88967 -1.59011 -1.32294 -1.02958 -0.722362
95.46 -0.161769 -0.220034 -0.13546 -2.1907 -6.47066 -8.3454 -7.54222 -6.49485 -5.77692 -5.32621 -4.84684 -4.42138 -4.05364 -3.69894 -3.34068 -2.96569 -2.5843 -2.22595 -1.88979 -1.59022 -1.32303 -1.02966 -0.722419
95.51 -0.161957 -0.220314 -0.135834 -2.19101 -6.47085 -8.34558 -7.54242 -6.49505 -5.77713 -5.32642 -4.84705 -4.42158 -4.05384 -3.69912 -3.34085 -2.96585 -2.58445 -2.22608 -1.88991 -1.59032 -1.32312 -1.02973 -0.722475
95.56 -0.162144 -0.220594 -0.136208 -2.19133 -6.47104 -8.34576 -7.54261 -6.49526 -5.77735 -5.32664 -4.84725 -4.42179 -4.05403 -3.6993 -3.34102 -2.96601 -2.5846 -2.22622 -1.89003 -1.59043 -1.32321 -1.0298 -0.722532
95.61 -0.162331 -0.220873 -0.136581 -2.19164 -6.47123 -8.34593 -7.5428 -6.49546 -5.77756 -5.32685 -4.84746 -4.42199 -4.05422 -3.69949 -3.34119 -2.96617 -2.58475 -2.22635 -1.89015 -1.59053 -1.32329 -1.02988 -0.722588
95.66 -0.162518 -0.221152 -0.136954 -2.19195 -6.47142 -8.34611 -7.54299 -6.49566 -5.77777 -5.32706 -4.84767 -4.42219 -4.05442 -3.69967 -3.34136 -2.96633 -2.58489 -2.22649 -1.89027 -1.59064 -1.32338 -1.02995 -0.722644
95.71 -0.162704 -0.22143 -0.137325 -2.19226 -6.47161 -8.34629 -7.54318 -6.49587 -5.77798 -5.32726 -4.84788 -4.42239 -4.05461 -3.69985 -3.34153 -2.96649 -2.58504 -2.22662 -1.89039 -1.59074 -1.32347 -1.03002 -0.7227
95.76 -0.16289 -0.221708 -0.137697 -2.19258 -6.4718 -8.34646 -7.54337 -6.49607 -5.77819 -5.32747 -4.84808 -4.42259 -4.0548 -3.70003 -3.3417 -2.96665 -2.58519 -2.22675 -1.89051 -1.59085 -1.32356 -1.0301 -0.722756
95.81 -0.163076 -0.221986 -0.138068 -2.19289 -6.47199 -8.34664 -7.54356 -6.49628 -5.7784 -5.32768 -4.84829 -4.42279 -4.05499 -3.70022 -3.34187 -2.96681 -2.58533 -2.22689 -1.89063 -1.59095 -1.32365 -1.03017 -0.722812
95.86 -0.163261 -0.222263 -0.138438 -2.1932 -6.47217 -8.34681 -7.54375 -6.49648 -5.7786 -5.32789 -4.84849 -4.42299 -4.05518 -3.7004 -3.34204 -2.96697 -2.58548 -2.22702 -1.89075 -1.59106 -1.32374 -1.03024 -0.722868
95.91 -0.163447 -0.222539 -0.138807 -2.19351 -6.47236 -8.34699 -7.54394 -6.49668 -5.77881 -5.3281 -4.8487 -4.42319 -4.05538 -3.70058 -3.34221 -2.96712 -2.58563 -2.22715 -1.89087 -1.59116 -1.32383 -1.03031 -0.722923
95.96 -0.163631 -0.222815 -0.139176 -2.19382 -6.47255 -8.34716 -7.54413 -6.49688 -5.77902 -5.32831 -4.8489 -4.42339 -4.05557 -3.70076 -3.34238 -2.96728 -2.58577 -2.22729 -1.89099 -1.59127 -1.32392 -1.03039 -0.722979
96.01 -0.163816 -0.223091 -0.139545 -2.19413 -6.47274 -8.34734 -7.54432 -6.49708 -5.77923 -5.32851 -4.84911 -4.42359 -4.05576 -3.70094 -3.34255 -2.96744 -2.58592 -2.22742 -1.89111 -1.59137 -1.324 -1.03046 -0.723034
96.06 -0.164 -0.223366 -0.139912 -2.19444 -6.47292 -8.34751 -7.5445 -6.49729 -5.77944 -5.32872 -4.84931 -4.42379 -4.05595 -3.70112 -3.34272 -2.9676 -2.58606 -2.22755 -1.89122 -1.59147 -1.32409 -1.03053 -0.723089
96.11 -0.164184 -0.223641 -0.14028 -2.19474 -6.47311 -8.34769 -7.54469 -6.49749 -5.77964 -5.32893 -4.84952 -4.42399 -4.05614 -3.7013 -3.34289 -2.96775 -2.58621 -2.22768 -1.89134 -1.59158 -1.32418 -1.0306 -0.723145
96.16 -0.164368 -0.223915 -0.140646 -2.19505 -6.4733 -8.34786 -7.54488 -6.49769 -5.77985 -5.32913 -4.84972 -4.42418 -4.05633 -3.70148 -3.34306 -2.96791 -2.58635 -2.22781 -1.89146 -1.59168 -1.32427 -1.03067 -0.7232
96.21 -0.164551 -0.224189 -0.141012 -2.19536 -6.47348 -8.34804 -7.54507 -6.49789 -5.78006 -5.32934 -4.84992 -4.42438 -4.05652 -3.70166 -3.34322 -2.96807 -2.5865 -2.22795 -1.89158 -1.59179 -1.32436 -1.03074 -0.723255
96.26 -0.164734 -0.224462 -0.141378 -2.19566 -6.47367 -8.34821 -7.54525 -6.49809 -5.78026 -5.32955 -4.85013 -4.42458 -4.0567 -3.70184 -3.34339 -2.96822 -2.58664 -2.22808 -1.8917 -1.59189 -1.32444 -1.03082 -0.72331
96.31 -0.164917 -0.224735 -0.141742 -2.19597 -6.47385 -8.34838 -7.54544 -6.49829 -5.78047 -5.32975 -4.85033 -4.42478 -4.05689 -3.70201 -3.34356 -2.96838 -2.58678 -2.22821 -1.89181 -1.59199 -1.32453 -1.03089 -0.723364
96.36 -0.1651 -0.225008 -0.142107 -2.19628 -6.47404 -8.34856 -7.54563 -6.49849 -5.78067 -5.32996 -4.85053 -4.42497 -4.05708 -3.70219 -3.34373 -2.96853 -2.58693 -2.22834 -1.89193 -1.59209 -1.32462 -1.03096 -0.723419
96.41 -0.165282 -0.22528 -0.14247 -2.19658 -6.47423 -8.34873 -7.54581 -6.49869 -5.78088 -5.33016 -4.85073 -4.42517 -4.05727 -3.70237 -3.34389 -2.96869 -2.58707 -2.22847 -1.89205 -1.5922 -1.3247 -1.03103 -0.723474
96.46 -0.165464 -0.225552 -0.142833 -2.19689 -6.47441 -8.3489 -7.546 -6.49889 -5.78108 -5.33037 -4.85094 -4.42537 -4.05746 -3.70255 -3.34406 -2.96884 -2.58721 -2.2286 -1.89217 -1.5923 -1.32479 -1.0311 -0.723528
96.51 -0.165645 -0.225823 -0.143196 -2.19719 -6.47459 -8.34907 -7.54619 -6.49908 -5.78129 -5.33057 -4.85114 -4.42556 -4.05764 -3.70272 -3.34423 -2.969 -2.58736 -2.22873 -1.89228 -1.5924 -1.32488 -1.03117 -0.723582
96.56 -0.165826 -0.226094 -0.143558 -2.19749 -6.47478 -8.34924 -7.54637 -6.49928 -5.78149 -5.33077 -4.85134 -4.42576 -4.05783 -3.7029 -3.34439 -2.96915 -2.5875 -2.22886 -1.8924 -1.5925 -1.32496 -1.03124 -0.723637
96.61 -0.166007 -0.226364 -0.143919 -2.1978 -6.47496 -8.34942 -7.54656 -6.49948 -5.7817 -5.33098 -4.85154 -4.42595 -4.05802 -3.70308 -3.34456 -2.96931 -2.58764 -2.22899 -1.89251 -1.59261 -1.32505 -1.03131 -0.723691
96.66 -0.166188 -0.226634 -0.14428 -2.1981 -6.47515 -8.34959 -7.54674 -6.49968 -5.7819 -5.33118 -4.85174 -4.42615 -4.0582 -3.70325 -3.34472 -2.96946 -2.58778 -2.22912 -1.89263 -1.59271 -1.32514 -1.03138 -0.723745
96.71 -0.166369 -0.226903 -0.14464 -2.1984 -6.47533 -8.34976 -7.54693 -6.49988 -5.7821 -5.33138 -4.85194 -4.42634 -4.05839 -3.70343 -3.34489 -2.96961 -2.58792 -2.22925 -1.89275 -1.59281 -1.32522 -1.03145 -0.723799
96.76 -0.166549 -0.227172 -0.144999 -2.1987 -6.47551 -8.34993 -7.54711 -6.50007 -5.78231 -5.33158 -4.85214 -4.42654 -4.05858 -3.70361 -3.34505 -2.96977 -2.58807 -2.22938 -1.89286 -1.59291 -1.32531 -1.03152 -0.723852
96.81 -0.166728 -0.227441 -0.145358 -2.19901 -6.47569 -8.3501 -7.54729 -6.50027 -5.78251 -5.33179 -4.85234 -4.42673 -4.05876 -3.70378 -3.34522 -2.96992 -2.58821 -2.22951 -1.89298 -1.59301 -1.32539 -1.03159 -0.723906
96.86 -0.166908 -0.227709 -0.145716 -2.19931 -6.47588 -8.35027 -7.54748 -6.50047 -5.78271 -5.33199 -4.85254 -4.42692 -4.05895 -3.70396 -3.34538 -2.97007 -2.58835 -2.22963 -1.89309 -1.59311 -1.32548 -1.03166 -0.72396
96.91 -0.167087 -0.227977 -0.146074 -2.19961 -6.47606 -8.35044 -7.54766 -6.50066 -5.78291 -5.33219 -4.85274 -4.42712 -4.05913 -3.70413 -3.34555 -2.97023 -2.58849 -2.22976 -1.89321 -1.59321 -1.32556 -1.03173 -0.724013
96.96 -0.167266 -0.228244 -0.146431 -2.19991 -6.47624 -8.35061 -7.54784 -6.50086 -5.78311 -5.33239 -4.85294 -4.42731 -4.05932 -3.70431 -3.34571 -2.97038 -2.58863 -2.22989 -1.89332 -1.59331 -1.32565 -1.0318 -0.724067
97.01 -0.167445 -0.228511 -0.146788 -2.20021 -6.47642 -8.35078 -7.54803 -6.50105 -5.78332 -5.33259 -4.85313 -4.4275 -4.0595 -3.70448 -3.34587 -2.97053 -2.58877 -2.23002 -1.89344 -1.59341 -1.32573 -1.03187 -0.72412
97.06 -0.167623 -0.228777 -0.147144 -2.2005 -6.4766 -8.35095 -7.54821 -6.50125 -5.78352 -5.33279 -4.85333 -4.42769 -4.05968 -3.70465 -3.34604 -2.97068 -2.58891 -2.23015 -1.89355 -1.59351 -1.32582 -1.03194 -0.724173
97.11 -0.167801 -0.229043 -0.1475 -2.2008 -6.47678 -8.35112 -7.54839 -6.50144 -5.78372 -5.33299 -4.85353 -4.42788 -4.05987 -3.70483 -3.3462 -2.97083 -2.58905 -2.23027 -1.89367 -1.59361 -1.3259 -1.03201 -0.724226
97.16 -0.167979 -0.229309 -0.147855 -2.2011 -6.47696 -8.35128 -7.54857 -6.50164 -5.78392 -5.33319 -4.85373 -4.42808 -4.06005 -3.705 -3.34636 -2.97098 -2.58919 -2.2304 -1.89378 -1.59371 -1.32599 -1.03208 -0.724279
97.21 -0.168157 -0.229574 -0.148209 -2.2014 -6.47714 -8.35145 -7.54875 -6.50183 -5.78412 -5.33339 -4.85392 -4.42827 -4.06023 -3.70517 -3.34652 -2.97113 -2.58933 -2.23053 -1.89389 -1.59381 -1.32607 -1.03215 -0.724332
97.26 -0.168334 -0.229839 -0.148563 -2.20169 -6.47732 -8.35162 -7.54893 -6.50202 -5.78432 -5.33359 -4.85412 -4.42846 -4.06042 -3.70535 -3.34668 -2.97129 -2.58947 -2.23065 -1.89401 -1.59391 -1.32616 -1.03222 -0.724385
97.31 -0.168511 -0.230103 -0.148916 -2.20199 -6.4775 -8.35179 -7.54912 -6.50222 -5.78451 -5.33379 -4.85431 -4.42865 -4.0606 -3.70552 -3.34685 -2.97144 -2.58961 -2.23078 -1.89412 -1.59401 -1.32624 -1.03229 -0.724438
97.36 -0.168687 -0.230367 -0.149268 -2.20229 -6.47768 -8.35196 -7.5493 -6.50241 -5.78471 -5.33399 -4.85451 -4.42884 -4.06078 -3.70569 -3.34701 -2.97159 -2.58974 -2.23091 -1.89423 -1.59411 -1.32632 -1.03236 -0.72449
97.41 -0.168864 -0.23063 -0.14962 -2.20258 -6.47786 -8.35212 -7.54948 -6.5026 -5.78491 -5.33418 -4.85471 -4.42903 -4.06096 -3.70586 -3.34717 -2.97174 -2.58988 -2.23103 -1.89435 -1.59421 -1.32641 -1.03242 -0.724543
97.46 -0.16904 -0.230893 -0.149972 -2.20288 -6.47804 -8.35229 -7.54966 -6.5028 -5.78511 -5.33438 -4.8549 -4.42922 -4.06114 -3.70604 -3.34733 -2.97189 -2.59002 -2.23116 -1.89446 -1.59431 -1.32649 -1.03249 -0.724595
97.51 -0.169215 -0.231156 -0.150323 -2.20317 -6.47822 -8.35246 -7.54984 -6.50299 -5.78531 -5.33458 -4.8551 -4.42941 -4.06132 -3.70621 -3.34749 -2.97203 -2.59016 -2.23128 -1.89457 -1.59441 -1.32657 -1.03256 -0.724648
97.56 -0.169391 -0.231418 -0.150673 -2.20347 -6.4784 -8.35262 -7.55002 -6.50318 -5.78551 -5.33478 -4.85529 -4.4296 -4.0615 -3.70638 -3.34765 -2.97218 -2.5903 -2.23141 -1.89468 -1.5945 -1.32666 -1.03263 -0.7247
97.61 -0.169566 -0.23168 -0.151023 -2.20376 -6.47857 -8.35279 -7.55019 -6.50337 -5.7857 -5.33497 -4.85548 -4.42979 -4.06169 -3.70655 -3.34781 -2.97233 -2.59043 -2.23153 -1.8948 -1.5946 -1.32674 -1.0327 -0.724752
97.66 -0.169741 -0.231941 -0.151372 -2.20405 -6.47875 -8.35295 -7.55037 -6.50356 -5.7859 -5.33517 -4.85568 -4.42997 -4.06187 -3.70672 -3.34797 -2.97248 -2.59057 -2.23166 -1.89491 -1.5947 -1.32682 -1.03276 -0.724804
97.71 -0.169916 -0.232202 -0.151721 -2.20434 -6.47893 -8.35312 -7.55055 -6.50375 -5.7861 -5.33537 -4.85587 -4.43016 -4.06205 -3.70689 -3.34813 -2.97263 -2.59071 -2.23178 -1.89502 -1.5948 -1.32691 -1.03283 -0.724856
97.76 -0.17009 -0.232462 -0.152069 -2.20464 -6.47911 -8.35328 -7.55073 -6.50394 -5.78629 -5.33556 -4.85607 -4.43035 -4.06222 -3.70706 -3.34829 -2.97278 -2.59084 -2.23191 -1.89513 -1.5949 -1.32699 -1.0329 -0.724908
97.81 -0.170264 -0.232722 -0.152416 -2.20493 -6.47928 -8.35345 -7.55091 -6.50413 -5.78649 -5.33576 -4.85626 -4.43054 -4.0624 -3.70723 -3.34845 -2.97293 -2.59098 -2.23203 -1.89524 -1.59499 -1.32707 -1.03297 -0.724959
97.86 -0.170438 -0.232982 -0.152763 -2.20522 -6.47946 -8.35361 -7.55109 -6.50432 -5.78668 -5.33595 -4.85645 -4.43072 -4.06258 -3.7074 -3.34861 -2.97307 -2.59112 -2.23216 -1.89535 -1.59509 -1.32715 -1.03303 -0.725011
97.91 -0.170611 -0.233241 -0.153109 -2.20551 -6.47964 -8.35378 -7.55126 -6.50451 -5.78688 -5.33615 -4.85664 -4.43091 -4.06276 -3.70757 -3.34876 -2.97322 -2.59125 -2.23228 -1.89546 -1.59519 -1.32724 -1.0331 -0.725062
97.96 -0.170784 -0.2335 -0.153455 -2.2058 -6.47981 -8.35394 -7.55144 -6.5047 -5.78707 -5.33634 -4.85683 -4.4311 -4.06294 -3.70773 -3.34892 -2.97337 -2.59139 -2.2324 -1.89558 -1.59528 -1.32732 -1.03317 -0.725114
98.01 -0.170957 -0.233758 -0.153801 -2.20609 -6.47999 -8.35411 -7.55162 -6.50489 -5.78727 -5.33654 -4.85703 -4.43128 -4.06312 -3.7079 -3.34908 -2.97351 -2.59152 -2.23253 -1.89569 -1.59538 -1.3274 -1.03324 -0.725165
98.06 -0.17113 -0.234016 -0.154145 -2.20638 -6.48016 -8.35427 -7.55179 -6.50508 -5.78746 -5.33673 -4.85722 -4.43147 -4.0633 -3.70807 -3.34924 -2.97366 -2.59166 -2.23265 -1.8958 -1.59548 -1.32748 -1.0333 -0.725216
98.11 -0.171302 -0.234273 -0.154489 -2.20667 -6.48034 -8.35443 -7.55197 -6.50527 -5.78766 -5.33692 -4.85741 -4.43165 -4.06347 -3.70824 -3.3494 -2.97381 -2.59179 -2.23277 -1.89591 -1.59557 -1.32756 -1.03337 -0.725267
98.16 -0.171474 -0.23453 -0.154833 -2.20696 -6.48051 -8.3546 -7.55215 -6.50546 -5.78785 -5.33712 -4.8576 -4.43184 -4.06365 -3.70841 -3.34955 -2.97395 -2.59193 -2.23289 -1.89602 -1.59567 -1.32764 -1.03344 -0.725318
98.21 -0.171646 -0.234787 -0.155176 -2.20724 -6.48069 -8.35476 -7.55232 -6.50565 -5.78804 -5.33731 -4.85779 -4.43202 -4.06383 -3.70857 -3.34971 -2.9741 -2.59206 -2.23302 -1.89613 -1.59577 -1.32773 -1.0335 -0.725369
98.26 -0.171818 -0.235043 -0.155518 -2.20753 -6.48086 -8.35492 -7.5525 -6.50583 -5.78824 -5.3375 -4.85798 -4.43221 -4.064 -3.70874 -3.34987 -2.97424 -2.5922 -2.23314 -1.89624 -1.59586 -1.32781 -1.03357 -0.72542
98.31 -0.171989 -0.235299 -0.15586 -2.20782 -6.48103 -8.35508 -7.55267 -6.50602 -5.78843 -5.33769 -4.85817 -4.43239 -4.06418 -3.70891 -3.35002 -2.97439 -2.59233 -2.23326 -1.89635 -1.59596 -1.32789 -1.03364 -0.725471
98.36 -0.17216 -0.235554 -0.156202 -2.2081 -6.48121 -8.35525 -7.55285 -6.50621 -5.78862 -5.33789 -4.85836 -4.43258 -4.06436 -3.70907 -3.35018 -2.97453 -2.59246 -2.23338 -1.89645 -1.59605 -1.32797 -1.0337 -0.725522
98.41 -0.172331 -0.235809 -0.156542 -2.20839 -6.48138 -8.35541 -7.55302 -6.50639 -5.78881 -5.33808 -4.85855 -4.43276 -4.06453 -3.70924 -3.35033 -2.97468 -2.5926 -2.2335 -1.89656 -1.59615 -1.32805 -1.03377 -0.725572
98.46 -0.172501 -0.236064 -0.156883 -2.20868 -6.48155 -8.35557 -7.5532 -6.50658 -5.78901 -5.33827 -4.85874 -4.43294 -4.06471 -3.70941 -3.35049 -2.97482 -2.59273 -2.23363 -1.89667 -1.59624 -1.32813 -1.03383 -0.725623
98.51 -0.172671 -0.236318 -0.157222 -2.20896 -6.48173 -8.35573 -7.55337 -6.50677 -5.7892 -5.33846 -4.85892 -4.43313 -4.06488 -3.70957 -3.35064 -2.97497 -2.59286 -2.23375 -1.89678 -1.59634 -1.32821 -1.0339 -0.725673
98.56 -0.172841 -0.236572 -0.157561 -2.20925 -6.4819 -8.35589 -7.55354 -6.50695 -5.78939 -5.33865 -4.85911 -4.43331 -4.06506 -3.70974 -3.3508 -2.97511 -2.593 -2.23387 -1.89689 -1.59643 -1.32829 -1.03396 -0.725723
98.61 -0.173011 -0.236825 -0.1579 -2.20953 -6.48207 -8.35605 -7.55372 -6.50714 -5.78958 -5.33884 -4.8593 -4.43349 -4.06523 -3.7099 -3.35095 -2.97526 -2.59313 -2.23399 -1.897 -1.59653 -1.32837 -1.03403 -0.725773
98.66 -0.17318 -0.237078 -0.158238 -2.20981 -6.48224 -8.35621 -7.55389 -6.50732 -5.78977 -5.33903 -4.85949 -4.43367 -4.0654 -3.71007 -3.35111 -2.9754 -2.59326 -2.23411 -1.8971 -1.59662 -1.32845 -1.0341 -0.725823
98.71 -0.173349 -0.23733 -0.158576 -2.2101 -6.48242 -8.35637 -7.55406 -6.50751 -5.78996 -5.33922 -4.85967 -4.43386 -4.06558 -3.71023 -3.35126 -2.97554 -2.59339 -2.23423 -1.89721 -1.59672 -1.32853 -1.03416 -0.725873
98.76 -0.173518 -0.237583 -0.158913 -2.21038 -6.48259 -8.35653 -7.55423 -6.50769 -5.79015 -5.33941 -4.85986 -4.43404 -4.06575 -3.71039 -3.35141 -2.97568 -2.59353 -2.23435 -1.89732 -1.59681 -1.32861 -1.03423 -0.725923
98.81 -0.173686 -0.237834 -0.159249 -2.21066 -6.48276 -8.35669 -7.55441 -6.50788 -5.79034 -5.3396 -4.86005 -4.43422 -4.06593 -3.71056 -3.35157 -2.97583 -2.59366 -2.23447 -1.89743 -1.5969 -1.32869 -1.03429 -0.725973
98.86 -0.173854 -0.238085 -0.159585 -2.21094 -6.48293 -8.35685 -7.55458 -6.50806 -5.79053 -5.33979 -4.86023 -4.4344 -4.0661 -3.71072 -3.35172 -2.97597 -2.59379 -2.23459 -1.89753 -1.597 -1.32877 -1.03436 -0.726023
98.91 -0.174022 -0.238336 -0.15992 -2.21123 -6.4831 -8.35701 -7.55475 -6.50824 -5.79072 -5.33998 -4.86042 -4.43458 -4.06627 -3.71089 -3.35187 -2.97611 -2.59392 -2.23471 -1.89764 -1.59709 -1.32885 -1.03442 -0.726072
98.96 -0.17419 -0.238587 -0.160255 -2.21151 -6.48327 -8.35717 -7.55492 -6.50843 -5.79091 -5.34016 -4.86061 -4.43476 -4.06644 -3.71105 -3.35203 -2.97625 -2.59405 -2.23483 -1.89775 -1.59719 -1.32893 -1.03448 -0.726122
99.01 -0.174357 -0.238837 -0.160589 -2.21179 -6.48344 -8.35733 -7.55509 -6.50861 -5.7911 -5.34035 -4.86079 -4.43494 -4.06662 -3.71121 -3.35218 -2.9764 -2.59418 -2.23495 -1.89786 -1.59728 -1.32901 -1.03455 -0.726171
99.06 -0.174524 -0.239086 -0.160923 -2.21207 -6.48361 -8.35749 -7.55526 -6.50879 -5.79128 -5.34054 -4.86098 -4.43512 -4.06679 -3.71137 -3.35233 -2.97654 -2.59431 -2.23506 -1.89796 -1.59737 -1.32908 -1.03461 -0.72622
99.11 -0.174691 -0.239336 -0.161256 -2.21235 -6.48378 -8.35764 -7.55543 -6.50897 -5.79147 -5.34073 -4.86116 -4.4353 -4.06696 -3.71154 -3.35248 -2.97668 -2.59444 -2.23518 -1.89807 -1.59746 -1.32916 -1.03468 -0.72627
99.16 -0.174858 -0.239584 -0.161588 -2.21263 -6.48395 -8.3578 -7.5556 -6.50916 -5.79166 -5.34091 -4.86135 -4.43548 -4.06713 -3.7117 -3.35263 -2.97682 -2.59457 -2.2353 -1.89817 -1.59756 -1.32924 -1.03474 -0.726319
99.21 -0.175024 -0.239833 -0.161921 -2.2129 -6.48412 -8.35796 -7.55577 -6.50934 -5.79185 -5.3411 -4.86153 -4.43566 -4.0673 -3.71186 -3.35279 -2.97696 -2.5947 -2.23542 -1.89828 -1.59765 -1.32932 -1.03481 -0.726368
99.26 -0.17519 -0.240081 -0.162252 -2.21318 -6.48428 -8.35812 -7.55594 -6.50952 -5.79203 -5.34129 -4.86171 -4.43583 -4.06747 -3.71202 -3.35294 -2.9771 -2.59483 -2.23554 -1.89839 -1.59774 -1.3294 -1.03487 -0.726417
99.31 -0.175356 -0.240329 -0.162583 -2.21346 -6.48445 -8.35827 -7.55611 -6.5097 -5.79222 -5.34147 -4.8619 -4.43601 -4.06764 -3.71218 -3.35309 -2.97724 -2.59496 -2.23565 -1.89849 -1.59783 -1.32948 -1.03493 -0.726465
99.36 -0.175521 -0.240576 -0.162913 -2.21374 -6.48462 -8.35843 -7.55628 -6.50988 -5.7924 -5.34166 -4.86208 -4.43619 -4.06781 -3.71234 -3.35324 -2.97738 -2.59509 -2.23577 -1.8986 -1.59793 -1.32955 -1.035 -0.726514
99.41 -0.175687 -0.240823 -0.163243 -2.21401 -6.48479 -8.35859 -7.55645 -6.51006 -5.79259 -5.34184 -4.86226 -4.43637 -4.06798 -3.7125 -3.35339 -2.97752 -2.59522 -2.23589 -1.8987 -1.59802 -1.32963 -1.03506 -0.726563
99.46 -0.175852 -0.241069 -0.163573 -2.21429 -6.48496 -8.35874 -7.55662 -6.51024 -5.79278 -5.34203 -4.86244 -4.43655 -4.06815 -3.71266 -3.35354 -2.97766 -2.59535 -2.23601 -1.89881 -1.59811 -1.32971 -1.03512 -0.726611
99.51 -0.176016 -0.241315 -0.163901 -2.21457 -6.48512 -8.3589 -7.55679 -6.51042 -5.79296 -5.34221 -4.86263 -4.43672 -4.06832 -3.71282 -3.35369 -2.9778 -2.59548 -2.23612 -1.89891 -1.5982 -1.32979 -1.03519 -0.72666
99.56 -0.176181 -0.241561 -0.16423 -2.21484 -6.48529 -8.35906 -7.55696 -6.5106 -5.79315 -5.3424 -4.86281 -4.4369 -4.06849 -3.71298 -3.35384 -2.97794 -2.5956 -2.23624 -1.89901 -1.59829 -1.32986 -1.03525 -0.726708
99.61 -0.176345 -0.241806 -0.164558 -2.21512 -6.48546 -8.35921 -7.55712 -6.51078 -5.79333 -5.34258 -4.86299 -4.43708 -4.06866 -3.71314 -3.35399 -2.97808 -2.59573 -2.23636 -1.89912 -1.59838 -1.32994 -1.03531 -0.726757
99.66 -0.176509 -0.242051 -0.164885 -2.21539 -6.48562 -8.35937 -7.55729 -6.51096 -5.79352 -5.34277 -4.86317 -4.43725 -4.06883 -3.7133 -3.35414 -2.97822 -2.59586 -2.23647 -1.89922 -1.59847 -1.33002 -1.03538 -0.726805
99.71 -0.176672 -0.242295 -0.165211 -2.21567 -6.48579 -8.35952 -7.55746 -6.51114 -5.7937 -5.34295 -4.86335 -4.43743 -4.06899 -3.71346 -3.35429 -2.97835 -2.59599 -2.23659 -1.89933 -1.59857 -1.33009 -1.03544 -0.726853
99.76 -0.176836 -0.242539 -0.165538 -2.21594 -6.48596 -8.35968 -7.55763 -6.51132 -5.79388 -5.34313 -4.86353 -4.4376 -4.06916 -3.71362 -3.35443 -2.97849 -2.59611 -2.2367 -1.89943 -1.59866 -1.33017 -1.0355 -0.726901
99.81 -0.176999 -0.242783 -0.165863 -2.21621 -6.48612 -8.35983 -7.55779 -6.5115 -5.79407 -5.34332 -4.86371 -4.43778 -4.06933 -3.71378 -3.35458 -2.97863 -2.59624 -2.23682 -1.89953 -1.59875 -1.33025 -1.03556 -0.726949
99.86 -0.177161 -0.243026 -0.166188 -2.21649 -6.48629 -8.35999 -7.55796 -6.51167 -5.79425 -5.3435 -4.86389 -4.43795 -4.0695 -3.71393 -3.35473 -2.97877 -2.59637 -2.23694 -1.89964 -1.59884 -1.33032 -1.03563 -0.726997
99.91 -0.177324 -0.243269 -0.166513 -2.21676 -6.48645 -8.36014 -7.55813 -6.51185 -5.79443 -5.34368 -4.86407 -4.43813 -4.06966 -3.71409 -3.35488 -2.9789 -2.5965 -2.23705 -1.89974 -1.59893 -1.3304 -1.03569 -0.727044
99.96 -0.177486 -0.243511 -0.166837 -2.21703 -6.48662 -8.36029 -7.55829 -6.51203 -5.79461 -5.34386 -4.86425 -4.4383 -4.06983 -3.71425 -3.35503 -2.97904 -2.59662 -2.23717 -1.89984 -1.59902 -1.33048 -1.03575 -0.727092
100.01 -0.177648 -0.243753 -0.167161 -2.2173 -6.48678 -8.36045 -7.55846 -6.51221 -5.7948 -5.34404 -4.86443 -4.43848 -4.07 -3.71441 -3.35517 -2.97918 -2.59675 -2.23728 -1.89995 -1.59911 -1.33055 -1.03581 -0.72714
100.06 -0.17781 -0.243995 -0.167484 -2.21757 -6.48695 -8.3606 -7.55862 -6.51238 -5.79498 -5.34423 -4.86461 -4.43865 -4.07016 -3.71456 -3.35532 -2.97932 -2.59687 -2.2374 -1.90005 -1.5992 -1.33063 -1.03588 -0.727187
100.11 -0.177971 -0.244236 -0.167806 -2.21784 -6.48711 -8.36075 -7.55879 -6.51256 -5.79516 -5.34441 -4.86479 -4.43882 -4.07033 -3.71472 -3.35547 -2.97945 -2.597 -2.23751 -1.90015 -1.59929 -1.3307 -1.03594 -0.727234
100.16 -0.178133 -0.244477 -0.168128 -2.21811 -6.48727 -8.36091 -7.55895 -6.51274 -5.79534 -5.34459 -4.86497 -4.439 -4.07049 -3.71488 -3.35561 -2.97959 -2.59712 -2.23762 -1.90025 -1.59938 -1.33078 -1.036 -0.727282
100.21 -0.178294 -0.244717 -0.168449 -2.21838 -6.48744 -8.36106 -7.55912 -6.51291 -5.79552 -5.34477 -4.86515 -4.43917 -4.07066 -3.71503 -3.35576 -2.97972 -2.59725 -2.23774 -1.90036 -1.59947 -1.33085 -1.03606 -0.727329
100.26 -0.178454 -0.244957 -0.16877 -2.21865 -6.4876 -8.36121 -7.55928 -6.51309 -5.7957 -5.34495 -4.86532 -4.43934 -4.07082 -3.71519 -3.35591 -2.97986 -2.59738 -2.23785 -1.90046 -1.59955 -1.33093 -1.03612 -0.727376
100.31 -0.178615 -0.245197 -0.169091 -2.21892 -6.48776 -8.36136 -7.55944 -6.51326 -5.79588 -5.34513 -4.8655 -4.43951 -4.07099 -3.71535 -3.35605 -2.97999 -2.5975 -2.23797 -1.90056 -1.59964 -1.33101 -1.03618 -0.727423
100.36 -0.178775 -0.245436 -0.16941 -2.21919 -6.48792 -8.36151 -7.55961 -6.51344 -5.79606 -5.34531 -4.86568 -4.43969 -4.07115 -3.7155 -3.3562 -2.98013 -2.59762 -2.23808 -1.90066 -1.59973 -1.33108 -1.03624 -0.72747
100.41 -0.178935 -0.245675 -0.16973 -2.21946 -6.48809 -8.36167 -7.55977 -6.51361 -5.79624 -5.34549 -4.86586 -4.43986 -4.07132 -3.71566 -3.35634 -2.98026 -2.59775 -2.23819 -1.90076 -1.59982 -1.33115 -1.03631 -0.727517
100.46 -0.179094 -0.245913 -0.170049 -2.21973 -6.48825 -8.36182 -7.55994 -6.51379 -5.79642 -5.34567 -4.86603 -4.44003 -4.07148 -3.71581 -3.35649 -2.9804 -2.59787 -2.2383 -1.90086 -1.59991 -1.33123 -1.03637 -0.727564
100.51 -0.179254 -0.246152 -0.170367 -2.21999 -6.48841 -8.36197 -7.5601 -6.51396 -5.7966 -5.34584 -4.86621 -4.4402 -4.07164 -3.71596 -3.35663 -2.98053 -2.598 -2.23842 -1.90096 -1.6 -1.3313 -1.03643 -0.72761
100.56 -0.179413 -0.246389 -0.170685 -2.22026 -6.48857 -8.36212 -7.56026 -6.51413 -5.79678 -5.34602 -4.86638 -4.44037 -4.07181 -3.71612 -3.35678 -2.98067 -2.59812 -2.23853 -1.90107 -1.60009 -1.33138 -1.03649 -0.727657
100.61 -0.179572 -0.246627 -0.171002 -2.22053 -6.48873 -8.36227 -7.56042 -6.51431 -5.79696 -5.3462 -4.86656 -4.44054 -4.07197 -3.71627 -3.35692 -2.9808 -2.59824 -2.23864 -1.90117 -1.60017 -1.33145 -1.03655 -0.727703
100.66 -0.17973 -0.246864 -0.171319 -2.22079 -6.4889 -8.36242 -7.56059 -6.51448 -5.79714 -5.34638 -4.86673 -4.44071 -4.07213 -3.71643 -3.35706 -2.98094 -2.59837 -2.23875 -1.90127 -1.60026 -1.33153 -1.03661 -0.72775
100.71 -0.179889 -0.2471 -0.171635 -2.22106 -6.48906 -8.36257 -7.56075 -6.51465 -5.79732 -5.34656 -4.86691 -4.44088 -4.0723 -3.71658 -3.35721 -2.98107 -2.59849 -2.23887 -1.90137 -1.60035 -1.3316 -1.03667 -0.727796
100.76 -0.180047 -0.247336 -0.171951 -2.22132 -6.48922 -8.36272 -7.56091 -6.51483 -5.79749 -5.34673 -4.86708 -4.44105 -4.07246 -3.71673 -3.35735 -2.9812 -2.59861 -2.23898 -1.90147 -1.60044 -1.33168 -1.03673 -0.727842
100.81 -0.180205 -0.247572 -0.172266 -2.22159 -6.48938 -8.36287 -7.56107 -6.515 -5.79767 -5.34691 -4.86726 -4.44122 -4.07262 -3.71689 -3.35749 -2.98134 -2.59874 -2.23909 -1.90157 -1.60052 -1.33175 -1.03679 -0.727888
100.86 -0.180362 -0.247808 -0.172581 -2.22185 -6.48954 -8.36302 -7.56123 -6.51517 -5.79785 -5.34709 -4.86743 -4.44139 -4.07278 -3.71704 -3.35764 -2.98147 -2.59886 -2.2392 -1.90167 -1.60061 -1.33182 -1.03685 -0.727934
100.91 -0.180519 -0.248043 -0.172895 -2.22211 -6.4897 -8.36317 -7.56139 -6.51534 -5.79803 -5.34726 -4.86761 -4.44156 -4.07294 -3.71719 -3.35778 -2.9816 -2.59898 -2.23931 -1.90177 -1.6007 -1.3319 -1.03691 -0.72798
100.96 -0.180676 -0.248277 -0.173208 -2.22238 -6.48986 -8.36332 -7.56155 -6.51551 -5.7982 -5.34744 -4.86778 -4.44173 -4.0731 -3.71734 -3.35792 -2.98173 -2.5991 -2.23942 -1.90187 -1.60078 -1.33197 -1.03697 -0.728026
101.01 -0.180833 -0.248511 -0.173522 -2.22264 -6.49002 -8.36346 -7.56171 -6.51569 -5.79838 -5.34762 -4.86795 -4.44189 -4.07326 -3.7175 -3.35806 -2.98187 -2.59922 -2.23953 -1.90196 -1.60087 -1.33204 -1.03703 -0.728072
101.06 -0.18099 -0.248745 -0.173834 -2.2229 -6.49017 -8.36361 -7.56187 -6.51586 -5.79856 -5.34779 -4.86813 -4.44206 -4.07343 -3.71765 -3.35821 -2.982 -2.59935 -2.23964 -1.90206 -1.60096 -1.33212 -1.03709 -0.728118
101.11 -0.181146 -0.248979 -0.174146 -2.22316 -6.49033 -8.36376 -7.56203 -6.51603 -5.79873 -5.34797 -4.8683 -4.44223 -4.07359 -3.7178 -3.35835 -2.98213 -2.59947 -2.23975 -1.90216 -1.60104 -1.33219 -1.03715 -0.728163
101.16 -0.181302 -0.249212 -0.174458 -2.22343 -6.49049 -8.36391 -7.56219 -6.5162 -5.79891 -5.34814 -4.86847 -4.4424 -4.07375 -3.71795 -3.35849 -2.98226 -2.59959 -2.23986 -1.90226 -1.60113 -1.33226 -1.03721 -0.728209
101.21 -0.181458 -0.249445 -0.174769 -2.22369 -6.49065 -8.36406 -7.56235 -6.51637 -5.79908 -5.34832 -4.86864 -4.44256 -4.07391 -3.7181 -3.35863 -2.98239 -2.59971 -2.23997 -1.90236 -1.60122 -1.33233 -1.03727 -0.728254
101.26 -0.181613 -0.249677 -0.17508 -2.22395 -6.49081 -8.3642 -7.56251 -6.51654 -5.79926 -5.34849 -4.86882 -4.44273 -4.07406 -3.71825 -3.35877 -2.98252 -2.59983 -2.24008 -1.90246 -1.6013 -1.33241 -1.03733 -0.7283
101.31 -0.181769 -0.249909 -0.17539 -2.22421 -6.49097 -8.36435 -7.56267 -6.51671 -5.79943 -5.34866 -4.86899 -4.4429 -4.07422 -3.7184 -3.35891 -2.98265 -2.59995 -2.24019 -1.90256 -1.60139 -1.33248 -1.03739 -0.728345
101.36 -0.181924 -0.250141 -0.175699 -2.22447 -6.49112 -8.3645 -7.56283 -6.51688 -5.79961 -5.34884 -4.86916 -4.44306 -4.07438 -3.71855 -3.35905 -2.98278 -2.60007 -2.2403 -1.90265 -1.60147 -1.33255 -1.03745 -0.72839
101.41 -0.182078 -0.250372 -0.176008 -2.22473 -6.49128 -8.36464 -7.56299 -6.51705 -5.79978 -5.34901 -4.86933 -4.44323 -4.07454 -3.7187 -3.35919 -2.98292 -2.60019 -2.24041 -1.90275 -1.60156 -1.33262 -1.03751 -0.728435
101.46 -0.182233 -0.250603 -0.176317 -2.22499 -6.49144 -8.36479 -7.56314 -6.51722 -5.79995 -5.34918 -4.8695 -4.4434 -4.0747 -3.71885 -3.35933 -2.98305 -2.60031 -2.24052 -1.90285 -1.60164 -1.3327 -1.03756 -0.72848
101.51 -0.182387 -0.250833 -0.176625 -2.22524 -6.49159 -8.36494 -7.5633 -6.51738 -5.80013 -5.34936 -4.86967 -4.44356 -4.07486 -3.719 -3.35947 -2.98318 -2.60043 -2.24063 -1.90295 -1.60173 -1.33277 -1.03762 -0.728525
101.56 -0.182541 -0.251063 -0.176933 -2.2255 -6.49175 -8.36508 -7.56346 -6.51755 -5.8003 -5.34953 -4.86984 -4.44373 -4.07502 -3.71915 -3.35961 -2.9833 -2.60055 -2.24074 -1.90304 -1.60181 -1.33284 -1.03768 -0.72857
101.61 -0.182695 -0.251293 -0.17724 -2.22576 -6.49191 -8.36523 -7.56362 -6.51772 -5.80047 -5.3497 -4.87001 -4.44389 -4.07517 -3.7193 -3.35975 -2.98343 -2.60067 -2.24085 -1.90314 -1.6019 -1.33291 -1.03774 -0.728615
101.66 -0.182848 -0.251522 -0.177546 -2.22602 -6.49206 -8.36537 -7.56377 -6.51789 -5.80064 -5.34987 -4.87018 -4.44406 -4.07533 -3.71945 -3.35989 -2.98356 -2.60079 -2.24096 -1.90324 -1.60198 -1.33298 -1.0378 -0.728659
101.71 -0.183002 -0.251751 -0.177853 -2.22627 -6.49222 -8.36552 -7.56393 -6.51806 -5.80082 -5.35005 -4.87035 -4.44422 -4.07549 -3.7196 -3.36003 -2.98369 -2.60091 -2.24106 -1.90333 -1.60207 -1.33305 -1.03786 -0.728704
101.76 -0.183155 -0.25198 -0.178158 -2.22653 -6.49237 -8.36566 -7.56409 -6.51822 -5.80099 -5.35022 -4.87052 -4.44438 -4.07564 -3.71974 -3.36017 -2.98382 -2.60103 -2.24117 -1.90343 -1.60215 -1.33313 -1.03792 -0.728749
101.81 -0.183307 -0.252208 -0.178463 -2.22679 -6.49253 -8.36581 -7.56424 -6.51839 -5.80116 -5.35039 -4.87069 -4.44455 -4.0758 -3.71989 -3.36031 -2.98395 -2.60114 -2.24128 -1.90353 -1.60224 -1.3332 -1.03797 -0.728793
101.86 -0.18346 -0.252436 -0.178768 -2.22704 -6.49268 -8.36595 -7.5644 -6.51856 -5.80133 -5.35056 -4.87086 -4.44471 -4.07596 -3.72004 -3.36045 -2.98408 -2.60126 -2.24139 -1.90362 -1.60232 -1.33327 -1.03803 -0.728837
101.91 -0.183612 -0.252663 -0.179072 -2.2273 -6.49284 -8.3661 -7.56455 -6.51872 -5.8015 -5.35073 -4.87102 -4.44487 -4.07611 -3.72019 -3.36058 -2.98421 -2.60138 -2.24149 -1.90372 -1.6024 -1.33334 -1.03809 -0.728882
101.96 -0.183764 -0.25289 -0.179376 -2.22755 -6.49299 -8.36624 -7.56471 -6.51889 -5.80167 -5.3509 -4.87119 -4.44504 -4.07627 -3.72033 -3.36072 -2.98433 -2.6015 -2.2416 -1.90382 -1.60249 -1.33341 -1.03815 -0.728926
102.01 -0.183916 -0.253117 -0.179679 -2.22781 -6.49315 -8.36639 -7.56486 -6.51905 -5.80185 -5.35107 -4.87136 -4.4452 -4.07642 -3.72048 -3.36086 -2.98446 -2.60162 -2.24171 -1.90391 -1.60257 -1.33348 -1.0382 -0.72897
102.06 -0.184067 -0.253343 -0.179981 -2.22806 -6.4933 -8.36653 -7.56502 -6.51922 -5.80202 -5.35124 -4.87153 -4.44536 -4.07658 -3.72063 -3.361 -2.98459 -2.60173 -2.24181 -1.90401 -1.60266 -1.33355 -1.03826 -0.729014
102.11 -0.184219 -0.253569 -0.180283 -2.22831 -6.49345 -8.36667 -7.56517 -6.51939 -5.80219 -5.35141 -4.87169 -4.44552 -4.07673 -3.72077 -3.36113 -2.98472 -2.60185 -2.24192 -1.9041 -1.60274 -1.33362 -1.03832 -0.729058
102.16 -0.18437 -0.253795 -0.180585 -2.22857 -6.49361 -8.36682 -7.56533 -6.51955 -5.80236 -5.35158 -4.87186 -4.44569 -4.07689 -3.72092 -3.36127 -2.98484 -2.60197 -2.24203 -1.9042 -1.60282 -1.33369 -1.03838 -0.729102
102.21 -0.18452 -0.25402 -0.180886 -2.22882 -6.49376 -8.36696 -7.56548 -6.51971 -5.80252 -5.35175 -4.87203 -4.44585 -4.07704 -3.72107 -3.36141 -2.98497 -2.60208 -2.24213 -1.90429 -1.6029 -1.33376 -1.03843 -0.729145
102.26 -0.184671 -0.254245 -0.181187 -2.22907 -6.49391 -8.3671 -7.56564 -6.51988 -5.80269 -5.35192 -4.87219 -4.44601 -4.0772 -3.72121 -3.36154 -2.9851 -2.6022 -2.24224 -1.90439 -1.60299 -1.33383 -1.03849 -0.729189
102.31 -0.184821 -0.25447 -0.181487 -2.22932 -6.49407 -8.36724 -7.56579 -6.52004 -5.80286 -5.35208 -4.87236 -4.44617 -4.07735 -3.72136 -3.36168 -2.98522 -2.60232 -2.24235 -1.90448 -1.60307 -1.3339 -1.03855 -0.729233
102.36 -0.184971 -0.254694 -0.181787 -2.22958 -6.49422 -8.36739 -7.56594 -6.52021 -5.80303 -5.35225 -4.87253 -4.44633 -4.0775 -3.7215 -3.36181 -2.98535 -2.60243 -2.24245 -1.90458 -1.60315 -1.33397 -1.03861 -0.729276
102.41 -0.185121 -0.254917 -0.182086 -2.22983 -6.49437 -8.36753 -7.5661 -6.52037 -5.8032 -5.35242 -4.87269 -4.44649 -4.07766 -3.72165 -3.36195 -2.98547 -2.60255 -2.24256 -1.90467 -1.60323 -1.33404 -1.03866 -0.72932
102.46 -0.18527 -0.255141 -0.182384 -2.23008 -6.49452 -8.36767 -7.56625 -6.52053 -5.80337 -5.35259 -4.87286 -4.44665 -4.07781 -3.72179 -3.36208 -2.9856 -2.60266 -2.24266 -1.90476 -1.60332 -1.33411 -1.03872 -0.729363
102.51 -0.18542 -0.255364 -0.182683 -2.23033 -6.49467 -8.36781 -7.5664 -6.5207 -5.80354 -5.35275 -4.87302 -4.44681 -4.07796 -3.72194 -3.36222 -2.98573 -2.60278 -2.24277 -1.90486 -1.6034 -1.33418 -1.03878 -0.729406
102.56 -0.185569 -0.255587 -0.18298 -2.23058 -6.49482 -8.36795 -7.56655 -6.52086 -5.8037 -5.35292 -4.87319 -4.44697 -4.07812 -3.72208 -3.36235 -2.98585 -2.6029 -2.24287 -1.90495 -1.60348 -1.33425 -1.03883 -0.729449
102.61 -0.185718 -0.255809 -0.183278 -2.23083 -6.49498 -8.36809 -7.5667 -6.52102 -5.80387 -5.35309 -4.87335 -4.44713 -4.07827 -3.72222 -3.36249 -2.98598 -2.60301 -2.24298 -1.90505 -1.60356 -1.33432 -1.03889 -0.729493
102.66 -0.185866 -0.256031 -0.183574 -2.23108 -6.49513 -8.36823 -7.56686 -6.52119 -5.80404 -5.35325 -4.87351 -4.44729 -4.07842 -3.72237 -3.36262 -2.9861 -2.60313 -2.24308 -1.90514 -1.60364 -1.33439 -1.03894 -0.729536
102.71 -0.186014 -0.256252 -0.183871 -2.23132 -6.49528 -8.36837 -7.56701 -6.52135 -5.8042 -5.35342 -4.87368 -4.44745 -4.07857 -3.72251 -3.36276 -2.98623 -2.60324 -2.24318 -1.90523 -1.60373 -1.33445 -1.039 -0.729578
102.76 -0.186162 -0.256474 -0.184166 -2.23157 -6.49543 -8.36851 -7.56716 -6.52151 -5.80437 -5.35359 -4.87384 -4.44761 -4.07872 -3.72265 -3.36289 -2.98635 -2.60335 -2.24329 -1.90533 -1.60381 -1.33452 -1.03906 -0.729621
102.81 -0.18631 -0.256695 -0.184462 -2.23182 -6.49558 -8.36865 -7.56731 -6.52167 -5.80454 -5.35375 -4.874 -4.44777 -4.07888 -3.7228 -3.36303 -2.98647 -2.60347 -2.24339 -1.90542 -1.60389 -1.33459 -1.03911 -0.729664
102.86 -0.186458 -0.256915 -0.184757 -2.23207 -6.49573 -8.36879 -7.56746 -6.52183 -5.8047 -5.35392 -4.87417 -4.44792 -4.07903 -3.72294 -3.36316 -2.9866 -2.60358 -2.2435 -1.90551 -1.60397 -1.33466 -1.03917 -0.729707
102.91 -0.186605 -0.257135 -0.185051 -2.23232 -6.49588 -8.36893 -7.56761 -6.52199 -5.80487 -5.35408 -4.87433 -4.44808 -4.07918 -3.72308 -3.36329 -2.98672 -2.6037 -2.2436 -1.9056 -1.60405 -1.33473 -1.03922 -0.729749
102.96 -0.186752 -0.257355 -0.185345 -2.23256 -6.49603 -8.36907 -7.56776 -6.52215 -5.80503 -5.35425 -4.87449 -4.44824 -4.07933 -3.72322 -3.36342 -2.98684 -2.60381 -2.2437 -1.9057 -1.60413 -1.3348 -1.03928 -0.729792
103.01 -0.186899 -0.257574 -0.185638 -2.23281 -6.49618 -8.36921 -7.56791 -6.52231 -5.8052 -5.35441 -4.87465 -4.4484 -4.07948 -3.72337 -3.36356 -2.98697 -2.60392 -2.24381 -1.90579 -1.60421 -1.33486 -1.03934 -0.729834
103.06 -0.187046 -0.257794 -0.185931 -2.23305 -6.49632 -8.36935 -7.56806 -6.52247 -5.80536 -5.35458 -4.87482 -4.44855 -4.07963 -3.72351 -3.36369 -2.98709 -2.60404 -2.24391 -1.90588 -1.60429 -1.33493 -1.03939 -0.729877
103.11 -0.187192 -0.258012 -0.186223 -2.2333 -6.49647 -8.36949 -7.56821 -6.52263 -5.80553 -5.35474 -4.87498 -4.44871 -4.07978 -3.72365 -3.36382 -2.98721 -2.60415 -2.24401 -1.90597 -1.60437 -1.335 -1.03945 -0.729919
103.16 -0.187338 -0.258231 -0.186515 -2.23354 -6.49662 -8.36963 -7.56836 -6.52279 -5.80569 -5.3549 -4.87514 -4.44887 -4.07993 -3.72379 -3.36395 -2.98734 -2.60426 -2.24411 -1.90606 -1.60445 -1.33507 -1.0395 -0.729961
103.21 -0.187484 -0.258449 -0.186807 -2.23379 -6.49677 -8.36977 -7.56851 -6.52295 -5.80586 -5.35507 -4.8753 -4.44902 -4.08008 -3.72393 -3.36409 -2.98746 -2.60438 -2.24422 -1.90616 -1.60453 -1.33514 -1.03956 -0.730004
103.26 -0.18763 -0.258666 -0.187098 -2.23403 -6.49692 -8.36991 -7.56866 -6.52311 -5.80602 -5.35523 -4.87546 -4.44918 -4.08023 -3.72407 -3.36422 -2.98758 -2.60449 -2.24432 -1.90625 -1.60461 -1.3352 -1.03961 -0.730046
103.31 -0.187775 -0.258883 -0.187388 -2.23428 -6.49707 -8.37004 -7.56881 -6.52327 -5.80618 -5.35539 -4.87562 -4.44933 -4.08037 -3.72421 -3.36435 -2.9877 -2.6046 -2.24442 -1.90634 -1.60469 -1.33527 -1.03967 -0.730088
103.36 -0.18792 -0.2591 -0.187678 -2.23452 -6.49721 -8.37018 -7.56896 -6.52343 -5.80635 -5.35556 -4.87578 -4.44949 -4.08052 -3.72435 -3.36448 -2.98783 -2.60471 -2.24452 -1.90643 -1.60477 -1.33534 -1.03972 -0.730129
103.41 -0.188065 -0.259317 -0.187968 -2.23476 -6.49736 -8.37032 -7.5691 -6.52359 -5.80651 -5.35572 -4.87594 -4.44965 -4.08067 -3.72449 -3.36461 -2.98795 -2.60483 -2.24463 -1.90652 -1.60485 -1.3354 -1.03978 -0.730171
103.46 -0.18821 -0.259533 -0.188257 -2.23501 -6.49751 -8.37045 -7.56925 -6.52375 -5.80667 -5.35588 -4.8761 -4.4498 -4.08082 -3.72463 -3.36474 -2.98807 -2.60494 -2.24473 -1.90661 -1.60493 -1.33547 -1.03983 -0.730213
103.51 -0.188354 -0.259749 -0.188546 -2.23525 -6.49765 -8.37059 -7.5694 -6.5239 -5.80683 -5.35604 -4.87626 -4.44996 -4.08097 -3.72477 -3.36487 -2.98819 -2.60505 -2.24483 -1.9067 -1.60501 -1.33554 -1.03989 -0.730255
103.56 -0.188499 -0.259965 -0.188834 -2.23549 -6.4978 -8.37073 -7.56955 -6.52406 -5.807 -5.3562 -4.87642 -4.45011 -4.08111 -3.72491 -3.365 -2.98831 -2.60516 -2.24493 -1.90679 -1.60509 -1.3356 -1.03994 -0.730296
103.61 -0.188643 -0.26018 -0.189121 -2.23573 -6.49795 -8.37086 -7.56969 -6.52422 -5.80716 -5.35636 -4.87658 -4.45026 -4.08126 -3.72505 -3.36513 -2.98843 -2.60527 -2.24503 -1.90688 -1.60517 -1.33567 -1.03999 -0.730338
103.66 -0.188786 -0.260395 -0.189409 -2.23597 -6.49809 -8.371 -7.56984 -6.52438 -5.80732 -5.35653 -4.87674 -4.45042 -4.08141 -3.72519 -3.36526 -2.98855 -2.60538 -2.24513 -1.90697 -1.60525 -1.33574 -1.04005 -0.730379
103.71 -0.18893 -0.260609 -0.189695 -2.23621 -6.49824 -8.37114 -7.56999 -6.52453 -5.80748 -5.35669 -4.8769 -4.45057 -4.08155 -3.72533 -3.36539 -2.98867 -2.60549 -2.24523 -1.90706 -1.60532 -1.3358 -1.0401 -0.730421
103.76 -0.189073 -0.260823 -0.189982 -2.23645 -6.49838 -8.37127 -7.57013 -6.52469 -5.80764 -5.35685 -4.87705 -4.45072 -4.0817 -3.72547 -3.36552 -2.98879 -2.6056 -2.24533 -1.90715 -1.6054 -1.33587 -1.04016 -0.730462
103.81 -0.189216 -0.261037 -0.190267 -2.23669 -6.49853 -8.37141 -7.57028 -6.52484 -5.8078 -5.35701 -4.87721 -4.45088 -4.08185 -3.7256 -3.36565 -2.98891 -2.60571 -2.24543 -1.90724 -1.60548 -1.33594 -1.04021 -0.730503
103.86 -0.189359 -0.26125 -0.190553 -2.23693 -6.49867 -8.37154 -7.57043 -6.525 -5.80796 -5.35717 -4.87737 -4.45103 -4.08199 -3.72574 -3.36578 -2.98903 -2.60582 -2.24553 -1.90733 -1.60556 -1.336 -1.04026 -0.730544
103.91 -0.189502 -0.261463 -0.190838 -2.23717 -6.49882 -8.37168 -7.57057 -6.52516 -5.80812 -5.35733 -4.87753 -4.45118 -4.08214 -3.72588 -3.36591 -2.98915 -2.60593 -2.24563 -1.90742 -1.60564 -1.33607 -1.04032 -0.730585
103.96 -0.189644 -0.261676 -0.191122 -2.23741 -6.49896 -8.37181 -7.57072 -6.52531 -5.80828 -5.35749 -4.87768 -4.45134 -4.08228 -3.72602 -3.36604 -2.98927 -2.60604 -2.24573 -1.90751 -1.60572 -1.33613 -1.04037 -0.730626
104.01 -0.189786 -0.261888 -0.191406 -2.23765 -6.49911 -8.37195 -7.57086 -6.52547 -5.80844 -5.35764 -4.87784 -4.45149 -4.08243 -3.72615 -3.36616 -2.98939 -2.60615 -2.24583 -1.9076 -1.60579 -1.3362 -1.04042 -0.730667
104.06 -0.189928 -0.2621 -0.191689 -2.23789 -6.49925 -8.37208 -7.57101 -6.52562 -5.8086 -5.3578 -4.878 -4.45164 -4.08258 -3.72629 -3.36629 -2.98951 -2.60626 -2.24593 -1.90769 -1.60587 -1.33626 -1.04048 -0.730708
104.11 -0.19007 -0.262312 -0.191972 -2.23812 -6.4994 -8.37222 -7.57115 -6.52578 -5.80876 -5.35796 -4.87815 -4.45179 -4.08272 -3.72643 -3.36642 -2.98963 -2.60637 -2.24603 -1.90778 -1.60595 -1.33633 -1.04053 -0.730749
104.16 -0.190211 -0.262523 -0.192255 -2.23836 -6.49954 -8.37235 -7.5713 -6.52593 -5.80892 -5.35812 -4.87831 -4.45194 -4.08286 -3.72656 -3.36655 -2.98974 -2.60648 -2.24613 -1.90787 -1.60603 -1.3364 -1.04058 -0.730789
104.21 -0.190352 -0.262734 -0.192537 -2.2386 -6.49968 -8.37249 -7.57144 -6.52609 -5.80908 -5.35828 -4.87847 -4.45209 -4.08301 -3.7267 -3.36668 -2.98986 -2.60659 -2.24623 -1.90795 -1.6061 -1.33646 -1.04064 -0.73083
104.26 -0.190493 -0.262945 -0.192819 -2.23883 -6.49983 -8.37262 -7.57159 -6.52624 -5.80924 -5.35844 -4.87862 -4.45224 -4.08315 -3.72684 -3.3668 -2.98998 -2.6067 -2.24633 -1.90804 -1.60618 -1.33653 -1.04069 -0.73087
104.31 -0.190634 -0.263155 -0.1931 -2.23907 -6.49997 -8.37275 -7.57173 -6.52639 -5.80939 -5.35859 -4.87878 -4.45239 -4.0833 -3.72697 -3.36693 -2.9901 -2.60681 -2.24643 -1.90813 -1.60626 -1.33659 -1.04074 -0.730911
104.36 -0.190775 -0.263365 -0.193381 -2.23931 -6.50011 -8.37289 -7.57187 -6.52655 -5.80955 -5.35875 -4.87893 -4.45254 -4.08344 -3.72711 -3.36706 -2.99022 -2.60692 -2.24652 -1.90822 -1.60633 -1.33666 -1.0408 -0.730951
104.41 -0.190915 -0.263575 -0.193661 -2.23954 -6.50025 -8.37302 -7.57202 -6.5267 -5.80971 -5.35891 -4.87909 -4.45269 -4.08358 -3.72724 -3.36718 -2.99033 -2.60702 -2.24662 -1.90831 -1.60641 -1.33672 -1.04085 -0.730992
104.46 -0.191055 -0.263784 -0.193941 -2.23978 -6.5004 -8.37315 -7.57216 -6.52685 -5.80987 -5.35906 -4.87924 -4.45284 -4.08373 -3.72738 -3.36731 -2.99045 -2.60713 -2.24672 -1.90839 -1.60649 -1.33678 -1.0409 -0.731032
104.51 -0.191195 -0.263993 -0.19422 -2.24001 -6.50054 -8.37328 -7.5723 -6.52701 -5.81002 -5.35922 -4.87939 -4.45299 -4.08387 -3.72751 -3.36744 -2.99057 -2.60724 -2.24682 -1.90848 -1.60656 -1.33685 -1.04095 -0.731072
104.56 -0.191334 -0.264201 -0.194499 -2.24024 -6.50068 -8.37342 -7.57245 -6.52716 -5.81018 -5.35938 -4.87955 -4.45314 -4.08401 -3.72765 -3.36756 -2.99068 -2.60735 -2.24692 -1.90857 -1.60664 -1.33691 -1.04101 -0.731112
104.61 -0.191474 -0.26441 -0.194777 -2.24048 -6.50082 -8.37355 -7.57259 -6.52731 -5.81034 -5.35953 -4.8797 -4.45329 -4.08415 -3.72778 -3.36769 -2.9908 -2.60745 -2.24701 -1.90866 -1.60671 -1.33698 -1.04106 -0.731152
104.66 -0.191613 -0.264618 -0.195055 -2.24071 -6.50096 -8.37368 -7.57273 -6.52746 -5.81049 -5.35969 -4.87985 -4.45344 -4.0843 -3.72791 -3.36781 -2.99092 -2.60756 -2.24711 -1.90874 -1.60679 -1.33704 -1.04111 -0.731192
104.71 -0.191752 -0.264825 -0.195333 -2.24094 -6.5011 -8.37381 -7.57287 -6.52761 -5.81065 -5.35984 -4.88001 -4.45359 -4.08444 -3.72805 -3.36794 -2.99103 -2.60767 -2.24721 -1.90883 -1.60687 -1.33711 -1.04116 -0.731232
104.76 -0.19189 -0.265032 -0.19561 -2.24118 -6.50125 -8.37394 -7.57301 -6.52777 -5.81081 -5.36 -4.88016 -4.45374 -4.08458 -3.72818 -3.36806 -2.99115 -2.60777 -2.2473 -1.90892 -1.60694 -1.33717 -1.04122 -0.731271
104.81 -0.192029 -0.265239 -0.195886 -2.24141 -6.50139 -8.37407 -7.57316 -6.52792 -5.81096 -5.36015 -4.88031 -4.45389 -4.08472 -3.72832 -3.36819 -2.99127 -2.60788 -2.2474 -1.909 -1.60702 -1.33723 -1.04127 -0.731311
104.86 -0.192167 -0.265446 -0.196163 -2.24164 -6.50153 -8.3742 -7.5733 -6.52807 -5.81112 -5.36031 -4.88047 -4.45403 -4.08486 -3.72845 -3.36831 -2.99138 -2.60799 -2.2475 -1.90909 -1.60709 -1.3373 -1.04132 -0.731351
104.91 -0.192305 -0.265652 -0.196438 -2.24187 -6.50167 -8.37434 -7.57344 -6.52822 -5.81127 -5.36046 -4.88062 -4.45418 -4.085 -3.72858 -3.36844 -2.9915 -2.60809 -2.24759 -1.90918 -1.60717 -1.33736 -1.04137 -0.73139
104.96 -0.192443 -0.265858 -0.196713 -2.2421 -6.50181 -8.37447 -7.57358 -6.52837 -5.81143 -5.36062 -4.88077 -4.45433 -4.08514 -3.72871 -3.36856 -2.99161 -2.6082 -2.24769 -1.90926 -1.60724 -1.33742 -1.04142 -0.73143
105.01 -0.19258 -0.266063 -0.196988 -2.24233 -6.50195 -8.3746 -7.57372 -6.52852 -5.81158 -5.36077 -4.88092 -4.45448 -4.08528 -3.72885 -3.36868 -2.99173 -2.60831 -2.24779 -1.90935 -1.60732 -1.33749 -1.04147 -0.731469
105.06 -0.192717 -0.266268 -0.197263 -2.24256 -6.50209 -8.37473 -7.57386 -6.52867 -5.81174 -5.36092 -4.88107 -4.45462 -4.08542 -3.72898 -3.36881 -2.99184 -2.60841 -2.24788 -1.90943 -1.60739 -1.33755 -1.04153 -0.731509
105.11 -0.192854 -0.266473 -0.197537 -2.24279 -6.50223 -8.37486 -7.574 -6.52882 -5.81189 -5.36108 -4.88122 -4.45477 -4.08556 -3.72911 -3.36893 -2.99196 -2.60852 -2.24798 -1.90952 -1.60747 -1.33761 -1.04158 -0.731548
105.16 -0.192991 -0.266678 -0.19781 -2.24302 -6.50236 -8.37499 -7.57414 -6.52897 -5.81204 -5.36123 -4.88137 -4.45492 -4.0857 -3.72924 -3.36905 -2.99207 -2.60862 -2.24807 -1.9096 -1.60754 -1.33768 -1.04163 -0.731587
105.21 -0.193128 -0.266882 -0.198083 -2.24325 -6.5025 -8.37512 -7.57428 -6.52912 -5.8122 -5.36138 -4.88153 -4.45506 -4.08584 -3.72937 -3.36918 -2.99218 -2.60873 -2.24817 -1.90969 -1.60762 -1.33774 -1.04168 -0.731626
105.26 -0.193264 -0.267086 -0.198356 -2.24348 -6.50264 -8.37524 -7.57442 -6.52927 -5.81235 -5.36154 -4.88168 -4.45521 -4.08598 -3.72951 -3.3693 -2.9923 -2.60883 -2.24826 -1.90978 -1.60769 -1.3378 -1.04173 -0.731665
105.31 -0.1934 -0.267289 -0.198628 -2.24371 -6.50278 -8.37537 -7.57456 -6.52941 -5.8125 -5.36169 -4.88183 -4.45535 -4.08612 -3.72964 -3.36942 -2.99241 -2.60894 -2.24836 -1.90986 -1.60776 -1.33786 -1.04178 -0.731704
105.36 -0.193536 -0.267492 -0.198899 -2.24394 -6.50292 -8.3755 -7.5747 -6.52956 -5.81266 -5.36184 -4.88198 -4.4555 -4.08626 -3.72977 -3.36955 -2.99253 -2.60904 -2.24845 -1.90994 -1.60784 -1.33793 -1.04183 -0.731743
105.41 -0.193672 -0.267695 -0.199171 -2.24417 -6.50306 -8.37563 -7.57484 -6.52971 -5.81281 -5.36199 -4.88213 -4.45564 -4.0864 -3.7299 -3.36967 -2.99264 -2.60914 -2.24855 -1.91003 -1.60791 -1.33799 -1.04188 -0.731782
105.46 -0.193808 -0.267898 -0.199441 -2.24439 -6.50319 -8.37576 -7.57497 -6.52986 -5.81296 -5.36214 -4.88227 -4.45579 -4.08654 -3.73003 -3.36979 -2.99275 -2.60925 -2.24864 -1.91011 -1.60799 -1.33805 -1.04193 -0.73182
105.51 -0.193943 -0.2681 -0.199712 -2.24462 -6.50333 -8.37589 -7.57511 -6.53001 -5.81311 -5.3623 -4.88242 -4.45593 -4.08667 -3.73016 -3.36991 -2.99287 -2.60935 -2.24874 -1.9102 -1.60806 -1.33811 -1.04198 -0.731859
105.56 -0.194078 -0.268302 -0.199982 -2.24485 -6.50347 -8.37602 -7.57525 -6.53015 -5.81326 -5.36245 -4.88257 -4.45608 -4.08681 -3.73029 -3.37003 -2.99298 -2.60946 -2.24883 -1.91028 -1.60813 -1.33817 -1.04204 -0.731898
105.61 -0.194213 -0.268503 -0.200251 -2.24507 -6.50361 -8.37614 -7.57539 -6.5303 -5.81341 -5.3626 -4.88272 -4.45622 -4.08695 -3.73042 -3.37015 -2.99309 -2.60956 -2.24893 -1.91037 -1.60821 -1.33824 -1.04209 -0.731936
105.66 -0.194347 -0.268704 -0.20052 -2.2453 -6.50374 -8.37627 -7.57553 -6.53045 -5.81357 -5.36275 -4.88287 -4.45636 -4.08709 -3.73055 -3.37028 -2.9932 -2.60966 -2.24902 -1.91045 -1.60828 -1.3383 -1.04214 -0.731975
105.71 -0.194482 -0.268905 -0.200789 -2.24552 -6.50388 -8.3764 -7.57566 -6.5306 -5.81372 -5.3629 -4.88302 -4.45651 -4.08722 -3.73068 -3.3704 -2.99332 -2.60977 -2.24911 -1.91053 -1.60835 -1.33836 -1.04219 -0.732013
105.76 -0.194616 -0.269106 -0.201057 -2.24575 -6.50401 -8.37653 -7.5758 -6.53074 -5.81387 -5.36305 -4.88317 -4.45665 -4.08736 -3.73081 -3.37052 -2.99343 -2.60987 -2.24921 -1.91062 -1.60843 -1.33842 -1.04224 -0.732051
105.81 -0.19475 -0.269306 -0.201324 -2.24597 -6.50415 -8.37665 -7.57594 -6.53089 -5.81402 -5.3632 -4.88331 -4.45679 -4.0875 -3.73094 -3.37064 -2.99354 -2.60997 -2.2493 -1.9107 -1.6085 -1.33848 -1.04229 -0.73209
105.86 -0.194884 -0.269506 -0.201592 -2.2462 -6.50429 -8.37678 -7.57607 -6.53103 -5.81417 -5.36335 -4.88346 -4.45694 -4.08763 -3.73107 -3.37076 -2.99365 -2.61008 -2.24939 -1.91078 -1.60857 -1.33854 -1.04234 -0.732128
105.91 -0.195017 -0.269705 -0.201858 -2.24642 -6.50442 -8.37691 -7.57621 -6.53118 -5.81432 -5.3635 -4.88361 -4.45708 -4.08777 -3.73119 -3.37088 -2.99376 -2.61018 -2.24949 -1.91087 -1.60864 -1.33861 -1.04239 -0.732166
105.96 -0.195151 -0.269904 -0.202125 -2.24664 -6.50456 -8.37703 -7.57635 -6.53133 -5.81447 -5.36365 -4.88375 -4.45722 -4.08791 -3.73132 -3.371 -2.99387 -2.61028 -2.24958 -1.91095 -1.60872 -1.33867 -1.04244 -0.732204
106.01 -0.195284 -0.270103 -0.202391 -2.24687 -6.50469 -8.37716 -7.57648 -6.53147 -5.81462 -5.3638 -4.8839 -4.45736 -4.08804 -3.73145 -3.37112 -2.99398 -2.61038 -2.24967 -1.91103 -1.60879 -1.33873 -1.04249 -0.732242
106.06 -0.195417 -0.270302 -0.202656 -2.24709 -6.50483 -8.37728 -7.57662 -6.53162 -5.81477 -5.36394 -4.88405 -4.45751 -4.08818 -3.73158 -3.37124 -2.9941 -2.61048 -2.24977 -1.91112 -1.60886 -1.33879 -1.04254 -0.73228
106.11 -0.195549 -0.2705 -0.202921 -2.24731 -6.50496 -8.37741 -7.57675 -6.53176 -5.81492 -5.36409 -4.88419 -4.45765 -4.08831 -3.73171 -3.37136 -2.99421 -2.61059 -2.24986 -1.9112 -1.60893 -1.33885 -1.04258 -0.732317
106.16 -0.195682 -0.270698 -0.203186 -2.24754 -6.5051 -8.37754 -7.57689 -6.53191 -5.81506 -5.36424 -4.88434 -4.45779 -4.08845 -3.73183 -3.37148 -2.99432 -2.61069 -2.24995 -1.91128 -1.609 -1.33891 -1.04263 -0.732355
106.21 -0.195814 -0.270896 -0.20345 -2.24776 -6.50523 -8.37766 -7.57702 -6.53205 -5.81521 -5.36439 -4.88449 -4.45793 -4.08858 -3.73196 -3.37159 -2.99443 -2.61079 -2.25004 -1.91136 -1.60908 -1.33897 -1.04268 -0.732393
106.26 -0.195946 -0.271093 -0.203714 -2.24798 -6.50537 -8.37779 -7.57716 -6.53219 -5.81536 -5.36454 -4.88463 -4.45807 -4.08872 -3.73209 -3.37171 -2.99454 -2.61089 -2.25013 -1.91145 -1.60915 -1.33903 -1.04273 -0.73243
106.31 -0.196078 -0.27129 -0.203977 -2.2482 -6.5055 -8.37791 -7.57729 -6.53234 -5.81551 -5.36468 -4.88478 -4.45821 -4.08885 -3.73221 -3.37183 -2.99465 -2.61099 -2.25023 -1.91153 -1.60922 -1.33909 -1.04278 -0.732468
106.36 -0.196209 -0.271486 -0.20424 -2.24842 -6.50563 -8.37804 -7.57743 -6.53248 -5.81566 -5.36483 -4.88492 -4.45835 -4.08899 -3.73234 -3.37195 -2.99476 -2.61109 -2.25032 -1.91161 -1.60929 -1.33915 -1.04283 -0.732505
106.41 -0.19634 -0.271683 -0.204503 -2.24864 -6.50577 -8.37816 -7.57756 -6.53262 -5.8158 -5.36498 -4.88507 -4.45849 -4.08912 -3.73247 -3.37207 -2.99487 -2.61119 -2.25041 -1.91169 -1.60936 -1.33921 -1.04288 -0.732543
106.46 -0.196472 -0.271879 -0.204765 -2.24886 -6.5059 -8.37828 -7.5777 -6.53277 -5.81595 -5.36512 -4.88521 -4.45863 -4.08925 -3.73259 -3.37219 -2.99498 -2.61129 -2.2505 -1.91177 -1.60943 -1.33927 -1.04293 -0.73258
106.51 -0.196602 -0.272074 -0.205026 -2.24908 -6.50603 -8.37841 -7.57783 -6.53291 -5.8161 -5.36527 -4.88535 -4.45877 -4.08939 -3.73272 -3.3723 -2.99508 -2.61139 -2.25059 -1.91185 -1.6095 -1.33933 -1.04298 -0.732617
106.56 -0.196733 -0.272269 -0.205287 -2.2493 -6.50617 -8.37853 -7.57796 -6.53305 -5.81624 -5.36542 -4.8855 -4.45891 -4.08952 -3.73284 -3.37242 -2.99519 -2.61149 -2.25068 -1.91194 -1.60958 -1.33939 -1.04303 -0.732655
106.61 -0.196864 -0.272464 -0.205548 -2.24952 -6.5063 -8.37866 -7.5781 -6.5332 -5.81639 -5.36556 -4.88564 -4.45905 -4.08965 -3.73297 -3.37254 -2.9953 -2.61159 -2.25077 -1.91202 -1.60965 -1.33945 -1.04307 -0.732692
106.66 -0.196994 -0.272659 -0.205809 -2.24974 -6.50643 -8.37878 -7.57823 -6.53334 -5.81654 -5.36571 -4.88579 -4.45919 -4.08979 -3.7331 -3.37265 -2.99541 -2.61169 -2.25086 -1.9121 -1.60972 -1.33951 -1.04312 -0.732729
106.71 -0.197124 -0.272853 -0.206068 -2.24995 -6.50656 -8.3789 -7.57836 -6.53348 -5.81668 -5.36585 -4.88593 -4.45933 -4.08992 -3.73322 -3.37277 -2.99552 -2.61179 -2.25095 -1.91218 -1.60979 -1.33957 -1.04317 -0.732766
106.76 -0.197254 -0.273048 -0.206328 -2.25017 -6.50669 -8.37903 -7.5785 -6.53362 -5.81683 -5.366 -4.88607 -4.45947 -4.09005 -3.73335 -3.37289 -2.99563 -2.61189 -2.25104 -1.91226 -1.60986 -1.33963 -1.04322 -0.732803
106.81 -0.197383 -0.273241 -0.206587 -2.25039 -6.50683 -8.37915 -7.57863 -6.53376 -5.81697 -5.36614 -4.88621 -4.45961 -4.09018 -3.73347 -3.373 -2.99574 -2.61199 -2.25113 -1.91234 -1.60993 -1.33969 -1.04327 -0.732839
106.86 -0.197513 -0.273435 -0.206846 -2.25061 -6.50696 -8.37927 -7.57876 -6.5339 -5.81712 -5.36629 -4.88636 -4.45975 -4.09031 -3.73359 -3.37312 -2.99584 -2.61209 -2.25122 -1.91242 -1.61 -1.33975 -1.04332 -0.732876
106.91 -0.197642 -0.273628 -0.207104 -2.25082 -6.50709 -8.37939 -7.57889 -6.53405 -5.81727 -5.36643 -4.8865 -4.45988 -4.09045 -3.73372 -3.37324 -2.99595 -2.61219 -2.25131 -1.9125 -1.61007 -1.33981 -1.04336 -0.732913
106.96 -0.197771 -0.27382 -0.207362 -2.25104 -6.50722 -8.37952 -7.57902 -6.53419 -5.81741 -5.36658 -4.88664 -4.46002 -4.09058 -3.73384 -3.37335 -2.99606 -2.61229 -2.2514 -1.91258 -1.61014 -1.33986 -1.04341 -0.732949
107.01 -0.1979 -0.274013 -0.207619 -2.25126 -6.50735 -8.37964 -7.57916 -6.53433 -5.81755 -5.36672 -4.88678 -4.46016 -4.09071 -3.73397 -3.37347 -2.99617 -2.61239 -2.25149 -1.91266 -1.61021 -1.33992 -1.04346 -0.732986
107.06 -0.198028 -0.274205 -0.207876 -2.25147 -6.50748 -8.37976 -7.57929 -6.53447 -5.8177 -5.36686 -4.88692 -4.4603 -4.09084 -3.73409 -3.37358 -2.99627 -2.61249 -2.25158 -1.91274 -1.61028 -1.33998 -1.04351 -0.733023
107.11 -0.198157 -0.274397 -0.208132 -2.25169 -6.50761 -8.37988 -7.57942 -6.53461 -5.81784 -5.36701 -4.88707 -4.46043 -4.09097 -3.73421 -3.3737 -2.99638 -2.61259 -2.25167 -1.91282 -1.61035 -1.34004 -1.04356 -0.733059
107.16 -0.198285 -0.274588 -0.208388 -2.2519 -6.50774 -8.38 -7.57955 -6.53475 -5.81799 -5.36715 -4.88721 -4.46057 -4.0911 -3.73434 -3.37381 -2.99649 -2.61268 -2.25176 -1.9129 -1.61042 -1.3401 -1.0436 -0.733095
107.21 -0.198413 -0.27478 -0.208644 -2.25212 -6.50787 -8.38012 -7.57968 -6.53489 -5.81813 -5.36729 -4.88735 -4.46071 -4.09123 -3.73446 -3.37393 -2.99659 -2.61278 -2.25185 -1.91298 -1.61048 -1.34016 -1.04365 -0.733132
107.26 -0.19854 -0.27497 -0.208899 -2.25233 -6.508 -8.38024 -7.57981 -6.53503 -5.81827 -5.36744 -4.88749 -4.46084 -4.09136 -3.73458 -3.37404 -2.9967 -2.61288 -2.25194 -1.91306 -1.61055 -1.34022 -1.0437 -0.733168
107.31 -0.198668 -0.275161 -0.209154 -2.25254 -6.50813 -8.38037 -7.57994 -6.53517 -5.81842 -5.36758 -4.88763 -4.46098 -4.09149 -3.7347 -3.37416 -2.99681 -2.61298 -2.25203 -1.91314 -1.61062 -1.34027 -1.04375 -0.733204
107.36 -0.198795 -0.275351 -0.209409 -2.25276 -6.50826 -8.38049 -7.58007 -6.5353 -5.81856 -5.36772 -4.88777 -4.46111 -4.09162 -3.73483 -3.37427 -2.99691 -2.61307 -2.25212 -1.91322 -1.61069 -1.34033 -1.04379 -0.73324
107.41 -0.198922 -0.275541 -0.209663 -2.25297 -6.50839 -8.38061 -7.5802 -6.53544 -5.8187 -5.36786 -4.88791 -4.46125 -4.09175 -3.73495 -3.37439 -2.99702 -2.61317 -2.2522 -1.9133 -1.61076 -1.34039 -1.04384 -0.733276
107.46 -0.199049 -0.275731 -0.209916 -2.25318 -6.50852 -8.38073 -7.58033 -6.53558 -5.81884 -5.36801 -4.88805 -4.46138 -4.09188 -3.73507 -3.3745 -2.99712 -2.61327 -2.25229 -1.91337 -1.61083 -1.34045 -1.04389 -0.733312
107.51 -0.199176 -0.27592 -0.210169 -2.2534 -6.50865 -8.38085 -7.58046 -6.53572 -5.81899 -5.36815 -4.88819 -4.46152 -4.09201 -3.73519 -3.37461 -2.99723 -2.61337 -2.25238 -1.91345 -1.6109 -1.34051 -1.04393 -0.733348
107.56 -0.199302 -0.276109 -0.210422 -2.25361 -6.50878 -8.38097 -7.58059 -6.53586 -5.81913 -5.36829 -4.88833 -4.46165 -4.09214 -3.73531 -3.37473 -2.99733 -2.61346 -2.25247 -1.91353 -1.61097 -1.34056 -1.04398 -0.733384
107.61 -0.199429 -0.276298 -0.210674 -2.25382 -6.5089 -8.38109 -7.58072 -6.536 -5.81927 -5.36843 -4.88847 -4.46179 -4.09227 -3.73543 -3.37484 -2.99744 -2.61356 -2.25256 -1.91361 -1.61103 -1.34062 -1.04403 -0.733419
107.66 -0.199555 -0.276486 -0.210926 -2.25403 -6.50903 -8.38121 -7.58085 -6.53613 -5.81941 -5.36857 -4.8886 -4.46192 -4.09239 -3.73556 -3.37495 -2.99754 -2.61366 -2.25264 -1.91369 -1.6111 -1.34068 -1.04408 -0.733455
107.71 -0.19968 -0.276674 -0.211178 -2.25424 -6.50916 -8.38133 -7.58098 -6.53627 -5.81955 -5.36871 -4.88874 -4.46206 -4.09252 -3.73568 -3.37507 -2.99765 -2.61375 -2.25273 -1.91377 -1.61117 -1.34074 -1.04412 -0.733491
107.76 -0.199806 -0.276862 -0.211429 -2.25445 -6.50929 -8.38144 -7.5811 -6.53641 -5.81969 -5.36885 -4.88888 -4.46219 -4.09265 -3.7358 -3.37518 -2.99775 -2.61385 -2.25282 -1.91384 -1.61124 -1.34079 -1.04417 -0.733526
107.81 -0.199932 -0.277049 -0.21168 -2.25466 -6.50941 -8.38156 -7.58123 -6.53655 -5.81984 -5.36899 -4.88902 -4.46233 -4.09278 -3.73592 -3.37529 -2.99786 -2.61394 -2.2529 -1.91392 -1.61131 -1.34085 -1.04421 -0.733562
107.86 -0.200057 -0.277236 -0.21193 -2.25487 -6.50954 -8.38168 -7.58136 -6.53668 -5.81998 -5.36913 -4.88916 -4.46246 -4.0929 -3.73604 -3.3754 -2.99796 -2.61404 -2.25299 -1.914 -1.61137 -1.34091 -1.04426 -0.733597
107.91 -0.200182 -0.277423 -0.21218 -2.25508 -6.50967 -8.3818 -7.58149 -6.53682 -5.82012 -5.36927 -4.88929 -4.46259 -4.09303 -3.73616 -3.37552 -2.99806 -2.61413 -2.25308 -1.91408 -1.61144 -1.34096 -1.04431 -0.733633
107.96 -0.200307 -0.27761 -0.212429 -2.25529 -6.5098 -8.38192 -7.58161 -6.53695 -5.82026 -5.36941 -4.88943 -4.46273 -4.09316 -3.73628 -3.37563 -2.99817 -2.61423 -2.25316 -1.91415 -1.61151 -1.34102 -1.04435 -0.733668
108.01 -0.200431 -0.277796 -0.212678 -2.2555 -6.50992 -8.38204 -7.58174 -6.53709 -5.8204 -5.36955 -4.88957 -4.46286 -4.09329 -3.7364 -3.37574 -2.99827 -2.61433 -2.25325 -1.91423 -1.61158 -1.34108 -1.0444 -0.733703
108.06 -0.200556 -0.277982 -0.212927 -2.25571 -6.51005 -8.38215 -7.58187 -6.53723 -5.82054 -5.36969 -4.88971 -4.46299 -4.09341 -3.73652 -3.37585 -2.99838 -2.61442 -2.25334 -1.91431 -1.61164 -1.34113 -1.04445 -0.733738
108.11 -0.20068 -0.278168 -0.213175 -2.25592 -6.51018 -8.38227 -7.582 -6.53736 -5.82067 -5.36983 -4.88984 -4.46312 -4.09354 -3.73664 -3.37596 -2.99848 -2.61452 -2.25342 -1.91438 -1.61171 -1.34119 -1.04449 -0.733773
108.16 -0.200804 -0.278353 -0.213423 -2.25613 -6.5103 -8.38239 -7.58212 -6.5375 -5.82081 -5.36997 -4.88998 -4.46326 -4.09366 -3.73675 -3.37607 -2.99858 -2.61461 -2.25351 -1.91446 -1.61178 -1.34125 -1.04454 -0.733808
108.21 -0.200928 -0.278538 -0.21367 -2.25633 -6.51043 -8.38251 -7.58225 -6.53763 -5.82095 -5.37011 -4.89012 -4.46339 -4.09379 -3.73687 -3.37619 -2.99868 -2.6147 -2.25359 -1.91454 -1.61184 -1.3413 -1.04458 -0.733843
108.26 -0.201051 -0.278723 -0.213917 -2.25654 -6.51055 -8.38262 -7.58238 -6.53777 -5.82109 -5.37024 -4.89025 -4.46352 -4.09392 -3.73699 -3.3763 -2.99879 -2.6148 -2.25368 -1.91461 -1.61191 -1.34136 -1.04463 -0.733878
108.31 -0.201174 -0.278907 -0.214164 -2.25675 -6.51068 -8.38274 -7.5825 -6.5379 -5.82123 -5.37038 -4.89039 -4.46365 -4.09404 -3.73711 -3.37641 -2.99889 -2.61489 -2.25377 -1.91469 -1.61198 -1.34141 -1.04468 -0.733913
108.36 -0.201298 -0.279091 -0.21441 -2.25696 -6.5108 -8.38286 -7.58263 -6.53804 -5.82137 -5.37052 -4.89052 -4.46378 -4.09417 -3.73723 -3.37652 -2.99899 -2.61499 -2.25385 -1.91477 -1.61204 -1.34147 -1.04472 -0.733948
108.41 -0.201421 -0.279275 -0.214656 -2.25716 -6.51093 -8.38297 -7.58275 -6.53817 -5.82151 -5.37066 -4.89066 -4.46391 -4.09429 -3.73735 -3.37663 -2.99909 -2.61508 -2.25394 -1.91484 -1.61211 -1.34153 -1.04477 -0.733983
108.46 -0.201543 -0.279458 -0.214901 -2.25737 -6.51105 -8.38309 -7.58288 -6.53831 -5.82164 -5.37079 -4.89079 -4.46404 -4.09442 -3.73746 -3.37674 -2.9992 -2.61517 -2.25402 -1.91492 -1.61218 -1.34158 -1.04481 -0.734017
108.51 -0.201666 -0.279641 -0.215146 -2.25757 -6.51118 -8.38321 -7.583 -6.53844 -5.82178 -5.37093 -4.89093 -4.46418 -4.09454 -3.73758 -3.37685 -2.9993 -2.61527 -2.25411 -1.91499 -1.61224 -1.34164 -1.04486 -0.734052
108.56 -0.201788 -0.279824 -0.215391 -2.25778 -6.5113 -8.38332 -7.58313 -6.53857 -5.82192 -5.37107 -4.89106 -4.46431 -4.09467 -3.7377 -3.37696 -2.9994 -2.61536 -2.25419 -1.91507 -1.61231 -1.34169 -1.0449 -0.734086
108.61 -0.20191 -0.280007 -0.215635 -2.25798 -6.51143 -8.38344 -7.58325 -6.53871 -5.82206 -5.3712 -4.8912 -4.46444 -4.09479 -3.73782 -3.37707 -2.9995 -2.61546 -2.25428 -1.91515 -1.61237 -1.34175 -1.04495 -0.734121
108.66 -0.202032 -0.280189 -0.215879 -2.25819 -6.51155 -8.38355 -7.58338 -6.53884 -5.82219 -5.37134 -4.89133 -4.46457 -4.09491 -3.73793 -3.37718 -2.9996 -2.61555 -2.25436 -1.91522 -1.61244 -1.3418 -1.04499 -0.734155
108.71 -0.202154 -0.280371 -0.216122 -2.25839 -6.51167 -8.38367 -7.5835 -6.53897 -5.82233 -5.37148 -4.89146 -4.4647 -4.09504 -3.73805 -3.37728 -2.9997 -2.61564 -2.25444 -1.9153 -1.6125 -1.34186 -1.04504 -0.734189
108.76 -0.202276 -0.280553 -0.216365 -2.2586 -6.5118 -8.38378 -7.58363 -6.5391 -5.82247 -5.37161 -4.8916 -4.46483 -4.09516 -3.73817 -3.37739 -2.9998 -2.61573 -2.25453 -1.91537 -1.61257 -1.34191 -1.04508 -0.734224
108.81 -0.202397 -0.280734 -0.216608 -2.2588 -6.51192 -8.3839 -7.58375 -6.53924 -5.8226 -5.37175 -4.89173 -4.46496 -4.09529 -3.73828 -3.3775 -2.99991 -2.61583 -2.25461 -1.91545 -1.61264 -1.34197 -1.04513 -0.734258
108.86 -0.202518 -0.280915 -0.21685 -2.259 -6.51204 -8.38401 -7.58387 -6.53937 -5.82274 -5.37188 -4.89187 -4.46508 -4.09541 -3.7384 -3.37761 -3.00001 -2.61592 -2.2547 -1.91552 -1.6127 -1.34202 -1.04517 -0.734292
108.91 -0.202639 -0.281096 -0.217092 -2.25921 -6.51217 -8.38413 -7.584 -6.5395 -5.82287 -5.37202 -4.892 -4.46521 -4.09553 -3.73852 -3.37772 -3.00011 -2.61601 -2.25478 -1.9156 -1.61277 -1.34208 -1.04522 -0.734326
108.96 -0.20276 -0.281276 -0.217333 -2.25941 -6.51229 -8.38424 -7.58412 -6.53963 -5.82301 -5.37215 -4.89213 -4.46534 -4.09565 -3.73863 -3.37783 -3.00021 -2.6161 -2.25486 -1.91567 -1.61283 -1.34213 -1.04526 -0.73436
109.01 -0.202881 -0.281457 -0.217574 -2.25961 -6.51241 -8.38436 -7.58425 -6.53976 -5.82314 -5.37229 -4.89226 -4.46547 -4.09578 -3.73875 -3.37793 -3.00031 -2.6162 -2.25495 -1.91575 -1.6129 -1.34219 -1.04531 -0.734394
109.06 -0.203001 -0.281637 -0.217815 -2.25981 -6.51253 -8.38447 -7.58437 -6.5399 -5.82328 -5.37242 -4.8924 -4.4656 -4.0959 -3.73886 -3.37804 -3.00041 -2.61629 -2.25503 -1.91582 -1.61296 -1.34224 -1.04535 -0.734428
109.11 -0.203121 -0.281816 -0.218055 -2.26001 -6.51266 -8.38459 -7.58449 -6.54003 -5.82341 -5.37256 -4.89253 -4.46573 -4.09602 -3.73898 -3.37815 -3.00051 -2.61638 -2.25511 -1.91589 -1.61302 -1.3423 -1.04539 -0.734462
109.16 -0.203241 -0.281995 -0.218295 -2.26022 -6.51278 -8.3847 -7.58461 -6.54016 -5.82355 -5.37269 -4.89266 -4.46585 -4.09614 -3.73909 -3.37826 -3.00061 -2.61647 -2.2552 -1.91597 -1.61309 -1.34235 -1.04544 -0.734495
109.21 -0.203361 -0.282174 -0.218534 -2.26042 -6.5129 -8.38481 -7.58474 -6.54029 -5.82368 -5.37282 -4.89279 -4.46598 -4.09626 -3.73921 -3.37836 -3.0007 -2.61656 -2.25528 -1.91604 -1.61315 -1.34241 -1.04548 -0.734529
109.26 -0.20348 -0.282353 -0.218773 -2.26062 -6.51302 -8.38493 -7.58486 -6.54042 -5.82382 -5.37296 -4.89292 -4.46611 -4.09639 -3.73932 -3.37847 -3.0008 -2.61665 -2.25536 -1.91612 -1.61322 -1.34246 -1.04553 -0.734563
109.31 -0.2036 -0.282532 -0.219012 -2.26082 -6.51314 -8.38504 -7.58498 -6.54055 -5.82395 -5.37309 -4.89305 -4.46624 -4.09651 -3.73944 -3.37858 -3.0009 -2.61674 -2.25544 -1.91619 -1.61328 -1.34251 -1.04557 -0.734596
109.36 -0.203719 -0.28271 -0.21925 -2.26102 -6.51326 -8.38515 -7.5851 -6.54068 -5.82409 -5.37322 -4.89319 -4.46636 -4.09663 -3.73955 -3.37869 -3.001 -2.61683 -2.25553 -1.91626 -1.61335 -1.34257 -1.04561 -0.73463
109.41 -0.203838 -0.282887 -0.219488 -2.26122 -6.51338 -8.38526 -7.58522 -6.54081 -5.82422 -5.37336 -4.89332 -4.46649 -4.09675 -3.73966 -3.37879 -3.0011 -2.61693 -2.25561 -1.91634 -1.61341 -1.34262 -1.04566 -0.734663
109.46 -0.203957 -0.283065 -0.219725 -2.26142 -6.5135 -8.38538 -7.58534 -6.54094 -5.82435 -5.37349 -4.89345 -4.46662 -4.09687 -3.73978 -3.3789 -3.0012 -2.61702 -2.25569 -1.91641 -1.61347 -1.34268 -1.0457 -0.734697
109.51 -0.204075 -0.283242 -0.219962 -2.26162 -6.51363 -8.38549 -7.58547 -6.54107 -5.82449 -5.37362 -4.89358 -4.46674 -4.09699 -3.73989 -3.379 -3.0013 -2.61711 -2.25577 -1.91648 -1.61354 -1.34273 -1.04575 -0.73473
109.56 -0.204194 -0.283419 -0.220199 -2.26181 -6.51375 -8.3856 -7.58559 -6.5412 -5.82462 -5.37375 -4.89371 -4.46687 -4.09711 -3.74001 -3.37911 -3.0014 -2.6172 -2.25585 -1.91656 -1.6136 -1.34278 -1.04579 -0.734763
109.61 -0.204312 -0.283596 -0.220435 -2.26201 -6.51387 -8.38571 -7.58571 -6.54133 -5.82475 -5.37389 -4.89384 -4.467 -4.09723 -3.74012 -3.37922 -3.00149 -2.61729 -2.25594 -1.91663 -1.61366 -1.34284 -1.04583 -0.734796
109.66 -0.20443 -0.283772 -0.220671 -2.26221 -6.51399 -8.38583 -7.58583 -6.54146 -5.82488 -5.37402 -4.89397 -4.46712 -4.09735 -3.74023 -3.37932 -3.00159 -2.61738 -2.25602 -1.9167 -1.61373 -1.34289 -1.04588 -0.73483
109.71 -0.204548 -0.283948 -0.220906 -2.26241 -6.51411 -8.38594 -7.58595 -6.54158 -5.82502 -5.37415 -4.8941 -4.46725 -4.09747 -3.74034 -3.37943 -3.00169 -2.61747 -2.2561 -1.91677 -1.61379 -1.34294 -1.04592 -0.734863
109.76 -0.204665 -0.284124 -0.221142 -2.26261 -6.51422 -8.38605 -7.58607 -6.54171 -5.82515 -5.37428 -4.89423 -4.46737 -4.09759 -3.74046 -3.37953 -3.00179 -2.61756 -2.25618 -1.91685 -1.61385 -1.343 -1.04596 -0.734896
109.81 -0.204783 -0.2843 -0.221376 -2.2628 -6.51434 -8.38616 -7.58619 -6.54184 -5.82528 -5.37441 -4.89436 -4.4675 -4.09771 -3.74057 -3.37964 -3.00188 -2.61765 -2.25626 -1.91692 -1.61392 -1.34305 -1.04601 -0.734929
109.86 -0.2049 -0.284475 -0.221611 -2.263 -6.51446 -8.38627 -7.58631 -6.54197 -5.82541 -5.37454 -4.89448 -4.46762 -4.09783 -3.74068 -3.37974 -3.00198 -2.61773 -2.25634 -1.91699 -1.61398 -1.3431 -1.04605 -0.734961
109.91 -0.205017 -0.28465 -0.221845 -2.2632 -6.51458 -8.38638 -7.58643 -6.5421 -5.82554 -5.37467 -4.89461 -4.46775 -4.09795 -3.74079 -3.37985 -3.00208 -2.61782 -2.25642 -1.91706 -1.61404 -1.34316 -1.04609 -0.734994
109.96 -0.205134 -0.284824 -0.222078 -2.26339 -6.5147 -8.38649 -7.58655 -6.54222 -5.82567 -5.3748 -4.89474 -4.46787 -4.09807 -3.74091 -3.37995 -3.00217 -2.61791 -2.2565 -1.91714 -1.61411 -1.34321 -1.04614 -0.735027
50.005 0.31049 0.48168 0.796079 -1.41082 -5.99668 -7.90182 -7.06235 -5.97872 -5.24065 -4.78478 -4.30503 -3.88652 -3.53269 -3.19639 -2.85964 -2.50795 -2.15169 -1.82185 -1.51768 -1.25541 -1.03135 -0.783806 -0.528168
50.055 0.309545 0.480284 0.79424 -1.41235 -5.99761 -7.9027 -7.0633 -5.97975 -5.24172 -4.78587 -4.30613 -3.88762 -3.53378 -3.19745 -2.86068 -2.50896 -2.15266 -1.82277 -1.51855 -1.2562 -1.03206 -0.784414 -0.528658
50.105 0.308601 0.478891 0.792405 -1.41388 -5.99854 -7.90357 -7.06424 -5.98077 -5.24279 -4.78696 -4.30723 -3.88873 -3.53487 -3.19852 -2.86171 -2.50996 -2.15363 -1.82369 -1.51941 -1.257 -1.03276 -0.785021 -0.529147
50.155 0.307659 0.4775 0.790573 -1.41541 -5.99947 -7.90444 -7.06519 -5.98178 -5.24385 -4.78804 -4.30833 -3.88982 -3.53595 -3.19958 -2.86275 -2.51096 -2.15459 -1.82461 -1.52027 -1.25779 -1.03346 -0.785626 -0.529635
50.205 0.306719 0.476111 0.788744 -1.41694 -6.0004 -7.90531 -7.06613 -5.9828 -5.24492 -4.78913 -4.30943 -3.89092 -3.53704 -3.20065 -2.86378 -2.51196 -2.15555 -1.82553 -1.52113 -1.25858 -1.03417 -0.78623 -0.530122
50.255 0.30578 0.474724 0.786917 -1.41846 -6.00133 -7.90618 -7.06707 -5.98382 -5.24598 -4.79021 -4.31052 -3.89202 -3.53812 -3.20171 -2.86481 -2.51296 -2.15651 -1.82644 -1.52199 -1.25937 -1.03487 -0.786833 -0.530608
50.305 0.304843 0.47334 0.785094 -1.41998 -6.00226 -7.90705 -7.06801 -5.98483 -5.24704 -4.79129 -4.31162 -3.89311 -3.5392 -3.20276 -2.86584 -2.51396 -2.15747 -1.82735 -1.52285 -1.26015 -1.03557 -0.787433 -0.531092
50.355 0.303907 0.471958 0.783274 -1.4215 -6.00318 -7.90792 -7.06895 -5.98584 -5.2481 -4.79237 -4.31271 -3.8942 -3.54028 -3.20382 -2.86687 -2.51495 -2.15843 -1.82826 -1.5237 -1.26094 -1.03626 -0.788033 -0.531575
50.405 0.302973 0.470578 0.781456 -1.42302 -6.0041 -7.90878 -7.06988 -5.98686 -5.24916 -4.79345 -4.3138 -3.89529 -3.54135 -3.20487 -2.86789 -2.51594 -2.15938 -1.82917 -1.52456 -1.26172 -1.03696 -0.788631 -0.532057
50.455 0.302041 0.469201 0.779642 -1.42453 -6.00503 -7.90964 -7.07082 -5.98786 -5.25021 -4.79452 -4.31489 -3.89638 -3.54243 -3.20593 -2.86892 -2.51694 -2.16034 -1.83008 -1.52541 -1.2625 -1.03765 -0.789228 -0.532538
50.505 0.30111 0.467826 0.77783 -1.42604 -6.00595 -7.91051 -7.07175 -5.98887 -5.25127 -4.7956 -4.31597 -3.89747 -3.5435 -3.20698 -2.86994 -2.51792 -2.16129 -1.83098 -1.52626 -1.26328 -1.03834 -0.789823 -0.533018
50.555 0.30018 0.466453 0.776021 -1.42755 -6.00686 -7.91137 -7.07268 -5.98988 -5.25232 -4.79667 -4.31706 -3.89855 -3.54457 -3.20802 -2.87096 -2.51891 -2.16224 -1.83189 -1.5271 -1.26406 -1.03903 -0.790417 -0.533496
50.605 0.299253 0.465082 0.774215 -1.42906 -6.00778 -7.91223 -7.07361 -5.99088 -5.25337 -4.79774 -4.31814 -3.89963 -3.54564 -3.20907 -2.87198 -2.5199 -2.16318 -1.83279 -1.52795 -1.26483 -1.03972 -0.791009 -0.533973
50.655 0.298326 0.463714 0.772412 -1.43056 -6.0087 -7.91308 -7.07454 -5.99189 -5.25442 -4.79881 -4.31922 -3.90071 -3.5467 -3.21011 -2.87299 -2.52088 -2.16413 -1.83369 -1.52879 -1.2656 -1.04041 -0.7916 -0.534449
50.705 0.297402 0.462348 0.770612 -1.43207 -6.00961 -7.91394 -7.07547 -5.99289 -5.25547 -4.79988 -4.3203 -3.90179 -3.54777 -3.21116 -2.87401 -2.52186 -2.16507 -1.83459 -1.52964 -1.26638 -1.0411 -0.792189 -0.534924
50.755 0.296478 0.460984 0.768815 -1.43357 -6.01052 -7.9148 -7.07639 -5.99389 -5.25651 -4.80094 -4.32138 -3.90287 -3.54883 -3.2122 -2.87502 -2.52284 -2.16601 -1.83548 -1.53048 -1.26715 -1.04178 -0.792777 -0.535398
50.805 0.295557 0.459622 0.767021 -1.43506 -6.01144 -7.91565 -7.07732 -5.99488 -5.25756 -4.802 -4.32245 -3.90394 -3.54989 -3.21324 -2.87603 -2.52381 -2.16695 -1.83637 -1.53131 -1.26792 -1.04246 -0.793364 -0.53587
50.855 0.294637 0.458263 0.76523 -1.43656 -6.01235 -7.9165 -7.07824 -5.99588 -5.2586 -4.80307 -4.32353 -3.90501 -3.55095 -3.21427 -2.87704 -2.52479 -2.16789 -1.83727 -1.53215 -1.26868 -1.04315 -0.793949 -0.536342
50.905 0.293718 0.456906 0.763441 -1.43805 -6.01325 -7.91735 -7.07916 -5.99688 -5.25964 -4.80413 -4.3246 -3.90608 -3.55201 -3.21531 -2.87804 -2.52576 -2.16883 -1.83816 -1.53298 -1.26945 -1.04382 -0.794533 -0.536812
50.955 0.292801 0.455551 0.761656 -1.43954 -6.01416 -7.9182 -7.08008 -5.99787 -5.26068 -4.80518 -4.32567 -3.90715 -3.55306 -3.21634 -2.87905 -2.52673 -2.16976 -1.83904 -1.53382 -1.27021 -1.0445 -0.795116 -0.537281
51.005 0.291886 0.454198 0.759873 -1.44103 -6.01507 -7.91905 -7.081 -5.99886 -5.26171 -4.80624 -4.32674 -3.90822 -3.55412 -3.21737 -2.88005 -2.5277 -2.17069 -1.83993 -1.53465 -1.27097 -1.04518 -0.795697 -0.537749
51.055 0.290972 0.452847 0.758093 -1.44251 -6.01597 -7.9199 -7.08192 -5.99985 -5.26275 -4.8073 -4.32781 -3.90929 -3.55517 -3.2184 -2.88105 -2.52867 -2.17162 -1.84081 -1.53548 -1.27173 -1.04585 -0.796277 -0.538216
51.105 0.290059 0.451499 0.756316 -1.444 -6.01687 -7.92074 -7.08284 -6.00084 -5.26378 -4.80835 -4.32887 -3.91035 -3.55622 -3.21943 -2.88205 -2.52964 -2.17255 -1.8417 -1.5363 -1.27249 -1.04653 -0.796855 -0.538681
51.155 0.289148 0.450153 0.754542 -1.44548 -6.01778 -7.92159 -7.08375 -6.00183 -5.26482 -4.8094 -4.32993 -3.91141 -3.55727 -3.22045 -2.88304 -2.5306 -2.17348 -1.84258 -1.53713 -1.27325 -1.0472 -0.797432 -0.539146
51.205 0.288239 0.448809 0.752771 -1.44696 -6.01868 -7.92243 -7.08466 -6.00281 -5.26585 -4.81045 -4.33099 -3.91247 -3.55831 -3.22148 -2.88404 -2.53156 -2.1744 -1.84346 -1.53795 -1.274 -1.04787 -0.798007 -0.539609
51.255 0.287331 0.447468 0.751002 -1.44843 -6.01957 -7.92327 -7.08557 -6.00379 -5.26687 -4.8115 -4.33205 -3.91353 -3.55936 -3.2225 -2.88503 -2.53252 -2.17532 -1.84433 -1.53878 -1.27476 -1.04854 -0.798582 -0.540071
51.305 0.286425 0.446128 0.749237 -1.44991 -6.02047 -7.92411 -7.08648 -6.00478 -5.2679 -4.81254 -4.33311 -3.91459 -3.5604 -3.22352 -2.88602 -2.53348 -2.17625 -1.84521 -1.5396 -1.27551 -1.0492 -0.799155 -0.540532
51.355 0.28552 0.444791 0.747474 -1.45138 -6.02137 -7.92495 -7.08739 -6.00576 -5.26893 -4.81359 -4.33417 -3.91564 -3.56144 -3.22454 -2.88701 -2.53444 -2.17716 -1.84608 -1.54042 -1.27626 -1.04987 -0.799726 -0.540992
51.405 0.284616 0.443456 0.745714 -1.45285 -6.02226 -7.92579 -7.0883 -6.00674 -5.26995 -4.81463 -4.33522 -3.91669 -3.56248 -3.22555 -2.888 -2.53539 -2.17808 -1.84695 -1.54123 -1.27701 -1.05053 -0.800296 -0.541451
51.455 0.283714 0.442123 0.743957 -1.45431 -6.02315 -7.92663 -7.08921 -6.00771 -5.27097 -4.81567 -4.33627 -3.91774 -3.56351 -3.22657 -2.88898 -2.53634 -2.179 -1.84782 -1.54205 -1.27775 -1.0512 -0.800865 -0.541909
51.505 0.282814 0.440792 0.742203 -1.45578 -6.02404 -7.92746 -7.09011 -6.00869 -5.27199 -4.81671 -4.33732 -3.91879 -3.56455 -3.22758 -2.88997 -2.53729 -2.17991 -1.84869 -1.54286 -1.2785 -1.05186 -0.801432 -0.542365
51.555 0.281915 0.439464 0.740451 -1.45724 -6.02493 -7.92829 -7.09101 -6.00966 -5.27301 -4.81775 -4.33837 -3.91984 -3.56558 -3.22859 -2.89095 -2.53824 -2.18082 -1.84956 -1.54367 -1.27924 -1.05252 -0.801998 -0.542821
51.605 0.281018 0.438137 0.738702 -1.4587 -6.02582 -7.92913 -7.09191 -6.01064 -5.27403 -4.81878 -4.33942 -3.92088 -3.56661 -3.2296 -2.89193 -2.53919 -2.18173 -1.85042 -1.54448 -1.27998 -1.05317 -0.802563 -0.543275
51.655 0.280122 0.436813 0.736957 -1.46016 -6.02671 -7.92996 -7.09281 -6.01161 -5.27504 -4.81982 -4.34046 -3.92193 -3.56764 -3.2306 -2.89291 -2.54014 -2.18264 -1.85128 -1.54529 -1.28072 -1.05383 -0.803127 -0.543728
51.705 0.279228 0.435491 0.735213 -1.46161 -6.0276 -7.93079 -7.09371 -6.01258 -5.27606 -4.82085 -4.34151 -3.92297 -3.56867 -3.23161 -2.89388 -2.54108 -2.18354 -1.85214 -1.5461 -1.28146 -1.05449 -0.803689 -0.54418
51.755 0.278335 0.434171 0.733473 -1.46307 -6.02848 -7.93162 -7.09461 -6.01355 -5.27707 -4.82188 -4.34255 -3.92401 -3.5697 -3.23261 -2.89486 -2.54202 -2.18445 -1.853 -1.5469 -1.2822 -1.05514 -0.804249 -0.544631
51.805 0.277443 0.432854 0.731736 -1.46452 -6.02936 -7.93244 -7.0955 -6.01451 -5.27808 -4.82291 -4.34359 -3.92505 -3.57072 -3.23361 -2.89583 -2.54296 -2.18535 -1.85386 -1.5477 -1.28293 -1.05579 -0.804809 -0.545081
51.855 0.276553 0.431538 0.730001 -1.46596 -6.03024 -7.93327 -7.0964 -6.01548 -5.27909 -4.82394 -4.34463 -3.92608 -3.57174 -3.23461 -2.8968 -2.5439 -2.18625 -1.85471 -1.5485 -1.28367 -1.05644 -0.805367 -0.54553
51.905 0.275665 0.430225 0.728269 -1.46741 -6.03112 -7.93409 -7.09729 -6.01644 -5.2801 -4.82496 -4.34566 -3.92712 -3.57276 -3.23561 -2.89777 -2.54483 -2.18715 -1.85557 -1.5493 -1.2844 -1.05709 -0.805924 -0.545978
51.955 0.274778 0.428913 0.72654 -1.46885 -6.032 -7.93492 -7.09818 -6.0174 -5.2811 -4.82598 -4.3467 -3.92815 -3.57378 -3.23661 -2.89873 -2.54577 -2.18805 -1.85642 -1.5501 -1.28513 -1.05774 -0.806479 -0.546424
52.005 0.273892 0.427604 0.724813 -1.4703 -6.03288 -7.93574 -7.09907 -6.01836 -5.28211 -4.82701 -4.34773 -3.92918 -3.5748 -3.2376 -2.8997 -2.5467 -2.18894 -1.85727 -1.5509 -1.28586 -1.05838 -0.807033 -0.54687
52.055 0.273008 0.426297 0.72309 -1.47173 -6.03376 -7.93656 -7.09996 -6.01932 -5.28311 -4.82803 -4.34876 -3.93021 -3.57581 -3.23859 -2.90066 -2.54763 -2.18984 -1.85812 -1.55169 -1.28658 -1.05903 -0.807586 -0.547314
52.105 0.272126 0.424992 0.721369 -1.47317 -6.03463 -7.93738 -7.10085 -6.02028 -5.28411 -4.82905 -4.34979 -3.93124 -3.57683 -3.23958 -2.90162 -2.54856 -2.19073 -1.85896 -1.55248 -1.28731 -1.05967 -0.808137 -0.547758
52.155 0.271244 0.42369 0.719651 -1.47461 -6.0355 -7.9382 -7.10173 -6.02124 -5.28511 -4.83006 -4.35082 -3.93226 -3.57784 -3.24057 -2.90258 -2.54949 -2.19162 -1.85981 -1.55327 -1.28803 -1.06031 -0.808688 -0.5482
52.205 0.270365 0.422389 0.717935 -1.47604 -6.03638 -7.93901 -7.10262 -6.02219 -5.28611 -4.83108 -4.35184 -3.93329 -3.57885 -3.24156 -2.90354 -2.55041 -2.19251 -1.86065 -1.55406 -1.28876 -1.06095 -0.809237 -0.548641
52.255 0.269487 0.421091 0.716222 -1.47747 -6.03725 -7.93983 -7.1035 -6.02314 -5.2871 -4.83209 -4.35287 -3.93431 -3.57985 -3.24254 -2.9045 -2.55133 -2.19339 -1.86149 -1.55485 -1.28948 -1.06159 -0.809784 -0.549081
52.305 0.26861 0.419794 0.714512 -1.4789 -6.03811 -7.94064 -7.10438 -6.02409 -5.2881 -4.8331 -4.35389 -3.93533 -3.58086 -3.24353 -2.90545 -2.55226 -2.19428 -1.86233 -1.55564 -1.2902 -1.06223 -0.81033 -0.54952
52.355 0.267734 0.4185 0.712805 -1.48032 -6.03898 -7.94145 -7.10526 -6.02504 -5.28909 -4.83412 -4.35491 -3.93635 -3.58186 -3.24451 -2.90641 -2.55318 -2.19516 -1.86317 -1.55642 -1.29091 -1.06286 -0.810875 -0.549958
52.405 0.266861 0.417208 0.711101 -1.48174 -6.03985 -7.94227 -7.10614 -6.02599 -5.29008 -4.83512 -4.35593 -3.93737 -3.58287 -3.24549 -2.90736 -2.55409 -2.19604 -1.86401 -1.5572 -1.29163 -1.0635 -0.811419 -0.550395
52.455 0.265988 0.415918 0.709399 -1.48317 -6.04071 -7.94308 -7.10702 -6.02694 -5.29107 -4.83613 -4.35695 -3.93838 -3.58387 -3.24646 -2.9083 -2.55501 -2.19692 -1.86484 -1.55798 -1.29234 -1.06413 -0.811962 -0.550831
52.505 0.265117 0.41463 0.7077 -1.48458 -6.04158 -7.94389 -7.1079 -6.02788 -5.29206 -4.83714 -4.35796 -3.93939 -3.58486 -3.24744 -2.90925 -2.55592 -2.1978 -1.86567 -1.55876 -1.29306 -1.06476 -0.812503 -0.551266
52.555 0.264248 0.413344 0.706004 -1.486 -6.04244 -7.94469 -7.10877 -6.02883 -5.29305 -4.83814 -4.35898 -3.94041 -3.58586 -3.24841 -2.9102 -2.55684 -2.19867 -1.8665 -1.55954 -1.29377 -1.06539 -0.813043 -0.551699
52.605 0.263379 0.41206 0.70431 -1.48742 -6.0433 -7.9455 -7.10964 -6.02977 -5.29403 -4.83914 -4.35999 -3.94142 -3.58686 -3.24939 -2.91114 -2.55775 -2.19955 -1.86733 -1.56032 -1.29448 -1.06602 -0.813581 -0.552132
52.655 0.262513 0.410779 0.702619 -1.48883 -6.04416 -7.9463 -7.11051 -6.03071 -5.29501 -4.84014 -4.361 -3.94242 -3.58785 -3.25036 -2.91208 -2.55866 -2.20042 -1.86816 -1.56109 -1.29518 -1.06665 -0.814119 -0.552564
52.705 0.261648 0.409499 0.700931 -1.49024 -6.04502 -7.94711 -7.11139 -6.03165 -5.29599 -4.84114 -4.36201 -3.94343 -3.58884 -3.25133 -2.91302 -2.55956 -2.20129 -1.86898 -1.56186 -1.29589 -1.06727 -0.814655 -0.552994
52.755 0.260784 0.408221 0.699245 -1.49164 -6.04587 -7.94791 -7.11225 -6.03259 -5.29697 -4.84214 -4.36302 -3.94443 -3.58983 -3.25229 -2.91396 -2.56047 -2.20216 -1.86981 -1.56263 -1.29659 -1.0679 -0.81519 -0.553424
52.805 0.259921 0.406946 0.697562 -1.49305 -6.04673 -7.94871 -7.11312 -6.03352 -5.29795 -4.84314 -4.36402 -3.94544 -3.59082 -3.25326 -2.9149 -2.56137 -2.20302 -1.87063 -1.5634 -1.2973 -1.06852 -0.815723 -0.553852
52.855 0.25906 0.405673 0.695882 -1.49445 -6.04758 -7.94951 -7.11399 -6.03446 -5.29893 -4.84413 -4.36502 -3.94644 -3.59181 -3.25422 -2.91583 -2.56228 -2.20389 -1.87145 -1.56417 -1.298 -1.06914 -0.816256 -0.55428
52.905 0.258201 0.404401 0.694204 -1.49585 -6.04844 -7.95031 -7.11485 -6.03539 -5.29991 -4.84512 -4.36603 -3.94744 -3.59279 -3.25518 -2.91676 -2.56318 -2.20475 -1.87227 -1.56494 -1.2987 -1.06976 -0.816787 -0.554706
52.955 0.257343 0.403132 0.69253 -1.49725 -6.04929 -7.95111 -7.11572 -6.03632 -5.30088 -4.84611 -4.36703 -3.94844 -3.59377 -3.25614 -2.9177 -2.56407 -2.20561 -1.87309 -1.5657 -1.2994 -1.07038 -0.817316 -0.555132
53.005 0.256486 0.401865 0.690857 -1.49865 -6.05014 -7.9519 -7.11658 -6.03726 -5.30185 -4.8471 -4.36803 -3.94943 -3.59476 -3.2571 -2.91863 -2.56497 -2.20647 -1.8739 -1.56646 -1.3001 -1.071 -0.817845 -0.555556
53.055 0.255631 0.4006 0.689188 -1.50004 -6.05099 -7.9527 -7.11744 -6.03818 -5.30282 -4.84809 -4.36902 -3.95043 -3.59574 -3.25806 -2.91955 -2.56587 -2.20733 -1.87472 -1.56722 -1.30079 -1.07161 -0.818372 -0.555979
53.105 0.254777 0.399337 0.687521 -1.50144 -6.05183 -7.95349 -7.1183 -6.03911 -5.30379 -4.84907 -4.37002 -3.95142 -3.59671 -3.25901 -2.92048 -2.56676 -2.20819 -1.87553 -1.56798 -1.30149 -1.07223 -0.818899 -0.556402
53.155 0.253924 0.398076 0.685857 -1.50283 -6.05268 -7.95429 -7.11916 -6.04004 -5.30476 -4.85006 -4.37101 -3.95241 -3.59769 -3.25997 -2.9214 -2.56765 -2.20904 -1.87634 -1.56874 -1.30218 -1.07284 -0.819423 -0.556823
53.205 0.253073 0.396817 0.684195 -1.50421 -6.05352 -7.95508 -7.12001 -6.04096 -5.30572 -4.85104 -4.372 -3.9534 -3.59866 -3.26092 -2.92233 -2.56854 -2.2099 -1.87715 -1.5695 -1.30287 -1.07345 -0.819947 -0.557243
53.255 0.252223 0.39556 0.682536 -1.5056 -6.05437 -7.95587 -7.12087 -6.04189 -5.30669 -4.85202 -4.37299 -3.95439 -3.59964 -3.26187 -2.92325 -2.56943 -2.21075 -1.87795 -1.57025 -1.30356 -1.07406 -0.820469 -0.557662
53.305 0.251375 0.394305 0.68088 -1.50698 -6.05521 -7.95666 -7.12172 -6.04281 -5.30765 -4.853 -4.37398 -3.95537 -3.60061 -3.26282 -2.92417 -2.57032 -2.2116 -1.87876 -1.571 -1.30425 -1.07467 -0.820991 -0.558081
53.355 0.250528 0.393052 0.679226 -1.50836 -6.05605 -7.95744 -7.12258 -6.04373 -5.30861 -4.85398 -4.37497 -3.95636 -3.60158 -3.26376 -2.92508 -2.5712 -2.21245 -1.87956 -1.57176 -1.30493 -1.07528 -0.821511 -0.558498
53.405 0.249683 0.391801 0.677575 -1.50974 -6.05689 -7.95823 -7.12343 -6.04465 -5.30957 -4.85496 -4.37596 -3.95734 -3.60254 -3.26471 -2.926 -2.57208 -2.21329 -1.88037 -1.57251 -1.30562 -1.07588 -0.822029 -0.558914
53.455 0.248839 0.390553 0.675927 -1.51112 -6.05773 -7.95901 -7.12428 -6.04556 -5.31053 -4.85593 -4.37694 -3.95832 -3.60351 -3.26565 -2.92691 -2.57296 -2.21414 -1.88117 -1.57325 -1.3063 -1.07649 -0.822547 -0.559329
53.505 0.247996 0.389306 0.674281 -1.51249 -6.05856 -7.9598 -7.12513 -6.04648 -5.31149 -4.8569 -4.37792 -3.9593 -3.60447 -3.26659 -2.92783 -2.57384 -2.21498 -1.88197 -1.574 -1.30698 -1.07709 -0.823063 -0.559743
53.555 0.247155 0.388061 0.672638 -1.51387 -6.0594 -7.96058 -7.12597 -6.04739 -5.31244 -4.85788 -4.3789 -3.96028 -3.60544 -3.26753 -2.92874 -2.57472 -2.21582 -1.88276 -1.57475 -1.30766 -1.07769 -0.823578 -0.560157
53.605 0.246315 0.386818 0.670997 -1.51524 -6.06023 -7.96136 -7.12682 -6.04831 -5.3134 -4.85885 -4.37988 -3.96125 -3.6064 -3.26847 -2.92964 -2.5756 -2.21666 -1.88356 -1.57549 -1.30834 -1.07829 -0.824092 -0.560569
53.655 0.245476 0.385578 0.669359 -1.51661 -6.06107 -7.96214 -7.12767 -6.04922 -5.31435 -4.85981 -4.38086 -3.96223 -3.60736 -3.2694 -2.93055 -2.57647 -2.2175 -1.88435 -1.57623 -1.30902 -1.07889 -0.824605 -0.56098
53.705 0.244639 0.384339 0.667724 -1.51797 -6.0619 -7.96292 -7.12851 -6.05013 -5.3153 -4.86078 -4.38183 -3.9632 -3.60831 -3.27034 -2.93146 -2.57735 -2.21833 -1.88514 -1.57697 -1.3097 -1.07949 -0.825117 -0.56139
53.755 0.243803 0.383102 0.666091 -1.51934 -6.06273 -7.9637 -7.12935 -6.05104 -5.31625 -4.86175 -4.38281 -3.96417 -3.60927 -3.27127 -2.93236 -2.57822 -2.21917 -1.88593 -1.57771 -1.31037 -1.08009 -0.825627 -0.5618
53.805 0.242968 0.381867 0.664461 -1.5207 -6.06356 -7.96447 -7.13019 -6.05194 -5.3172 -4.86271 -4.38378 -3.96514 -3.61022 -3.2722 -2.93326 -2.57909 -2.22 -1.88672 -1.57845 -1.31104 -1.08068 -0.826136 -0.562208
53.855 0.242135 0.380635 0.662833 -1.52206 -6.06438 -7.96525 -7.13103 -6.05285 -5.31814 -4.86367 -4.38475 -3.96611 -3.61118 -3.27313 -2.93416 -2.57995 -2.22083 -1.88751 -1.57918 -1.31171 -1.08128 -0.826644 -0.562615
53.905 0.241304 0.379404 0.661208 -1.52341 -6.06521 -7.96602 -7.13187 -6.05375 -5.31909 -4.86463 -4.38572 -3.96707 -3.61213 -3.27406 -2.93506 -2.58082 -2.22166 -1.8883 -1.57992 -1.31238 -1.08187 -0.827151 -0.563021
53.955 0.240473 0.378175 0.659585 -1.52477 -6.06603 -7.9668 -7.13271 -6.05466 -5.32003 -4.86559 -4.38669 -3.96804 -3.61308 -3.27498 -2.93596 -2.58169 -2.22249 -1.88908 -1.58065 -1.31305 -1.08246 -0.827656 -0.563427
54.005 0.239644 0.376948 0.657966 -1.52612 -6.06686 -7.96757 -7.13354 -6.05556 -5.32097 -4.86655 -4.38765 -3.969 -3.61402 -3.27591 -2.93685 -2.58255 -2.22332 -1.88986 -1.58138 -1.31372 -1.08305 -0.828161 -0.563831
54.055 0.238817 0.375724 0.656348 -1.52747 -6.06768 -7.96834 -7.13438 -6.05646 -5.32191 -4.8675 -4.38862 -3.96996 -3.61497 -3.27683 -2.93775 -2.58341 -2.22414 -1.89064 -1.58211 -1.31439 -1.08364 -0.828664 -0.564235
54.105 0.23799 0.374501 0.654733 -1.52882 -6.0685 -7.96911 -7.13521 -6.05735 -5.32285 -4.86846 -4.38958 -3.97092 -3.61591 -3.27775 -2.93864 -2.58427 -2.22497 -1.89142 -1.58284 -1.31505 -1.08422 -0.829166 -0.564637
54.155 0.237165 0.37328 0.653121 -1.53017 -6.06932 -7.96988 -7.13604 -6.05825 -5.32379 -4.86941 -4.39054 -3.97188 -3.61685 -3.27867 -2.93953 -2.58513 -2.22579 -1.8922 -1.58356 -1.31571 -1.08481 -0.829667 -0.565038
54.205 0.236342 0.372061 0.651512 -1.53151 -6.07014 -7.97064 -7.13687 -6.05915 -5.32472 -4.87036 -4.3915 -3.97283 -3.61779 -3.27959 -2.94042 -2.58598 -2.22661 -1.89298 -1.58429 -1.31637 -1.08539 -0.830167 -0.565439
54.255 0.235519 0.370844 0.649904 -1.53286 -6.07096 -7.97141 -7.1377 -6.06004 -5.32566 -4.87131 -4.39246 -3.97379 -3.61873 -3.2805 -2.94131 -2.58684 -2.22742 -1.89375 -1.58501 -1.31703 -1.08598 -0.830665 -0.565838
54.305 0.234699 0.369629 0.6483 -1.5342 -6.07177 -7.97217 -7.13853 -6.06093 -5.32659 -4.87226 -4.39341 -3.97474 -3.61967 -3.28142 -2.94219 -2.58769 -2.22824 -1.89453 -1.58573 -1.31769 -1.08656 -0.831163 -0.566237
54.355 0.233879 0.368416 0.646698 -1.53554 -6.07259 -7.97294 -7.13935 -6.06183 -5.32752 -4.8732 -4.39437 -3.97569 -3.62061 -3.28233 -2.94308 -2.58854 -2.22906 -1.8953 -1.58645 -1.31835 -1.08714 -0.831659 -0.566635
54.405 0.233061 0.367205 0.645098 -1.53687 -6.0734 -7.9737 -7.14018 -6.06272 -5.32845 -4.87415 -4.39532 -3.97664 -3.62154 -3.28324 -2.94396 -2.58939 -2.22987 -1.89607 -1.58717 -1.319 -1.08772 -0.832154 -0.567031
54.455 0.232244 0.365996 0.643501 -1.53821 -6.07421 -7.97446 -7.141 -6.0636 -5.32938 -4.87509 -4.39627 -3.97759 -3.62247 -3.28415 -2.94484 -2.59024 -2.23068 -1.89683 -1.58789 -1.31966 -1.0883 -0.832648 -0.567427
54.505 0.231428 0.364789 0.641907 -1.53954 -6.07502 -7.97522 -7.14183 -6.06449 -5.3303 -4.87603 -4.39722 -3.97853 -3.6234 -3.28506 -2.94572 -2.59109 -2.23149 -1.8976 -1.5886 -1.32031 -1.08887 -0.833141 -0.567822
54.555 0.230614 0.363584 0.640315 -1.54087 -6.07583 -7.97598 -7.14265 -6.06538 -5.33123 -4.87697 -4.39817 -3.97948 -3.62433 -3.28597 -2.94659 -2.59193 -2.2323 -1.89837 -1.58932 -1.32096 -1.08945 -0.833632 -0.568216
54.605 0.229801 0.362381 0.638726 -1.5422 -6.07664 -7.97673 -7.14347 -6.06626 -5.33215 -4.87791 -4.39912 -3.98042 -3.62526 -3.28687 -2.94747 -2.59277 -2.23311 -1.89913 -1.59003 -1.32161 -1.09002 -0.834123 -0.568609
54.655 0.22899 0.361179 0.637139 -1.54352 -6.07745 -7.97749 -7.14428 -6.06714 -5.33307 -4.87885 -4.40006 -3.98136 -3.62619 -3.28777 -2.94834 -2.59362 -2.23391 -1.89989 -1.59074 -1.32226 -1.0906 -0.834612 -0.569001
54.705 0.228179 0.35998 0.635554 -1.54485 -6.07825 -7.97824 -7.1451 -6.06803 -5.33399 -4.87979 -4.40101 -3.9823 -3.62711 -3.28867 -2.94922 -2.59446 -2.23472 -1.90065 -1.59145 -1.32291 -1.09117 -0.835101 -0.569392
54.755 0.227371 0.358783 0.633972 -1.54617 -6.07906 -7.979 -7.14592 -6.06891 -5.33491 -4.88072 -4.40195 -3.98324 -3.62803 -3.28957 -2.95009 -2.59529 -2.23552 -1.90141 -1.59216 -1.32355 -1.09174 -0.835588 -0.569782
54.805 0.226563 0.357587 0.632393 -1.54749 -6.07986 -7.97975 -7.14673 -6.06979 -5.33583 -4.88165 -4.40289 -3.98418 -3.62895 -3.29047 -2.95096 -2.59613 -2.23632 -1.90217 -1.59286 -1.3242 -1.09231 -0.836074 -0.570171
54.855 0.225757 0.356394 0.630816 -1.54881 -6.08066 -7.9805 -7.14755 -6.07066 -5.33675 -4.88258 -4.40383 -3.98511 -3.62987 -3.29137 -2.95182 -2.59697 -2.23712 -1.90292 -1.59357 -1.32484 -1.09287 -0.836559 -0.570559
54.905 0.224952 0.355202 0.629242 -1.55012 -6.08146 -7.98125 -7.14836 -6.07154 -5.33766 -4.88351 -4.40476 -3.98604 -3.63079 -3.29226 -2.95269 -2.5978 -2.23792 -1.90368 -1.59427 -1.32548 -1.09344 -0.837042 -0.570946
54.955 0.224148 0.354012 0.62767 -1.55144 -6.08226 -7.982 -7.14917 -6.07241 -5.33857 -4.88444 -4.4057 -3.98698 -3.63171 -3.29315 -2.95355 -2.59863 -2.23871 -1.90443 -1.59498 -1.32612 -1.094 -0.837525 -0.571333
55.005 0.223346 0.352824 0.6261 -1.55275 -6.08306 -7.98275 -7.14998 -6.07329 -5.33949 -4.88537 -4.40663 -3.98791 -3.63262 -3.29405 -2.95442 -2.59946 -2.23951 -1.90518 -1.59568 -1.32676 -1.09457 -0.838006 -0.571718
55.055 0.222545 0.351638 0.624533 -1.55406 -6.08386 -7.98349 -7.15079 -6.07416 -5.3404 -4.88629 -4.40757 -3.98883 -3.63354 -3.29494 -2.95528 -2.60029 -2.2403 -1.90593 -1.59638 -1.3274 -1.09513 -0.838487 -0.572103
55.105 0.221745 0.350454 0.622969 -1.55536 -6.08465 -7.98424 -7.15159 -6.07503 -5.34131 -4.88722 -4.4085 -3.98976 -3.63445 -3.29582 -2.95614 -2.60112 -2.24109 -1.90668 -1.59707 -1.32803 -1.09569 -0.838966 -0.572486
55.155 0.220947 0.349272 0.621407 -1.55667 -6.08545 -7.98498 -7.1524 -6.0759 -5.34221 -4.88814 -4.40943 -3.99069 -3.63536 -3.29671 -2.95699 -2.60194 -2.24188 -1.90743 -1.59777 -1.32867 -1.09625 -0.839444 -0.572869
55.205 0.220149 0.348092 0.619847 -1.55797 -6.08624 -7.98573 -7.1532 -6.07677 -5.34312 -4.88906 -4.41036 -3.99161 -3.63626 -3.2976 -2.95785 -2.60277 -2.24267 -1.90817 -1.59846 -1.3293 -1.09681 -0.839921 -0.573251
55.255 0.219354 0.346914 0.61829 -1.55927 -6.08703 -7.98647 -7.15401 -6.07763 -5.34402 -4.88998 -4.41128 -3.99253 -3.63717 -3.29848 -2.95871 -2.60359 -2.24345 -1.90892 -1.59916 -1.32993 -1.09737 -0.840397 -0.573632
55.305 0.218559 0.345737 0.616735 -1.56057 -6.08782 -7.98721 -7.15481 -6.0785 -5.34493 -4.8909 -4.41221 -3.99345 -3.63808 -3.29936 -2.95956 -2.60441 -2.24424 -1.90966 -1.59985 -1.33056 -1.09792 -0.840872 -0.574012
55.355 0.217766 0.344563 0.615183 -1.56187 -6.08861 -7.98795 -7.15561 -6.07936 -5.34583 -4.89181 -4.41313 -3.99437 -3.63898 -3.30024 -2.96041 -2.60523 -2.24502 -1.9104 -1.60054 -1.33119 -1.09848 -0.841346 -0.574391
55.405 0.216974 0.34339 0.613633 -1.56316 -6.0894 -7.98869 -7.15641 -6.08022 -5.34673 -4.89273 -4.41405 -3.99529 -3.63988 -3.30112 -2.96126 -2.60605 -2.2458 -1.91114 -1.60123 -1.33182 -1.09903 -0.841819 -0.574769
55.455 0.216183 0.342219 0.612086 -1.56446 -6.09019 -7.98942 -7.15721 -6.08108 -5.34763 -4.89364 -4.41497 -3.99621 -3.64078 -3.302 -2.96211 -2.60686 -2.24658 -1.91188 -1.60192 -1.33245 -1.09959 -0.84229 -0.575146
55.505 0.215394 0.34105 0.610541 -1.56575 -6.09097 -7.99016 -7.15801 -6.08194 -5.34852 -4.89455 -4.41589 -3.99712 -3.64168 -3.30287 -2.96296 -2.60768 -2.24736 -1.91261 -1.6026 -1.33307 -1.10014 -0.842761 -0.575523
55.555 0.214606 0.339883 0.608999 -1.56704 -6.09176 -7.99089 -7.1588 -6.0828 -5.34942 -4.89546 -4.41681 -3.99803 -3.64258 -3.30375 -2.9638 -2.60849 -2.24814 -1.91335 -1.60329 -1.33369 -1.10069 -0.84323 -0.575898
55.605 0.213819 0.338718 0.607459 -1.56832 -6.09254 -7.99163 -7.1596 -6.08366 -5.35031 -4.89637 -4.41772 -3.99894 -3.64347 -3.30462 -2.96464 -2.6093 -2.24892 -1.91408 -1.60397 -1.33432 -1.10124 -0.843699 -0.576273
55.655 0.213033 0.337555 0.605921 -1.56961 -6.09332 -7.99236 -7.16039 -6.08451 -5.35121 -4.89728 -4.41864 -3.99985 -3.64437 -3.30549 -2.96549 -2.61011 -2.24969 -1.91481 -1.60465 -1.33494 -1.10178 -0.844166 -0.576646
55.705 0.212249 0.336393 0.604386 -1.57089 -6.0941 -7.99309 -7.16118 -6.08537 -5.3521 -4.89818 -4.41955 -4.00076 -3.64526 -3.30636 -2.96633 -2.61092 -2.25046 -1.91554 -1.60533 -1.33556 -1.10233 -0.844632 -0.577019
55.755 0.211466 0.335234 0.602853 -1.57217 -6.09488 -7.99382 -7.16197 -6.08622 -5.35299 -4.89909 -4.42046 -4.00167 -3.64615 -3.30723 -2.96717 -2.61173 -2.25123 -1.91627 -1.60601 -1.33618 -1.10287 -0.845097 -0.577391
55.805 0.210684 0.334076 0.601323 -1.57345 -6.09566 -7.99455 -7.16276 -6.08707 -5.35388 -4.89999 -4.42137 -4.00257 -3.64704 -3.30809 -2.968 -2.61253 -2.252 -1.917 -1.60669 -1.33679 -1.10342 -0.845561 -0.577762
55.855 0.209904 0.33292 0.599795 -1.57473 -6.09644 -7.99528 -7.16355 -6.08792 -5.35476 -4.90089 -4.42228 -4.00348 -3.64793 -3.30896 -2.96884 -2.61334 -2.25277 -1.91772 -1.60736 -1.33741 -1.10396 -0.846024 -0.578132
55.905 0.209125 0.331766 0.59827 -1.57601 -6.09721 -7.99601 -7.16434 -6.08877 -5.35565 -4.90179 -4.42319 -4.00438 -3.64881 -3.30982 -2.96967 -2.61414 -2.25354 -1.91845 -1.60804 -1.33802 -1.1045 -0.846486 -0.578502
55.955 0.208347 0.330614 0.596746 -1.57728 -6.09799 -7.99673 -7.16512 -6.08962 -5.35653 -4.90269 -4.42409 -4.00528 -3.6497 -3.31068 -2.97051 -2.61494 -2.2543 -1.91917 -1.60871 -1.33864 -1.10504 -0.846947 -0.57887
56.005 0.20757 0.329464 0.595226 -1.57855 -6.09876 -7.99746 -7.16591 -6.09047 -5.35742 -4.90358 -4.42499 -4.00618 -3.65058 -3.31154 -2.97134 -2.61574 -2.25507 -1.91989 -1.60938 -1.33925 -1.10558 -0.847407 -0.579238
56.055 0.206795 0.328315 0.593707 -1.57982 -6.09953 -7.99818 -7.16669 -6.09131 -5.3583 -4.90448 -4.4259 -4.00708 -3.65146 -3.3124 -2.97217 -2.61654 -2.25583 -1.92061 -1.61005 -1.33986 -1.10612 -0.847866 -0.579604
56.105 0.206021 0.327169 0.592191 -1.58109 -6.1003 -7.9989 -7.16747 -6.09215 -5.35918 -4.90537 -4.4268 -4.00797 -3.65234 -3.31326 -2.973 -2.61733 -2.25659 -1.92133 -1.61072 -1.34047 -1.10666 -0.848323 -0.57997
56.155 0.205248 0.326024 0.590678 -1.58235 -6.10107 -7.99962 -7.16825 -6.093 -5.36006 -4.90627 -4.4277 -4.00887 -3.65322 -3.31411 -2.97382 -2.61813 -2.25735 -1.92205 -1.61139 -1.34107 -1.10719 -0.84878 -0.580335
56.205 0.204476 0.324881 0.589167 -1.58361 -6.10184 -8.00034 -7.16903 -6.09384 -5.36094 -4.90716 -4.42859 -4.00976 -3.6541 -3.31497 -2.97465 -2.61892 -2.25811 -1.92276 -1.61206 -1.34168 -1.10773 -0.849236 -0.580699
56.255 0.203706 0.32374 0.587658 -1.58487 -6.10261 -8.00106 -7.16981 -6.09468 -5.36181 -4.90805 -4.42949 -4.01065 -3.65497 -3.31582 -2.97547 -2.61971 -2.25886 -1.92347 -1.61272 -1.34228 -1.10826 -0.84969 -0.581063
56.305 0.202937 0.3226 0.586151 -1.58613 -6.10338 -8.00178 -7.17059 -6.09551 -5.36269 -4.90893 -4.43038 -4.01154 -3.65585 -3.31667 -2.97629 -2.6205 -2.25962 -1.92419 -1.61339 -1.34289 -1.10879 -0.850144 -0.581425
56.355 0.202169 0.321463 0.584647 -1.58739 -6.10414 -8.0025 -7.17137 -6.09635 -5.36356 -4.90982 -4.43128 -4.01243 -3.65672 -3.31752 -2.97711 -2.62129 -2.26037 -1.9249 -1.61405 -1.34349 -1.10932 -0.850596 -0.581787
56.405 0.201402 0.320327 0.583146 -1.58865 -6.10491 -8.00321 -7.17214 -6.09719 -5.36443 -4.91071 -4.43217 -4.01331 -3.65759 -3.31837 -2.97793 -2.62208 -2.26112 -1.92561 -1.61471 -1.34409 -1.10985 -0.851048 -0.582147
56.455 0.200637 0.319193 0.581646 -1.5899 -6.10567 -8.00393 -7.17291 -6.09802 -5.3653 -4.91159 -4.43306 -4.0142 -3.65846 -3.31921 -2.97875 -2.62287 -2.26187 -1.92632 -1.61537 -1.34469 -1.11038 -0.851498 -0.582507
56.505 0.199873 0.318061 0.580149 -1.59115 -6.10643 -8.00464 -7.17369 -6.09885 -5.36617 -4.91247 -4.43395 -4.01508 -3.65933 -3.32006 -2.97957 -2.62365 -2.26262 -1.92702 -1.61602 -1.34529 -1.11091 -0.851947 -0.582866
56.555 0.19911 0.316931 0.578655 -1.5924 -6.10719 -8.00535 -7.17446 -6.09968 -5.36704 -4.91335 -4.43484 -4.01597 -3.6602 -3.3209 -2.98038 -2.62443 -2.26337 -1.92773 -1.61668 -1.34589 -1.11143 -0.852396 -0.583224
56.605 0.198348 0.315803 0.577162 -1.59365 -6.10795 -8.00606 -7.17523 -6.10052 -5.3679 -4.91423 -4.43572 -4.01685 -3.66106 -3.32174 -2.98119 -2.62521 -2.26411 -1.92843 -1.61734 -1.34648 -1.11196 -0.852843 -0.583581
56.655 0.197587 0.314676 0.575672 -1.59489 -6.10871 -8.00677 -7.176 -6.10134 -5.36877 -4.91511 -4.43661 -4.01773 -3.66192 -3.32258 -2.98201 -2.62599 -2.26486 -1.92913 -1.61799 -1.34708 -1.11248 -0.853289 -0.583938
56.705 0.196828 0.313551 0.574185 -1.59614 -6.10946 -8.00748 -7.17676 -6.10217 -5.36963 -4.91599 -4.43749 -4.0186 -3.66279 -3.32342 -2.98282 -2.62677 -2.2656 -1.92984 -1.61864 -1.34767 -1.113 -0.853735 -0.584294
56.755 0.19607 0.312428 0.5727 -1.59738 -6.11022 -8.00819 -7.17753 -6.103 -5.3705 -4.91686 -4.43837 -4.01948 -3.66365 -3.32426 -2.98362 -2.62755 -2.26634 -1.93054 -1.61929 -1.34826 -1.11353 -0.854179 -0.584648
56.805 0.195313 0.311307 0.571217 -1.59862 -6.11097 -8.0089 -7.1783 -6.10382 -5.37136 -4.91774 -4.43925 -4.02035 -3.6645 -3.32509 -2.98443 -2.62832 -2.26708 -1.93123 -1.61994 -1.34885 -1.11405 -0.854622 -0.585002
56.855 0.194558 0.310188 0.569736 -1.59986 -6.11173 -8.0096 -7.17906 -6.10465 -5.37222 -4.91861 -4.44013 -4.02123 -3.66536 -3.32593 -2.98524 -2.6291 -2.26782 -1.93193 -1.62059 -1.34944 -1.11457 -0.855064 -0.585355
56.905 0.193804 0.30907 0.568258 -1.60109 -6.11248 -8.01031 -7.17982 -6.10547 -5.37307 -4.91948 -4.441 -4.0221 -3.66622 -3.32676 -2.98604 -2.62987 -2.26856 -1.93263 -1.62124 -1.35003 -1.11508 -0.855506 -0.585708
56.955 0.19305 0.307954 0.566782 -1.60233 -6.11323 -8.01101 -7.18058 -6.10629 -5.37393 -4.92035 -4.44188 -4.02297 -3.66707 -3.32759 -2.98684 -2.63064 -2.26929 -1.93332 -1.62188 -1.35062 -1.1156 -0.855946 -0.586059
57.005 0.192299 0.30684 0.565308 -1.60356 -6.11398 -8.01171 -7.18134 -6.10711 -5.37479 -4.92122 -4.44275 -4.02384 -3.66792 -3.32842 -2.98764 -2.63141 -2.27003 -1.93401 -1.62253 -1.3512 -1.11612 -0.856385 -0.58641
57.055 0.191548 0.305728 0.563837 -1.60479 -6.11473 -8.01241 -7.1821 -6.10793 -5.37564 -4.92208 -4.44363 -4.02471 -3.66878 -3.32925 -2.98844 -2.63218 -2.27076 -1.9347 -1.62317 -1.35179 -1.11663 -0.856823 -0.58676
57.105 0.190798 0.304617 0.562368 -1.60602 -6.11547 -8.01311 -7.18286 -6.10875 -5.37649 -4.92295 -4.4445 -4.02557 -3.66963 -3.33007 -2.98924 -2.63294 -2.27149 -1.93539 -1.62381 -1.35237 -1.11714 -0.85726 -0.587109
57.155 0.19005 0.303508 0.560901 -1.60724 -6.11622 -8.01381 -7.18362 -6.10956 -5.37734 -4.92381 -4.44537 -4.02644 -3.67047 -3.3309 -2.99004 -2.63371 -2.27222 -1.93608 -1.62445 -1.35295 -1.11766 -0.857697 -0.587457
57.205 0.189303 0.302401 0.559436 -1.60847 -6.11697 -8.01451 -7.18437 -6.11038 -5.37819 -4.92468 -4.44624 -4.0273 -3.67132 -3.33172 -2.99083 -2.63447 -2.27295 -1.93677 -1.62509 -1.35354 -1.11817 -0.858132 -0.587804
57.255 0.188557 0.301296 0.557974 -1.60969 -6.11771 -8.01521 -7.18513 -6.11119 -5.37904 -4.92554 -4.4471 -4.02816 -3.67217 -3.33254 -2.99163 -2.63524 -2.27368 -1.93746 -1.62573 -1.35411 -1.11868 -0.858566 -0.588151
57.305 0.187813 0.300192 0.556514 -1.61091 -6.11845 -8.0159 -7.18588 -6.112 -5.37989 -4.9264 -4.44797 -4.02902 -3.67301 -3.33337 -2.99242 -2.636 -2.2744 -1.93814 -1.62637 -1.35469 -1.11919 -0.858999 -0.588496
57.355 0.187069 0.299091 0.555057 -1.61213 -6.11919 -8.0166 -7.18663 -6.11281 -5.38073 -4.92725 -4.44883 -4.02988 -3.67385 -3.33418 -2.99321 -2.63676 -2.27513 -1.93882 -1.627 -1.35527 -1.11969 -0.859432 -0.588841
57.405 0.186327 0.297991 0.553602 -1.61335 -6.11993 -8.01729 -7.18739 -6.11362 -5.38158 -4.92811 -4.44969 -4.03074 -3.67469 -3.335 -2.994 -2.63751 -2.27585 -1.9395 -1.62764 -1.35585 -1.1202 -0.859863 -0.589185
57.455 0.185586 0.296892 0.552149 -1.61456 -6.12067 -8.01798 -7.18813 -6.11443 -5.38242 -4.92897 -4.45056 -4.03159 -3.67553 -3.33582 -2.99479 -2.63827 -2.27657 -1.94018 -1.62827 -1.35642 -1.12071 -0.860293 -0.589529
57.505 0.184846 0.295796 0.550698 -1.61577 -6.12141 -8.01867 -7.18888 -6.11524 -5.38326 -4.92982 -4.45142 -4.03245 -3.67637 -3.33663 -2.99557 -2.63902 -2.27729 -1.94086 -1.6289 -1.35699 -1.12121 -0.860723 -0.589871
57.555 0.184107 0.294701 0.549249 -1.61698 -6.12215 -8.01936 -7.18963 -6.11604 -5.3841 -4.93067 -4.45227 -4.0333 -3.67721 -3.33745 -2.99636 -2.63978 -2.27801 -1.94154 -1.62953 -1.35757 -1.12171 -0.861151 -0.590213
57.605 0.18337 0.293608 0.547803 -1.61819 -6.12288 -8.02005 -7.19038 -6.11685 -5.38494 -4.93152 -4.45313 -4.03415 -3.67804 -3.33826 -2.99714 -2.64053 -2.27873 -1.94222 -1.63016 -1.35814 -1.12222 -0.861578 -0.590554
57.655 0.182634 0.292517 0.546359 -1.6194 -6.12362 -8.02074 -7.19112 -6.11765 -5.38578 -4.93237 -4.45399 -4.035 -3.67888 -3.33907 -2.99793 -2.64128 -2.27944 -1.94289 -1.63078 -1.35871 -1.12272 -0.862005 -0.590894
57.705 0.181898 0.291427 0.544918 -1.62061 -6.12435 -8.02143 -7.19187 -6.11845 -5.38662 -4.93322 -4.45484 -4.03585 -3.67971 -3.33988 -2.99871 -2.64203 -2.28016 -1.94356 -1.63141 -1.35928 -1.12322 -0.86243 -0.591233
57.755 0.181165 0.29034 0.543478 -1.62181 -6.12508 -8.02211 -7.19261 -6.11925 -5.38745 -4.93407 -4.45569 -4.0367 -3.68054 -3.34069 -2.99949 -2.64278 -2.28087 -1.94424 -1.63204 -1.35984 -1.12372 -0.862855 -0.591572
57.805 0.180432 0.289254 0.542041 -1.62301 -6.12582 -8.0228 -7.19335 -6.12005 -5.38829 -4.93492 -4.45654 -4.03754 -3.68137 -3.34149 -3.00026 -2.64352 -2.28158 -1.94491 -1.63266 -1.36041 -1.12421 -0.863278 -0.591909
57.855 0.1797 0.288169 0.540606 -1.62421 -6.12655 -8.02348 -7.19409 -6.12085 -5.38912 -4.93576 -4.45739 -4.03839 -3.6822 -3.3423 -3.00104 -2.64427 -2.28229 -1.94558 -1.63328 -1.36097 -1.12471 -0.863701 -0.592246
57.905 0.17897 0.287087 0.539173 -1.62541 -6.12727 -8.02417 -7.19483 -6.12165 -5.38995 -4.9366 -4.45824 -4.03923 -3.68302 -3.3431 -3.00181 -2.64501 -2.283 -1.94624 -1.6339 -1.36154 -1.12521 -0.864122 -0.592583
57.955 0.178241 0.286006 0.537743 -1.62661 -6.128 -8.02485 -7.19557 -6.12244 -5.39078 -4.93745 -4.45909 -4.04007 -3.68385 -3.3439 -3.00259 -2.64576 -2.28371 -1.94691 -1.63452 -1.3621 -1.1257 -0.864543 -0.592918
58.005 0.177513 0.284927 0.536315 -1.6278 -6.12873 -8.02553 -7.19631 -6.12324 -5.39161 -4.93829 -4.45993 -4.04091 -3.68467 -3.3447 -3.00336 -2.6465 -2.28441 -1.94758 -1.63514 -1.36266 -1.12619 -0.864963 -0.593253
58.055 0.176786 0.283849 0.534889 -1.62899 -6.12945 -8.02621 -7.19704 -6.12403 -5.39243 -4.93913 -4.46078 -4.04175 -3.6855 -3.3455 -3.00413 -2.64724 -2.28512 -1.94824 -1.63576 -1.36322 -1.12669 -0.865381 -0.593586
58.105 0.17606 0.282773 0.533465 -1.63018 -6.13018 -8.02689 -7.19778 -6.12482 -5.39326 -4.93996 -4.46162 -4.04259 -3.68632 -3.3463 -3.0049 -2.64797 -2.28582 -1.9489 -1.63637 -1.36378 -1.12718 -0.865799 -0.593919
58.155 0.175336 0.281699 0.532044 -1.63137 -6.1309 -8.02756 -7.19851 -6.12561 -5.39408 -4.9408 -4.46246 -4.04342 -3.68714 -3.3471 -3.00567 -2.64871 -2.28652 -1.94956 -1.63699 -1.36434 -1.12767 -0.866216 -0.594252
58.205 0.174612 0.280627 0.530624 -1.63256 -6.13162 -8.02824 -7.19924 -6.1264 -5.39491 -4.94163 -4.4633 -4.04426 -3.68795 -3.34789 -3.00644 -2.64945 -2.28722 -1.95022 -1.6376 -1.36489 -1.12816 -0.866632 -0.594583
58.255 0.17389 0.279557 0.529207 -1.63374 -6.13234 -8.02892 -7.19997 -6.12719 -5.39573 -4.94247 -4.46414 -4.04509 -3.68877 -3.34868 -3.0072 -2.65018 -2.28792 -1.95088 -1.63821 -1.36545 -1.12864 -0.867047 -0.594914
58.305 0.173169 0.278488 0.527793 -1.63493 -6.13306 -8.02959 -7.2007 -6.12798 -5.39655 -4.9433 -4.46498 -4.04592 -3.68959 -3.34948 -3.00796 -2.65091 -2.28862 -1.95154 -1.63882 -1.366 -1.12913 -0.867461 -0.595244
58.355 0.172449 0.27742 0.52638 -1.63611 -6.13378 -8.03026 -7.20143 -6.12877 -5.39737 -4.94413 -4.46581 -4.04675 -3.6904 -3.35027 -3.00873 -2.65164 -2.28932 -1.9522 -1.63943 -1.36656 -1.12962 -0.867874 -0.595573
58.405 0.17173 0.276355 0.52497 -1.63729 -6.1345 -8.03094 -7.20216 -6.12955 -5.39819 -4.94496 -4.46665 -4.04758 -3.69121 -3.35106 -3.00949 -2.65237 -2.29001 -1.95285 -1.64004 -1.36711 -1.1301 -0.868286 -0.595901
58.455 0.171013 0.275291 0.523561 -1.63847 -6.13522 -8.03161 -7.20289 -6.13033 -5.399 -4.94579 -4.46748 -4.04841 -3.69202 -3.35184 -3.01025 -2.6531 -2.29071 -1.9535 -1.64064 -1.36766 -1.13059 -0.868697 -0.596229
58.505 0.170297 0.274229 0.522155 -1.63964 -6.13593 -8.03228 -7.20361 -6.13111 -5.39982 -4.94662 -4.46831 -4.04923 -3.69283 -3.35263 -3.01101 -2.65383 -2.2914 -1.95416 -1.64125 -1.36821 -1.13107 -0.869108 -0.596556
58.555 0.169581 0.273168 0.520751 -1.64082 -6.13665 -8.03295 -7.20434 -6.1319 -5.40063 -4.94744 -4.46914 -4.05006 -3.69364 -3.35341 -3.01176 -2.65455 -2.29209 -1.95481 -1.64185 -1.36876 -1.13155 -0.869517 -0.596882
58.605 0.168867 0.27211 0.51935 -1.64199 -6.13736 -8.03361 -7.20506 -6.13268 -5.40145 -4.94827 -4.46997 -4.05088 -3.69445 -3.3542 -3.01252 -2.65528 -2.29278 -1.95546 -1.64246 -1.3693 -1.13203 -0.869926 -0.597207
58.655 0.168154 0.271053 0.51795 -1.64316 -6.13807 -8.03428 -7.20578 -6.13345 -5.40226 -4.94909 -4.4708 -4.0517 -3.69525 -3.35498 -3.01327 -2.656 -2.29347 -1.95611 -1.64306 -1.36985 -1.13251 -0.870333 -0.597532
58.705 0.167442 0.269997 0.516553 -1.64433 -6.13878 -8.03495 -7.2065 -6.13423 -5.40307 -4.94991 -4.47163 -4.05252 -3.69606 -3.35576 -3.01402 -2.65672 -2.29416 -1.95675 -1.64366 -1.37039 -1.13299 -0.87074 -0.597856
58.755 0.166732 0.268943 0.515158 -1.64549 -6.13949 -8.03561 -7.20722 -6.13501 -5.40388 -4.95073 -4.47245 -4.05334 -3.69686 -3.35654 -3.01478 -2.65744 -2.29484 -1.9574 -1.64426 -1.37094 -1.13347 -0.871145 -0.598179
58.805 0.166022 0.267891 0.513765 -1.64666 -6.1402 -8.03628 -7.20794 -6.13578 -5.40468 -4.95155 -4.47328 -4.05416 -3.69766 -3.35732 -3.01552 -2.65816 -2.29553 -1.95804 -1.64486 -1.37148 -1.13394 -0.87155 -0.598501
58.855 0.165314 0.266841 0.512375 -1.64782 -6.14091 -8.03694 -7.20866 -6.13656 -5.40549 -4.95237 -4.4741 -4.05497 -3.69846 -3.35809 -3.01627 -2.65888 -2.29621 -1.95869 -1.64545 -1.37202 -1.13442 -0.871954 -0.598823
58.905 0.164607 0.265792 0.510986 -1.64898 -6.14162 -8.0376 -7.20938 -6.13733 -5.4063 -4.95318 -4.47492 -4.05579 -3.69926 -3.35887 -3.01702 -2.65959 -2.29689 -1.95933 -1.64605 -1.37256 -1.13489 -0.872357 -0.599144
58.955 0.1639 0.264745 0.5096 -1.65014 -6.14232 -8.03826 -7.21009 -6.1381 -5.4071 -4.954 -4.47574 -4.0566 -3.70005 -3.35964 -3.01777 -2.66031 -2.29757 -1.95997 -1.64664 -1.3731 -1.13537 -0.872759 -0.599464
59.005 0.163195 0.2637 0.508215 -1.6513 -6.14303 -8.03892 -7.21081 -6.13887 -5.4079 -4.95481 -4.47656 -4.05741 -3.70085 -3.36042 -3.01851 -2.66102 -2.29825 -1.96061 -1.64724 -1.37364 -1.13584 -0.87316 -0.599783
59.055 0.162492 0.262656 0.506833 -1.65246 -6.14373 -8.03958 -7.21152 -6.13964 -5.4087 -4.95562 -4.47737 -4.05822 -3.70164 -3.36119 -3.01925 -2.66173 -2.29893 -1.96124 -1.64783 -1.37417 -1.13631 -0.87356 -0.600102
59.105 0.161789 0.261614 0.505453 -1.65361 -6.14443 -8.04024 -7.21223 -6.1404 -5.4095 -4.95643 -4.47819 -4.05903 -3.70244 -3.36196 -3.02 -2.66245 -2.29961 -1.96188 -1.64842 -1.37471 -1.13678 -0.87396 -0.60042
59.155 0.161087 0.260573 0.504076 -1.65476 -6.14513 -8.04089 -7.21294 -6.14117 -5.4103 -4.95724 -4.479 -4.05984 -3.70323 -3.36273 -3.02074 -2.66315 -2.30028 -1.96252 -1.64901 -1.37524 -1.13725 -0.874358 -0.600737
59.205 0.160387 0.259535 0.5027 -1.65591 -6.14583 -8.04155 -7.21365 -6.14194 -5.4111 -4.95805 -4.47981 -4.06065 -3.70402 -3.36349 -3.02147 -2.66386 -2.30095 -1.96315 -1.6496 -1.37578 -1.13772 -0.874756 -0.601054
59.255 0.159687 0.258497 0.501327 -1.65706 -6.14653 -8.0422 -7.21436 -6.1427 -5.41189 -4.95886 -4.48063 -4.06145 -3.70481 -3.36426 -3.02221 -2.66457 -2.30163 -1.96378 -1.65018 -1.37631 -1.13818 -0.875153 -0.601369
59.305 0.158989 0.257462 0.499955 -1.65821 -6.14723 -8.04286 -7.21507 -6.14346 -5.41269 -4.95966 -4.48144 -4.06226 -3.7056 -3.36502 -3.02295 -2.66527 -2.3023 -1.96442 -1.65077 -1.37684 -1.13865 -0.875548 -0.601684
59.355 0.158292 0.256428 0.498586 -1.65935 -6.14793 -8.04351 -7.21578 -6.14422 -5.41348 -4.96047 -4.48224 -4.06306 -3.70638 -3.36578 -3.02368 -2.66598 -2.30297 -1.96505 -1.65136 -1.37737 -1.13911 -0.875943 -0.601999
59.405 0.157596 0.255396 0.497219 -1.6605 -6.14862 -8.04416 -7.21648 -6.14498 -5.41428 -4.96127 -4.48305 -4.06386 -3.70717 -3.36655 -3.02442 -2.66668 -2.30364 -1.96567 -1.65194 -1.3779 -1.13958 -0.876337 -0.602312
59.455 0.156901 0.254365 0.495854 -1.66164 -6.14932 -8.04481 -7.21719 -6.14574 -5.41507 -4.96207 -4.48386 -4.06466 -3.70795 -3.36731 -3.02515 -2.66738 -2.3043 -1.9663 -1.65252 -1.37843 -1.14004 -0.87673 -0.602625
59.505 0.156207 0.253336 0.494491 -1.66278 -6.15001 -8.04546 -7.21789 -6.1465 -5.41586 -4.96287 -4.48466 -4.06546 -3.70873 -3.36807 -3.02588 -2.66808 -2.30497 -1.96693 -1.6531 -1.37895 -1.1405 -0.877123 -0.602937
59.555 0.155515 0.252309 0.493131 -1.66392 -6.1507 -8.04611 -7.21859 -6.14726 -5.41664 -4.96367 -4.48547 -4.06626 -3.70951 -3.36882 -3.02661 -2.66878 -2.30564 -1.96755 -1.65368 -1.37948 -1.14096 -0.877514 -0.603248
59.605 0.154823 0.251283 0.491772 -1.66505 -6.15139 -8.04676 -7.21929 -6.14801 -5.41743 -4.96447 -4.48627 -4.06705 -3.71029 -3.36958 -3.02734 -2.66948 -2.3063 -1.96818 -1.65426 -1.38 -1.14142 -0.877904 -0.603559
59.655 0.154133 0.250259 0.490416 -1.66619 -6.15208 -8.0474 -7.21999 -6.14877 -5.41822 -4.96527 -4.48707 -4.06785 -3.71107 -3.37033 -3.02807 -2.67018 -2.30696 -1.9688 -1.65484 -1.38053 -1.14188 -0.878294 -0.603869
59.705 0.153443 0.249237 0.489062 -1.66732 -6.15277 -8.04805 -7.22069 -6.14952 -5.419 -4.96606 -4.48787 -4.06864 -3.71185 -3.37109 -3.02879 -2.67087 -2.30762 -1.96942 -1.65541 -1.38105 -1.14234 -0.878683 -0.604178
59.755 0.152755 0.248216 0.487709 -1.66845 -6.15346 -8.04869 -7.22139 -6.15027 -5.41979 -4.96686 -4.48867 -4.06943 -3.71262 -3.37184 -3.02951 -2.67156 -2.30828 -1.97004 -1.65599 -1.38157 -1.1428 -0.879071 -0.604487
59.805 0.152068 0.247196 0.486359 -1.66958 -6.15415 -8.04934 -7.22209 -6.15102 -5.42057 -4.96765 -4.48946 -4.07022 -3.71339 -3.37259 -3.03024 -2.67226 -2.30894 -1.97066 -1.65656 -1.38209 -1.14325 -0.879458 -0.604794
59.855 0.151382 0.246179 0.485011 -1.67071 -6.15483 -8.04998 -7.22278 -6.15177 -5.42135 -4.96844 -4.49026 -4.07101 -3.71417 -3.37334 -3.03096 -2.67295 -2.3096 -1.97128 -1.65714 -1.38261 -1.14371 -0.879844 -0.605102
59.905 0.150697 0.245163 0.483666 -1.67184 -6.15552 -8.05062 -7.22348 -6.15252 -5.42213 -4.96923 -4.49105 -4.0718 -3.71494 -3.37409 -3.03168 -2.67364 -2.31025 -1.9719 -1.65771 -1.38313 -1.14416 -0.880229 -0.605408
59.955 0.150013 0.244148 0.482322 -1.67296 -6.1562 -8.05126 -7.22417 -6.15327 -5.42291 -4.97002 -4.49184 -4.07258 -3.71571 -3.37483 -3.0324 -2.67432 -2.31091 -1.97251 -1.65828 -1.38364 -1.14462 -0.880613 -0.605714
60.005 0.14933 0.243135 0.48098 -1.67408 -6.15688 -8.0519 -7.22486 -6.15401 -5.42369 -4.97081 -4.49264 -4.07337 -3.71648 -3.37558 -3.03312 -2.67501 -2.31156 -1.97313 -1.65885 -1.38416 -1.14507 -0.880997 -0.606019
60.055 0.148649 0.242124 0.479641 -1.6752 -6.15757 -8.05254 -7.22555 -6.15476 -5.42446 -4.9716 -4.49343 -4.07415 -3.71724 -3.37632 -3.03383 -2.6757 -2.31221 -1.97374 -1.65942 -1.38467 -1.14552 -0.88138 -0.606323
60.105 0.147968 0.241115 0.478303 -1.67632 -6.15825 -8.05318 -7.22624 -6.1555 -5.42524 -4.97238 -4.49422 -4.07493 -3.71801 -3.37707 -3.03455 -2.67638 -2.31287 -1.97435 -1.65998 -1.38519 -1.14597 -0.881761 -0.606626
60.155 0.147289 0.240107 0.476968 -1.67744 -6.15893 -8.05382 -7.22693 -6.15625 -5.42601 -4.97316 -4.495 -4.07572 -3.71877 -3.37781 -3.03526 -2.67707 -2.31351 -1.97496 -1.66055 -1.3857 -1.14642 -0.882142 -0.606929
60.205 0.14661 0.2391 0.475634 -1.67855 -6.15961 -8.05445 -7.22762 -6.15699 -5.42678 -4.97395 -4.49579 -4.0765 -3.71954 -3.37855 -3.03597 -2.67775 -2.31416 -1.97557 -1.66111 -1.38621 -1.14687 -0.882523 -0.607231
60.255 0.145933 0.238095 0.474303 -1.67967 -6.16028 -8.05509 -7.22831 -6.15773 -5.42755 -4.97473 -4.49657 -4.07727 -3.7203 -3.37929 -3.03669 -2.67843 -2.31481 -1.97618 -1.66168 -1.38672 -1.14731 -0.882902 -0.607533
60.305 0.145257 0.237092 0.472974 -1.68078 -6.16096 -8.05572 -7.22899 -6.15847 -5.42832 -4.97551 -4.49736 -4.07805 -3.72106 -3.38002 -3.0374 -2.67911 -2.31546 -1.97679 -1.66224 -1.38723 -1.14776 -0.88328 -0.607834
60.355 0.144581 0.23609 0.471647 -1.68189 -6.16163 -8.05635 -7.22968 -6.1592 -5.42909 -4.97629 -4.49814 -4.07883 -3.72182 -3.38076 -3.0381 -2.67979 -2.3161 -1.97739 -1.6628 -1.38774 -1.14821 -0.883658 -0.608134
60.405 0.143907 0.23509 0.470322 -1.683 -6.16231 -8.05698 -7.23036 -6.15994 -5.42986 -4.97706 -4.49892 -4.0796 -3.72258 -3.3815 -3.03881 -2.68046 -2.31674 -1.978 -1.66336 -1.38824 -1.14865 -0.884035 -0.608433
60.455 0.143234 0.234092 0.468999 -1.68411 -6.16298 -8.05761 -7.23105 -6.16068 -5.43063 -4.97784 -4.4997 -4.08037 -3.72333 -3.38223 -3.03952 -2.68114 -2.31739 -1.9786 -1.66392 -1.38875 -1.14909 -0.88441 -0.608732
60.505 0.142562 0.233095 0.467678 -1.68521 -6.16365 -8.05824 -7.23173 -6.16141 -5.43139 -4.97862 -4.50048 -4.08115 -3.72409 -3.38296 -3.04022 -2.68181 -2.31803 -1.9792 -1.66448 -1.38925 -1.14954 -0.884786 -0.60903
60.555 0.141892 0.2321 0.466359 -1.68632 -6.16433 -8.05887 -7.23241 -6.16214 -5.43216 -4.97939 -4.50126 -4.08192 -3.72484 -3.38369 -3.04093 -2.68249 -2.31867 -1.9798 -1.66503 -1.38976 -1.14998 -0.88516 -0.609327
60.605 0.141222 0.231106 0.465042 -1.68742 -6.165 -8.0595 -7.23309 -6.16288 -5.43292 -4.98016 -4.50203 -4.08269 -3.7256 -3.38442 -3.04163 -2.68316 -2.31931 -1.9804 -1.66559 -1.39026 -1.15042 -0.885533 -0.609624
60.655 0.140553 0.230114 0.463727 -1.68852 -6.16566 -8.06013 -7.23377 -6.16361 -5.43368 -4.98093 -4.50281 -4.08345 -3.72635 -3.38515 -3.04233 -2.68383 -2.31994 -1.981 -1.66614 -1.39076 -1.15086 -0.885906 -0.60992
60.705 0.139885 0.229123 0.462415 -1.68962 -6.16633 -8.06075 -7.23444 -6.16434 -5.43444 -4.9817 -4.50358 -4.08422 -3.7271 -3.38588 -3.04303 -2.6845 -2.32058 -1.9816 -1.6667 -1.39126 -1.1513 -0.886277 -0.610215
60.755 0.139219 0.228134 0.461104 -1.69071 -6.167 -8.06138 -7.23512 -6.16507 -5.4352 -4.98247 -4.50435 -4.08499 -3.72785 -3.3866 -3.04373 -2.68517 -2.32121 -1.9822 -1.66725 -1.39176 -1.15173 -0.886648 -0.61051
60.805 0.138553 0.227146 0.459795 -1.69181 -6.16767 -8.062 -7.2358 -6.16579 -5.43596 -4.98324 -4.50512 -4.08575 -3.72859 -3.38733 -3.04442 -2.68583 -2.32185 -1.98279 -1.6678 -1.39226 -1.15217 -0.887018 -0.610804
60.855 0.137889 0.22616 0.458489 -1.6929 -6.16833 -8.06262 -7.23647 -6.16652 -5.43671 -4.98401 -4.50589 -4.08651 -3.72934 -3.38805 -3.04512 -2.6865 -2.32248 -1.98338 -1.66835 -1.39276 -1.15261 -0.887388 -0.611097
60.905 0.137226 0.225176 0.457184 -1.69399 -6.169 -8.06325 -7.23714 -6.16724 -5.43747 -4.98477 -4.50666 -4.08728 -3.73009 -3.38877 -3.04581 -2.68716 -2.32311 -1.98398 -1.6689 -1.39326 -1.15304 -0.887756 -0.61139
60.955 0.136563 0.224193 0.455881 -1.69508 -6.16966 -8.06387 -7.23782 -6.16797 -5.43822 -4.98554 -4.50743 -4.08804 -3.73083 -3.3895 -3.04651 -2.68782 -2.32374 -1.98457 -1.66945 -1.39375 -1.15348 -0.888124 -0.611682
61.005 0.135902 0.223212 0.454581 -1.69617 -6.17032 -8.06449 -7.23849 -6.16869 -5.43898 -4.9863 -4.5082 -4.08879 -3.73157 -3.39021 -3.0472 -2.68849 -2.32437 -1.98516 -1.66999 -1.39425 -1.15391 -0.888491 -0.611973
61.055 0.135242 0.222232 0.453282 -1.69726 -6.17098 -8.06511 -7.23916 -6.16941 -5.43973 -4.98706 -4.50896 -4.08955 -3.73231 -3.39093 -3.04789 -2.68915 -2.325 -1.98575 -1.67054 -1.39474 -1.15434 -0.888857 -0.612264
61.105 0.134582 0.221254 0.451986 -1.69834 -6.17164 -8.06572 -7.23983 -6.17013 -5.44048 -4.98782 -4.50972 -4.09031 -3.73305 -3.39165 -3.04858 -2.68981 -2.32562 -1.98634 -1.67108 -1.39523 -1.15477 -0.889222 -0.612554
61.155 0.133924 0.220277 0.450691 -1.69942 -6.1723 -8.06634 -7.24049 -6.17085 -5.44123 -4.98858 -4.51049 -4.09106 -3.73379 -3.39237 -3.04927 -2.69046 -2.32625 -1.98692 -1.67162 -1.39572 -1.1552 -0.889586 -0.612843
61.205 0.133267 0.219302 0.449399 -1.70051 -6.17296 -8.06696 -7.24116 -6.17157 -5.44198 -4.98934 -4.51125 -4.09182 -3.73453 -3.39308 -3.04995 -2.69112 -2.32687 -1.98751 -1.67217 -1.39621 -1.15563 -0.88995 -0.613132
61.255 0.132611 0.218328 0.448109 -1.70159 -6.17361 -8.06757 -7.24183 -6.17229 -5.44272 -4.99009 -4.51201 -4.09257 -3.73526 -3.39379 -3.05064 -2.69178 -2.32749 -1.98809 -1.67271 -1.3967 -1.15606 -0.890313 -0.61342
61.305 0.131956 0.217356 0.44682 -1.70266 -6.17427 -8.06819 -7.24249 -6.17301 -5.44347 -4.99085 -4.51276 -4.09332 -3.736 -3.39451 -3.05133 -2.69243 -2.32812 -1.98868 -1.67325 -1.39719 -1.15649 -0.890674 -0.613707
61.355 0.131302 0.216386 0.445534 -1.70374 -6.17492 -8.0688 -7.24316 -6.17372 -5.44421 -4.9916 -4.51352 -4.09407 -3.73673 -3.39522 -3.05201 -2.69308 -2.32874 -1.98926 -1.67379 -1.39768 -1.15691 -0.891036 -0.613994
61.405 0.130649 0.215417 0.444249 -1.70481 -6.17558 -8.06941 -7.24382 -6.17444 -5.44496 -4.99235 -4.51428 -4.09482 -3.73747 -3.39593 -3.05269 -2.69374 -2.32936 -1.98984 -1.67432 -1.39816 -1.15734 -0.891396 -0.61428
61.455 0.129998 0.214449 0.442967 -1.70589 -6.17623 -8.07002 -7.24448 -6.17515 -5.4457 -4.99311 -4.51503 -4.09557 -3.7382 -3.39663 -3.05337 -2.69439 -2.32997 -1.99042 -1.67486 -1.39865 -1.15776 -0.891756 -0.614565
61.505 0.129347 0.213483 0.441686 -1.70696 -6.17688 -8.07063 -7.24514 -6.17586 -5.44644 -4.99386 -4.51578 -4.09631 -3.73893 -3.39734 -3.05405 -2.69504 -2.33059 -1.991 -1.6754 -1.39913 -1.15819 -0.892114 -0.61485
61.555 0.128697 0.212519 0.440408 -1.70803 -6.17753 -8.07124 -7.2458 -6.17657 -5.44718 -4.99461 -4.51654 -4.09706 -3.73965 -3.39805 -3.05473 -2.69569 -2.33121 -1.99158 -1.67593 -1.39961 -1.15861 -0.892472 -0.615134
61.605 0.128048 0.211556 0.439131 -1.7091 -6.17818 -8.07185 -7.24646 -6.17728 -5.44792 -4.99535 -4.51729 -4.0978 -3.74038 -3.39875 -3.05541 -2.69633 -2.33182 -1.99215 -1.67646 -1.4001 -1.15903 -0.892829 -0.615418
61.655 0.1274 0.210595 0.437857 -1.71016 -6.17883 -8.07246 -7.24712 -6.17799 -5.44866 -4.9961 -4.51804 -4.09855 -3.74111 -3.39945 -3.05608 -2.69698 -2.33243 -1.99273 -1.677 -1.40058 -1.15945 -0.893186 -0.6157
61.705 0.126754 0.209635 0.436585 -1.71123 -6.17948 -8.07306 -7.24777 -6.1787 -5.44939 -4.99685 -4.51879 -4.09929 -3.74183 -3.40016 -3.05676 -2.69762 -2.33305 -1.9933 -1.67753 -1.40106 -1.15987 -0.893541 -0.615982
61.755 0.126108 0.208677 0.435314 -1.71229 -6.18013 -8.07367 -7.24843 -6.1794 -5.45013 -4.99759 -4.51953 -4.10003 -3.74256 -3.40086 -3.05743 -2.69827 -2.33366 -1.99388 -1.67806 -1.40154 -1.16029 -0.893896 -0.616264
61.805 0.125463 0.20772 0.434045 -1.71335 -6.18077 -8.07428 -7.24909 -6.18011 -5.45086 -4.99833 -4.52028 -4.10077 -3.74328 -3.40156 -3.0581 -2.69891 -2.33427 -1.99445 -1.67859 -1.40201 -1.16071 -0.89425 -0.616545
61.855 0.12482 0.206764 0.432779 -1.71441 -6.18142 -8.07488 -7.24974 -6.18081 -5.4516 -4.99908 -4.52102 -4.1015 -3.744 -3.40225 -3.05877 -2.69955 -2.33487 -1.99502 -1.67911 -1.40249 -1.16113 -0.894603 -0.616825
61.905 0.124177 0.205811 0.431514 -1.71547 -6.18206 -8.07548 -7.25039 -6.18151 -5.45233 -4.99982 -4.52177 -4.10224 -3.74472 -3.40295 -3.05944 -2.70019 -2.33548 -1.99559 -1.67964 -1.40297 -1.16154 -0.894956 -0.617105
61.955 0.123536 0.204858 0.430252 -1.71653 -6.1827 -8.07608 -7.25104 -6.18222 -5.45306 -5.00056 -4.52251 -4.10298 -3.74544 -3.40365 -3.06011 -2.70083 -2.33609 -1.99616 -1.68017 -1.40344 -1.16196 -0.895308 -0.617384
62.005 0.122895 0.203907 0.428991 -1.71758 -6.18334 -8.07668 -7.25169 -6.18292 -5.45379 -5.00129 -4.52325 -4.10371 -3.74616 -3.40434 -3.06078 -2.70147 -2.33669 -1.99672 -1.68069 -1.40392 -1.16237 -0.895659 -0.617662
62.055 0.122256 0.202958 0.427732 -1.71864 -6.18399 -8.07728 -7.25234 -6.18362 -5.45452 -5.00203 -4.52399 -4.10444 -3.74687 -3.40503 -3.06145 -2.7021 -2.3373 -1.99729 -1.68121 -1.40439 -1.16279 -0.896009 -0.61794
62.105 0.121617 0.20201 0.426475 -1.71969 -6.18462 -8.07788 -7.25299 -6.18431 -5.45524 -5.00277 -4.52473 -4.10517 -3.74759 -3.40573 -3.06211 -2.70274 -2.3379 -1.99786 -1.68174 -1.40486 -1.1632 -0.896358 -0.618217
62.155 0.12098 0.201064 0.425221 -1.72074 -6.18526 -8.07848 -7.25364 -6.18501 -5.45597 -5.0035 -4.52547 -4.1059 -3.7483 -3.40642 -3.06277 -2.70337 -2.3385 -1.99842 -1.68226 -1.40533 -1.16361 -0.896707 -0.618493
62.205 0.120343 0.200119 0.423968 -1.72179 -6.1859 -8.07908 -7.25429 -6.18571 -5.45669 -5.00424 -4.5262 -4.10663 -3.74901 -3.40711 -3.06344 -2.70401 -2.3391 -1.99898 -1.68278 -1.4058 -1.16402 -0.897054 -0.618769
62.255 0.119708 0.199176 0.422717 -1.72283 -6.18654 -8.07968 -7.25493 -6.1864 -5.45742 -5.00497 -4.52694 -4.10736 -3.74972 -3.4078 -3.0641 -2.70464 -2.3397 -1.99954 -1.6833 -1.40627 -1.16443 -0.897402 -0.619044
62.305 0.119073 0.198234 0.421468 -1.72388 -6.18717 -8.08027 -7.25558 -6.1871 -5.45814 -5.0057 -4.52767 -4.10809 -3.75043 -3.40848 -3.06476 -2.70527 -2.3403 -2.00011 -1.68382 -1.40674 -1.16484 -0.897748 -0.619319
62.355 0.11844 0.197293 0.420221 -1.72492 -6.18781 -8.08087 -7.25622 -6.18779 -5.45886 -5.00643 -4.5284 -4.10881 -3.75114 -3.40917 -3.06542 -2.7059 -2.3409 -2.00067 -1.68433 -1.40721 -1.16525 -0.898093 -0.619593
62.405 0.117807 0.196354 0.418976 -1.72597 -6.18844 -8.08146 -7.25686 -6.18848 -5.45958 -5.00716 -4.52913 -4.10954 -3.75185 -3.40985 -3.06608 -2.70652 -2.34149 -2.00122 -1.68485 -1.40767 -1.16566 -0.898438 -0.619866
62.455 0.117176 0.195417 0.417733 -1.72701 -6.18908 -8.08205 -7.2575 -6.18917 -5.4603 -5.00789 -4.52987 -4.11026 -3.75256 -3.41054 -3.06673 -2.70715 -2.34209 -2.00178 -1.68537 -1.40814 -1.16607 -0.898782 -0.620139
62.505 0.116546 0.194481 0.416491 -1.72804 -6.18971 -8.08264 -7.25814 -6.18986 -5.46102 -5.00861 -4.53059 -4.11098 -3.75326 -3.41122 -3.06739 -2.70778 -2.34268 -2.00234 -1.68588 -1.4086 -1.16647 -0.899125 -0.620411
62.555 0.115916 0.193546 0.415252 -1.72908 -6.19034 -8.08323 -7.25878 -6.19055 -5.46174 -5.00934 -4.53132 -4.1117 -3.75396 -3.4119 -3.06804 -2.7084 -2.34327 -2.00289 -1.68639 -1.40907 -1.16688 -0.899468 -0.620682
62.605 0.115288 0.192613 0.414015 -1.73012 -6.19097 -8.08382 -7.25942 -6.19124 -5.46245 -5.01006 -4.53205 -4.11242 -3.75467 -3.41258 -3.06869 -2.70903 -2.34386 -2.00345 -1.68691 -1.40953 -1.16728 -0.89981 -0.620953
62.655 0.11466 0.191682 0.412779 -1.73115 -6.1916 -8.08441 -7.26006 -6.19193 -5.46317 -5.01079 -4.53277 -4.11314 -3.75537 -3.41326 -3.06935 -2.70965 -2.34445 -2.004 -1.68742 -1.40999 -1.16768 -0.900151 -0.621223
62.705 0.114034 0.190752 0.411546 -1.73218 -6.19222 -8.085 -7.2607 -6.19261 -5.46388 -5.01151 -4.5335 -4.11386 -3.75607 -3.41394 -3.07 -2.71027 -2.34504 -2.00455 -1.68793 -1.41045 -1.16809 -0.900491 -0.621493
62.755 0.113408 0.189823 0.410314 -1.73322 -6.19285 -8.08559 -7.26133 -6.1933 -5.46459 -5.01223 -4.53422 -4.11457 -3.75677 -3.41461 -3.07065 -2.71089 -2.34563 -2.0051 -1.68844 -1.41091 -1.16849 -0.90083 -0.621762
62.805 0.112784 0.188896 0.409084 -1.73424 -6.19348 -8.08617 -7.26197 -6.19398 -5.4653 -5.01295 -4.53494 -4.11529 -3.75747 -3.41529 -3.07129 -2.71151 -2.34622 -2.00565 -1.68894 -1.41137 -1.16889 -0.901169 -0.62203
62.855 0.112161 0.18797 0.407856 -1.73527 -6.1941 -8.08676 -7.2626 -6.19466 -5.46601 -5.01367 -4.53566 -4.116 -3.75816 -3.41596 -3.07194 -2.71213 -2.3468 -2.0062 -1.68945 -1.41183 -1.16929 -0.901507 -0.622298
62.905 0.111538 0.187046 0.40663 -1.7363 -6.19473 -8.08734 -7.26323 -6.19534 -5.46672 -5.01438 -4.53638 -4.11671 -3.75886 -3.41664 -3.07259 -2.71274 -2.34739 -2.00675 -1.68996 -1.41228 -1.16969 -0.901844 -0.622565
62.955 0.110917 0.186123 0.405406 -1.73732 -6.19535 -8.08793 -7.26386 -6.19602 -5.46743 -5.0151 -4.5371 -4.11742 -3.75955 -3.41731 -3.07323 -2.71336 -2.34797 -2.0073 -1.69046 -1.41274 -1.17009 -0.902181 -0.622832
63.005 0.110296 0.185202 0.404184 -1.73835 -6.19597 -8.08851 -7.26449 -6.1967 -5.46814 -5.01581 -4.53782 -4.11813 -3.76025 -3.41798 -3.07388 -2.71397 -2.34855 -2.00784 -1.69097 -1.41319 -1.17048 -0.902517 -0.623098
63.055 0.109677 0.184282 0.402964 -1.73937 -6.19659 -8.08909 -7.26512 -6.19738 -5.46884 -5.01653 -4.53853 -4.11884 -3.76094 -3.41865 -3.07452 -2.71459 -2.34913 -2.00839 -1.69147 -1.41365 -1.17088 -0.902852 -0.623363
63.105 0.109058 0.183363 0.401746 -1.74039 -6.19721 -8.08967 -7.26575 -6.19806 -5.46955 -5.01724 -4.53925 -4.11955 -3.76163 -3.41932 -3.07516 -2.7152 -2.34971 -2.00893 -1.69197 -1.4141 -1.17127 -0.903186 -0.623628
63.155 0.108441 0.182446 0.400529 -1.74141 -6.19783 -8.09025 -7.26638 -6.19873 -5.47025 -5.01795 -4.53996 -4.12025 -3.76232 -3.41998 -3.0758 -2.71581 -2.35029 -2.00947 -1.69247 -1.41455 -1.17167 -0.90352 -0.623892
63.205 0.107824 0.181531 0.399315 -1.74242 -6.19845 -8.09083 -7.26701 -6.19941 -5.47095 -5.01866 -4.54067 -4.12096 -3.76301 -3.42065 -3.07644 -2.71642 -2.35087 -2.01001 -1.69297 -1.415 -1.17206 -0.903852 -0.624156
63.255 0.107208 0.180617 0.398102 -1.74344 -6.19907 -8.09141 -7.26763 -6.20008 -5.47165 -5.01937 -4.54139 -4.12166 -3.76369 -3.42131 -3.07708 -2.71703 -2.35145 -2.01055 -1.69347 -1.41545 -1.17246 -0.904184 -0.624419
63.305 0.106594 0.179704 0.396891 -1.74445 -6.19968 -8.09199 -7.26826 -6.20075 -5.47235 -5.02008 -4.5421 -4.12236 -3.76438 -3.42198 -3.07771 -2.71763 -2.35202 -2.01109 -1.69397 -1.4159 -1.17285 -0.904516 -0.624681
63.355 0.10598 0.178793 0.395682 -1.74546 -6.2003 -8.09256 -7.26888 -6.20143 -5.47305 -5.02079 -4.5428 -4.12307 -3.76506 -3.42264 -3.07835 -2.71824 -2.3526 -2.01163 -1.69446 -1.41635 -1.17324 -0.904847 -0.624943
63.405 0.105368 0.177883 0.394475 -1.74647 -6.20091 -8.09314 -7.26951 -6.2021 -5.47375 -5.02149 -4.54351 -4.12377 -3.76575 -3.4233 -3.07898 -2.71885 -2.35317 -2.01217 -1.69496 -1.4168 -1.17363 -0.905176 -0.625205
63.455 0.104756 0.176974 0.39327 -1.74748 -6.20153 -8.09371 -7.27013 -6.20277 -5.47445 -5.0222 -4.54422 -4.12446 -3.76643 -3.42396 -3.07962 -2.71945 -2.35374 -2.0127 -1.69546 -1.41724 -1.17402 -0.905506 -0.625465
63.505 0.104145 0.176067 0.392067 -1.74849 -6.20214 -8.09429 -7.27075 -6.20343 -5.47514 -5.0229 -4.54492 -4.12516 -3.76711 -3.42462 -3.08025 -2.72005 -2.35432 -2.01324 -1.69595 -1.41769 -1.17441 -0.905834 -0.625725
63.555 0.103535 0.175162 0.390866 -1.74949 -6.20275 -8.09486 -7.27137 -6.2041 -5.47584 -5.0236 -4.54563 -4.12586 -3.76779 -3.42528 -3.08088 -2.72066 -2.35489 -2.01377 -1.69644 -1.41813 -1.1748 -0.906162 -0.625985
63.605 0.102927 0.174258 0.389666 -1.7505 -6.20336 -8.09543 -7.27199 -6.20477 -5.47653 -5.0243 -4.54633 -4.12655 -3.76847 -3.42593 -3.08151 -2.72126 -2.35546 -2.01431 -1.69693 -1.41858 -1.17518 -0.906489 -0.626244
63.655 0.102319 0.173355 0.388468 -1.7515 -6.20397 -8.096 -7.2726 -6.20543 -5.47722 -5.025 -4.54703 -4.12725 -3.76915 -3.42659 -3.08214 -2.72186 -2.35602 -2.01484 -1.69742 -1.41902 -1.17557 -0.906815 -0.626502
63.705 0.101712 0.172454 0.387273 -1.7525 -6.20458 -8.09657 -7.27322 -6.2061 -5.47791 -5.0257 -4.54773 -4.12794 -3.76982 -3.42724 -3.08277 -2.72245 -2.35659 -2.01537 -1.69791 -1.41946 -1.17596 -0.907141 -0.62676
63.755 0.101106 0.171554 0.386079 -1.7535 -6.20519 -8.09714 -7.27384 -6.20676 -5.4786 -5.0264 -4.54843 -4.12863 -3.7705 -3.42789 -3.08339 -2.72305 -2.35716 -2.0159 -1.6984 -1.4199 -1.17634 -0.907466 -0.627017
63.805 0.100501 0.170655 0.384886 -1.7545 -6.20579 -8.09771 -7.27445 -6.20742 -5.47929 -5.0271 -4.54913 -4.12932 -3.77117 -3.42855 -3.08402 -2.72365 -2.35772 -2.01643 -1.69889 -1.42034 -1.17672 -0.90779 -0.627273
63.855 0.0998972 0.169758 0.383696 -1.7555 -6.2064 -8.09828 -7.27507 -6.20808 -5.47998 -5.02779 -4.54983 -4.13001 -3.77185 -3.4292 -3.08464 -2.72424 -2.35829 -2.01696 -1.69938 -1.42078 -1.17711 -0.908114 -0.627529
63.905 0.0992941 0.168863 0.382508 -1.75649 -6.20701 -8.09884 -7.27568 -6.20874 -5.48067 -5.02849 -4.55053 -4.1307 -3.77252 -3.42985 -3.08527 -2.72484 -2.35885 -2.01748 -1.69986 -1.42122 -1.17749 -0.908436 -0.627785
63.955 0.0986921 0.167968 0.381321 -1.75748 -6.20761 -8.09941 -7.27629 -6.2094 -5.48135 -5.02918 -4.55122 -4.13139 -3.77319 -3.43049 -3.08589 -2.72543 -2.35941 -2.01801 -1.70035 -1.42166 -1.17787 -0.908758 -0.62804
64.005 0.098091 0.167075 0.380136 -1.75848 -6.20821 -8.09997 -7.2769 -6.21006 -5.48204 -5.02987 -4.55191 -4.13208 -3.77386 -3.43114 -3.08651 -2.72602 -2.35997 -2.01853 -1.70083 -1.42209 -1.17825 -0.90908 -0.628294
64.055 0.0974908 0.166184 0.378953 -1.75947 -6.20882 -8.10054 -7.27751 -6.21072 -5.48272 -5.03057 -4.55261 -4.13276 -3.77453 -3.43179 -3.08713 -2.72661 -2.36053 -2.01906 -1.70132 -1.42253 -1.17863 -0.909401 -0.628548
64.105 0.0968916 0.165294 0.377772 -1.76046 -6.20942 -8.1011 -7.27812 -6.21137 -5.4834 -5.03126 -4.5533 -4.13345 -3.7752 -3.43243 -3.08775 -2.7272 -2.36109 -2.01958 -1.7018 -1.42296 -1.17901 -0.909721 -0.628801
64.155 0.0962934 0.164405 0.376593 -1.76144 -6.21002 -8.10166 -7.27873 -6.21203 -5.48409 -5.03194 -4.55399 -4.13413 -3.77586 -3.43308 -3.08836 -2.72779 -2.36165 -2.0201 -1.70228 -1.4234 -1.17939 -0.91004 -0.629054
64.205 0.0956961 0.163518 0.375416 -1.76243 -6.21062 -8.10222 -7.27934 -6.21268 -5.48477 -5.03263 -4.55468 -4.13481 -3.77653 -3.43372 -3.08898 -2.72838 -2.3622 -2.02062 -1.70276 -1.42383 -1.17977 -0.910358 -0.629306
64.255 0.0950998 0.162632 0.37424 -1.76341 -6.21121 -8.10278 -7.27995 -6.21334 -5.48544 -5.03332 -4.55537 -4.13549 -3.77719 -3.43436 -3.0896 -2.72897 -2.36276 -2.02114 -1.70324 -1.42426 -1.18014 -0.910676 -0.629557
64.305 0.0945043 0.161748 0.373066 -1.7644 -6.21181 -8.10334 -7.28055 -6.21399 -5.48612 -5.034 -4.55605 -4.13617 -3.77785 -3.435 -3.09021 -2.72955 -2.36331 -2.02166 -1.70372 -1.42469 -1.18052 -0.910994 -0.629808
64.355 0.0939099 0.160865 0.371894 -1.76538 -6.21241 -8.1039 -7.28116 -6.21464 -5.4868 -5.03469 -4.55674 -4.13685 -3.77851 -3.43564 -3.09082 -2.73014 -2.36386 -2.02218 -1.70419 -1.42512 -1.1809 -0.91131 -0.630058
64.405 0.0933164 0.159983 0.370724 -1.76636 -6.213 -8.10446 -7.28176 -6.21529 -5.48748 -5.03537 -4.55742 -4.13753 -3.77918 -3.43628 -3.09143 -2.73072 -2.36442 -2.02269 -1.70467 -1.42555 -1.18127 -0.911626 -0.630308
64.455 0.0927238 0.159103 0.369556 -1.76733 -6.2136 -8.10502 -7.28236 -6.21594 -5.48815 -5.03605 -4.55811 -4.1382 -3.77983 -3.43692 -3.09205 -2.7313 -2.36497 -2.02321 -1.70515 -1.42598 -1.18164 -0.911941 -0.630557
64.505 0.0921321 0.158224 0.368389 -1.76831 -6.21419 -8.10557 -7.28297 -6.21659 -5.48882 -5.03674 -4.55879 -4.13888 -3.78049 -3.43755 -3.09266 -2.73188 -2.36552 -2.02372 -1.70562 -1.42641 -1.18202 -0.912255 -0.630806
64.555 0.0915414 0.157346 0.367225 -1.76929 -6.21479 -8.10613 -7.28357 -6.21723 -5.4895 -5.03742 -4.55947 -4.13955 -3.78115 -3.43819 -3.09326 -2.73246 -2.36607 -2.02424 -1.70609 -1.42683 -1.18239 -0.912569 -0.631054
64.605 0.0909517 0.15647 0.366062 -1.77026 -6.21538 -8.10668 -7.28417 -6.21788 -5.49017 -5.03809 -4.56015 -4.14022 -3.78181 -3.43882 -3.09387 -2.73304 -2.36661 -2.02475 -1.70657 -1.42726 -1.18276 -0.912882 -0.631302
64.655 0.0903628 0.155595 0.364901 -1.77123 -6.21597 -8.10724 -7.28477 -6.21852 -5.49084 -5.03877 -4.56083 -4.14089 -3.78246 -3.43945 -3.09448 -2.73362 -2.36716 -2.02526 -1.70704 -1.42768 -1.18313 -0.913195 -0.631549
64.705 0.0897749 0.154722 0.363741 -1.7722 -6.21656 -8.10779 -7.28536 -6.21917 -5.49151 -5.03945 -4.56151 -4.14156 -3.78312 -3.44009 -3.09508 -2.7342 -2.36771 -2.02577 -1.70751 -1.42811 -1.1835 -0.913506 -0.631795
64.755 0.0891879 0.15385 0.362584 -1.77317 -6.21715 -8.10834 -7.28596 -6.21981 -5.49218 -5.04013 -4.56219 -4.14223 -3.78377 -3.44072 -3.09569 -2.73477 -2.36825 -2.02628 -1.70798 -1.42853 -1.18387 -0.913818 -0.632041
64.805 0.0886019 0.152979 0.361428 -1.77414 -6.21774 -8.10889 -7.28656 -6.22045 -5.49285 -5.0408 -4.56286 -4.1429 -3.78442 -3.44135 -3.09629 -2.73535 -2.3688 -2.02679 -1.70845 -1.42895 -1.18424 -0.914128 -0.632286
64.855 0.0880168 0.15211 0.360274 -1.77511 -6.21832 -8.10944 -7.28715 -6.22109 -5.49351 -5.04147 -4.56354 -4.14357 -3.78507 -3.44197 -3.09689 -2.73592 -2.36934 -2.0273 -1.70891 -1.42937 -1.1846 -0.914438 -0.632531
64.905 0.0874326 0.151242 0.359122 -1.77607 -6.21891 -8.10999 -7.28775 -6.22173 -5.49418 -5.04215 -4.56421 -4.14423 -3.78572 -3.4426 -3.09749 -2.73649 -2.36988 -2.0278 -1.70938 -1.42979 -1.18497 -0.914747 -0.632775
64.955 0.0868493 0.150375 0.357972 -1.77703 -6.2195 -8.11054 -7.28834 -6.22237 -5.49484 -5.04282 -4.56488 -4.1449 -3.78637 -3.44323 -3.09809 -2.73706 -2.37042 -2.02831 -1.70985 -1.43021 -1.18533 -0.915055 -0.633019
65.005 0.086267 0.14951 0.356823 -1.77799 -6.22008 -8.11109 -7.28893 -6.22301 -5.4955 -5.04349 -4.56556 -4.14556 -3.78701 -3.44385 -3.09869 -2.73763 -2.37096 -2.02881 -1.71031 -1.43063 -1.1857 -0.915363 -0.633262
65.055 0.0856855 0.148646 0.355677 -1.77895 -6.22067 -8.11163 -7.28952 -6.22365 -5.49617 -5.04416 -4.56623 -4.14622 -3.78766 -3.44448 -3.09929 -2.7382 -2.3715 -2.02932 -1.71078 -1.43105 -1.18606 -0.91567 -0.633505
65.105 0.085105 0.147784 0.354532 -1.77991 -6.22125 -8.11218 -7.29012 -6.22428 -5.49683 -5.04483 -4.5669 -4.14689 -3.78831 -3.4451 -3.09989 -2.73877 -2.37204 -2.02982 -1.71124 -1.43147 -1.18643 -0.915976 -0.633747
65.155 0.0845254 0.146922 0.353388 -1.78087 -6.22183 -8.11272 -7.29071 -6.22492 -5.49749 -5.04549 -4.56756 -4.14755 -3.78895 -3.44572 -3.10048 -2.73934 -2.37257 -2.03032 -1.7117 -1.43188 -1.18679 -0.916282 -0.633989
65.205 0.0839468 0.146063 0.352247 -1.78183 -6.22241 -8.11327 -7.29129 -6.22555 -5.49815 -5.04616 -4.56823 -4.14821 -3.78959 -3.44634 -3.10108 -2.73991 -2.37311 -2.03082 -1.71216 -1.4323 -1.18715 -0.916587 -0.63423
65.255 0.083369 0.145204 0.351107 -1.78278 -6.22299 -8.11381 -7.29188 -6.22618 -5.49881 -5.04682 -4.5689 -4.14886 -3.79023 -3.44696 -3.10167 -2.74047 -2.37364 -2.03132 -1.71262 -1.43271 -1.18751 -0.916891 -0.63447
65.305 0.0827922 0.144347 0.349969 -1.78373 -6.22357 -8.11435 -7.29247 -6.22681 -5.49946 -5.04749 -4.56956 -4.14952 -3.79087 -3.44758 -3.10226 -2.74104 -2.37418 -2.03182 -1.71308 -1.43313 -1.18787 -0.917195 -0.63471
65.355 0.0822163 0.143491 0.348833 -1.78468 -6.22415 -8.11489 -7.29306 -6.22745 -5.50012 -5.04815 -4.57023 -4.15018 -3.79151 -3.4482 -3.10285 -2.7416 -2.37471 -2.03232 -1.71354 -1.43354 -1.18823 -0.917498 -0.634949
65.405 0.0816412 0.142637 0.347699 -1.78563 -6.22473 -8.11544 -7.29364 -6.22808 -5.50077 -5.04881 -4.57089 -4.15083 -3.79215 -3.44881 -3.10345 -2.74216 -2.37524 -2.03281 -1.714 -1.43395 -1.18859 -0.9178 -0.635188
65.455 0.0810671 0.141784 0.346566 -1.78658 -6.2253 -8.11598 -7.29422 -6.2287 -5.50143 -5.04947 -4.57155 -4.15149 -3.79279 -3.44943 -3.10403 -2.74272 -2.37577 -2.03331 -1.71446 -1.43436 -1.18895 -0.918102 -0.635427
65.505 0.0804939 0.140932 0.345435 -1.78753 -6.22588 -8.11651 -7.29481 -6.22933 -5.50208 -5.05013 -4.57221 -4.15214 -3.79342 -3.45004 -3.10462 -2.74328 -2.3763 -2.03381 -1.71491 -1.43477 -1.18931 -0.918403 -0.635664
65.555 0.0799216 0.140081 0.344306 -1.78848 -6.22645 -8.11705 -7.29539 -6.22996 -5.50273 -5.05079 -4.57287 -4.15279 -3.79406 -3.45065 -3.10521 -2.74384 -2.37683 -2.0343 -1.71537 -1.43518 -1.18966 -0.918704 -0.635902
65.605 0.0793502 0.139232 0.343179 -1.78942 -6.22703 -8.11759 -7.29597 -6.23058 -5.50338 -5.05145 -4.57353 -4.15344 -3.79469 -3.45127 -3.1058 -2.7444 -2.37736 -2.03479 -1.71582 -1.43559 -1.19002 -0.919003 -0.636138
65.655 0.0787798 0.138385 0.342053 -1.79036 -6.2276 -8.11813 -7.29655 -6.23121 -5.50403 -5.0521 -4.57419 -4.15409 -3.79533 -3.45188 -3.10638 -2.74496 -2.37788 -2.03528 -1.71627 -1.436 -1.19037 -0.919302 -0.636375
65.705 0.0782102 0.137538 0.340929 -1.7913 -6.22817 -8.11866 -7.29713 -6.23183 -5.50468 -5.05276 -4.57484 -4.15474 -3.79596 -3.45249 -3.10697 -2.74551 -2.37841 -2.03578 -1.71673 -1.4364 -1.19073 -0.919601 -0.63661
65.755 0.0776415 0.136693 0.339807 -1.79224 -6.22874 -8.1192 -7.29771 -6.23246 -5.50533 -5.05341 -4.5755 -4.15538 -3.79659 -3.4531 -3.10755 -2.74607 -2.37893 -2.03627 -1.71718 -1.43681 -1.19108 -0.919899 -0.636846
65.805 0.0770737 0.135849 0.338687 -1.79318 -6.22931 -8.11973 -7.29829 -6.23308 -5.50597 -5.05407 -4.57615 -4.15603 -3.79722 -3.4537 -3.10813 -2.74662 -2.37946 -2.03675 -1.71763 -1.43721 -1.19143 -0.920196 -0.63708
65.855 0.0765068 0.135007 0.337568 -1.79412 -6.22988 -8.12026 -7.29887 -6.2337 -5.50662 -5.05472 -4.5768 -4.15668 -3.79785 -3.45431 -3.10871 -2.74717 -2.37998 -2.03724 -1.71808 -1.43762 -1.19179 -0.920493 -0.637314
65.905 0.0759408 0.134166 0.336451 -1.79505 -6.23045 -8.1208 -7.29944 -6.23432 -5.50727 -5.05537 -4.57746 -4.15732 -3.79847 -3.45492 -3.10929 -2.74773 -2.3805 -2.03773 -1.71852 -1.43802 -1.19214 -0.920789 -0.637548
65.955 0.0753757 0.133326 0.335336 -1.79599 -6.23102 -8.12133 -7.30002 -6.23494 -5.50791 -5.05602 -4.57811 -4.15796 -3.7991 -3.45552 -3.10987 -2.74828 -2.38102 -2.03822 -1.71897 -1.43843 -1.19249 -0.921084 -0.637781
66.005 0.0748115 0.132487 0.334222 -1.79692 -6.23159 -8.12186 -7.30059 -6.23556 -5.50855 -5.05667 -4.57876 -4.1586 -3.79973 -3.45612 -3.11045 -2.74883 -2.38154 -2.0387 -1.71942 -1.43883 -1.19284 -0.921378 -0.638014
66.055 0.0742482 0.13165 0.333111 -1.79785 -6.23215 -8.12239 -7.30117 -6.23617 -5.50919 -5.05732 -4.57941 -4.15924 -3.80035 -3.45673 -3.11102 -2.74937 -2.38206 -2.03919 -1.71987 -1.43923 -1.19319 -0.921672 -0.638246
66.105 0.0736858 0.130814 0.332001 -1.79878 -6.23272 -8.12292 -7.30174 -6.23679 -5.50983 -5.05796 -4.58005 -4.15988 -3.80097 -3.45733 -3.1116 -2.74992 -2.38258 -2.03967 -1.72031 -1.43963 -1.19354 -0.921966 -0.638477
66.155 0.0731243 0.12998 0.330892 -1.79971 -6.23328 -8.12345 -7.30231 -6.23741 -5.51047 -5.05861 -4.5807 -4.16052 -3.8016 -3.45793 -3.11217 -2.75047 -2.3831 -2.04015 -1.72075 -1.44003 -1.19388 -0.922259 -0.638708
66.205 0.0725636 0.129146 0.329786 -1.80063 -6.23385 -8.12397 -7.30288 -6.23802 -5.51111 -5.05926 -4.58135 -4.16116 -3.80222 -3.45853 -3.11275 -2.75102 -2.38361 -2.04063 -1.7212 -1.44043 -1.19423 -0.922551 -0.638939
66.255 0.0720039 0.128314 0.328681 -1.80156 -6.23441 -8.1245 -7.30345 -6.23863 -5.51175 -5.0599 -4.58199 -4.1618 -3.80284 -3.45913 -3.11332 -2.75156 -2.38413 -2.04111 -1.72164 -1.44082 -1.19458 -0.922842 -0.639169
66.305 0.071445 0.127484 0.327578 -1.80248 -6.23497 -8.12503 -7.30402 -6.23925 -5.51239 -5.06054 -4.58263 -4.16243 -3.80346 -3.45972 -3.11389 -2.7521 -2.38464 -2.04159 -1.72208 -1.44122 -1.19492 -0.923133 -0.639398
66.355 0.070887 0.126654 0.326476 -1.80341 -6.23553 -8.12555 -7.30459 -6.23986 -5.51302 -5.06118 -4.58328 -4.16307 -3.80407 -3.46032 -3.11446 -2.75265 -2.38515 -2.04207 -1.72252 -1.44162 -1.19527 -0.923423 -0.639627
66.405 0.0703299 0.125826 0.325377 -1.80433 -6.23609 -8.12608 -7.30516 -6.24047 -5.51366 -5.06182 -4.58392 -4.1637 -3.80469 -3.46091 -3.11503 -2.75319 -2.38567 -2.04255 -1.72296 -1.44201 -1.19561 -0.923713 -0.639856
66.455 0.0697737 0.124999 0.324278 -1.80525 -6.23665 -8.1266 -7.30572 -6.24108 -5.51429 -5.06246 -4.58456 -4.16433 -3.80531 -3.46151 -3.1156 -2.75373 -2.38618 -2.04303 -1.7234 -1.44241 -1.19595 -0.924002 -0.640084
66.505 0.0692183 0.124174 0.323182 -1.80617 -6.23721 -8.12712 -7.30629 -6.24168 -5.51492 -5.0631 -4.5852 -4.16496 -3.80592 -3.4621 -3.11617 -2.75427 -2.38669 -2.0435 -1.72384 -1.4428 -1.1963 -0.92429 -0.640312
66.555 0.0686639 0.12335 0.322088 -1.80708 -6.23777 -8.12764 -7.30685 -6.24229 -5.51555 -5.06374 -4.58583 -4.16559 -3.80654 -3.46269 -3.11673 -2.75481 -2.3872 -2.04398 -1.72428 -1.44319 -1.19664 -0.924578 -0.640539
66.605 0.0681103 0.122527 0.320995 -1.808 -6.23832 -8.12816 -7.30742 -6.2429 -5.51618 -5.06438 -4.58647 -4.16622 -3.80715 -3.46328 -3.1173 -2.75535 -2.3877 -2.04445 -1.72471 -1.44359 -1.19698 -0.924865 -0.640765
66.655 0.0675575 0.121705 0.319903 -1.80891 -6.23888 -8.12868 -7.30798 -6.2435 -5.51681 -5.06501 -4.58711 -4.16685 -3.80776 -3.46387 -3.11786 -2.75588 -2.38821 -2.04493 -1.72515 -1.44398 -1.19732 -0.925152 -0.640991
66.705 0.0670057 0.120885 0.318814 -1.80982 -6.23943 -8.1292 -7.30854 -6.24411 -5.51744 -5.06565 -4.58774 -4.16748 -3.80837 -3.46446 -3.11843 -2.75642 -2.38872 -2.0454 -1.72558 -1.44437 -1.19766 -0.925437 -0.641217
66.755 0.0664547 0.120066 0.317726 -1.81073 -6.23999 -8.12972 -7.3091 -6.24471 -5.51807 -5.06628 -4.58838 -4.1681 -3.80898 -3.46505 -3.11899 -2.75695 -2.38922 -2.04587 -1.72602 -1.44476 -1.198 -0.925723 -0.641442
66.805 0.0659046 0.119248 0.31664 -1.81164 -6.24054 -8.13024 -7.30966 -6.24532 -5.51869 -5.06691 -4.58901 -4.16873 -3.80959 -3.46564 -3.11955 -2.75749 -2.38973 -2.04634 -1.72645 -1.44515 -1.19834 -0.926007 -0.641666
66.855 0.0653554 0.118432 0.315555 -1.81255 -6.24109 -8.13076 -7.31022 -6.24592 -5.51932 -5.06754 -4.58964 -4.16935 -3.8102 -3.46622 -3.12011 -2.75802 -2.39023 -2.04681 -1.72688 -1.44553 -1.19867 -0.926291 -0.64189
66.905 0.064807 0.117617 0.314472 -1.81346 -6.24164 -8.13127 -7.31078 -6.24652 -5.51994 -5.06818 -4.59027 -4.16997 -3.8108 -3.46681 -3.12067 -2.75855 -2.39073 -2.04728 -1.72731 -1.44592 -1.19901 -0.926575 -0.642114
66.955 0.0642595 0.116803 0.313391 -1.81436 -6.24219 -8.13179 -7.31134 -6.24712 -5.52057 -5.0688 -4.5909 -4.1706 -3.81141 -3.46739 -3.12123 -2.75908 -2.39123 -2.04775 -1.72774 -1.44631 -1.19935 -0.926858 -0.642337
67.005 0.0637129 0.11599 0.312312 -1.81527 -6.24274 -8.1323 -7.3119 -6.24772 -5.52119 -5.06943 -4.59153 -4.17122 -3.81201 -3.46797 -3.12179 -2.75961 -2.39173 -2.04821 -1.72817 -1.44669 -1.19968 -0.92714 -0.642559
67.055 0.0631671 0.115179 0.311234 -1.81617 -6.24329 -8.13282 -7.31245 -6.24832 -5.52181 -5.07006 -4.59216 -4.17184 -3.81261 -3.46856 -3.12234 -2.76014 -2.39223 -2.04868 -1.7286 -1.44708 -1.20002 -0.927421 -0.642781
67.105 0.0626222 0.114369 0.310158 -1.81707 -6.24384 -8.13333 -7.31301 -6.24891 -5.52243 -5.07069 -4.59279 -4.17245 -3.81322 -3.46914 -3.1229 -2.76067 -2.39273 -2.04914 -1.72903 -1.44746 -1.20035 -0.927703 -0.643003
67.155 0.0620781 0.11356 0.309083 -1.81797 -6.24439 -8.13384 -7.31356 -6.24951 -5.52305 -5.07131 -4.59341 -4.17307 -3.81382 -3.46972 -3.12345 -2.7612 -2.39323 -2.04961 -1.72945 -1.44785 -1.20069 -0.927983 -0.643224
67.205 0.0615349 0.112752 0.30801 -1.81887 -6.24493 -8.13435 -7.31411 -6.2501 -5.52367 -5.07194 -4.59404 -4.17369 -3.81442 -3.47029 -3.12401 -2.76172 -2.39373 -2.05007 -1.72988 -1.44823 -1.20102 -0.928263 -0.643444
67.255 0.0609926 0.111946 0.306939 -1.81977 -6.24548 -8.13486 -7.31467 -6.2507 -5.52429 -5.07256 -4.59466 -4.1743 -3.81502 -3.47087 -3.12456 -2.76225 -2.39422 -2.05053 -1.73031 -1.44861 -1.20135 -0.928542 -0.643664
67.305 0.0604511 0.111141 0.30587 -1.82066 -6.24602 -8.13537 -7.31522 -6.25129 -5.5249 -5.07318 -4.59528 -4.17492 -3.81562 -3.47145 -3.12511 -2.76277 -2.39472 -2.051 -1.73073 -1.44899 -1.20168 -0.928821 -0.643884
67.355 0.0599105 0.110337 0.304802 -1.82156 -6.24657 -8.13588 -7.31577 -6.25188 -5.52552 -5.0738 -4.59591 -4.17553 -3.81621 -3.47202 -3.12566 -2.7633 -2.39521 -2.05146 -1.73115 -1.44937 -1.20201 -0.929099 -0.644103
67.405 0.0593707 0.109535 0.303736 -1.82245 -6.24711 -8.13639 -7.31632 -6.25248 -5.52613 -5.07442 -4.59653 -4.17614 -3.81681 -3.4726 -3.12621 -2.76382 -2.3957 -2.05192 -1.73158 -1.44975 -1.20234 -0.929376 -0.644322
67.455 0.0588318 0.108733 0.302671 -1.82334 -6.24765 -8.1369 -7.31687 -6.25307 -5.52675 -5.07504 -4.59715 -4.17676 -3.8174 -3.47317 -3.12676 -2.76434 -2.39619 -2.05237 -1.732 -1.45013 -1.20267 -0.929653 -0.64454
67.505 0.0582937 0.107933 0.301608 -1.82423 -6.24819 -8.1374 -7.31742 -6.25366 -5.52736 -5.07566 -4.59776 -4.17737 -3.818 -3.47375 -3.12731 -2.76486 -2.39669 -2.05283 -1.73242 -1.45051 -1.203 -0.929929 -0.644758
67.555 0.0577565 0.107135 0.300547 -1.82512 -6.24873 -8.13791 -7.31796 -6.25424 -5.52797 -5.07628 -4.59838 -4.17798 -3.81859 -3.47432 -3.12785 -2.76538 -2.39718 -2.05329 -1.73284 -1.45089 -1.20333 -0.930205 -0.644975
67.605 0.0572201 0.106337 0.299488 -1.82601 -6.24927 -8.13842 -7.31851 -6.25483 -5.52858 -5.0769 -4.599 -4.17858 -3.81918 -3.47489 -3.1284 -2.7659 -2.39767 -2.05375 -1.73326 -1.45126 -1.20365 -0.93048 -0.645192
67.655 0.0566846 0.105541 0.29843 -1.8269 -6.24981 -8.13892 -7.31906 -6.25542 -5.52919 -5.07751 -4.59961 -4.17919 -3.81977 -3.47546 -3.12894 -2.76642 -2.39815 -2.0542 -1.73368 -1.45164 -1.20398 -0.930754 -0.645408
67.705 0.0561499 0.104746 0.297373 -1.82778 -6.25035 -8.13942 -7.3196 -6.25601 -5.5298 -5.07813 -4.60023 -4.1798 -3.82036 -3.47603 -3.12949 -2.76693 -2.39864 -2.05466 -1.73409 -1.45201 -1.20431 -0.931028 -0.645624
67.755 0.055616 0.103952 0.296319 -1.82866 -6.25089 -8.13993 -7.32014 -6.25659 -5.53041 -5.07874 -4.60084 -4.1804 -3.82095 -3.47659 -3.13003 -2.76745 -2.39913 -2.05511 -1.73451 -1.45239 -1.20463 -0.931301 -0.645839
67.805 0.055083 0.10316 0.295266 -1.82955 -6.25142 -8.14043 -7.32069 -6.25718 -5.53102 -5.07935 -4.60145 -4.18101 -3.82154 -3.47716 -3.13057 -2.76796 -2.39961 -2.05556 -1.73493 -1.45276 -1.20496 -0.931574 -0.646054
67.855 0.0545509 0.102368 0.294214 -1.83043 -6.25196 -8.14093 -7.32123 -6.25776 -5.53162 -5.07996 -4.60207 -4.18161 -3.82213 -3.47773 -3.13111 -2.76848 -2.4001 -2.05601 -1.73534 -1.45313 -1.20528 -0.931846 -0.646268
67.905 0.0540196 0.101578 0.293165 -1.83131 -6.25249 -8.14143 -7.32177 -6.25834 -5.53223 -5.08057 -4.60268 -4.18221 -3.82271 -3.47829 -3.13165 -2.76899 -2.40058 -2.05647 -1.73576 -1.4535 -1.2056 -0.932118 -0.646482
67.955 0.0534891 0.10079 0.292116 -1.83218 -6.25302 -8.14193 -7.32231 -6.25892 -5.53283 -5.08118 -4.60329 -4.18281 -3.8233 -3.47885 -3.13219 -2.7695 -2.40106 -2.05692 -1.73617 -1.45388 -1.20593 -0.932389 -0.646696
68.005 0.0529594 0.100002 0.29107 -1.83306 -6.25356 -8.14243 -7.32285 -6.2595 -5.53343 -5.08179 -4.60389 -4.18341 -3.82388 -3.47942 -3.13273 -2.77001 -2.40155 -2.05736 -1.73658 -1.45425 -1.20625 -0.932659 -0.646908
68.055 0.0524306 0.0992156 0.290025 -1.83394 -6.25409 -8.14293 -7.32339 -6.26008 -5.53404 -5.0824 -4.6045 -4.18401 -3.82447 -3.47998 -3.13327 -2.77052 -2.40203 -2.05781 -1.73699 -1.45462 -1.20657 -0.932929 -0.647121
68.105 0.0519027 0.0984305 0.288982 -1.83481 -6.25462 -8.14342 -7.32393 -6.26066 -5.53464 -5.08301 -4.60511 -4.18461 -3.82505 -3.48054 -3.1338 -2.77103 -2.40251 -2.05826 -1.7374 -1.45498 -1.20689 -0.933198 -0.647333
68.155 0.0513755 0.0976467 0.28794 -1.83568 -6.25515 -8.14392 -7.32447 -6.26124 -5.53524 -5.08361 -4.60571 -4.18521 -3.82563 -3.4811 -3.13434 -2.77154 -2.40299 -2.05871 -1.73782 -1.45535 -1.20721 -0.933467 -0.647545
68.205 0.0508492 0.096864 0.2869 -1.83655 -6.25568 -8.14441 -7.325 -6.26182 -5.53584 -5.08422 -4.60632 -4.18581 -3.82621 -3.48166 -3.13487 -2.77205 -2.40347 -2.05915 -1.73822 -1.45572 -1.20753 -0.933735 -0.647756
68.255 0.0503237 0.0960826 0.285862 -1.83742 -6.25621 -8.14491 -7.32554 -6.26239 -5.53644 -5.08482 -4.60692 -4.1864 -3.82679 -3.48222 -3.1354 -2.77255 -2.40394 -2.0596 -1.73863 -1.45609 -1.20785 -0.934002 -0.647966
68.305 0.0497991 0.0953024 0.284825 -1.83829 -6.25674 -8.1454 -7.32607 -6.26297 -5.53703 -5.08542 -4.60753 -4.18699 -3.82737 -3.48277 -3.13594 -2.77306 -2.40442 -2.06004 -1.73904 -1.45645 -1.20816 -0.934269 -0.648176
68.355 0.0492753 0.0945234 0.28379 -1.83916 -6.25726 -8.1459 -7.32661 -6.26354 -5.53763 -5.08603 -4.60813 -4.18759 -3.82794 -3.48333 -3.13647 -2.77356 -2.40489 -2.06049 -1.73945 -1.45682 -1.20848 -0.934536 -0.648386
68.405 0.0487523 0.0937457 0.282756 -1.84002 -6.25779 -8.14639 -7.32714 -6.26411 -5.53822 -5.08663 -4.60873 -4.18818 -3.82852 -3.48388 -3.137 -2.77407 -2.40537 -2.06093 -1.73985 -1.45718 -1.2088 -0.934801 -0.648595
68.455 0.0482301 0.0929692 0.281724 -1.84089 -6.25832 -8.14688 -7.32767 -6.26469 -5.53882 -5.08723 -4.60933 -4.18877 -3.8291 -3.48444 -3.13753 -2.77457 -2.40584 -2.06137 -1.74026 -1.45755 -1.20911 -0.935067 -0.648804
68.505 0.0477088 0.0921938 0.280694 -1.84175 -6.25884 -8.14737 -7.3282 -6.26526 -5.53941 -5.08782 -4.60993 -4.18936 -3.82967 -3.48499 -3.13805 -2.77507 -2.40632 -2.06181 -1.74066 -1.45791 -1.20943 -0.935331 -0.649013
68.555 0.0471882 0.0914197 0.279665 -1.84261 -6.25936 -8.14786 -7.32873 -6.26583 -5.54001 -5.08842 -4.61052 -4.18995 -3.83024 -3.48554 -3.13858 -2.77557 -2.40679 -2.06225 -1.74107 -1.45827 -1.20974 -0.935595 -0.649221
68.605 0.0466685 0.0906468 0.278637 -1.84347 -6.25989 -8.14835 -7.32926 -6.2664 -5.5406 -5.08902 -4.61112 -4.19054 -3.83082 -3.48609 -3.13911 -2.77607 -2.40726 -2.06269 -1.74147 -1.45863 -1.21006 -0.935859 -0.649428
68.655 0.0461497 0.0898752 0.277612 -1.84433 -6.26041 -8.14884 -7.32979 -6.26697 -5.54119 -5.08962 -4.61172 -4.19113 -3.83139 -3.48664 -3.13963 -2.77657 -2.40773 -2.06313 -1.74187 -1.45899 -1.21037 -0.936122 -0.649635
68.705 0.0456316 0.0891047 0.276588 -1.84519 -6.26093 -8.14933 -7.33032 -6.26753 -5.54178 -5.09021 -4.61231 -4.19171 -3.83196 -3.48719 -3.14016 -2.77707 -2.4082 -2.06356 -1.74227 -1.45935 -1.21068 -0.936384 -0.649841
68.755 0.0451144 0.0883354 0.275565 -1.84605 -6.26145 -8.14982 -7.33085 -6.2681 -5.54237 -5.0908 -4.6129 -4.1923 -3.83253 -3.48774 -3.14068 -2.77756 -2.40867 -2.064 -1.74268 -1.45971 -1.21099 -0.936646 -0.650048
68.805 0.0445979 0.0875673 0.274544 -1.8469 -6.26197 -8.1503 -7.33137 -6.26867 -5.54295 -5.0914 -4.6135 -4.19288 -3.83309 -3.48829 -3.1412 -2.77806 -2.40914 -2.06444 -1.74308 -1.46007 -1.21131 -0.936908 -0.650253
68.855 0.0440823 0.0868005 0.273525 -1.84776 -6.26249 -8.15079 -7.3319 -6.26923 -5.54354 -5.09199 -4.61409 -4.19347 -3.83366 -3.48883 -3.14173 -2.77856 -2.4096 -2.06487 -1.74347 -1.46043 -1.21162 -0.937168 -0.650458
68.905 0.0435675 0.0860348 0.272507 -1.84861 -6.26301 -8.15127 -7.33242 -6.2698 -5.54413 -5.09258 -4.61468 -4.19405 -3.83423 -3.48938 -3.14225 -2.77905 -2.41007 -2.0653 -1.74387 -1.46079 -1.21193 -0.937429 -0.650663
68.955 0.0430535 0.0852703 0.271491 -1.84946 -6.26353 -8.15176 -7.33295 -6.27036 -5.54471 -5.09317 -4.61527 -4.19463 -3.83479 -3.48992 -3.14277 -2.77954 -2.41053 -2.06574 -1.74427 -1.46114 -1.21224 -0.937688 -0.650867
69.005 0.0425403 0.0845071 0.270477 -1.85031 -6.26404 -8.15224 -7.33347 -6.27092 -5.5453 -5.09376 -4.61586 -4.19521 -3.83536 -3.49047 -3.14329 -2.78004 -2.411 -2.06617 -1.74467 -1.4615 -1.21254 -0.937947 -0.651071
69.055 0.042028 0.083745 0.269464 -1.85116 -6.26456 -8.15272 -7.33399 -6.27149 -5.54588 -5.09435 -4.61645 -4.19579 -3.83592 -3.49101 -3.1438 -2.78053 -2.41146 -2.0666 -1.74506 -1.46185 -1.21285 -0.938206 -0.651275
69.105 0.0415164 0.0829841 0.268452 -1.85201 -6.26507 -8.15321 -7.33452 -6.27205 -5.54646 -5.09494 -4.61703 -4.19637 -3.83648 -3.49155 -3.14432 -2.78102 -2.41192 -2.06703 -1.74546 -1.46221 -1.21316 -0.938464 -0.651478
69.155 0.0410056 0.0822244 0.267443 -1.85285 -6.26559 -8.15369 -7.33504 -6.27261 -5.54704 -5.09552 -4.61762 -4.19695 -3.83705 -3.49209 -3.14484 -2.78151 -2.41239 -2.06746 -1.74585 -1.46256 -1.21347 -0.938721 -0.65168
69.205 0.0404957 0.0814659 0.266434 -1.8537 -6.2661 -8.15417 -7.33556 -6.27317 -5.54762 -5.09611 -4.61821 -4.19752 -3.83761 -3.49263 -3.14535 -2.782 -2.41285 -2.06789 -1.74625 -1.46291 -1.21377 -0.938978 -0.651882
69.255 0.0399865 0.0807086 0.265428 -1.85454 -6.26661 -8.15465 -7.33608 -6.27372 -5.5482 -5.09669 -4.61879 -4.1981 -3.83817 -3.49317 -3.14587 -2.78249 -2.41331 -2.06832 -1.74664 -1.46327 -1.21408 -0.939235 -0.652084
69.305 0.0394782 0.0799525 0.264422 -1.85538 -6.26713 -8.15513 -7.33659 -6.27428 -5.54878 -5.09728 -4.61937 -4.19867 -3.83872 -3.49371 -3.14638 -2.78297 -2.41377 -2.06875 -1.74703 -1.46362 -1.21438 -0.93949 -0.652285
69.355 0.0389707 0.0791975 0.263419 -1.85622 -6.26764 -8.15561 -7.33711 -6.27484 -5.54936 -5.09786 -4.61996 -4.19925 -3.83928 -3.49424 -3.14689 -2.78346 -2.41422 -2.06917 -1.74742 -1.46397 -1.21469 -0.939746 -0.652486
69.405 0.0384639 0.0784437 0.262417 -1.85706 -6.26815 -8.15608 -7.33763 -6.27539 -5.54994 -5.09844 -4.62054 -4.19982 -3.83984 -3.49478 -3.1474 -2.78394 -2.41468 -2.0696 -1.74781 -1.46432 -1.21499 -0.94 -0.652686
69.455 0.037958 0.0776912 0.261416 -1.8579 -6.26866 -8.15656 -7.33814 -6.27595 -5.55051 -5.09902 -4.62112 -4.20039 -3.8404 -3.49532 -3.14792 -2.78443 -2.41514 -2.07002 -1.7482 -1.46467 -1.21529 -0.940255 -0.652886
69.505 0.0374528 0.0769397 0.260417 -1.85874 -6.26916 -8.15704 -7.33866 -6.2765 -5.55109 -5.0996 -4.6217 -4.20096 -3.84095 -3.49585 -3.14843 -2.78491 -2.41559 -2.07045 -1.74859 -1.46502 -1.2156 -0.940508 -0.653086
69.555 0.0369485 0.0761895 0.25942 -1.85957 -6.26967 -8.15751 -7.33917 -6.27705 -5.55166 -5.10018 -4.62227 -4.20153 -3.8415 -3.49638 -3.14893 -2.7854 -2.41605 -2.07087 -1.74898 -1.46536 -1.2159 -0.940761 -0.653285
69.605 0.0364449 0.0754405 0.258424 -1.86041 -6.27018 -8.15799 -7.33969 -6.27761 -5.55224 -5.10076 -4.62285 -4.2021 -3.84206 -3.49692 -3.14944 -2.78588 -2.4165 -2.07129 -1.74937 -1.46571 -1.2162 -0.941014 -0.653483
69.655 0.0359422 0.0746926 0.25743 -1.86124 -6.27069 -8.15846 -7.3402 -6.27816 -5.55281 -5.10133 -4.62343 -4.20267 -3.84261 -3.49745 -3.14995 -2.78636 -2.41695 -2.07172 -1.74975 -1.46606 -1.2165 -0.941266 -0.653681
69.705 0.0354402 0.0739459 0.256437 -1.86207 -6.27119 -8.15893 -7.34071 -6.27871 -5.55338 -5.10191 -4.624 -4.20324 -3.84316 -3.49798 -3.15046 -2.78684 -2.41741 -2.07214 -1.75014 -1.4664 -1.2168 -0.941517 -0.653879
69.755 0.034939 0.0732003 0.255446 -1.8629 -6.2717 -8.1594 -7.34122 -6.27926 -5.55395 -5.10249 -4.62458 -4.2038 -3.84371 -3.49851 -3.15096 -2.78732 -2.41786 -2.07256 -1.75053 -1.46675 -1.2171 -0.941768 -0.654076
69.805 0.0344386 0.0724559 0.254456 -1.86373 -6.2722 -8.15988 -7.34173 -6.27981 -5.55452 -5.10306 -4.62515 -4.20437 -3.84426 -3.49903 -3.15147 -2.7878 -2.41831 -2.07298 -1.75091 -1.46709 -1.2174 -0.942019 -0.654273
69.855 0.033939 0.0717127 0.253468 -1.86456 -6.2727 -8.16035 -7.34224 -6.28035 -5.55509 -5.10363 -4.62573 -4.20493 -3.84481 -3.49956 -3.15197 -2.78827 -2.41876 -2.07339 -1.75129 -1.46744 -1.21769 -0.942269 -0.65447
69.905 0.0334402 0.0709707 0.252481 -1.86539 -6.27321 -8.16082 -7.34275 -6.2809 -5.55566 -5.10421 -4.6263 -4.2055 -3.84536 -3.50009 -3.15247 -2.78875 -2.41921 -2.07381 -1.75168 -1.46778 -1.21799 -0.942518 -0.654666
69.955 0.0329422 0.0702298 0.251496 -1.86621 -6.27371 -8.16129 -7.34326 -6.28145 -5.55622 -5.10478 -4.62687 -4.20606 -3.8459 -3.50061 -3.15297 -2.78923 -2.41966 -2.07423 -1.75206 -1.46812 -1.21829 -0.942767 -0.654861
70.005 0.032445 0.06949 0.250513 -1.86704 -6.27421 -8.16176 -7.34377 -6.28199 -5.55679 -5.10535 -4.62744 -4.20662 -3.84645 -3.50114 -3.15347 -2.7897 -2.4201 -2.07464 -1.75244 -1.46846 -1.21858 -0.943015 -0.655057
70.055 0.0319485 0.0687515 0.249531 -1.86786 -6.27471 -8.16222 -7.34427 -6.28254 -5.55735 -5.10592 -4.62801 -4.20718 -3.84699 -3.50166 -3.15397 -2.79018 -2.42055 -2.07506 -1.75282 -1.4688 -1.21888 -0.943263 -0.655251
70.105 0.0314528 0.068014 0.24855 -1.86868 -6.27521 -8.16269 -7.34478 -6.28308 -5.55792 -5.10649 -4.62858 -4.20774 -3.84754 -3.50219 -3.15447 -2.79065 -2.42099 -2.07547 -1.7532 -1.46914 -1.21918 -0.94351 -0.655446
70.155 0.0309579 0.0672778 0.247571 -1.8695 -6.27571 -8.16316 -7.34528 -6.28362 -5.55848 -5.10705 -4.62914 -4.2083 -3.84808 -3.50271 -3.15497 -2.79112 -2.42144 -2.07589 -1.75358 -1.46948 -1.21947 -0.943757 -0.65564
70.205 0.0304638 0.0665427 0.246594 -1.87032 -6.2762 -8.16362 -7.34579 -6.28416 -5.55904 -5.10762 -4.62971 -4.20886 -3.84862 -3.50323 -3.15547 -2.79159 -2.42188 -2.0763 -1.75396 -1.46982 -1.21976 -0.944003 -0.655833
70.255 0.0299705 0.0658087 0.245618 -1.87114 -6.2767 -8.16409 -7.34629 -6.2847 -5.5596 -5.10819 -4.63027 -4.20941 -3.84916 -3.50375 -3.15596 -2.79206 -2.42233 -2.07671 -1.75434 -1.47016 -1.22006 -0.944249 -0.656026
70.305 0.0294779 0.0650759 0.244643 -1.87195 -6.2772 -8.16455 -7.34679 -6.28524 -5.56016 -5.10875 -4.63084 -4.20997 -3.8497 -3.50427 -3.15646 -2.79253 -2.42277 -2.07712 -1.75471 -1.4705 -1.22035 -0.944494 -0.656219
70.355 0.0289862 0.0643442 0.24367 -1.87277 -6.27769 -8.16502 -7.34729 -6.28578 -5.56072 -5.10932 -4.6314 -4.21053 -3.85024 -3.50479 -3.15695 -2.793 -2.42321 -2.07753 -1.75509 -1.47083 -1.22064 -0.944739 -0.656411
70.405 0.0284952 0.0636137 0.242699 -1.87358 -6.27819 -8.16548 -7.34779 -6.28632 -5.56128 -5.10988 -4.63196 -4.21108 -3.85078 -3.50531 -3.15745 -2.79347 -2.42365 -2.07794 -1.75546 -1.47117 -1.22093 -0.944983 -0.656603
70.455 0.0280049 0.0628843 0.241729 -1.8744 -6.27868 -8.16594 -7.34829 -6.28686 -5.56184 -5.11044 -4.63253 -4.21163 -3.85132 -3.50582 -3.15794 -2.79394 -2.42409 -2.07835 -1.75584 -1.47151 -1.22122 -0.945227 -0.656794
70.505 0.0275155 0.0621561 0.24076 -1.87521 -6.27917 -8.1664 -7.34879 -6.2874 -5.5624 -5.111 -4.63309 -4.21219 -3.85185 -3.50634 -3.15843 -2.7944 -2.42453 -2.07876 -1.75621 -1.47184 -1.22151 -0.94547 -0.656985
70.555 0.0270268 0.061429 0.239794 -1.87602 -6.27967 -8.16686 -7.34929 -6.28793 -5.56295 -5.11156 -4.63365 -4.21274 -3.85239 -3.50685 -3.15892 -2.79487 -2.42497 -2.07917 -1.75659 -1.47218 -1.2218 -0.945713 -0.657176
70.605 0.0265389 0.060703 0.238828 -1.87683 -6.28016 -8.16732 -7.34979 -6.28847 -5.56351 -5.11212 -4.63421 -4.21329 -3.85292 -3.50737 -3.15941 -2.79533 -2.4254 -2.07958 -1.75696 -1.47251 -1.22209 -0.945955 -0.657366
70.655 0.0260517 0.0599782 0.237864 -1.87763 -6.28065 -8.16778 -7.35029 -6.289 -5.56406 -5.11268 -4.63476 -4.21384 -3.85346 -3.50788 -3.1599 -2.7958 -2.42584 -2.07998 -1.75733 -1.47284 -1.22238 -0.946196 -0.657556
70.705 0.0255654 0.0592545 0.236902 -1.87844 -6.28114 -8.16824 -7.35078 -6.28954 -5.56462 -5.11324 -4.63532 -4.21438 -3.85399 -3.50839 -3.16039 -2.79626 -2.42628 -2.08039 -1.7577 -1.47317 -1.22267 -0.946437 -0.657745
70.755 0.0250798 0.058532 0.235941 -1.87925 -6.28163 -8.1687 -7.35128 -6.29007 -5.56517 -5.1138 -4.63588 -4.21493 -3.85452 -3.5089 -3.16088 -2.79672 -2.42671 -2.08079 -1.75807 -1.47351 -1.22295 -0.946678 -0.657934
70.805 0.0245949 0.0578106 0.234981 -1.88005 -6.28212 -8.16916 -7.35177 -6.2906 -5.56572 -5.11435 -4.63643 -4.21548 -3.85505 -3.50941 -3.16137 -2.79718 -2.42715 -2.08119 -1.75844 -1.47384 -1.22324 -0.946918 -0.658123
70.855 0.0241108 0.0570903 0.234023 -1.88085 -6.2826 -8.16961 -7.35227 -6.29113 -5.56627 -5.11491 -4.63699 -4.21602 -3.85558 -3.50992 -3.16185 -2.79764 -2.42758 -2.0816 -1.75881 -1.47417 -1.22353 -0.947158 -0.658311
70.905 0.0236275 0.0563711 0.233067 -1.88165 -6.28309 -8.17007 -7.35276 -6.29166 -5.56682 -5.11546 -4.63754 -4.21657 -3.85611 -3.51043 -3.16234 -2.7981 -2.42801 -2.082 -1.75918 -1.4745 -1.22381 -0.947397 -0.658498
70.955 0.023145 0.055653 0.232112 -1.88245 -6.28358 -8.17052 -7.35325 -6.29219 -5.56737 -5.11602 -4.63809 -4.21711 -3.85664 -3.51094 -3.16282 -2.79856 -2.42844 -2.0824 -1.75955 -1.47482 -1.2241 -0.947635 -0.658686
71.005 0.0226632 0.0549361 0.231158 -1.88325 -6.28406 -8.17098 -7.35374 -6.29272 -5.56792 -5.11657 -4.63864 -4.21766 -3.85717 -3.51145 -3.16331 -2.79902 -2.42887 -2.0828 -1.75991 -1.47515 -1.22438 -0.947873 -0.658873
71.055 0.0221821 0.0542203 0.230206 -1.88405 -6.28455 -8.17143 -7.35423 -6.29325 -5.56847 -5.11712 -4.63919 -4.2182 -3.85769 -3.51195 -3.16379 -2.79948 -2.4293 -2.0832 -1.76028 -1.47548 -1.22466 -0.948111 -0.659059
71.105 0.0217018 0.0535057 0.229256 -1.88485 -6.28503 -8.17188 -7.35472 -6.29377 -5.56901 -5.11767 -4.63974 -4.21874 -3.85822 -3.51246 -3.16427 -2.79993 -2.42973 -2.0836 -1.76065 -1.47581 -1.22495 -0.948348 -0.659245
71.155 0.0212223 0.0527921 0.228307 -1.88564 -6.28551 -8.17234 -7.35521 -6.2943 -5.56956 -5.11822 -4.64029 -4.21928 -3.85874 -3.51296 -3.16475 -2.80039 -2.43016 -2.084 -1.76101 -1.47613 -1.22523 -0.948585 -0.659431
71.205 0.0207436 0.0520797 0.227359 -1.88644 -6.286 -8.17279 -7.3557 -6.29482 -5.5701 -5.11877 -4.64084 -4.21982 -3.85927 -3.51347 -3.16523 -2.80084 -2.43059 -2.08439 -1.76137 -1.47646 -1.22551 -0.948821 -0.659616
71.255 0.0202655 0.0513683 0.226413 -1.88723 -6.28648 -8.17324 -7.35619 -6.29535 -5.57065 -5.11932 -4.64139 -4.22036 -3.85979 -3.51397 -3.16571 -2.8013 -2.43102 -2.08479 -1.76174 -1.47678 -1.22579 -0.949056 -0.659801
71.305 0.0197883 0.0506581 0.225468 -1.88802 -6.28696 -8.17369 -7.35668 -6.29587 -5.57119 -5.11986 -4.64193 -4.2209 -3.86031 -3.51447 -3.16619 -2.80175 -2.43144 -2.08519 -1.7621 -1.47711 -1.22607 -0.949291 -0.659986
71.355 0.0193118 0.049949 0.224525 -1.88881 -6.28744 -8.17414 -7.35716 -6.29639 -5.57173 -5.12041 -4.64248 -4.22143 -3.86083 -3.51497 -3.16666 -2.8022 -2.43187 -2.08558 -1.76246 -1.47743 -1.22635 -0.949526 -0.66017
71.405 0.018836 0.049241 0.223583 -1.8896 -6.28792 -8.17459 -7.35765 -6.29691 -5.57227 -5.12096 -4.64302 -4.22197 -3.86135 -3.51547 -3.16714 -2.80266 -2.43229 -2.08598 -1.76282 -1.47775 -1.22663 -0.94976 -0.660353
71.455 0.018361 0.0485342 0.222643 -1.89039 -6.2884 -8.17504 -7.35813 -6.29744 -5.57282 -5.1215 -4.64357 -4.2225 -3.86187 -3.51597 -3.16762 -2.80311 -2.43272 -2.08637 -1.76318 -1.47808 -1.22691 -0.949994 -0.660537
71.505 0.0178868 0.0478284 0.221704 -1.89117 -6.28888 -8.17548 -7.35862 -6.29796 -5.57335 -5.12204 -4.64411 -4.22304 -3.86239 -3.51647 -3.16809 -2.80356 -2.43314 -2.08676 -1.76354 -1.4784 -1.22719 -0.950227 -0.66072
71.555 0.0174133 0.0471237 0.220767 -1.89196 -6.28935 -8.17593 -7.3591 -6.29847 -5.57389 -5.12259 -4.64465 -4.22357 -3.86291 -3.51696 -3.16857 -2.804 -2.43356 -2.08716 -1.7639 -1.47872 -1.22747 -0.950459 -0.660902
71.605 0.0169405 0.0464202 0.219831 -1.89274 -6.28983 -8.17638 -7.35958 -6.29899 -5.57443 -5.12313 -4.64519 -4.2241 -3.86342 -3.51746 -3.16904 -2.80445 -2.43398 -2.08755 -1.76426 -1.47904 -1.22775 -0.950692 -0.661084
71.655 0.0164685 0.0457177 0.218897 -1.89353 -6.29031 -8.17682 -7.36006 -6.29951 -5.57497 -5.12367 -4.64573 -4.22463 -3.86394 -3.51796 -3.16951 -2.8049 -2.4344 -2.08794 -1.76462 -1.47936 -1.22802 -0.950923 -0.661266
71.705 0.0159972 0.0450163 0.217964 -1.89431 -6.29078 -8.17727 -7.36054 -6.30003 -5.5755 -5.12421 -4.64627 -4.22517 -3.86446 -3.51845 -3.16998 -2.80535 -2.43482 -2.08833 -1.76497 -1.47968 -1.2283 -0.951154 -0.661448
71.755 0.0155267 0.0443161 0.217032 -1.89509 -6.29125 -8.17771 -7.36102 -6.30054 -5.57604 -5.12475 -4.64681 -4.2257 -3.86497 -3.51895 -3.17045 -2.80579 -2.43524 -2.08872 -1.76533 -1.48 -1.22858 -0.951385 -0.661628
71.805 0.0150569 0.0436169 0.216102 -1.89587 -6.29173 -8.17815 -7.3615 -6.30106 -5.57657 -5.12529 -4.64735 -4.22622 -3.86548 -3.51944 -3.17092 -2.80624 -2.43566 -2.0891 -1.76569 -1.48032 -1.22885 -0.951615 -0.661809
71.855 0.0145879 0.0429188 0.215173 -1.89665 -6.2922 -8.17859 -7.36198 -6.30157 -5.57711 -5.12583 -4.64788 -4.22675 -3.86599 -3.51993 -3.17139 -2.80668 -2.43608 -2.08949 -1.76604 -1.48063 -1.22912 -0.951845 -0.661989
71.905 0.0141195 0.0422218 0.214246 -1.89742 -6.29267 -8.17904 -7.36246 -6.30209 -5.57764 -5.12636 -4.64842 -4.22728 -3.86651 -3.52042 -3.17186 -2.80712 -2.43649 -2.08988 -1.7664 -1.48095 -1.2294 -0.952074 -0.662169
71.955 0.013652 0.0415259 0.21332 -1.8982 -6.29314 -8.17948 -7.36294 -6.3026 -5.57817 -5.1269 -4.64895 -4.2278 -3.86702 -3.52091 -3.17233 -2.80757 -2.43691 -2.09027 -1.76675 -1.48126 -1.22967 -0.952303 -0.662349
72.005 0.0131851 0.0408311 0.212396 -1.89898 -6.29362 -8.17992 -7.36341 -6.30311 -5.5787 -5.12743 -4.64949 -4.22833 -3.86753 -3.5214 -3.17279 -2.80801 -2.43732 -2.09065 -1.7671 -1.48158 -1.22994 -0.952531 -0.662528
72.055 0.012719 0.0401374 0.211473 -1.89975 -6.29409 -8.18036 -7.36389 -6.30362 -5.57923 -5.12797 -4.65002 -4.22885 -3.86803 -3.52189 -3.17326 -2.80845 -2.43774 -2.09104 -1.76745 -1.48189 -1.23022 -0.952759 -0.662706
72.105 0.0122537 0.0394448 0.210552 -1.90052 -6.29455 -8.1808 -7.36436 -6.30413 -5.57976 -5.1285 -4.65055 -4.22938 -3.86854 -3.52238 -3.17372 -2.80889 -2.43815 -2.09142 -1.7678 -1.48221 -1.23049 -0.952986 -0.662884
72.155 0.0117891 0.0387532 0.209632 -1.90129 -6.29502 -8.18124 -7.36484 -6.30464 -5.58029 -5.12903 -4.65108 -4.2299 -3.86905 -3.52287 -3.17419 -2.80933 -2.43857 -2.0918 -1.76816 -1.48252 -1.23076 -0.953213 -0.663062
72.205 0.0113252 0.0380628 0.208713 -1.90206 -6.29549 -8.18167 -7.36531 -6.30515 -5.58082 -5.12956 -4.65162 -4.23042 -3.86956 -3.52335 -3.17465 -2.80977 -2.43898 -2.09219 -1.76851 -1.48284 -1.23103 -0.95344 -0.66324
72.255 0.010862 0.0373734 0.207796 -1.90283 -6.29596 -8.18211 -7.36578 -6.30566 -5.58135 -5.1301 -4.65214 -4.23094 -3.87006 -3.52384 -3.17511 -2.8102 -2.43939 -2.09257 -1.76886 -1.48315 -1.2313 -0.953665 -0.663417
72.305 0.0103996 0.0366851 0.20688 -1.9036 -6.29642 -8.18255 -7.36626 -6.30617 -5.58187 -5.13063 -4.65267 -4.23146 -3.87057 -3.52432 -3.17558 -2.81064 -2.4398 -2.09295 -1.7692 -1.48346 -1.23157 -0.953891 -0.663594
72.355 0.00993785 0.0359979 0.205966 -1.90436 -6.29689 -8.18298 -7.36673 -6.30667 -5.5824 -5.13115 -4.6532 -4.23198 -3.87107 -3.52481 -3.17604 -2.81108 -2.44021 -2.09333 -1.76955 -1.48377 -1.23184 -0.954116 -0.66377
72.405 0.00947687 0.0353117 0.205053 -1.90513 -6.29735 -8.18342 -7.3672 -6.30718 -5.58292 -5.13168 -4.65373 -4.2325 -3.87157 -3.52529 -3.1765 -2.81151 -2.44062 -2.09371 -1.7699 -1.48408 -1.23211 -0.95434 -0.663946
72.455 0.00901662 0.0346267 0.204141 -1.90589 -6.29782 -8.18385 -7.36767 -6.30768 -5.58345 -5.13221 -4.65425 -4.23302 -3.87207 -3.52577 -3.17695 -2.81195 -2.44103 -2.09409 -1.77025 -1.48439 -1.23237 -0.954564 -0.664122
72.505 0.00855709 0.0339427 0.203231 -1.90666 -6.29828 -8.18428 -7.36814 -6.30819 -5.58397 -5.13274 -4.65478 -4.23353 -3.87258 -3.52625 -3.17741 -2.81238 -2.44143 -2.09447 -1.77059 -1.4847 -1.23264 -0.954788 -0.664297
72.555 0.00809829 0.0332597 0.202322 -1.90742 -6.29874 -8.18472 -7.36861 -6.30869 -5.58449 -5.13326 -4.6553 -4.23405 -3.87308 -3.52673 -3.17787 -2.81281 -2.44184 -2.09484 -1.77094 -1.48501 -1.23291 -0.955011 -0.664472
72.605 0.00764021 0.0325779 0.201415 -1.90818 -6.29921 -8.18515 -7.36907 -6.30919 -5.58501 -5.13379 -4.65583 -4.23457 -3.87358 -3.52721 -3.17833 -2.81325 -2.44225 -2.09522 -1.77128 -1.48532 -1.23318 -0.955234 -0.664646
72.655 0.00718285 0.0318971 0.200509 -1.90894 -6.29967 -8.18558 -7.36954 -6.30969 -5.58553 -5.13431 -4.65635 -4.23508 -3.87407 -3.52769 -3.17878 -2.81368 -2.44265 -2.0956 -1.77163 -1.48562 -1.23344 -0.955456 -0.66482
72.705 0.00672622 0.0312174 0.199605 -1.90969 -6.30013 -8.18601 -7.37001 -6.31019 -5.58605 -5.13483 -4.65687 -4.23559 -3.87457 -3.52817 -3.17924 -2.81411 -2.44306 -2.09597 -1.77197 -1.48593 -1.23371 -0.955677 -0.664994
72.755 0.0062703 0.0305387 0.198702 -1.91045 -6.30059 -8.18644 -7.37047 -6.31069 -5.58657 -5.13536 -4.65739 -4.2361 -3.87507 -3.52864 -3.17969 -2.81454 -2.44346 -2.09635 -1.77231 -1.48624 -1.23397 -0.955899 -0.665168
72.805 0.0058151 0.0298611 0.1978 -1.91121 -6.30105 -8.18687 -7.37094 -6.31119 -5.58709 -5.13588 -4.65791 -4.23662 -3.87556 -3.52912 -3.18015 -2.81497 -2.44386 -2.09672 -1.77265 -1.48654 -1.23423 -0.956119 -0.665341
72.855 0.00536062 0.0291846 0.1969 -1.91196 -6.30151 -8.1873 -7.3714 -6.31169 -5.5876 -5.1364 -4.65843 -4.23713 -3.87606 -3.5296 -3.1806 -2.81539 -2.44427 -2.09709 -1.77299 -1.48685 -1.2345 -0.95634 -0.665513
72.905 0.00490686 0.0285091 0.196001 -1.91271 -6.30196 -8.18773 -7.37186 -6.31219 -5.58812 -5.13692 -4.65895 -4.23764 -3.87655 -3.53007 -3.18105 -2.81582 -2.44467 -2.09747 -1.77334 -1.48715 -1.23476 -0.956559 -0.665686
72.955 0.00445381 0.0278347 0.195104 -1.91347 -6.30242 -8.18816 -7.37233 -6.31269 -5.58864 -5.13744 -4.65947 -4.23815 -3.87705 -3.53054 -3.1815 -2.81625 -2.44507 -2.09784 -1.77368 -1.48745 -1.23502 -0.956779 -0.665857
73.005 0.00400147 0.0271613 0.194208 -1.91422 -6.30288 -8.18858 -7.37279 -6.31318 -5.58915 -5.13795 -4.65998 -4.23865 -3.87754 -3.53102 -3.18195 -2.81667 -2.44547 -2.09821 -1.77401 -1.48776 -1.23529 -0.956998 -0.666029
73.055 0.00354985 0.026489 0.193313 -1.91497 -6.30333 -8.18901 -7.37325 -6.31368 -5.58966 -5.13847 -4.6605 -4.23916 -3.87803 -3.53149 -3.1824 -2.8171 -2.44587 -2.09858 -1.77435 -1.48806 -1.23555 -0.957216 -0.6662
73.105 0.00309894 0.0258178 0.19242 -1.91572 -6.30379 -8.18944 -7.37371 -6.31417 -5.59018 -5.13899 -4.66101 -4.23967 -3.87852 -3.53196 -3.18285 -2.81752 -2.44627 -2.09895 -1.77469 -1.48836 -1.23581 -0.957434 -0.666371
73.155 0.00264875 0.0251476 0.191528 -1.91646 -6.30424 -8.18986 -7.37417 -6.31467 -5.59069 -5.1395 -4.66153 -4.24017 -3.87901 -3.53243 -3.1833 -2.81795 -2.44666 -2.09932 -1.77503 -1.48866 -1.23607 -0.957652 -0.666541
73.205 0.00219926 0.0244784 0.190637 -1.91721 -6.30469 -8.19028 -7.37463 -6.31516 -5.5912 -5.14002 -4.66204 -4.24068 -3.8795 -3.5329 -3.18374 -2.81837 -2.44706 -2.09969 -1.77537 -1.48896 -1.23633 -0.957869 -0.666711
73.255 0.00175048 0.0238103 0.189748 -1.91796 -6.30515 -8.19071 -7.37508 -6.31565 -5.59171 -5.14053 -4.66255 -4.24118 -3.87999 -3.53337 -3.18419 -2.81879 -2.44746 -2.10005 -1.7757 -1.48926 -1.23659 -0.958086 -0.666881
73.305 0.0013024 0.0231432 0.18886 -1.9187 -6.3056 -8.19113 -7.37554 -6.31614 -5.59222 -5.14104 -4.66307 -4.24168 -3.88048 -3.53384 -3.18464 -2.81921 -2.44785 -2.10042 -1.77604 -1.48956 -1.23685 -0.958302 -0.667051
73.355 0.000855037 0.0224772 0.187974 -1.91944 -6.30605 -8.19155 -7.376 -6.31663 -5.59273 -5.14156 -4.66358 -4.24219 -3.88097 -3.53431 -3.18508 -2.81963 -2.44825 -2.10079 -1.77637 -1.48986 -1.2371 -0.958518 -0.667219
73.405 0.000408376 0.0218123 0.187089 -1.92018 -6.3065 -8.19197 -7.37645 -6.31712 -5.59324 -5.14207 -4.66409 -4.24269 -3.88145 -3.53477 -3.18552 -2.82005 -2.44864 -2.10115 -1.77671 -1.49016 -1.23736 -0.958733 -0.667388
73.455 -3.75805e-05 0.0211483 0.186205 -1.92092 -6.30695 -8.1924 -7.37691 -6.31761 -5.59374 -5.14258 -4.6646 -4.24319 -3.88194 -3.53524 -3.18597 -2.82047 -2.44903 -2.10152 -1.77704 -1.49046 -1.23762 -0.958948 -0.667556
73.505 -0.000482834 0.0204855 0.185323 -1.92166 -6.3074 -8.19282 -7.37736 -6.3181 -5.59425 -5.14309 -4.6651 -4.24369 -3.88242 -3.5357 -3.18641 -2.82089 -2.44943 -2.10188 -1.77737 -1.49075 -1.23787 -0.959162 -0.667724
73.555 -0.000927386 0.0198236 0.184442 -1.9224 -6.30785 -8.19324 -7.37782 -6.31859 -5.59476 -5.1436 -4.66561 -4.24419 -3.8829 -3.53617 -3.18685 -2.82131 -2.44982 -2.10225 -1.7777 -1.49105 -1.23813 -0.959376 -0.667892
73.605 -0.00137124 0.0191628 0.183563 -1.92314 -6.3083 -8.19365 -7.37827 -6.31908 -5.59526 -5.1441 -4.66612 -4.24468 -3.88339 -3.53663 -3.18729 -2.82173 -2.45021 -2.10261 -1.77804 -1.49135 -1.23839 -0.95959 -0.668059
73.655 -0.00181439 0.018503 0.182685 -1.92387 -6.30874 -8.19407 -7.37872 -6.31956 -5.59576 -5.14461 -4.66662 -4.24518 -3.88387 -3.53709 -3.18773 -2.82214 -2.4506 -2.10297 -1.77837 -1.49164 -1.23864 -0.959803 -0.668226
73.705 -0.00225684 0.0178443 0.181808 -1.92461 -6.30919 -8.19449 -7.37918 -6.32005 -5.59627 -5.14512 -4.66713 -4.24568 -3.88435 -3.53755 -3.18817 -2.82256 -2.45099 -2.10333 -1.7787 -1.49194 -1.2389 -0.960015 -0.668392
73.755 -0.0026986 0.0171866 0.180933 -1.92534 -6.30963 -8.19491 -7.37963 -6.32053 -5.59677 -5.14562 -4.66763 -4.24617 -3.88483 -3.53801 -3.18861 -2.82297 -2.45138 -2.10369 -1.77903 -1.49223 -1.23915 -0.960228 -0.668559
73.805 -0.00313965 0.0165299 0.180059 -1.92608 -6.31008 -8.19532 -7.38008 -6.32102 -5.59727 -5.14613 -4.66814 -4.24667 -3.88531 -3.53847 -3.18905 -2.82339 -2.45177 -2.10405 -1.77935 -1.49252 -1.2394 -0.960439 -0.668724
73.855 -0.00358002 0.0158742 0.179186 -1.92681 -6.31052 -8.19574 -7.38053 -6.3215 -5.59777 -5.14663 -4.66864 -4.24716 -3.88579 -3.53893 -3.18948 -2.8238 -2.45216 -2.10441 -1.77968 -1.49282 -1.23966 -0.960651 -0.66889
73.905 -0.00401968 0.0152196 0.178315 -1.92754 -6.31097 -8.19615 -7.38098 -6.32198 -5.59827 -5.14714 -4.66914 -4.24766 -3.88627 -3.53939 -3.18992 -2.82421 -2.45254 -2.10477 -1.78001 -1.49311 -1.23991 -0.960861 -0.669055
73.955 -0.00445866 0.014566 0.177445 -1.92827 -6.31141 -8.19657 -7.38142 -6.32246 -5.59877 -5.14764 -4.66964 -4.24815 -3.88674 -3.53985 -3.19036 -2.82462 -2.45293 -2.10513 -1.78034 -1.4934 -1.24016 -0.961072 -0.66922
74.005 -0.00489694 0.0139134 0.176576 -1.92899 -6.31185 -8.19698 -7.38187 -6.32294 -5.59927 -5.14814 -4.67014 -4.24864 -3.88722 -3.54031 -3.19079 -2.82503 -2.45331 -2.10549 -1.78066 -1.49369 -1.24041 -0.961282 -0.669384
74.055 -0.00533454 0.0132619 0.175709 -1.92972 -6.31229 -8.1974 -7.38232 -6.32342 -5.59977 -5.14864 -4.67064 -4.24913 -3.88769 -3.54076 -3.19122 -2.82544 -2.4537 -2.10584 -1.78099 -1.49398 -1.24066 -0.961492 -0.669548
74.105 -0.00577144 0.0126114 0.174843 -1.93045 -6.31274 -8.19781 -7.38276 -6.3239 -5.60026 -5.14914 -4.67114 -4.24962 -3.88817 -3.54122 -3.19166 -2.82585 -2.45408 -2.1062 -1.78132 -1.49427 -1.24091 -0.961701 -0.669712
74.155 -0.00620765 0.0119619 0.173978 -1.93117 -6.31318 -8.19822 -7.38321 -6.32438 -5.60076 -5.14964 -4.67164 -4.25011 -3.88864 -3.54167 -3.19209 -2.82626 -2.45447 -2.10655 -1.78164 -1.49456 -1.24116 -0.961909 -0.669875
74.205 -0.00664318 0.0113134 0.173115 -1.9319 -6.31362 -8.19863 -7.38365 -6.32486 -5.60125 -5.15014 -4.67213 -4.2506 -3.88912 -3.54213 -3.19252 -2.82667 -2.45485 -2.10691 -1.78196 -1.49485 -1.24141 -0.962118 -0.670038
74.255 -0.00707801 0.0106659 0.172253 -1.93262 -6.31405 -8.19904 -7.3841 -6.32533 -5.60175 -5.15063 -4.67263 -4.25108 -3.88959 -3.54258 -3.19295 -2.82708 -2.45523 -2.10726 -1.78229 -1.49514 -1.24166 -0.962325 -0.670201
74.305 -0.00751217 0.0100194 0.171393 -1.93334 -6.31449 -8.19945 -7.38454 -6.32581 -5.60224 -5.15113 -4.67312 -4.25157 -3.89006 -3.54303 -3.19338 -2.82748 -2.45561 -2.10762 -1.78261 -1.49543 -1.24191 -0.962533 -0.670363
74.355 -0.00794563 0.00937399 0.170533 -1.93406 -6.31493 -8.19986 -7.38498 -6.32629 -5.60274 -5.15163 -4.67362 -4.25206 -3.89053 -3.54348 -3.19381 -2.82789 -2.45599 -2.10797 -1.78293 -1.49571 -1.24216 -0.96274 -0.670525
74.405 -0.00837842 0.00872956 0.169676 -1.93478 -6.31537 -8.20027 -7.38543 -6.32676 -5.60323 -5.15212 -4.67411 -4.25254 -3.891 -3.54393 -3.19424 -2.82829 -2.45637 -2.10832 -1.78325 -1.496 -1.24241 -0.962946 -0.670687
74.455 -0.00881052 0.00808614 0.168819 -1.9355 -6.3158 -8.20068 -7.38587 -6.32723 -5.60372 -5.15262 -4.6746 -4.25302 -3.89147 -3.54438 -3.19467 -2.8287 -2.45675 -2.10867 -1.78357 -1.49629 -1.24265 -0.963152 -0.670848
74.505 -0.00924194 0.00744372 0.167964 -1.93621 -6.31624 -8.20108 -7.38631 -6.32771 -5.60421 -5.15311 -4.6751 -4.25351 -3.89194 -3.54483 -3.19509 -2.8291 -2.45713 -2.10902 -1.78389 -1.49657 -1.2429 -0.963358 -0.671009
74.555 -0.00967268 0.00680231 0.16711 -1.93693 -6.31667 -8.20149 -7.38675 -6.32818 -5.6047 -5.1536 -4.67559 -4.25399 -3.8924 -3.54528 -3.19552 -2.8295 -2.45751 -2.10937 -1.78421 -1.49686 -1.24315 -0.963563 -0.671169
74.605 -0.0101027 0.00616191 0.166257 -1.93764 -6.31711 -8.2019 -7.38719 -6.32865 -5.60519 -5.15409 -4.67608 -4.25447 -3.89287 -3.54573 -3.19595 -2.82991 -2.45788 -2.10972 -1.78453 -1.49714 -1.24339 -0.963768 -0.67133
74.655 -0.0105321 0.00552251 0.165406 -1.93836 -6.31754 -8.2023 -7.38763 -6.32912 -5.60568 -5.15459 -4.67657 -4.25495 -3.89334 -3.54617 -3.19637 -2.83031 -2.45826 -2.11007 -1.78485 -1.49743 -1.24364 -0.963973 -0.671489
74.705 -0.0109608 0.00488412 0.164556 -1.93907 -6.31797 -8.20271 -7.38806 -6.32959 -5.60616 -5.15508 -4.67706 -4.25543 -3.8938 -3.54662 -3.19679 -2.83071 -2.45864 -2.11042 -1.78517 -1.49771 -1.24388 -0.964177 -0.671649
74.755 -0.0113889 0.00424672 0.163708 -1.93978 -6.3184 -8.20311 -7.3885 -6.33006 -5.60665 -5.15557 -4.67754 -4.25591 -3.89427 -3.54706 -3.19722 -2.83111 -2.45901 -2.11077 -1.78549 -1.49799 -1.24412 -0.96438 -0.671808
74.805 -0.0118162 0.00361033 0.162861 -1.94049 -6.31884 -8.20352 -7.38894 -6.33053 -5.60714 -5.15605 -4.67803 -4.25639 -3.89473 -3.54751 -3.19764 -2.83151 -2.45939 -2.11111 -1.7858 -1.49827 -1.24437 -0.964583 -0.671967
74.855 -0.0122429 0.00297493 0.162015 -1.9412 -6.31927 -8.20392 -7.38937 -6.331 -5.60762 -5.15654 -4.67852 -4.25687 -3.89519 -3.54795 -3.19806 -2.8319 -2.45976 -2.11146 -1.78612 -1.49855 -1.24461 -0.964786 -0.672126
74.905 -0.0126689 0.00234053 0.16117 -1.94191 -6.3197 -8.20432 -7.38981 -6.33147 -5.6081 -5.15703 -4.679 -4.25734 -3.89565 -3.54839 -3.19848 -2.8323 -2.46013 -2.1118 -1.78643 -1.49884 -1.24485 -0.964988 -0.672284
74.955 -0.0130942 0.00170712 0.160327 -1.94261 -6.32013 -8.20472 -7.39024 -6.33193 -5.60859 -5.15752 -4.67949 -4.25782 -3.89612 -3.54884 -3.1989 -2.8327 -2.4605 -2.11215 -1.78675 -1.49912 -1.24509 -0.96519 -0.672442
75.005 -0.0135189 0.00107471 0.159485 -1.94332 -6.32055 -8.20512 -7.39068 -6.3324 -5.60907 -5.158 -4.67997 -4.2583 -3.89658 -3.54928 -3.19932 -2.8331 -2.46088 -2.11249 -1.78706 -1.4994 -1.24534 -0.965392 -0.672599
75.055 -0.0139429 0.000443288 0.158644 -1.94403 -6.32098 -8.20552 -7.39111 -6.33286 -5.60955 -5.15849 -4.68045 -4.25877 -3.89703 -3.54972 -3.19974 -2.83349 -2.46125 -2.11284 -1.78737 -1.49968 -1.24558 -0.965593 -0.672757
75.105 -0.0143662 -0.000187143 0.157805 -1.94473 -6.32141 -8.20592 -7.39154 -6.33333 -5.61003 -5.15897 -4.68094 -4.25924 -3.89749 -3.55016 -3.20016 -2.83389 -2.46162 -2.11318 -1.78769 -1.49995 -1.24582 -0.965794 -0.672913
75.155 -0.0147889 -0.000816585 0.156967 -1.94543 -6.32184 -8.20632 -7.39197 -6.33379 -5.61051 -5.15945 -4.68142 -4.25972 -3.89795 -3.5506 -3.20058 -2.83428 -2.46199 -2.11352 -1.788 -1.50023 -1.24606 -0.965994 -0.67307
75.205 -0.0152109 -0.00144504 0.15613 -1.94613 -6.32226 -8.20672 -7.3924 -6.33425 -5.61099 -5.15994 -4.6819 -4.26019 -3.89841 -3.55104 -3.20099 -2.83467 -2.46236 -2.11386 -1.78831 -1.50051 -1.2463 -0.966194 -0.673226
75.255 -0.0156322 -0.00207251 0.155294 -1.94683 -6.32269 -8.20712 -7.39283 -6.33472 -5.61147 -5.16042 -4.68238 -4.26066 -3.89887 -3.55147 -3.20141 -2.83507 -2.46272 -2.1142 -1.78862 -1.50079 -1.24654 -0.966393 -0.673382
75.305 -0.0160528 -0.00269899 0.15446 -1.94753 -6.32311 -8.20752 -7.39326 -6.33518 -5.61195 -5.1609 -4.68286 -4.26113 -3.89932 -3.55191 -3.20182 -2.83546 -2.46309 -2.11454 -1.78893 -1.50106 -1.24677 -0.966592 -0.673538
75.355 -0.0164728 -0.00332449 0.153627 -1.94823 -6.32354 -8.20791 -7.39369 -6.33564 -5.61243 -5.16138 -4.68334 -4.2616 -3.89978 -3.55235 -3.20224 -2.83585 -2.46346 -2.11488 -1.78924 -1.50134 -1.24701 -0.966791 -0.673693
75.405 -0.0168922 -0.00394902 0.152796 -1.94893 -6.32396 -8.20831 -7.39412 -6.3361 -5.6129 -5.16186 -4.68381 -4.26207 -3.90023 -3.55278 -3.20265 -2.83624 -2.46382 -2.11522 -1.78955 -1.50162 -1.24725 -0.966989 -0.673848
75.455 -0.0173108 -0.00457256 0.151966 -1.94962 -6.32438 -8.2087 -7.39455 -6.33656 -5.61338 -5.16234 -4.68429 -4.26254 -3.90068 -3.55322 -3.20307 -2.83663 -2.46419 -2.11556 -1.78986 -1.50189 -1.24749 -0.967186 -0.674002
75.505 -0.0177289 -0.00519512 0.151137 -1.95032 -6.32481 -8.2091 -7.39497 -6.33702 -5.61386 -5.16281 -4.68477 -4.26301 -3.90114 -3.55365 -3.20348 -2.83702 -2.46455 -2.1159 -1.79017 -1.50217 -1.24772 -0.967384 -0.674157
75.555 -0.0181462 -0.0058167 0.150309 -1.95101 -6.32523 -8.20949 -7.3954 -6.33747 -5.61433 -5.16329 -4.68524 -4.26347 -3.90159 -3.55408 -3.20389 -2.83741 -2.46492 -2.11624 -1.79048 -1.50244 -1.24796 -0.967581 -0.674311
75.605 -0.0185629 -0.00643732 0.149483 -1.9517 -6.32565 -8.20989 -7.39583 -6.33793 -5.6148 -5.16377 -4.68572 -4.26394 -3.90204 -3.55451 -3.2043 -2.83779 -2.46528 -2.11657 -1.79078 -1.50271 -1.2482 -0.967777 -0.674464
75.655 -0.0189789 -0.00705695 0.148658 -1.9524 -6.32607 -8.21028 -7.39625 -6.33839 -5.61528 -5.16424 -4.68619 -4.2644 -3.90249 -3.55495 -3.20471 -2.83818 -2.46564 -2.11691 -1.79109 -1.50299 -1.24843 -0.967973 -0.674618
75.705 -0.0193943 -0.00767562 0.147834 -1.95309 -6.32649 -8.21067 -7.39668 -6.33884 -5.61575 -5.16472 -4.68666 -4.26487 -3.90294 -3.55538 -3.20512 -2.83857 -2.46601 -2.11724 -1.7914 -1.50326 -1.24867 -0.968169 -0.674771
75.755 -0.019809 -0.00829331 0.147011 -1.95378 -6.32691 -8.21106 -7.3971 -6.3393 -5.61622 -5.16519 -4.68713 -4.26533 -3.90339 -3.55581 -3.20553 -2.83895 -2.46637 -2.11758 -1.7917 -1.50353 -1.2489 -0.968365 -0.674923
75.805 -0.0202231 -0.00891004 0.14619 -1.95447 -6.32732 -8.21146 -7.39752 -6.33975 -5.61669 -5.16567 -4.68761 -4.26579 -3.90384 -3.55624 -3.20594 -2.83934 -2.46673 -2.11791 -1.792 -1.5038 -1.24913 -0.96856 -0.675076
75.855 -0.0206365 -0.00952579 0.14537 -1.95515 -6.32774 -8.21185 -7.39794 -6.34021 -5.61716 -5.16614 -4.68808 -4.26626 -3.90428 -3.55666 -3.20634 -2.83972 -2.46709 -2.11824 -1.79231 -1.50407 -1.24937 -0.968754 -0.675228
75.905 -0.0210493 -0.0101406 0.144551 -1.95584 -6.32816 -8.21224 -7.39837 -6.34066 -5.61763 -5.16661 -4.68855 -4.26672 -3.90473 -3.55709 -3.20675 -2.84011 -2.46745 -2.11858 -1.79261 -1.50434 -1.2496 -0.968948 -0.675379
75.955 -0.0214614 -0.0107544 0.143734 -1.95652 -6.32857 -8.21262 -7.39879 -6.34111 -5.6181 -5.16708 -4.68901 -4.26718 -3.90517 -3.55752 -3.20715 -2.84049 -2.46781 -2.11891 -1.79291 -1.50461 -1.24983 -0.969142 -0.675531
76.005 -0.0218729 -0.0113673 0.142918 -1.95721 -6.32899 -8.21301 -7.39921 -6.34156 -5.61856 -5.16755 -4.68948 -4.26764 -3.90562 -3.55794 -3.20756 -2.84087 -2.46816 -2.11924 -1.79322 -1.50488 -1.25006 -0.969335 -0.675682
76.055 -0.0222837 -0.0119792 0.142103 -1.95789 -6.3294 -8.2134 -7.39963 -6.34201 -5.61903 -5.16802 -4.68995 -4.2681 -3.90606 -3.55837 -3.20796 -2.84125 -2.46852 -2.11957 -1.79352 -1.50515 -1.2503 -0.969528 -0.675832
76.105 -0.0226938 -0.0125901 0.141289 -1.95857 -6.32982 -8.21379 -7.40005 -6.34246 -5.6195 -5.16849 -4.69042 -4.26855 -3.90651 -3.5588 -3.20837 -2.84163 -2.46888 -2.1199 -1.79382 -1.50542 -1.25053 -0.969721 -0.675983
76.155 -0.0231034 -0.0132001 0.140477 -1.95925 -6.33023 -8.21418 -7.40046 -6.34291 -5.61996 -5.16896 -4.69088 -4.26901 -3.90695 -3.55922 -3.20877 -2.84201 -2.46924 -2.12023 -1.79412 -1.50568 -1.25076 -0.969913 -0.676133
76.205 -0.0235122 -0.0138091 0.139666 -1.95993 -6.33065 -8.21456 -7.40088 -6.34336 -5.62043 -5.16942 -4.69135 -4.26947 -3.90739 -3.55964 -3.20917 -2.84239 -2.46959 -2.12056 -1.79442 -1.50595 -1.25099 -0.970105 -0.676283
76.255 -0.0239204 -0.0144172 0.138856 -1.96061 -6.33106 -8.21495 -7.4013 -6.34381 -5.62089 -5.16989 -4.69181 -4.26992 -3.90783 -3.56007 -3.20957 -2.84277 -2.46995 -2.12089 -1.79472 -1.50622 -1.25122 -0.970296 -0.676432
76.305 -0.024328 -0.0150243 0.138048 -1.96129 -6.33147 -8.21533 -7.40172 -6.34425 -5.62135 -5.17036 -4.69228 -4.27038 -3.90827 -3.56049 -3.20997 -2.84315 -2.4703 -2.12122 -1.79502 -1.50648 -1.25145 -0.970487 -0.676581
76.355 -0.024735 -0.0156304 0.13724 -1.96197 -6.33188 -8.21572 -7.40213 -6.3447 -5.62182 -5.17082 -4.69274 -4.27083 -3.90871 -3.56091 -3.21037 -2.84353 -2.47065 -2.12154 -1.79532 -1.50675 -1.25168 -0.970678 -0.67673
76.405 -0.0251413 -0.0162357 0.136434 -1.96264 -6.33229 -8.2161 -7.40255 -6.34515 -5.62228 -5.17128 -4.6932 -4.27129 -3.90915 -3.56133 -3.21077 -2.8439 -2.47101 -2.12187 -1.79561 -1.50701 -1.2519 -0.970868 -0.676879
76.455 -0.0255469 -0.0168399 0.13563 -1.96332 -6.3327 -8.21648 -7.40296 -6.34559 -5.62274 -5.17175 -4.69366 -4.27174 -3.90959 -3.56175 -3.21117 -2.84428 -2.47136 -2.1222 -1.79591 -1.50728 -1.25213 -0.971057 -0.677027
76.505 -0.0259519 -0.0174432 0.134826 -1.96399 -6.33311 -8.21687 -7.40337 -6.34604 -5.6232 -5.17221 -4.69412 -4.27219 -3.91003 -3.56217 -3.21157 -2.84466 -2.47171 -2.12252 -1.79621 -1.50754 -1.25236 -0.971247 -0.677175
76.555 -0.0263563 -0.0180456 0.134024 -1.96466 -6.33352 -8.21725 -7.40379 -6.34648 -5.62366 -5.17267 -4.69458 -4.27264 -3.91046 -3.56259 -3.21197 -2.84503 -2.47206 -2.12285 -1.7965 -1.50781 -1.25259 -0.971436 -0.677322
76.605 -0.02676 -0.018647 0.133223 -1.96534 -6.33393 -8.21763 -7.4042 -6.34692 -5.62412 -5.17313 -4.69504 -4.27309 -3.9109 -3.563 -3.21236 -2.84541 -2.47241 -2.12317 -1.7968 -1.50807 -1.25281 -0.971625 -0.67747
76.655 -0.0271631 -0.0192475 0.132423 -1.96601 -6.33433 -8.21801 -7.40461 -6.34736 -5.62458 -5.17359 -4.6955 -4.27354 -3.91134 -3.56342 -3.21276 -2.84578 -2.47276 -2.12349 -1.79709 -1.50833 -1.25304 -0.971813 -0.677617
76.705 -0.0275656 -0.019847 0.131624 -1.96668 -6.33474 -8.21839 -7.40502 -6.34781 -5.62503 -5.17405 -4.69596 -4.27399 -3.91177 -3.56384 -3.21315 -2.84615 -2.47311 -2.12382 -1.79739 -1.50859 -1.25326 -0.972001 -0.677763
76.755 -0.0279674 -0.0204456 0.130827 -1.96734 -6.33515 -8.21877 -7.40543 -6.34825 -5.62549 -5.17451 -4.69642 -4.27444 -3.9122 -3.56425 -3.21355 -2.84652 -2.47346 -2.12414 -1.79768 -1.50885 -1.25349 -0.972188 -0.67791
76.805 -0.0283686 -0.0210432 0.130031 -1.96801 -6.33555 -8.21915 -7.40584 -6.34869 -5.62594 -5.17497 -4.69687 -4.27489 -3.91264 -3.56467 -3.21394 -2.84689 -2.47381 -2.12446 -1.79797 -1.50911 -1.25371 -0.972375 -0.678056
76.855 -0.0287692 -0.02164 0.129236 -1.96868 -6.33596 -8.21953 -7.40625 -6.34913 -5.6264 -5.17543 -4.69733 -4.27534 -3.91307 -3.56508 -3.21434 -2.84727 -2.47415 -2.12478 -1.79827 -1.50938 -1.25394 -0.972562 -0.678201
76.905 -0.0291691 -0.0222357 0.128443 -1.96934 -6.33636 -8.21991 -7.40666 -6.34956 -5.62685 -5.17589 -4.69778 -4.27578 -3.9135 -3.56549 -3.21473 -2.84764 -2.4745 -2.1251 -1.79856 -1.50963 -1.25416 -0.972748 -0.678347
76.955 -0.0295684 -0.0228306 0.127651 -1.97001 -6.33676 -8.22028 -7.40707 -6.35 -5.62731 -5.17634 -4.69824 -4.27623 -3.91393 -3.56591 -3.21512 -2.848 -2.47484 -2.12542 -1.79885 -1.50989 -1.25438 -0.972934 -0.678492
77.005 -0.029967 -0.0234245 0.12686 -1.97067 -6.33717 -8.22066 -7.40748 -6.35044 -5.62776 -5.1768 -4.69869 -4.27667 -3.91436 -3.56632 -3.21551 -2.84837 -2.47519 -2.12574 -1.79914 -1.51015 -1.25461 -0.97312 -0.678637
77.055 -0.0303651 -0.0240174 0.12607 -1.97133 -6.33757 -8.22104 -7.40788 -6.35088 -5.62821 -5.17725 -4.69914 -4.27712 -3.91479 -3.56673 -3.2159 -2.84874 -2.47553 -2.12606 -1.79943 -1.51041 -1.25483 -0.973305 -0.678781
77.105 -0.0307625 -0.0246095 0.125281 -1.97199 -6.33797 -8.22141 -7.40829 -6.35131 -5.62866 -5.1777 -4.69959 -4.27756 -3.91522 -3.56714 -3.21629 -2.84911 -2.47588 -2.12638 -1.79972 -1.51067 -1.25505 -0.97349 -0.678926
77.155 -0.0311593 -0.0252006 0.124494 -1.97265 -6.33837 -8.22179 -7.40869 -6.35175 -5.62911 -5.17816 -4.70004 -4.278 -3.91565 -3.56755 -3.21668 -2.84948 -2.47622 -2.12669 -1.80001 -1.51093 -1.25527 -0.973674 -0.679069
77.205 -0.0315554 -0.0257908 0.123708 -1.97331 -6.33877 -8.22216 -7.4091 -6.35218 -5.62956 -5.17861 -4.70049 -4.27844 -3.91608 -3.56796 -3.21707 -2.84984 -2.47656 -2.12701 -1.8003 -1.51118 -1.25549 -0.973858 -0.679213
77.255 -0.0319509 -0.02638 0.122923 -1.97397 -6.33917 -8.22253 -7.4095 -6.35262 -5.63001 -5.17906 -4.70094 -4.27888 -3.9165 -3.56837 -3.21745 -2.85021 -2.47691 -2.12733 -1.80059 -1.51144 -1.25571 -0.974042 -0.679356
77.305 -0.0323458 -0.0269683 0.122139 -1.97463 -6.33957 -8.22291 -7.40991 -6.35305 -5.63046 -5.17951 -4.70139 -4.27932 -3.91693 -3.56877 -3.21784 -2.85057 -2.47725 -2.12764 -1.80087 -1.51169 -1.25593 -0.974225 -0.679499
77.355 -0.0327401 -0.0275557 0.121357 -1.97528 -6.33997 -8.22328 -7.41031 -6.35348 -5.63091 -5.17996 -4.70184 -4.27976 -3.91735 -3.56918 -3.21823 -2.85094 -2.47759 -2.12796 -1.80116 -1.51195 -1.25615 -0.974408 -0.679642
77.405 -0.0331338 -0.0281422 0.120575 -1.97594 -6.34036 -8.22365 -7.41071 -6.35391 -5.63136 -5.18041 -4.70229 -4.2802 -3.91778 -3.56959 -3.21861 -2.8513 -2.47793 -2.12827 -1.80145 -1.5122 -1.25637 -0.97459 -0.679785
77.455 -0.0335268 -0.0287278 0.119795 -1.97659 -6.34076 -8.22402 -7.41111 -6.35434 -5.6318 -5.18086 -4.70273 -4.28064 -3.9182 -3.56999 -3.219 -2.85166 -2.47827 -2.12859 -1.80173 -1.51246 -1.25659 -0.974773 -0.679927
77.505 -0.0339192 -0.0293124 0.119016 -1.97725 -6.34116 -8.22439 -7.41151 -6.35477 -5.63225 -5.18131 -4.70318 -4.28108 -3.91862 -3.5704 -3.21938 -2.85202 -2.47861 -2.1289 -1.80202 -1.51271 -1.25681 -0.974954 -0.680069
77.555 -0.034311 -0.0298961 0.118239 -1.9779 -6.34155 -8.22477 -7.41191 -6.3552 -5.63269 -5.18176 -4.70362 -4.28152 -3.91905 -3.5708 -3.21977 -2.85239 -2.47895 -2.12921 -1.8023 -1.51297 -1.25703 -0.975136 -0.68021
77.605 -0.0347022 -0.0304789 0.117462 -1.97855 -6.34195 -8.22513 -7.41231 -6.35563 -5.63314 -5.1822 -4.70407 -4.28195 -3.91947 -3.5712 -3.22015 -2.85275 -2.47928 -2.12952 -1.80259 -1.51322 -1.25725 -0.975317 -0.680351
77.655 -0.0350927 -0.0310608 0.116687 -1.9792 -6.34234 -8.2255 -7.41271 -6.35606 -5.63358 -5.18265 -4.70451 -4.28239 -3.91989 -3.57161 -3.22053 -2.85311 -2.47962 -2.12984 -1.80287 -1.51347 -1.25746 -0.975498 -0.680492
77.705 -0.0354827 -0.0316418 0.115913 -1.97985 -6.34274 -8.22587 -7.41311 -6.35649 -5.63403 -5.18309 -4.70496 -4.28282 -3.92031 -3.57201 -3.22091 -2.85347 -2.47996 -2.13015 -1.80315 -1.51372 -1.25768 -0.975678 -0.680633
77.755 -0.035872 -0.0322218 0.115141 -1.98049 -6.34313 -8.22624 -7.41351 -6.35692 -5.63447 -5.18354 -4.7054 -4.28325 -3.92073 -3.57241 -3.22129 -2.85383 -2.48029 -2.13046 -1.80344 -1.51397 -1.2579 -0.975858 -0.680773
77.805 -0.0362607 -0.032801 0.114369 -1.98114 -6.34352 -8.22661 -7.41391 -6.35734 -5.63491 -5.18398 -4.70584 -4.28369 -3.92115 -3.57281 -3.22167 -2.85418 -2.48063 -2.13077 -1.80372 -1.51422 -1.25811 -0.976037 -0.680913
77.855 -0.0366488 -0.0333792 0.113599 -1.98179 -6.34392 -8.22697 -7.4143 -6.35777 -5.63535 -5.18442 -4.70628 -4.28412 -3.92156 -3.57321 -3.22205 -2.85454 -2.48096 -2.13108 -1.804 -1.51447 -1.25833 -0.976217 -0.681053
77.905 -0.0370362 -0.0339565 0.11283 -1.98243 -6.34431 -8.22734 -7.4147 -6.35819 -5.63579 -5.18487 -4.70672 -4.28455 -3.92198 -3.57361 -3.22243 -2.8549 -2.4813 -2.13138 -1.80428 -1.51472 -1.25854 -0.976395 -0.681193
77.955 -0.0374231 -0.0345329 0.112062 -1.98308 -6.3447 -8.22771 -7.41509 -6.35862 -5.63623 -5.18531 -4.70716 -4.28498 -3.9224 -3.57401 -3.22281 -2.85525 -2.48163 -2.13169 -1.80456 -1.51497 -1.25876 -0.976574 -0.681332
78.005 -0.0378094 -0.0351085 0.111295 -1.98372 -6.34509 -8.22807 -7.41549 -6.35904 -5.63667 -5.18575 -4.7076 -4.28541 -3.92281 -3.57441 -3.22319 -2.85561 -2.48196 -2.132 -1.80484 -1.51522 -1.25897 -0.976752 -0.681471
78.055 -0.038195 -0.0356831 0.110529 -1.98436 -6.34548 -8.22844 -7.41588 -6.35946 -5.63711 -5.18619 -4.70803 -4.28584 -3.92323 -3.5748 -3.22356 -2.85597 -2.48229 -2.13231 -1.80512 -1.51547 -1.25918 -0.97693 -0.681609
78.105 -0.03858 -0.0362568 0.109765 -1.985 -6.34587 -8.2288 -7.41628 -6.35989 -5.63754 -5.18663 -4.70847 -4.28627 -3.92364 -3.5752 -3.22394 -2.85632 -2.48263 -2.13261 -1.8054 -1.51572 -1.2594 -0.977107 -0.681748
78.155 -0.0389645 -0.0368296 0.109002 -1.98564 -6.34626 -8.22916 -7.41667 -6.36031 -5.63798 -5.18707 -4.70891 -4.2867 -3.92406 -3.5756 -3.22431 -2.85667 -2.48296 -2.13292 -1.80568 -1.51597 -1.25961 -0.977284 -0.681886
78.205 -0.0393483 -0.0374015 0.10824 -1.98628 -6.34664 -8.22953 -7.41706 -6.36073 -5.63841 -5.1875 -4.70934 -4.28712 -3.92447 -3.57599 -3.22469 -2.85703 -2.48329 -2.13322 -1.80595 -1.51621 -1.25982 -0.977461 -0.682023
78.255 -0.0397315 -0.0379725 0.107479 -1.98692 -6.34703 -8.22989 -7.41745 -6.36115 -5.63885 -5.18794 -4.70978 -4.28755 -3.92488 -3.57638 -3.22506 -2.85738 -2.48362 -2.13353 -1.80623 -1.51646 -1.26003 -0.977637 -0.682161
78.305 -0.0401141 -0.0385426 0.10672 -1.98756 -6.34742 -8.23025 -7.41784 -6.36157 -5.63928 -5.18838 -4.71021 -4.28798 -3.92529 -3.57678 -3.22544 -2.85773 -2.48395 -2.13383 -1.80651 -1.51671 -1.26025 -0.977813 -0.682298
78.355 -0.0404961 -0.0391118 0.105961 -1.98819 -6.3478 -8.23061 -7.41823 -6.36199 -5.63972 -5.18881 -4.71065 -4.2884 -3.9257 -3.57717 -3.22581 -2.85808 -2.48427 -2.13414 -1.80678 -1.51695 -1.26046 -0.977989 -0.682435
78.405 -0.0408775 -0.0396801 0.105204 -1.98883 -6.34819 -8.23097 -7.41862 -6.36241 -5.64015 -5.18925 -4.71108 -4.28883 -3.92611 -3.57756 -3.22618 -2.85843 -2.4846 -2.13444 -1.80706 -1.5172 -1.26067 -0.978164 -0.682572
78.455 -0.0412583 -0.0402475 0.104448 -1.98946 -6.34858 -8.23133 -7.41901 -6.36282 -5.64058 -5.18968 -4.71151 -4.28925 -3.92652 -3.57796 -3.22655 -2.85878 -2.48493 -2.13474 -1.80734 -1.51744 -1.26088 -0.978339 -0.682708
78.505 -0.0416385 -0.040814 0.103693 -1.99009 -6.34896 -8.23169 -7.4194 -6.36324 -5.64102 -5.19012 -4.71194 -4.28967 -3.92693 -3.57835 -3.22692 -2.85913 -2.48526 -2.13504 -1.80761 -1.51768 -1.26109 -0.978513 -0.682844
78.555 -0.0420181 -0.0413796 0.10294 -1.99072 -6.34934 -8.23205 -7.41979 -6.36366 -5.64145 -5.19055 -4.71237 -4.2901 -3.92734 -3.57874 -3.22729 -2.85948 -2.48558 -2.13534 -1.80788 -1.51793 -1.2613 -0.978688 -0.68298
78.605 -0.0423971 -0.0419444 0.102187 -1.99136 -6.34973 -8.23241 -7.42018 -6.36407 -5.64188 -5.19098 -4.7128 -4.29052 -3.92775 -3.57913 -3.22766 -2.85983 -2.48591 -2.13564 -1.80816 -1.51817 -1.26151 -0.978861 -0.683115
78.655 -0.0427754 -0.0425082 0.101436 -1.99199 -6.35011 -8.23277 -7.42056 -6.36449 -5.64231 -5.19141 -4.71323 -4.29094 -3.92815 -3.57952 -3.22803 -2.86018 -2.48623 -2.13594 -1.80843 -1.51841 -1.26171 -0.979035 -0.68325
78.705 -0.0431532 -0.0430712 0.100686 -1.99261 -6.35049 -8.23312 -7.42095 -6.3649 -5.64274 -5.19184 -4.71366 -4.29136 -3.92856 -3.5799 -3.2284 -2.86052 -2.48656 -2.13624 -1.8087 -1.51866 -1.26192 -0.979208 -0.683385
78.755 -0.0435304 -0.0436333 0.0999368 -1.99324 -6.35087 -8.23348 -7.42133 -6.36531 -5.64316 -5.19227 -4.71409 -4.29178 -3.92897 -3.58029 -3.22877 -2.86087 -2.48688 -2.13654 -1.80898 -1.5189 -1.26213 -0.979381 -0.68352
78.805 -0.043907 -0.0441945 0.099189 -1.99387 -6.35125 -8.23383 -7.42172 -6.36573 -5.64359 -5.1927 -4.71452 -4.2922 -3.92937 -3.58068 -3.22914 -2.86122 -2.4872 -2.13684 -1.80925 -1.51914 -1.26234 -0.979553 -0.683654
78.855 -0.044283 -0.0447548 0.0984424 -1.9945 -6.35163 -8.23419 -7.4221 -6.36614 -5.64402 -5.19313 -4.71494 -4.29261 -3.92977 -3.58106 -3.2295 -2.86156 -2.48753 -2.13714 -1.80952 -1.51938 -1.26255 -0.979725 -0.683788
78.905 -0.0446584 -0.0453142 0.0976969 -1.99512 -6.35201 -8.23455 -7.42249 -6.36655 -5.64444 -5.19356 -4.71537 -4.29303 -3.93018 -3.58145 -3.22987 -2.8619 -2.48785 -2.13744 -1.80979 -1.51962 -1.26275 -0.979897 -0.683922
78.955 -0.0450333 -0.0458728 0.0969526 -1.99574 -6.35239 -8.2349 -7.42287 -6.36696 -5.64487 -5.19399 -4.71579 -4.29345 -3.93058 -3.58184 -3.23023 -2.86225 -2.48817 -2.13773 -1.81006 -1.51986 -1.26296 -0.980068 -0.684056
79.005 -0.0454075 -0.0464304 0.0962095 -1.99637 -6.35277 -8.23525 -7.42325 -6.36737 -5.64529 -5.19441 -4.71622 -4.29386 -3.93098 -3.58222 -3.2306 -2.86259 -2.48849 -2.13803 -1.81033 -1.5201 -1.26316 -0.980239 -0.684189
79.055 -0.0457811 -0.0469872 0.0954676 -1.99699 -6.35315 -8.23561 -7.42363 -6.36778 -5.64572 -5.19484 -4.71664 -4.29428 -3.93138 -3.5826 -3.23096 -2.86293 -2.48881 -2.13832 -1.8106 -1.52034 -1.26337 -0.98041 -0.684322
79.105 -0.0461541 -0.0475432 0.0947268 -1.99761 -6.35352 -8.23596 -7.42402 -6.36819 -5.64614 -5.19526 -4.71706 -4.29469 -3.93178 -3.58299 -3.23132 -2.86328 -2.48913 -2.13862 -1.81086 -1.52058 -1.26357 -0.98058 -0.684455
79.155 -0.0465266 -0.0480982 0.0939871 -1.99823 -6.3539 -8.23631 -7.4244 -6.3686 -5.64656 -5.19569 -4.71749 -4.29511 -3.93218 -3.58337 -3.23169 -2.86362 -2.48945 -2.13891 -1.81113 -1.52081 -1.26378 -0.98075 -0.684587
79.205 -0.0468985 -0.0486524 0.0932487 -1.99885 -6.35428 -8.23666 -7.42478 -6.36901 -5.64699 -5.19611 -4.71791 -4.29552 -3.93258 -3.58375 -3.23205 -2.86396 -2.48977 -2.13921 -1.8114 -1.52105 -1.26398 -0.98092 -0.684719
79.255 -0.0472697 -0.0492057 0.0925114 -1.99947 -6.35465 -8.23701 -7.42516 -6.36942 -5.64741 -5.19654 -4.71833 -4.29593 -3.93298 -3.58413 -3.23241 -2.8643 -2.49009 -2.1395 -1.81167 -1.52129 -1.26419 -0.981089 -0.684851
79.305 -0.0476404 -0.0497581 0.0917752 -2.00009 -6.35503 -8.23736 -7.42553 -6.36982 -5.64783 -5.19696 -4.71875 -4.29635 -3.93338 -3.58451 -3.23277 -2.86464 -2.4904 -2.13979 -1.81193 -1.52152 -1.26439 -0.981258 -0.684983
79.355 -0.0480105 -0.0503096 0.0910402 -2.0007 -6.3554 -8.23771 -7.42591 -6.37023 -5.64825 -5.19738 -4.71917 -4.29676 -3.93378 -3.58489 -3.23313 -2.86498 -2.49072 -2.14009 -1.8122 -1.52176 -1.26459 -0.981427 -0.685114
79.405 -0.04838 -0.0508603 0.0903063 -2.00132 -6.35577 -8.23806 -7.42629 -6.37063 -5.64867 -5.1978 -4.71959 -4.29717 -3.93417 -3.58527 -3.23349 -2.86532 -2.49104 -2.14038 -1.81246 -1.522 -1.26479 -0.981595 -0.685245
79.455 -0.0487489 -0.0514102 0.0895736 -2.00193 -6.35615 -8.23841 -7.42667 -6.37104 -5.64909 -5.19822 -4.72001 -4.29758 -3.93457 -3.58565 -3.23385 -2.86565 -2.49135 -2.14067 -1.81273 -1.52223 -1.265 -0.981763 -0.685376
79.505 -0.0491173 -0.0519591 0.088842 -2.00254 -6.35652 -8.23876 -7.42704 -6.37144 -5.6495 -5.19864 -4.72042 -4.29799 -3.93496 -3.58603 -3.23421 -2.86599 -2.49167 -2.14096 -1.81299 -1.52247 -1.2652 -0.98193 -0.685506
79.555 -0.0494851 -0.0525072 0.0881116 -2.00316 -6.35689 -8.23911 -7.42742 -6.37185 -5.64992 -5.19906 -4.72084 -4.29839 -3.93536 -3.5864 -3.23456 -2.86633 -2.49198 -2.14125 -1.81326 -1.5227 -1.2654 -0.982098 -0.685636
79.605 -0.0498522 -0.0530544 0.0873823 -2.00377 -6.35726 -8.23946 -7.42779 -6.37225 -5.65034 -5.19948 -4.72126 -4.2988 -3.93575 -3.58678 -3.23492 -2.86666 -2.49229 -2.14154 -1.81352 -1.52293 -1.2656 -0.982264 -0.685766
79.655 -0.0502188 -0.0536008 0.0866542 -2.00438 -6.35763 -8.2398 -7.42817 -6.37265 -5.65076 -5.1999 -4.72167 -4.29921 -3.93615 -3.58716 -3.23528 -2.867 -2.49261 -2.14183 -1.81378 -1.52317 -1.2658 -0.982431 -0.685896
79.705 -0.0505848 -0.0541463 0.0859272 -2.00499 -6.358 -8.24015 -7.42854 -6.37305 -5.65117 -5.20032 -4.72209 -4.29962 -3.93654 -3.58753 -3.23563 -2.86733 -2.49292 -2.14212 -1.81405 -1.5234 -1.266 -0.982597 -0.686025
79.755 -0.0509503 -0.0546909 0.0852013 -2.0056 -6.35837 -8.24049 -7.42892 -6.37345 -5.65159 -5.20073 -4.7225 -4.30002 -3.93693 -3.58791 -3.23599 -2.86767 -2.49323 -2.14241 -1.81431 -1.52363 -1.2662 -0.982763 -0.686155
79.805 -0.0513151 -0.0552347 0.0844766 -2.00621 -6.35874 -8.24084 -7.42929 -6.37385 -5.652 -5.20115 -4.72291 -4.30043 -3.93732 -3.58828 -3.23634 -2.868 -2.49354 -2.14269 -1.81457 -1.52386 -1.2664 -0.982929 -0.686284
79.855 -0.0516794 -0.0557777 0.083753 -2.00681 -6.35911 -8.24118 -7.42966 -6.37425 -5.65241 -5.20156 -4.72333 -4.30083 -3.93771 -3.58865 -3.23669 -2.86833 -2.49386 -2.14298 -1.81483 -1.5241 -1.2666 -0.983094 -0.686412
79.905 -0.0520431 -0.0563197 0.0830305 -2.00742 -6.35948 -8.24153 -7.43003 -6.37465 -5.65283 -5.20198 -4.72374 -4.30123 -3.9381 -3.58903 -3.23705 -2.86867 -2.49417 -2.14327 -1.81509 -1.52433 -1.2668 -0.983259 -0.686541
79.955 -0.0524063 -0.056861 0.0823092 -2.00802 -6.35985 -8.24187 -7.43041 -6.37505 -5.65324 -5.20239 -4.72415 -4.30164 -3.93849 -3.5894 -3.2374 -2.869 -2.49448 -2.14355 -1.81535 -1.52456 -1.267 -0.983423 -0.686669
80.005 -0.0527688 -0.0574013 0.081589 -2.00863 -6.36021 -8.24221 -7.43078 -6.37545 -5.65365 -5.2028 -4.72456 -4.30204 -3.93888 -3.58977 -3.23775 -2.86933 -2.49479 -2.14384 -1.81561 -1.52479 -1.26719 -0.983588 -0.686796
80.055 -0.0531308 -0.0579408 0.0808699 -2.00923 -6.36058 -8.24256 -7.43115 -6.37584 -5.65406 -5.20322 -4.72497 -4.30244 -3.93927 -3.59014 -3.2381 -2.86966 -2.49509 -2.14412 -1.81587 -1.52502 -1.26739 -0.983751 -0.686924
80.105 -0.0534922 -0.0584795 0.080152 -2.00983 -6.36094 -8.2429 -7.43151 -6.37624 -5.65447 -5.20363 -4.72538 -4.30284 -3.93965 -3.59051 -3.23845 -2.86999 -2.4954 -2.14441 -1.81613 -1.52525 -1.26759 -0.983915 -0.687051
80.155 -0.053853 -0.0590173 0.0794352 -2.01043 -6.36131 -8.24324 -7.43188 -6.37664 -5.65488 -5.20404 -4.72579 -4.30324 -3.94004 -3.59088 -3.2388 -2.87032 -2.49571 -2.14469 -1.81638 -1.52548 -1.26778 -0.984078 -0.687178
80.205 -0.0542133 -0.0595543 0.0787195 -2.01103 -6.36167 -8.24358 -7.43225 -6.37703 -5.65529 -5.20445 -4.7262 -4.30364 -3.94043 -3.59125 -3.23915 -2.87065 -2.49602 -2.14497 -1.81664 -1.5257 -1.26798 -0.984241 -0.687305
80.255 -0.054573 -0.0600904 0.0780049 -2.01163 -6.36204 -8.24392 -7.43262 -6.37742 -5.6557 -5.20486 -4.7266 -4.30404 -3.94081 -3.59162 -3.2395 -2.87097 -2.49632 -2.14526 -1.8169 -1.52593 -1.26818 -0.984404 -0.687432
80.305 -0.0549321 -0.0606257 0.0772915 -2.01223 -6.3624 -8.24426 -7.43299 -6.37782 -5.6561 -5.20527 -4.72701 -4.30444 -3.9412 -3.59198 -3.23985 -2.8713 -2.49663 -2.14554 -1.81715 -1.52616 -1.26837 -0.984566 -0.687558
80.355 -0.0552907 -0.0611601 0.0765791 -2.01283 -6.36276 -8.2446 -7.43335 -6.37821 -5.65651 -5.20568 -4.72742 -4.30484 -3.94158 -3.59235 -3.2402 -2.87163 -2.49693 -2.14582 -1.81741 -1.52639 -1.26857 -0.984728 -0.687684
80.405 -0.0556487 -0.0616937 0.0758679 -2.01342 -6.36312 -8.24494 -7.43372 -6.3786 -5.65692 -5.20608 -4.72782 -4.30523 -3.94196 -3.59272 -3.24054 -2.87196 -2.49724 -2.1461 -1.81767 -1.52661 -1.26876 -0.984889 -0.68781
80.455 -0.0560061 -0.0622265 0.0751578 -2.01402 -6.36349 -8.24527 -7.43408 -6.379 -5.65732 -5.20649 -4.72823 -4.30563 -3.94235 -3.59308 -3.24089 -2.87228 -2.49754 -2.14638 -1.81792 -1.52684 -1.26895 -0.985051 -0.687935
80.505 -0.0563629 -0.0627584 0.0744488 -2.01461 -6.36385 -8.24561 -7.43445 -6.37939 -5.65773 -5.2069 -4.72863 -4.30603 -3.94273 -3.59345 -3.24124 -2.87261 -2.49785 -2.14666 -1.81818 -1.52707 -1.26915 -0.985211 -0.68806
80.555 -0.0567192 -0.0632895 0.0737409 -2.01521 -6.36421 -8.24595 -7.43481 -6.37978 -5.65813 -5.2073 -4.72903 -4.30642 -3.94311 -3.59381 -3.24158 -2.87293 -2.49815 -2.14694 -1.81843 -1.52729 -1.26934 -0.985372 -0.688185
80.605 -0.057075 -0.0638197 0.0730342 -2.0158 -6.36457 -8.24628 -7.43518 -6.38017 -5.65853 -5.20771 -4.72944 -4.30682 -3.94349 -3.59418 -3.24192 -2.87326 -2.49845 -2.14722 -1.81868 -1.52752 -1.26954 -0.985532 -0.68831
80.655 -0.0574301 -0.0643491 0.0723285 -2.01639 -6.36493 -8.24662 -7.43554 -6.38056 -5.65894 -5.20811 -4.72984 -4.30721 -3.94387 -3.59454 -3.24227 -2.87358 -2.49875 -2.1475 -1.81894 -1.52774 -1.26973 -0.985692 -0.688434
80.705 -0.0577847 -0.0648777 0.0716239 -2.01698 -6.36528 -8.24696 -7.4359 -6.38095 -5.65934 -5.20852 -4.73024 -4.3076 -3.94425 -3.5949 -3.24261 -2.8739 -2.49906 -2.14778 -1.81919 -1.52796 -1.26992 -0.985852 -0.688559
80.755 -0.0581388 -0.0654054 0.0709205 -2.01757 -6.36564 -8.24729 -7.43626 -6.38133 -5.65974 -5.20892 -4.73064 -4.30799 -3.94463 -3.59526 -3.24295 -2.87422 -2.49936 -2.14806 -1.81944 -1.52819 -1.27011 -0.986011 -0.688683
80.805 -0.0584922 -0.0659323 0.0702181 -2.01816 -6.366 -8.24763 -7.43663 -6.38172 -5.66014 -5.20932 -4.73104 -4.30839 -3.94501 -3.59562 -3.2433 -2.87455 -2.49966 -2.14833 -1.81969 -1.52841 -1.2703 -0.98617 -0.688806
80.855 -0.0588452 -0.0664584 0.0695169 -2.01875 -6.36636 -8.24796 -7.43699 -6.38211 -5.66054 -5.20972 -4.73144 -4.30878 -3.94539 -3.59598 -3.24364 -2.87487 -2.49996 -2.14861 -1.81994 -1.52863 -1.27049 -0.986329 -0.68893
80.905 -0.0591975 -0.0669836 0.0688167 -2.01934 -6.36671 -8.24829 -7.43735 -6.3825 -5.66094 -5.21013 -4.73184 -4.30917 -3.94576 -3.59634 -3.24398 -2.87519 -2.50026 -2.14888 -1.82019 -1.52886 -1.27069 -0.986487 -0.689053
80.955 -0.0595493 -0.067508 0.0681177 -2.01992 -6.36707 -8.24862 -7.43771 -6.38288 -5.66134 -5.21053 -4.73224 -4.30956 -3.94614 -3.5967 -3.24432 -2.87551 -2.50056 -2.14916 -1.82044 -1.52908 -1.27088 -0.986645 -0.689176
81.005 -0.0599006 -0.0680316 0.0674197 -2.02051 -6.36743 -8.24896 -7.43806 -6.38327 -5.66174 -5.21093 -4.73263 -4.30995 -3.94651 -3.59706 -3.24466 -2.87583 -2.50085 -2.14943 -1.82069 -1.5293 -1.27107 -0.986803 -0.689298
81.055 -0.0602512 -0.0685543 0.0667229 -2.02109 -6.36778 -8.24929 -7.43842 -6.38365 -5.66214 -5.21133 -4.73303 -4.31034 -3.94689 -3.59742 -3.245 -2.87615 -2.50115 -2.14971 -1.82094 -1.52952 -1.27126 -0.98696 -0.689421
81.105 -0.0606014 -0.0690763 0.0660271 -2.02168 -6.36813 -8.24962 -7.43878 -6.38404 -5.66254 -5.21172 -4.73343 -4.31072 -3.94726 -3.59778 -3.24534 -2.87646 -2.50145 -2.14998 -1.82119 -1.52974 -1.27144 -0.987117 -0.689543
81.155 -0.0609509 -0.0695974 0.0653324 -2.02226 -6.36849 -8.24995 -7.43914 -6.38442 -5.66293 -5.21212 -4.73382 -4.31111 -3.94764 -3.59813 -3.24567 -2.87678 -2.50175 -2.15026 -1.82144 -1.52996 -1.27163 -0.987274 -0.689665
81.205 -0.0613 -0.0701177 0.0646388 -2.02284 -6.36884 -8.25028 -7.4395 -6.3848 -5.66333 -5.21252 -4.73422 -4.3115 -3.94801 -3.59849 -3.24601 -2.8771 -2.50204 -2.15053 -1.82169 -1.53018 -1.27182 -0.987431 -0.689787
81.255 -0.0616484 -0.0706371 0.0639463 -2.02342 -6.36919 -8.25061 -7.43985 -6.38518 -5.66372 -5.21292 -4.73461 -4.31188 -3.94838 -3.59885 -3.24635 -2.87742 -2.50234 -2.1508 -1.82193 -1.5304 -1.27201 -0.987587 -0.689908
81.305 -0.0619963 -0.0711558 0.0632549 -2.024 -6.36955 -8.25094 -7.44021 -6.38556 -5.66412 -5.21331 -4.735 -4.31227 -3.94875 -3.5992 -3.24668 -2.87773 -2.50263 -2.15107 -1.82218 -1.53062 -1.2722 -0.987742 -0.690029
81.355 -0.0623437 -0.0716736 0.0625646 -2.02458 -6.3699 -8.25127 -7.44056 -6.38595 -5.66451 -5.21371 -4.7354 -4.31265 -3.94913 -3.59956 -3.24702 -2.87805 -2.50293 -2.15135 -1.82243 -1.53084 -1.27239 -0.987898 -0.69015
81.405 -0.0626905 -0.0721906 0.0618753 -2.02516 -6.37025 -8.2516 -7.44092 -6.38633 -5.6649 -5.2141 -4.73579 -4.31304 -3.9495 -3.59991 -3.24736 -2.87836 -2.50322 -2.15162 -1.82267 -1.53106 -1.27257 -0.988053 -0.690271
81.455 -0.0630368 -0.0727068 0.0611872 -2.02573 -6.3706 -8.25192 -7.44127 -6.38671 -5.6653 -5.2145 -4.73618 -4.31342 -3.94987 -3.60026 -3.24769 -2.87868 -2.50351 -2.15189 -1.82292 -1.53127 -1.27276 -0.988208 -0.690391
81.505 -0.0633825 -0.0732222 0.0605001 -2.02631 -6.37095 -8.25225 -7.44162 -6.38708 -5.66569 -5.21489 -4.73657 -4.3138 -3.95024 -3.60062 -3.24802 -2.87899 -2.50381 -2.15216 -1.82316 -1.53149 -1.27295 -0.988363 -0.690511
81.555 -0.0637277 -0.0737368 0.0598141 -2.02689 -6.3713 -8.25258 -7.44198 -6.38746 -5.66608 -5.21528 -4.73696 -4.31419 -3.9506 -3.60097 -3.24836 -2.8793 -2.5041 -2.15243 -1.82341 -1.53171 -1.27313 -0.988517 -0.690631
81.605 -0.0640723 -0.0742505 0.0591292 -2.02746 -6.37165 -8.2529 -7.44233 -6.38784 -5.66647 -5.21567 -4.73735 -4.31457 -3.95097 -3.60132 -3.24869 -2.87962 -2.50439 -2.15269 -1.82365 -1.53192 -1.27332 -0.988671 -0.690751
81.655 -0.0644164 -0.0747635 0.0584453 -2.02803 -6.37199 -8.25323 -7.44268 -6.38822 -5.66686 -5.21607 -4.73774 -4.31495 -3.95134 -3.60167 -3.24902 -2.87993 -2.50468 -2.15296 -1.8239 -1.53214 -1.2735 -0.988824 -0.69087
81.705 -0.0647599 -0.0752756 0.0577625 -2.02861 -6.37234 -8.25355 -7.44303 -6.38859 -5.66725 -5.21646 -4.73813 -4.31533 -3.95171 -3.60202 -3.24935 -2.88024 -2.50497 -2.15323 -1.82414 -1.53235 -1.27369 -0.988978 -0.690989
81.755 -0.0651029 -0.0757869 0.0570808 -2.02918 -6.37269 -8.25388 -7.44338 -6.38897 -5.66764 -5.21685 -4.73852 -4.31571 -3.95207 -3.60237 -3.24968 -2.88055 -2.50526 -2.1535 -1.82438 -1.53257 -1.27387 -0.989131 -0.691108
81.805 -0.0654453 -0.0762974 0.0564002 -2.02975 -6.37303 -8.2542 -7.44373 -6.38935 -5.66803 -5.21724 -4.7389 -4.31609 -3.95244 -3.60272 -3.25001 -2.88086 -2.50555 -2.15377 -1.82462 -1.53278 -1.27406 -0.989283 -0.691227
81.855 -0.0657872 -0.0768072 0.0557206 -2.03032 -6.37338 -8.25452 -7.44408 -6.38972 -5.66842 -5.21763 -4.73929 -4.31646 -3.9528 -3.60307 -3.25034 -2.88117 -2.50584 -2.15403 -1.82487 -1.533 -1.27424 -0.989436 -0.691346
81.905 -0.0661286 -0.0773161 0.0550421 -2.03089 -6.37373 -8.25485 -7.44443 -6.3901 -5.6688 -5.21801 -4.73968 -4.31684 -3.95317 -3.60341 -3.25067 -2.88148 -2.50613 -2.1543 -1.82511 -1.53321 -1.27442 -0.989588 -0.691464
81.955 -0.0664694 -0.0778242 0.0543647 -2.03146 -6.37407 -8.25517 -7.44478 -6.39047 -5.66919 -5.2184 -4.74006 -4.31722 -3.95353 -3.60376 -3.251 -2.88179 -2.50642 -2.15456 -1.82535 -1.53343 -1.27461 -0.98974 -0.691582
82.005 -0.0668096 -0.0783315 0.0536883 -2.03202 -6.37441 -8.25549 -7.44513 -6.39084 -5.66958 -5.21879 -4.74045 -4.3176 -3.95389 -3.60411 -3.25133 -2.8821 -2.50671 -2.15483 -1.82559 -1.53364 -1.27479 -0.989891 -0.691699
82.055 -0.0671494 -0.078838 0.053013 -2.03259 -6.37476 -8.25581 -7.44547 -6.39121 -5.66996 -5.21918 -4.74083 -4.31797 -3.95426 -3.60445 -3.25166 -2.88241 -2.50699 -2.15509 -1.82583 -1.53385 -1.27497 -0.990042 -0.691817
82.105 -0.0674886 -0.0793437 0.0523388 -2.03315 -6.3751 -8.25613 -7.44582 -6.39159 -5.67035 -5.21956 -4.74121 -4.31835 -3.95462 -3.6048 -3.25198 -2.88271 -2.50728 -2.15536 -1.82607 -1.53406 -1.27515 -0.990193 -0.691934
82.155 -0.0678272 -0.0798486 0.0516656 -2.03372 -6.37544 -8.25645 -7.44617 -6.39196 -5.67073 -5.21995 -4.7416 -4.31872 -3.95498 -3.60514 -3.25231 -2.88302 -2.50757 -2.15562 -1.82631 -1.53428 -1.27533 -0.990344 -0.692051
82.205 -0.0681653 -0.0803527 0.0509934 -2.03428 -6.37579 -8.25677 -7.44651 -6.39233 -5.67111 -5.22033 -4.74198 -4.31909 -3.95534 -3.60549 -3.25264 -2.88333 -2.50785 -2.15588 -1.82655 -1.53449 -1.27552 -0.990494 -0.692168
82.255 -0.0685029 -0.080856 0.0503224 -2.03485 -6.37613 -8.25709 -7.44686 -6.3927 -5.6715 -5.22072 -4.74236 -4.31947 -3.9557 -3.60583 -3.25296 -2.88363 -2.50814 -2.15614 -1.82678 -1.5347 -1.2757 -0.990644 -0.692284
82.305 -0.06884 -0.0813585 0.0496524 -2.03541 -6.37647 -8.25741 -7.4472 -6.39307 -5.67188 -5.2211 -4.74274 -4.31984 -3.95606 -3.60618 -3.25328 -2.88394 -2.50842 -2.15641 -1.82702 -1.53491 -1.27588 -0.990794 -0.692401
82.355 -0.0691765 -0.0818602 0.0489834 -2.03597 -6.37681 -8.25773 -7.44755 -6.39344 -5.67226 -5.22148 -4.74312 -4.32021 -3.95642 -3.60652 -3.25361 -2.88424 -2.5087 -2.15667 -1.82726 -1.53512 -1.27606 -0.990943 -0.692517
82.405 -0.0695124 -0.0823611 0.0483155 -2.03653 -6.37715 -8.25805 -7.44789 -6.39381 -5.67264 -5.22186 -4.7435 -4.32058 -3.95678 -3.60686 -3.25393 -2.88455 -2.50899 -2.15693 -1.8275 -1.53533 -1.27624 -0.991092 -0.692633
82.455 -0.0698479 -0.0828613 0.0476486 -2.03709 -6.37749 -8.25837 -7.44823 -6.39417 -5.67302 -5.22224 -4.74388 -4.32095 -3.95713 -3.6072 -3.25426 -2.88485 -2.50927 -2.15719 -1.82773 -1.53554 -1.27642 -0.991241 -0.692748
82.505 -0.0701828 -0.0833606 0.0469828 -2.03765 -6.37783 -8.25868 -7.44858 -6.39454 -5.6734 -5.22263 -4.74426 -4.32133 -3.95749 -3.60754 -3.25458 -2.88515 -2.50955 -2.15745 -1.82797 -1.53575 -1.2766 -0.991389 -0.692864
82.555 -0.0705172 -0.0838592 0.046318 -2.0382 -6.37817 -8.259 -7.44892 -6.39491 -5.67378 -5.22301 -4.74463 -4.32169 -3.95785 -3.60788 -3.2549 -2.88545 -2.50983 -2.15771 -1.8282 -1.53596 -1.27677 -0.991538 -0.692979
82.605 -0.070851 -0.0843569 0.0456543 -2.03876 -6.3785 -8.25931 -7.44926 -6.39527 -5.67416 -5.22339 -4.74501 -4.32206 -3.9582 -3.60822 -3.25522 -2.88576 -2.51012 -2.15797 -1.82844 -1.53616 -1.27695 -0.991685 -0.693093
82.655 -0.0711844 -0.0848539 0.0449916 -2.03932 -6.37884 -8.25963 -7.4496 -6.39564 -5.67454 -5.22376 -4.74539 -4.32243 -3.95856 -3.60856 -3.25554 -2.88606 -2.5104 -2.15823 -1.82867 -1.53637 -1.27713 -0.991833 -0.693208
82.705 -0.0715171 -0.0853501 0.04433 -2.03987 -6.37918 -8.25994 -7.44994 -6.396 -5.67491 -5.22414 -4.74576 -4.3228 -3.95891 -3.6089 -3.25586 -2.88636 -2.51068 -2.15849 -1.82891 -1.53658 -1.27731 -0.99198 -0.693323
82.755 -0.0718494 -0.0858455 0.0436694 -2.04043 -6.37951 -8.26026 -7.45028 -6.39637 -5.67529 -5.22452 -4.74614 -4.32317 -3.95927 -3.60924 -3.25618 -2.88666 -2.51096 -2.15874 -1.82914 -1.53679 -1.27749 -0.992127 -0.693437
82.805 -0.0721811 -0.0863401 0.0430098 -2.04098 -6.37985 -8.26057 -7.45062 -6.39673 -5.67567 -5.2249 -4.74651 -4.32353 -3.95962 -3.60957 -3.2565 -2.88696 -2.51124 -2.159 -1.82937 -1.53699 -1.27766 -0.992274 -0.693551
82.855 -0.0725123 -0.086834 0.0423513 -2.04153 -6.38019 -8.26089 -7.45096 -6.39709 -5.67604 -5.22527 -4.74689 -4.3239 -3.95997 -3.60991 -3.25682 -2.88726 -2.51152 -2.15926 -1.82961 -1.5372 -1.27784 -0.99242 -0.693664
82.905 -0.072843 -0.087327 0.0416938 -2.04208 -6.38052 -8.2612 -7.4513 -6.39746 -5.67642 -5.22565 -4.74726 -4.32426 -3.96033 -3.61025 -3.25714 -2.88755 -2.51179 -2.15951 -1.82984 -1.5374 -1.27802 -0.992567 -0.693778
82.955 -0.0731732 -0.0878193 0.0410373 -2.04263 -6.38085 -8.26151 -7.45163 -6.39782 -5.67679 -5.22603 -4.74763 -4.32463 -3.96068 -3.61058 -3.25745 -2.88785 -2.51207 -2.15977 -1.83007 -1.53761 -1.27819 -0.992712 -0.693891
83.005 -0.0735028 -0.0883108 0.0403819 -2.04318 -6.38119 -8.26182 -7.45197 -6.39818 -5.67716 -5.2264 -4.74801 -4.32499 -3.96103 -3.61092 -3.25777 -2.88815 -2.51235 -2.16002 -1.8303 -1.53781 -1.27837 -0.992858 -0.694004
83.055 -0.0738319 -0.0888016 0.0397275 -2.04373 -6.38152 -8.26213 -7.45231 -6.39854 -5.67754 -5.22678 -4.74838 -4.32536 -3.96138 -3.61125 -3.25809 -2.88845 -2.51263 -2.16028 -1.83053 -1.53802 -1.27854 -0.993003 -0.694117
83.105 -0.0741605 -0.0892915 0.0390741 -2.04428 -6.38185 -8.26245 -7.45264 -6.3989 -5.67791 -5.22715 -4.74875 -4.32572 -3.96173 -3.61158 -3.2584 -2.88874 -2.5129 -2.16053 -1.83076 -1.53822 -1.27872 -0.993148 -0.694229
83.155 -0.0744886 -0.0897807 0.0384218 -2.04483 -6.38219 -8.26276 -7.45298 -6.39926 -5.67828 -5.22752 -4.74912 -4.32608 -3.96208 -3.61192 -3.25872 -2.88904 -2.51318 -2.16079 -1.83099 -1.53843 -1.27889 -0.993293 -0.694342
83.205 -0.0748161 -0.0902691 0.0377705 -2.04537 -6.38252 -8.26307 -7.45331 -6.39962 -5.67865 -5.22789 -4.74949 -4.32644 -3.96243 -3.61225 -3.25903 -2.88933 -2.51345 -2.16104 -1.83122 -1.53863 -1.27907 -0.993437 -0.694454
83.255 -0.0751431 -0.0907567 0.0371202 -2.04592 -6.38285 -8.26338 -7.45365 -6.39998 -5.67902 -5.22827 -4.74986 -4.3268 -3.96277 -3.61258 -3.25934 -2.88963 -2.51373 -2.16129 -1.83145 -1.53883 -1.27924 -0.993581 -0.694566
83.305 -0.0754696 -0.0912436 0.0364709 -2.04646 -6.38318 -8.26368 -7.45398 -6.40034 -5.67939 -5.22864 -4.75023 -4.32716 -3.96312 -3.61291 -3.25966 -2.88992 -2.514 -2.16155 -1.83168 -1.53904 -1.27941 -0.993725 -0.694677
83.355 -0.0757956 -0.0917297 0.0358227 -2.04701 -6.38351 -8.26399 -7.45431 -6.40069 -5.67976 -5.22901 -4.75059 -4.32752 -3.96347 -3.61324 -3.25997 -2.89022 -2.51428 -2.1618 -1.83191 -1.53924 -1.27959 -0.993869 -0.694789
83.405 -0.0761211 -0.092215 0.0351755 -2.04755 -6.38384 -8.2643 -7.45465 -6.40105 -5.68013 -5.22938 -4.75096 -4.32788 -3.96382 -3.61358 -3.26028 -2.89051 -2.51455 -2.16205 -1.83214 -1.53944 -1.27976 -0.994012 -0.6949
83.455 -0.0764461 -0.0926996 0.0345293 -2.04809 -6.38417 -8.26461 -7.45498 -6.40141 -5.6805 -5.22975 -4.75133 -4.32824 -3.96416 -3.6139 -3.26059 -2.8908 -2.51482 -2.1623 -1.83237 -1.53964 -1.27993 -0.994155 -0.695011
83.505 -0.0767705 -0.0931833 0.0338841 -2.04863 -6.3845 -8.26491 -7.45531 -6.40176 -5.68087 -5.23012 -4.75169 -4.3286 -3.96451 -3.61423 -3.26091 -2.8911 -2.51509 -2.16255 -1.83259 -1.53984 -1.28011 -0.994297 -0.695121
83.555 -0.0770944 -0.0936664 0.0332399 -2.04917 -6.38482 -8.26522 -7.45564 -6.40212 -5.68124 -5.23048 -4.75206 -4.32896 -3.96485 -3.61456 -3.26122 -2.89139 -2.51537 -2.1628 -1.83282 -1.54004 -1.28028 -0.99444 -0.695232
83.605 -0.0774178 -0.0941486 0.0325968 -2.04971 -6.38515 -8.26553 -7.45597 -6.40247 -5.6816 -5.23085 -4.75242 -4.32931 -3.96519 -3.61489 -3.26153 -2.89168 -2.51564 -2.16305 -1.83305 -1.54024 -1.28045 -0.994582 -0.695342
83.655 -0.0777407 -0.0946301 0.0319546 -2.05025 -6.38548 -8.26583 -7.4563 -6.40283 -5.68197 -5.23122 -4.75279 -4.32967 -3.96554 -3.61522 -3.26184 -2.89197 -2.51591 -2.1633 -1.83327 -1.54044 -1.28062 -0.994724 -0.695452
83.705 -0.0780631 -0.0951108 0.0313135 -2.05079 -6.3858 -8.26614 -7.45663 -6.40318 -5.68233 -5.23158 -4.75315 -4.33003 -3.96588 -3.61554 -3.26215 -2.89226 -2.51618 -2.16355 -1.8335 -1.54064 -1.28079 -0.994865 -0.695562
83.755 -0.0783849 -0.0955908 0.0306734 -2.05132 -6.38613 -8.26644 -7.45696 -6.40353 -5.6827 -5.23195 -4.75351 -4.33038 -3.96622 -3.61587 -3.26245 -2.89255 -2.51645 -2.1638 -1.83372 -1.54084 -1.28096 -0.995006 -0.695672
83.805 -0.0787063 -0.09607 0.0300343 -2.05186 -6.38645 -8.26675 -7.45729 -6.40388 -5.68306 -5.23231 -4.75388 -4.33074 -3.96656 -3.6162 -3.26276 -2.89284 -2.51672 -2.16405 -1.83395 -1.54104 -1.28113 -0.995147 -0.695781
83.855 -0.0790271 -0.0965485 0.0293962 -2.0524 -6.38678 -8.26705 -7.45762 -6.40424 -5.68343 -5.23268 -4.75424 -4.33109 -3.96691 -3.61652 -3.26307 -2.89313 -2.51699 -2.16429 -1.83417 -1.54124 -1.2813 -0.995288 -0.69589
83.905 -0.0793475 -0.0970262 0.0287591 -2.05293 -6.3871 -8.26735 -7.45795 -6.40459 -5.68379 -5.23304 -4.7546 -4.33144 -3.96725 -3.61685 -3.26338 -2.89342 -2.51726 -2.16454 -1.8344 -1.54144 -1.28147 -0.995428 -0.695999
83.955 -0.0796673 -0.0975031 0.028123 -2.05346 -6.38743 -8.26766 -7.45827 -6.40494 -5.68415 -5.23341 -4.75496 -4.3318 -3.96759 -3.61717 -3.26368 -2.8937 -2.51752 -2.16479 -1.83462 -1.54164 -1.28164 -0.995568 -0.696108
84.005 -0.0799866 -0.0979793 0.0274879 -2.054 -6.38775 -8.26796 -7.4586 -6.40529 -5.68451 -5.23377 -4.75532 -4.33215 -3.96793 -3.61749 -3.26399 -2.89399 -2.51779 -2.16503 -1.83484 -1.54183 -1.28181 -0.995708 -0.696216
84.055 -0.0803054 -0.0984547 0.0268538 -2.05453 -6.38807 -8.26826 -7.45892 -6.40564 -5.68487 -5.23413 -4.75568 -4.3325 -3.96826 -3.61782 -3.26429 -2.89428 -2.51806 -2.16528 -1.83507 -1.54203 -1.28198 -0.995848 -0.696325
84.105 -0.0806237 -0.0989294 0.0262207 -2.05506 -6.3884 -8.26856 -7.45925 -6.40599 -5.68523 -5.23449 -4.75604 -4.33285 -3.9686 -3.61814 -3.2646 -2.89456 -2.51832 -2.16552 -1.83529 -1.54223 -1.28215 -0.995987 -0.696433
84.155 -0.0809415 -0.0994033 0.0255886 -2.05559 -6.38872 -8.26886 -7.45957 -6.40634 -5.68559 -5.23485 -4.7564 -4.3332 -3.96894 -3.61846 -3.2649 -2.89485 -2.51859 -2.16577 -1.83551 -1.54242 -1.28231 -0.996126 -0.696541
84.205 -0.0812588 -0.0998765 0.0249575 -2.05612 -6.38904 -8.26916 -7.4599 -6.40668 -5.68595 -5.23521 -4.75675 -4.33355 -3.96928 -3.61878 -3.26521 -2.89513 -2.51886 -2.16601 -1.83573 -1.54262 -1.28248 -0.996265 -0.696648
84.255 -0.0815756 -0.100349 0.0243274 -2.05665 -6.38936 -8.26946 -7.46022 -6.40703 -5.68631 -5.23557 -4.75711 -4.3339 -3.96961 -3.6191 -3.26551 -2.89542 -2.51912 -2.16626 -1.83595 -1.54281 -1.28265 -0.996403 -0.696756
84.305 -0.0818919 -0.100821 0.0236982 -2.05717 -6.38968 -8.26976 -7.46055 -6.40738 -5.68667 -5.23593 -4.75747 -4.33425 -3.96995 -3.61942 -3.26581 -2.8957 -2.51939 -2.1665 -1.83617 -1.54301 -1.28282 -0.996541 -0.696863
84.355 -0.0822077 -0.101292 0.0230701 -2.0577 -6.39 -8.27006 -7.46087 -6.40772 -5.68703 -5.23629 -4.75782 -4.3346 -3.97028 -3.61974 -3.26611 -2.89599 -2.51965 -2.16674 -1.83639 -1.5432 -1.28298 -0.996679 -0.69697
84.405 -0.0825229 -0.101762 0.022443 -2.05823 -6.39032 -8.27036 -7.46119 -6.40807 -5.68739 -5.23665 -4.75818 -4.33494 -3.97062 -3.62006 -3.26642 -2.89627 -2.51991 -2.16698 -1.83661 -1.5434 -1.28315 -0.996817 -0.697076
84.455 -0.0828377 -0.102231 0.0218168 -2.05875 -6.39064 -8.27066 -7.46151 -6.40841 -5.68774 -5.23701 -4.75853 -4.33529 -3.97095 -3.62038 -3.26672 -2.89655 -2.52018 -2.16723 -1.83683 -1.54359 -1.28331 -0.996954 -0.697183
84.505 -0.083152 -0.1027 0.0211917 -2.05928 -6.39096 -8.27095 -7.46183 -6.40876 -5.6881 -5.23736 -4.75889 -4.33564 -3.97129 -3.6207 -3.26702 -2.89683 -2.52044 -2.16747 -1.83705 -1.54379 -1.28348 -0.997091 -0.697289
84.555 -0.0834658 -0.103168 0.0205675 -2.0598 -6.39127 -8.27125 -7.46216 -6.4091 -5.68845 -5.23772 -4.75924 -4.33598 -3.97162 -3.62102 -3.26732 -2.89711 -2.5207 -2.16771 -1.83727 -1.54398 -1.28365 -0.997228 -0.697395
84.605 -0.083779 -0.103635 0.0199443 -2.06032 -6.39159 -8.27155 -7.46248 -6.40945 -5.68881 -5.23808 -4.7596 -4.33633 -3.97195 -3.62133 -3.26762 -2.8974 -2.52096 -2.16795 -1.83749 -1.54417 -1.28381 -0.997365 -0.697501
84.655 -0.0840918 -0.104101 0.0193221 -2.06085 -6.39191 -8.27184 -7.4628 -6.40979 -5.68916 -5.23843 -4.75995 -4.33667 -3.97228 -3.62165 -3.26792 -2.89768 -2.52122 -2.16819 -1.8377 -1.54436 -1.28398 -0.997501 -0.697607
84.705 -0.0844041 -0.104567 0.0187009 -2.06137 -6.39222 -8.27214 -7.46311 -6.41013 -5.68952 -5.23879 -4.7603 -4.33702 -3.97262 -3.62197 -3.26821 -2.89796 -2.52148 -2.16843 -1.83792 -1.54456 -1.28414 -0.997637 -0.697712
84.755 -0.0847159 -0.105032 0.0180806 -2.06189 -6.39254 -8.27243 -7.46343 -6.41047 -5.68987 -5.23914 -4.76065 -4.33736 -3.97295 -3.62228 -3.26851 -2.89824 -2.52174 -2.16867 -1.83814 -1.54475 -1.2843 -0.997773 -0.697818
84.805 -0.0850272 -0.105496 0.0174614 -2.06241 -6.39285 -8.27273 -7.46375 -6.41081 -5.69022 -5.23949 -4.761 -4.3377 -3.97328 -3.6226 -3.26881 -2.89851 -2.522 -2.16891 -1.83835 -1.54494 -1.28447 -0.997908 -0.697923
84.855 -0.0853379 -0.10596 0.0168431 -2.06292 -6.39317 -8.27302 -7.46407 -6.41115 -5.69058 -5.23985 -4.76135 -4.33804 -3.97361 -3.62291 -3.26911 -2.89879 -2.52226 -2.16915 -1.83857 -1.54513 -1.28463 -0.998043 -0.698027
84.905 -0.0856482 -0.106423 0.0162258 -2.06344 -6.39348 -8.27332 -7.46439 -6.41149 -5.69093 -5.2402 -4.7617 -4.33839 -3.97394 -3.62322 -3.2694 -2.89907 -2.52252 -2.16938 -1.83878 -1.54532 -1.28479 -0.998178 -0.698132
84.955 -0.085958 -0.106885 0.0156094 -2.06396 -6.3938 -8.27361 -7.4647 -6.41183 -5.69128 -5.24055 -4.76205 -4.33873 -3.97426 -3.62354 -3.2697 -2.89935 -2.52278 -2.16962 -1.839 -1.54551 -1.28496 -0.998313 -0.698236
85.005 -0.0862674 -0.107346 0.0149941 -2.06448 -6.39411 -8.2739 -7.46502 -6.41217 -5.69163 -5.2409 -4.7624 -4.33907 -3.97459 -3.62385 -3.26999 -2.89963 -2.52304 -2.16986 -1.83921 -1.5457 -1.28512 -0.998447 -0.698341
85.055 -0.0865762 -0.107807 0.0143797 -2.06499 -6.39442 -8.27419 -7.46534 -6.41251 -5.69198 -5.24125 -4.76275 -4.33941 -3.97492 -3.62416 -3.27029 -2.8999 -2.5233 -2.1701 -1.83943 -1.54589 -1.28528 -0.998581 -0.698445
85.105 -0.0868845 -0.108267 0.0137662 -2.06551 -6.39473 -8.27449 -7.46565 -6.41285 -5.69233 -5.2416 -4.76309 -4.33975 -3.97525 -3.62447 -3.27058 -2.90018 -2.52355 -2.17033 -1.83964 -1.54608 -1.28544 -0.998715 -0.698548
85.155 -0.0871923 -0.108726 0.0131538 -2.06602 -6.39505 -8.27478 -7.46597 -6.41319 -5.69268 -5.24195 -4.76344 -4.34009 -3.97557 -3.62478 -3.27088 -2.90045 -2.52381 -2.17057 -1.83986 -1.54627 -1.2856 -0.998849 -0.698652
85.205 -0.0874997 -0.109184 0.0125423 -2.06653 -6.39536 -8.27507 -7.46628 -6.41352 -5.69302 -5.2423 -4.76379 -4.34042 -3.9759 -3.6251 -3.27117 -2.90073 -2.52407 -2.1708 -1.84007 -1.54646 -1.28577 -0.998982 -0.698755
85.255 -0.0878065 -0.109642 0.0119318 -2.06704 -6.39567 -8.27536 -7.46659 -6.41386 -5.69337 -5.24265 -4.76413 -4.34076 -3.97622 -3.62541 -3.27146 -2.901 -2.52432 -2.17104 -1.84028 -1.54664 -1.28593 -0.999115 -0.698858
85.305 -0.0881129 -0.110099 0.0113222 -2.06756 -6.39598 -8.27565 -7.46691 -6.4142 -5.69372 -5.243 -4.76448 -4.3411 -3.97655 -3.62571 -3.27175 -2.90128 -2.52458 -2.17127 -1.84049 -1.54683 -1.28609 -0.999248 -0.698961
85.355 -0.0884188 -0.110555 0.0107136 -2.06807 -6.39629 -8.27594 -7.46722 -6.41453 -5.69406 -5.24334 -4.76482 -4.34144 -3.97687 -3.62602 -3.27205 -2.90155 -2.52483 -2.17151 -1.84071 -1.54702 -1.28625 -0.99938 -0.699064
85.405 -0.0887242 -0.11101 0.0101059 -2.06858 -6.3966 -8.27623 -7.46753 -6.41487 -5.69441 -5.24369 -4.76517 -4.34177 -3.9772 -3.62633 -3.27234 -2.90182 -2.52509 -2.17174 -1.84092 -1.54721 -1.28641 -0.999513 -0.699167
85.455 -0.0890291 -0.111465 0.00949926 -2.06908 -6.39691 -8.27651 -7.46784 -6.4152 -5.69476 -5.24404 -4.76551 -4.34211 -3.97752 -3.62664 -3.27263 -2.9021 -2.52534 -2.17197 -1.84113 -1.54739 -1.28657 -0.999645 -0.699269
85.505 -0.0893335 -0.111919 0.00889353 -2.06959 -6.39721 -8.2768 -7.46816 -6.41553 -5.6951 -5.24438 -4.76585 -4.34244 -3.97784 -3.62695 -3.27292 -2.90237 -2.52559 -2.17221 -1.84134 -1.54758 -1.28673 -0.999776 -0.699371
85.555 -0.0896374 -0.112373 0.00828877 -2.0701 -6.39752 -8.27709 -7.46847 -6.41587 -5.69544 -5.24473 -4.76619 -4.34278 -3.97816 -3.62725 -3.27321 -2.90264 -2.52585 -2.17244 -1.84155 -1.54777 -1.28689 -0.999908 -0.699473
85.605 -0.0899409 -0.112825 0.00768495 -2.07061 -6.39783 -8.27738 -7.46878 -6.4162 -5.69579 -5.24507 -4.76653 -4.34311 -3.97849 -3.62756 -3.2735 -2.90291 -2.5261 -2.17267 -1.84176 -1.54795 -1.28704 -1.00004 -0.699574
85.655 -0.0902439 -0.113277 0.00708209 -2.07111 -6.39814 -8.27766 -7.46909 -6.41653 -5.69613 -5.24542 -4.76688 -4.34344 -3.97881 -3.62787 -3.27379 -2.90318 -2.52635 -2.1729 -1.84197 -1.54814 -1.2872 -1.00017 -0.699676
85.705 -0.0905464 -0.113728 0.00648018 -2.07162 -6.39844 -8.27795 -7.4694 -6.41686 -5.69647 -5.24576 -4.76722 -4.34378 -3.97913 -3.62817 -3.27407 -2.90345 -2.5266 -2.17313 -1.84218 -1.54832 -1.28736 -1.0003 -0.699777
85.755 -0.0908484 -0.114179 0.00587922 -2.07212 -6.39875 -8.27824 -7.4697 -6.41719 -5.69682 -5.2461 -4.76756 -4.34411 -3.97945 -3.62848 -3.27436 -2.90372 -2.52685 -2.17336 -1.84239 -1.54851 -1.28752 -1.00043 -0.699878
85.805 -0.0911499 -0.114629 0.00527921 -2.07262 -6.39905 -8.27852 -7.47001 -6.41752 -5.69716 -5.24644 -4.7679 -4.34444 -3.97977 -3.62878 -3.27465 -2.90399 -2.5271 -2.17359 -1.8426 -1.54869 -1.28768 -1.00056 -0.699979
85.855 -0.0914509 -0.115078 0.00468015 -2.07313 -6.39936 -8.27881 -7.47032 -6.41785 -5.6975 -5.24678 -4.76823 -4.34477 -3.98009 -3.62908 -3.27494 -2.90426 -2.52735 -2.17382 -1.8428 -1.54887 -1.28783 -1.00069 -0.70008
85.905 -0.0917515 -0.115526 0.00408204 -2.07363 -6.39966 -8.27909 -7.47063 -6.41818 -5.69784 -5.24713 -4.76857 -4.3451 -3.9804 -3.62939 -3.27522 -2.90453 -2.5276 -2.17405 -1.84301 -1.54906 -1.28799 -1.00082 -0.70018
85.955 -0.0920516 -0.115974 0.00348487 -2.07413 -6.39997 -8.27938 -7.47093 -6.41851 -5.69818 -5.24747 -4.76891 -4.34543 -3.98072 -3.62969 -3.27551 -2.9048 -2.52785 -2.17428 -1.84322 -1.54924 -1.28815 -1.00095 -0.70028
86.005 -0.0923512 -0.11642 0.00288864 -2.07463 -6.40027 -8.27966 -7.47124 -6.41884 -5.69852 -5.24781 -4.76925 -4.34576 -3.98104 -3.62999 -3.27579 -2.90506 -2.5281 -2.17451 -1.84343 -1.54942 -1.2883 -1.00108 -0.700381
86.055 -0.0926503 -0.116867 0.00229336 -2.07513 -6.40057 -8.27994 -7.47155 -6.41917 -5.69886 -5.24815 -4.76958 -4.34609 -3.98135 -3.63029 -3.27608 -2.90533 -2.52835 -2.17474 -1.84363 -1.5496 -1.28846 -1.00121 -0.70048
86.105 -0.092949 -0.117312 0.00169902 -2.07563 -6.40088 -8.28022 -7.47185 -6.4195 -5.69919 -5.24848 -4.76992 -4.34642 -3.98167 -3.63059 -3.27636 -2.9056 -2.5286 -2.17497 -1.84384 -1.54979 -1.28861 -1.00134 -0.70058
86.155 -0.0932472 -0.117757 0.00110561 -2.07612 -6.40118 -8.28051 -7.47216 -6.41982 -5.69953 -5.24882 -4.77026 -4.34675 -3.98199 -3.63089 -3.27665 -2.90586 -2.52884 -2.17519 -1.84404 -1.54997 -1.28877 -1.00147 -0.700679
86.205 -0.0935449 -0.118201 0.000513148 -2.07662 -6.40148 -8.28079 -7.47246 -6.42015 -5.69987 -5.24916 -4.77059 -4.34707 -3.9823 -3.63119 -3.27693 -2.90613 -2.52909 -2.17542 -1.84425 -1.55015 -1.28892 -1.00159 -0.700779
86.255 -0.0938421 -0.118644 -7.83814e-05 -2.07712 -6.40178 -8.28107 -7.47277 -6.42047 -5.70021 -5.2495 -4.77092 -4.3474 -3.98262 -3.63149 -3.27721 -2.90639 -2.52934 -2.17565 -1.84445 -1.55033 -1.28908 -1.00172 -0.700878
86.305 -0.0941388 -0.119087 -0.000668976 -2.07761 -6.40208 -8.28135 -7.47307 -6.4208 -5.70054 -5.24983 -4.77126 -4.34773 -3.98293 -3.63179 -3.27749 -2.90666 -2.52958 -2.17587 -1.84466 -1.55051 -1.28923 -1.00185 -0.700977
86.355 -0.0944351 -0.119529 -0.00125864 -2.07811 -6.40238 -8.28163 -7.47337 -6.42112 -5.70088 -5.25017 -4.77159 -4.34805 -3.98324 -3.63209 -3.27778 -2.90692 -2.52983 -2.1761 -1.84486 -1.55069 -1.28939 -1.00198 -0.701075
86.405 -0.0947309 -0.11997 -0.00184736 -2.0786 -6.40268 -8.28191 -7.47367 -6.42145 -5.70121 -5.25051 -4.77192 -4.34838 -3.98356 -3.63239 -3.27806 -2.90719 -2.53008 -2.17632 -1.84507 -1.55087 -1.28954 -1.0021 -0.701174
86.455 -0.0950263 -0.120411 -0.00243516 -2.07909 -6.40298 -8.28219 -7.47398 -6.42177 -5.70155 -5.25084 -4.77226 -4.3487 -3.98387 -3.63269 -3.27834 -2.90745 -2.53032 -2.17655 -1.84527 -1.55105 -1.28969 -1.00223 -0.701272
86.505 -0.0953211 -0.120851 -0.00302203 -2.07959 -6.40328 -8.28247 -7.47428 -6.4221 -5.70188 -5.25117 -4.77259 -4.34902 -3.98418 -3.63298 -3.27862 -2.90771 -2.53056 -2.17677 -1.84547 -1.55123 -1.28985 -1.00236 -0.70137
86.555 -0.0956155 -0.12129 -0.00360797 -2.08008 -6.40358 -8.28275 -7.47458 -6.42242 -5.70221 -5.25151 -4.77292 -4.34935 -3.98449 -3.63328 -3.2789 -2.90797 -2.53081 -2.177 -1.84568 -1.55141 -1.29 -1.00248 -0.701468
86.605 -0.0959095 -0.121728 -0.00419298 -2.08057 -6.40388 -8.28303 -7.47488 -6.42274 -5.70255 -5.25184 -4.77325 -4.34967 -3.9848 -3.63358 -3.27918 -2.90824 -2.53105 -2.17722 -1.84588 -1.55159 -1.29015 -1.00261 -0.701566
86.655 -0.0962029 -0.122166 -0.00477707 -2.08106 -6.40417 -8.2833 -7.47518 -6.42306 -5.70288 -5.25217 -4.77358 -4.34999 -3.98511 -3.63387 -3.27946 -2.9085 -2.53129 -2.17744 -1.84608 -1.55177 -1.29031 -1.00274 -0.701663
86.705 -0.0964959 -0.122603 -0.00536024 -2.08155 -6.40447 -8.28358 -7.47548 -6.42338 -5.70321 -5.25251 -4.77391 -4.35031 -3.98542 -3.63417 -3.27973 -2.90876 -2.53154 -2.17767 -1.84628 -1.55194 -1.29046 -1.00286 -0.70176
86.755 -0.0967884 -0.123039 -0.00594248 -2.08204 -6.40477 -8.28386 -7.47578 -6.4237 -5.70354 -5.25284 -4.77424 -4.35064 -3.98573 -3.63446 -3.28001 -2.90902 -2.53178 -2.17789 -1.84648 -1.55212 -1.29061 -1.00299 -0.701857
86.805 -0.0970805 -0.123475 -0.0065238 -2.08252 -6.40506 -8.28414 -7.47608 -6.42402 -5.70387 -5.25317 -4.77457 -4.35096 -3.98604 -3.63475 -3.28029 -2.90928 -2.53202 -2.17811 -1.84668 -1.5523 -1.29076 -1.00311 -0.701954
86.855 -0.0973721 -0.12391 -0.0071042 -2.08301 -6.40536 -8.28441 -7.47637 -6.42434 -5.7042 -5.2535 -4.77489 -4.35128 -3.98635 -3.63505 -3.28057 -2.90954 -2.53226 -2.17833 -1.84688 -1.55248 -1.29091 -1.00324 -0.702051
86.905 -0.0976632 -0.124344 -0.00768368 -2.0835 -6.40565 -8.28469 -7.47667 -6.42466 -5.70453 -5.25383 -4.77522 -4.3516 -3.98666 -3.63534 -3.28084 -2.9098 -2.5325 -2.17855 -1.84708 -1.55265 -1.29106 -1.00336 -0.702147
86.955 -0.0979539 -0.124778 -0.00826225 -2.08398 -6.40595 -8.28496 -7.47697 -6.42498 -5.70486 -5.25416 -4.77555 -4.35192 -3.98696 -3.63563 -3.28112 -2.91006 -2.53274 -2.17877 -1.84728 -1.55283 -1.29121 -1.00349 -0.702244
87.005 -0.0982441 -0.125211 -0.0088399 -2.08447 -6.40624 -8.28524 -7.47727 -6.4253 -5.70519 -5.25449 -4.77587 -4.35223 -3.98727 -3.63592 -3.28139 -2.91031 -2.53298 -2.179 -1.84748 -1.55301 -1.29136 -1.00361 -0.70234
87.055 -0.0985338 -0.125643 -0.00941663 -2.08495 -6.40653 -8.28551 -7.47756 -6.42562 -5.70552 -5.25482 -4.7762 -4.35255 -3.98757 -3.63622 -3.28167 -2.91057 -2.53322 -2.17922 -1.84768 -1.55318 -1.29151 -1.00373 -0.702436
87.105 -0.0988231 -0.126075 -0.00999246 -2.08543 -6.40683 -8.28578 -7.47786 -6.42593 -5.70584 -5.25515 -4.77652 -4.35287 -3.98788 -3.63651 -3.28194 -2.91083 -2.53346 -2.17943 -1.84788 -1.55336 -1.29166 -1.00386 -0.702531
87.155 -0.0991119 -0.126506 -0.0105674 -2.08592 -6.40712 -8.28606 -7.47815 -6.42625 -5.70617 -5.25547 -4.77685 -4.35319 -3.98819 -3.6368 -3.28222 -2.91109 -2.5337 -2.17965 -1.84808 -1.55353 -1.29181 -1.00398 -0.702627
87.205 -0.0994002 -0.126936 -0.0111414 -2.0864 -6.40741 -8.28633 -7.47845 -6.42657 -5.7065 -5.2558 -4.77717 -4.3535 -3.98849 -3.63709 -3.28249 -2.91134 -2.53394 -2.17987 -1.84828 -1.55371 -1.29196 -1.0041 -0.702722
87.255 -0.0996881 -0.127365 -0.0117145 -2.08688 -6.4077 -8.2866 -7.47874 -6.42688 -5.70682 -5.25613 -4.7775 -4.35382 -3.98879 -3.63738 -3.28276 -2.9116 -2.53418 -2.18009 -1.84847 -1.55388 -1.29211 -1.00423 -0.702817
87.305 -0.0999755 -0.127794 -0.0122866 -2.08736 -6.40799 -8.28688 -7.47904 -6.4272 -5.70715 -5.25645 -4.77782 -4.35413 -3.9891 -3.63766 -3.28304 -2.91185 -2.53441 -2.18031 -1.84867 -1.55405 -1.29226 -1.00435 -0.702912
87.355 -0.100263 -0.128222 -0.0128579 -2.08784 -6.40828 -8.28715 -7.47933 -6.42751 -5.70747 -5.25678 -4.77814 -4.35445 -3.9894 -3.63795 -3.28331 -2.91211 -2.53465 -2.18053 -1.84887 -1.55423 -1.29241 -1.00447 -0.703007
87.405 -0.100549 -0.12865 -0.0134283 -2.08832 -6.40858 -8.28742 -7.47962 -6.42782 -5.7078 -5.2571 -4.77846 -4.35476 -3.9897 -3.63824 -3.28358 -2.91236 -2.53489 -2.18074 -1.84906 -1.5544 -1.29256 -1.00459 -0.703102
87.455 -0.100835 -0.129076 -0.0139978 -2.08879 -6.40886 -8.28769 -7.47992 -6.42814 -5.70812 -5.25743 -4.77879 -4.35508 -3.99 -3.63853 -3.28385 -2.91262 -2.53512 -2.18096 -1.84926 -1.55457 -1.2927 -1.00472 -0.703196
87.505 -0.101121 -0.129502 -0.0145663 -2.08927 -6.40915 -8.28796 -7.48021 -6.42845 -5.70844 -5.25775 -4.77911 -4.35539 -3.99031 -3.63882 -3.28412 -2.91287 -2.53536 -2.18118 -1.84945 -1.55475 -1.29285 -1.00484 -0.70329
87.555 -0.101406 -0.129928 -0.015134 -2.08975 -6.40944 -8.28823 -7.4805 -6.42876 -5.70877 -5.25807 -4.77943 -4.3557 -3.99061 -3.6391 -3.28439 -2.91312 -2.5356 -2.18139 -1.84965 -1.55492 -1.293 -1.00496 -0.703384
87.605 -0.101691 -0.130353 -0.0157008 -2.09022 -6.40973 -8.2885 -7.48079 -6.42908 -5.70909 -5.2584 -4.77975 -4.35602 -3.99091 -3.63939 -3.28466 -2.91338 -2.53583 -2.18161 -1.84984 -1.55509 -1.29314 -1.00508 -0.703478
87.655 -0.101975 -0.130777 -0.0162667 -2.0907 -6.41002 -8.28877 -7.48108 -6.42939 -5.70941 -5.25872 -4.78007 -4.35633 -3.99121 -3.63967 -3.28493 -2.91363 -2.53606 -2.18182 -1.85004 -1.55526 -1.29329 -1.0052 -0.703572
87.705 -0.102259 -0.1312 -0.0168316 -2.09117 -6.41031 -8.28904 -7.48137 -6.4297 -5.70973 -5.25904 -4.78038 -4.35664 -3.99151 -3.63996 -3.2852 -2.91388 -2.5363 -2.18204 -1.85023 -1.55543 -1.29344 -1.00532 -0.703665
87.755 -0.102542 -0.131623 -0.0173957 -2.09164 -6.41059 -8.28931 -7.48166 -6.43001 -5.71005 -5.25936 -4.7807 -4.35695 -3.99181 -3.64024 -3.28547 -2.91413 -2.53653 -2.18225 -1.85043 -1.5556 -1.29358 -1.00544 -0.703758
87.805 -0.102825 -0.132045 -0.0179589 -2.09212 -6.41088 -8.28957 -7.48195 -6.43032 -5.71037 -5.25968 -4.78102 -4.35726 -3.9921 -3.64053 -3.28573 -2.91438 -2.53677 -2.18247 -1.85062 -1.55578 -1.29373 -1.00556 -0.703851
87.855 -0.103107 -0.132466 -0.0185212 -2.09259 -6.41117 -8.28984 -7.48224 -6.43063 -5.71069 -5.26 -4.78134 -4.35757 -3.9924 -3.64081 -3.286 -2.91463 -2.537 -2.18268 -1.85081 -1.55595 -1.29387 -1.00568 -0.703944
87.905 -0.103389 -0.132887 -0.0190826 -2.09306 -6.41145 -8.29011 -7.48253 -6.43094 -5.71101 -5.26032 -4.78165 -4.35788 -3.9927 -3.64109 -3.28627 -2.91488 -2.53723 -2.18289 -1.85101 -1.55612 -1.29402 -1.0058 -0.704037
87.955 -0.103671 -0.133307 -0.0196431 -2.09353 -6.41174 -8.29037 -7.48282 -6.43124 -5.71133 -5.26064 -4.78197 -4.35819 -3.993 -3.64138 -3.28654 -2.91513 -2.53746 -2.18311 -1.8512 -1.55629 -1.29416 -1.00592 -0.70413
88.005 -0.103952 -0.133726 -0.0202027 -2.094 -6.41202 -8.29064 -7.4831 -6.43155 -5.71165 -5.26096 -4.78229 -4.35849 -3.99329 -3.64166 -3.2868 -2.91538 -2.53769 -2.18332 -1.85139 -1.55645 -1.29431 -1.00604 -0.704222
88.055 -0.104232 -0.134145 -0.0207615 -2.09447 -6.41231 -8.29091 -7.48339 -6.43186 -5.71196 -5.26128 -4.7826 -4.3588 -3.99359 -3.64194 -3.28707 -2.91563 -2.53792 -2.18353 -1.85158 -1.55662 -1.29445 -1.00616 -0.704314
88.105 -0.104513 -0.134563 -0.0213193 -2.09493 -6.41259 -8.29117 -7.48368 -6.43217 -5.71228 -5.26159 -4.78291 -4.35911 -3.99388 -3.64222 -3.28733 -2.91588 -2.53816 -2.18374 -1.85177 -1.55679 -1.2946 -1.00628 -0.704406
88.155 -0.104792 -0.13498 -0.0218763 -2.0954 -6.41287 -8.29144 -7.48396 -6.43247 -5.7126 -5.26191 -4.78323 -4.35942 -3.99418 -3.6425 -3.2876 -2.91613 -2.53839 -2.18395 -1.85196 -1.55696 -1.29474 -1.0064 -0.704498
88.205 -0.105072 -0.135397 -0.0224324 -2.09587 -6.41316 -8.2917 -7.48425 -6.43278 -5.71291 -5.26223 -4.78354 -4.35972 -3.99447 -3.64278 -3.28786 -2.91637 -2.53862 -2.18416 -1.85215 -1.55713 -1.29489 -1.00652 -0.704589
88.255 -0.10535 -0.135813 -0.0229876 -2.09633 -6.41344 -8.29196 -7.48453 -6.43309 -5.71323 -5.26254 -4.78386 -4.36003 -3.99477 -3.64306 -3.28812 -2.91662 -2.53884 -2.18437 -1.85234 -1.5573 -1.29503 -1.00663 -0.704681
88.305 -0.105629 -0.136228 -0.0235419 -2.0968 -6.41372 -8.29223 -7.48482 -6.43339 -5.71354 -5.26286 -4.78417 -4.36033 -3.99506 -3.64334 -3.28839 -2.91687 -2.53907 -2.18458 -1.85253 -1.55746 -1.29517 -1.00675 -0.704772
88.355 -0.105907 -0.136643 -0.0240953 -2.09726 -6.414 -8.29249 -7.4851 -6.43369 -5.71386 -5.26317 -4.78448 -4.36064 -3.99535 -3.64362 -3.28865 -2.91711 -2.5393 -2.18479 -1.85272 -1.55763 -1.29531 -1.00687 -0.704863
88.405 -0.106184 -0.137057 -0.0246479 -2.09773 -6.41428 -8.29275 -7.48539 -6.434 -5.71417 -5.26349 -4.78479 -4.36094 -3.99565 -3.6439 -3.28891 -2.91736 -2.53953 -2.185 -1.85291 -1.5578 -1.29546 -1.00699 -0.704954
88.455 -0.106461 -0.13747 -0.0251996 -2.09819 -6.41457 -8.29302 -7.48567 -6.4343 -5.71449 -5.2638 -4.7851 -4.36124 -3.99594 -3.64417 -3.28917 -2.9176 -2.53976 -2.18521 -1.8531 -1.55796 -1.2956 -1.00711 -0.705044
88.505 -0.106738 -0.137883 -0.0257504 -2.09865 -6.41485 -8.29328 -7.48595 -6.43461 -5.7148 -5.26411 -4.78541 -4.36155 -3.99623 -3.64445 -3.28944 -2.91785 -2.53999 -2.18542 -1.85329 -1.55813 -1.29574 -1.00722 -0.705135
88.555 -0.107014 -0.138295 -0.0263004 -2.09911 -6.41513 -8.29354 -7.48623 -6.43491 -5.71511 -5.26443 -4.78572 -4.36185 -3.99652 -3.64473 -3.2897 -2.91809 -2.54021 -2.18563 -1.85348 -1.5583 -1.29588 -1.00734 -0.705225
88.605 -0.10729 -0.138707 -0.0268494 -2.09957 -6.4154 -8.2938 -7.48652 -6.43521 -5.71542 -5.26474 -4.78603 -4.36215 -3.99681 -3.645 -3.28996 -2.91834 -2.54044 -2.18584 -1.85367 -1.55846 -1.29602 -1.00746 -0.705315
88.655 -0.107565 -0.139117 -0.0273976 -2.10003 -6.41568 -8.29406 -7.4868 -6.43551 -5.71573 -5.26505 -4.78634 -4.36245 -3.9971 -3.64528 -3.29022 -2.91858 -2.54067 -2.18604 -1.85385 -1.55863 -1.29616 -1.00757 -0.705405
88.705 -0.10784 -0.139527 -0.0279449 -2.10049 -6.41596 -8.29432 -7.48708 -6.43581 -5.71605 -5.26536 -4.78665 -4.36275 -3.99739 -3.64555 -3.29048 -2.91882 -2.54089 -2.18625 -1.85404 -1.55879 -1.2963 -1.00769 -0.705495
88.755 -0.108114 -0.139937 -0.0284914 -2.10095 -6.41624 -8.29458 -7.48736 -6.43611 -5.71636 -5.26567 -4.78696 -4.36305 -3.99768 -3.64583 -3.29074 -2.91906 -2.54112 -2.18646 -1.85423 -1.55896 -1.29645 -1.0078 -0.705585
88.805 -0.108388 -0.140346 -0.029037 -2.10141 -6.41652 -8.29484 -7.48764 -6.43641 -5.71667 -5.26598 -4.78726 -4.36335 -3.99797 -3.6461 -3.29099 -2.91931 -2.54134 -2.18666 -1.85441 -1.55912 -1.29659 -1.00792 -0.705674
88.855 -0.108662 -0.140754 -0.0295817 -2.10187 -6.4168 -8.2951 -7.48792 -6.43671 -5.71698 -5.26629 -4.78757 -4.36365 -3.99825 -3.64638 -3.29125 -2.91955 -2.54157 -2.18687 -1.8546 -1.55929 -1.29673 -1.00803 -0.705763
88.905 -0.108935 -0.141161 -0.0301256 -2.10232 -6.41707 -8.29536 -7.4882 -6.43701 -5.71728 -5.2666 -4.78788 -4.36395 -3.99854 -3.64665 -3.29151 -2.91979 -2.54179 -2.18708 -1.85478 -1.55945 -1.29686 -1.00815 -0.705852
88.955 -0.109208 -0.141568 -0.0306686 -2.10278 -6.41735 -8.29562 -7.48848 -6.43731 -5.71759 -5.26691 -4.78818 -4.36425 -3.99883 -3.64692 -3.29177 -2.92003 -2.54201 -2.18728 -1.85497 -1.55961 -1.297 -1.00827 -0.705941
89.005 -0.10948 -0.141974 -0.0312107 -2.10323 -6.41762 -8.29587 -7.48876 -6.43761 -5.7179 -5.26722 -4.78849 -4.36455 -3.99912 -3.6472 -3.29202 -2.92027 -2.54224 -2.18749 -1.85516 -1.55978 -1.29714 -1.00838 -0.70603
89.055 -0.109752 -0.14238 -0.031752 -2.10369 -6.4179 -8.29613 -7.48903 -6.43791 -5.71821 -5.26753 -4.78879 -4.36485 -3.9994 -3.64747 -3.29228 -2.92051 -2.54246 -2.18769 -1.85534 -1.55994 -1.29728 -1.00849 -0.706119
89.105 -0.110023 -0.142785 -0.0322924 -2.10414 -6.41817 -8.29639 -7.48931 -6.4382 -5.71851 -5.26783 -4.7891 -4.36514 -3.99969 -3.64774 -3.29254 -2.92075 -2.54268 -2.18789 -1.85552 -1.5601 -1.29742 -1.00861 -0.706207
89.155 -0.110294 -0.143189 -0.032832 -2.10459 -6.41845 -8.29664 -7.48959 -6.4385 -5.71882 -5.26814 -4.7894 -4.36544 -3.99997 -3.64801 -3.29279 -2.92099 -2.5429 -2.1881 -1.85571 -1.56026 -1.29756 -1.00872 -0.706295
89.205 -0.110564 -0.143593 -0.0333707 -2.10504 -6.41872 -8.2969 -7.48986 -6.4388 -5.71913 -5.26845 -4.78971 -4.36574 -4.00026 -3.64828 -3.29305 -2.92123 -2.54313 -2.1883 -1.85589 -1.56042 -1.2977 -1.00884 -0.706383
89.255 -0.110834 -0.143995 -0.0339085 -2.1055 -6.419 -8.29716 -7.49014 -6.43909 -5.71943 -5.26875 -4.79001 -4.36603 -4.00054 -3.64855 -3.2933 -2.92147 -2.54335 -2.1885 -1.85607 -1.56059 -1.29784 -1.00895 -0.706471
89.305 -0.111104 -0.144398 -0.0344455 -2.10595 -6.41927 -8.29741 -7.49042 -6.43939 -5.71974 -5.26906 -4.79031 -4.36633 -4.00082 -3.64882 -3.29356 -2.9217 -2.54357 -2.18871 -1.85626 -1.56075 -1.29797 -1.00906 -0.706559
89.355 -0.111373 -0.144799 -0.0349816 -2.1064 -6.41954 -8.29767 -7.49069 -6.43968 -5.72004 -5.26936 -4.79061 -4.36662 -4.00111 -3.64909 -3.29381 -2.92194 -2.54379 -2.18891 -1.85644 -1.56091 -1.29811 -1.00918 -0.706646
89.405 -0.111642 -0.145201 -0.0355169 -2.10684 -6.41982 -8.29792 -7.49097 -6.43998 -5.72035 -5.26967 -4.79091 -4.36692 -4.00139 -3.64936 -3.29406 -2.92218 -2.54401 -2.18911 -1.85662 -1.56107 -1.29825 -1.00929 -0.706733
89.455 -0.11191 -0.145601 -0.0360514 -2.10729 -6.42009 -8.29817 -7.49124 -6.44027 -5.72065 -5.26997 -4.79121 -4.36721 -4.00167 -3.64963 -3.29432 -2.92242 -2.54423 -2.18931 -1.8568 -1.56123 -1.29838 -1.0094 -0.70682
89.505 -0.112178 -0.146001 -0.036585 -2.10774 -6.42036 -8.29843 -7.49151 -6.44057 -5.72095 -5.27027 -4.79151 -4.3675 -4.00195 -3.6499 -3.29457 -2.92265 -2.54445 -2.18951 -1.85699 -1.56139 -1.29852 -1.00952 -0.706907
89.555 -0.112446 -0.1464 -0.0371177 -2.10819 -6.42063 -8.29868 -7.49179 -6.44086 -5.72125 -5.27057 -4.79181 -4.36779 -4.00224 -3.65016 -3.29482 -2.92289 -2.54467 -2.18971 -1.85717 -1.56155 -1.29866 -1.00963 -0.706994
89.605 -0.112713 -0.146798 -0.0376496 -2.10863 -6.4209 -8.29893 -7.49206 -6.44115 -5.72156 -5.27088 -4.79211 -4.36809 -4.00252 -3.65043 -3.29507 -2.92312 -2.54489 -2.18991 -1.85735 -1.56171 -1.29879 -1.00974 -0.707081
89.655 -0.112979 -0.147196 -0.0381806 -2.10908 -6.42117 -8.29919 -7.49233 -6.44144 -5.72186 -5.27118 -4.79241 -4.36838 -4.0028 -3.6507 -3.29532 -2.92336 -2.5451 -2.19011 -1.85753 -1.56187 -1.29893 -1.00985 -0.707167
89.705 -0.113246 -0.147593 -0.0387108 -2.10952 -6.42144 -8.29944 -7.49261 -6.44173 -5.72216 -5.27148 -4.79271 -4.36867 -4.00308 -3.65096 -3.29557 -2.92359 -2.54532 -2.19031 -1.85771 -1.56203 -1.29906 -1.00996 -0.707254
89.755 -0.113511 -0.14799 -0.0392402 -2.10997 -6.42171 -8.29969 -7.49288 -6.44203 -5.72246 -5.27178 -4.79301 -4.36896 -4.00336 -3.65123 -3.29582 -2.92383 -2.54554 -2.19051 -1.85789 -1.56219 -1.2992 -1.01007 -0.70734
89.805 -0.113777 -0.148386 -0.0397687 -2.11041 -6.42198 -8.29994 -7.49315 -6.44232 -5.72276 -5.27208 -4.79331 -4.36925 -4.00363 -3.65149 -3.29607 -2.92406 -2.54576 -2.19071 -1.85807 -1.56234 -1.29933 -1.01019 -0.707426
89.855 -0.114042 -0.148781 -0.0402964 -2.11085 -6.42225 -8.30019 -7.49342 -6.44261 -5.72306 -5.27238 -4.7936 -4.36954 -4.00391 -3.65176 -3.29632 -2.92429 -2.54597 -2.19091 -1.85825 -1.5625 -1.29947 -1.0103 -0.707511
89.905 -0.114306 -0.149176 -0.0408232 -2.1113 -6.42252 -8.30044 -7.49369 -6.4429 -5.72336 -5.27268 -4.7939 -4.36983 -4.00419 -3.65202 -3.29657 -2.92453 -2.54619 -2.19111 -1.85843 -1.56266 -1.2996 -1.01041 -0.707597
89.955 -0.11457 -0.14957 -0.0413492 -2.11174 -6.42278 -8.30069 -7.49396 -6.44319 -5.72366 -5.27298 -4.7942 -4.37012 -4.00447 -3.65229 -3.29682 -2.92476 -2.5464 -2.19131 -1.8586 -1.56282 -1.29974 -1.01052 -0.707682
90.005 -0.114834 -0.149963 -0.0418744 -2.11218 -6.42305 -8.30094 -7.49423 -6.44347 -5.72395 -5.27328 -4.79449 -4.37041 -4.00474 -3.65255 -3.29707 -2.92499 -2.54662 -2.1915 -1.85878 -1.56297 -1.29987 -1.01063 -0.707768
90.055 -0.115097 -0.150356 -0.0423987 -2.11262 -6.42332 -8.30119 -7.4945 -6.44376 -5.72425 -5.27357 -4.79479 -4.37069 -4.00502 -3.65281 -3.29732 -2.92522 -2.54683 -2.1917 -1.85896 -1.56313 -1.3 -1.01074 -0.707853
90.105 -0.11536 -0.150748 -0.0429222 -2.11306 -6.42358 -8.30144 -7.49477 -6.44405 -5.72455 -5.27387 -4.79508 -4.37098 -4.0053 -3.65307 -3.29756 -2.92545 -2.54705 -2.1919 -1.85914 -1.56329 -1.30014 -1.01085 -0.707938
90.155 -0.115622 -0.15114 -0.0434449 -2.1135 -6.42385 -8.30169 -7.49504 -6.44434 -5.72485 -5.27417 -4.79537 -4.37127 -4.00557 -3.65334 -3.29781 -2.92569 -2.54726 -2.19209 -1.85932 -1.56344 -1.30027 -1.01096 -0.708022
90.205 -0.115884 -0.151531 -0.0439667 -2.11393 -6.42412 -8.30194 -7.4953 -6.44462 -5.72514 -5.27447 -4.79567 -4.37155 -4.00585 -3.6536 -3.29806 -2.92592 -2.54748 -2.19229 -1.85949 -1.5636 -1.3004 -1.01107 -0.708107
90.255 -0.116146 -0.151921 -0.0444877 -2.11437 -6.42438 -8.30219 -7.49557 -6.44491 -5.72544 -5.27476 -4.79596 -4.37184 -4.00612 -3.65386 -3.2983 -2.92615 -2.54769 -2.19249 -1.85967 -1.56375 -1.30054 -1.01118 -0.708191
90.305 -0.116407 -0.152311 -0.0450079 -2.11481 -6.42465 -8.30243 -7.49584 -6.4452 -5.72573 -5.27506 -4.79625 -4.37212 -4.0064 -3.65412 -3.29855 -2.92638 -2.5479 -2.19268 -1.85985 -1.56391 -1.30067 -1.01129 -0.708275
90.355 -0.116667 -0.1527 -0.0455273 -2.11524 -6.42491 -8.30268 -7.49611 -6.44548 -5.72603 -5.27535 -4.79654 -4.37241 -4.00667 -3.65438 -3.29879 -2.9266 -2.54812 -2.19288 -1.86002 -1.56406 -1.3008 -1.01139 -0.70836
90.405 -0.116928 -0.153088 -0.0460458 -2.11568 -6.42517 -8.30293 -7.49637 -6.44577 -5.72632 -5.27565 -4.79684 -4.37269 -4.00694 -3.65464 -3.29904 -2.92683 -2.54833 -2.19307 -1.8602 -1.56422 -1.30093 -1.0115 -0.708443
90.455 -0.117188 -0.153476 -0.0465635 -2.11611 -6.42544 -8.30317 -7.49664 -6.44605 -5.72662 -5.27594 -4.79713 -4.37298 -4.00722 -3.6549 -3.29928 -2.92706 -2.54854 -2.19326 -1.86037 -1.56437 -1.30106 -1.01161 -0.708527
90.505 -0.117447 -0.153863 -0.0470803 -2.11655 -6.4257 -8.30342 -7.4969 -6.44634 -5.72691 -5.27623 -4.79742 -4.37326 -4.00749 -3.65516 -3.29953 -2.92729 -2.54875 -2.19346 -1.86055 -1.56453 -1.3012 -1.01172 -0.708611
90.555 -0.117706 -0.15425 -0.0475964 -2.11698 -6.42596 -8.30366 -7.49717 -6.44662 -5.7272 -5.27653 -4.79771 -4.37354 -4.00776 -3.65542 -3.29977 -2.92752 -2.54896 -2.19365 -1.86072 -1.56468 -1.30133 -1.01183 -0.708694
90.605 -0.117965 -0.154636 -0.0481116 -2.11741 -6.42622 -8.30391 -7.49743 -6.4469 -5.72749 -5.27682 -4.798 -4.37383 -4.00803 -3.65567 -3.30001 -2.92774 -2.54917 -2.19384 -1.8609 -1.56483 -1.30146 -1.01194 -0.708777
90.655 -0.118223 -0.155021 -0.048626 -2.11784 -6.42649 -8.30415 -7.4977 -6.44719 -5.72779 -5.27711 -4.79829 -4.37411 -4.0083 -3.65593 -3.30025 -2.92797 -2.54939 -2.19404 -1.86107 -1.56499 -1.30159 -1.01204 -0.70886
90.705 -0.118481 -0.155406 -0.0491396 -2.11827 -6.42675 -8.3044 -7.49796 -6.44747 -5.72808 -5.2774 -4.79858 -4.37439 -4.00857 -3.65619 -3.3005 -2.9282 -2.5496 -2.19423 -1.86124 -1.56514 -1.30172 -1.01215 -0.708943
90.755 -0.118738 -0.15579 -0.0496524 -2.1187 -6.42701 -8.30464 -7.49822 -6.44775 -5.72837 -5.27769 -4.79886 -4.37467 -4.00884 -3.65644 -3.30074 -2.92842 -2.54981 -2.19442 -1.86142 -1.56529 -1.30185 -1.01226 -0.709026
90.805 -0.118995 -0.156173 -0.0501644 -2.11913 -6.42727 -8.30488 -7.49849 -6.44803 -5.72866 -5.27798 -4.79915 -4.37495 -4.00911 -3.6567 -3.30098 -2.92865 -2.55001 -2.19461 -1.86159 -1.56545 -1.30198 -1.01237 -0.709109
90.855 -0.119252 -0.156556 -0.0506755 -2.11956 -6.42753 -8.30513 -7.49875 -6.44831 -5.72895 -5.27827 -4.79944 -4.37523 -4.00938 -3.65696 -3.30122 -2.92888 -2.55022 -2.19481 -1.86176 -1.5656 -1.30211 -1.01247 -0.709191
90.905 -0.119508 -0.156939 -0.0511858 -2.11999 -6.42779 -8.30537 -7.49901 -6.44859 -5.72924 -5.27856 -4.79973 -4.37551 -4.00965 -3.65721 -3.30146 -2.9291 -2.55043 -2.195 -1.86193 -1.56575 -1.30224 -1.01258 -0.709273
90.955 -0.119763 -0.15732 -0.0516953 -2.12042 -6.42805 -8.30561 -7.49927 -6.44887 -5.72953 -5.27885 -4.80001 -4.37579 -4.00992 -3.65747 -3.3017 -2.92932 -2.55064 -2.19519 -1.86211 -1.5659 -1.30237 -1.01268 -0.709355
91.005 -0.120019 -0.157701 -0.052204 -2.12084 -6.42831 -8.30585 -7.49953 -6.44915 -5.72982 -5.27914 -4.8003 -4.37607 -4.01019 -3.65772 -3.30194 -2.92955 -2.55085 -2.19538 -1.86228 -1.56605 -1.30249 -1.01279 -0.709437
91.055 -0.120274 -0.158082 -0.0527119 -2.12127 -6.42857 -8.30609 -7.49979 -6.44943 -5.7301 -5.27943 -4.80058 -4.37635 -4.01045 -3.65798 -3.30218 -2.92977 -2.55106 -2.19557 -1.86245 -1.5662 -1.30262 -1.0129 -0.709519
91.105 -0.120528 -0.158462 -0.053219 -2.1217 -6.42882 -8.30634 -7.50005 -6.44971 -5.73039 -5.27972 -4.80087 -4.37662 -4.01072 -3.65823 -3.30242 -2.93 -2.55126 -2.19576 -1.86262 -1.56635 -1.30275 -1.013 -0.709601
91.155 -0.120782 -0.158841 -0.0537253 -2.12212 -6.42908 -8.30658 -7.50031 -6.44999 -5.73068 -5.28 -4.80115 -4.3769 -4.01099 -3.65848 -3.30266 -2.93022 -2.55147 -2.19595 -1.86279 -1.5665 -1.30288 -1.01311 -0.709682
91.205 -0.121036 -0.159219 -0.0542308 -2.12254 -6.42934 -8.30682 -7.50057 -6.45027 -5.73097 -5.28029 -4.80144 -4.37718 -4.01125 -3.65873 -3.30289 -2.93044 -2.55168 -2.19614 -1.86296 -1.56665 -1.30301 -1.01321 -0.709763
91.255 -0.121289 -0.159597 -0.0547354 -2.12297 -6.42959 -8.30706 -7.50083 -6.45054 -5.73125 -5.28058 -4.80172 -4.37746 -4.01152 -3.65899 -3.30313 -2.93066 -2.55188 -2.19632 -1.86313 -1.5668 -1.30314 -1.01332 -0.709845
91.305 -0.121542 -0.159975 -0.0552393 -2.12339 -6.42985 -8.3073 -7.50109 -6.45082 -5.73154 -5.28086 -4.802 -4.37773 -4.01178 -3.65924 -3.30337 -2.93088 -2.55209 -2.19651 -1.8633 -1.56695 -1.30326 -1.01342 -0.709925
91.355 -0.121795 -0.160352 -0.0557423 -2.12381 -6.43011 -8.30753 -7.50135 -6.4511 -5.73182 -5.28115 -4.80228 -4.37801 -4.01205 -3.65949 -3.30361 -2.93111 -2.55229 -2.1967 -1.86347 -1.5671 -1.30339 -1.01353 -0.710006
91.405 -0.122047 -0.160728 -0.0562446 -2.12423 -6.43036 -8.30777 -7.50161 -6.45137 -5.73211 -5.28143 -4.80257 -4.37828 -4.01231 -3.65974 -3.30384 -2.93133 -2.5525 -2.19689 -1.86364 -1.56725 -1.30352 -1.01363 -0.710087
91.455 -0.122298 -0.161103 -0.0567461 -2.12465 -6.43062 -8.30801 -7.50186 -6.45165 -5.73239 -5.28172 -4.80285 -4.37856 -4.01258 -3.65999 -3.30408 -2.93155 -2.5527 -2.19708 -1.86381 -1.5674 -1.30364 -1.01374 -0.710167
91.505 -0.12255 -0.161478 -0.0572467 -2.12507 -6.43087 -8.30825 -7.50212 -6.45192 -5.73268 -5.282 -4.80313 -4.37883 -4.01284 -3.66024 -3.30431 -2.93177 -2.55291 -2.19726 -1.86398 -1.56755 -1.30377 -1.01384 -0.710248
91.555 -0.1228 -0.161853 -0.0577466 -2.12549 -6.43113 -8.30849 -7.50238 -6.4522 -5.73296 -5.28229 -4.80341 -4.3791 -4.0131 -3.66049 -3.30455 -2.93199 -2.55311 -2.19745 -1.86415 -1.5677 -1.3039 -1.01394 -0.710328
91.605 -0.123051 -0.162227 -0.0582456 -2.12591 -6.43138 -8.30872 -7.50263 -6.45247 -5.73324 -5.28257 -4.80369 -4.37938 -4.01336 -3.66074 -3.30478 -2.93221 -2.55331 -2.19763 -1.86431 -1.56785 -1.30402 -1.01405 -0.710408
91.655 -0.123301 -0.1626 -0.0587439 -2.12633 -6.43163 -8.30896 -7.50289 -6.45275 -5.73352 -5.28285 -4.80397 -4.37965 -4.01363 -3.66099 -3.30502 -2.93242 -2.55352 -2.19782 -1.86448 -1.56799 -1.30415 -1.01415 -0.710488
91.705 -0.123551 -0.162972 -0.0592414 -2.12675 -6.43189 -8.3092 -7.50314 -6.45302 -5.73381 -5.28313 -4.80425 -4.37992 -4.01389 -3.66124 -3.30525 -2.93264 -2.55372 -2.19801 -1.86465 -1.56814 -1.30427 -1.01426 -0.710567
91.755 -0.1238 -0.163344 -0.0597381 -2.12716 -6.43214 -8.30943 -7.5034 -6.45329 -5.73409 -5.28342 -4.80453 -4.38019 -4.01415 -3.66149 -3.30548 -2.93286 -2.55392 -2.19819 -1.86482 -1.56829 -1.3044 -1.01436 -0.710647
91.805 -0.124049 -0.163716 -0.0602339 -2.12758 -6.43239 -8.30967 -7.50365 -6.45357 -5.73437 -5.2837 -4.80481 -4.38047 -4.01441 -3.66173 -3.30572 -2.93308 -2.55412 -2.19838 -1.86498 -1.56843 -1.30452 -1.01446 -0.710726
91.855 -0.124297 -0.164087 -0.060729 -2.128 -6.43264 -8.3099 -7.50391 -6.45384 -5.73465 -5.28398 -4.80508 -4.38074 -4.01467 -3.66198 -3.30595 -2.9333 -2.55432 -2.19856 -1.86515 -1.56858 -1.30465 -1.01456 -0.710806
91.905 -0.124545 -0.164457 -0.0612233 -2.12841 -6.4329 -8.31014 -7.50416 -6.45411 -5.73493 -5.28426 -4.80536 -4.38101 -4.01493 -3.66223 -3.30618 -2.93351 -2.55453 -2.19875 -1.86532 -1.56873 -1.30477 -1.01467 -0.710885
91.955 -0.124793 -0.164826 -0.0617169 -2.12882 -6.43315 -8.31037 -7.50441 -6.45438 -5.73521 -5.28454 -4.80564 -4.38128 -4.01519 -3.66247 -3.30641 -2.93373 -2.55473 -2.19893 -1.86548 -1.56887 -1.3049 -1.01477 -0.710963
92.005 -0.12504 -0.165195 -0.0622096 -2.12924 -6.4334 -8.31061 -7.50467 -6.45465 -5.73549 -5.28482 -4.80592 -4.38155 -4.01545 -3.66272 -3.30665 -2.93395 -2.55493 -2.19911 -1.86565 -1.56902 -1.30502 -1.01487 -0.711042
92.055 -0.125287 -0.165564 -0.0627015 -2.12965 -6.43365 -8.31084 -7.50492 -6.45492 -5.73577 -5.2851 -4.80619 -4.38182 -4.01571 -3.66296 -3.30688 -2.93416 -2.55513 -2.1993 -1.86581 -1.56916 -1.30514 -1.01497 -0.711121
92.105 -0.125533 -0.165932 -0.0631927 -2.13006 -6.4339 -8.31108 -7.50517 -6.45519 -5.73605 -5.28537 -4.80647 -4.38208 -4.01596 -3.66321 -3.30711 -2.93438 -2.55533 -2.19948 -1.86598 -1.56931 -1.30527 -1.01507 -0.711199
92.155 -0.12578 -0.166299 -0.0636831 -2.13047 -6.43415 -8.31131 -7.50542 -6.45546 -5.73632 -5.28565 -4.80674 -4.38235 -4.01622 -3.66345 -3.30734 -2.93459 -2.55553 -2.19966 -1.86614 -1.56945 -1.30539 -1.01518 -0.711278
92.205 -0.126025 -0.166666 -0.0641727 -2.13089 -6.4344 -8.31154 -7.50567 -6.45573 -5.7366 -5.28593 -4.80702 -4.38262 -4.01648 -3.6637 -3.30757 -2.93481 -2.55573 -2.19984 -1.86631 -1.5696 -1.30551 -1.01528 -0.711356
92.255 -0.12627 -0.167032 -0.0646615 -2.1313 -6.43465 -8.31177 -7.50593 -6.456 -5.73688 -5.28621 -4.80729 -4.38289 -4.01673 -3.66394 -3.3078 -2.93502 -2.55592 -2.20003 -1.86647 -1.56974 -1.30564 -1.01538 -0.711434
92.305 -0.126515 -0.167397 -0.0651495 -2.1317 -6.43489 -8.312 -7.50618 -6.45627 -5.73716 -5.28648 -4.80756 -4.38315 -4.01699 -3.66419 -3.30803 -2.93524 -2.55612 -2.20021 -1.86663 -1.56989 -1.30576 -1.01548 -0.711511
92.355 -0.12676 -0.167762 -0.0656368 -2.13211 -6.43514 -8.31224 -7.50643 -6.45654 -5.73743 -5.28676 -4.80784 -4.38342 -4.01725 -3.66443 -3.30825 -2.93545 -2.55632 -2.20039 -1.8668 -1.57003 -1.30588 -1.01558 -0.711589
92.405 -0.127004 -0.168127 -0.0661233 -2.13252 -6.43539 -8.31247 -7.50668 -6.4568 -5.73771 -5.28704 -4.80811 -4.38369 -4.0175 -3.66467 -3.30848 -2.93566 -2.55652 -2.20057 -1.86696 -1.57017 -1.306 -1.01568 -0.711667
92.455 -0.127248 -0.16849 -0.066609 -2.13293 -6.43564 -8.3127 -7.50692 -6.45707 -5.73798 -5.28731 -4.80838 -4.38395 -4.01776 -3.66491 -3.30871 -2.93588 -2.55672 -2.20075 -1.86712 -1.57032 -1.30613 -1.01578 -0.711744
92.505 -0.127491 -0.168853 -0.0670939 -2.13334 -6.43588 -8.31293 -7.50717 -6.45734 -5.73826 -5.28759 -4.80866 -4.38422 -4.01801 -3.66515 -3.30894 -2.93609 -2.55691 -2.20093 -1.86729 -1.57046 -1.30625 -1.01588 -0.711821
92.555 -0.127734 -0.169216 -0.067578 -2.13374 -6.43613 -8.31316 -7.50742 -6.4576 -5.73853 -5.28786 -4.80893 -4.38448 -4.01827 -3.6654 -3.30916 -2.9363 -2.55711 -2.20111 -1.86745 -1.5706 -1.30637 -1.01598 -0.711898
92.605 -0.127976 -0.169578 -0.0680614 -2.13415 -6.43637 -8.31339 -7.50767 -6.45787 -5.73881 -5.28813 -4.8092 -4.38475 -4.01852 -3.66564 -3.30939 -2.93651 -2.55731 -2.20129 -1.86761 -1.57074 -1.30649 -1.01608 -0.711975
92.655 -0.128219 -0.16994 -0.068544 -2.13455 -6.43662 -8.31362 -7.50792 -6.45813 -5.73908 -5.28841 -4.80947 -4.38501 -4.01877 -3.66588 -3.30962 -2.93672 -2.5575 -2.20147 -1.86777 -1.57089 -1.30661 -1.01618 -0.712052
92.705 -0.12846 -0.1703 -0.0690258 -2.13496 -6.43687 -8.31385 -7.50816 -6.4584 -5.73935 -5.28868 -4.80974 -4.38527 -4.01903 -3.66612 -3.30984 -2.93693 -2.5577 -2.20165 -1.86793 -1.57103 -1.30673 -1.01628 -0.712129
92.755 -0.128702 -0.170661 -0.0695069 -2.13536 -6.43711 -8.31408 -7.50841 -6.45866 -5.73963 -5.28895 -4.81001 -4.38554 -4.01928 -3.66636 -3.31007 -2.93715 -2.55789 -2.20183 -1.86809 -1.57117 -1.30685 -1.01638 -0.712205
92.805 -0.128943 -0.17102 -0.0699872 -2.13576 -6.43735 -8.3143 -7.50866 -6.45893 -5.7399 -5.28922 -4.81028 -4.3858 -4.01953 -3.6666 -3.31029 -2.93736 -2.55809 -2.20201 -1.86825 -1.57131 -1.30697 -1.01648 -0.712281
92.855 -0.129183 -0.171379 -0.0704667 -2.13617 -6.4376 -8.31453 -7.5089 -6.45919 -5.74017 -5.2895 -4.81055 -4.38606 -4.01978 -3.66683 -3.31052 -2.93757 -2.55828 -2.20218 -1.86841 -1.57145 -1.30709 -1.01658 -0.712357
92.905 -0.129423 -0.171738 -0.0709455 -2.13657 -6.43784 -8.31476 -7.50915 -6.45945 -5.74044 -5.28977 -4.81081 -4.38632 -4.02003 -3.66707 -3.31074 -2.93778 -2.55848 -2.20236 -1.86857 -1.57159 -1.30721 -1.01667 -0.712434
92.955 -0.129663 -0.172096 -0.0714235 -2.13697 -6.43809 -8.31499 -7.50939 -6.45971 -5.74071 -5.29004 -4.81108 -4.38658 -4.02028 -3.66731 -3.31097 -2.93798 -2.55867 -2.20254 -1.86873 -1.57173 -1.30733 -1.01677 -0.712509
93.005 -0.129903 -0.172453 -0.0719007 -2.13737 -6.43833 -8.31521 -7.50964 -6.45998 -5.74098 -5.29031 -4.81135 -4.38684 -4.02053 -3.66755 -3.31119 -2.93819 -2.55886 -2.20272 -1.86889 -1.57187 -1.30745 -1.01687 -0.712585
93.055 -0.130142 -0.17281 -0.0723772 -2.13777 -6.43857 -8.31544 -7.50988 -6.46024 -5.74125 -5.29058 -4.81162 -4.3871 -4.02078 -3.66779 -3.31141 -2.9384 -2.55906 -2.20289 -1.86905 -1.57201 -1.30757 -1.01697 -0.712661
93.105 -0.13038 -0.173166 -0.0728529 -2.13817 -6.43881 -8.31567 -7.51013 -6.4605 -5.74152 -5.29085 -4.81188 -4.38736 -4.02103 -3.66802 -3.31164 -2.93861 -2.55925 -2.20307 -1.86921 -1.57215 -1.30769 -1.01707 -0.712736
93.155 -0.130619 -0.173522 -0.0733279 -2.13857 -6.43905 -8.31589 -7.51037 -6.46076 -5.74179 -5.29112 -4.81215 -4.38762 -4.02128 -3.66826 -3.31186 -2.93882 -2.55944 -2.20324 -1.86937 -1.57229 -1.30781 -1.01716 -0.712811
93.205 -0.130857 -0.173877 -0.0738021 -2.13896 -6.4393 -8.31612 -7.51061 -6.46102 -5.74206 -5.29139 -4.81242 -4.38788 -4.02153 -3.66849 -3.31208 -2.93902 -2.55963 -2.20342 -1.86953 -1.57243 -1.30793 -1.01726 -0.712886
93.255 -0.131094 -0.174232 -0.0742755 -2.13936 -6.43954 -8.31634 -7.51086 -6.46128 -5.74233 -5.29165 -4.81268 -4.38814 -4.02178 -3.66873 -3.3123 -2.93923 -2.55983 -2.2036 -1.86969 -1.57257 -1.30805 -1.01736 -0.712961
93.305 -0.131331 -0.174586 -0.0747482 -2.13976 -6.43978 -8.31657 -7.5111 -6.46154 -5.74259 -5.29192 -4.81295 -4.3884 -4.02203 -3.66897 -3.31252 -2.93944 -2.56002 -2.20377 -1.86984 -1.57271 -1.30816 -1.01746 -0.713036
93.355 -0.131568 -0.174939 -0.0752201 -2.14015 -6.44002 -8.31679 -7.51134 -6.4618 -5.74286 -5.29219 -4.81321 -4.38866 -4.02227 -3.6692 -3.31274 -2.93964 -2.56021 -2.20395 -1.87 -1.57285 -1.30828 -1.01755 -0.713111
93.405 -0.131804 -0.175292 -0.0756913 -2.14055 -6.44026 -8.31701 -7.51158 -6.46206 -5.74313 -5.29246 -4.81347 -4.38891 -4.02252 -3.66943 -3.31296 -2.93985 -2.5604 -2.20412 -1.87016 -1.57299 -1.3084 -1.01765 -0.713185
93.455 -0.13204 -0.175644 -0.0761617 -2.14094 -6.4405 -8.31724 -7.51183 -6.46232 -5.7434 -5.29272 -4.81374 -4.38917 -4.02277 -3.66967 -3.31318 -2.94006 -2.56059 -2.20429 -1.87032 -1.57313 -1.30852 -1.01775 -0.71326
93.505 -0.132276 -0.175996 -0.0766314 -2.14134 -6.44073 -8.31746 -7.51207 -6.46257 -5.74366 -5.29299 -4.814 -4.38943 -4.02301 -3.6699 -3.3134 -2.94026 -2.56078 -2.20447 -1.87047 -1.57326 -1.30863 -1.01784 -0.713334
93.555 -0.132511 -0.176347 -0.0771003 -2.14173 -6.44097 -8.31768 -7.51231 -6.46283 -5.74393 -5.29325 -4.81426 -4.38968 -4.02326 -3.67013 -3.31362 -2.94047 -2.56097 -2.20464 -1.87063 -1.5734 -1.30875 -1.01794 -0.713408
93.605 -0.132746 -0.176698 -0.0775685 -2.14212 -6.44121 -8.31791 -7.51255 -6.46309 -5.74419 -5.29352 -4.81453 -4.38994 -4.0235 -3.67037 -3.31384 -2.94067 -2.56116 -2.20481 -1.87078 -1.57354 -1.30887 -1.01804 -0.713482
93.655 -0.13298 -0.177048 -0.0780359 -2.14252 -6.44145 -8.31813 -7.51279 -6.46335 -5.74446 -5.29378 -4.81479 -4.39019 -4.02375 -3.6706 -3.31406 -2.94087 -2.56135 -2.20499 -1.87094 -1.57367 -1.30898 -1.01813 -0.713556
93.705 -0.133215 -0.177397 -0.0785025 -2.14291 -6.44169 -8.31835 -7.51303 -6.4636 -5.74472 -5.29405 -4.81505 -4.39045 -4.02399 -3.67083 -3.31428 -2.94108 -2.56154 -2.20516 -1.8711 -1.57381 -1.3091 -1.01823 -0.713629
93.755 -0.133448 -0.177746 -0.0789685 -2.1433 -6.44192 -8.31857 -7.51327 -6.46386 -5.74499 -5.29431 -4.81531 -4.3907 -4.02424 -3.67106 -3.3145 -2.94128 -2.56172 -2.20533 -1.87125 -1.57395 -1.30922 -1.01832 -0.713703
93.805 -0.133682 -0.178094 -0.0794336 -2.14369 -6.44216 -8.31879 -7.5135 -6.46411 -5.74525 -5.29457 -4.81557 -4.39095 -4.02448 -3.67129 -3.31471 -2.94148 -2.56191 -2.2055 -1.87141 -1.57408 -1.30933 -1.01842 -0.713776
93.855 -0.133915 -0.178442 -0.0798981 -2.14408 -6.4424 -8.31901 -7.51374 -6.46437 -5.74551 -5.29484 -4.81583 -4.39121 -4.02472 -3.67152 -3.31493 -2.94169 -2.5621 -2.20568 -1.87156 -1.57422 -1.30945 -1.01851 -0.71385
93.905 -0.134147 -0.178789 -0.0803618 -2.14447 -6.44263 -8.31923 -7.51398 -6.46462 -5.74577 -5.2951 -4.81609 -4.39146 -4.02496 -3.67176 -3.31515 -2.94189 -2.56229 -2.20585 -1.87171 -1.57436 -1.30956 -1.01861 -0.713923
93.955 -0.134379 -0.179136 -0.0808247 -2.14486 -6.44287 -8.31945 -7.51422 -6.46488 -5.74604 -5.29536 -4.81635 -4.39171 -4.02521 -3.67199 -3.31536 -2.94209 -2.56247 -2.20602 -1.87187 -1.57449 -1.30968 -1.0187 -0.713996
94.005 -0.134611 -0.179482 -0.0812869 -2.14524 -6.4431 -8.31967 -7.51445 -6.46513 -5.7463 -5.29562 -4.81661 -4.39197 -4.02545 -3.67221 -3.31558 -2.94229 -2.56266 -2.20619 -1.87202 -1.57463 -1.30979 -1.0188 -0.714068
94.055 -0.134843 -0.179828 -0.0817484 -2.14563 -6.44334 -8.31989 -7.51469 -6.46538 -5.74656 -5.29589 -4.81687 -4.39222 -4.02569 -3.67244 -3.31579 -2.94249 -2.56285 -2.20636 -1.87218 -1.57476 -1.30991 -1.01889 -0.714141
94.105 -0.135074 -0.180173 -0.0822091 -2.14602 -6.44357 -8.32011 -7.51493 -6.46564 -5.74682 -5.29615 -4.81712 -4.39247 -4.02593 -3.67267 -3.31601 -2.94269 -2.56303 -2.20653 -1.87233 -1.5749 -1.31002 -1.01898 -0.714214
94.155 -0.135304 -0.180517 -0.0826691 -2.1464 -6.44381 -8.32033 -7.51516 -6.46589 -5.74708 -5.29641 -4.81738 -4.39272 -4.02617 -3.6729 -3.31622 -2.94289 -2.56322 -2.2067 -1.87248 -1.57503 -1.31014 -1.01908 -0.714286
94.205 -0.135535 -0.180861 -0.0831284 -2.14679 -6.44404 -8.32055 -7.5154 -6.46614 -5.74734 -5.29667 -4.81764 -4.39297 -4.02641 -3.67313 -3.31644 -2.94309 -2.56341 -2.20687 -1.87263 -1.57516 -1.31025 -1.01917 -0.714358
94.255 -0.135765 -0.181204 -0.0835869 -2.14717 -6.44427 -8.32077 -7.51563 -6.46639 -5.7476 -5.29693 -4.8179 -4.39322 -4.02665 -3.67336 -3.31665 -2.94329 -2.56359 -2.20704 -1.87279 -1.5753 -1.31036 -1.01927 -0.71443
94.305 -0.135994 -0.181547 -0.0840447 -2.14756 -6.44451 -8.32098 -7.51587 -6.46665 -5.74786 -5.29718 -4.81815 -4.39347 -4.02689 -3.67358 -3.31687 -2.94349 -2.56377 -2.20721 -1.87294 -1.57543 -1.31048 -1.01936 -0.714502
94.355 -0.136224 -0.181889 -0.0845017 -2.14794 -6.44474 -8.3212 -7.5161 -6.4669 -5.74812 -5.29744 -4.81841 -4.39372 -4.02713 -3.67381 -3.31708 -2.94369 -2.56396 -2.20738 -1.87309 -1.57557 -1.31059 -1.01945 -0.714574
94.405 -0.136453 -0.182231 -0.084958 -2.14832 -6.44497 -8.32142 -7.51634 -6.46715 -5.74838 -5.2977 -4.81866 -4.39397 -4.02737 -3.67404 -3.31729 -2.94389 -2.56414 -2.20754 -1.87324 -1.5757 -1.3107 -1.01955 -0.714646
94.455 -0.136681 -0.182572 -0.0854136 -2.14871 -6.4452 -8.32163 -7.51657 -6.4674 -5.74863 -5.29796 -4.81892 -4.39422 -4.02761 -3.67426 -3.3175 -2.94409 -2.56433 -2.20771 -1.87339 -1.57583 -1.31082 -1.01964 -0.714717
94.505 -0.136909 -0.182913 -0.0858685 -2.14909 -6.44543 -8.32185 -7.5168 -6.46765 -5.74889 -5.29822 -4.81917 -4.39446 -4.02785 -3.67449 -3.31772 -2.94429 -2.56451 -2.20788 -1.87354 -1.57596 -1.31093 -1.01973 -0.714789
94.555 -0.137137 -0.183253 -0.0863226 -2.14947 -6.44567 -8.32207 -7.51704 -6.4679 -5.74915 -5.29847 -4.81943 -4.39471 -4.02808 -3.67471 -3.31793 -2.94449 -2.56469 -2.20805 -1.87369 -1.5761 -1.31104 -1.01982 -0.71486
94.605 -0.137364 -0.183592 -0.086776 -2.14985 -6.4459 -8.32228 -7.51727 -6.46814 -5.74941 -5.29873 -4.81968 -4.39496 -4.02832 -3.67494 -3.31814 -2.94468 -2.56488 -2.20821 -1.87385 -1.57623 -1.31115 -1.01992 -0.714931
94.655 -0.137591 -0.183931 -0.0872287 -2.15023 -6.44613 -8.3225 -7.5175 -6.46839 -5.74966 -5.29899 -4.81993 -4.3952 -4.02856 -3.67516 -3.31835 -2.94488 -2.56506 -2.20838 -1.874 -1.57636 -1.31127 -1.02001 -0.715002
94.705 -0.137818 -0.18427 -0.0876807 -2.15061 -6.44636 -8.32271 -7.51773 -6.46864 -5.74992 -5.29924 -4.82019 -4.39545 -4.02879 -3.67539 -3.31856 -2.94508 -2.56524 -2.20855 -1.87415 -1.57649 -1.31138 -1.0201 -0.715073
94.755 -0.138044 -0.184607 -0.0881319 -2.15099 -6.44659 -8.32292 -7.51796 -6.46889 -5.75017 -5.2995 -4.82044 -4.3957 -4.02903 -3.67561 -3.31877 -2.94527 -2.56542 -2.20871 -1.87429 -1.57662 -1.31149 -1.02019 -0.715143
94.805 -0.13827 -0.184945 -0.0885824 -2.15136 -6.44681 -8.32314 -7.5182 -6.46914 -5.75043 -5.29975 -4.82069 -4.39594 -4.02926 -3.67583 -3.31898 -2.94547 -2.5656 -2.20888 -1.87444 -1.57675 -1.3116 -1.02028 -0.715214
94.855 -0.138496 -0.185281 -0.0890322 -2.15174 -6.44704 -8.32335 -7.51843 -6.46938 -5.75068 -5.30001 -4.82094 -4.39619 -4.0295 -3.67606 -3.31919 -2.94566 -2.56579 -2.20904 -1.87459 -1.57689 -1.31171 -1.02037 -0.715284
94.905 -0.138721 -0.185618 -0.0894813 -2.15212 -6.44727 -8.32357 -7.51866 -6.46963 -5.75094 -5.30026 -4.82119 -4.39643 -4.02973 -3.67628 -3.3194 -2.94586 -2.56597 -2.20921 -1.87474 -1.57702 -1.31182 -1.02047 -0.715355
94.955 -0.138946 -0.185953 -0.0899296 -2.1525 -6.4475 -8.32378 -7.51889 -6.46988 -5.75119 -5.30051 -4.82144 -4.39668 -4.02997 -3.6765 -3.31961 -2.94606 -2.56615 -2.20937 -1.87489 -1.57715 -1.31194 -1.02056 -0.715425
95.005 -0.13917 -0.186289 -0.0903772 -2.15287 -6.44773 -8.32399 -7.51912 -6.47012 -5.75144 -5.30077 -4.8217 -4.39692 -4.0302 -3.67672 -3.31982 -2.94625 -2.56633 -2.20954 -1.87504 -1.57728 -1.31205 -1.02065 -0.715495
95.055 -0.139395 -0.186623 -0.0908241 -2.15325 -6.44796 -8.3242 -7.51935 -6.47037 -5.7517 -5.30102 -4.82194 -4.39716 -4.03044 -3.67695 -3.32003 -2.94644 -2.56651 -2.2097 -1.87519 -1.57741 -1.31216 -1.02074 -0.715565
95.105 -0.139618 -0.186957 -0.0912703 -2.15362 -6.44818 -8.32442 -7.51957 -6.47061 -5.75195 -5.30127 -4.82219 -4.39741 -4.03067 -3.67717 -3.32023 -2.94664 -2.56669 -2.20987 -1.87533 -1.57754 -1.31227 -1.02083 -0.715634
95.155 -0.139842 -0.187291 -0.0917158 -2.15399 -6.44841 -8.32463 -7.5198 -6.47086 -5.7522 -5.30152 -4.82244 -4.39765 -4.0309 -3.67739 -3.32044 -2.94683 -2.56686 -2.21003 -1.87548 -1.57767 -1.31238 -1.02092 -0.715704
95.205 -0.140065 -0.187624 -0.0921606 -2.15437 -6.44864 -8.32484 -7.52003 -6.4711 -5.75245 -5.30178 -4.82269 -4.39789 -4.03113 -3.67761 -3.32065 -2.94702 -2.56704 -2.21019 -1.87563 -1.5778 -1.31249 -1.02101 -0.715773
95.255 -0.140288 -0.187956 -0.0926046 -2.15474 -6.44886 -8.32505 -7.52026 -6.47134 -5.7527 -5.30203 -4.82294 -4.39813 -4.03136 -3.67783 -3.32086 -2.94722 -2.56722 -2.21036 -1.87578 -1.57792 -1.3126 -1.0211 -0.715843
95.305 -0.14051 -0.188288 -0.093048 -2.15511 -6.44909 -8.32526 -7.52049 -6.47159 -5.75296 -5.30228 -4.82319 -4.39837 -4.0316 -3.67805 -3.32106 -2.94741 -2.5674 -2.21052 -1.87592 -1.57805 -1.31271 -1.02119 -0.715912
95.355 -0.140732 -0.18862 -0.0934906 -2.15548 -6.44931 -8.32547 -7.52071 -6.47183 -5.75321 -5.30253 -4.82344 -4.39861 -4.03183 -3.67827 -3.32127 -2.9476 -2.56758 -2.21068 -1.87607 -1.57818 -1.31281 -1.02128 -0.715981
95.405 -0.140953 -0.18895 -0.0939325 -2.15585 -6.44954 -8.32568 -7.52094 -6.47207 -5.75346 -5.30278 -4.82368 -4.39886 -4.03206 -3.67848 -3.32147 -2.94779 -2.56776 -2.21085 -1.87621 -1.57831 -1.31292 -1.02137 -0.71605
95.455 -0.141175 -0.189281 -0.0943737 -2.15622 -6.44976 -8.32589 -7.52117 -6.47232 -5.75371 -5.30303 -4.82393 -4.3991 -4.03229 -3.6787 -3.32168 -2.94799 -2.56793 -2.21101 -1.87636 -1.57844 -1.31303 -1.02146 -0.716119
95.505 -0.141396 -0.18961 -0.0948142 -2.15659 -6.44999 -8.3261 -7.52139 -6.47256 -5.75396 -5.30328 -4.82418 -4.39934 -4.03252 -3.67892 -3.32188 -2.94818 -2.56811 -2.21117 -1.87651 -1.57857 -1.31314 -1.02155 -0.716187
95.555 -0.141616 -0.18994 -0.095254 -2.15696 -6.45021 -8.32631 -7.52162 -6.4728 -5.7542 -5.30353 -4.82442 -4.39957 -4.03275 -3.67914 -3.32209 -2.94837 -2.56829 -2.21133 -1.87665 -1.57869 -1.31325 -1.02164 -0.716256
95.605 -0.141836 -0.190268 -0.0956931 -2.15733 -6.45043 -8.32652 -7.52184 -6.47304 -5.75445 -5.30377 -4.82467 -4.39981 -4.03298 -3.67936 -3.32229 -2.94856 -2.56846 -2.21149 -1.8768 -1.57882 -1.31336 -1.02173 -0.716324
95.655 -0.142056 -0.190597 -0.0961315 -2.1577 -6.45066 -8.32672 -7.52207 -6.47328 -5.7547 -5.30402 -4.82491 -4.40005 -4.03321 -3.67957 -3.3225 -2.94875 -2.56864 -2.21165 -1.87694 -1.57895 -1.31347 -1.02181 -0.716392
95.705 -0.142276 -0.190924 -0.0965692 -2.15807 -6.45088 -8.32693 -7.52229 -6.47352 -5.75495 -5.30427 -4.82516 -4.40029 -4.03343 -3.67979 -3.3227 -2.94894 -2.56882 -2.21181 -1.87708 -1.57907 -1.31357 -1.0219 -0.71646
95.755 -0.142495 -0.191252 -0.0970062 -2.15843 -6.4511 -8.32714 -7.52252 -6.47376 -5.7552 -5.30452 -4.8254 -4.40053 -4.03366 -3.68001 -3.3229 -2.94913 -2.56899 -2.21197 -1.87723 -1.5792 -1.31368 -1.02199 -0.716528
95.805 -0.142713 -0.191578 -0.0974425 -2.1588 -6.45132 -8.32735 -7.52274 -6.474 -5.75544 -5.30476 -4.82564 -4.40077 -4.03389 -3.68022 -3.32311 -2.94932 -2.56917 -2.21213 -1.87737 -1.57933 -1.31379 -1.02208 -0.716596
95.855 -0.142932 -0.191904 -0.097878 -2.15916 -6.45154 -8.32755 -7.52296 -6.47424 -5.75569 -5.30501 -4.82589 -4.401 -4.03412 -3.68044 -3.32331 -2.94951 -2.56934 -2.21229 -1.87752 -1.57945 -1.3139 -1.02217 -0.716664
95.905 -0.14315 -0.19223 -0.0983129 -2.15953 -6.45177 -8.32776 -7.52319 -6.47448 -5.75593 -5.30525 -4.82613 -4.40124 -4.03434 -3.68065 -3.32351 -2.94969 -2.56951 -2.21245 -1.87766 -1.57958 -1.314 -1.02226 -0.716732
95.955 -0.143368 -0.192555 -0.0987471 -2.15989 -6.45199 -8.32797 -7.52341 -6.47472 -5.75618 -5.3055 -4.82637 -4.40147 -4.03457 -3.68087 -3.32371 -2.94988 -2.56969 -2.21261 -1.8778 -1.5797 -1.31411 -1.02234 -0.716799
96.005 -0.143585 -0.192879 -0.0991806 -2.16026 -6.45221 -8.32817 -7.52363 -6.47495 -5.75643 -5.30574 -4.82662 -4.40171 -4.0348 -3.68108 -3.32391 -2.95007 -2.56986 -2.21277 -1.87795 -1.57983 -1.31422 -1.02243 -0.716866
96.055 -0.143802 -0.193203 -0.0996134 -2.16062 -6.45243 -8.32838 -7.52385 -6.47519 -5.75667 -5.30599 -4.82686 -4.40195 -4.03502 -3.6813 -3.32411 -2.95026 -2.57004 -2.21293 -1.87809 -1.57996 -1.31432 -1.02252 -0.716934
96.105 -0.144019 -0.193527 -0.100045 -2.16098 -6.45265 -8.32858 -7.52407 -6.47543 -5.75691 -5.30623 -4.8271 -4.40218 -4.03525 -3.68151 -3.32431 -2.95045 -2.57021 -2.21309 -1.87823 -1.58008 -1.31443 -1.0226 -0.717001
96.155 -0.144235 -0.19385 -0.100477 -2.16134 -6.45287 -8.32879 -7.5243 -6.47566 -5.75716 -5.30648 -4.82734 -4.40242 -4.03547 -3.68172 -3.32452 -2.95063 -2.57038 -2.21325 -1.87837 -1.58021 -1.31453 -1.02269 -0.717068
96.205 -0.144451 -0.194172 -0.100908 -2.16171 -6.45308 -8.32899 -7.52452 -6.4759 -5.7574 -5.30672 -4.82758 -4.40265 -4.0357 -3.68194 -3.32472 -2.95082 -2.57056 -2.2134 -1.87851 -1.58033 -1.31464 -1.02278 -0.717134
96.255 -0.144667 -0.194494 -0.101338 -2.16207 -6.4533 -8.3292 -7.52474 -6.47614 -5.75765 -5.30696 -4.82782 -4.40288 -4.03592 -3.68215 -3.32491 -2.951 -2.57073 -2.21356 -1.87866 -1.58045 -1.31475 -1.02287 -0.717201
96.305 -0.144882 -0.194816 -0.101767 -2.16243 -6.45352 -8.3294 -7.52496 -6.47637 -5.75789 -5.30721 -4.82806 -4.40312 -4.03614 -3.68236 -3.32511 -2.95119 -2.5709 -2.21372 -1.8788 -1.58058 -1.31485 -1.02295 -0.717268
96.355 -0.145097 -0.195137 -0.102196 -2.16279 -6.45374 -8.32961 -7.52518 -6.47661 -5.75813 -5.30745 -4.8283 -4.40335 -4.03637 -3.68257 -3.32531 -2.95138 -2.57107 -2.21387 -1.87894 -1.5807 -1.31496 -1.02304 -0.717334
96.405 -0.145311 -0.195457 -0.102624 -2.16315 -6.45396 -8.32981 -7.5254 -6.47684 -5.75837 -5.30769 -4.82854 -4.40358 -4.03659 -3.68278 -3.32551 -2.95156 -2.57124 -2.21403 -1.87908 -1.58083 -1.31506 -1.02312 -0.7174
96.455 -0.145526 -0.195777 -0.103051 -2.1635 -6.45418 -8.33001 -7.52561 -6.47708 -5.75861 -5.30793 -4.82878 -4.40381 -4.03681 -3.68299 -3.32571 -2.95175 -2.57141 -2.21419 -1.87922 -1.58095 -1.31517 -1.02321 -0.717466
96.505 -0.145739 -0.196096 -0.103477 -2.16386 -6.45439 -8.33021 -7.52583 -6.47731 -5.75886 -5.30817 -4.82902 -4.40405 -4.03704 -3.6832 -3.32591 -2.95193 -2.57158 -2.21434 -1.87936 -1.58107 -1.31527 -1.0233 -0.717532
96.555 -0.145953 -0.196415 -0.103903 -2.16422 -6.45461 -8.33042 -7.52605 -6.47754 -5.7591 -5.30841 -4.82925 -4.40428 -4.03726 -3.68341 -3.32611 -2.95212 -2.57175 -2.2145 -1.8795 -1.58119 -1.31537 -1.02338 -0.717598
96.605 -0.146166 -0.196733 -0.104328 -2.16458 -6.45483 -8.33062 -7.52627 -6.47778 -5.75934 -5.30865 -4.82949 -4.40451 -4.03748 -3.68362 -3.3263 -2.9523 -2.57192 -2.21465 -1.87964 -1.58132 -1.31548 -1.02347 -0.717664
96.655 -0.146379 -0.197051 -0.104753 -2.16493 -6.45504 -8.33082 -7.52649 -6.47801 -5.75958 -5.30889 -4.82973 -4.40474 -4.0377 -3.68383 -3.3265 -2.95248 -2.57209 -2.21481 -1.87978 -1.58144 -1.31558 -1.02355 -0.71773
96.705 -0.146591 -0.197368 -0.105177 -2.16529 -6.45526 -8.33102 -7.5267 -6.47824 -5.75982 -5.30913 -4.82996 -4.40497 -4.03792 -3.68404 -3.3267 -2.95267 -2.57226 -2.21496 -1.87992 -1.58156 -1.31569 -1.02364 -0.717795
96.755 -0.146804 -0.197685 -0.1056 -2.16564 -6.45547 -8.33122 -7.52692 -6.47848 -5.76006 -5.30937 -4.8302 -4.4052 -4.03814 -3.68425 -3.32689 -2.95285 -2.57243 -2.21512 -1.88006 -1.58168 -1.31579 -1.02372 -0.717861
96.805 -0.147015 -0.198001 -0.106023 -2.166 -6.45569 -8.33142 -7.52714 -6.47871 -5.76029 -5.30961 -4.83044 -4.40543 -4.03836 -3.68446 -3.32709 -2.95303 -2.5726 -2.21527 -1.8802 -1.58181 -1.31589 -1.02381 -0.717926
96.855 -0.147227 -0.198317 -0.106444 -2.16635 -6.4559 -8.33162 -7.52735 -6.47894 -5.76053 -5.30985 -4.83067 -4.40566 -4.03858 -3.68467 -3.32728 -2.95321 -2.57277 -2.21543 -1.88033 -1.58193 -1.316 -1.02389 -0.717991
96.905 -0.147438 -0.198632 -0.106865 -2.16671 -6.45612 -8.33182 -7.52757 -6.47917 -5.76077 -5.31009 -4.83091 -4.40589 -4.0388 -3.68488 -3.32748 -2.9534 -2.57294 -2.21558 -1.88047 -1.58205 -1.3161 -1.02398 -0.718056
96.955 -0.147649 -0.198947 -0.107286 -2.16706 -6.45633 -8.33202 -7.52779 -6.4794 -5.76101 -5.31032 -4.83114 -4.40612 -4.03902 -3.68508 -3.32767 -2.95358 -2.57311 -2.21573 -1.88061 -1.58217 -1.3162 -1.02406 -0.718121
97.005 -0.147859 -0.199261 -0.107706 -2.16741 -6.45654 -8.33222 -7.528 -6.47963 -5.76125 -5.31056 -4.83138 -4.40634 -4.03924 -3.68529 -3.32787 -2.95376 -2.57328 -2.21589 -1.88075 -1.58229 -1.3163 -1.02415 -0.718186
97.055 -0.148069 -0.199575 -0.108125 -2.16776 -6.45676 -8.33242 -7.52822 -6.47986 -5.76148 -5.3108 -4.83161 -4.40657 -4.03946 -3.6855 -3.32806 -2.95394 -2.57344 -2.21604 -1.88089 -1.58241 -1.31641 -1.02423 -0.71825
97.105 -0.148279 -0.199888 -0.108543 -2.16811 -6.45697 -8.33262 -7.52843 -6.48009 -5.76172 -5.31103 -4.83184 -4.4068 -4.03967 -3.68571 -3.32826 -2.95412 -2.57361 -2.21619 -1.88102 -1.58253 -1.31651 -1.02431 -0.718315
97.155 -0.148489 -0.200201 -0.108961 -2.16846 -6.45718 -8.33282 -7.52864 -6.48032 -5.76196 -5.31127 -4.83208 -4.40703 -4.03989 -3.68591 -3.32845 -2.9543 -2.57378 -2.21635 -1.88116 -1.58265 -1.31661 -1.0244 -0.718379
97.205 -0.148698 -0.200513 -0.109378 -2.16881 -6.45739 -8.33302 -7.52886 -6.48055 -5.76219 -5.3115 -4.83231 -4.40725 -4.04011 -3.68612 -3.32864 -2.95448 -2.57394 -2.2165 -1.8813 -1.58277 -1.31671 -1.02448 -0.718443
97.255 -0.148906 -0.200825 -0.109794 -2.16916 -6.45761 -8.33321 -7.52907 -6.48078 -5.76243 -5.31174 -4.83254 -4.40748 -4.04032 -3.68632 -3.32884 -2.95466 -2.57411 -2.21665 -1.88143 -1.58289 -1.31681 -1.02456 -0.718507
97.305 -0.149115 -0.201136 -0.11021 -2.16951 -6.45782 -8.33341 -7.52928 -6.481 -5.76266 -5.31197 -4.83277 -4.4077 -4.04054 -3.68653 -3.32903 -2.95484 -2.57428 -2.2168 -1.88157 -1.58301 -1.31692 -1.02465 -0.718571
97.355 -0.149323 -0.201447 -0.110625 -2.16986 -6.45803 -8.33361 -7.5295 -6.48123 -5.7629 -5.31221 -4.833 -4.40793 -4.04076 -3.68673 -3.32922 -2.95502 -2.57444 -2.21695 -1.88171 -1.58313 -1.31702 -1.02473 -0.718635
97.405 -0.149531 -0.201757 -0.11104 -2.17021 -6.45824 -8.33381 -7.52971 -6.48146 -5.76313 -5.31244 -4.83324 -4.40815 -4.04097 -3.68694 -3.32941 -2.9552 -2.57461 -2.2171 -1.88184 -1.58325 -1.31712 -1.02481 -0.718699
97.455 -0.149738 -0.202067 -0.111453 -2.17055 -6.45845 -8.334 -7.52992 -6.48169 -5.76336 -5.31268 -4.83347 -4.40838 -4.04119 -3.68714 -3.3296 -2.95538 -2.57477 -2.21725 -1.88198 -1.58337 -1.31722 -1.0249 -0.718763
97.505 -0.149945 -0.202376 -0.111866 -2.1709 -6.45866 -8.3342 -7.53013 -6.48191 -5.7636 -5.31291 -4.8337 -4.4086 -4.0414 -3.68734 -3.3298 -2.95556 -2.57494 -2.2174 -1.88211 -1.58349 -1.31732 -1.02498 -0.718826
97.555 -0.150152 -0.202685 -0.112279 -2.17125 -6.45887 -8.33439 -7.53035 -6.48214 -5.76383 -5.31314 -4.83393 -4.40883 -4.04162 -3.68755 -3.32999 -2.95573 -2.5751 -2.21755 -1.88225 -1.58361 -1.31742 -1.02506 -0.71889
97.605 -0.150358 -0.202993 -0.112691 -2.17159 -6.45908 -8.33459 -7.53056 -6.48236 -5.76406 -5.31337 -4.83416 -4.40905 -4.04183 -3.68775 -3.33018 -2.95591 -2.57527 -2.2177 -1.88238 -1.58372 -1.31752 -1.02514 -0.718953
97.655 -0.150564 -0.203301 -0.113102 -2.17194 -6.45929 -8.33478 -7.53077 -6.48259 -5.7643 -5.31361 -4.83439 -4.40927 -4.04204 -3.68795 -3.33037 -2.95609 -2.57543 -2.21785 -1.88252 -1.58384 -1.31762 -1.02523 -0.719016
97.705 -0.15077 -0.203608 -0.113512 -2.17228 -6.4595 -8.33498 -7.53098 -6.48281 -5.76453 -5.31384 -4.83462 -4.4095 -4.04226 -3.68815 -3.33056 -2.95627 -2.57559 -2.218 -1.88265 -1.58396 -1.31772 -1.02531 -0.719079
97.755 -0.150975 -0.203914 -0.113922 -2.17263 -6.4597 -8.33517 -7.53119 -6.48304 -5.76476 -5.31407 -4.83484 -4.40972 -4.04247 -3.68836 -3.33075 -2.95644 -2.57576 -2.21815 -1.88278 -1.58408 -1.31782 -1.02539 -0.719142
97.805 -0.15118 -0.204221 -0.114331 -2.17297 -6.45991 -8.33537 -7.5314 -6.48326 -5.76499 -5.3143 -4.83507 -4.40994 -4.04268 -3.68856 -3.33094 -2.95662 -2.57592 -2.2183 -1.88292 -1.58419 -1.31792 -1.02547 -0.719205
97.855 -0.151385 -0.204526 -0.114739 -2.17331 -6.46012 -8.33556 -7.53161 -6.48349 -5.76522 -5.31453 -4.8353 -4.41016 -4.0429 -3.68876 -3.33112 -2.95679 -2.57608 -2.21845 -1.88305 -1.58431 -1.31802 -1.02555 -0.719267
97.905 -0.15159 -0.204832 -0.115147 -2.17365 -6.46033 -8.33576 -7.53182 -6.48371 -5.76545 -5.31476 -4.83553 -4.41038 -4.04311 -3.68896 -3.33131 -2.95697 -2.57624 -2.2186 -1.88318 -1.58443 -1.31812 -1.02563 -0.71933
97.955 -0.151794 -0.205136 -0.115554 -2.174 -6.46054 -8.33595 -7.53202 -6.48393 -5.76568 -5.31499 -4.83575 -4.4106 -4.04332 -3.68916 -3.3315 -2.95715 -2.57641 -2.21875 -1.88332 -1.58455 -1.31822 -1.02571 -0.719392
98.005 -0.151997 -0.205441 -0.115961 -2.17434 -6.46074 -8.33614 -7.53223 -6.48416 -5.76591 -5.31522 -4.83598 -4.41082 -4.04353 -3.68936 -3.33169 -2.95732 -2.57657 -2.21889 -1.88345 -1.58466 -1.31832 -1.0258 -0.719455
98.055 -0.152201 -0.205744 -0.116367 -2.17468 -6.46095 -8.33634 -7.53244 -6.48438 -5.76614 -5.31545 -4.83621 -4.41104 -4.04374 -3.68956 -3.33188 -2.9575 -2.57673 -2.21904 -1.88358 -1.58478 -1.31842 -1.02588 -0.719517
98.105 -0.152404 -0.206048 -0.116772 -2.17502 -6.46115 -8.33653 -7.53265 -6.4846 -5.76637 -5.31568 -4.83643 -4.41126 -4.04395 -3.68976 -3.33206 -2.95767 -2.57689 -2.21919 -1.88372 -1.58489 -1.31851 -1.02596 -0.719579
98.155 -0.152607 -0.20635 -0.117176 -2.17536 -6.46136 -8.33672 -7.53286 -6.48482 -5.7666 -5.31591 -4.83666 -4.41148 -4.04416 -3.68996 -3.33225 -2.95784 -2.57705 -2.21934 -1.88385 -1.58501 -1.31861 -1.02604 -0.719641
98.205 -0.152809 -0.206653 -0.11758 -2.1757 -6.46157 -8.33691 -7.53306 -6.48505 -5.76683 -5.31613 -4.83688 -4.4117 -4.04437 -3.69016 -3.33244 -2.95802 -2.57721 -2.21948 -1.88398 -1.58513 -1.31871 -1.02612 -0.719703
98.255 -0.153011 -0.206955 -0.117983 -2.17603 -6.46177 -8.3371 -7.53327 -6.48527 -5.76705 -5.31636 -4.83711 -4.41192 -4.04458 -3.69036 -3.33262 -2.95819 -2.57737 -2.21963 -1.88411 -1.58524 -1.31881 -1.0262 -0.719764
98.305 -0.153213 -0.207256 -0.118386 -2.17637 -6.46198 -8.33729 -7.53348 -6.48549 -5.76728 -5.31659 -4.83733 -4.41214 -4.04479 -3.69055 -3.33281 -2.95837 -2.57753 -2.21977 -1.88424 -1.58536 -1.31891 -1.02628 -0.719826
98.355 -0.153414 -0.207557 -0.118788 -2.17671 -6.46218 -8.33748 -7.53368 -6.48571 -5.76751 -5.31682 -4.83756 -4.41236 -4.045 -3.69075 -3.333 -2.95854 -2.57769 -2.21992 -1.88437 -1.58547 -1.319 -1.02636 -0.719887
98.405 -0.153616 -0.207857 -0.119189 -2.17705 -6.46238 -8.33768 -7.53389 -6.48593 -5.76774 -5.31704 -4.83778 -4.41257 -4.04521 -3.69095 -3.33318 -2.95871 -2.57785 -2.22007 -1.8845 -1.58559 -1.3191 -1.02644 -0.719949
98.455 -0.153816 -0.208157 -0.11959 -2.17738 -6.46259 -8.33787 -7.53409 -6.48615 -5.76796 -5.31727 -4.838 -4.41279 -4.04542 -3.69115 -3.33337 -2.95888 -2.57801 -2.22021 -1.88463 -1.5857 -1.3192 -1.02652 -0.72001
98.505 -0.154017 -0.208456 -0.11999 -2.17772 -6.46279 -8.33806 -7.5343 -6.48637 -5.76819 -5.31749 -4.83823 -4.41301 -4.04562 -3.69134 -3.33355 -2.95906 -2.57817 -2.22036 -1.88477 -1.58581 -1.31929 -1.0266 -0.720071
98.555 -0.154217 -0.208755 -0.120389 -2.17805 -6.46299 -8.33825 -7.5345 -6.48659 -5.76841 -5.31772 -4.83845 -4.41322 -4.04583 -3.69154 -3.33373 -2.95923 -2.57833 -2.2205 -1.8849 -1.58593 -1.31939 -1.02668 -0.720132
98.605 -0.154417 -0.209053 -0.120788 -2.17839 -6.4632 -8.33843 -7.53471 -6.4868 -5.76864 -5.31794 -4.83867 -4.41344 -4.04604 -3.69174 -3.33392 -2.9594 -2.57849 -2.22065 -1.88503 -1.58604 -1.31949 -1.02676 -0.720193
98.655 -0.154616 -0.209351 -0.121186 -2.17872 -6.4634 -8.33862 -7.53491 -6.48702 -5.76886 -5.31817 -4.83889 -4.41366 -4.04624 -3.69193 -3.3341 -2.95957 -2.57865 -2.22079 -1.88515 -1.58616 -1.31958 -1.02684 -0.720254
98.705 -0.154816 -0.209649 -0.121583 -2.17905 -6.4636 -8.33881 -7.53511 -6.48724 -5.76909 -5.31839 -4.83911 -4.41387 -4.04645 -3.69213 -3.33429 -2.95974 -2.57881 -2.22093 -1.88528 -1.58627 -1.31968 -1.02691 -0.720314
98.755 -0.155014 -0.209946 -0.12198 -2.17939 -6.4638 -8.339 -7.53532 -6.48746 -5.76931 -5.31862 -4.83933 -4.41409 -4.04666 -3.69232 -3.33447 -2.95991 -2.57896 -2.22108 -1.88541 -1.58638 -1.31978 -1.02699 -0.720375
98.805 -0.155213 -0.210242 -0.122376 -2.17972 -6.46401 -8.33919 -7.53552 -6.48768 -5.76954 -5.31884 -4.83956 -4.4143 -4.04686 -3.69252 -3.33465 -2.96008 -2.57912 -2.22122 -1.88554 -1.5865 -1.31987 -1.02707 -0.720435
98.855 -0.155411 -0.210538 -0.122772 -2.18005 -6.46421 -8.33938 -7.53572 -6.48789 -5.76976 -5.31906 -4.83978 -4.41452 -4.04707 -3.69271 -3.33483 -2.96025 -2.57928 -2.22137 -1.88567 -1.58661 -1.31997 -1.02715 -0.720495
98.905 -0.155609 -0.210834 -0.123166 -2.18038 -6.46441 -8.33956 -7.53592 -6.48811 -5.76998 -5.31929 -4.84 -4.41473 -4.04727 -3.69291 -3.33502 -2.96042 -2.57943 -2.22151 -1.8858 -1.58672 -1.32006 -1.02723 -0.720556
98.955 -0.155807 -0.211129 -0.123561 -2.18071 -6.46461 -8.33975 -7.53613 -6.48832 -5.77021 -5.31951 -4.84022 -4.41494 -4.04748 -3.6931 -3.3352 -2.96059 -2.57959 -2.22165 -1.88593 -1.58683 -1.32016 -1.02731 -0.720616
99.005 -0.156004 -0.211423 -0.123954 -2.18104 -6.46481 -8.33994 -7.53633 -6.48854 -5.77043 -5.31973 -4.84043 -4.41516 -4.04768 -3.69329 -3.33538 -2.96076 -2.57975 -2.22179 -1.88606 -1.58695 -1.32025 -1.02738 -0.720676
99.055 -0.156201 -0.211718 -0.124347 -2.18137 -6.46501 -8.34012 -7.53653 -6.48876 -5.77065 -5.31995 -4.84065 -4.41537 -4.04789 -3.69349 -3.33556 -2.96093 -2.5799 -2.22194 -1.88618 -1.58706 -1.32035 -1.02746 -0.720735
99.105 -0.156397 -0.212011 -0.124739 -2.1817 -6.46521 -8.34031 -7.53673 -6.48897 -5.77087 -5.32017 -4.84087 -4.41558 -4.04809 -3.69368 -3.33574 -2.9611 -2.58006 -2.22208 -1.88631 -1.58717 -1.32044 -1.02754 -0.720795
99.155 -0.156594 -0.212304 -0.125131 -2.18203 -6.46541 -8.3405 -7.53693 -6.48919 -5.77109 -5.32039 -4.84109 -4.41579 -4.04829 -3.69387 -3.33592 -2.96127 -2.58021 -2.22222 -1.88644 -1.58728 -1.32054 -1.02762 -0.720855
99.205 -0.15679 -0.212597 -0.125522 -2.18236 -6.46561 -8.34068 -7.53713 -6.4894 -5.77131 -5.32061 -4.84131 -4.41601 -4.04849 -3.69406 -3.3361 -2.96143 -2.58037 -2.22236 -1.88657 -1.58739 -1.32063 -1.0277 -0.720914
99.255 -0.156985 -0.212889 -0.125913 -2.18269 -6.4658 -8.34087 -7.53733 -6.48961 -5.77153 -5.32083 -4.84153 -4.41622 -4.0487 -3.69425 -3.33628 -2.9616 -2.58052 -2.2225 -1.88669 -1.5875 -1.32073 -1.02777 -0.720973
99.305 -0.157181 -0.213181 -0.126302 -2.18301 -6.466 -8.34105 -7.53753 -6.48983 -5.77175 -5.32105 -4.84174 -4.41643 -4.0489 -3.69445 -3.33646 -2.96177 -2.58068 -2.22264 -1.88682 -1.58762 -1.32082 -1.02785 -0.721033
99.355 -0.157376 -0.213472 -0.126692 -2.18334 -6.4662 -8.34124 -7.53773 -6.49004 -5.77197 -5.32127 -4.84196 -4.41664 -4.0491 -3.69464 -3.33664 -2.96194 -2.58083 -2.22278 -1.88695 -1.58773 -1.32092 -1.02793 -0.721092
99.405 -0.15757 -0.213763 -0.12708 -2.18367 -6.4664 -8.34142 -7.53793 -6.49025 -5.77219 -5.32149 -4.84218 -4.41685 -4.0493 -3.69483 -3.33682 -2.9621 -2.58099 -2.22292 -1.88707 -1.58784 -1.32101 -1.028 -0.721151
99.455 -0.157765 -0.214053 -0.127468 -2.18399 -6.46659 -8.34161 -7.53813 -6.49047 -5.77241 -5.32171 -4.84239 -4.41706 -4.0495 -3.69502 -3.337 -2.96227 -2.58114 -2.22306 -1.8872 -1.58795 -1.3211 -1.02808 -0.72121
99.505 -0.157959 -0.214343 -0.127855 -2.18432 -6.46679 -8.34179 -7.53833 -6.49068 -5.77263 -5.32193 -4.84261 -4.41727 -4.0497 -3.69521 -3.33718 -2.96243 -2.58129 -2.2232 -1.88732 -1.58806 -1.3212 -1.02816 -0.721269
99.555 -0.158153 -0.214632 -0.128242 -2.18464 -6.46699 -8.34197 -7.53853 -6.49089 -5.77285 -5.32215 -4.84282 -4.41748 -4.0499 -3.6954 -3.33736 -2.9626 -2.58145 -2.22334 -1.88745 -1.58817 -1.32129 -1.02823 -0.721327
99.605 -0.158346 -0.214921 -0.128628 -2.18497 -6.46718 -8.34216 -7.53872 -6.4911 -5.77307 -5.32236 -4.84304 -4.41769 -4.0501 -3.69559 -3.33753 -2.96277 -2.5816 -2.22348 -1.88757 -1.58828 -1.32138 -1.02831 -0.721386
99.655 -0.158539 -0.21521 -0.129013 -2.18529 -6.46738 -8.34234 -7.53892 -6.49131 -5.77328 -5.32258 -4.84325 -4.4179 -4.0503 -3.69578 -3.33771 -2.96293 -2.58175 -2.22362 -1.8877 -1.58839 -1.32148 -1.02839 -0.721444
99.705 -0.158732 -0.215498 -0.129398 -2.18561 -6.46758 -8.34252 -7.53912 -6.49152 -5.7735 -5.3228 -4.84347 -4.4181 -4.0505 -3.69597 -3.33789 -2.9631 -2.58191 -2.22376 -1.88782 -1.5885 -1.32157 -1.02846 -0.721503
99.755 -0.158924 -0.215785 -0.129782 -2.18593 -6.46777 -8.34271 -7.53931 -6.49174 -5.77372 -5.32301 -4.84368 -4.41831 -4.0507 -3.69615 -3.33806 -2.96326 -2.58206 -2.2239 -1.88795 -1.58861 -1.32166 -1.02854 -0.721561
99.805 -0.159117 -0.216072 -0.130166 -2.18626 -6.46797 -8.34289 -7.53951 -6.49195 -5.77394 -5.32323 -4.84389 -4.41852 -4.0509 -3.69634 -3.33824 -2.96343 -2.58221 -2.22404 -1.88807 -1.58871 -1.32175 -1.02861 -0.721619
99.855 -0.159309 -0.216359 -0.130549 -2.18658 -6.46816 -8.34307 -7.53971 -6.49216 -5.77415 -5.32345 -4.84411 -4.41873 -4.0511 -3.69653 -3.33842 -2.96359 -2.58236 -2.22418 -1.8882 -1.58882 -1.32185 -1.02869 -0.721677
99.905 -0.1595 -0.216645 -0.130931 -2.1869 -6.46836 -8.34325 -7.5399 -6.49236 -5.77437 -5.32366 -4.84432 -4.41893 -4.0513 -3.69672 -3.33859 -2.96375 -2.58251 -2.22432 -1.88832 -1.58893 -1.32194 -1.02876 -0.721735
99.955 -0.159691 -0.216931 -0.131313 -2.18722 -6.46855 -8.34343 -7.5401 -6.49257 -5.77458 -5.32388 -4.84453 -4.41914 -4.0515 -3.6969 -3.33877 -2.96392 -2.58266 -2.22445 -1.88844 -1.58904 -1.32203 -1.02884 -0.721793
100.005 -0.159882 -0.217216 -0.131694 -2.18754 -6.46874 -8.34361 -7.54029 -6.49278 -5.7748 -5.32409 -4.84474 -4.41935 -4.05169 -3.69709 -3.33894 -2.96408 -2.58282 -2.22459 -1.88857 -1.58915 -1.32212 -1.02891 -0.72185
100.055 -0.160073 -0.2175 -0.132074 -2.18786 -6.46894 -8.34379 -7.54049 -6.49299 -5.77501 -5.32431 -4.84495 -4.41955 -4.05189 -3.69728 -3.33912 -2.96424 -2.58297 -2.22473 -1.88869 -1.58926 -1.32221 -1.02899 -0.721908
100.105 -0.160263 -0.217785 -0.132454 -2.18818 -6.46913 -8.34397 -7.54068 -6.4932 -5.77523 -5.32452 -4.84517 -4.41976 -4.05209 -3.69746 -3.33929 -2.96441 -2.58312 -2.22487 -1.88881 -1.58936 -1.3223 -1.02906 -0.721965
100.155 -0.160453 -0.218069 -0.132833 -2.1885 -6.46932 -8.34415 -7.54088 -6.49341 -5.77544 -5.32473 -4.84538 -4.41996 -4.05228 -3.69765 -3.33947 -2.96457 -2.58327 -2.225 -1.88894 -1.58947 -1.3224 -1.02914 -0.722023
100.205 -0.160643 -0.218352 -0.133212 -2.18881 -6.46952 -8.34433 -7.54107 -6.49361 -5.77566 -5.32495 -4.84559 -4.42017 -4.05248 -3.69784 -3.33964 -2.96473 -2.58342 -2.22514 -1.88906 -1.58958 -1.32249 -1.02921 -0.72208
100.255 -0.160832 -0.218635 -0.13359 -2.18913 -6.46971 -8.34451 -7.54127 -6.49382 -5.77587 -5.32516 -4.8458 -4.42037 -4.05268 -3.69802 -3.33982 -2.96489 -2.58357 -2.22527 -1.88918 -1.58969 -1.32258 -1.02929 -0.722137
100.305 -0.161022 -0.218917 -0.133967 -2.18945 -6.4699 -8.34469 -7.54146 -6.49403 -5.77608 -5.32537 -4.84601 -4.42058 -4.05287 -3.69821 -3.33999 -2.96505 -2.58371 -2.22541 -1.8893 -1.58979 -1.32267 -1.02936 -0.722194
100.355 -0.16121 -0.219199 -0.134344 -2.18976 -6.47009 -8.34487 -7.54165 -6.49424 -5.77629 -5.32559 -4.84622 -4.42078 -4.05307 -3.69839 -3.34016 -2.96521 -2.58386 -2.22555 -1.88943 -1.5899 -1.32276 -1.02944 -0.722251
100.405 -0.161399 -0.219481 -0.13472 -2.19008 -6.47028 -8.34505 -7.54184 -6.49444 -5.77651 -5.3258 -4.84643 -4.42098 -4.05326 -3.69858 -3.34034 -2.96538 -2.58401 -2.22568 -1.88955 -1.59001 -1.32285 -1.02951 -0.722308
100.455 -0.161587 -0.219762 -0.135096 -2.19039 -6.47047 -8.34523 -7.54204 -6.49465 -5.77672 -5.32601 -4.84664 -4.42119 -4.05345 -3.69876 -3.34051 -2.96554 -2.58416 -2.22582 -1.88967 -1.59011 -1.32294 -1.02958 -0.722364
100.505 -0.161775 -0.220042 -0.135471 -2.19071 -6.47067 -8.34541 -7.54223 -6.49485 -5.77693 -5.32622 -4.84684 -4.42139 -4.05365 -3.69894 -3.34068 -2.9657 -2.58431 -2.22595 -1.88979 -1.59022 -1.32303 -1.02966 -0.722421
100.555 -0.161962 -0.220322 -0.135845 -2.19102 -6.47086 -8.34558 -7.54242 -6.49506 -5.77714 -5.32643 -4.84705 -4.42159 -4.05384 -3.69913 -3.34085 -2.96586 -2.58446 -2.22609 -1.88991 -1.59032 -1.32312 -1.02973 -0.722477
100.605 -0.16215 -0.220602 -0.136219 -2.19134 -6.47105 -8.34576 -7.54261 -6.49526 -5.77735 -5.32664 -4.84726 -4.42179 -4.05404 -3.69931 -3.34102 -2.96602 -2.5846 -2.22622 -1.89003 -1.59043 -1.32321 -1.02981 -0.722534
100.655 -0.162337 -0.220881 -0.136592 -2.19165 -6.47124 -8.34594 -7.5428 -6.49547 -5.77756 -5.32685 -4.84747 -4.42199 -4.05423 -3.69949 -3.3412 -2.96618 -2.58475 -2.22636 -1.89015 -1.59054 -1.3233 -1.02988 -0.72259
100.705 -0.162523 -0.22116 -0.136965 -2.19196 -6.47142 -8.34612 -7.54299 -6.49567 -5.77777 -5.32706 -4.84767 -4.4222 -4.05442 -3.69968 -3.34137 -2.96634 -2.5849 -2.22649 -1.89027 -1.59064 -1.32339 -1.02995 -0.722646
100.755 -0.16271 -0.221439 -0.137337 -2.19227 -6.47161 -8.34629 -7.54318 -6.49587 -5.77798 -5.32727 -4.84788 -4.4224 -4.05461 -3.69986 -3.34154 -2.9665 -2.58505 -2.22662 -1.89039 -1.59075 -1.32348 -1.03002 -0.722702
100.805 -0.162896 -0.221716 -0.137708 -2.19259 -6.4718 -8.34647 -7.54338 -6.49608 -5.77819 -5.32748 -4.84809 -4.4226 -4.05481 -3.70004 -3.34171 -2.96665 -2.58519 -2.22676 -1.89051 -1.59085 -1.32356 -1.0301 -0.722758
100.855 -0.163081 -0.221994 -0.138079 -2.1929 -6.47199 -8.34664 -7.54357 -6.49628 -5.7784 -5.32769 -4.84829 -4.4228 -4.055 -3.70022 -3.34188 -2.96681 -2.58534 -2.22689 -1.89063 -1.59096 -1.32365 -1.03017 -0.722814
100.905 -0.163267 -0.222271 -0.138449 -2.19321 -6.47218 -8.34682 -7.54375 -6.49648 -5.77861 -5.3279 -4.8485 -4.423 -4.05519 -3.7004 -3.34205 -2.96697 -2.58548 -2.22702 -1.89075 -1.59106 -1.32374 -1.03024 -0.722869
100.955 -0.163452 -0.222547 -0.138818 -2.19352 -6.47237 -8.34699 -7.54394 -6.49669 -5.77882 -5.32811 -4.84871 -4.4232 -4.05538 -3.70058 -3.34222 -2.96713 -2.58563 -2.22716 -1.89087 -1.59117 -1.32383 -1.03032 -0.722925
101.005 -0.163637 -0.222823 -0.139187 -2.19383 -6.47256 -8.34717 -7.54413 -6.49689 -5.77903 -5.32831 -4.84891 -4.4234 -4.05557 -3.70076 -3.34239 -2.96729 -2.58578 -2.22729 -1.89099 -1.59127 -1.32392 -1.03039 -0.722981
101.055 -0.163821 -0.223099 -0.139556 -2.19414 -6.47274 -8.34734 -7.54432 -6.49709 -5.77924 -5.32852 -4.84912 -4.4236 -4.05576 -3.70094 -3.34256 -2.96744 -2.58592 -2.22742 -1.89111 -1.59137 -1.32401 -1.03046 -0.723036
101.105 -0.164006 -0.223374 -0.139923 -2.19444 -6.47293 -8.34752 -7.54451 -6.49729 -5.77944 -5.32873 -4.84932 -4.42379 -4.05595 -3.70112 -3.34273 -2.9676 -2.58607 -2.22755 -1.89123 -1.59148 -1.3241 -1.03053 -0.723091
101.155 -0.16419 -0.223649 -0.140291 -2.19475 -6.47312 -8.34769 -7.5447 -6.49749 -5.77965 -5.32893 -4.84952 -4.42399 -4.05614 -3.7013 -3.34289 -2.96776 -2.58621 -2.22769 -1.89135 -1.59158 -1.32418 -1.0306 -0.723146
101.205 -0.164373 -0.223923 -0.140657 -2.19506 -6.4733 -8.34787 -7.54489 -6.49769 -5.77986 -5.32914 -4.84973 -4.42419 -4.05633 -3.70148 -3.34306 -2.96791 -2.58636 -2.22782 -1.89146 -1.59169 -1.32427 -1.03068 -0.723201
101.255 -0.164557 -0.224197 -0.141023 -2.19537 -6.47349 -8.34804 -7.54507 -6.49789 -5.78006 -5.32935 -4.84993 -4.42439 -4.05652 -3.70166 -3.34323 -2.96807 -2.5865 -2.22795 -1.89158 -1.59179 -1.32436 -1.03075 -0.723256
101.305 -0.16474 -0.224471 -0.141388 -2.19567 -6.47367 -8.34822 -7.54526 -6.49809 -5.78027 -5.32955 -4.85013 -4.42459 -4.05671 -3.70184 -3.3434 -2.96823 -2.58664 -2.22808 -1.8917 -1.59189 -1.32445 -1.03082 -0.723311
101.355 -0.164922 -0.224744 -0.141753 -2.19598 -6.47386 -8.34839 -7.54545 -6.49829 -5.78047 -5.32976 -4.85034 -4.42478 -4.0569 -3.70202 -3.34356 -2.96838 -2.58679 -2.22821 -1.89182 -1.59199 -1.32453 -1.03089 -0.723366
101.405 -0.165105 -0.225016 -0.142117 -2.19629 -6.47405 -8.34856 -7.54563 -6.49849 -5.78068 -5.32996 -4.85054 -4.42498 -4.05709 -3.7022 -3.34373 -2.96854 -2.58693 -2.22834 -1.89193 -1.5921 -1.32462 -1.03096 -0.723421
101.455 -0.165287 -0.225288 -0.142481 -2.19659 -6.47423 -8.34873 -7.54582 -6.49869 -5.78089 -5.33017 -4.85074 -4.42518 -4.05727 -3.70237 -3.3439 -2.96869 -2.58707 -2.22847 -1.89205 -1.5922 -1.32471 -1.03103 -0.723475
101.505 -0.165469 -0.22556 -0.142844 -2.1969 -6.47442 -8.34891 -7.54601 -6.49889 -5.78109 -5.33037 -4.85094 -4.42537 -4.05746 -3.70255 -3.34407 -2.96885 -2.58722 -2.2286 -1.89217 -1.5923 -1.32479 -1.0311 -0.72353
101.555 -0.165651 -0.225831 -0.143206 -2.1972 -6.4746 -8.34908 -7.54619 -6.49909 -5.78129 -5.33058 -4.85114 -4.42557 -4.05765 -3.70273 -3.34423 -2.969 -2.58736 -2.22873 -1.89229 -1.5924 -1.32488 -1.03117 -0.723584
101.605 -0.165832 -0.226102 -0.143568 -2.1975 -6.47478 -8.34925 -7.54638 -6.49929 -5.7815 -5.33078 -4.85135 -4.42576 -4.05784 -3.70291 -3.3444 -2.96916 -2.5875 -2.22886 -1.8924 -1.59251 -1.32497 -1.03124 -0.723638
101.655 -0.166013 -0.226372 -0.14393 -2.19781 -6.47497 -8.34942 -7.54656 -6.49949 -5.7817 -5.33098 -4.85155 -4.42596 -4.05802 -3.70308 -3.34456 -2.96931 -2.58765 -2.22899 -1.89252 -1.59261 -1.32505 -1.03132 -0.723692
101.705 -0.166194 -0.226642 -0.14429 -2.19811 -6.47515 -8.34959 -7.54675 -6.49968 -5.78191 -5.33119 -4.85175 -4.42615 -4.05821 -3.70326 -3.34473 -2.96946 -2.58779 -2.22912 -1.89263 -1.59271 -1.32514 -1.03139 -0.723746
101.755 -0.166374 -0.226911 -0.14465 -2.19841 -6.47533 -8.34976 -7.54693 -6.49988 -5.78211 -5.33139 -4.85195 -4.42635 -4.0584 -3.70344 -3.34489 -2.96962 -2.58793 -2.22925 -1.89275 -1.59281 -1.32522 -1.03146 -0.7238
101.805 -0.166554 -0.22718 -0.14501 -2.19871 -6.47552 -8.34993 -7.54712 -6.50008 -5.78231 -5.33159 -4.85215 -4.42654 -4.05858 -3.70361 -3.34506 -2.96977 -2.58807 -2.22938 -1.89287 -1.59291 -1.32531 -1.03153 -0.723854
101.855 -0.166734 -0.227449 -0.145369 -2.19901 -6.4757 -8.3501 -7.5473 -6.50028 -5.78251 -5.33179 -4.85235 -4.42673 -4.05877 -3.70379 -3.34522 -2.96992 -2.58821 -2.22951 -1.89298 -1.59301 -1.3254 -1.0316 -0.723908
101.905 -0.166913 -0.227717 -0.145727 -2.19931 -6.47588 -8.35027 -7.54748 -6.50047 -5.78272 -5.33199 -4.85254 -4.42693 -4.05895 -3.70396 -3.34539 -2.97008 -2.58835 -2.22964 -1.8931 -1.59311 -1.32548 -1.03167 -0.723961
101.955 -0.167093 -0.227985 -0.146085 -2.19962 -6.47606 -8.35044 -7.54767 -6.50067 -5.78292 -5.3322 -4.85274 -4.42712 -4.05914 -3.70414 -3.34555 -2.97023 -2.58849 -2.22977 -1.89321 -1.59322 -1.32557 -1.03174 -0.724015
102.005 -0.167271 -0.228252 -0.146442 -2.19991 -6.47624 -8.35061 -7.54785 -6.50086 -5.78312 -5.3324 -4.85294 -4.42731 -4.05932 -3.70431 -3.34571 -2.97038 -2.58863 -2.22989 -1.89333 -1.59332 -1.32565 -1.03181 -0.724068
102.055 -0.16745 -0.228519 -0.146799 -2.20021 -6.47643 -8.35078 -7.54803 -6.50106 -5.78332 -5.3326 -4.85314 -4.42751 -4.05951 -3.70449 -3.34588 -2.97053 -2.58877 -2.23002 -1.89344 -1.59342 -1.32574 -1.03188 -0.724122
102.105 -0.167628 -0.228785 -0.147155 -2.20051 -6.47661 -8.35095 -7.54821 -6.50125 -5.78352 -5.3328 -4.85334 -4.4277 -4.05969 -3.70466 -3.34604 -2.97069 -2.58891 -2.23015 -1.89356 -1.59352 -1.32582 -1.03194 -0.724175
102.155 -0.167807 -0.229051 -0.14751 -2.20081 -6.47679 -8.35112 -7.5484 -6.50145 -5.78372 -5.333 -4.85353 -4.42789 -4.05987 -3.70483 -3.3462 -2.97084 -2.58905 -2.23028 -1.89367 -1.59362 -1.32591 -1.03201 -0.724228
102.205 -0.167984 -0.229317 -0.147865 -2.20111 -6.47697 -8.35129 -7.54858 -6.50164 -5.78392 -5.3332 -4.85373 -4.42808 -4.06006 -3.70501 -3.34637 -2.97099 -2.58919 -2.2304 -1.89378 -1.59372 -1.32599 -1.03208 -0.724281
102.255 -0.168162 -0.229582 -0.148219 -2.20141 -6.47715 -8.35146 -7.54876 -6.50184 -5.78412 -5.3334 -4.85393 -4.42827 -4.06024 -3.70518 -3.34653 -2.97114 -2.58933 -2.23053 -1.8939 -1.59382 -1.32607 -1.03215 -0.724334
102.305 -0.168339 -0.229847 -0.148573 -2.2017 -6.47733 -8.35163 -7.54894 -6.50203 -5.78432 -5.3336 -4.85412 -4.42846 -4.06042 -3.70535 -3.34669 -2.97129 -2.58947 -2.23066 -1.89401 -1.59391 -1.32616 -1.03222 -0.724387
102.355 -0.168516 -0.230111 -0.148926 -2.202 -6.47751 -8.35179 -7.54912 -6.50222 -5.78452 -5.33379 -4.85432 -4.42865 -4.0606 -3.70552 -3.34685 -2.97144 -2.58961 -2.23078 -1.89412 -1.59401 -1.32624 -1.03229 -0.724439
102.405 -0.168692 -0.230375 -0.149279 -2.2023 -6.47769 -8.35196 -7.5493 -6.50242 -5.78472 -5.33399 -4.85452 -4.42884 -4.06079 -3.7057 -3.34701 -2.97159 -2.58975 -2.23091 -1.89424 -1.59411 -1.32633 -1.03236 -0.724492
102.455 -0.168869 -0.230638 -0.149631 -2.20259 -6.47787 -8.35213 -7.54948 -6.50261 -5.78492 -5.33419 -4.85471 -4.42903 -4.06097 -3.70587 -3.34717 -2.97174 -2.58989 -2.23104 -1.89435 -1.59421 -1.32641 -1.03243 -0.724544
102.505 -0.169045 -0.230901 -0.149982 -2.20289 -6.47805 -8.35229 -7.54966 -6.5028 -5.78512 -5.33439 -4.85491 -4.42922 -4.06115 -3.70604 -3.34733 -2.97189 -2.59003 -2.23116 -1.89446 -1.59431 -1.32649 -1.03249 -0.724597
102.555 -0.169221 -0.231164 -0.150333 -2.20318 -6.47822 -8.35246 -7.54984 -6.50299 -5.78531 -5.33459 -4.8551 -4.42941 -4.06133 -3.70621 -3.3475 -2.97204 -2.59016 -2.23129 -1.89458 -1.59441 -1.32658 -1.03256 -0.724649
102.605 -0.169396 -0.231426 -0.150683 -2.20347 -6.4784 -8.35263 -7.55002 -6.50319 -5.78551 -5.33478 -4.8553 -4.4296 -4.06151 -3.70638 -3.34766 -2.97219 -2.5903 -2.23141 -1.89469 -1.59451 -1.32666 -1.03263 -0.724701
102.655 -0.169571 -0.231687 -0.151033 -2.20377 -6.47858 -8.35279 -7.5502 -6.50338 -5.78571 -5.33498 -4.85549 -4.42979 -4.06169 -3.70655 -3.34782 -2.97234 -2.59044 -2.23154 -1.8948 -1.59461 -1.32674 -1.0327 -0.724753
102.705 -0.169746 -0.231949 -0.151382 -2.20406 -6.47876 -8.35296 -7.55038 -6.50357 -5.78591 -5.33518 -4.85568 -4.42998 -4.06187 -3.70672 -3.34797 -2.97249 -2.59057 -2.23166 -1.89491 -1.5947 -1.32683 -1.03277 -0.724805
102.755 -0.169921 -0.232209 -0.151731 -2.20435 -6.47893 -8.35312 -7.55056 -6.50376 -5.7861 -5.33537 -4.85588 -4.43017 -4.06205 -3.70689 -3.34813 -2.97263 -2.59071 -2.23179 -1.89502 -1.5948 -1.32691 -1.03283 -0.724857
102.805 -0.170095 -0.23247 -0.152079 -2.20465 -6.47911 -8.35329 -7.55074 -6.50395 -5.7863 -5.33557 -4.85607 -4.43035 -4.06223 -3.70706 -3.34829 -2.97278 -2.59085 -2.23191 -1.89513 -1.5949 -1.32699 -1.0329 -0.724909
102.855 -0.170269 -0.23273 -0.152427 -2.20494 -6.47929 -8.35345 -7.55091 -6.50414 -5.78649 -5.33576 -4.85626 -4.43054 -4.06241 -3.70723 -3.34845 -2.97293 -2.59098 -2.23204 -1.89525 -1.595 -1.32707 -1.03297 -0.724961
102.905 -0.170443 -0.232989 -0.152773 -2.20523 -6.47946 -8.35362 -7.55109 -6.50433 -5.78669 -5.33596 -4.85646 -4.43073 -4.06259 -3.7074 -3.34861 -2.97308 -2.59112 -2.23216 -1.89536 -1.59509 -1.32716 -1.03304 -0.725012
102.955 -0.170616 -0.233249 -0.15312 -2.20552 -6.47964 -8.35378 -7.55127 -6.50452 -5.78689 -5.33615 -4.85665 -4.43092 -4.06277 -3.70757 -3.34877 -2.97322 -2.59126 -2.23228 -1.89547 -1.59519 -1.32724 -1.0331 -0.725064
103.005 -0.17079 -0.233507 -0.153466 -2.20581 -6.47982 -8.35395 -7.55145 -6.50471 -5.78708 -5.33635 -4.85684 -4.4311 -4.06295 -3.70774 -3.34893 -2.97337 -2.59139 -2.23241 -1.89558 -1.59529 -1.32732 -1.03317 -0.725115
103.055 -0.170963 -0.233766 -0.153811 -2.2061 -6.47999 -8.35411 -7.55162 -6.5049 -5.78727 -5.33654 -4.85703 -4.43129 -4.06312 -3.70791 -3.34909 -2.97352 -2.59153 -2.23253 -1.89569 -1.59538 -1.3274 -1.03324 -0.725167
103.105 -0.171135 -0.234023 -0.154155 -2.20639 -6.48017 -8.35427 -7.5518 -6.50509 -5.78747 -5.33674 -4.85722 -4.43147 -4.0633 -3.70808 -3.34924 -2.97366 -2.59166 -2.23265 -1.8958 -1.59548 -1.32748 -1.0333 -0.725218
103.155 -0.171308 -0.234281 -0.1545 -2.20668 -6.48034 -8.35444 -7.55197 -6.50528 -5.78766 -5.33693 -4.85741 -4.43166 -4.06348 -3.70824 -3.3494 -2.97381 -2.5918 -2.23278 -1.89591 -1.59558 -1.32757 -1.03337 -0.725269
103.205 -0.17148 -0.234538 -0.154843 -2.20696 -6.48052 -8.3546 -7.55215 -6.50546 -5.78786 -5.33712 -4.8576 -4.43184 -4.06366 -3.70841 -3.34956 -2.97396 -2.59193 -2.2329 -1.89602 -1.59567 -1.32765 -1.03344 -0.72532
103.255 -0.171651 -0.234795 -0.155186 -2.20725 -6.48069 -8.35476 -7.55233 -6.50565 -5.78805 -5.33732 -4.85779 -4.43203 -4.06383 -3.70858 -3.34971 -2.9741 -2.59207 -2.23302 -1.89613 -1.59577 -1.32773 -1.0335 -0.725371
103.305 -0.171823 -0.235051 -0.155529 -2.20754 -6.48087 -8.35493 -7.5525 -6.50584 -5.78824 -5.33751 -4.85798 -4.43221 -4.06401 -3.70875 -3.34987 -2.97425 -2.5922 -2.23314 -1.89624 -1.59586 -1.32781 -1.03357 -0.725422
103.355 -0.171994 -0.235307 -0.15587 -2.20783 -6.48104 -8.35509 -7.55268 -6.50603 -5.78844 -5.3377 -4.85817 -4.4324 -4.06418 -3.70891 -3.35003 -2.97439 -2.59233 -2.23326 -1.89635 -1.59596 -1.32789 -1.03364 -0.725472
103.405 -0.172165 -0.235562 -0.156212 -2.20811 -6.48121 -8.35525 -7.55285 -6.50621 -5.78863 -5.33789 -4.85836 -4.43258 -4.06436 -3.70908 -3.35018 -2.97454 -2.59247 -2.23339 -1.89646 -1.59606 -1.32797 -1.0337 -0.725523
103.455 -0.172336 -0.235817 -0.156553 -2.2084 -6.48139 -8.35541 -7.55303 -6.5064 -5.78882 -5.33808 -4.85855 -4.43277 -4.06454 -3.70924 -3.35034 -2.97468 -2.5926 -2.23351 -1.89657 -1.59615 -1.32805 -1.03377 -0.725574
103.505 -0.172506 -0.236071 -0.156893 -2.20868 -6.48156 -8.35557 -7.5532 -6.50659 -5.78901 -5.33827 -4.85874 -4.43295 -4.06471 -3.70941 -3.35049 -2.97483 -2.59274 -2.23363 -1.89668 -1.59625 -1.32813 -1.03384 -0.725624
103.555 -0.172676 -0.236326 -0.157232 -2.20897 -6.48173 -8.35574 -7.55337 -6.50677 -5.7892 -5.33847 -4.85893 -4.43313 -4.06489 -3.70958 -3.35065 -2.97497 -2.59287 -2.23375 -1.89678 -1.59634 -1.32821 -1.0339 -0.725674
103.605 -0.172846 -0.236579 -0.157572 -2.20925 -6.4819 -8.3559 -7.55355 -6.50696 -5.78939 -5.33866 -4.85912 -4.43331 -4.06506 -3.70974 -3.3508 -2.97512 -2.593 -2.23387 -1.89689 -1.59644 -1.32829 -1.03397 -0.725725
103.655 -0.173016 -0.236833 -0.15791 -2.20954 -6.48208 -8.35606 -7.55372 -6.50714 -5.78959 -5.33885 -4.85931 -4.4335 -4.06524 -3.70991 -3.35096 -2.97526 -2.59313 -2.23399 -1.897 -1.59653 -1.32837 -1.03403 -0.725775
103.705 -0.173185 -0.237085 -0.158248 -2.20982 -6.48225 -8.35622 -7.55389 -6.50733 -5.78978 -5.33904 -4.85949 -4.43368 -4.06541 -3.71007 -3.35111 -2.9754 -2.59327 -2.23411 -1.89711 -1.59663 -1.32845 -1.0341 -0.725825
103.755 -0.173354 -0.237338 -0.158586 -2.21011 -6.48242 -8.35638 -7.55407 -6.50751 -5.78997 -5.33923 -4.85968 -4.43386 -4.06558 -3.71024 -3.35127 -2.97555 -2.5934 -2.23423 -1.89722 -1.59672 -1.32853 -1.03416 -0.725875
103.805 -0.173523 -0.23759 -0.158923 -2.21039 -6.48259 -8.35654 -7.55424 -6.5077 -5.79016 -5.33942 -4.85987 -4.43404 -4.06576 -3.7104 -3.35142 -2.97569 -2.59353 -2.23435 -1.89732 -1.59681 -1.32861 -1.03423 -0.725925
103.855 -0.173691 -0.237842 -0.159259 -2.21067 -6.48276 -8.3567 -7.55441 -6.50788 -5.79035 -5.3396 -4.86005 -4.43422 -4.06593 -3.71056 -3.35157 -2.97583 -2.59366 -2.23447 -1.89743 -1.59691 -1.32869 -1.03429 -0.725974
103.905 -0.173859 -0.238093 -0.159595 -2.21095 -6.48293 -8.35686 -7.55458 -6.50806 -5.79053 -5.33979 -4.86024 -4.4344 -4.0661 -3.71073 -3.35173 -2.97597 -2.59379 -2.23459 -1.89754 -1.597 -1.32877 -1.03436 -0.726024
103.955 -0.174027 -0.238344 -0.15993 -2.21123 -6.4831 -8.35702 -7.55476 -6.50825 -5.79072 -5.33998 -4.86043 -4.43458 -4.06628 -3.71089 -3.35188 -2.97612 -2.59392 -2.23471 -1.89764 -1.59709 -1.32885 -1.03442 -0.726074
104.005 -0.174195 -0.238594 -0.160265 -2.21151 -6.48327 -8.35717 -7.55493 -6.50843 -5.79091 -5.34017 -4.86061 -4.43476 -4.06645 -3.71105 -3.35203 -2.97626 -2.59406 -2.23483 -1.89775 -1.59719 -1.32893 -1.03449 -0.726123
104.055 -0.174362 -0.238844 -0.160599 -2.21179 -6.48344 -8.35733 -7.5551 -6.50861 -5.7911 -5.34036 -4.8608 -4.43494 -4.06662 -3.71122 -3.35218 -2.9764 -2.59419 -2.23495 -1.89786 -1.59728 -1.32901 -1.03455 -0.726173
104.105 -0.174529 -0.239094 -0.160933 -2.21207 -6.48361 -8.35749 -7.55527 -6.5088 -5.79129 -5.34055 -4.86098 -4.43512 -4.06679 -3.71138 -3.35234 -2.97654 -2.59432 -2.23507 -1.89796 -1.59737 -1.32909 -1.03462 -0.726222
104.155 -0.174696 -0.239343 -0.161266 -2.21235 -6.48378 -8.35765 -7.55544 -6.50898 -5.79148 -5.34073 -4.86117 -4.4353 -4.06696 -3.71154 -3.35249 -2.97668 -2.59445 -2.23519 -1.89807 -1.59747 -1.32916 -1.03468 -0.726271
104.205 -0.174863 -0.239592 -0.161598 -2.21263 -6.48395 -8.35781 -7.55561 -6.50916 -5.79166 -5.34092 -4.86135 -4.43548 -4.06714 -3.7117 -3.35264 -2.97682 -2.59458 -2.2353 -1.89818 -1.59756 -1.32924 -1.03474 -0.72632
104.255 -0.175029 -0.23984 -0.16193 -2.21291 -6.48412 -8.35796 -7.55578 -6.50934 -5.79185 -5.34111 -4.86153 -4.43566 -4.06731 -3.71186 -3.35279 -2.97696 -2.59471 -2.23542 -1.89828 -1.59765 -1.32932 -1.03481 -0.726369
104.305 -0.175195 -0.240088 -0.162262 -2.21319 -6.48429 -8.35812 -7.55595 -6.50952 -5.79204 -5.34129 -4.86172 -4.43584 -4.06748 -3.71203 -3.35294 -2.9771 -2.59484 -2.23554 -1.89839 -1.59774 -1.3294 -1.03487 -0.726418
104.355 -0.175361 -0.240336 -0.162593 -2.21347 -6.48446 -8.35828 -7.55612 -6.50971 -5.79222 -5.34148 -4.8619 -4.43602 -4.06765 -3.71219 -3.35309 -2.97725 -2.59496 -2.23566 -1.89849 -1.59784 -1.32948 -1.03494 -0.726467
104.405 -0.175526 -0.240583 -0.162923 -2.21375 -6.48463 -8.35844 -7.55629 -6.50989 -5.79241 -5.34166 -4.86208 -4.4362 -4.06782 -3.71235 -3.35324 -2.97739 -2.59509 -2.23578 -1.8986 -1.59793 -1.32956 -1.035 -0.726516
104.455 -0.175692 -0.24083 -0.163253 -2.21402 -6.48479 -8.35859 -7.55646 -6.51007 -5.7926 -5.34185 -4.86227 -4.43637 -4.06799 -3.71251 -3.35339 -2.97752 -2.59522 -2.23589 -1.8987 -1.59802 -1.32963 -1.03506 -0.726564
104.505 -0.175856 -0.241076 -0.163582 -2.2143 -6.48496 -8.35875 -7.55663 -6.51025 -5.79278 -5.34203 -4.86245 -4.43655 -4.06816 -3.71267 -3.35354 -2.97766 -2.59535 -2.23601 -1.89881 -1.59811 -1.32971 -1.03513 -0.726613
104.555 -0.176021 -0.241322 -0.163911 -2.21457 -6.48513 -8.3589 -7.55679 -6.51043 -5.79297 -5.34222 -4.86263 -4.43673 -4.06833 -3.71283 -3.35369 -2.9778 -2.59548 -2.23613 -1.89891 -1.5982 -1.32979 -1.03519 -0.726661
104.605 -0.176185 -0.241568 -0.16424 -2.21485 -6.4853 -8.35906 -7.55696 -6.51061 -5.79315 -5.3424 -4.86281 -4.4369 -4.06849 -3.71299 -3.35384 -2.97794 -2.59561 -2.23624 -1.89902 -1.5983 -1.32987 -1.03525 -0.72671
104.655 -0.17635 -0.241813 -0.164567 -2.21513 -6.48546 -8.35922 -7.55713 -6.51079 -5.79334 -5.34259 -4.863 -4.43708 -4.06866 -3.71315 -3.35399 -2.97808 -2.59574 -2.23636 -1.89912 -1.59839 -1.32994 -1.03532 -0.726758
104.705 -0.176513 -0.242058 -0.164895 -2.2154 -6.48563 -8.35937 -7.5573 -6.51097 -5.79352 -5.34277 -4.86318 -4.43726 -4.06883 -3.71331 -3.35414 -2.97822 -2.59586 -2.23648 -1.89923 -1.59848 -1.33002 -1.03538 -0.726806
104.755 -0.176677 -0.242302 -0.165221 -2.21567 -6.48579 -8.35953 -7.55746 -6.51114 -5.7937 -5.34295 -4.86336 -4.43743 -4.069 -3.71346 -3.35429 -2.97836 -2.59599 -2.23659 -1.89933 -1.59857 -1.3301 -1.03544 -0.726854
104.805 -0.17684 -0.242546 -0.165547 -2.21595 -6.48596 -8.35968 -7.55763 -6.51132 -5.79389 -5.34314 -4.86354 -4.43761 -4.06917 -3.71362 -3.35444 -2.9785 -2.59612 -2.23671 -1.89943 -1.59866 -1.33017 -1.0355 -0.726902
104.855 -0.177003 -0.24279 -0.165873 -2.21622 -6.48613 -8.35984 -7.5578 -6.5115 -5.79407 -5.34332 -4.86372 -4.43778 -4.06933 -3.71378 -3.35459 -2.97863 -2.59625 -2.23682 -1.89954 -1.59875 -1.33025 -1.03557 -0.72695
104.905 -0.177166 -0.243033 -0.166198 -2.21649 -6.48629 -8.35999 -7.55796 -6.51168 -5.79426 -5.3435 -4.8639 -4.43796 -4.0695 -3.71394 -3.35473 -2.97877 -2.59637 -2.23694 -1.89964 -1.59884 -1.33033 -1.03563 -0.726998
104.955 -0.177329 -0.243276 -0.166523 -2.21677 -6.48646 -8.36014 -7.55813 -6.51186 -5.79444 -5.34369 -4.86408 -4.43813 -4.06967 -3.7141 -3.35488 -2.97891 -2.5965 -2.23705 -1.89974 -1.59893 -1.3304 -1.03569 -0.727046
105.005 -0.177491 -0.243518 -0.166847 -2.21704 -6.48662 -8.3603 -7.5583 -6.51203 -5.79462 -5.34387 -4.86426 -4.43831 -4.06984 -3.71425 -3.35503 -2.97905 -2.59663 -2.23717 -1.89985 -1.59902 -1.33048 -1.03575 -0.727093
105.055 -0.177653 -0.24376 -0.16717 -2.21731 -6.48679 -8.36045 -7.55846 -6.51221 -5.7948 -5.34405 -4.86444 -4.43848 -4.07 -3.71441 -3.35518 -2.97918 -2.59675 -2.23728 -1.89995 -1.59911 -1.33055 -1.03582 -0.727141
105.105 -0.177815 -0.244002 -0.167493 -2.21758 -6.48695 -8.3606 -7.55863 -6.51239 -5.79498 -5.34423 -4.86462 -4.43865 -4.07017 -3.71457 -3.35532 -2.97932 -2.59688 -2.2374 -1.90005 -1.5992 -1.33063 -1.03588 -0.727188
105.155 -0.177976 -0.244243 -0.167816 -2.21785 -6.48711 -8.36076 -7.55879 -6.51256 -5.79517 -5.34441 -4.8648 -4.43883 -4.07033 -3.71473 -3.35547 -2.97946 -2.597 -2.23751 -1.90016 -1.59929 -1.33071 -1.03594 -0.727236
105.205 -0.178137 -0.244484 -0.168138 -2.21812 -6.48728 -8.36091 -7.55896 -6.51274 -5.79535 -5.34459 -4.86497 -4.439 -4.0705 -3.71488 -3.35562 -2.97959 -2.59713 -2.23763 -1.90026 -1.59938 -1.33078 -1.036 -0.727283
105.255 -0.178298 -0.244724 -0.168459 -2.21839 -6.48744 -8.36106 -7.55912 -6.51292 -5.79553 -5.34477 -4.86515 -4.43917 -4.07066 -3.71504 -3.35576 -2.97973 -2.59725 -2.23774 -1.90036 -1.59947 -1.33086 -1.03606 -0.72733
105.305 -0.178459 -0.244964 -0.16878 -2.21866 -6.4876 -8.36121 -7.55929 -6.51309 -5.79571 -5.34495 -4.86533 -4.43935 -4.07083 -3.71519 -3.35591 -2.97986 -2.59738 -2.23785 -1.90046 -1.59956 -1.33093 -1.03612 -0.727377
105.355 -0.178619 -0.245204 -0.1691 -2.21893 -6.48777 -8.36137 -7.55945 -6.51327 -5.79589 -5.34513 -4.86551 -4.43952 -4.07099 -3.71535 -3.35606 -2.98 -2.5975 -2.23797 -1.90056 -1.59965 -1.33101 -1.03619 -0.727424
105.405 -0.17878 -0.245443 -0.16942 -2.2192 -6.48793 -8.36152 -7.55961 -6.51344 -5.79607 -5.34531 -4.86568 -4.43969 -4.07116 -3.71551 -3.3562 -2.98013 -2.59763 -2.23808 -1.90066 -1.59973 -1.33108 -1.03625 -0.727471
105.455 -0.178939 -0.245682 -0.169739 -2.21947 -6.48809 -8.36167 -7.55978 -6.51362 -5.79625 -5.34549 -4.86586 -4.43986 -4.07132 -3.71566 -3.35635 -2.98027 -2.59775 -2.2382 -1.90077 -1.59982 -1.33116 -1.03631 -0.727518
105.505 -0.179099 -0.245921 -0.170058 -2.21973 -6.48825 -8.36182 -7.55994 -6.51379 -5.79643 -5.34567 -4.86604 -4.44003 -4.07149 -3.71582 -3.35649 -2.9804 -2.59788 -2.23831 -1.90087 -1.59991 -1.33123 -1.03637 -0.727565
105.555 -0.179258 -0.246159 -0.170376 -2.22 -6.48842 -8.36197 -7.5601 -6.51397 -5.79661 -5.34585 -4.86621 -4.4402 -4.07165 -3.71597 -3.35664 -2.98054 -2.598 -2.23842 -1.90097 -1.6 -1.33131 -1.03643 -0.727612
105.605 -0.179418 -0.246396 -0.170694 -2.22027 -6.48858 -8.36212 -7.56027 -6.51414 -5.79679 -5.34603 -4.86639 -4.44038 -4.07181 -3.71612 -3.35678 -2.98067 -2.59812 -2.23853 -1.90107 -1.60009 -1.33138 -1.03649 -0.727658
105.655 -0.179576 -0.246634 -0.171011 -2.22053 -6.48874 -8.36227 -7.56043 -6.51431 -5.79697 -5.34621 -4.86656 -4.44055 -4.07198 -3.71628 -3.35692 -2.98081 -2.59825 -2.23865 -1.90117 -1.60018 -1.33146 -1.03655 -0.727705
105.705 -0.179735 -0.246871 -0.171328 -2.2208 -6.4889 -8.36242 -7.56059 -6.51449 -5.79714 -5.34638 -4.86674 -4.44072 -4.07214 -3.71643 -3.35707 -2.98094 -2.59837 -2.23876 -1.90127 -1.60026 -1.33153 -1.03661 -0.727751
105.755 -0.179893 -0.247107 -0.171644 -2.22106 -6.48906 -8.36257 -7.56075 -6.51466 -5.79732 -5.34656 -4.86692 -4.44089 -4.0723 -3.71659 -3.35721 -2.98107 -2.59849 -2.23887 -1.90137 -1.60035 -1.3316 -1.03667 -0.727797
105.805 -0.180051 -0.247343 -0.17196 -2.22133 -6.48922 -8.36272 -7.56091 -6.51483 -5.7975 -5.34674 -4.86709 -4.44106 -4.07246 -3.71674 -3.35736 -2.98121 -2.59862 -2.23898 -1.90147 -1.60044 -1.33168 -1.03673 -0.727844
105.855 -0.180209 -0.247579 -0.172275 -2.22159 -6.48938 -8.36287 -7.56107 -6.515 -5.79768 -5.34692 -4.86726 -4.44122 -4.07262 -3.71689 -3.3575 -2.98134 -2.59874 -2.23909 -1.90157 -1.60053 -1.33175 -1.03679 -0.72789
105.905 -0.180367 -0.247815 -0.17259 -2.22186 -6.48954 -8.36302 -7.56124 -6.51518 -5.79785 -5.34709 -4.86744 -4.44139 -4.07279 -3.71704 -3.35764 -2.98147 -2.59886 -2.2392 -1.90167 -1.60061 -1.33182 -1.03685 -0.727936
105.955 -0.180524 -0.24805 -0.172904 -2.22212 -6.4897 -8.36317 -7.5614 -6.51535 -5.79803 -5.34727 -4.86761 -4.44156 -4.07295 -3.7172 -3.35778 -2.98161 -2.59898 -2.23932 -1.90177 -1.6007 -1.3319 -1.03691 -0.727982
106.005 -0.180681 -0.248284 -0.173218 -2.22238 -6.48986 -8.36332 -7.56156 -6.51552 -5.79821 -5.34744 -4.86779 -4.44173 -4.07311 -3.71735 -3.35793 -2.98174 -2.59911 -2.23943 -1.90187 -1.60079 -1.33197 -1.03697 -0.728028
106.055 -0.180838 -0.248518 -0.173531 -2.22265 -6.49002 -8.36347 -7.56172 -6.51569 -5.79838 -5.34762 -4.86796 -4.4419 -4.07327 -3.7175 -3.35807 -2.98187 -2.59923 -2.23954 -1.90197 -1.60087 -1.33205 -1.03703 -0.728073
106.105 -0.180994 -0.248752 -0.173844 -2.22291 -6.49018 -8.36362 -7.56188 -6.51586 -5.79856 -5.3478 -4.86813 -4.44207 -4.07343 -3.71765 -3.35821 -2.982 -2.59935 -2.23965 -1.90207 -1.60096 -1.33212 -1.03709 -0.728119
106.155 -0.181151 -0.248986 -0.174156 -2.22317 -6.49034 -8.36377 -7.56204 -6.51603 -5.79874 -5.34797 -4.86831 -4.44224 -4.07359 -3.7178 -3.35835 -2.98213 -2.59947 -2.23976 -1.90217 -1.60105 -1.33219 -1.03715 -0.728165
106.205 -0.181307 -0.249219 -0.174467 -2.22343 -6.4905 -8.36391 -7.5622 -6.5162 -5.79891 -5.34815 -4.86848 -4.4424 -4.07375 -3.71796 -3.35849 -2.98227 -2.59959 -2.23987 -1.90226 -1.60113 -1.33226 -1.03721 -0.72821
106.255 -0.181462 -0.249452 -0.174778 -2.22369 -6.49065 -8.36406 -7.56236 -6.51637 -5.79909 -5.34832 -4.86865 -4.44257 -4.07391 -3.71811 -3.35864 -2.9824 -2.59971 -2.23998 -1.90236 -1.60122 -1.33234 -1.03727 -0.728256
106.305 -0.181618 -0.249684 -0.175089 -2.22395 -6.49081 -8.36421 -7.56251 -6.51654 -5.79926 -5.34849 -4.86882 -4.44274 -4.07407 -3.71826 -3.35878 -2.98253 -2.59983 -2.24009 -1.90246 -1.6013 -1.33241 -1.03733 -0.728301
106.355 -0.181773 -0.249916 -0.175399 -2.22422 -6.49097 -8.36436 -7.56267 -6.51671 -5.79944 -5.34867 -4.86899 -4.4429 -4.07423 -3.71841 -3.35892 -2.98266 -2.59995 -2.2402 -1.90256 -1.60139 -1.33248 -1.03739 -0.728346
106.405 -0.181928 -0.250147 -0.175709 -2.22448 -6.49113 -8.3645 -7.56283 -6.51688 -5.79961 -5.34884 -4.86916 -4.44307 -4.07439 -3.71856 -3.35906 -2.98279 -2.60007 -2.24031 -1.90266 -1.60148 -1.33255 -1.03745 -0.728391
106.455 -0.182083 -0.250379 -0.176018 -2.22473 -6.49128 -8.36465 -7.56299 -6.51705 -5.79978 -5.34902 -4.86934 -4.44324 -4.07455 -3.71871 -3.3592 -2.98292 -2.6002 -2.24042 -1.90275 -1.60156 -1.33263 -1.03751 -0.728437
106.505 -0.182237 -0.250609 -0.176326 -2.22499 -6.49144 -8.3648 -7.56315 -6.51722 -5.79996 -5.34919 -4.86951 -4.4434 -4.0747 -3.71886 -3.35934 -2.98305 -2.60031 -2.24053 -1.90285 -1.60165 -1.3327 -1.03757 -0.728482
106.555 -0.182392 -0.25084 -0.176634 -2.22525 -6.4916 -8.36494 -7.56331 -6.51739 -5.80013 -5.34936 -4.86968 -4.44357 -4.07486 -3.71901 -3.35948 -2.98318 -2.60043 -2.24063 -1.90295 -1.60173 -1.33277 -1.03763 -0.728527
106.605 -0.182546 -0.25107 -0.176942 -2.22551 -6.49175 -8.36509 -7.56346 -6.51756 -5.8003 -5.34953 -4.86985 -4.44373 -4.07502 -3.71916 -3.35962 -2.98331 -2.60055 -2.24074 -1.90305 -1.60182 -1.33284 -1.03768 -0.728571
106.655 -0.182699 -0.2513 -0.177249 -2.22577 -6.49191 -8.36523 -7.56362 -6.51773 -5.80048 -5.34971 -4.87002 -4.4439 -4.07518 -3.7193 -3.35976 -2.98344 -2.60067 -2.24085 -1.90314 -1.6019 -1.33291 -1.03774 -0.728616
106.705 -0.182853 -0.251529 -0.177556 -2.22603 -6.49207 -8.36538 -7.56378 -6.51789 -5.80065 -5.34988 -4.87019 -4.44406 -4.07534 -3.71945 -3.3599 -2.98357 -2.60079 -2.24096 -1.90324 -1.60199 -1.33298 -1.0378 -0.728661
106.755 -0.183006 -0.251758 -0.177862 -2.22628 -6.49222 -8.36552 -7.56393 -6.51806 -5.80082 -5.35005 -4.87036 -4.44423 -4.07549 -3.7196 -3.36003 -2.9837 -2.60091 -2.24107 -1.90334 -1.60207 -1.33306 -1.03786 -0.728705
106.805 -0.183159 -0.251986 -0.178167 -2.22654 -6.49238 -8.36567 -7.56409 -6.51823 -5.80099 -5.35022 -4.87052 -4.44439 -4.07565 -3.71975 -3.36017 -2.98383 -2.60103 -2.24118 -1.90343 -1.60216 -1.33313 -1.03792 -0.72875
106.855 -0.183312 -0.252215 -0.178472 -2.22679 -6.49253 -8.36581 -7.56425 -6.51839 -5.80117 -5.35039 -4.87069 -4.44455 -4.07581 -3.7199 -3.36031 -2.98395 -2.60115 -2.24128 -1.90353 -1.60224 -1.3332 -1.03798 -0.728794
106.905 -0.183464 -0.252442 -0.178777 -2.22705 -6.49269 -8.36596 -7.5644 -6.51856 -5.80134 -5.35056 -4.87086 -4.44472 -4.07596 -3.72004 -3.36045 -2.98408 -2.60127 -2.24139 -1.90363 -1.60232 -1.33327 -1.03803 -0.728839
106.955 -0.183617 -0.25267 -0.179081 -2.22731 -6.49284 -8.3661 -7.56456 -6.51873 -5.80151 -5.35073 -4.87103 -4.44488 -4.07612 -3.72019 -3.36059 -2.98421 -2.60138 -2.2415 -1.90372 -1.60241 -1.33334 -1.03809 -0.728883
107.005 -0.183769 -0.252897 -0.179385 -2.22756 -6.493 -8.36625 -7.56471 -6.51889 -5.80168 -5.3509 -4.8712 -4.44504 -4.07627 -3.72034 -3.36073 -2.98434 -2.6015 -2.2416 -1.90382 -1.60249 -1.33341 -1.03815 -0.728927
107.055 -0.18392 -0.253124 -0.179688 -2.22781 -6.49315 -8.36639 -7.56487 -6.51906 -5.80185 -5.35107 -4.87137 -4.44521 -4.07643 -3.72049 -3.36086 -2.98447 -2.60162 -2.24171 -1.90391 -1.60257 -1.33348 -1.03821 -0.728971
107.105 -0.184072 -0.25335 -0.17999 -2.22807 -6.4933 -8.36653 -7.56502 -6.51922 -5.80202 -5.35124 -4.87153 -4.44537 -4.07658 -3.72063 -3.361 -2.98459 -2.60174 -2.24182 -1.90401 -1.60266 -1.33355 -1.03826 -0.729015
107.155 -0.184223 -0.253576 -0.180292 -2.22832 -6.49346 -8.36668 -7.56518 -6.51939 -5.80219 -5.35141 -4.8717 -4.44553 -4.07674 -3.72078 -3.36114 -2.98472 -2.60185 -2.24192 -1.9041 -1.60274 -1.33362 -1.03832 -0.729059
107.205 -0.184374 -0.253802 -0.180594 -2.22857 -6.49361 -8.36682 -7.56533 -6.51956 -5.80236 -5.35158 -4.87187 -4.44569 -4.07689 -3.72092 -3.36127 -2.98485 -2.60197 -2.24203 -1.9042 -1.60282 -1.33369 -1.03838 -0.729103
107.255 -0.184525 -0.254027 -0.180895 -2.22883 -6.49376 -8.36696 -7.56549 -6.51972 -5.80253 -5.35175 -4.87203 -4.44585 -4.07705 -3.72107 -3.36141 -2.98497 -2.60209 -2.24214 -1.9043 -1.60291 -1.33376 -1.03844 -0.729147
107.305 -0.184675 -0.254252 -0.181196 -2.22908 -6.49392 -8.36711 -7.56564 -6.51988 -5.8027 -5.35192 -4.8722 -4.44601 -4.0772 -3.72122 -3.36155 -2.9851 -2.6022 -2.24224 -1.90439 -1.60299 -1.33383 -1.03849 -0.72919
107.355 -0.184826 -0.254476 -0.181496 -2.22933 -6.49407 -8.36725 -7.56579 -6.52005 -5.80287 -5.35209 -4.87237 -4.44618 -4.07736 -3.72136 -3.36168 -2.98523 -2.60232 -2.24235 -1.90448 -1.60307 -1.3339 -1.03855 -0.729234
107.405 -0.184976 -0.2547 -0.181796 -2.22958 -6.49422 -8.36739 -7.56595 -6.52021 -5.80304 -5.35226 -4.87253 -4.44634 -4.07751 -3.72151 -3.36182 -2.98535 -2.60244 -2.24245 -1.90458 -1.60316 -1.33397 -1.03861 -0.729278
107.455 -0.185125 -0.254924 -0.182095 -2.22983 -6.49437 -8.36753 -7.5661 -6.52038 -5.8032 -5.35242 -4.8727 -4.4465 -4.07766 -3.72165 -3.36195 -2.98548 -2.60255 -2.24256 -1.90467 -1.60324 -1.33404 -1.03866 -0.729321
107.505 -0.185275 -0.255148 -0.182393 -2.23009 -6.49453 -8.36767 -7.56625 -6.52054 -5.80337 -5.35259 -4.87286 -4.44666 -4.07782 -3.7218 -3.36209 -2.9856 -2.60267 -2.24266 -1.90477 -1.60332 -1.33411 -1.03872 -0.729364
107.555 -0.185424 -0.255371 -0.182692 -2.23034 -6.49468 -8.36781 -7.56641 -6.5207 -5.80354 -5.35276 -4.87303 -4.44682 -4.07797 -3.72194 -3.36222 -2.98573 -2.60278 -2.24277 -1.90486 -1.6034 -1.33418 -1.03878 -0.729408
107.605 -0.185573 -0.255593 -0.182989 -2.23059 -6.49483 -8.36796 -7.56656 -6.52087 -5.80371 -5.35293 -4.87319 -4.44698 -4.07812 -3.72208 -3.36236 -2.98585 -2.6029 -2.24287 -1.90496 -1.60348 -1.33425 -1.03883 -0.729451
107.655 -0.185722 -0.255816 -0.183286 -2.23083 -6.49498 -8.3681 -7.56671 -6.52103 -5.80388 -5.35309 -4.87336 -4.44714 -4.07827 -3.72223 -3.36249 -2.98598 -2.60301 -2.24298 -1.90505 -1.60357 -1.33432 -1.03889 -0.729494
107.705 -0.18587 -0.256038 -0.183583 -2.23108 -6.49513 -8.36824 -7.56686 -6.52119 -5.80404 -5.35326 -4.87352 -4.44729 -4.07843 -3.72237 -3.36263 -2.9861 -2.60313 -2.24308 -1.90514 -1.60365 -1.33439 -1.03895 -0.729537
107.755 -0.186019 -0.256259 -0.183879 -2.23133 -6.49528 -8.36838 -7.56701 -6.52135 -5.80421 -5.35343 -4.87368 -4.44745 -4.07858 -3.72252 -3.36276 -2.98623 -2.60324 -2.24319 -1.90524 -1.60373 -1.33446 -1.039 -0.72958
107.805 -0.186167 -0.25648 -0.184175 -2.23158 -6.49543 -8.36852 -7.56716 -6.52151 -5.80438 -5.35359 -4.87385 -4.44761 -4.07873 -3.72266 -3.3629 -2.98635 -2.60336 -2.24329 -1.90533 -1.60381 -1.33453 -1.03906 -0.729623
107.855 -0.186315 -0.256701 -0.184471 -2.23183 -6.49558 -8.36866 -7.56732 -6.52168 -5.80454 -5.35376 -4.87401 -4.44777 -4.07888 -3.7228 -3.36303 -2.98648 -2.60347 -2.2434 -1.90542 -1.60389 -1.33459 -1.03911 -0.729665
107.905 -0.186462 -0.256922 -0.184765 -2.23208 -6.49573 -8.3688 -7.56747 -6.52184 -5.80471 -5.35392 -4.87417 -4.44793 -4.07903 -3.72294 -3.36316 -2.9866 -2.60359 -2.2435 -1.90551 -1.60397 -1.33466 -1.03917 -0.729708
107.955 -0.18661 -0.257142 -0.18506 -2.23232 -6.49588 -8.36894 -7.56762 -6.522 -5.80487 -5.35409 -4.87434 -4.44809 -4.07918 -3.72309 -3.3633 -2.98673 -2.6037 -2.2436 -1.90561 -1.60405 -1.33473 -1.03923 -0.729751
108.005 -0.186757 -0.257362 -0.185353 -2.23257 -6.49603 -8.36908 -7.56777 -6.52216 -5.80504 -5.35425 -4.8745 -4.44824 -4.07933 -3.72323 -3.36343 -2.98685 -2.60381 -2.24371 -1.9057 -1.60413 -1.3348 -1.03928 -0.729793
108.055 -0.186903 -0.257581 -0.185647 -2.23282 -6.49618 -8.36922 -7.56792 -6.52232 -5.8052 -5.35442 -4.87466 -4.4484 -4.07948 -3.72337 -3.36356 -2.98697 -2.60393 -2.24381 -1.90579 -1.60421 -1.33487 -1.03934 -0.729836
108.105 -0.18705 -0.2578 -0.18594 -2.23306 -6.49633 -8.36936 -7.56807 -6.52248 -5.80537 -5.35458 -4.87482 -4.44856 -4.07963 -3.72351 -3.36369 -2.9871 -2.60404 -2.24391 -1.90588 -1.60429 -1.33493 -1.03939 -0.729878
108.155 -0.187196 -0.258019 -0.186232 -2.23331 -6.49648 -8.36949 -7.56822 -6.52264 -5.80553 -5.35474 -4.87498 -4.44872 -4.07978 -3.72365 -3.36383 -2.98722 -2.60415 -2.24402 -1.90598 -1.60437 -1.335 -1.03945 -0.72992
108.205 -0.187343 -0.258237 -0.186524 -2.23355 -6.49663 -8.36963 -7.56837 -6.5228 -5.8057 -5.35491 -4.87514 -4.44887 -4.07993 -3.72379 -3.36396 -2.98734 -2.60427 -2.24412 -1.90607 -1.60445 -1.33507 -1.0395 -0.729963
108.255 -0.187488 -0.258455 -0.186815 -2.2338 -6.49677 -8.36977 -7.56852 -6.52296 -5.80586 -5.35507 -4.87531 -4.44903 -4.08008 -3.72394 -3.36409 -2.98746 -2.60438 -2.24422 -1.90616 -1.60453 -1.33514 -1.03956 -0.730005
108.305 -0.187634 -0.258673 -0.187106 -2.23404 -6.49692 -8.36991 -7.56866 -6.52312 -5.80602 -5.35523 -4.87547 -4.44918 -4.08023 -3.72408 -3.36422 -2.98759 -2.60449 -2.24432 -1.90625 -1.60461 -1.3352 -1.03961 -0.730047
108.355 -0.18778 -0.25889 -0.187397 -2.23428 -6.49707 -8.37005 -7.56881 -6.52328 -5.80619 -5.3554 -4.87563 -4.44934 -4.08038 -3.72422 -3.36435 -2.98771 -2.6046 -2.24442 -1.90634 -1.60469 -1.33527 -1.03967 -0.730089
108.405 -0.187925 -0.259107 -0.187687 -2.23453 -6.49722 -8.37018 -7.56896 -6.52343 -5.80635 -5.35556 -4.87579 -4.44949 -4.08053 -3.72436 -3.36448 -2.98783 -2.60472 -2.24453 -1.90643 -1.60477 -1.33534 -1.03972 -0.730131
108.455 -0.18807 -0.259323 -0.187977 -2.23477 -6.49736 -8.37032 -7.56911 -6.52359 -5.80651 -5.35572 -4.87595 -4.44965 -4.08068 -3.7245 -3.36462 -2.98795 -2.60483 -2.24463 -1.90652 -1.60485 -1.33541 -1.03978 -0.730173
108.505 -0.188214 -0.25954 -0.188266 -2.23501 -6.49751 -8.37046 -7.56926 -6.52375 -5.80668 -5.35588 -4.87611 -4.44981 -4.08082 -3.72464 -3.36475 -2.98807 -2.60494 -2.24473 -1.90661 -1.60493 -1.33547 -1.03983 -0.730214
108.555 -0.188359 -0.259755 -0.188554 -2.23526 -6.49766 -8.3706 -7.5694 -6.52391 -5.80684 -5.35605 -4.87627 -4.44996 -4.08097 -3.72478 -3.36488 -2.98819 -2.60505 -2.24483 -1.90671 -1.60501 -1.33554 -1.03989 -0.730256
108.605 -0.188503 -0.259971 -0.188842 -2.2355 -6.49781 -8.37073 -7.56955 -6.52407 -5.807 -5.35621 -4.87642 -4.45011 -4.08112 -3.72491 -3.36501 -2.98831 -2.60516 -2.24493 -1.9068 -1.60509 -1.33561 -1.03994 -0.730298
108.655 -0.188647 -0.260186 -0.18913 -2.23574 -6.49795 -8.37087 -7.5697 -6.52422 -5.80716 -5.35637 -4.87658 -4.45027 -4.08127 -3.72505 -3.36514 -2.98843 -2.60527 -2.24503 -1.90689 -1.60517 -1.33567 -1.04 -0.730339
108.705 -0.188791 -0.260401 -0.189417 -2.23598 -6.4981 -8.37101 -7.56985 -6.52438 -5.80732 -5.35653 -4.87674 -4.45042 -4.08141 -3.72519 -3.36527 -2.98855 -2.60539 -2.24513 -1.90698 -1.60525 -1.33574 -1.04005 -0.730381
108.755 -0.188934 -0.260615 -0.189704 -2.23622 -6.49824 -8.37114 -7.56999 -6.52454 -5.80749 -5.35669 -4.8769 -4.45058 -4.08156 -3.72533 -3.3654 -2.98868 -2.6055 -2.24523 -1.90707 -1.60533 -1.33581 -1.0401 -0.730422
108.805 -0.189078 -0.260829 -0.18999 -2.23646 -6.49839 -8.37128 -7.57014 -6.52469 -5.80765 -5.35685 -4.87706 -4.45073 -4.08171 -3.72547 -3.36553 -2.9888 -2.60561 -2.24534 -1.90716 -1.60541 -1.33587 -1.04016 -0.730463
108.855 -0.189221 -0.261043 -0.190276 -2.2367 -6.49853 -8.37141 -7.57029 -6.52485 -5.80781 -5.35701 -4.87722 -4.45088 -4.08185 -3.72561 -3.36565 -2.98892 -2.60572 -2.24544 -1.90725 -1.60548 -1.33594 -1.04021 -0.730504
108.905 -0.189363 -0.261257 -0.190561 -2.23694 -6.49868 -8.37155 -7.57043 -6.52501 -5.80797 -5.35717 -4.87737 -4.45103 -4.082 -3.72575 -3.36578 -2.98903 -2.60583 -2.24554 -1.90734 -1.60556 -1.336 -1.04027 -0.730546
108.955 -0.189506 -0.26147 -0.190846 -2.23718 -6.49882 -8.37168 -7.57058 -6.52516 -5.80813 -5.35733 -4.87753 -4.45119 -4.08214 -3.72588 -3.36591 -2.98915 -2.60594 -2.24564 -1.90742 -1.60564 -1.33607 -1.04032 -0.730587
109.005 -0.189648 -0.261682 -0.191131 -2.23742 -6.49897 -8.37182 -7.57072 -6.52532 -5.80829 -5.35749 -4.87769 -4.45134 -4.08229 -3.72602 -3.36604 -2.98927 -2.60605 -2.24574 -1.90751 -1.60572 -1.33614 -1.04037 -0.730628
109.055 -0.18979 -0.261895 -0.191414 -2.23766 -6.49911 -8.37195 -7.57087 -6.52547 -5.80845 -5.35765 -4.87785 -4.45149 -4.08243 -3.72616 -3.36617 -2.98939 -2.60616 -2.24583 -1.9076 -1.6058 -1.3362 -1.04043 -0.730668
109.105 -0.189932 -0.262107 -0.191698 -2.23789 -6.49926 -8.37209 -7.57101 -6.52563 -5.80861 -5.35781 -4.878 -4.45164 -4.08258 -3.72629 -3.3663 -2.98951 -2.60627 -2.24593 -1.90769 -1.60587 -1.33627 -1.04048 -0.730709
109.155 -0.190074 -0.262318 -0.191981 -2.23813 -6.4994 -8.37222 -7.57116 -6.52578 -5.80877 -5.35797 -4.87816 -4.4518 -4.08272 -3.72643 -3.36642 -2.98963 -2.60638 -2.24603 -1.90778 -1.60595 -1.33633 -1.04053 -0.73075
109.205 -0.190215 -0.26253 -0.192263 -2.23837 -6.49954 -8.37236 -7.5713 -6.52594 -5.80892 -5.35812 -4.87831 -4.45195 -4.08287 -3.72657 -3.36655 -2.98975 -2.60648 -2.24613 -1.90787 -1.60603 -1.3364 -1.04059 -0.730791
109.255 -0.190357 -0.262741 -0.192546 -2.23861 -6.49969 -8.37249 -7.57145 -6.52609 -5.80908 -5.35828 -4.87847 -4.4521 -4.08301 -3.7267 -3.36668 -2.98987 -2.60659 -2.24623 -1.90796 -1.6061 -1.33646 -1.04064 -0.730831
109.305 -0.190497 -0.262951 -0.192827 -2.23884 -6.49983 -8.37262 -7.57159 -6.52624 -5.80924 -5.35844 -4.87863 -4.45225 -4.08316 -3.72684 -3.36681 -2.98998 -2.6067 -2.24633 -1.90805 -1.60618 -1.33653 -1.04069 -0.730872
109.355 -0.190638 -0.263161 -0.193108 -2.23908 -6.49997 -8.37276 -7.57173 -6.5264 -5.8094 -5.3586 -4.87878 -4.4524 -4.0833 -3.72698 -3.36693 -2.9901 -2.60681 -2.24643 -1.90813 -1.60626 -1.33659 -1.04075 -0.730912
109.405 -0.190779 -0.263371 -0.193389 -2.23931 -6.50012 -8.37289 -7.57188 -6.52655 -5.80956 -5.35876 -4.87894 -4.45255 -4.08344 -3.72711 -3.36706 -2.99022 -2.60692 -2.24653 -1.90822 -1.60634 -1.33666 -1.0408 -0.730953
109.455 -0.190919 -0.263581 -0.193669 -2.23955 -6.50026 -8.37302 -7.57202 -6.5267 -5.80971 -5.35891 -4.87909 -4.4527 -4.08359 -3.72725 -3.36719 -2.99034 -2.60703 -2.24662 -1.90831 -1.60641 -1.33672 -1.04085 -0.730993
109.505 -0.191059 -0.26379 -0.193949 -2.23978 -6.5004 -8.37315 -7.57216 -6.52686 -5.80987 -5.35907 -4.87924 -4.45285 -4.08373 -3.72738 -3.36731 -2.99045 -2.60713 -2.24672 -1.9084 -1.60649 -1.33679 -1.0409 -0.731033
109.555 -0.191199 -0.263999 -0.194228 -2.24002 -6.50054 -8.37329 -7.57231 -6.52701 -5.81003 -5.35923 -4.8794 -4.453 -4.08387 -3.72752 -3.36744 -2.99057 -2.60724 -2.24682 -1.90848 -1.60656 -1.33685 -1.04096 -0.731073
109.605 -0.191338 -0.264208 -0.194507 -2.24025 -6.50069 -8.37342 -7.57245 -6.52716 -5.81019 -5.35938 -4.87955 -4.45315 -4.08402 -3.72765 -3.36756 -2.99069 -2.60735 -2.24692 -1.90857 -1.60664 -1.33692 -1.04101 -0.731113
109.655 -0.191478 -0.264416 -0.194786 -2.24049 -6.50083 -8.37355 -7.57259 -6.52731 -5.81034 -5.35954 -4.87971 -4.4533 -4.08416 -3.72778 -3.36769 -2.99081 -2.60746 -2.24702 -1.90866 -1.60672 -1.33698 -1.04106 -0.731153
109.705 -0.191617 -0.264624 -0.195064 -2.24072 -6.50097 -8.37368 -7.57273 -6.52747 -5.8105 -5.35969 -4.87986 -4.45345 -4.0843 -3.72792 -3.36782 -2.99092 -2.60756 -2.24711 -1.90875 -1.60679 -1.33704 -1.04111 -0.731193
109.755 -0.191756 -0.264831 -0.195341 -2.24095 -6.50111 -8.37381 -7.57288 -6.52762 -5.81065 -5.35985 -4.88001 -4.45359 -4.08444 -3.72805 -3.36794 -2.99104 -2.60767 -2.24721 -1.90883 -1.60687 -1.33711 -1.04117 -0.731233
109.805 -0.191894 -0.265038 -0.195618 -2.24118 -6.50125 -8.37395 -7.57302 -6.52777 -5.81081 -5.36 -4.88017 -4.45374 -4.08458 -3.72819 -3.36807 -2.99115 -2.60778 -2.24731 -1.90892 -1.60694 -1.33717 -1.04122 -0.731273
109.855 -0.192033 -0.265245 -0.195895 -2.24142 -6.50139 -8.37408 -7.57316 -6.52792 -5.81097 -5.36016 -4.88032 -4.45389 -4.08472 -3.72832 -3.36819 -2.99127 -2.60788 -2.2474 -1.90901 -1.60702 -1.33723 -1.04127 -0.731312
109.905 -0.192171 -0.265452 -0.196171 -2.24165 -6.50153 -8.37421 -7.5733 -6.52807 -5.81112 -5.36031 -4.88047 -4.45404 -4.08487 -3.72845 -3.36832 -2.99138 -2.60799 -2.2475 -1.90909 -1.60709 -1.3373 -1.04132 -0.731352
109.955 -0.192309 -0.265658 -0.196446 -2.24188 -6.50167 -8.37434 -7.57344 -6.52822 -5.81128 -5.36047 -4.88062 -4.45419 -4.08501 -3.72859 -3.36844 -2.9915 -2.6081 -2.2476 -1.90918 -1.60717 -1.33736 -1.04137 -0.731392
