50.01 -3.36304 -5.4549 -4.46323 -5.84058 -7.44406 -6.99357 -5.36995 -1.92754 0.427837 1.83792 4.37939 5.30695 5.8043 9.64021 11.1494 6.88677 0.920409 -1.7067 -2.43447 -4.80033 -8.70644 -10.174 -9.80816
50.06 -2.91927 -4.41789 -3.36622 -5.30622 -7.86823 -7.64072 -6.28311 -3.09686 -0.675236 0.70553 3.13806 4.09522 5.03392 9.57224 11.5405 7.71922 2.31044 -0.141743 -0.88669 -3.47205 -7.97018 -10 -9.93737
50.11 -2.38581 -3.20865 -2.06257 -4.42246 -8.06576 -8.1758 -6.92655 -4.16551 -1.85595 -0.402434 2.02854 3.03569 4.33724 9.23941 11.5005 8.32811 3.69812 1.39317 0.596186 -2.14794 -7.07792 -9.57506 -9.84743
50.16 -1.73472 -1.87679 -0.62706 -3.2424 -8.00322 -8.62417 -7.37131 -5.15398 -3.13641 -1.49545 1.0664 2.14943 3.72262 8.71116 11.0887 8.6653 5.02844 2.93235 2.05417 -0.828079 -6.08065 -8.93957 -9.54631
50.21 -1.00312 -0.519385 0.827397 -1.82042 -7.4746 -8.77777 -7.80014 -6.2516 -4.52577 -2.57144 0.262541 1.47893 3.20664 8.04367 10.3782 8.67493 6.19843 4.45931 3.49675 0.484835 -5.01057 -8.12837 -9.03964
50.26 -0.208706 0.828956 2.26385 -0.344735 -6.63475 -8.59151 -8.09257 -7.31123 -5.97781 -3.73473 -0.472983 1.01202 2.76362 7.25445 9.44348 8.36595 7.12838 5.91026 4.90444 1.76541 -3.92526 -7.17965 -8.33294
50.31 0.614099 2.1298 3.62833 1.04631 -5.71037 -8.12492 -8.16935 -8.10721 -7.15489 -4.91353 -1.29301 0.588704 2.29722 6.35406 8.36946 7.83033 7.78136 7.1778 6.19654 2.9473 -2.89161 -6.17259 -7.4691
50.36 1.43176 3.34823 4.85431 2.29138 -4.72113 -7.4086 -8.02388 -8.70567 -8.05136 -5.95221 -2.14998 0.0769201 1.73407 5.39808 7.25057 7.18963 8.17635 8.1937 7.31284 3.99778 -1.92089 -5.1608 -6.51882
50.41 2.22091 4.44427 5.83431 3.29888 -3.66508 -6.46425 -7.62443 -9.11924 -8.75326 -6.82205 -2.99635 -0.521763 1.096 4.43332 6.15811 6.53577 8.35917 8.9353 8.21246 4.90329 -0.991177 -4.16098 -5.5475
50.46 2.93468 5.39348 6.61316 4.13572 -2.57262 -5.32797 -6.96346 -9.36492 -9.34062 -7.51421 -3.81097 -1.23344 0.401009 3.51073 5.14898 5.92616 8.37777 9.40908 8.87348 5.66412 -0.0607031 -3.14526 -4.58032
50.51 3.55457 6.18698 7.21266 4.83182 -1.43944 -4.01911 -6.03718 -9.42887 -9.86294 -8.04811 -4.59835 -2.09077 -0.346883 2.66495 4.26184 5.39028 8.2671 9.63341 9.28689 6.2809 0.903318 -2.06786 -3.60057
50.56 4.07348 6.83206 7.66905 5.438 -0.310554 -2.65859 -4.90831 -9.19743 -10.1749 -8.4927 -5.46329 -3.09605 -1.13374 1.91309 3.54768 4.9615 8.06219 9.63751 9.45303 6.7365 1.88194 -0.92422 -2.59413
50.61 4.49486 7.33858 8.00287 5.97772 0.798245 -1.30352 -3.69536 -8.62319 -10.1559 -8.86689 -6.46807 -4.26491 -1.99638 1.23467 3.02425 4.64415 7.78295 9.45957 9.40063 7.0333 2.84635 0.273064 -1.55359
50.66 4.82663 7.73154 8.25887 6.50117 1.9172 0.045026 -2.46969 -7.86794 -9.84962 -9.10415 -7.53301 -5.59381 -3.02119 0.516475 2.58872 4.34217 7.39229 9.11621 9.17061 7.2044 3.79357 1.53522 -0.440052
50.71 5.07903 8.02905 8.45225 7.00612 3.03023 1.37593 -1.18986 -6.91283 -9.30303 -9.20191 -8.59366 -7.0186 -4.19199 -0.289036 2.14787 3.96873 6.85755 8.61425 8.78248 7.25484 4.68004 2.81141 0.737064
50.76 5.25542 8.2419 8.5961 7.48524 4.12879 2.71193 0.115649 -5.80439 -8.51845 -9.11874 -9.53158 -8.43235 -5.42724 -1.1831 1.54603 3.42495 6.2087 7.98369 8.25391 7.17336 5.44663 4.01687 1.91504
50.81 5.37128 8.39838 8.71725 7.91064 5.16095 4.00889 1.37238 -4.63039 -7.52153 -8.77434 -10.113 -9.6006 -6.69033 -2.22336 0.740792 2.72272 5.49234 7.27102 7.61378 6.95731 6.05205 5.06725 2.98945
50.86 5.45631 8.51422 8.80507 8.26336 6.07955 5.17104 2.506 -3.43768 -6.33414 -8.16531 -10.411 -10.4202 -7.79557 -3.35464 -0.236502 1.89145 4.72795 6.50957 6.89195 6.62198 6.50244 5.95571 3.92259
50.91 5.53156 8.6121 8.88237 8.54463 6.84215 6.13684 3.47873 -2.24289 -4.97719 -7.2814 -10.4801 -10.9977 -8.67212 -4.47844 -1.35345 0.947847 3.92565 5.72197 6.11207 6.18513 6.81786 6.70454 4.72368
50.96 5.62191 8.71801 8.97158 8.74129 7.42038 6.88828 4.28449 -1.07486 -3.54079 -6.15451 -10.2927 -11.3189 -9.31416 -5.57759 -2.57311 -0.0726163 3.10637 4.95243 5.31673 5.68328 7.02639 7.32492 5.38879
51.01 5.75679 8.79022 8.98842 8.83565 7.85474 7.42683 4.927 0.0173839 -2.15084 -4.89733 -9.71675 -11.3037 -9.77896 -6.6944 -3.86217 -1.10624 2.33841 4.26352 4.57257 5.18041 7.17752 7.83817 5.91571
51.06 5.89933 8.8054 8.94052 8.84762 8.16126 7.80589 5.47603 1.07927 -0.822544 -3.67224 -8.95191 -10.9702 -10.0151 -7.77942 -5.24521 -2.22974 1.55244 3.61157 3.86444 4.67604 7.25443 8.24482 6.3512
51.11 6.02638 8.74858 8.82461 8.78269 8.36175 8.0673 5.96713 2.12712 0.451648 -2.51431 -8.09773 -10.402 -10.0394 -8.76737 -6.65523 -3.42797 0.712777 2.94312 3.16441 4.16126 7.1955 8.47871 6.70238
51.16 6.11073 8.59924 8.62805 8.64151 8.47517 8.23892 6.40492 3.14842 1.66655 -1.37573 -7.14761 -9.67988 -9.89048 -9.61167 -8.0049 -4.64128 -0.17317 2.24201 2.4805 3.65835 6.95451 8.45242 6.91589
51.21 6.11975 8.33306 8.33293 8.41862 8.51404 8.3419 6.78786 4.13778 2.84012 -0.273217 -6.14938 -8.8355 -9.57355 -10.2655 -9.21312 -5.80923 -1.08984 1.51594 1.85482 3.21514 6.54856 8.12939 6.89762
51.26 6.01658 7.92557 7.92166 8.10847 8.48792 8.39341 7.11451 5.08757 3.97429 0.771853 -5.13733 -7.89749 -9.09773 -10.6956 -10.2132 -6.87746 -2.01994 0.767432 1.30108 2.82705 6.03711 7.59558 6.62744
51.31 5.77183 7.36191 7.38589 7.71141 8.4019 8.40034 7.37968 5.98011 5.04649 1.74004 -4.13617 -6.90601 -8.47991 -10.8705 -10.9446 -7.80447 -2.95903 0.00394538 0.817382 2.48131 5.46225 6.93612 6.17176
51.36 5.3776 6.64587 6.73349 7.23618 8.25342 8.35456 7.57312 6.79442 6.03563 2.63185 -3.14419 -5.89546 -7.76597 -10.7985 -11.3768 -8.5584 -3.91186 -0.798245 0.362615 2.15294 4.86889 6.22489 5.60368
51.41 4.8513 5.80201 5.98958 6.69742 8.03182 8.23684 7.68426 7.51498 6.9275 3.45626 -2.10178 -4.76876 -6.96162 -10.5654 -11.563 -9.15575 -4.88995 -1.67955 -0.137277 1.77734 4.24251 5.48028 4.96248
51.46 4.22894 4.87149 5.19091 6.1076 7.71238 8.01066 7.68939 8.12323 7.73246 4.28362 -0.96577 -3.55375 -6.09242 -10.2094 -11.5602 -9.61035 -5.86084 -2.63314 -0.722598 1.30488 3.5471 4.68233 4.24823
51.51 3.5467 3.8958 4.37128 5.47353 7.27248 7.64771 7.57329 8.59718 8.43198 5.13768 0.298862 -2.22841 -5.13057 -9.74275 -11.4157 -9.94533 -6.79428 -3.63171 -1.39795 0.718188 2.75938 3.80902 3.44851
51.56 2.82739 2.89926 3.5443 4.79137 6.70042 7.1397 7.33488 8.91278 8.98674 5.99341 1.70005 -0.757914 -4.01004 -9.12489 -11.1487 -10.1788 -7.68069 -4.6576 -2.15774 0.0188839 1.87812 2.85658 2.5607
51.61 2.07419 1.87998 2.69682 4.04743 6.00092 6.50276 6.9864 9.05042 9.35246 6.78471 3.20485 0.873826 -2.63852 -8.247 -10.7447 -10.317 -8.52987 -5.71594 -3.00924 -0.793813 0.912705 1.83692 1.59641
51.66 1.27556 0.819155 1.80502 3.23259 5.20135 5.77616 6.54314 8.98694 9.47852 7.41532 4.76209 2.71766 -1.06831 -7.13401 -10.1042 -10.2966 -9.31176 -6.79119 -3.94458 -1.70639 -0.112931 0.775281 0.579416
51.71 0.400698 -0.318843 0.837949 2.34122 4.34434 5.01558 6.02457 8.71283 9.33557 7.79882 6.27405 4.70978 0.64761 -5.77902 -9.13791 -10.0388 -9.97721 -7.85319 -4.94612 -2.70131 -1.17922 -0.308811 -0.4676
51.76 -0.606855 -1.58709 -0.243874 1.36134 3.4687 4.27288 5.44833 8.2374 8.93081 7.90304 7.61576 6.67626 2.4042 -4.19091 -7.75547 -9.42578 -10.433 -8.83649 -5.97055 -3.74955 -2.27338 -1.40668 -1.52742
51.81 -1.7228 -3.01191 -1.52145 0.246095 2.58996 3.57388 4.82412 7.58913 8.31267 7.76528 8.66388 8.38309 4.04974 -2.43866 -5.91382 -8.30736 -10.5428 -9.63781 -6.94349 -4.80733 -3.38672 -2.5148 -2.58178
51.86 -2.57821 -4.1941 -2.82355 -1.04123 1.58732 2.85768 4.13679 6.81275 7.56647 7.47441 9.33613 9.60938 5.40873 -0.703399 -3.82925 -6.68889 -10.1679 -10.1179 -7.74311 -5.79082 -4.48722 -3.61072 -3.59235
51.91 -3.33324 -5.14503 -3.87681 -2.26195 0.500313 2.06887 3.36173 5.93547 6.75074 7.0963 9.65348 10.326 6.4601 0.964943 -1.74876 -4.85669 -9.35143 -10.1924 -8.26132 -6.62411 -5.55663 -4.69016 -4.54049
51.96 -4.00561 -6.00116 -4.77665 -3.22117 -0.523136 1.14264 2.47806 4.98342 5.90816 6.6665 9.67934 10.6038 7.2481 2.59866 0.27883 -3.01424 -8.25253 -9.88135 -8.45866 -7.26529 -6.58543 -5.76624 -5.44371
52.01 -4.45323 -6.66921 -5.42459 -4.00437 -1.64124 0.0120078 1.5096 4.02596 5.10201 6.21495 9.46737 10.5124 7.77856 4.19538 2.28571 -1.21374 -6.98996 -9.2499 -8.34512 -7.68925 -7.53281 -6.82194 -6.31747
52.06 -4.54925 -7.04078 -5.82675 -4.71473 -2.92433 -1.35453 0.4301 3.11255 4.3694 5.74301 9.04156 10.0988 8.01905 5.70801 4.30047 0.554987 -5.61082 -8.34293 -7.93491 -7.87446 -8.34099 -7.81393 -7.15631
52.11 -4.44321 -7.10824 -5.96563 -5.31374 -4.31339 -2.92934 -0.79562 2.18272 3.64337 5.16752 8.37017 9.37968 7.93948 7.08964 6.32649 2.28881 -4.12634 -7.14518 -7.20263 -7.78163 -8.95475 -8.69952 -7.94628
52.16 -4.18938 -6.95118 -5.89766 -5.7639 -5.53577 -4.50516 -2.19387 1.12693 2.84095 4.40322 7.42671 8.3777 7.5461 8.25363 8.21551 3.91709 -2.59731 -5.6803 -6.10823 -7.33476 -9.29801 -9.4256 -8.6612
52.21 -3.89443 -6.54893 -5.54993 -6.00329 -6.47133 -5.72226 -3.59734 -0.103563 1.90543 3.43043 6.25111 7.17071 6.91544 9.09892 9.75098 5.31149 -1.1161 -4.06438 -4.70647 -6.50681 -9.30272 -9.92896 -9.25504
52.26 -3.53889 -5.84657 -4.86462 -5.96328 -7.19044 -6.65327 -4.87588 -1.37944 0.896407 2.33931 4.95532 5.87591 6.15525 9.56146 10.8268 6.45165 0.305162 -2.41669 -3.1386 -5.36974 -8.95816 -10.1614 -9.68157
52.31 -3.12458 -4.90141 -3.88239 -5.58767 -7.7065 -7.37141 -5.91363 -2.5913 -0.178899 1.20501 3.67473 4.61626 5.36856 9.64071 11.4239 7.37662 1.69392 -0.829203 -1.56375 -4.063 -8.32074 -10.1108 -9.90735
52.36 -2.63529 -3.76245 -2.66063 -4.85466 -8.00867 -7.94955 -6.67128 -3.70367 -1.32099 0.0852626 2.50146 3.48401 4.63519 9.4143 11.5681 8.08853 3.08605 0.714678 -0.0546235 -2.73243 -7.48788 -9.79168 -9.91402
52.41 -2.03805 -2.47857 -1.27509 -3.79738 -8.06468 -8.43751 -7.19265 -4.72366 -2.55778 -1.01078 1.47657 2.52031 3.98578 8.96663 11.3133 8.5538 4.45192 2.24882 1.40908 -1.41422 -6.53595 -9.24521 -9.70508
52.46 -1.33385 -1.11921 0.184095 -2.47263 -7.77706 -8.74942 -7.60885 -5.74859 -3.89824 -2.09647 0.598578 1.74508 3.42077 8.35315 10.7246 8.71278 5.70693 3.7887 2.86146 -0.0927384 -5.48794 -8.50682 -9.28988
52.51 -0.566996 0.234721 1.63344 -0.991763 -7.02275 -8.71314 -7.99255 -6.88109 -5.34297 -3.19555 -0.140797 1.20131 2.95614 7.61971 9.88064 8.53808 6.74973 5.28359 4.28933 1.20545 -4.40404 -7.61293 -8.66927
52.56 0.249694 1.56204 3.03441 0.441503 -6.12794 -8.36363 -8.16055 -7.78003 -6.67375 -4.40674 -0.921678 0.787478 2.51559 6.76194 8.85559 8.08742 7.5262 6.6448 5.64314 2.43895 -3.3412 -6.62183 -7.86731
52.61 1.06805 2.82024 4.34366 1.77447 -5.17132 -7.75836 -8.1192 -8.46409 -7.683 -5.51138 -1.76937 0.313603 1.99425 5.82587 7.74702 7.47985 8.03082 7.77732 6.84338 3.55018 -2.34366 -5.60729 -6.94573
52.66 1.87939 3.97636 5.42668 2.87539 -4.13746 -6.90623 -7.83293 -8.95798 -8.46129 -6.45899 -2.62483 -0.244681 1.38638 4.85834 6.63487 6.82277 8.30131 8.6409 7.84271 4.52042 -1.40028 -4.60323 -5.97775
52.71 2.62907 4.99204 6.29336 3.78767 -3.06406 -5.86204 -7.2915 -9.2744 -9.08872 -7.22778 -3.45324 -0.900916 0.716293 3.91205 5.5832 6.18874 8.38757 9.23143 8.61085 5.34451 -0.476135 -3.60072 -5.00904
52.76 3.29248 5.8545 6.96615 4.53586 -1.94416 -4.6115 -6.47707 -9.42627 -9.6399 -7.82991 -4.25287 -1.69241 -0.00946367 3.02856 4.63801 5.61761 8.33063 9.56373 9.13484 6.02628 0.471756 -2.55481 -4.03792
52.81 3.85604 6.56457 7.48508 5.18208 -0.804751 -3.26004 -5.4299 -9.3622 -10.0797 -8.29405 -5.05514 -2.63293 -0.785239 2.22928 3.8368 5.13388 8.16109 9.66013 9.40967 6.55695 1.45162 -1.4347 -3.04136
52.86 4.31994 7.12975 7.86642 5.74212 0.306309 -1.90347 -4.23368 -8.90213 -10.2041 -8.71813 -6.01167 -3.72486 -1.59581 1.53512 3.23861 4.77673 7.91804 9.55955 9.44787 6.9191 2.42031 -0.265934 -2.02196
52.91 4.6901 7.57009 8.15363 6.27082 1.42121 -0.549894 -3.01925 -8.22797 -10.0157 -9.01468 -7.05705 -4.98836 -2.5466 0.844107 2.77786 4.48055 7.58172 9.28837 9.29293 7.14353 3.3785 0.970372 -0.942971
52.96 4.9765 7.90854 8.37426 6.78578 2.5387 0.786947 -1.76081 -7.35681 -9.57538 -9.17902 -8.13031 -6.38168 -3.6589 0.079164 2.34764 4.14672 7.11346 8.85589 8.97361 7.24855 4.29913 2.25 0.211194
53.01 5.18683 8.15689 8.53625 7.27616 3.64534 2.11979 -0.463157 -6.30947 -8.8935 -9.18444 -9.15325 -7.81532 -4.87059 -0.77301 1.84136 3.69048 6.50631 8.27582 8.5039 7.22667 5.12574 3.49827 1.3999
53.06 5.32553 8.33502 8.66752 7.7307 4.71479 3.44549 0.827551 -5.15396 -7.98746 -8.95922 -9.89574 -9.1346 -6.14271 -1.74279 1.12158 3.05068 5.81623 7.59429 7.90912 7.06906 5.80451 4.62385 2.53168
53.11 5.42091 8.46702 8.77012 8.11617 5.68933 4.67784 2.02163 -3.96739 -6.88212 -8.468 -10.3095 -10.0922 -7.3317 -2.85007 0.215076 2.27457 5.07195 6.85156 7.22047 6.78442 6.32108 5.58092 3.52644
53.16 5.49801 8.56822 8.84549 8.43024 6.52777 5.73481 3.06943 -2.77144 -5.59899 -7.70953 -10.4764 -10.7662 -8.31351 -3.98538 -0.842763 1.37855 4.28496 6.07267 6.46325 6.39009 6.69378 6.38932 4.385
53.21 5.57707 8.67069 8.93431 8.66572 7.18505 6.58289 3.94888 -1.58335 -4.17478 -6.67738 -10.4179 -11.2255 -9.05437 -5.08421 -2.02297 0.38211 3.46547 5.28504 5.66538 5.90861 6.94379 7.06599 5.11341
53.26 5.69445 8.76475 8.98982 8.80499 7.67968 7.21155 4.65782 -0.460456 -2.75953 -5.45686 -10.0053 -11.3531 -9.60068 -6.20055 -3.27897 -0.640586 2.67597 4.55998 4.89553 5.40236 7.1172 7.62258 5.69643
53.31 5.83671 8.80653 8.96964 8.85204 8.0398 7.65445 5.24109 0.610974 -1.40337 -4.20693 -9.30595 -11.1522 -9.93841 -7.3067 -4.62368 -1.71975 1.90676 3.90014 4.17621 4.90094 7.23341 8.08129 6.16826
53.36 5.9735 8.78386 8.8852 8.82109 8.28504 7.96424 5.75596 1.6646 -0.107252 -3.01915 -8.48373 -10.6776 -10.0532 -8.34594 -6.03355 -2.89196 1.09107 3.24293 3.47381 4.38983 7.24238 8.40256 6.55966
53.41 6.08058 8.6783 8.7262 8.71382 8.43486 8.17258 6.21768 2.69977 1.13471 -1.87805 -7.57831 -10.0164 -9.97737 -9.25858 -7.41988 -4.10598 0.223845 2.55631 2.77921 3.87678 7.08426 8.50086 6.84484
53.46 6.12732 8.46702 8.4771 8.52799 8.50552 8.3037 6.62528 3.70396 2.32476 -0.75539 -6.59463 -9.22308 -9.73459 -10.002 -8.70002 -5.30103 -0.680703 1.84028 2.12211 3.40113 6.74506 8.3077 6.93957
53.51 6.07835 8.12482 8.11908 8.25691 8.5072 8.37631 6.97704 4.67264 3.47781 0.317296 -5.58563 -8.32242 -9.32771 -10.5351 -9.80001 -6.41937 -1.60702 1.10051 1.537 2.9944 6.27439 7.85069 6.77436
53.56 5.89883 7.63113 7.63854 7.89775 8.44749 8.40308 7.27047 5.5933 4.58096 1.32133 -4.57749 -7.34896 -8.76901 -10.8257 -10.6571 -7.41381 -2.54174 0.344856 1.02462 2.62974 5.72077 7.23865 6.39206
53.61 5.57008 6.98073 7.03566 7.45555 8.32751 8.3825 7.49706 6.44451 5.60871 2.24568 -3.58496 -6.34775 -8.09178 -10.8567 -11.221 -8.24626 -3.4875 -0.435647 0.564705 2.29957 5.13345 6.54361 5.86566
53.66 5.09865 6.18918 6.32822 6.94311 8.1406 8.30031 7.64691 7.20869 6.54333 3.09415 -2.57284 -5.27978 -7.32622 -10.686 -11.5076 -8.91012 -4.45538 -1.27904 0.0931796 1.95328 4.52624 5.8151 5.25508
53.71 4.51398 5.29151 5.54903 6.3746 7.86769 8.12655 7.70159 7.86904 7.38717 3.91405 -1.48305 -4.10325 -6.48654 -10.3809 -11.5811 -9.42509 -5.43399 -2.20356 -0.451975 1.52785 3.86565 5.04413 4.57461
53.76 3.85444 4.33147 4.73547 5.75988 7.48338 7.82656 7.64025 8.40557 8.13752 4.75665 -0.278696 -2.8319 -5.57117 -9.96387 -11.4958 -9.81076 -6.38684 -3.18562 -1.08834 0.992032 3.12007 4.20583 3.81389
53.81 3.15 3.34287 3.91191 5.1003 6.97033 7.3822 7.455 8.79376 8.76155 5.61764 1.06491 -1.42542 -4.53713 -9.42949 -11.2794 -10.0848 -7.29196 -4.19916 -1.81021 0.342751 2.27976 3.28789 2.96454
53.86 2.41242 2.33515 3.07614 4.38538 6.32535 6.79896 7.15365 9.0133 9.21746 6.448 2.52739 0.125196 -3.27277 -8.66491 -10.9478 -10.272 -8.16038 -5.24416 -2.62128 -0.420763 1.34909 2.29521 2.03156
53.91 1.63641 1.29609 2.20735 3.60265 5.56535 6.10578 6.75009 9.04104 9.45498 7.16228 4.07136 1.87617 -1.786 -7.65669 -10.4229 -10.3297 -8.97611 -6.31415 -3.52066 -1.29084 0.347325 1.24917 1.03481
53.96 0.800665 0.197833 1.27796 2.74603 4.72829 5.35308 6.26243 8.86028 9.43277 7.66323 5.61756 3.81796 -0.1251 -6.40941 -9.6124 -10.1892 -9.70179 -7.3877 -4.49641 -2.25203 -0.702914 0.173317 -0.00134621
54.01 -0.139477 -1.00527 0.252345 1.80762 3.85716 4.5973 5.71001 8.47162 9.14038 7.89056 7.05101 5.82294 1.62994 -4.92109 -8.42439 -9.75052 -10.2651 -8.41663 -5.51807 -3.28112 -1.78588 -0.918909 -1.05741
54.06 -1.25232 -2.37135 -0.911746 0.769247 2.98078 3.87729 5.1052 7.89425 8.60764 7.85103 8.24269 7.67527 3.34694 -3.2233 -6.78287 -8.87757 -10.547 -9.31279 -6.52467 -4.34129 -2.89221 -2.02345 -2.11732
54.11 -2.21783 -3.70816 -2.28163 -0.468713 2.05226 3.18276 4.45169 7.1709 7.90854 7.61721 9.08573 9.13187 4.84704 -1.46304 -4.76113 -7.45001 -10.3964 -9.9534 -7.41909 -5.37047 -4.00353 -3.12816 -3.15251
54.16 -3.0066 -4.7411 -3.43331 -1.74378 0.979015 2.43059 3.71758 6.3353 7.11812 7.27192 9.55273 10.0676 6.02934 0.232276 -2.6635 -5.67783 -9.75798 -10.2103 -8.07063 -6.27672 -5.08682 -4.21286 -4.1275
54.21 -3.72374 -5.6317 -4.39403 -2.83049 -0.0767015 1.57346 2.88223 5.41158 6.2817 6.86185 9.70037 10.5301 6.92974 1.87759 -0.614879 -3.82645 -8.7653 -10.063 -8.41099 -7.00677 -6.13643 -5.29006 -5.04765
54.26 -4.30869 -6.41978 -5.17308 -3.65841 -1.11762 0.542573 1.94852 4.44251 5.44832 6.41458 9.58738 10.5949 7.57775 3.49651 1.39867 -2.00456 -7.56406 -9.56513 -8.43276 -7.53009 -7.12735 -6.35958 -5.93415
54.31 -4.53343 -6.91434 -5.68276 -4.4144 -2.33945 -0.719586 0.926519 3.51604 4.68866 5.95941 9.2582 10.3203 7.95042 5.05051 3.40409 -0.227134 -6.23693 -8.77917 -8.15396 -7.82351 -8.00339 -7.38499 -6.78968
54.36 -4.51434 -7.11405 -5.93441 -5.06178 -3.68835 -2.21043 -0.235553 2.59959 3.96914 5.44132 8.70064 9.73562 8.01558 6.49853 5.43336 1.52646 -4.79489 -7.71241 -7.57048 -7.86187 -8.7113 -8.32336 -7.60356
54.41 -4.31073 -7.03832 -5.94766 -5.5869 -5.0437 -3.84985 -1.56042 1.62471 3.2138 4.77039 7.87836 8.85309 7.75561 7.77232 7.4119 3.21948 -3.27222 -6.35548 -6.63711 -7.58081 -9.18491 -9.12781 -8.35654
54.46 -4.03097 -6.77 -5.75021 -5.92746 -6.08249 -5.22249 -2.98447 0.454107 2.33329 3.8824 6.79426 7.72375 7.21754 8.76904 9.12388 4.72614 -1.76456 -4.79155 -5.3581 -6.91839 -9.34499 -9.73728 -9.00996
54.51 -3.70344 -6.19054 -5.20723 -6.02007 -6.89783 -6.27116 -4.33219 -0.81616 1.34833 2.83045 5.53594 6.45253 6.5013 9.4062 10.4096 5.97496 -0.316104 -3.14001 -3.84324 -5.90617 -9.15175 -10.0928 -9.51534
54.56 -3.3156 -5.34696 -4.35108 -5.79794 -7.50289 -7.07489 -5.48822 -2.06574 0.305154 1.70828 4.23309 5.16305 5.71442 9.64928 11.2179 6.99256 1.07875 -1.52574 -2.25481 -4.65124 -8.63381 -10.1684 -9.83396
54.61 -2.86335 -4.28785 -3.22665 -5.22256 -7.90284 -7.70624 -6.36908 -3.22351 -0.805205 0.577872 3.00414 3.96601 4.95029 9.54644 11.5573 7.80096 2.46956 0.0342365 -0.714953 -3.32064 -7.87538 -9.96387 -9.93824
54.66 -2.31744 -3.06205 -1.90439 -4.30167 -8.07228 -8.23135 -6.98538 -4.28153 -1.99691 -0.527264 1.91176 2.92584 4.26337 9.18854 11.4718 8.38193 3.85452 1.56816 0.762827 -1.99806 -6.96984 -9.51315 -9.82385
54.71 -1.65342 -1.72097 -0.460155 -3.09165 -7.97473 -8.65941 -7.41659 -5.26982 -3.28958 -1.61986 0.965608 2.06031 3.6577 8.64103 11.0216 8.68409 5.17259 3.10871 2.22019 -0.67704 -5.96081 -8.85568 -9.49951
54.76 -0.915199 -0.364786 0.992923 -1.65073 -7.38739 -8.77355 -7.84458 -6.38318 -4.69075 -2.69543 0.179111 1.41736 3.15409 7.96038 10.2822 8.65524 6.31805 4.63055 3.65991 0.632919 -4.8871 -8.02687 -8.96946
54.81 -0.114938 0.980629 2.42381 -0.181204 -6.53276 -8.55176 -8.11168 -7.41298 -6.12914 -3.87381 -0.562534 0.965566 2.7138 7.15657 9.32651 8.3144 7.21741 6.06635 5.05943 1.90639 -3.80405 -7.06683 -8.24195
54.86 0.707769 2.27349 3.77823 1.19889 -5.60146 -8.05599 -8.1648 -8.18505 -7.26948 -5.03956 -1.38992 0.534515 2.23767 6.24732 8.24302 7.76094 7.83923 7.30762 6.33399 3.07431 -2.77788 -6.05708 -7.36438
54.91 1.52498 3.4804 4.97744 2.41625 -4.60303 -7.31122 -7.99126 -8.76186 -8.13967 -6.06032 -2.24766 0.0133379 1.66464 5.2876 7.12369 7.1147 8.20745 8.29271 7.42734 4.10869 -1.81341 -5.04656 -6.40884
54.96 2.30678 4.56028 5.93313 3.40281 -3.5428 -6.34536 -7.56286 -9.15524 -8.82439 -6.9096 -3.09078 -0.596395 1.01956 4.32527 6.03813 6.46355 8.36927 9.00313 8.30057 4.99754 -0.885843 -4.04693 -5.43752
55.01 3.01065 5.49197 6.68971 4.22062 -2.44476 -5.18474 -6.87046 -9.38256 -9.40347 -7.58274 -3.9021 -1.32361 0.318209 3.40988 5.04117 5.86115 8.37157 9.44743 8.93372 5.74233 0.0475504 -3.0261 -4.46997
55.06 3.61909 6.26809 7.27186 4.90551 -1.30943 -3.86412 -5.91732 -9.42295 -9.91813 -8.10001 -4.68629 -2.19734 -0.435831 2.5732 4.16989 5.3347 8.24762 9.6445 9.31862 6.34225 1.01636 -1.93913 -3.48687
55.11 4.12657 6.89659 7.71216 5.50133 -0.184163 -2.50415 -4.77118 -9.14321 -10.1892 -8.54184 -5.57262 -3.22011 -1.22518 1.83482 3.48004 4.92135 8.0349 9.62629 9.45753 6.77829 1.99264 -0.790732 -2.47814
55.16 4.53717 7.3889 8.03568 6.038 0.925313 -1.14942 -3.55723 -8.54634 -10.1341 -8.90063 -6.58745 -4.4091 -2.10468 1.15627 2.97228 4.61095 7.74501 9.42895 9.38326 7.05948 2.95621 0.414718 -1.43036
55.21 4.85936 7.77032 8.28423 6.56003 2.04456 0.197011 -2.3259 -7.76815 -9.79965 -9.12322 -7.65579 -5.75304 -3.14822 0.429331 2.53999 4.30447 7.33918 9.0672 9.1346 7.21705 3.89934 1.68208 -0.307837
55.26 5.10319 8.0576 8.47085 7.0618 3.1562 1.52777 -1.04227 -6.79372 -9.2254 -9.20248 -8.71043 -7.18262 -4.3312 -0.386279 2.09277 3.91823 6.78771 8.54796 8.72912 7.2529 4.77497 2.9547 0.87345
55.31 5.27118 8.26242 8.61152 7.53723 4.25071 2.86348 0.263063 -5.67247 -8.41493 -9.09261 -9.61511 -8.58637 -5.57422 -1.29286 1.46434 3.35198 6.12999 7.90602 8.18631 7.15583 5.5246 4.1461 2.04513
55.36 5.38204 8.41355 8.7292 7.95483 5.27241 4.14977 1.50862 -4.4952 -7.39562 -8.71852 -10.1599 -9.70903 -6.82623 -2.35017 0.637237 2.63417 5.40753 7.18645 7.5355 6.92525 6.11139 5.17691 3.10344
55.41 5.46505 8.52576 8.81361 8.29937 6.17548 5.29163 2.62554 -3.30121 -6.1881 -8.07946 -10.4299 -10.4965 -7.90748 -3.48426 -0.35711 1.7893 4.63829 6.42084 6.80581 6.57736 6.54538 6.04845 4.02103
55.46 5.54053 8.62391 8.89273 8.57161 6.91717 6.23356 3.57886 -2.10709 -4.81413 -7.16343 -10.4739 -11.0513 -8.75619 -4.60314 -1.48842 0.834199 3.83254 5.63175 6.02088 6.13023 6.84671 6.78244 4.80753
55.51 5.63581 8.72899 8.97774 8.75707 7.47721 6.95981 4.36484 -0.947279 -3.37961 -6.01412 -10.2433 -11.3343 -9.37762 -5.70505 -2.71565 -0.18834 3.01687 4.86992 5.22907 5.62576 7.04656 7.38888 5.45572
55.56 5.77304 8.79511 8.98634 8.84127 7.8959 7.47722 4.99329 0.139476 -1.99625 -4.75471 -9.63659 -11.2805 -9.81747 -6.82079 -4.01565 -1.22916 2.25103 4.18866 4.49085 5.12354 7.19144 7.89137 5.97017
55.61 5.91495 8.80293 8.93114 8.84439 8.18941 7.84124 5.53475 1.19947 -0.674858 -3.53681 -8.85819 -10.9158 -10.0282 -7.89823 -5.40642 -2.36371 1.45938 3.53675 3.78442 4.61782 7.25607 8.28254 6.3968
55.66 6.03865 8.73665 8.80671 8.77075 8.37904 8.09115 6.01991 2.24533 0.59327 -2.38453 -7.99468 -10.3266 -10.0308 -8.87164 -6.81363 -3.56666 0.613785 2.86478 3.08504 4.10259 7.17775 8.49088 6.7362
55.71 6.11615 8.57526 8.59987 8.62061 8.48348 8.25403 6.45158 3.26305 1.8022 -1.24769 -7.03537 -9.5895 -9.86295 -9.69666 -8.15119 -4.77779 -0.276391 2.16024 2.40524 3.60385 6.91572 8.43083 6.92795
55.76 6.11428 8.29413 8.29227 8.38795 8.5145 8.35039 6.82818 4.24838 2.97169 -0.150871 -6.0343 -8.73284 -9.52733 -10.3266 -9.33884 -5.93691 -1.19554 1.43129 1.78781 3.16908 6.49501 8.07695 6.87911
55.81 5.99616 7.86928 7.86694 8.06769 8.48139 8.39675 7.14821 5.1928 4.10029 0.886397 -5.02238 -7.78648 -9.03411 -10.729 -10.3112 -6.99103 -2.12654 0.681247 1.24267 2.78538 5.97359 7.52565 6.58418
55.86 5.73428 7.28765 7.31711 7.66109 8.38851 8.39835 7.40582 6.07747 5.16384 1.84533 -4.02316 -6.79182 -8.4026 -10.874 -11.009 -7.89951 -3.0669 -0.0849828 0.765094 2.44372 5.39513 6.8568 6.11193
55.91 5.32368 6.55542 6.6527 7.17781 8.23246 8.34567 7.59065 6.88192 6.1421 2.72792 -3.02892 -5.77269 -7.67823 -10.7794 -11.4095 -8.63429 -4.02252 -0.894545 0.30892 2.11353 4.79966 6.14194 5.53437
55.96 4.78445 5.69942 5.90057 6.63265 8.00102 8.21745 7.69086 7.59062 7.02391 3.5496 -1.97765 -4.63465 -6.86615 -10.5308 -11.5712 -9.21441 -5.00177 -1.78519 -0.199501 1.72882 4.16723 5.39254 4.88523
56.01 4.1536 4.76185 5.09804 6.03758 7.66882 7.97678 7.6827 8.18481 7.81839 4.37982 -0.828489 -3.40898 -5.98843 -10.1621 -11.5505 -9.65434 -5.96966 -2.74534 -0.795331 1.24362 3.46199 4.58679 4.1617
56.06 3.46633 3.78302 4.27738 5.39842 7.21412 7.59721 7.55238 8.64187 8.50364 5.23624 0.452201 -2.06824 -5.01307 -9.68221 -11.3913 -9.97671 -6.89757 -3.74741 -1.4804 0.643974 2.66338 3.70425 3.35171
56.11 2.74334 2.7844 3.44909 4.70995 6.62691 7.07325 7.30072 8.9383 9.03931 6.08866 1.86693 -0.581844 -3.86517 -9.03713 -11.112 -10.2009 -7.78006 -4.77695 -2.25039 -0.0683976 1.77173 2.74317 2.45423
56.16 1.98585 1.76163 2.59789 3.95823 5.91416 6.42363 6.94052 9.05399 9.38004 6.86682 3.38143 1.07364 -2.46894 -8.13234 -10.6855 -10.3241 -8.62311 -5.83804 -3.11187 -0.893178 0.798256 1.71743 1.48262
56.21 1.18053 0.69415 1.69921 3.13495 5.10576 5.69018 6.48765 8.96665 9.47635 7.47296 4.93912 2.9398 -0.878596 -6.99206 -10.0126 -10.2813 -9.39495 -6.91383 -4.05599 -1.81615 -0.232854 0.652445 0.461124
56.26 0.293905 -0.455717 0.721211 2.23431 4.24491 4.92931 5.9617 8.66872 9.3024 7.82495 6.43836 4.93962 0.848379 -5.60933 -9.00317 -9.98985 -10.0422 -7.97096 -5.06289 -2.81884 -1.30281 -0.433454 -0.588158
56.31 -0.733379 -1.74264 -0.376461 1.24304 3.36876 4.19086 5.37956 8.17172 8.8701 7.8985 7.75242 6.88875 2.60077 -3.99694 -7.56862 -9.3274 -10.4661 -8.93931 -6.08572 -3.87065 -2.39958 -1.53269 -1.64843
56.36 -1.82937 -3.16282 -1.68404 0.100696 2.48506 3.49566 4.75032 7.50698 8.23302 7.73858 8.76046 8.55 4.22135 -2.23734 -5.68164 -8.14358 -10.5263 -9.71171 -7.0462 -4.92517 -3.51365 -2.64094 -2.70008
56.41 -2.66772 -4.31089 -2.95424 -1.18752 1.46404 2.77205 4.05323 6.71755 7.4764 7.43512 9.38943 9.7161 5.54344 -0.510168 -3.58966 -6.48586 -10.0948 -10.1476 -7.81779 -5.89434 -4.61067 -3.73428 -3.70349
56.46 -3.41536 -5.24628 -3.98612 -2.38595 0.380083 1.97135 3.26644 5.83005 6.65534 7.0497 9.67043 10.3787 6.56279 1.15251 -1.51534 -4.64543 -9.23795 -10.1757 -8.3003 -6.70747 -5.67634 -4.8129 -4.64527
56.51 -4.07258 -6.0931 -4.87104 -3.31409 -0.637512 1.02621 2.37129 4.87228 5.81269 6.61539 9.66651 10.6113 7.32246 2.78377 0.508499 -2.80646 -8.11548 -9.82469 -8.46133 -7.32517 -6.69868 -5.88831 -5.54474
56.56 -4.47591 -6.72637 -5.48399 -4.09111 -1.78046 -0.131548 1.3936 3.9208 5.01585 6.16366 9.43033 10.4813 7.82148 4.37287 2.5141 -1.01164 -6.83918 -9.16074 -8.3137 -7.72289 -7.63284 -6.93892 -6.41497
56.61 -4.54698 -7.06311 -5.85489 -4.78833 -3.07829 -1.52483 0.297535 3.00832 4.28782 5.6846 8.97854 10.0325 8.02693 5.87374 4.53238 0.754675 -5.44656 -8.22172 -7.86909 -7.87941 -8.42201 -7.92102 -7.24907
56.66 -4.4186 -7.09747 -5.96547 -5.37472 -4.47587 -3.11881 -0.943656 2.07389 3.55772 5.09143 8.27664 9.27911 7.9099 7.23578 6.55362 2.48277 -3.95222 -6.99038 -7.09678 -7.75034 -9.00927 -8.79144 -8.03219
56.71 -4.15611 -6.92319 -5.87787 -5.80315 -5.6523 -4.66046 -2.35655 0.992788 2.74035 4.30175 7.30289 8.24875 7.4846 8.36804 8.41166 4.08913 -2.42544 -5.5018 -5.96251 -7.25963 -9.31666 -9.49529 -8.73574
56.76 -3.85678 -6.48244 -5.48761 -6.0139 -6.564 -5.84139 -3.75144 -0.24886 1.79279 3.31006 6.10724 7.02544 6.83355 9.17222 9.89816 5.45389 -0.951085 -3.8759 -4.53352 -6.39138 -9.28087 -9.96968 -9.3127
56.81 -3.49442 -5.75003 -4.76653 -5.93788 -7.25925 -6.74452 -5.00794 -1.52201 0.777328 2.21101 4.8064 5.72855 6.06532 9.58941 10.9193 6.56782 0.463821 -2.23288 -2.95732 -5.2263 -8.89917 -10.1702 -9.71792
56.86 -3.07289 -4.78033 -3.75365 -5.52178 -7.75199 -7.44288 -6.01389 -2.72328 -0.305342 1.07601 3.53436 4.47957 5.28135 9.629 11.4628 7.4691 1.85262 -0.651536 -1.38825 -3.9116 -8.23458 -10.0875 -9.91916
56.91 -2.57285 -3.62236 -2.50936 -4.74918 -8.02797 -8.00914 -6.74098 -3.82407 -1.45668 -0.0406845 2.37685 3.36541 4.55699 9.37361 11.5586 8.15538 3.2445 0.889487 0.113355 -2.58233 -7.38504 -9.74057 -9.90102
56.96 -1.96179 -2.32507 -1.10969 -3.65907 -8.05408 -8.48771 -7.24074 -4.835 -2.70494 -1.13532 1.36874 2.42153 3.91681 8.90436 11.2622 8.58898 4.60303 2.42476 1.5751 -1.26415 -6.4217 -9.17079 -9.66835
57.01 -1.24965 -0.964795 0.349646 -2.30654 -7.70585 -8.76312 -7.66001 -5.87619 -4.05754 -2.218 0.509838 1.67217 3.36389 8.276 10.6405 8.70983 5.83814 3.96257 3.02543 0.0561096 -5.3661 -8.41302 -9.22997
57.06 -0.475163 0.388491 1.79698 -0.823663 -6.92453 -8.68711 -8.02223 -6.99732 -5.51158 -3.33264 -0.224212 1.1508 2.90655 7.52834 9.77169 8.49918 6.85297 5.44836 4.44965 1.3511 -4.28039 -7.5036 -8.58681
57.11 0.344063 1.70976 3.18906 0.598968 -6.0215 -8.30679 -8.16664 -7.86779 -6.80307 -4.5396 -1.0163 0.738196 2.46141 6.65832 8.73199 8.02415 7.59748 6.78706 5.78891 2.57217 -3.22448 -6.50711 -7.76775
57.16 1.16212 2.95843 4.48057 1.91302 -5.05718 -7.6731 -8.09943 -8.52966 -7.78161 -5.62772 -1.86732 0.254206 1.9288 5.7163 7.6193 7.40608 8.07307 7.89024 6.96852 3.66823 -2.23397 -5.49255 -6.83735
57.21 1.96894 4.09979 5.53577 2.98795 -4.01608 -6.79562 -7.78406 -9.00278 -8.539 -6.55597 -2.72133 -0.314439 1.31245 4.7483 6.511 6.74873 8.32051 8.72306 7.94243 4.62106 -1.29481 -4.48955 -5.86714
57.26 2.70973 5.09867 6.37977 3.8808 -2.93843 -5.72877 -7.21247 -9.30084 -9.15467 -7.30453 -3.54592 -0.984013 0.635978 3.80737 5.4694 6.12023 8.38849 9.28315 8.68335 5.42901 -0.369696 -3.4847 -4.89915
57.31 3.36211 5.94323 7.03268 4.61398 -1.81442 -4.46044 -6.36813 -9.43099 -9.69863 -7.88868 -4.34232 -1.79228 -0.095518 2.93319 4.53861 5.55783 8.31712 9.58709 9.17916 6.09453 0.582229 -2.43126 -3.92638
57.36 3.91411 6.63656 7.53551 5.25006 -0.676458 -3.105 -5.29843 -9.32916 -10.11 -8.34515 -5.15715 -2.74956 -0.874703 2.14544 3.75821 5.08707 8.13738 9.65871 9.42582 6.60657 1.56302 -1.30404 -2.92679
57.41 4.36689 7.18608 7.9035 5.80343 0.432916 -1.74889 -4.09511 -8.8338 -10.1976 -8.75908 -6.12767 -3.86059 -1.69592 1.45818 3.1813 4.74206 7.88573 9.5378 9.43985 6.95108 2.53022 -0.128677 -1.90291
57.46 4.72691 7.61377 8.18226 6.33078 1.54941 -0.39571 -2.88 -8.14069 -9.97729 -9.03973 -7.17887 -5.1418 -2.66567 0.76144 2.72912 4.44629 7.53611 9.24783 9.26511 7.16164 3.48631 1.11506 -0.815102
57.51 5.00438 7.94157 8.39591 6.84344 2.66581 0.938763 -1.61432 -7.24568 -9.51011 -9.18829 -8.25092 -6.54515 -3.79421 -0.0139143 2.29712 4.10318 7.05094 8.79721 8.92791 7.25302 4.39948 2.3956 0.346169
57.56 5.20597 8.18025 8.55227 7.33112 3.77115 2.27259 -0.313554 -6.18083 -8.80113 -9.17327 -9.26004 -7.97604 -5.01073 -0.87582 1.76882 3.62511 6.43142 8.20289 8.4424 7.21601 5.21183 3.63497 1.53436
57.61 5.33806 8.35248 8.68146 7.77888 4.83191 3.59281 0.9699 -5.01977 -7.87157 -8.91687 -9.95736 -9.26163 -6.28619 -1.86417 1.02704 2.96891 5.73409 7.51256 7.83527 7.0431 5.87174 4.74162 2.65255
57.66 5.43034 8.47999 8.78009 8.15585 5.79276 4.80848 2.14916 -3.83124 -6.74442 -8.3953 -10.3402 -10.1816 -7.45527 -2.97976 0.101624 2.17828 4.98441 6.76451 7.13757 6.74509 6.37096 5.68068 3.63138
57.71 5.50648 8.57955 8.85505 8.46186 6.6127 5.84246 3.17799 -2.63534 -5.44146 -7.60471 -10.4819 -10.8295 -8.41051 -4.11328 -0.971906 1.26957 4.19313 5.98282 6.37394 6.33936 6.72853 6.47355 4.47518
57.76 5.58696 8.68346 8.94623 8.68815 7.24841 6.66586 4.0388 -1.45066 -4.01086 -6.54681 -10.3945 -11.2557 -9.12429 -5.2105 -2.16346 0.264855 3.37185 5.19809 5.57504 5.8511 6.96674 7.13555 5.1879
57.81 5.7102 8.77242 8.99103 8.81501 7.72779 7.27055 4.72925 -0.336731 -2.60181 -5.31273 -9.9354 -11.347 -9.65097 -6.32791 -3.427 -0.758739 2.58922 4.48277 4.81171 5.34543 7.13431 7.68058 5.75554
57.86 5.85294 8.80757 8.96368 8.85286 8.07368 7.69618 5.30294 0.731882 -1.25281 -4.06819 -9.21713 -11.1103 -9.96231 -7.42986 -4.78262 -1.84925 1.81665 3.82613 4.09592 4.8435 7.24147 8.12691 6.21767
57.91 5.98768 8.77645 8.87133 8.81315 8.30709 7.99304 5.81155 1.78408 0.0373864 -2.88823 -8.38569 -10.6103 -10.0534 -8.45709 -6.19437 -3.02939 0.994615 3.16639 3.39405 4.33105 7.23394 8.42737 6.59948
57.96 6.08952 8.66005 8.70292 8.69714 8.44723 8.19151 6.26721 2.81602 1.27244 -1.74835 -7.46881 -9.93253 -9.95837 -9.35288 -7.57273 -4.24432 0.122285 2.47593 2.70147 3.81969 7.05443 8.49469 6.86804
58.01 6.12726 8.4351 8.44229 8.50185 8.50949 8.31507 6.66857 3.81657 2.45819 -0.630385 -6.48062 -9.12554 -9.69644 -10.0739 -8.83568 -5.43346 -0.785625 1.75733 2.05191 3.35153 6.69662 8.26724 6.93489
58.06 6.065 8.07646 8.07076 8.2207 8.50385 8.38204 7.01394 4.78071 3.60677 0.435647 -5.47029 -8.21459 -9.27166 -10.5813 -9.91114 -6.53972 -1.71317 1.01494 1.4748 2.95053 6.21476 7.78791 6.74106
58.11 5.86899 7.5648 7.57593 7.85161 8.43733 8.40376 7.3003 5.69462 4.70248 1.43064 -4.46367 -7.23555 -8.69701 -10.8424 -10.7368 -7.51753 -2.64893 0.257595 0.970332 2.59087 5.65459 7.1622 6.33837
58.16 5.52319 6.89715 6.95988 7.40059 8.3101 8.37695 7.5185 6.53662 5.72077 2.34685 -3.47216 -6.23386 -8.01019 -10.8451 -11.2661 -8.32962 -3.59617 -0.527613 0.513146 2.26229 5.06573 6.46228 5.80011
58.21 5.03701 6.0914 6.24237 6.88109 8.11466 8.28629 7.65887 7.28998 6.64411 3.18761 -2.45313 -5.14998 -7.23382 -10.6577 -11.5259 -8.97621 -4.56724 -1.38071 0.0352992 1.90956 4.45427 5.72987 5.18141
58.26 4.44193 5.18444 5.45744 6.30689 7.8302 8.09961 7.70113 7.93733 7.47821 4.00881 -1.35214 -3.96378 -6.3869 -10.3391 -11.5787 -9.47517 -5.5445 -2.31321 -0.51999 1.4725 3.78527 4.9524 4.49241
58.31 3.77604 4.21979 4.64191 5.68717 7.43184 7.78365 7.62578 8.45826 8.21623 4.85467 -0.132621 -2.67933 -5.46039 -9.90951 -11.4778 -9.84755 -6.49272 -3.29999 -1.16655 0.923553 3.02892 4.10521 3.72168
58.36 3.06766 3.22911 3.81765 5.02203 6.90357 7.32265 7.42656 8.82802 8.82315 5.71541 1.2268 -1.25514 -4.40824 -9.3585 -11.2473 -10.1099 -7.39213 -4.31627 -1.89782 0.261603 2.17807 3.17827 2.86225
58.41 2.32619 2.21868 2.97926 4.29981 6.24411 6.72495 7.11285 9.02707 9.25699 6.53751 2.70056 0.313847 -3.11348 -8.56197 -10.9 -10.2865 -8.25664 -5.3652 -2.71956 -0.514927 1.23791 2.17808 1.92068
58.46 1.54484 1.17459 2.10509 3.50889 5.47312 6.02211 6.69868 9.03158 9.46654 7.23211 4.24967 2.08941 -1.60443 -7.52691 -10.347 -10.3254 -9.06442 -6.43694 -3.62838 -1.39619 0.229609 1.12759 0.918218
58.51 0.699961 0.0670416 1.16669 2.64347 4.63008 5.26627 6.20267 8.82669 9.41334 7.70386 5.78941 4.04705 0.0723713 -6.25185 -9.49811 -10.1569 -9.77617 -7.50855 -4.6114 -2.3665 -0.825007 0.049416 -0.121093
58.56 -0.256128 -1.15167 0.12744 1.69477 3.75728 4.51316 5.64387 8.41522 9.09128 7.89912 7.2018 6.0466 1.83057 -4.73706 -8.26144 -9.6761 -10.3144 -8.52756 -5.63502 -3.40122 -1.91097 -1.04429 -1.17842
58.61 -1.3842 -2.5406 -1.05941 0.642343 2.8812 3.79836 5.03344 7.81829 8.53476 7.83261 8.35859 7.86643 3.53306 -3.02147 -6.5661 -8.74268 -10.5553 -9.40187 -6.6349 -4.46201 -3.01947 -2.15001 -2.23752
58.66 -2.31274 -3.83861 -2.4264 -0.61613 1.93524 3.10031 4.37233 7.08099 7.82237 7.58272 9.15774 9.26519 4.99795 -1.26592 -4.52179 -7.25995 -10.3472 -10.0036 -7.50751 -5.4812 -4.12857 -3.25278 -3.26698
58.71 -3.09161 -4.84686 -3.55023 -1.88237 0.854031 2.34001 3.62832 6.2343 7.02464 7.22821 9.58501 10.1433 6.14568 0.421876 -2.42689 -5.4674 -9.65987 -10.2136 -8.12588 -6.36958 -5.2083 -4.33572 -4.23476
58.76 -3.79917 -5.72845 -4.49487 -2.93584 -0.192252 1.46582 2.78003 5.30228 6.18565 6.81263 9.7003 10.5569 7.01674 2.06379 -0.384353 -3.61695 -8.63729 -10.023 -8.42942 -7.07725 -6.2531 -5.41269 -5.15009
58.81 -4.35836 -6.48745 -5.23871 -3.7478 -1.24998 0.409584 1.83687 4.33398 5.35756 6.36345 9.56094 10.5805 7.63527 3.67834 1.62743 -1.80008 -7.41861 -9.48962 -8.41611 -7.57556 -7.23405 -6.47949 -6.03337
58.86 -4.54113 -6.95272 -5.72486 -4.49372 -2.48774 -0.878761 0.801601 3.41236 4.60616 5.90552 9.2074 10.2697 7.97451 5.22228 3.63434 -0.0252173 -6.07831 -8.6729 -8.10384 -7.84165 -8.09352 -7.49701 -6.88476
58.91 -4.49952 -7.11778 -5.94688 -5.12854 -3.84795 -2.39258 -0.37728 2.4932 3.88636 5.37436 8.62122 9.65018 8.00271 6.65471 5.66487 1.72383 -4.62455 -7.57246 -7.4832 -7.84781 -8.77858 -8.42268 -7.69281
58.96 -4.28041 -7.01865 -5.93812 -5.63563 -5.17653 -4.02678 -1.72329 1.50076 3.12086 4.68054 7.76744 8.73565 7.70716 7.90244 7.62523 3.4034 -3.09781 -6.18552 -6.50799 -7.52531 -9.2203 -9.2082 -8.43681
59.01 -3.99707 -6.71879 -5.70477 -5.95158 -6.18666 -5.35677 -3.14397 0.311963 2.22495 3.76899 6.65765 7.58406 7.1432 8.86165 9.29431 4.882 -1.59652 -4.60597 -5.195 -6.81946 -9.34112 -9.79151 -9.07577
59.06 -3.66188 -6.10673 -5.12476 -6.01142 -6.97678 -6.37362 -4.47606 -0.962014 1.23296 2.70507 5.38704 6.30431 6.41357 9.45437 10.5266 6.102 -0.154996 -2.95249 -3.66317 -5.77314 -9.10829 -10.1157 -9.5615
59.11 -3.2674 -5.23611 -4.23524 -5.75046 -7.55899 -7.15396 -5.60287 -2.20275 0.181702 1.57863 4.08777 5.0204 5.6249 9.65393 11.2804 7.09573 1.2371 -1.34563 -2.0761 -4.50134 -8.55804 -10.1591 -9.85681
59.16 -2.80626 -4.15556 -3.08437 -5.13419 -7.93436 -7.77039 -6.45151 -3.34883 -0.936226 0.450596 2.87206 3.83891 4.86776 9.51743 11.5686 7.87986 2.62865 0.209776 -0.544219 -3.16957 -7.77878 -9.92445 -9.93608
59.21 -2.24754 -2.91389 -1.74452 -4.17699 -8.07522 -8.28576 -7.04171 -4.39653 -2.13926 -0.651835 1.79702 2.81826 4.19059 9.13529 11.4384 8.43224 4.01017 1.74322 0.929057 -1.84842 -6.86059 -9.44858 -9.79742
59.26 -1.57135 -1.56521 -0.29355 -2.9375 -7.9403 -8.68731 -7.46181 -5.38928 -3.44483 -1.74403 0.867068 1.97418 3.59419 8.56927 10.9508 8.69858 5.31452 3.28488 2.38594 -0.526255 -5.84029 -8.76959 -9.44991
59.31 -0.826479 -0.210218 1.15833 -1.48075 -7.29692 -8.7643 -7.88657 -6.51526 -4.85708 -2.82035 0.0966435 1.35841 3.1023 7.8754 10.1833 8.63147 6.4346 4.80091 3.82277 0.78066 -4.76352 -7.92361 -8.8966
59.36 -0.0210264 1.13154 2.58267 -0.0190033 -6.42987 -8.50837 -8.12788 -7.51142 -6.2757 -4.01251 -0.653393 0.920109 2.66385 7.05705 9.2078 8.2601 7.30284 6.21989 5.21264 2.0457 -3.68396 -6.95367 -8.14904
59.41 0.800919 2.41599 3.92684 1.35022 -5.49196 -7.98395 -8.15723 -8.26025 -7.38052 -5.1637 -1.48716 0.47925 2.17684 6.13988 8.11611 7.69041 7.89386 7.4342 6.4691 3.19949 -2.6652 -5.9418 -7.25876
59.46 1.61744 3.61081 5.0975 2.53831 -4.48415 -7.21091 -7.95521 -8.81555 -8.22551 -6.16613 -2.34507 -0.0513203 1.59433 5.1771 6.99726 7.03975 8.23593 8.38826 7.53903 4.21764 -1.70658 -4.93272 -6.29886
59.51 2.39144 4.67436 6.02957 3.50487 -3.42022 -6.22441 -7.49789 -9.18886 -8.89401 -6.9947 -3.18465 -0.672419 0.942522 4.21792 5.91936 6.39202 8.37738 9.06758 8.38561 5.08987 -0.780599 -3.9329 -5.32787
59.56 3.08519 5.5884 6.76411 4.30396 -2.31645 -5.0396 -6.77398 -9.39754 -9.46539 -7.64912 -3.99279 -1.41564 0.234838 3.31016 4.93504 5.79718 8.36378 9.48265 8.99083 5.81858 0.156186 -2.90628 -4.3597
59.61 3.68208 6.3473 7.32953 4.97845 -1.17901 -3.70878 -5.79502 -9.4136 -9.96877 -8.15088 -4.77621 -2.30604 -0.525505 2.48236 4.08033 5.28069 8.22722 9.65319 9.34754 6.40122 1.12861 -1.81024 -3.37284
59.66 4.17821 6.95932 7.75408 5.56423 -0.0578803 -2.34955 -4.63332 -9.08543 -10.1992 -8.58952 -5.68353 -3.34656 -1.31809 1.75721 3.41485 4.8827 8.00686 9.61314 9.45964 6.81748 2.10306 -0.65706 -2.36196
59.71 4.57821 7.43781 8.06768 6.09831 1.05271 -0.995165 -3.41893 -8.46735 -10.1087 -8.93252 -6.70751 -4.5554 -2.21524 1.07714 2.92131 4.57788 7.70574 9.3965 9.36391 7.08372 3.06573 0.556745 -1.30653
59.76 4.89097 7.8079 8.30891 6.61883 2.17201 0.348984 -2.18135 -7.66579 -9.7465 -9.14037 -7.77839 -5.91345 -3.27715 0.340982 2.49108 4.2658 7.28431 9.01636 9.09675 7.22793 4.00416 1.82868 -0.175203
59.81 5.12618 8.08496 8.4889 7.11769 3.28241 1.67983 -0.893985 -6.67226 -9.14455 -9.20103 -8.82624 -7.34633 -4.47017 -0.484276 2.0335 3.86442 6.71719 8.48049 8.67423 7.24917 4.86829 3.09671 1.00943
59.86 5.28616 8.28229 8.62678 7.5885 4.37175 3.01455 0.409781 -5.53972 -8.30847 -9.06291 -9.69386 -8.73648 -5.72158 -1.40467 1.38019 3.2772 6.05052 7.82745 8.11739 7.1365 5.60041 4.27302 2.17344
59.91 5.39239 8.42819 8.74078 7.99821 5.38244 4.28887 1.64327 -4.35974 -7.26716 -8.65917 -10.2032 -9.81322 -6.95983 -2.47786 0.531614 2.54407 5.32222 7.10139 7.45628 6.89166 6.16877 5.28442 3.21541
59.96 5.47355 8.53696 8.82196 8.33481 6.26981 5.40987 2.74327 -3.16486 -6.04037 -7.99021 -10.4458 -10.5696 -8.01622 -3.61359 -0.479462 1.68577 4.5482 6.33187 6.71898 6.53143 6.58662 6.1394 4.11773
60.01 5.54956 8.63579 8.90339 8.59775 6.99005 6.32781 3.67719 -1.97154 -4.65013 -7.04234 -10.4647 -11.1026 -8.8369 -4.72673 -1.62443 0.719211 3.73868 5.54182 5.92949 6.07439 6.87414 6.85873 4.88972
60.06 5.6502 8.73923 8.9827 8.77169 7.53247 7.02877 4.44316 -0.820757 -3.21911 -5.87212 -10.1884 -11.3455 -9.43881 -5.8325 -2.85896 -0.304022 2.92833 4.78867 5.14225 5.56834 7.06612 7.45156 5.52086
60.11 5.78927 8.79918 8.98349 8.84601 7.93569 7.52589 5.05868 0.261312 -1.84249 -4.61275 -9.5543 -11.2531 -9.85288 -6.94667 -4.1704 -1.3534 2.16327 4.11419 4.40955 5.06658 7.20431 7.94317 6.02357
60.16 5.93029 8.79944 8.92087 8.84027 8.21643 7.87537 5.59296 1.31957 -0.527849 -3.40243 -8.76329 -10.8585 -10.0384 -8.01559 -5.56779 -2.49853 1.36565 3.46169 3.70447 4.55943 7.25577 8.31785 6.44134
60.21 6.05028 8.72345 8.78775 8.75791 8.39544 8.11412 6.07216 2.36311 0.733869 -2.25427 -7.88963 -10.2495 -10.0202 -8.97407 -6.97116 -3.70547 0.514231 2.78603 3.0059 4.04407 7.15744 8.4994 6.76817
60.26 6.12052 8.54968 8.57035 8.59868 8.49099 8.26849 6.49772 3.37743 1.93748 -1.12015 -6.92267 -9.49753 -9.83314 -9.77901 -8.29544 -4.91356 -0.379917 2.07825 2.3309 3.55023 6.87476 8.40518 6.93672
60.31 6.10726 8.25329 8.25006 8.35617 8.51424 8.35843 6.86797 4.35869 3.1029 -0.0291945 -5.91906 -8.62899 -9.47903 -10.3846 -9.46171 -6.06315 -1.30128 1.34642 1.72179 3.12341 6.44009 8.02214 6.8573
60.36 5.97384 7.81093 7.81057 8.02579 8.47418 8.39968 7.18132 5.29747 4.22555 0.999953 -4.90763 -7.67482 -8.9686 -10.7589 -10.4055 -7.10265 -2.2332 0.594959 1.18525 2.7444 5.90929 7.45395 6.53845
60.41 5.69476 7.21141 7.24682 7.60978 8.37438 8.39581 7.43118 6.17394 5.28022 1.94975 -3.9103 -6.67765 -8.32415 -10.8742 -11.0693 -7.99214 -3.17488 -0.174372 0.713202 2.4064 5.32787 6.7769 6.05069
60.46 5.26806 6.46334 6.57076 7.11866 8.21061 8.33594 7.60725 6.96836 6.24746 2.82318 -2.91278 -5.64805 -7.58926 -10.7583 -11.4391 -8.70813 -4.13352 -0.991922 0.254547 2.07344 4.72999 6.05852 5.46407
60.51 4.71641 5.59579 5.81092 6.56724 7.96895 8.19667 7.69617 7.66498 7.11943 3.64324 -1.85223 -4.49953 -6.76988 -10.4945 -11.577 -9.27114 -5.11333 -1.89166 -0.262823 1.67902 4.09101 5.30403 4.80693
60.56 4.07757 4.65171 5.00497 5.96701 7.62368 7.94114 7.67452 8.2448 7.90312 4.47654 -0.689432 -3.26276 -5.88319 -10.1134 -11.539 -9.69671 -6.07783 -2.85799 -0.869158 1.18093 3.37568 4.4902 4.07397
60.61 3.38556 3.67003 4.18344 5.3227 7.15406 7.54487 7.52998 8.68461 8.57349 5.33492 0.607461 -1.90595 -4.89365 -9.61997 -11.3652 -10.0066 -7.00005 -3.86329 -1.56382 0.568401 2.56622 3.59845 3.25373
60.66 2.65888 2.66927 3.35362 4.62771 6.55175 7.00518 7.26522 8.9616 9.08951 6.18315 2.03528 -0.403454 -3.7171 -8.94608 -11.0732 -10.2214 -7.87877 -4.89663 -2.34417 -0.15709 1.66431 2.62892 2.34677
60.71 1.89694 1.64276 2.49837 3.86812 5.82616 6.34343 6.8935 9.05502 9.40459 6.94686 3.55875 1.27634 -2.2968 -8.01463 -10.6231 -10.3289 -8.71531 -5.96026 -3.21552 -0.993761 0.683117 1.59747 1.36817
60.76 1.08452 0.568127 1.59241 3.03635 5.0095 5.60388 6.43126 8.94369 9.47079 7.52741 5.11558 3.16387 -0.687018 -6.84691 -9.91653 -10.2628 -9.47642 -7.03616 -4.16817 -1.9269 -0.353217 0.529392 0.342491
60.81 0.185357 -0.594333 0.602955 2.12627 4.14533 4.84338 5.89815 8.62207 9.26595 7.84755 6.60043 5.16898 1.04957 -5.43662 -8.8629 -9.93599 -10.1042 -8.08748 -5.17982 -2.93697 -1.42669 -0.558216 -0.708828
60.86 -0.862617 -1.90066 -0.5111 1.1233 3.26889 4.10945 5.31015 8.10382 8.80672 7.89098 7.88524 7.09767 2.7958 -3.80069 -7.37562 -9.22231 -10.4944 -9.03944 -6.19999 -3.99174 -2.52597 -1.6588 -1.76933
60.91 -1.93267 -3.3092 -1.843 -0.0450732 2.37733 3.41642 4.67524 7.42307 8.15185 7.71015 8.85211 8.71023 4.38878 -2.03675 -5.44722 -7.97351 -10.5029 -9.7809 -7.14618 -5.04167 -3.64018 -2.76675 -2.81764
60.96 -2.75612 -4.4249 -3.0816 -1.33267 1.33987 2.68557 3.96857 6.62109 7.38552 7.39486 9.43837 9.81639 5.67436 -0.317823 -3.35055 -6.28062 -10.0161 -10.1717 -7.88849 -5.99569 -4.73364 -3.85759 -3.81375
61.01 -3.49644 -5.34663 -4.09351 -2.50587 0.261061 1.87191 3.16965 5.72365 6.55963 7.0025 9.68383 10.4261 6.66234 1.33978 -1.28269 -4.43443 -9.1211 -10.1539 -8.33488 -6.78813 -5.79544 -4.9356 -4.74947
61.06 -4.13734 -6.18338 -4.95906 -3.40437 -0.754766 0.906841 2.26371 4.76108 5.71775 6.56405 9.6508 10.6143 7.39362 2.96851 0.737997 -2.59929 -7.97643 -9.76386 -8.45984 -7.38204 -6.81069 -6.01003 -5.6454
61.11 -4.49501 -6.78012 -5.54007 -4.17636 -1.92157 -0.278259 1.27599 3.81617 4.93064 6.11208 9.39062 10.4464 7.86077 4.54939 2.74283 -0.809766 -6.68684 -9.06802 -8.27834 -7.75328 -7.73087 -7.05494 -6.51198
61.16 -4.54214 -7.08153 -5.87972 -4.86051 -3.23352 -1.69773 0.163043 2.90375 4.20622 5.6247 8.91233 9.96238 8.03072 6.03785 4.76463 0.953968 -5.28096 -8.09664 -7.79891 -7.88051 -8.50027 -8.02657 -7.34115
61.21 -4.39245 -7.08484 -5.96368 -5.43307 -4.63112 -3.30869 -1.09663 1.96253 3.47106 5.01283 8.17961 9.17501 7.87637 7.37912 6.77881 2.67525 -3.77767 -6.83212 -6.98596 -7.71407 -9.05994 -8.88109 -8.11705
61.26 -4.12347 -6.89105 -5.85299 -5.83935 -5.76609 -4.81113 -2.51895 0.856625 2.63798 4.19757 7.17615 8.11731 7.42022 8.47832 8.60308 4.25807 -2.25432 -5.32164 -5.8128 -7.1793 -9.33059 -9.56183 -8.80857
61.31 -3.81825 -6.41227 -5.42109 -6.02076 -6.65369 -5.9568 -3.90377 -0.394572 1.67934 3.1883 5.96198 6.87923 6.75019 9.24053 10.0394 5.59303 -0.786788 -3.68705 -4.35868 -6.27207 -9.25426 -10.0065 -9.36798
61.36 -3.44925 -5.6504 -4.66462 -5.90802 -7.32538 -6.83296 -5.13651 -1.66347 0.657168 2.08214 4.65796 5.58186 5.9752 9.6124 11.0059 6.68139 0.622307 -2.05004 -2.77639 -5.08097 -8.8363 -10.1751 -9.75144
61.41 -3.02028 -4.65683 -3.62188 -5.45114 -7.79457 -7.51254 -6.11036 -2.85384 -0.432561 0.947372 3.39555 4.3447 5.19497 9.61348 11.4962 7.55907 2.01143 -0.474489 -1.2141 -3.76009 -8.14579 -10.0607 -9.92796
61.46 -2.50906 -3.48052 -2.35612 -4.63951 -8.04389 -8.06752 -6.80758 -3.94319 -1.59361 -0.166236 2.2543 3.24909 4.47994 9.3302 11.5441 8.21917 3.40256 1.06411 0.280699 -2.43242 -7.28079 -9.68646 -9.88506
61.51 -1.88407 -2.17047 -0.943095 -3.51751 -8.03992 -8.53662 -7.28687 -4.94536 -2.85311 -1.25993 1.26251 2.32509 3.84878 8.83992 11.2069 8.62024 4.75267 2.60079 1.74094 -1.11388 -6.30578 -9.09383 -9.62886
61.56 -1.16473 -0.810409 0.515265 -2.13888 -7.62947 -8.77226 -7.7098 -6.00498 -4.2182 -2.33979 0.422869 1.60246 3.30842 8.19739 10.5533 8.70264 5.96653 4.13584 3.18903 0.204522 -5.24404 -8.31725 -9.1672
61.61 -0.382954 0.541726 1.95969 -0.656531 -6.82487 -8.65687 -8.04858 -7.10928 -5.67813 -3.47182 -0.308564 1.10192 2.85722 7.43533 9.66053 8.45685 6.95272 5.61127 4.60891 1.49575 -4.15724 -7.39315 -8.50188
61.66 0.438106 1.85643 3.34254 0.755246 -5.91424 -8.24656 -8.16985 -7.95284 -6.92832 -4.67067 -1.11156 0.687608 2.40588 6.55388 8.60754 7.95913 7.66533 6.92632 5.93265 2.70374 -3.10877 -6.39228 -7.66667
61.71 1.25601 3.09514 4.61359 2.04756 -4.94169 -7.58433 -8.07613 -8.59262 -7.87732 -5.74195 -1.96522 0.193846 1.86234 5.60643 7.49168 7.33189 8.11241 7.9997 7.09105 3.78439 -2.12513 -5.37817 -6.72852
61.76 2.05735 4.22108 5.64167 3.09758 -3.89499 -6.68298 -7.73164 -9.04487 -8.61434 -6.64992 -2.81662 -0.384657 1.23838 4.63891 6.38801 6.67472 8.33642 8.80045 8.03986 4.72155 -1.18953 -4.37645 -5.75774
61.81 2.78894 5.20293 6.46303 3.97097 -2.81245 -5.59245 -7.1295 -9.32489 -9.21941 -7.37866 -3.63762 -1.06828 0.555504 3.7039 5.35713 6.05233 8.3868 9.33043 8.75317 5.51315 -0.262985 -3.36809 -4.78982
61.86 3.4301 6.0297 7.09691 4.69047 -1.68488 -4.30846 -6.25612 -9.43267 -9.75605 -7.9451 -4.43084 -1.8935 -0.181656 2.8394 4.44114 5.49895 8.30152 9.60654 9.22039 6.1618 0.6933 -2.30647 -3.81469
61.91 3.97057 6.70631 7.58362 5.31626 -0.549253 -2.95036 -5.1647 -9.28842 -10.136 -8.39632 -5.26098 -2.86737 -0.963625 2.06382 3.68276 5.04209 8.11247 9.65419 9.43885 6.65447 1.6742 -1.17279 -2.81219
61.96 4.41232 7.24056 7.93916 5.86415 0.559356 -1.59458 -3.9566 -8.76283 -10.1866 -8.79772 -6.24432 -3.9982 -1.79771 1.3813 3.12572 4.70791 7.85173 9.51327 9.42925 6.98191 2.64042 0.00998353 -1.78289
62.01 4.76238 7.65596 8.20986 6.39024 1.67706 -0.242547 -2.73897 -8.04916 -9.93564 -9.0631 -7.30088 -5.29661 -2.78663 0.677837 2.6806 4.41117 7.48832 9.20469 9.23503 7.17865 3.59401 1.26076 -0.685961
62.06 5.03102 7.97316 8.41653 6.90047 2.79248 1.09041 -1.4675 -7.13224 -9.44122 -9.19486 -8.37026 -6.70867 -3.93062 -0.107981 2.24611 4.05813 6.9861 8.73614 8.88005 7.25602 4.49876 2.54102 0.481758
62.11 5.22375 8.20239 8.56776 7.38569 3.89646 2.4251 -0.164335 -6.05122 -8.70585 -9.15778 -9.35938 -8.13538 -5.15308 -0.98043 1.69394 3.55769 6.35534 8.12841 8.37913 7.20365 5.29597 3.76999 1.66798
62.16 5.34981 8.36906 8.69469 7.8259 4.94757 3.73867 1.11089 -4.8851 -7.75272 -8.87062 -10.0146 -9.3833 -6.4278 -1.9871 0.930165 2.88534 5.6511 7.42981 7.76007 7.01552 5.93696 4.85739 2.77179
62.21 5.43929 8.49227 8.78943 8.19441 5.89424 4.93667 2.27477 -3.69484 -6.60419 -8.31875 -10.3674 -10.2672 -7.57575 -3.10944 -0.0136461 2.08043 4.89619 6.67678 7.05363 6.70429 6.419 5.77869 3.73478
62.26 5.51479 8.5907 8.86461 8.49212 6.695 5.94735 3.28437 -2.4991 -5.2819 -7.49589 -10.484 -10.8899 -8.50402 -4.24035 -1.10255 1.15931 4.10084 5.89266 6.28393 6.28739 6.76165 6.55615 4.56386
62.31 5.59752 8.69585 8.95703 8.70884 7.30983 6.74607 4.12665 -1.31872 -3.84703 -6.41367 -10.3673 -11.2803 -9.19041 -5.33719 -2.30517 0.147156 3.27863 5.11188 5.48499 5.79323 6.98867 7.20358 5.26059
62.36 5.72591 8.77911 8.99109 8.82367 7.77398 7.32723 4.7993 -0.2134 -2.44467 -5.16843 -9.86217 -11.3361 -9.69791 -6.45486 -3.57629 -0.877909 2.50249 4.40624 4.72842 5.28843 7.15054 7.73729 5.81338
62.41 5.86885 8.80747 8.95657 8.85243 8.10595 7.73622 5.36402 0.852702 -1.10286 -3.93007 -9.12654 -11.0648 -9.98301 -7.55176 -4.94216 -1.97991 1.72584 3.75197 4.01566 4.78576 7.24786 8.17053 6.26609
62.46 6.00125 8.76767 8.85616 8.80392 8.32774 8.02051 5.86653 1.90348 0.181653 -2.75791 -8.28665 -10.5402 -10.0507 -8.56613 -6.35449 -3.16712 0.897571 3.08943 3.31435 4.27218 7.22305 8.44892 6.6378
62.51 6.09745 8.64015 8.67815 8.67916 8.45839 8.20941 6.31609 2.93196 1.40975 -1.61877 -7.35824 -9.8466 -9.93679 -9.44457 -7.72385 -4.38217 0.020357 2.3952 2.62426 3.76312 7.02207 8.48436 6.88845
62.56 6.12573 8.40124 8.40576 8.47432 8.51238 8.3256 6.71113 3.92877 2.59128 -0.505868 -6.36613 -9.02635 -9.65574 -10.1427 -8.96865 -5.56471 -0.890821 1.67422 1.98299 3.30307 6.64633 8.22295 6.92641
62.61 6.04973 8.0259 8.02057 8.18307 8.49951 8.38708 7.05008 4.88821 3.7352 0.553244 -5.3548 -8.10557 -9.21324 -10.6239 -10.0188 -6.65822 -1.81928 0.929323 1.41363 2.90713 6.15407 7.72318 6.70486
62.66 5.83703 7.49625 7.51148 7.80414 8.42616 8.4037 7.32922 5.79506 4.82314 1.53907 -4.34991 -7.12159 -8.62315 -10.8552 -10.8123 -7.61889 -2.75613 0.170102 0.916767 2.55246 5.58806 7.08468 6.28271
62.71 5.47433 6.81159 6.88255 7.34449 8.29155 8.37037 7.53882 6.62762 5.83187 2.44751 -3.35905 -6.11984 -7.92771 -10.8303 -11.307 -8.41032 -3.70481 -0.62022 0.461523 2.22487 4.99781 6.38049 5.73338
62.76 4.97383 5.99216 6.15544 6.81813 8.08733 8.27082 7.66946 7.36992 6.7439 3.28106 -2.33224 -5.01888 -7.14033 -10.6273 -11.541 -9.04005 -4.67894 -1.48326 -0.023498 1.86479 4.38156 5.64397 5.10668
62.81 4.36885 5.07651 5.36529 6.23837 7.79099 8.07078 7.69903 8.00399 7.56812 4.10406 -1.21954 -3.82287 -6.28597 -10.2955 -11.574 -9.52332 -5.65437 -2.4234 -0.58908 1.41575 3.70376 4.85968 4.40899
62.86 3.697 4.10769 4.54811 5.61367 7.37835 7.73862 7.60956 8.50896 8.29333 4.95301 0.0154474 -2.52475 -5.34778 -9.85333 -11.4579 -9.88258 -6.59766 -3.41453 -1.24571 0.853702 2.93658 4.00349 3.62819
62.91 2.9848 3.11498 3.72305 4.9428 6.83486 7.26113 7.39655 8.86011 8.88265 5.81278 1.38996 -1.08404 -4.27411 -9.28168 -11.2144 -10.1344 -7.49212 -4.43387 -1.98663 0.178935 2.07517 3.06762 2.75876
62.96 2.23939 2.10168 2.88178 4.21316 6.16119 6.64934 7.07057 9.03819 9.29358 6.62545 2.8749 0.50547 -2.95136 -8.45583 -10.849 -10.2988 -8.35182 -5.48629 -2.8188 -0.610316 1.12593 2.06033 1.80898
63.01 1.4524 1.05221 2.00186 3.41399 5.37974 5.93753 6.64603 9.01924 9.47462 7.29909 4.42804 2.3053 -1.42056 -7.39389 -10.2668 -10.3181 -9.15113 -6.55948 -3.73691 -1.50257 0.111404 1.00573 0.801164
63.06 0.597792 -0.0652587 1.054 2.53968 4.5313 5.17931 6.14191 8.79023 9.39029 7.74083 5.95974 4.27692 0.27104 -6.09106 -9.3785 -10.1201 -9.84792 -7.62844 -4.72674 -2.48167 -0.947379 -0.0745932 -0.241031
63.11 -0.375188 -1.30037 0.000540775 1.58044 3.65721 4.42938 5.57688 8.35621 9.039 7.90422 7.34932 6.26799 2.03055 -4.55024 -8.09216 -9.5954 -10.3593 -8.6363 -5.75143 -3.52151 -2.03622 -1.16972 -1.29939
63.16 -1.50821 -2.71154 -1.21491 0.511698 2.78145 3.72016 4.96128 7.74053 8.45979 7.81178 8.46976 8.05198 3.71596 -2.81931 -6.34406 -8.59923 -10.5571 -9.48711 -6.74334 -4.58211 -3.14667 -2.27647 -2.35728
63.21 -2.40579 -3.96511 -2.56765 -0.763808 1.81611 3.01691 4.29172 6.98949 7.73496 7.54681 9.22485 9.39164 5.14466 -1.06982 -4.28193 -7.06558 -10.2911 -10.0482 -7.5922 -5.58992 -4.25303 -3.37697 -3.38052
63.26 -3.17575 -4.95116 -3.66535 -2.01757 0.730151 2.24759 3.53734 6.1319 6.93043 7.1836 9.61319 10.213 6.25845 0.61087 -2.19105 -5.25623 -9.55704 -10.2112 -8.17656 -6.45975 -5.32914 -4.45839 -4.34124
63.31 -3.8725 -5.82391 -4.59408 -3.03783 -0.307349 1.35582 2.67641 5.19225 6.0895 6.76277 9.69679 10.5786 7.10054 2.24984 -0.154148 -3.40784 -8.5065 -9.97822 -8.44328 -7.14466 -6.36874 -5.53508 -5.25205
63.36 -4.39733 -6.55256 -5.30453 -3.83738 -1.38398 0.274261 1.72441 4.22637 5.26797 6.31228 9.53166 10.5616 7.68909 3.85902 1.85588 -1.59639 -7.27171 -9.41019 -8.39514 -7.61755 -7.3388 -6.59854 -6.13205
63.41 -4.5461 -6.98684 -5.76335 -4.5716 -2.63768 -1.04103 0.67461 3.30854 4.52394 5.85052 9.15341 10.215 7.99451 5.3926 3.86506 0.176669 -5.91791 -8.5627 -8.04932 -7.85602 -8.18108 -7.60764 -6.97918
63.46 -4.4821 -7.11764 -5.95613 -5.19391 -4.00848 -2.57685 -0.520797 2.38614 3.80287 5.30507 8.53807 9.5607 7.98547 6.8085 5.89565 1.92051 -4.45304 -7.42843 -7.39085 -7.82902 -8.84236 -8.51998 -7.78115
63.51 -4.24927 -6.99692 -5.9262 -5.68207 -5.30487 -4.19784 -1.88645 1.37366 3.02575 4.5874 7.65283 8.61489 7.65507 8.02866 7.83453 3.58447 -2.9239 -6.01296 -6.37403 -7.46425 -9.25105 -9.28567 -8.51556
63.56 -3.9621 -6.6633 -5.65479 -5.97236 -6.28787 -5.48703 -3.30236 0.168722 2.11528 3.65345 6.51876 7.44253 7.06655 8.94931 9.45893 5.03441 -1.42936 -4.41938 -5.02875 -6.71557 -9.33212 -9.84199 -9.13939
63.61 -3.61965 -6.01942 -5.03803 -5.99833 -7.05291 -6.47304 -4.61743 -1.10753 1.11742 2.57916 5.23751 6.15585 6.32492 9.49716 10.6374 6.2262 0.0050823 -2.7662 -3.48233 -5.63652 -9.06023 -10.1347 -9.60497
63.66 -3.21839 -5.12242 -4.1158 -5.69811 -7.6123 -7.23086 -5.71384 -2.33851 0.0574984 1.44901 3.94349 4.87902 5.53573 9.65402 11.3367 7.19616 1.39545 -1.16626 -1.89818 -4.35057 -8.47889 -10.1456 -9.87647
63.71 -2.74793 -4.02109 -2.93949 -5.04115 -7.96269 -7.83321 -6.53048 -3.47281 -1.06835 0.323691 2.74183 3.71391 4.78625 9.48511 11.5744 7.95573 2.7876 0.38492 -0.374341 -3.01863 -7.68014 -9.88146 -9.93068
63.76 -2.17614 -2.76423 -1.58303 -4.04851 -8.07453 -8.33898 -7.09565 -4.51051 -2.283 -0.776156 1.68429 2.71287 4.11877 9.0795 11.4002 8.47876 4.16479 1.91836 1.0951 -1.69875 -6.74998 -9.38099 -9.7678
63.81 -1.48925 -1.41025 -0.127693 -2.77922 -7.89231 -8.71184 -7.51096 -5.51153 -3.6008 -1.86674 0.771638 1.89156 3.53252 8.49604 10.8764 8.7085 5.45373 3.46036 2.55105 -0.376088 -5.71931 -8.68117 -9.39717
63.86 -0.737061 -0.0557661 1.32352 -1.31069 -7.20328 -8.74989 -7.92606 -6.64739 -5.02469 -2.94645 0.0149432 1.30194 3.05111 7.78857 10.0814 8.60349 6.54779 4.97011 3.98522 0.928099 -4.63961 -7.8183 -8.82072
63.91 0.0728663 1.28157 2.74029 0.141747 -6.32602 -8.46119 -8.14115 -7.6066 -6.41766 -4.15075 -0.745418 0.875697 2.61377 6.95583 9.08731 8.20303 7.38446 6.37059 5.36392 2.18329 -3.56494 -6.84006 -8.05398
63.96 0.893413 2.5572 4.07407 1.50026 -5.3818 -7.90872 -8.14663 -8.33284 -7.4881 -5.28592 -1.58468 0.422904 2.11475 6.03174 7.98874 7.61872 7.94511 7.55725 6.6017 3.32279 -2.55342 -5.82663 -7.15206
64.01 1.70901 3.73932 5.21442 2.65758 -4.36446 -7.10764 -7.91568 -8.86674 -8.30894 -6.26961 -2.44217 -0.117097 1.52315 5.06661 6.87129 6.96476 8.26167 8.48009 7.64771 4.32458 -1.60033 -4.81917 -6.18874
64.06 2.47481 4.7864 6.12354 3.60503 -3.29728 -6.10133 -7.42947 -9.22004 -8.96215 -7.07734 -3.27794 -0.749891 0.864896 4.11131 5.8018 6.32115 8.38336 9.12846 8.46738 5.18021 -0.675398 -3.81876 -5.21838
64.11 3.15822 5.68269 6.83629 4.38576 -2.18771 -4.89263 -6.674 -9.40975 -9.52634 -7.71335 -4.08302 -1.50954 0.150886 3.21157 4.8306 5.73418 8.35429 9.51454 9.0446 5.89284 0.265162 -2.78574 -4.24934
64.16 3.74355 6.42456 7.38541 5.05031 -1.04886 -3.55328 -5.67061 -9.40041 -10.012 -8.20072 -4.86974 -2.41708 -0.615243 2.39319 3.99345 5.22833 8.20563 9.65883 9.3729 6.45792 1.241 -1.68071 -3.25881
64.21 4.22842 7.02017 7.79453 5.62652 0.0683543 -2.19493 -4.49497 -9.02438 -10.2047 -8.63541 -5.7957 -3.4752 -1.41247 1.68015 3.35195 4.8452 7.97757 9.5974 9.4588 6.85499 2.21336 -0.522401 -2.24524
64.26 4.61793 7.48517 8.09867 6.15848 1.18033 -0.840864 -3.28049 -8.38621 -10.0796 -8.96241 -6.82794 -4.7035 -2.32788 0.997318 2.87114 4.54463 7.6647 9.36165 9.34212 7.10651 3.1749 0.699632 -1.1817
64.31 4.92141 7.84412 8.33271 6.67733 2.29937 0.500871 -2.03607 -7.56085 -9.69005 -9.1554 -7.9005 -6.07472 -3.40774 0.251496 2.44188 4.2259 7.22731 8.96322 9.05667 7.23724 4.10796 1.97527 -0.0418546
64.36 5.14798 8.11106 8.50626 7.17332 3.40858 1.83219 -0.745064 -6.54847 -9.06043 -9.19725 -8.94069 -7.50938 -4.60887 -0.58316 1.97039 3.80727 6.64551 8.4114 8.61744 7.24368 4.95984 3.23761 1.14526
64.41 5.30024 8.30132 8.64166 7.63904 4.49193 3.16496 0.55566 -5.40641 -8.19955 -9.02992 -9.76773 -8.87983 -5.86827 -1.51936 1.29323 3.20057 5.97022 7.74781 8.04694 7.11534 5.6739 4.39751 2.29984
64.46 5.40229 8.44215 8.75176 8.04056 5.49085 4.42597 1.77622 -4.22396 -7.13605 -8.59612 -10.2429 -9.91325 -7.09092 -2.6062 0.423952 2.45233 5.23623 7.0156 7.37589 6.85643 6.22407 5.38985 3.32554
64.51 5.4818 8.54773 8.82999 8.36944 6.36224 5.52537 2.85884 -3.02847 -5.89028 -7.89709 -10.4586 -10.6398 -8.12177 -3.74254 -0.603531 1.5808 4.45758 6.2425 6.6313 6.48407 6.626 6.2285 4.21272
64.56 5.55864 8.64763 8.91409 8.62277 7.0605 6.41939 3.7737 -1.83608 -4.48521 -6.9181 -10.4522 -11.1514 -8.91417 -4.84901 -1.76127 0.602754 3.64379 5.45217 5.83787 6.01761 6.8999 6.93313 4.97016
64.61 5.66491 8.74853 8.98626 8.78492 7.58592 7.09509 4.51957 -0.695061 -3.05918 -5.72885 -10.1286 -11.3523 -9.49733 -5.95984 -3.00322 -0.419961 2.84051 4.70852 5.05615 5.51092 7.08487 7.51281 5.58422
64.66 5.8054 8.80226 8.97956 8.84955 7.97389 7.57274 5.12317 0.382929 -1.68948 -4.4714 -9.46991 -11.2216 -9.88512 -7.07186 -4.32629 -1.47896 2.07503 4.03996 4.32852 5.00943 7.21589 7.99329 6.07576
64.71 5.94524 8.79478 8.90944 8.83499 8.24208 7.90812 5.65056 1.43958 -0.381397 -3.2688 -8.66728 -10.7983 -10.0459 -8.13134 -5.72914 -2.63411 1.27123 3.38628 3.62453 4.50081 7.25331 8.3504 6.48457
64.76 6.06116 8.70881 8.76747 8.74392 8.41071 8.13603 6.12378 2.48054 0.87366 -2.12376 -7.78292 -10.1704 -10.0073 -9.07441 -7.1276 -3.84424 0.414161 2.70686 2.92702 3.98575 7.13449 8.50397 6.79788
64.81 6.1237 8.52237 8.53929 8.57549 8.49745 8.28211 6.5432 3.49146 2.07239 -0.99309 -6.80939 -9.40386 -9.80096 -9.85859 -8.43753 -5.04851 -0.483741 1.99605 2.25755 3.49756 6.83164 8.37535 6.94186
64.86 6.09857 8.21041 8.2061 8.32305 8.51304 8.36582 6.90708 4.46855 3.2337 0.091797 -5.80358 -8.52384 -9.42848 -10.4395 -9.58159 -6.18787 -1.40705 1.2614 1.6568 3.0782 6.38377 7.96488 6.83206
64.91 5.94949 7.75039 7.75241 7.98259 8.46606 8.40198 7.21362 5.40139 4.35003 1.11253 -4.79298 -7.56243 -8.90109 -10.7852 -10.496 -7.21224 -2.3399 0.508552 1.12881 2.70408 5.84433 7.3806 6.49018
64.96 5.65321 7.13312 7.17491 7.55731 8.35927 8.39244 7.45556 6.2694 5.39561 2.05335 -3.79745 -6.56334 -8.24451 -10.8709 -11.1254 -8.08229 -3.28295 -0.264259 0.661629 2.36928 5.2605 6.69642 5.98798
65.01 5.21072 6.36962 6.48759 7.05858 8.18759 8.32508 7.62269 7.05357 6.35167 2.91784 -2.79571 -5.52173 -7.49908 -10.735 -11.4655 -8.77984 -4.24472 -1.09033 0.199456 2.0326 4.65982 5.97456 5.39269
65.06 4.64718 5.49109 5.72056 6.50107 7.93536 8.17424 7.69997 7.73785 7.21392 3.73719 -1.72543 -4.36325 -6.67264 -10.4565 -11.5803 -9.32593 -5.22456 -1.99891 -0.32724 1.62792 4.01382 5.21468 4.7275
65.11 4.00079 4.54103 4.91163 5.89575 7.57676 7.9035 7.66465 8.30297 7.98646 4.57372 -0.54854 -3.11492 -5.7765 -10.063 -11.5256 -9.7374 -6.18531 -2.97103 -0.944037 1.11683 3.28818 4.39256 3.98499
65.16 3.3043 3.55678 4.08935 5.24622 7.09211 7.4905 7.50589 8.72516 8.64136 5.43358 0.76462 -1.74143 -4.77215 -9.55582 -11.3371 -10.0348 -7.10166 -3.97932 -1.64819 0.491498 2.46796 3.49166 3.15455
65.21 2.57393 2.55376 3.25774 4.54451 6.47483 6.93535 7.22821 8.98246 9.13712 6.27666 2.20503 -0.222557 -3.56584 -8.85167 -11.0321 -10.2403 -7.97672 -5.01657 -2.43905 -0.247147 1.55593 2.5139 2.23833
65.26 1.80736 1.52322 2.39813 3.77697 5.73683 6.26206 6.84517 9.05329 9.42587 7.02454 3.73661 1.4819 -2.12204 -7.89367 -10.5572 -10.3313 -8.80638 -6.08254 -3.32016 -1.09553 0.567341 1.47709 1.25312
65.31 0.987364 0.440935 1.48447 2.93665 4.91252 5.51718 6.37382 8.91787 9.46161 7.57844 5.2912 3.38965 -0.493651 -6.69847 -9.81581 -10.2406 -9.55599 -7.15807 -4.28105 -2.03859 -0.473985 0.406157 0.223564
65.36 0.0748534 -0.734867 0.483013 2.01694 4.0455 4.75771 5.83376 8.57272 9.22608 7.86648 6.75996 5.39745 1.25098 -5.26083 -8.71676 -9.87684 -10.1629 -8.20259 -5.29678 -3.05561 -1.55082 -0.683077 -0.829574
65.41 -0.994748 -2.0613 -0.647931 1.00199 3.16896 4.02849 5.23992 8.03355 8.74059 7.88041 8.01395 7.30265 2.98908 -3.60227 -7.17634 -9.11009 -10.5175 -9.13662 -6.31321 -4.11275 -2.65255 -1.785 -1.89008
65.46 -2.03339 -3.45135 -1.99852 -0.19151 2.2669 3.33618 4.59884 7.33734 8.06913 7.67993 8.93865 8.86364 4.55202 -1.83696 -5.21089 -7.79739 -10.4724 -9.84511 -7.24324 -5.15674 -3.7663 -2.89222 -2.93443
65.51 -2.84358 -4.53648 -3.20609 -1.47672 1.21499 2.59809 3.88267 6.52326 7.29375 7.35353 9.48284 9.91025 5.80143 -0.126269 -3.11191 -6.07335 -9.93161 -10.1901 -7.95508 -6.09482 -4.85616 -3.98069 -3.92317
65.56 -3.57637 -5.44618 -4.19925 -2.622 0.143036 1.77037 3.07131 5.61626 6.46359 6.95462 9.69358 10.468 6.75864 1.52676 -1.05066 -4.22358 -9.00083 -10.1269 -8.36498 -6.86602 -5.91389 -5.05826 -4.85316
65.61 -4.19997 -6.27184 -5.03872 -3.49225 -0.876755 0.783936 2.15543 4.64999 5.62346 6.51249 9.63209 10.6126 7.46139 3.15266 0.967328 -2.39268 -7.83539 -9.69881 -8.45405 -7.43576 -6.92134 -6.13135 -5.7457
65.66 -4.51088 -6.83019 -5.59281 -4.26027 -2.06468 -0.428265 1.15655 3.71189 4.84618 6.05997 9.348 10.4072 7.89621 4.72478 2.97193 -0.607892 -6.53276 -8.97155 -8.23887 -7.78028 -7.82681 -7.16997 -6.60851
65.71 -4.53469 -7.09611 -5.90146 -4.93147 -3.39008 -1.87324 0.0265751 2.79874 4.12438 5.56306 8.84265 9.88818 8.03019 6.20008 4.99698 1.15288 -5.11395 -7.9675 -7.72411 -7.87753 -8.57564 -8.13054 -7.43254
65.76 -4.36499 -7.0703 -5.95993 -5.48862 -4.77933 -3.49857 -1.25466 1.84823 3.38332 4.93162 8.07895 9.06725 7.83878 7.51932 7.0016 2.86603 -3.60276 -6.67032 -6.86998 -7.67257 -9.10657 -8.96837 -8.20084
65.81 -4.09161 -6.85343 -5.82193 -5.87245 -5.87791 -4.95769 -2.68109 0.718558 2.53386 4.09072 7.0465 7.98335 7.35293 8.58416 8.78938 4.42375 -2.08396 -5.1397 -5.65906 -7.09365 -9.33965 -9.62514 -8.87966
65.86 -3.77894 -6.33846 -5.35047 -6.02386 -6.74059 -6.06875 -4.05427 -0.540609 1.56515 3.06526 5.8154 6.73213 6.66538 9.30362 10.1744 5.72884 -0.623106 -3.49788 -4.182 -6.14889 -9.2228 -10.0395 -9.42082
65.91 -3.40338 -5.54775 -4.55901 -5.87373 -7.38895 -6.91883 -5.26165 -1.80388 0.535995 1.95282 4.51008 5.43592 5.88495 9.63037 11.0861 6.7923 0.78058 -1.86798 -2.59575 -4.93383 -8.76951 -10.176 -9.78209
65.96 -2.96671 -4.53095 -3.48721 -5.37587 -7.83436 -7.58066 -6.20321 -2.98308 -0.56071 0.819042 3.25834 4.21167 5.10942 9.59415 11.5236 7.64622 2.17032 -0.297984 -1.04085 -3.60844 -8.05448 -10.0302 -9.93368
66.01 -2.44389 -3.33695 -2.20101 -4.52579 -8.05649 -8.12486 -6.87139 -4.06123 -1.73192 -0.291511 2.13375 3.13501 4.40398 9.28401 11.5245 8.27957 3.56013 1.23868 0.447601 -2.28257 -7.17495 -9.6292 -9.86604
66.06 -1.80494 -2.0148 -0.775372 -3.37288 -8.02233 -8.58436 -7.3313 -5.0549 -3.00237 -1.38471 1.15778 2.2309 3.78159 8.7732 11.1472 8.6472 4.90058 2.77695 1.90674 -0.963317 -6.1882 -9.01411 -9.5864
66.11 -1.07905 -0.655997 0.680932 -1.97013 -7.54876 -8.77683 -7.75798 -6.13487 -4.38035 -2.46215 0.337352 1.53573 3.25411 8.11711 10.4628 8.69099 6.09191 4.3084 3.35234 0.35265 -5.12154 -8.21927 -9.1014
66.16 -0.290423 0.69442 2.12156 -0.490478 -6.72424 -8.62334 -8.07249 -7.21746 -5.83909 -3.6111 -0.3949 1.05391 2.80775 7.34055 9.54711 8.41106 7.0487 5.77188 4.76668 1.63907 -4.03481 -7.2817 -8.41441
66.21 0.531777 2.00202 3.49481 0.910307 -5.80628 -8.18315 -8.17031 -8.03532 -7.04975 -4.80003 -1.20743 0.635766 2.34896 6.44855 8.48218 7.89232 7.72959 7.06232 6.07422 2.83363 -2.99392 -6.2772 -7.56399
66.26 1.34952 3.23025 4.74298 2.17849 -4.8251 -7.49233 -8.04948 -8.65314 -7.97033 -5.85411 -2.06307 0.132436 1.79487 5.49623 7.36413 7.25721 8.14869 8.10547 7.21079 3.89863 -2.01698 -5.26398 -6.61911
66.31 2.1446 4.3405 5.74521 3.20541 -3.77319 -6.56788 -7.67594 -9.08485 -8.68824 -6.74186 -2.91187 -0.456585 1.16331 4.52982 6.26593 6.60129 8.35044 8.87485 8.13382 4.81923 -1.08448 -4.26312 -5.6478
66.36 2.86679 5.30515 6.54401 4.05936 -2.68552 -5.45324 -7.04284 -9.3468 -9.28357 -7.45101 -3.72936 -1.15479 0.474039 3.60118 5.24628 5.98539 8.38363 9.37486 8.81953 5.59471 -0.155859 -3.25086 -4.68013
66.41 3.49666 6.11425 7.15945 4.76608 -1.55495 -4.15533 -6.14118 -9.43162 -9.81271 -7.99998 -4.51938 -1.99701 -0.268694 2.74666 4.3454 5.44116 8.28464 9.62328 9.25828 6.22663 0.804738 -2.18075 -3.70247
66.46 4.02564 6.77416 7.63003 5.38149 -0.422387 -2.79568 -5.02928 -9.24204 -10.158 -8.44734 -5.36704 -2.98739 -1.05322 1.98354 3.61011 4.99893 8.08685 9.64746 9.44884 6.69982 1.78494 -1.04126 -2.69746
66.51 4.45648 7.29351 7.97388 5.92483 0.686101 -1.44025 -3.81811 -8.68964 -10.1716 -8.83472 -6.36214 -4.13833 -1.90186 1.30394 3.07154 4.67426 7.81647 9.48671 9.41624 7.01085 2.75036 0.14936 -1.66211
66.56 4.79673 7.6969 8.23675 6.44963 1.80468 -0.089854 -2.59666 -7.95434 -9.89112 -9.08514 -7.42345 -5.45323 -2.90988 0.592963 2.63209 4.37527 7.43875 9.15954 9.20284 7.19399 3.70098 1.40671 -0.556013
66.61 5.05667 8.00359 8.43642 6.95718 2.91901 1.24207 -1.32038 -7.01679 -9.36919 -9.19925 -8.48877 -6.87263 -4.06847 -0.203315 2.19448 4.01165 6.91928 8.67312 8.83016 7.25717 4.59649 2.68557 0.617407
66.66 5.24061 8.22383 8.5834 7.43956 4.02065 2.57756 -0.0155567 -5.92078 -8.60778 -9.1385 -9.45275 -8.29337 -5.29753 -1.08696 1.61671 3.48839 6.27837 8.05279 8.31425 7.18935 5.37786 3.90283 1.80021
66.71 5.36104 8.385 8.70745 7.87204 5.06197 3.88304 1.25037 -4.75019 -7.63132 -8.82094 -10.0681 -9.50019 -6.56761 -2.11164 0.830912 2.80006 5.5675 7.34639 7.68368 6.98623 5.99998 4.97083 2.88899
66.76 5.44802 8.50411 8.79839 8.23214 5.99399 5.06246 2.39843 -3.55841 -6.46188 -8.23886 -10.3917 -10.3495 -7.69333 -3.23927 -0.130817 1.98109 4.80747 6.58866 6.96881 6.662 6.46509 5.87468 3.8363
66.81 5.52319 8.60191 8.87436 8.52127 6.77491 6.04959 3.38865 -2.363 -5.12091 -7.38368 -10.4832 -10.9478 -8.5943 -4.36673 -1.23476 1.04787 4.00828 5.80245 6.19341 6.23424 6.79309 6.63692 4.65072
66.86 5.60953 8.70769 8.96582 8.72757 7.37002 6.82347 4.2119 -1.1885 -3.68425 -6.27753 -10.3313 -11.302 -9.25613 -5.46432 -2.44697 0.0304455 3.18686 5.02695 5.39569 5.73532 7.00976 7.26989 5.33102
66.91 5.74176 8.78505 8.99025 8.83122 7.81847 7.38179 4.86808 -0.0905311 -2.28841 -5.02455 -9.7862 -11.3207 -9.74193 -6.58172 -3.72707 -0.998271 2.41571 4.33044 4.64572 5.23143 7.16586 7.79259 5.8698
66.96 5.88462 8.80646 8.94855 8.85094 8.13681 7.77472 5.42438 0.973333 -0.953716 -3.79291 -9.03464 -11.0159 -10.001 -7.67271 -5.10244 -2.11177 1.63432 3.67771 3.93554 4.72781 7.25254 8.21195 6.31333
67.01 6.01435 8.75774 8.83991 8.79363 8.34717 8.04677 5.9209 2.02271 0.325372 -2.6285 -8.18701 -10.4678 -10.0455 -8.67337 -6.51407 -3.3052 0.799931 3.01209 3.23481 4.21337 7.20975 8.46707 6.67437
67.06 6.1045 8.61879 8.6521 8.66007 8.46853 8.22639 6.36431 3.04754 1.5465 -1.48959 -7.24691 -9.759 -9.91306 -9.53397 -7.87343 -4.51966 -0.082008 2.31415 2.54772 3.70721 6.98732 8.46983 6.90577
67.11 6.12284 8.36559 8.36772 8.44559 8.51435 8.33544 6.75299 4.04052 2.72389 -0.382025 -6.25136 -8.92584 -9.613 -10.2088 -9.09919 -5.69481 -0.996232 1.59059 1.91481 3.2559 6.59483 8.17509 6.91395
67.16 6.03267 7.97333 7.96873 8.14424 8.49432 8.39153 7.08546 4.99507 3.86291 0.669876 -5.23943 -7.99573 -9.15287 -10.6632 -10.1231 -6.77507 -1.92554 0.843566 1.35346 2.86424 6.09242 7.65664 6.66584
67.21 5.80308 7.42567 7.44544 7.75556 8.41414 8.40297 7.35725 5.89455 4.94276 1.64644 -4.23641 -7.00747 -8.54788 -10.8647 -10.884 -7.71809 -2.86353 0.082221 0.863816 2.51448 5.52128 7.00627 6.22519
67.26 5.42364 6.72428 6.80392 7.28749 8.2721 8.363 7.55826 6.71755 5.9414 2.5464 -3.24532 -6.00238 -7.84298 -10.8141 -11.3451 -8.48938 -3.81418 -0.714037 0.40934 2.18691 4.92948 6.29816 5.66546
67.31 4.90929 5.89168 6.06769 6.75444 8.05874 8.25398 7.67869 7.44847 6.84262 3.37447 -2.21028 -4.88673 -7.04608 -10.5953 -11.5536 -9.102 -4.7907 -1.58686 -0.0833665 1.81887 4.30805 5.55739 5.03089
67.36 4.29492 4.96792 5.27281 6.16926 7.7502 8.04014 7.69532 8.06898 7.65679 4.19971 -1.08535 -3.68069 -6.184 -10.2506 -11.5674 -9.5699 -5.76387 -2.53427 -0.659372 1.35753 3.62107 4.76596 4.32437
67.41 3.61746 3.99532 4.45424 5.53957 7.3231 7.69162 7.59166 8.55762 8.36867 5.05158 0.165361 -2.36831 -5.23353 -9.79559 -11.4362 -9.91621 -6.70198 -3.52945 -1.32596 0.782407 2.84302 3.9007 3.53346
67.46 2.90151 3.00061 3.62825 4.86278 6.76439 7.19777 7.36502 8.88996 8.9399 5.90962 1.55435 -0.911622 -4.13584 -9.2005 -11.1803 -10.1582 -7.59196 -4.55211 -2.07676 0.0946983 1.97108 2.95599 2.65417
67.51 2.15207 1.98426 2.78383 4.12559 6.07682 6.57236 7.02694 9.04668 9.32716 6.7116 3.05018 0.699913 -2.78666 -8.34673 -10.7952 -10.3091 -8.44624 -5.60771 -2.91919 -0.707042 1.01313 1.94199 1.69651
67.56 1.35911 0.92898 1.89779 3.31813 5.28547 5.85231 6.59227 9.00409 9.47918 7.363 4.60617 2.5235 -1.23461 -7.25778 -10.1827 -10.3079 -9.23656 -6.68206 -3.84644 -1.61011 -0.00735924 0.883565 0.683683
67.61 0.494116 -0.199054 0.939973 2.43483 4.43222 5.09246 6.0803 8.751 9.36367 7.77411 6.12826 4.50712 0.47058 -5.9272 -9.2537 -10.0791 -9.91729 -7.74761 -4.84262 -2.59768 -1.07014 -0.198771 -0.361156
67.66 -0.496725 -1.45137 -0.128269 1.46477 3.55715 4.34613 5.50918 8.29474 8.98365 7.9059 7.49331 6.4867 2.22954 -4.36091 -7.9168 -9.50857 -10.4001 -8.74303 -5.86749 -3.64212 -2.16178 -1.29531 -1.42036
67.71 -1.62459 -2.87392 -1.37553 0.373661 2.68037 3.64235 4.88876 7.66121 8.38306 7.78878 8.57603 8.2314 3.89515 -2.61729 -6.11791 -8.44818 -10.5525 -9.5685 -6.84996 -4.70158 -3.27384 -2.40286 -2.47657
67.76 -2.49752 -4.08783 -2.70497 -0.911326 1.69528 2.93272 4.21003 6.89656 7.64645 7.5096 9.28709 9.51126 5.28718 -0.874822 -4.04205 -6.86772 -10.2287 -10.0874 -7.67338 -5.69687 -4.37712 -3.50091 -3.49321
67.81 -3.25932 -5.05419 -3.77831 -2.14902 0.607561 2.15346 3.44481 6.0283 6.83563 7.13817 9.63735 10.2767 6.3677 0.799265 -1.95615 -5.04484 -9.45012 -10.2036 -8.22301 -6.54751 -5.4496 -4.58109 -4.44709
67.86 -3.94378 -5.91816 -4.69149 -3.1365 -0.422021 1.2436 2.57159 5.08169 5.99343 6.71238 9.68995 10.5953 7.18113 2.43553 0.0757075 -3.19923 -8.37332 -9.92898 -8.453 -7.20934 -6.48358 -5.65743 -5.3537
67.91 -4.42904 -6.61529 -5.369 -3.92635 -1.51969 0.136307 1.6109 4.11969 5.17957 6.26108 9.49964 10.5385 7.73917 4.03863 2.08417 -1.39341 -7.12343 -9.32715 -8.37026 -7.65645 -7.44191 -6.71696 -6.23037
67.96 -4.54851 -7.01683 -5.79822 -4.64801 -2.78911 -1.20618 0.545669 3.20462 4.44198 5.79437 9.09624 10.1562 8.01035 5.56146 4.09631 0.377577 -5.75613 -8.44844 -7.99066 -7.86698 -8.26635 -7.71712 -7.07311
68.01 -4.46216 -7.11379 -5.96215 -5.25785 -4.16982 -2.76306 -0.665962 2.27847 3.71868 5.23344 8.45124 9.46726 7.96389 6.95978 6.12545 2.11639 -4.28057 -7.28057 -7.29365 -7.80575 -8.90288 -8.61546 -7.86874
68.06 -4.21737 -6.97308 -5.9117 -5.72614 -5.42898 -4.36329 -2.04964 1.24384 2.92863 4.4912 7.53479 8.49103 7.5995 8.15089 8.03957 3.76256 -2.75066 -5.83816 -6.23566 -7.39798 -9.27743 -9.36046 -8.59298
68.11 -3.92614 -6.6038 -5.60043 -5.98974 -6.38614 -5.61339 -3.45945 0.0246203 2.00447 3.53605 6.37788 7.29942 6.98783 9.032 9.61763 5.18336 -1.26303 -4.23205 -4.85982 -6.60722 -9.31836 -9.889 -9.20105
68.16 -3.57668 -5.92873 -4.9472 -5.98096 -7.12647 -6.5696 -4.75584 -1.25218 1.00094 2.45249 5.08792 6.00751 6.23558 9.53462 10.7419 6.34763 0.164442 -2.58097 -3.30111 -5.49699 -9.00798 -10.1499 -9.64599
68.21 -3.16857 -5.006 -3.99292 -5.64098 -7.66288 -7.3058 -5.82115 -2.47299 -0.0674145 1.31961 3.80048 4.73913 5.44707 9.64972 11.3869 7.2939 1.55385 -0.987618 -1.72122 -4.19931 -8.39683 -10.1284 -9.89332
68.26 -2.68836 -3.88454 -2.79218 -4.9436 -7.98786 -7.89487 -6.60614 -3.59552 -1.20161 0.197205 2.61357 3.59111 4.70584 9.44965 11.5747 8.02854 2.94638 0.559753 -0.205292 -2.86795 -7.57978 -9.83529 -9.92243
68.31 -2.10324 -2.61315 -1.42002 -3.9164 -8.07027 -8.39113 -7.14746 -4.62357 -2.42798 -0.900385 1.57349 2.60981 4.04797 9.02131 11.3573 8.5214 4.31828 2.09365 1.26102 -1.54905 -6.63817 -9.3107 -9.73538
68.36 -1.40684 -1.25571 0.0378871 -2.61746 -7.83411 -8.73293 -7.56209 -5.63597 -3.75772 -1.98856 0.678934 1.81246 3.47266 8.4214 10.7984 8.71385 5.59016 3.63521 2.7156 -0.226518 -5.59801 -8.59063 -9.34158
68.41 -0.647003 0.0985089 1.48832 -1.14097 -7.10785 -8.73172 -7.96227 -6.77314 -5.19299 -3.07672 -0.0672988 1.24774 3.00063 7.70014 9.97683 8.5715 6.6575 5.13784 4.14691 1.07486 -4.51581 -7.7114 -8.74218
68.46 0.166714 1.43078 2.89691 0.301434 -6.22111 -8.41053 -8.15197 -7.69911 -6.55492 -4.2871 -0.838396 0.829837 2.56249 6.85366 8.96551 8.14351 7.46235 6.51836 5.51326 2.31925 -3.4469 -6.72599 -7.95693
68.51 0.985591 2.69722 4.21927 1.64818 -5.27084 -7.83037 -8.13303 -8.40293 -7.59231 -5.40604 -1.68239 0.365518 2.05147 5.923 7.86104 7.54604 7.99302 7.67672 6.73172 3.44421 -2.44254 -5.71163 -7.04447
68.56 1.79964 3.86599 5.32848 2.77437 -4.24417 -7.00172 -7.87282 -8.91558 -8.39011 -6.37068 -2.53893 -0.184014 1.45115 4.95626 6.74591 6.88985 8.28473 8.5682 7.75336 4.42954 -1.49455 -4.70582 -6.07851
68.61 2.55692 4.89649 6.21522 3.70346 -3.17408 -5.9764 -7.35774 -9.24892 -9.02898 -7.15753 -3.37066 -0.828854 0.786714 4.00553 5.68555 6.251 8.38727 9.18577 8.54587 5.26857 -0.570136 -3.70436 -5.10898
68.66 3.22981 5.77489 6.90641 4.4662 -2.05862 -4.74411 -6.57073 -9.41926 -9.58639 -7.77551 -4.17284 -1.60534 0.0663687 3.11419 4.72789 5.67221 8.34312 9.54312 9.09499 5.9651 0.374538 -2.66434 -4.13873
68.71 3.80354 6.49988 7.43958 5.1212 -0.918896 -3.39757 -5.54406 -9.38382 -10.0492 -8.24902 -4.96624 -2.53049 -0.70538 2.3055 3.90924 5.17765 8.18296 9.66166 9.39493 6.51228 1.35317 -1.55067 -3.14457
68.76 4.27724 7.07926 7.83367 5.68839 0.194668 -2.04029 -4.35633 -8.96047 -10.2058 -8.67954 -5.90918 -3.60618 -1.50858 1.60341 3.29119 4.80877 7.94709 9.57926 9.45523 6.89055 2.32351 -0.386913 -2.1279
68.81 4.65641 7.53105 8.12873 6.21858 1.30822 -0.686476 -3.14191 -8.303 -10.0469 -8.99043 -6.94879 -4.85343 -2.44265 0.916689 2.82167 4.51112 7.62196 9.32457 9.31801 7.12763 3.28362 0.843136 -1.05593
68.86 4.95074 7.87902 8.35566 6.73557 2.4267 0.652753 -1.89018 -7.45352 -9.63038 -9.16837 -8.02213 -6.23683 -3.53998 0.160848 2.39233 4.18479 7.16828 8.90794 9.01444 7.24482 4.21058 2.12158 0.0920423
68.91 5.16866 8.13598 8.52299 7.22869 3.5347 1.98488 -0.595586 -6.42253 -8.97311 -9.19113 -9.05367 -7.67165 -4.74742 -0.683111 1.90362 3.74694 6.57268 8.34078 8.55882 7.2363 5.04949 3.37716 1.28074
68.96 5.31352 8.31954 8.65609 7.6888 4.61121 3.31455 0.70055 -5.27264 -8.0881 -8.99357 -9.83706 -9.01708 -6.01406 -1.63663 1.20357 3.12214 5.88921 7.66726 7.97509 7.09233 5.74505 4.51951 2.42424
69.01 5.41182 8.45551 8.76218 8.0819 5.59761 4.561 1.90744 -4.08791 -7.00242 -8.52949 -10.2792 -10.0094 -7.21948 -2.73511 0.314277 2.35901 5.14966 6.92924 7.29443 6.81958 6.27728 5.49314 3.43376
69.06 5.4899 8.55841 8.83842 8.403 6.452 5.63824 2.97193 -2.89209 -5.73694 -7.79934 -10.4689 -10.7075 -8.22444 -3.87123 -0.729407 1.4744 4.36649 6.15284 6.54287 6.43533 6.66352 6.31571 4.30594
69.11 5.5678 8.65951 8.92495 8.64675 7.12856 6.50815 3.86806 -1.70143 -4.32041 -6.79144 -10.4356 -11.1934 -8.98925 -4.97278 -1.89927 0.486053 3.54922 5.36337 5.74651 5.96034 6.92434 7.0055 5.04836
69.16 5.67991 8.75708 8.9887 8.79679 7.63742 7.15882 4.5942 -0.570075 -2.89987 -5.58478 -10.0647 -11.3544 -9.55303 -6.08718 -3.14864 -0.536412 2.75329 4.62949 4.97084 5.45357 7.10285 7.57262 5.64579
69.21 5.82149 8.80448 8.97469 8.85193 8.01047 7.61779 5.18677 0.504352 -1.53723 -4.33076 -9.38366 -11.1862 -9.9143 -7.19639 -4.4833 -1.60586 1.98625 3.96593 4.24779 4.95212 7.22614 8.04162 6.12669
69.26 5.95987 8.78904 8.89695 8.82856 8.26633 7.93946 5.70752 1.55949 -0.2355 -3.13597 -8.5703 -10.7353 -10.0506 -8.24552 -5.89042 -2.77039 1.17616 3.31057 3.54467 4.44207 7.24868 8.38005 6.52635
69.31 6.07132 8.69283 8.74598 8.72878 8.4248 8.15684 6.17472 2.59761 1.01276 -1.99327 -7.6749 -10.0894 -9.99206 -9.17266 -7.28289 -3.98293 0.313609 2.62733 2.84853 3.9278 7.10901 8.50455 6.82509
69.36 6.12573 8.49339 8.50677 8.55105 8.50285 8.29485 6.58795 3.6051 2.2069 -0.866579 -6.69566 -9.3086 -9.76648 -9.93546 -8.57745 -5.18262 -0.587883 1.91367 2.1853 3.44595 6.78653 8.34146 6.94325
69.41 6.08822 8.16556 8.16048 8.28866 8.5109 8.37252 6.94543 4.57789 3.36402 0.212029 -5.68798 -8.41751 -9.37578 -10.4913 -9.69847 -6.31111 -1.5129 1.17627 1.59289 3.03354 6.3262 7.90535 6.80352
69.46 5.92319 7.68777 7.69256 7.93818 8.45704 8.40361 7.24505 5.5045 4.47363 1.22409 -4.67852 -7.44945 -8.83171 -10.8079 -10.5828 -7.3198 -2.44671 0.42198 1.07328 2.66442 5.7789 7.30584 6.43956
69.51 5.60972 7.0529 7.10151 7.5038 8.34318 8.3882 7.47889 6.36375 5.50993 2.15614 -3.68461 -6.44901 -8.16386 -10.8645 -11.1775 -8.17003 -3.39116 -0.354723 0.610279 2.33232 5.19308 6.61549 5.92393
69.56 5.15177 6.27437 6.40334 6.99766 8.16341 8.31302 7.63688 7.13744 6.45474 3.01204 -2.6777 -5.39397 -7.40784 -10.7097 -11.4888 -8.8495 -4.35614 -1.18979 0.143574 1.99097 4.58917 5.89014 5.3203
69.61 4.57685 5.38546 5.62965 6.43421 7.90028 8.15012 7.70221 7.80914 7.3073 3.83146 -1.59721 -4.22581 -6.57443 -10.417 -11.5814 -9.37892 -5.3355 -2.10695 -0.392785 1.5755 3.93565 5.12452 4.64697
69.66 3.92335 4.42994 4.81812 5.82387 7.52808 7.86388 7.65305 8.35921 8.06829 4.67129 -0.405826 -2.96543 -5.66833 -10.0111 -11.5103 -9.77656 -6.29215 -3.08447 -1.01998 1.05132 3.19953 4.29391 3.8948
69.71 3.22261 3.44333 3.99516 5.16905 7.02834 7.43414 7.48012 8.76346 8.7071 5.53208 0.92361 -1.57463 -4.64851 -9.48976 -11.3072 -10.0615 -7.20252 -4.09558 -1.73354 0.41327 2.36862 3.38395 3.05425
69.76 2.48849 2.43791 3.16149 4.46041 6.39624 6.86386 7.18971 9.00077 9.18198 6.36897 2.37609 -0.0389998 -3.41166 -8.75413 -10.9885 -10.2575 -8.07397 -5.13684 -2.53504 -0.338545 1.44665 2.39819 2.12903
69.81 1.71707 1.40302 2.29718 3.68484 5.64633 6.17966 6.79559 9.04875 9.44376 7.09967 3.91482 1.69026 -1.94481 -7.76956 -10.4877 -10.3312 -8.89637 -6.20495 -3.42583 -1.19847 0.450971 1.35637 1.13755
69.86 0.88901 0.312542 1.37539 2.83591 4.81497 5.43023 6.31538 8.88917 9.44878 7.62591 5.46575 3.61689 -0.298678 -6.54679 -9.7103 -10.2148 -9.63366 -7.27959 -4.39467 -2.15122 -0.59514 0.282774 0.104402
69.91 -0.037712 -0.877374 0.361385 1.90639 3.94556 4.67242 5.76859 8.5207 9.18281 7.88172 6.91668 5.62465 1.45236 -5.08209 -8.56468 -9.81227 -10.2182 -8.31626 -5.41378 -3.17477 -1.67524 -0.808038 -0.950355
69.96 -1.12984 -2.22456 -0.786925 0.87916 3.06906 3.94804 5.16888 7.96097 8.67177 7.86686 8.13834 7.50332 3.18035 -3.40185 -6.97086 -8.99064 -10.5351 -9.23077 -6.42532 -4.23367 -2.77937 -1.91133 -2.01065
70.01 -2.13192 -3.58939 -2.1504 -0.338445 2.154 3.25509 4.52127 7.24993 7.98494 7.64801 9.02005 9.01011 4.71098 -1.63808 -4.97308 -7.61569 -10.435 -9.9043 -7.3373 -5.27035 -3.89204 -3.01737 -3.0504
70.06 -2.93021 -4.64589 -3.32785 -1.61928 1.08976 2.50962 3.79558 6.42417 7.20118 7.31118 9.52288 9.99768 5.9247 0.0645106 -2.87387 -5.86443 -9.84181 -10.2029 -8.01758 -6.19174 -4.97831 -4.10368 -4.0318
70.11 -3.65499 -5.54492 -4.30334 -2.73434 0.0259772 1.66674 2.97152 5.50803 6.36732 6.90609 9.6997 10.5045 6.85168 1.71343 -0.819206 -4.01301 -8.87741 -10.095 -8.39073 -6.94123 -6.03174 -5.18095 -4.95639
70.16 -4.25925 -6.35435 -5.11207 -3.57973 -1.00301 0.657385 2.04617 4.53947 5.53013 6.46086 9.61046 10.6064 7.52563 3.33606 1.19647 -2.18667 -7.69249 -9.62969 -8.44412 -7.48646 -7.03066 -6.25227 -5.84566
70.21 -4.52371 -6.87631 -5.64207 -4.34275 -2.20974 -0.581518 1.03527 3.60789 4.76243 6.00723 9.3024 10.364 7.92769 4.89893 3.20142 -0.40599 -6.37695 -8.87137 -8.19535 -7.804 -7.92072 -7.28403 -6.70461
70.26 -4.52462 -7.10685 -5.92012 -5.00117 -3.5479 -2.05121 -0.111782 2.69327 4.04227 5.49958 8.76947 9.8099 8.02529 6.36027 5.22923 1.35137 -4.9456 -7.83435 -7.64467 -7.87048 -8.64815 -8.23296 -7.52328
70.31 -4.33617 -7.05347 -5.95373 -5.54143 -4.92185 -3.68785 -1.41666 1.73136 3.29439 4.84774 7.97468 8.95589 7.79717 7.65614 7.22161 3.05487 -3.42761 -6.50515 -6.74887 -7.62582 -9.14919 -9.05333 -8.28358
70.36 -4.05937 -6.81074 -5.78559 -5.90263 -5.98746 -5.09996 -2.8424 0.578873 2.42815 3.98137 6.91411 7.84706 7.28286 8.68535 8.9703 4.58607 -1.9144 -4.95624 -5.50155 -7.00284 -9.34393 -9.68526 -8.94905
70.41 -3.73882 -6.26106 -5.27577 -6.02314 -6.82489 -6.17738 -4.2026 -0.68676 1.45039 2.94119 5.66776 6.58434 6.57927 9.36135 10.3031 5.86134 -0.459985 -3.30845 -4.00372 -6.02214 -9.18668 -10.0686 -9.4713
70.46 -3.35679 -5.44213 -4.44979 -5.83498 -7.45007 -7.00232 -5.38322 -1.94317 0.414012 1.82328 4.36292 5.2909 5.7947 9.64336 11.16 6.90047 0.938772 -1.68664 -2.41554 -4.78517 -8.69904 -10.173 -9.80999
70.51 -2.91208 -4.40273 -3.34977 -5.29603 -7.87141 -7.64742 -6.29244 -3.11099 -0.689779 0.691107 3.12286 4.08062 5.02478 9.5711 11.5452 7.73048 2.32925 -0.121922 -0.868452 -3.45671 -7.96083 -9.99608 -9.93648
70.56 -2.37727 -3.1917 -2.04412 -4.40815 -8.0658 -8.18126 -6.93254 -4.17822 -1.87162 -0.416486 2.01525 3.0232 4.3291 9.23511 11.4998 8.33644 3.71706 1.41331 0.614205 -2.1327 -7.06758 -9.56892 -9.84413
70.61 -1.72477 -1.85876 -0.607613 -3.22485 -7.99954 -8.62764 -7.3755 -5.16627 -3.15334 -1.50941 1.05493 2.13924 3.71543 8.70438 11.0833 8.66975 5.04653 2.95318 2.07259 -0.812454 -6.06913 -8.93167 -9.54109
70.66 -0.992552 -0.501526 0.846609 -1.80064 -7.46429 -8.77672 -7.80426 -6.26575 -4.54402 -2.58528 0.253099 1.47188 3.20084 8.03513 10.3692 8.67489 6.21416 4.48018 3.51544 0.500619 -4.99853 -8.11907 -9.03267
70.71 -0.197614 0.846525 2.28249 -0.325615 -6.62273 -8.58643 -8.09386 -7.32216 -5.99485 -3.75034 -0.482961 1.00681 2.75817 7.24403 9.43157 8.36196 7.14084 5.93002 4.92289 1.78102 -3.91308 -7.16928 -8.32448
70.76 0.625045 2.14651 3.64587 1.06414 -5.69768 -8.11666 -8.16803 -8.11531 -7.16753 -4.92765 -1.30384 0.582759 2.29071 6.34242 8.35605 7.82389 7.79023 7.19494 6.21353 2.96187 -2.87984 -6.16183 -7.45973
70.81 1.4425 3.36371 4.869 2.30617 -4.70755 -7.39729 -8.01953 -8.7113 -8.06082 -5.96416 -2.16083 0.0699631 1.72642 5.38585 7.23679 7.18218 8.18197 8.2075 7.32768 4.01099 -1.90939 -5.14986 -6.5091
70.86 2.23073 4.45798 5.84624 3.3112 -3.65106 -6.4506 -7.61697 -9.12263 -8.76063 -6.83151 -3.0067 -0.529877 1.08758 4.42128 6.14488 6.52833 8.36213 8.94554 8.22459 4.91499 -0.979503 -4.14961 -5.53773
70.91 2.94327 5.40525 6.62261 4.14589 -2.558 -5.31166 -6.95262 -9.36635 -9.347 -7.52137 -3.82081 -1.24322 0.39192 3.49947 5.137 5.91936 8.37861 9.41583 8.88255 5.67436 -0.0483133 -3.13284 -4.57015
70.96 3.56179 6.19681 7.22019 4.84071 -1.42478 -4.00123 -6.02342 -9.42781 -9.86852 -8.05327 -4.6077 -2.10235 -0.356583 2.65478 4.25159 5.38446 8.26622 9.63687 9.29283 6.28942 0.916624 -2.05384 -3.58959
71.01 4.07932 6.84004 7.67471 5.44576 -0.295825 -2.64099 -4.89261 -9.19103 -10.176 -8.49752 -5.47495 -3.10955 -1.14368 1.90447 3.54019 4.9574 8.06026 9.63819 9.45578 6.74293 1.89543 -0.909104 -2.58233
71.06 4.49936 7.34488 8.00755 5.98534 0.81307 -1.28591 -3.67962 -8.6143 -10.1529 -8.86996 -6.48088 -4.2807 -2.00821 1.2261 3.01863 4.6409 7.77972 9.45784 9.40075 7.03805 2.86008 0.289626 -1.54034
71.11 4.82996 7.73649 8.26277 6.5088 1.93222 0.0625251 -2.45333 -7.8566 -9.84358 -9.10559 -7.54623 -5.61136 -3.03521 0.506912 2.58354 4.33846 7.38724 9.11219 9.16844 7.20766 3.80715 1.5529 -0.42514
71.16 5.08133 8.0328 8.45546 7.01338 3.04524 1.39371 -1.173 -6.89937 -9.29401 -9.20133 -8.60623 -7.03677 -4.20755 -0.299814 2.14224 3.96369 6.8504 8.60801 8.77814 7.25642 4.69258 2.82922 0.753164
71.21 5.25664 8.24454 8.59888 7.49249 4.1437 2.72971 0.132653 -5.78944 -8.50667 -9.11536 -9.54054 -8.44943 -5.44362 -1.19526 1.53718 3.4172 6.20045 7.97594 8.24772 7.1731 5.45745 4.03348 1.93103
71.26 5.37181 8.40025 8.7196 7.91713 5.17492 4.02573 1.38829 -4.61501 -7.50734 -8.76781 -10.1179 -9.61247 -6.70547 -2.23749 0.729389 2.7131 5.48325 7.26225 7.6061 6.95521 6.06077 5.08195 3.00418
71.31 5.45655 8.51549 8.80689 8.26892 6.09185 5.18572 2.52009 -3.42193 -6.3175 -8.15558 -10.4129 -10.4284 -7.80795 -3.36907 -0.249827 1.88028 4.71825 6.50014 6.88311 6.61821 6.5092 5.96863 3.93593
71.36 5.53172 8.61316 8.88418 8.54917 6.85231 6.14908 3.49085 -2.22705 -4.95867 -7.26816 -10.4793 -11.0034 -8.68128 -4.4923 -1.36845 0.935289 3.91544 5.71219 6.10239 6.17991 6.82282 6.71581 4.73571
71.41 5.62253 8.71885 8.97283 8.7445 7.42853 6.89787 4.29458 -1.0598 -3.52231 -6.1387 -10.2871 -11.3204 -9.32096 -5.59168 -2.58899 -0.0854859 3.09646 4.94334 5.30718 5.67743 7.03004 7.33451 5.39919
71.46 5.75771 8.79023 8.98847 8.83754 7.86115 7.43419 4.93562 0.0319422 -2.13297 -4.88113 -9.70768 -11.3009 -9.78295 -6.70838 -3.8793 -1.11992 2.32874 4.25524 4.56356 5.17439 7.18017 7.84635 5.92476
71.51 5.90022 8.80451 8.93955 8.84831 8.16614 7.81161 5.48397 1.09379 -0.805303 -3.65662 -8.94144 -10.9639 -10.0162 -7.79255 -5.26328 -2.24475 1.54207 3.60325 3.85551 4.66966 7.2554 8.251 6.35925
71.56 6.02697 8.74662 8.82254 8.78219 8.36529 8.07175 5.97456 2.14163 0.468379 -2.49942 -8.08614 -10.3934 -10.0381 -8.77884 -6.673 -3.44357 0.701689 2.93435 3.15546 4.15466 7.19396 8.48165 6.70898
71.61 6.11063 8.59594 8.62472 8.63979 8.47753 8.24235 6.41178 3.16271 1.68276 -1.36087 -7.13491 -9.66966 -9.88709 -9.62098 -8.02131 -4.65666 -0.184771 2.23282 2.47193 3.65208 6.95028 8.4511 6.91977
71.66 6.11853 8.32813 8.32812 8.41561 8.51532 8.34449 6.79408 4.15178 2.85607 -0.258854 -6.13628 -8.82395 -9.56816 -10.2721 -9.22719 -5.82362 -1.10174 1.50642 1.84719 3.20978 6.5424 8.12408 6.89755
71.71 6.01377 7.91873 7.91521 8.10415 8.48821 8.39528 7.11997 5.10116 3.98984 0.785515 -5.12416 -7.88503 -9.0905 -10.6992 -10.2241 -6.89021 -2.03193 0.757702 1.29439 2.82216 6.0297 7.58791 6.624
71.76 5.76716 7.35308 7.37782 7.70586 8.40119 8.40144 7.38426 5.99297 5.06129 1.7528 -4.1231 -6.89313 -8.47122 -10.8708 -10.9517 -7.81507 -2.97114 -0.00608505 0.811407 2.47689 5.45436 6.92713 6.16595
71.81 5.37115 6.63523 6.72403 7.22959 8.25167 8.3547 7.57665 6.80624 6.04934 2.64368 -3.13072 -5.88154 -7.75617 -10.7963 -11.3803 -8.56677 -3.92425 -0.809096 0.356513 2.14836 4.86077 6.21537 5.59643
71.86 4.84344 5.79002 5.97917 6.69002 8.02879 8.23562 7.68643 7.52549 6.94021 3.46789 -2.08716 -4.75342 -6.95097 -10.5616 -11.5637 -9.16209 -4.90245 -1.69147 -0.144335 1.77175 4.23374 5.47016 4.95408
71.91 4.22017 4.85872 5.18005 6.09954 7.70777 8.00761 7.6899 8.13213 7.74409 4.29573 -0.949509 -3.53708 -6.08082 -10.2042 -11.5589 -9.61495 -5.87294 -2.64579 -0.730843 1.29785 3.53723 4.67129 4.23858
71.96 3.53742 3.88271 4.36032 5.46484 7.26605 7.64258 7.57201 8.60411 8.44211 5.15023 0.317135 -2.20987 -5.11745 -9.73617 -11.4128 -9.94845 -6.80566 -3.64471 -1.40728 0.7097 2.74829 3.79691 3.43755
72.01 2.81777 2.88598 3.53322 4.78195 6.69216 7.13259 7.33192 8.91742 8.99469 6.00574 1.7201 -0.737354 -3.99384 -9.11549 -11.1446 -10.1809 -7.69148 -4.67089 -2.16815 0.0089549 1.86588 2.84348 2.54855
72.06 2.06417 1.86636 2.68536 4.03711 5.99104 6.49404 6.98193 9.05241 9.35753 6.79572 3.22626 0.897246 -2.61932 -8.23455 -10.7383 -10.3175 -8.53989 -5.72942 -3.02071 -0.805077 0.899574 1.82314 1.58336
72.11 1.26488 0.804832 1.79281 3.2213 5.19038 5.7665 6.5374 8.98602 9.4801 7.42366 4.78386 2.74392 -1.0466 -7.11848 -10.0944 -10.2948 -9.32062 -6.80461 -3.95694 -1.71877 -0.126641 0.761151 0.565837
72.16 0.388793 -0.334452 0.824534 2.32887 4.33286 5.00576 6.01783 8.70896 9.33342 7.80357 6.29469 4.73735 0.670877 -5.7602 -9.12345 -10.0335 -9.98412 -7.86598 -4.95897 -2.71449 -1.19328 -0.323098 -0.481427
72.21 -0.620893 -1.60476 -0.25906 1.34771 3.45712 4.26344 5.44075 8.2308 8.92524 7.90416 7.63351 6.70233 2.42736 -4.16906 -7.73518 -9.4153 -10.4366 -8.84758 -5.98309 -3.76301 -2.28764 -1.42106 -1.54128
72.26 -1.73479 -3.02926 -1.54034 0.229215 2.57792 3.56489 4.81585 7.58037 8.3046 7.76364 8.6772 8.4044 4.07048 -2.41551 -5.88806 -8.28972 -10.5412 -9.64578 -6.95453 -4.82029 -3.40096 -2.52914 -2.59533
72.31 -2.58809 -4.2074 -2.8387 -1.05824 1.57305 2.84774 4.12724 6.80222 7.55688 7.47107 9.34445 9.624 5.42554 -0.680848 -3.8022 -6.66662 -10.1602 -10.1212 -7.75097 -5.80198 -4.50088 -3.62465 -3.60505
72.36 -3.34223 -5.15637 -3.88937 -2.27653 0.486256 2.05757 3.35075 5.92357 6.74028 7.09191 9.65748 10.3345 6.47345 0.987138 -1.72206 -4.83323 -9.33923 -10.1906 -8.26521 -6.63285 -5.56969 -4.70385 -4.55239
72.41 -4.01289 -6.01134 -4.78738 -3.23205 -0.53645 1.12916 2.46569 4.97071 5.89751 6.66142 9.67972 10.607 7.2584 2.62089 0.305407 -2.99095 -8.23772 -9.87533 -8.45859 -7.27129 -6.59759 -5.77971 -5.45508
72.46 -4.45553 -6.67524 -5.43114 -4.01441 -1.65728 -0.00455226 1.49616 4.01383 5.0923 6.20972 9.46475 10.511 7.7854 4.21707 2.31245 -1.19088 -6.9736 -9.24046 -8.34145 -7.69228 -7.54334 -6.8347 -6.32835
72.51 -4.54856 -7.04275 -5.82953 -4.72308 -2.942 -1.37414 0.414785 3.10054 4.3602 5.73693 9.03577 10.0932 8.02188 5.72865 4.32797 0.577846 -5.59286 -8.33013 -7.92773 -7.87441 -8.34928 -7.82541 -7.16655
72.56 -4.43986 -7.10627 -5.96494 -5.3204 -4.33194 -2.95113 -0.81271 2.17019 3.6337 5.15936 8.36066 9.36982 7.93789 7.10831 6.35395 2.31135 -4.10711 -7.12876 -7.1914 -7.77781 -8.96004 -8.7091 -7.95559
72.61 -4.18485 -6.94705 -5.89446 -5.76782 -5.54915 -4.5234 -2.21271 1.1116 2.82961 4.39206 7.41343 8.36418 7.54053 8.26889 8.23999 3.93754 -2.57808 -5.66117 -6.09287 -7.32645 -9.29939 -9.43251 -8.66903
72.66 -3.88938 -6.54048 -5.54179 -6.00366 -6.48157 -5.73601 -3.61512 -0.1202 1.89265 3.41695 6.23521 7.1549 6.90715 9.10951 9.7702 5.32885 -1.09746 -4.04399 -4.6883 -6.49448 -9.29983 -9.93252 -9.26071
72.71 -3.53306 -5.8348 -4.85239 -5.95937 -7.19762 -6.66346 -4.89101 -1.39573 0.883003 2.32487 4.93857 5.8595 6.14568 9.56672 10.8399 6.46625 0.323325 -2.39656 -3.11957 -5.35477 -8.95159 -10.1615 -9.68456
72.76 -3.11798 -4.887 -3.86678 -5.57914 -7.7108 -7.37897 -5.92484 -2.6062 -0.193094 1.19045 3.65883 4.60085 5.35903 9.64114 11.4309 7.38883 1.71233 -0.809576 -1.54508 -4.04755 -8.31192 -10.1075 -9.90738
72.81 -2.62756 -3.74604 -2.64261 -4.84172 -8.00992 -7.95549 -6.67871 -3.71705 -1.33613 0.0710875 2.48731 3.47055 4.62655 9.41112 11.5695 8.09812 3.10491 0.734405 -0.0368384 -2.71734 -7.47765 -9.78596 -9.91137
72.86 -2.0289 -2.46076 -1.25563 -3.78084 -8.06257 -8.44228 -7.19735 -4.73579 -2.57414 -1.02471 1.46439 2.5091 3.97816 8.96073 11.3097 8.55996 4.47044 2.26916 1.42702 -1.39908 -6.52499 -9.23766 -9.70018
72.91 -1.32395 -1.10136 0.203462 -2.45302 -7.76822 -8.75016 -7.61373 -5.76234 -3.91589 -2.11002 0.588574 1.73679 3.4145 8.34531 10.7168 8.71458 5.72367 3.80938 2.87971 -0.0773611 -5.47624 -8.49787 -9.28314
72.96 -0.556403 0.252476 1.65256 -0.971934 -7.01082 -8.70938 -7.99501 -6.89365 -5.3617 -3.21078 -0.150102 1.19565 2.95075 7.61007 9.86967 8.53554 6.76358 5.30388 4.30781 1.22099 -4.392 -7.60279 -8.66093
73.01 0.260419 1.57912 3.05254 0.460052 -6.11523 -8.35644 -8.16029 -7.78921 -6.688 -4.42156 -0.932231 0.782086 2.50972 6.75071 8.84255 8.0817 7.53646 6.66303 5.66061 2.45368 -3.32959 -6.6113 -7.85792
73.06 1.07857 2.83627 4.3599 1.79092 -5.15793 -7.7481 -8.11607 -8.47068 -7.6936 -5.52424 -1.78024 0.307148 1.98712 5.8138 7.73317 7.47254 8.03761 7.79248 6.85904 3.56373 -2.33241 -5.59666 -6.93594
73.11 1.88931 3.99075 5.43972 2.88874 -4.12338 -6.89323 -7.82661 -8.96218 -8.46933 -6.46949 -2.63539 -0.252179 1.37834 4.84614 6.62122 6.81509 8.30516 8.65251 7.85589 4.53255 -1.38907 -4.59243 -5.96801
73.16 2.6379 5.00456 6.30388 3.79881 -3.04958 -5.84664 -7.28193 -9.27657 -9.09532 -7.23584 -3.46325 -0.909833 0.707571 3.90042 5.57056 6.1815 8.38909 9.23948 8.62112 5.35515 -0.464411 -3.58919 -4.99928
73.21 3.29998 5.86501 6.97445 4.54528 -1.9292 -4.59409 -6.46424 -9.42611 -9.64568 -7.83581 -4.26239 -1.70317 -0.0187893 3.018 4.62695 5.61126 8.3303 9.56838 9.14197 6.03534 0.484374 -2.54191 -4.02764
73.26 3.86216 6.57321 7.49164 5.19048 -0.789836 -3.24215 -5.41466 -9.35839 -10.0824 -8.29873 -5.06581 -2.64558 -0.795002 2.21998 3.82803 5.12892 8.15941 9.66174 9.41355 6.5641 1.46482 -1.42039 -3.03019
73.31 4.32474 7.13659 7.87151 5.74984 0.321087 -1.88562 -4.21754 -8.89397 -10.2028 -8.7219 -6.024 -3.73962 -1.60665 1.52675 3.23237 4.77326 7.91537 9.55873 9.44893 6.92416 2.43349 -0.250527 -2.00975
73.36 4.6937 7.57544 8.1578 6.27854 1.43634 -0.531987 -3.00316 -8.21782 -10.0108 -9.01663 -7.07006 -5.00518 -2.55961 0.83513 2.77271 4.47723 7.57748 9.28523 9.29157 7.14705 3.39179 0.987189 -0.929168
73.41 4.97902 7.9126 8.37768 6.79341 2.55389 0.804645 -1.74383 -7.34395 -9.56752 -9.17925 -8.14323 -6.39971 -3.67384 0.068985 2.34235 4.14238 7.1072 8.85049 8.97003 7.25058 4.31189 2.26745 0.226438
73.46 5.18831 8.15973 8.539 7.28362 3.6606 2.13775 -0.445735 -6.29461 -8.88262 -9.1825 -9.165 -7.83308 -4.886 -0.78427 1.83361 3.68364 6.49851 8.26857 8.4983 7.22696 5.13712 3.51523 1.41576
73.51 5.32615 8.33701 8.66997 7.73757 4.72934 3.46307 0.844262 -5.13847 -7.97406 -8.95383 -9.90212 -9.14876 -6.15876 -1.75618 1.11134 3.04194 5.8075 7.58584 7.90186 7.06747 5.81382 4.63901 2.5466
73.56 5.42108 8.4683 8.77199 8.12213 5.70255 4.69379 2.03682 -3.95167 -6.86635 -8.45935 -10.3124 -10.1019 -7.34546 -2.86449 0.202622 2.26414 5.06253 6.84233 7.21194 6.78111 6.32837 5.59423 3.54002
73.61 5.498 8.56909 8.8471 8.43526 6.53908 5.74838 3.08264 -2.75571 -5.58097 -7.69742 -10.4765 -10.7728 -8.32417 -3.99959 -0.857032 1.36663 4.27499 6.06297 6.45377 6.38524 6.69919 6.40094 4.39727
73.66 5.57716 8.67153 8.93597 8.6696 7.194 6.59387 3.96012 -1.56778 -4.15592 -6.66242 -10.415 -11.2285 -9.06185 -5.09818 -2.03857 0.369171 3.4552 5.27553 5.65556 5.90272 6.94761 7.07588 5.12418
73.71 5.6952 8.76491 8.99008 8.8073 7.6869 7.21995 4.66711 -0.44574 -2.74126 -5.44029 -9.99723 -11.352 -9.60579 -6.21457 -3.29543 -0.653654 2.66644 4.55149 4.88629 5.3963 7.12006 7.63098 5.70557
73.76 5.83756 8.80588 8.96889 8.85309 8.04534 7.66097 5.24944 0.625547 -1.38576 -4.1909 -9.29572 -11.1471 -9.94052 -7.32023 -4.6414 -1.73413 1.89685 3.89201 4.16731 4.89467 7.23499 8.08805 6.17629
73.81 5.97418 8.78226 8.88342 8.82093 8.28911 7.96931 5.76375 1.67923 -0.0901684 -3.00395 -8.47246 -10.6697 -10.0527 -8.35809 -6.05154 -2.90731 1.0804 3.2345 3.46492 4.38328 7.24185 8.40667 6.56651
73.86 6.08076 8.67552 8.72326 8.71246 8.43764 8.17648 6.22489 2.71427 1.15121 -1.86297 -7.56579 -10.0066 -9.97463 -9.26879 -7.43697 -4.12148 0.212561 2.54743 2.77051 3.87032 7.08107 8.50109 6.84958
73.91 6.12659 8.46275 8.4728 8.52537 8.50715 8.30663 6.63186 3.71823 2.34096 -0.740679 -6.58154 -9.21183 -9.72978 -10.0096 -8.71515 -5.31589 -0.692394 1.83108 2.11423 3.39548 6.73956 8.30363 6.94077
73.96 6.07622 8.11877 8.11323 8.25299 8.50777 8.37845 6.98291 4.68657 3.49373 0.331418 -5.57233 -8.31007 -9.32098 -10.5399 -9.81232 -6.43285 -1.61887 1.091 1.53004 2.98944 6.26751 7.84371 6.77179
74.01 5.89493 7.62311 7.63106 7.89256 8.44707 8.40446 7.27549 5.60663 4.59623 1.33457 -4.56427 -7.33597 -8.76058 -10.8272 -10.6658 -7.42535 -2.55368 0.335156 1.01858 2.62535 5.7131 7.22991 6.38673
74.06 5.56432 6.97081 7.02668 7.44926 8.32607 8.38298 7.50103 6.45686 5.6231 2.25813 -3.57175 -6.33469 -8.08234 -10.855 -11.2258 -8.25541 -3.49958 -0.445868 0.559008 2.2954 5.12561 6.53421 5.85866
74.11 5.09129 6.17769 6.3181 6.93593 8.13802 8.29963 7.64967 7.21984 6.55658 3.10585 -2.55875 -5.26493 -7.31567 -10.6825 -11.5092 -8.91719 -4.46777 -1.29034 0.0867981 1.94843 4.51797 5.80525 5.24695
74.16 4.5055 5.27899 5.53825 6.36671 7.86366 8.12422 7.70278 7.8787 7.39942 3.92602 -1.46755 -4.08719 -6.47522 -10.3759 -11.5803 -9.43023 -5.44618 -2.21578 -0.459511 1.52169 3.85647 5.03356 4.56539
74.21 3.8453 4.31847 4.72449 5.7514 7.47764 7.82224 7.63967 8.41339 8.14843 4.76912 -0.261308 -2.81424 -5.5586 -9.95764 -11.4933 -9.8143 -6.39841 -3.19836 -1.09703 0.984386 3.1097 4.19428 3.80345
74.26 3.14048 3.32968 3.90089 5.09117 6.96276 7.3758 7.45264 8.79934 8.77051 5.63024 1.08435 -1.4055 -4.52267 -9.42174 -11.2754 -10.0869 -7.30271 -4.21212 -1.81994 0.333683 2.26823 3.27534 2.9529
74.31 2.40255 2.3217 3.06487 4.37542 6.31604 6.79076 7.1497 9.01641 9.22388 6.45983 2.54833 0.147277 -3.25464 -8.65349 -10.9423 -10.273 -8.1706 -5.25748 -2.63219 -0.43131 1.33649 2.28183 2.01892
74.36 1.62603 1.28212 2.19551 3.59176 5.55472 6.09633 6.74475 9.0413 9.45811 7.17199 4.09316 1.9013 -1.7652 -7.64229 -10.4144 -10.3286 -8.98533 -6.32753 -3.53256 -1.30263 0.333997 1.23531 1.02152
74.41 0.789351 0.18287 1.26514 2.73415 4.71691 5.34313 6.25597 8.85755 9.43219 7.66965 5.63894 3.84527 -0.102264 -6.39187 -9.59985 -10.1852 -9.70941 -7.40073 -4.50904 -2.26481 -0.716713 0.15923 -0.0149697
74.46 -0.152487 -1.02195 0.23801 1.79458 3.84555 4.58756 5.70266 8.46602 9.13614 7.89322 7.07028 5.85013 1.65346 -4.90043 -8.40656 -9.7421 -10.27 -8.42844 -5.5308 -3.29447 -1.79997 -0.933134 -1.07116
74.51 -1.26786 -2.39048 -0.928193 0.75474 2.96918 3.86805 5.09702 7.8861 8.60032 7.85035 8.25819 7.69923 3.36921 -3.20025 -6.7589 -8.86276 -10.5476 -9.32211 -6.53648 -4.35459 -2.90648 -2.03779 -2.131
74.56 -2.22853 -3.72345 -2.2986 -0.485745 2.03881 3.17319 4.44258 7.16091 7.89936 7.61441 9.09621 9.14951 4.86563 -1.44017 -4.73417 -7.42891 -10.3908 -9.95846 -7.42833 -5.38249 -4.01745 -3.14225 -3.16556
74.61 -3.01604 -4.75336 -3.44702 -1.76001 0.964464 2.42008 3.70728 6.32387 7.10784 7.26781 9.55847 10.0787 6.04419 0.25456 -2.63649 -5.65424 -9.74699 -10.2103 -8.07605 -6.28651 -5.10015 -4.22665 -4.1397
74.66 -3.7321 -5.64276 -4.40581 -2.84296 -0.0902118 1.561 2.87038 5.39905 6.27093 6.8569 9.70216 10.5355 6.9414 1.89978 -0.588274 -3.80279 -8.75105 -10.0583 -8.41225 -7.01384 -6.14903 -5.30369 -5.05925
74.71 -4.3144 -6.42761 -5.18056 -3.66868 -1.133 0.52717 1.93554 4.42994 5.438 6.40925 9.5859 10.5954 7.58617 3.51854 1.42536 -1.98132 -7.54788 -9.55665 -8.43019 -7.5342 -7.13864 -6.37278 -5.94532
74.76 -4.5339 -6.91854 -5.68761 -4.42356 -2.35661 -0.737963 0.912062 3.50406 4.67928 5.95372 9.25372 10.3164 7.95505 5.07168 3.43127 -0.204022 -6.2194 -8.76751 -8.14785 -7.82449 -8.01261 -7.39713 -6.8003
74.81 -4.51215 -7.11402 -5.93562 -5.06938 -3.70678 -2.23148 -0.251953 2.58731 3.95975 5.43412 8.69268 9.72747 8.01589 6.51818 5.4611 1.54934 -4.776 -7.69721 -7.56057 -7.85936 -8.71781 -8.33386 -7.61341
74.86 -4.30663 -7.03533 -5.94607 -5.59227 -5.05918 -3.87051 -1.57922 1.61051 3.20328 4.76051 7.86654 8.84091 7.75157 7.78919 7.43808 3.24118 -3.25272 -6.33706 -6.62293 -7.57393 -9.18777 -9.13594 -8.36521
74.91 -4.02645 -6.76335 -5.7443 -5.92975 -6.09439 -5.2381 -3.00288 0.437803 2.32099 3.86971 6.7792 7.70861 7.21014 8.78168 9.14554 4.74494 -1.74565 -4.77139 -5.34048 -6.90708 -9.34352 -9.74224 -9.01674
74.96 -3.69804 -6.18018 -5.19695 -6.01835 -6.9065 -6.28285 -4.34873 -0.832853 1.33524 2.81631 5.51924 6.43605 6.49198 9.41362 10.4253 5.99071 -0.297789 -3.11951 -3.82399 -5.8916 -9.14614 -10.0941 -9.51956
75.01 -3.30953 -5.33364 -4.33698 -5.79164 -7.50865 -7.08357 -5.50125 -2.08131 0.291265 1.69367 4.21665 5.14697 5.7046 9.65145 11.2275 7.00584 1.09694 -1.50596 -2.23581 -4.63525 -8.62513 -10.1662 -9.83523
75.06 -2.85641 -4.27227 -3.20964 -5.21161 -7.90561 -7.7129 -6.37818 -3.23759 -0.819848 0.563575 2.98919 3.95161 4.94114 9.54447 11.5609 7.8117 2.48816 0.0537713 -0.696814 -3.30492 -7.86502 -9.95866 -9.93651
75.11 -2.30923 -3.04485 -1.88553 -4.28666 -8.07176 -8.23672 -6.99123 -4.29425 -2.01275 -0.541193 1.89881 2.91366 4.25531 9.18356 11.47 8.38959 3.87319 1.58802 0.780637 -1.9827 -6.9587 -9.50576 -9.81951
75.16 -1.644 -1.70297 -0.440593 -3.07346 -7.97013 -8.66198 -7.4209 -5.28265 -3.30679 -1.6337 0.95453 2.05058 3.65068 8.63374 11.0153 8.68771 5.19017 3.12923 2.23837 -0.661458 -5.94885 -8.84666 -9.49302
75.21 -0.905256 -0.34703 1.01224 -1.63068 -7.37644 -8.77183 -7.84847 -6.39748 -4.70922 -2.70932 0.169925 1.41077 3.14846 7.95142 10.2723 8.65433 6.33309 4.65102 3.67832 0.648515 -4.87494 -8.01667 -8.96111
75.26 -0.104596 0.997955 2.4424 -0.162032 -6.52037 -8.54608 -8.1126 -7.42362 -6.14575 -3.8894 -0.572539 0.96066 2.70845 7.14582 9.31401 8.30967 7.22904 6.08548 5.07742 1.9216 -3.79206 -7.05596 -8.23223
75.31 0.717862 2.28986 3.79566 1.21674 -5.58848 -8.04713 -8.16299 -8.19288 -7.28183 -5.05353 -1.4007 0.528627 2.23116 6.23552 8.22926 7.75397 7.84726 7.32402 6.35046 3.08842 -2.76646 -6.04616 -7.35404
75.36 1.53485 3.49544 4.9918 2.43085 -4.58916 -7.2993 -7.98632 -8.76716 -8.14894 -6.0721 -2.25845 0.00639465 1.65705 5.27537 7.10976 7.10691 8.21227 8.30568 7.44159 4.12142 -1.80226 -5.03571 -6.39853
75.41 2.31571 4.57349 5.94478 3.41504 -3.52859 -6.33121 -7.55474 -9.15824 -8.83163 -6.91889 -3.10111 -0.604587 1.01121 4.31336 6.02493 6.45593 8.37152 9.01249 8.31204 5.00878 -0.874494 -4.03579 -5.42748
75.46 3.0184 5.50321 6.69889 4.23071 -2.42995 -5.16798 -6.85892 -9.3835 -9.40973 -7.58975 -3.91197 -1.33357 0.309169 3.39883 5.02934 5.85428 8.37179 9.45331 8.94211 5.75203 0.0596734 -3.01391 -4.45979
75.51 3.62549 6.27737 7.27919 4.91448 -1.29429 -3.84613 -5.90289 -9.42128 -9.92351 -8.1051 -4.69578 -2.2092 -0.445663 2.56311 4.15988 5.32893 8.24632 9.64731 9.32397 6.35011 1.02894 -1.92565 -3.47591
75.56 4.13165 6.90399 7.71774 5.50922 -0.169434 -2.48627 -4.75505 -9.1361 -10.1897 -8.54657 -5.58459 -3.23399 -1.2353 1.82633 3.47287 4.91737 8.03264 9.62639 9.45967 6.78384 2.00569 -0.77621 -2.46663
75.61 4.54102 7.39467 8.04014 6.04569 0.940275 -1.13156 -3.54112 -8.53687 -10.1306 -8.90349 -6.60047 -4.42526 -2.1168 1.14766 2.96684 4.60771 7.74142 9.42665 9.38277 7.06348 2.96949 0.430736 -1.4175
75.66 4.86211 7.77473 8.28787 6.56769 2.05971 0.214717 -2.30917 -7.75619 -9.79299 -9.12436 -7.66909 -5.77086 -3.16251 0.419675 2.53488 4.30067 7.33377 9.06263 9.13181 7.2196 3.91237 1.69917 -0.293398
75.71 5.10493 8.06072 8.47369 7.06925 3.17139 1.54557 -1.02508 -6.77967 -9.21568 -9.2015 -8.72294 -7.2009 -4.34682 -0.397102 2.08677 3.91287 6.78036 8.54128 8.72417 7.25378 4.78691 2.97179 0.888917
75.76 5.27194 8.26452 8.61397 7.54431 4.26558 2.88139 0.280218 -5.65713 -8.40241 -9.08852 -9.62347 -8.60327 -5.59081 -1.30522 1.45532 3.34411 6.12159 7.89791 8.17955 7.15486 5.53468 4.1619 2.06039
75.81 5.3822 8.41487 8.7311 7.96108 5.28626 4.1666 1.52457 -4.47956 -7.38077 -8.71122 -10.1641 -9.72048 -6.84125 -2.36445 0.625681 2.62449 5.3984 7.17744 7.52735 6.92248 6.11933 5.19074 3.11736
75.86 5.46493 8.52648 8.81494 8.30468 6.18772 5.30633 2.63973 -3.28542 -6.17113 -8.06893 -10.4311 -10.5043 -7.91961 -3.49875 -0.370632 1.77804 4.62856 6.41127 6.79658 6.57297 6.55135 6.0605 4.03362
75.91 5.54042 8.6245 8.89407 8.57578 6.9271 6.24573 3.59098 -2.09127 -4.79525 -7.1494 -10.4724 -11.0566 -8.76503 -4.61699 -1.5036 0.821598 3.82238 5.62194 6.01095 6.12447 6.85088 6.79279 4.81876
75.96 5.6363 8.72934 8.97832 8.75977 7.48509 6.96926 4.37486 -0.932302 -3.36101 -5.99772 -10.2367 -11.3351 -9.38416 -5.71921 -2.73164 -0.201121 3.00718 4.861 5.2195 5.6196 7.04955 7.39751 5.46516
76.01 5.77379 8.79469 8.9858 8.84261 7.90197 7.48444 5.00196 0.154073 -1.97831 -4.73825 -9.62689 -11.2769 -9.82103 -6.83476 -4.03296 -1.24292 2.24144 4.18053 4.48187 5.11731 7.19344 7.89853 5.97825
76.06 5.91568 8.80166 8.92961 8.8445 8.1939 7.84682 5.54276 1.21405 -0.657552 -3.52116 -8.84709 -10.9088 -10.0288 -7.91122 -5.42455 -2.37877 1.44908 3.52856 3.77557 4.61134 7.25638 8.28757 6.40377
76.11 6.03905 8.73434 8.80411 8.76965 8.38214 8.09541 6.02736 2.25988 0.610047 -2.36931 -7.98251 -10.3174 -10.029 -8.88289 -6.83138 -3.58227 0.602756 2.85615 3.07626 4.09603 7.17561 8.49255 6.74154
76.16 6.11583 8.57162 8.59603 8.6183 8.48536 8.25722 6.45841 3.27743 1.81855 -1.23263 -7.02232 -9.5787 -9.85898 -9.70559 -8.16743 -4.79311 -0.28793 2.15121 2.39698 3.59781 6.91108 8.42827 6.93031
76.21 6.11278 8.28885 8.28699 8.38438 8.51527 8.35269 6.8343 4.26247 2.98778 -0.136356 -6.02094 -8.72078 -9.52132 -10.3327 -9.35261 -5.95117 -1.20737 1.42191 1.7805 3.16399 6.48869 8.07072 6.87755
76.26 5.99303 7.86211 7.86006 8.06284 8.48116 8.39827 7.15352 5.2064 4.11592 0.900125 -5.00904 -7.77358 -9.02623 -10.7319 -10.3216 -7.00359 -2.13848 0.671681 1.23634 2.78083 5.96616 7.51731 6.57948
76.31 5.72928 7.27852 7.30867 7.65507 8.38729 8.39905 7.41015 6.09022 5.17865 1.85814 -4.00997 -6.77866 -8.39333 -10.8736 -11.0155 -7.90983 -3.07897 -0.094899 0.759422 2.43963 5.38738 6.84745 6.10517
76.36 5.31692 6.54454 6.64295 7.17084 8.2302 8.34534 7.59384 6.89357 6.1558 2.73978 -3.01528 -5.75835 -7.66787 -10.7765 -11.4125 -8.64236 -4.03489 -0.905364 0.302991 2.10917 4.7917 6.13221 5.52642
76.41 4.77634 5.68727 5.88996 6.62492 7.99747 8.21569 7.6926 7.60087 7.03659 3.56139 -1.96284 -4.61905 -6.85504 -10.5263 -11.5713 -9.2204 -5.01416 -1.79706 -0.206455 1.72337 4.15858 5.38229 4.87629
76.46 4.14464 4.74899 5.08707 6.02924 7.66368 7.97315 7.68273 8.19335 7.8299 4.39208 -0.811994 -3.39205 -5.97639 -10.1563 -11.5487 -9.65855 -5.9816 -2.75793 -0.803505 1.23671 3.45224 4.57568 4.15167
76.51 3.4569 3.76988 4.26635 5.3895 7.20721 7.59152 7.5506 8.64832 8.51348 5.24887 0.470727 -2.04939 -4.99948 -9.67505 -11.3878 -9.97937 -6.90875 -3.76033 -1.48968 0.635575 2.65242 3.69215 3.34051
76.56 2.73356 2.77107 3.43794 4.70031 6.61821 7.06562 7.29725 8.94236 9.04685 6.10095 1.88718 -0.560998 -3.8484 -9.02695 -11.1071 -10.2024 -7.79064 -4.79022 -2.26083 -0.0782899 1.75962 2.73016 2.44198
76.61 1.97566 1.74793 2.58633 3.94772 5.90394 6.41448 6.93556 9.05532 9.38457 6.87761 3.40298 1.09742 -2.44932 -8.11924 -10.6782 -10.3238 -8.6328 -5.8515 -3.1234 -0.904435 0.785266 1.70381 1.4696
76.66 1.16963 0.679692 1.68687 3.12349 5.09455 5.68022 6.48145 8.96501 9.47727 7.48088 4.96087 2.96634 -0.85659 -6.97591 -10.0018 -10.2786 -9.40332 -6.92716 -4.06843 -1.82857 -0.246442 0.638498 0.447666
76.71 0.281693 -0.471552 0.707617 2.2218 4.2333 4.91931 5.95454 8.66411 9.29953 7.82915 6.45875 4.96721 0.871757 -5.59004 -8.98765 -9.98332 -10.0483 -7.98348 -5.07578 -2.83208 -1.3168 -0.447585 -0.601823
76.76 -0.747829 -1.76063 -0.391885 1.22924 3.35713 4.18133 5.37161 8.16442 8.86381 7.89904 7.76965 6.91445 2.62378 -3.97479 -7.54728 -9.31544 -10.4686 -8.94986 -6.09815 -3.88414 -2.41384 -1.54698 -1.66214
76.81 -1.84106 -3.17976 -1.70231 0.084019 2.47263 3.48639 4.74161 7.49758 8.22433 7.7364 8.77303 8.5705 4.24158 -2.21437 -5.65539 -8.1245 -10.5232 -9.71874 -7.05684 -4.93802 -3.52789 -2.65523 -2.71346
76.86 -2.67758 -4.32403 -2.96895 -1.20423 1.44969 2.76198 4.04338 6.70653 7.46631 7.43128 9.39693 9.72984 5.55977 -0.487866 -3.5626 -6.46278 -10.0857 -10.1496 -7.82494 -5.90526 -4.62437 -3.74825 -3.71608
76.91 -3.42435 -5.25771 -3.99849 -2.39995 0.366232 1.95987 3.25522 5.81779 6.6445 7.04484 9.6736 10.3863 6.57569 1.17452 -1.48874 -4.62161 -9.22467 -10.1726 -8.30325 -6.71581 -5.68942 -4.82672 -4.65716
76.96 -4.0797 -6.10335 -4.88171 -3.32463 -0.650784 1.01254 2.3588 4.85939 5.80181 6.60988 9.66608 10.6137 7.33223 2.80583 0.535024 -2.78297 -8.09982 -9.81743 -8.46019 -7.3306 -6.71076 -5.90192 -5.55621
77.01 -4.47793 -6.73229 -5.4904 -4.10108 -1.79671 -0.148408 1.38002 3.90867 5.00606 6.15806 9.42692 10.4791 7.82766 4.39429 2.54084 -0.988641 -6.82217 -9.15017 -8.30884 -7.72516 -7.64313 -6.95176 -6.42599
77.06 -4.54612 -7.06486 -5.85756 -4.79671 -3.09619 -1.54473 0.282037 2.99626 4.27849 5.67806 8.97192 10.026 8.02898 5.89399 4.55987 0.777611 -5.42814 -8.20783 -7.86058 -7.87834 -8.42985 -7.9325 -7.25948
77.11 -4.41514 -7.09533 -5.96478 -5.38143 -4.49421 -3.14079 -0.961087 2.06123 3.54787 5.08274 8.2663 9.26837 7.90747 7.25386 6.58078 2.50521 -3.93276 -6.97303 -7.0841 -7.74519 -9.01382 -8.80088 -8.04168
77.16 -4.15164 -6.91886 -5.87456 -5.80707 -5.66537 -4.67816 -2.37541 0.97725 2.72878 4.29012 7.28893 8.23451 7.47828 8.38243 8.43542 4.10924 -2.40625 -5.48218 -5.94588 -7.24981 -9.31698 -9.50183 -8.74367
77.21 -3.8518 -6.47357 -5.47912 -6.0141 -6.57409 -5.85483 -3.76913 -0.265533 1.77996 3.29636 6.09095 7.00917 6.82468 9.18171 9.91643 5.47084 -0.932598 -3.85531 -4.51447 -6.37765 -9.27672 -9.9726 -9.31834
77.26 -3.48877 -5.73784 -4.75389 -5.93361 -7.2663 -6.75455 -5.0228 -1.53817 0.763848 2.19654 4.78961 5.712 6.05538 9.59348 10.9314 6.58202 0.481846 -2.21294 -2.9379 -5.21023 -8.8913 -10.1694 -9.7207
77.31 -3.06655 -4.76558 -3.73764 -5.51274 -7.75607 -7.4504 -6.02485 -2.73807 -0.319553 1.06161 3.51867 4.46429 5.2717 9.62839 11.4687 7.48086 1.87088 -0.632083 -1.36972 -3.89538 -8.2244 -10.0832 -9.91879
77.36 -2.56545 -3.60573 -2.49105 -4.73571 -8.02887 -8.01509 -6.74825 -3.8374 -1.47192 -0.0546719 2.36307 3.35226 4.54839 9.3696 11.5588 8.16431 3.26305 0.908951 0.131166 -2.56671 -7.37384 -9.73366 -9.89768
77.41 -1.95307 -2.30718 -1.09003 -3.64206 -8.05151 -8.49243 -7.24541 -4.84718 -2.72145 -1.14915 1.3569 2.41071 3.90931 8.89781 11.2575 8.59427 4.62107 2.44482 1.59301 -1.24866 -6.40987 -9.16201 -9.66248
77.46 -1.24036 -0.947056 0.369068 -2.28662 -7.69633 -8.7633 -7.66485 -5.89031 -4.07547 -2.23153 0.500198 1.66442 3.35787 8.26771 10.6318 8.71064 5.85413 3.98287 3.04351 0.0715642 -5.35391 -8.40292 -9.22198
77.51 -0.465271 0.406019 1.81602 -0.803832 -6.9123 -8.68274 -8.02432 -7.00964 -5.53044 -3.34821 -0.23344 1.14555 2.90132 7.51833 9.76 8.49571 6.86591 5.46805 4.46784 1.36654 -4.26814 -7.49254 -8.57709
77.56 0.353984 1.72651 3.20704 0.617472 -6.00855 -8.29906 -8.16602 -7.87684 -6.81708 -4.55433 -1.02685 0.732856 2.45556 6.64689 8.7185 8.01774 7.60676 6.80446 5.80591 2.58661 -3.21292 -6.496 -7.75708
77.61 1.17185 2.97404 4.49634 1.9291 -5.04349 -7.66224 -8.09581 -8.53607 -7.79209 -5.64051 -1.87818 0.247782 1.92171 5.70419 7.60523 7.39832 8.07892 7.90443 6.98358 3.68141 -2.2229 -5.48163 -6.82656
77.66 1.978 4.11358 5.5482 3.00077 -4.00217 -6.78233 -7.77713 -9.00659 -8.54678 -6.56608 -2.73154 -0.321619 1.30475 4.73631 6.49731 6.74059 8.323 8.733 7.95524 4.63364 -1.28374 -4.47887 -5.85723
77.71 2.71769 5.11052 6.38965 3.8914 -2.92398 -5.71287 -7.20221 -9.30262 -9.16113 -7.3123 -3.5557 -0.9928 0.627556 3.79608 5.45691 6.11273 8.38886 9.28959 8.69304 5.4399 -0.358188 -3.47314 -4.8892
77.76 3.36876 5.95305 7.04044 4.62307 -1.79954 -4.44281 -6.35469 -9.43029 -9.70421 -7.89434 -4.3517 -1.80303 -0.104599 2.92301 4.52781 5.55136 8.31585 9.59032 9.18547 6.10352 0.594707 -2.4183 -3.91592
77.81 3.91945 6.64446 7.54148 5.25806 -0.661773 -3.08709 -5.28262 -9.32381 -10.112 -8.35005 -5.1682 -2.76225 -0.884138 2.13666 3.74992 5.08222 8.13503 9.65911 9.42876 6.61335 1.57591 -1.28986 -2.91562
77.86 4.37097 7.19219 7.90806 5.81088 0.447586 -1.73103 -4.07879 -8.82497 -10.1954 -8.76252 -6.14018 -3.87557 -1.70682 1.44998 3.17536 4.73855 7.88236 9.53584 9.43994 6.95585 2.54329 -0.113202 -1.89067
77.91 4.72985 7.6184 8.1859 6.33822 1.56438 -0.377898 -2.86352 -8.12967 -9.9716 -9.04135 -7.19197 -5.15882 -2.67885 0.752474 2.72407 4.44277 7.53119 9.24367 9.26282 7.16478 3.49936 1.1318 -0.801312
77.96 5.00631 7.94489 8.39874 6.85074 2.68085 0.956475 -1.59713 -7.2322 -9.5014 -9.18799 -8.26373 -6.56327 -3.80928 -0.0241305 2.29184 4.0986 7.04408 8.79093 8.92344 7.25449 4.41178 2.41275 0.361267
78.01 5.20687 8.18235 8.5544 7.33823 3.78624 2.29057 -0.295999 -6.16551 -8.78947 -9.17055 -9.27091 -7.99377 -5.02645 -0.88725 1.76087 3.618 6.42322 8.19495 8.43599 7.21561 5.22252 3.65135 1.54986
78.06 5.33822 8.35376 8.68322 7.78519 4.84612 3.61027 0.986635 -5.00393 -7.85734 -8.91063 -9.96314 -9.27528 -6.30215 -1.87776 1.01659 2.95998 5.7251 7.50359 7.82732 7.04079 5.88025 4.75603 2.66692
78.11 5.43013 8.4806 8.78122 8.16117 5.80552 4.82416 2.16425 -3.81525 -6.7279 -8.38572 -10.3425 -10.1909 -7.46882 -2.99424 0.0889924 2.16772 4.97485 6.75492 7.12848 6.74107 6.37738 5.69313 3.64429
78.16 5.50618 8.57985 8.85594 8.46613 6.62339 5.85568 3.19102 -2.61934 -5.42282 -7.59162 -10.4813 -10.8357 -8.42088 -4.1275 -0.986357 1.25755 4.18311 5.97293 6.36405 6.33389 6.73307 6.48419 4.48666
78.21 5.58684 8.68381 8.94716 8.69121 7.25666 6.67639 4.04984 -1.43505 -3.99168 -6.53104 -10.3907 -11.2579 -9.13141 -5.2246 -2.17923 0.251922 3.36169 5.18861 5.56505 5.84478 6.96976 7.14438 5.19769
78.26 5.71079 8.77208 8.99047 8.81643 7.73429 7.2785 4.73839 -0.321974 -2.58333 -5.29566 -9.92647 -11.3452 -9.65568 -6.34196 -3.44365 -0.771871 2.57978 4.47439 4.80246 5.3391 7.13647 7.68788 5.76361
78.31 5.85361 8.80648 8.96218 8.85303 8.07845 7.70222 5.31115 0.746508 -1.23505 -4.05182 -9.20622 -11.1045 -9.96396 -7.44331 -4.80048 -1.86374 1.80676 3.81808 4.08704 4.83706 7.24237 8.13248 6.22454
78.36 5.98818 8.77444 8.86885 8.81211 8.31036 7.9976 5.81917 1.79873 0.0546249 -2.87272 -8.37384 -10.6016 -10.0523 -8.46904 -6.21237 -3.04479 0.983968 3.15804 3.38527 4.32448 7.23277 8.43017 6.60499
78.41 6.08948 8.65688 8.69934 8.69495 8.4492 8.19486 6.27419 2.83047 1.28906 -1.73293 -7.45575 -9.92207 -9.95506 -9.36279 -7.58973 -4.25982 0.111027 2.46715 2.69299 3.8134 7.05074 8.49361 6.87123
78.46 6.12624 8.43046 8.4374 8.49844 8.51031 8.3174 6.67483 3.83076 2.4745 -0.615434 -6.4671 -9.11363 -9.69095 -10.0812 -8.85059 -5.44826 -0.797305 1.74827 2.04438 3.34619 6.69084 8.26205 6.93444
78.51 6.06253 8.07003 8.06436 8.21605 8.50364 8.38355 7.01942 4.79448 3.62273 0.449906 -5.45666 -8.20164 -9.26419 -10.5855 -9.9231 -6.55306 -1.72499 1.00557 1.46819 2.94587 6.20783 7.78019 6.73707
78.56 5.86472 7.55641 7.56796 7.84577 8.43615 8.40448 7.30483 5.70766 4.71772 1.44395 -4.45024 -7.22209 -8.68786 -10.8431 -10.745 -7.52886 -2.66087 0.247999 0.964605 2.58681 5.64703 7.15302 6.33194
78.61 5.51707 6.8869 6.95049 7.39373 8.30793 8.37672 7.52191 6.5486 5.73503 2.35935 -3.45878 -6.22043 -8.00013 -10.8427 -11.2702 -8.33848 -3.60823 -0.537788 0.507665 2.25839 5.05808 6.45266 5.79231
78.66 5.02932 6.07965 6.23193 6.87343 8.11138 8.28486 7.66099 7.30066 6.65716 3.19937 -2.43883 -5.13472 -7.22266 -10.6535 -11.5269 -8.98297 -4.5796 -1.39201 0.0290223 1.90487 4.44616 5.7199 5.17271
78.71 4.43316 5.17174 5.44644 6.29859 7.82549 8.09649 7.70162 7.94641 7.49017 4.02084 -1.33641 -3.94735 -6.375 -10.3335 -11.5773 -9.47999 -5.55659 -2.32542 -0.527469 1.46644 3.77622 4.94177 4.48276
78.76 3.76665 4.20666 4.63077 5.67833 7.42544 7.77855 7.62447 8.46539 8.22673 4.86714 -0.11499 -2.66129 -5.44727 -9.9026 -11.4747 -9.8507 -6.50415 -3.3127 -1.17521 0.91598 3.01868 4.09366 3.71096
78.81 3.0579 3.2158 3.80648 5.01257 6.8954 7.31554 7.42349 8.83284 8.83156 5.72788 1.24639 -1.23505 -4.3929 -9.3496 -11.2427 -10.1117 -7.40282 -4.32927 -1.90759 0.252556 2.16665 3.16579 2.85047
78.86 2.31606 2.20509 2.96782 4.28955 6.23429 6.71612 7.10821 9.0293 9.26268 6.54902 2.7216 0.336326 -3.09485 -8.54979 -10.8935 -10.2868 -8.26664 -5.37854 -2.73054 -0.525468 1.22544 2.16484 1.90804
78.91 1.53416 1.16045 2.09305 3.49773 5.46209 6.01216 6.69269 9.0309 9.46881 7.2413 4.27143 2.11489 -1.58325 -7.51183 -10.3374 -10.3235 -9.07328 -6.45032 -3.6404 -1.40802 0.216403 1.11391 0.905037
78.96 0.688278 0.0518232 1.15364 2.63134 4.61843 5.25598 6.19562 8.82301 9.4118 7.70955 5.8105 4.07448 0.0954286 -6.23371 -9.48437 -10.1517 -9.7832 -7.52147 -4.62414 -2.37936 -0.838728 0.0354954 -0.134561
79.01 -0.269616 -1.16871 0.11281 1.68149 3.74551 4.5032 5.63599 8.40871 9.08609 7.90097 7.22047 6.07347 1.85403 -4.71594 -8.24232 -9.6662 -10.3183 -8.53904 -5.64777 -3.41467 -1.92506 -1.05841 -1.19201
79.06 -1.39843 -2.56036 -1.0772 0.627329 2.86954 3.78905 5.02489 7.8094 8.52662 7.83117 8.37315 7.88956 3.55489 -2.9984 -6.54113 -8.72606 -10.5544 -9.4105 -6.64655 -4.47535 -3.0338 -2.16431 -2.25104
79.11 -2.32315 -3.8534 -2.4432 -0.633336 1.92149 3.09053 4.36283 7.07038 7.81251 7.57922 9.16711 9.28171 5.01589 -1.24331 -4.49453 -7.23759 -10.34 -10.0075 -7.51623 -5.49309 -4.14255 -3.26688 -3.2799
79.16 -3.10095 -4.85892 -3.56388 -1.89833 0.839574 2.32925 3.61766 6.22237 7.01383 7.22347 9.58964 10.1532 6.15987 0.44388 -2.39991 -5.44316 -9.64752 -10.2123 -8.1305 -6.3791 -5.22172 -4.34962 -4.24693
79.21 -3.80733 -5.7394 -4.50661 -2.948 -0.205699 1.45309 2.76795 5.28945 6.1745 6.80711 9.701 10.5612 7.0277 2.08575 -0.357841 -3.593 -8.62201 -10.017 -8.42969 -7.08389 -6.26573 -5.4265 -5.16176
79.26 -4.36287 -6.49504 -5.24645 -3.75825 -1.26554 0.393966 1.82381 4.32139 5.3471 6.35766 9.55843 10.5798 7.64285 3.6999 1.65396 -1.77671 -7.40174 -9.47989 -8.4124 -7.57905 -7.24523 -6.49283 -6.04466
79.31 -4.54139 -6.95658 -5.72954 -4.50291 -2.50514 -0.897466 0.786945 3.40032 4.59662 5.89932 9.20189 10.2647 7.97816 5.24288 3.6614 -0.00199285 -6.06014 -8.66003 -8.09644 -7.84181 -8.10249 -7.50926 -6.89556
79.36 -4.49715 -7.11743 -5.94799 -5.13624 -3.86662 -2.41389 -0.393842 2.48085 3.87677 5.36656 8.61222 9.64089 8.00193 6.6736 5.69227 1.74662 -4.60523 -7.55613 -7.47183 -7.84415 -8.7846 -8.43321 -7.70288
79.41 -4.27631 -7.01548 -5.93648 -5.64105 -5.19174 -4.04694 -1.74214 1.48626 3.11006 4.67005 7.75469 8.72245 7.70208 7.91826 7.65059 3.4247 -3.07824 -6.16626 -6.49232 -7.51698 -9.22235 -9.21619 -8.44568
79.46 -3.99253 -6.71161 -5.69849 -5.95378 -6.1985 -5.37213 -3.16234 0.295565 2.21251 3.75593 6.64196 7.56819 7.13494 8.87298 9.31482 4.90025 -1.57773 -4.58535 -5.17615 -6.80661 -9.33855 -9.79608 -9.08268
79.51 -3.65657 -6.09586 -5.11404 -6.00942 -6.98541 -6.38523 -4.49247 -0.978681 1.2199 2.69085 5.37006 6.28746 6.40367 9.46037 10.5411 6.11716 -0.136918 -2.93197 -3.64313 -5.75714 -9.10141 -10.1164 -9.56573
79.56 -3.26147 -5.22233 -4.22067 -5.74371 -7.56467 -7.16269 -5.61572 -2.21826 0.167785 1.56409 4.07141 5.00429 5.6148 9.65479 11.2885 7.10832 1.25509 -1.32593 -2.05671 -4.48435 -8.54806 -10.1559 -9.85787
79.61 -2.79951 -4.1396 -3.06694 -5.12269 -7.93693 -7.77719 -6.4605 -3.36291 -0.950985 0.436441 2.85738 3.82472 4.85854 9.5144 11.5707 7.88975 2.64696 0.229142 -0.525898 -3.15315 -7.76725 -9.91811 -9.93391
79.66 -2.23961 -2.89643 -1.72534 -4.16145 -8.07434 -8.29124 -7.04759 -4.40935 -2.15533 -0.665658 1.78442 2.8064 4.18257 9.12946 11.4352 8.43884 4.02833 1.76286 0.946983 -1.83254 -6.84843 -9.43991 -9.79231
79.71 -1.56247 -1.54728 -0.273956 -2.91868 -7.93413 -8.68963 -7.46689 -5.40273 -3.46227 -1.75768 0.85646 1.96494 3.58739 8.56137 10.9433 8.70097 5.33128 3.30498 2.40404 -0.510409 -5.82754 -8.75927 -9.44233
79.76 -0.81708 -0.192539 1.1777 -1.46056 -7.28529 -8.76192 -7.8906 -6.53 -4.87592 -2.83437 0.0876817 1.35228 3.09684 7.86595 10.1724 8.62935 6.44859 4.82076 3.84096 0.796347 -4.75079 -7.91217 -8.8869
79.81 -0.0113346 1.14864 2.60115 0.000102277 -6.4171 -8.50211 -8.12872 -7.52196 -6.29202 -4.0282 -0.663489 0.915478 2.65862 7.04595 9.19459 8.25438 7.31327 6.23807 5.23011 2.06068 -3.6718 -6.94191 -8.13791
79.86 0.810287 2.43203 3.94412 1.36802 -5.47865 -7.97452 -8.15522 -8.26804 -7.39273 -5.17764 -1.49799 0.473368 2.17034 6.12794 8.10195 7.68274 7.90071 7.44944 6.48487 3.21323 -2.65377 -5.93028 -7.24714
79.91 1.62661 3.62538 5.11136 2.55257 -4.46992 -7.19838 -7.94986 -8.82075 -8.23476 -6.17788 -2.35591 -0.0583196 1.58677 5.16488 6.98317 7.03153 8.23968 8.39997 7.5524 4.2299 -1.69555 -4.92155 -6.28755
79.96 2.39966 4.68705 6.0408 3.51689 -3.40574 -6.20973 -7.48926 -9.19168 -8.90132 -7.00398 -3.19507 -0.680775 0.934204 4.20614 5.90619 6.38417 8.3787 9.07569 8.39609 5.10055 -0.769414 -3.92159 -5.31709
80.01 3.09225 5.59906 6.77287 4.31388 -2.30142 -5.02235 -6.76184 -9.39817 -9.47173 -7.65616 -4.00282 -1.42588 0.225788 3.2993 4.92337 5.79021 8.36323 9.48732 8.99817 5.82764 0.168097 -2.89404 -4.34903
80.06 3.68785 6.35599 7.33641 4.98724 -1.1638 -3.69057 -5.78014 -9.41139 -9.97339 -8.15611 -4.78631 -2.31823 -0.535264 2.47257 4.07063 5.27493 8.2252 9.65472 9.35159 6.40844 1.14126 -1.79662 -3.36168
80.11 4.18273 6.96608 7.75918 5.57195 -0.0431049 -2.33149 -4.61688 -9.07777 -10.1992 -8.59424 -5.69585 -3.36078 -1.32834 1.74887 3.40798 4.87872 8.00397 9.6121 9.46058 6.82256 2.11573 -0.642504 -2.35028
80.16 4.58155 7.44294 8.07166 6.10583 1.06772 -0.977145 -3.40255 -8.45742 -10.1047 -8.93532 -6.72079 -4.57191 -2.22761 1.06853 2.91601 4.57453 7.70154 9.39319 9.36232 7.08711 3.0785 0.572623 -1.29359
80.21 4.89327 7.81166 8.31201 6.62624 2.18712 0.366783 -2.16424 -7.65323 -9.73935 -9.14138 -7.79187 -5.93156 -3.29169 0.331234 2.48598 4.26179 7.27832 9.01089 9.09294 7.22975 4.01652 1.84539 -0.160858
80.26 5.12752 8.08743 8.49115 7.12481 3.29751 1.69775 -0.876485 -6.65764 -9.13425 -9.19979 -8.83881 -7.36476 -4.48586 -0.495182 2.02709 3.85865 6.70946 8.47309 8.66837 7.24924 4.87939 3.11315 1.02456
80.31 5.28659 8.28379 8.62861 7.59511 4.38638 3.03245 0.427049 -5.52401 -8.29538 -9.05834 -9.70184 -8.75289 -5.73827 -1.41738 1.3709 3.26913 6.04186 7.8188 8.10983 7.13466 5.60949 4.28788 2.18802
80.36 5.39231 8.42894 8.74198 8.00384 5.39588 4.30548 1.65917 -4.34381 -7.25166 -8.6512 -10.2071 -9.82444 -6.97481 -2.49231 0.519843 2.53424 5.31294 7.09201 7.44749 6.88807 6.17569 5.29721 3.2285
80.41 5.47328 8.53719 8.82259 8.33942 6.28151 5.4242 2.75731 -3.14887 -6.02283 -7.97894 -10.4465 -10.5772 -8.02823 -3.6282 -0.493197 1.6744 4.53841 6.32209 6.70929 6.52632 6.59157 6.15031 4.12935
80.46 5.54939 8.63602 8.90408 8.6011 6.99926 6.33953 3.68913 -1.95562 -4.63085 -7.02756 -10.4625 -11.1076 -8.84558 -4.74063 -1.63976 0.706489 3.72846 5.53198 5.91931 6.06809 6.87737 6.86785 4.89981
80.51 5.6507 8.73914 8.9824 8.77348 7.53968 7.03771 4.45294 -0.805821 -3.20034 -5.85519 -10.181 -11.3458 -9.44524 -5.84685 -2.87515 -0.316801 2.91881 4.77991 5.13267 5.56188 7.06835 7.45897 5.52902
80.56 5.79001 8.79842 8.98221 8.84645 7.94099 7.53258 5.06716 0.27589 -1.82445 -4.59601 -9.54405 -11.2489 -9.85619 -6.96077 -4.18797 -1.36731 2.15372 4.10618 4.40061 5.06018 7.20564 7.9491 6.03031
80.61 5.93097 8.79789 8.9187 8.83952 8.2201 7.88038 5.60073 1.33412 -0.510457 -3.38656 -8.75173 -10.851 -10.0388 -8.02861 -5.5861 -2.51372 1.35534 3.45358 3.69572 4.55291 7.25547 8.32158 6.44687
80.66 6.0506 8.72087 8.78458 8.75601 8.39771 8.11776 6.07929 2.37756 0.750655 -2.23875 -7.87693 -10.2398 -10.0181 -8.98527 -6.98899 -3.72117 0.503192 2.77749 2.99731 4.03763 7.1548 8.49976 6.77191
80.71 6.12005 8.54578 8.566 8.59563 8.49204 8.27102 6.50415 3.39163 1.95385 -1.10493 -6.90923 -9.4862 -9.82877 -9.78776 -8.31166 -4.92893 -0.391479 2.06932 2.32294 3.54448 6.86983 8.40145 6.93737
80.76 6.10554 8.24774 8.24431 8.35192 8.51422 8.36005 6.87362 4.37253 3.11897 -0.0145953 -5.9054 -8.61641 -9.47251 -10.3904 -9.47535 -6.07741 -1.31314 1.33712 1.71479 3.11861 6.4337 8.01514 6.85419
80.81 5.97043 7.80347 7.80328 8.02034 8.4732 8.4005 7.18607 5.31071 4.24105 1.01367 -4.89409 -7.66147 -8.96016 -10.7613 -10.4157 -7.11517 -2.24521 0.585461 1.17924 2.7402 5.90197 7.44514 6.53253
80.86 5.68946 7.20202 7.23803 7.60325 8.37246 8.39578 7.43489 6.18622 5.2948 1.9625 -3.89698 -6.66414 -8.31436 -10.8732 -11.0754 -8.00235 -3.18705 -0.18429 0.707749 2.40261 5.32034 6.76735 6.04308
80.91 5.26102 6.45225 6.56075 7.11127 8.20769 8.33488 7.60976 6.97943 6.26083 2.83496 -2.89899 -5.63328 -7.57838 -10.7549 -11.4417 -8.71609 -4.14601 -1.00283 0.248698 2.06926 4.72223 6.04871 5.45553
80.96 4.70806 5.58348 5.80013 6.55917 7.96477 8.19415 7.69717 7.67456 7.13171 3.65499 -1.83727 -4.48362 -6.7583 -10.4895 -11.5767 -9.27701 -5.12581 -1.90363 -0.269772 1.67366 4.08252 5.29377 4.79759
81.01 4.06839 4.63875 4.99389 5.95839 7.61795 7.93675 7.67378 8.25257 7.91412 4.48873 -0.672773 -3.24553 -5.87066 -10.1071 -11.5367 -9.70078 -6.08983 -2.87067 -0.877364 1.17406 3.36606 4.47913 4.06368
81.06 3.37591 3.65682 4.17233 5.31354 7.1466 7.53848 7.52744 8.6902 8.58267 5.34736 0.626118 -1.88678 -4.87954 -9.61221 -11.3612 -10.009 -7.01128 -3.87633 -1.57318 0.560016 2.55538 3.58644 3.2424
81.11 2.64887 2.65585 3.34237 4.61783 6.54258 6.99693 7.26105 8.96475 9.09627 6.1951 2.05555 -0.382351 -3.69962 -8.93502 -11.0678 -10.2227 -7.88943 -4.9101 -2.35478 -0.167044 1.65229 2.61604 2.3345
81.16 1.88647 1.62892 2.48669 3.85739 5.81558 6.33379 6.88789 9.05538 9.40818 6.95706 3.58018 1.30043 -2.27663 -8.00072 -10.615 -10.3282 -8.72501 -5.97393 -3.22729 -1.00513 0.670205 1.58401 1.35524
81.21 1.07326 0.553471 1.57991 3.02471 4.99806 5.59358 6.42449 8.94108 9.47068 7.53454 5.13699 3.19056 -0.664642 -6.83003 -9.90469 -10.2592 -9.48462 -7.04967 -4.18088 -1.93949 -0.366778 0.515586 0.329173
81.26 0.17268 -0.610467 0.589138 2.11358 4.13359 4.83318 5.89049 8.61654 9.26205 7.85084 6.62019 5.19635 1.07306 -5.41671 -8.84616 -9.92833 -10.1098 -8.10005 -5.19296 -2.95042 -1.44073 -0.572268 -0.722357
81.31 -0.877659 -1.91906 -0.526809 1.10931 3.2572 4.09982 5.30178 8.09569 8.7995 7.89061 7.90154 7.1227 2.81861 -3.77818 -7.35308 -9.20885 -10.4959 -9.04974 -6.21258 -4.00548 -2.54038 -1.67311 -1.78294
81.36 -1.94437 -3.32588 -1.86102 -0.0618376 2.36463 3.40698 4.66616 7.41301 8.14241 7.70717 8.86347 8.72958 4.40841 -2.01389 -5.42037 -7.95299 -10.4984 -9.78724 -7.15671 -5.05467 -3.6546 -2.78112 -2.83094
81.41 -2.76617 -4.43801 -3.09613 -1.34929 1.32548 2.67541 3.95847 6.6096 7.37486 7.39033 9.44463 9.82885 5.68996 -0.295754 -3.32334 -6.25664 -10.0056 -10.1727 -7.89524 -6.00665 -4.74759 -3.87175 -3.82633
81.46 -3.5056 -5.35826 -4.1059 -2.5195 0.247379 1.86026 3.15824 5.7111 6.54841 6.99706 9.68582 10.4324 6.67448 1.36151 -1.25612 -4.41013 -9.10672 -10.1497 -8.3372 -6.79637 -5.80879 -4.94971 -4.76147
81.51 -4.14452 -6.19375 -4.96901 -3.4148 -0.768544 0.892862 2.25118 4.74813 5.70669 6.55807 9.64927 10.6154 7.40252 2.99017 0.76444 -2.57552 -7.95992 -9.75548 -8.45788 -7.38722 -6.82297 -6.02396 -5.65707
81.56 -4.49687 -6.78602 -5.54651 -4.18641 -1.93808 -0.295415 1.26229 3.80408 4.92077 6.10605 9.38618 10.4429 7.86593 4.57025 2.76944 -0.786558 -6.66912 -9.05633 -8.27251 -7.75512 -7.74124 -7.06809 -6.52326
81.61 -4.5412 -7.08319 -5.88248 -4.86908 -3.25171 -1.71792 0.147407 2.89169 4.19678 5.61766 8.90468 9.95464 8.03163 6.05735 4.79187 0.976938 -5.26199 -8.0816 -7.7892 -7.87874 -8.50802 -8.03832 -7.35187
81.66 -4.38909 -7.08288 -5.96331 -5.43985 -4.6486 -3.33068 -1.1147 1.94955 3.46105 5.00362 8.16832 9.16317 7.8728 7.39619 6.80531 2.69747 -3.75793 -6.81375 -6.9719 -7.70785 -9.06412 -8.8907 -8.12688
81.71 -4.11941 -6.88636 -5.84939 -5.84338 -5.7792 -4.82845 -2.53784 0.840919 2.62623 4.18551 7.16147 8.10221 7.41293 8.49143 8.6257 4.27765 -2.23513 -5.30128 -5.79485 -7.16817 -9.33022 -9.56838 -8.81684
81.76 -3.81345 -6.40316 -5.41252 -6.02102 -6.66382 -5.97005 -3.92137 -0.411265 1.66648 3.17444 5.94532 6.86246 6.74063 9.24858 10.0562 5.60934 -0.768381 -3.6661 -4.3386 -6.25701 -9.24916 -10.0092 -9.37389
81.81 -3.44381 -5.63796 -4.65183 -5.90369 -7.33255 -6.84301 -5.1512 -1.67956 0.64359 2.06766 4.64119 5.56519 5.96488 9.61506 11.0164 6.69494 0.640144 -2.03001 -2.75628 -5.06373 -8.82734 -10.1738 -9.75439
81.86 -3.01419 -4.64185 -3.6057 -5.44191 -7.79875 -7.52029 -6.12125 -2.86865 -0.446893 0.933078 3.38009 4.32957 5.1852 9.61168 11.5004 7.56996 2.0295 -0.455053 -1.19512 -3.74296 -8.13448 -10.0557 -9.92757
81.91 -2.50194 -3.46371 -2.33767 -4.62578 -8.04475 -8.07378 -6.81495 -3.95668 -1.60911 -0.180148 2.24083 3.23623 4.47138 9.32525 11.5428 8.22703 3.42073 1.08349 0.298838 -2.41603 -7.26848 -9.67855 -9.88143
81.96 -1.8757 -2.15249 -0.923338 -3.50025 -8.03721 -8.5416 -7.29181 -4.95782 -2.86993 -1.2738 1.25093 2.31461 3.84136 8.83263 11.2008 8.62425 4.77001 2.62064 1.75904 -1.09773 -6.29282 -9.08384 -9.62237
82.01 -1.15591 -0.792735 0.534689 -2.11887 -7.6196 -8.77229 -7.71493 -6.01964 -4.23654 -2.35345 0.413463 1.59516 3.30256 8.18856 10.5435 8.70212 5.98152 4.15565 3.20712 0.22038 -5.23098 -8.30584 -9.15819
82.06 -0.373587 0.559087 1.97863 -0.636813 -6.81259 -8.65239 -8.05084 -7.12163 -5.69674 -3.48755 -0.317966 1.0969 2.85206 7.42489 9.64797 8.45221 6.96443 5.6301 4.62679 1.5113 -4.14442 -7.38089 -8.49086
82.11 0.447436 1.8729 3.36035 0.773626 -5.90122 -8.23862 -8.16929 -7.96206 -6.94232 -4.68545 -1.1222 0.682243 2.39998 6.54223 8.5935 7.95186 7.67334 6.94258 5.94908 2.71806 -3.09687 -6.38018 -7.65462
82.16 1.26518 3.11037 4.6289 2.06326 -4.92784 -7.57316 -8.0724 -8.59918 -7.88793 -5.75482 -1.97619 0.187343 1.85524 5.59424 7.47733 7.32355 8.11706 8.01258 7.1053 3.79726 -2.11389 -5.36651 -6.71643
82.21 2.06581 4.2345 5.65396 3.11051 -3.88062 -6.66921 -7.72455 -9.04894 -8.62261 -6.66046 -2.82737 -0.392411 1.23037 4.62685 6.37427 6.66645 8.33839 8.80971 8.05136 4.73281 -1.17845 -4.36502 -5.7462
82.26 2.79637 5.21436 6.47272 3.98163 -2.79759 -5.57602 -7.1189 -9.3268 -9.22639 -7.38689 -3.64799 -1.07775 0.54673 3.69257 5.34468 6.0448 8.38671 9.33617 8.76159 5.52278 -0.251443 -3.35617 -4.77871
82.31 3.43629 6.03907 7.10444 4.69963 -1.66971 -4.29049 -6.24232 -9.43191 -9.76206 -7.95122 -4.44084 -1.90497 -0.19111 2.82922 4.43045 5.49252 8.29984 9.60902 9.22553 6.16966 0.705576 -2.29341 -3.80347
82.36 3.97549 6.71372 7.58927 5.32423 -0.53443 -2.93225 -5.14858 -9.28248 -10.138 -8.40186 -5.27291 -2.88079 -0.973412 2.05507 3.67474 5.03739 8.1098 9.65389 9.44071 6.66016 1.68663 -1.1588 -2.80065
82.41 4.41605 7.24618 7.94339 5.87159 0.57418 -1.57656 -3.94018 -8.75376 -10.1842 -8.80155 -6.25758 -4.01397 -1.80919 1.37293 3.11992 4.70443 7.84802 9.51065 9.42836 6.98571 2.65295 0.025149 -1.7705
82.46 4.76503 7.6601 8.21312 6.39757 1.69208 -0.224668 -2.72224 -8.03773 -9.92983 -9.06508 -7.31466 -5.31435 -2.80039 0.668589 2.67553 4.40756 7.48304 9.1999 9.23184 7.18086 3.60637 1.277 -0.672247
82.51 5.03271 7.97598 8.41888 6.90752 2.80749 1.10821 -1.45017 -7.11845 -9.43225 -9.19473 -8.38357 -6.72737 -3.94621 -0.118501 2.24074 4.05339 6.9789 8.72929 8.87475 7.25656 4.51019 2.55743 0.496504
82.56 5.22446 8.20403 8.56944 7.3924 3.91133 2.44313 -0.146735 -6.03571 -8.69389 -9.15494 -9.37009 -8.15352 -5.16945 -0.992275 1.6857 3.55039 6.34697 8.12007 8.372 7.20233 5.30566 3.78536 1.6828
82.61 5.34986 8.36992 8.69588 7.83169 4.96144 3.75595 1.12751 -4.86915 -7.73815 -8.86416 -10.0204 -9.39683 -6.44392 -2.00116 0.919345 2.87624 5.64203 7.42059 7.75155 7.01237 5.94442 4.87065 2.78523
82.66 5.43907 8.49254 8.78997 8.1991 5.9065 4.95199 2.28966 -3.67878 -6.58732 -8.30884 -10.3697 -10.2766 -7.58938 -3.12426 -0.0266225 2.0697 4.88659 6.66707 7.04413 6.69956 6.42441 5.78994 3.74664
82.71 5.51456 8.5908 8.86499 8.49565 6.70499 5.96009 3.29712 -2.48309 -5.26299 -7.48237 -10.4833 -10.8962 -8.51447 -4.25486 -1.11736 1.14715 4.09084 5.88276 6.2738 6.28137 6.76525 6.56556 4.57415
82.76 5.5977 8.69605 8.95726 8.711 7.31742 6.75603 4.13732 -1.30329 -3.82786 -6.3975 -10.3629 -11.2824 -9.19778 -5.35176 -2.32125 0.134206 3.26864 5.10259 5.47501 5.78662 6.99095 7.21116 5.26902
82.81 5.72667 8.77868 8.99003 8.82429 7.77966 7.33454 4.8081 -0.198785 -2.42626 -5.1513 -9.85285 -11.3339 -9.70278 -6.46938 -3.5934 -0.891261 2.49311 4.39806 4.71928 5.28198 7.15211 7.74343 5.82007
82.86 5.86968 8.80634 8.95466 8.85184 8.10989 7.7416 5.37189 0.867172 -1.08519 -3.91371 -9.11538 -11.0586 -9.98476 -7.5656 -4.96047 -1.99469 1.71589 3.74403 4.00691 4.7793 7.24824 8.17493 6.27155
82.91 6.00186 8.76564 8.85334 8.8022 8.33017 8.02436 5.87374 1.91793 0.198792 -2.74243 -8.27461 -10.5313 -10.0496 -8.57837 -6.37284 -3.18278 0.886822 3.08113 3.30572 4.2657 7.22144 8.45054 6.6418
82.96 6.09746 8.63694 8.67428 8.67636 8.45957 8.21204 6.32258 2.94612 1.42621 -1.60326 -7.34489 -9.83591 -9.93349 -9.45469 -7.74112 -4.39793 0.00894867 2.38644 2.616 3.75705 7.01809 8.48216 6.89001
83.01 6.12469 8.39652 8.40062 8.47037 8.51245 8.32722 6.71683 3.94258 2.60739 -0.490937 -6.35244 -9.01419 -9.65015 -10.1501 -8.98374 -5.57973 -0.902704 1.66515 1.97574 3.29806 6.64045 8.2169 6.92437
83.06 6.04716 8.01937 8.01395 8.17797 8.49861 8.38787 7.05493 4.90152 3.75089 0.567395 -5.34109 -8.09238 -9.20557 -10.628 -10.0308 -6.67175 -1.83133 0.919901 1.40724 2.90271 6.14718 7.71501 6.69965
83.11 5.8326 7.48775 7.50333 7.79793 8.42437 8.40371 7.33308 5.80752 4.83799 1.55219 -4.33648 -7.10798 -8.61377 -10.8558 -10.8205 -7.63036 -2.76834 0.160385 0.911191 2.54864 5.58067 7.07529 6.27539
83.16 5.46803 6.80125 6.87304 7.33734 8.28883 8.36945 7.54152 6.63893 5.84565 2.45976 -3.34567 -6.10618 -7.9174 -10.8278 -11.3111 -8.41933 -3.71721 -0.630625 0.456046 2.2211 4.99034 6.37083 5.725
83.21 4.96598 5.98035 6.14494 6.81026 8.08354 8.2687 7.67083 7.37984 6.75641 3.29262 -2.31791 -5.00342 -7.12893 -10.6229 -11.542 -9.04698 -4.69164 -1.49486 -0.0298991 1.8601 4.37356 5.63401 5.09759
83.26 4.35995 5.0638 5.3543 6.22993 7.78581 8.06699 7.69876 8.01223 7.57945 4.11589 -1.20377 -3.80629 -6.27381 -10.2897 -11.5726 -9.52832 -5.6668 -2.4359 -0.596747 1.40962 3.69477 4.84907 4.3991
83.31 3.68748 4.09458 4.53701 5.60473 7.37154 7.7329 7.60751 8.51518 8.30307 4.96522 0.0330969 -2.50654 -5.33435 -9.84612 -11.4546 -9.88591 -6.60944 -3.42757 -1.25461 0.846014 2.92636 3.99198 3.61733
83.36 2.97488 3.10168 3.71192 4.93325 6.82634 7.25348 7.3928 8.86399 8.89021 5.82485 1.40942 -1.0639 -4.25818 -9.27209 -11.2096 -10.1364 -7.50325 -4.44729 -1.99673 0.169698 2.06373 3.05519 2.74694
83.41 2.22905 2.08807 2.87035 4.20282 6.15111 6.6401 7.06533 9.03945 9.29829 6.63634 2.89576 0.52815 -2.93237 -8.44311 -10.8421 -10.2991 -8.36219 -5.50009 -2.83017 -0.621093 1.11343 2.04718 1.79638
83.46 1.44143 1.03797 1.9898 3.40277 5.36857 5.92732 6.63952 9.0176 9.47582 7.30743 4.44941 2.33088 -1.39909 -7.37825 -10.2566 -10.3159 -9.16028 -6.57335 -3.74939 -1.51471 0.0981206 0.992116 0.788067
83.51 0.585715 -0.0806649 1.04085 2.5275 4.51963 5.16891 6.13443 8.78564 9.38767 7.74554 5.98018 4.30416 0.294188 -6.0724 -9.36385 -10.1144 -9.85502 -7.64179 -4.73999 -2.49491 -0.961257 -0.0885098 -0.254421
83.56 -0.389208 -1.31771 -0.0142532 1.5671 3.64549 4.41942 5.56867 8.34891 9.03281 7.90506 7.36702 6.29423 2.05382 -4.52875 -8.07201 -9.58453 -10.3629 -8.64802 -5.76465 -3.53537 -2.05057 -1.18393 -1.31295
83.61 -1.52195 -2.73051 -1.23321 0.496004 2.76975 3.71092 4.95254 7.73106 8.45088 7.80946 8.48305 8.07394 3.73719 -2.79629 -6.31831 -8.5813 -10.5554 -9.49564 -6.75531 -4.59586 -3.16133 -2.29095 -2.37079
83.66 -2.41643 -3.97935 -2.58373 -0.780966 1.80227 3.00712 4.28206 6.97845 7.72453 7.54258 9.23285 9.40673 5.16178 -1.04753 -4.25456 -7.0424 -10.2829 -10.0516 -7.60097 -5.60214 -4.2674 -3.39132 -3.39347
83.71 -3.1854 -4.9631 -3.67856 -2.03301 0.716002 2.2368 3.52657 6.11971 6.91922 7.17824 9.61652 10.2214 6.27178 0.632499 -2.16423 -5.23164 -9.54386 -10.2092 -8.18102 -6.46952 -5.34303 -4.47268 -4.35354
83.76 -3.88079 -5.83489 -4.60553 -3.04952 -0.320569 1.34304 2.66433 5.17934 6.07816 6.75676 9.69632 10.5815 7.11057 2.27131 -0.127845 -3.38374 -8.49057 -9.97143 -8.44324 -7.15147 -6.38185 -5.54936 -5.26397
83.81 -4.40129 -6.5601 -5.31223 -3.8478 -1.39957 0.258545 1.7114 4.21395 5.25753 6.30615 9.52812 10.5597 7.69559 3.87999 1.88215 -1.57301 -7.25433 -9.39969 -8.39095 -7.62108 -7.3504 -6.61237 -6.14368
83.86 -4.5464 -6.99055 -5.7678 -4.58073 -2.65518 -1.05989 0.659925 3.2966 4.51439 5.84392 9.1469 10.2087 7.99698 5.41245 3.89182 0.199783 -5.8993 -8.54895 -8.04125 -7.85605 -8.19038 -7.62038 -6.99038
83.91 -4.47977 -7.11723 -5.95715 -5.20166 -4.02726 -2.59827 -0.537362 2.37388 3.79323 5.29683 8.52814 9.55024 7.98347 6.8264 5.92249 1.94312 -4.43343 -7.41124 -7.37854 -7.82493 -8.84853 -8.53097 -7.79167
83.96 -4.24537 -6.99384 -5.92461 -5.68754 -5.31976 -4.21741 -1.9052 1.35902 3.01482 4.5765 7.63932 8.60075 7.64891 8.04323 7.85883 3.60525 -2.9043 -5.99303 -6.35732 -7.45515 -9.25298 -9.29405 -8.52493
84.01 -3.95772 -6.65593 -5.64836 -5.97457 -6.29965 -5.5021 -3.32058 0.152355 2.10285 3.64021 6.50265 7.42607 7.05751 8.95921 9.47802 5.05196 -1.41065 -4.39835 -5.00897 -6.70178 -9.32916 -9.84681 -9.14682
84.06 -3.61455 -6.00834 -5.02713 -5.99624 -7.0616 -6.4846 -4.63367 -1.1241 1.10451 2.56504 5.22046 6.13879 6.31455 9.50169 10.6502 6.24063 0.0229862 -2.74558 -3.46164 -5.61958 -9.05276 -10.1354 -9.60971
84.11 -3.21269 -5.10841 -4.10104 -5.69118 -7.61808 -7.23976 -5.72653 -2.35395 0.043582 1.43464 3.92734 4.86303 5.52547 9.65361 11.3431 7.2079 1.41327 -1.14652 -1.87836 -4.33281 -8.46819 -10.1422 -9.87798
84.16 -2.74141 -4.00492 -2.92189 -5.02939 -7.96529 -7.84034 -6.53946 -3.48694 -1.08325 0.309688 2.72749 3.70001 4.77707 9.48109 11.5749 7.9646 2.8056 0.40425 -0.355684 -3.00152 -7.6678 -9.87467 -9.92879
84.21 -2.16845 -2.74661 -1.56371 -4.03271 -8.07355 -8.34478 -7.10174 -4.52355 -2.29935 -0.789908 1.67205 2.70137 4.11086 9.07293 11.3956 8.48414 4.18237 1.93787 1.1133 -1.68222 -6.73694 -9.3716 -9.7627
84.26 -1.48079 -1.39242 -0.108176 -2.75999 -7.88513 -8.71419 -7.5168 -5.52566 -3.61857 -1.88033 0.761422 1.88283 3.52597 8.48764 10.8676 8.70953 5.46954 3.48008 2.56922 -0.359768 -5.70573 -8.66988 -9.3892
84.31 -0.728031 -0.0381522 1.34285 -1.2905 -7.19154 -8.74746 -7.93024 -6.66192 -5.04389 -2.96101 0.00598855 1.29619 3.04581 7.77873 10.0696 8.60011 6.5606 4.98926 4.00327 0.944075 -4.62618 -7.80577 -8.81024
84.36 0.0821454 1.29849 2.75862 0.160715 -6.31326 -8.45487 -8.14218 -7.61721 -6.43353 -4.16636 -0.755679 0.8712 2.60859 6.94444 9.07348 8.19633 7.39359 6.38768 5.38087 2.19821 -3.55239 -6.82733 -8.04178
84.41 0.902335 2.57298 4.09116 1.51793 -5.36846 -7.89917 -8.14473 -8.3408 -7.50018 -5.29975 -1.5956 0.416948 2.1082 6.01969 7.97425 7.61041 7.95071 7.5712 6.61671 3.33629 -2.54173 -5.81429 -7.13928
84.46 1.71775 3.75353 5.22788 2.67158 -4.35012 -7.0949 -7.91028 -8.87212 -8.31829 -6.28133 -2.45311 -0.124226 1.51557 5.05442 6.8571 6.95616 8.26433 8.49043 7.66012 4.33643 -1.58915 -4.80732 -6.17631
84.51 2.48261 4.79867 6.13439 3.61686 -3.2827 -6.08644 -7.42068 -9.22299 -8.96973 -7.08668 -3.28851 -0.758488 0.856547 4.09965 5.78869 6.31312 8.38378 9.13522 8.47676 5.19033 -0.664151 -3.80692 -5.2066
84.56 3.16489 5.69286 6.84464 4.39551 -2.17256 -4.87515 -6.66159 -9.41037 -9.53299 -7.72055 -4.0933 -1.52014 0.141755 3.20088 4.81909 5.72716 8.353 9.51796 9.05075 5.90123 0.277028 -2.7731 -4.2378
84.61 3.74896 6.43272 7.39187 5.05893 -1.0336 -3.53496 -5.65549 -9.39799 -10.0162 -8.20626 -4.88056 -2.42976 -0.625111 2.38358 3.98405 5.22264 8.20304 9.65925 9.37576 6.46434 1.25339 -1.66693 -3.24701
84.66 4.23262 7.0264 7.79917 5.63405 0.0831714 -2.17677 -4.47842 -9.0165 -10.2046 -8.64039 -5.80858 -3.48995 -1.42302 1.67184 3.34532 4.84126 7.97418 9.59539 9.45862 6.85922 2.22563 -0.507847 -2.23311
84.71 4.62102 7.48978 8.10216 6.16577 1.19534 -0.822752 -3.264 -8.37606 -10.0754 -8.96543 -6.84172 -4.72053 -2.34065 0.988579 2.86593 4.54119 7.66001 9.35749 9.3395 7.10903 3.18712 0.715297 -1.16851
84.76 4.92351 7.84735 8.33525 6.6844 2.31438 0.518711 -2.01876 -7.54795 -9.6827 -9.15658 -7.9144 -6.09329 -3.42267 0.241555 2.43674 4.22172 7.22087 8.95701 9.05192 7.23817 4.11957 1.99149 -0.0275319
84.81 5.14914 8.11304 8.50793 7.18002 3.42353 1.85019 -0.727358 -6.53347 -9.04983 -9.19612 -8.9536 -7.52811 -4.62473 -0.594277 1.96336 3.80102 6.63756 8.40347 8.61077 7.24284 4.97002 3.25327 1.16004
84.86 5.30057 8.30238 8.64287 7.64504 4.50619 3.18273 0.572917 -5.3905 -8.18612 -9.02519 -9.77564 -8.896 -5.88518 -1.53253 1.28354 3.19225 5.96139 7.73878 8.03873 7.11263 5.68194 4.41131 2.31368
84.91 5.40222 8.44256 8.75232 8.04545 5.50371 4.44222 1.79196 -4.20787 -7.12013 -8.58783 -10.2468 -9.92451 -7.106 -2.62094 0.411849 2.4423 5.22685 7.00599 7.3666 6.85208 6.22997 5.40149 3.3377
84.96 5.48161 8.54777 8.8301 8.37323 6.37312 5.53918 2.87255 -3.0124 -5.87219 -7.88524 -10.4593 -10.6476 -8.13389 -3.75741 -0.617616 1.56924 4.44774 6.2326 6.62129 6.47836 6.63 6.2382 4.22323
85.01 5.55864 8.6478 8.9143 8.62523 7.0688 6.43047 3.7853 -1.82018 -4.46573 -6.90288 -10.4498 -11.1564 -8.92297 -4.86323 -1.7769 0.589869 3.63355 5.4424 5.82758 6.01093 6.90231 6.941 4.97897
85.06 5.66565 8.7484 8.98544 8.7858 7.59217 7.10326 4.52892 -0.680252 -3.04037 -5.71165 -10.1208 -11.3523 -9.50385 -5.9746 -3.01979 -0.432883 2.83108 4.69994 5.04666 5.50432 7.08652 7.51906 5.59098
85.11 5.80636 8.80152 8.97789 8.84918 7.97823 7.57864 5.13124 0.397378 -1.67146 -4.45458 -9.4594 -11.2172 -9.88846 -7.08633 -4.34429 -1.49316 2.06542 4.03205 4.31968 5.00298 7.21673 7.99812 6.0811
85.16 5.94612 8.79326 8.90696 8.8335 8.2448 7.91231 5.65785 1.45395 -0.364053 -3.25288 -8.6555 -10.7906 -10.0462 -8.14463 -5.74779 -2.64957 1.26082 3.37821 3.61589 4.49434 7.25259 8.35303 6.48865
85.21 6.0616 8.70626 8.76405 8.74137 8.41208 8.13884 6.13035 2.49468 0.89033 -2.10814 -7.76994 -10.1605 -10.0052 -9.08582 -7.14568 -3.86016 0.402993 2.69832 2.91859 3.97948 7.13154 8.50329 6.80009
85.26 6.12329 8.51846 8.53473 8.57187 8.49767 8.2838 6.54899 3.50527 2.08861 -0.977876 -6.79576 -9.39227 -9.7965 -9.86744 -8.45391 -5.06406 -0.49546 1.98712 2.24982 3.4921 6.82659 8.37077 6.94099
85.31 6.09681 8.2048 8.20016 8.31833 8.51228 8.36662 6.91202 4.48189 3.24952 0.106314 -5.7898 -8.51099 -9.4218 -10.4453 -9.59529 -6.20228 -1.4191 1.25206 1.65001 3.07365 6.37742 7.95743 6.8277
85.36 5.94598 7.74285 7.74496 7.97677 8.46442 8.40202 7.21762 5.414 4.36515 1.12607 -4.7794 -7.54886 -8.89241 -10.7875 -10.5062 -7.22487 -2.35214 0.498962 1.12295 2.70013 5.83719 7.37159 6.48337
85.41 5.64776 7.12363 7.166 7.5505 8.35677 8.39166 7.45848 6.28094 5.40968 2.06587 -3.78413 -6.54968 -8.2345 -10.8697 -11.1314 -8.09259 -3.29539 -0.274355 0.656229 2.36566 5.25321 6.68689 5.97982
85.46 5.20352 6.35845 6.47751 7.05098 8.18417 8.3233 7.62439 7.06381 6.36444 2.92937 -2.78186 -5.50669 -7.48792 -10.7315 -11.468 -8.78794 -4.25755 -1.10151 0.193514 2.02846 4.65224 5.96485 5.38382
85.51 4.63868 5.47875 5.70978 6.49286 7.93072 8.17102 7.70017 7.74652 7.22553 3.74871 -1.71042 -4.34715 -6.66077 -10.4513 -11.58 -9.33197 -5.23736 -2.01117 -0.334362 1.62251 4.00542 5.2045 4.71797
85.56 3.99147 4.52808 4.90059 5.88704 7.57061 7.89848 7.66313 8.30977 7.99667 4.58562 -0.531845 -3.09748 -5.76362 -10.0564 -11.5232 -9.74168 -6.19763 -2.984 -0.952457 1.10985 3.2786 4.38156 3.97459
85.61 3.2945 3.54358 4.07829 5.23699 7.08429 7.48354 7.50263 8.72975 8.64962 5.44561 0.783256 -1.72203 -4.75762 -9.54765 -11.3329 -10.0375 -7.11325 -3.99271 -1.65781 0.482965 2.45713 3.47973 3.1432
85.66 2.56371 2.54032 3.24651 4.53456 6.46538 6.92665 7.2234 8.98459 9.14286 6.288 2.22516 -0.201215 -3.54787 -8.84002 -11.0263 -10.2417 -7.98779 -5.03047 -2.45001 -0.257315 1.54389 2.5011 2.22611
85.71 1.79661 1.50931 2.38642 3.76618 5.72608 6.25211 6.83902 9.05265 9.42834 7.0339 3.7577 1.50619 -2.10146 -7.87913 -10.5485 -10.3305 -8.81645 -6.0967 -3.33235 -1.10717 0.55437 1.4637 1.24027
85.76 0.975733 0.426116 1.47189 2.92495 4.90102 5.50673 6.3666 8.9143 9.46036 7.58454 5.31201 3.41631 -0.471 -6.68094 -9.80311 -10.2367 -9.56443 -7.17206 -4.29426 -2.05152 -0.487667 0.392379 0.21033
85.81 0.0616657 -0.751276 0.469046 2.0042 4.0338 4.7475 5.82576 8.56634 9.2211 7.86868 6.77879 5.42436 1.27447 -5.24036 -8.69894 -9.86842 -10.1685 -8.21553 -5.31042 -3.06946 -1.56507 -0.697184 -0.843055
85.86 -1.01044 -2.08009 -0.663858 0.987918 3.15736 4.01892 5.23129 8.02474 8.73244 7.87902 8.029 7.3267 3.01154 -3.57942 -7.15268 -9.09545 -10.5185 -9.14704 -6.32621 -4.12691 -2.66727 -1.79947 -1.90369
85.91 -2.04522 -3.46777 -2.01621 -0.20827 2.25407 3.32675 4.58959 7.32681 8.05903 7.67612 8.94857 8.88152 4.57089 -1.81424 -5.18354 -7.77572 -10.467 -9.8512 -7.25397 -5.1701 -3.78107 -2.90679 -2.94773
85.96 -2.85391 -4.54957 -3.2204 -1.49314 1.2007 2.58797 3.87251 6.51151 7.28267 7.34834 9.4877 9.92115 5.81616 -0.104481 -3.0846 -6.0487 -9.92018 -10.1906 -7.96183 -6.1061 -4.87055 -3.99517 -3.93583
86.01 -3.58575 -5.45801 -4.21159 -2.63518 0.129614 1.75867 3.05987 5.6036 6.45214 6.94866 9.6943 10.4728 6.76983 1.54813 -1.02416 -4.19897 -8.9857 -10.1221 -8.36713 -6.87453 -5.92774 -5.0728 -4.86534
86.06 -4.20725 -6.28234 -5.04792 -3.5024 -0.890985 0.769737 2.14302 4.63713 5.61239 6.50615 9.62945 10.6123 7.46922 3.17377 0.993602 -2.36876 -7.81828 -9.68971 -8.45179 -7.44114 -6.93409 -6.14574 -5.75764
86.11 -4.51256 -6.83599 -5.59923 -4.27028 -2.08138 -0.445618 1.14286 3.69997 4.83638 6.05362 9.34255 10.4024 7.90017 4.7449 2.99829 -0.584601 -6.5145 -8.95906 -8.23254 -7.7822 -7.83761 -7.18359 -6.62012
86.16 -4.53366 -7.09766 -5.90429 -4.94012 -3.40846 -1.89359 0.0109148 2.78679 4.11496 5.55564 8.83407 9.8792 8.02984 6.21864 5.02378 1.17577 -5.09454 -7.95157 -7.71364 -7.87558 -8.5837 -8.14277 -7.44364
86.21 -4.36168 -7.0684 -5.95975 -5.49543 -4.79635 -3.52055 -1.27306 1.83515 3.37328 4.92205 8.06686 9.05436 7.83402 7.53518 7.0272 2.88788 -3.58278 -6.65109 -6.85489 -7.66582 -9.11086 -8.97845 -8.21111
86.26 -4.0878 -6.84852 -5.81825 -5.87663 -5.89111 -4.97446 -2.6996 0.702803 2.52204 4.07837 7.03126 7.96753 7.34471 8.59583 8.81061 4.44266 -2.06478 -5.11873 -5.64009 -7.08173 -9.33915 -9.63207 -8.8884
86.31 -3.77429 -6.32923 -5.34196 -6.02427 -6.75089 -6.08177 -4.07152 -0.557217 1.55235 3.05137 5.79854 6.71501 6.65523 9.31014 10.1896 5.74436 -0.604771 -3.47654 -4.16106 -6.13296 -9.21733 -10.0424 -9.42724
86.36 -3.39812 -5.53516 -4.54624 -5.86947 -7.3964 -6.92896 -5.27603 -1.81985 0.522432 1.93843 4.49341 5.41925 5.87437 9.63164 11.0949 6.80498 0.798308 -1.84775 -2.575 -4.91573 -8.75998 -10.1748 -9.78556
86.41 -2.96078 -4.51581 -3.47103 -5.36661 -7.83881 -7.58874 -6.21397 -2.99787 -0.575132 0.804887 3.24315 4.19677 5.09963 9.59126 11.5262 7.65609 2.18817 -0.278438 -1.02134 -3.5905 -8.04245 -10.0249 -9.93375
86.46 -2.43692 -3.32 -2.18255 -4.51199 -8.05752 -8.13157 -6.87888 -4.07487 -1.74767 -0.305355 2.1206 3.12246 4.3955 9.27824 11.5217 8.28622 3.57783 1.25807 0.466211 -2.26536 -7.16175 -9.62082 -9.86271
86.51 -1.79673 -1.99673 -0.755601 -3.35553 -8.01968 -8.58975 -7.33656 -5.06767 -3.01951 -1.39863 1.14642 2.22076 3.77428 8.76528 11.1398 8.64985 4.91713 2.79661 1.92518 -0.946367 -6.17416 -9.00329 -9.5799
86.56 -1.07044 -0.638335 0.700306 -1.95018 -7.5388 -8.77688 -7.76348 -6.1501 -4.39914 -2.47599 0.328119 1.52884 3.24842 8.10784 10.452 8.68912 6.10578 4.32769 3.37053 0.369094 -5.10752 -8.20678 -9.09194
86.61 -0.281302 0.71168 2.14036 -0.470978 -6.7121 -8.61893 -8.07505 -7.22996 -5.8575 -3.62701 -0.404498 1.04908 2.80266 7.32976 9.5338 8.4053 7.05911 5.78977 4.78427 1.65487 -4.02125 -7.2683 -8.40253
86.66 0.540824 2.0183 3.51244 0.928495 -5.79332 -8.17521 -8.16999 -8.04484 -7.06379 -4.81487 -1.21821 0.630325 2.34299 6.43675 8.46772 7.88428 7.7363 7.07736 6.09005 2.84795 -2.98145 -6.26399 -7.55079
86.71 1.35845 3.2452 4.75785 2.19379 -4.8112 -7.48106 -8.04586 -8.66001 -7.98118 -5.86708 -2.07419 0.125795 1.7877 5.48402 7.34961 7.24842 8.15222 8.117 7.22418 3.91127 -2.00534 -5.25136 -6.6058
86.76 2.1528 4.35356 5.75711 3.21808 -3.7588 -6.55399 -7.66886 -9.08921 -8.69689 -6.75257 -2.92283 -0.46459 1.15524 4.51784 6.25221 6.59281 8.35148 8.88275 8.14428 4.83007 -1.07314 -4.25088 -5.63506
86.81 2.87396 5.31616 6.55327 4.06976 -2.67057 -5.4366 -7.0321 -9.34891 -9.29103 -7.45951 -3.74004 -1.16466 0.465143 3.58997 5.23397 5.97779 8.38279 9.37933 8.82679 5.60377 -0.144178 -3.23827 -4.6679
86.86 3.50262 6.12317 7.16655 4.77504 -1.53973 -4.13725 -6.12722 -9.43092 -9.81914 -8.00645 -4.52979 -2.00897 -0.278335 2.7366 4.3349 5.43474 8.28236 9.62461 9.26224 6.23377 0.816983 -2.1672 -3.69028
86.91 4.03038 6.78108 7.63519 5.3892 -0.407594 -2.77754 -5.01309 -9.23585 -10.1601 -8.45335 -5.37964 -3.00136 -1.06327 1.97488 3.60238 4.99433 8.08373 9.64618 9.44956 6.70468 1.7971 -1.02706 -2.68521
86.96 4.46006 7.29866 7.97763 5.93202 0.700908 -1.42219 -3.80171 -8.68052 -10.1693 -8.83892 -6.37602 -4.15471 -1.91379 1.29544 3.06585 4.67074 7.81231 9.48323 9.41432 7.01382 2.76247 0.164541 -1.6492
87.01 4.79928 7.70058 8.23947 6.45661 1.81958 -0.0720045 -2.5798 -7.94269 -9.88532 -9.0875 -7.43781 -5.47155 -2.92412 0.583479 2.62699 4.3715 7.43303 9.15402 9.19872 7.19534 3.71272 1.42268 -0.542041
87.06 5.0583 8.00598 8.43819 6.96375 2.93378 1.25984 -1.30301 -7.00283 -9.36012 -9.19938 -8.50254 -6.8918 -4.08448 -0.214102 2.18899 4.0067 6.91169 8.66564 8.82401 7.25683 4.60711 2.70139 0.632069
87.11 5.24131 8.22514 8.58456 7.44566 4.0351 2.59545 0.00195294 -5.90521 -8.59565 -9.13562 -9.46318 -8.31176 -5.31453 -1.09922 1.60814 3.48086 6.2698 8.04403 8.30644 7.18718 5.38657 3.91726 1.81449
87.16 5.36119 8.3856 8.70805 7.87709 5.07526 3.89996 1.26677 -4.73421 -7.61654 -8.81445 -10.0739 -9.51361 -6.58389 -2.12611 0.819698 2.79071 5.5583 7.33691 7.67467 6.98234 6.00646 4.983 2.9016
87.21 5.44797 8.50424 8.79839 8.23603 6.0055 5.07722 2.41299 -3.54234 -6.44477 -8.22878 -10.394 -10.3589 -7.70705 -3.25439 -0.14418 1.97011 4.79777 6.5788 6.95897 6.65666 6.46958 5.88479 3.84715
87.26 5.52322 8.60202 8.87433 8.52394 6.78398 6.06163 3.40099 -2.34704 -5.10183 -7.36989 -10.4824 -10.9544 -8.60484 -4.38152 -1.24996 1.03546 3.99821 5.7925 6.18309 6.22777 6.79589 6.64517 4.65984
87.31 5.61012 8.70795 8.96553 8.72882 7.37669 6.83256 4.22199 -1.17336 -3.66517 -6.26102 -10.3258 -11.3042 -9.26404 -5.47933 -2.46329 0.0175002 3.17701 5.01781 5.38576 5.72855 7.01148 7.27636 5.33809
87.36 5.74283 8.78475 8.98889 8.83106 7.82316 7.38822 4.87637 -0.0761186 -2.2701 -5.00745 -9.77665 -11.3183 -9.74701 -6.59671 -3.74467 -1.01195 2.40626 4.32236 4.63668 5.22493 7.167 7.79772 5.87516
87.41 5.88574 8.80548 8.94644 8.84968 8.13979 7.77922 5.4317 0.98755 -0.936193 -3.77663 -9.02333 -11.0096 -10.0029 -7.68696 -5.1212 -2.12692 1.62419 3.66975 3.92685 4.72136 7.25255 8.21539 6.31745
87.46 6.01521 8.75585 8.83696 8.79133 8.3487 8.04972 5.92749 2.03681 0.342344 -2.61309 -8.17486 -10.4588 -10.0446 -8.68595 -6.53277 -3.32117 0.788983 3.00373 3.22626 4.207 7.20784 8.46777 6.67701
87.51 6.10467 8.61569 8.64813 8.65679 8.46889 8.22813 6.3701 3.06123 1.56273 -1.47415 -7.23343 -9.74817 -9.90989 -9.54436 -7.89097 -4.53568 -0.0936368 2.3053 2.53957 3.70134 6.98317 8.46683 6.90595
87.56 6.12187 8.36093 8.36249 8.44126 8.5137 8.33621 6.75792 4.05376 2.73969 -0.367235 -6.23759 -8.91352 -9.60746 -10.2163 -9.11447 -5.71004 -1.00835 1.58134 1.90762 3.25115 6.58903 8.16852 6.91067
87.61 6.03008 7.96679 7.96203 8.13882 8.4928 8.39153 7.0895 5.00768 3.87815 0.683791 -5.22571 -7.98239 -9.14515 -10.6674 -10.1352 -6.7888 -1.93787 0.833984 1.34717 2.86 6.0856 7.64825 6.65976
87.66 5.79858 7.41713 7.43724 7.74913 8.41183 8.40224 7.36028 5.9062 4.95703 1.65926 -4.22302 -6.99376 -8.53842 -10.8652 -10.8922 -7.72973 -2.87608 0.0722676 0.858239 2.51077 5.51406 6.9969 6.21735
87.71 5.41723 6.71389 6.79439 7.28021 8.26896 8.36142 7.56015 6.72798 5.95442 2.55813 -3.23189 -5.98803 -7.83232 -10.8117 -11.3493 -8.4987 -3.82706 -0.724839 0.403673 2.18309 4.92212 6.28859 5.6568
87.76 4.90133 5.87986 6.05723 6.74649 8.05457 8.25122 7.67925 7.45744 6.85437 3.38569 -2.19593 -4.87102 -7.03451 -10.5909 -11.5547 -9.10922 -4.80383 -1.59886 -0.0900366 1.81404 4.3001 5.54752 5.02165
87.81 4.28592 4.95523 5.26191 6.16079 7.74469 8.03576 7.69427 8.07622 7.66727 4.21119 -1.06957 -3.6639 -6.1716 -10.2447 -11.5661 -9.57525 -5.77673 -2.54718 -0.667354 1.35119 3.61204 4.75541 4.31438
87.86 3.60783 3.98225 4.44325 5.53062 7.316 7.68537 7.5889 8.56282 8.37746 5.06334 0.182983 -2.34988 -5.21976 -9.78817 -11.433 -9.91992 -6.71423 -3.54291 -1.33521 0.774469 2.83272 3.88922 3.52256
87.91 2.89144 2.98733 3.61719 4.85323 6.75564 7.18971 7.36065 8.89283 8.94641 5.92109 1.57365 -0.891338 -4.11935 -9.19034 -11.1755 -10.1605 -7.60366 -4.56605 -2.08729 0.0851481 1.95951 2.94357 2.64234
87.96 2.14151 1.97061 2.77243 4.11525 6.0666 6.56282 7.02117 9.04694 9.33073 6.72167 3.07072 0.722807 -2.76725 -8.33348 -10.7879 -10.3096 -8.45717 -5.62207 -2.93104 -0.718176 1.00048 1.92883 1.68394
88.01 1.34783 0.914632 1.8857 3.3069 5.27426 5.84195 6.58535 9.0015 9.47921 7.37031 4.62698 2.54914 -1.21281 -7.24154 -10.1719 -10.3057 -9.2462 -6.69653 -3.85948 -1.62266 -0.0208432 0.869907 0.670609
88.06 0.481591 -0.214675 0.926726 2.42263 4.42059 5.08206 6.07252 8.74558 9.35993 7.77768 6.14782 4.53406 0.493848 -5.90794 -9.23817 -10.073 -9.9247 -7.76154 -4.85646 -2.61138 -1.08429 -0.212802 -0.37456
88.11 -0.511353 -1.46904 -0.14324 1.45137 3.54555 4.33628 5.50078 8.28676 8.9765 7.90564 7.5098 6.5121 2.2526 -4.33896 -7.8956 -9.4969 -10.4037 -8.75516 -5.88128 -3.65649 -2.17647 -1.30972 -1.43398
88.16 -1.63802 -2.89223 -1.39431 0.357349 2.66866 3.63326 4.87995 7.6513 8.37345 7.78555 8.58786 8.25195 3.91569 -2.59428 -6.09133 -8.42906 -10.5503 -9.57717 -6.86237 -4.71582 -3.28891 -2.41759 -2.49016
88.21 -2.50846 -4.10194 -2.72057 -0.928209 1.68143 2.92299 4.20031 6.88525 7.63556 7.50465 9.2936 9.5247 5.3034 -0.852782 -4.01445 -6.84377 -10.2198 -10.0906 -7.68241 -5.70952 -4.39195 -3.51558 -3.50625
88.26 -3.26932 -5.06631 -3.79132 -2.16386 0.593732 2.14268 3.43403 6.01599 6.82416 7.13228 9.63934 10.2835 6.38005 0.820549 -1.92936 -5.0199 -9.43632 -10.2011 -8.22758 -6.55771 -5.46404 -4.5958 -4.45957
88.31 -3.95224 -5.92934 -4.70287 -3.14773 -0.435034 1.23079 2.5596 5.06883 5.98203 6.70598 9.6883 10.5967 7.19009 2.45653 0.101891 -3.17495 -8.35688 -9.92173 -8.45296 -7.21655 -6.49728 -5.6722 -5.36588
88.36 -4.43278 -6.62262 -5.37657 -3.93683 -1.53538 0.120471 1.598 4.10754 5.16929 6.25472 9.49511 10.5351 7.74446 4.05888 2.11017 -1.36999 -7.10563 -9.31613 -8.36593 -7.66032 -7.45406 -6.73129 -6.24231
88.41 -4.54904 -7.02036 -5.80237 -4.65712 -2.80672 -1.2252 0.53098 3.19284 4.43252 5.78749 9.08883 10.1486 8.01154 5.58041 4.1227 0.400598 -5.73711 -8.43398 -7.98221 -7.86721 -8.27618 -7.7304 -7.08467
88.46 -4.46003 -7.11334 -5.96304 -5.26565 -4.18871 -2.78457 -0.682508 2.26633 3.70906 5.22487 8.44049 9.45569 7.96063 6.97655 6.15157 2.13875 -4.26065 -7.26258 -7.28067 -7.80157 -8.90946 -8.62702 -7.87969
88.51 -4.21382 -6.97017 -5.91014 -5.73164 -5.44357 -4.38227 -2.06827 1.2291 2.91763 4.47999 7.52067 8.47608 7.59232 8.16409 8.0626 3.78273 -2.731 -5.81757 -6.21811 -7.38849 -9.27957 -9.36937 -8.60281
88.56 -3.92207 -6.59642 -5.59394 -5.99198 -6.39787 -5.62815 -3.47749 0.00828935 1.99207 3.52271 6.36149 7.28253 6.97811 9.04043 9.63512 5.20013 -1.24435 -4.21054 -4.83924 -6.59284 -9.3154 -9.89431 -9.209
88.61 -3.57187 -5.91762 -4.93626 -5.97889 -7.13529 -6.58112 -4.77183 -1.26859 0.987961 2.43838 5.07093 5.99038 6.22488 9.53775 10.753 6.36122 0.182252 -2.56011 -3.27976 -5.47937 -9.00031 -10.151 -9.65133
88.66 -3.16311 -4.99194 -3.97815 -5.63402 -7.66886 -7.3149 -5.83368 -2.48837 -0.0813938 1.30535 3.78455 4.72332 5.43677 9.64819 11.3916 7.30465 1.57154 -0.967696 -1.70086 -4.1809 -8.38574 -10.1252 -9.89545
88.71 -2.68201 -3.8683 -2.77458 -4.93179 -7.99065 -7.90238 -6.61516 -3.60973 -1.21673 0.183272 2.59953 3.57752 4.69676 9.4448 11.5736 8.03627 2.96406 0.579172 -0.186139 -2.85012 -7.56684 -9.82846 -9.92112
88.76 -2.09567 -2.59546 -1.40071 -3.90054 -8.0694 -8.39737 -7.15381 -4.63686 -2.44464 -0.914187 1.56148 2.59863 4.04019 9.01412 11.3514 8.52548 4.33522 2.11311 1.27966 -1.53174 -6.6243 -9.30094 -9.73069
88.81 -1.39858 -1.23795 0.057294 -2.59815 -7.82647 -8.73523 -7.56852 -5.65085 -3.77592 -2.00221 0.669008 1.80419 3.46635 8.41262 10.7886 8.71354 5.60496 3.65453 2.73395 -0.209585 -5.58358 -8.57865 -9.33368
88.86 -0.638097 0.116057 1.50752 -1.12102 -7.0963 -8.72926 -7.96655 -6.78763 -5.2126 -3.09186 -0.0763425 1.24228 2.99545 7.68998 9.96424 8.56694 6.6691 5.15625 4.16488 1.09126 -4.50156 -7.69791 -8.73133
88.91 0.175846 1.44756 2.91508 0.320176 -6.20848 -8.40422 -8.15327 -7.71004 -6.57071 -4.30261 -0.848835 0.82496 2.55712 6.84217 8.95124 8.13598 7.47024 6.53435 5.52974 2.33429 -3.43369 -6.71224 -7.94401
88.96 0.994533 2.71282 4.23577 1.6652 -5.25744 -7.8207 -8.13125 -8.41121 -7.6045 -5.41991 -1.69348 0.359372 2.04479 5.91089 7.84634 7.53724 7.99749 7.68938 6.74597 3.45757 -2.43036 -5.69831 -7.03073
89.01 1.80826 3.87988 5.3415 2.78801 -4.22985 -6.9889 -7.86748 -8.92127 -8.39974 -6.38249 -2.55005 -0.191402 1.44345 4.9441 6.7317 6.881 8.28647 8.57723 7.76479 4.44105 -1.48302 -4.69308 -6.06501
89.06 2.56462 4.90839 6.22558 3.71489 -3.15941 -5.96116 -7.34887 -9.25223 -9.03702 -7.16707 -3.3815 -0.837843 0.778197 3.99394 5.67254 6.24289 8.38696 9.19129 8.55415 5.2782 -0.558632 -3.69173 -5.0961
89.11 3.23637 5.78465 6.91428 4.47565 -2.04341 -4.72644 -6.55819 -9.42005 -9.59351 -7.783 -4.18347 -1.61642 0.0570347 3.10359 4.71655 5.6652 8.34125 9.54542 9.09999 5.97284 0.386498 -2.65107 -4.12615
89.16 3.80887 6.50762 7.44554 5.12951 -0.903666 -3.3792 -5.52885 -9.38142 -10.0533 -8.25489 -4.97788 -2.54376 -0.715484 2.29599 3.90012 5.17208 8.17996 9.66112 9.39664 6.5179 1.36539 -1.53653 -3.13192
89.21 4.28139 7.08505 7.8378 5.69562 0.209452 -2.0221 -4.33985 -8.9526 -10.2057 -8.68483 -5.9227 -3.62155 -1.51956 1.59501 3.28474 4.80488 7.94331 9.57644 9.45403 6.89397 2.33547 -0.372189 -2.1151
89.26 4.65948 7.53525 8.13169 6.22553 1.32315 -0.668357 -3.12545 -8.29286 -10.0428 -8.99378 -6.96313 -4.87104 -2.4559 0.90772 2.81646 4.50758 7.61688 9.3197 9.31448 7.12935 3.29535 0.858722 -1.0423
89.31 4.95286 7.88189 8.35763 6.74216 2.44149 0.670551 -1.87287 -7.44051 -9.62302 -9.16985 -8.03652 -6.2559 -3.55535 0.150622 2.38707 4.1804 7.16145 8.90111 9.00888 7.24493 4.22151 2.1374 0.106502
89.36 5.16987 8.13764 8.5241 7.23482 3.54932 2.00279 -0.577881 -6.40738 -8.96241 -9.19022 -9.06696 -7.69074 -4.76358 -0.694536 1.89614 3.74028 6.56445 8.33239 8.55147 7.23467 5.05883 3.39213 1.2953
89.41 5.31399 8.32042 8.65677 7.69407 4.62491 3.33203 0.71762 -5.2567 -8.07452 -8.9889 -9.84507 -9.03313 -6.0312 -1.65027 1.19346 3.11353 5.88021 7.65795 7.96637 7.08891 5.75217 4.53234 2.43743
89.46 5.41198 8.45584 8.76222 8.08598 5.60971 4.57672 1.92287 -4.07181 -6.98627 -8.52112 -10.2833 -10.0208 -7.23469 -2.75017 0.301778 2.34871 5.14015 6.91945 7.2848 6.81465 6.28231 5.50373 3.44505
89.51 5.49002 8.55853 8.8382 8.40594 6.46194 5.65134 2.9852 -2.87604 -5.71854 -7.78721 -10.4698 -10.7156 -8.23671 -3.8864 -0.743911 1.46255 4.35654 6.14287 6.53266 6.42919 6.66677 6.32435 4.31541
89.56 5.56816 8.65988 8.92493 8.64842 7.13584 6.51836 3.87913 -1.68574 -4.30099 -6.77608 -10.433 -11.1978 -8.99837 -4.98773 -1.91531 0.473007 3.53897 5.35373 5.73625 5.9535 6.92622 7.01233 5.05591
89.61 5.68105 8.75715 8.98764 8.79692 7.64266 7.16605 4.60298 -0.555483 -2.88116 -5.56756 -10.0567 -11.3544 -9.55967 -6.10243 -3.1657 -0.549641 2.7438 4.62103 4.96146 5.44695 7.10417 7.578 5.65131
89.66 5.82281 8.80399 8.97291 8.85091 8.01383 7.62276 5.19427 0.518557 -1.51935 -4.31405 -9.37313 -11.1817 -9.91779 -7.21128 -4.5018 -1.62047 1.97644 3.95801 4.23902 4.9457 7.22672 8.04566 6.13085
89.71 5.96107 8.78776 8.89442 8.82654 8.26815 7.94271 5.71418 1.57353 -0.218333 -3.12016 -8.55853 -10.7276 -10.0511 -8.25915 -5.90945 -2.7862 1.1655 3.3024 3.53607 4.43567 7.24773 8.38194 6.52926
89.76 6.07201 8.69047 8.74255 8.72581 8.42537 8.15874 6.18058 2.6113 1.02917 -1.97772 -7.66185 -10.0795 -9.99018 -9.18437 -7.30127 -3.99914 0.302187 2.61865 2.84015 3.92168 7.1059 8.50319 6.82614
89.81 6.12548 8.48961 8.50221 8.54711 8.50237 8.29567 6.59296 3.61834 2.2228 -0.851522 -6.68202 -9.29697 -9.76217 -9.94454 -8.59402 -5.19841 -0.599872 1.90457 2.17766 3.44069 6.78144 8.33639 6.94128
89.86 6.08654 8.16001 8.15454 8.28369 8.50955 8.37253 6.94955 4.59055 3.3794 0.226311 -5.67422 -8.40459 -9.36917 -10.4972 -9.7123 -6.3257 -1.52522 1.16673 1.58614 3.0291 6.31992 7.89774 6.79837
89.91 5.91965 7.68024 7.68511 7.93218 8.45492 8.40293 7.24822 5.51631 4.48817 1.2373 -4.665 -7.43584 -8.82305 -10.8103 -10.593 -7.3326 -2.45927 0.412142 1.0674 2.66054 5.77188 7.29687 6.43229
89.96 5.6042 7.04339 7.09262 7.49689 8.34031 8.38678 7.48098 6.37441 5.52332 2.16831 -3.67137 -6.43534 -8.15387 -10.8633 -11.1836 -8.18051 -3.40398 -0.365151 0.604737 2.32868 5.18592 6.60612 5.91558
90.01 5.14449 6.26319 6.39332 6.99003 8.15968 8.31065 7.63778 7.14674 6.46673 3.02319 -2.66388 -5.3788 -7.39664 -10.7063 -11.4914 -8.85786 -4.36939 -1.20138 0.137354 1.98666 4.58162 5.88056 5.31137
90.06 4.56828 5.37315 5.61896 6.42602 7.89537 8.14636 7.70165 7.81683 7.31805 3.84261 -1.58222 -4.20961 -6.56245 -10.4118 -11.5813 -9.3853 -5.34873 -2.11962 -0.400249 1.56984 3.9272 5.11443 4.63743
90.11 3.91396 4.41703 4.8072 5.8152 7.5217 7.85838 7.65084 8.36501 8.07756 4.68275 -0.389168 -2.94786 -5.65522 -10.0044 -11.5082 -9.78125 -6.30493 -3.09787 -1.02877 1.04405 3.18982 4.28294 3.8844
90.16 3.2127 3.43016 3.98421 5.15985 7.02034 7.42679 7.47626 8.76704 8.71432 5.54354 0.942133 -1.55505 -4.63364 -9.48136 -11.3031 -10.0646 -7.21463 -4.10943 -1.74357 0.40441 2.35763 3.372 3.04292
90.21 2.4781 2.42446 3.15032 4.45048 6.38666 6.85488 7.1844 9.00193 9.1866 6.37955 2.39597 -0.0174675 -3.39328 -8.74204 -10.9826 -10.2592 -8.08563 -5.15128 -2.54647 -0.349088 1.43441 2.38534 2.11682
90.26 1.70606 1.38903 2.28548 3.67406 5.63553 6.16957 6.78905 9.04719 9.44508 7.10805 3.93543 1.71467 -1.92388 -7.75449 -10.4786 -10.3306 -8.90703 -6.2197 -3.43855 -1.21053 0.43777 1.3429 1.12471
90.31 0.876996 0.297548 1.36274 2.82421 4.80351 5.41978 6.30789 8.88479 9.44639 7.63088 5.48578 3.64339 -0.275809 -6.52868 -9.69694 -10.2108 -9.64259 -7.2942 -4.40845 -2.1646 -0.609093 0.268865 0.0911312
90.36 -0.0514424 -0.894075 0.347261 1.89361 3.93397 4.66231 5.76042 8.51365 9.17683 7.88278 6.9344 5.65091 1.47578 -5.06108 -8.54594 -9.80339 -10.224 -8.32973 -5.428 -3.1891 -1.68981 -0.822341 -0.963921
90.41 -1.14623 -2.24373 -0.803074 0.865011 3.05759 3.93863 5.16017 7.95167 8.66285 7.86446 8.152 7.52618 3.20237 -3.37869 -6.94618 -8.97513 -10.536 -9.24154 -6.43885 -4.24833 -2.79448 -1.92605 -2.02437
90.46 -2.14393 -3.60555 -2.16776 -0.355197 2.14106 3.24573 4.512 7.23914 7.97437 7.64346 9.02845 9.02637 4.72901 -1.61548 -4.94532 -7.59321 -10.4291 -9.91044 -7.3484 -5.28414 -3.90721 -3.03221 -3.0638
90.51 -2.94086 -4.65896 -3.34194 -1.63546 1.0756 2.49957 3.78545 6.41231 7.18984 7.30546 9.52637 10.0069 5.93849 0.0860365 -2.8465 -5.83938 -9.82986 -10.2032 -8.02459 -6.20346 -4.99319 -4.11852 -4.04459
90.56 -3.66462 -5.55691 -4.3156 -2.74704 0.0128116 1.65499 2.96012 5.49539 6.3558 6.89975 9.69924 10.5077 6.86185 1.73443 -0.792791 -3.98824 -8.86186 -10.0899 -8.39304 -6.95019 -6.04615 -5.19591 -4.96877
90.61 -4.26647 -6.36404 -5.12055 -3.58997 -1.01774 0.642889 2.03382 4.52688 5.51923 6.45434 9.60685 10.6046 7.5323 3.35657 1.22251 -2.16274 -7.67505 -9.62026 -8.44194 -7.49227 -7.04396 -6.26711 -5.85784
90.66 -4.52556 -6.88215 -5.64816 -4.3524 -2.22656 -0.599088 1.02154 3.59614 4.75277 6.00068 9.2961 10.3579 7.93042 4.91825 3.22747 -0.382698 -6.35833 -8.85842 -8.18897 -7.80631 -7.93207 -7.29812 -6.7165
90.71 -4.52379 -7.10854 -5.92284 -5.0096 -3.56631 -2.07168 -0.127462 2.68142 4.03288 5.49189 8.7601 9.7998 8.02369 6.37781 5.25547 1.37409 -4.92588 -7.81778 -7.63387 -7.86876 -8.65674 -8.24571 -7.5347
90.76 -4.33322 -7.05199 -5.95376 -5.54812 -4.9383 -3.70904 -1.43497 1.71798 3.28424 4.83781 7.96192 8.94211 7.79132 7.67074 7.24612 3.07622 -3.40751 -6.48528 -6.73319 -7.61902 -9.15388 -9.06394 -8.29419
90.81 -4.05595 -6.80571 -5.78171 -5.90674 -6.00057 -5.11627 -2.8607 0.563093 2.41629 3.96884 6.89849 7.8307 7.27388 8.69562 8.99003 4.60424 -1.89522 -4.93474 -5.48189 -6.99063 -9.34369 -9.69273 -8.9582
90.86 -3.73445 -6.25189 -5.26731 -6.02354 -6.83519 -6.19017 -4.21958 -0.703288 1.43766 2.9273 5.6508 6.56706 6.56871 9.3665 10.3166 5.87599 -0.441686 -3.28672 -3.98215 -6.00579 -9.18132 -10.072 -9.47821
90.91 -3.35177 -5.42958 -4.4371 -5.83074 -7.45768 -7.01247 -5.39731 -1.95903 0.400411 1.80897 4.34641 5.27434 5.78402 9.64346 11.1671 6.91222 0.956426 -1.66616 -2.39426 -4.76659 -8.68943 -10.1722 -9.81407
90.96 -2.9063 -4.38759 -3.33368 -5.28678 -7.87608 -7.65577 -6.30305 -3.12576 -0.704353 0.677019 3.10792 4.06597 5.01507 9.56736 11.5462 7.73928 2.34689 -0.102203 -0.848449 -3.43819 -7.94851 -9.99116 -9.93723
91.01 -2.37036 -3.17472 -2.02577 -4.39436 -8.06701 -8.18837 -6.94012 -4.19199 -1.88766 -0.43034 2.00235 3.01095 4.32075 9.22872 11.4956 8.34189 3.7343 1.43276 0.633301 -2.11477 -7.05381 -9.56055 -9.84144
91.06 -1.71665 -1.84081 -0.588137 -3.20748 -7.99663 -8.63255 -7.38142 -5.17996 -3.17097 -1.52338 1.04382 2.12945 3.70828 8.69602 11.0748 8.6711 5.06226 2.97266 2.09139 -0.794775 -6.0543 -8.9205 -9.53501
91.11 -0.983936 -0.483895 0.865853 -1.78088 -7.4544 -8.77682 -7.8101 -6.28147 -4.56322 -2.59934 0.243946 1.4653 3.19526 8.02552 10.3575 8.67181 6.22695 4.49897 3.53374 0.51766 -4.98366 -8.10588 -9.02327
91.16 -0.188473 0.863691 2.30108 -0.306441 -6.61084 -8.58217 -8.09672 -7.33478 -6.01305 -3.76641 -0.492794 1.00209 2.75307 7.23298 9.4177 8.35527 7.15005 5.947 4.9402 1.7971 -3.89882 -7.15502 -8.31228
91.21 0.634095 2.16264 3.66325 1.08205 -5.68491 -8.10883 -8.16801 -8.1251 -7.18158 -4.94253 -1.31477 0.577157 2.2846 6.33049 8.34132 7.81528 7.79584 7.20882 6.22876 2.97621 -2.86677 -6.14768 -7.44587
91.26 1.45148 3.37842 4.88339 2.32101 -4.69372 -7.38603 -8.01612 -8.71849 -8.07186 -5.9772 -2.17211 0.0631085 1.71912 5.3736 7.2222 7.17311 8.18457 8.21779 7.34021 4.02341 -1.89728 -5.13631 -6.4949
91.31 2.23895 4.47074 5.8577 3.32354 -3.63671 -6.43673 -7.61002 -9.12732 -8.76964 -6.84235 -3.01785 -0.53819 1.07936 4.40933 6.13122 6.51977 8.36245 8.95226 8.23402 4.92542 -0.967809 -4.13651 -5.52399
91.36 2.95047 5.41591 6.63141 4.15597 -2.54304 -5.29495 -6.9419 -9.36875 -9.35493 -7.53008 -3.83177 -1.2535 0.382833 3.48833 5.12483 5.91178 8.37723 9.41922 8.88872 5.68287 -0.0364104 -3.11948 -4.55689
91.41 3.56777 6.20537 7.22685 4.8494 -1.40956 -3.98314 -6.00946 -9.4273 -9.87542 -8.06007 -4.61845 -2.11473 -0.36652 2.64466 4.24129 5.3781 8.26351 9.63726 9.2957 6.29588 0.928919 -2.03968 -3.57641
91.46 4.08411 6.8466 7.67938 5.45316 -0.281116 -2.62293 -4.87653 -9.18482 -10.1781 -8.50396 -5.48816 -3.12406 -1.15404 1.8958 3.53269 4.9529 8.05681 9.63614 9.4555 6.74705 1.90741 -0.894571 -2.56928
91.51 4.50302 7.34971 8.01082 5.99222 0.827789 -1.26792 -3.66337 -8.60529 -10.1508 -8.87456 -6.49534 -4.29765 -2.02061 1.21739 3.013 4.63734 7.77522 9.4537 9.39796 7.04029 2.87186 0.304947 -1.5268
91.56 4.83263 7.7399 8.26501 6.51537 1.94693 0.0802662 -2.4365 -7.84492 -9.83793 -9.10838 -7.56112 -5.63019 -3.0499 0.497144 2.57833 4.3345 7.38116 9.1061 9.16356 7.2083 3.81838 1.56872 -0.41079
91.61 5.08312 8.03497 8.45673 7.01942 3.05968 1.41135 -1.15572 -6.88539 -9.28501 -9.20182 -8.62044 -7.05633 -4.22394 -0.310902 2.13655 3.95848 6.84245 8.60006 8.77134 7.25536 4.70252 2.84457 0.767857
91.66 5.25754 8.24576 8.59961 7.49792 4.15762 2.74735 0.149969 -5.7739 -8.49452 -9.11264 -9.55095 -8.468 -5.46105 -1.20792 1.5282 3.40936 6.19169 7.9669 8.23943 7.17027 5.46536 4.04715 1.94492
91.71 5.37224 8.40086 8.71979 7.92145 5.18752 4.04217 1.40435 -4.59909 -7.4925 -8.76143 -10.1239 -9.62588 -6.72186 -2.25232 0.71774 2.70343 5.4739 7.25259 7.59676 6.95079 6.06649 5.09323 3.01611
91.76 5.45684 8.51575 8.80658 8.27208 6.10253 5.19979 2.53422 -3.40594 -6.30032 -8.14552 -10.4154 -10.438 -7.82175 -3.38447 -0.26362 1.86897 4.7084 6.49017 6.87307 6.61249 6.51303 5.97783 3.94593
91.81 5.53215 8.61357 8.88403 8.55113 6.86041 6.16029 3.50267 -2.2112 -4.93947 -7.25424 -10.4787 -11.0102 -8.69195 -4.50735 -1.3841 0.922536 3.90522 5.70218 6.09198 6.17321 6.8251 6.72319 4.74385
91.86 5.62364 8.71941 8.97236 8.74505 7.43427 6.90602 4.30403 -1.04492 -3.50334 -6.12209 -10.2814 -11.3227 -9.32924 -5.60712 -2.60569 -0.098639 3.08658 4.93427 5.29733 5.67063 7.03147 7.34023 5.40518
91.91 5.75922 8.79026 8.98712 8.83684 7.86492 7.4397 4.94331 0.0461089 -2.11482 -4.8642 -9.69818 -11.2985 -9.78827 -6.7238 -3.8974 -1.13401 2.31907 4.24713 4.55456 5.16792 7.18113 7.85086 5.92911
91.96 5.90174 8.80386 8.93752 8.84662 8.16828 7.81518 5.49066 1.10768 -0.787978 -3.64052 -8.93023 -10.9577 -10.0184 -7.80718 -5.28246 -2.2603 1.53165 3.59516 3.84682 4.66324 7.25524 8.25387 6.36242
92.01 6.02814 8.74501 8.8197 8.77958 8.36609 8.07381 5.98043 2.15526 0.485003 -2.48399 -8.07384 -10.3845 -10.0376 -8.79181 -6.69204 -3.45987 0.690437 2.9258 3.14687 4.14834 7.19188 8.48182 6.71072
92.06 6.11106 8.59305 8.62087 8.63628 8.47727 8.24325 6.4168 3.17585 1.69866 -1.34562 -7.1215 -9.65895 -9.88423 -9.63167 -8.03908 -4.67292 -0.196689 2.22375 2.46378 3.64632 6.94604 8.44769 6.91908
92.11 6.11772 8.3236 8.32299 8.41113 8.51417 8.3445 6.79822 4.16436 2.87145 -0.244314 -6.12259 -8.81171 -9.56289 -10.2799 -9.24263 -5.83903 -1.11413 1.49688 1.83991 3.20506 6.53665 8.11741 6.89359
92.16 6.01124 7.91225 7.9086 8.09865 8.48631 8.39463 7.12321 5.11301 4.00452 0.799089 -5.11056 -7.87177 -9.08298 -10.7036 -10.2363 -6.9041 -2.04457 0.747836 1.28801 2.81793 6.02292 7.57954 6.61754
92.21 5.76264 7.34456 7.36969 7.69941 8.39859 8.40015 7.3865 6.00377 5.07487 1.76522 -4.10985 -6.87952 -8.46194 -10.8714 -10.9599 -7.82688 -2.98405 -0.0163895 0.805649 2.47311 5.44721 6.91793 6.15799
92.26 5.3647 6.62485 6.71459 7.22235 8.24833 8.35264 7.57782 6.81578 6.06156 2.65494 -3.11734 -5.86703 -7.74558 -10.7941 -11.3847 -8.57636 -3.93759 -0.820355 0.350518 2.14432 4.8534 6.20596 5.58778
92.31 4.83544 5.77822 5.96883 6.68216 8.02446 8.23242 7.6863 7.53352 6.95113 3.47872 -2.07286 -4.73769 -6.93946 -10.5574 -11.565 -9.16965 -4.91602 -1.70393 -0.151407 1.7666 4.22567 5.46037 4.94488
92.36 4.21113 4.84609 5.1693 6.09117 7.70212 8.00284 7.68822 8.13844 7.75367 4.30678 -0.933775 -3.52022 -6.06835 -10.1984 -11.5579 -9.62073 -5.88627 -2.65916 -0.739255 1.29114 3.528 4.66073 4.22862
92.41 3.52773 3.86969 4.34947 5.45599 7.25883 7.63601 7.56871 8.60838 8.44991 5.16148 0.334665 -2.19132 -5.10348 -9.72873 -11.41 -9.95266 -6.81843 -3.65864 -1.41697 0.701363 2.73774 3.78535 3.42664
92.46 2.80759 2.87271 3.52225 4.77246 6.68333 7.12429 7.32712 8.9194 9.00017 6.01653 1.73917 -0.716993 -3.97688 -9.10495 -11.14 -10.1838 -7.70381 -4.68539 -2.17919 -0.00104185 1.85402 2.83093 2.53669
92.51 2.05342 1.85266 2.67399 4.02681 5.98081 6.48439 6.97583 9.05184 9.36002 6.80491 3.24641 0.920276 -2.59952 -8.22088 -10.731 -10.3185 -8.55147 -5.74439 -3.0331 -0.816672 0.886615 1.80982 1.57073
92.56 1.25331 0.790358 1.78068 3.21009 5.17922 5.75616 6.53027 8.98269 9.47905 7.42991 4.80401 2.76952 -1.02451 -7.10172 -10.0832 -10.2928 -9.3309 -6.81972 -3.97055 -1.7318 -0.14045 0.747298 0.552663
92.61 0.375828 -0.350306 0.811168 2.31666 4.32135 4.99549 6.00994 8.70292 9.32871 7.80603 6.31327 4.76383 0.69421 -5.7404 -9.10726 -10.0274 -9.99202 -7.88051 -4.97339 -2.72867 -1.20777 -0.337369 -0.494977
92.66 -0.636139 -1.62279 -0.274231 1.33426 3.44565 4.25379 5.43232 8.22237 8.91731 7.9029 7.64873 6.72675 2.45014 -4.14669 -7.7131 -9.40316 -10.4404 -8.86021 -5.99743 -3.77786 -2.30271 -1.43575 -1.55507
92.71 -1.748 -3.04703 -1.55889 0.212847 2.56604 3.55585 4.80703 7.57021 8.29452 7.75967 8.68756 8.4234 4.09025 -2.39254 -5.86092 -8.26985 -10.5388 -9.65472 -6.96741 -4.83496 -3.4164 -2.54414 -2.60906
92.76 -2.59928 -4.22135 -2.85376 -1.07475 1.55918 2.83808 4.11757 6.79081 7.54575 7.46561 9.34958 9.63577 5.44083 -0.659044 -3.7745 -6.64228 -10.1509 -10.1245 -7.76036 -5.81506 -4.51614 -3.63962 -3.61821
92.81 -3.35253 -5.16858 -3.9021 -2.29069 0.472725 2.04677 3.34001 5.91126 6.72876 7.08567 9.65829 10.3397 6.48481 1.0081 -1.69535 -4.8082 -9.32519 -10.1882 -8.27009 -6.64351 -5.58463 -4.71893 -4.56501
92.86 -4.02148 -6.02262 -4.79858 -3.24276 -0.549279 1.11631 2.45379 4.95797 5.88619 6.6548 9.6771 10.6069 7.26629 2.64142 0.331442 -2.96665 -8.22108 -9.868 -8.45884 -7.27903 -6.61184 -5.79489 -5.46746
92.91 -4.45916 -6.6826 -5.43853 -4.02463 -1.673 -0.0205018 1.48332 4.00193 5.08222 6.20324 9.45943 10.5064 7.78953 4.23663 2.33819 -1.16751 -6.95559 -9.22925 -8.33735 -7.69669 -7.55606 -6.84944 -6.3405
92.96 -4.54919 -7.04625 -5.83351 -4.73199 -2.95961 -1.39325 0.400106 3.08892 4.35086 5.72987 9.02766 10.0845 8.02188 5.74672 4.35395 0.600717 -5.5736 -8.31527 -7.91932 -7.87512 -8.35969 -7.83914 -7.17833
93.01 -4.43783 -7.1059 -5.9658 -5.3281 -4.35079 -2.97265 -0.829209 2.15816 3.62412 5.15055 8.3493 9.35734 7.93354 7.124 6.37928 2.3334 -4.087 -7.11022 -7.17816 -7.77391 -8.96716 -8.72115 -7.96678
93.06 -4.18162 -6.94445 -5.89305 -5.77326 -5.56318 -4.54158 -2.23116 1.09677 2.81853 4.38063 7.3989 8.34865 7.53254 8.28081 8.26168 3.95702 -2.55843 -5.64013 -6.07491 -7.31703 -9.302 -9.44195 -8.67913
93.11 -3.88559 -6.53327 -5.53542 -6.00591 -6.49305 -5.75024 -3.63286 -0.13647 1.88027 3.40356 6.21867 7.13777 6.89698 9.11666 9.78611 5.34479 -1.07882 -4.02212 -4.66728 -6.48002 -9.29725 -9.9384 -9.26901
93.16 -3.52849 -5.82387 -4.84164 -5.95738 -7.20645 -6.67472 -4.90658 -1.41194 0.869926 2.31074 4.92169 5.84243 6.13484 9.56871 10.8494 6.47898 0.341045 -2.37552 -3.09782 -5.33691 -8.94417 -10.1632 -9.6904
93.21 -3.11269 -4.87308 -3.85222 -5.57227 -7.71693 -7.38809 -5.93705 -2.62145 -0.207167 1.17625 3.64312 4.58527 5.34879 9.63876 11.4341 7.39862 1.72989 -0.789483 -1.52433 -4.02881 -8.30091 -10.105 -9.91018
93.26 -2.62125 -3.72988 -2.62525 -4.83001 -8.0129 -7.96326 -6.6876 -3.73124 -1.35147 0.0571582 2.4735 3.45724 4.61761 9.40567 11.5671 8.10478 3.12227 0.753936 -0.0172505 -2.699 -7.46452 -9.77953 -9.91083
93.31 -2.02126 -2.44312 -1.23653 -3.7651 -8.06189 -8.44888 -7.20383 -4.7492 -2.59106 -1.03861 1.45252 2.49817 3.97049 8.95311 11.3027 8.56287 4.48678 2.2886 1.44609 -1.3811 -6.51063 -9.22799 -9.69621
93.36 -1.31562 -1.08371 0.222619 -2.43389 -7.76044 -8.75242 -7.62048 -5.77777 -3.93447 -2.1238 0.578812 1.72889 3.40837 8.33627 10.7063 8.71312 5.73756 3.82837 2.89825 -0.0598636 -5.46118 -8.48564 -9.27573
93.41 -0.547347 0.269924 1.67147 -0.952425 -6.99962 -8.70693 -7.99933 -6.90804 -5.38158 -3.22644 -0.159297 1.19037 2.9456 7.59965 9.85652 8.53005 6.77414 5.32163 4.3257 1.23782 -4.37706 -7.58873 -8.65022
93.46 0.269699 1.59575 3.0704 0.478383 -6.1029 -8.35022 -8.16177 -7.80031 -6.70366 -4.43708 -0.942872 0.776985 2.50416 6.73907 8.82798 8.07358 7.54333 6.67805 5.67667 2.46886 -3.31578 -6.5968 -7.84479
93.51 1.08777 2.85168 4.37576 1.8072 -5.14465 -7.73843 -8.11443 -8.47919 -7.70584 -5.53813 -1.79149 0.300777 1.98024 5.8016 7.71837 7.46343 8.04122 7.80404 6.87258 3.577 -2.31973 -5.58253 -6.92169
93.56 1.89807 4.00437 5.45224 2.90192 -4.10922 -6.88048 -7.82141 -8.96815 -8.47919 -6.48134 -2.64667 -0.259862 1.37044 4.83395 6.60704 6.80616 8.30622 8.66047 7.86644 4.54377 -1.37712 -4.57887 -5.95378
93.61 2.64574 5.01615 6.31368 3.8097 -3.0349 -5.83113 -7.27305 -9.28027 -9.10378 -7.24552 -3.47432 -0.919244 0.698801 3.88883 5.55765 6.17341 8.38827 9.24403 8.62843 5.36436 -0.452567 -3.57573 -4.98551
93.66 3.30666 5.87444 6.98183 4.55436 -1.91406 -4.57645 -6.45173 -9.42711 -9.65321 -7.8435 -4.27328 -1.71471 -0.0283766 3.00742 4.61575 5.60433 8.32805 9.56982 9.14598 6.04252 0.49651 -2.52793 -4.01413
93.71 3.86762 6.58061 7.49703 5.19829 -0.774904 -3.22403 -5.39942 -9.35492 -10.0865 -8.30546 -5.07829 -2.65926 -0.805155 2.21066 3.81924 5.12359 8.15619 9.66051 9.41431 6.569 1.4769 -1.4059 -3.01679
93.76 4.32903 7.14209 7.87516 5.7567 0.335711 -1.8676 -4.20136 -8.88616 -10.2025 -8.72744 -6.03815 -3.75561 -1.61811 1.51818 3.22606 4.76943 7.91135 9.55535 9.44693 6.92694 2.44525 -0.235532 -1.99627
93.81 4.69693 7.57941 8.1603 6.28508 1.45106 -0.514034 -2.98694 -8.20776 -10.0067 -9.02024 -7.08493 -5.02334 -2.57338 0.825849 2.76742 4.47355 7.5721 9.27988 9.28737 7.14816 3.40317 1.00282 -0.915022
93.86 4.98134 7.91531 8.3792 6.7995 2.56836 0.822248 -1.7267 -7.33095 -9.56014 -9.18098 -8.15804 -6.4192 -3.68965 0.0584083 2.33686 4.13772 7.10005 8.84325 8.9639 7.25009 4.32231 2.28303 0.241137
93.91 5.18973 8.16132 8.53969 7.28916 3.67477 2.15544 -0.428197 -6.27944 -8.87187 -9.18181 -9.17861 -7.85242 -4.90241 -0.796054 1.82558 3.67651 6.49003 8.25988 8.49051 7.22475 5.14583 3.52967 1.43022
93.96 5.32691 8.33794 8.6703 7.74213 4.74238 3.48011 0.860994 -5.12262 -7.96044 -8.94926 -9.91021 -9.16463 -6.17603 -1.77027 1.10073 3.03296 5.79831 7.57633 7.89284 7.06359 5.8203 4.65112 2.55931
94.01 5.4216 8.46881 8.77179 8.1255 5.71384 4.70884 2.0518 -3.93564 -6.85011 -8.45101 -10.3167 -10.1134 -7.3607 -2.87984 0.189662 2.25345 5.05283 6.83242 7.20212 6.77584 6.33285 5.60408 3.55065
94.06 5.49853 8.56955 8.84681 8.43753 6.54805 5.76066 3.09537 -2.73976 -5.56244 -7.68518 -10.4776 -10.7811 -8.33647 -4.01498 -0.871984 1.35439 4.26483 6.0529 6.44345 6.37889 6.70201 6.40888 4.40596
94.11 5.57799 8.67234 8.93601 8.67068 7.2003 6.60313 3.97057 -1.55231 -4.13662 -6.64704 -10.4124 -11.2328 -9.07106 -5.11355 -2.05503 0.35582 3.44481 5.2659 5.64534 5.89584 6.94924 7.08209 5.13084
94.16 5.69682 8.76537 8.98908 8.80693 7.69124 7.22623 4.67528 -0.4314 -2.72271 -5.42322 -9.98922 -11.352 -9.6126 -6.23017 -3.31293 -0.667258 2.65676 4.54301 4.87697 5.38973 7.12127 7.6359 5.71026
94.21 5.8393 8.80575 8.96725 8.85172 8.0479 7.66502 5.25632 0.639457 -1.3681 -4.1744 -9.28531 -11.1427 -9.94423 -7.33544 -4.66032 -1.74917 1.88672 3.88393 4.15851 4.88827 7.23548 8.0917 6.17971
94.26 5.97574 8.78129 8.88107 8.81867 8.29023 7.97169 5.76974 1.69287 -0.0732499 -2.98836 -8.46084 -10.6621 -10.0535 -8.372 -6.07086 -2.92346 1.06941 3.22609 3.45623 4.37689 7.24077 8.4082 6.56877
94.31 6.08174 8.67341 8.72001 8.70935 8.43764 8.17756 6.23001 2.72744 1.16729 -1.84761 -7.55283 -9.99691 -9.97306 -9.28075 -7.45553 -4.13792 0.200831 2.53849 2.76203 3.86423 7.07784 8.49941 6.85002
94.36 6.12654 8.45914 8.4684 8.52135 8.50622 8.30674 6.63611 3.73084 2.35645 -0.725886 -6.56802 -9.20035 -9.72576 -10.0189 -8.73183 -5.33183 -0.704684 1.82171 2.10653 3.39027 6.7344 8.29837 6.93827
94.41 6.07464 8.1133 8.10741 8.24799 8.50609 8.37785 6.98627 4.69851 3.50859 0.34537 -5.55869 -8.29729 -9.31464 -10.5461 -9.8262 -6.44755 -1.63148 1.08117 1.52317 2.98492 6.2612 7.83617 6.76638
94.46 5.89142 7.61559 7.6237 7.88658 8.44474 8.40328 7.27792 5.61763 4.61011 1.34738 -4.5509 -7.32248 -8.75215 -10.8297 -10.676 -7.43824 -2.56656 0.324985 1.01252 2.62135 5.70607 7.22108 6.37943
94.51 5.55879 6.96129 7.01788 7.44241 8.32306 8.38113 7.50243 6.46666 5.63574 2.26988 -3.55862 -6.32116 -8.0726 -10.854 -11.2318 -8.26601 -3.51275 -0.456696 0.553174 2.29153 5.1184 6.52501 5.85041
94.56 5.08398 6.16651 6.30817 6.9284 8.13419 8.29691 7.64995 7.22826 6.56778 3.1166 -2.54499 -5.24975 -7.30462 -10.6793 -11.512 -8.92578 -4.48142 -1.30239 0.0801692 1.94377 4.51027 5.79577 5.23814
94.61 4.4969 5.2667 5.52769 6.35863 7.85867 8.12014 7.70164 7.88551 7.40933 3.93677 -1.4526 -4.07095 -6.46329 -10.371 -11.5805 -9.43695 -5.45979 -2.22889 -0.467422 1.51561 3.84776 5.02344 4.55591
94.66 3.83587 4.3056 4.71371 5.74283 7.47119 7.81646 7.63697 8.41833 8.15678 4.78013 -0.244701 -2.79657 -5.54539 -9.95104 -11.4915 -9.81943 -6.41162 -3.21218 -1.10627 0.976671 3.09968 4.18319 3.79305
94.71 3.13051 3.31653 3.89004 5.08206 6.95471 7.36825 7.44838 8.80211 8.77677 5.64111 1.10274 -1.38577 -4.50756 -9.41329 -11.2716 -10.0905 -7.31531 -4.22641 -1.83041 0.324367 2.25689 3.26322 2.94151
94.76 2.39203 2.30821 3.05373 4.36554 6.30644 6.78167 7.1441 9.01681 9.2275 6.46964 2.56791 0.168976 -3.23594 -8.64112 -10.9365 -10.2752 -8.18282 -5.27242 -2.6441 -0.442319 1.32389 2.26877 2.00661
94.81 1.6148 1.26802 2.18377 3.581 5.54395 6.08624 6.73802 9.03906 9.45842 7.17942 4.11325 1.92578 -1.74396 -7.62681 -10.4052 -10.3284 -8.99658 -6.34282 -3.54579 -1.31515 0.32044 1.22159 1.00853
94.86 0.776991 0.167675 1.25237 2.72242 4.70554 5.3328 6.24839 8.8526 9.42887 7.67357 5.65816 3.87152 -0.0792447 -6.37327 -9.58604 -10.1814 -9.71887 -7.41588 -4.52332 -2.27864 -0.731016 0.14505 -0.0284345
94.91 -0.166734 -1.03897 0.223685 1.78172 3.83407 4.57765 5.69449 8.45856 9.12939 7.89328 7.08688 5.87565 1.67674 -4.87897 -8.38709 -9.73303 -10.2762 -8.44239 -5.54549 -3.30921 -1.81489 -0.947726 -1.08495
94.96 -1.28384 -2.41016 -0.945152 0.740312 2.95783 3.8589 5.08841 7.87658 8.59091 7.84719 8.27052 7.7208 3.39065 -3.17698 -6.7334 -8.84647 -10.5485 -9.33327 -6.55046 -4.36963 -2.92193 -2.05278 -2.14491
95.01 -2.24035 -3.73906 -2.31577 -0.502616 2.02568 3.16389 4.43337 7.15006 7.88858 7.60936 9.10326 9.16414 4.88277 -1.41772 -4.7062 -7.406 -10.3846 -9.96474 -7.43973 -5.39658 -4.03292 -3.15731 -3.17906
95.06 -3.02672 -4.7661 -3.46092 -1.776 0.95036 2.41001 3.69718 6.31203 7.09646 7.26179 9.56081 10.0864 6.05702 0.275829 -2.60919 -5.62911 -9.73488 -10.2106 -8.08334 -6.29856 -5.1154 -4.24173 -4.15258
95.11 -3.74172 -5.65456 -4.41791 -2.85523 -0.103238 1.5491 2.85899 5.3865 6.25949 6.85041 9.70079 10.5374 6.95058 1.92042 -0.562003 -3.77808 -8.73543 -10.0532 -8.41488 -7.02321 -6.16384 -5.31894 -5.07174
95.16 -4.32141 -6.43646 -5.18861 -3.67896 -1.14797 0.512397 1.92318 4.41758 5.42733 6.4027 9.5816 10.5925 7.59178 3.53848 1.45117 -1.9575 -7.53037 -9.54722 -8.42833 -7.54048 -7.15237 -6.3879 -5.95761
95.21 -4.53572 -6.92404 -5.69337 -4.43302 -2.3735 -0.755751 0.898263 3.49245 4.66977 5.94708 9.24682 10.3093 7.95669 5.09026 3.45699 -0.180827 -6.20062 -8.75442 -8.14171 -7.82731 -8.02443 -7.41151 -6.81228
95.26 -4.51134 -7.11553 -5.93813 -5.07765 -3.72519 -2.25205 -0.267683 2.57553 3.95043 5.42624 8.68276 9.71651 8.01324 6.5348 5.48675 1.57177 -4.75613 -7.68028 -7.54979 -7.85807 -8.72689 -8.34693 -7.62491
95.31 -4.3039 -7.034 -5.94612 -5.5988 -5.07504 -3.89093 -1.59745 1.59687 3.19301 4.7503 7.85333 8.82651 7.74489 7.80269 7.4615 3.26193 -3.23262 -6.3168 -6.60705 -7.56738 -9.19294 -9.14692 -8.37592
95.36 -4.02321 -6.75822 -5.74025 -5.93371 -6.10722 -5.25389 -3.02097 0.421981 2.30907 3.85703 6.76336 7.69195 7.20066 8.79079 9.16385 4.76232 -1.72652 -4.74957 -5.32054 -6.895 -9.34373 -9.75016 -9.02602
95.41 -3.69385 -6.17103 -5.18846 -6.01864 -6.91666 -6.2953 -4.3654 -0.849304 1.32253 2.80242 5.50227 6.41875 6.48125 9.4177 10.4373 6.00454 -0.279647 -3.09769 -3.80214 -5.87518 -9.1412 -10.0981 -9.52675
95.46 -3.30461 -5.32114 -4.32436 -5.78734 -7.51628 -7.09361 -5.51498 -2.09704 0.277564 1.67936 4.20029 5.13059 5.69397 9.65073 11.2331 7.0167 1.11452 -1.48531 -2.21431 -4.61664 -8.61584 -10.166 -9.83974
95.51 -2.8506 -4.25715 -3.19368 -5.20234 -7.91038 -7.72137 -6.38852 -3.25228 -0.834613 0.54947 2.97444 3.93722 4.93158 9.54017 11.5606 7.81955 2.50561 0.0736268 -0.676519 -3.2862 -7.85284 -9.95432 -9.93789
95.56 -2.30215 -3.02786 -1.86732 -4.27291 -8.07308 -8.24409 -6.99876 -4.30804 -2.02907 -0.555123 1.88607 2.90165 4.24709 9.17679 11.4648 8.39401 3.89001 1.60753 0.800077 -1.96436 -6.9448 -9.49781 -9.81755
95.61 -1.63568 -1.6851 -0.421402 -3.05611 -7.96705 -8.66649 -7.42718 -5.29697 -3.32479 -1.64778 0.943571 2.04105 3.64366 8.62512 11.006 8.688 5.20519 3.14856 2.25742 -0.643289 -5.93362 -8.83562 -9.48763
95.66 -0.896353 -0.329438 1.03125 -1.61125 -7.3664 -8.7717 -7.85464 -6.41363 -4.72877 -2.7236 0.160796 1.40443 3.14295 7.94159 10.2601 8.65033 6.34501 4.66937 3.69668 0.665959 -4.85956 -8.00328 -8.9522
95.71 -0.0951475 1.01503 2.46068 -0.143338 -6.50864 -8.54175 -8.1157 -7.43619 -6.16361 -3.90563 -0.582663 0.955941 2.70328 7.13456 9.29983 8.30236 7.23733 6.10168 5.09441 1.9378 -3.77735 -7.04131 -8.22024
95.76 0.727212 2.30586 3.81272 1.23424 -5.57585 -8.03929 -8.16321 -8.20278 -7.29571 -5.06838 -1.41182 0.522768 2.22481 6.22349 8.21442 7.74506 7.85208 7.33696 6.36512 3.1027 -2.75297 -6.03146 -7.34011
95.81 1.54418 3.50994 5.00554 2.44504 -4.57535 -7.28799 -7.98306 -8.77453 -8.15999 -6.08508 -2.26986 -0.000736435 1.64952 5.26306 7.09519 7.09777 8.21427 8.31502 7.45334 4.13359 -1.78979 -5.02154 -6.384
95.86 2.32422 4.58602 5.95571 3.4269 -3.5143 -6.31734 -7.54791 -9.16316 -8.84082 -6.92968 -3.11236 -0.613229 1.00277 4.3014 6.01138 6.44742 8.37142 9.01834 8.3206 5.01882 -0.862499 -4.02202 -5.41318
95.91 3.02585 5.51362 6.70718 4.24038 -2.41502 -5.15124 -6.84825 -9.38609 -9.41797 -7.5985 -3.92307 -1.34425 0.299843 3.3877 5.01732 5.84681 8.37011 9.45595 8.9474 5.76004 0.0717871 -2.99991 -4.44583
95.96 3.63172 6.2857 7.2854 4.92283 -1.27913 -3.82809 -5.88899 -9.42092 -9.93074 -8.11205 -4.70672 -2.22195 -0.455915 2.55289 4.14974 5.32268 8.24338 9.64707 9.32599 6.35602 1.04132 -1.91093 -3.46197
96.01 4.13668 6.91035 7.72196 5.51626 -0.154842 -2.46832 -4.73918 -9.12993 -10.1919 -8.55324 -5.59823 -3.24895 -1.24599 1.81758 3.46554 4.91298 8.02901 9.62384 9.45866 6.78736 2.01757 -0.761314 -2.45292
96.06 4.54493 7.39936 8.04303 6.05223 0.954866 -1.11368 -3.52509 -8.52804 -10.1285 -8.90835 -6.6153 -4.44264 -2.12962 1.13872 2.96119 4.60406 7.73668 9.4221 9.37938 7.06518 2.98106 0.446264 -1.40337
96.11 4.86505 7.77808 8.28975 6.57387 2.07418 0.23228 -2.2924 -7.74452 -9.7875 -9.12746 -7.68432 -5.79004 -3.17758 0.409599 2.52948 4.29647 7.32739 9.05617 9.12644 7.21974 3.92326 1.71497 -0.278651
96.16 5.107 8.06291 8.47465 7.07485 3.18553 1.56305 -1.00788 -6.76568 -9.20679 -9.20232 -8.73746 -7.22066 -4.36333 -0.408432 2.08042 3.90713 6.77224 8.53309 8.717 7.25226 4.79638 2.98684 0.903715
96.21 5.27319 8.26588 8.61448 7.54918 4.27898 2.89871 0.297294 -5.64167 -8.39032 -9.08596 -9.63386 -8.62183 -5.60846 -1.3182 1.44588 3.33587 6.11261 7.88868 8.17099 7.15164 5.54207 4.17504 2.07403
96.26 5.38301 8.41572 8.73114 7.96484 5.29821 4.18249 1.54026 -4.46375 -7.36597 -8.705 -10.1703 -9.73377 -6.85759 -2.37954 0.613583 2.61442 5.38884 7.16766 7.51785 6.91778 6.1246 5.20144 3.12882
96.31 5.46566 8.5271 8.81461 8.30734 6.19766 5.3197 2.6534 -3.26954 -6.15396 -8.05896 -10.4339 -10.514 -7.9333 -3.5143 -0.384841 1.76633 4.61848 6.40119 6.78645 6.56708 6.55484 6.06916 4.04304
96.36 5.54134 8.6254 8.89409 8.57729 6.93438 6.25614 3.60228 -2.07557 -4.77613 -7.13551 -10.472 -11.0636 -8.77563 -4.63214 -1.51962 0.808466 3.81192 5.61184 6.0005 6.1177 6.85297 6.79972 4.82626
96.41 5.63794 8.73025 8.97783 8.75993 7.49019 6.97657 4.38372 -0.917701 -3.34227 -5.98123 -10.2308 -11.3375 -9.39257 -5.7349 -2.74866 -0.214539 2.99716 4.85193 5.20971 5.61287 7.05096 7.40291 5.4705
96.46 5.77574 8.79509 8.98463 8.84169 7.90513 7.48915 5.00911 0.167985 -1.9604 -4.72162 -9.61756 -11.2746 -9.82645 -6.85043 -4.05145 -1.25742 2.23148 4.17228 4.47285 5.11088 7.19441 7.90285 5.98208
96.51 5.91758 8.80134 8.9278 8.8427 8.19551 7.84966 5.54888 1.22763 -0.640497 -3.50538 -8.83612 -10.9028 -10.0312 -7.92604 -5.444 -2.39466 1.43832 3.52022 3.76677 4.60493 7.25618 8.29027 6.40653
96.56 6.04055 8.73299 8.8015 8.76702 8.38253 8.09681 6.03262 2.27306 0.626299 -2.35404 -7.97028 -10.3088 -10.0289 -8.89605 -6.85056 -3.59881 0.591179 2.84729 3.06753 4.08969 7.17342 8.49254 6.74294
96.61 6.11649 8.56891 8.59238 8.61483 8.4848 8.25754 6.46279 3.29005 1.83407 -1.21769 -7.00911 -9.56823 -9.85642 -9.71642 -8.18523 -4.80949 -0.300131 2.14184 2.3887 3.59205 6.90673 8.42473 6.92933
96.66 6.11211 8.28441 8.28202 8.37996 8.51393 8.35223 6.83781 4.27446 3.00271 -0.12215 -6.00743 -8.70875 -9.51636 -10.3406 -9.36803 -5.96662 -1.22 1.41204 1.77305 3.15913 6.48286 8.06415 6.87346
96.71 5.99056 7.85565 7.85356 8.05745 8.47917 8.39725 7.15616 5.21758 4.13002 0.913305 -4.99563 -7.76053 -9.01901 -10.7364 -10.3338 -7.0175 -2.15138 0.661499 1.22977 2.77645 5.95929 7.50906 6.57309
96.76 5.72477 7.26998 7.30063 7.64876 8.38468 8.39748 7.41185 6.1003 5.19158 1.87015 -3.99689 -6.76527 -8.38436 -10.8744 -11.0237 -7.92166 -3.09217 -0.105566 0.753386 2.4356 5.38013 6.83842 6.09741
96.81 5.31046 6.53413 6.63361 7.16375 8.22689 8.34307 7.59452 6.90237 6.1673 2.7506 -3.00197 -5.74383 -7.65751 -10.7746 -11.4169 -8.65207 -4.04857 -0.917058 0.296596 2.10476 4.78414 6.12289 5.51797
96.86 4.76834 5.67547 5.87974 6.61722 7.99317 8.21231 7.69203 7.60818 7.04678 3.57185 -1.94859 -4.60336 -6.84372 -10.5223 -11.5729 -9.22817 -5.02806 -1.80994 -0.213976 1.71776 4.15022 5.37248 4.86722
96.91 4.13561 4.73637 5.07644 6.02103 7.65805 7.96823 7.68068 8.19895 7.83871 4.40276 -0.796283 -3.37516 -5.96397 -10.1507 -11.548 -9.66467 -5.99525 -2.77168 -0.812364 1.22951 3.44264 4.56498 4.14174
96.96 3.4472 3.75688 4.25561 5.38077 7.2 7.58484 7.54701 8.65192 8.52047 5.25965 0.488198 -2.03072 -4.9854 -9.6677 -11.3853 -9.98401 -6.92189 -3.77463 -1.4998 0.626757 2.64146 3.68037 3.32954
97.01 2.72332 2.75777 3.42702 4.69088 6.60939 7.05727 7.29226 8.94375 9.05151 6.11114 1.90605 -0.540577 -3.83094 -9.01607 -11.1029 -10.2059 -7.80346 -4.80516 -2.27233 -0.0887928 1.74732 2.71732 2.42997
97.06 1.96477 1.73416 2.57494 3.93743 5.89374 6.40487 6.92936 9.05421 9.38621 6.88601 3.42278 1.12058 -2.42913 -8.1052 -10.671 -10.3253 -8.64492 -5.86691 -3.13625 -0.916502 0.771897 1.69018 1.45676
97.11 1.15781 0.665055 1.67465 3.11227 5.08348 5.67002 6.4743 8.96123 9.47542 7.48622 4.98042 2.99188 -0.834216 -6.9587 -9.99037 -10.277 -9.41412 -6.94273 -4.08248 -1.84203 -0.26063 0.624324 0.434246
97.16 0.268335 -0.487672 0.69407 2.20952 4.22191 4.90925 5.94671 8.65776 9.29415 7.8307 6.47645 4.99323 0.895135 -5.56975 -8.97096 -9.97725 -10.0567 -7.99845 -5.09059 -2.84664 -1.33163 -0.462174 -0.615643
97.21 -0.763641 -1.77903 -0.407318 1.21565 3.34578 4.17192 5.36329 8.15582 8.85543 7.89702 7.78376 6.93792 2.64627 -3.95203 -7.52449 -9.30301 -10.4726 -8.96285 -6.11284 -3.89931 -2.42921 -1.56196 -1.67618
97.26 -1.85426 -3.19721 -1.72063 0.0675638 2.46055 3.47742 4.73287 7.48739 8.21407 7.73196 8.78218 8.58809 4.26064 -2.19138 -5.62788 -8.10421 -10.5207 -9.72787 -7.06996 -4.95291 -3.54355 -2.67043 -2.72735
97.31 -2.68902 -4.33783 -2.98377 -1.22069 1.43576 2.75235 4.03378 6.69518 7.45518 7.42558 9.40103 9.74019 5.57425 -0.466177 -3.53483 -6.43832 -10.0763 -10.1531 -7.83456 -5.91855 -4.63986 -3.76339 -3.72931
97.36 -3.43492 -5.26999 -4.01112 -2.41372 0.35285 1.94893 3.24445 5.80557 6.63308 7.03852 9.67361 10.3904 6.58623 1.1953 -1.46209 -4.59667 -9.21064 -10.1703 -8.30841 -6.72674 -5.70465 -4.84199 -4.66985
97.41 -4.08837 -6.11467 -4.89283 -3.33506 -0.663616 0.999467 2.3469 4.84678 5.79066 6.60327 9.66286 10.6125 7.33927 2.82606 0.560992 -2.75874 -8.08318 -9.81022 -8.46079 -7.33872 -6.72533 -5.91728 -5.56864
97.46 -4.48144 -6.73954 -5.4976 -4.11118 -1.8126 -0.164655 1.36709 3.89695 4.99621 6.15163 9.42116 10.4736 7.83089 4.41334 2.56641 -0.965345 -6.80411 -9.13899 -8.30511 -7.73004 -7.65619 -6.96666 -6.43815
97.51 -4.54679 -7.06821 -5.86137 -4.80551 -3.11391 -1.56408 0.267212 2.98469 4.26927 5.67093 8.9634 10.0166 8.0281 5.9114 4.58554 0.80033 -5.40874 -8.19281 -7.8524 -7.87954 -8.44065 -7.94638 -7.27124
97.56 -4.41329 -7.09516 -5.96574 -5.38891 -4.51221 -3.1623 -0.978051 2.04904 3.53824 5.07374 8.25457 9.25536 7.90237 7.26873 6.60541 2.52691 -3.91256 -6.9542 -7.07087 -7.74167 -9.02135 -8.81312 -8.05282
97.61 -4.14871 -6.91652 -5.87325 -5.8124 -5.67884 -4.69558 -2.39378 0.962216 2.71754 4.27847 7.27415 8.21869 7.46983 8.39343 8.45599 4.12807 -2.38664 -5.46089 -5.92784 -7.24068 -9.32002 -9.51154 -8.7537
97.66 -3.84827 -6.46655 -5.47284 -6.01628 -6.58527 -5.86852 -3.78662 -0.28184 1.76748 3.28285 6.07433 6.992 6.81433 9.18797 9.93105 5.48603 -0.913993 -3.83321 -4.49334 -6.36343 -9.2746 -9.97884 -9.32664
97.71 -3.48441 -5.72714 -4.74335 -5.93165 -7.27505 -6.76547 -5.03793 -1.55426 0.750529 2.18228 4.77284 5.69508 6.04459 9.59475 10.9396 6.59403 0.499536 -2.19177 -2.91603 -5.19251 -8.88435 -10.1717 -9.7267
97.76 -3.06135 -4.75188 -3.72336 -5.50596 -7.76227 -7.45945 -6.03668 -2.75322 -0.333839 1.04733 3.50309 4.44894 5.26162 9.62553 11.4708 7.4899 1.88838 -0.611842 -1.3488 -3.8767 -8.21377 -10.0813 -9.92196
97.81 -2.55907 -3.58975 -2.474 -4.72416 -8.03198 -8.023 -6.75692 -3.85155 -1.48754 -0.0687237 2.34936 3.33916 4.5396 9.36385 11.5555 8.17017 3.2802 0.92861 0.151022 -2.54819 -7.36088 -9.72782 -9.89772
97.86 -1.94521 -2.28966 -1.07123 -3.62653 -8.05101 -8.49927 -7.2519 -4.86061 -2.73862 -1.16326 1.34504 2.39995 3.90171 8.88995 11.2498 8.59635 4.63698 2.46429 1.61235 -1.23028 -6.39529 -9.15275 -9.65922
97.91 -1.23175 -0.929552 0.387892 -2.26782 -7.68856 -8.76559 -7.67179 -5.90603 -4.09432 -2.24549 0.490453 1.65672 3.3518 8.25849 10.6208 8.7084 5.86739 4.00166 3.06222 0.089435 -5.33854 -8.39083 -9.21521
97.96 -0.455857 0.423337 1.83457 -0.784854 -6.90147 -8.68036 -8.02867 -7.02379 -5.55043 -3.36433 -0.242844 1.14031 2.89608 7.50769 9.74654 8.48964 6.87577 5.48534 4.48569 1.38365 -4.25278 -7.47833 -8.56685
98.01 0.363633 1.743 3.22452 0.635308 -5.99661 -8.29304 -8.16771 -7.88796 -6.83248 -4.5698 -1.03771 0.727434 2.44968 6.6351 8.70381 8.00934 7.61299 6.81881 5.82162 2.60186 -3.19872 -6.48118 -7.74419
98.06 1.18151 2.9893 4.51155 1.94463 -5.03045 -7.65273 -8.09435 -8.54469 -7.80425 -5.6543 -1.88958 0.241099 1.91453 5.69186 7.59042 7.38915 8.08205 7.91527 6.99658 3.69457 -2.20983 -5.46703 -6.81229
98.11 1.98714 4.127 5.56019 3.01342 -3.98827 -6.7698 -7.77214 -9.01277 -8.55672 -6.57783 -2.74292 -0.329651 1.29654 4.72403 6.48319 6.73172 8.32374 8.74028 7.96512 4.64462 -1.27143 -4.46472 -5.84273
98.16 2.72588 5.1219 6.39893 3.90177 -2.90946 -5.69743 -7.19348 -9.3066 -9.16986 -7.32196 -3.5669 -1.00263 0.61847 3.78441 5.44409 6.10474 8.38782 9.29356 8.69967 5.44879 -0.346016 -3.45904 -4.87492
98.21 3.37576 5.9623 7.04738 4.63176 -1.78459 -4.4254 -6.34237 -9.43153 -9.71206 -7.90207 -4.36274 -1.81499 -0.114495 2.91237 4.5167 5.54453 8.31344 9.59127 9.18881 6.11031 0.607073 -2.4037 -3.90177
98.26 3.92522 6.65171 7.54642 5.26543 -0.647148 -3.06931 -5.26757 -9.31994 -10.1162 -8.35723 -5.18113 -2.7763 -0.894497 2.12734 3.74133 5.07704 8.13173 9.65752 9.42893 6.61779 1.58802 -1.27493 -2.9016
98.31 4.37557 7.19762 7.91138 5.81742 0.461995 -1.7133 -4.06303 -8.81736 -10.1952 -8.76829 -6.15472 -3.89203 -1.71874 1.44117 3.16906 4.73469 7.87818 9.53216 9.43749 6.95825 2.55504 -0.0978179 -1.87654
98.36 4.73341 7.62239 8.18813 6.34442 1.57881 -0.360302 -2.84745 -8.1196 -9.96767 -9.04532 -7.20721 -5.17738 -2.69307 0.742832 2.7186 4.43887 7.52557 9.23805 9.25827 7.16556 3.51064 1.14766 -0.786606
98.41 5.00895 7.94768 8.40004 6.85644 2.69498 0.973809 -1.58028 -7.21938 -9.49418 -9.19002 -8.2788 -6.58301 -3.82543 -0.0350675 2.28605 4.0936 7.03662 8.78345 8.91703 7.2537 4.42196 2.42832 0.376304
98.46 5.20861 8.1841 8.55498 7.3434 3.80002 2.30793 -0.278798 -6.15062 -8.77897 -9.17003 -9.28411 -8.01323 -5.0433 -0.899468 1.75231 3.61042 6.41452 8.1861 8.428 7.21315 5.2309 3.66552 1.56433
98.51 5.33937 8.355 8.68352 7.78931 4.8586 3.62681 1.00291 -4.98836 -7.84393 -8.9063 -9.97125 -9.2907 -6.3193 -1.89228 1.0054 2.95052 5.71568 7.49397 7.8182 7.03674 5.88643 4.76777 2.67939
98.56 5.43109 8.48151 8.78109 8.16415 5.81617 4.83854 2.17872 -3.79946 -6.71182 -8.37761 -10.3469 -10.2022 -7.48382 -3.0098 0.0755304 2.15653 4.96485 6.74488 7.11859 6.73572 6.38166 5.70267 3.6546
98.61 5.50718 8.58082 8.85593 8.46807 6.63164 5.8672 3.20318 -2.60362 -5.40444 -7.57954 -10.4826 -10.8441 -8.43298 -4.143 -1.00176 1.24482 4.17262 5.96271 6.35368 6.32751 6.73579 6.49189 4.49499
98.66 5.58816 8.68518 8.9476 8.6921 7.26225 6.68482 4.05969 -1.41989 -3.97271 -6.51589 -10.3883 -11.262 -9.14048 -5.24023 -2.19609 0.238175 3.35101 5.17887 5.55482 5.83795 6.97144 7.15045 5.20396
98.71 5.71286 8.773 8.98981 8.81598 7.73806 7.284 4.74597 -0.307951 -2.56515 -5.27901 -9.91858 -11.3451 -9.66257 -6.35779 -3.46155 -0.785906 2.56978 4.46576 4.79309 5.33259 7.13778 7.69281 5.76803
98.76 5.85577 8.80675 8.96091 8.85169 8.08058 7.7056 5.31748 0.76008 -1.21776 -4.0358 -9.19608 -11.1002 -9.9678 -7.4587 -4.81972 -1.87922 1.79621 3.8097 4.07808 4.83063 7.24287 8.13617 6.22783
98.81 5.99009 8.77381 8.86686 8.80997 8.31118 7.99938 5.82459 1.81197 0.0711596 -2.85758 -8.36255 -10.5943 -10.0534 -8.48307 -6.23186 -3.06124 0.972575 3.14926 3.37635 4.31799 7.23159 8.43169 6.60719
98.86 6.09074 8.655 8.69641 8.69201 8.44903 8.19546 6.27874 2.84313 1.30467 -1.71786 -7.44298 -9.91266 -9.95381 -9.37487 -7.60834 -4.27645 0.0989288 2.45781 2.68425 3.80717 7.04732 8.49186 6.87164
98.91 6.12639 8.42699 8.43324 8.49462 8.50932 8.31714 6.67851 3.8428 2.48949 -0.601014 -6.45383 -9.10248 -9.68728 -10.0906 -8.86723 -5.46428 -0.80992 1.7385 2.03645 3.34084 6.68547 8.25675 6.93195
98.96 6.06106 8.06462 8.05873 8.21126 8.502 8.38269 7.02226 4.80581 3.63703 0.463439 -5.44328 -8.18917 -9.25822 -10.5917 -9.93688 -6.56777 -1.73787 0.995365 1.46105 2.94105 6.20125 7.77276 6.73183
99.01 5.86125 7.54889 7.56074 7.84001 8.43392 8.40314 7.30681 5.71802 4.73096 1.45631 -4.43712 -7.20893 -8.67982 -10.8458 -10.7551 -7.54173 -2.67401 0.237446 0.958224 2.58247 5.63974 7.14426 6.32486
99.06 5.51156 6.87736 6.94181 7.38711 8.30505 8.37478 7.52292 6.55775 5.747 2.37067 -3.44585 -6.20721 -7.99083 -10.8419 -11.2763 -8.34907 -3.62169 -0.549038 0.501426 2.25409 5.05056 6.4435 5.7843
99.11 5.02204 6.06846 6.22213 6.86611 8.10769 8.28208 7.66095 7.30845 6.66766 3.20971 -2.42515 -5.11964 -7.21194 -10.6506 -11.5298 -8.99168 -4.59354 -1.40451 0.0218915 1.89966 4.43804 5.71032 5.16404
99.16 4.42461 5.15946 5.43601 6.29071 7.82061 8.09238 7.70022 7.95264 7.49939 4.03123 -1.32151 -3.93118 -6.36329 -10.3288 -11.5778 -9.48695 -5.57049 -2.33894 -0.535887 1.45978 3.76702 4.93142 4.47329
99.21 3.75728 4.19383 4.62012 5.66994 7.41908 7.77275 7.62157 8.46978 8.23437 4.87774 -0.0984362 -2.6436 -5.43413 -9.89627 -11.4733 -9.85618 -6.51765 -3.32688 -1.18492 0.907689 3.00812 4.08224 3.70045
99.26 3.04795 3.20266 3.79572 5.00357 6.88741 7.30801 7.41914 8.83514 8.8371 5.73824 1.26458 -1.21544 -4.37737 -9.34084 -11.2395 -10.1158 -7.41586 -4.34395 -1.91854 0.242665 2.15475 3.15326 2.83886
99.31 2.30552 2.19157 2.95671 4.27972 6.22476 6.70711 7.10258 9.02928 9.26557 6.55818 2.74092 0.358142 -3.07597 -8.53735 -10.888 -10.2895 -8.27927 -5.39383 -2.74288 -0.536991 1.21233 2.15136 1.89545
99.36 1.52281 1.14625 2.08126 3.48697 5.45141 6.00222 6.68602 9.02832 9.46842 7.24793 4.29106 2.13939 -1.56186 -7.49616 -10.3282 -10.3237 -9.08497 -6.46596 -3.65401 -1.42099 0.202397 1.09979 0.891715
99.41 0.675682 0.0364353 1.14073 2.61957 4.60717 5.24586 6.18816 8.81782 9.40789 7.71263 5.829 4.10044 0.118459 -6.21483 -9.47035 -10.1482 -9.79307 -7.53695 -4.63875 -2.39356 -0.853411 0.0209312 -0.148373
99.46 -0.284267 -1.18602 0.0982613 1.66852 3.73414 4.49354 5.62798 8.40114 9.07894 7.90032 7.23613 6.09824 1.87707 -4.69419 -8.2224 -9.65715 -10.3248 -8.55329 -5.66272 -3.42968 -1.94028 -1.07333 -1.20612
99.51 -1.41404 -2.58053 -1.09497 0.612597 2.85829 3.78017 5.01649 7.79992 8.51704 7.82754 8.38441 7.90993 3.57572 -2.97509 -6.51514 -8.7094 -10.5555 -9.42191 -6.66074 -4.49059 -3.04947 -2.17956 -2.26519
99.56 -2.33513 -3.86832 -2.45964 -0.650334 1.90811 3.08122 4.35369 7.05961 7.80176 7.57398 9.17319 9.29497 5.03221 -1.22104 -4.4666 -7.21468 -10.3338 -10.014 -7.52775 -5.50726 -4.15814 -3.28206 -3.2935
99.61 -3.1119 -4.87138 -3.57728 -1.91393 0.825598 2.31903 3.60753 6.2106 7.00257 7.21741 9.59125 10.1597 6.1719 0.464948 -2.37278 -5.41829 -9.63557 -10.2128 -8.13797 -6.39127 -5.2371 -4.36481 -4.25983
99.66 -3.81709 -5.75102 -4.51827 -2.9598 -0.218632 1.44096 2.75648 5.27698 6.16324 6.80066 9.6991 10.562 7.03611 2.10613 -0.331733 -3.56858 -8.60662 -10.0122 -8.43264 -7.09349 -6.28071 -5.44183 -5.17424
99.71 -4.36895 -6.50357 -5.25439 -3.76846 -1.28058 0.378966 1.81139 4.30925 5.33671 6.35125 9.55377 10.5761 7.64766 3.71942 1.67955 -1.75317 -7.38444 -9.47073 -8.41096 -7.58568 -7.25914 -6.50798 -6.05689
99.76 -4.54326 -6.96173 -5.73477 -4.51206 -2.52209 -0.915532 0.772959 3.38876 4.58727 5.89269 9.19467 10.2569 7.97902 5.26094 3.68688 0.0210318 -6.0414 -8.64708 -8.09073 -7.84509 -8.11455 -7.52364 -6.90743
99.81 -4.49641 -7.11875 -5.95009 -5.1442 -3.88496 -2.43458 -0.409713 2.46904 3.86744 5.35855 8.60199 9.62942 7.99858 6.68958 5.71747 1.76877 -4.58537 -7.53914 -7.46134 -7.84334 -8.79398 -8.44629 -7.71422
99.86 -4.27385 -7.01428 -5.93635 -5.6472 -5.20691 -4.06661 -1.76034 1.4723 3.0996 4.65958 7.7412 8.70774 7.69492 7.931 7.67311 3.44488 -3.05823 -6.14592 -6.47661 -7.51086 -9.22786 -9.22723 -8.45616
99.91 -3.98954 -6.70648 -5.69417 -5.95736 -6.21084 -5.38734 -3.18023 0.279638 2.20044 3.74307 6.626 7.55146 7.12527 8.88134 9.33202 4.91692 -1.5587 -4.56345 -5.15636 -6.79497 -9.33919 -9.80416 -9.09173
99.96 -3.65263 -6.08685 -5.10545 -6.00937 -6.99521 -6.39722 -4.50877 -0.995081 1.20711 2.67688 5.3531 6.27025 6.39296 9.46381 10.5519 6.13033 -0.118894 -2.9102 -3.62144 -5.74113 -9.09701 -10.1208 -9.5728
100.01 -3.25669 -5.21 -4.2081 -5.73919 -7.5721 -7.17243 -5.62894 -2.23383 0.153914 1.54968 4.05514 4.98812 5.60434 9.65364 11.2931 7.11851 1.27264 -1.30522 -2.03533 -4.46617 -8.53936 -10.1562 -9.86245
100.06 -2.79368 -4.12464 -3.05114 -5.11331 -7.94159 -7.78557 -6.4704 -3.37742 -0.965964 0.422229 2.84273 3.81055 4.84917 9.50985 11.5697 7.89694 2.66431 0.249068 -0.505608 -3.13467 -7.75559 -9.91443 -9.93561
100.11 -2.23232 -2.87956 -1.70734 -4.14772 -8.07562 -8.29863 -7.05485 -4.42301 -2.17187 -0.679715 1.77174 2.79453 4.17445 9.12252 11.4294 8.44259 4.04489 1.78242 0.966534 -1.81419 -6.83484 -9.43261 -9.79093
100.16 -1.55396 -1.52971 -0.255252 -2.90121 -7.9299 -8.69404 -7.47373 -5.41739 -3.48041 -1.77173 0.845659 1.95564 3.58048 8.55267 10.9336 8.7006 5.34582 3.32421 2.42314 -0.492149 -5.81242 -8.74875 -9.43765
100.21 -0.807764 -0.175055 1.19641 -1.44145 -7.27535 -8.76164 -7.89667 -6.54622 -4.89562 -2.84886 0.0784784 1.34604 3.09126 7.85594 10.1599 8.62482 6.45998 4.83886 3.85931 0.813956 -4.7353 -7.89905 -8.87868
100.26 -0.00144854 1.16559 2.61904 0.0182967 -6.40575 -8.49789 -8.13183 -7.53413 -6.30904 -4.04429 -0.673952 0.910616 2.65323 7.03446 9.18028 8.24679 7.32104 6.25376 5.24679 2.0768 -3.65703 -6.92742 -8.12654
100.31 0.82008 2.4479 3.9608 1.38507 -5.46637 -7.96685 -8.15553 -8.27777 -7.40604 -5.19215 -1.50924 0.467165 2.16361 6.11573 8.08709 7.67378 7.90514 7.46181 6.49907 3.22735 -2.64012 -5.91553 -7.23367
100.36 1.63639 3.63972 5.12453 2.56616 -4.45636 -7.18724 -7.9467 -8.82807 -8.24548 -6.19049 -2.36732 -0.0657572 1.5789 5.15242 6.96864 7.02246 8.24143 8.40877 7.56361 4.24182 -1.68287 -4.90714 -6.27324
100.41 2.40858 4.69942 6.05125 3.52828 -3.39169 -6.19606 -7.48256 -9.19665 -8.9104 -7.01443 -3.20627 -0.689723 0.925461 4.19408 5.8927 6.37578 8.37845 9.08107 8.40407 5.11028 -0.757192 -3.90745 -5.30276
100.46 3.10007 5.60933 6.78073 4.32313 -2.28668 -5.0058 -6.75127 -9.40084 -9.48001 -7.66466 -4.01386 -1.43687 0.216183 3.28809 4.91142 5.78285 8.36145 9.48958 9.00289 5.83531 0.18042 -2.87957 -4.33479
100.51 3.69442 6.36423 7.34227 4.99524 -1.14887 -3.67284 -5.76646 -9.41103 -9.98 -8.16305 -4.79768 -2.33133 -0.545712 2.46231 4.06063 5.26881 8.2222 9.65418 9.35311 6.41396 1.15371 -1.7815 -3.34735
100.56 4.18809 6.97239 7.76311 5.57868 -0.0287169 -2.31381 -4.60134 -9.07169 -10.2013 -8.60088 -5.70966 -3.37604 -1.33936 1.73997 3.40072 4.87437 8.00023 9.60932 9.45918 6.82576 2.12766 -0.627227 -2.33609
100.61 4.58579 7.44768 8.07435 6.11211 1.08212 -0.959511 -3.38685 -8.44878 -10.1026 -8.94018 -6.73572 -4.58954 -2.24079 1.0593 2.91025 4.57073 7.69659 9.38843 9.35865 7.08857 3.09007 0.588449 -1.27896
100.66 4.89654 7.81514 8.31376 6.63213 2.20133 0.384084 -2.14767 -7.64165 -9.73396 -9.14457 -7.80717 -5.95087 -3.30705 0.320837 2.48033 4.25727 7.27166 9.00423 9.08736 7.22969 4.02732 1.86132 -0.145716
100.71 5.12989 8.08982 8.49209 7.13017 3.31141 1.71505 -0.85944 -6.64371 -9.12548 -9.20082 -8.85339 -7.38447 -4.50229 -0.506755 2.01978 3.85214 6.70121 8.46481 8.66108 7.24757 4.88869 3.12815 1.03956
100.76 5.28819 8.28547 8.62921 7.59969 4.39939 3.04943 0.443793 -5.50879 -8.28348 -9.05589 -9.71193 -8.77075 -5.75585 -1.43083 1.36081 3.26034 6.03263 7.80945 8.1012 7.13134 5.6167 4.30079 2.20157
100.81 5.39354 8.43021 8.74218 8.00734 5.40734 4.32084 1.67441 -4.32823 -7.23698 -8.64508 -10.2132 -9.83737 -6.99088 -2.50758 0.507239 2.52365 5.30308 7.08209 7.43794 6.88333 6.18086 5.30774 3.2398
100.86 5.47444 8.5383 8.82256 8.34194 6.29093 5.43692 2.77048 -3.1332 -6.0058 -7.96908 -10.4493 -10.5868 -8.04159 -3.64376 -0.50783 1.66219 4.52799 6.31184 6.6991 6.52043 6.59506 6.15888 4.13859
100.91 5.55076 8.63747 8.90455 8.60253 7.006 6.34928 3.69994 -1.94011 -4.61194 -7.01379 -10.4622 -11.1146 -8.85587 -4.75568 -1.65606 0.692862 3.71754 5.52172 5.9088 6.06135 6.87951 6.87478 4.90715
100.96 5.65281 8.74051 8.98229 8.77366 7.54435 7.04434 4.46126 -0.791517 -3.18193 -5.83895 -10.175 -11.348 -9.45347 -5.8626 -2.89243 -0.330542 2.90853 4.7707 5.12285 5.55524 7.06994 7.46451 5.53424
101.01 5.79235 8.79922 8.98148 8.84569 7.94386 7.53674 5.07386 0.289547 -1.80688 -4.57981 -9.53494 -11.2466 -9.86146 -6.97645 -4.20671 -1.38222 2.14336 4.09765 4.39143 5.05372 7.2067 7.95362 6.0342
101.06 5.93321 8.79788 8.9173 8.83795 8.22156 7.88277 5.60643 1.34741 -0.493733 -3.37119 -8.74106 -10.8451 -10.0412 -8.04335 -5.60562 -2.5299 1.34419 3.44486 3.68665 4.54636 7.25521 8.32443 6.4498
101.11 6.05236 8.71975 8.78233 8.75366 8.39808 8.11882 6.08412 2.39036 0.766516 -2.22379 -7.86492 -10.2315 -10.018 -8.99833 -7.00809 -3.73783 0.491282 2.76823 2.98828 4.03111 7.15241 8.49979 6.77352
101.16 6.12091 8.5432 8.56263 8.59244 8.49154 8.27111 6.50813 3.40385 1.96899 -1.09037 -6.89633 -9.476 -9.82637 -9.79848 -8.32925 -4.94528 -0.403935 2.05959 2.31441 3.53854 6.86522 8.39789 6.93658
101.21 6.10499 8.24333 8.23954 8.34778 8.51303 8.35948 6.87677 4.38408 3.13347 -0.000793194 -5.89218 -8.60468 -9.46779 -10.3983 -9.49049 -6.09271 -1.32595 1.32692 1.70708 3.11346 6.42758 8.00864 6.85034
101.26 5.968 7.79699 7.79692 8.01521 8.47142 8.39947 7.18841 5.32141 4.25466 1.02642 -4.88096 -7.64874 -8.95323 -10.7658 -10.4275 -7.12887 -2.25825 0.574977 1.17239 2.73549 5.89479 7.43693 6.52644
101.31 5.68496 7.19342 7.2301 7.59718 8.37008 8.39426 7.43635 6.19584 5.30719 1.9741 -3.88412 -6.65107 -8.30575 -10.874 -11.0833 -8.01397 -3.20038 -0.195273 0.701386 2.39818 5.31278 6.75835 6.03562
101.36 5.25457 6.44178 6.55149 7.10441 8.2046 8.33269 7.61028 6.98779 6.27177 2.84539 -2.88577 -5.61886 -7.56833 -10.7532 -11.4461 -8.72569 -4.15984 -1.01487 0.241882 2.06435 4.71427 6.03932 5.4473
101.41 4.7001 5.57166 5.79001 6.55168 7.96065 8.19084 7.69648 7.68147 7.14138 3.66516 -1.82305 -4.46804 -6.74725 -10.4858 -11.5784 -9.28476 -5.1398 -1.91681 -0.277733 1.66751 4.07367 5.28373 4.78858
101.46 4.05941 4.62615 4.98337 5.95036 7.61245 7.9319 7.67167 8.25781 7.9224 4.49913 -0.657058 -3.22865 -5.85838 -10.1017 -11.5363 -9.707 -6.10356 -2.88465 -0.886625 1.16632 3.35592 4.46809 4.05366
101.51 3.36628 3.64384 4.16168 5.30493 7.13949 7.53187 7.52384 8.69349 8.58913 5.35781 0.643575 -1.86804 -4.86545 -9.60502 -11.3589 -10.0139 -7.02451 -3.8908 -1.58365 0.55069 2.54389 3.57425 3.23122
101.56 2.63866 2.64253 3.33147 4.60846 6.53384 6.98869 7.25611 8.96589 9.10039 6.20484 2.07432 -0.3618 -3.68199 -8.92411 -11.0638 -10.2264 -7.9024 -4.92519 -2.3666 -0.17801 1.63949 2.60276 2.3222
101.61 1.87556 1.61507 2.47526 3.84711 5.80545 6.32433 6.88181 9.05407 9.4093 6.96488 3.59972 1.32371 -2.25628 -7.98656 -10.6079 -10.3299 -8.7373 -5.98948 -3.24038 -1.01758 0.656405 1.56995 1.34206
101.66 1.06133 0.538682 1.56756 3.01343 4.98708 5.58359 6.4175 8.93717 9.46837 7.53921 5.15607 3.21603 -0.642184 -6.8126 -9.8932 -10.2579 -9.49562 -7.06535 -4.19511 -1.95324 -0.381306 0.501037 0.315391
101.71 0.159068 -0.626838 0.575378 2.10119 4.12229 4.82337 5.88285 8.61014 9.25635 7.85178 6.63721 5.22192 1.09632 -5.39615 -8.82914 -9.92231 -10.1183 -8.11508 -5.20786 -2.96514 -1.4558 -0.587165 -0.736514
101.76 -0.89389 -1.9378 -0.54253 1.09554 3.2459 4.09063 5.29364 8.08714 8.79098 7.88818 7.91481 7.1453 2.84071 -3.75519 -7.32979 -9.19624 -10.5 -9.06275 -6.22726 -4.02068 -2.55589 -1.6883 -1.79724
101.81 -1.95745 -3.34298 -1.8791 -0.0784467 2.35227 3.39802 4.6575 7.40293 8.13222 7.70259 8.8718 8.74598 4.42678 -1.99097 -5.39274 -7.93252 -10.4958 -9.79634 -7.16973 -5.06945 -3.67026 -2.79638 -2.84492
101.86 -2.77769 -4.45162 -3.11073 -1.36575 1.31141 2.6657 3.94889 6.59837 7.36391 7.38468 9.44812 9.83813 5.70376 -0.274158 -3.29566 -6.23233 -9.99623 -10.1762 -7.90479 -6.01982 -4.76304 -3.88687 -3.83954
101.91 -3.51624 -5.37053 -4.11839 -2.53292 0.234034 1.84903 3.14736 5.69895 6.53719 6.99087 9.68546 10.4356 6.68441 1.3822 -1.22956 -4.38546 -9.09288 -10.1475 -8.34241 -6.80726 -5.82397 -4.96492 -4.77408
101.96 -4.15317 -6.20491 -4.97906 -3.42502 -0.782047 0.879299 2.23918 4.73561 5.69581 6.55165 9.64584 10.6136 7.40897 3.01022 0.79033 -2.55154 -7.94349 -9.74848 -8.4587 -7.3954 -6.83748 -6.03919 -5.66936
102.01 -4.5 -6.79289 -5.55344 -4.19636 -1.95425 -0.312101 1.24912 3.79244 4.91115 6.09977 9.38028 10.4369 7.86858 4.58901 2.79492 -0.763417 -6.65117 -9.04534 -8.26909 -7.76019 -7.75425 -7.08279 -6.5352
102.06 -4.54164 -7.08611 -5.88601 -4.87771 -3.26957 -1.73761 0.132293 2.88005 4.1876 5.61051 8.89599 9.94491 8.03021 6.07439 4.81737 0.999474 -5.24261 -8.06661 -7.78131 -7.88022 -8.51882 -8.05197 -7.36332
102.11 -4.3872 -7.08255 -5.96411 -5.44699 -4.66584 -3.35219 -1.13225 1.93698 3.45131 4.99445 8.15641 9.14992 7.8673 7.41058 6.82943 2.71882 -3.73776 -6.79484 -6.95884 -7.70462 -9.07171 -8.90271 -8.13763
102.16 -4.11685 -6.88367 -5.84755 -5.84835 -5.79244 -4.84519 -2.55597 0.825576 2.61471 4.17357 7.14652 8.08632 7.40431 8.50191 8.64543 4.2959 -2.21563 -5.27996 -5.77699 -7.15938 -9.33343 -9.57791 -8.82639
102.21 -3.81004 -6.39609 -5.40609 -6.0229 -6.67468 -5.98317 -3.93845 -0.427655 1.6538 3.16072 5.92863 6.84537 6.73033 9.25436 10.07 5.62393 -0.749834 -3.64398 -4.31769 -6.24325 -9.24736 -10.0154 -9.38171
102.26 -3.43952 -5.62732 -4.64128 -5.90149 -7.3411 -6.85351 -5.16576 -1.69554 0.630034 2.0532 4.62443 5.54844 5.95426 9.61598 11.0238 6.70642 0.657841 -2.00884 -2.73467 -5.04652 -8.82086 -10.1763 -9.76005
102.31 -3.00894 -4.62825 -3.59154 -5.43496 -7.80482 -7.52911 -6.13249 -2.88362 -0.461406 0.918633 3.36455 4.3144 5.17531 9.60865 11.5019 7.57852 2.04701 -0.434757 -1.17436 -3.72472 -8.1244 -10.0541 -9.93063
102.36 -2.49534 -3.44784 -2.32084 -4.6142 -8.04779 -8.08161 -6.82317 -3.97064 -1.62497 -0.194364 2.22716 3.22327 4.46271 9.31941 11.5391 8.23243 3.4378 1.10324 0.318678 -2.39775 -7.256 -9.67327 -9.88165
102.41 -1.86747 -2.13506 -0.904786 -3.48482 -8.03671 -8.54845 -7.29803 -4.97108 -2.88727 -1.28809 1.23902 2.30392 3.83378 8.82467 11.1928 8.62586 4.78571 2.64017 1.77843 -1.07937 -6.27843 -9.07516 -9.61955
102.46 -1.14685 -0.77534 0.553213 -2.10036 -7.61179 -8.77436 -7.72173 -6.03538 -4.25553 -2.36757 0.403681 1.58757 3.29648 8.17923 10.5323 8.69948 5.99445 4.17438 3.22584 0.238275 -5.21574 -8.29423 -9.15202
102.51 -0.36367 0.576307 1.99683 -0.618331 -6.80211 -8.65001 -8.05505 -7.13532 -5.71609 -3.50373 -0.327746 1.09154 2.84661 7.41405 9.63442 8.44592 6.97395 5.64715 4.64448 1.52835 -4.12912 -7.36704 -8.48128
102.56 0.457586 1.88929 3.37747 0.79099 -5.88962 -8.23266 -8.1709 -7.97292 -6.95725 -4.70074 -1.13325 0.676459 2.39371 6.53026 8.57883 7.94344 7.67933 6.9566 5.96453 2.7332 -3.08262 -6.36554 -7.64234
102.61 1.27539 3.12553 4.64351 2.07808 -4.91505 -7.56373 -8.07091 -8.60763 -7.89975 -5.76835 -1.98766 0.180333 1.84768 5.58173 7.46257 7.3145 8.12008 8.0231 7.11794 3.81024 -2.1007 -5.35192 -6.70265
102.66 2.07541 4.24781 5.6655 3.12266 -3.86701 -6.65686 -7.71959 -9.05505 -8.63236 -6.67189 -2.83874 -0.400766 1.22183 4.61442 6.36022 6.65775 8.33911 8.81673 8.06086 4.74358 -1.16596 -4.35071 -5.73198
102.71 2.80497 5.22565 6.48158 3.99153 -2.78328 -5.56069 -7.11019 -9.3308 -9.2351 -7.39626 -3.65915 -1.08792 0.537323 3.68079 5.33194 6.03697 8.3857 9.33994 8.76784 5.53144 -0.239054 -3.34175 -4.76446
102.76 3.44366 6.04827 7.11107 4.70796 -1.65499 -4.27333 -6.23011 -9.43316 -9.76994 -7.95873 -4.45182 -1.91725 -0.201292 2.81848 4.41942 5.48579 8.29744 9.60983 9.22856 6.17622 0.718143 -2.2784 -3.78912
102.81 3.98161 6.72097 7.59393 5.33125 -0.520083 -2.9148 -5.13376 -9.27839 -10.142 -8.40904 -5.28601 -2.8951 -0.983998 2.04568 3.66629 5.03234 8.10651 9.65221 9.44063 6.66438 1.69885 -1.14353 -2.78636
102.86 4.42099 7.2517 7.94658 5.87791 0.588398 -1.55911 -3.9248 -8.74633 -10.1839 -8.80723 -6.2722 -4.0307 -1.82149 1.36385 3.11357 4.7005 7.84374 9.50689 9.42577 6.98799 2.66482 0.0409083 -1.75596
102.91 4.76892 7.66427 8.2153 6.40356 1.70628 -0.207388 -2.70637 -8.02771 -9.92596 -9.06909 -7.32995 -5.33308 -2.81495 0.658616 2.66983 4.40339 7.4772 9.19419 9.22722 7.18159 3.61772 1.29316 -0.657113
102.96 5.03568 7.97902 8.42021 6.91303 2.82138 1.12529 -1.43361 -7.10582 -9.42512 -9.19678 -8.39856 -6.74709 -3.96253 -0.129743 2.23462 4.04799 6.97115 8.72169 8.86829 7.25574 4.52038 2.57313 0.511858
103.01 5.22653 8.20615 8.57025 7.39741 3.92477 2.46021 -0.129913 -6.02116 -8.68359 -9.1543 -9.38242 -8.17274 -5.18663 -1.00487 1.67663 3.54235 6.33805 8.11115 8.36402 7.19987 5.31399 3.79948 1.69735
103.06 5.35139 8.37159 8.69644 7.83569 4.97357 3.77204 1.14331 -4.85393 -7.72496 -8.85991 -10.0282 -9.41153 -6.46077 -2.01595 0.90763 2.86626 5.63232 7.41088 7.74245 7.00838 5.95063 4.88236 2.79767
103.11 5.44042 8.49393 8.79022 8.20207 5.91677 4.96581 2.30361 -3.66329 -6.57148 -8.30087 -10.374 -10.2874 -7.60391 -3.13984 -0.0405196 2.058 4.87624 6.65686 7.03423 6.69427 6.42879 5.79955 3.75695
103.16 5.51598 8.59231 8.8655 8.49768 6.71286 5.97103 3.30877 -2.46763 -5.24486 -7.47043 -10.4846 -10.9043 -8.52608 -4.27024 -1.1331 1.13395 4.07997 5.87232 6.26336 6.27504 6.76814 6.57343 4.58252
103.21 5.59957 8.69789 8.95804 8.71199 7.32284 6.76388 4.14661 -1.28854 -3.80934 -6.38249 -10.3599 -11.2864 -9.20677 -5.36736 -2.33822 0.120272 3.25775 5.09269 5.46474 5.77988 6.99287 7.2175 5.27536
103.26 5.7291 8.77998 8.98987 8.82414 7.7833 7.33958 4.81527 -0.185041 -2.40849 -5.13514 -9.845 -11.3335 -9.70941 -6.48516 -3.61152 -0.905666 2.48275 4.38918 4.70978 5.27547 7.15362 7.74871 5.82474
103.31 5.87214 8.80692 8.95387 8.85087 8.11202 7.74465 5.37787 0.880478 -1.0683 -3.8982 -9.10547 -11.0542 -9.98842 -7.58086 -4.97981 -2.01049 1.70493 3.73527 3.99768 4.77273 7.24877 8.17892 6.27522
103.36 6.00402 8.76521 8.85175 8.80045 8.33111 8.02594 5.87885 1.93088 0.214956 -2.72776 -8.26363 -10.524 -10.0506 -8.59218 -6.39223 -3.19938 0.87508 3.07193 3.29647 4.25902 7.22009 8.45223 6.64446
103.41 6.0989 8.63518 8.67167 8.67381 8.45961 8.21255 6.32685 2.95845 1.44144 -1.58862 -7.33243 -9.8267 -9.93228 -9.46653 -7.75948 -4.41454 -0.00341258 2.3767 2.60695 3.7506 7.01436 8.48044 6.89083
103.46 6.12495 8.39308 8.39669 8.4669 8.51174 8.32697 6.72027 3.95428 2.62198 -0.476954 -6.3395 -9.0033 -9.64661 -10.1592 -9.00001 -5.59559 -0.915509 1.65503 1.96758 3.29248 6.63472 8.21157 6.92222
103.51 6.04573 8.01391 8.00846 8.17349 8.49729 8.38714 7.05761 4.9125 3.76475 0.580488 -5.32803 -8.08022 -9.1998 -10.6341 -10.0441 -6.68619 -1.8443 0.909406 1.39983 2.89752 6.14022 7.70762 6.69479
103.56 5.82913 7.48014 7.4962 7.79245 8.42248 8.40256 7.33496 5.81755 4.85077 1.56412 -4.32363 -7.09517 -8.60602 -10.8583 -10.8302 -7.64291 -2.78155 0.149563 0.904518 2.54391 5.57299 7.06651 6.26866
103.61 5.46252 6.79162 6.86442 7.33097 8.28629 8.36775 7.54252 6.6478 5.85711 2.47058 -3.33287 -6.09286 -7.90828 -10.8272 -11.3169 -8.42971 -3.73077 -0.642202 0.449408 2.2163 4.98237 6.36155 5.71723
103.66 4.95873 5.9691 6.13522 6.80317 8.08013 8.26613 7.6708 7.38739 6.76649 3.30266 -2.30426 -4.98838 -7.1185 -10.6203 -11.5449 -9.05552 -4.70562 -1.50764 -0.0374647 1.85433 4.36492 5.62417 5.08901
103.71 4.35147 5.0515 5.34396 6.22225 7.78114 8.06304 7.69741 8.01827 7.58829 4.12605 -1.18884 -3.79011 -6.26231 -10.2853 -11.5731 -9.5352 -5.68067 -2.44962 -0.605568 1.40238 3.68498 4.83834 4.38953
103.76 3.6782 4.08175 4.52645 5.59648 7.36531 7.72725 7.60471 8.51942 8.31034 4.9756 0.0497045 -2.48877 -5.32129 -9.84 -11.4534 -9.89141 -6.62289 -3.44186 -1.26465 0.837191 2.91522 3.98009 3.60658
103.81 2.96502 3.08854 3.70119 4.92432 6.81844 7.24609 7.38859 8.8662 8.8954 5.83492 1.42758 -1.04428 -4.24239 -9.26319 -11.2067 -10.1407 -7.51631 -4.46207 -2.00797 0.15932 2.05128 3.04216 2.73498
103.86 2.21857 2.0745 2.85921 4.193 6.14165 6.63125 7.05988 9.03937 9.30082 6.64509 2.91498 0.550139 -2.91338 -8.43066 -10.8367 -10.3019 -8.37481 -5.51539 -2.8427 -0.633003 1.09985 2.03322 1.78338
103.91 1.43009 1.02367 1.9779 3.39196 5.35796 5.91758 6.63306 9.015 9.47511 7.31357 4.46877 2.35545 -1.37762 -7.36248 -10.2474 -10.3163 -9.17198 -6.58896 -3.76311 -1.52795 0.0837474 0.97757 0.774334
103.96 0.573016 -0.0962405 1.02777 2.51562 4.50845 5.15903 6.1272 8.78049 9.38354 7.74814 5.99823 4.32991 0.317167 -6.05334 -9.34967 -10.1109 -9.8649 -7.65718 -4.75459 -2.50924 -0.976182 -0.103413 -0.268617
104.01 -0.404116 -1.33531 -0.0290666 1.55394 3.63418 4.41 5.56089 8.34144 9.02558 7.90406 7.38207 6.31841 2.07657 -4.50682 -8.05176 -9.5754 -10.3694 -8.66213 -5.77948 -3.55036 -2.0659 -1.19909 -1.32737
104.06 -1.53681 -2.7498 -1.2516 0.480407 2.75835 3.70217 4.94433 7.72176 8.44142 7.80574 8.49367 8.09335 3.75743 -2.77305 -6.29203 -8.56432 -10.5564 -9.5069 -6.76928 -4.61092 -3.17696 -2.30627 -2.3851
104.11 -2.42837 -3.99398 -2.59977 -0.79794 1.78861 2.99772 4.27294 6.96782 7.71399 7.53744 9.23842 9.41902 5.17746 -1.02539 -4.22672 -7.01957 -10.2767 -10.0579 -7.61222 -5.61601 -4.28282 -3.40643 -3.40704
104.16 -3.19642 -4.9755 -3.69176 -2.04824 0.702049 2.22632 3.5163 6.108 6.90818 7.17239 9.61786 10.2272 6.28328 0.653513 -2.13723 -5.2071 -9.53208 -10.2097 -8.18831 -6.48142 -5.35822 -4.48772 -4.36633
104.21 -3.89045 -5.84642 -4.61701 -3.06096 -0.333571 1.33052 2.65267 5.16689 6.06711 6.75054 9.69431 10.5818 7.11855 2.29166 -0.101786 -3.35961 -8.47544 -9.96679 -8.4462 -7.1609 -6.39662 -5.56447 -5.27628
104.26 -4.40663 -6.568 -5.31995 -3.85819 -1.41494 0.243085 1.69875 4.20195 5.24743 6.3 9.52348 10.5556 7.69996 3.89936 1.90767 -1.54973 -7.23729 -9.39076 -8.3897 -7.62765 -7.36406 -6.6272 -6.15563
104.31 -4.54824 -6.99507 -5.77234 -4.58971 -2.67237 -1.07844 0.64556 3.28497 4.50513 5.83737 9.13965 10.2007 7.99745 5.43034 3.9173 0.222569 -5.88068 -8.53611 -8.03579 -7.85942 -8.20222 -7.63438 -7.00188
104.36 -4.47902 -7.11809 -5.95863 -5.20934 -4.04566 -2.61926 -0.553566 2.36188 3.7838 5.28869 8.51778 9.53862 7.97981 6.84214 5.94749 1.96507 -4.41362 -7.39427 -7.36828 -7.82427 -8.85773 -8.54362 -7.80253
104.41 -4.2431 -6.99249 -5.924 -5.69324 -5.33435 -4.2365 -1.92353 1.34461 3.00404 4.56573 7.62567 8.58598 7.64162 8.05565 7.8808 3.625 -2.88443 -5.97273 -6.34184 -7.44926 -9.25839 -9.30465 -8.5348
104.46 -3.95491 -6.65061 -5.64351 -5.9776 -6.31148 -5.51679 -3.33838 0.136188 2.09049 3.62708 6.48658 7.40941 7.04789 8.96728 9.49454 5.06813 -1.39171 -4.37652 -4.98949 -6.69052 -9.32988 -9.85454 -9.15519
104.51 -3.61078 -5.99929 -5.01818 -5.99564 -7.07093 -6.4961 -4.64962 -1.14054 1.09152 2.55086 5.20344 6.12173 6.30403 9.5049 10.6605 6.25339 0.0409522 -2.72398 -3.44035 -5.60408 -9.04867 -10.1396 -9.61613
104.56 -3.20798 -5.09614 -4.08831 -5.6862 -7.62511 -7.24909 -5.7392 -2.36939 0.0294412 1.42001 3.91107 4.84703 5.51522 9.65236 11.3473 7.21775 1.43087 -1.12586 -1.85738 -4.31528 -8.46001 -10.1427 -9.88205
104.61 -2.73547 -3.99007 -2.90611 -5.01971 -7.96962 -7.84842 -6.5488 -3.50125 -1.09849 0.295283 2.71285 3.68599 4.76786 9.47654 11.5735 7.97149 2.82297 0.424195 -0.335654 -2.98359 -7.65675 -9.87137 -9.93026
104.66 -2.16088 -2.72986 -1.54585 -4.01885 -8.07457 -8.35198 -7.10856 -4.53698 -2.31609 -0.804135 1.65936 2.68958 4.1028 9.06598 11.3896 8.48761 4.19887 1.95751 1.13275 -1.66421 -6.72389 -9.36487 -9.7614
104.71 -1.47198 -1.37508 -0.0897953 -2.74248 -7.87999 -8.71804 -7.5237 -5.54051 -3.63682 -1.8944 0.750723 1.87372 3.51915 8.47894 10.8579 8.7089 5.4839 3.49929 2.58821 -0.34179 -5.6911 -8.66002 -9.3849
104.76 -0.71824 -0.020782 1.36127 -1.27178 -7.18177 -8.74683 -7.93575 -6.6773 -5.06359 -2.976 -0.00346313 1.28996 3.04012 7.76858 10.0571 8.59544 6.57183 5.00731 4.02153 0.961501 -4.61103 -7.79325 -8.80262
104.81 0.0925063 1.31532 2.77617 0.178459 -6.30216 -8.45045 -8.14493 -7.62895 -6.44989 -4.18217 -0.766398 0.8659 2.6028 6.9328 9.05922 8.18878 7.40126 6.40321 5.39733 2.2141 -3.53789 -6.81338 -8.03116
104.86 0.912594 2.58873 4.10749 1.53454 -5.35647 -7.89145 -8.14474 -8.35014 -7.51292 -5.31389 -1.60696 0.410331 2.10101 6.00728 7.95945 7.6016 7.95514 7.58342 6.63064 3.35018 -2.52821 -5.79991 -7.12657
104.91 1.72797 3.76774 5.24056 2.68462 -4.33682 -7.08377 -7.90689 -8.87913 -8.32858 -6.29349 -2.46449 -0.132003 1.5073 5.04178 6.84263 6.94729 8.26616 8.49913 7.67104 4.34812 -1.57649 -4.79311 -6.16266
104.96 2.49193 4.81094 6.14445 3.6278 -3.26891 -6.07289 -7.41384 -9.22775 -8.97851 -7.09665 -3.29958 -0.767737 0.847475 4.08745 5.77528 6.30491 8.38364 9.14056 8.48448 5.19986 -0.651848 -3.79276 -5.19272
105.01 3.17306 5.70305 6.85215 4.40434 -2.15801 -4.85868 -6.65092 -9.41288 -9.5411 -7.72862 -4.10419 -1.53142 0.131856 3.18955 4.8072 5.71994 8.3513 9.52021 9.05527 5.90873 0.289505 -2.75845 -4.22374
105.06 3.75585 6.44096 7.39746 5.06659 -1.01892 -3.51748 -5.6419 -9.39743 -10.022 -8.2129 -4.89219 -2.44314 -0.635751 2.37327 3.97418 5.21668 8.20012 9.65874 9.37712 6.46969 1.26593 -1.65161 -3.2327
105.11 4.23829 7.03278 7.80295 5.64056 0.0973692 -2.15933 -4.46316 -9.01039 -10.2062 -8.64667 -5.82237 -3.50542 -1.43435 1.66276 3.33811 4.83693 7.97043 9.59264 9.45718 6.86236 2.23771 -0.492275 -2.21876
105.16 4.62556 7.49468 8.10482 6.17192 1.2096 -0.805334 -3.24859 -8.36753 -10.0731 -8.97001 -6.85652 -4.73827 -2.35413 0.979068 2.86002 4.5372 7.65492 9.35272 9.33586 7.11052 3.19884 0.731431 -1.1536
105.21 4.92706 7.85107 8.33707 6.69018 2.32843 0.535803 -2.00242 -7.53646 -9.6772 -9.15955 -7.92948 -6.11254 -3.43821 0.230868 2.4308 4.21685 7.21395 8.9503 9.04638 7.23817 4.13048 2.00765 -0.0120931
105.26 5.15178 8.11573 8.50905 7.18533 3.43725 1.8673 -0.710541 -6.51965 -9.04102 -9.19698 -8.96787 -7.54753 -4.64107 -0.606076 1.95543 3.79392 6.62906 8.39511 8.60354 7.24126 4.9794 3.26841 1.17526
105.31 5.30247 8.30446 8.64378 7.6496 4.51897 3.19941 0.589288 -5.37555 -8.1743 -9.02258 -9.78517 -8.91298 -5.90251 -1.5463 1.27294 3.18297 5.95189 7.72935 8.03015 7.10942 5.68924 4.42428 2.32729
105.36 5.40378 8.44428 8.75291 8.04901 5.5149 4.45713 1.80677 -4.19253 -7.10554 -8.5816 -10.2525 -9.93682 -7.12158 -2.63624 0.398838 2.43122 5.21666 6.99592 7.35707 6.84747 6.2353 5.41219 3.3491
105.41 5.48311 8.54937 8.83064 8.37593 6.38225 5.5514 2.88523 -2.99696 -5.85515 -7.87523 -10.462 -10.6567 -8.1467 -3.77284 -0.632578 1.55656 4.43695 6.22215 6.61105 6.47256 6.6337 6.24705 4.23264
105.46 5.56034 8.64972 8.91536 8.62696 7.07536 6.43974 3.79567 -1.80494 -4.44714 -6.88923 -10.4492 -11.1626 -8.9328 -4.87828 -1.79335 0.575907 3.62225 5.43199 5.81703 6.00429 6.90472 6.94826 4.9865
105.51 5.66807 8.75009 8.98581 8.78634 7.59681 7.10949 4.53685 -0.666212 -3.02232 -5.69569 -10.1147 -11.354 -9.5115 -5.99019 -3.0372 -0.446906 2.82053 4.69056 5.03675 5.49773 7.08838 7.52507 5.59656
105.56 5.80894 8.80256 8.97761 8.84884 7.9812 7.58258 5.13769 0.410842 -1.65423 -4.43882 -9.45044 -11.2145 -9.89321 -7.10172 -4.36308 -1.50838 2.05468 4.02319 4.31027 4.99642 7.21791 8.00307 6.08552
105.61 5.94854 8.7934 8.90595 8.83237 8.24648 7.91461 5.66337 1.46705 -0.347644 -3.23794 -8.6451 -10.7846 -10.0482 -8.15897 -5.76716 -2.66589 1.24932 3.36909 3.6065 4.48758 7.25221 8.35617 6.4922
105.66 6.0635 8.7052 8.7621 8.73945 8.41275 8.13993 6.13504 2.50728 0.905855 -2.09353 -7.75816 -10.1523 -10.0049 -9.09844 -7.16444 -3.87677 0.390841 2.68869 2.90923 3.97272 7.12884 8.50341 6.80229
105.71 6.12422 8.51585 8.53155 8.56906 8.49754 8.28403 6.55288 3.51728 2.10344 -0.963702 -6.78316 -9.38223 -9.79399 -9.8777 -8.471 -5.08018 -0.508051 1.97706 2.24103 3.48591 6.82158 8.36715 6.94066
105.76 6.09626 8.20029 8.19549 8.31452 8.51148 8.3663 6.91515 4.49325 3.26371 0.119737 -5.77688 -8.49949 -9.41708 -10.4528 -9.60985 -6.21722 -1.43193 1.24161 1.64207 3.06815 6.37087 7.9509 6.82427
105.81 5.94351 7.73621 7.73863 7.97191 8.46304 8.4013 7.22 5.42455 4.37842 1.13844 -4.76655 -7.53641 -8.88559 -10.7916 -10.5174 -7.23812 -2.36514 0.488297 1.11589 2.69507 5.82957 7.36328 6.47764
105.86 5.64321 7.11487 7.15807 7.54466 8.35477 8.39047 7.46004 6.29043 5.42176 2.07715 -3.77147 -6.53692 -8.22613 -10.8704 -11.1387 -8.10372 -3.30864 -0.285506 0.649612 2.36084 5.24521 6.67775 5.97263
105.91 5.19706 6.34785 6.46826 7.04432 8.1814 8.32142 7.62505 7.07209 6.3751 2.93956 -2.7687 -5.4924 -7.47812 -10.7298 -11.472 -8.79712 -4.27126 -1.11372 0.186375 2.02307 4.64378 5.95521 5.37571
105.96 4.63076 5.46685 5.69968 6.48553 7.92684 8.16796 7.69963 7.7534 7.23498 3.75876 -1.69617 -4.33167 -6.64995 -10.4478 -11.5815 -9.33938 -5.25115 -2.02443 -0.342634 1.61584 3.99602 5.1941 4.7089
106.01 3.98259 4.51544 4.89011 5.87912 7.56526 7.89381 7.66118 8.31502 8.00476 4.59592 -0.516041 -3.08061 -5.75147 -10.0512 -11.5228 -9.74764 -6.2111 -2.99796 -0.96196 1.10164 3.26791 4.37006 3.96435
106.06 3.28497 3.53058 4.06766 5.22843 7.07726 7.47708 7.49922 8.73308 8.65589 5.45592 0.800808 -1.70318 -4.74353 -9.54058 -11.3307 -10.0421 -7.1262 -4.00707 -1.66844 0.473238 2.44511 3.46705 3.13169
106.11 2.5536 2.52696 3.23557 4.52517 6.45666 6.91855 7.21868 8.98579 9.14679 6.29753 2.24396 -0.180503 -3.53016 -8.8291 -11.0223 -10.2453 -8.00049 -5.0454 -2.4619 -0.268597 1.53064 2.48735 2.21341
106.16 1.78578 1.49537 2.37488 3.75581 5.71597 6.24281 6.83317 9.05142 9.42929 7.04141 3.77716 1.52964 -2.08103 -7.86492 -10.5413 -10.3321 -8.82848 -6.112 -3.34542 -1.11982 0.540241 1.44924 1.22668
106.21 0.963806 0.411172 1.45935 2.91354 4.89006 5.49692 6.35985 8.9105 9.45793 7.58887 5.33086 3.44177 -0.448545 -6.6634 -9.79149 -10.2353 -9.57516 -7.18744 -4.30833 -2.06532 -0.502387 0.377517 0.196169
106.26 0.0479382 -0.767889 0.455025 1.9916 4.02251 4.73788 5.81835 8.56008 9.21537 7.86935 6.79543 5.4496 1.29756 -5.21966 -8.68167 -9.86224 -10.1767 -8.23019 -5.32503 -3.08406 -1.58018 -0.712275 -0.857514
106.31 -1.02693 -2.09913 -0.679904 0.97387 3.14602 4.00987 5.22331 8.01633 8.72403 7.87651 8.04183 7.34866 3.03326 -3.55632 -7.12903 -9.08257 -10.5223 -9.15963 -6.34047 -4.14182 -2.68267 -1.81471 -1.91817
106.36 -2.05802 -3.48448 -2.03405 -0.225106 2.24133 3.31768 4.58096 7.31687 8.04907 7.67169 8.9565 8.89709 4.58867 -1.79142 -5.15594 -7.75517 -10.4641 -9.85985 -7.26644 -5.1844 -3.79643 -2.92191 -2.96168
106.41 -2.86534 -4.56295 -3.23481 -1.50962 1.18642 2.57804 3.86282 6.50034 7.27195 7.34294 9.49102 9.92978 5.8295 -0.0829148 -3.05709 -6.02465 -9.91081 -10.1937 -7.97087 -6.11873 -4.88562 -4.01004 -3.94887
106.46 -3.59629 -5.47017 -4.22396 -2.64828 0.116202 1.747 3.04871 5.59142 6.44112 6.94274 9.69393 10.4755 6.77945 1.56887 -0.99768 -4.17464 -8.97202 -10.1198 -8.372 -6.88492 -5.9425 -5.08767 -4.87771
106.51 -4.21571 -6.29322 -5.05666 -3.51231 -0.90542 0.755447 2.13076 4.62461 5.60174 6.50001 9.62613 10.6103 7.4754 3.19384 1.01947 -2.34507 -7.80208 -9.68278 -8.45247 -7.4489 -6.94811 -6.16052 -5.76959
106.56 -4.51552 -6.84247 -5.6055 -4.27981 -2.09792 -0.462945 1.12922 3.68821 4.82687 6.04749 9.33673 10.3964 7.90259 4.76366 3.02384 -0.561597 -6.49669 -8.9482 -8.22916 -7.787 -7.8501 -7.19772 -6.63162
106.61 -4.53401 -7.10023 -5.90724 -4.9483 -3.42647 -1.91374 -0.00466702 2.77489 4.10567 5.54841 8.82534 9.86941 8.02822 6.23563 5.04931 1.19818 -5.07523 -7.93661 -7.70585 -7.87691 -8.59401 -8.15578 -7.45453
106.66 -4.35985 -7.06794 -5.96009 -5.50192 -4.81285 -3.54211 -1.29128 1.82203 3.36328 4.9126 8.0548 9.04108 7.82842 7.54947 7.0511 2.90899 -3.56269 -6.63217 -6.84192 -7.66251 -9.118 -8.98975 -8.22114
106.71 -4.08555 -6.8453 -5.81553 -5.88091 -5.90398 -4.9907 -2.71776 0.68705 2.51012 4.06605 7.01613 7.95166 7.33614 8.60617 8.82988 4.46051 -2.04539 -5.09749 -5.62245 -7.07305 -9.34203 -9.64089 -8.8971
106.76 -3.77102 -6.322 -5.33505 -6.02547 -6.76121 -6.09434 -4.08834 -0.573779 1.53936 3.03732 5.78171 6.69802 6.64509 9.31579 10.2029 5.75858 -0.586266 -3.45453 -4.14053 -6.11956 -9.21546 -10.048 -9.43413
106.81 -3.39394 -5.52451 -4.5354 -5.86664 -7.40444 -6.93894 -5.29005 -1.83576 0.508548 1.92368 4.47659 5.40262 5.86394 9.63249 11.1019 6.81621 0.816052 -1.82671 -2.55388 -4.89911 -8.75372 -10.1768 -9.79034
106.86 -2.95551 -4.50229 -3.45677 -5.35917 -7.84441 -7.59712 -6.22455 -3.01264 -0.589914 0.790206 3.22758 4.18172 5.08991 9.58822 11.5274 7.66448 2.20577 -0.258189 -1.00101 -3.57292 -8.03285 -10.0234 -9.9361
106.91 -2.43012 -3.30425 -2.16579 -4.50011 -8.06014 -8.13905 -6.88649 -4.08855 -1.76376 -0.31977 2.10689 3.10957 4.38691 9.27241 11.5179 8.29149 3.59497 1.27787 0.485791 -2.24761 -7.14984 -9.61581 -9.8625
106.96 -1.78816 -1.97943 -0.737212 -3.34 -8.01888 -8.59631 -7.3423 -5.08059 -3.03692 -1.41309 1.13443 2.2101 3.76665 8.75726 11.1318 8.65133 4.93283 2.81626 1.94444 -0.92837 -6.16029 -8.99509 -9.57701
107.01 -1.06098 -0.621086 0.718572 -1.93185 -7.53075 -8.77842 -7.76982 -6.16563 -4.41813 -2.49024 0.318277 1.52132 3.24224 8.09837 10.4408 8.68639 6.11869 4.34651 3.38916 0.386696 -5.09276 -8.19576 -9.08601
107.06 -0.270947 0.728754 2.15822 -0.452901 -6.70175 -8.61624 -8.07879 -7.24295 -5.87608 -3.64317 -0.414611 1.04357 2.79693 7.31868 9.52027 8.39903 7.06861 5.80681 4.8018 1.67161 -4.0064 -7.25511 -8.39349
107.11 0.55139 2.03455 3.52921 0.945448 -5.78192 -8.16906 -8.1712 -8.05513 -7.07806 -4.82985 -1.22939 0.624179 2.33628 6.42455 8.45309 7.87602 7.74236 7.09135 6.10531 2.86281 -2.96752 -6.24995 -7.53925
107.16 1.36909 3.26022 4.77191 2.20799 -4.79858 -7.47151 -8.044 -8.66797 -7.99243 -5.88018 -2.08563 0.118477 1.77974 5.47128 7.33489 7.23957 8.15535 8.12753 7.23663 3.92401 -1.99233 -5.23721 -6.5928
107.21 2.16276 4.36675 5.76823 3.22975 -3.74542 -6.54167 -7.66364 -9.09493 -8.70619 -6.76349 -2.93405 -0.473218 1.14635 4.50522 6.2382 6.58429 8.35235 8.88982 8.15362 4.84064 -1.06069 -4.23681 -5.62151
107.26 2.88287 5.32736 6.56177 4.07924 -2.65645 -5.42131 -7.02319 -9.35259 -9.29941 -7.46836 -3.75099 -1.17508 0.455447 3.57805 5.22126 5.9701 8.3819 9.38317 8.83295 5.6123 -0.13171 -3.22387 -4.65412
107.31 3.51028 6.13236 7.17294 4.78308 -1.52523 -4.1203 -6.11495 -9.43192 -9.82676 -8.01348 -4.5405 -2.02143 -0.288747 2.72576 4.3239 5.42809 8.28001 9.6255 9.26522 6.24025 0.829694 -2.15206 -3.67616
107.36 4.03676 6.78838 7.63969 5.39598 -0.393487 -2.76036 -4.99839 -9.23139 -10.1636 -8.46018 -5.39266 -3.01579 -1.07403 1.96541 3.59403 4.98936 8.08047 9.64459 9.44949 6.70887 1.80945 -1.01161 -2.67099
107.41 4.46525 7.30434 7.98081 5.93824 0.714981 -1.40498 -3.78659 -8.67307 -10.1686 -8.8442 -6.39045 -4.17151 -1.92636 1.28613 3.05944 4.6667 7.80793 9.47952 9.41182 7.01618 2.77455 0.1806 -1.63452
107.46 4.80341 7.70499 8.24177 6.46257 1.83363 -0.0549735 -2.56408 -7.93261 -9.88123 -9.0912 -7.45283 -5.49023 -2.93887 0.573231 2.62105 4.36703 7.42696 9.14829 9.1942 7.19621 3.72427 1.43914 -0.526661
107.51 5.06152 8.00932 8.43972 6.96927 2.94754 1.27673 -1.28668 -6.99027 -9.35284 -9.20113 -8.51714 -6.91126 -4.10083 -0.22557 2.18256 4.00088 6.90361 8.65796 8.81764 7.25616 4.61747 2.71733 0.647662
107.56 5.24362 8.22765 8.58575 7.45073 4.04836 2.61232 0.0184551 -5.89087 -8.58531 -9.13458 -9.47456 -8.33043 -5.33173 -1.11205 1.59861 3.47233 6.2606 8.03503 8.29855 7.18487 5.39506 3.93153 1.82917
107.61 5.36297 8.38767 8.70903 7.88125 5.08724 3.9157 1.28216 -4.71924 -7.60339 -8.80997 -10.0811 -9.52744 -6.60027 -2.14099 0.807553 2.78024 5.54827 7.32706 7.66561 6.9785 6.01287 4.99493 2.91417
107.66 5.44958 8.50604 8.79914 8.23929 6.01566 5.09063 2.42652 -3.52709 -6.42905 -8.2207 -10.3979 -10.3691 -7.72093 -3.26982 -0.158395 1.95795 4.78706 6.56839 6.94902 6.65149 6.47422 5.89474 3.8577
107.71 5.52489 8.60397 8.87545 8.52634 6.79177 6.07218 3.41221 -2.33179 -5.08379 -7.35784 -10.4835 -10.962 -8.61575 -4.39659 -1.26592 1.02186 3.98696 5.7818 6.17251 6.22148 6.79903 6.65348 4.66856
107.76 5.61232 8.71008 8.96671 8.73018 7.38224 6.84009 4.23086 -1.15893 -3.64699 -6.24601 -10.3222 -11.3077 -9.27259 -5.49468 -2.48025 0.00344297 3.16593 5.00773 5.37538 5.72184 7.01367 7.28319 5.34485
107.81 5.74546 8.78624 8.98917 8.8314 7.827 7.39312 4.88331 -0.0625455 -2.25264 -4.99163 -9.76876 -11.3174 -9.75302 -6.61214 -3.76281 -1.02661 2.39558 4.31319 4.62695 5.21832 7.16864 7.8035 5.88043
107.86 5.88834 8.80615 8.94601 8.84921 8.14223 7.78227 5.43758 1.00073 -0.919585 -3.7615 -9.01356 -11.005 -10.0061 -7.70173 -5.14038 -2.14286 1.6129 3.66062 3.91729 4.71457 7.25299 8.21974 6.32183
107.91 6.01746 8.75542 8.83563 8.79003 8.35002 8.05143 5.93256 2.04966 0.358255 -2.59881 -8.16412 -10.4515 -10.0452 -8.69918 -6.55177 -3.33771 0.777014 2.99416 3.21667 4.20002 7.20617 8.46958 6.68037
107.96 6.10615 8.61385 8.64569 8.65464 8.46937 8.22888 6.37439 3.07346 1.5777 -1.45985 -7.22123 -9.73902 -9.90839 -9.5556 -7.90877 -4.55204 -0.106112 2.29526 2.53025 3.69461 6.97899 8.46502 6.90732
108.01 6.12211 8.35733 8.35863 8.43812 8.51345 8.3363 6.76147 4.0654 2.75406 -0.35359 -6.22491 -8.90278 -9.60376 -10.225 -9.13008 -5.72547 -1.02112 1.57093 1.89912 3.24532 6.58292 8.16301 6.90888
108.06 6.02857 7.96114 7.95654 8.13461 8.49193 8.3912 7.09235 5.01863 3.89179 0.696545 -5.21292 -7.97047 -9.13935 -10.6729 -10.1479 -6.80272 -1.95074 0.823349 1.33957 2.85449 6.07812 7.64062 6.65522
108.11 5.79501 7.40931 7.43005 7.74386 8.41035 8.40151 7.36238 5.91624 4.9696 1.6709 -4.2104 -6.98124 -8.53079 -10.8674 -10.9011 -7.74169 -2.88913 0.0613481 0.851382 2.50568 5.50592 6.98791 6.21085
108.16 5.41165 6.70406 6.78572 7.27401 8.26677 8.36012 7.56142 6.73692 5.96567 2.56864 -3.21915 -5.97467 -7.8233 -10.811 -11.3546 -8.50854 -3.84046 -0.736531 0.396778 2.17786 4.91366 6.27902 5.64912
108.21 4.89408 5.86846 6.04747 6.73953 8.05141 8.24897 7.67948 7.4651 6.86436 3.39564 -2.18228 -4.85612 -7.02431 -10.5882 -11.5571 -9.11723 -4.81752 -1.61167 -0.0978538 1.80781 4.29091 5.5373 5.01299
108.26 4.2775 4.94286 5.25156 6.15319 7.74017 8.03205 7.69317 8.08239 7.67606 4.22133 -1.05455 -3.64778 -6.16028 -10.2403 -11.5664 -9.58168 -5.79023 -2.56081 -0.676373 1.34351 3.6017 4.7442 4.30458
108.31 3.59866 3.96938 4.43268 5.5224 7.30984 7.67989 7.58634 8.56723 8.38469 5.07371 0.199727 -2.33207 -5.20679 -9.78215 -11.4317 -9.92503 -6.72724 -3.55701 -1.34536 0.765275 2.82105 3.87682 3.51145
108.36 2.88171 2.97414 3.60642 4.84426 6.74774 7.18245 7.35669 8.89522 8.95158 5.9311 1.5919 -0.871685 -4.10338 -9.18129 -11.1726 -10.1646 -7.61631 -4.58058 -2.09857 0.0744701 1.9466 2.93003 2.62995
108.41 2.13115 1.95698 2.76118 4.10533 6.05711 6.5541 7.01598 9.04704 9.33322 6.73028 3.09 0.744969 -2.74819 -8.321 -10.7825 -10.3122 -8.46933 -5.63702 -2.94349 -0.730255 0.986575 1.91445 1.6705
108.46 1.33659 0.900213 1.87363 3.29594 5.26362 5.83237 6.57913 8.99907 9.47849 7.37624 4.64628 2.57381 -1.19133 -7.22573 -10.1626 -10.3059 -9.25743 -6.7117 -3.87298 -1.63593 -0.0354017 0.855041 0.656472
108.51 0.468908 -0.230437 0.913405 2.41055 4.40939 5.07234 6.06551 8.7406 9.35584 7.78009 6.16568 4.55967 0.516704 -5.88881 -9.22381 -10.0693 -9.9341 -7.7764 -4.87069 -2.62556 -1.09924 -0.227898 -0.389079
108.56 -0.52637 -1.48691 -0.158362 1.43796 3.53418 4.32699 5.49316 8.27946 8.96939 7.9046 7.52458 6.53585 2.27505 -4.31694 -7.87507 -9.48749 -10.4097 -8.76866 -5.89557 -3.67113 -2.19166 -1.32492 -1.44859
108.61 -1.65185 -2.91054 -1.4133 0.340828 2.65697 3.62452 4.87184 7.64219 8.36426 7.78202 8.5982 8.27066 3.93539 -2.57117 -6.06497 -8.41176 -10.5508 -9.58777 -6.87567 -4.73033 -3.30421 -2.43276 -2.50447
108.66 -2.52011 -4.11621 -2.73608 -0.94505 1.66741 2.91335 4.19106 6.87466 7.62527 7.49979 9.29905 9.53638 5.31858 -0.830774 -3.98685 -6.8211 -10.2134 -10.0963 -7.69291 -5.72269 -4.40689 -3.53037 -3.51964
108.71 -3.28014 -5.07855 -3.80423 -2.17862 0.579722 2.13179 3.42346 6.00421 6.81331 7.12672 9.64072 10.2889 6.39126 0.841576 -1.90256 -4.99574 -9.42457 -10.2013 -8.23423 -6.56889 -5.47868 -4.61044 -4.47208
108.76 -3.96156 -5.94063 -4.71407 -3.15878 -0.448184 1.21776 2.5476 5.05627 5.97112 6.7 9.68643 10.5968 7.1979 2.47699 0.127921 -3.15114 -8.34193 -9.91698 -8.45549 -7.22532 -6.51142 -5.68681 -5.37785
108.81 -4.43742 -6.63016 -5.38394 -3.94703 -1.55106 0.104454 1.58495 4.09547 5.15933 6.24876 9.49061 10.531 7.7487 4.07833 2.13576 -1.34693 -7.08878 -9.30725 -8.36447 -7.66634 -7.46702 -6.74547 -6.25381
108.86 -4.55057 -7.02431 -5.80636 -4.66581 -2.82411 -1.24425 0.516133 3.18099 4.4232 5.78093 9.08161 10.1407 8.01191 5.59841 4.14834 0.423238 -5.71859 -8.42116 -7.97669 -7.87016 -8.2873 -7.74364 -7.09559
108.91 -4.45902 -7.1137 -5.96397 -5.27297 -4.20713 -2.80588 -0.699126 2.25401 3.69939 5.21648 8.43002 9.44406 7.95691 6.99236 6.1766 2.16059 -4.2409 -7.24561 -7.27038 -7.80057 -8.91794 -8.63881 -7.88983
108.96 -4.21158 -6.96859 -5.90905 -5.73679 -5.45742 -4.40069 -2.08681 1.21415 2.9064 4.4688 7.50681 8.46133 7.58508 8.17651 8.08431 3.80215 -2.71128 -5.79738 -6.20276 -7.38243 -9.28434 -9.37904 -8.61178
109.01 -3.9193 -6.59079 -5.58851 -5.99433 -6.40904 -5.64221 -3.49519 -0.00817076 1.97932 3.50917 6.34523 7.26593 6.96864 9.04847 9.65131 5.21598 -1.22552 -4.18889 -4.82009 -6.5817 -9.31567 -9.90112 -9.21632
109.06 -3.56817 -5.90844 -4.92688 -5.97759 -7.14399 -6.592 -4.78729 -1.28499 0.974508 2.42378 5.0538 5.97341 6.21453 9.54092 10.763 6.3738 0.20017 -2.5388 -3.25901 -5.46426 -8.9961 -10.1546 -9.65665
109.11 -3.15842 -4.97968 -3.96518 -5.62839 -7.67527 -7.32363 -5.84569 -2.50365 -0.0958272 1.29044 3.7682 4.70742 5.42668 9.64695 11.3956 7.31443 1.58921 -0.947221 -1.68045 -4.16403 -8.3778 -10.1252 -9.89849
109.16 -2.67595 -3.85353 -2.75876 -4.92163 -7.99439 -7.90995 -6.62378 -3.62375 -1.2322 0.168649 2.58484 3.56356 4.68765 9.44026 11.5722 8.04316 2.98155 0.599056 -0.166556 -2.83287 -7.55629 -9.82507 -9.92176
109.21 -2.08783 -2.57883 -1.38297 -3.88642 -8.06992 -8.4041 -7.16001 -4.64991 -2.46148 -0.928601 1.54872 2.58687 4.03211 9.00713 11.3454 8.52896 4.35183 2.13282 1.29884 -1.51428 -6.61185 -9.29444 -9.72886
109.26 -1.3895 -1.22086 0.0753909 -2.58056 -7.82049 -8.73827 -7.57501 -5.66565 -3.7942 -2.01631 0.658368 1.79523 3.45955 8.40387 10.7789 8.71289 5.61937 3.67382 2.7527 -0.192129 -5.5696 -8.56929 -9.32922
109.31 -0.62793 0.133247 1.52561 -1.10265 -7.08652 -8.72797 -7.97119 -6.80207 -5.23214 -3.10726 -0.0860239 1.23602 2.98957 7.67962 9.95176 8.56231 6.68041 5.17439 4.18299 1.10829 -4.487 -7.68604 -8.72393
109.36 0.186563 1.4642 2.93226 0.337508 -6.1975 -8.39934 -8.15533 -7.7211 -6.58632 -4.31815 -0.859749 0.819244 2.55088 6.83029 8.93701 8.12859 7.47803 6.54995 5.54603 2.34979 -3.41971 -6.69902 -7.93396
109.41 1.00528 2.72845 4.25137 1.68095 -5.24548 -7.81257 -8.13061 -8.41988 -7.61657 -5.43365 -1.70487 0.352439 2.03718 5.89821 7.83156 7.52863 8.0021 7.7017 6.75976 3.47114 -2.41723 -5.68461 -7.01882
109.46 1.81877 3.89392 5.35369 2.80051 -4.21676 -6.97762 -7.86356 -8.92768 -8.40941 -6.39411 -2.56131 -0.199458 1.4348 4.93122 6.71724 6.87232 8.28847 8.58606 7.77562 4.4525 -1.47057 -4.67938 -6.0522
109.51 2.57419 4.92054 6.23517 3.72524 -3.14574 -5.94727 -7.34154 -9.25659 -9.04535 -7.17646 -3.39237 -0.847371 0.76878 3.98155 5.65913 6.23481 8.38695 9.19677 8.56185 5.28761 -0.546358 -3.67783 -5.08293
109.56 3.24474 5.79476 6.92149 4.48412 -2.02906 -4.71002 -6.54723 -9.4221 -9.60118 -7.79046 -4.19406 -1.62789 0.0468932 3.09214 4.70467 5.65806 8.33963 9.54779 9.10453 5.98028 0.399041 -2.63649 -4.11261
109.61 3.81595 6.51586 7.45092 5.13684 -0.889311 -3.36201 -5.51512 -9.37993 -10.058 -8.26115 -4.9897 -2.55727 -0.726184 2.2857 3.89042 5.16627 8.17712 9.66073 9.39805 6.5232 1.37797 -1.52126 -3.11799
109.66 4.28722 7.09152 7.84154 5.70197 0.223451 -2.00492 -4.32481 -8.94616 -10.2065 -8.69046 -5.93636 -3.63717 -1.53117 1.58576 3.27757 4.80053 7.93953 9.57378 9.4527 6.89719 2.3477 -0.356471 -2.10089
109.71 4.66418 7.54032 8.13445 6.23164 1.33727 -0.651165 -3.11028 -8.28417 -10.0398 -8.99772 -6.97763 -4.88878 -2.46964 0.897936 2.81039 4.50336 7.61161 9.31495 9.31098 7.131 3.30728 0.875096 -1.02733
109.76 4.95657 7.88584 8.35965 6.74798 2.45542 0.68744 -1.85674 -7.42892 -9.61702 -9.1722 -8.05112 -6.27493 -3.57099 0.139676 2.38084 4.17514 7.15423 8.89434 9.00345 7.24511 4.23263 2.1538 0.122091
109.81 5.17266 8.14062 8.52552 7.24026 3.56298 2.01974 -0.561264 -6.39353 -8.95324 -9.1905 -9.0806 -7.70968 -4.77974 -0.706516 1.88763 3.73257 6.55564 8.32393 8.54431 7.23325 5.0684 3.40748 1.31068
109.86 5.31605 8.32283 8.65808 7.69879 4.63758 3.34846 0.733648 -5.24191 -8.06252 -8.98573 -9.8537 -9.04904 -6.04813 -1.66424 1.18239 3.10376 5.87039 7.64836 7.95782 7.08585 5.75967 4.54552 2.45114
109.91 5.41371 8.45788 8.76327 8.08981 5.62083 4.59128 1.93728 -4.05664 -6.97158 -8.51445 -10.2884 -10.0322 -7.24959 -2.76536 0.288444 2.33718 5.1296 6.90917 7.27521 6.81014 6.2879 5.51477 3.45668
109.96 5.49167 8.56047 8.83931 8.40901 6.47099 5.66322 2.99746 -2.86077 -5.7014 -7.77679 -10.472 -10.724 -8.24872 -3.90152 -0.759076 1.44948 4.34538 6.13214 6.52227 6.42341 6.67072 6.33364 4.32518
