0.01 -0 -0 -0.0163308 -0.0280398 -0 -0 -0.0267852 -0.024738 -0 -0 -0.0269103 -0.0267719 -0 -0 -0.0269322 -0.0267942 -0 -0 -0.0268493 -0.024803 -0 -0 -0.016439 -0.028135 -0 -0 -0.0134202 -0.0113198 -0 -0 -0.00441708 -0.00521059 -0 -0 -0.00358689 0.00211586 -0 -0 -0.00358689 0.00211586 0.0930237 0.104645 0.901676 0.100498 0.897548 0.897479 0.0930237 0.10464 0.901676 0.100498 0.897548 0.897481 0.0930237 0.10464 0.901676 0.100498 0.897548 0.89748 0.0930237 0.10464 0.901676 0.100498 0.897548 0.89748 0.0930237 0.10464 0.901676 0.100498 0.897548 0.897481 0.0930237 0.104645 0.901676 0.100498 0.897548 0.897479 0.0930237 0.104647 0.901676 0.100498 0.897548 0.897487 0.0930237 0.104651 0.901676 0.100498 0.897548 0.89749 0.0930237 0.104651 0.901676 0.100498 0.897548 0.897493 0.0930237 0.104651 0.901676 0.100498 0.897548 0.897493 -0.0277775 0.0534638 -0.0277775 0.0534638 -0.0277775 0.0534638 -0.0555551 0.106928 -0.0277776 0.0534638 -0.0555552 0.106928 -0.0555552 0.106928 -0.0555552 0.106928 -0.0555552 0.106928 -0.0555552 0.106928 -0.0555552 0.106928 -0.0555551 0.106928 -0.0555551 0.106928 -0.055555 0.106928 -0.055555 0.106928 -0.0555548 0.106928 -0.0555548 0.106928 -0.0555547 0.106928 -0.0555547 0.106928 -0.0277774 0.0534641 -0.0555547 0.106928 -0.0277774 0.0534641 -0.0277774 0.0534641 -0.0277774 0.0534641
0.06 -0 0 -2.66845 -3.77942 -0 0 -3.90524 -3.78924 -0 -0 -4.15141 -3.95751 -0 -0 -4.15269 -3.9582 -0 -0 -3.90824 -3.79206 -0 -0 -2.67173 -3.7841 -0 -0 -2.09721 -1.99148 -0 -0 -0.929253 -0.938033 -0 -0 -0.414759 -0.000314693 -0 -0 -0.414759 -0.000314693 0.0649641 0.123473 0.909221 0.103105 0.884864 0.876425 0.0649641 0.1207 0.909222 0.10309 0.884864 0.876487 0.0649641 0.120226 0.90922 0.103087 0.884864 0.876094 0.0649641 0.120224 0.90922 0.103087 0.884864 0.876093 0.0649641 0.120697 0.909222 0.10309 0.884864 0.876484 0.0649641 0.12347 0.909221 0.103105 0.884864 0.876424 0.0649639 0.124728 0.909241 0.103111 0.884864 0.880523 0.0649638 0.127454 0.909252 0.103126 0.884864 0.882769 0.0649638 0.128575 0.909261 0.103132 0.884864 0.884776 0.0649638 0.128576 0.909261 0.103132 0.884864 0.884778 -0.131335 0.249136 -0.131335 0.249136 -0.131335 0.249136 -0.262847 0.498281 -0.131512 0.249145 -0.263051 0.498265 -0.263051 0.498265 -0.263079 0.49824 -0.263079 0.49824 -0.263052 0.498264 -0.263052 0.498264 -0.262847 0.498281 -0.262847 0.498281 -0.262594 0.498533 -0.262594 0.498533 -0.262345 0.498931 -0.262345 0.498931 -0.262106 0.499196 -0.262106 0.499196 -0.13102 0.249661 -0.26204 0.499323 -0.13102 0.249661 -0.13102 0.249661 -0.13102 0.249661
0.11 -0 -0 -7.67902 -10.977 -0 -0 -11.3997 -11.1531 -0 -0 -12.4621 -11.6035 -0 -0 -12.4928 -11.622 -0 -0 -11.4738 -11.2226 -0 -0 -7.76245 -11.0883 -0 -0 -5.94102 -6.02484 -0 -0 -2.71177 -2.82633 -0 -0 -1.16971 -0.0924273 -0 -0 -1.16971 -0.0924273 0.0456875 0.119794 0.915138 0.10568 0.871523 0.813428 0.0456875 0.105115 0.915135 0.105501 0.871529 0.81281 0.0456878 0.101774 0.915111 0.105459 0.87153 0.809924 0.0456878 0.101718 0.915111 0.105459 0.87153 0.809869 0.0456875 0.104976 0.915134 0.1055 0.871529 0.812601 0.0456874 0.119641 0.915144 0.105682 0.871523 0.813181 0.0456845 0.127309 0.915396 0.10578 0.87152 0.842524 0.0456828 0.14286 0.915543 0.105966 0.871514 0.858591 0.0456813 0.150542 0.915662 0.106054 0.871512 0.871427 0.0456813 0.150563 0.915665 0.106057 0.871512 0.871462 -0.195452 0.357533 -0.195452 0.357533 -0.195452 0.357533 -0.392533 0.715049 -0.197081 0.357516 -0.394502 0.714756 -0.394502 0.714756 -0.394846 0.714475 -0.394846 0.714475 -0.394515 0.714739 -0.394515 0.714739 -0.392553 0.715022 -0.392553 0.715022 -0.390134 0.717903 -0.390134 0.717903 -0.387687 0.722339 -0.387687 0.722339 -0.385258 0.72522 -0.385258 0.72522 -0.192243 0.363265 -0.384485 0.726532 -0.192242 0.363267 -0.192242 0.363267 -0.192242 0.363267
0.16 -0 -0 -11.9829 -17.6994 -0 -0 -18.2833 -18.0645 -0 -0 -20.6084 -18.7418 -0 -0 -20.8098 -18.8756 -0 -0 -18.773 -18.5434 -0 -0 -12.5438 -18.4369 -0 -0 -9.41833 -10.105 -0 -0 -4.28942 -4.68218 -0 -0 -1.89335 -0.144467 -0 -0 -1.89335 -0.144467 0.0324565 0.094512 0.918566 0.107686 0.857631 0.664739 0.0324568 0.0662964 0.918528 0.10706 0.857668 0.660852 0.0324583 0.0593383 0.918408 0.106885 0.857678 0.650748 0.0324583 0.0590205 0.918403 0.106881 0.857678 0.649926 0.0324569 0.0654454 0.918511 0.10705 0.857669 0.6579 0.0324561 0.0932456 0.918593 0.107692 0.857631 0.66067 0.0324406 0.110665 0.919825 0.108101 0.857609 0.765408 0.0324316 0.147566 0.920527 0.108844 0.857568 0.819472 0.0324247 0.168126 0.921032 0.109244 0.857548 0.857406 0.0324245 0.168223 0.921056 0.109263 0.857547 0.85756 -0.238967 0.402395 -0.238967 0.402395 -0.238967 0.402395 -0.482759 0.804468 -0.243792 0.402074 -0.488712 0.802879 -0.488712 0.802879 -0.489873 0.801545 -0.489873 0.801545 -0.488834 0.802577 -0.488834 0.802577 -0.48297 0.803913 -0.48297 0.803913 -0.475587 0.817271 -0.475587 0.817271 -0.467441 0.837254 -0.467441 0.837254 -0.458998 0.849251 -0.458998 0.849251 -0.228054 0.427193 -0.4561 0.854401 -0.228046 0.427209 -0.228046 0.427209 -0.228046 0.427209
0.21 -0 0 -13.6575 -21.5455 -0 0 -21.8674 -21.9126 -0 -0 -25.6653 -22.631 -0 -0 -26.3905 -23.1464 -0 -0 -23.6355 -23.7229 -0 -0 -15.6989 -24.267 -0 -0 -11.7816 -13.4216 -0 -0 -5.3817 -6.14356 -0 -0 -2.49992 -0.108239 -0 -0 -2.49992 -0.108239 0.0233608 0.0658971 0.918136 0.108815 0.843354 0.432372 0.0233624 0.0332944 0.917983 0.107598 0.843476 0.424015 0.0233669 0.0257478 0.917631 0.107223 0.84351 0.406122 0.0233672 0.0250677 0.917585 0.107208 0.843511 0.401699 0.0233634 0.0312093 0.917833 0.107558 0.843479 0.408229 0.0233601 0.0614615 0.918135 0.10881 0.843354 0.409683 0.0233128 0.0854612 0.921947 0.10977 0.843271 0.635928 0.023286 0.143943 0.924109 0.111549 0.843119 0.76271 0.0232674 0.180775 0.925491 0.112613 0.843035 0.843207 0.0232664 0.181032 0.925576 0.112683 0.84303 0.84363 -0.271027 0.393808 -0.271027 0.393808 -0.271027 0.393808 -0.550186 0.78646 -0.27916 0.392652 -0.560216 0.782059 -0.560216 0.782059 -0.56222 0.778332 -0.56222 0.778332 -0.560624 0.779857 -0.560624 0.779857 -0.551058 0.782295 -0.551058 0.782295 -0.538425 0.81979 -0.538425 0.81979 -0.522246 0.876436 -0.522246 0.876436 -0.504255 0.909231 -0.504255 0.909231 -0.248838 0.461221 -0.497648 0.922494 -0.24881 0.461273 -0.24881 0.461273 -0.24881 0.461273
0.26 -0 0 -11.9794 -21.5684 -0 0 -20.9559 -21.4937 -0 -0 -26.1097 -21.8212 -0 -0 -27.7677 -22.9947 -0 -0 -24.9556 -25.7412 -0 -0 -16.5722 -28.0468 -0 -0 -12.8689 -15.8001 -0 -0 -6.05088 -7.14957 -0 -0 -3.02976 0.0349891 -0 -0 -3.02976 0.0349891 0.0170906 0.0470049 0.913251 0.1092 0.828889 0.230524 0.0170944 0.0162663 0.912935 0.107473 0.829158 0.223798 0.0171035 0.0101792 0.912286 0.10691 0.829239 0.208265 0.0171049 0.00935447 0.912103 0.106878 0.829242 0.198814 0.017099 0.0132644 0.912341 0.107381 0.829167 0.189953 0.0170912 0.0376003 0.913018 0.109134 0.828891 0.181384 0.0169903 0.0619906 0.921099 0.110755 0.82868 0.466501 0.0169317 0.135698 0.926156 0.113935 0.828285 0.689322 0.0168945 0.188692 0.92913 0.116046 0.828048 0.829611 0.0168922 0.189199 0.929351 0.116228 0.828032 0.830501 -0.294329 0.349817 -0.294329 0.349817 -0.294329 0.349817 -0.598755 0.697874 -0.304426 0.348057 -0.611024 0.691373 -0.611024 0.691373 -0.613373 0.685097 -0.613373 0.685097 -0.611767 0.684342 -0.611767 0.684342 -0.600856 0.684422 -0.600856 0.684422 -0.585748 0.750715 -0.585748 0.750715 -0.56219 0.859469 -0.56219 0.859469 -0.533285 0.927941 -0.533285 0.927941 -0.26098 0.477325 -0.521902 0.954774 -0.260922 0.477449 -0.260922 0.477449 -0.260922 0.477449
0.31 -0 0 -8.21617 -18.9665 -0 0 -16.8402 -18.0185 -0 -0 -22.9025 -17.3388 -0 -0 -25.5416 -18.9639 -0 -0 -22.9741 -24.6033 -0 -0 -15.0312 -29.7446 -0 -0 -12.6449 -17.3147 -0 -0 -6.36342 -7.74377 -0 -0 -3.52785 0.298837 -0 -0 -3.52785 0.298837 0.0127429 0.0391303 0.904926 0.109159 0.814418 0.12214 0.012749 0.00942626 0.90451 0.107055 0.814891 0.121156 0.0127622 0.00456456 0.903652 0.10634 0.81504 0.113422 0.0127658 0.00378188 0.903225 0.10629 0.815047 0.101478 0.0127605 0.00602076 0.903172 0.106898 0.814912 0.0799878 0.0127468 0.0239896 0.904372 0.10896 0.814433 0.0647516 0.0125839 0.0448854 0.917011 0.111213 0.814017 0.301587 0.0124808 0.125848 0.926556 0.115946 0.813205 0.60523 0.0124192 0.192188 0.932021 0.119424 0.812675 0.817624 0.0124147 0.193019 0.932496 0.119797 0.81263 0.819198 -0.309697 0.297794 -0.309697 0.297794 -0.309697 0.297794 -0.63035 0.594311 -0.320653 0.296517 -0.643365 0.588479 -0.643365 0.588479 -0.645613 0.581159 -0.645613 0.581159 -0.644277 0.575933 -0.644277 0.575933 -0.634046 0.570519 -0.634046 0.570519 -0.619723 0.651001 -0.619723 0.651001 -0.591698 0.804244 -0.591698 0.804244 -0.553015 0.919881 -0.553015 0.919881 -0.268369 0.482855 -0.536645 0.965949 -0.268275 0.483094 -0.268275 0.483094 -0.268275 0.483094
0.36 -0 0 -4.37862 -15.8299 -0 0 -12.0805 -13.9558 -0 -0 -18.569 -11.9092 -0 -0 -21.8998 -13.264 -0 -0 -19.2833 -21.2907 -0 -0 -11.6281 -29.7102 -0 -0 -11.139 -18.1824 -0 -0 -6.27861 -8.05646 -0 -0 -3.98658 0.656724 -0 -0 -3.98658 0.656724 0.00969734 0.0395188 0.89443 0.108968 0.800094 0.0736504 0.00970462 0.00703293 0.894032 0.106539 0.800817 0.0780354 0.00972044 0.0025899 0.893107 0.105695 0.801051 0.0780111 0.00972695 0.00186764 0.892365 0.105629 0.801065 0.0653092 0.00972485 0.00329939 0.891845 0.10631 0.800859 0.0374562 0.00970451 0.0177183 0.893757 0.108554 0.800142 0.0221806 0.00948886 0.0345205 0.910068 0.11135 0.799447 0.178341 0.0093345 0.116748 0.925296 0.117598 0.798023 0.519339 0.00924478 0.191728 0.934233 0.122635 0.797018 0.808247 0.00923737 0.192921 0.935116 0.123289 0.796917 0.810709 -0.318188 0.253739 -0.318188 0.253739 -0.318188 0.253739 -0.648028 0.50751 -0.32984 0.253772 -0.661526 0.504437 -0.661526 0.504437 -0.663514 0.497612 -0.663514 0.497612 -0.662409 0.488056 -0.662409 0.488056 -0.653603 0.477458 -0.653603 0.477458 -0.64196 0.553598 -0.64196 0.553598 -0.612824 0.730117 -0.612824 0.730117 -0.567236 0.895279 -0.567236 0.895279 -0.27335 0.482411 -0.54658 0.965222 -0.27323 0.48281 -0.27323 0.48281 -0.27323 0.48281
0.41 -0 0 -1.52403 -13.3498 -0 0 -8.27949 -10.8292 -0 -0 -14.8794 -7.5286 -0 -0 -18.6224 -7.93506 -0 -0 -15.6499 -17.0992 -0 -0 -7.45956 -28.5502 -0 -0 -8.60133 -18.7023 -0 -0 -5.71712 -8.29191 -0 -0 -4.34959 1.02805 -0 -0 -4.34959 1.02805 0.00753594 0.046534 0.882493 0.108821 0.786034 0.0513407 0.00754318 0.006562 0.882232 0.106013 0.787051 0.060146 0.0075597 0.00184346 0.881405 0.105042 0.787388 0.0681099 0.00756937 0.00113618 0.88031 0.10496 0.78741 0.0552632 0.00757197 0.00224093 0.879217 0.105697 0.787124 0.0216059 0.00754456 0.016023 0.881991 0.108078 0.786147 0.00815302 0.00729292 0.0297532 0.900986 0.111339 0.785105 0.100924 0.00708826 0.110443 0.922474 0.118964 0.782879 0.438851 0.00696921 0.18821 0.935837 0.125587 0.781193 0.801974 0.00695827 0.189759 0.937306 0.126605 0.780995 0.805493 -0.321008 0.220842 -0.321008 0.220842 -0.321008 0.220842 -0.655014 0.443377 -0.334007 0.222535 -0.669738 0.444151 -0.669738 0.444151 -0.671516 0.438884 -0.671516 0.438884 -0.670489 0.425723 -0.670489 0.425723 -0.662961 0.411252 -0.662961 0.411252 -0.654421 0.472865 -0.654421 0.472865 -0.626752 0.652961 -0.626752 0.652961 -0.577853 0.86179 -0.577853 0.86179 -0.277265 0.478897 -0.554414 0.958395 -0.27715 0.479498 -0.27715 0.479498 -0.27715 0.479498
0.46 -0 0 0.287537 -11.7104 -0 0 -5.72451 -8.86938 -0 -0 -12.2732 -4.67571 -0 -0 -16.2791 -3.86826 0 -0 -12.9855 -12.9876 -0 -0 -3.57104 -26.8457 -0 -0 -5.5003 -19.1228 -0 -0 -4.67207 -8.63853 -0 -0 -4.54928 1.31276 -0 -0 -4.54928 1.31276 0.00598046 0.0600713 0.869467 0.108867 0.772318 0.0399505 0.00598658 0.00714351 0.869469 0.105524 0.773685 0.0526104 0.00600209 0.00155296 0.868955 0.104406 0.774141 0.0702553 0.00601479 0.000812349 0.867497 0.104304 0.774174 0.0583458 0.00602278 0.00180998 0.865685 0.105092 0.773802 0.015612 0.0059884 0.0176937 0.869371 0.10763 0.772546 0.00338047 0.0057162 0.0296737 0.890419 0.111312 0.7711 0.0562687 0.00546755 0.108723 0.918247 0.120156 0.767899 0.366532 0.00532019 0.183028 0.936904 0.128229 0.765325 0.798428 0.00530541 0.184882 0.939144 0.129676 0.764977 0.803132 -0.319097 0.197306 -0.319097 0.197306 -0.319097 0.197306 -0.653806 0.398078 -0.334708 0.200772 -0.671207 0.403445 -0.671207 0.403445 -0.672945 0.400693 -0.672945 0.400693 -0.671838 0.384178 -0.671838 0.384178 -0.664983 0.366331 -0.664983 0.366331 -0.659018 0.411183 -0.659018 0.411183 -0.634254 0.58172 -0.634254 0.58172 -0.585587 0.824782 -0.585587 0.824782 -0.28076 0.474073 -0.561462 0.948982 -0.280702 0.474909 -0.280702 0.474909 -0.280702 0.474909
0.51 -0 0 1.3582 -10.7151 -0 0 -4.12057 -7.77693 -0 -0 -10.5507 -3.02312 -0 -0 -14.7357 -1.0796 0 -0 -11.3685 -9.40125 -0 -0 -0.504504 -24.9694 -0 -0 -2.29991 -19.559 -0 -0 -3.23574 -9.18924 -0 -0 -4.54796 1.43935 -0 -0 -4.54796 1.43935 0.00484564 0.0808207 0.855544 0.109249 0.758989 0.0334235 0.00484976 0.00853133 0.855946 0.105109 0.760788 0.0495922 0.00486263 0.00146279 0.856045 0.1038 0.761383 0.0795693 0.00487802 0.000648611 0.854278 0.103674 0.761429 0.0712577 0.00489198 0.00163735 0.851463 0.104512 0.760965 0.0137718 0.00485124 0.0228787 0.856013 0.107287 0.75941 0.00160335 0.00456932 0.0344303 0.87882 0.111378 0.757509 0.0313007 0.00428522 0.113213 0.912768 0.121318 0.753182 0.301935 0.00411205 0.177801 0.937497 0.130561 0.749539 0.796462 0.00409341 0.17987 0.940684 0.13247 0.74898 0.80246 -0.313009 0.180514 -0.313009 0.180514 -0.313009 0.180514 -0.646021 0.366306 -0.333012 0.185792 -0.668134 0.377075 -0.668134 0.377075 -0.670083 0.378127 -0.670083 0.378127 -0.668756 0.357944 -0.668756 0.357944 -0.661655 0.336051 -0.661655 0.336051 -0.657168 0.365904 -0.657168 0.365904 -0.635721 0.519534 -0.635721 0.519534 -0.590409 0.787445 -0.590409 0.787445 -0.283995 0.468865 -0.56806 0.938826 -0.284065 0.469961 -0.284065 0.469961 -0.284065 0.469961
0.56 -0 0 1.97637 -10.1568 -0 0 -3.11996 -7.24983 -0 -0 -9.42816 -2.1272 -0 -0 -13.7153 0.738321 0 -0 -10.5242 -6.43085 -0 -0 1.66371 -23.0957 -0 -0 0.708048 -20.0186 -0 0 -1.54025 -9.9404 -0 -0 -4.349 1.38564 0 -0 -4.349 1.38564 0.00400712 0.109578 0.840853 0.110116 0.746054 0.0292431 0.00400853 0.0107218 0.841809 0.104804 0.748406 0.0486069 0.00401714 0.00147903 0.842934 0.103233 0.749168 0.0940492 0.00403455 0.000557388 0.841032 0.103072 0.749231 0.0942821 0.00405551 0.00157888 0.836721 0.103971 0.74867 0.0142686 0.00400933 0.0328161 0.841998 0.107131 0.746782 0.000867639 0.00372411 0.0457704 0.866469 0.111659 0.744377 0.0174534 0.00341304 0.125769 0.906158 0.122623 0.738794 0.243925 0.00321722 0.173991 0.937661 0.132634 0.733953 0.794607 0.00319493 0.176161 0.941959 0.135006 0.733119 0.802013 -0.302979 0.168267 -0.302979 0.168267 -0.302979 0.168267 -0.632589 0.343655 -0.32961 0.175388 -0.661967 0.360825 -0.661967 0.360825 -0.66447 0.367619 -0.66447 0.367619 -0.662789 0.343087 -0.662789 0.343087 -0.654139 0.315366 -0.654139 0.315366 -0.649506 0.333138 -0.649506 0.333138 -0.631028 0.466347 -0.631028 0.466347 -0.591814 0.751275 -0.591814 0.751275 -0.286829 0.463606 -0.573944 0.928592 -0.287115 0.464987 -0.287115 0.464987 -0.287115 0.464987
0.61 -0 0 2.33013 -9.90242 -0 0 -2.47219 -7.11404 -0 -0 -8.70571 -1.67147 -0 -0 -13.0169 1.90879 0 -0 -10.154 -4.00973 -0 -0 3.08224 -21.2862 -0 -0 3.40452 -20.4651 -0 0 0.297925 -10.8367 -0 -0 -3.9811 1.16761 0 -0 -3.9811 1.16761 0.00338053 0.146647 0.825502 0.111622 0.733483 0.0262511 0.00337859 0.0138265 0.827185 0.104649 0.736566 0.0483902 0.00338117 0.0015624 0.829882 0.102711 0.737533 0.112559 0.00339957 0.000503622 0.828211 0.102503 0.737618 0.128807 0.00342924 0.00157146 0.82164 0.103484 0.736953 0.0167273 0.00337871 0.0496901 0.827411 0.107277 0.734675 0.000531061 0.00309338 0.0678167 0.85353 0.112342 0.731712 0.00978263 0.00276256 0.149037 0.898514 0.124287 0.724759 0.192084 0.00254732 0.172718 0.937421 0.134548 0.718665 0.791484 0.00252175 0.174856 0.942975 0.137341 0.717495 0.800449 -0.289082 0.158952 -0.289082 0.158952 -0.289082 0.158952 -0.614019 0.326911 -0.324937 0.167959 -0.653653 0.351657 -0.653653 0.351657 -0.65717 0.366986 -0.65717 0.366986 -0.655 0.337294 -0.655 0.337294 -0.642902 0.300923 -0.642902 0.300923 -0.635663 0.309296 -0.635663 0.309296 -0.619279 0.420902 -0.619279 0.420902 -0.588954 0.716774 -0.588954 0.716774 -0.288983 0.458251 -0.578564 0.918204 -0.289582 0.459953 -0.289582 0.459953 -0.289582 0.459953
0.66 -0 0 2.52634 -9.87867 -0 0 -2.0152 -7.29971 -0 -0 -8.26451 -1.47569 -0 -0 -12.5356 2.68297 0 -0 -10.0443 -2.03036 -0 -0 3.94864 -19.5594 -0 -0 5.77327 -20.8612 -0 0 2.19425 -11.8109 -0 -0 -3.48022 0.81836 0 -0 -3.48022 0.81836 0.00290795 0.191369 0.809589 0.113924 0.721206 0.0238485 0.00290204 0.0180346 0.812188 0.10469 0.725274 0.0481128 0.00289656 0.00169313 0.817143 0.102244 0.726499 0.134104 0.00291435 0.000471222 0.816336 0.101971 0.726613 0.175877 0.00295536 0.00158511 0.806435 0.103072 0.725835 0.0215018 0.00290172 0.0763395 0.812343 0.107893 0.723067 0.000363904 0.00261736 0.108117 0.840102 0.113738 0.719474 0.0055293 0.00227229 0.186831 0.889934 0.126605 0.711054 0.146785 0.00204056 0.174802 0.936787 0.136437 0.703746 0.785986 0.00201215 0.176752 0.943727 0.139568 0.70219 0.796715 -0.271427 0.151444 -0.271427 0.151444 -0.271427 0.151444 -0.590677 0.313822 -0.31925 0.162378 -0.64381 0.347421 -0.64381 0.347421 -0.648961 0.374969 -0.648961 0.374969 -0.646158 0.339408 -0.646158 0.339408 -0.627856 0.290646 -0.627856 0.290646 -0.614022 0.291514 -0.614022 0.291514 -0.598421 0.381788 -0.598421 0.381788 -0.580643 0.684 -0.580643 0.684 -0.290143 0.452562 -0.581302 0.907202 -0.291159 0.454641 -0.291159 0.454641 -0.291159 0.454641
0.71 -0 0 2.62277 -10.0456 -0 0 -1.64088 -7.79712 -0 -0 -8.033 -1.45236 -0 -0 -12.2325 3.24102 0 -0 -10.0701 -0.389199 -0 -0 4.43606 -17.923 -0 -0 7.84183 -21.183 -0 0 4.09063 -12.8037 -0 -0 -2.8799 0.373341 0 -0 -2.8799 0.373341 0.00254916 0.24195 0.793205 0.117153 0.709122 0.021695 0.00253861 0.0236142 0.796921 0.104979 0.714516 0.0470964 0.00252269 0.00185801 0.804956 0.101841 0.716075 0.157538 0.00253758 0.000451449 0.805936 0.10148 0.716228 0.235157 0.00259351 0.00160499 0.79138 0.102765 0.715319 0.0295465 0.00253819 0.115482 0.796901 0.109217 0.711895 0.000276273 0.00225459 0.177707 0.826251 0.11638 0.70755 0.00316343 0.00189906 0.243862 0.88053 0.129996 0.697586 0.108636 0.00165333 0.180888 0.935752 0.138468 0.689233 0.777282 0.00162256 0.182466 0.944197 0.141803 0.68726 0.790038 -0.250319 0.144966 -0.250319 0.144966 -0.250319 0.144966 -0.563006 0.30281 -0.312687 0.157844 -0.632833 0.34652 -0.632833 0.34652 -0.640443 0.390684 -0.640443 0.390684 -0.636858 0.348902 -0.636858 0.348902 -0.608538 0.283346 -0.608538 0.283346 -0.581557 0.277611 -0.581557 0.277611 -0.564913 0.347786 -0.564913 0.347786 -0.565344 0.652846 -0.565344 0.652846 -0.290011 0.446219 -0.581564 0.89498 -0.291552 0.448761 -0.291552 0.448761 -0.291552 0.448761
0.76 -0 0 2.65111 -10.3772 -0 0 -1.27077 -8.62313 -0 -0 -7.96029 -1.57039 -0 -0 -12.1052 3.71097 0 -0 -10.1695 1.0044 -0 -0 4.67801 -16.3836 -0 -0 9.65052 -21.4199 -0 0 5.94652 -13.7686 -0 0 -2.20825 -0.136276 0 -0 -2.20825 -0.136276 0.00227588 0.295714 0.776437 0.121409 0.697103 0.019592 0.00225997 0.030946 0.78147 0.10557 0.704261 0.0447643 0.00223082 0.00204533 0.793521 0.101514 0.706256 0.181441 0.00223978 0.000438464 0.797467 0.101038 0.706462 0.304552 0.00231503 0.00162336 0.776824 0.102604 0.705396 0.042522 0.00225982 0.168383 0.781202 0.111557 0.701045 0.00023 0.00197605 0.28648 0.812033 0.121092 0.695716 0.00183915 0.00161229 0.324072 0.87044 0.135041 0.684177 0.0779152 0.0013546 0.191581 0.934299 0.140846 0.675121 0.764742 0.00132189 0.192555 0.94436 0.144185 0.67273 0.779851 -0.22635 0.138982 -0.22635 0.138982 -0.22635 0.138982 -0.531643 0.292742 -0.305293 0.15376 -0.620963 0.347667 -0.620963 0.347667 -0.632094 0.413155 -0.632094 0.413155 -0.627593 0.365447 -0.627593 0.365447 -0.58442 0.27847 -0.58442 0.27847 -0.534324 0.265915 -0.534324 0.265915 -0.514088 0.317838 -0.514088 0.317838 -0.54132 0.623079 -0.54132 0.623079 -0.288306 0.438885 -0.578798 0.880904 -0.290491 0.442019 -0.290491 0.442019 -0.290491 0.442019
0.81 -0 0 2.6294 -10.8485 -0 0 -0.844543 -9.79825 -0 0 -7.99915 -1.83487 -0 -0 -12.1649 4.18268 0 -0 -10.3219 2.23246 -0 -0 4.77297 -14.9442 -0 -0 11.2406 -21.5691 -0 0 7.7333 -14.6715 -0 0 -1.48779 -0.68532 0 -0 -1.48779 -0.68532 0.00206809 0.349701 0.759365 0.126738 0.685002 0.0174388 0.00204597 0.04059 0.765901 0.106521 0.694461 0.0407339 0.00200036 0.00224369 0.782971 0.101275 0.697029 0.204077 0.0019997 0.000427521 0.791226 0.100653 0.697304 0.380686 0.00209915 0.00163535 0.763201 0.102644 0.696038 0.0630089 0.00204641 0.233584 0.765378 0.115267 0.690347 0.000207875 0.00176114 0.431411 0.797501 0.128914 0.683598 0.00109056 0.00139007 0.427196 0.859805 0.142476 0.67054 0.0543061 0.00112201 0.207514 0.932401 0.143818 0.661362 0.747884 0.00108775 0.207594 0.944184 0.146877 0.658589 0.76572 -0.200371 0.133124 -0.200371 0.133124 -0.200371 0.133124 -0.497398 0.282803 -0.297027 0.149679 -0.608306 0.349728 -0.608306 0.349728 -0.624292 0.441038 -0.624292 0.441038 -0.618785 0.388715 -0.618785 0.388715 -0.555315 0.27597 -0.555315 0.27597 -0.469486 0.255069 -0.469486 0.255069 -0.442339 0.29089 -0.442339 0.29089 -0.507154 0.594295 -0.507154 0.594295 -0.284757 0.43023 -0.572474 0.864363 -0.287717 0.434133 -0.287717 0.434133 -0.287717 0.434133
0.86 -0 0 2.566 -11.4268 -0 0 -0.317138 -11.333 -0 0 -8.09571 -2.27946 -0 -0 -12.4232 4.71446 0 -0 -10.5329 3.37539 -0 -0 4.7912 -13.5998 -0 -0 12.651 -21.6312 -0 0 9.43197 -15.4889 -0 0 -0.735939 -1.25448 0 -0 -0.735939 -1.25448 0.00191147 0.401286 0.742061 0.133135 0.672669 0.0152156 0.00188218 0.053391 0.750265 0.107896 0.685055 0.0349784 0.00181643 0.00244334 0.773344 0.101139 0.688371 0.223379 0.00180196 0.000414386 0.787318 0.100338 0.688736 0.459875 0.00193043 0.00163647 0.751059 0.102949 0.687202 0.0947192 0.00188339 0.306779 0.749581 0.120698 0.679569 0.00020205 0.00159512 0.588976 0.782711 0.140764 0.670656 0.000661757 0.0012166 0.545414 0.84876 0.153074 0.65626 0.0369481 0.00093937 0.229367 0.930017 0.147682 0.647853 0.726351 0.000903869 0.228192 0.94363 0.150072 0.644791 0.747311 -0.173372 0.127146 -0.173372 0.127146 -0.173372 0.127146 -0.46113 0.272433 -0.287758 0.145287 -0.594833 0.351655 -0.594833 0.351655 -0.617311 0.472595 -0.617311 0.472595 -0.610795 0.418425 -0.610795 0.418425 -0.521753 0.276263 -0.521753 0.276263 -0.38846 0.243928 -0.38846 0.243928 -0.350849 0.265791 -0.350849 0.265791 -0.462669 0.565867 -0.462669 0.565867 -0.279086 0.419938 -0.562059 0.844778 -0.282973 0.42484 -0.282973 0.42484 -0.282973 0.42484
0.91 -0 0 2.45705 -12.0653 -0 0 0.340044 -13.2229 -0 0 -8.18385 -2.96692 -0 -0 -12.8837 5.33495 0 -0 -10.8287 4.51724 0 -0 4.77814 -12.3341 -0 -0 13.9163 -21.6072 -0 0 11.0322 -16.2064 -0 0 0.0347173 -1.82992 0 -0 0.0347173 -1.82992 0.00179575 0.448501 0.724595 0.140551 0.659955 0.0129696 0.00175819 0.0706212 0.734607 0.109771 0.675965 0.0279423 0.00166821 0.00263951 0.764568 0.101125 0.680251 0.236923 0.00163542 0.000395445 0.785671 0.10011 0.680731 0.538872 0.00179695 0.00162115 0.741071 0.103583 0.678832 0.142483 0.00176012 0.382248 0.733982 0.128125 0.668433 0.000209436 0.00146733 0.728617 0.767723 0.157016 0.656242 0.000412138 0.00108037 0.664287 0.837409 0.16742 0.640806 0.024674 0.000794809 0.257818 0.927095 0.152769 0.634436 0.699928 0.000758297 0.25496 0.942654 0.153996 0.631248 0.724395 -0.146331 0.120895 -0.146331 0.120895 -0.146331 0.120895 -0.423565 0.261315 -0.277234 0.14042 -0.580353 0.352459 -0.580353 0.352459 -0.611313 0.505821 -0.611313 0.505821 -0.603943 0.454545 -0.603943 0.454545 -0.485055 0.280244 -0.485055 0.280244 -0.297923 0.231545 -0.297923 0.231545 -0.247278 0.241333 -0.247278 0.241333 -0.409669 0.536981 -0.409669 0.536981 -0.271008 0.407711 -0.547004 0.82161 -0.275997 0.413898 -0.275997 0.413898 -0.275997 0.413898
0.96 -0 0 2.28119 -12.6996 -0 0 1.13826 -15.4496 -0 0 -8.18251 -3.99186 -0 -0 -13.5391 6.04373 0 -0 -11.254 5.74837 0 -0 4.75504 -11.1204 -0 -0 15.0644 -21.4973 -0 0 12.5311 -16.8175 -0 0 0.816389 -2.40299 0 -0 0.816389 -2.40299 0.00171356 0.489986 0.707032 0.1489 0.646723 0.0107938 0.00166642 0.0941376 0.718979 0.112245 0.6671 0.0204867 0.00154783 0.00283696 0.756443 0.10125 0.672632 0.241916 0.00149207 0.000368214 0.786091 0.0999858 0.673258 0.615032 0.00168909 0.00158176 0.734037 0.104604 0.670859 0.211597 0.00166872 0.45481 0.718782 0.137693 0.656624 0.000229938 0.00137 0.833256 0.75259 0.177384 0.639696 0.000264153 0.000972945 0.769061 0.825812 0.185696 0.623588 0.0162693 0.000679561 0.293437 0.923564 0.159433 0.620895 0.668575 0.0006422 0.288423 0.941197 0.158913 0.617829 0.696869 -0.120109 0.114289 -0.120109 0.114289 -0.120109 0.114289 -0.385154 0.249364 -0.265046 0.135075 -0.564469 0.351198 -0.564469 0.351198 -0.606351 0.538586 -0.606351 0.538586 -0.598515 0.49742 -0.598515 0.49742 -0.447085 0.289235 -0.447085 0.289235 -0.206776 0.217217 -0.206776 0.217217 -0.142708 0.216406 -0.142708 0.216406 -0.351669 0.506746 -0.351669 0.506746 -0.260239 0.393279 -0.526768 0.794367 -0.266529 0.401088 -0.266529 0.401088 -0.266529 0.401088
1.01 -0 0 1.9956 -13.2456 -0 0 2.07468 -17.9841 -0 0 -7.99383 -5.47865 -0 -0 -14.3687 6.81413 0 -0 -11.87 7.1664 0 -0 4.71986 -9.92501 -0 -0 16.1119 -21.3012 -0 0 13.9301 -17.3223 -0 0 1.60562 -2.96994 0 -0 1.60562 -2.96994 0.00165966 0.524669 0.689437 0.158066 0.63286 0.0087971 0.00160138 0.126501 0.703451 0.115454 0.658351 0.0136211 0.00144963 0.00305537 0.748641 0.101539 0.665473 0.235327 0.00136618 0.000331964 0.788304 0.0999853 0.666277 0.686111 0.00159867 0.00150871 0.730819 0.106052 0.663204 0.306013 0.00160327 0.520953 0.704212 0.149407 0.643822 0.00026607 0.00129746 0.902754 0.737365 0.201145 0.620454 0.000174682 0.000888117 0.851039 0.813983 0.207614 0.604032 0.0106546 0.000587103 0.336528 0.919342 0.168024 0.606957 0.632472 0.00054898 0.32889 0.939192 0.165126 0.604353 0.664785 -0.0954249 0.107302 -0.0954249 0.107302 -0.0954249 0.107302 -0.346005 0.236685 -0.25058 0.129383 -0.546534 0.346942 -0.546534 0.346942 -0.602376 0.568709 -0.602376 0.568709 -0.594783 0.547619 -0.594783 0.547619 -0.409832 0.304756 -0.409832 0.304756 -0.122189 0.200503 -0.122189 0.200503 -0.0467995 0.190134 -0.0467995 0.190134 -0.292609 0.474333 -0.292609 0.474333 -0.246528 0.376416 -0.500866 0.762629 -0.254338 0.386214 -0.254338 0.386214 -0.254338 0.386214
1.06 -0 0 1.53922 -13.6 -0 0 3.14439 -20.7867 -0 0 -7.49977 -7.56523 -0 0 -15.3449 7.60701 0 -0 -12.7135 8.87392 0 -0 4.68663 -8.71984 -0 -0 17.0513 -21.0158 -0 0 15.2307 -17.726 -0 0 2.4018 -3.53096 0 -0 2.4018 -3.53096 0.00163037 0.551397 0.671875 0.167904 0.618276 0.0070735 0.00155905 0.17094 0.688093 0.119599 0.649585 0.00813311 0.00136968 0.00333686 0.74072 0.102024 0.658725 0.214505 0.0012537 0.000288063 0.791995 0.100127 0.659747 0.750146 0.00151848 0.0013927 0.732153 0.107948 0.655787 0.425325 0.00155916 0.578924 0.690534 0.163147 0.629724 0.000323527 0.00124558 0.945275 0.722093 0.227433 0.598104 0.00011948 0.000821311 0.909061 0.801891 0.232526 0.581673 0.00696836 0.000512541 0.386951 0.914325 0.178877 0.592301 0.592029 0.000473678 0.3763 0.936559 0.172974 0.590592 0.628371 -0.072903 0.0999459 -0.072903 0.0999459 -0.072903 0.0999459 -0.305892 0.223482 -0.232989 0.123537 -0.52561 0.338757 -0.52561 0.338757 -0.599244 0.594044 -0.599244 0.594044 -0.592987 0.605393 -0.592987 0.605393 -0.375065 0.327958 -0.375065 0.327958 -0.0479937 0.181198 -0.0479937 0.181198 0.0348904 0.161941 0.0348904 0.161941 -0.235515 0.439088 -0.235515 0.439088 -0.229699 0.356955 -0.468956 0.72607 -0.239258 0.369115 -0.239258 0.369115 -0.239258 0.369115
1.11 -0 0 0.850283 -13.6494 -0 0 4.36193 -23.8041 -0 0 -6.58814 -10.3578 -0 0 -16.4841 8.44274 0 -0 -13.7239 10.9538 0 -0 4.54877 -7.45792 -0 -0 17.8631 -20.6338 -0 0 16.4312 -18.0368 -0 0 3.20431 -4.088 0 -0 3.20431 -4.088 0.00162325 0.568732 0.654413 0.178228 0.602916 0.0056811 0.00153653 0.231038 0.672959 0.124958 0.640633 0.0043322 0.00130535 0.0037594 0.732177 0.102743 0.652336 0.17876 0.00115183 0.000239196 0.796823 0.10043 0.653622 0.805889 0.00144229 0.00123472 0.738329 0.110291 0.648525 0.561654 0.00153274 0.628424 0.678019 0.178708 0.614061 0.000412719 0.00121135 0.969863 0.706819 0.255427 0.572425 8.47651e-05 0.000769156 0.94692 0.789474 0.259635 0.556218 0.00457376 0.000452183 0.443943 0.908396 0.192312 0.576563 0.547886 0.000412536 0.430068 0.933199 0.182827 0.576265 0.588042 -0.0531455 0.0922591 -0.0531455 0.0922591 -0.0531455 0.0922591 -0.264341 0.209942 -0.211195 0.117683 -0.500481 0.325831 -0.500481 0.325831 -0.596732 0.612744 -0.596732 0.612744 -0.593303 0.669835 -0.593303 0.669835 -0.344084 0.358753 -0.344084 0.358753 0.0148586 0.159283 0.0148586 0.159283 0.100886 0.131547 0.100886 0.131547 -0.181914 0.400585 -0.181914 0.400585 -0.209713 0.334806 -0.430945 0.684476 -0.221233 0.34967 -0.221233 0.34967 -0.221233 0.34967
1.16 -0 0 -0.121419 -13.2927 -0 0 5.73607 -26.9569 -0 0 -5.21136 -13.8523 -0 0 -17.3387 9.16334 -0 -0 -14.9524 13.4559 0 -0 4.11587 -6.00696 -0 -0 18.5968 -20.1863 -0 0 17.5297 -18.2628 -0 0 4.01219 -4.64274 0 -0 4.01219 -4.64274 0.00163676 0.574915 0.637111 0.188808 0.586768 0.00463561 0.00153181 0.309783 0.658058 0.131908 0.631279 0.00205302 0.00125504 0.00445364 0.722592 0.103748 0.646246 0.131918 0.00105867 0.000191181 0.802446 0.100909 0.647855 0.852564 0.00136531 0.00104414 0.748868 0.113068 0.641339 0.69911 0.00152093 0.667416 0.666902 0.195779 0.596623 0.000554743 0.00119264 0.9836 0.691585 0.284432 0.543395 6.24983e-05 0.000729184 0.970087 0.776644 0.288185 0.527585 0.00302554 0.000403229 0.506018 0.90142 0.208622 0.559346 0.500905 0.000362691 0.488978 0.929001 0.195068 0.561039 0.544411 -0.0367937 0.0843008 -0.0367937 0.0843008 -0.0367937 0.0843008 -0.220795 0.196142 -0.184001 0.111841 -0.469775 0.307889 -0.469775 0.307889 -0.594562 0.62384 -0.594562 0.62384 -0.595756 0.738129 -0.595756 0.738129 -0.317904 0.39498 -0.317904 0.39498 0.0668595 0.134873 0.0668595 0.134873 0.15247 0.0989085 0.15247 0.0989085 -0.132051 0.358636 -0.132051 0.358636 -0.186725 0.309958 -0.387099 0.637763 -0.200374 0.327806 -0.200374 0.327806 -0.200374 0.327806
1.21 -0 0 -1.40311 -12.4607 -0 0 7.30338 -30.128 -0 0 -3.15603 -17.971 -0 0 -17.9681 9.67022 -0 -0 -16.6286 16.3873 0 -0 3.402 -4.39666 -0 -0 19.2823 -19.717 -0 0 18.5102 -18.41 -0 0 4.82127 -5.19656 0 -0 4.82127 -5.19656 0.00167016 0.567857 0.620022 0.199349 0.569872 0.00392179 0.00154361 0.407782 0.643359 0.140909 0.621248 0.000867925 0.00121778 0.00568877 0.711858 0.105107 0.640388 0.0832302 0.000972981 0.000149433 0.808504 0.10158 0.642396 0.88948 0.00128477 0.000828956 0.762425 0.11625 0.634158 0.818314 0.0015211 0.694852 0.657327 0.213922 0.577281 0.000790283 0.00118798 0.991127 0.676429 0.313886 0.511205 4.78987e-05 0.000699613 0.983571 0.763304 0.317567 0.495913 0.00202448 0.000363546 0.571037 0.893251 0.228049 0.540236 0.452108 0.000321948 0.551216 0.923832 0.210073 0.544538 0.498263 -0.0245669 0.0761491 -0.0245669 0.0761491 -0.0245669 0.0761491 -0.174968 0.182024 -0.150401 0.105875 -0.432309 0.285795 -0.432309 0.285795 -0.592438 0.627773 -0.592438 0.627773 -0.60015 0.805346 -0.60015 0.805346 -0.297264 0.432303 -0.297264 0.432303 0.108941 0.10819 0.108941 0.10819 0.192237 0.0641543 0.192237 0.0641543 -0.0854683 0.313257 -0.0854683 0.313257 -0.16112 0.282481 -0.33811 0.585985 -0.17699 0.303503 -0.17699 0.303503 -0.17699 0.303503
1.26 0 -0 -2.93853 -11.1703 0 -0 9.1185 -33.1869 -0 0 -0.353782 -22.4833 -0 0 -18.3337 10.0534 -0 -0 -18.6202 19.7469 0 -0 2.46012 -2.65746 -0 -0 19.8862 -19.2668 -0 0 19.3407 -18.483 -0 0 5.61387 -5.74279 0 -0 5.61387 -5.74279 0.00172338 0.545638 0.603186 0.209494 0.552332 0.00351138 0.0015713 0.521565 0.628821 0.152438 0.610193 0.000330209 0.00119286 0.0080754 0.700339 0.106903 0.634685 0.0436377 0.000893997 0.000115725 0.814647 0.102459 0.637195 0.917518 0.00120029 0.000608435 0.77713 0.119793 0.626918 0.905309 0.00153095 0.710348 0.649295 0.232612 0.556014 0.00119803 0.00119644 0.995205 0.661387 0.343334 0.476254 3.80777e-05 0.000679194 0.991122 0.74936 0.347347 0.461549 0.00137463 0.00033151 0.636323 0.883736 0.250742 0.518828 0.402666 0.000288622 0.614419 0.917543 0.228171 0.526354 0.450573 -0.017246 0.0679058 -0.017246 0.0679058 -0.017246 0.0679058 -0.12731 0.16743 -0.110064 0.0995241 -0.387599 0.261652 -0.387599 0.261652 -0.590079 0.626606 -0.590079 0.626606 -0.606042 0.865751 -0.606042 0.865751 -0.282459 0.465396 -0.282459 0.465396 0.142115 0.0795554 0.142115 0.0795554 0.22304 0.0275344 0.22304 0.0275344 -0.0415511 0.264638 -0.0415511 0.264638 -0.133514 0.252537 -0.285115 0.529345 -0.151601 0.276808 -0.151601 0.276808 -0.151601 0.276808
1.31 0 -0 -4.58478 -9.54407 0 -0 11.1924 -36.0075 -0 0 3.11714 -27.0389 -0 0 -18.4053 10.4469 -0 -0 -20.7584 23.4141 0 -0 1.38631 -0.910829 0 -0 20.3826 -18.8667 -0 0 19.9829 -18.4776 -0 0 6.36758 -6.26896 0 -0 6.36758 -6.26896 0.00179693 0.507644 0.586635 0.218828 0.534323 0.00338017 0.00161473 0.642207 0.614429 0.166863 0.597709 0.000114727 0.0011794 0.0130841 0.688763 0.109242 0.629049 0.018862 0.000821252 9.01133e-05 0.820592 0.10356 0.632202 0.938505 0.00111342 0.000410224 0.791244 0.123647 0.619568 0.957852 0.00154855 0.714287 0.642646 0.251289 0.532931 0.00193398 0.00121754 0.997396 0.646482 0.372401 0.439135 3.12887e-05 0.000667109 0.995231 0.734725 0.377226 0.425029 0.000950011 0.00030589 0.698994 0.872718 0.276708 0.494761 0.353877 0.000261415 0.67593 0.909969 0.249595 0.50607 0.402512 -0.0155119 0.0597029 -0.0155119 0.0597029 -0.0155119 0.0597029 -0.0794053 0.152166 -0.0638935 0.0924633 -0.336373 0.237921 -0.336373 0.237921 -0.587185 0.623187 -0.587185 0.623187 -0.612826 0.914958 -0.612826 0.914958 -0.27334 0.489979 -0.27334 0.489979 0.167347 0.0493864 0.167347 0.0493864 0.247424 -0.0106158 0.247424 -0.0106158 0.000132321 0.213126 0.000132321 0.213126 -0.104726 0.220379 -0.229647 0.468224 -0.124922 0.247845 -0.124922 0.247845 -0.124922 0.247845
1.36 0 -0 -6.12919 -7.77888 0 -0 13.5311 -38.5039 -0 0 7.04718 -31.2777 -0 0 -18.3541 11.1688 -0 -0 -22.8491 26.8141 0 -0 0.0257939 0.309771 0 -0 20.4911 -18.4686 -0 0 20.4643 -18.4156 -0 0 7.06801 -6.76586 0 0 7.06801 -6.76586 0.00189187 0.455994 0.570397 0.226954 0.51609 0.00352239 0.00167421 0.756451 0.600214 0.184241 0.583366 3.70994e-05 0.00117625 0.0245522 0.677844 0.112269 0.623376 0.00683901 0.000754434 7.13333e-05 0.826146 0.1049 0.627366 0.954512 0.00102674 0.000254747 0.803659 0.127752 0.612067 0.983783 0.00157234 0.706245 0.637115 0.26939 0.508269 0.00326443 0.00125119 0.998562 0.631724 0.400778 0.400606 2.6491e-05 0.000662892 0.997428 0.719332 0.406995 0.387037 0.000669955 0.000285761 0.756492 0.860055 0.305759 0.46778 0.307033 0.000239329 0.73327 0.900933 0.274425 0.483302 0.355343 -0.0196287 0.051702 -0.0196287 0.051702 -0.0196287 0.051702 -0.0340151 0.136089 -0.0143863 0.0843874 -0.280698 0.216095 -0.280698 0.216095 -0.583214 0.61968 -0.583214 0.61968 -0.619883 0.951364 -0.619883 0.951364 -0.269537 0.50433 -0.269537 0.50433 0.18546 0.0181926 0.18546 0.0181926 0.267427 -0.049895 0.267427 -0.049895 0.0397351 0.159218 0.0397351 0.159218 -0.0756758 0.186367 -0.173459 0.403201 -0.0977836 0.216835 -0.0977836 0.216835 -0.0977836 0.216835
1.41 0 -0 -7.40646 -6.07087 0 -0 16.1287 -40.6626 -0 0 11.1235 -34.9441 -0 0 -18.5259 12.5454 -0 -0 -24.7147 29.6433 0 -0 -1.59985 1.55021 0 -0 20.2468 -18.0468 -0 0 20.8078 -18.3336 -0 0 7.69932 -7.22514 -0 0 7.69932 -7.22514 0.00200978 0.39603 0.554505 0.233594 0.497933 0.00395989 0.0017504 0.851347 0.586231 0.204145 0.566786 1.13935e-05 0.00118208 0.0529174 0.667979 0.116246 0.617535 0.00215489 0.000693278 5.71615e-05 0.831211 0.106501 0.622636 0.967517 0.000942787 0.000147483 0.813995 0.132041 0.604387 0.9944 0.00160118 0.68361 0.632405 0.286288 0.482398 0.00567661 0.00129762 0.999177 0.617113 0.428204 0.36153 2.31039e-05 0.000666389 0.998597 0.703141 0.436484 0.348366 0.000482468 0.000270444 0.807004 0.845625 0.337497 0.437794 0.263255 0.000221603 0.78455 0.890259 0.302546 0.457755 0.310254 -0.0290804 0.0440812 -0.0290804 0.0440812 -0.0290804 0.0440812 0.00562459 0.11917 0.034705 0.0750886 -0.222949 0.196247 -0.222949 0.196247 -0.576703 0.61692 -0.576703 0.61692 -0.626715 0.976092 -0.626715 0.976092 -0.270994 0.509353 -0.270994 0.509353 0.196774 -0.0134124 0.196774 -0.0134124 0.284563 -0.0898496 0.284563 -0.0898496 0.0772093 0.103533 0.0772093 0.103533 -0.0472512 0.150947 -0.118267 0.335033 -0.0710156 0.184085 -0.0710156 0.184085 -0.0710156 0.184085
1.46 0 -0 -8.35384 -4.53379 0 -0 18.8697 -42.508 -0 0 14.8526 -37.8655 -0 0 -18.8263 13.3024 -0 -0 -26.1899 31.4618 0 -0 -3.30851 2.84031 0 -0 19.5953 -17.593 -0 0 21.2075 -18.365 -0 0 8.27985 -7.66038 -0 0 8.27985 -7.66038 0.00215279 0.334672 0.538998 0.238688 0.480161 0.00475182 0.00184426 0.919368 0.572535 0.225694 0.547736 3.38522e-06 0.00119564 0.124156 0.659236 0.121804 0.611337 0.000616389 0.000637511 4.58383e-05 0.83574 0.108403 0.617959 0.977503 0.000863469 8.11719e-05 0.822358 0.13644 0.596516 0.998173 0.00163427 0.644853 0.628276 0.301289 0.455818 0.0101769 0.00135745 0.999503 0.602642 0.454449 0.322809 2.07486e-05 0.000677729 0.999225 0.686139 0.46553 0.309859 0.000353584 0.000259464 0.849749 0.829339 0.371339 0.40495 0.2233 0.000207666 0.828801 0.877774 0.333631 0.429282 0.268142 -0.0424865 0.0370076 -0.0424865 0.0370076 -0.0424865 0.0370076 0.0369632 0.101523 0.0794498 0.0645155 -0.163138 0.177594 -0.163138 0.177594 -0.563672 0.614654 -0.563672 0.614654 -0.633004 0.991628 -0.633004 0.991628 -0.277972 0.507529 -0.277972 0.507529 0.201235 -0.0446618 0.201235 -0.0446618 0.299905 -0.129986 0.299905 -0.129986 0.112447 0.0467787 0.112447 0.0467787 -0.0201701 0.114627 -0.0654849 0.2646 -0.0453148 0.149973 -0.0453148 0.149973 -0.0453148 0.149973
1.51 0 -0 -8.98205 -3.19611 0 -0 21.6436 -44.0631 -0 0 18.2268 -40.0767 -0 0 -18.9455 13.8055 -0 -0 -27.2521 32.6007 0 -0 -5.04617 4.09207 0 -0 18.724 -17.1908 -0 0 21.5981 -18.5285 -0 0 8.78523 -8.06188 -0 0 8.78523 -8.06188 0.00232349 0.277955 0.523922 0.242403 0.463048 0.00600586 0.00195707 0.961045 0.559163 0.247856 0.526191 9.89259e-07 0.00121587 0.282615 0.651497 0.130465 0.604436 0.000167096 0.00058684 3.69479e-05 0.839696 0.110696 0.613276 0.984519 0.000789931 4.34574e-05 0.829047 0.140866 0.588454 0.999409 0.00167104 0.589156 0.624616 0.31371 0.429133 0.0187193 0.00143159 0.99968 0.588313 0.479305 0.285305 1.91625e-05 0.000697318 0.999568 0.668349 0.493962 0.272352 0.000261756 0.000252521 0.884759 0.811148 0.406573 0.369672 0.187557 0.000197106 0.865811 0.86332 0.36716 0.397957 0.229579 -0.0579338 0.0306118 -0.0579338 0.0306118 -0.0579338 0.0306118 0.0590838 0.0833923 0.117018 0.0527805 -0.0954304 0.159131 -0.0954304 0.159131 -0.535411 0.611986 -0.535411 0.611986 -0.638591 1.00039 -0.638591 1.00039 -0.290821 0.501759 -0.290821 0.501759 0.198686 -0.0745626 0.198686 -0.0745626 0.314182 -0.169789 0.314182 -0.169789 0.145409 -0.0102998 0.145409 -0.0102998 0.00510586 0.0779272 -0.0160459 0.19283 -0.0211518 0.114902 -0.0211518 0.114902 -0.0211518 0.114902
1.56 0 -0 -9.48834 -1.90752 0 -0 24.3762 -45.3225 -0 0 21.2633 -41.6873 -0 0 -18.9127 14.1453 -0 -0 -27.9592 33.2137 0 -0 -6.80762 5.43771 0 -0 17.5998 -16.8219 -0 0 21.7884 -18.8151 -0 0 9.2516 -8.4506 -0 0 9.2516 -8.4506 0.00252501 0.228796 0.509331 0.245053 0.446795 0.00792013 0.00209039 0.98308 0.546134 0.26995 0.502332 2.88658e-07 0.00124194 0.533523 0.644572 0.144886 0.59615 4.44619e-05 0.000540956 3.01808e-05 0.84307 0.113574 0.608507 0.989314 0.00072267 2.30922e-05 0.83438 0.145238 0.580217 0.999805 0.00171097 0.517265 0.621508 0.322953 0.403013 0.0351301 0.0015213 0.999778 0.574143 0.502586 0.249773 1.8116e-05 0.000725842 0.999755 0.649827 0.521602 0.236606 0.000194441 0.000249476 0.912599 0.791053 0.442436 0.332665 0.156215 0.000189643 0.895891 0.846767 0.40246 0.36412 0.194966 -0.0735595 0.0249791 -0.0735595 0.0249791 -0.0735595 0.0249791 0.0729089 0.0650732 0.146468 0.0400941 -0.0106272 0.139796 -0.0106272 0.139796 -0.481752 0.607844 -0.481752 0.607844 -0.643432 1.00436 -0.643432 1.00436 -0.309798 0.494882 -0.309798 0.494882 0.189053 -0.101759 0.189053 -0.101759 0.327869 -0.208739 0.327869 -0.208739 0.176151 -0.0669326 0.176151 -0.0669326 0.0283589 0.041383 0.0295857 0.120699 0.00122676 0.0793164 0.00122676 0.0793164 0.00122676 0.0793164
1.61 0 -0 -9.53447 -0.774169 0 -0 26.8787 -46.3081 -0 0 23.9535 -42.8921 -0 0 -18.7719 14.3113 -0 -0 -28.3964 33.4302 0 -0 -8.50796 6.71861 0 -0 16.3166 -16.3567 -0 0 21.7418 -19.2968 -0 0 9.75784 -8.96017 -0 0 9.75784 -8.96017 0.00276095 0.188728 0.495288 0.247003 0.431516 0.0108335 0.00224615 0.993285 0.533451 0.291876 0.476454 8.53127e-08 0.00127328 0.770611 0.638256 0.166921 0.585393 1.19098e-05 0.000499532 2.51266e-05 0.845885 0.117314 0.603539 0.99254 0.000661729 1.23671e-05 0.838637 0.149485 0.571834 0.999933 0.00175325 0.432845 0.619343 0.328621 0.378123 0.0665222 0.00162814 0.999834 0.560187 0.524131 0.216808 1.75474e-05 0.000764291 0.999857 0.630665 0.548268 0.203261 0.000143862 0.000250347 0.93455 0.769106 0.478194 0.294871 0.128578 0.000185123 0.920184 0.828015 0.438781 0.328396 0.163678 -0.0879882 0.020168 -0.0879882 0.020168 -0.0879882 0.020168 0.0805348 0.0468263 0.168523 0.0266582 0.0877669 0.118493 0.0877669 0.118493 -0.406907 0.601119 -0.406907 0.601119 -0.647547 1.00494 -0.647547 1.00494 -0.334762 0.489853 -0.334762 0.489853 0.172635 -0.124263 0.172635 -0.124263 0.341253 -0.246342 0.341253 -0.246342 0.204877 -0.122418 0.204877 -0.122418 0.0496246 0.00546215 0.0714549 0.0490767 0.0218303 0.0436145 0.0218303 0.0436145 0.0218303 0.0436145
1.66 0 -0 -9.36152 0.16099 0 -0 29.184 -47.0472 -0 0 26.3723 -43.8835 -0 0 -18.4728 14.2674 -0 0 -28.6335 33.4296 0 -0 -10.1577 8.03271 0 -0 14.8957 -15.7255 -0 0 21.6863 -19.9276 -0 0 10.1802 -9.46396 -0 0 10.1802 -9.46396 0.00303536 0.158952 0.48187 0.248692 0.417236 0.0151511 0.00242663 0.997513 0.521111 0.31377 0.448883 2.58514e-08 0.00130955 0.908974 0.632351 0.195158 0.571055 3.25552e-06 0.000462227 2.14262e-05 0.848178 0.122101 0.598219 0.994686 0.000606862 6.74737e-06 0.842066 0.153559 0.563342 0.999976 0.00179627 0.343149 0.618969 0.330698 0.355051 0.124238 0.00175395 0.999865 0.546551 0.543822 0.186816 1.74928e-05 0.000813988 0.999914 0.610981 0.573795 0.17279 0.000105035 0.00025531 0.95147 0.745398 0.513207 0.257364 0.104365 0.000183508 0.939384 0.806996 0.475369 0.291656 0.135549 -0.100095 0.0162184 -0.100095 0.0162184 -0.100095 0.0162184 0.0846449 0.0288296 0.18474 0.0126113 0.180637 0.0944546 0.180637 0.0944546 -0.331543 0.591061 -0.331543 0.591061 -0.650998 1.00309 -0.650998 1.00309 -0.364781 0.490188 -0.364781 0.490188 0.150492 -0.139136 0.150492 -0.139136 0.354491 -0.282157 0.354491 -0.282157 0.231867 -0.17615 0.231867 -0.17615 0.0690918 -0.029448 0.109924 -0.0213062 0.0408322 0.00814176 0.0408322 0.00814176 0.0408322 0.00814176
1.71 0 -0 -9.37568 1.28157 0 -0 31.3517 -47.5837 -0 0 28.6992 -44.8625 -0 0 -17.9377 13.9004 -0 0 -28.8113 33.4376 0 -0 -11.7738 9.38416 0 -0 13.2802 -14.8069 -0 0 21.5348 -20.2517 -0 0 10.7827 -10.1171 -0 0 10.7827 -10.1171 0.00335268 0.136425 0.469169 0.250489 0.403897 0.0216333 0.0026345 0.99913 0.509108 0.335598 0.419969 8.10777e-09 0.00135057 0.968306 0.626673 0.226386 0.55251 9.11416e-07 0.000428697 1.88794e-05 0.849998 0.127913 0.592393 0.99609 0.000557648 3.76944e-06 0.844908 0.157428 0.554786 0.999991 0.00183691 0.256552 0.621808 0.329612 0.334227 0.221852 0.00190074 0.99988 0.533427 0.561607 0.16001 1.81627e-05 0.000876636 0.999947 0.590925 0.598037 0.145485 7.61043e-05 0.000264723 0.964432 0.720088 0.546942 0.221222 0.0832678 0.000184886 0.954492 0.783709 0.511512 0.254938 0.11037 -0.109479 0.0131827 -0.109479 0.0131827 -0.109479 0.0131827 0.0872993 0.0112431 0.196779 -0.00193954 0.254103 0.0675846 0.254103 0.0675846 -0.271205 0.5776 -0.271205 0.5776 -0.653865 0.999444 -0.653865 0.999444 -0.39818 0.500211 -0.39818 0.500211 0.124393 -0.142383 0.124393 -0.142383 0.367638 -0.315818 0.367638 -0.315818 0.257406 -0.227539 0.257406 -0.227539 0.0870055 -0.0629473 0.145478 -0.0896376 0.0584726 -0.0266903 0.0584726 -0.0266903 0.0584726 -0.0266903
1.76 0 -0 -9.60188 2.84206 0 -0 33.196 -47.886 -0 0 31.0085 -45.9955 -0 0 -17.0928 13.0909 -0 0 -29.0823 33.66 0 -0 -13.378 10.8168 0 -0 11.5907 -13.754 -0 0 21.1278 -20.2796 -0 0 11.445 -10.7792 -0 0 11.445 -10.7792 0.00371754 0.118203 0.457327 0.252583 0.391393 0.0319458 0.00287283 0.999708 0.497436 0.357141 0.39012 2.65447e-09 0.00139641 0.989837 0.621065 0.258017 0.529728 2.59849e-07 0.000398602 1.73941e-05 0.851395 0.134583 0.585928 0.996977 0.000513565 2.15059e-06 0.847417 0.161069 0.54621 0.999996 0.00186976 0.180444 0.629603 0.32616 0.315875 0.364397 0.00207055 0.999884 0.521113 0.57751 0.136422 1.97688e-05 0.000954367 0.999966 0.570671 0.620885 0.121458 5.56751e-05 0.000279145 0.974403 0.693396 0.579014 0.187398 0.0650732 0.000189479 0.96646 0.758226 0.546609 0.219323 0.088036 -0.116454 0.0112494 -0.116454 0.0112494 -0.116454 0.0112494 0.0895508 -0.00561974 0.206004 -0.0168692 0.306697 0.0383199 0.306697 0.0383199 -0.228737 0.561178 -0.228737 0.561178 -0.656243 0.994454 -0.656243 0.994454 -0.432922 0.524074 -0.432922 0.524074 0.09643 -0.130053 0.09643 -0.130053 0.380665 -0.347061 0.380665 -0.347061 0.281793 -0.276091 0.281793 -0.276091 0.103667 -0.0946919 0.178737 -0.155174 0.0750701 -0.0604819 0.0750701 -0.0604819 0.0750701 -0.0604819
1.81 0 -0 -10.1798 5.02929 0 -0 34.6005 -47.928 -0 0 33.4188 -47.4333 -0 0 -15.8432 11.7619 -0 0 -29.5783 34.2503 0 -0 -14.9873 12.3404 0 -0 9.81295 -12.548 -0 0 20.4749 -20.0773 -0 0 12.0544 -11.3998 -0 0 12.0544 -11.3998 0.00413442 0.102191 0.446602 0.255028 0.379605 0.0497225 0.00314513 0.999904 0.486102 0.378131 0.359801 9.16549e-10 0.00144724 0.996939 0.615408 0.288619 0.503099 7.44957e-08 0.000371615 1.70145e-05 0.852426 0.141895 0.578736 0.997491 0.00047404 1.24129e-06 0.84986 0.164482 0.537661 0.999998 0.00188729 0.119272 0.64344 0.321321 0.300008 0.534167 0.00226508 0.999878 0.509989 0.59164 0.115942 2.26558e-05 0.00104981 0.999977 0.550417 0.642268 0.100664 4.16128e-05 0.000299376 0.981884 0.665613 0.609158 0.156613 0.0498822 0.000197663 0.975705 0.730728 0.580179 0.185797 0.0688589 -0.121627 0.0109537 -0.121627 0.0109537 -0.121627 0.0109537 0.0917698 -0.0210663 0.213397 -0.03202 0.342904 0.00732178 0.342904 0.00732178 -0.200647 0.542426 -0.200647 0.542426 -0.658239 0.988442 -0.658239 0.988442 -0.467104 0.562853 -0.467104 0.562853 0.0685272 -0.101213 0.0685272 -0.101213 0.393472 -0.375727 0.393472 -0.375727 0.305248 -0.321359 0.305248 -0.321359 0.119321 -0.12434 0.210213 -0.217113 0.0908915 -0.0927726 0.0908915 -0.0927726 0.0908915 -0.0927726
1.86 0 -0 -11.2963 7.57866 0 -0 35.3709 -47.6909 -0 0 36.0343 -49.2571 -0 0 -14.1644 9.96153 -0 0 -30.3692 35.2322 0 -0 -16.6005 13.904 0 -0 7.95436 -11.2184 -0 0 19.6 -19.6708 -0 0 12.5455 -11.9222 -0 0 12.5455 -11.9222 0.00460667 0.0862982 0.437531 0.257771 0.368422 0.0829036 0.0034553 0.999968 0.475141 0.398341 0.329515 3.37148e-10 0.00150344 0.999133 0.609617 0.31755 0.473277 2.10933e-08 0.000347424 1.79857e-05 0.853151 0.149644 0.57077 0.997719 0.000438487 7.14977e-07 0.852467 0.167682 0.529179 0.999999 0.0018819 0.0741229 0.662581 0.316035 0.286471 0.695452 0.00248544 0.99986 0.500413 0.604171 0.0983519 2.74521e-05 0.00116613 0.999983 0.530382 0.662159 0.0829302 3.20826e-05 0.000326499 0.987324 0.637099 0.637212 0.129316 0.0376601 0.000209995 0.982621 0.701513 0.611857 0.155143 0.0530062 -0.125779 0.0136071 -0.125779 0.0136071 -0.125779 0.0136071 0.0938245 -0.0336047 0.219604 -0.0472119 0.36789 -0.0247297 0.36789 -0.0247297 -0.182436 0.521965 -0.182436 0.521965 -0.659967 0.98165 -0.659967 0.98165 -0.49923 0.612056 -0.49923 0.612056 0.0421719 -0.0604864 0.0421719 -0.0604864 0.405909 -0.401769 0.405909 -0.401769 0.327893 -0.362992 0.327893 -0.362992 0.134142 -0.151598 0.240265 -0.274698 0.106123 -0.1231 0.106123 -0.1231 0.106123 -0.1231
1.91 0 -0 -12.6377 9.67045 0 -0 35.4008 -47.1322 -0 0 38.7862 -51.3747 -0 0 -12.1347 7.89804 -0 0 -31.4175 36.5095 0 -0 -18.1822 15.4089 0 -0 6.06411 -9.84006 -0 0 18.546 -19.1019 -0 0 12.8724 -12.3062 -0 0 12.8724 -12.3062 0.00513431 0.0699238 0.431136 0.26069 0.357759 0.142555 0.00380756 0.999989 0.464642 0.417606 0.299757 1.33681e-10 0.00156546 0.999769 0.603649 0.344579 0.44106 5.80327e-09 0.000325736 2.08461e-05 0.853632 0.157656 0.562022 0.997699 0.000406353 4.05451e-07 0.855362 0.170705 0.520799 1 0.00184921 0.043431 0.684553 0.311049 0.274994 0.819943 0.00273189 0.999825 0.492571 0.61532 0.0833707 3.51995e-05 0.00130712 0.999987 0.510788 0.680566 0.0680005 2.57015e-05 0.000361942 0.991161 0.608252 0.663108 0.105672 0.0281864 0.000227248 0.987631 0.670983 0.641405 0.127873 0.0404024 -0.129733 0.0216682 -0.129733 0.0216682 -0.129733 0.0216682 0.0952941 -0.0405909 0.225027 -0.0622591 0.38567 -0.0572193 0.38567 -0.0572193 -0.170511 0.500334 -0.170511 0.500334 -0.661528 0.97426 -0.661528 0.97426 -0.528242 0.663284 -0.528242 0.663284 0.0184048 -0.0164044 0.0184048 -0.0164044 0.41781 -0.425233 0.41781 -0.425233 0.349783 -0.400781 0.349783 -0.400781 0.148245 -0.176271 0.269131 -0.327346 0.120886 -0.151076 0.120886 -0.151076 0.120886 -0.151076
1.96 0 -0 -14.0298 11.6988 0 -0 35.0061 -46.324 -0 0 41.5432 -53.5694 -0 0 -9.85322 5.14472 -0 0 -32.4279 37.5694 0 -0 -19.7373 17.021 0 -0 4.18622 -8.41208 -0 0 17.3606 -18.3908 -0 0 13.0273 -12.539 -0 0 13.0273 -12.539 0.00571017 0.0541632 0.429021 0.263689 0.347558 0.241689 0.00420614 0.999996 0.454784 0.435819 0.270985 5.76907e-11 0.00163387 0.999943 0.5975 0.369667 0.40732 1.54029e-09 0.000306281 2.67391e-05 0.853922 0.165787 0.552511 0.997404 0.000377158 2.25056e-07 0.858546 0.173598 0.512544 1 0.00179 0.0241188 0.706534 0.306849 0.265253 0.901786 0.0030039 0.999763 0.486418 0.625313 0.0706896 4.76933e-05 0.00147726 0.99999 0.491835 0.697534 0.0555674 2.15054e-05 0.000407557 0.993803 0.579476 0.686856 0.0856129 0.0210735 0.00025047 0.991166 0.639615 0.668699 0.104212 0.030716 -0.1341 0.0386848 -0.1341 0.0386848 -0.1341 0.0386848 0.095795 -0.0382996 0.229895 -0.0769844 0.398944 -0.0896147 0.398944 -0.0896147 -0.162422 0.477981 -0.162422 0.477981 -0.663004 0.966402 -0.663004 0.966402 -0.553498 0.708851 -0.553498 0.708851 -0.00214673 0.0232064 -0.00214673 0.0232064 0.429035 -0.446246 0.429035 -0.446246 0.370925 -0.434681 0.370925 -0.434681 0.161709 -0.198288 0.296966 -0.374737 0.135258 -0.176448 0.135258 -0.176448 0.135258 -0.176448
2.01 0 -0 -15.5576 13.7796 0 -0 34.1973 -45.3357 -0 0 43.8741 -55.5765 -0 0 -6.84954 0.666421 -0 0 -32.7186 37.4975 0 -0 -21.4541 19.1417 0 -0 2.28565 -6.84936 -0 0 16.0616 -17.5437 -0 0 13.0175 -12.6262 -0 0 13.0175 -12.6262 0.00631418 0.0399279 0.433262 0.266735 0.337775 0.385968 0.00465482 0.999998 0.445855 0.452925 0.243584 2.7231e-11 0.00170929 0.999986 0.591205 0.392866 0.372934 3.96631e-10 0.000288812 3.858e-05 0.854056 0.173923 0.542282 0.996485 0.000350514 1.25332e-07 0.861919 0.176413 0.504427 1 0.00170929 0.0126896 0.726607 0.303672 0.256922 0.95074 0.00330038 0.999655 0.481718 0.634366 0.0599997 6.84637e-05 0.00168177 0.999991 0.473683 0.713129 0.0453063 1.8887e-05 0.000465713 0.995596 0.551146 0.708523 0.0688951 0.0158573 0.000281042 0.993619 0.607906 0.693714 0.0841349 0.0234613 -0.139369 0.0684289 -0.139369 0.0684289 -0.139369 0.0684289 0.0949388 -0.022801 0.234307 -0.0912299 0.409384 -0.121464 0.409384 -0.121464 -0.156615 0.455244 -0.156615 0.455244 -0.664436 0.95814 -0.664436 0.95814 -0.574808 0.744834 -0.574808 0.744834 -0.0192856 0.0542827 -0.0192856 0.0542827 0.439494 -0.464986 0.439494 -0.464986 0.391297 -0.464805 0.391297 -0.464805 0.17458 -0.217708 0.323854 -0.416829 0.149275 -0.199121 0.149275 -0.199121 0.149275 -0.199121
2.06 0 -0 -17.1074 15.9287 0 -0 33.2148 -44.1888 -0 0 46.071 -57.2688 -0 0 -3.33787 -3.90111 -0 0 -32.619 36.8247 0 -0 -23.2235 21.2593 0 -0 0.358062 -5.222 -0 -0 14.6691 -16.5977 -0 0 12.8492 -12.5774 -0 0 12.8492 -12.5774 0.00690836 0.0279168 0.44556 0.269836 0.328373 0.558527 0.00515606 0.999999 0.438244 0.468913 0.217854 1.41014e-11 0.00179233 0.999997 0.584838 0.414266 0.338725 1.00524e-10 0.000273109 6.43605e-05 0.854044 0.181979 0.531396 0.994143 0.000326123 7.19733e-08 0.865348 0.179194 0.496453 1 0.00161396 0.00631331 0.743933 0.301566 0.249701 0.977244 0.00361998 0.999457 0.478154 0.642666 0.05101 0.00010432 0.00192672 0.999991 0.45644 0.727438 0.0368983 1.74634e-05 0.000539423 0.996802 0.523587 0.728219 0.0551668 0.0120913 0.000320779 0.995303 0.576341 0.716503 0.067421 0.018124 -0.146016 0.112039 -0.146016 0.112039 -0.146016 0.112039 0.0922565 0.00717418 0.238273 -0.104864 0.41796 -0.152391 0.41796 -0.152391 -0.152142 0.432318 -0.152142 0.432318 -0.665836 0.949425 -0.665836 0.949425 -0.592367 0.770637 -0.592367 0.770637 -0.0331836 0.0760904 -0.0331836 0.0760904 0.449156 -0.481662 0.449156 -0.481662 0.410863 -0.491382 0.410863 -0.491382 0.186883 -0.234686 0.349823 -0.453825 0.162939 -0.21914 0.162939 -0.21914 0.162939 -0.21914
2.11 0 -0 -18.5964 18.1065 0 -0 32.3028 -42.9439 -0 0 48.2395 -58.6132 -0 0 0.235332 -7.98611 -0 0 -32.2503 35.8246 0 -0 -24.9101 23.1847 0 -0 -1.54784 -3.59407 0 -0 13.2182 -15.5784 -0 0 12.5437 -12.4078 -0 0 12.5437 -12.4078 0.00743892 0.0185545 0.465889 0.273029 0.319316 0.721811 0.00571002 1 0.432335 0.483808 0.193996 8.01736e-12 0.00188359 0.999999 0.578503 0.433976 0.30542 2.55041e-11 0.000258983 0.000124541 0.853848 0.18989 0.519928 0.988328 0.000303759 4.32083e-08 0.8687 0.181977 0.488616 1 0.00151082 0.00298624 0.758378 0.300468 0.243332 0.990163 0.00396131 0.999086 0.475403 0.650362 0.0434579 0.00016845 0.0022191 0.999991 0.440165 0.740553 0.0300466 1.7026e-05 0.000632486 0.997613 0.497059 0.746078 0.044028 0.00939788 0.000372037 0.996454 0.545354 0.737171 0.0537281 0.0142424 -0.154358 0.165098 -0.154358 0.165098 -0.154358 0.165098 0.0873743 0.0473097 0.241733 -0.117788 0.425181 -0.18209 0.425181 -0.18209 -0.14844 0.409156 -0.14844 0.409156 -0.667182 0.940002 -0.667182 0.940002 -0.606596 0.787451 -0.606596 0.787451 -0.0442279 0.0896958 -0.0442279 0.0896958 0.45803 -0.496494 0.45803 -0.496494 0.429581 -0.51472 0.429581 -0.51472 0.198626 -0.249437 0.374853 -0.486091 0.176227 -0.236654 0.176227 -0.236654 0.176227 -0.236654
2.16 0 -0 -19.9967 20.2916 0 -0 31.5741 -41.65 -0 0 50.4093 -59.6263 -0 0 3.65101 -11.4254 -0 0 -31.6719 34.6366 0 -0 -26.4439 24.8611 0 -0 -3.39067 -2.00117 0 -0 11.7399 -14.5057 -0 0 12.1264 -12.1356 -0 0 12.1264 -12.1356 0.00784972 0.0117823 0.492037 0.276366 0.310562 0.845187 0.00631388 1 0.428358 0.497658 0.172125 4.99441e-12 0.00198356 1 0.572314 0.452115 0.273612 6.58356e-12 0.000246284 0.00027617 0.853337 0.197613 0.507958 0.973442 0.000283248 2.73724e-08 0.871865 0.184785 0.480907 1 0.00140548 0.00135612 0.770198 0.300263 0.237601 0.995945 0.00432313 0.998358 0.473185 0.657563 0.0371134 0.000287116 0.00256696 0.99999 0.424877 0.752573 0.0244854 1.75091e-05 0.000749671 0.998159 0.471755 0.762244 0.0350751 0.00748092 0.000437861 0.997242 0.515311 0.755856 0.0426555 0.0114387 -0.164355 0.218982 -0.164355 0.218982 -0.164355 0.218982 0.0802501 0.0890495 0.244605 -0.129932 0.431291 -0.210325 0.431291 -0.210325 -0.145164 0.385148 -0.145164 0.385148 -0.668423 0.929086 -0.668423 0.929086 -0.618013 0.79723 -0.618013 0.79723 -0.0529124 0.0969407 -0.0529124 0.0969407 0.466139 -0.509696 0.466139 -0.509696 0.447414 -0.53516 0.447414 -0.53516 0.209802 -0.262209 0.398897 -0.514087 0.189095 -0.251878 0.189095 -0.251878 0.189095 -0.251878
2.21 0 -0 -21.3154 22.4941 0 -0 31.0486 -40.3031 -0 0 52.6034 -60.3401 -0 0 6.84113 -14.2437 -0 0 -30.9348 33.3373 0 -0 -27.8014 26.2874 0 -0 -5.14786 -0.458275 0 -0 10.2565 -13.3932 -0 0 11.6208 -11.7782 -0 0 11.6208 -11.7782 0.00810041 0.00718979 0.520753 0.279883 0.302069 0.9226 0.00696176 1 0.4263 0.510531 0.152271 3.39911e-12 0.00209262 1 0.566352 0.468801 0.243743 1.75369e-12 0.000234915 0.000689358 0.852131 0.205121 0.495573 0.934956 0.000264447 1.84102e-08 0.874752 0.187634 0.473315 1 0.00130203 0.000597875 0.779793 0.300816 0.232339 0.998378 0.00470444 0.996879 0.471282 0.664338 0.0317793 0.000514001 0.00297946 0.999989 0.410562 0.763591 0.0199836 1.89831e-05 0.000896917 0.998527 0.447804 0.776867 0.02793 0.00612087 0.000522163 0.997781 0.486497 0.77271 0.033793 0.00942295 -0.175573 0.265808 -0.175573 0.265808 -0.175573 0.265808 0.0712543 0.124548 0.246827 -0.14126 0.436408 -0.236931 0.436408 -0.236931 -0.142064 0.35826 -0.142064 0.35826 -0.669455 0.914503 -0.669455 0.914503 -0.627141 0.801943 -0.627141 0.801943 -0.0597699 0.0997075 -0.0597699 0.0997075 0.47349 -0.521459 0.47349 -0.521459 0.464333 -0.553047 0.464333 -0.553047 0.220404 -0.27325 0.421894 -0.538309 0.20149 -0.265059 0.20149 -0.265059 0.20149 -0.265059
2.26 0 -0 -22.5901 24.7862 0 -0 30.6849 -38.7935 -0 0 54.892 -60.7636 -0 0 9.87005 -16.5612 -0 0 -30.0739 31.9726 0 -0 -28.9869 27.4969 0 -0 -6.81238 1.03546 0 -0 8.78162 -12.2482 -0 0 11.0468 -11.3504 -0 0 11.0468 -11.3504 0.00817682 0.00423649 0.549218 0.283598 0.293792 0.964704 0.00764533 1 0.425936 0.522499 0.1344 2.52787e-12 0.00221113 1 0.560593 0.484154 0.216107 4.88058e-13 0.000224886 0.00190429 0.849264 0.21241 0.482859 0.841982 0.000247242 1.3194e-08 0.87727 0.190529 0.465824 1 0.00120316 0.000258649 0.787565 0.301991 0.227414 0.999361 0.00510449 0.993779 0.469539 0.670706 0.0272893 0.000961525 0.00346699 0.999986 0.397184 0.773696 0.0163449 2.16772e-05 0.00108158 0.998776 0.425278 0.790089 0.0222563 0.00516105 0.000629937 0.99815 0.459119 0.787896 0.026754 0.00798273 -0.187357 0.301686 -0.187357 0.301686 -0.187357 0.301686 0.061026 0.149925 0.248383 -0.151761 0.440617 -0.261802 0.440617 -0.261802 -0.138828 0.323334 -0.138828 0.323334 -0.670033 0.890996 -0.670033 0.890996 -0.63444 0.803207 -0.63444 0.803207 -0.0653609 0.0995531 -0.0653609 0.0995531 0.480011 -0.531943 0.480011 -0.531943 0.480325 -0.568707 0.480325 -0.568707 0.230423 -0.282797 0.443781 -0.559242 0.213358 -0.276446 0.213358 -0.276446 0.213358 -0.276446
2.31 0 -0 -23.9082 27.3908 0 -0 30.3911 -36.8418 -0 0 57.4544 -60.8496 -0 0 12.9697 -18.559 -0 0 -29.0899 30.5598 0 -0 -30.021 28.5549 0 -0 -8.39193 2.50479 0 -0 7.32054 -11.0678 -0 0 10.4192 -10.8621 -0 0 10.4192 -10.8621 0.00808936 0.00241493 0.575712 0.287505 0.285694 0.985256 0.00835475 1 0.426923 0.533638 0.118429 2.07501e-12 0.0023396 1 0.554808 0.498291 0.190862 1.43754e-13 0.000216414 0.00576353 0.842766 0.219523 0.469895 0.660628 0.000231535 1.01007e-08 0.879276 0.193472 0.458424 1 0.00111047 0.000110824 0.793847 0.303666 0.222727 0.99975 0.00552277 0.987111 0.467861 0.676608 0.0235046 0.00187117 0.00404123 0.999981 0.384698 0.782969 0.0134052 2.60447e-05 0.00131271 0.998941 0.404206 0.802048 0.0177655 0.00449296 0.000767523 0.9984 0.433314 0.801569 0.021194 0.00696759 -0.199062 0.3265 -0.199062 0.3265 -0.199062 0.3265 0.0502465 0.165054 0.249309 -0.161446 0.444041 -0.284893 0.444041 -0.284893 -0.134812 0.271318 -0.134812 0.271318 -0.669558 0.849448 -0.669558 0.849448 -0.640276 0.802201 -0.640276 0.802201 -0.0703496 0.0976417 -0.0703496 0.0976417 0.485446 -0.541255 0.485446 -0.541255 0.495389 -0.582442 0.495389 -0.582442 0.239856 -0.291063 0.464509 -0.57734 0.224653 -0.286277 0.224653 -0.286277 0.224653 -0.286277
2.36 0 -0 -25.2949 29.499 0 -0 29.3451 -33.8371 -0 0 60.274 -60.511 -0 0 16.4086 -20.4573 -0 0 -27.9777 29.0799 0 -0 -30.9342 29.5147 0 -0 -9.90262 3.96219 0 -0 5.8759 -9.8592 -0 0 9.75001 -10.3245 -0 0 9.75001 -10.3245 0.00786436 0.00132833 0.599492 0.291584 0.277743 0.994299 0.0090797 1 0.428876 0.544023 0.104241 1.93998e-12 0.00247923 1 0.548497 0.511332 0.16805 4.55369e-14 0.000210013 0.0190786 0.830262 0.226652 0.45674 0.419914 0.000217258 8.28347e-09 0.880554 0.196466 0.4511 1 0.00102475 4.73806e-05 0.798893 0.305723 0.218203 0.999902 0.00595895 0.972577 0.466206 0.681852 0.020311 0.0037751 0.00471522 0.999973 0.37305 0.791475 0.0110293 3.28931e-05 0.00160133 0.999047 0.384578 0.812869 0.0142174 0.00404341 0.000942913 0.998563 0.409153 0.81388 0.016818 0.00627401 -0.210202 0.342146 -0.210202 0.342146 -0.210202 0.342146 0.0394827 0.171802 0.249684 -0.170344 0.446868 -0.306208 0.446868 -0.306208 -0.128494 0.196339 -0.128494 0.196339 -0.666568 0.783956 -0.666568 0.783956 -0.644908 0.799728 -0.644908 0.799728 -0.0757251 0.0948429 -0.0757251 0.0948429 0.489128 -0.549408 0.489128 -0.549408 0.50954 -0.594513 0.50954 -0.594513 0.248704 -0.298237 0.484043 -0.593007 0.235339 -0.29477 0.235339 -0.29477 0.235339 -0.29477
2.41 0 -0 -26.5489 31.1026 0 -0 27.1861 -29.3927 -0 0 63.1431 -59.736 -0 0 20.3981 -22.4405 -0 0 -26.6543 27.4709 0 -0 -31.7375 30.4385 0 -0 -11.3647 5.46282 0 -0 4.44774 -8.60848 -0 0 9.04982 -9.743 -0 0 9.04982 -9.743 0.00753483 0.000708607 0.620423 0.295804 0.269915 0.997879 0.00981038 1 0.431409 0.553723 0.0916975 2.18801e-12 0.00263241 1 0.541087 0.52343 0.147623 1.58008e-14 0.000206391 0.067998 0.811224 0.234538 0.443383 0.215577 0.000204371 7.30916e-09 0.880882 0.199534 0.443842 1 0.000946284 2.03315e-05 0.802876 0.308042 0.213791 0.999961 0.00641265 0.94112 0.464598 0.685972 0.0176166 0.00787206 0.00550335 0.99996 0.362189 0.799257 0.00910722 4.36214e-05 0.0019608 0.999106 0.366358 0.822669 0.0114151 0.00376426 0.00116611 0.99866 0.386656 0.824969 0.0133805 0.00583248 -0.220477 0.351013 -0.220477 0.351013 -0.220477 0.351013 0.0291387 0.172516 0.249616 -0.178497 0.449363 -0.325796 0.449363 -0.325796 -0.115944 0.107356 -0.115944 0.107356 -0.65722 0.703481 -0.65722 0.703481 -0.648498 0.796315 -0.648498 0.796315 -0.0832663 0.0919163 -0.0832663 0.0919163 0.489526 -0.556241 0.489526 -0.556241 0.522802 -0.605148 0.522802 -0.605148 0.256979 -0.30448 0.502373 -0.606596 0.245393 -0.302116 0.245393 -0.302116 0.245393 -0.302116
2.46 0 -0 -27.859 32.6783 0 -0 23.876 -23.591 0 -0 65.769 -58.703 -0 0 24.9316 -24.6223 -0 0 -24.9646 25.5728 0 -0 -32.4104 31.3447 0 -0 -12.8224 7.09639 0 -0 3.01172 -7.27362 -0 0 8.31611 -9.11098 -0 0 8.31611 -9.11098 0.00713371 0.000367938 0.638676 0.300132 0.262192 0.99923 0.0105383 1 0.434171 0.562808 0.0806505 3.15417e-12 0.00280283 1 0.532322 0.534866 0.12946 6.08344e-15 0.000206126 0.235151 0.787773 0.245955 0.429565 0.0940233 0.000192844 7.01472e-09 0.880177 0.202786 0.436627 1 0.000875011 8.80836e-06 0.805916 0.310477 0.209461 0.999985 0.00688314 0.876135 0.463167 0.687976 0.0153503 0.0169517 0.00642138 0.999938 0.352069 0.806321 0.00754988 6.07877e-05 0.00240715 0.999129 0.34949 0.831548 0.00920065 0.00362791 0.00144952 0.998703 0.365804 0.834965 0.0106816 0.00560209 -0.229755 0.355255 -0.229755 0.355255 -0.229755 0.355255 0.01947 0.169303 0.249225 -0.185953 0.451803 -0.343752 0.451803 -0.343752 -0.0855369 0.0217458 -0.0855369 0.0217458 -0.629984 0.625431 -0.629984 0.625431 -0.651147 0.792295 -0.651147 0.792295 -0.096303 0.0897951 -0.096303 0.0897951 0.483491 -0.561222 0.483491 -0.561222 0.535212 -0.614535 0.535212 -0.614535 0.264696 -0.309927 0.519503 -0.61841 0.254807 -0.308482 0.254807 -0.308482 0.254807 -0.308482
2.51 0 -0 -29.1163 34.2849 0 -0 19.7937 -17.5175 0 -0 67.5742 -57.6015 -0 0 29.5707 -26.9659 -0 0 -22.8277 23.2446 0 -0 -32.8904 32.1428 0 -0 -14.3159 8.88492 0 -0 1.5486 -5.85189 -0 0 7.5453 -8.42924 -0 0 7.5453 -8.42924 0.00669004 0.000184758 0.654532 0.304535 0.254567 0.999729 0.0112572 1 0.436883 0.571367 0.0709503 6.04735e-12 0.00299497 1 0.522368 0.54632 0.113377 2.60346e-15 0.000209504 0.585133 0.762764 0.267886 0.414255 0.0364563 0.000182635 7.44615e-09 0.878525 0.2066 0.4294 1 0.000810671 3.88311e-06 0.808116 0.312825 0.205207 0.999994 0.00736842 0.756609 0.462269 0.68608 0.0134617 0.0375866 0.00748633 0.999899 0.342661 0.812613 0.00628582 8.92058e-05 0.00295941 0.999116 0.33391 0.839595 0.00744799 0.00362334 0.00180844 0.998696 0.346548 0.843983 0.00856137 0.0055652 -0.238014 0.356507 -0.238014 0.356507 -0.238014 0.356507 0.010617 0.163739 0.248631 -0.192768 0.454403 -0.360253 0.454403 -0.360253 -0.0152411 -0.0504494 -0.0152411 -0.0504494 -0.562887 0.559916 -0.562887 0.559916 -0.652938 0.787859 -0.652938 0.787859 -0.120225 0.0900849 -0.120225 0.0900849 0.465769 -0.563021 0.465769 -0.563021 0.546808 -0.622819 0.546808 -0.622819 0.271878 -0.314692 0.53546 -0.628698 0.263582 -0.314006 0.263582 -0.314006 0.263582 -0.314006
2.56 0 -0 -28.8933 34.3067 0 -0 16.722 -14.4898 0 -0 67.4558 -56.3304 -0 0 33.2834 -29.1596 -0 0 -20.4727 20.6414 0 -0 -33.0857 32.6455 0 -0 -15.8215 10.6869 0 -0 0.115254 -4.46932 -0 0 6.77352 -7.74749 -0 0 6.77352 -7.74749 0.00622749 9.42261e-05 0.66828 0.308986 0.247034 0.999903 0.0119625 1 0.439351 0.579535 0.0624491 1.37817e-11 0.0032135 1 0.511625 0.558886 0.099132 1.23893e-15 0.000216605 0.86976 0.738214 0.304232 0.395407 0.012985 0.000173678 8.83184e-09 0.876104 0.21166 0.422017 1 0.000752868 1.76157e-06 0.809601 0.314815 0.20105 0.999997 0.00786303 0.579215 0.46276 0.677955 0.0119196 0.0841469 0.00871616 0.999828 0.33397 0.817992 0.00525805 0.000137596 0.00364001 0.999067 0.319546 0.846879 0.00605776 0.00374807 0.00226149 0.998641 0.328821 0.852127 0.00689308 0.00571512 -0.245299 0.355884 -0.245299 0.355884 -0.245299 0.355884 0.0026417 0.156875 0.247941 -0.199009 0.457277 -0.375609 0.457277 -0.375609 0.0884524 -0.109319 0.0884524 -0.109319 -0.46243 0.506958 -0.46243 0.506958 -0.653962 0.78306 -0.653962 0.78306 -0.160565 0.0959228 -0.160565 0.0959228 0.430927 -0.558695 0.430927 -0.558695 0.557627 -0.630099 0.557627 -0.630099 0.278551 -0.318864 0.550283 -0.637667 0.271732 -0.318803 0.271732 -0.318803 0.271732 -0.318803
2.61 0 -0 -28.7439 33.7881 0 -0 14.1662 -12.3059 0 -0 66.6079 -54.9358 -0 0 36.2773 -31.0493 -0 0 -17.8334 17.8707 0 -0 -32.8828 32.8792 0 -0 -17.341 12.6505 0 -0 -1.26975 -3.07376 -0 0 6.02095 -7.06672 -0 0 6.02095 -7.06672 0.0057642 5.05338e-05 0.680184 0.313468 0.239595 0.999963 0.012652 1 0.441463 0.587489 0.0550049 3.35961e-11 0.00346296 1 0.500513 0.573083 0.0864597 6.56825e-16 0.000227455 0.970127 0.715081 0.347009 0.37163 0.00438276 0.000165888 1.17633e-08 0.873099 0.218317 0.414246 1 0.000701107 8.35711e-07 0.810546 0.316135 0.197041 0.999999 0.00835307 0.382975 0.466478 0.662226 0.0107046 0.182214 0.0101291 0.999694 0.326076 0.82227 0.00442122 0.000222232 0.004475 0.998979 0.30633 0.853452 0.00495196 0.00400775 0.00283119 0.998534 0.312542 0.859489 0.00557728 0.0060554 -0.251687 0.354111 -0.251687 0.354111 -0.251687 0.354111 -0.00444606 0.149358 0.247241 -0.204753 0.46045 -0.3902 0.46045 -0.3902 0.184112 -0.158701 0.184112 -0.158701 -0.370014 0.462838 -0.370014 0.462838 -0.654326 0.777876 -0.654326 0.777876 -0.217326 0.113027 -0.217326 0.113027 0.379038 -0.542668 0.379038 -0.542668 0.567697 -0.636427 0.567697 -0.636427 0.284742 -0.322515 0.564022 -0.645485 0.279279 -0.322969 0.279279 -0.322969 0.279279 -0.322969
2.66 0 -0 -29.1095 33.583 0 -0 11.6144 -10.0166 0 -0 65.4318 -53.5095 -0 0 38.8876 -32.8377 -0 0 -14.9644 14.8918 0 -0 -32.2546 32.7091 0 -0 -18.9071 14.8175 0 -0 -2.6508 -1.59863 -0 0 5.2693 -6.36496 -0 0 5.2693 -6.36496 0.00531324 2.7755e-05 0.690479 0.317978 0.232251 0.999985 0.0133248 1 0.443163 0.595374 0.0484844 8.67122e-11 0.00374772 1 0.489373 0.588495 0.0751496 3.86679e-16 0.000242133 0.993928 0.693615 0.388545 0.343383 0.0014292 0.000159169 1.77261e-08 0.869677 0.22631 0.40587 1 0.000654811 4.22364e-07 0.811224 0.316536 0.193257 1 0.00880714 0.22097 0.476535 0.640051 0.00979466 0.355864 0.0117423 0.999434 0.319194 0.825313 0.00373913 0.000375972 0.0054943 0.998844 0.294204 0.859349 0.00406958 0.00442537 0.00354437 0.998367 0.297624 0.866149 0.00453636 0.00661311 -0.257267 0.351644 -0.257267 0.351644 -0.257267 0.351644 -0.0106713 0.141556 0.246596 -0.210088 0.463889 -0.404306 0.463889 -0.404306 0.254515 -0.201708 0.254515 -0.201708 -0.30281 0.424509 -0.30281 0.424509 -0.654159 0.772329 -0.654159 0.772329 -0.282334 0.149384 -0.282334 0.149384 0.318326 -0.507066 0.318326 -0.507066 0.577014 -0.641819 0.577014 -0.641819 0.290482 -0.325699 0.576733 -0.652279 0.286251 -0.326579 0.286251 -0.326579 0.286251 -0.326579
2.71 0 -0 -29.7234 33.7106 0 -0 9.10337 -7.69464 0 -0 63.8925 -52.0452 -0 0 41.5173 -34.878 -0 0 -12.1751 11.8819 0 -0 -31.1943 31.8816 0 -0 -20.4776 17.0208 0 -0 -4.05259 -0.0391144 -0 0 4.4992 -5.6264 -0 0 4.4992 -5.6264 0.0048835 1.53055e-05 0.699364 0.322517 0.225005 0.999993 0.0139814 1 0.444439 0.603268 0.0427677 2.37179e-10 0.00407206 1 0.478444 0.604442 0.065062 2.51618e-16 0.000260819 0.998834 0.673747 0.426246 0.312127 0.000450192 0.000153423 3.00917e-08 0.865977 0.235163 0.396765 1 0.000613313 2.31546e-07 0.812019 0.31596 0.189784 1 0.00916868 0.114594 0.495867 0.614538 0.00915598 0.580054 0.0135686 0.998917 0.313691 0.827138 0.00318257 0.000667416 0.00673169 0.998648 0.283133 0.864602 0.00336301 0.00504575 0.00443272 0.998123 0.28398 0.872175 0.00371 0.0074436 -0.262127 0.348762 -0.262127 0.348762 -0.262127 0.348762 -0.0160796 0.13367 0.246047 -0.215092 0.467536 -0.418042 0.467536 -0.418042 0.303353 -0.240243 0.303353 -0.240243 -0.257077 0.390075 -0.257077 0.390075 -0.653614 0.766511 -0.653614 0.766511 -0.345236 0.209291 -0.345236 0.209291 0.259164 -0.447675 0.259164 -0.447675 0.585521 -0.646275 0.585521 -0.646275 0.295794 -0.328452 0.588471 -0.658141 0.292677 -0.329689 0.292677 -0.329689 0.292677 -0.329689
2.76 0 -0 -30.3894 33.9852 0 -0 6.57722 -5.40972 0 -0 61.9423 -50.5252 -0 0 44.1976 -37.2679 -0 0 -9.34302 8.89508 0 -0 -29.9049 30.7669 0 -0 -21.9865 19.1508 0 -0 -5.46239 1.57173 -0 0 3.70446 -4.84731 -0 0 3.70446 -4.84731 0.00448048 8.41517e-06 0.707015 0.327092 0.217858 0.999997 0.0146231 1 0.445303 0.611187 0.03775 6.8481e-10 0.00444029 1 0.467877 0.62036 0.0561032 1.80327e-16 0.000283808 0.999786 0.655315 0.459791 0.279505 0.000135192 0.000148552 5.70827e-08 0.862124 0.244444 0.386903 1 0.000575877 1.3936e-07 0.813318 0.314556 0.186693 1 0.00936824 0.0550276 0.523733 0.588846 0.00874655 0.775773 0.0156128 0.997856 0.309952 0.827896 0.00272765 0.00124366 0.00822458 0.998366 0.273107 0.869245 0.00279509 0.00594258 0.00553308 0.997776 0.271533 0.877625 0.00305141 0.00863799 -0.266348 0.345636 -0.266348 0.345636 -0.266348 0.345636 -0.0207281 0.125805 0.24562 -0.219831 0.471329 -0.431404 0.471329 -0.431404 0.337616 -0.275389 0.337616 -0.275389 -0.225788 0.358437 -0.225788 0.358437 -0.652865 0.760541 -0.652865 0.760541 -0.399754 0.28453 -0.399754 0.28453 0.207809 -0.372759 0.207809 -0.372759 0.593092 -0.649794 0.593092 -0.649794 0.300699 -0.330793 0.599287 -0.663128 0.298589 -0.332335 0.298589 -0.332335 0.298589 -0.332335
2.81 0 -0 -31.0137 34.3028 0 -0 4.08978 -3.18111 0 -0 59.5824 -48.9208 -0 0 46.8891 -39.885 -0 0 -6.41065 5.86516 0 -0 -28.6095 29.6552 0 -0 -23.3881 21.1407 0 -0 -6.8591 3.20183 -0 0 2.88853 -4.03243 -0 0 2.88853 -4.03243 0.00410711 4.61375e-06 0.713581 0.331708 0.210811 0.999999 0.0152516 1 0.445783 0.619112 0.033341 2.07664e-09 0.0048568 1 0.457762 0.635859 0.0481974 1.42022e-16 0.000311509 0.999962 0.638159 0.489486 0.246991 3.82641e-05 0.000144464 1.20771e-07 0.85823 0.253819 0.376328 1 0.000541767 9.2092e-08 0.815315 0.312584 0.184024 1 0.00935994 0.0250565 0.555385 0.565043 0.00852427 0.897504 0.0178683 0.995618 0.308123 0.827799 0.00235484 0.00242905 0.0100133 0.997961 0.264129 0.873321 0.00233678 0.00723054 0.00688768 0.997284 0.260212 0.882553 0.00252431 0.010336 -0.270006 0.342366 -0.270006 0.342366 -0.270006 0.342366 -0.0246791 0.118014 0.245326 -0.224352 0.475207 -0.444337 0.475207 -0.444337 0.362601 -0.307721 0.362601 -0.307721 -0.203624 0.329006 -0.203624 0.329006 -0.652081 0.75452 -0.652081 0.75452 -0.444202 0.358803 -0.444202 0.358803 0.16586 -0.298606 0.16586 -0.298606 0.599528 -0.65236 0.599528 -0.65236 0.305204 -0.332729 0.609219 -0.667259 0.304014 -0.33453 0.304014 -0.33453 0.304014 -0.33453
2.86 0 -0 -31.5941 34.6536 0 -0 1.65501 -1.04049 0 -0 56.8082 -47.2222 -0 0 49.1313 -42.3636 -0 0 -3.23151 2.43748 0 -0 -27.6288 29.0167 0 -0 -24.6682 23.0097 0 -0 -8.22561 4.83473 -0 0 2.05516 -3.1845 -0 0 2.05516 -3.1845 0.00376445 2.52763e-06 0.719194 0.336367 0.203865 0.999999 0.0158694 1 0.44591 0.627004 0.0294636 6.57368e-09 0.00532612 1 0.448144 0.650694 0.0412714 1.2276e-16 0.00034444 0.999994 0.622155 0.515769 0.215763 1.02321e-05 0.000141073 2.85783e-07 0.854389 0.263055 0.365139 1 0.000510361 6.5902e-08 0.817948 0.310315 0.181786 1 0.0091452 0.0110162 0.585993 0.544041 0.00845282 0.957727 0.0203178 0.990803 0.308047 0.827033 0.00204823 0.0049581 0.0121399 0.997374 0.256199 0.87688 0.00196535 0.00908822 0.008544 0.996582 0.24996 0.887001 0.00210056 0.0127513 -0.273165 0.339013 -0.273165 0.339013 -0.273165 0.339013 -0.0279964 0.110326 0.245168 -0.228686 0.479123 -0.456771 0.479123 -0.456771 0.38172 -0.337521 0.38172 -0.337521 -0.187166 0.3015 -0.187166 0.3015 -0.651384 0.748517 -0.651384 0.748517 -0.479366 0.420654 -0.479366 0.420654 0.132316 -0.236573 0.132316 -0.236573 0.604542 -0.653894 0.604542 -0.653894 0.309312 -0.334247 0.618288 -0.67051 0.308975 -0.336263 0.308975 -0.336263 0.308975 -0.336263
2.91 0 -0 -32.1218 35.0163 0 -0 -0.623666 0.970364 0 -0 53.8712 -45.44 -0 0 51.0993 -44.5308 -0 0 0.0873201 -1.02346 -0 0 -26.9031 28.531 0 -0 -25.8169 24.681 0 -0 -9.54301 6.42046 0 -0 1.22429 -2.33306 -0 0 1.22429 -2.33306 0.00345225 1.38638e-06 0.723966 0.341071 0.197022 1 0.0164787 0.999999 0.445722 0.63482 0.0260517 2.15559e-08 0.00585295 1 0.439041 0.664722 0.0352479 1.16345e-16 0.000383222 0.999999 0.607214 0.539069 0.186661 2.62582e-06 0.000138296 7.59595e-07 0.850669 0.271992 0.353458 1 0.000481199 5.00922e-08 0.821008 0.307976 0.17996 1 0.00876263 0.00473923 0.613037 0.52598 0.00850348 0.983642 0.0229342 0.980321 0.30944 0.825692 0.00179506 0.0105153 0.0146471 0.996515 0.249301 0.87997 0.00166301 0.0117869 0.0105544 0.995574 0.240736 0.891011 0.00175834 0.0161993 -0.275885 0.335612 -0.275885 0.335612 -0.275885 0.335612 -0.0307424 0.102761 0.245142 -0.232852 0.483038 -0.46864 0.483038 -0.46864 0.397073 -0.364926 0.397073 -0.364926 -0.174319 0.275806 -0.174319 0.275806 -0.650834 0.742575 -0.650834 0.742575 -0.506864 0.46718 -0.506864 0.46718 0.105062 -0.189276 0.105062 -0.189276 0.607605 -0.654135 0.607605 -0.654135 0.313016 -0.335311 0.6265 -0.672803 0.313483 -0.337492 0.313483 -0.337492 0.313483 -0.337492
2.96 0 -0 -32.5824 35.3445 0 -0 -2.67357 2.82686 0 -0 51.0574 -43.6504 -0 0 52.8361 -46.317 -0 0 3.33237 -4.25428 -0 0 -26.2805 28.0433 0 -0 -26.8124 26.1296 0 -0 -10.7895 7.93113 0 -0 0.419054 -1.5023 -0 0 0.419054 -1.5023 0.00316935 7.63327e-07 0.727997 0.345815 0.190283 1 0.0170821 0.999998 0.445254 0.642515 0.0230484 7.25966e-08 0.00644214 1 0.430454 0.677876 0.0300449 1.205e-16 0.000428576 1 0.593274 0.559773 0.160205 6.59625e-07 0.000136062 2.2548e-06 0.847109 0.280535 0.341423 1 0.00045398 3.99916e-08 0.824263 0.305724 0.178508 1 0.00826472 0.00201728 0.635936 0.510609 0.00865469 0.993895 0.0256826 0.957644 0.312111 0.823687 0.00158521 0.0229307 0.0175759 0.995245 0.243414 0.88263 0.00141577 0.0157309 0.0129749 0.994117 0.232515 0.894615 0.00148064 0.0211338 -0.278217 0.332187 -0.278217 0.332187 -0.278217 0.332187 -0.0329762 0.0953285 0.24524 -0.236859 0.486922 -0.479901 0.486922 -0.479901 0.409935 -0.390015 0.409935 -0.390015 -0.163819 0.251878 -0.163819 0.251878 -0.65044 0.736719 -0.65044 0.736719 -0.528366 0.50041 -0.528366 0.50041 0.0813054 -0.154017 0.0813054 -0.154017 0.607604 -0.65241 0.607604 -0.65241 0.3163 -0.335851 0.633836 -0.673982 0.317535 -0.338131 0.317535 -0.338131 0.317535 -0.338131
3.01 0 -0 -32.9793 35.6302 0 -0 -4.46984 4.49644 0 -0 48.5194 -41.9314 -0 0 54.3423 -47.7248 -0 0 6.33645 -7.11156 -0 0 -25.6576 27.5028 0 -0 -27.6362 27.3692 0 -0 -11.9578 9.36711 0 -0 -0.344392 -0.708061 -0 0 -0.344392 -0.708061 0.00291409 4.2307e-07 0.731373 0.350593 0.18365 1 0.0176821 0.999995 0.44454 0.65005 0.0204045 2.4869e-07 0.00709867 1 0.422374 0.690137 0.0255779 1.35438e-16 0.000481316 1 0.580287 0.578219 0.136638 1.65489e-07 0.000134305 7.36591e-06 0.843731 0.288629 0.329171 0.999999 0.000428516 3.33879e-08 0.827526 0.303658 0.177387 1 0.00770102 0.000858231 0.655055 0.497506 0.00889072 0.99776 0.028518 0.910431 0.316186 0.820616 0.00141088 0.0505377 0.0209637 0.993355 0.238532 0.884877 0.00121264 0.0215193 0.0158639 0.991999 0.225293 0.897842 0.00125423 0.0282013 -0.280206 0.328752 -0.280206 0.328752 -0.280206 0.328752 -0.0347533 0.0880395 0.245453 -0.240712 0.490755 -0.490524 0.490755 -0.490524 0.42108 -0.41286 0.42108 -0.41286 -0.154902 0.229694 -0.154902 0.229694 -0.650177 0.730967 -0.650177 0.730967 -0.545303 0.523722 -0.545303 0.523722 0.0572805 -0.125914 0.0572805 -0.125914 0.602216 -0.647155 0.602216 -0.647155 0.319131 -0.335745 0.640238 -0.673789 0.321107 -0.338044 0.321107 -0.338044 0.321107 -0.338044
3.06 0 -0 -33.325 35.88 0 -0 -6.01829 5.9687 0 -0 46.3144 -40.3371 -0 0 55.6335 -48.8046 -0 0 8.96965 -9.50831 -0 0 -24.9922 26.9159 0 -0 -28.2623 28.4205 0 -0 -13.0607 10.7608 0 -0 -1.05867 0.0433728 -0 0 -1.05867 0.0433728 0.00268446 2.36576e-07 0.73417 0.355398 0.177126 1 0.0182811 0.999987 0.443614 0.65739 0.018077 8.57798e-07 0.00782758 1 0.414786 0.701517 0.0217622 1.636e-16 0.000542345 1 0.568215 0.594699 0.115987 4.2192e-08 0.000132969 2.59337e-05 0.840539 0.296253 0.316835 0.999995 0.000404689 2.91292e-08 0.830672 0.301824 0.176549 1 0.00711089 0.000368586 0.671075 0.486163 0.00920063 0.999182 0.0313764 0.820898 0.322399 0.815565 0.00126641 0.109329 0.0248404 0.990525 0.234706 0.886693 0.00104502 0.0300284 0.0192791 0.988909 0.219093 0.900709 0.00106873 0.0383067 -0.281893 0.325315 -0.281893 0.325315 -0.281893 0.325315 -0.0361248 0.0809024 0.245768 -0.244413 0.49452 -0.500501 0.49452 -0.500501 0.430983 -0.433553 0.430983 -0.433553 -0.147103 0.209217 -0.147103 0.209217 -0.650011 0.725329 -0.650011 0.725329 -0.558809 0.540162 -0.558809 0.540162 0.0277083 -0.0987904 0.0277083 -0.0987904 0.587283 -0.635098 0.587283 -0.635098 0.321442 -0.334792 0.645585 -0.671813 0.324142 -0.337021 0.324142 -0.337021 0.324142 -0.337021
3.11 0 -0 -33.6307 36.1028 0 -0 -7.33098 7.24629 0 -0 44.4564 -38.8964 -0 0 56.7768 -49.6296 -0 0 11.0567 -11.2915 -0 0 -24.3852 26.3557 0 -0 -28.6346 29.2513 0 -0 -14.1312 12.1728 0 -0 -1.72556 0.755667 -0 0 -1.72556 0.755667 0.00247835 1.33683e-07 0.736454 0.360217 0.170716 1 0.0188813 0.999967 0.442506 0.66451 0.0160282 2.95049e-06 0.00863392 1 0.407671 0.712049 0.0185167 2.1005e-16 0.000612653 1 0.557018 0.609464 0.0981299 1.10777e-08 0.000132005 9.58023e-05 0.837529 0.303406 0.304533 0.999982 0.000382417 2.65024e-08 0.833629 0.300226 0.175946 1 0.00652225 0.000161575 0.684749 0.47599 0.00957786 0.999699 0.0341552 0.677845 0.332441 0.807062 0.00114807 0.221403 0.0292238 0.986275 0.232088 0.887999 0.000906095 0.0425117 0.023274 0.984396 0.213982 0.903221 0.000916045 0.0526812 -0.283312 0.321886 -0.283312 0.321886 -0.283312 0.321886 -0.037138 0.0739249 0.246174 -0.247961 0.498206 -0.509838 0.498206 -0.509838 0.439935 -0.452206 0.439935 -0.452206 -0.140137 0.190392 -0.140137 0.190392 -0.649899 0.71982 -0.649899 0.71982 -0.569752 0.552027 -0.569752 0.552027 -0.0135673 -0.0649055 -0.0135673 -0.0649055 0.557439 -0.610521 0.557439 -0.610521 0.323113 -0.332687 0.649654 -0.667443 0.326541 -0.334755 0.326541 -0.334755 0.326541 -0.334755
3.16 0 -0 -33.9152 36.3131 0 -0 -8.46122 8.35311 0 -0 42.891 -37.6243 -0 0 57.745 -50.268 -0 0 12.5615 -12.4727 -0 0 -23.7242 25.8615 0 -0 -28.6972 29.8619 0 -0 -15.2078 13.672 0 -0 -2.35385 1.44153 -0 0 -2.35385 1.44153 0.00229363 7.64066e-08 0.738285 0.365042 0.164424 1 0.0194849 0.999915 0.441244 0.671388 0.0142249 1.0033e-05 0.00952269 1 0.401008 0.721779 0.0157651 2.8341e-16 0.000693303 1 0.546656 0.622727 0.08285 3.02219e-09 0.00013137 0.000359621 0.834693 0.310102 0.292367 0.999933 0.00036163 2.50503e-08 0.836372 0.298829 0.17554 1 0.00595283 7.32719e-05 0.69685 0.466336 0.0100204 0.999887 0.036682 0.49883 0.348858 0.793596 0.00105382 0.395098 0.034111 0.97989 0.230994 0.888656 0.000790558 0.0607032 0.0278919 0.977805 0.210087 0.905366 0.000789779 0.0729372 -0.284493 0.318471 -0.284493 0.318471 -0.284493 0.318471 -0.0378379 0.0671147 0.246656 -0.251357 0.501802 -0.518551 0.501802 -0.518551 0.448122 -0.468956 0.448122 -0.468956 -0.133809 0.173137 -0.133809 0.173137 -0.649795 0.714451 -0.649795 0.714451 -0.578803 0.560934 -0.578803 0.560934 -0.0700206 -0.0163872 -0.0700206 -0.0163872 0.509703 -0.566742 0.509703 -0.566742 0.32393 -0.328972 0.652069 -0.659796 0.328139 -0.330824 0.328139 -0.330824 0.328139 -0.330824
3.21 0 -0 -34.2015 36.5282 0 -0 -9.48878 9.3427 0 -0 41.5008 -36.5075 -0 0 58.3858 -50.7429 -0 0 13.6536 -13.5715 -0 0 -22.8188 25.1533 0 -0 -28.4712 30.3297 0 -0 -16.3232 15.3241 0 -0 -2.96294 2.13006 -0 0 -2.96294 2.13006 0.00212825 4.41633e-08 0.739714 0.369858 0.158255 1 0.0200936 0.999779 0.439853 0.678008 0.012638 3.35222e-05 0.0104988 1 0.394776 0.730758 0.0134377 3.97567e-16 0.000785434 1 0.537087 0.634676 0.0698807 8.62148e-10 0.000131028 0.00133609 0.832021 0.316373 0.280425 0.99976 0.000342258 2.4717e-08 0.838912 0.29757 0.175298 1 0.0054123 3.4839e-05 0.708136 0.456595 0.0105314 0.999956 0.0387001 0.326947 0.373581 0.774665 0.000982543 0.596459 0.0394672 0.970316 0.231907 0.888499 0.000694218 0.0868945 0.0331586 0.9682 0.207615 0.907107 0.000684906 0.101084 -0.285466 0.315077 -0.285466 0.315077 -0.285466 0.315077 -0.0382699 0.0604796 0.247196 -0.254598 0.505297 -0.526663 0.505297 -0.526663 0.455666 -0.483954 0.455666 -0.483954 -0.127939 0.157345 -0.127939 0.157345 -0.649614 0.709232 -0.649614 0.709232 -0.5865 0.568015 -0.5865 0.568015 -0.138461 0.049198 -0.138461 0.049198 0.447478 -0.501826 0.447478 -0.501826 0.323548 -0.323007 0.652225 -0.647669 0.328677 -0.324662 0.328677 -0.324662 0.328677 -0.324662
3.26 0 -0 -34.5087 36.7592 0 -0 -10.5131 10.2995 0 -0 40.0768 -35.4823 -0 0 58.4221 -51.0083 -0 0 14.9644 -15.4877 -0 0 -21.4171 23.742 0 -0 -28.0596 30.6649 0 -0 -17.485 17.1284 0 -0 -3.58521 2.8607 -0 0 -3.58521 2.8607 0.00198026 2.57799e-08 0.740787 0.374653 0.152215 1 0.0207093 0.999429 0.438357 0.684356 0.0112414 0.000109801 0.0115667 1 0.388951 0.739041 0.0114724 5.75057e-16 0.000890243 1 0.528264 0.645469 0.0589395 2.58927e-10 0.000130948 0.00488459 0.829496 0.3223 0.268774 0.999133 0.000324225 2.5964e-08 0.841292 0.296368 0.175198 1 0.00490472 1.75192e-05 0.719204 0.446379 0.0111186 0.999983 0.0399233 0.194843 0.40587 0.751276 0.000933234 0.768741 0.0452108 0.956008 0.235401 0.88739 0.000613759 0.123964 0.0390712 0.95424 0.206874 0.908385 0.000597451 0.139507 -0.286252 0.31171 -0.286252 0.31171 -0.286252 0.31171 -0.0384881 0.0540307 0.247764 -0.257679 0.508668 -0.5342 0.508668 -0.5342 0.462649 -0.497356 0.462649 -0.497356 -0.122216 0.142864 -0.122216 0.142864 -0.649113 0.70414 -0.649113 0.70414 -0.593281 0.57405 -0.593281 0.57405 -0.210582 0.124758 -0.210582 0.124758 0.378996 -0.422798 0.378996 -0.422798 0.321449 -0.313946 0.649216 -0.629496 0.327767 -0.31555 0.327767 -0.31555 0.327767 -0.31555
3.31 0 -0 -34.8061 36.9888 0 -0 -11.4827 11.2287 0 -0 38.6173 -34.4672 -0 0 58.041 -51.0577 -0 0 16.9849 -18.0837 -0 0 -20.0135 22.0478 0 -0 -27.3754 30.3923 0 -0 -18.634 18.9343 0 -0 -4.2399 3.64817 -0 0 -4.2399 3.64817 0.00184784 1.51858e-08 0.741545 0.379415 0.146311 1 0.0213333 0.998527 0.436783 0.690412 0.0100125 0.000352611 0.012731 1 0.38351 0.746679 0.00981429 8.5454e-16 0.00100898 1 0.52014 0.655256 0.0497494 8.24932e-11 0.000131103 0.0178744 0.827088 0.32814 0.257449 0.996745 0.000307443 2.92812e-08 0.843562 0.295154 0.175228 1 0.00443102 9.38806e-06 0.730349 0.435589 0.0117936 0.999993 0.040151 0.108215 0.44242 0.725318 0.000904521 0.883063 0.0512003 0.934755 0.242035 0.885228 0.000546522 0.175068 0.0455848 0.934044 0.20829 0.909107 0.000524266 0.190656 -0.286874 0.308376 -0.286874 0.308376 -0.286874 0.308376 -0.0385752 0.0477898 0.248299 -0.260586 0.511862 -0.541178 0.511862 -0.541178 0.469134 -0.509323 0.469134 -0.509323 -0.115726 0.129397 -0.115726 0.129397 -0.647434 0.699019 -0.647434 0.699019 -0.599484 0.579561 -0.599484 0.579561 -0.278394 0.19867 -0.278394 0.19867 0.311854 -0.340751 0.311854 -0.340751 0.316901 -0.30075 0.64174 -0.603386 0.324839 -0.302636 0.324839 -0.302636 0.324839 -0.302636
3.36 0 -0 -35.0634 37.1875 0 -0 -12.3361 12.0754 0 -0 37.2074 -33.4472 -0 0 57.5166 -50.9493 -0 0 19.7552 -21.165 -0 0 -18.9061 20.6739 0 -0 -26.2887 29.3742 0 -0 -19.6603 20.5597 0 -0 -4.91419 4.46922 -0 0 -4.91419 4.46922 0.00172936 9.03627e-09 0.742027 0.384128 0.140549 1 0.0219669 0.996242 0.435163 0.696138 0.00893104 0.00110779 0.0139954 1 0.378433 0.753727 0.00841559 1.30312e-15 0.00114293 1 0.512656 0.664198 0.0420522 2.80408e-11 0.000131477 0.0660067 0.824677 0.334812 0.246418 0.987017 0.00029182 3.48944e-08 0.845767 0.293909 0.175383 1 0.00399103 5.44273e-06 0.741567 0.424357 0.0125695 0.999997 0.0393524 0.0572998 0.479521 0.698671 0.00089481 0.945904 0.0572267 0.903623 0.252336 0.881913 0.000490359 0.242644 0.0525953 0.905149 0.212403 0.909145 0.000462854 0.256189 -0.287351 0.305081 -0.287351 0.305081 -0.287351 0.305081 -0.0386903 0.0418139 0.248661 -0.263267 0.514748 -0.547578 0.514748 -0.547578 0.475169 -0.520011 0.475169 -0.520011 -0.105218 0.11607 -0.105218 0.11607 -0.641376 0.693135 -0.641376 0.693135 -0.605339 0.584862 -0.605339 0.584862 -0.337341 0.262574 -0.337341 0.262574 0.249845 -0.263233 0.249845 -0.263233 0.308924 -0.282308 0.628022 -0.567354 0.319098 -0.285046 0.319098 -0.285046 0.319098 -0.285046
3.41 0 -0 -35.3198 37.3504 0 -0 -13.2878 12.9511 0 -0 35.7366 -32.4193 -0 0 56.8722 -50.7911 -0 0 21.7086 -23.8818 -0 0 -17.4822 18.6711 0 -0 -25.6046 29.3609 0 -0 -20.5221 22.0755 0 -0 -5.56746 5.2927 -0 0 -5.56746 5.2927 0.00162331 5.43465e-09 0.742266 0.388773 0.134936 1 0.0226104 0.990535 0.43356 0.701445 0.00797962 0.0033991 0.0153633 1 0.373697 0.760232 0.00723537 2.03654e-15 0.00129343 1 0.50573 0.672555 0.0356143 1.01728e-11 0.000132076 0.218866 0.821761 0.345457 0.235427 0.946656 0.000277264 4.39496e-08 0.847922 0.292747 0.175654 1 0.00358441 3.40145e-06 0.75269 0.412925 0.0134605 0.999998 0.0376556 0.0295211 0.514724 0.672677 0.000902609 0.976389 0.0630106 0.859396 0.266829 0.877284 0.000443544 0.326538 0.0599226 0.864883 0.219834 0.908318 0.000411232 0.335517 -0.2877 0.301834 -0.2877 0.301834 -0.2877 0.301834 -0.0391847 0.0362634 0.248515 -0.265571 0.517002 -0.553279 0.517002 -0.553279 0.480799 -0.529585 0.480799 -0.529585 -0.080247 0.0996081 -0.080247 0.0996081 -0.620539 0.683343 -0.620539 0.683343 -0.610971 0.590103 -0.610971 0.590103 -0.38622 0.313817 -0.38622 0.313817 0.19307 -0.192189 0.19307 -0.192189 0.2963 -0.25776 0.60582 -0.519921 0.309521 -0.26216 0.309521 -0.26216 0.309521 -0.26216
3.46 0 -0 -35.5511 37.4236 0 -0 -14.3866 13.9503 0 -0 34.1887 -31.2064 -0 0 56.1644 -50.4944 -0 0 23.3655 -26.128 -0 0 -15.6916 16.149 0 -0 -25.537 30.0087 0 -0 -21.2136 23.4181 0 -0 -6.20468 6.1234 -0 0 -6.20468 6.1234 0.00152834 3.30262e-09 0.7423 0.39332 0.129478 1 0.0232629 0.976424 0.432128 0.706114 0.00714332 0.0102108 0.0168377 1 0.369281 0.766253 0.00623867 3.27223e-15 0.00146191 1 0.499154 0.680871 0.030226 3.93906e-12 0.000133006 0.51367 0.816392 0.366613 0.223683 0.802731 0.000263693 5.94439e-08 0.849964 0.292098 0.176008 1 0.00321084 2.21276e-06 0.763515 0.401569 0.0144804 0.999999 0.0352779 0.0150343 0.547066 0.648032 0.000926816 0.990079 0.0682097 0.799512 0.285995 0.871076 0.000404713 0.422966 0.0672972 0.81104 0.231222 0.906386 0.00036783 0.425262 -0.287936 0.298644 -0.287936 0.298644 -0.287936 0.298644 -0.040887 0.031598 0.247049 -0.267046 0.517819 -0.557859 0.517819 -0.557859 0.486076 -0.538237 0.486076 -0.538237 -0.0234174 0.0687492 -0.0234174 0.0687492 -0.567573 0.658499 -0.567573 0.658499 -0.61642 0.595288 -0.61642 0.595288 -0.425877 0.353567 -0.425877 0.353567 0.139395 -0.126328 0.139395 -0.126328 0.277702 -0.226935 0.572666 -0.460883 0.294964 -0.233948 0.294964 -0.233948 0.294964 -0.233948
3.51 0 -0 -35.6882 37.313 0 -0 -15.5938 14.9633 0 -0 32.517 -29.516 -0 0 55.7371 -49.8522 -0 0 25.4378 -28.1865 -0 0 -13.7922 13.7254 0 -0 -25.8512 30.9053 0 -0 -21.673 24.4624 0 -0 -6.82504 6.95659 -0 0 -6.82504 6.95659 0.00144323 2.03315e-09 0.742175 0.397711 0.124186 1 0.0239191 0.942512 0.431275 0.709618 0.00641024 0.0298633 0.0184206 1 0.365161 0.771852 0.00539585 5.48955e-15 0.00165018 1 0.492365 0.689941 0.0256998 1.64164e-12 0.000134688 0.789201 0.803658 0.401472 0.20987 0.49148 0.00025106 8.68795e-08 0.851638 0.292684 0.176355 1 0.00286986 1.46231e-06 0.773872 0.390562 0.0156423 1 0.0324556 0.00767686 0.576523 0.624922 0.000966889 0.995906 0.0724419 0.723488 0.310132 0.862917 0.000372821 0.524857 0.074358 0.742904 0.247125 0.903041 0.000331413 0.519662 -0.288075 0.295522 -0.288075 0.295522 -0.288075 0.295522 -0.0457453 0.0291147 0.24233 -0.266407 0.515277 -0.560067 0.515277 -0.560067 0.491098 -0.546229 0.491098 -0.546229 0.063087 0.00171206 0.063087 0.00171206 -0.484726 0.59692 -0.484726 0.59692 -0.621655 0.600272 -0.621655 0.600272 -0.457982 0.384344 -0.457982 0.384344 0.0860108 -0.0639389 0.0860108 -0.0639389 0.252 -0.19065 0.526384 -0.391807 0.274384 -0.201157 0.274384 -0.201157 0.274384 -0.201157
3.56 0 -0 -35.6561 36.9591 0 -0 -17.0912 15.7585 0 -0 30.202 -27.1351 -0 0 55.7109 -48.6838 -0 0 28.4706 -30.3064 -0 0 -11.8992 11.7206 0 -0 -26.5538 32.0629 0 -0 -21.8455 25.1112 0 -0 -7.43702 7.79931 -0 0 -7.43702 7.79931 0.00136685 1.2754e-09 0.741971 0.40182 0.11907 1 0.024562 0.866189 0.43208 0.71077 0.0057724 0.0822327 0.0201137 1 0.361308 0.777074 0.00468189 9.87933e-15 0.00186126 1 0.484374 0.700202 0.0218744 7.50198e-13 0.000138055 0.930035 0.779867 0.44348 0.193234 0.196297 0.000239378 1.3679e-07 0.85247 0.294962 0.17654 1 0.00256066 9.63787e-07 0.783625 0.380151 0.0169579 1 0.0294007 0.00398848 0.603469 0.603215 0.00102293 0.998306 0.0753292 0.634178 0.339188 0.852358 0.00034711 0.624009 0.0806688 0.662245 0.267916 0.897921 0.000301015 0.612154 -0.288138 0.292493 -0.288138 0.292493 -0.288138 0.292493 -0.058002 0.0321751 0.230137 -0.260318 0.505162 -0.556594 0.505162 -0.556594 0.496058 -0.553845 0.496058 -0.553845 0.151683 -0.10184 0.151683 -0.10184 -0.399687 0.498333 -0.399687 0.498333 -0.626573 0.604821 -0.626573 0.604821 -0.484272 0.408629 -0.484272 0.408629 0.030664 -0.00424087 0.030664 -0.00424087 0.218702 -0.150653 0.465861 -0.315898 0.24716 -0.165245 0.24716 -0.165245 0.24716 -0.165245
3.61 0 -0 -35.3644 36.3935 0 -0 -18.9114 16.8153 0 -0 27.0902 -24.1261 -0 0 55.4848 -47.1379 -0 0 32.198 -32.5595 -0 0 -9.8165 9.02033 0 -0 -27.3274 32.7732 0 -0 -21.7604 25.4465 0 -0 -8.04526 8.64514 -0 0 -8.04526 8.64514 0.00129814 8.23213e-10 0.74186 0.405382 0.114156 1 0.0251453 0.718115 0.436946 0.707299 0.00522745 0.20104 0.0219175 1 0.357753 0.781863 0.00407597 1.96793e-14 0.0021001 1 0.474557 0.711432 0.0186222 3.82836e-13 0.000144154 0.980811 0.749045 0.484744 0.174288 0.0594882 0.000228719 2.31194e-07 0.85216 0.298806 0.1764 1 0.0022821 6.24333e-07 0.792665 0.370505 0.0184371 1 0.0262839 0.00213819 0.628341 0.582633 0.00109572 0.999283 0.0765606 0.537587 0.37266 0.838963 0.000327061 0.713617 0.085758 0.573392 0.293692 0.890634 0.000275893 0.69716 -0.288157 0.289604 -0.288157 0.289604 -0.288157 0.289604 -0.0851663 0.0478518 0.202991 -0.241752 0.480005 -0.540434 0.480005 -0.540434 0.501207 -0.561274 0.501207 -0.561274 0.224277 -0.207563 0.224277 -0.207563 -0.330685 0.39711 -0.330685 0.39711 -0.631029 0.608731 -0.631029 0.608731 -0.50622 0.428387 -0.50622 0.428387 -0.0276326 0.0525626 -0.0276326 0.0525626 0.178328 -0.109174 0.391725 -0.237212 0.213396 -0.128039 0.213396 -0.128039 0.213396 -0.128039
3.66 0 -0 -34.7696 35.9067 0 -0 -21.1625 18.9481 0 -0 23.6738 -21.2711 -0 0 53.9714 -45.3513 -0 0 35.676 -34.7305 -0 0 -6.40115 4.68703 0 -0 -27.4868 32.5994 0 -0 -21.5246 25.5108 0 -0 -8.62438 9.43388 -0 0 -8.62438 9.43388 0.00123596 5.53546e-10 0.742176 0.407924 0.109484 1 0.0255655 0.50008 0.449744 0.696237 0.0047798 0.409308 0.0238299 1 0.354717 0.785999 0.00356106 4.36168e-14 0.00237342 1 0.463155 0.723091 0.0158485 2.19657e-13 0.000153662 0.995406 0.717038 0.521572 0.154256 0.0159023 0.000219148 4.36974e-07 0.850811 0.30379 0.175816 1 0.00203264 4.06921e-07 0.800937 0.361693 0.0200878 1 0.023233 0.00119245 0.651496 0.562861 0.00118679 0.999686 0.0759568 0.441393 0.409607 0.822394 0.00031237 0.78923 0.0891791 0.4825 0.324205 0.880793 0.000255485 0.770655 -0.288191 0.286947 -0.288191 0.286947 -0.288191 0.286947 -0.134849 0.0860626 0.153342 -0.200884 0.432238 -0.501749 0.432238 -0.501749 0.506691 -0.56855 0.506691 -0.56855 0.278801 -0.293335 0.278801 -0.293335 -0.279875 0.315366 -0.279875 0.315366 -0.634915 0.611904 -0.634915 0.611904 -0.524952 0.445038 -0.524952 0.445038 -0.0884388 0.105761 -0.0884388 0.105761 0.132479 -0.0683903 0.306522 -0.159737 0.174043 -0.091347 0.174043 -0.091347 0.174043 -0.091347
3.71 0 -0 -33.8801 35.4376 0 -0 -23.6803 21.7333 0 -0 20.1086 -18.6647 -0 0 51.9584 -43.4843 -0 0 38.7439 -36.6822 -0 0 -2.92113 0.361754 0 -0 -27.2113 31.3963 0 -0 -21.7086 26.1608 0 -0 -9.19415 10.18 -0 0 -9.19415 10.18 0.00117899 3.92616e-10 0.743438 0.408834 0.105125 1 0.0256515 0.279838 0.47352 0.676295 0.00443744 0.659362 0.0258408 1 0.352666 0.78916 0.00312349 1.04944e-13 0.00268888 1 0.450827 0.734643 0.0134821 1.42345e-13 0.000166997 0.998995 0.686801 0.553289 0.134378 0.00402864 0.000210677 9.506e-07 0.848704 0.309468 0.174724 1 0.00181043 2.72506e-07 0.808449 0.353696 0.0219164 1 0.0203374 0.000687061 0.673168 0.543626 0.0012984 0.999858 0.0735176 0.35229 0.448765 0.8025 0.000302911 0.849405 0.0905847 0.395555 0.358833 0.868063 0.00023938 0.830903 -0.288346 0.284671 -0.288346 0.284671 -0.288346 0.284671 -0.2054 0.150867 0.0829469 -0.133803 0.363549 -0.43658 0.363549 -0.43658 0.512456 -0.575568 0.512456 -0.575568 0.31936 -0.357574 0.31936 -0.357574 -0.243158 0.254666 -0.243158 0.254666 -0.638201 0.614339 -0.638201 0.614339 -0.541278 0.45956 -0.541278 0.45956 -0.15024 0.154646 -0.15024 0.154646 0.083501 -0.0300232 0.214245 -0.0866762 0.130744 -0.056653 0.130744 -0.056653 0.130744 -0.056653
3.76 0 -0 -32.613 34.373 0 -0 -26.0726 24.4379 0 -0 16.1393 -15.5442 -0 0 50.322 -41.985 -0 0 41.416 -38.4106 -0 0 0.389086 -3.59121 0 -0 -26.2003 29.5692 0 -0 -22.7405 27.6667 0 -0 -9.71751 10.8134 0 -0 -9.71751 10.8134 0.00112574 2.97661e-10 0.746135 0.407665 0.10117 1 0.025232 0.128838 0.506009 0.649979 0.00420368 0.846165 0.0279269 1 0.352065 0.791132 0.00275212 2.7715e-13 0.00305467 1 0.438244 0.745678 0.0114667 1.02222e-13 0.000184559 0.999793 0.659228 0.580364 0.115587 0.000997699 0.000203266 2.33887e-06 0.84611 0.315486 0.173111 1 0.00161335 1.93714e-07 0.815254 0.346438 0.0239285 1 0.017655 0.000394081 0.693489 0.524729 0.00143371 0.999937 0.0694307 0.274536 0.488758 0.779341 0.000298727 0.894946 0.0897934 0.317029 0.396633 0.852185 0.000227299 0.878019 -0.28877 0.282958 -0.28877 0.282958 -0.28877 0.282958 -0.282912 0.229476 0.00585837 -0.053482 0.287869 -0.357826 0.287869 -0.357826 0.518283 -0.582159 0.518283 -0.582159 0.350381 -0.40532 0.350381 -0.40532 -0.21605 0.209948 -0.21605 0.209948 -0.640919 0.616106 -0.640919 0.616106 -0.555762 0.472617 -0.555762 0.472617 -0.211108 0.198871 -0.211108 0.198871 0.033895 0.00490544 0.119331 -0.0199815 0.0854364 -0.0248869 0.0854364 -0.0248869 0.0854364 -0.0248869
3.81 0 -0 -31.0631 32.9863 0 -0 -28.3022 27.2777 0 -0 12.1429 -12.1401 -0 0 48.5287 -40.595 -0 0 43.6116 -39.8624 -0 0 3.80307 -7.34507 0 -0 -24.7325 26.834 0 -0 -24.3408 29.1104 0 -0 -10.2342 11.3937 0 -0 -10.2342 11.3937 0.00107469 2.44395e-10 0.750405 0.404388 0.0977075 1 0.0242558 0.0516494 0.540839 0.621759 0.00407216 0.942321 0.0300522 1 0.353026 0.791952 0.00243746 8.14166e-13 0.00347926 1 0.425944 0.755931 0.00975509 8.00183e-14 0.000206838 0.999959 0.634402 0.6035 0.0984601 0.000246091 0.000196845 6.47651e-06 0.843241 0.321582 0.171002 0.999999 0.00143912 1.49782e-07 0.821426 0.339817 0.0261291 1 0.0152188 0.000217397 0.712523 0.506062 0.00159674 0.999973 0.064039 0.209984 0.528304 0.753194 0.000300038 0.927919 0.0868313 0.249572 0.43644 0.833016 0.000219087 0.913309 -0.289596 0.28196 -0.289596 0.28196 -0.289596 0.28196 -0.35287 0.302787 -0.063274 0.0208274 0.219732 -0.284687 0.219732 -0.284687 0.523905 -0.588165 0.523905 -0.588165 0.375043 -0.441542 0.375043 -0.441542 -0.19528 0.176236 -0.19528 0.176236 -0.643133 0.617308 -0.643133 0.617308 -0.568786 0.484661 -0.568786 0.484661 -0.269204 0.238494 -0.269204 0.238494 -0.0141268 0.0360134 0.0258953 0.0395699 0.0400221 0.00355648 0.0400221 0.00355648 0.0400221 0.00355648
3.86 0 -0 -29.3925 31.3075 0 -0 -30.341 30.0078 0 -0 8.21682 -8.63987 -0 0 46.5123 -39.1978 -0 0 45.3692 -41.0802 -0 0 7.03981 -10.8044 0 -0 -22.6253 23.1946 0 -0 -25.7123 29.6661 0 -0 -11.1565 12.2829 0 -0 -11.1565 12.2829 0.00102468 2.18285e-10 0.756017 0.399325 0.0948001 1 0.0228158 0.01893 0.573131 0.594978 0.00403005 0.981007 0.032175 1 0.355284 0.791848 0.00217104 2.66886e-12 0.00397127 1 0.414295 0.765263 0.00830612 6.78687e-14 0.000234459 0.999992 0.612156 0.623348 0.0832712 6.13112e-05 0.000191329 2.00103e-05 0.840252 0.327573 0.168446 0.999995 0.00128545 1.2859e-07 0.827046 0.333725 0.0285226 1 0.0130424 0.000114625 0.730299 0.487594 0.0017926 0.999988 0.0577755 0.15664 0.566377 0.724486 0.000307256 0.951642 0.0819341 0.191805 0.47705 0.810525 0.000214712 0.93967 -0.29089 0.281743 -0.29089 0.281743 -0.29089 0.281743 -0.408977 0.361169 -0.118087 0.0794262 0.165444 -0.226855 0.165444 -0.226855 0.529108 -0.593493 0.529108 -0.593493 0.395364 -0.469788 0.395364 -0.469788 -0.178735 0.149985 -0.178735 0.149985 -0.644925 0.61806 -0.644925 0.61806 -0.580606 0.495994 -0.580606 0.495994 -0.323288 0.273987 -0.323288 0.273987 -0.0590843 0.0634922 -0.0631766 0.0923273 -0.00409238 0.0288351 -0.00409238 0.0288351 -0.00409238 0.0288351
3.91 0 -0 -27.6599 29.3573 0 -0 -32.161 32.4321 0 -0 4.43855 -5.19094 -0 0 44.2934 -37.7643 -0 0 46.6949 -42.1044 -0 0 9.99079 -13.918 0 -0 -20.2915 19.4758 0 -0 -26.1701 29.3993 0 -0 -12.4391 13.6441 0 -0 -12.4391 13.6441 0.00097503 2.11889e-10 0.762572 0.392935 0.0924772 1 0.0210739 0.00655743 0.601048 0.571098 0.00406384 0.994259 0.0342553 1 0.358434 0.791099 0.00194531 9.71241e-12 0.00453944 1 0.403513 0.773634 0.00708291 6.21952e-14 0.000268181 0.999998 0.592263 0.640447 0.0700773 1.55796e-05 0.000186627 6.76933e-05 0.837252 0.333334 0.165505 0.999981 0.00115009 1.24877e-07 0.832187 0.32806 0.0311138 1 0.0111247 6.00208e-05 0.746838 0.469346 0.00202752 0.999995 0.0510885 0.111841 0.602292 0.693665 0.000321048 0.968918 0.0755044 0.141296 0.517386 0.784727 0.000214289 0.959732 -0.292637 0.282285 -0.292637 0.282285 -0.292637 0.282285 -0.451548 0.404333 -0.158911 0.122048 0.124697 -0.184637 0.124697 -0.184637 0.533776 -0.59812 0.533776 -0.59812 0.412578 -0.492391 0.412578 -0.492391 -0.1651 0.128886 -0.1651 0.128886 -0.64637 0.618478 -0.64637 0.618478 -0.591393 0.506814 -0.591393 0.506814 -0.372934 0.306088 -0.372934 0.306088 -0.1004 0.0879104 -0.146679 0.139436 -0.0462789 0.0515254 -0.0462789 0.0515254 -0.0462789 0.0515254
3.96 0 -0 -25.9167 27.3116 0 -0 -33.7345 34.4872 0 -0 0.907922 -1.89838 0 -0 41.9369 -36.284 -0 0 47.5873 -42.9307 -0 0 12.6657 -16.7069 0 -0 -17.9507 15.9376 0 -0 -26.0084 28.4417 0 -0 -13.6323 14.9112 0 -0 -13.6323 14.9112 0.000925498 2.22925e-10 0.769678 0.385666 0.0907393 1 0.01919 0.00219744 0.624578 0.550361 0.0041624 0.998352 0.0362595 1 0.362099 0.789948 0.00175363 3.88026e-11 0.00519251 1 0.393694 0.78107 0.0060525 6.14738e-14 0.000308903 1 0.574497 0.655237 0.0587934 4.07269e-06 0.000182651 0.000246197 0.83432 0.338783 0.162249 0.99992 0.00103094 1.36558e-07 0.836919 0.322733 0.033907 1 0.0094546 3.24232e-05 0.762168 0.451368 0.0023091 0.999998 0.0443795 0.0762183 0.635636 0.661258 0.000342409 0.98095 0.0680419 0.099416 0.556536 0.755765 0.000218109 0.974366 -0.294767 0.283503 -0.294767 0.283503 -0.294767 0.283503 -0.483407 0.435683 -0.188641 0.15218 0.0946651 -0.154609 0.0946651 -0.154609 0.537876 -0.602079 0.537876 -0.602079 0.427447 -0.510861 0.427447 -0.510861 -0.153546 0.111464 -0.153546 0.111464 -0.64753 0.618662 -0.64753 0.618662 -0.601273 0.517254 -0.601273 0.517254 -0.417882 0.335469 -0.417882 0.335469 -0.137716 0.109842 -0.223707 0.182072 -0.0859911 0.0722298 -0.0859911 0.0722298 -0.0859911 0.0722298
4.01 0 -0 -24.2465 25.3497 0 -0 -35.0695 36.2085 0 -0 -2.34508 1.20532 0 -0 39.4998 -34.7583 -0 0 48.0987 -43.5718 -0 0 15.0659 -19.1986 -0 0 -15.6399 12.5993 0 -0 -25.4241 27.025 0 -0 -14.5948 15.8937 0 -0 -14.5948 15.8937 0.000876172 2.52567e-10 0.777019 0.377887 0.0895678 1 0.0172887 0.00072485 0.644342 0.532489 0.00431771 0.999539 0.0381612 1 0.365996 0.788577 0.00159032 1.67896e-10 0.00593919 1 0.384854 0.787635 0.00518569 6.54345e-14 0.000357655 1 0.55865 0.668075 0.0492543 1.10389e-06 0.000179319 0.000945606 0.831506 0.343876 0.158749 0.999648 0.000926049 1.66956e-07 0.841297 0.31767 0.0369069 1 0.00801423 1.84888e-05 0.776326 0.433732 0.00264646 0.999999 0.0379651 0.0500374 0.666184 0.627945 0.000372725 0.98872 0.0600685 0.0673495 0.593746 0.724052 0.000226671 0.984251 -0.29718 0.285284 -0.29718 0.285284 -0.29718 0.285284 -0.50752 0.458833 -0.21034 0.17355 0.0723757 -0.133117 0.0723757 -0.133117 0.541432 -0.605433 0.541432 -0.605433 0.440456 -0.526196 0.440456 -0.526196 -0.143513 0.0967529 -0.143513 0.0967529 -0.648422 0.618686 -0.648422 0.618686 -0.610338 0.527396 -0.610338 0.527396 -0.457794 0.362585 -0.457794 0.362585 -0.170624 0.129692 -0.293085 0.221054 -0.122461 0.0913611 -0.122461 0.0913611 -0.122461 0.0913611
4.06 0 -0 -22.6821 23.5311 0 -0 -36.1921 37.6418 0 -0 -5.31726 4.1059 0 -0 37.0356 -33.1982 -0 0 48.2872 -44.0476 -0 0 17.2002 -21.4203 -0 0 -13.3888 9.47341 0 -0 -24.5384 25.3114 0 -0 -15.2664 16.5264 0 -0 -15.2664 16.5264 0.000827329 3.05494e-10 0.784361 0.369882 0.0889337 1 0.0154551 0.000238504 0.661041 0.51706 0.0045244 0.999872 0.0399417 1 0.369928 0.787112 0.00145061 7.75952e-10 0.00678796 1 0.376959 0.793409 0.00445687 7.48721e-14 0.0004156 1 0.544527 0.679253 0.0412579 3.12285e-07 0.000176554 0.00376694 0.828836 0.348635 0.155071 0.998399 0.000833674 2.26324e-07 0.845369 0.312811 0.0401182 1 0.00678189 1.12908e-05 0.78936 0.416521 0.00305052 0.999999 0.0320637 0.0321174 0.693882 0.594457 0.000413853 0.993426 0.0520603 0.0445407 0.628478 0.690239 0.000240709 0.990496 -0.299778 0.287506 -0.299778 0.287506 -0.299778 0.287506 -0.526216 0.476526 -0.226438 0.18902 0.0554871 -0.117364 0.0554871 -0.117364 0.544492 -0.608257 0.544492 -0.608257 0.451931 -0.539077 0.451931 -0.539077 -0.134478 0.0840395 -0.134478 0.0840395 -0.648908 0.61854 -0.648908 0.61854 -0.618661 0.537289 -0.618661 0.537289 -0.492532 0.387771 -0.492532 0.387771 -0.198937 0.147779 -0.353992 0.257017 -0.155055 0.109238 -0.155055 0.109238 -0.155055 0.109238
4.11 0 -0 -21.2213 21.86 0 -0 -37.1332 38.8319 0 -0 -8.01658 6.79812 0 -0 34.5927 -31.6182 -0 0 48.2111 -44.3786 -0 0 19.0803 -23.3971 -0 0 -11.2221 6.56534 0 -0 -23.4377 23.4143 0 -0 -15.6452 16.8102 0 -0 -15.6452 16.8102 0.000779327 3.91061e-10 0.791544 0.361862 0.0888032 1 0.0137404 7.90883e-05 0.675276 0.503669 0.0047791 0.999964 0.0415886 1 0.373774 0.785635 0.00133054 3.77879e-09 0.00774698 1 0.369949 0.798478 0.00384391 9.18713e-14 0.000484023 1 0.531951 0.689019 0.0345939 9.26914e-08 0.000174291 0.0152168 0.826263 0.353261 0.151266 0.9926 0.00075225 3.37073e-07 0.849173 0.308123 0.0435453 1 0.00573434 7.44881e-06 0.801328 0.399828 0.00353417 0.999999 0.0267995 0.0204854 0.718811 0.56146 0.000468219 0.996157 0.0444005 0.0292065 0.660427 0.655104 0.000261247 0.994262 -0.302471 0.290057 -0.302471 0.290057 -0.302471 0.290057 -0.541132 0.490604 -0.238661 0.200548 0.0423471 -0.105449 0.0423471 -0.105449 0.547118 -0.610628 0.547118 -0.610628 0.462103 -0.549989 0.462103 -0.549989 -0.125435 0.072474 -0.125435 0.072474 -0.648248 0.617864 -0.648248 0.617864 -0.626307 0.546958 -0.626307 0.546958 -0.522305 0.411302 -0.522305 0.411302 -0.222819 0.164376 -0.406337 0.290509 -0.183518 0.126133 -0.183518 0.126133 -0.183518 0.126133
4.16 0 -0 -19.849 20.3217 0 -0 -37.9209 39.8141 0 -0 -10.4581 9.28305 0 -0 32.2117 -30.0208 -0 0 47.9352 -44.5774 -0 0 20.7308 -25.1552 -0 0 -9.16009 3.87559 0 -0 -22.1875 21.4147 0 -0 -15.7581 16.7802 0 -0 -15.7581 16.7802 0.000732539 5.25745e-10 0.798464 0.353975 0.0891415 1 0.0121715 2.66405e-05 0.687529 0.491965 0.00507988 0.99999 0.0430952 1 0.37746 0.784195 0.00122687 1.91417e-08 0.00882389 1 0.363751 0.802927 0.0033279 1.20551e-13 0.000564325 1 0.520739 0.697609 0.0290612 2.89863e-08 0.000172488 0.0596758 0.823479 0.358631 0.147343 0.966308 0.000680397 5.462e-07 0.852728 0.303611 0.0471918 1 0.00484838 5.33328e-06 0.812294 0.383736 0.00411259 1 0.0222188 0.01318 0.741145 0.529477 0.000538974 0.997708 0.0373564 0.0192684 0.689491 0.619435 0.000289672 0.996477 -0.305185 0.292839 -0.305185 0.292839 -0.305185 0.292839 -0.553369 0.502253 -0.248184 0.209414 0.0318401 -0.0961334 0.0318401 -0.0961334 0.549372 -0.612616 0.549372 -0.612616 0.471151 -0.559295 0.471151 -0.559295 -0.113165 0.0598283 -0.113165 0.0598283 -0.643416 0.614782 -0.643416 0.614782 -0.633328 0.556406 -0.633328 0.556406 -0.547596 0.433389 -0.547596 0.433389 -0.242718 0.17971 -0.450691 0.321965 -0.207974 0.142255 -0.207974 0.142255 -0.207974 0.142255
4.21 0 -0 -18.5484 18.8893 0 -0 -38.5767 40.5976 0 -0 -12.6627 11.5592 0 -0 29.9172 -28.3497 -0 0 47.5564 -44.6215 -0 0 22.2235 -26.7334 -0 0 -7.21668 1.40039 0 -0 -20.8404 19.3739 0 -0 -15.644 16.4867 0 -0 -15.644 16.4867 0.000687303 7.37575e-10 0.805057 0.346325 0.0899148 1 0.0107579 9.17194e-06 0.698173 0.481664 0.00542578 0.999997 0.044459 1 0.380948 0.78282 0.00113693 9.96395e-08 0.0100256 1 0.358282 0.806836 0.00289282 1.689e-13 0.000658033 1 0.510642 0.70533 0.0244761 9.58954e-09 0.000171197 0.203415 0.819116 0.367764 0.143163 0.861602 0.000616915 9.53304e-07 0.856009 0.299398 0.0510581 1 0.00410198 4.15061e-06 0.822324 0.368321 0.00480339 1 0.0183105 0.0086613 0.7611 0.49888 0.000630172 0.998586 0.0310819 0.0129482 0.715717 0.58395 0.000327843 0.997771 -0.307865 0.295773 -0.307865 0.295773 -0.307865 0.295773 -0.563656 0.512222 -0.255791 0.21645 0.0232227 -0.088619 0.0232227 -0.088619 0.55131 -0.614285 0.55131 -0.614285 0.479228 -0.567286 0.479228 -0.567286 -0.0876154 0.038144 -0.0876154 0.038144 -0.624509 0.601598 -0.624509 0.601598 -0.639769 0.565617 -0.639769 0.565617 -0.569028 0.454185 -0.569028 0.454185 -0.25922 0.193952 -0.488018 0.351692 -0.228798 0.15774 -0.228798 0.15774 -0.228798 0.15774
4.26 0 -0 -17.2878 17.5062 0 -0 -39.1148 41.1631 0 -0 -14.5902 13.5454 0 -0 27.6983 -26.4656 -0 0 47.2149 -44.379 -0 0 23.7692 -28.2148 -0 0 -5.39315 -0.868826 0 -0 -19.4466 17.3447 0 -0 -15.3467 15.9857 0 -0 -15.3467 15.9857 0.000643901 1.07452e-09 0.811287 0.338981 0.0910916 1 0.00949816 3.24359e-06 0.707501 0.472535 0.00581652 0.999999 0.045681 1 0.384222 0.781525 0.00105853 5.26133e-07 0.0113582 1 0.35345 0.810293 0.00252521 2.53715e-13 0.00076689 1 0.501132 0.712732 0.020675 3.38204e-09 0.000170769 0.492662 0.809014 0.387185 0.138214 0.587631 0.000560792 1.77422e-06 0.85885 0.295891 0.0551335 0.999999 0.00347489 3.50756e-06 0.83148 0.353657 0.0056269 1 0.0150272 0.00587014 0.778906 0.469906 0.000746997 0.999089 0.0256353 0.00894825 0.739249 0.549248 0.000378221 0.998531 -0.310469 0.298792 -0.310469 0.298792 -0.310469 0.298792 -0.57248 0.520988 -0.262011 0.222195 0.0159968 -0.0823876 0.0159968 -0.0823876 0.552984 -0.61569 0.552984 -0.61569 0.486502 -0.574237 0.486502 -0.574237 -0.0308877 -0.01263 -0.0308877 -0.01263 -0.573759 0.558457 -0.573759 0.558457 -0.645655 0.574525 -0.645655 0.574525 -0.587231 0.47379 -0.587231 0.47379 -0.272922 0.207222 -0.519394 0.379868 -0.246472 0.172646 -0.246472 0.172646 -0.246472 0.172646
4.31 0 -0 -16.0228 16.1268 0 -0 -39.5665 41.5686 0 -0 -16.0113 14.8703 0 -0 25.4938 -24.4357 -0 0 46.8612 -43.5923 -0 0 25.7133 -29.7401 -0 0 -3.64066 -2.95832 0 -0 -18.0469 15.3737 0 -0 -14.9124 15.3364 0 -0 -14.9124 15.3364 0.000602544 1.62133e-09 0.817142 0.331985 0.0926422 1 0.00838451 1.1825e-06 0.715738 0.464395 0.00625227 1 0.046765 1 0.387277 0.780319 0.000989885 2.74958e-06 0.0128269 1 0.349127 0.813405 0.00221379 4.10405e-13 0.00089319 1 0.491207 0.720609 0.0175129 1.29455e-09 0.000172176 0.775753 0.788238 0.420563 0.131585 0.26257 0.000511241 3.49058e-06 0.860856 0.293793 0.0593808 0.999999 0.00294902 3.20774e-06 0.839802 0.339842 0.00660614 1 0.0123017 0.00413089 0.794789 0.442689 0.000896034 0.999382 0.0210041 0.00640263 0.760281 0.515797 0.000444041 0.998986 -0.31297 0.301849 -0.31297 0.301849 -0.31297 0.301849 -0.58017 0.528856 -0.2672 0.227007 0.00982368 -0.077098 0.00982368 -0.077098 0.554447 -0.616882 0.554447 -0.616882 0.493217 -0.580453 0.493217 -0.580453 0.0575611 -0.103646 0.0575611 -0.103646 -0.490786 0.474356 -0.490786 0.474356 -0.650962 0.582986 -0.650962 0.582986 -0.60277 0.492262 -0.60277 0.492262 -0.284361 0.219602 -0.545843 0.406576 -0.261483 0.186975 -0.261483 0.186975 -0.261483 0.186975
4.36 0 -0 -14.693 14.638 0 -0 -39.8649 41.4868 0 -0 -17.7479 15.9084 0 -0 22.6461 -21.767 -0 0 46.3682 -42.2802 -0 0 28.281 -31.409 -0 0 -1.73594 -4.96767 0 -0 -16.5696 13.4354 0 -0 -14.3615 14.5768 0 -0 -14.3615 14.5768 0.000563378 2.53366e-09 0.822622 0.32536 0.0945394 1 0.00740545 4.46152e-07 0.723065 0.457095 0.00673345 1 0.0477163 0.999999 0.390114 0.779207 0.000929506 1.386e-05 0.0144369 1 0.345141 0.816297 0.00194911 7.26589e-13 0.00104031 1 0.479976 0.729455 0.0148664 5.50618e-10 0.00017668 0.924085 0.758963 0.461455 0.122704 0.0864569 0.000467683 7.253e-06 0.861691 0.29356 0.0637256 0.999996 0.00250855 3.16733e-06 0.847301 0.326986 0.00776663 1 0.0100596 0.00303228 0.808956 0.417289 0.00108558 0.999557 0.0171302 0.00476523 0.779036 0.483937 0.000529521 0.999263 -0.31535 0.304906 -0.31535 0.304906 -0.31535 0.304906 -0.586956 0.536029 -0.271606 0.231123 0.00446874 -0.0725211 0.00446874 -0.0725211 0.555752 -0.617912 0.555752 -0.617912 0.499705 -0.586257 0.499705 -0.586257 0.150328 -0.206775 0.150328 -0.206775 -0.403184 0.377528 -0.403184 0.377528 -0.655618 0.590795 -0.655618 0.590795 -0.616115 0.509627 -0.616115 0.509627 -0.293983 0.231146 -0.568251 0.431841 -0.274268 0.200695 -0.274268 0.200695 -0.274268 0.200695
4.41 0 -0 -13.2476 13.0599 0 -0 -39.9272 40.9627 0 -0 -20.0422 17.5588 0 -0 19.3445 -19.0127 -0 0 44.8353 -40.5678 -0 0 31.0369 -33.159 -0 0 0.387186 -7.00476 0 -0 -14.9704 11.4681 0 -0 -13.7049 13.7163 0 -0 -13.7049 13.7163 0.000526483 4.11414e-09 0.827735 0.319116 0.0967578 1 0.006548 1.75685e-07 0.729622 0.450519 0.00726065 1 0.0485424 0.999993 0.392729 0.778199 0.000876171 6.82275e-05 0.0161933 1 0.341318 0.819078 0.00172329 1.43149e-12 0.00121288 1 0.467393 0.739136 0.0126371 2.64348e-10 0.000185118 0.978114 0.727293 0.501611 0.111903 0.0248639 0.00042961 1.60419e-05 0.861396 0.295053 0.0680706 0.99999 0.00213984 3.38161e-06 0.853993 0.315176 0.00913599 0.999999 0.00822716 0.00233045 0.821594 0.393717 0.00132598 0.999664 0.0139307 0.00370291 0.795737 0.453893 0.000640118 0.999435 -0.3176 0.307936 -0.3176 0.307936 -0.3176 0.307936 -0.593001 0.542642 -0.275401 0.234707 -0.00023367 -0.068497 -0.00023367 -0.068497 0.556963 -0.618828 0.556963 -0.618828 0.506254 -0.591887 0.506254 -0.591887 0.22709 -0.294411 0.22709 -0.294411 -0.331438 0.295647 -0.331438 0.295647 -0.659565 0.597793 -0.659565 0.597793 -0.627639 0.525894 -0.627639 0.525894 -0.302144 0.241896 -0.587347 0.455655 -0.285203 0.21376 -0.285203 0.21376 -0.285203 0.21376
4.46 0 -0 -11.8342 11.5142 0 -0 -39.8349 40.2913 0 -0 -22.6711 19.8116 0 -0 16.3605 -16.6391 -0 0 42.3291 -38.5437 -0 0 33.4111 -34.7992 -0 0 2.5332 -9.03657 0 -0 -13.3048 9.48468 0 -0 -12.9648 12.775 0 -0 -12.9648 12.775 0.000491889 6.94521e-09 0.832497 0.313251 0.0992736 1 0.00579889 7.27482e-08 0.735522 0.44457 0.00783446 1 0.0492516 0.99996 0.395121 0.777303 0.000828857 0.000341285 0.0181025 1 0.337537 0.821823 0.00152981 3.07188e-12 0.00141659 1 0.453956 0.74921 0.0107513 1.45034e-10 0.000197904 0.994229 0.696914 0.537208 0.100043 0.00678052 0.000396481 3.78714e-05 0.86024 0.297822 0.0723189 0.999969 0.00183122 3.90615e-06 0.859914 0.304436 0.0107435 0.999999 0.0067364 0.00188009 0.832869 0.371946 0.00163008 0.999729 0.0113137 0.00301215 0.810603 0.425796 0.00078284 0.999542 -0.319715 0.310919 -0.319715 0.310919 -0.319715 0.310919 -0.598426 0.548792 -0.278711 0.237873 -0.00440429 -0.064899 -0.00440429 -0.064899 0.55814 -0.619658 0.55814 -0.619658 0.513013 -0.597454 0.513013 -0.597454 0.284692 -0.360922 0.284692 -0.360922 -0.27878 0.234382 -0.27878 0.234382 -0.662804 0.603926 -0.662804 0.603926 -0.637634 0.541074 -0.637634 0.541074 -0.309122 0.251883 -0.603717 0.478008 -0.294595 0.226126 -0.294595 0.226126 -0.294595 0.226126
4.51 0 -0 -10.48 9.98847 0 -0 -39.6701 39.4384 0 -0 -24.9606 21.4737 0 -0 13.0961 -14.0892 -0 0 40.3689 -36.7741 -0 0 35.5218 -36.2512 -0 0 4.68642 -10.9985 0 -0 -11.5561 7.50562 0 -0 -12.1399 11.7677 0 -0 -12.1399 11.7677 0.000459576 1.21267e-08 0.836928 0.30776 0.102064 1 0.00514538 3.17343e-08 0.740856 0.439172 0.00845544 1 0.0498534 0.999766 0.397312 0.776527 0.000786707 0.00171981 0.0201714 1 0.333736 0.824566 0.00136331 7.14217e-12 0.001658 1 0.440223 0.759246 0.00915318 9.02185e-11 0.000215355 0.998548 0.66911 0.567602 0.0880031 0.00181678 0.000367725 9.50944e-05 0.858505 0.301403 0.076388 0.999905 0.00157276 4.87825e-06 0.86513 0.294733 0.0126195 0.999999 0.00552707 0.00159518 0.84293 0.351921 0.00201358 0.999768 0.00918803 0.00256993 0.823837 0.399698 0.000966614 0.999607 -0.321697 0.313843 -0.321697 0.313843 -0.321697 0.313843 -0.603324 0.554547 -0.281627 0.240704 -0.00814486 -0.0615546 -0.00814486 -0.0615546 0.559318 -0.620344 0.559318 -0.620344 0.519995 -0.60297 0.519995 -0.60297 0.327171 -0.410212 0.327171 -0.410212 -0.241172 0.189849 -0.241172 0.189849 -0.665387 0.609225 -0.665387 0.609225 -0.646332 0.555188 -0.646332 0.555188 -0.315129 0.261139 -0.617826 0.498898 -0.302697 0.237759 -0.302697 0.237759 -0.302697 0.237759
4.56 0 -0 -9.15425 8.50997 0 -0 -39.438 38.4797 0 -0 -26.8186 22.8081 0 -0 9.79232 -11.4333 -0 0 38.6626 -35.3261 -0 0 37.2919 -37.5093 -0 0 6.77669 -12.8712 0 -0 -9.76961 5.54619 0 -0 -11.2491 10.7082 0 -0 -11.2491 10.7082 0.000429493 2.18288e-08 0.841046 0.302629 0.105108 1 0.0045756 1.45897e-08 0.7457 0.434262 0.00912401 1 0.0503555 0.998634 0.399434 0.775858 0.000748999 0.00846903 0.0224072 1 0.329904 0.827313 0.00121939 1.80604e-11 0.00194451 1 0.426632 0.768938 0.00779868 6.21495e-11 0.000237861 0.999643 0.644089 0.593323 0.0764469 0.000486924 0.000342782 0.000252963 0.856414 0.30543 0.0802139 0.999694 0.00135607 6.58182e-06 0.869716 0.285999 0.0147954 0.999998 0.00454746 0.00142557 0.85191 0.333562 0.00249557 0.999789 0.00746992 0.00230331 0.835623 0.375591 0.00120272 0.999643 -0.323549 0.3167 -0.323549 0.3167 -0.323549 0.3167 -0.607766 0.559957 -0.284216 0.243257 -0.0116122 -0.0579364 -0.0116122 -0.0579364 0.560444 -0.620441 0.560444 -0.620441 0.52714 -0.608393 0.52714 -0.608393 0.359193 -0.447243 0.359193 -0.447243 -0.213904 0.157095 -0.213904 0.157095 -0.667389 0.61377 -0.667389 0.61377 -0.653924 0.568276 -0.653924 0.568276 -0.320333 0.269698 -0.630046 0.518339 -0.309713 0.24864 -0.309713 0.24864 -0.309713 0.24864
4.61 0 -0 -7.88744 7.13536 0 -0 -39.1721 37.5473 0 -0 -28.3575 23.9898 0 -0 6.73571 -8.87127 -0 0 37.0383 -34.0645 -0 0 38.6801 -38.5636 -0 0 8.72386 -14.6151 0 -0 -8.00171 3.64921 0 -0 -10.32 9.62654 0 -0 -10.32 9.62654 0.000401562 4.0369e-08 0.844876 0.297845 0.108383 1 0.00407878 7.06587e-09 0.750137 0.429785 0.00984043 1 0.0507558 0.992172 0.402125 0.775207 0.000715145 0.0394954 0.024817 1 0.326074 0.830054 0.00109448 4.94079e-11 0.00228446 1 0.413484 0.7781 0.00665163 4.66022e-11 0.000265946 0.999912 0.621695 0.615128 0.065789 0.000132141 0.000321135 0.00070669 0.854122 0.309645 0.0837515 0.998991 0.00117409 9.5574e-06 0.873752 0.278145 0.0173024 0.999997 0.00375416 0.001342 0.859933 0.316776 0.00309897 0.999797 0.00608544 0.0021688 0.846129 0.353422 0.0015053 0.999657 -0.325277 0.319485 -0.325277 0.319485 -0.325277 0.319485 -0.611811 0.565063 -0.286535 0.245578 -0.0153775 -0.0518263 -0.0153775 -0.0518263 0.56102 -0.617788 0.56102 -0.617788 0.534355 -0.613663 0.534355 -0.613663 0.384227 -0.47581 0.384227 -0.47581 -0.193436 0.132298 -0.193436 0.132298 -0.668874 0.617626 -0.668874 0.617626 -0.660566 0.580394 -0.660566 0.580394 -0.324862 0.277596 -0.640672 0.536364 -0.315809 0.258767 -0.315809 0.258767 -0.315809 0.258767
4.66 0 -0 -6.70534 5.8917 0 -0 -38.8942 36.7105 0 -0 -29.6588 25.0628 0 -0 4.00295 -6.49877 -0 0 35.4968 -32.9217 -0 0 39.7359 -39.4251 -0 0 10.4985 -16.2058 0 -0 -6.28762 1.84689 0 -0 -9.37659 8.54966 0 -0 -9.37659 8.54966 0.000375684 7.63289e-08 0.848439 0.29339 0.111869 1 0.00364521 3.5979e-09 0.754307 0.425669 0.0106048 1 0.0510067 0.957666 0.407972 0.774066 0.000684758 0.158898 0.0274065 1 0.322381 0.832756 0.000985639 1.44496e-10 0.00268715 1 0.40097 0.786636 0.00568133 3.76001e-11 0.000300278 0.999978 0.601669 0.633712 0.056239 3.66737e-05 0.000302326 0.00205024 0.851716 0.313893 0.0869719 0.99661 0.00102092 1.48508e-05 0.877312 0.27108 0.0201713 0.999995 0.00311129 0.00132915 0.867106 0.301459 0.00385097 0.999792 0.00497151 0.00214305 0.855506 0.33311 0.0018919 0.999653 -0.326886 0.322195 -0.326886 0.322195 -0.326886 0.322195 -0.615517 0.569898 -0.288632 0.247704 -0.0222226 -0.0347271 -0.0222226 -0.0347271 0.558313 -0.603931 0.558313 -0.603931 0.541535 -0.618727 0.541535 -0.618727 0.404542 -0.498475 0.404542 -0.498475 -0.177367 0.112768 -0.177367 0.112768 -0.669847 0.620752 -0.669847 0.620752 -0.666389 0.59161 -0.666389 0.59161 -0.328821 0.284874 -0.649942 0.553025 -0.321121 0.268152 -0.321121 0.268152 -0.321121 0.268152
4.71 0 -0 -5.60226 4.78098 0 -0 -38.5446 36.0163 0 -0 -30.8043 26.1328 0 -0 1.60448 -4.34493 -0 0 34.0631 -31.8705 -0 0 40.5326 -40.1178 -0 0 12.1003 -17.6389 0 -0 -4.6491 0.157595 0 -0 -8.4381 7.49837 0 -0 -8.4381 7.49837 0.000351749 1.46842e-07 0.851768 0.289242 0.115547 1 0.00326595 1.92423e-09 0.758576 0.421737 0.0114175 1 0.0509095 0.809701 0.423818 0.770076 0.00065804 0.444457 0.0301756 1 0.319239 0.835321 0.000890489 4.45418e-10 0.00316288 1 0.389215 0.794508 0.00486135 3.23573e-11 0.000341668 0.999994 0.583741 0.649658 0.0478598 1.04928e-05 0.000285962 0.00609856 0.849188 0.318126 0.0898582 0.988559 0.000891669 2.45259e-05 0.880459 0.264718 0.0234316 0.99999 0.00258954 0.00138194 0.87353 0.287502 0.00478353 0.999776 0.00407553 0.00221745 0.863884 0.314551 0.00238406 0.99963 -0.328386 0.32483 -0.328386 0.32483 -0.328386 0.32483 -0.618964 0.574504 -0.290579 0.249674 -0.043905 0.0127175 -0.043905 0.0127175 0.540592 -0.559545 0.540592 -0.559545 0.548553 -0.623536 0.548553 -0.623536 0.42157 -0.516908 0.42157 -0.516908 -0.163975 0.0963313 -0.163975 0.0963313 -0.670123 0.622721 -0.670123 0.622721 -0.671503 0.602002 -0.671503 0.602002 -0.33229 0.291574 -0.65805 0.568391 -0.32576 0.276817 -0.32576 0.276817 -0.32576 0.276817
4.76 0 -0 -4.89164 3.9975 0 -0 -37.8297 35.356 0 -0 -31.927 27.4643 0 -0 -0.466398 -2.41908 -0 0 32.7908 -30.9199 -0 0 41.1432 -40.666 -0 0 13.5341 -18.9211 -0 -0 -3.11188 -1.40457 0 -0 -7.52497 6.49136 0 -0 -7.52497 6.49136 0.000329634 2.83558e-07 0.854918 0.285361 0.119396 1 0.00293235 1.08937e-09 0.763616 0.417417 0.0122812 1 0.0500344 0.468438 0.455077 0.756706 0.000637051 0.753466 0.0331081 1 0.317451 0.837433 0.000807139 1.42623e-09 0.00372289 1 0.378331 0.801705 0.00416887 2.94606e-11 0.000391072 0.999998 0.567639 0.663438 0.0406201 3.11398e-06 0.000271738 0.0182894 0.846296 0.322491 0.0923979 0.962138 0.000782277 4.27197e-05 0.883243 0.258986 0.0271101 0.999979 0.00216516 0.00150362 0.87929 0.274798 0.00593361 0.999747 0.0033543 0.00239535 0.871383 0.297632 0.00300799 0.999587 -0.329788 0.327392 -0.329788 0.327392 -0.329788 0.327392 -0.622295 0.578965 -0.292507 0.251573 -0.105982 0.0965031 -0.105982 0.0965031 0.482301 -0.478684 0.482301 -0.478684 0.555212 -0.628025 0.555212 -0.628025 0.436201 -0.532208 0.436201 -0.532208 -0.151546 0.0801807 -0.151546 0.0801807 -0.668975 0.621885 -0.668975 0.621885 -0.676 0.611652 -0.676 0.611652 -0.335336 0.297745 -0.665151 0.582541 -0.329815 0.284797 -0.329815 0.284797 -0.329815 0.284797
4.81 0 -0 -3.43252 2.78864 0 -0 -36.4852 35.051 0 -0 -33.1722 29.5835 0 -0 -2.30067 -0.461957 -0 0 31.6572 -29.9437 -0 0 41.7385 -41.0603 -0 0 14.976 -20.1025 -0 -0 -1.60786 -2.86345 0 -0 -6.62649 5.5271 0 -0 -6.62649 5.5271 0.000309204 5.53713e-07 0.857968 0.281657 0.1234 1 0.00263617 6.68489e-10 0.769915 0.411662 0.0132067 1 0.0480226 0.170083 0.495217 0.729919 0.000626462 0.917355 0.0361613 1 0.317644 0.838519 0.000734226 4.70931e-09 0.00437909 1 0.368431 0.808204 0.00358427 2.82342e-11 0.000449599 1 0.553062 0.675456 0.0344337 9.63773e-07 0.000259488 0.0539339 0.842162 0.3276 0.0945638 0.883536 0.000689413 7.79858e-05 0.885675 0.253844 0.0312302 0.999955 0.00181905 0.00170643 0.884463 0.263243 0.00734346 0.999701 0.00277282 0.0026927 0.878105 0.282233 0.00379516 0.999519 -0.331111 0.329893 -0.331111 0.329893 -0.331111 0.329893 -0.625702 0.583483 -0.294591 0.25359 -0.206845 0.188471 -0.206845 0.188471 0.385024 -0.389596 0.385024 -0.389596 0.561256 -0.632081 0.561256 -0.632081 0.449002 -0.545105 0.449002 -0.545105 -0.137163 0.0584899 -0.137163 0.0584899 -0.664126 0.613197 -0.664126 0.613197 -0.679952 0.620639 -0.679952 0.620639 -0.338012 0.303432 -0.671372 0.595565 -0.33336 0.292132 -0.33336 0.292132 -0.33336 0.292132
4.86 0 -0 -0.835202 0.677653 0 -0 -34.7424 34.7691 0 -0 -34.6174 32.4781 0 -0 -4.03113 1.65525 -0 0 30.5072 -28.7719 -0 0 42.4148 -41.2436 -0 0 16.6152 -21.2843 -0 0 -0.0820862 -4.26862 0 -0 -5.73166 4.59102 0 -0 -5.73166 4.59102 0.000290317 1.15345e-06 0.860998 0.277996 0.127553 1 0.00237065 4.54479e-10 0.777349 0.403898 0.0142158 1 0.0449316 0.048397 0.534852 0.696323 0.000630238 0.976504 0.0392715 1 0.319759 0.838262 0.000670769 1.61154e-08 0.00514371 1 0.359593 0.813971 0.0030908 2.85862e-11 0.000518558 1 0.539557 0.686106 0.0291879 3.1318e-07 0.000249323 0.148955 0.834549 0.335231 0.0962675 0.701396 0.000610351 0.000148858 0.887692 0.249322 0.035809 0.999901 0.00153589 0.00201517 0.889112 0.252744 0.00906058 0.999631 0.00230293 0.00314288 0.884141 0.268237 0.00478291 0.999418 -0.332378 0.332356 -0.332378 0.332356 -0.332378 0.332356 -0.629337 0.58833 -0.296959 0.255974 -0.306445 0.265534 -0.306445 0.265534 0.288774 -0.315486 0.288774 -0.315486 0.566476 -0.635559 0.566476 -0.635559 0.460358 -0.556109 0.460358 -0.556109 -0.114317 0.0196737 -0.114317 0.0196737 -0.649505 0.585611 -0.649505 0.585611 -0.683404 0.629028 -0.683404 0.629028 -0.340358 0.308685 -0.676811 0.607553 -0.336453 0.298868 -0.336453 0.298868 -0.336453 0.298868
4.91 0 -0 1.46506 -1.63003 0 -0 -32.6619 33.2331 0 -0 -36.1601 35.376 0 -0 -5.41968 3.45907 0 -0 29.3397 -27.5517 -0 0 42.9825 -41.0709 -0 0 18.5076 -22.554 -0 0 1.40648 -5.62264 0 -0 -4.87687 3.70065 0 -0 -4.87687 3.70065 0.000272829 2.61203e-06 0.864061 0.274252 0.131855 1 0.00213108 3.45752e-10 0.785468 0.394454 0.0153366 1 0.0411077 0.0126808 0.569787 0.662914 0.000649439 0.994027 0.0423687 1 0.323339 0.836824 0.000615873 5.69123e-08 0.00602895 1 0.351807 0.819001 0.00267421 3.0684e-11 0.000599606 1 0.526398 0.695876 0.02476 1.081e-07 0.000241829 0.348095 0.820191 0.349244 0.0972586 0.435628 0.000542897 0.000296332 0.889108 0.245601 0.0408537 0.999777 0.00130342 0.00246904 0.893282 0.243223 0.0111374 0.999529 0.00192213 0.0037979 0.889569 0.255533 0.00601493 0.999272 -0.333613 0.334816 -0.333613 0.334816 -0.333613 0.334816 -0.633243 0.593695 -0.29963 0.258879 -0.384025 0.323592 -0.384025 0.323592 0.214281 -0.260527 0.214281 -0.260527 0.570789 -0.638369 0.570789 -0.638369 0.47059 -0.565601 0.47059 -0.565601 -0.071076 -0.046989 -0.071076 -0.046989 -0.613511 0.528789 -0.613511 0.528789 -0.686361 0.636855 -0.686361 0.636855 -0.342403 0.313547 -0.681537 0.6186 -0.339135 0.305052 -0.339135 0.305052 -0.339135 0.305052
4.96 0 -0 3.4297 -3.78166 0 -0 -30.4968 31.2474 0 -0 -37.6012 37.7995 0 -0 -6.39702 4.79147 0 -0 28.1527 -26.097 -0 0 43.3078 -40.4458 -0 0 20.7267 -23.9465 -0 0 2.86385 -6.91224 0 -0 -4.08069 2.87975 0 -0 -4.08069 2.87975 0.000256607 6.24524e-06 0.867179 0.27035 0.136319 0.999999 0.00191437 2.96138e-10 0.793826 0.383976 0.016597 1 0.0369409 0.00324539 0.599397 0.632435 0.000683836 0.998579 0.0453874 1 0.327887 0.834537 0.00056859 2.02497e-07 0.00704685 1 0.344961 0.823346 0.00232235 3.5056e-11 0.000695003 1 0.512763 0.705432 0.021028 4.03414e-08 0.000237958 0.61542 0.798076 0.374081 0.097024 0.211855 0.000485304 0.000612222 0.889691 0.243078 0.0463512 0.999487 0.00111188 0.00312415 0.896997 0.234633 0.0136305 0.999378 0.00161253 0.00472996 0.894458 0.244016 0.00754155 0.999061 -0.334837 0.337309 -0.334837 0.337309 -0.334837 0.337309 -0.637382 0.59962 -0.302544 0.262311 -0.440055 0.366432 -0.440055 0.366432 0.161054 -0.220931 0.161054 -0.220931 0.57423 -0.640506 0.57423 -0.640506 0.480032 -0.573922 0.480032 -0.573922 0.00113727 -0.133588 0.00113727 -0.133588 -0.547847 0.450914 -0.547847 0.450914 -0.688778 0.644093 -0.688778 0.644093 -0.344161 0.318059 -0.685595 0.62879 -0.341434 0.310731 -0.341434 0.310731 -0.341434 0.310731
5.01 0 -0 5.39904 -5.8862 0 -0 -28.5714 29.3374 0 -0 -38.7537 39.3622 0 -0 -8.29512 6.15611 0 -0 26.1708 -24.1006 -0 0 43.4046 -39.4984 -0 0 23.2925 -25.4584 -0 0 4.42647 -8.1947 0 -0 -3.28746 2.09361 0 -0 -3.28746 2.09361 0.000241528 1.56615e-05 0.87035 0.266264 0.14096 0.999998 0.00171846 2.81866e-10 0.802093 0.373041 0.0180228 1 0.0327451 0.000833201 0.624302 0.605405 0.000733274 0.99967 0.0482713 1 0.332997 0.831699 0.000527961 7.16798e-07 0.00820941 1 0.338884 0.827112 0.00202483 4.32427e-11 0.000807844 1 0.498241 0.715406 0.0178769 1.65299e-08 0.000238524 0.827101 0.770933 0.409208 0.0949558 0.0877658 0.000436155 0.00131214 0.889351 0.242188 0.0522571 0.998797 0.000953481 0.00406895 0.900268 0.22696 0.0165991 0.999157 0.00135989 0.00605128 0.898863 0.233597 0.00941977 0.998757 -0.336062 0.339866 -0.336062 0.339866 -0.336062 0.339866 -0.64167 0.606046 -0.305608 0.266179 -0.480256 0.398693 -0.480256 0.398693 0.123366 -0.192021 0.123366 -0.192021 0.576908 -0.642032 0.576908 -0.642032 0.489005 -0.581407 0.489005 -0.581407 0.0909916 -0.21963 0.0909916 -0.21963 -0.464057 0.37266 -0.464057 0.37266 -0.690569 0.650633 -0.690569 0.650633 -0.345632 0.322251 -0.688996 0.638198 -0.343364 0.315947 -0.343364 0.315947 -0.343364 0.315947
5.06 0 -0 7.35785 -7.87344 0 -0 -26.8493 27.4397 0 -0 -39.4914 40.0414 0 -0 -11.4422 8.52981 0 -0 23.5216 -21.9547 -0 0 42.7059 -38.3067 -0 0 25.8925 -27.0159 -0 0 6.119 -9.53059 0 -0 -2.46013 1.29397 0 -0 -2.46013 1.29397 0.000227489 4.11246e-05 0.873559 0.262004 0.145795 0.999995 0.00154175 2.92945e-10 0.810062 0.362067 0.0196376 1 0.0287329 0.000219513 0.645333 0.581609 0.000798071 0.999921 0.0509757 1 0.338366 0.828543 0.000493074 2.60268e-06 0.00952865 1 0.333399 0.830429 0.00177278 5.86688e-11 0.000942095 1 0.482973 0.726012 0.0152071 7.48934e-09 0.000243923 0.936495 0.742315 0.448555 0.0908046 0.0332254 0.000394243 0.00292939 0.888178 0.243075 0.0584902 0.997124 0.000821997 0.0054527 0.90311 0.220212 0.0201029 0.998826 0.00115294 0.00794952 0.902833 0.224201 0.0117129 0.998314 -0.337292 0.342508 -0.337292 0.342508 -0.337292 0.342508 -0.646017 0.612865 -0.308725 0.270357 -0.509713 0.423873 -0.509713 0.423873 0.0961394 -0.170236 0.0961394 -0.170236 0.578966 -0.643045 0.578966 -0.643045 0.497741 -0.588348 0.497741 -0.588348 0.17652 -0.292534 0.17652 -0.292534 -0.384187 0.30667 -0.384187 0.30667 -0.691604 0.65629 -0.691604 0.65629 -0.3468 0.32614 -0.691713 0.646882 -0.344913 0.320741 -0.344913 0.320741 -0.344913 0.320741
5.11 0 -0 9.21929 -9.68147 0 -0 -25.2663 25.6099 0 -0 -39.9207 40.2703 0 -0 -15.1339 11.6621 0 -0 21.069 -20.0302 -0 0 41.2626 -36.8711 -0 0 28.1879 -28.4752 -0 0 7.823 -10.8841 0 -0 -1.61737 0.484363 0 -0 -1.61737 0.484363 0.000214399 0.000112484 0.876783 0.257601 0.15084 0.999987 0.00138284 3.28335e-10 0.817616 0.35133 0.0214636 1 0.0250293 6.04042e-05 0.66323 0.560655 0.000879038 0.99998 0.0534676 0.999999 0.343774 0.825238 0.000463109 1.0183e-05 0.0110167 1 0.328364 0.833415 0.0015587 8.62829e-11 0.00110253 1 0.467377 0.737022 0.0129382 3.78339e-09 0.000254293 0.979363 0.714538 0.486414 0.084859 0.0119673 0.000358506 0.00680918 0.886328 0.245561 0.0649408 0.992995 0.000712445 0.00751492 0.905548 0.214389 0.0241985 0.998323 0.000982725 0.010718 0.906406 0.215773 0.0144894 0.997659 -0.338525 0.345243 -0.338525 0.345243 -0.338525 0.345243 -0.650337 0.619962 -0.311813 0.274719 -0.531974 0.444282 -0.531974 0.444282 0.07584 -0.153215 0.07584 -0.153215 0.580551 -0.643654 0.580551 -0.643654 0.506353 -0.594942 0.506353 -0.594942 0.245597 -0.350099 0.245597 -0.350099 -0.320223 0.255007 -0.320223 0.255007 -0.691639 0.660775 -0.691639 0.660775 -0.347623 0.329736 -0.693668 0.654878 -0.346045 0.325142 -0.346045 0.325142 -0.346045 0.325142
5.16 0 -0 10.9992 -11.3744 0 -0 -23.8122 23.868 0 -0 -40.1851 40.228 0 -0 -18.5786 14.5741 0 -0 18.6878 -17.9497 -0 0 40.0423 -35.5696 -0 0 30.2169 -29.7707 -0 0 9.48315 -12.1947 0 -0 -0.774191 -0.316078 0 -0 -0.774191 -0.316078 0.000202181 0.000318449 0.879998 0.2531 0.156107 0.999962 0.00124038 3.92677e-10 0.824697 0.341003 0.0235219 1 0.0216943 1.75063e-05 0.678586 0.542148 0.000977416 0.999995 0.0557254 0.999995 0.349072 0.821907 0.000437342 4.29847e-05 0.0126856 1 0.323679 0.836161 0.00137628 1.37441e-10 0.00129471 1 0.45189 0.748045 0.0110079 2.11985e-09 0.00026973 0.993738 0.688645 0.520184 0.0777167 0.00420345 0.000328024 0.0163464 0.883906 0.249404 0.0714828 0.982745 0.000620817 0.0106335 0.907612 0.209481 0.0289366 0.997546 0.000842148 0.0148042 0.909616 0.208276 0.0178214 0.996674 -0.339743 0.348072 -0.339743 0.348072 -0.339743 0.348072 -0.654554 0.62723 -0.314811 0.279158 -0.549352 0.461381 -0.549352 0.461381 0.0601771 -0.139452 0.0601771 -0.139452 0.581797 -0.64396 0.581797 -0.64396 0.514861 -0.601274 0.514861 -0.601274 0.297529 -0.394716 0.297529 -0.394716 -0.272325 0.21474 -0.272325 0.21474 -0.690102 0.663499 -0.690102 0.663499 -0.34803 0.333033 -0.694707 0.662197 -0.346677 0.329164 -0.346677 0.329164 -0.346677 0.329164
5.21 0 -0 12.7202 -12.9925 0 -0 -22.4657 22.2026 0 -0 -40.3509 39.9648 0 -0 -21.3809 16.7204 0 -0 15.7642 -15.7174 -0 0 39.5526 -34.6831 -0 0 32.0909 -30.9024 -0 0 11.1238 -13.4544 0 -0 0.0794074 -1.11017 0 -0 0.0794074 -1.11017 0.000190769 0.000928113 0.88318 0.248553 0.161605 0.999887 0.00111305 4.96558e-10 0.831291 0.331185 0.0258326 1 0.0187441 5.35989e-06 0.691871 0.52574 0.00109482 0.999998 0.0577377 0.999975 0.35416 0.818638 0.000415151 0.000189822 0.0145471 1 0.319278 0.838727 0.00122031 2.37599e-10 0.00152503 1 0.436859 0.758738 0.00936649 1.29143e-09 0.000290423 0.998175 0.664914 0.549453 0.0700043 0.00146305 0.000302024 0.0399429 0.880855 0.254601 0.0779768 0.957642 0.000543883 0.015418 0.90933 0.205481 0.0343573 0.99633 0.000725555 0.0209058 0.91249 0.201695 0.0217819 0.995176 -0.340904 0.350984 -0.340904 0.350984 -0.340904 0.350984 -0.658584 0.634577 -0.31768 0.283593 -0.563331 0.476098 -0.563331 0.476098 0.0476902 -0.127983 0.0476902 -0.127983 0.582811 -0.644043 0.582811 -0.644043 0.523229 -0.607354 0.523229 -0.607354 0.336132 -0.429596 0.336132 -0.429596 -0.2353 0.181233 -0.2353 0.181233 -0.685571 0.663043 -0.685571 0.663043 -0.347899 0.336013 -0.694569 0.668814 -0.346671 0.332801 -0.346671 0.332801 -0.346671 0.332801
5.26 0 -0 14.3877 -14.5186 0 -0 -21.1752 20.6098 0 -0 -40.435 39.5842 0 -0 -23.6555 18.5707 0 -0 12.8227 -13.399 -0 0 39.2187 -34.0343 -0 0 33.7568 -31.8712 -0 0 12.7246 -14.6669 0 -0 0.915324 -1.88339 0 -0 0.915324 -1.88339 0.000180104 0.00277144 0.886307 0.244033 0.167335 0.999658 0.00099952 6.59556e-10 0.837405 0.321927 0.0284151 1 0.0161675 1.7357e-06 0.70345 0.511136 0.00123319 0.999999 0.0595017 0.999859 0.358985 0.815489 0.000396003 0.000851934 0.0166124 1 0.315122 0.841148 0.00108645 4.47076e-10 0.00180079 1 0.422513 0.768873 0.00797315 8.36974e-10 0.000316705 0.999481 0.643232 0.574709 0.062232 0.000510159 0.000279904 0.0963688 0.876776 0.261752 0.0842563 0.899454 0.000479037 0.0228389 0.91071 0.202426 0.0404853 0.994401 0.000628442 0.0300881 0.91505 0.196051 0.0264407 0.992873 -0.341888 0.353952 -0.341888 0.353952 -0.341888 0.353952 -0.66228 0.641918 -0.320393 0.287967 -0.574871 0.489031 -0.574871 0.489031 0.037438 -0.11815 0.037438 -0.11815 0.58367 -0.64393 0.58367 -0.64393 0.531402 -0.613158 0.531402 -0.613158 0.365449 -0.457433 0.365449 -0.457433 -0.201861 0.148502 -0.201861 0.148502 -0.674686 0.656122 -0.674686 0.656122 -0.347024 0.338629 -0.692819 0.674644 -0.345795 0.336015 -0.345795 0.336015 -0.345795 0.336015
5.31 0 -0 15.975 -15.9336 0 -0 -19.9363 19.1197 0 -0 -40.4748 39.1982 0 -0 -25.5462 20.2136 0 -0 10.1287 -11.2051 -0 0 38.8746 -33.4019 -0 0 35.2178 -32.6314 -0 0 14.3145 -15.8402 0 -0 1.71876 -2.61996 0 -0 1.71876 -2.61996 0.000170137 0.00841451 0.889357 0.239667 0.17329 0.998955 0.000898495 9.15669e-10 0.843061 0.313251 0.0312877 1 0.0139377 5.94451e-07 0.713614 0.498087 0.00139473 1 0.0610206 0.9992 0.363569 0.812493 0.00037945 0.00383162 0.0188919 1 0.311189 0.843448 0.000971135 9.09806e-10 0.00213023 1 0.40898 0.77833 0.00679274 5.72403e-10 0.000349091 0.999854 0.623252 0.596744 0.0547563 0.000180048 0.000261285 0.216179 0.870665 0.272595 0.0900809 0.781568 0.00042418 0.0343911 0.911721 0.200458 0.047323 0.991314 0.000547214 0.0439092 0.917307 0.191409 0.0318591 0.989305 -0.342334 0.356907 -0.342334 0.356907 -0.342334 0.356907 -0.665273 0.649148 -0.322939 0.292241 -0.584603 0.500577 -0.584603 0.500577 0.0287642 -0.109347 0.0287642 -0.109347 0.584389 -0.643472 0.584389 -0.643472 0.539328 -0.618652 0.539328 -0.618652 0.38853 -0.480194 0.38853 -0.480194 -0.162497 0.108385 -0.162497 0.108385 -0.65073 0.636492 -0.65073 0.636492 -0.345071 0.340775 -0.688761 0.679494 -0.343691 0.338719 -0.343691 0.338719 -0.343691 0.338719
5.36 0 -0 17.4697 -17.2363 0 -0 -18.7574 17.747 0 -0 -40.5009 38.851 0 -0 -27.1402 21.666 0 -0 7.88664 -9.34258 -0 0 38.5446 -32.7697 -0 0 36.4521 -33.1088 -0 0 15.9729 -17.0094 0 -0 2.4893 -3.31584 0 -0 2.4893 -3.31584 0.000160822 0.025592 0.892297 0.235756 0.17944 0.996791 0.000808732 1.32213e-09 0.848287 0.30517 0.0344673 1 0.0120203 2.1493e-07 0.722602 0.486386 0.00158192 1 0.062298 0.995503 0.368151 0.809627 0.000365115 0.0169374 0.0213947 1 0.307471 0.845637 0.000871432 1.97116e-09 0.0025227 1 0.3963 0.787078 0.00579455 4.12326e-10 0.000388322 0.999959 0.604425 0.616483 0.047792 6.50967e-05 0.000246071 0.414033 0.860859 0.29014 0.0950527 0.595595 0.000377625 0.0522959 0.912265 0.199899 0.0548389 0.986353 0.000478992 0.0645494 0.919256 0.187906 0.038082 0.983764 -0.341159 0.359667 -0.341159 0.359667 -0.341159 0.359667 -0.666474 0.656059 -0.325315 0.296392 -0.592952 0.511008 -0.592952 0.511008 0.0209809 -0.100394 0.0209809 -0.100394 0.584725 -0.641802 0.584725 -0.641802 0.546967 -0.623813 0.546967 -0.623813 0.407455 -0.49927 0.407455 -0.49927 -0.106831 0.0521398 -0.106831 0.0521398 -0.604936 0.596641 -0.604936 0.596641 -0.34151 0.342252 -0.681334 0.683002 -0.339824 0.34075 -0.339824 0.34075 -0.339824 0.34075
5.41 0 -0 18.8346 -18.3857 0 -0 -17.6492 16.5518 0 -0 -40.5018 38.572 0 -0 -28.5381 23.134 0 -0 6.69549 -8.25329 -0 0 38.5104 -32.6745 -0 0 37.1689 -33.1719 -0 0 17.7716 -18.2195 0 -0 3.24452 -3.98306 0 -0 3.24452 -3.98306 0.000152123 0.075356 0.895065 0.233105 0.185705 0.990192 0.000729053 1.9753e-09 0.853113 0.29772 0.037968 1 0.0103786 8.18656e-08 0.730637 0.475847 0.00179743 1 0.0633182 0.975708 0.373813 0.806645 0.000352712 0.0705198 0.0241279 1 0.304002 0.847718 0.000784915 4.41136e-09 0.0029887 1 0.384441 0.79515 0.00495159 3.08347e-10 0.000435472 0.999988 0.58606 0.634894 0.0414419 2.45051e-05 0.000234447 0.63976 0.84587 0.316852 0.098573 0.386683 0.000338029 0.0796686 0.912182 0.201283 0.0629507 0.978386 0.000421468 0.0948584 0.92087 0.185779 0.0451273 0.975164 -0.335253 0.361694 -0.335253 0.361694 -0.335253 0.361694 -0.662777 0.662099 -0.327523 0.300405 -0.600217 0.520517 -0.600217 0.520517 0.0122976 -0.0873773 0.0122976 -0.0873773 0.583195 -0.63522 0.583195 -0.63522 0.554296 -0.628632 0.554296 -0.628632 0.423629 -0.515672 0.423629 -0.515672 -0.0318423 -0.0224133 -0.0318423 -0.0224133 -0.534928 0.535064 -0.534928 0.535064 -0.335548 0.342706 -0.668993 0.684534 -0.333445 0.341828 -0.333445 0.341828 -0.333445 0.341828
5.46 0 -0 20.1143 -19.5005 0 -0 -16.5346 15.4232 0 -0 -40.5078 38.4666 0 -0 -29.7856 24.2889 0 -0 5.35917 -7.55248 -0 0 38.2949 -32.1683 -0 0 37.7007 -32.8761 -0 0 19.71 -19.4586 0 -0 4.00856 -4.63386 0 -0 4.00856 -4.63386 0.000144014 0.199132 0.897501 0.233714 0.191855 0.97065 0.000658367 3.04129e-09 0.857566 0.291024 0.0417989 1 0.00897617 3.27881e-08 0.738028 0.466252 0.00204419 1 0.063979 0.883342 0.384332 0.802271 0.000342143 0.24336 0.0270952 1 0.300942 0.849655 0.000709583 9.8321e-09 0.00354009 1 0.373323 0.802624 0.00424015 2.35849e-10 0.000492059 0.999996 0.567552 0.652739 0.035733 9.78704e-06 0.000226717 0.815664 0.825671 0.351771 0.1 0.218065 0.000304323 0.120456 0.9113 0.205251 0.0715046 0.965646 0.000372794 0.138146 0.922094 0.185394 0.0529711 0.961884 -0.31719 0.36146 -0.31719 0.36146 -0.31719 0.36146 -0.646761 0.665718 -0.329571 0.304258 -0.606625 0.529237 -0.606625 0.529237 -0.00455991 -0.0580526 -0.00455991 -0.0580526 0.572736 -0.611645 0.572736 -0.611645 0.561297 -0.633114 0.561297 -0.633114 0.438024 -0.530159 0.438024 -0.530159 0.0521771 -0.106595 0.0521771 -0.106595 -0.450871 0.460635 -0.450871 0.460635 -0.326079 0.341571 -0.649651 0.683077 -0.323572 0.341507 -0.323572 0.341507 -0.323572 0.341507
5.51 0 -0 21.2376 -20.5545 0 -0 -15.3837 14.2119 0 -0 -40.3397 38.3532 0 -0 -30.7897 24.9466 0 -0 2.0732 -6.0594 -0 0 36.6174 -30.8013 -0 0 38.2119 -32.4923 -0 0 21.7971 -20.7241 0 -0 4.83908 -5.3112 0 -0 4.83908 -5.3112 0.000136493 0.420774 0.899175 0.241174 0.197346 0.916419 0.000595673 4.82835e-09 0.861659 0.28539 0.0459581 1 0.0077779 1.38071e-08 0.745341 0.457148 0.00232555 1 0.0639454 0.607128 0.406892 0.791983 0.000333939 0.551877 0.0302907 1 0.298777 0.851278 0.000643814 2.21405e-08 0.00419018 1 0.362866 0.809586 0.00363965 1.93033e-10 0.000560135 0.999999 0.548629 0.670339 0.0306511 4.17024e-06 0.000223101 0.918155 0.801743 0.390942 0.0989652 0.111297 0.000275645 0.17899 0.90949 0.212429 0.0802594 0.945465 0.000331485 0.197695 0.922837 0.187261 0.0615287 0.941562 -0.276214 0.354951 -0.276214 0.354951 -0.276214 0.354951 -0.607679 0.662855 -0.331465 0.307904 -0.61239 0.537265 -0.61239 0.537265 -0.0510044 0.00567337 -0.0510044 0.00567337 0.532084 -0.553114 0.532084 -0.553114 0.567923 -0.637261 0.567923 -0.637261 0.451307 -0.543289 0.451307 -0.543289 0.13087 -0.1881 0.13087 -0.1881 -0.366391 0.385363 -0.366391 0.385363 -0.311712 0.338009 -0.620761 0.677112 -0.309049 0.339103 -0.309049 0.339103 -0.309049 0.339103
5.56 0 -0 21.7773 -21.1516 0 -0 -14.0234 13.0031 0 -0 -39.5012 38.1419 0 -0 -31.7451 26.0397 0 -0 -1.90294 -3.37882 -0 0 34.7831 -29.5638 -0 0 37.8702 -31.8265 -0 0 23.8071 -21.9323 -0 -0 5.7405 -6.03018 0 -0 5.7405 -6.03018 0.000129612 0.662244 0.899087 0.258361 0.201219 0.790974 0.000540071 7.92046e-09 0.865371 0.281287 0.0504226 1 0.00675044 6.23604e-09 0.753299 0.447595 0.00264621 1 0.0626791 0.263076 0.443047 0.769738 0.000329955 0.808691 0.0336884 1 0.298228 0.852142 0.00058637 5.3014e-08 0.00495379 1 0.353046 0.816086 0.00313242 1.70619e-10 0.000642324 1 0.529366 0.687625 0.0261654 1.90519e-06 0.000223676 0.967163 0.775995 0.430422 0.0955316 0.0532352 0.00025129 0.258456 0.906637 0.223456 0.0888787 0.914009 0.000296349 0.275454 0.922966 0.192033 0.0706325 0.910908 -0.211319 0.333894 -0.211319 0.333894 -0.211319 0.333894 -0.544528 0.645142 -0.333209 0.311247 -0.617749 0.54471 -0.617749 0.54471 -0.141756 0.0968028 -0.141756 0.0968028 0.446615 -0.466769 0.446615 -0.466769 0.574047 -0.641036 0.574047 -0.641036 0.463896 -0.55542 0.463896 -0.55542 0.196322 -0.259191 0.196322 -0.259191 -0.288318 0.316139 -0.288318 0.316139 -0.29096 0.330837 -0.579687 0.664457 -0.288727 0.33362 -0.288727 0.33362 -0.288727 0.33362
5.61 0 -0 22.0506 -21.9719 0 -0 -11.8072 11.1648 0 -0 -37.951 37.8559 0 -0 -32.8546 28.0721 0 -0 -6.22588 0.40514 -0 0 33.4347 -28.575 -0 0 36.7671 -30.7308 -0 0 25.6106 -22.9729 -0 0 6.71408 -6.78749 0 -0 6.71408 -6.78749 0.000123522 0.828479 0.895611 0.283963 0.202423 0.582132 0.000490777 1.37975e-08 0.868593 0.279037 0.0551402 1 0.00586421 3.12295e-09 0.762191 0.436763 0.00301358 1 0.0598966 0.0833201 0.484762 0.738039 0.000332619 0.933328 0.0372354 1 0.299626 0.851832 0.000536364 1.43155e-07 0.00584704 1 0.343896 0.822118 0.00270352 1.59968e-10 0.000741843 1 0.510041 0.70436 0.0222393 9.48993e-07 0.000228441 0.987674 0.749937 0.46792 0.0901087 0.0245206 0.000230685 0.358377 0.902566 0.239034 0.0969297 0.866449 0.000266434 0.370268 0.922286 0.200472 0.0800097 0.865896 -0.138802 0.288626 -0.138802 0.288626 -0.138802 0.288626 -0.473596 0.60279 -0.334794 0.314164 -0.622918 0.55172 -0.622918 0.55172 -0.245962 0.186791 -0.245962 0.186791 0.347231 -0.381316 0.347231 -0.381316 0.579506 -0.644345 0.579506 -0.644345 0.47601 -0.566747 0.47601 -0.566747 0.247663 -0.317783 0.247663 -0.317783 -0.216614 0.253628 -0.216614 0.253628 -0.262705 0.318458 -0.524556 0.642156 -0.261851 0.323698 -0.261851 0.323698 -0.261851 0.323698
5.66 0 -0 23.2575 -23.4768 0 -0 -9.32396 8.59702 0 -0 -36.059 36.6687 0 -0 -34.2064 30.4084 0 -0 -9.73942 3.01775 -0 0 30.7479 -26.9851 -0 0 37.5343 -30.4478 -0 0 27.338 -23.8354 -0 0 7.73235 -7.54931 0 -0 7.73235 -7.54931 0.000118467 0.919121 0.887384 0.314173 0.200341 0.350807 0.000447137 2.62349e-08 0.871118 0.278586 0.060034 1 0.00509579 1.76658e-09 0.771738 0.42475 0.00343779 1 0.0557989 0.0234788 0.524667 0.704035 0.000343257 0.979479 0.0408606 1 0.302737 0.850366 0.000493068 4.2766e-07 0.006887 1 0.33546 0.827655 0.00234044 1.60606e-10 0.000862551 1 0.490984 0.72031 0.0188325 5.07529e-07 0.000237429 0.995575 0.724435 0.502693 0.083261 0.0111076 0.00021338 0.472403 0.896973 0.259851 0.103894 0.798313 0.000240987 0.476513 0.920522 0.213363 0.0892666 0.802843 -0.0746172 0.218834 -0.0746172 0.218834 -0.0746172 0.218834 -0.410806 0.53539 -0.336189 0.316556 -0.627991 0.558407 -0.627991 0.558407 -0.333378 0.259938 -0.333378 0.259938 0.264199 -0.312576 0.264199 -0.312576 0.584195 -0.647106 0.584195 -0.647106 0.487724 -0.577351 0.487724 -0.577351 0.287455 -0.365089 0.287455 -0.365089 -0.14873 0.194781 -0.14873 0.194781 -0.226881 0.298963 -0.455438 0.606672 -0.228557 0.307709 -0.228557 0.307709 -0.228557 0.307709
5.71 0 -0 25.3774 -25.5227 0 -0 -6.95466 5.92259 0 -0 -33.9369 34.593 0 -0 -35.5353 32.4181 0 -0 -12.7095 5.54399 -0 0 27.564 -24.9346 -0 0 38.7141 -30.7518 -0 0 28.7936 -24.4922 -0 0 8.78563 -8.31999 0 -0 8.78563 -8.31999 0.000114707 0.964918 0.874433 0.345816 0.194925 0.174899 0.000408611 5.40036e-08 0.872762 0.279624 0.0650149 1 0.00442791 1.13742e-09 0.781438 0.412188 0.00393057 1 0.0508492 0.00638245 0.559778 0.671742 0.000362266 0.994105 0.044488 1 0.307084 0.848028 0.000455753 1.3626e-06 0.00809132 1 0.327749 0.832687 0.00203271 1.77017e-10 0.00100902 1 0.472479 0.73532 0.0159007 2.79142e-07 0.000250781 0.998457 0.699802 0.534857 0.075556 0.00502375 0.000199045 0.589407 0.889397 0.286336 0.109207 0.708121 0.000219418 0.585174 0.917307 0.231372 0.0978916 0.72037 -0.0241372 0.138034 -0.0241372 0.138034 -0.0241372 0.138034 -0.361479 0.456426 -0.337342 0.318392 -0.632924 0.564793 -0.632924 0.564793 -0.398632 0.315036 -0.398632 0.315036 0.202891 -0.261785 0.202891 -0.261785 0.588104 -0.649299 0.588104 -0.649299 0.499036 -0.587252 0.499036 -0.587252 0.318878 -0.403443 0.318878 -0.403443 -0.0829516 0.135508 -0.0829516 0.135508 -0.184957 0.270578 -0.375133 0.554686 -0.190176 0.284107 -0.190176 0.284107 -0.190176 0.284107
5.76 0 -0 27.5412 -27.5581 0 -0 -4.34587 3.05026 0 -0 -31.9419 32.5936 0 -0 -36.6993 34.124 0 -0 -15.4072 8.21908 -0 0 24.4781 -22.7004 -0 0 39.923 -31.3458 -0 0 29.8068 -24.8638 -0 0 9.86046 -9.09626 0 -0 9.86046 -9.09626 0.000112416 0.985965 0.858057 0.376857 0.186554 0.075441 0.000374724 1.20579e-07 0.873488 0.28178 0.0699928 1 0.00384759 8.2846e-10 0.790842 0.399704 0.00450432 1 0.0455262 0.00172814 0.589733 0.642455 0.000389884 0.998362 0.0480453 0.999999 0.312208 0.845123 0.000423682 4.63621e-06 0.00947792 1 0.320744 0.837234 0.00177153 2.16293e-10 0.00118665 1 0.454728 0.749323 0.0133968 1.54824e-07 0.00026881 0.999466 0.675986 0.564812 0.0674845 0.0023024 0.000187471 0.697601 0.879262 0.318401 0.112331 0.600133 0.00020128 0.686778 0.912198 0.254883 0.105288 0.621446 0.0134172 0.0624583 0.0134172 0.0624583 0.0134172 0.0624583 -0.32479 0.382159 -0.338207 0.319701 -0.637603 0.570838 -0.637603 0.570838 -0.446165 0.35606 -0.446165 0.35606 0.15886 -0.224933 0.15886 -0.224933 0.591298 -0.650961 0.591298 -0.650961 0.509907 -0.596454 0.509907 -0.596454 0.344565 -0.435134 0.344565 -0.435134 -0.0193819 0.0726772 -0.0193819 0.0726772 -0.139708 0.232461 -0.288738 0.48447 -0.14903 0.252008 -0.14903 0.252008 -0.14903 0.252008
5.81 0 -0 29.6541 -29.4206 0 -0 -1.61667 0.199505 0 -0 -30.1486 30.6828 0 -0 -37.6787 35.5056 0 -0 -17.9021 10.8636 -0 0 21.1409 -20.6013 -0 0 40.6782 -32.1796 -0 0 30.2799 -24.9054 -0 0 10.916 -9.86256 0 -0 10.916 -9.86256 0.000111658 0.994754 0.839865 0.40614 0.175851 0.0295746 0.000345021 2.9365e-07 0.873397 0.284713 0.0748838 1 0.0033444 6.71944e-10 0.799642 0.387749 0.00517187 1 0.040208 0.000473788 0.615098 0.616342 0.000426529 0.999549 0.0514697 0.999994 0.31774 0.841894 0.000396146 1.68719e-05 0.0110646 1 0.3144 0.841334 0.00154951 2.91254e-10 0.00140179 1 0.437843 0.76232 0.0112723 8.54324e-08 0.000292044 0.999811 0.652748 0.592944 0.0594359 0.00108656 0.000178556 0.78854 0.865992 0.355308 0.112858 0.484503 0.000186241 0.774159 0.904719 0.283872 0.110842 0.513817 0.0408136 0.000708031 0.0408136 0.000708031 0.0408136 0.000708031 -0.29795 0.321254 -0.338764 0.320546 -0.641909 0.576483 -0.641909 0.576483 -0.481227 0.387222 -0.481227 0.387222 0.126854 -0.19775 0.126854 -0.19775 0.593879 -0.652162 0.593879 -0.652162 0.520302 -0.604964 0.520302 -0.604964 0.366409 -0.461985 0.366409 -0.461985 0.0406771 0.00530121 0.0406771 0.00530121 -0.0943728 0.185449 -0.202185 0.397228 -0.107812 0.211779 -0.107812 0.211779 -0.107812 0.211779
5.86 0 -0 31.6899 -31.1216 0 -0 1.14553 -2.62688 0 -0 -28.5582 28.8128 0 -0 -38.549 36.5836 0 -0 -20.098 13.0252 0 -0 16.3287 -17.8317 -0 0 40.3457 -32.6267 -0 0 30.3596 -24.7373 -0 0 11.857 -10.5693 0 -0 11.857 -10.5693 0.000112427 0.998148 0.821086 0.433145 0.163529 0.0109111 0.00031905 7.78834e-07 0.87266 0.288142 0.0796142 1 0.00290935 5.97275e-10 0.807669 0.376594 0.00594631 1 0.0351504 0.000132648 0.636608 0.593203 0.000472884 0.999875 0.0547097 0.999969 0.323415 0.838521 0.000372502 6.44094e-05 0.012869 1 0.308658 0.845036 0.00136039 4.34329e-10 0.00166188 1 0.421861 0.774357 0.00947946 4.7153e-08 0.000321275 0.999931 0.629798 0.619512 0.0516994 0.000534684 0.000172298 0.858604 0.849155 0.395747 0.110615 0.373721 0.000174067 0.843621 0.894419 0.317836 0.114014 0.407838 0.0609907 -0.0464212 0.0609907 -0.0464212 0.0609907 -0.0464212 -0.278033 0.274586 -0.339024 0.321007 -0.645761 0.581681 -0.645761 0.581681 -0.507761 0.411642 -0.507761 0.411642 0.102934 -0.177053 0.102934 -0.177053 0.59596 -0.652981 0.59596 -0.652981 0.530199 -0.612805 0.530199 -0.612805 0.385694 -0.485316 0.385694 -0.485316 0.0957521 -0.0652996 0.0957521 -0.0652996 -0.0517441 0.132171 -0.120659 0.297389 -0.0689145 0.165218 -0.0689145 0.165218 -0.0689145 0.165218
5.91 0 -0 33.6335 -32.6759 0 -0 3.93486 -5.42006 0 -0 -27.0842 26.9307 0 -0 -39.3225 37.3772 0 -0 -22.0102 14.8029 0 -0 11.594 -14.9634 -0 0 38.9367 -32.6037 -0 0 31.0506 -25.0447 -0 0 12.651 -11.2004 0 -0 12.651 -11.2004 0.000114696 0.999377 0.802458 0.457737 0.150279 0.00386911 0.000296369 2.24331e-06 0.871447 0.291854 0.0841232 0.999999 0.00253428 5.74598e-10 0.814861 0.366374 0.00684095 1 0.0305033 3.80981e-05 0.654928 0.572741 0.000529887 0.999965 0.0577261 0.999841 0.329047 0.835132 0.00035218 0.00025184 0.0149076 1 0.30345 0.848391 0.00119893 7.31961e-10 0.00197565 1 0.406766 0.785497 0.00797284 2.66567e-08 0.000357613 0.999974 0.606897 0.644642 0.0444761 0.000272146 0.000168778 0.908639 0.828585 0.438082 0.105715 0.277564 0.000164605 0.895068 0.880943 0.355812 0.114445 0.312632 0.0763191 -0.0816938 0.0763191 -0.0816938 0.0763191 -0.0816938 -0.262701 0.239468 -0.33902 0.321162 -0.649122 0.586409 -0.649122 0.586409 -0.528408 0.431392 -0.528408 0.431392 0.0844698 -0.160724 0.0844698 -0.160724 0.597641 -0.653487 0.597641 -0.653487 0.539596 -0.620011 0.539596 -0.620011 0.403268 -0.506022 0.403268 -0.506022 0.144934 -0.136316 0.144934 -0.136316 -0.0136032 0.0763142 -0.0475729 0.191455 -0.0339697 0.115141 -0.0339697 0.115141 -0.0339697 0.115141
5.96 0 -0 35.467 -34.0923 0 -0 6.74581 -8.16882 0 -0 -25.6381 24.9942 0 -0 -39.9919 37.8943 0 -0 -23.6875 16.2721 0 -0 7.39357 -12.3788 -0 0 36.9759 -31.9509 -0 0 32.6882 -26.3559 -0 0 13.1955 -11.6856 0 -0 13.1955 -11.6856 0.000118449 0.999799 0.784377 0.479976 0.136705 0.00133644 0.000276569 6.99588e-06 0.869898 0.295694 0.0883631 0.999998 0.00221169 5.93932e-10 0.821225 0.357134 0.0078691 1 0.0263371 1.12692e-05 0.670605 0.554655 0.00059871 0.99999 0.0604914 0.999191 0.334521 0.831811 0.000334687 0.000990711 0.0171962 1 0.298709 0.851451 0.00106074 1.36919e-09 0.00235331 1 0.392505 0.795814 0.00671064 1.58784e-08 0.000402543 0.99999 0.58391 0.668361 0.0378926 0.000137351 0.000168156 0.942179 0.80441 0.480684 0.098554 0.200596 0.000157772 0.930907 0.864067 0.396526 0.11203 0.233554 0.088471 -0.108396 0.088471 -0.108396 0.088471 -0.108396 -0.250327 0.212683 -0.338798 0.32108 -0.651993 0.590663 -0.651993 0.590663 -0.544884 0.447798 -0.544884 0.447798 0.0697276 -0.147366 0.0697276 -0.147366 0.598975 -0.653703 0.598975 -0.653703 0.548512 -0.626627 0.548512 -0.626627 0.41969 -0.524691 0.41969 -0.524691 0.188159 -0.204702 0.188159 -0.204702 0.0194227 0.0214832 0.0157696 0.0860293 -0.00365309 0.0645461 -0.00365309 0.0645461 -0.00365309 0.0645461
6.01 0 -0 37.1507 -35.3571 0 -0 9.52325 -10.7967 0 -0 -24.1676 23.0439 0 -0 -40.5257 38.1642 0 -0 -25.1578 17.5332 0 -0 3.66191 -9.94483 -0 0 33.9906 -30.9953 -0 0 33.6806 -28.1965 -0 0 13.8252 -12.3442 0 -0 13.8252 -12.3442 0.000123698 0.999937 0.767045 0.500008 0.123294 0.000454232 0.000259274 2.35169e-05 0.868124 0.299553 0.0922992 0.999994 0.00193472 6.5741e-10 0.826807 0.348861 0.00904392 1 0.0226683 3.44966e-06 0.684084 0.538666 0.000680733 0.999997 0.0629884 0.995921 0.339806 0.82858 0.000319608 0.00386563 0.019749 1 0.294373 0.854259 0.00094212 2.80029e-09 0.00280674 1 0.379016 0.805378 0.00565545 1.01372e-08 0.000458001 0.999996 0.560815 0.690649 0.0320141 6.61506e-05 0.000170681 0.963917 0.777018 0.522195 0.089726 0.141812 0.000153555 0.95508 0.843727 0.438598 0.106945 0.17083 0.0985394 -0.129183 0.0985394 -0.129183 0.0985394 -0.129183 -0.239862 0.191635 -0.338401 0.320819 -0.654397 0.594456 -0.654397 0.594456 -0.55831 0.461714 -0.55831 0.461714 0.0573906 -0.13593 0.0573906 -0.13593 0.599813 -0.653494 0.599813 -0.653494 0.556981 -0.632703 0.556981 -0.632703 0.43532 -0.541695 0.43532 -0.541695 0.226071 -0.268137 0.226071 -0.268137 0.0476249 -0.0296573 0.0698311 -0.0137926 0.0222063 0.0158647 0.0222063 0.0158647 0.0222063 0.0158647
6.06 0 -0 38.6813 -36.4839 0 -0 12.2546 -13.3207 0 -0 -22.6382 21.0439 0 -0 -40.95 38.2607 0 -0 -26.5006 18.6724 0 -0 0.380617 -7.78918 -0 0 30.536 -29.4327 -0 0 34.0749 -29.3657 -0 0 14.8729 -13.409 0 -0 14.8729 -13.409 0.000130482 0.999981 0.750564 0.518015 0.110413 0.000153205 0.000244152 8.46792e-05 0.866206 0.303358 0.0959086 0.999978 0.00169715 7.78095e-10 0.831672 0.341506 0.0103781 1 0.0194792 1.09781e-06 0.69573 0.524512 0.000777522 0.999999 0.0652047 0.980062 0.345057 0.825288 0.000306606 0.0147449 0.0225785 1 0.290388 0.856852 0.000840001 6.16457e-09 0.00334973 1 0.366232 0.814251 0.00477442 7.08764e-09 0.000526469 0.999999 0.537687 0.711475 0.0268572 3.06743e-05 0.000176713 0.977985 0.746921 0.561663 0.0799144 0.0970805 0.000152019 0.971419 0.819963 0.480758 0.09962 0.121121 0.107207 -0.145908 0.107207 -0.145908 0.107207 -0.145908 -0.23066 0.174514 -0.337868 0.320422 -0.656368 0.597815 -0.656368 0.597815 -0.569432 0.473705 -0.569432 0.473705 0.0456228 -0.125117 0.0456228 -0.125117 0.599093 -0.652162 0.599093 -0.652162 0.565043 -0.638289 0.565043 -0.638289 0.450381 -0.55727 0.450381 -0.55727 0.25973 -0.325539 0.25973 -0.325539 0.0718547 -0.0758242 0.116238 -0.105419 0.0443834 -0.0295953 0.0443834 -0.0295953 0.0443834 -0.0295953
6.11 0 -0 40.0516 -37.4816 0 -0 14.937 -15.7303 0 -0 -20.9613 19.0147 0 -0 -41.2497 38.2602 0 -0 -27.7526 19.7437 0 -0 -2.52416 -5.81599 -0 0 27.2383 -27.8131 -0 0 33.7694 -29.7997 -0 0 16.1519 -14.581 -0 -0 16.1519 -14.581 0.000138872 0.999994 0.734977 0.534184 0.0983133 5.16345e-05 0.000230913 0.000324671 0.864204 0.307061 0.0991784 0.999914 0.00149342 9.86247e-10 0.835894 0.335002 0.0118835 1 0.0167327 3.64537e-07 0.705863 0.511913 0.000890824 1 0.0671178 0.910587 0.351003 0.821071 0.000295489 0.0534497 0.0256948 1 0.286733 0.859233 0.000751818 1.4383e-08 0.00399819 1 0.354096 0.822491 0.0040392 5.47038e-09 0.000611087 0.999999 0.514655 0.730829 0.0224016 1.43002e-05 0.00018677 0.987114 0.71469 0.598515 0.0697785 0.0636379 0.000153326 0.982544 0.792914 0.521954 0.0906531 0.0822946 0.114891 -0.159781 0.114891 -0.159781 0.114891 -0.159781 -0.222326 0.16014 -0.337218 0.319921 -0.657937 0.600768 -0.657937 0.600768 -0.578766 0.484162 -0.578766 0.484162 0.028975 -0.111877 0.028975 -0.111877 0.591894 -0.647065 0.591894 -0.647065 0.572742 -0.643429 0.572742 -0.643429 0.465 -0.571569 0.465 -0.571569 0.290225 -0.376681 0.290225 -0.376681 0.0930948 -0.116666 0.156955 -0.187975 0.06386 -0.0713086 0.06386 -0.0713086 0.06386 -0.0713086
6.16 0 -0 41.2174 -38.3581 0 -0 17.5919 -18.0561 0 -0 -18.8108 16.8807 0 -0 -41.3236 38.3219 0 -0 -28.9638 20.891 0 -0 -5.14333 -3.9783 -0 0 24.1145 -26.1753 -0 0 32.9526 -29.7878 -0 0 17.3059 -15.6537 -0 -0 17.3059 -15.6537 0.000148963 0.999998 0.720301 0.548698 0.0871487 1.74944e-05 0.000219307 0.00131754 0.862159 0.310649 0.102104 0.999657 0.00131865 1.35352e-09 0.83955 0.329265 0.013571 1 0.0143821 1.27124e-07 0.714834 0.500403 0.00102263 1 0.0686484 0.690365 0.360034 0.812746 0.000286451 0.17085 0.0291043 1 0.283478 0.861302 0.000675458 3.51917e-08 0.00477032 1 0.34256 0.830141 0.0034256 4.64314e-09 0.000715809 1 0.491877 0.748722 0.0186015 6.88527e-06 0.000201574 0.992739 0.680996 0.632456 0.0598741 0.0400853 0.000157763 0.989742 0.762908 0.561359 0.0807156 0.0537224 0.121842 -0.171575 0.121842 -0.171575 0.121842 -0.171575 -0.214571 0.147748 -0.336413 0.319323 -0.659085 0.603336 -0.659085 0.603336 -0.586687 0.493389 -0.586687 0.493389 -0.0087641 -0.0878282 -0.0087641 -0.0878282 0.562373 -0.630114 0.562373 -0.630114 0.580111 -0.648153 0.580111 -0.648153 0.479242 -0.584702 0.479242 -0.584702 0.318397 -0.421594 0.318397 -0.421594 0.112144 -0.152136 0.193613 -0.261049 0.0814695 -0.108914 0.0814695 -0.108914 0.0814695 -0.108914
6.21 0 -0 42.3031 -39.146 0 -0 19.6783 -19.8815 0 -0 -16.416 14.5527 0 -0 -40.8782 38.3454 0 -0 -30.2573 22.4379 0 -0 -7.55297 -2.21576 -0 0 21.1718 -24.5649 -0 0 31.7943 -29.467 -0 0 18.2173 -16.5316 -0 -0 18.2173 -16.5316 0.000160878 0.999999 0.706528 0.56173 0.0769942 5.98831e-06 0.000209118 0.00555979 0.860091 0.314177 0.104687 0.998587 0.00116856 2.04745e-09 0.842723 0.324181 0.0154502 1 0.0123772 4.73123e-08 0.723159 0.489064 0.00117552 1 0.0695507 0.348921 0.377429 0.794678 0.000280586 0.417688 0.0328058 1 0.280912 0.862735 0.000609248 8.96197e-08 0.00568683 1 0.331606 0.837225 0.00291322 4.31045e-09 0.000845578 1 0.469522 0.765193 0.0153955 3.4802e-06 0.000222104 0.996013 0.646562 0.663389 0.0506127 0.0245065 0.000165766 0.994133 0.730474 0.598379 0.0704565 0.0340042 0.128212 -0.181781 0.128212 -0.181781 0.128212 -0.181781 -0.206975 0.136785 -0.335187 0.318565 -0.659568 0.60548 -0.659568 0.60548 -0.593508 0.5017 -0.593508 0.5017 -0.0861713 -0.0372981 -0.0861713 -0.0372981 0.492219 -0.58589 0.492219 -0.58589 0.587145 -0.652453 0.587145 -0.652453 0.493127 -0.596751 0.493127 -0.596751 0.344821 -0.460517 0.344821 -0.460517 0.129576 -0.182412 0.22741 -0.324611 0.0978344 -0.142198 0.0978344 -0.142198 0.0978344 -0.142198
6.26 0 -0 43.3792 -39.9061 0 -0 20.8171 -20.9107 0 -0 -13.8974 12.1261 0 -0 -39.7215 38.0326 0 -0 -31.7299 24.5684 0 -0 -9.83276 -0.393562 -0 0 18.3999 -22.9646 -0 0 30.413 -28.922 -0 0 18.8525 -17.185 -0 -0 18.8525 -17.185 0.000174761 1 0.693637 0.573455 0.0678642 2.0747e-06 0.000200165 0.0230579 0.857981 0.317953 0.106921 0.994253 0.00103947 3.41349e-09 0.845505 0.319603 0.0175297 1 0.0106669 1.93524e-08 0.731568 0.476817 0.00135331 1 0.0693355 0.122808 0.407759 0.766478 0.0002797 0.704619 0.036781 1 0.279604 0.863121 0.000551918 2.36908e-07 0.00677085 1 0.321251 0.84373 0.00248499 4.34965e-09 0.00100655 1 0.447759 0.780295 0.0127149 1.8653e-06 0.00024967 0.997834 0.612074 0.69137 0.0422537 0.0147303 0.000177953 0.996686 0.696276 0.632654 0.0604288 0.0211266 0.134094 -0.19072 0.134094 -0.19072 0.134094 -0.19072 -0.198258 0.126612 -0.332352 0.317333 -0.658227 0.606921 -0.658227 0.606921 -0.599535 0.509472 -0.599535 0.509472 -0.185534 0.0459528 -0.185534 0.0459528 0.399335 -0.50841 0.399335 -0.50841 0.593772 -0.65626 0.593772 -0.65626 0.506641 -0.607783 0.506641 -0.607783 0.369871 -0.493927 0.369871 -0.493927 0.145793 -0.207925 0.259198 -0.379132 0.113405 -0.171207 0.113405 -0.171207 0.113405 -0.171207
6.31 0 -0 44.0945 -40.536 0 -0 21.5822 -21.9606 0 -0 -10.9771 9.23644 0 -0 -38.0792 37.1547 0 -0 -33.3351 27.1079 0 -0 -12.0841 1.70265 -0 0 15.7096 -21.2312 -0 0 28.8492 -28.161 -0 0 19.2247 -17.6215 -0 0 19.2247 -17.6215 0.000190778 1 0.681584 0.584084 0.0597291 7.29596e-07 0.000192306 0.0870456 0.855674 0.323191 0.108764 0.977632 0.000928185 6.31735e-09 0.848 0.315408 0.0198174 1 0.00920274 8.91805e-09 0.740642 0.463333 0.0015615 1 0.06753 0.0363573 0.447494 0.734133 0.000285046 0.887199 0.0409844 1 0.280043 0.862379 0.000502454 6.54557e-07 0.00804776 1 0.311559 0.849635 0.00212671 4.76442e-09 0.00120632 1 0.42674 0.794094 0.0104897 1.06797e-06 0.000286002 0.998818 0.578118 0.716549 0.0349223 0.00881661 0.000195175 0.998125 0.661026 0.664026 0.0510463 0.0130437 0.139551 -0.198618 0.139551 -0.198618 0.139551 -0.198618 -0.183975 0.11575 -0.323526 0.314368 -0.650713 0.606447 -0.650713 0.606447 -0.605082 0.51706 -0.605082 0.51706 -0.275138 0.141165 -0.275138 0.141165 0.315571 -0.418658 0.315571 -0.418658 0.599851 -0.659496 0.599851 -0.659496 0.51975 -0.617851 0.51975 -0.617851 0.393773 -0.52247 0.393773 -0.52247 0.161059 -0.229273 0.289537 -0.425504 0.128478 -0.196231 0.128478 -0.196231 0.128478 -0.196231
6.36 0 -0 44.2926 -40.8743 0 -0 23.1267 -23.7648 0 -0 -7.973 5.95026 0 -0 -36.111 35.269 0 -0 -34.9205 29.5264 0 -0 -14.3715 4.0485 -0 0 13.0044 -19.313 -0 0 27.0924 -27.1843 -0 0 19.3327 -17.8428 -0 0 19.3327 -17.8428 0.000209119 1 0.670275 0.593988 0.0525273 2.63194e-07 0.000185463 0.268549 0.852535 0.333562 0.110021 0.917696 0.000831988 1.3112e-08 0.850281 0.311659 0.0223198 1 0.00794353 4.68372e-09 0.75042 0.449013 0.00180697 1 0.0640871 0.0100645 0.488654 0.702329 0.000297037 0.963894 0.0453443 0.999998 0.282234 0.860731 0.000459917 1.91352e-06 0.0095446 1 0.302597 0.85494 0.0018266 5.69143e-09 0.00145424 1 0.406597 0.806662 0.0086529 6.58012e-07 0.00033337 0.999344 0.54515 0.739129 0.0286387 0.00531654 0.000218589 0.998924 0.625413 0.692497 0.0425741 0.0080951 0.14463 -0.20566 0.14463 -0.20566 0.14463 -0.20566 -0.152026 0.0995107 -0.296656 0.305171 -0.625008 0.59959 -0.625008 0.59959 -0.610394 0.524663 -0.610394 0.524663 -0.344707 0.224663 -0.344707 0.224663 0.25129 -0.340441 0.25129 -0.340441 0.605252 -0.662132 0.605252 -0.662132 0.532402 -0.627006 0.532402 -0.627006 0.416637 -0.546851 0.416637 -0.546851 0.175531 -0.247116 0.31875 -0.464824 0.143219 -0.217708 0.143219 -0.217708 0.143219 -0.217708
6.41 -0 0 44.2888 -40.9012 -0 0 25.4898 -26.1141 -0 0 -5.12389 2.75724 0 -0 -33.9498 32.7597 0 -0 -36.3409 31.4656 0 -0 -16.6401 6.39689 -0 0 10.3036 -17.3077 -0 0 25.1756 -26.0335 -0 0 19.1785 -17.8512 -0 0 19.1785 -17.8512 0.000230013 1 0.659453 0.603902 0.0461709 9.8738e-08 0.00017972 0.577125 0.84646 0.3555 0.110153 0.738757 0.000748593 3.01048e-08 0.852314 0.308794 0.0250367 1 0.00685712 2.82127e-09 0.760547 0.434455 0.00209763 1 0.0593801 0.00272035 0.52622 0.672946 0.000315803 0.989406 0.0497755 0.999992 0.285805 0.858465 0.000423398 5.93437e-06 0.0112895 1 0.2944 0.859673 0.00157485 7.42913e-09 0.0017617 1 0.387436 0.818081 0.00714301 4.38744e-07 0.00039474 0.999625 0.513508 0.759339 0.0233513 0.00326557 0.000249743 0.999366 0.590058 0.71817 0.035142 0.00510497 0.149387 -0.212054 0.149387 -0.212054 0.149387 -0.212054 -0.086418 0.0645878 -0.235805 0.276641 -0.565198 0.573225 -0.565198 0.573225 -0.615592 0.532269 -0.615592 0.532269 -0.396775 0.288783 -0.396775 0.288783 0.204011 -0.281458 0.204011 -0.281458 0.609919 -0.664196 0.609919 -0.664196 0.544543 -0.6353 0.544543 -0.6353 0.438499 -0.567737 0.438499 -0.567737 0.189288 -0.262076 0.34697 -0.498199 0.157683 -0.236123 0.157683 -0.236123 0.157683 -0.236123
6.46 -0 0 44.3866 -40.5421 -0 0 28.3452 -28.5995 -0 0 -2.1546 -0.379188 0 -0 -31.8556 30.3234 0 -0 -37.5364 32.9825 0 -0 -18.8135 8.68036 -0 -0 7.65142 -15.2376 -0 0 23.1408 -24.7221 -0 0 18.7891 -17.6612 -0 0 18.7891 -17.6612 0.000253779 1 0.64847 0.614814 0.0405504 3.90891e-08 0.000175549 0.832831 0.833181 0.390607 0.108313 0.421755 0.000676155 7.6092e-08 0.853842 0.307506 0.0279517 1 0.00591903 1.93788e-09 0.770593 0.420215 0.00244228 1 0.0539315 0.000734005 0.558745 0.646426 0.000341561 0.996991 0.0541921 0.999961 0.290298 0.855824 0.000392048 1.94192e-05 0.013311 1 0.286956 0.863884 0.00136328 1.0583e-08 0.00214251 1 0.369328 0.828436 0.00590547 3.17832e-07 0.000473955 0.999776 0.483422 0.777405 0.0189662 0.00206323 0.000290696 0.999612 0.555483 0.741217 0.0287736 0.0033031 0.15393 -0.218078 0.15393 -0.218078 0.15393 -0.218078 0.0048656 -0.00802064 -0.149065 0.210057 -0.479363 0.508519 -0.479363 0.508519 -0.62066 0.539684 -0.62066 0.539684 -0.436127 0.33599 -0.436127 0.33599 0.168975 -0.239219 0.168975 -0.239219 0.61388 -0.665754 0.61388 -0.665754 0.556132 -0.642788 0.556132 -0.642788 0.459351 -0.585714 0.459351 -0.585714 0.20236 -0.274694 0.374209 -0.526629 0.17185 -0.251935 0.17185 -0.251935 0.17185 -0.251935
6.51 -0 0 44.553 -39.7285 -0 0 31.7813 -31.096 -0 0 1.09045 -3.52886 0 -0 -29.9066 28.0913 0 -0 -38.509 34.178 0 -0 -20.8649 10.9139 0 -0 5.05787 -13.0893 -0 0 21.0075 -23.2492 -0 0 18.1917 -17.2882 -0 0 18.1917 -17.2882 0.00028095 1 0.636328 0.627246 0.0355535 1.66323e-08 0.00017385 0.949759 0.810677 0.431404 0.104025 0.162157 0.000613272 2.1291e-07 0.854446 0.30812 0.0310265 1 0.00510999 1.49757e-09 0.780189 0.406733 0.00285048 1 0.0482154 0.000200646 0.58644 0.622692 0.000374724 0.999149 0.058515 0.99981 0.295323 0.852987 0.000365106 6.66928e-05 0.0156377 1 0.280222 0.867632 0.00118508 1.64396e-08 0.00261322 1 0.352312 0.837812 0.00489295 2.51062e-07 0.000575967 0.99986 0.455038 0.793548 0.0153699 0.00135223 0.000344162 0.999751 0.522107 0.761843 0.0234188 0.00221124 0.158462 -0.22403 0.158462 -0.22403 0.158462 -0.22403 0.0928008 -0.110236 -0.0656609 0.113794 -0.396665 0.413695 -0.396665 0.413695 -0.625472 0.546631 -0.625472 0.546631 -0.466628 0.370969 -0.466628 0.370969 0.142321 -0.208972 0.142321 -0.208972 0.617209 -0.666884 0.617209 -0.666884 0.567143 -0.649534 0.567143 -0.649534 0.479168 -0.60127 0.479168 -0.60127 0.214752 -0.285411 0.400407 -0.550962 0.185655 -0.265551 0.185655 -0.265551 0.185655 -0.265551
6.56 -0 0 44.1076 -38.5138 -0 0 35.5562 -33.5562 -0 0 4.60018 -6.70678 0 -0 -28.0454 25.9298 0 -0 -39.2877 35.068 0 -0 -22.7836 13.0394 0 -0 2.5397 -10.9135 -0 0 18.8043 -21.6465 -0 0 17.4124 -16.7517 -0 0 17.4124 -16.7517 0.000312368 1 0.622411 0.640988 0.031089 7.73863e-09 0.000175413 0.98744 0.782809 0.470607 0.0975591 0.0486412 0.000558861 6.65257e-07 0.853932 0.310382 0.0342073 1 0.00441393 1.2865e-09 0.789067 0.394304 0.00333234 1 0.0425858 5.61721e-05 0.609974 0.601515 0.000415917 0.999755 0.0626762 0.999072 0.300587 0.850076 0.000341906 0.000238889 0.0182972 1 0.274134 0.870977 0.00103461 2.77996e-08 0.00319353 1 0.336399 0.846297 0.00406516 2.16845e-07 0.000707115 0.999907 0.428432 0.807974 0.0124451 0.000925861 0.000413695 0.999831 0.490243 0.780267 0.0189828 0.00154236 0.163234 -0.23011 0.163234 -0.23011 0.163234 -0.23011 0.162305 -0.209083 -0.000928793 0.0210267 -0.332353 0.321837 -0.332353 0.321837 -0.629854 0.552892 -0.629854 0.552892 -0.490913 0.397614 -0.490913 0.397614 0.121371 -0.186747 0.121371 -0.186747 0.619961 -0.667657 0.619961 -0.667657 0.577574 -0.655601 0.577574 -0.655601 0.497925 -0.614803 0.497925 -0.614803 0.226459 -0.29458 0.425474 -0.571894 0.199015 -0.277314 0.199015 -0.277314 0.199015 -0.277314
6.61 -0 0 42.9789 -37.0783 -0 0 39.1832 -35.8386 -0 0 8.26787 -9.88077 0 -0 -26.1893 23.7394 0 -0 -39.8939 35.6543 0 -0 -24.5522 14.9937 0 -0 0.130584 -8.77257 -0 0 16.5773 -19.9592 -0 0 16.4866 -16.0778 -0 0 16.4866 -16.0778 0.000349165 1 0.606812 0.655505 0.0270946 3.97675e-09 0.00018057 0.99725 0.754087 0.505338 0.0896136 0.0129402 0.000511954 2.33271e-06 0.852452 0.313813 0.0374353 0.999999 0.00381681 1.21942e-09 0.797073 0.383075 0.00389847 1 0.0372752 1.62394e-05 0.630028 0.582639 0.000465957 0.999928 0.0666209 0.995446 0.305892 0.847144 0.000321883 0.000883907 0.021316 1 0.268623 0.873973 0.000907192 5.09346e-08 0.00390666 1 0.321575 0.853976 0.00338833 2.04901e-07 0.000875456 0.999934 0.403623 0.820872 0.0100806 0.00066594 0.000503921 0.999879 0.460106 0.796707 0.0153501 0.00112709 0.168425 -0.236375 0.168425 -0.236375 0.168425 -0.236375 0.213813 -0.287564 0.0453877 -0.0511884 -0.286119 0.250008 -0.286119 0.250008 -0.633677 0.558363 -0.633677 0.558363 -0.510699 0.418592 -0.510699 0.418592 0.104161 -0.169775 0.104161 -0.169775 0.621993 -0.668101 0.621993 -0.668101 0.587435 -0.661055 0.587435 -0.661055 0.515606 -0.626634 0.515606 -0.626634 0.237474 -0.302479 0.44932 -0.589989 0.211847 -0.28751 0.211847 -0.28751 0.211847 -0.28751
6.66 -0 0 41.3179 -35.5453 -0 0 42.3162 -37.8285 -0 0 11.9068 -12.9592 0 -0 -24.2997 21.511 0 -0 -40.344 35.9565 0 -0 -26.1551 16.7153 0 -0 -2.12996 -6.74221 -0 0 14.3804 -18.2456 -0 0 15.4567 -15.3 -0 0 15.4567 -15.3 0.00039271 1 0.589975 0.670269 0.0235289 2.26014e-09 0.000189409 0.999451 0.726731 0.535318 0.0809274 0.0032544 0.000471614 9.15155e-06 0.85028 0.317973 0.040654 0.999996 0.003306 1.27014e-09 0.804158 0.373079 0.00455979 1 0.0324157 4.88099e-06 0.647187 0.565813 0.000525834 0.999978 0.0703064 0.978035 0.311137 0.844059 0.000304577 0.0033334 0.024718 1 0.263623 0.876664 0.000798957 1.00324e-07 0.0047797 1 0.307808 0.860928 0.00283444 2.11386e-07 0.00109115 0.99995 0.380594 0.832413 0.00817699 0.000505051 0.00062082 0.999907 0.431824 0.811372 0.0124011 0.000866087 0.174093 -0.242779 0.174093 -0.242779 0.174093 -0.242779 0.252329 -0.345958 0.0782367 -0.103179 -0.253025 0.197951 -0.253025 0.197951 -0.636888 0.563038 -0.636888 0.563038 -0.527106 0.435623 -0.527106 0.435623 0.0883689 -0.156121 0.0883689 -0.156121 0.622189 -0.668098 0.622189 -0.668098 0.596756 -0.665959 0.596756 -0.665959 0.532214 -0.637023 0.532214 -0.637023 0.247797 -0.309327 0.471875 -0.605702 0.224078 -0.296376 0.224078 -0.296376 0.224078 -0.296376
6.71 -0 0 39.3406 -33.9658 -0 0 44.8333 -39.4802 -0 0 15.3646 -15.8413 0 -0 -22.3043 19.2817 0 -0 -40.6303 36.0633 0 -0 -27.591 18.2118 0 -0 -4.2066 -4.87734 -0 0 12.2664 -16.5603 -0 0 14.3684 -14.4549 -0 0 14.3684 -14.4549 0.000444605 1 0.572386 0.684867 0.0203614 1.41736e-09 0.000202011 0.999896 0.701426 0.561106 0.072103 0.000800078 0.000436948 3.97057e-05 0.847664 0.322533 0.043812 0.999983 0.00287 1.45142e-09 0.810345 0.364272 0.00532737 1 0.0280659 1.53444e-06 0.661936 0.550749 0.000596703 0.999993 0.0736991 0.90235 0.316392 0.839975 0.000289689 0.0125758 0.0285245 1 0.259075 0.879064 0.000706721 2.10157e-07 0.00584392 1 0.295053 0.867226 0.00238046 2.36963e-07 0.00136693 0.99996 0.359291 0.842751 0.00664796 0.000404576 0.000772066 0.999924 0.405457 0.824459 0.0100219 0.000701069 0.180193 -0.249226 0.180193 -0.249226 0.180193 -0.249226 0.28234 -0.389438 0.102147 -0.140211 -0.228586 0.160494 -0.228586 0.160494 -0.639494 0.566971 -0.639494 0.566971 -0.540885 0.449807 -0.540885 0.449807 0.0679252 -0.143964 0.0679252 -0.143964 0.615294 -0.666986 0.615294 -0.666986 0.605572 -0.670368 0.605572 -0.670368 0.547765 -0.646184 0.547765 -0.646184 0.257438 -0.315296 0.493092 -0.619403 0.235654 -0.304107 0.235654 -0.304107 0.235654 -0.304107
6.76 -0 0 37.3247 -32.4263 -0 0 46.742 -40.8086 -0 0 18.5996 -18.4951 0 -0 -19.8258 16.9987 0 -0 -40.6612 36.2084 0 -0 -28.9081 19.6613 0 -0 -6.08298 -3.18591 -0 0 10.277 -14.9432 -0 0 13.2641 -13.5761 -0 0 13.2641 -13.5761 0.000506721 1 0.554465 0.699009 0.0175653 9.76001e-10 0.000218555 0.999981 0.678233 0.583386 0.0635681 0.000196524 0.000407147 0.0001875 0.844786 0.327269 0.0468653 0.999922 0.00249838 1.83511e-09 0.815701 0.356563 0.00621228 1 0.0242347 5.08628e-07 0.67469 0.536959 0.000679935 0.999997 0.07676 0.668804 0.322223 0.831771 0.000277308 0.046094 0.0327525 0.999999 0.25495 0.88109 0.000627883 4.62736e-07 0.00713495 1 0.283255 0.872934 0.00200762 2.86665e-07 0.00171856 0.999965 0.339643 0.852024 0.0054211 0.000342274 0.000967441 0.999934 0.381006 0.836144 0.00811049 0.000597744 0.186631 -0.255608 0.186631 -0.255608 0.186631 -0.255608 0.306879 -0.422711 0.120248 -0.167103 -0.209723 0.13291 -0.209723 0.13291 -0.641536 0.57024 -0.641536 0.57024 -0.552562 0.461885 -0.552562 0.461885 0.0257621 -0.129961 0.0257621 -0.129961 0.584804 -0.662179 0.584804 -0.662179 0.613927 -0.674325 0.613927 -0.674325 0.562294 -0.654291 0.562294 -0.654291 0.266412 -0.320525 0.512953 -0.631395 0.246542 -0.31087 0.246542 -0.31087 0.246542 -0.31087
6.81 -0 0 35.5669 -31.0918 -0 0 48.1245 -41.8504 -0 0 21.5337 -20.8444 0 -0 -16.3574 14.3473 0 -0 -40.2132 36.5979 0 -0 -30.2472 21.5011 0 -0 -7.78427 -1.58044 -0 0 8.43142 -13.4047 -0 0 12.1758 -12.6886 -0 0 12.1758 -12.6886 0.000581254 1 0.536551 0.712509 0.0151137 7.29084e-10 0.00023934 0.999996 0.657013 0.602767 0.0555942 4.90212e-05 0.000381496 0.000949913 0.841773 0.332042 0.0497769 0.999638 0.00218183 2.6665e-09 0.820309 0.349807 0.00722542 1 0.020899 1.8062e-07 0.68587 0.523478 0.000777342 0.999999 0.0793982 0.326471 0.3307 0.81422 0.000268341 0.154193 0.0374132 0.999998 0.251292 0.882453 0.00056037 1.06133e-06 0.00869291 1 0.27236 0.878093 0.00170066 3.71412e-07 0.00216547 0.999968 0.321561 0.860352 0.00443654 0.000305338 0.00121931 0.99994 0.358428 0.84659 0.00657875 0.000536022 0.193292 -0.261827 0.193292 -0.261827 0.193292 -0.261827 0.32782 -0.44907 0.134528 -0.187242 -0.194454 0.111871 -0.194454 0.111871 -0.643024 0.572916 -0.643024 0.572916 -0.562529 0.472439 -0.562529 0.472439 -0.0551097 -0.105428 -0.0551097 -0.105428 0.514132 -0.645536 0.514132 -0.645536 0.621858 -0.677832 0.621858 -0.677832 0.575849 -0.661486 0.575849 -0.661486 0.274745 -0.325126 0.531469 -0.641925 0.256725 -0.3168 0.256725 -0.3168 0.256725 -0.3168
6.86 -0 0 34.0505 -29.9165 -0 0 49.4439 -42.7384 -0 0 23.0799 -22.0429 0 -0 -13.2532 11.5594 0 -0 -39.078 36.4833 0 -0 -31.7353 23.868 0 -0 -9.38404 0.0508338 -0 0 6.72708 -11.9463 -0 0 11.1309 -11.821 -0 0 11.1309 -11.821 0.000670789 1 0.518903 0.725255 0.012978 5.83147e-10 0.000264783 0.999999 0.637576 0.619751 0.0483299 1.25481e-05 0.000359385 0.00489901 0.838694 0.336825 0.0525164 0.998313 0.00191214 4.46195e-09 0.824268 0.343804 0.00837759 1 0.0180164 7.06258e-08 0.696056 0.509224 0.000891638 1 0.0813439 0.112106 0.347082 0.787379 0.000264242 0.405466 0.0425069 0.999994 0.248345 0.882814 0.000502571 2.52768e-06 0.0105622 1 0.262325 0.882718 0.00144725 5.11447e-07 0.00273127 0.999969 0.304951 0.867841 0.0036456 0.000286396 0.00154318 0.999941 0.337652 0.855941 0.00535256 0.00050414 0.200061 -0.267806 0.200061 -0.267806 0.200061 -0.267806 0.346287 -0.470642 0.146225 -0.202836 -0.181317 0.0951338 -0.181317 0.0951338 -0.643752 0.575001 -0.643752 0.575001 -0.571121 0.48202 -0.571121 0.48202 -0.153492 -0.0532617 -0.153492 -0.0532617 0.424777 -0.600398 0.424777 -0.600398 0.629376 -0.680843 0.629376 -0.680843 0.588486 -0.667884 0.588486 -0.667884 0.282468 -0.329188 0.548674 -0.651202 0.266206 -0.322014 0.266206 -0.322014 0.266206 -0.322014
6.91 -0 0 32.7175 -28.8803 -0 0 50.4951 -43.4896 -0 0 23.6777 -22.5155 0 -0 -10.3214 8.7868 0 -0 -37.4907 35.6871 0 -0 -33.3248 26.5063 0 -0 -10.9547 1.81424 -0 0 5.11748 -10.494 -0 0 10.1325 -10.9707 -0 0 10.1325 -10.9707 0.000778369 1 0.501718 0.737192 0.0111289 4.93986e-10 0.00029542 1 0.61973 0.634754 0.0418345 3.31332e-06 0.000340303 0.0238736 0.835542 0.341908 0.0550546 0.992523 0.00168217 8.41173e-09 0.827694 0.338351 0.00967977 1 0.0155331 3.11386e-08 0.706093 0.493906 0.00102667 1 0.0820075 0.0327955 0.377009 0.756832 0.000265872 0.714166 0.0480115 0.99998 0.246653 0.882137 0.00045318 6.26589e-06 0.0127911 1 0.253133 0.886813 0.00123745 7.44694e-07 0.00344441 0.999968 0.289715 0.874581 0.00300902 0.00028149 0.00195831 0.99994 0.318584 0.864323 0.00437084 0.000495676 0.206837 -0.273489 0.206837 -0.273489 0.206837 -0.273489 0.362953 -0.488781 0.156115 -0.215292 -0.168234 0.0809012 -0.168234 0.0809012 -0.642448 0.57616 -0.642448 0.57616 -0.578673 0.491097 -0.578673 0.491097 -0.239076 0.0351053 -0.239076 0.0351053 0.34728 -0.51854 0.34728 -0.51854 0.636428 -0.683303 0.636428 -0.683303 0.600266 -0.673576 0.600266 -0.673576 0.289618 -0.332788 0.56462 -0.659398 0.275002 -0.32661 0.275002 -0.32661 0.275002 -0.32661
6.96 -0 0 31.4747 -27.9254 -0 0 50.9474 -43.9819 -0 0 24.1882 -23.2387 0 -0 -7.37237 5.89012 0 -0 -35.7279 34.3091 0 -0 -34.8813 29.0625 0 -0 -12.5374 3.73126 -0 0 3.54008 -8.97624 -0 0 9.15995 -10.1165 -0 0 9.15995 -10.1165 0.000907569 1 0.485137 0.748306 0.00953615 4.39629e-10 0.000331907 1 0.603283 0.648167 0.0361067 9.10159e-07 0.000323851 0.101669 0.832075 0.348801 0.0573386 0.969247 0.00148571 1.76757e-08 0.830709 0.333343 0.0111431 1 0.0133915 1.55942e-08 0.7167 0.477921 0.00118723 1 0.0807464 0.00903772 0.417206 0.72673 0.000273358 0.900846 0.0538677 0.999931 0.246721 0.880635 0.000411031 1.62503e-05 0.0154304 1 0.244803 0.890397 0.00106324 1.1452e-06 0.00433877 0.999965 0.275758 0.880648 0.00249542 0.000289174 0.00248835 0.999936 0.301118 0.87185 0.00358398 0.000508226 0.213533 -0.278841 0.213533 -0.278841 0.213533 -0.278841 0.378226 -0.504361 0.164693 -0.22552 -0.149237 0.0665319 -0.149237 0.0665319 -0.633674 0.57472 -0.633674 0.57472 -0.585543 0.499948 -0.585543 0.499948 -0.304845 0.135813 -0.304845 0.135813 0.288834 -0.42402 0.288834 -0.42402 0.642892 -0.685204 0.642892 -0.685204 0.611247 -0.678636 0.611247 -0.678636 0.296236 -0.335985 0.579376 -0.666657 0.28314 -0.330672 0.28314 -0.330672 0.28314 -0.330672
7.01 -0 0 30.3187 -27.0045 -0 0 50.8075 -44.1057 -0 0 25.6895 -24.9099 0 -0 -4.67815 2.99097 0 -0 -33.7918 32.2171 0 -0 -36.2727 31.1985 0 -0 -14.1253 5.69925 -0 0 1.95977 -7.3923 -0 0 8.1921 -9.24631 -0 0 8.1921 -9.24631 0.00106258 1 0.469253 0.758618 0.00817035 4.08934e-10 0.000375031 1 0.587996 0.660511 0.0311052 2.63857e-07 0.000309813 0.329173 0.827261 0.362448 0.0592039 0.884691 0.00131749 4.09892e-08 0.833398 0.328931 0.0127777 1 0.0115391 8.87629e-09 0.727946 0.461832 0.00137891 1 0.0774287 0.00244191 0.458926 0.698727 0.000286616 0.971027 0.0599796 0.999761 0.24855 0.878562 0.000375064 4.42305e-05 0.0185318 0.999999 0.237358 0.893509 0.000918146 1.86187e-06 0.00545412 0.99996 0.262994 0.886111 0.00207983 0.000310058 0.00316212 0.999928 0.285143 0.87862 0.00295211 0.000542684 0.22008 -0.283845 0.22008 -0.283845 0.22008 -0.283845 0.392368 -0.517983 0.172288 -0.234138 -0.108235 0.0450541 -0.108235 0.0450541 -0.601711 0.56436 -0.601711 0.56436 -0.59202 0.508657 -0.59202 0.508657 -0.354865 0.221767 -0.354865 0.221767 0.245488 -0.344009 0.245488 -0.344009 0.648643 -0.686582 0.648643 -0.686582 0.621484 -0.683126 0.621484 -0.683126 0.302362 -0.338831 0.593019 -0.673101 0.290657 -0.33427 0.290657 -0.33427 0.290657 -0.33427
7.06 -0 0 29.2646 -26.11 -0 0 50.3883 -43.8426 -0 0 27.9061 -27.1069 0 -0 -2.11627 0.294314 0 -0 -31.8466 30.036 0 -0 -37.4479 32.8869 0 -0 -15.6538 7.56661 -0 0 0.40403 -5.80707 -0 0 7.23233 -8.36921 -0 0 7.23233 -8.36921 0.00124828 1 0.454111 0.768194 0.00700317 3.96526e-10 0.000425757 1 0.573425 0.672651 0.0267616 8.19732e-08 0.000298414 0.667461 0.817879 0.390358 0.0602164 0.654127 0.00117307 1.03106e-07 0.835688 0.325725 0.0145885 1 0.00993458 5.73069e-09 0.739438 0.446135 0.00160804 1 0.0724579 0.000660398 0.496995 0.673229 0.000305655 0.992075 0.0662318 0.999169 0.251761 0.876126 0.000344337 0.000125763 0.0221454 0.999998 0.230789 0.8962 0.000796888 3.19578e-06 0.00683652 0.999953 0.251342 0.89103 0.00174241 0.000346481 0.00401424 0.999916 0.27055 0.884718 0.00244341 0.000602646 0.226426 -0.2885 0.226426 -0.2885 0.226426 -0.2885 0.405578 -0.530136 0.179152 -0.241635 -0.0288176 -0.000843578 -0.0288176 -0.000843578 -0.530421 0.52821 -0.530421 0.52821 -0.598244 0.517126 -0.598244 0.517126 -0.393928 0.286017 -0.393928 0.286017 0.212482 -0.285453 0.212482 -0.285453 0.653608 -0.6875 0.653608 -0.6875 0.631029 -0.687105 0.631029 -0.687105 0.308039 -0.341366 0.605633 -0.678829 0.297594 -0.337462 0.297594 -0.337462 0.297594 -0.337462
7.11 -0 0 28.1503 -25.0407 -0 0 49.9431 -43.0653 -0 0 30.6896 -29.4663 0 -0 0.469481 -2.2525 0 -0 -30.0542 28.1033 0 -0 -38.4208 34.2588 0 -0 -17.0801 9.31653 0 -0 -1.09707 -4.24421 -0 0 6.28995 -7.4917 -0 0 6.28995 -7.4917 0.00147036 1 0.439692 0.777148 0.0060081 3.99684e-10 0.000485387 1 0.558699 0.685484 0.0229916 2.78009e-08 0.000290742 0.888844 0.798913 0.431012 0.0597895 0.325585 0.00104894 2.79536e-07 0.837229 0.324484 0.0165681 1 0.00854604 4.14814e-09 0.750709 0.431241 0.00188167 1 0.0664362 0.000181201 0.530082 0.650182 0.000330662 0.997867 0.0725057 0.997082 0.255915 0.873465 0.000318032 0.00037046 0.0263182 0.999996 0.225049 0.898525 0.000695193 5.76996e-06 0.00853843 0.999942 0.240724 0.895463 0.00146746 0.000402774 0.0050858 0.999898 0.257229 0.890221 0.00203262 0.000694743 0.232541 -0.292825 0.232541 -0.292825 0.232541 -0.292825 0.418082 -0.541284 0.185541 -0.248459 0.070207 -0.0869288 0.070207 -0.0869288 -0.438849 0.450804 -0.438849 0.450804 -0.604198 0.52511 -0.604198 0.52511 -0.425408 0.332396 -0.425408 0.332396 0.186338 -0.24446 0.186338 -0.24446 0.657695 -0.688019 0.657695 -0.688019 0.639941 -0.690626 0.639941 -0.690626 0.313309 -0.343627 0.617306 -0.683927 0.303997 -0.3403 0.303997 -0.3403 0.303997 -0.3403
7.16 -0 0 26.2405 -23.1636 -0 0 49.488 -41.825 -0 0 34.0378 -31.8412 0 -0 3.28425 -4.80358 0 -0 -28.4376 26.4746 0 -0 -39.2264 35.4627 0 -0 -18.4128 11.0179 0 -0 -2.54998 -2.67582 -0 0 5.35958 -6.6044 -0 0 5.35958 -6.6044 0.0017355 1 0.425897 0.785617 0.00516086 4.3204e-10 0.000555842 1 0.542847 0.699199 0.0197138 1.04955e-08 0.000288481 0.970806 0.770376 0.47438 0.0577072 0.112527 0.000942387 8.19563e-07 0.837598 0.325359 0.0186938 0.999999 0.00734782 3.31709e-09 0.761371 0.417461 0.00220747 1 0.0599273 5.09309e-05 0.558431 0.629394 0.000362008 0.999424 0.0786893 0.98979 0.260657 0.87062 0.00029546 0.0011239 0.031091 0.999991 0.220066 0.900534 0.000609585 1.09276e-05 0.0106186 0.999926 0.231066 0.899462 0.00124253 0.000486309 0.00642495 0.999873 0.245077 0.895195 0.00169973 0.000830197 0.238417 -0.296852 0.238417 -0.296852 0.238417 -0.296852 0.430183 -0.551817 0.191766 -0.254965 0.157825 -0.192931 0.157825 -0.192931 -0.35824 0.352614 -0.35824 0.352614 -0.609739 0.532338 -0.609739 0.532338 -0.451452 0.366281 -0.451452 0.366281 0.164434 -0.215541 0.164434 -0.215541 0.660518 -0.688158 0.660518 -0.688158 0.648285 -0.693738 0.648285 -0.693738 0.318213 -0.345644 0.628128 -0.688467 0.309914 -0.342823 0.309914 -0.342823 0.309914 -0.342823
7.21 -0 0 24.1945 -21.5577 -0 0 47.7182 -40.0826 -0 0 37.397 -34.1162 -0 -0 6.2662 -7.40386 0 -0 -26.934 24.9739 0 -0 -39.9042 36.5071 0 -0 -19.6652 12.6279 0 -0 -3.94726 -1.15049 -0 0 4.44812 -5.7254 -0 0 4.44812 -5.7254 0.00205158 1 0.412583 0.793709 0.00443974 5.05919e-10 0.000639828 1 0.525608 0.713369 0.0168628 4.48328e-09 0.000292746 0.993387 0.737888 0.514048 0.0542424 0.0319662 0.000851234 2.61673e-06 0.836723 0.327931 0.0209322 0.999998 0.00631784 2.89445e-09 0.771157 0.404976 0.00259369 1 0.0533704 1.476e-05 0.582684 0.610632 0.000400226 0.999842 0.084682 0.965057 0.265752 0.867427 0.000276069 0.00349045 0.0364971 0.999979 0.215758 0.902269 0.000537238 2.1639e-05 0.0131415 0.999902 0.222293 0.903072 0.00105777 0.000608831 0.00808721 0.999835 0.233999 0.899699 0.00142895 0.00102666 0.24407 -0.300623 0.24407 -0.300623 0.24407 -0.300623 0.442174 -0.561962 0.198105 -0.261339 0.224717 -0.287008 0.224717 -0.287008 -0.298104 0.265604 -0.298104 0.265604 -0.614697 0.538643 -0.614697 0.538643 -0.473415 0.391821 -0.473415 0.391821 0.143788 -0.194312 0.143788 -0.194312 0.660563 -0.687806 0.660563 -0.687806 0.656134 -0.696484 0.656134 -0.696484 0.322795 -0.34744 0.63819 -0.692506 0.315394 -0.345066 0.315394 -0.345066 0.315394 -0.345066
7.26 -0 0 22.5729 -20.2005 -0 0 45.401 -38.1127 -0 0 40.3351 -36.1325 -0 0 9.18387 -9.91783 0 -0 -25.4187 23.5206 0 -0 -40.4446 37.4168 0 -0 -20.8331 14.129 0 -0 -5.2541 0.274912 -0 0 3.5818 -4.88533 -0 0 3.5818 -4.88533 0.00242796 1 0.399634 0.801488 0.00382575 6.24948e-10 0.000740794 1 0.507393 0.727465 0.0143888 2.19863e-09 0.000303863 0.998631 0.705865 0.548366 0.0498715 0.00833072 0.000773482 9.07274e-06 0.834853 0.331661 0.023246 0.999993 0.00543608 2.73603e-09 0.779934 0.393841 0.00304898 1 0.0470696 4.43279e-06 0.603494 0.593613 0.000446011 0.999956 0.0903948 0.888848 0.27113 0.863148 0.000259474 0.0109713 0.0425596 0.999951 0.212047 0.903741 0.00047586 4.45186e-05 0.0161764 0.999866 0.214333 0.906338 0.000905348 0.000787904 0.0101355 0.999779 0.223904 0.903786 0.00120779 0.00130993 0.24953 -0.304177 0.24953 -0.304177 0.24953 -0.304177 0.454226 -0.571795 0.204696 -0.267618 0.274375 -0.358875 0.274375 -0.358875 -0.255065 0.200135 -0.255065 0.200135 -0.618965 0.543987 -0.618965 0.543987 -0.492169 0.411778 -0.492169 0.411778 0.118568 -0.177399 0.118568 -0.177399 0.652979 -0.686444 0.652979 -0.686444 0.663561 -0.698899 0.663561 -0.698899 0.327098 -0.349037 0.647583 -0.696092 0.320485 -0.347055 0.320485 -0.347055 0.320485 -0.347055
7.31 -0 0 20.3927 -18.6211 -0 0 44.2497 -36.7609 -0 0 43.0463 -37.8621 -0 0 12.1124 -12.2985 0 -0 -23.5004 21.9469 0 -0 -40.7555 38.3611 0 -0 -21.9684 15.7328 0 -0 -6.47927 1.65672 -0 0 2.76479 -4.07891 -0 0 2.76479 -4.07891 0.00287573 1 0.386986 0.808982 0.00330261 8.17089e-10 0.000862873 1 0.488787 0.741085 0.0122513 1.2114e-09 0.000321921 0.999733 0.676094 0.577638 0.0450536 0.00209685 0.00070725 3.39732e-05 0.8323 0.336099 0.025597 0.999974 0.00468397 2.8188e-09 0.787674 0.38401 0.00358237 1 0.041213 1.39013e-06 0.62144 0.577895 0.000500244 0.999987 0.0957413 0.706448 0.27705 0.855764 0.000245575 0.0344008 0.0492896 0.999882 0.208872 0.904895 0.000423596 9.46402e-05 0.0197959 0.999811 0.20712 0.909292 0.000779061 0.00105039 0.0126401 0.999697 0.214711 0.9075 0.0010264 0.00171862 0.254832 -0.307546 0.254832 -0.307546 0.254832 -0.307546 0.466371 -0.581302 0.211539 -0.273755 0.312189 -0.411543 0.312189 -0.411543 -0.223754 0.153246 -0.223754 0.153246 -0.622517 0.548421 -0.622517 0.548421 -0.508306 0.427933 -0.508306 0.427933 0.0770279 -0.161233 0.0770279 -0.161233 0.626697 -0.682331 0.626697 -0.682331 0.670638 -0.701002 0.670638 -0.701002 0.331162 -0.350449 0.656397 -0.699258 0.325235 -0.348809 0.325235 -0.348809 0.325235 -0.348809
7.36 -0 0 18.0442 -16.9175 -0 0 43.5549 -35.99 -0 0 45.2929 -39.3436 -0 0 14.9246 -14.567 0 -0 -20.7198 20.0069 0 -0 -40.7255 39.4662 0 -0 -23.1741 17.6302 0 -0 -7.63603 2.9906 -0 0 2.00632 -3.325 -0 0 2.00632 -3.325 0.00340791 1 0.374619 0.816195 0.00285647 1.1379e-09 0.00101095 1 0.470287 0.753982 0.0104143 7.21426e-10 0.000347128 0.99995 0.648997 0.602624 0.0401485 0.00052251 0.000650815 0.000136526 0.829323 0.340923 0.0279486 0.999906 0.00404426 3.25442e-09 0.794426 0.375358 0.00420314 1 0.0358982 4.6097e-07 0.63706 0.562735 0.000564114 0.999996 0.100605 0.43578 0.284635 0.842168 0.00023472 0.104182 0.0566836 0.99971 0.206217 0.905567 0.000378963 0.000207085 0.0240737 0.999728 0.200592 0.911958 0.000673965 0.00143737 0.0156773 0.999574 0.206344 0.910882 0.000876974 0.00231045 0.260002 -0.310753 0.260002 -0.310753 0.260002 -0.310753 0.47855 -0.590431 0.218548 -0.279679 0.342222 -0.450455 0.342222 -0.450455 -0.200083 0.11953 -0.200083 0.11953 -0.62538 0.552043 -0.62538 0.552043 -0.522261 0.441483 -0.522261 0.441483 0.00813563 -0.139615 0.00813563 -0.139615 0.571163 -0.670458 0.571163 -0.670458 0.677421 -0.702781 0.677421 -0.702781 0.33503 -0.351684 0.664719 -0.702022 0.329689 -0.350337 0.329689 -0.350337 0.329689 -0.350337
7.41 -0 0 15.7795 -15.2074 -0 0 43.0444 -35.5238 -0 0 47.1764 -40.5912 -0 0 17.1105 -16.2959 0 -0 -17.6749 17.6326 0 -0 -40.2482 40.3528 0 -0 -24.5444 19.9674 0 -0 -8.75381 4.33328 -0 0 1.31167 -2.62747 -0 0 1.31167 -2.62747 0.00403969 1 0.362548 0.82312 0.0024756 1.68705e-09 0.00119077 1 0.452256 0.766028 0.00884385 4.52913e-10 0.00037992 0.999991 0.624501 0.624064 0.035406 0.000130891 0.000602662 0.000577837 0.826106 0.345912 0.0302669 0.999648 0.00350115 4.33582e-09 0.800278 0.3677 0.00492087 1 0.0311571 1.6444e-07 0.650951 0.547267 0.00063935 0.999999 0.104747 0.208796 0.297037 0.82125 0.000227599 0.278403 0.0647191 0.999282 0.204183 0.905543 0.000340794 0.000465156 0.029082 0.9996 0.1947 0.914343 0.000586124 0.00201059 0.0193285 0.999391 0.198738 0.913967 0.000753331 0.00316966 0.265057 -0.31381 0.265057 -0.31381 0.265057 -0.31381 0.490665 -0.599132 0.225608 -0.285321 0.36707 -0.48 0.36707 -0.48 -0.181379 0.0946198 -0.181379 0.0946198 -0.627592 0.554959 -0.627592 0.554959 -0.534388 0.45331 -0.534388 0.45331 -0.07942 -0.100387 -0.07942 -0.100387 0.495409 -0.639472 0.495409 -0.639472 0.683932 -0.704178 0.683932 -0.704178 0.33874 -0.352741 0.672629 -0.704383 0.33389 -0.351642 0.33389 -0.351642 0.33389 -0.351642
7.46 -0 0 13.7044 -13.5715 -0 0 42.6462 -35.2044 -0 0 48.8593 -41.6765 -0 0 18.2412 -17.152 0 -0 -15.1729 15.2978 0 -0 -39.3245 40.5017 0 -0 -26.0554 22.5506 0 -0 -9.87801 5.738 -0 0 0.660085 -1.96084 -0 0 0.660085 -1.96084 0.00478864 1 0.350799 0.829749 0.00215009 2.64901e-09 0.00140909 1 0.434933 0.777178 0.00750766 2.96049e-10 0.000420978 0.999998 0.602384 0.642585 0.0309814 3.32946e-05 0.000561492 0.00244333 0.822769 0.35094 0.0325219 0.998697 0.00304046 6.48866e-09 0.80535 0.360818 0.00574552 1 0.0269749 6.43607e-08 0.663916 0.531035 0.000728388 1 0.107635 0.0849593 0.319541 0.795449 0.00022477 0.561727 0.0733448 0.99821 0.203089 0.904729 0.000308149 0.00107308 0.0348878 0.999402 0.189419 0.916442 0.000512394 0.00286517 0.0236777 0.999116 0.191838 0.916783 0.000650562 0.00442246 0.270005 -0.316728 0.270005 -0.316728 0.270005 -0.316728 0.50261 -0.607362 0.232605 -0.290634 0.388323 -0.503162 0.388323 -0.503162 -0.165876 0.0755037 -0.165876 0.0755037 -0.629105 0.557238 -0.629105 0.557238 -0.54503 0.464077 -0.54503 0.464077 -0.164316 -0.0298567 -0.164316 -0.0298567 0.420989 -0.576221 0.420989 -0.576221 0.690107 -0.7051 0.690107 -0.7051 0.342322 -0.353606 0.680199 -0.706316 0.337877 -0.35271 0.337877 -0.35271 0.337877 -0.35271
7.51 -0 0 11.8223 -12.0384 -0 0 42.2675 -34.9663 -0 0 50.0779 -42.5598 -0 0 18.9749 -17.8496 0 -0 -12.8507 13.0003 0 -0 -38.1612 40.0624 0 -0 -27.5974 25.143 0 -0 -11.0305 7.22763 -0 0 0.0176461 -1.28542 -0 0 0.0176461 -1.28542 0.00567487 1 0.339406 0.836072 0.00187157 4.37294e-09 0.00167386 1 0.418464 0.787436 0.00637536 2.00009e-10 0.00047122 1 0.582393 0.658699 0.0269574 8.67065e-06 0.000526219 0.00993145 0.819361 0.356042 0.0346861 0.995356 0.00264959 1.06683e-08 0.809789 0.354519 0.00668757 1 0.0233065 2.79544e-08 0.676849 0.514155 0.000834374 1 0.108458 0.0316106 0.353914 0.768052 0.000226417 0.808788 0.0824629 0.995507 0.203405 0.903192 0.000280237 0.00254631 0.0415484 0.999093 0.184754 0.918257 0.000450256 0.00415308 0.0288086 0.998701 0.185598 0.919353 0.00056476 0.00626547 0.274848 -0.31951 0.274848 -0.31951 0.274848 -0.31951 0.514291 -0.615098 0.239443 -0.295589 0.406954 -0.521876 0.406954 -0.521876 -0.152049 0.060053 -0.152049 0.060053 -0.629494 0.558773 -0.629494 0.558773 -0.554555 0.474233 -0.554555 0.474233 -0.235061 0.0649802 -0.235061 0.0649802 0.359483 -0.48798 0.359483 -0.48798 0.695719 -0.705409 0.695719 -0.705409 0.345797 -0.354249 0.687479 -0.707761 0.341683 -0.353512 0.341683 -0.353512 0.341683 -0.353512
7.56 -0 0 10.1308 -10.6243 -0 0 41.8108 -34.7467 -0 0 50.5785 -43.137 -0 0 20.1368 -19.3649 0 -0 -10.4045 10.4195 0 -0 -36.8991 39.2046 0 -0 -29.0569 27.5486 0 -0 -12.2181 8.80054 -0 0 -0.648846 -0.566569 -0 0 -0.648846 -0.566569 0.00672122 1 0.328403 0.842084 0.00163297 7.52833e-09 0.00199433 1 0.402923 0.79684 0.00541883 1.39127e-10 0.000531792 1 0.564276 0.672837 0.0233655 2.33919e-06 0.000495958 0.0382751 0.815802 0.361696 0.0367295 0.983803 0.00231756 1.91905e-08 0.813747 0.348683 0.00775797 1 0.0200941 1.34945e-08 0.69021 0.49703 0.000961085 1 0.106637 0.0112034 0.394484 0.74123 0.000232495 0.93391 0.0919205 0.988667 0.205399 0.901046 0.000256375 0.00622124 0.0491055 0.998607 0.18074 0.919798 0.00039768 0.00612523 0.0348007 0.998066 0.179993 0.921697 0.000492803 0.0090153 0.279584 -0.322158 0.279584 -0.322158 0.279584 -0.322158 0.525634 -0.622332 0.24605 -0.300175 0.423571 -0.537391 0.423571 -0.537391 -0.137331 0.0462464 -0.137331 0.0462464 -0.626917 0.558864 -0.626917 0.558864 -0.563321 0.484025 -0.563321 0.484025 -0.291157 0.157711 -0.291157 0.157711 0.311188 -0.401143 0.311188 -0.401143 0.700257 -0.70485 0.700257 -0.70485 0.349169 -0.35462 0.694497 -0.708609 0.345328 -0.353989 0.345328 -0.353989 0.345328 -0.353989
7.61 -0 0 8.65215 -9.34927 -0 0 41.2701 -34.4946 -0 0 50.5764 -43.4043 -0 0 22.137 -21.6195 0 -0 -8.09109 7.83308 0 -0 -35.5282 37.8919 0 -0 -30.353 29.6099 0 -0 -13.4169 10.3847 -0 0 -1.34009 0.183361 -0 0 -1.34009 0.183361 0.00795338 1 0.317818 0.847781 0.0014283 1.34046e-08 0.00238126 1 0.388338 0.805446 0.00461259 9.95963e-11 0.000604074 1 0.547777 0.685417 0.0202023 6.62738e-07 0.000470063 0.135852 0.811619 0.369836 0.0385973 0.943808 0.00203492 3.75781e-08 0.817338 0.343311 0.00896779 1 0.0172841 7.23159e-09 0.703853 0.480094 0.00111291 1 0.102248 0.00387345 0.43465 0.715981 0.000242941 0.979772 0.101521 0.971484 0.209033 0.898327 0.000235973 0.0155904 0.0575793 0.997829 0.177418 0.921079 0.000353023 0.00919646 0.0417238 0.997083 0.175013 0.923828 0.000432193 0.0131793 0.284209 -0.324673 0.284209 -0.324673 0.284209 -0.324673 0.536587 -0.62907 0.252378 -0.304397 0.438572 -0.550535 0.438572 -0.550535 -0.114706 0.0304517 -0.114706 0.0304517 -0.614852 0.554748 -0.614852 0.554748 -0.571582 0.493541 -0.571582 0.493541 -0.335764 0.232156 -0.335764 0.232156 0.272073 -0.331414 0.272073 -0.331414 0.702629 -0.702821 0.702629 -0.702821 0.352421 -0.354633 0.701239 -0.708672 0.348818 -0.354038 0.348818 -0.354038 0.348818 -0.354038
7.66 -0 0 7.47448 -8.30405 -0 0 40.7869 -34.3132 -0 0 50.3039 -43.4031 -0 0 24.5779 -24.1444 0 -0 -5.89573 5.44432 0 -0 -34.0953 36.4555 0 -0 -31.4416 31.3357 0 -0 -14.5848 11.9182 -0 0 -2.03195 0.934114 -0 0 -2.03195 0.934114 0.00939994 1 0.307675 0.853168 0.0012525 2.4431e-08 0.00284706 1 0.374695 0.813326 0.00393395 7.32658e-11 0.000689715 1 0.532554 0.696997 0.0174421 1.99341e-07 0.000448298 0.382808 0.8051 0.38589 0.0401415 0.817876 0.00179374 7.91709e-08 0.820573 0.338667 0.0103268 1 0.0148327 4.29624e-09 0.717372 0.463703 0.00129486 1 0.0958513 0.00132881 0.471212 0.692573 0.000257785 0.994136 0.111041 0.929887 0.214292 0.894849 0.000218553 0.039491 0.0669622 0.99657 0.174828 0.92211 0.000314946 0.0140392 0.0496328 0.995544 0.170675 0.92576 0.00038092 0.0195474 0.288719 -0.327057 0.288719 -0.327057 0.288719 -0.327057 0.547116 -0.635327 0.258396 -0.30827 0.452243 -0.561891 0.452243 -0.561891 -0.0676529 0.00307753 -0.0676529 0.00307753 -0.577135 0.53741 -0.577135 0.53741 -0.579454 0.502752 -0.579454 0.502752 -0.372024 0.287204 -0.372024 0.287204 0.236677 -0.278501 0.236677 -0.278501 0.700395 -0.697811 0.700395 -0.697811 0.355512 -0.354148 0.707643 -0.707638 0.352132 -0.35349 0.352132 -0.35349 0.352132 -0.35349
7.71 -0 0 6.63174 -7.53764 -0 0 40.5593 -34.0922 -0 0 49.9691 -43.0619 -0 0 27.1105 -26.597 0 -0 -3.76942 3.15152 0 -0 -32.665 35.2279 0 -0 -32.3081 32.8534 0 -0 -15.7063 13.4169 -0 0 -2.70263 1.66704 -0 0 -2.70263 1.66704 0.0110923 1 0.297986 0.858251 0.00110126 4.48775e-08 0.00340594 1 0.361945 0.820575 0.00336304 5.50575e-11 0.000790765 1 0.517995 0.708423 0.015045 6.43648e-08 0.000431327 0.704426 0.79199 0.416363 0.041024 0.544673 0.00158749 1.7795e-07 0.823255 0.335423 0.0118399 1 0.0127036 2.81638e-09 0.73038 0.448138 0.00151265 1 0.0881564 0.000458603 0.503503 0.670883 0.000277201 0.998336 0.120221 0.838867 0.221677 0.889969 0.000203768 0.0978574 0.0772135 0.994514 0.17304 0.922876 0.000282364 0.0217223 0.0585596 0.993116 0.167026 0.927497 0.000337362 0.0293154 0.293114 -0.329313 0.293114 -0.329313 0.293114 -0.329313 0.557209 -0.64113 0.264095 -0.311817 0.464836 -0.571945 0.464836 -0.571945 0.0157108 -0.0544584 0.0157108 -0.0544584 -0.502153 0.488654 -0.502153 0.488654 -0.586929 0.511517 -0.586929 0.511517 -0.402256 0.327391 -0.402256 0.327391 0.197736 -0.234432 0.197736 -0.234432 0.688548 -0.686221 0.688548 -0.686221 0.358362 -0.35293 0.713572 -0.705005 0.355209 -0.352075 0.355209 -0.352075 0.355209 -0.352075
7.76 -0 0 3.74436 -6.47996 -0 0 38.9825 -32.6366 -0 0 50.4113 -42.3972 -0 0 30.1751 -28.9319 0 -0 -1.40034 0.858983 0 -0 -31.0663 34.125 0 -0 -32.9375 34.3633 0 -0 -16.8433 15.0623 -0 0 -3.37054 2.42285 -0 0 -3.37054 2.42285 0.0130647 1 0.288756 0.863043 0.000970941 8.30069e-08 0.00407414 1 0.349986 0.827316 0.00288258 4.37723e-11 0.000910039 1 0.503116 0.720449 0.0129635 2.26002e-08 0.000421136 0.901171 0.768209 0.457896 0.0408472 0.247405 0.00141108 4.27279e-07 0.824946 0.334265 0.0135011 1 0.0108643 2.03273e-09 0.742591 0.433623 0.00177265 1 0.0798131 0.000161217 0.531966 0.650522 0.000301539 0.999533 0.128712 0.676861 0.2328 0.882388 0.000191453 0.223417 0.0882524 0.991143 0.172215 0.923313 0.000254394 0.0339448 0.0685057 0.98927 0.164161 0.929037 0.00030021 0.0442879 0.297393 -0.331442 0.297393 -0.331442 0.297393 -0.331442 0.566874 -0.646516 0.269482 -0.315073 0.476649 -0.581142 0.476649 -0.581142 0.113589 -0.147633 0.113589 -0.147633 -0.411943 0.403253 -0.411943 0.403253 -0.593903 0.519594 -0.593903 0.519594 -0.42804 0.357423 -0.42804 0.357423 0.14622 -0.187576 0.14622 -0.187576 0.659552 -0.660819 0.659552 -0.660819 0.36083 -0.350597 0.718761 -0.699973 0.357931 -0.349376 0.357931 -0.349376 0.357931 -0.349376
7.81 -0 0 -0.19962 -4.30897 -0 0 36.6117 -30.8872 -0 0 50.1539 -41.347 -0 0 33.5613 -31.2486 -0 -0 1.09978 -1.47322 0 -0 -29.1414 32.8577 0 -0 -33.3137 35.8349 0 -0 -18.0738 16.9381 0 -0 -4.04874 3.20304 -0 0 -4.04874 3.20304 0.0153538 1 0.27998 0.867564 0.000858457 1.60564e-07 0.00487028 1 0.338668 0.833667 0.00247778 3.83106e-11 0.0010516 1 0.487144 0.733153 0.0111531 8.72932e-09 0.000419996 0.973682 0.736338 0.50077 0.0395004 0.0839898 0.00126053 1.10408e-06 0.825304 0.335242 0.0152921 0.999999 0.00928423 1.62897e-09 0.753815 0.4203 0.00208186 1 0.0713275 5.84204e-05 0.5575 0.630892 0.000331377 0.99987 0.135966 0.466618 0.250601 0.870506 0.000181655 0.431468 0.0999455 0.985583 0.172685 0.923294 0.000230327 0.0533661 0.0794315 0.983148 0.162248 0.930359 0.000268399 0.0671303 0.30156 -0.333451 0.30156 -0.333451 0.30156 -0.333451 0.576143 -0.651531 0.274583 -0.318079 0.488029 -0.589831 0.488029 -0.589831 0.198636 -0.249241 0.198636 -0.249241 -0.334075 0.308573 -0.334075 0.308573 -0.600214 0.526761 -0.600214 0.526761 -0.450454 0.380792 -0.450454 0.380792 0.076388 -0.125537 0.076388 -0.125537 0.608554 -0.612161 0.608554 -0.612161 0.362659 -0.346531 0.722744 -0.691291 0.360085 -0.34476 0.360085 -0.34476 0.360085 -0.34476
7.86 -0 0 -4.68893 -0.93706 -0 0 34.8015 -29.7081 -0 0 48.1339 -39.6978 -0 0 36.5823 -33.4009 -0 -0 3.26001 -3.51694 0 -0 -27.3141 31.4222 0 -0 -33.3811 36.9502 0 -0 -19.4131 19.0294 0 -0 -4.73041 3.99666 -0 0 -4.73041 3.99666 0.0179985 1 0.271638 0.871836 0.000761181 3.46077e-07 0.00581574 1 0.327844 0.839717 0.00213611 3.60777e-11 0.00122092 1 0.470079 0.746125 0.00957808 3.7904e-09 0.000429033 0.993853 0.702292 0.5394 0.0371948 0.0245542 0.00113247 3.04762e-06 0.824388 0.337893 0.0171862 0.999998 0.00793398 1.45382e-09 0.763975 0.408192 0.00244791 1 0.063049 2.21024e-05 0.581157 0.611358 0.000367603 0.999964 0.141172 0.274438 0.277593 0.853593 0.000174567 0.66463 0.112088 0.976406 0.175002 0.922664 0.000209595 0.0838232 0.0912438 0.973396 0.161567 0.931423 0.000241068 0.101399 0.305624 -0.335346 0.305624 -0.335346 0.305624 -0.335346 0.585065 -0.656223 0.279441 -0.320877 0.499259 -0.598205 0.499259 -0.598205 0.263565 -0.33472 0.263565 -0.33472 -0.276006 0.229279 -0.276006 0.229279 -0.605732 0.532914 -0.605732 0.532914 -0.47028 0.399861 -0.47028 0.399861 -0.00713777 -0.0446656 -0.00713777 -0.0446656 0.540575 -0.538066 0.540575 -0.538066 0.363412 -0.339782 0.724723 -0.677091 0.361311 -0.337309 0.361311 -0.337309 0.361311 -0.337309
7.91 -0 0 -8.35076 1.265 -0 0 32.4144 -28.1194 -0 0 47.6098 -38.5802 -0 0 39.5565 -35.3175 -0 0 5.0342 -5.16072 0 -0 -25.7436 29.9065 0 -0 -33.0738 37.5338 0 -0 -20.8253 21.3313 0 -0 -5.44629 4.86996 -0 0 -5.44629 4.86996 0.0210394 1 0.263707 0.875882 0.000676883 8.21854e-07 0.00693509 1 0.317412 0.845512 0.0018471 3.64992e-11 0.00142475 1 0.452412 0.758898 0.00821092 1.84319e-09 0.000448466 0.998679 0.669749 0.572543 0.0342651 0.00670755 0.00102378 8.73658e-06 0.822506 0.341669 0.019153 0.999994 0.00678522 1.40939e-09 0.773104 0.397216 0.00287906 1 0.0551956 8.86898e-06 0.603786 0.59152 0.000411482 0.99999 0.143462 0.14261 0.312872 0.832459 0.000170382 0.83871 0.124383 0.961314 0.179842 0.92129 0.000191742 0.130343 0.103779 0.957913 0.162542 0.932156 0.000217516 0.151332 0.309597 -0.337135 0.309597 -0.337135 0.309597 -0.337135 0.593699 -0.660636 0.284102 -0.323501 0.510479 -0.606319 0.510479 -0.606319 0.311965 -0.39903 0.311965 -0.39903 -0.234231 0.170484 -0.234231 0.170484 -0.610418 0.538083 -0.610418 0.538083 -0.488122 0.416186 -0.488122 0.416186 -0.0924183 0.0436289 -0.0924183 0.0436289 0.467489 -0.450176 0.467489 -0.450176 0.362384 -0.329004 0.723414 -0.654807 0.36103 -0.325803 0.36103 -0.325803 0.36103 -0.325803
7.96 -0 0 -11.1077 2.87046 -0 0 29.2507 -26.2268 -0 0 48.013 -38.3769 -0 0 41.9752 -36.9504 -0 0 7.32447 -7.89599 0 -0 -23.4427 27.3783 0 -0 -32.5728 37.8483 0 -0 -22.2616 23.7518 0 -0 -6.23996 5.86963 -0 0 -6.23996 5.86963 0.0245185 1 0.256156 0.879727 0.000603673 2.02666e-06 0.00825628 1 0.307323 0.851072 0.00160203 4.02491e-11 0.00167111 1 0.434692 0.771137 0.0070288 9.54002e-10 0.000478384 0.999731 0.640016 0.600654 0.0310266 0.00178071 0.000931562 2.61902e-05 0.819985 0.346113 0.0211614 0.999983 0.00581103 1.50967e-09 0.781308 0.387235 0.00338431 1 0.0478969 3.81448e-06 0.625738 0.571339 0.000464677 0.999997 0.142329 0.067979 0.352539 0.808783 0.000169195 0.933798 0.136424 0.936662 0.18792 0.91907 0.000176397 0.198681 0.116784 0.933467 0.165775 0.932453 0.000197177 0.221296 0.313494 -0.338826 0.313494 -0.338826 0.313494 -0.338826 0.602102 -0.664806 0.288608 -0.32598 0.521702 -0.614152 0.521702 -0.614152 0.348923 -0.446091 0.348923 -0.446091 -0.20368 0.128328 -0.20368 0.128328 -0.614312 0.542376 -0.614312 0.542376 -0.504435 0.43076 -0.504435 0.43076 -0.169676 0.12418 -0.169676 0.12418 0.398458 -0.362898 0.398458 -0.362898 0.358501 -0.312445 0.716838 -0.621208 0.358337 -0.308762 0.358337 -0.308762 0.358337 -0.308762
8.01 -0 0 -13.4334 4.49792 -0 0 26.1481 -24.2342 -0 0 48.3095 -38.4784 -0 0 43.7968 -38.2763 -0 0 10.2562 -11.1723 0 -0 -20.9534 24.3963 0 -0 -31.8376 37.5147 0 -0 -23.6023 26.0311 0 -0 -7.08793 6.95102 -0 0 -7.08793 6.95102 0.0284782 0.999999 0.24896 0.883388 0.000539945 5.15153e-06 0.00981077 1 0.297565 0.8564 0.00139373 4.86036e-11 0.00196932 1 0.417353 0.782642 0.00601133 5.0975e-10 0.000519136 0.999946 0.613289 0.624538 0.0277241 0.00047019 0.000853232 8.4462e-05 0.817089 0.350886 0.0231812 0.999949 0.00498651 1.81634e-09 0.788713 0.378107 0.00397343 1 0.0412299 1.76904e-06 0.646943 0.551037 0.000529265 0.999999 0.137839 0.0305921 0.392749 0.784156 0.000171019 0.975691 0.1477 0.897153 0.200034 0.915871 0.000163253 0.292559 0.12989 0.895501 0.172054 0.932152 0.000179594 0.313326 0.317334 -0.340427 0.317334 -0.340427 0.317334 -0.340427 0.610323 -0.668759 0.292989 -0.328332 0.532865 -0.621657 0.532865 -0.621657 0.378253 -0.480922 0.378253 -0.480922 -0.180519 0.097845 -0.180519 0.097845 -0.617504 0.54594 -0.617504 0.54594 -0.519517 0.444187 -0.519517 0.444187 -0.235016 0.189534 -0.235016 0.189534 0.336079 -0.282384 0.336079 -0.282384 0.350187 -0.28823 0.702065 -0.572969 0.351878 -0.284738 0.351878 -0.284738 0.351878 -0.284738
8.06 -0 0 -15.4733 6.11383 -0 0 23.3226 -22.2733 -0 0 48.3714 -38.5643 -0 0 45.2126 -39.3343 -0 0 13.7571 -14.6719 0 -0 -18.7224 21.5547 0 -0 -30.7228 36.3972 0 -0 -24.7101 27.9772 0 -0 -7.94714 8.06768 -0 0 -7.94714 8.06768 0.0329606 0.999997 0.242093 0.886884 0.00048434 1.34907e-05 0.0116335 1 0.288148 0.861495 0.00121623 6.40145e-11 0.00233026 1 0.400691 0.79332 0.00513949 2.79404e-10 0.000571428 0.999989 0.589379 0.64495 0.0245265 0.000125487 0.000786537 0.000300788 0.814014 0.355754 0.0251849 0.999826 0.00428929 2.43221e-09 0.795435 0.369706 0.00465696 1 0.0352363 8.94858e-07 0.66717 0.530931 0.000607752 1 0.130508 0.0133193 0.431334 0.759632 0.000175853 0.991681 0.157586 0.836526 0.217086 0.911443 0.000152068 0.409206 0.142596 0.838752 0.18229 0.931015 0.000164406 0.423887 0.321135 -0.341946 0.321135 -0.341946 0.321135 -0.341946 0.618403 -0.672515 0.297268 -0.330569 0.543883 -0.628788 0.543883 -0.628788 0.402418 -0.507401 0.402418 -0.507401 -0.162239 0.0752021 -0.162239 0.0752021 -0.620092 0.548916 -0.620092 0.548916 -0.533533 0.456805 -0.533533 0.456805 -0.288757 0.239802 -0.288757 0.239802 0.278038 -0.207637 0.278038 -0.207637 0.335312 -0.255166 0.675131 -0.508172 0.339819 -0.253006 0.339819 -0.253006 0.339819 -0.253006
8.11 -0 0 -17.3363 7.73239 -0 0 20.7154 -20.3861 -0 0 48.2091 -38.604 -0 0 46.3108 -40.2447 -0 0 16.5987 -17.774 0 -0 -16.4373 18.4313 0 -0 -29.6535 35.693 0 -0 -25.511 29.5902 0 -0 -8.77245 9.17738 -0 0 -8.77245 9.17738 0.0380059 0.999989 0.235535 0.890228 0.000435706 3.63278e-05 0.0137626 1 0.279087 0.866352 0.00106462 9.12124e-11 0.00276648 1 0.384887 0.803146 0.00439539 1.57342e-10 0.000636324 0.999998 0.567996 0.662515 0.0215383 3.41776e-05 0.000729571 0.0011738 0.810894 0.360571 0.027148 0.999351 0.00369969 3.57305e-09 0.801571 0.361935 0.00544623 1 0.0299282 4.96548e-07 0.686217 0.511323 0.00070312 1 0.121061 0.00573963 0.467629 0.735694 0.000183749 0.997259 0.165377 0.750372 0.239894 0.905366 0.000142666 0.537037 0.154267 0.759476 0.197367 0.928701 0.000151331 0.542832 0.324915 -0.343389 0.324915 -0.343389 0.324915 -0.343389 0.626374 -0.676085 0.301459 -0.332696 0.55467 -0.63551 0.55467 -0.63551 0.422951 -0.528157 0.422951 -0.528157 -0.147224 0.0577914 -0.147224 0.0577914 -0.622128 0.551406 -0.622128 0.551406 -0.546566 0.468786 -0.546566 0.468786 -0.332982 0.278278 -0.332982 0.278278 0.219903 -0.136059 0.219903 -0.136059 0.311483 -0.213822 0.631579 -0.428159 0.320096 -0.214337 0.320096 -0.214337 0.320096 -0.214337
8.16 -0 0 -19.076 9.34941 -0 0 18.2902 -18.5481 -0 0 47.8342 -38.5545 -0 0 47.1192 -41.0193 -0 0 18.9845 -20.3513 0 -0 -13.9664 15.2397 0 -0 -28.7877 35.2053 0 -0 -25.9868 30.8117 0 -0 -9.55829 10.2738 -0 0 -9.55829 10.2738 0.043652 0.999953 0.22927 0.893432 0.000393062 0.000100529 0.0162393 1 0.270402 0.87097 0.000934807 1.39615e-10 0.00329249 1 0.370036 0.812139 0.00376233 9.1209e-11 0.000715217 1 0.548842 0.677736 0.0188155 9.54741e-06 0.00068074 0.00481812 0.8078 0.365296 0.0290492 0.997407 0.00320073 5.7938e-09 0.8072 0.354717 0.0063532 1 0.0252905 2.97819e-07 0.70398 0.492433 0.000818903 1 0.110248 0.00249693 0.501733 0.712399 0.000194862 0.999109 0.170344 0.640668 0.268827 0.897061 0.000134943 0.659843 0.16416 0.658901 0.217929 0.924775 0.000140164 0.656991 0.328689 -0.344759 0.328689 -0.344759 0.328689 -0.344759 0.634261 -0.679478 0.305571 -0.334719 0.565158 -0.641805 0.565158 -0.641805 0.440805 -0.544905 0.440805 -0.544905 -0.134253 0.043815 -0.134253 0.043815 -0.623462 0.553387 -0.623462 0.553387 -0.558657 0.480209 -0.558657 0.480209 -0.370021 0.308506 -0.370021 0.308506 0.157591 -0.0668896 0.157591 -0.0668896 0.276947 -0.16694 0.568058 -0.338137 0.291111 -0.171197 0.291111 -0.171197 0.291111 -0.171197
8.21 -0 0 -20.6877 10.9194 -0 0 16.0733 -16.7929 -0 0 47.2806 -38.3882 -0 0 47.7077 -41.6496 -0 0 21.173 -22.5672 0 -0 -11.5421 12.2667 0 -0 -28.118 34.7634 0 -0 -26.109 31.5111 0 -0 -10.312 11.3454 -0 0 -10.312 11.3454 0.0499321 0.999804 0.223286 0.896505 0.000355581 0.000285151 0.0191074 1 0.262107 0.87535 0.000823392 2.27938e-10 0.00392486 1 0.356175 0.820343 0.00322503 5.46568e-11 0.000809817 1 0.531641 0.691023 0.0163795 2.75048e-06 0.000638747 0.0202422 0.804691 0.370163 0.030868 0.989281 0.00277794 1.03396e-08 0.812382 0.348005 0.00739036 1 0.0212864 1.9066e-07 0.720449 0.474391 0.000959281 1 0.0987415 0.00111659 0.533961 0.689548 0.000209492 0.999707 0.171865 0.517925 0.303536 0.885893 0.000128866 0.764525 0.171507 0.545035 0.244203 0.91875 0.000130761 0.755753 0.332464 -0.34605 0.332464 -0.34605 0.332464 -0.34605 0.642077 -0.68269 0.309613 -0.33664 0.575299 -0.647668 0.575299 -0.647668 0.45659 -0.558756 0.45659 -0.558756 -0.12165 0.031625 -0.12165 0.031625 -0.623117 0.554364 -0.623117 0.554364 -0.569836 0.491104 -0.569836 0.491104 -0.401822 0.333246 -0.401822 0.333246 0.0892248 -0.00139184 0.0892248 -0.00139184 0.231774 -0.118545 0.484417 -0.24553 0.252643 -0.126986 0.252643 -0.126986 0.252643 -0.126986
8.26 -0 0 -22.1752 12.4218 -0 0 14.0831 -15.167 -0 0 46.6212 -38.1478 -0 0 48.1375 -42.1502 -0 0 23.1333 -24.5026 0 -0 -9.3062 8.94587 0 -0 -27.6685 33.8908 0 -0 -25.9032 31.6612 0 -0 -11.0382 12.3678 -0 0 -11.0382 12.3678 0.0568734 0.999188 0.21758 0.899451 0.000322555 0.000825488 0.0224123 1 0.25421 0.879497 0.000727538 3.93442e-10 0.00468237 1 0.3433 0.827817 0.0027697 3.39744e-11 0.000922138 1 0.516126 0.702746 0.0142288 8.21294e-07 0.000602613 0.0823655 0.801152 0.37639 0.0325729 0.955924 0.00241908 2.00532e-08 0.817154 0.341801 0.00857046 1 0.017864 1.28412e-07 0.735675 0.457247 0.0011292 1 0.0871066 0.000521795 0.564564 0.666848 0.000228118 0.9999 0.169559 0.397258 0.342938 0.871337 0.000124466 0.845201 0.175618 0.430217 0.275918 0.910156 0.000123034 0.833924 0.336211 -0.347233 0.336211 -0.347233 0.336211 -0.347233 0.649801 -0.685696 0.31359 -0.338462 0.585068 -0.65311 0.585068 -0.65311 0.470716 -0.57045 0.470716 -0.57045 -0.104686 0.0181088 -0.104686 0.0181088 -0.616835 0.551982 -0.616835 0.551982 -0.580143 0.501484 -0.580143 0.501484 -0.429804 0.35441 -0.429804 0.35441 0.0158028 0.0585557 0.0158028 0.0585557 0.178375 -0.0724401 0.384696 -0.157351 0.206321 -0.0849111 0.206321 -0.0849111 0.206321 -0.0849111
8.31 -0 0 -23.5655 13.8806 -0 0 12.3996 -13.754 -0 0 45.9732 -37.9596 -0 0 48.4031 -42.4986 -0 0 24.872 -26.2196 0 -0 -7.00256 5.37345 0 -0 -27.2584 32.423 0 -0 -25.579 31.5139 0 -0 -11.7233 13.2846 -0 0 -11.7233 13.2846 0.0644954 0.996647 0.212164 0.902258 0.000293388 0.00242789 0.0262002 1 0.246718 0.883417 0.000644872 7.10021e-10 0.00558613 1 0.331375 0.834628 0.00238415 2.18815e-11 0.00105454 1 0.501959 0.713353 0.0123475 2.55367e-07 0.000571892 0.277163 0.795474 0.388243 0.0340772 0.836634 0.00211393 4.19856e-08 0.821487 0.336276 0.00990561 1 0.0149626 9.01653e-08 0.749738 0.441 0.00133449 1 0.0757906 0.000257355 0.593664 0.644031 0.000251432 0.999964 0.163403 0.291285 0.385448 0.853106 0.00012183 0.902405 0.175998 0.325842 0.312315 0.898601 0.000116937 0.891301 0.339767 -0.348213 0.339767 -0.348213 0.339767 -0.348213 0.657278 -0.688401 0.317511 -0.340188 0.594458 -0.658146 0.594458 -0.658146 0.483478 -0.580506 0.483478 -0.580506 -0.0694266 -0.00595978 -0.0694266 -0.00595978 -0.591012 0.537522 -0.591012 0.537522 -0.589616 0.511341 -0.589616 0.511341 -0.454925 0.373261 -0.454925 0.373261 -0.0596122 0.111697 -0.0596122 0.111697 0.120749 -0.0311563 0.275929 -0.078333 0.15518 -0.0471767 0.15518 -0.0471767 0.15518 -0.0471767
8.36 -0 0 -24.861 15.1796 -0 0 10.8383 -12.432 -0 0 45.4294 -37.4991 -0 0 48.6819 -42.577 -0 0 26.5401 -27.8041 0 -0 -4.59399 1.88238 0 -0 -26.5413 30.5076 0 -0 -25.5843 31.5961 0 -0 -12.326 14.0216 -0 0 -12.326 14.0216 0.0728062 0.986389 0.207096 0.904856 0.000267574 0.00720063 0.0305171 1 0.239632 0.887117 0.000573408 1.32505e-09 0.00665964 1 0.320335 0.840859 0.0020577 1.46263e-11 0.00120989 1 0.488527 0.723575 0.0107103 8.33441e-08 0.000547352 0.605763 0.783058 0.413363 0.0351407 0.558497 0.00185407 9.49786e-08 0.825176 0.331977 0.0114045 1 0.0125192 6.64573e-08 0.762714 0.425638 0.00158204 1 0.0651278 0.000132712 0.621264 0.62093 0.000280386 0.999986 0.153761 0.206268 0.429323 0.831199 0.000121091 0.940268 0.172448 0.238785 0.352256 0.883806 0.000112463 0.930785 0.342437 -0.348689 0.342437 -0.348689 0.342437 -0.348689 0.663821 -0.690508 0.321384 -0.341819 0.60348 -0.662802 0.60348 -0.662802 0.49514 -0.589344 0.49514 -0.589344 0.00277548 -0.0603677 0.00277548 -0.0603677 -0.527252 0.491539 -0.527252 0.491539 -0.598281 0.520614 -0.598281 0.520614 -0.477794 0.390617 -0.477794 0.390617 -0.133429 0.157839 -0.133429 0.157839 0.0630674 0.00429185 0.165704 -0.010461 0.102636 -0.0147528 0.102636 -0.0147528 0.102636 -0.0147528
8.41 -0 -0 -25.8773 15.6957 -0 -0 7.04718 -10.9004 -0 0 43.3792 -35.9218 -0 0 49.6348 -42.2932 -0 0 28.8351 -29.4254 0 -0 -2.12528 -1.33812 0 -0 -25.3633 27.9935 0 -0 -26.2441 31.7666 0 -0 -12.9514 14.7117 -0 -0 -12.9514 14.7117 0.081797 0.947461 0.202558 0.906963 0.000244709 0.0208971 0.0354068 1 0.232955 0.890592 0.00051148 2.55539e-09 0.0079289 1 0.31007 0.846617 0.00178109 1.04848e-11 0.00139214 1 0.474809 0.734257 0.00928609 2.89647e-08 0.000531584 0.853362 0.759376 0.452155 0.0353898 0.252031 0.00163284 2.31447e-07 0.827778 0.329671 0.0130665 1 0.0104722 5.23584e-08 0.774651 0.411188 0.00187984 1 0.0553465 6.95201e-05 0.647307 0.597509 0.000316239 0.999994 0.141332 0.142424 0.472981 0.80588 0.000122438 0.964097 0.165117 0.170732 0.394399 0.865633 0.000109643 0.956672 0.341556 -0.347784 0.341556 -0.347784 0.341556 -0.347784 0.666774 -0.691143 0.325218 -0.343359 0.61216 -0.667108 0.61216 -0.667108 0.506011 -0.597365 0.506011 -0.597365 0.100396 -0.152258 0.100396 -0.152258 -0.437317 0.407114 -0.437317 0.407114 -0.606114 0.529155 -0.606114 0.529155 -0.498781 0.406989 -0.498781 0.406989 -0.202735 0.197687 -0.202735 0.197687 0.00857525 0.0340971 0.0601472 0.0465425 0.051572 0.0124454 0.051572 0.0124454 0.051572 0.0124454
8.46 -0 -0 -26.5311 15.6932 -0 -0 1.84012 -8.13699 -0 0 40.1999 -33.8853 -0 0 49.8119 -41.553 -0 0 31.719 -31.2382 0 -0 0.588582 -4.46381 0 -0 -23.7945 24.9486 0 -0 -27.0855 31.4738 0 -0 -13.7213 15.3652 0 -0 -13.7213 15.3652 0.0914262 0.825062 0.199028 0.907646 0.000224523 0.0562055 0.0409092 1 0.226706 0.893802 0.000457692 5.28587e-09 0.00942272 1 0.300428 0.852015 0.00154638 8.42071e-12 0.00160706 1 0.459996 0.745695 0.00804416 1.08893e-08 0.000527496 0.957329 0.727323 0.495127 0.0346198 0.0859233 0.00144493 6.11138e-07 0.828955 0.329609 0.0148785 1 0.00876409 4.47286e-08 0.78556 0.397703 0.00223706 1 0.0465799 3.61707e-05 0.671717 0.573849 0.000360617 0.999998 0.127021 0.0957826 0.515196 0.777589 0.000126126 0.978751 0.154488 0.118918 0.437407 0.844061 0.000108551 0.973285 0.32882 -0.343284 0.32882 -0.343284 0.32882 -0.343284 0.657841 -0.688089 0.329021 -0.344806 0.620541 -0.671098 0.620541 -0.671098 0.516452 -0.60492 0.516452 -0.60492 0.191994 -0.253497 0.191994 -0.253497 -0.35287 0.312529 -0.35287 0.312529 -0.613043 0.536785 -0.613043 0.536785 -0.518095 0.422673 -0.518095 0.422673 -0.265909 0.232469 -0.265909 0.232469 -0.0409254 0.059183 -0.0371791 0.0944093 0.00374621 0.0352263 0.00374621 0.0352263 0.00374621 0.0352263
8.51 -0 -0 -27.0356 15.7961 -0 -0 -3.79422 -4.1439 -0 0 37.4666 -32.2854 -0 0 48.1109 -40.1651 -0 0 34.4513 -33.1129 -0 -0 3.25938 -7.48031 0 -0 -21.8578 21.6745 0 -0 -27.2276 30.8118 0 -0 -14.678 16.309 0 -0 -14.678 16.309 0.101585 0.57385 0.197545 0.904834 0.000206974 0.134838 0.0470574 1 0.220947 0.896603 0.000410894 1.25221e-08 0.0111732 1 0.291265 0.85713 0.00134682 7.44571e-12 0.00186241 1 0.444088 0.757584 0.00695918 4.54695e-09 0.000536341 0.989171 0.693207 0.534956 0.0329363 0.0255806 0.0012858 1.74992e-06 0.828796 0.331415 0.0168169 0.999999 0.00734342 4.22271e-08 0.79545 0.385215 0.00266406 1 0.03888 1.90291e-05 0.694432 0.550114 0.000415592 0.999999 0.111791 0.062461 0.555139 0.746871 0.000132505 0.98766 0.141305 0.0802993 0.480088 0.819189 0.000109317 0.983843 0.289301 -0.330599 0.289301 -0.330599 0.289301 -0.330599 0.622095 -0.676741 0.332794 -0.346142 0.628671 -0.674794 0.628671 -0.674794 0.52676 -0.612222 0.52676 -0.612222 0.263803 -0.338825 0.263803 -0.338825 -0.287856 0.233138 -0.287856 0.233138 -0.61902 0.543416 -0.61902 0.543416 -0.535853 0.43782 -0.535853 0.43782 -0.32239 0.263481 -0.32239 0.263481 -0.0847813 0.0806827 -0.124817 0.135351 -0.040036 0.0546684 -0.040036 0.0546684 -0.040036 0.0546684
8.56 -0 -0 -27.6037 16.1283 -0 -0 -8.4865 -1.24274 -0 0 34.2218 -30.2302 -0 0 47.6462 -39.2064 -0 0 37.1657 -34.8791 -0 -0 6.05133 -10.3348 0 -0 -19.7029 18.4634 0 -0 -26.8152 29.6689 0 -0 -15.5038 17.1796 0 -0 -15.5038 17.1796 0.11203 0.299767 0.199903 0.896626 0.000192272 0.276815 0.0538721 1 0.215825 0.898731 0.000370163 3.35982e-08 0.0132156 1 0.282491 0.861988 0.00117674 7.26188e-12 0.00216771 1 0.427586 0.769454 0.00601197 2.10841e-09 0.000558147 0.997462 0.66079 0.569378 0.0306095 0.0071637 0.00115128 5.4064e-06 0.827631 0.334519 0.0188528 0.999998 0.00616451 4.42281e-08 0.804361 0.373703 0.00317236 1 0.032234 1.04526e-05 0.715426 0.526513 0.000483778 0.999999 0.0965308 0.0396083 0.592319 0.714347 0.000142054 0.992993 0.126468 0.0526803 0.521472 0.791259 0.000112146 0.990454 0.220155 -0.302883 0.220155 -0.302883 0.220155 -0.302883 0.556678 -0.650208 0.336524 -0.347325 0.636588 -0.678181 0.636588 -0.678181 0.537082 -0.619341 0.537082 -0.619341 0.317162 -0.403109 0.317162 -0.403109 -0.241029 0.174147 -0.241029 0.174147 -0.624065 0.549072 -0.624065 0.549072 -0.552126 0.452493 -0.552126 0.452493 -0.372206 0.291826 -0.372206 0.291826 -0.122971 0.0996334 -0.202455 0.171458 -0.0794839 0.0718244 -0.0794839 0.0718244 -0.0794839 0.0718244
8.61 0 -0 -28.2422 16.6164 0 -0 -12.0486 0.975186 -0 0 30.1158 -27.7841 -0 0 48.0368 -39.0053 -0 0 39.8355 -36.5373 -0 0 9.07468 -13.1458 0 -0 -17.2529 15.1746 0 -0 -25.96 28.0715 0 -0 -16.1303 17.8079 0 -0 -16.1303 17.8079 0.122308 0.129034 0.208157 0.883615 0.00018062 0.467897 0.0613536 1 0.2116 0.89998 0.000334759 9.58441e-08 0.0155886 1 0.274087 0.866562 0.00103144 7.93341e-12 0.00253404 1 0.41104 0.780927 0.00518736 1.04006e-09 0.000592778 0.999443 0.631364 0.598538 0.0279238 0.00194779 0.00103753 1.81854e-05 0.8258 0.338416 0.0209558 0.999993 0.00518756 5.19105e-08 0.812363 0.36311 0.00377473 1 0.0265827 6.12747e-06 0.734713 0.503266 0.000568453 1 0.081959 0.0246721 0.626504 0.680689 0.000155419 0.996068 0.110905 0.033894 0.560825 0.760685 0.000117334 0.994437 0.142804 -0.255552 0.142804 -0.255552 0.142804 -0.255552 0.482974 -0.603841 0.34017 -0.348289 0.644291 -0.681212 0.644291 -0.681212 0.547429 -0.626253 0.547429 -0.626253 0.357166 -0.45018 0.357166 -0.45018 -0.207317 0.131785 -0.207317 0.131785 -0.628255 0.55386 -0.628255 0.55386 -0.566977 0.466703 -0.566977 0.466703 -0.41568 0.318298 -0.41568 0.318298 -0.155784 0.11682 -0.270332 0.204351 -0.114548 0.0875313 -0.114548 0.0875313 -0.114548 0.0875313
8.66 0 -0 -28.9474 17.3178 0 -0 -15.0232 3.2569 -0 0 26.0976 -25.1637 -0 0 48.1483 -38.995 -0 0 42.112 -38.0454 -0 0 12.0686 -15.884 0 -0 -14.6926 11.886 0 -0 -24.7807 26.1302 0 -0 -16.4771 18.0895 0 -0 -16.4771 18.0895 0.13175 0.051047 0.22324 0.867864 0.000171963 0.655398 0.0694703 1 0.208564 0.900353 0.000304049 2.88026e-07 0.0183328 1 0.26609 0.870811 0.000907044 9.78397e-12 0.00297411 1 0.394885 0.79176 0.0044723 5.32989e-10 0.000640422 0.999883 0.605089 0.623209 0.0251117 0.000521847 0.000941158 6.65546e-05 0.823572 0.342728 0.0230955 0.99997 0.00437837 6.84776e-08 0.819546 0.353353 0.00448521 1 0.021837 3.8914e-06 0.75234 0.48058 0.000673706 1 0.0685823 0.0153127 0.657646 0.646558 0.000173465 0.997783 0.0954593 0.0216801 0.597657 0.728011 0.000125296 0.99675 0.0769022 -0.192714 0.0769022 -0.192714 0.0769022 -0.192714 0.420563 -0.541696 0.343661 -0.348982 0.651734 -0.68384 0.651734 -0.68384 0.557738 -0.632896 0.557738 -0.632896 0.38816 -0.484994 0.38816 -0.484994 -0.18236 0.101148 -0.18236 0.101148 -0.6317 0.557916 -0.6317 0.557916 -0.580471 0.480437 -0.580471 0.480437 -0.45335 0.343409 -0.45335 0.343409 -0.183724 0.132783 -0.329122 0.235179 -0.145398 0.102396 -0.145398 0.102396 -0.145398 0.102396
8.71 0 -0 -29.7203 18.1706 0 -0 -17.6388 5.56826 -0 -0 22.3576 -22.5483 -0 0 47.8602 -38.9179 -0 0 43.9159 -39.3545 -0 0 14.898 -18.4755 0 -0 -12.1303 8.69435 0 -0 -23.3741 23.9701 0 -0 -16.537 18.0182 0 -0 -16.537 18.0182 0.139614 0.0195876 0.244267 0.85106 0.000166048 0.797929 0.0781522 1 0.206904 0.900001 0.000277453 9.11897e-07 0.0214896 1 0.25857 0.874704 0.000800328 1.35738e-11 0.00350242 1 0.379418 0.801821 0.00385483 2.8293e-10 0.000701703 0.999976 0.581737 0.644185 0.0223397 0.000139379 0.000859254 0.000262456 0.821143 0.347191 0.0252435 0.999868 0.00370789 1.01149e-07 0.826002 0.344345 0.00531911 1 0.0178925 2.70178e-06 0.768387 0.458636 0.000804611 1 0.0566952 0.00961653 0.685826 0.612543 0.000197339 0.998722 0.0808096 0.0139956 0.631688 0.693856 0.000136603 0.998064 0.0274575 -0.125459 0.0274575 -0.125459 0.0274575 -0.125459 0.374369 -0.474847 0.346911 -0.349388 0.658842 -0.686046 0.658842 -0.686046 0.567909 -0.639197 0.567909 -0.639197 0.413088 -0.511407 0.413088 -0.511407 -0.163173 0.0784266 -0.163173 0.0784266 -0.634504 0.561379 -0.634504 0.561379 -0.592686 0.493673 -0.592686 0.493673 -0.485878 0.367455 -0.485878 0.367455 -0.207414 0.147868 -0.379778 0.264687 -0.172364 0.11682 -0.172364 0.11682 -0.172364 0.11682
8.76 0 -0 -30.539 19.0926 0 -0 -19.9897 7.82931 0 -0 18.9535 -20.0397 -0 0 47.2114 -38.6998 -0 0 45.2548 -40.4463 -0 0 17.487 -20.8683 0 -0 -9.64085 5.66706 0 -0 -21.8211 21.6958 0 -0 -16.3413 17.6376 0 -0 -16.3413 17.6376 0.145286 0.00743592 0.269256 0.834186 0.00016257 0.889333 0.087291 0.999999 0.206623 0.899108 0.000254431 3.03131e-06 0.0250996 1 0.2516 0.878233 0.000708607 2.09791e-11 0.00413541 1 0.364826 0.811053 0.00332371 1.56245e-10 0.000777656 0.999995 0.560984 0.662137 0.0197155 3.75265e-05 0.000789374 0.00109902 0.818645 0.351635 0.0273738 0.999398 0.00315173 1.65989e-07 0.83182 0.336004 0.00629298 1 0.0146406 2.05956e-06 0.782953 0.437576 0.000967433 1 0.0464103 0.00619532 0.711205 0.57914 0.000228555 0.999234 0.0674295 0.00924214 0.662817 0.658861 0.000152027 0.998805 -0.00828523 -0.0639787 -0.00828523 -0.0639787 -0.00828523 -0.0639787 0.341564 -0.413505 0.349849 -0.349526 0.665542 -0.687845 0.665542 -0.687845 0.577841 -0.645101 0.577841 -0.645101 0.433817 -0.532045 0.433817 -0.532045 -0.14781 0.0610102 -0.14781 0.0610102 -0.636726 0.564347 -0.636726 0.564347 -0.603709 0.506386 -0.603709 0.506386 -0.513955 0.390581 -0.513955 0.390581 -0.227493 0.162269 -0.423355 0.293299 -0.195862 0.13103 -0.195862 0.13103 -0.195862 0.13103
8.81 0 -0 -31.3763 20.0192 0 -0 -22.1223 9.98728 0 -0 15.8949 -17.7012 -0 0 46.2944 -38.3512 -0 0 46.1719 -41.3269 -0 0 19.7923 -23.0365 0 -0 -7.27841 2.84381 0 -0 -20.1878 19.3879 0 -0 -15.936 17.0095 0 -0 -15.936 17.0095 0.148413 0.00281192 0.296141 0.817752 0.000161249 0.942117 0.0967497 0.999993 0.207577 0.897837 0.000234491 1.0513e-05 0.0292002 1 0.245235 0.881409 0.000629621 3.56579e-11 0.00489154 1 0.351214 0.819455 0.00286837 9.02252e-11 0.000869684 0.999999 0.542508 0.677605 0.0173006 1.02907e-05 0.0007295 0.00479632 0.816144 0.356008 0.0294635 0.997176 0.0026896 2.99462e-07 0.837079 0.328255 0.00742457 1 0.0119766 1.72469e-06 0.796149 0.417505 0.00116986 1 0.0377035 0.00413898 0.733987 0.546741 0.000269103 0.999517 0.0555884 0.00631037 0.691073 0.623636 0.000172606 0.999227 -0.0345683 -0.0133745 -0.0345683 -0.0133745 -0.0345683 -0.0133745 0.317864 -0.362809 0.352432 -0.349434 0.671784 -0.689273 0.671784 -0.689273 0.58745 -0.650572 0.58745 -0.650572 0.451517 -0.548626 0.451517 -0.548626 -0.134828 0.0470686 -0.134828 0.0470686 -0.63821 0.566774 -0.63821 0.566774 -0.613635 0.518561 -0.613635 0.518561 -0.538229 0.412829 -0.538229 0.412829 -0.244556 0.17608 -0.460876 0.321199 -0.21632 0.145118 -0.21632 0.145118 -0.21632 0.145118
8.86 0 -0 -32.2005 20.9034 0 -0 -24.0586 12.008 0 -0 13.1762 -15.5624 -0 0 45.2163 -37.9099 -0 0 46.7329 -42.0125 -0 0 21.8064 -24.9749 0 -0 -5.0746 0.243792 0 -0 -18.5238 17.1058 0 -0 -15.3689 16.1984 0 -0 -15.3689 16.1984 0.148924 0.00106251 0.323297 0.802008 0.000161866 0.970638 0.106374 0.999958 0.209548 0.89632 0.000217194 3.77321e-05 0.0338237 1 0.239499 0.884253 0.000561464 6.57013e-11 0.00579136 1 0.338626 0.827058 0.002479 5.46637e-11 0.00097952 1 0.526015 0.691028 0.015123 2.90031e-06 0.000677997 0.021209 0.813568 0.360551 0.0314897 0.986637 0.00230476 5.86842e-07 0.841849 0.321043 0.00873262 1 0.00980412 1.5829e-06 0.808089 0.398487 0.00142129 1 0.0304606 0.00288994 0.754395 0.515643 0.000321577 0.999677 0.0453798 0.00448948 0.716572 0.588737 0.000199724 0.999472 -0.0548407 0.0256482 -0.0548407 0.0256482 -0.0548407 0.0256482 0.299808 -0.323507 0.354649 -0.349156 0.677551 -0.690376 0.677551 -0.690376 0.596673 -0.655596 0.596673 -0.655596 0.466932 -0.562271 0.466932 -0.562271 -0.122336 0.0347646 -0.122336 0.0347646 -0.6379 0.567988 -0.6379 0.567988 -0.622562 0.530185 -0.622562 0.530185 -0.559273 0.434184 -0.559273 0.434184 -0.259114 0.189327 -0.493252 0.348407 -0.234138 0.15908 -0.234138 0.15908 -0.234138 0.15908
8.91 0 -0 -32.9892 21.7326 0 -0 -25.8133 13.8856 0 -0 10.8094 -13.6523 -0 0 44.0894 -37.4305 -0 0 47.0078 -42.5085 -0 0 23.5611 -26.6992 0 -0 -3.04339 -2.13044 0 -0 -16.8659 14.8903 0 -0 -14.6837 15.2621 0 -0 -14.6837 15.2621 0.14699 0.000402157 0.349652 0.787061 0.000164257 0.985402 0.116006 0.999758 0.212309 0.894653 0.00020216 0.000138952 0.0389953 1 0.234392 0.886795 0.000502522 1.29308e-10 0.00685743 1 0.327065 0.83391 0.00214663 3.47784e-11 0.00110921 1 0.511214 0.702801 0.0131881 8.46769e-07 0.000633654 0.0891139 0.810332 0.36658 0.0334172 0.939083 0.00198344 1.23367e-06 0.846168 0.31437 0.0102366 1 0.00803809 1.58546e-06 0.818888 0.380558 0.0017331 1 0.0245182 0.00211946 0.772653 0.486056 0.000389347 0.99977 0.0367659 0.0033448 0.739486 0.55464 0.000235219 0.999617 -0.0714143 0.0546764 -0.0714143 0.0546764 -0.0714143 0.0546764 0.285087 -0.294052 0.356501 -0.348728 0.68284 -0.691198 0.68284 -0.691198 0.605471 -0.660176 0.605471 -0.660176 0.480551 -0.573725 0.480551 -0.573725 -0.105067 0.0199283 -0.105067 0.0199283 -0.631086 0.564592 -0.631086 0.564592 -0.630584 0.541253 -0.630584 0.541253 -0.577575 0.454605 -0.577575 0.454605 -0.271591 0.201998 -0.521256 0.374848 -0.249665 0.17285 -0.249665 0.17285 -0.249665 0.17285
8.96 0 -0 -33.7292 22.5155 0 -0 -27.4057 15.6508 0 -0 8.96786 -12.1082 -0 0 43.1084 -37.0558 -0 0 47.0241 -42.7471 -0 0 25.1526 -28.2552 0 -0 -1.19722 -4.28447 0 -0 -15.2531 12.7747 0 -0 -13.9214 14.2519 0 -0 -13.9214 14.2519 0.142936 0.000152867 0.374592 0.772947 0.000168313 0.992836 0.125491 0.998612 0.215653 0.892902 0.000189058 0.000520967 0.0447315 1 0.229889 0.889067 0.000451431 2.67097e-10 0.00811419 1 0.316499 0.840078 0.00186321 2.31454e-11 0.00126115 1 0.497702 0.713405 0.0114864 2.58373e-07 0.000596012 0.3 0.803975 0.378725 0.0351476 0.767744 0.00171444 2.74783e-06 0.849995 0.308408 0.0119554 0.999999 0.00660506 1.72305e-06 0.82865 0.363733 0.00211896 1 0.0196946 0.00163696 0.78898 0.458115 0.000476761 0.999825 0.0296228 0.00261653 0.760016 0.521732 0.000281511 0.999704 -0.0856979 0.0759836 -0.0856979 0.0759836 -0.0856979 0.0759836 0.272238 -0.272182 0.357936 -0.348166 0.687603 -0.691759 0.687603 -0.691759 0.613833 -0.664329 0.613833 -0.664329 0.492727 -0.583511 0.492727 -0.583511 -0.0677174 -0.0106372 -0.0677174 -0.0106372 -0.602851 0.543906 -0.602851 0.543906 -0.637782 0.551745 -0.637782 0.551745 -0.593544 0.474047 -0.593544 0.474047 -0.282334 0.21407 -0.545538 0.400401 -0.263204 0.186331 -0.263204 0.186331 -0.263204 0.186331
9.01 0 -0 -34.4386 23.2732 0 -0 -28.8443 17.1772 0 -0 7.54615 -10.8816 -0 0 42.4198 -36.4026 -0 0 47.0039 -42.5537 -0 0 26.8308 -29.7367 0 -0 0.463094 -6.2209 0 -0 -13.7242 10.7944 0 -0 -13.1197 13.2148 0 -0 -13.1197 13.2148 0.137174 5.84795e-05 0.397826 0.759657 0.000173969 0.996515 0.134689 0.992233 0.219425 0.891067 0.000177613 0.00196946 0.0510383 1 0.225953 0.891098 0.000407035 5.67131e-10 0.00958781 1 0.306858 0.845646 0.00162158 1.61146e-11 0.00143842 1 0.484685 0.723621 0.00999814 8.36303e-08 0.000566269 0.635963 0.788794 0.404741 0.0364126 0.432545 0.00148875 6.40371e-06 0.853076 0.303719 0.013904 0.999998 0.0054431 2.01645e-06 0.837461 0.348038 0.00259517 1 0.0158101 0.00133204 0.803579 0.431897 0.000589398 0.999858 0.0237803 0.00215023 0.778376 0.490306 0.000341777 0.999757 -0.0985004 0.0917004 -0.0985004 0.0917004 -0.0985004 0.0917004 0.260036 -0.255699 0.358536 -0.3474 0.691428 -0.692003 0.691428 -0.692003 0.621768 -0.668083 0.621768 -0.668083 0.503778 -0.592059 0.503778 -0.592059 0.00821161 -0.0796807 0.00821161 -0.0796807 -0.535 0.483537 -0.535 0.483537 -0.644205 0.561592 -0.644205 0.561592 -0.607517 0.492469 -0.607517 0.492469 -0.291621 0.225516 -0.566637 0.424936 -0.275015 0.199421 -0.275015 0.199421 -0.275015 0.199421
9.06 0 -0 -35.1304 23.9738 0 -0 -29.9743 17.8207 0 -0 3.94699 -9.57471 -0 0 40.264 -34.6736 -0 0 47.4768 -41.8877 -0 0 29.1662 -31.2945 0 -0 2.23194 -8.02646 0 -0 -12.1556 8.9065 0 -0 -12.2676 12.1627 0 -0 -12.2676 12.1627 0.130135 2.25338e-05 0.41927 0.747146 0.000181198 0.998315 0.143474 0.959079 0.223558 0.88891 0.000167605 0.00727919 0.0579104 1 0.222539 0.892912 0.000368357 1.2253e-09 0.0113061 1 0.298014 0.850724 0.00141549 1.2126e-11 0.00164552 1 0.471027 0.7343 0.0086975 2.93187e-08 0.000547374 0.870917 0.762149 0.444014 0.0368122 0.160867 0.00129932 1.55356e-05 0.854979 0.301029 0.0160858 0.999993 0.00450083 2.52749e-06 0.845373 0.333529 0.00318085 1 0.0126995 0.00114156 0.816637 0.40743 0.000734361 0.999877 0.019052 0.00185575 0.794778 0.46057 0.000420158 0.999789 -0.110265 0.103522 -0.110265 0.103522 -0.110265 0.103522 0.245716 -0.242552 0.35598 -0.346074 0.692007 -0.691582 0.692007 -0.691582 0.629307 -0.671474 0.629307 -0.671474 0.514075 -0.599781 0.514075 -0.599781 0.107554 -0.180983 0.107554 -0.180983 -0.442986 0.389943 -0.442986 0.389943 -0.649836 0.570633 -0.649836 0.570633 -0.619773 0.509837 -0.619773 0.509837 -0.299683 0.236315 -0.585007 0.448335 -0.285325 0.212021 -0.285325 0.212021 -0.285325 0.212021
9.11 0 -0 -35.6249 24.4611 0 -0 -30.7504 18.0321 0 -0 -1.03154 -6.82986 -0 0 37.3232 -32.8489 -0 0 46.779 -40.7078 -0 0 31.8959 -32.9971 -0 -0 4.19724 -9.84944 0 -0 -10.5354 7.0407 0 -0 -11.3815 11.092 0 -0 -11.3815 11.092 0.12223 8.78726e-06 0.438969 0.735264 0.000190007 0.999183 0.15173 0.820746 0.228214 0.885179 0.000158915 0.0251015 0.0653305 1 0.219601 0.894489 0.000334576 2.80641e-09 0.0132987 1 0.289799 0.855431 0.00123946 1.0177e-11 0.00188911 1 0.456159 0.745687 0.00755825 1.13381e-08 0.00054148 0.963632 0.729607 0.486649 0.0361422 0.0477746 0.00114051 3.95234e-05 0.855536 0.300513 0.0184887 0.999978 0.00373613 3.39176e-06 0.852414 0.32027 0.00389798 1 0.0102179 0.00103024 0.828317 0.384711 0.000920632 0.999887 0.0152554 0.00168204 0.809425 0.43265 0.000522026 0.999805 -0.121224 0.11269 -0.121224 0.11269 -0.121224 0.11269 0.219062 -0.230206 0.340286 -0.342897 0.679369 -0.689212 0.679369 -0.689212 0.6365 -0.674544 0.6365 -0.674544 0.524004 -0.607029 0.524004 -0.607029 0.198262 -0.278933 0.198262 -0.278933 -0.359116 0.298894 -0.359116 0.298894 -0.654626 0.578696 -0.654626 0.578696 -0.630539 0.526124 -0.630539 0.526124 -0.306703 0.246455 -0.601032 0.470506 -0.294329 0.224051 -0.294329 0.224051 -0.294329 0.224051
9.16 0 -0 -35.6761 25.096 0 -0 -31.4164 18.6186 0 -0 -6.34464 -3.06917 -0 0 35.0119 -31.3094 -0 0 44.81 -39.039 -0 0 34.3777 -34.6613 -0 -0 6.19507 -11.6823 0 -0 -8.91023 5.20787 0 -0 -10.4875 10.0266 0 -0 -10.4875 10.0266 0.113822 3.52615e-06 0.457079 0.723528 0.000200465 0.999601 0.159315 0.499693 0.234141 0.876274 0.000151687 0.0787387 0.0732684 1 0.217122 0.895669 0.000305015 7.30284e-09 0.0155974 1 0.282072 0.859847 0.00108883 9.30055e-12 0.00217779 1 0.44036 0.757443 0.00655899 4.95386e-09 0.000548738 0.990881 0.696919 0.5258 0.0345177 0.0129942 0.00100751 0.000105811 0.854955 0.301772 0.021088 0.999929 0.00311475 4.86201e-06 0.858622 0.308283 0.00477137 0.999999 0.00824216 0.000977606 0.838766 0.363711 0.00115947 0.99989 0.0122241 0.00159883 0.822506 0.406607 0.000654295 0.999811 -0.131502 0.120108 -0.131502 0.120108 -0.131502 0.120108 0.157843 -0.213857 0.289345 -0.333965 0.631418 -0.680979 0.631418 -0.680979 0.64341 -0.677321 0.64341 -0.677321 0.533832 -0.614008 0.533832 -0.614008 0.268233 -0.356056 0.268233 -0.356056 -0.295661 0.227968 -0.295661 0.227968 -0.658565 0.585699 -0.658565 0.585699 -0.64 0.541311 -0.64 0.541311 -0.312835 0.255934 -0.615033 0.491384 -0.302198 0.23545 -0.302198 0.23545 -0.302198 0.23545
9.21 0 -0 -35.2017 26.24 0 -0 -32.2917 20.0678 0 -0 -10.7689 -0.118069 -0 0 32.1619 -29.3215 -0 0 44.1211 -37.8778 -0 0 36.8531 -36.1913 -0 -0 8.34431 -13.4832 0 -0 -7.15596 3.38267 0 -0 -9.54103 8.95031 0 -0 -9.54103 8.95031 0.105211 1.491e-06 0.47392 0.710978 0.000212771 0.999808 0.16597 0.198573 0.243482 0.8592 0.000146435 0.215328 0.0816789 1 0.21517 0.896118 0.00027915 2.12912e-08 0.0182358 1 0.274745 0.863995 0.000959619 9.35086e-12 0.00252172 1 0.424209 0.769107 0.00568357 2.42085e-09 0.000568515 0.997855 0.666587 0.559562 0.0322142 0.0034259 0.000896049 0.000298092 0.853558 0.304266 0.0238514 0.999762 0.00260889 7.43849e-06 0.864058 0.297529 0.00582856 0.999999 0.00667032 0.00097431 0.848113 0.344378 0.00146484 0.999886 0.00981235 0.0015921 0.834195 0.38245 0.000825804 0.999806 -0.141181 0.12649 -0.141181 0.12649 -0.141181 0.12649 0.0617657 -0.183639 0.202947 -0.310129 0.547939 -0.657685 0.547939 -0.657685 0.650085 -0.679785 0.650085 -0.679785 0.54366 -0.620785 0.54366 -0.620785 0.319762 -0.412866 0.319762 -0.412866 -0.250389 0.176713 -0.250389 0.176713 -0.661692 0.591667 -0.661692 0.591667 -0.64831 0.555403 -0.64831 0.555403 -0.318203 0.264758 -0.627284 0.510938 -0.309081 0.24618 -0.309081 0.24618 -0.309081 0.24618
9.26 0 -0 -34.3031 27.1658 0 -0 -33.4427 22.2184 0 -0 -14.2452 2.48605 -0 0 28.3481 -26.8795 -0 0 44.4072 -37.493 -0 0 39.3334 -37.6216 -0 0 10.7002 -15.3173 0 -0 -5.22648 1.48983 0 -0 -8.51314 7.81969 0 -0 -8.51314 7.81969 0.0966157 6.78624e-07 0.490106 0.696836 0.000227323 0.999909 0.171136 0.0622795 0.260359 0.836564 0.000143651 0.464069 0.0904938 1 0.213992 0.895637 0.000256583 6.65426e-08 0.0212487 1 0.267796 0.867849 0.000848536 1.04935e-11 0.00293243 1 0.408225 0.780318 0.00491908 1.26645e-09 0.00060033 0.999521 0.639241 0.588181 0.0295192 0.000894859 0.000802459 0.000891184 0.851623 0.307544 0.0267429 0.999188 0.0021961 1.22167e-05 0.868804 0.287926 0.00709965 0.999997 0.00541931 0.00102145 0.856475 0.326643 0.00185391 0.999876 0.00789737 0.00166359 0.844647 0.360144 0.00104777 0.99979 -0.150361 0.132436 -0.150361 0.132436 -0.150361 0.132436 -0.0342475 -0.126138 0.116114 -0.258574 0.463923 -0.606442 0.463923 -0.606442 0.656534 -0.681879 0.656534 -0.681879 0.553475 -0.627334 0.553475 -0.627334 0.358167 -0.45455 0.358167 -0.45455 -0.217952 0.13996 -0.217952 0.13996 -0.664064 0.596669 -0.664064 0.596669 -0.655606 0.568425 -0.655606 0.568425 -0.322911 0.272942 -0.638018 0.529161 -0.315106 0.256219 -0.315106 0.256219 -0.315106 0.256219
9.31 0 -0 -33.2161 27.5146 0 -0 -34.7314 24.6839 0 -0 -17.2885 5.47855 -0 0 24.4301 -24.0536 -0 0 44.5121 -37.2947 -0 0 41.5856 -38.9384 -0 0 13.1097 -17.1627 0 -0 -3.21456 -0.436571 0 -0 -7.43137 6.65092 0 -0 -7.43137 6.65092 0.0881739 3.36122e-07 0.506554 0.68103 0.000244688 0.999957 0.173846 0.0179507 0.287989 0.812341 0.000143461 0.729537 0.0996069 1 0.214019 0.894325 0.000236963 2.24639e-07 0.0246705 1 0.261258 0.871375 0.000752836 1.33585e-11 0.00342292 1 0.392781 0.790851 0.00425427 6.9206e-10 0.000644132 0.999897 0.614813 0.612428 0.0266695 0.00023382 0.000723623 0.00283202 0.849341 0.311297 0.0297245 0.997152 0.00185829 2.15868e-05 0.872942 0.279368 0.00861698 0.999994 0.00442231 0.00112746 0.863957 0.31042 0.00234758 0.999858 0.00637769 0.00182567 0.854002 0.339625 0.00133428 0.999761 -0.159214 0.138372 -0.159214 0.138372 -0.159214 0.138372 -0.110814 -0.0405368 0.0483996 -0.178908 0.398839 -0.526811 0.398839 -0.526811 0.662698 -0.683561 0.662698 -0.683561 0.563202 -0.633593 0.563202 -0.633593 0.387778 -0.48579 0.387778 -0.48579 -0.193869 0.112939 -0.193869 0.112939 -0.665664 0.60071 -0.665664 0.60071 -0.662006 0.580425 -0.662006 0.580425 -0.327045 0.280509 -0.647427 0.546075 -0.320382 0.265565 -0.320382 0.265565 -0.320382 0.265565
9.36 0 -0 -31.9016 26.6143 0 -0 -36.0478 26.8919 0 -0 -20.0811 8.48262 0 -0 20.6541 -21.2185 -0 0 44.2372 -37.0675 -0 0 43.4155 -40.103 -0 0 15.3574 -18.9364 0 -0 -1.25145 -2.31737 0 -0 -6.34466 5.48594 0 -0 -6.34466 5.48594 0.0799508 1.81925e-07 0.524016 0.66389 0.000265547 0.999979 0.173141 0.00502875 0.323846 0.788643 0.000145778 0.893691 0.108863 1 0.215576 0.892408 0.00021995 8.23926e-07 0.0285334 1 0.255206 0.874558 0.000670228 1.9329e-11 0.00400782 1 0.378119 0.800588 0.00367863 3.93559e-10 0.0007003 0.999978 0.593023 0.633078 0.0238373 6.15911e-05 0.000656973 0.00946853 0.846781 0.315409 0.0327569 0.989822 0.0015809 4.09119e-05 0.876553 0.27175 0.0104147 0.999988 0.00362606 0.00130893 0.870657 0.295617 0.00297092 0.999828 0.00517103 0.00210221 0.862385 0.320812 0.00170288 0.999715 -0.167967 0.144527 -0.167967 0.144527 -0.167967 0.144527 -0.16898 0.0519608 -0.00101215 -0.0925665 0.351743 -0.440227 0.351743 -0.440227 0.668459 -0.684834 0.668459 -0.684834 0.572749 -0.639497 0.572749 -0.639497 0.411496 -0.509894 0.411496 -0.509894 -0.17477 0.0918911 -0.17477 0.0918911 -0.666162 0.603438 -0.666162 0.603438 -0.667613 0.591467 -0.667613 0.591467 -0.330673 0.28749 -0.655672 0.56172 -0.324999 0.27423 -0.324999 0.27423 -0.324999 0.27423
9.41 0 -0 -30.3896 25.0312 0 -0 -37.2552 28.6443 0 -0 -22.6171 11.2843 0 -0 17.2079 -18.5409 -0 0 43.6759 -36.7525 -0 0 44.8279 -41.0719 -0 0 17.3757 -20.565 0 -0 0.594816 -4.08116 0 -0 -5.29112 4.36794 0 -0 -5.29112 4.36794 0.071986 1.08292e-07 0.542627 0.645832 0.000290675 0.999988 0.16872 0.00139822 0.362115 0.766221 0.000150494 0.963534 0.118071 0.999998 0.218621 0.890097 0.000205214 3.24911e-06 0.0328645 1 0.249717 0.877406 0.000598783 3.14212e-11 0.00470342 1 0.364383 0.809487 0.00318219 2.3331e-10 0.000769592 0.999995 0.573539 0.650801 0.0211364 1.6499e-05 0.000600464 0.0324008 0.843756 0.320137 0.0357963 0.963801 0.00135229 8.24889e-05 0.879699 0.26498 0.012528 0.999972 0.00298837 0.00159307 0.876662 0.282134 0.00375375 0.999781 0.00421147 0.0025316 0.869905 0.303608 0.00217519 0.999643 -0.176817 0.150982 -0.176817 0.150982 -0.176817 0.150982 -0.214665 0.131049 -0.0378479 -0.0199327 0.316799 -0.367112 0.316799 -0.367112 0.673705 -0.685732 0.673705 -0.685732 0.582022 -0.644998 0.582022 -0.644998 0.431158 -0.529042 0.431158 -0.529042 -0.157261 0.0729081 -0.157261 0.0729081 -0.66412 0.603211 -0.66412 0.603211 -0.672517 0.601625 -0.672517 0.601625 -0.333852 0.293918 -0.662884 0.576153 -0.329031 0.282235 -0.329031 0.282235 -0.329031 0.282235
9.46 0 -0 -28.8054 23.2754 0 -0 -38.295 30.0048 0 -0 -24.8796 13.8425 0 -0 14.2033 -16.1106 -0 0 42.9756 -36.3555 -0 0 45.9116 -41.8085 -0 0 19.2071 -22.0353 0 -0 2.30319 -5.69688 0 -0 -4.29396 3.32279 0 -0 -4.29396 3.32279 0.0643291 7.09947e-08 0.562031 0.627241 0.000320968 0.999993 0.161009 0.000390756 0.398731 0.745235 0.000157562 0.98817 0.127035 0.999989 0.222851 0.887552 0.00019245 1.35662e-05 0.0376839 1 0.244833 0.879942 0.00053687 5.64241e-11 0.00552775 1 0.351642 0.817559 0.00275546 1.44539e-10 0.000853117 0.999999 0.555976 0.666194 0.0186333 4.53907e-06 0.000552631 0.106836 0.839339 0.326791 0.0387789 0.879664 0.00116313 0.000175221 0.882409 0.259026 0.0149922 0.999934 0.002476 0.00202325 0.882047 0.269876 0.00473096 0.99971 0.00344665 0.00317391 0.876659 0.287911 0.00277754 0.999535 -0.185848 0.157722 -0.185848 0.157722 -0.185848 0.157722 -0.252522 0.191266 -0.0666743 0.0335439 0.289387 -0.312964 0.289387 -0.312964 0.678372 -0.686307 0.678372 -0.686307 0.590944 -0.650068 0.590944 -0.650068 0.447922 -0.544657 0.447922 -0.544657 -0.135169 0.0488802 -0.135169 0.0488802 -0.654614 0.594408 -0.654614 0.594408 -0.676784 0.610972 -0.676784 0.610972 -0.336628 0.299832 -0.669165 0.589441 -0.332537 0.289609 -0.332537 0.289609 -0.332537 0.289609
9.51 0 -0 -27.2945 21.662 0 -0 -39.1611 31.0848 0 -0 -26.8849 16.2071 0 -0 11.8855 -14.1286 -0 0 42.3472 -36.026 -0 0 46.6961 -42.2142 -0 0 20.9871 -23.3983 0 -0 3.87321 -7.16303 0 -0 -3.37161 2.3655 0 -0 -3.37161 2.3655 0.0570467 5.09548e-08 0.581727 0.608438 0.000357465 0.999995 0.150823 0.000110884 0.432101 0.725625 0.000167012 0.996216 0.135576 0.999924 0.227909 0.884888 0.000181386 5.91586e-05 0.0430032 1 0.24056 0.882195 0.0004831 1.09557e-10 0.00650055 1 0.339907 0.824848 0.00238958 9.35278e-11 0.000952392 1 0.539777 0.679903 0.0163593 1.29842e-06 0.000512854 0.297638 0.83091 0.339172 0.0415692 0.674534 0.00100604 0.000388389 0.884617 0.254002 0.0178402 0.999838 0.00206279 0.00266708 0.886877 0.258758 0.00594284 0.9996 0.00283529 0.00412073 0.882735 0.27362 0.00354164 0.999372 -0.19503 0.164685 -0.19503 0.164685 -0.19503 0.164685 -0.285359 0.235627 -0.0903287 0.0709418 0.266671 -0.274751 0.266671 -0.274751 0.682455 -0.686614 0.682455 -0.686614 0.599465 -0.654703 0.599465 -0.654703 0.462557 -0.557696 0.462557 -0.557696 -0.0952872 0.00552633 -0.0952872 0.00552633 -0.625251 0.563729 -0.625251 0.563729 -0.680447 0.61956 -0.680447 0.61956 -0.33903 0.305271 -0.674585 0.601657 -0.335555 0.296386 -0.335555 0.296386 -0.335555 0.296386
9.56 0 -0 -25.9204 20.2416 0 -0 -39.9 32.0008 0 -0 -28.6831 18.3595 0 -0 10.5155 -12.7926 -0 0 42.1388 -35.7004 -0 0 47.1711 -42.1087 -0 0 22.8841 -24.7372 0 -0 5.29989 -8.48118 0 -0 -2.54752 1.51421 0 -0 -2.54752 1.51421 0.0502108 3.96275e-08 0.601258 0.589686 0.000401393 0.999996 0.139047 3.21959e-05 0.461968 0.70727 0.000178951 0.998783 0.143548 0.9995 0.233491 0.882178 0.000171786 0.000266638 0.0488237 1 0.236869 0.884197 0.000436296 2.22176e-10 0.00764323 1 0.329123 0.831434 0.00207638 6.26245e-11 0.0010696 1 0.524059 0.692773 0.0143198 3.93788e-07 0.000481712 0.590951 0.814678 0.363073 0.0438662 0.38525 0.000875151 0.000889741 0.886112 0.250298 0.0210971 0.999591 0.00172822 0.00362621 0.891197 0.248724 0.00743507 0.999431 0.00234492 0.00550574 0.888205 0.260642 0.00450507 0.999127 -0.204267 0.171791 -0.204267 0.171791 -0.204267 0.171791 -0.314739 0.268786 -0.110473 0.0969952 0.247 -0.24777 0.247 -0.24777 0.685963 -0.68669 0.685963 -0.68669 0.607565 -0.658914 0.607565 -0.658914 0.475645 -0.568861 0.475645 -0.568861 -0.0235737 -0.06961 -0.0235737 -0.06961 -0.562552 0.499372 -0.562552 0.499372 -0.68348 0.62738 -0.68348 0.62738 -0.341073 0.31027 -0.679179 0.612871 -0.338106 0.3026 -0.338106 0.3026 -0.338106 0.3026
9.61 0 -0 -24.6995 18.965 0 -0 -40.6002 32.8274 0 -0 -30.1835 19.7413 0 -0 7.96701 -11.5858 -0 0 41.0666 -34.519 -0 0 47.7928 -41.5601 -0 0 25.185 -26.1367 0 -0 6.72213 -9.69543 0 -0 -1.77866 0.748929 0 -0 -1.77866 0.748929 0.0438843 3.30119e-08 0.62027 0.571195 0.0004542 0.999997 0.126476 9.59457e-06 0.48858 0.690045 0.000193556 0.999603 0.150839 0.996781 0.23938 0.87945 0.000163445 0.00121049 0.055137 1 0.233709 0.885981 0.000395456 4.61031e-10 0.008979 1 0.319175 0.837426 0.00180849 4.44158e-11 0.00120806 1 0.507885 0.705675 0.0125022 1.29387e-07 0.00046047 0.826717 0.790126 0.399026 0.0452228 0.167837 0.00076591 0.00209211 0.886645 0.248435 0.0247711 0.998956 0.0014562 0.00505508 0.895027 0.239759 0.00925824 0.999171 0.0019501 0.00752601 0.893133 0.248891 0.00571181 0.99876 -0.213428 0.178955 -0.213428 0.178955 -0.213428 0.178955 -0.341506 0.294537 -0.128078 0.115583 0.229262 -0.22811 0.229262 -0.22811 0.68876 -0.686516 0.68876 -0.686516 0.615252 -0.662729 0.615252 -0.662729 0.487704 -0.578731 0.487704 -0.578731 0.0703532 -0.164217 0.0703532 -0.164217 -0.476534 0.414081 -0.476534 0.414081 -0.685764 0.63433 -0.685764 0.63433 -0.34275 0.314856 -0.682938 0.623142 -0.340188 0.308286 -0.340188 0.308286 -0.340188 0.308286
9.66 0 -0 -23.5723 17.7552 0 -0 -41.2129 33.3365 0 -0 -31.2445 20.2528 0 -0 3.10284 -9.17268 -0 0 38.4231 -32.7769 -0 0 47.9168 -40.739 -0 0 27.8266 -27.6552 0 -0 8.28815 -10.931 0 -0 -0.998397 -0.000504813 0 -0 -0.998397 -0.000504813 0.0381118 2.91685e-08 0.638513 0.553128 0.000517601 0.999998 0.113753 2.9384e-06 0.512325 0.673829 0.000211072 0.999868 0.157369 0.980332 0.245471 0.876591 0.000156197 0.00525961 0.0619238 1 0.231023 0.887575 0.000359728 1.00488e-09 0.0105331 1 0.309914 0.842944 0.00157929 3.47299e-11 0.00137247 1 0.490871 0.71898 0.0108864 4.65801e-08 0.000449761 0.941354 0.760988 0.440095 0.0453214 0.0624781 0.000674659 0.00506115 0.886148 0.248623 0.0288454 0.997308 0.0012341 0.00721101 0.898378 0.231875 0.0114667 0.998768 0.00163091 0.0105039 0.897573 0.238303 0.00721231 0.998205 -0.222388 0.186097 -0.222388 0.186097 -0.222388 0.186097 -0.366112 0.315478 -0.143724 0.12938 0.211759 -0.212831 0.211759 -0.212831 0.68974 -0.685835 0.68974 -0.685835 0.622564 -0.666192 0.622564 -0.666192 0.499168 -0.587767 0.499168 -0.587767 0.160527 -0.2539 0.160527 -0.2539 -0.393356 0.332473 -0.393356 0.332473 -0.687048 0.640216 -0.687048 0.640216 -0.344026 0.319041 -0.685792 0.632511 -0.341767 0.31347 -0.341767 0.31347 -0.341767 0.31347
9.71 0 -0 -22.4009 16.6688 0 -0 -41.5753 33.5477 0 -0 -32.0112 20.6496 0 -0 -2.41 -5.32473 -0 0 36.1221 -31.4651 -0 0 46.4943 -39.4266 -0 0 30.2522 -29.1573 -0 -0 9.91166 -12.2081 0 -0 -0.218065 -0.745709 0 -0 -0.218065 -0.745709 0.0329154 2.72243e-08 0.655828 0.535607 0.000593624 0.999998 0.101361 9.32424e-07 0.533602 0.658466 0.000231813 0.999954 0.163078 0.89523 0.251904 0.8728 0.000149941 0.021274 0.0691554 1 0.228753 0.888983 0.00032839 2.47158e-09 0.0123329 1 0.301213 0.848093 0.001383 2.9598e-11 0.00156884 1 0.473243 0.732493 0.00945313 1.8649e-08 0.000449281 0.982615 0.7311 0.479708 0.0441662 0.0215037 0.000598374 0.0125981 0.884738 0.250707 0.0332779 0.99299 0.001052 0.0105105 0.901265 0.225088 0.0141168 0.998133 0.00137175 0.014945 0.901566 0.228834 0.0090633 0.997355 -0.231037 0.193151 -0.231037 0.193151 -0.231037 0.193151 -0.388808 0.333267 -0.157771 0.140116 0.188015 -0.199049 0.188015 -0.199049 0.6828 -0.683503 0.6828 -0.683503 0.629555 -0.669346 0.629555 -0.669346 0.510321 -0.596268 0.510321 -0.596268 0.23298 -0.326758 0.23298 -0.326758 -0.326784 0.266397 -0.326784 0.266397 -0.686809 0.644719 -0.686809 0.644719 -0.344824 0.322824 -0.687582 0.64099 -0.342759 0.318166 -0.342759 0.318166 -0.342759 0.318166
9.76 0 -0 -20.7435 15.5098 0 -0 -41.6381 33.9558 0 -0 -32.7545 21.3391 0 -0 -7.38104 -1.79606 -0 0 34.2494 -29.8457 -0 0 45.3848 -38.2153 -0 0 32.4117 -30.5113 -0 -0 11.4912 -13.4482 0 -0 0.551563 -1.47114 0 -0 0.551563 -1.47114 0.0282949 2.70743e-08 0.672123 0.518709 0.000684664 0.999998 0.0896284 3.10308e-07 0.552812 0.643563 0.000256187 0.999983 0.16788 0.617759 0.259559 0.86485 0.000144768 0.0779341 0.076793 1 0.226878 0.890102 0.000300843 6.96083e-09 0.0144079 1 0.292986 0.852935 0.00121463 2.73507e-11 0.0018043 1 0.455465 0.745817 0.00818652 8.34049e-09 0.00045838 0.995203 0.702566 0.515058 0.0419979 0.00713656 0.000534516 0.031888 0.882539 0.254548 0.0380031 0.981678 0.000902054 0.0156129 0.903711 0.219408 0.017264 0.997121 0.0011604 0.0216176 0.905147 0.220469 0.0113269 0.996041 -0.23929 0.200059 -0.23929 0.200059 -0.23929 0.200059 -0.409751 0.34896 -0.170461 0.1489 0.13716 -0.181471 0.13716 -0.181471 0.64732 -0.675336 0.64732 -0.675336 0.636279 -0.672224 0.636279 -0.672224 0.521292 -0.604373 0.521292 -0.604373 0.287344 -0.382434 0.287344 -0.382434 -0.276179 0.215642 -0.276179 0.215642 -0.683822 0.64715 -0.683822 0.64715 -0.345011 0.326188 -0.688024 0.648558 -0.343013 0.32237 -0.343013 0.32237 -0.343013 0.32237
9.81 0 -0 -17.0719 13.1134 0 -0 -41.2132 34.9191 0 -0 -33.7109 22.7692 0 -0 -11.2197 0.598683 -0 0 31.2779 -28.1031 -0 0 45.759 -37.7228 -0 0 34.5495 -31.7115 -0 0 13.1441 -14.6639 0 -0 1.37248 -2.21133 0 -0 1.37248 -2.21133 0.0242315 3.03974e-08 0.687371 0.502438 0.000793548 0.999998 0.0787579 1.10249e-07 0.570452 0.62817 0.000284794 0.999994 0.171542 0.258863 0.271294 0.847758 0.000141208 0.239503 0.0847854 1 0.225484 0.890599 0.000276616 2.13967e-08 0.0167894 1 0.285193 0.857484 0.00106993 2.75839e-11 0.00208708 1 0.437978 0.758605 0.00707324 4.05176e-09 0.00047654 0.998736 0.676158 0.54579 0.0391362 0.00233661 0.000480999 0.0800821 0.879499 0.260504 0.0429264 0.952729 0.000778057 0.0235973 0.905738 0.214873 0.0209597 0.99549 0.000987258 0.0317307 0.908344 0.21323 0.0140687 0.993988 -0.24709 0.206783 -0.24709 0.206783 -0.24709 0.206783 -0.429073 0.363305 -0.181983 0.156521 0.0430343 -0.147797 0.0430343 -0.147797 0.56733 -0.649784 0.56733 -0.649784 0.642769 -0.674816 0.642769 -0.674816 0.532098 -0.612116 0.532098 -0.612116 0.327993 -0.424567 0.327993 -0.424567 -0.234419 0.174873 -0.234419 0.174873 -0.675134 0.645767 -0.675134 0.645767 -0.344365 0.329092 -0.686643 0.655138 -0.342278 0.326046 -0.342278 0.326046 -0.342278 0.326046
9.86 0 -0 -10.5477 8.83138 0 -0 -40.2909 36.0811 0 -0 -34.9599 25.1875 0 -0 -14.2991 3.06829 -0 0 27.8754 -25.9658 -0 0 46.6043 -37.7288 -0 0 36.6416 -32.7967 -0 0 14.909 -15.9102 0 -0 2.24284 -2.98328 0 -0 2.24284 -2.98328 0.0206915 4.40897e-08 0.7016 0.486704 0.000923649 0.999997 0.0688396 4.27878e-08 0.587294 0.6113 0.000318597 0.999998 0.173418 0.0767568 0.292718 0.822728 0.000140007 0.532718 0.0930596 1 0.224904 0.890138 0.000255373 6.94771e-08 0.0195097 1 0.277838 0.861706 0.000945343 3.06646e-11 0.00242658 1 0.421111 0.770638 0.00610068 2.05777e-09 0.000503566 0.999679 0.651936 0.57252 0.0358792 0.000763735 0.000436195 0.189515 0.875144 0.270055 0.0478992 0.883596 0.000675083 0.0362469 0.907348 0.211617 0.0252456 0.99282 0.000844773 0.0471974 0.911173 0.207194 0.0173548 0.990737 -0.254404 0.213309 -0.254404 0.213309 -0.254404 0.213309 -0.446943 0.376928 -0.192539 0.163619 -0.062683 -0.0810032 -0.062683 -0.0810032 0.474666 -0.59038 0.474666 -0.59038 0.649011 -0.677054 0.649011 -0.677054 0.542696 -0.619471 0.542696 -0.619471 0.359244 -0.456969 0.359244 -0.456969 -0.191083 0.13618 -0.191083 0.13618 -0.65434 0.636419 -0.65434 0.636419 -0.342508 0.331444 -0.682647 0.660553 -0.340139 0.329109 -0.340139 0.329109 -0.340139 0.329109
9.91 0 -0 -6.03498 4.78133 0 -0 -38.872 35.7128 0 -0 -36.4176 27.9132 0 -0 -17.0583 5.79118 -0 0 24.5321 -23.7144 -0 0 47.3799 -37.8511 -0 0 38.5369 -33.7051 -0 0 16.7533 -17.1926 0 -0 3.12169 -3.76105 0 -0 3.12169 -3.76105 0.0176318 8.15887e-08 0.714902 0.471375 0.00107904 0.999996 0.059874 1.85162e-08 0.604321 0.592853 0.000358964 0.999999 0.172393 0.0200389 0.326847 0.794981 0.000141552 0.802967 0.1015 1 0.225685 0.888735 0.000236838 2.40931e-07 0.0226005 1 0.270974 0.865556 0.000837897 3.78546e-11 0.00283359 1 0.405071 0.781809 0.00525611 1.07728e-09 0.000539643 0.999921 0.629567 0.596219 0.0324638 0.00025142 0.000398993 0.385828 0.868243 0.286239 0.0526617 0.743417 0.000589221 0.0563399 0.908494 0.209972 0.0301449 0.988398 0.000726989 0.0708207 0.913638 0.202528 0.0212464 0.985534 -0.261229 0.219646 -0.261229 0.219646 -0.261229 0.219646 -0.463621 0.390301 -0.202391 0.170655 -0.150458 0.0152542 -0.150458 0.0152542 0.399016 -0.501175 0.399016 -0.501175 0.654912 -0.678871 0.654912 -0.678871 0.553021 -0.626395 0.553021 -0.626395 0.384231 -0.482597 0.384231 -0.482597 -0.133818 0.0889315 -0.133818 0.0889315 -0.611679 0.61129 -0.611679 0.61129 -0.338823 0.33306 -0.674768 0.66445 -0.335946 0.33139 -0.335946 0.33139 -0.335946 0.33139
9.96 0 -0 -2.77579 1.50934 0 -0 -37.1548 34.3307 0 -0 -37.8572 30.3625 0 -0 -19.6111 8.62221 -0 0 21.7854 -21.7114 -0 0 48.142 -38.1659 -0 0 40.0361 -34.2903 -0 0 18.7126 -18.5137 0 -0 3.98664 -4.51887 0 -0 3.98664 -4.51887 0.0150036 1.74232e-07 0.72742 0.456356 0.00126465 0.999994 0.051809 9.0625e-09 0.622091 0.573333 0.000407602 1 0.16762 0.00502877 0.368295 0.767599 0.000145912 0.936301 0.109941 1 0.228147 0.88662 0.000220735 8.95656e-07 0.0260914 1 0.264684 0.869013 0.000745094 5.14052e-11 0.00332037 1 0.389958 0.792107 0.00452657 5.7752e-10 0.000585404 0.999981 0.608432 0.617987 0.0290568 8.44264e-05 0.000368872 0.624543 0.856858 0.312085 0.0567835 0.532745 0.000517381 0.0878414 0.909044 0.210532 0.0356473 0.981033 0.0006292 0.106284 0.91572 0.199529 0.0257914 0.977169 -0.267586 0.225819 -0.267586 0.225819 -0.267586 0.225819 -0.47941 0.403677 -0.211824 0.177858 -0.217608 0.111698 -0.217608 0.111698 0.343195 -0.411657 0.343195 -0.411657 0.660319 -0.680246 0.660319 -0.680246 0.563003 -0.632852 0.563003 -0.632852 0.405043 -0.503559 0.405043 -0.503559 -0.0566554 0.0230467 -0.0566554 0.0230467 -0.542377 0.562092 -0.542377 0.562092 -0.332343 0.333589 -0.661096 0.666178 -0.328752 0.332589 -0.328752 0.332589 -0.328752 0.332589
10.01 0 -0 0.38023 -1.51254 0 -0 -35.3894 32.7121 0 -0 -39.1237 32.4487 0 -0 -22.0031 11.4951 0 -0 19.8101 -20.2335 -0 0 48.9766 -38.6361 -0 0 41.0003 -34.4106 -0 0 20.8178 -19.8783 0 -0 4.85015 -5.25716 0 -0 4.85015 -5.25716 0.0127566 4.14814e-07 0.739289 0.441605 0.00148642 0.999988 0.044586 5.02254e-09 0.640416 0.553325 0.000466528 1 0.159216 0.00125328 0.409904 0.74168 0.000153092 0.981884 0.118188 0.999998 0.232132 0.884026 0.000206785 3.58389e-06 0.0300073 1 0.259037 0.872087 0.000664818 7.46569e-11 0.0039009 1 0.375781 0.801586 0.00389909 3.11283e-10 0.000642047 0.999995 0.587761 0.638754 0.0257649 2.95024e-05 0.000345792 0.814018 0.839603 0.347062 0.0597283 0.317826 0.00045713 0.135739 0.908793 0.214066 0.0416887 0.968784 0.000547682 0.157743 0.917363 0.198659 0.0310117 0.963758 -0.273515 0.231853 -0.273515 0.231853 -0.273515 0.231853 -0.494542 0.417126 -0.221028 0.185273 -0.269785 0.189264 -0.269785 0.189264 0.30163 -0.340964 0.30163 -0.340964 0.66511 -0.681206 0.66511 -0.681206 0.572585 -0.638824 0.572585 -0.638824 0.423082 -0.521336 0.423082 -0.521336 0.0309608 -0.0612106 0.0309608 -0.0612106 -0.455959 0.489991 -0.455959 0.489991 -0.321699 0.33244 -0.639017 0.664641 -0.317318 0.332202 -0.317318 0.332202 -0.317318 0.332202
10.06 0 -0 3.56483 -4.61966 0 -0 -33.7707 30.9505 0 -0 -40.3659 34.2787 0 -0 -24.007 13.3107 0 -0 14.7008 -17.9951 -0 0 47.4384 -37.5201 -0 0 42.2885 -34.4219 -0 0 23.1264 -21.269 0 -0 5.76923 -6.00378 0 -0 5.76923 -6.00378 0.0108421 1.09782e-06 0.750604 0.427127 0.00175148 0.999974 0.0381591 3.11699e-09 0.65877 0.533314 0.00053813 1 0.148022 0.000313757 0.448138 0.717483 0.000163166 0.99514 0.126054 0.999987 0.237251 0.88114 0.000194718 1.48888e-05 0.0343668 1 0.254055 0.874811 0.000595263 1.16152e-10 0.0045911 1 0.362487 0.810335 0.00336112 1.77456e-10 0.000711467 0.999999 0.566957 0.658963 0.0226534 1.08527e-05 0.00032983 0.921668 0.817047 0.386964 0.0610789 0.163486 0.00040655 0.205028 0.907534 0.221358 0.0481288 0.948596 0.000479485 0.228724 0.918468 0.200559 0.0368844 0.942466 -0.279061 0.237764 -0.279061 0.237764 -0.279061 0.237764 -0.509116 0.430611 -0.230056 0.192847 -0.312019 0.246646 -0.312019 0.246646 0.269306 -0.290399 0.269306 -0.290399 0.66924 -0.681801 0.66924 -0.681801 0.581735 -0.644319 0.581735 -0.644319 0.439315 -0.536943 0.439315 -0.536943 0.113227 -0.151187 0.113227 -0.151187 -0.367508 0.407738 -0.367508 0.407738 -0.305185 0.328698 -0.605425 0.658134 -0.30024 0.329436 -0.30024 0.329436 -0.30024 0.329436
10.11 0 -0 6.2365 -7.31372 0 -0 -32.0561 28.6836 0 -0 -41.3916 35.3737 0 -0 -25.657 14.7392 0 -0 8.84894 -14.4911 -0 0 45.1894 -36.2476 -0 0 42.5414 -34.1285 -0 0 25.4087 -22.6383 0 -0 6.75201 -6.78683 0 -0 6.75201 -6.78683 0.00921508 3.1673e-06 0.761417 0.412952 0.00206827 0.99994 0.0324899 2.15093e-09 0.676662 0.513655 0.000625236 1 0.135091 7.95105e-05 0.482126 0.694982 0.000176296 0.99871 0.133382 0.999915 0.243118 0.878093 0.000184287 6.19489e-05 0.0391812 1 0.249711 0.877226 0.000534883 2.04195e-10 0.00540911 1 0.349992 0.818445 0.00290087 1.10976e-10 0.000796302 1 0.545832 0.678599 0.0197643 4.22664e-06 0.000320861 0.970659 0.791199 0.427436 0.0607099 0.0761963 0.000364111 0.298316 0.905086 0.233197 0.054734 0.9159 0.000422275 0.32019 0.918874 0.206026 0.0433186 0.909241 -0.284267 0.24356 -0.284267 0.24356 -0.284267 0.24356 -0.523129 0.444043 -0.238862 0.200483 -0.347538 0.288816 -0.347538 0.288816 0.242969 -0.254941 0.242969 -0.254941 0.672722 -0.682089 0.672722 -0.682089 0.590449 -0.649364 0.590449 -0.649364 0.454391 -0.551031 0.454391 -0.551031 0.18132 -0.233594 0.18132 -0.233594 -0.284809 0.327909 -0.284809 0.327909 -0.281109 0.32102 -0.557398 0.644127 -0.276288 0.323107 -0.276288 0.323107 -0.276288 0.323107
10.16 0 -0 8.38806 -9.38136 0 -0 -30.2369 26.32 0 -0 -42.0836 35.8363 0 -0 -27.0478 16.0385 0 -0 2.89219 -10.0303 -0 0 43.5305 -35.3622 -0 0 41.3972 -33.2134 -0 0 27.3629 -23.8114 0 -0 7.76401 -7.5817 0 -0 7.76401 -7.5817 0.00783512 9.66602e-06 0.771747 0.399121 0.0024468 0.999849 0.0275374 1.651e-09 0.693746 0.494596 0.000731215 1 0.121391 2.07053e-05 0.512044 0.674069 0.00019275 0.999647 0.140051 0.999479 0.249423 0.874975 0.000175273 0.000255479 0.0444535 1 0.24595 0.879377 0.000482355 4.26589e-10 0.00637547 1 0.33822 0.825988 0.0025076 7.49888e-11 0.00089992 1 0.524548 0.697446 0.0171242 1.78187e-06 0.000318568 0.989816 0.764102 0.466 0.0587722 0.0335254 0.000328586 0.412117 0.901228 0.250383 0.0611664 0.864812 0.000374207 0.428011 0.918345 0.215926 0.0501295 0.859128 -0.289168 0.249233 -0.289168 0.249233 -0.289168 0.249233 -0.536527 0.457313 -0.247359 0.208079 -0.378263 0.320743 -0.378263 0.320743 0.220634 -0.229555 0.220634 -0.229555 0.675587 -0.682117 0.675587 -0.682117 0.598747 -0.653994 0.598747 -0.653994 0.46871 -0.563977 0.46871 -0.563977 0.234481 -0.302275 0.234481 -0.302275 -0.20808 0.255157 -0.20808 0.255157 -0.248548 0.307551 -0.493557 0.619133 -0.245009 0.311582 -0.245009 0.311582 -0.245009 0.311582
10.21 0 -0 10.3481 -11.3285 0 -0 -28.4953 24.0585 0 -0 -42.6793 36.2499 0 -0 -28.3743 17.1796 0 -0 -1.61982 -7.5724 -0 0 40.5355 -34.1156 -0 0 42.5664 -33.2108 -0 0 29.0791 -24.7057 -0 -0 8.75131 -8.32434 0 -0 8.75131 -8.32434 0.0066664 3.05712e-05 0.781596 0.385681 0.00289875 0.999605 0.0232529 1.4014e-09 0.709821 0.476298 0.000860074 1 0.107692 5.59869e-06 0.538361 0.654616 0.000212889 0.999899 0.145978 0.996887 0.255951 0.871826 0.000167484 0.00103914 0.0501788 1 0.242703 0.881308 0.000436548 1.01443e-09 0.00751325 1 0.327114 0.833019 0.00217175 5.44826e-11 0.00102644 1 0.503417 0.715295 0.0147477 8.05986e-07 0.000322617 0.996617 0.737101 0.501893 0.0555764 0.0143899 0.00029901 0.535149 0.895605 0.27354 0.0669897 0.790166 0.000333833 0.54231 0.916541 0.231027 0.0570201 0.788083 -0.293788 0.254766 -0.293788 0.254766 -0.293788 0.254766 -0.549246 0.47031 -0.255458 0.215544 -0.405326 0.34598 -0.405326 0.34598 0.200963 -0.210583 0.200963 -0.210583 0.67773 -0.681885 0.67773 -0.681885 0.606663 -0.65825 0.606663 -0.65825 0.482484 -0.575982 0.482484 -0.575982 0.275679 -0.357076 0.275679 -0.357076 -0.135306 0.187595 -0.135306 0.187595 -0.208265 0.286073 -0.415621 0.579036 -0.207356 0.292963 -0.207356 0.292963 -0.207356 0.292963
10.26 0 -0 12.2935 -13.1939 0 -0 -26.8283 21.9495 0 -0 -43.1914 36.4729 0 -0 -29.5893 18.0985 0 -0 -5.07211 -5.51463 -0 0 37.1898 -32.4904 -0 0 44.4767 -34.0415 -0 0 30.4164 -25.3165 -0 -0 9.74175 -9.04444 0 -0 9.74175 -9.04444 0.00567769 9.98017e-05 0.790952 0.372677 0.00343778 0.998923 0.0195793 1.30248e-09 0.72479 0.458861 0.00101657 1 0.0945495 1.57401e-06 0.561574 0.636495 0.000237173 0.999969 0.151111 0.982199 0.262585 0.868552 0.000160765 0.00412059 0.0563437 1 0.239897 0.883052 0.000396499 2.55752e-09 0.0088481 1 0.316636 0.839578 0.00188492 4.3376e-11 0.00118078 1 0.482752 0.732022 0.0126374 3.7007e-07 0.00033283 0.998901 0.710793 0.535238 0.0514822 0.00616849 0.000274652 0.652992 0.887697 0.302793 0.0717084 0.691267 0.000300028 0.651473 0.91303 0.251795 0.0635829 0.695857 -0.29814 0.260106 -0.29814 0.260106 -0.29814 0.260106 -0.56123 0.48291 -0.26309 0.222804 -0.429416 0.366816 -0.429416 0.366816 0.182218 -0.195474 0.182218 -0.195474 0.67819 -0.681218 0.67819 -0.681218 0.614238 -0.662168 0.614238 -0.662168 0.495796 -0.587147 0.495796 -0.587147 0.308395 -0.400498 0.308395 -0.400498 -0.0657373 0.120905 -0.0657373 0.120905 -0.162928 0.254691 -0.328658 0.520336 -0.16573 0.265646 -0.16573 0.265646 -0.16573 0.265646
10.31 0 -0 14.1443 -14.8754 0 -0 -25.1287 20.0145 0 -0 -43.5136 36.5057 0 -0 -30.6453 18.8882 0 -0 -8.0297 -3.34416 -0 0 34.309 -30.8158 -0 0 46.647 -35.3647 -0 0 31.1671 -25.5721 -0 -0 10.7225 -9.75076 0 -0 10.7225 -9.75076 0.00484197 0.000334945 0.799788 0.36015 0.00407963 0.996978 0.0164544 1.31731e-09 0.73863 0.442335 0.00120634 1 0.0823233 4.62654e-07 0.582141 0.619543 0.000266168 0.99999 0.155421 0.908495 0.269406 0.864434 0.000155018 0.015701 0.062927 1 0.237474 0.884616 0.000361392 6.80334e-09 0.0104081 1 0.30676 0.845699 0.00163986 3.80071e-11 0.00136883 1 0.46279 0.747592 0.010786 1.67546e-07 0.000349283 0.999641 0.685248 0.566407 0.0468328 0.00269322 0.000255002 0.754381 0.876882 0.337581 0.074847 0.574931 0.000271928 0.746559 0.907315 0.27827 0.0693318 0.588052 -0.302219 0.265126 -0.302219 0.265126 -0.302219 0.265126 -0.572432 0.494931 -0.270212 0.229805 -0.450977 0.38467 -0.450977 0.38467 0.158678 -0.181924 0.158678 -0.181924 0.671751 -0.679301 0.671751 -0.679301 0.621511 -0.665781 0.621511 -0.665781 0.508666 -0.597531 0.508666 -0.597531 0.335403 -0.43546 0.335403 -0.43546 -0.000256365 0.0516688 -0.000256365 0.0516688 -0.116196 0.212866 -0.239397 0.441981 -0.123201 0.229115 -0.123201 0.229115 -0.123201 0.229115
10.36 0 -0 15.8575 -16.3796 0 -0 -22.9826 18.1001 0 -0 -43.5411 36.6692 0 -0 -31.6443 19.8658 0 -0 -10.604 -1.39993 -0 0 30.0928 -29.1648 -0 0 47.7503 -36.8354 -0 0 31.4168 -25.5039 -0 -0 11.6528 -10.428 0 -0 11.6528 -10.428 0.00413603 0.00114654 0.808032 0.348144 0.00484234 0.991388 0.0138136 1.45855e-09 0.751363 0.426727 0.00143598 1 0.0712132 1.43652e-07 0.600486 0.603377 0.000300571 0.999997 0.158867 0.658377 0.277038 0.856487 0.000150329 0.0561647 0.0698992 1 0.235403 0.88591 0.000330544 1.90479e-08 0.0122238 1 0.297465 0.851407 0.00143031 3.62878e-11 0.00159757 1 0.443674 0.762032 0.0091783 7.35793e-08 0.00037237 0.999879 0.660267 0.595723 0.0419255 0.00121949 0.000239733 0.834037 0.862588 0.376693 0.0760491 0.454333 0.000248876 0.823086 0.898906 0.310021 0.0737676 0.475289 -0.305973 0.269476 -0.305973 0.269476 -0.305973 0.269476 -0.582779 0.505987 -0.276806 0.236511 -0.470327 0.400444 -0.470327 0.400444 0.111636 -0.165978 0.111636 -0.165978 0.64006 -0.673114 0.64006 -0.673114 0.628518 -0.669107 0.628518 -0.669107 0.521081 -0.607176 0.521081 -0.607176 0.358631 -0.464392 0.358631 -0.464392 0.0597059 -0.0209194 0.0597059 -0.0209194 -0.0714584 0.162201 -0.154043 0.346715 -0.0825847 0.184514 -0.0825847 0.184514 -0.0825847 0.184514
10.41 0 -0 17.6292 -17.9085 0 -0 -19.2776 15.628 0 -0 -43.0998 37.4175 0 -0 -32.8315 21.5577 0 -0 -12.7952 0.195229 -0 0 24.5676 -26.556 -0 0 47.5129 -37.7458 -0 0 31.8219 -25.545 -0 0 12.4497 -11.0336 0 -0 12.4497 -11.0336 0.00354021 0.00398409 0.815489 0.336731 0.00574628 0.975383 0.011594 1.84786e-09 0.763031 0.411988 0.00171328 1 0.0612961 4.79014e-08 0.617072 0.587073 0.000341331 0.999999 0.161304 0.295617 0.287664 0.839429 0.000147236 0.178604 0.0772212 1 0.233741 0.886615 0.000303421 5.48848e-08 0.0143274 1 0.288736 0.856708 0.00125094 3.879e-11 0.00187532 1 0.425468 0.775403 0.00779402 3.19162e-08 0.000402849 0.999957 0.635573 0.623379 0.0370026 0.000576174 0.000228672 0.891861 0.844459 0.418501 0.075163 0.343379 0.00023038 0.880437 0.887388 0.346168 0.076463 0.36929 -0.309199 0.272169 -0.309199 0.272169 -0.309199 0.272169 -0.59207 0.515073 -0.282871 0.242904 -0.487722 0.414792 -0.487722 0.414792 0.0221198 -0.138049 0.0221198 -0.138049 0.564405 -0.653708 0.564405 -0.653708 0.635279 -0.672125 0.635279 -0.672125 0.533027 -0.616117 0.533027 -0.616117 0.379354 -0.489057 0.379354 -0.489057 0.113154 -0.0950776 0.113154 -0.0950776 -0.0310179 0.106216 -0.0768641 0.240748 -0.0458462 0.134532 -0.0458462 0.134532 -0.0458462 0.134532
10.46 0 -0 19.2542 -19.2639 0 -0 -14.32 12.1091 0 -0 -42.1203 38.2491 0 -0 -34.356 24.2752 0 -0 -14.7991 1.90931 -0 0 19.5186 -24.0038 -0 0 46.2947 -37.9466 -0 0 33.7294 -26.7454 -0 0 13.0819 -11.5595 0 -0 13.0819 -11.5595 0.00303822 0.0140494 0.821627 0.326109 0.00681385 0.930962 0.00973617 2.90586e-09 0.77368 0.397997 0.00204736 1 0.0525581 1.75513e-08 0.632557 0.569564 0.000389877 1 0.162271 0.0907946 0.306436 0.81354 0.000146591 0.442132 0.0848368 1 0.232749 0.886365 0.000279633 1.62043e-07 0.0167529 1 0.280569 0.861579 0.00109724 4.69066e-11 0.00221199 1 0.408174 0.787776 0.00661029 1.41027e-08 0.000441889 0.999985 0.610942 0.649445 0.03225 0.000273762 0.000221768 0.931319 0.822449 0.461286 0.0722789 0.250703 0.000216076 0.921026 0.872477 0.385502 0.0771464 0.278102 -0.311169 0.270479 -0.311169 0.270479 -0.311169 0.270479 -0.599589 0.519471 -0.28842 0.248992 -0.503417 0.428292 -0.503417 0.428292 -0.0835668 -0.0810452 -0.0835668 -0.0810452 0.471302 -0.604485 0.471302 -0.604485 0.64178 -0.674763 0.64178 -0.674763 0.544496 -0.624388 0.544496 -0.624388 0.398404 -0.510642 0.398404 -0.510642 0.159953 -0.167745 0.159953 -0.167745 0.00413644 0.049132 -0.0097594 0.131683 -0.0138958 0.0825506 -0.0138958 0.0825506 -0.0138958 0.0825506
10.51 0 -0 19.5162 -19.576 0 -0 -10.6745 8.57149 0 -0 -40.6385 37.746 0 -0 -36.1074 27.3152 0 -0 -16.7859 3.88924 -0 0 14.9707 -21.4382 -0 0 43.9113 -37.621 -0 0 35.9517 -29.0647 -0 0 13.6912 -12.134 0 -0 13.6912 -12.134 0.00261738 0.046881 0.825177 0.316902 0.00806768 0.826851 0.00818596 5.45025e-09 0.783321 0.384635 0.00244901 1 0.0449199 7.22292e-09 0.647868 0.550649 0.000448239 1 0.160801 0.0237522 0.338339 0.784267 0.000148925 0.743109 0.0926555 1 0.232966 0.885131 0.000258873 4.95082e-07 0.0195344 1 0.272986 0.865991 0.000965375 6.35359e-11 0.00261932 1 0.391764 0.799218 0.00560354 6.56124e-09 0.000491124 0.999995 0.586262 0.673924 0.0278008 0.000123003 0.000219086 0.957034 0.796819 0.503534 0.0677034 0.178547 0.000205717 0.94851 0.854047 0.426663 0.0757561 0.204714 -0.309531 0.258281 -0.309531 0.258281 -0.309531 0.258281 -0.603003 0.513077 -0.293473 0.254796 -0.517708 0.441406 -0.517708 0.441406 -0.173205 0.0107194 -0.173205 0.0107194 0.393158 -0.520121 0.393158 -0.520121 0.647942 -0.676944 0.647942 -0.676944 0.55549 -0.63202 0.55549 -0.63202 0.416318 -0.529908 0.416318 -0.529908 0.200743 -0.236044 0.200743 -0.236044 0.0341004 -0.00544093 0.0473874 0.0262014 0.0132871 0.0316424 0.0132871 0.0316424 0.0132871 0.0316424
10.56 0 -0 19.3225 -19.6376 0 -0 -7.47019 5.26559 0 -0 -38.9108 36.3498 0 -0 -37.8503 30.1715 0 -0 -18.8013 6.10315 -0 0 10.8346 -18.8627 -0 0 40.4101 -36.471 -0 0 37.3932 -31.2681 -0 0 14.7034 -13.1842 0 -0 14.7034 -13.1842 0.00226867 0.135363 0.824102 0.310804 0.00952406 0.648377 0.00689565 1.15998e-08 0.791877 0.371904 0.00293083 1 0.0382667 3.37765e-09 0.663701 0.530821 0.000518988 1 0.155944 0.00585393 0.379838 0.755244 0.000154395 0.914609 0.100536 0.999998 0.234853 0.883133 0.000240837 1.58272e-06 0.0227053 1 0.266042 0.86994 0.000852123 9.6019e-11 0.00311119 1 0.376202 0.80979 0.00475091 3.29966e-09 0.000552729 0.999998 0.561541 0.696793 0.0237401 5.11739e-05 0.000220816 0.973729 0.768023 0.544113 0.0618866 0.123115 0.000199167 0.967126 0.83209 0.468355 0.0724484 0.146182 -0.298338 0.227496 -0.298338 0.227496 -0.298338 0.227496 -0.596376 0.487838 -0.298037 0.260342 -0.530915 0.454379 -0.530915 0.454379 -0.241813 0.111522 -0.241813 0.111522 0.335112 -0.426534 0.335112 -0.426534 0.653616 -0.678643 0.653616 -0.678643 0.566012 -0.639038 0.566012 -0.639038 0.43343 -0.547329 0.43343 -0.547329 0.236661 -0.298285 0.236661 -0.298285 0.0596744 -0.0553709 0.0960867 -0.0716299 0.0364123 -0.016259 0.0364123 -0.016259 0.0364123 -0.016259
10.61 0 -0 19.5599 -20.3722 0 -0 -4.09369 1.8554 0 -0 -37.1178 34.5474 0 -0 -39.4357 32.6392 0 -0 -20.85 8.5089 -0 0 7.03612 -16.2337 -0 0 36.6747 -34.8357 -0 0 37.9631 -32.4321 -0 0 16.3802 -14.6736 0 -0 16.3802 -14.6736 0.00198568 0.312363 0.816709 0.311115 0.0111755 0.435578 0.00582407 2.7752e-08 0.799161 0.360041 0.00350712 1 0.0324841 1.79389e-09 0.680002 0.510711 0.00060522 1 0.147639 0.00141027 0.42279 0.727824 0.000163066 0.976193 0.108301 0.999987 0.238375 0.88062 0.000225213 5.34195e-06 0.0262959 1 0.259788 0.873451 0.000754731 1.61058e-10 0.00370391 1 0.361451 0.819548 0.00403108 1.85258e-09 0.000629521 0.999999 0.536872 0.718038 0.0201124 2.0605e-05 0.00022732 0.984759 0.736582 0.582304 0.05533 0.080472 0.000196419 0.980054 0.806666 0.509478 0.0675586 0.0991471 -0.267682 0.175693 -0.267682 0.175693 -0.267682 0.175693 -0.569784 0.441319 -0.302102 0.265626 -0.543261 0.467244 -0.543261 0.467244 -0.294781 0.196095 -0.294781 0.196095 0.291878 -0.349056 0.291878 -0.349056 0.658663 -0.679884 0.658663 -0.679884 0.576066 -0.645473 0.576066 -0.645473 0.449944 -0.563199 0.449944 -0.563199 0.268961 -0.353999 0.268961 -0.353999 0.08192 -0.0999221 0.138434 -0.160323 0.0565137 -0.060401 0.0565137 -0.060401 0.0565137 -0.060401
10.66 0 -0 20.7759 -21.7785 0 -0 -0.932059 -1.45021 0 -0 -35.2329 32.2094 0 -0 -40.7925 34.522 0 -0 -22.8846 10.8863 -0 -0 3.46424 -13.5837 -0 0 32.9436 -32.9956 -0 0 37.6997 -32.9214 -0 0 18.0803 -16.1754 0 -0 18.0803 -16.1754 0.00176237 0.551094 0.802964 0.321449 0.0129623 0.252015 0.0049362 7.4187e-08 0.804988 0.349552 0.00419298 0.999999 0.027477 1.07767e-09 0.696238 0.490869 0.000710608 1 0.13666 0.000338579 0.462447 0.702346 0.000175065 0.993838 0.115769 0.999927 0.243162 0.877789 0.0002117 1.90558e-05 0.0303313 1 0.254237 0.876566 0.000670847 2.99134e-10 0.00441647 1 0.347484 0.828546 0.00342472 1.1699e-09 0.000725093 1 0.512397 0.73767 0.0169292 8.37966e-06 0.000239179 0.9917 0.703128 0.617699 0.0485067 0.0495457 0.000197621 0.988631 0.777987 0.549149 0.061533 0.0634144 -0.211129 0.11068 -0.211129 0.11068 -0.211129 0.11068 -0.51676 0.381263 -0.305631 0.270582 -0.554805 0.479869 -0.554805 0.479869 -0.337285 0.259238 -0.337285 0.259238 0.258311 -0.292866 0.258311 -0.292866 0.663019 -0.680723 0.663019 -0.680723 0.585659 -0.65136 0.585659 -0.65136 0.465965 -0.577708 0.465965 -0.577708 0.298661 -0.403132 0.298661 -0.403132 0.101758 -0.138879 0.176288 -0.239253 0.0745308 -0.100375 0.0745308 -0.100375 0.0745308 -0.100375
10.71 0 -0 22.6627 -23.5865 0 -0 1.98353 -4.45206 0 -0 -33.266 29.5984 0 -0 -41.8971 35.8008 0 -0 -24.8349 13.0633 0 -0 0.107091 -11.0072 -0 0 29.2816 -31.0466 -0 0 36.8127 -32.9044 -0 0 19.5209 -17.4703 0 -0 19.5209 -17.4703 0.00159155 0.762999 0.784448 0.342391 0.0147585 0.128225 0.00420208 2.17039e-07 0.809317 0.341012 0.00500262 0.999998 0.0231676 7.31107e-10 0.711853 0.471745 0.000839478 1 0.124065 8.22178e-05 0.497497 0.678796 0.000190628 0.998429 0.122783 0.999599 0.248796 0.874781 0.000200019 7.11854e-05 0.0348309 1 0.249359 0.879336 0.000598463 6.10961e-10 0.00527082 1 0.334276 0.836837 0.00291467 8.31679e-10 0.000843985 1 0.488291 0.755726 0.0141778 3.53923e-06 0.000257243 0.995709 0.668425 0.650109 0.041809 0.0289761 0.000203093 0.993851 0.746514 0.586691 0.054854 0.0385251 -0.136417 0.0445506 -0.136417 0.0445506 -0.136417 0.0445506 -0.445008 0.319636 -0.308591 0.275085 -0.565486 0.492009 -0.565486 0.492009 -0.372661 0.30532 -0.372661 0.30532 0.231041 -0.253529 0.231041 -0.253529 0.666677 -0.681222 0.666677 -0.681222 0.594806 -0.656736 0.594806 -0.656736 0.481541 -0.590985 0.481541 -0.590985 0.326439 -0.445746 0.326439 -0.445746 0.119833 -0.172201 0.210974 -0.30799 0.0911411 -0.135789 0.0911411 -0.135789 0.0911411 -0.135789
10.76 0 -0 24.8159 -25.5091 0 -0 4.76167 -7.19995 0 -0 -31.3017 26.9972 0 -0 -42.765 36.5962 0 -0 -26.6447 14.9848 0 -0 -3.02593 -8.54532 -0 0 25.7402 -29.0442 -0 0 35.4748 -32.5017 -0 0 20.5846 -18.4641 -0 -0 20.5846 -18.4641 0.00146518 0.894963 0.763337 0.370494 0.016403 0.0587478 0.00359584 6.85795e-07 0.81228 0.334725 0.00594765 0.999994 0.0194854 5.57425e-10 0.726447 0.453684 0.000996879 1 0.110832 2.04493e-05 0.528055 0.657066 0.000210107 0.999592 0.129221 0.997777 0.254934 0.871682 0.000189923 0.000274594 0.0398067 1 0.245093 0.881808 0.000535867 1.35898e-09 0.0062921 1 0.321803 0.844471 0.00248593 6.6383e-10 0.000991896 1 0.464738 0.772266 0.0118292 1.58305e-06 0.000282689 0.997852 0.633265 0.679517 0.0355234 0.0163623 0.000213354 0.996783 0.712903 0.621653 0.0479729 0.022574 -0.0609862 -0.0138933 -0.0609862 -0.0138933 -0.0609862 -0.0138933 -0.371959 0.265099 -0.310973 0.278992 -0.575215 0.503393 -0.575215 0.503393 -0.402888 0.339687 -0.402888 0.339687 0.207935 -0.225606 0.207935 -0.225606 0.669574 -0.681433 0.669574 -0.681433 0.60353 -0.661642 0.60353 -0.661642 0.496677 -0.603129 0.496677 -0.603129 0.352736 -0.482183 0.352736 -0.482183 0.136595 -0.200156 0.243429 -0.366656 0.106834 -0.1665 0.106834 -0.1665 0.106834 -0.1665
10.81 0 -0 26.9322 -27.3438 0 -0 7.48267 -9.80645 0 -0 -29.4135 24.5589 0 -0 -43.4285 37.041 0 -0 -28.2885 16.649 0 -0 -5.93304 -6.21776 -0 0 22.3477 -27.0251 -0 0 33.8146 -31.8037 -0 0 21.2489 -19.141 -0 -0 21.2489 -19.141 0.00137539 0.958873 0.741535 0.401162 0.0177561 0.0248345 0.00309518 2.32189e-06 0.814112 0.330594 0.00703603 0.999982 0.0163625 4.73409e-10 0.739799 0.436929 0.00118863 1 0.0977245 5.26291e-06 0.55463 0.637025 0.000233965 0.999889 0.134993 0.987841 0.26133 0.868469 0.000181202 0.00107779 0.0452631 1 0.241368 0.884027 0.000481603 3.25816e-09 0.00750878 1 0.310043 0.851499 0.00212558 5.92284e-10 0.00117593 1 0.441913 0.787367 0.00984479 7.59995e-07 0.000317103 0.998935 0.598349 0.706036 0.0298297 0.00908713 0.000229162 0.998338 0.677905 0.653806 0.0412622 0.0129871 0.00239581 -0.0612157 0.00239581 -0.0612157 0.00239581 -0.0612157 -0.31041 0.220992 -0.312806 0.282207 -0.583933 0.513801 -0.583933 0.513801 -0.429139 0.366309 -0.429139 0.366309 0.187104 -0.204986 0.187104 -0.204986 0.671099 -0.681354 0.671099 -0.681354 0.611862 -0.666119 0.611862 -0.666119 0.511355 -0.614224 0.511355 -0.614224 0.377825 -0.513082 0.377825 -0.513082 0.152349 -0.223325 0.274304 -0.416057 0.121956 -0.192732 0.121956 -0.192732 0.121956 -0.192732
10.86 0 -0 28.9099 -29.0142 0 -0 10.1394 -12.2662 0 -0 -27.5437 22.2507 0 -0 -43.9042 37.244 0 -0 -29.7671 18.0826 0 -0 -8.61476 -4.04929 -0 0 19.1265 -25.0283 -0 0 31.932 -30.8835 -0 0 21.537 -19.5207 -0 -0 21.537 -19.5207 0.00131532 0.985183 0.720313 0.431147 0.0187346 0.00990374 0.00268108 8.37227e-06 0.815072 0.328269 0.00827205 0.999942 0.0137318 4.44057e-10 0.751829 0.421611 0.00142134 1 0.0852767 1.413e-06 0.577775 0.618521 0.000262781 0.999968 0.140043 0.937311 0.267847 0.864686 0.000173702 0.0042403 0.0511963 1 0.23811 0.886015 0.000434441 8.32736e-09 0.00895278 1 0.298971 0.857969 0.00182256 5.87138e-10 0.00140487 1 0.419968 0.801121 0.00818171 3.9506e-07 0.000362594 0.999467 0.564235 0.729851 0.0248152 0.00504991 0.00025158 0.999134 0.642258 0.683094 0.0349927 0.00746095 0.0502611 -0.0977857 0.0502611 -0.0977857 0.0502611 -0.0977857 -0.263886 0.186928 -0.314147 0.284714 -0.59163 0.523118 -0.59163 0.523118 -0.452139 0.387762 -0.452139 0.387762 0.164242 -0.188764 0.164242 -0.188764 0.667761 -0.68077 0.667761 -0.68077 0.619841 -0.670205 0.619841 -0.670205 0.525546 -0.624346 0.525546 -0.624346 0.401854 -0.539247 0.401854 -0.539247 0.167286 -0.242459 0.304005 -0.457439 0.136719 -0.21498 0.136719 -0.21498 0.136719 -0.21498
10.91 0 -0 30.6868 -30.5045 0 -0 12.708 -14.5712 0 -0 -25.3808 19.9774 0 -0 -44.1304 37.4123 0 -0 -31.1179 19.4213 0 -0 -11.0728 -2.05523 -0 0 16.0973 -23.0912 -0 0 29.9088 -29.8005 -0 0 21.4957 -19.6385 -0 -0 21.4957 -19.6385 0.00127945 0.994949 0.70035 0.458881 0.0193138 0.00379332 0.00233765 3.19338e-05 0.815393 0.327339 0.00965642 0.9998 0.0115282 4.60304e-10 0.762554 0.40776 0.00170247 1 0.0738174 3.99192e-07 0.597993 0.601252 0.000297266 0.99999 0.144336 0.742067 0.274558 0.858144 0.000167422 0.0164473 0.0575945 1 0.235258 0.887725 0.00039335 2.24305e-08 0.0106595 1 0.288561 0.863923 0.00156751 6.418e-10 0.00168954 1 0.399021 0.813626 0.00679673 2.23495e-07 0.00042194 0.999726 0.531332 0.751185 0.0204961 0.00284973 0.000282059 0.999538 0.606627 0.709586 0.0293323 0.00434262 0.084668 -0.125612 0.084668 -0.125612 0.084668 -0.125612 -0.230404 0.160943 -0.315072 0.286555 -0.598344 0.531316 -0.598344 0.531316 -0.47237 0.405663 -0.47237 0.405663 0.124678 -0.174218 0.124678 -0.174218 0.64543 -0.678654 0.64543 -0.678654 0.627504 -0.673929 0.627504 -0.673929 0.539221 -0.633567 0.539221 -0.633567 0.424879 -0.561489 0.424879 -0.561489 0.18151 -0.258318 0.332729 -0.492162 0.15122 -0.233844 0.15122 -0.233844 0.15122 -0.233844
10.96 0 -0 32.1524 -31.8141 0 -0 15.2279 -16.7584 0 -0 -22.008 17.4082 0 -0 -43.8853 37.9539 0 -0 -32.4581 21.0794 0 -0 -13.319 -0.190505 -0 0 13.2772 -21.2311 -0 0 27.809 -28.5939 -0 0 21.1814 -19.5332 -0 -0 21.1814 -19.5332 0.00126357 0.998334 0.681927 0.48387 0.0195129 0.00141503 0.00205176 0.000128028 0.815258 0.327433 0.0111866 0.999288 0.0096903 5.43873e-10 0.772047 0.395306 0.0020403 1 0.0635131 1.20541e-07 0.615751 0.584439 0.000338344 0.999997 0.147824 0.377988 0.282154 0.843651 0.000162789 0.0613975 0.0644368 1 0.23278 0.888913 0.000357494 6.30167e-08 0.0126675 1 0.278789 0.869389 0.00135256 7.66921e-10 0.00204317 1 0.37915 0.824983 0.0056488 1.37932e-07 0.000498762 0.999853 0.499922 0.770272 0.0168412 0.00165247 0.000322553 0.999744 0.57158 0.733428 0.0243601 0.00259104 0.109154 -0.14692 0.109154 -0.14692 0.109154 -0.14692 -0.206498 0.140872 -0.315652 0.287792 -0.604138 0.53842 -0.604138 0.53842 -0.490191 0.421086 -0.490191 0.421086 0.0448732 -0.156457 0.0448732 -0.156457 0.580952 -0.671206 0.580952 -0.671206 0.634889 -0.677292 0.634889 -0.677292 0.552355 -0.641957 0.552355 -0.641957 0.446901 -0.580524 0.446901 -0.580524 0.19506 -0.271568 0.360524 -0.521472 0.165464 -0.249904 0.165464 -0.249904 0.165464 -0.249904
11.01 0 -0 33.1429 -32.8755 0 -0 17.6907 -18.8038 -0 -0 -16.9398 13.933 0 -0 -43.0289 38.7937 0 -0 -33.9554 23.534 0 -0 -15.4205 1.76931 -0 0 10.6399 -19.3744 -0 0 25.6618 -27.2643 -0 0 20.6464 -19.2384 -0 0 20.6464 -19.2384 0.00126458 0.999455 0.665105 0.506122 0.019378 0.000520922 0.00181274 0.000539213 0.814788 0.328257 0.0128569 0.997372 0.00816206 7.91795e-10 0.780418 0.384078 0.00244406 1 0.0544093 3.99036e-08 0.631563 0.566932 0.000387372 0.999999 0.150346 0.12387 0.293249 0.819399 0.000160693 0.205598 0.0716916 1 0.230742 0.889198 0.00032624 1.84121e-07 0.0150186 1 0.269631 0.874367 0.00117111 9.95209e-10 0.00248184 1 0.360404 0.835288 0.00470054 9.30006e-08 0.000597753 0.999917 0.470185 0.787339 0.0137904 0.000993794 0.000375652 0.999851 0.537571 0.754812 0.0200871 0.00159936 0.126849 -0.163554 0.126849 -0.163554 0.126849 -0.163554 -0.189081 0.124849 -0.31593 0.288403 -0.609073 0.544408 -0.609073 0.544408 -0.505901 0.434864 -0.505901 0.434864 -0.06062 -0.123931 -0.06062 -0.123931 0.48917 -0.647645 0.48917 -0.647645 0.642019 -0.680241 0.642019 -0.680241 0.564935 -0.649579 0.564935 -0.649579 0.467893 -0.59694 0.467893 -0.59694 0.207945 -0.282748 0.387343 -0.546407 0.179398 -0.263659 0.179398 -0.263659 0.179398 -0.263659
11.06 0 -0 34.2344 -33.8015 0 -0 18.6608 -19.6359 -0 0 -13.0456 10.2782 0 -0 -41.5885 38.3846 0 -0 -35.6181 26.3681 0 -0 -17.4927 3.9392 -0 0 8.12534 -17.4907 -0 0 23.4927 -25.8552 -0 0 19.933 -18.7914 -0 0 19.933 -18.7914 0.00128024 0.999822 0.649829 0.525844 0.0189676 0.000191414 0.001612 0.00227597 0.814 0.329602 0.0146587 0.990384 0.00689345 1.40407e-09 0.787796 0.373846 0.00292403 1 0.0464656 1.48618e-08 0.646187 0.548267 0.000446308 1 0.151371 0.0330695 0.314073 0.790442 0.000161813 0.507607 0.0793082 0.999998 0.229457 0.888466 0.000299094 5.63573e-07 0.0177565 1 0.261081 0.878841 0.0010177 1.39788e-09 0.0030249 1 0.342797 0.844631 0.00391889 6.85323e-08 0.000724936 0.99995 0.442222 0.802599 0.0112706 0.000624193 0.000444763 0.999908 0.504951 0.773946 0.0164785 0.00102842 0.140027 -0.176864 0.140027 -0.176864 0.140027 -0.176864 -0.175813 0.111158 -0.31584 0.288023 -0.613116 0.548946 -0.613116 0.548946 -0.519805 0.447659 -0.519805 0.447659 -0.154207 -0.0574269 -0.154207 -0.0574269 0.407918 -0.589305 0.407918 -0.589305 0.648882 -0.682705 0.648882 -0.682705 0.576956 -0.656489 0.576956 -0.656489 0.487826 -0.611203 0.487826 -0.611203 0.220155 -0.292276 0.413096 -0.56779 0.192942 -0.275514 0.192942 -0.275514 0.192942 -0.275514
11.11 -0 0 35.1057 -34.5847 -0 0 18.8963 -19.9477 -0 0 -9.76549 6.9354 0 -0 -39.848 36.9715 0 -0 -37.2614 29.0143 0 -0 -19.5513 6.24372 -0 0 5.69061 -15.5369 -0 0 21.3204 -24.369 -0 0 19.0854 -18.2216 -0 0 19.0854 -18.2216 0.00130894 0.999941 0.635979 0.543302 0.0183436 7.06447e-05 0.00144277 0.00906193 0.812669 0.331409 0.0165805 0.967048 0.0058409 2.86222e-09 0.794327 0.364408 0.00349171 1 0.0395824 6.32307e-09 0.660657 0.528818 0.000517685 1 0.149841 0.00822443 0.34898 0.761186 0.000166348 0.80116 0.0871965 0.999989 0.229522 0.886907 0.000275596 1.81828e-06 0.0209264 1 0.253164 0.882814 0.000887775 2.12235e-09 0.00369548 1 0.326328 0.853095 0.0032753 5.51442e-08 0.000887994 0.999968 0.416076 0.816251 0.00920572 0.000411436 0.000534327 0.99994 0.473968 0.791046 0.0134723 0.000692193 0.150202 -0.187782 0.150202 -0.187782 0.150202 -0.187782 -0.164733 0.0974077 -0.314935 0.285189 -0.615866 0.55063 -0.615866 0.55063 -0.532267 0.45989 -0.532267 0.45989 -0.225404 0.0428213 -0.225404 0.0428213 0.347895 -0.496752 0.347895 -0.496752 0.655385 -0.684654 0.655385 -0.684654 0.588418 -0.662734 0.588418 -0.662734 0.506675 -0.623676 0.506675 -0.623676 0.231679 -0.300472 0.437686 -0.586261 0.206007 -0.285788 0.206007 -0.285788 0.206007 -0.285788
11.16 -0 0 35.5036 -35.0909 -0 0 19.1779 -20.5951 -0 0 -6.65676 3.77141 0 -0 -38.0121 35.0558 0 -0 -38.7302 31.214 0 -0 -21.5588 8.58226 -0 0 3.31578 -13.498 -0 0 19.1465 -22.7942 -0 0 18.1333 -17.5461 -0 0 18.1333 -17.5461 0.0013496 0.99998 0.623353 0.558782 0.0175645 2.6468e-05 0.00130005 0.033164 0.809944 0.333997 0.0186051 0.898452 0.00496714 6.53342e-09 0.800143 0.35564 0.00415989 1 0.0336327 3.07695e-09 0.675618 0.509188 0.000604551 1 0.144915 0.00200063 0.39182 0.733442 0.000174324 0.939727 0.0952135 0.999943 0.231329 0.884774 0.0002553 6.18891e-06 0.0245724 1 0.245938 0.886312 0.000777528 3.48265e-09 0.00452094 1 0.31098 0.860755 0.0027455 4.84245e-08 0.00109665 0.999978 0.391741 0.828471 0.00752306 0.000285584 0.000650089 0.999958 0.444782 0.80632 0.010994 0.000489328 0.158354 -0.196937 0.158354 -0.196937 0.158354 -0.196937 -0.153169 0.078618 -0.311523 0.275555 -0.615685 0.545171 -0.615685 0.545171 -0.54368 0.471751 -0.54368 0.471751 -0.279556 0.14396 -0.279556 0.14396 0.303933 -0.402991 0.303933 -0.402991 0.661374 -0.68611 0.661374 -0.68611 0.599323 -0.66836 0.599323 -0.66836 0.524432 -0.634643 0.524432 -0.634643 0.242512 -0.307577 0.461025 -0.602315 0.218513 -0.294737 0.218513 -0.294737 0.218513 -0.294737
11.21 -0 0 35.478 -35.2007 -0 0 20.3339 -22.0696 -0 0 -3.66438 0.670941 0 -0 -36.1384 32.8122 0 -0 -39.9501 32.8683 0 -0 -23.471 10.8379 -0 0 1.00108 -11.413 -0 0 16.9712 -21.1393 -0 0 17.0947 -16.7782 -0 0 17.0947 -16.7782 0.00140162 0.999993 0.611589 0.572613 0.0166815 1.02365e-05 0.0011809 0.109534 0.803622 0.338739 0.0207005 0.734417 0.00424087 1.65492e-08 0.80526 0.347531 0.00494248 1 0.0284977 1.70378e-09 0.69092 0.489899 0.00071051 1 0.136755 0.000487084 0.434292 0.707708 0.000185808 0.983713 0.103182 0.9997 0.234719 0.88228 0.000237778 2.21362e-05 0.0287352 1 0.239448 0.88938 0.000683782 6.17521e-09 0.00553329 1 0.296726 0.867684 0.00230916 4.64043e-08 0.00136311 0.999984 0.369179 0.839421 0.00615705 0.000209284 0.000799425 0.999969 0.417478 0.819963 0.00896678 0.000364256 0.165127 -0.204762 0.165127 -0.204762 0.165127 -0.204762 -0.135197 0.0445085 -0.300324 0.24927 -0.60734 0.522765 -0.60734 0.522765 -0.554328 0.483277 -0.554328 0.483277 -0.32275 0.224302 -0.32275 0.224302 0.270049 -0.329743 0.270049 -0.329743 0.666713 -0.687129 0.666713 -0.687129 0.609675 -0.673417 0.609675 -0.673417 0.541105 -0.644329 0.541105 -0.644329 0.252655 -0.313778 0.483052 -0.616341 0.230397 -0.302563 0.230397 -0.302563 0.230397 -0.302563
11.26 -0 0 35.4089 -34.8906 -0 0 22.4972 -24.1287 -0 0 -0.933237 -2.15397 0 -0 -34.2233 30.4072 0 -0 -40.9105 33.9958 0 -0 -25.2414 12.8923 -0 -0 -1.21732 -9.36326 -0 0 14.8242 -19.4437 -0 0 15.9934 -15.9369 -0 0 15.9934 -15.9369 0.00146508 0.999997 0.600013 0.585293 0.0157361 4.16417e-06 0.00108493 0.303445 0.790088 0.349483 0.0227888 0.470202 0.0036365 4.56647e-08 0.809479 0.340272 0.00585389 1 0.02408 1.06877e-09 0.706052 0.47133 0.000839798 1 0.126225 0.000120595 0.472697 0.684009 0.000200975 0.995701 0.110927 0.998398 0.239273 0.879567 0.000222645 8.23554e-05 0.0334496 1 0.233697 0.892071 0.000603875 1.17834e-08 0.00676951 1 0.283535 0.873952 0.00194938 4.8443e-08 0.00170258 0.999987 0.348327 0.849244 0.00505056 0.000162176 0.000991738 0.999975 0.392081 0.832157 0.00731781 0.000285977 0.170997 -0.211581 0.170997 -0.211581 0.170997 -0.211581 -0.0975986 -0.0170593 -0.268595 0.194522 -0.578102 0.471612 -0.578102 0.471612 -0.564316 0.49441 -0.564316 0.49441 -0.35876 0.28285 -0.35876 0.28285 0.242435 -0.277986 0.242435 -0.277986 0.671275 -0.687774 0.671275 -0.687774 0.619483 -0.677952 0.619483 -0.677952 0.556714 -0.652913 0.556714 -0.652913 0.26212 -0.319219 0.503735 -0.628649 0.241615 -0.30943 0.241615 -0.30943 0.241615 -0.30943
11.31 -0 0 35.4273 -34.1826 -0 0 25.4376 -26.4603 -0 0 1.7857 -4.72002 0 -0 -32.3395 28.1181 0 -0 -41.6408 34.7733 0 -0 -26.8459 14.76 0 -0 -3.31482 -7.35893 -0 0 12.7268 -17.7176 -0 0 14.8517 -15.0361 -0 0 14.8517 -15.0361 0.00154107 0.999999 0.587724 0.597654 0.0147572 1.81331e-06 0.00101366 0.605997 0.767566 0.372191 0.0246857 0.224998 0.00313349 1.35954e-07 0.812455 0.334383 0.00690719 0.999999 0.0202991 7.54019e-10 0.720523 0.453756 0.000997374 1 0.114346 3.07436e-05 0.50633 0.662223 0.000220119 0.998845 0.118294 0.991553 0.244582 0.876684 0.000209566 0.000314891 0.0387428 1 0.228647 0.894435 0.00053558 2.4055e-08 0.00827175 1 0.271364 0.879622 0.00165221 5.49406e-08 0.00213383 0.999989 0.329105 0.858065 0.0041551 0.000132978 0.00123892 0.999979 0.368566 0.843065 0.00598144 0.000236958 0.17638 -0.217694 0.17638 -0.217694 0.17638 -0.217694 -0.0258297 -0.102499 -0.202209 0.115195 -0.513807 0.395548 -0.513807 0.395548 -0.573589 0.505009 -0.573589 0.505009 -0.38969 0.325221 -0.38969 0.325221 0.218519 -0.242043 0.218519 -0.242043 0.674618 -0.688096 0.674618 -0.688096 0.628771 -0.682017 0.628771 -0.682017 0.571298 -0.660544 0.571298 -0.660544 0.270927 -0.324016 0.52307 -0.639489 0.252143 -0.315474 0.252143 -0.315474 0.252143 -0.315474
11.36 -0 0 35.0555 -33.1247 -0 0 28.747 -28.8577 -0 0 4.58841 -7.21891 0 -0 -30.512 26.0534 0 -0 -42.1811 35.3468 0 -0 -28.2952 16.4686 0 -0 -5.2865 -5.41669 -0 0 10.6897 -15.9778 -0 0 13.686 -14.0898 -0 0 13.686 -14.0898 0.00163197 1 0.574084 0.6107 0.0137605 8.57281e-07 0.000967847 0.846611 0.738998 0.407434 0.0260967 0.0860504 0.00271522 4.36155e-07 0.814015 0.330542 0.00811065 0.999997 0.0170831 5.93182e-10 0.733975 0.437396 0.00118897 1 0.10201 8.14685e-06 0.53552 0.642176 0.000243654 0.999679 0.125157 0.95737 0.250337 0.873387 0.000198269 0.00122498 0.0446326 1 0.224237 0.896511 0.000477041 5.22348e-08 0.0100873 1 0.260164 0.884757 0.00140623 6.74893e-08 0.00267978 0.99999 0.311423 0.866 0.00343033 0.000115374 0.0015559 0.999981 0.346875 0.852835 0.00490072 0.000207221 0.181649 -0.223431 0.181649 -0.223431 0.181649 -0.223431 0.0698537 -0.190882 -0.111795 0.0325484 -0.425022 0.315701 -0.425022 0.315701 -0.582016 0.514851 -0.582016 0.514851 -0.416718 0.356733 -0.416718 0.356733 0.194711 -0.216456 0.194711 -0.216456 0.674412 -0.688063 0.674412 -0.688063 0.637572 -0.685659 0.637572 -0.685659 0.584904 -0.667346 0.584904 -0.667346 0.279104 -0.32826 0.541078 -0.649068 0.261974 -0.320807 0.261974 -0.320807 0.261974 -0.320807
11.41 -0 0 34.0691 -31.7914 -0 0 31.9799 -31.1445 -0 0 7.4327 -9.6678 0 -0 -28.5771 24.1075 0 -0 -42.5235 35.854 0 -0 -29.6205 18.0663 0 -0 -7.11369 -3.59847 -0 0 8.74301 -14.2769 -0 0 12.5201 -13.1226 -0 0 12.5201 -13.1226 0.00174109 1 0.559038 0.624924 0.0127526 4.45054e-07 0.000946046 0.954175 0.708922 0.447535 0.0267843 0.0286827 0.00236769 1.507e-06 0.814301 0.328988 0.00946476 0.99999 0.0143649 5.17429e-10 0.7462 0.422419 0.00142109 1 0.0898925 2.26125e-06 0.560832 0.623597 0.000272117 0.999907 0.131423 0.816742 0.256361 0.868267 0.000188619 0.00479799 0.0511266 1 0.220399 0.89829 0.000426717 1.19681e-07 0.0122685 1 0.249879 0.889409 0.0012021 8.93569e-08 0.00336819 0.999991 0.295186 0.873147 0.0028431 0.000105806 0.00196122 0.999982 0.326925 0.861598 0.00402747 0.000191067 0.187075 -0.229106 0.187075 -0.229106 0.187075 -0.229106 0.160583 -0.266423 -0.0264918 -0.0373179 -0.340852 0.248021 -0.340852 0.248021 -0.589487 0.523701 -0.589487 0.523701 -0.440536 0.381107 -0.440536 0.381107 0.160228 -0.19706 0.160228 -0.19706 0.660664 -0.68733 0.660664 -0.68733 0.645934 -0.688919 0.645934 -0.688919 0.597592 -0.673424 0.597592 -0.673424 0.286685 -0.33203 0.557804 -0.657555 0.271118 -0.325526 0.271118 -0.325526 0.271118 -0.325526
11.46 -0 0 32.7999 -30.4043 -0 0 34.8593 -33.1982 -0 0 10.2528 -12.0181 0 -0 -25.8799 22.0106 0 -0 -42.5006 36.598 0 -0 -30.9144 19.851 0 -0 -8.78781 -1.90168 -0 0 6.91976 -12.6552 -0 0 11.3806 -12.1587 -0 0 11.3806 -12.1587 0.00187235 1 0.542926 0.640119 0.0117402 2.54207e-07 0.000945614 0.988205 0.680241 0.485581 0.0267063 0.0088358 0.00207877 5.59139e-06 0.813621 0.329386 0.0109625 0.999965 0.0120808 5.08207e-10 0.757127 0.408896 0.00170102 1 0.0784533 6.65217e-07 0.582831 0.605861 0.00030622 0.999972 0.137018 0.489215 0.262711 0.857176 0.000180832 0.0187703 0.0582202 0.999999 0.217069 0.899623 0.000383348 2.86782e-07 0.0148721 1 0.240448 0.893622 0.00103221 1.2665e-07 0.00423226 0.999991 0.280295 0.879596 0.00236648 0.000102338 0.00247773 0.999982 0.308618 0.869471 0.00332168 0.00018535 0.192787 -0.234915 0.192787 -0.234915 0.192787 -0.234915 0.231716 -0.325556 0.0389294 -0.0906407 -0.27609 0.196199 -0.27609 0.196199 -0.595965 0.531419 -0.595965 0.531419 -0.461587 0.400761 -0.461587 0.400761 0.0921628 -0.179899 0.0921628 -0.179899 0.610989 -0.684419 0.610989 -0.684419 0.653908 -0.691817 0.653908 -0.691817 0.609431 -0.678866 0.609431 -0.678866 0.293708 -0.335387 0.573306 -0.665098 0.279598 -0.32971 0.279598 -0.32971 0.279598 -0.32971
11.51 -0 0 31.3107 -29.0542 -0 0 37.127 -34.9525 -0 0 12.9787 -14.2515 0 -0 -21.6329 19.2617 0 -0 -41.9298 37.7384 0 -0 -32.339 22.2625 0 -0 -10.3339 -0.236569 -0 0 5.24222 -11.1291 -0 0 10.2925 -11.2198 -0 0 10.2925 -11.2198 0.00203004 1 0.526198 0.655784 0.0107341 1.58809e-07 0.00096407 0.997183 0.654073 0.519054 0.0259715 0.00260747 0.00183807 2.21298e-05 0.812284 0.331199 0.0125916 0.999879 0.0101704 5.93237e-10 0.766781 0.396758 0.00203678 1 0.0679655 2.11917e-07 0.602055 0.587861 0.000347002 0.999992 0.141855 0.18569 0.270176 0.836645 0.000175649 0.0722106 0.0658965 0.999996 0.214215 0.900187 0.000345945 7.14163e-07 0.0179583 1 0.231811 0.897415 0.000890379 1.90608e-07 0.00531123 0.99999 0.266652 0.885422 0.00197873 0.000104049 0.00313327 0.99998 0.291846 0.876557 0.00275059 0.000188562 0.198797 -0.240912 0.198797 -0.240912 0.198797 -0.240912 0.283944 -0.370817 0.0851467 -0.129905 -0.230121 0.157776 -0.230121 0.157776 -0.601481 0.537993 -0.601481 0.537993 -0.480191 0.417325 -0.480191 0.417325 -0.00962666 -0.158695 -0.00962666 -0.158695 0.525616 -0.674678 0.525616 -0.674678 0.661547 -0.694331 0.661547 -0.694331 0.620497 -0.683746 0.620497 -0.683746 0.300215 -0.338386 0.587661 -0.671816 0.287446 -0.333431 0.287446 -0.333431 0.287446 -0.333431
11.56 -0 0 29.7124 -27.6843 -0 0 39.0657 -36.3969 -0 0 14.6983 -15.59 0 -0 -17.7015 15.9799 0 -0 -40.8304 38.1302 0 -0 -33.9642 25.2393 0 -0 -11.848 1.57409 -0 0 3.67949 -9.64979 -0 0 9.26636 -10.3186 -0 0 9.26636 -10.3186 0.00221886 1 0.509268 0.671436 0.00974848 1.07923e-07 0.000999663 0.999347 0.630585 0.547844 0.024746 0.000755888 0.00163686 9.10401e-05 0.810534 0.333937 0.0143359 0.999568 0.0085781 8.47662e-10 0.775254 0.385816 0.00243729 1 0.0585565 7.48396e-08 0.619107 0.56885 0.000396015 0.999997 0.145716 0.0543035 0.281893 0.8099 0.000173799 0.247456 0.0741225 0.999987 0.211915 0.899794 0.000313734 1.85168e-06 0.0215898 1 0.223914 0.900787 0.000771613 3.02639e-07 0.00665089 0.999988 0.25416 0.890693 0.00166238 0.000110766 0.00396141 0.999978 0.276499 0.882946 0.00228763 0.000200403 0.205047 -0.247046 0.205047 -0.247046 0.205047 -0.247046 0.322405 -0.405884 0.117358 -0.158838 -0.197822 0.129104 -0.197822 0.129104 -0.606109 0.543503 -0.606109 0.543503 -0.496628 0.431965 -0.496628 0.431965 -0.10853 -0.119825 -0.10853 -0.119825 0.441443 -0.64558 0.441443 -0.64558 0.668892 -0.696404 0.668892 -0.696404 0.630867 -0.688123 0.630867 -0.688123 0.30625 -0.341071 0.600951 -0.677816 0.294701 -0.336745 0.294701 -0.336745 0.294701 -0.336745
11.61 -0 0 28.2279 -26.3877 -0 0 40.6845 -37.6025 -0 0 15.4461 -16.155 0 -0 -14.5853 12.9235 0 -0 -39.4026 37.4342 0 -0 -35.646 28.1952 0 -0 -13.3839 3.51443 -0 0 2.18088 -8.16705 -0 0 8.29683 -9.45082 -0 0 8.29683 -9.45082 0.00244399 1 0.49247 0.686708 0.00879793 7.9341e-08 0.00105143 0.999851 0.609578 0.572558 0.0231959 0.000218822 0.00146794 0.000366844 0.808533 0.33723 0.0161769 0.9985 0.00725384 1.40211e-09 0.782679 0.375857 0.00291245 1 0.0502422 2.97847e-08 0.634893 0.548979 0.000455338 0.999999 0.147948 0.0143844 0.304908 0.781676 0.000175512 0.582813 0.0828389 0.999954 0.21052 0.898556 0.000286048 5.0254e-06 0.0258296 1 0.216719 0.90374 0.000671852 5.05102e-07 0.0083039 0.999986 0.242727 0.895463 0.00140346 0.000122966 0.00500212 0.999974 0.262468 0.888718 0.0019114 0.000221627 0.211442 -0.253223 0.211442 -0.253223 0.211442 -0.253223 0.351689 -0.433786 0.140247 -0.180563 -0.174572 0.107111 -0.174572 0.107111 -0.609933 0.548035 -0.609933 0.548035 -0.511201 0.445444 -0.511201 0.445444 -0.185249 -0.0429057 -0.185249 -0.0429057 0.378013 -0.577429 0.378013 -0.577429 0.675936 -0.698003 0.675936 -0.698003 0.640622 -0.692042 0.640622 -0.692042 0.311859 -0.343479 0.613267 -0.683185 0.301408 -0.339706 0.301408 -0.339706 0.301408 -0.339706
11.66 -0 0 26.8429 -25.1995 -0 0 41.7068 -38.5036 -0 0 16.0016 -16.7439 0 -0 -11.8661 10.1653 0 -0 -37.8719 36.1124 0 -0 -37.2215 30.8183 0 -0 -14.9254 5.50875 -0 0 0.712363 -6.65282 -0 0 7.365 -8.59769 -0 0 7.365 -8.59769 0.00271122 1 0.476053 0.701351 0.00789546 6.2519e-08 0.00111904 0.999965 0.590755 0.593882 0.0214629 6.41994e-05 0.00132545 0.00141454 0.806358 0.340827 0.0180948 0.995015 0.0061534 2.59426e-09 0.789232 0.366706 0.00347325 1 0.0429582 1.33971e-08 0.650554 0.528805 0.000527511 1 0.14738 0.00367722 0.342004 0.754385 0.00018074 0.852784 0.0919377 0.999832 0.210628 0.896699 0.000262275 1.43021e-05 0.0307381 0.999999 0.210227 0.906299 0.000587792 8.84882e-07 0.0103299 0.999983 0.232271 0.89978 0.00119081 0.000141911 0.00630238 0.999969 0.249644 0.893942 0.00160477 0.00025427 0.217883 -0.259337 0.217883 -0.259337 0.217883 -0.259337 0.374952 -0.456649 0.157068 -0.197311 -0.157113 0.0894596 -0.157113 0.0894596 -0.612989 0.551534 -0.612989 0.551534 -0.524295 0.458185 -0.524295 0.458185 -0.242529 0.0634412 -0.242529 0.0634412 0.332801 -0.479223 0.332801 -0.479223 0.68259 -0.699141 0.68259 -0.699141 0.649838 -0.695542 0.649838 -0.695542 0.31709 -0.345642 0.624703 -0.687997 0.307614 -0.342355 0.307614 -0.342355 0.307614 -0.342355
11.71 -0 0 25.5006 -24.0959 -0 0 41.954 -39.0238 -0 0 17.0525 -18.2461 -0 -0 -9.19654 7.3711 0 -0 -36.3405 34.5564 0 -0 -38.5959 33.0135 0 -0 -16.4385 7.49824 -0 0 -0.744144 -5.09261 -0 0 6.44972 -7.73874 -0 0 6.44972 -7.73874 0.00302708 1 0.460195 0.715211 0.00705113 5.23636e-08 0.00120274 0.999992 0.573814 0.612415 0.0196582 1.94187e-05 0.00120475 0.0052696 0.803948 0.344611 0.0200683 0.983758 0.00523856 5.2871e-09 0.795105 0.358242 0.0041318 1 0.0366017 6.77745e-09 0.666631 0.50887 0.000615538 1 0.143259 0.000931361 0.385124 0.728843 0.000189425 0.959774 0.101252 0.999383 0.212499 0.894432 0.000241856 4.26159e-05 0.0363695 0.999999 0.204467 0.908498 0.000516734 1.62668e-06 0.0127951 0.999978 0.222717 0.903688 0.00101551 0.000169923 0.00791667 0.999961 0.237927 0.898679 0.00135401 0.000302065 0.22428 -0.265296 0.22428 -0.265296 0.22428 -0.265296 0.394196 -0.475882 0.169915 -0.210587 -0.143134 0.0740286 -0.143134 0.0740286 -0.615121 0.553436 -0.615121 0.553436 -0.536315 0.470376 -0.536315 0.470376 -0.287537 0.162442 -0.287537 0.162442 0.298807 -0.387905 0.298807 -0.387905 0.688693 -0.699865 0.688693 -0.699865 0.658579 -0.69866 0.658579 -0.69866 0.321987 -0.347587 0.635355 -0.692317 0.313368 -0.344729 0.313368 -0.344729 0.313368 -0.344729
11.76 -0 0 24.1627 -23.0073 -0 0 41.7097 -39.2116 -0 0 18.8682 -20.4619 -0 0 -6.69501 4.6637 0 -0 -34.824 32.8406 0 -0 -39.7545 34.7644 0 -0 -17.8856 9.3788 -0 0 -2.17517 -3.53958 -0 0 5.54765 -6.88048 -0 0 5.54765 -6.88048 0.00339891 1 0.445016 0.728208 0.0062716 4.63617e-08 0.00130315 0.999998 0.558457 0.628656 0.0178632 6.15593e-06 0.00110225 0.0194976 0.800873 0.348723 0.0220744 0.947017 0.00447685 1.17544e-08 0.800441 0.350393 0.00490123 1 0.0310731 3.82874e-09 0.682862 0.489584 0.000722958 1 0.135866 0.000237412 0.426703 0.705203 0.000201609 0.989976 0.110581 0.997721 0.215877 0.8919 0.000224299 0.000132221 0.042767 0.999997 0.199448 0.910385 0.000456464 3.13333e-06 0.0157716 0.999971 0.214001 0.907228 0.00087045 0.000210783 0.00990709 0.999949 0.227223 0.902983 0.00114823 0.000371025 0.230557 -0.271024 0.230557 -0.271024 0.230557 -0.271024 0.410668 -0.492411 0.180111 -0.221387 -0.130357 0.0575236 -0.130357 0.0575236 -0.61544 0.551494 -0.61544 0.551494 -0.547548 0.482073 -0.547548 0.482073 -0.325029 0.237733 -0.325029 0.237733 0.271289 -0.319892 0.271289 -0.319892 0.694049 -0.70023 0.694049 -0.70023 0.666904 -0.701431 0.666904 -0.701431 0.326597 -0.349336 0.645318 -0.696198 0.318721 -0.346861 0.318721 -0.346861 0.318721 -0.346861
11.81 -0 0 22.8208 -21.8367 -0 0 41.3098 -39.1594 -0 0 21.0844 -22.8927 -0 0 -4.34162 2.17519 0 -0 -33.3653 31.1825 0 -0 -40.7145 36.1492 0 -0 -19.2285 11.0897 -0 0 -3.54751 -2.04389 -0 0 4.67105 -6.03792 -0 0 4.67105 -6.03792 0.00383497 1 0.430585 0.740309 0.00556019 4.33526e-08 0.00142134 0.999999 0.544333 0.643039 0.0161333 2.06775e-06 0.00101568 0.0711831 0.795607 0.354085 0.0240811 0.835768 0.00384128 2.81355e-08 0.805275 0.343148 0.00579547 1 0.0262893 2.39712e-09 0.698746 0.471218 0.000853927 1 0.126081 6.16178e-05 0.464007 0.683387 0.000217451 0.997552 0.119728 0.99161 0.220339 0.889168 0.000209177 0.000423098 0.049959 0.999993 0.195146 0.912001 0.000405165 6.29765e-06 0.0193362 0.99996 0.206063 0.910436 0.00074993 0.000270296 0.0123433 0.999931 0.217444 0.906901 0.000978693 0.000470227 0.236654 -0.276471 0.236654 -0.276471 0.236654 -0.276471 0.425159 -0.506851 0.188505 -0.23038 -0.11433 0.0320518 -0.11433 0.0320518 -0.610395 0.538519 -0.610395 0.538519 -0.558122 0.493265 -0.558122 0.493265 -0.357487 0.291679 -0.357487 0.291679 0.247413 -0.272798 0.247413 -0.272798 0.698246 -0.700279 0.698246 -0.700279 0.674869 -0.70389 0.674869 -0.70389 0.330961 -0.350909 0.654685 -0.699685 0.323723 -0.348777 0.323723 -0.348777 0.323723 -0.348777
11.86 -0 0 21.4808 -20.5125 -0 0 40.9535 -38.8394 -0 0 23.4641 -25.2453 -0 0 -2.07377 -0.159532 0 -0 -32.0195 29.7683 0 -0 -41.5067 37.3085 0 -0 -20.4549 12.6473 -0 -0 -4.83926 -0.624345 -0 0 3.83076 -5.22096 -0 0 3.83076 -5.22096 0.00434452 1 0.416918 0.751528 0.00491739 4.29919e-08 0.00155893 1 0.530868 0.656049 0.0145031 7.42229e-07 0.000944781 0.231445 0.784353 0.363973 0.0260207 0.589854 0.00330987 7.18532e-08 0.809441 0.33664 0.00682876 1 0.0221773 1.64661e-09 0.713869 0.453936 0.00101331 1 0.114882 1.64271e-05 0.496713 0.663237 0.000237224 0.999397 0.128514 0.969796 0.22552 0.886125 0.000196142 0.00138205 0.0579564 0.999983 0.191506 0.913384 0.000361342 1.31336e-05 0.023568 0.999944 0.19885 0.91335 0.000649388 0.00035737 0.0153019 0.999905 0.208513 0.910474 0.000838466 0.000613323 0.242532 -0.281602 0.242532 -0.281602 0.242532 -0.281602 0.438208 -0.519639 0.195676 -0.238037 -0.0832183 -0.0179635 -0.0832183 -0.0179635 -0.588755 0.499416 -0.588755 0.499416 -0.568037 0.503907 -0.568037 0.503907 -0.386189 0.330603 -0.386189 0.330603 0.224465 -0.240204 0.224465 -0.240204 0.699887 -0.699988 0.699887 -0.699988 0.682532 -0.706066 0.682532 -0.706066 0.335123 -0.352321 0.663547 -0.702817 0.328425 -0.350496 0.328425 -0.350496 0.328425 -0.350496
11.91 -0 0 20.2207 -19.2027 -0 0 40.5635 -38.0824 -0 0 26.1334 -27.5029 -0 0 0.165287 -2.35895 0 -0 -30.7395 28.6018 0 -0 -42.1494 38.3888 0 -0 -21.5845 14.1115 0 -0 -6.04103 0.706628 -0 0 3.03611 -4.44129 -0 0 3.03611 -4.44129 0.00493799 1 0.403968 0.761914 0.0043414 4.52211e-08 0.00171862 1 0.517147 0.668416 0.0129894 2.88709e-07 0.000891915 0.540025 0.762945 0.385254 0.0277192 0.294694 0.00286515 1.9465e-07 0.812536 0.331325 0.00801382 0.999999 0.0186682 1.22868e-09 0.727947 0.437842 0.00120676 1 0.10312 4.52906e-06 0.525232 0.644536 0.000261318 0.999849 0.136791 0.898885 0.231181 0.882174 0.000184946 0.00456661 0.0667504 0.999957 0.188459 0.914547 0.00032377 2.82501e-05 0.0285458 0.999919 0.192307 0.915999 0.000565165 0.000485682 0.0188651 0.999866 0.200357 0.913742 0.000722002 0.000820847 0.24817 -0.286405 0.24817 -0.286405 0.24817 -0.286405 0.450267 -0.531136 0.202096 -0.244731 -0.0177132 -0.100605 -0.0177132 -0.100605 -0.531651 0.42644 -0.531651 0.42644 -0.577203 0.513905 -0.577203 0.513905 -0.411828 0.359667 -0.411828 0.359667 0.197068 -0.216647 0.197068 -0.216647 0.694363 -0.699123 0.694363 -0.699123 0.68995 -0.707987 0.68995 -0.707987 0.339122 -0.353587 0.671995 -0.705624 0.332873 -0.352037 0.332873 -0.352037 0.332873 -0.352037
11.96 -0 0 18.789 -17.6823 -0 0 40.0513 -36.8916 -0 0 29.1659 -29.7148 -0 0 2.44793 -4.42897 0 -0 -29.2263 27.5027 0 -0 -42.5889 39.565 0 -0 -22.6781 15.6561 0 -0 -7.15736 1.96888 -0 0 2.295 -3.70622 -0 0 2.295 -3.70622 0.00562725 1 0.39162 0.77157 0.00382874 5.0462e-08 0.0019048 1 0.502354 0.681092 0.0115943 1.23934e-07 0.000860099 0.818983 0.732909 0.420981 0.0288591 0.110195 0.00249335 5.57728e-07 0.814194 0.32796 0.00935783 0.999997 0.0156945 9.95234e-10 0.740792 0.423022 0.00144076 1 0.0914455 1.30063e-06 0.550121 0.626911 0.000290257 0.999961 0.144434 0.719473 0.237276 0.875542 0.000175513 0.0151486 0.0763117 0.999893 0.18594 0.915445 0.000291446 6.23213e-05 0.0343454 0.99988 0.186384 0.918412 0.000494316 0.000676157 0.023119 0.999807 0.192912 0.916736 0.000624867 0.00112348 0.253572 -0.290885 0.253572 -0.290885 0.253572 -0.290885 0.461763 -0.541709 0.208191 -0.250824 0.0795211 -0.196036 0.0795211 -0.196036 -0.442089 0.339663 -0.442089 0.339663 -0.585473 0.523088 -0.585473 0.523088 -0.434808 0.382335 -0.434808 0.382335 0.153514 -0.197719 0.153514 -0.197719 0.67045 -0.69679 0.67045 -0.69679 0.697181 -0.709666 0.697181 -0.709666 0.342999 -0.354716 0.680115 -0.708127 0.337115 -0.35341 0.337115 -0.35341 0.337115 -0.35341
12.01 -0 0 16.8403 -16.008 -0 0 38.9226 -35.4043 -0 0 32.2351 -31.8351 -0 0 4.79555 -6.42226 0 -0 -26.9763 26.1228 0 -0 -42.6975 40.9911 0 -0 -23.855 17.5578 0 -0 -8.21426 3.20451 -0 0 1.6107 -3.02117 -0 0 1.6107 -3.02117 0.00642605 1 0.379735 0.780633 0.00337474 6.04895e-08 0.0021237 1 0.486358 0.694586 0.010311 5.93582e-08 0.000850074 0.947182 0.699888 0.463346 0.0291672 0.0350446 0.00218302 1.69213e-06 0.814429 0.326948 0.0108583 0.999993 0.0131905 8.93484e-10 0.752303 0.409533 0.00172261 1 0.0803141 3.93662e-07 0.571932 0.609682 0.000324769 0.99999 0.151321 0.442044 0.244202 0.863272 0.000168064 0.0499359 0.0865894 0.999729 0.183903 0.915927 0.000263565 0.00014053 0.0410347 0.99982 0.181031 0.920603 0.000434468 0.000960936 0.028151 0.999718 0.18612 0.919486 0.00054351 0.00156718 0.258761 -0.295063 0.258761 -0.295063 0.258761 -0.295063 0.473043 -0.551716 0.214282 -0.256653 0.176622 -0.280729 0.176622 -0.280729 -0.352179 0.262777 -0.352179 0.262777 -0.592721 0.531247 -0.592721 0.531247 -0.455393 0.400837 -0.455393 0.400837 0.0816268 -0.178378 0.0816268 -0.178378 0.616298 -0.690197 0.616298 -0.690197 0.704269 -0.711091 0.704269 -0.711091 0.34679 -0.355714 0.687986 -0.710336 0.341196 -0.354622 0.341196 -0.354622 0.341196 -0.354622
12.06 -0 0 14.9592 -14.4898 -0 0 37.2199 -33.7405 -0 0 34.9373 -33.7579 -0 0 6.8917 -8.17415 0 -0 -24.036 24.2125 0 -0 -42.4034 42.4328 0 -0 -25.2226 19.9657 0 -0 -9.24152 4.4525 -0 0 0.988795 -2.39439 -0 0 0.988795 -2.39439 0.00735031 1 0.368201 0.789232 0.00297412 7.70639e-08 0.00238286 1 0.469569 0.708677 0.00913257 3.19381e-08 0.000860609 0.986775 0.667965 0.503929 0.0286136 0.0102908 0.0019242 5.39988e-06 0.813537 0.328017 0.012503 0.999979 0.0110935 9.19644e-10 0.762478 0.397353 0.00206044 1 0.0700071 1.27671e-07 0.591231 0.59201 0.00036592 0.999997 0.157267 0.20745 0.253615 0.844068 0.000163073 0.156072 0.0975107 0.99931 0.182361 0.915788 0.000239489 0.000323365 0.0486705 0.999724 0.176207 0.922575 0.000383707 0.0013887 0.0340459 0.999581 0.179931 0.922018 0.000475078 0.00221953 0.263772 -0.298975 0.263772 -0.298975 0.263772 -0.298975 0.484301 -0.561401 0.220528 -0.262427 0.253963 -0.347154 0.253963 -0.347154 -0.281698 0.203421 -0.281698 0.203421 -0.598905 0.538255 -0.598905 0.538255 -0.473796 0.416654 -0.473796 0.416654 -0.0100796 -0.149612 -0.0100796 -0.149612 0.540646 -0.671791 0.540646 -0.671791 0.71123 -0.71221 0.71123 -0.71221 0.350529 -0.356578 0.695684 -0.712248 0.345155 -0.35567 0.345155 -0.35567 0.345155 -0.35567
12.11 -0 0 12.9412 -12.8261 -0 0 36.0335 -32.3535 -0 0 37.4904 -35.4516 -0 0 8.21018 -9.16059 0 -0 -21.5555 22.0896 0 -0 -41.7025 43.1333 0 -0 -26.7787 22.7462 0 -0 -10.3029 5.82178 -0 0 0.399721 -1.78398 -0 0 0.399721 -1.78398 0.00841838 1 0.356959 0.797453 0.00262147 1.04373e-07 0.0026909 1 0.452525 0.722855 0.00805544 1.9112e-08 0.000890148 0.996939 0.638772 0.539552 0.0273565 0.00291009 0.00170813 1.75976e-05 0.811858 0.330604 0.0142735 0.999939 0.00934458 1.07947e-09 0.771393 0.386362 0.00246318 1 0.0606651 4.51268e-08 0.608743 0.573449 0.000415227 0.999999 0.161833 0.0819003 0.269884 0.820056 0.000160942 0.399658 0.108975 0.998244 0.181484 0.914934 0.000218707 0.000761093 0.057293 0.999574 0.171882 0.92432 0.000340485 0.00203499 0.0408824 0.999373 0.174301 0.924353 0.000417271 0.0031825 0.268642 -0.302659 0.268642 -0.302659 0.268642 -0.302659 0.495587 -0.570863 0.226946 -0.268204 0.310897 -0.397376 0.310897 -0.397376 -0.231355 0.159597 -0.231355 0.159597 -0.604063 0.544122 -0.604063 0.544122 -0.490236 0.430793 -0.490236 0.430793 -0.098467 -0.0953459 -0.098467 -0.0953459 0.466782 -0.626433 0.466782 -0.626433 0.718012 -0.712942 0.718012 -0.712942 0.354242 -0.357295 0.703271 -0.713837 0.349029 -0.356542 0.349029 -0.356542 0.349029 -0.356542
12.16 -0 0 10.6331 -10.9822 -0 0 35.4881 -31.5128 -0 0 39.7021 -36.9115 -0 0 9.16161 -9.8404 0 -0 -19.3831 20.0171 0 -0 -40.7436 43.0728 0 -0 -28.407 25.5777 0 -0 -11.4394 7.33524 -0 0 -0.204245 -1.13983 -0 0 -0.204245 -1.13983 0.00965113 1 0.345988 0.80534 0.00231156 1.51147e-07 0.00305744 1 0.435677 0.736674 0.00707797 1.23482e-08 0.000937681 0.999324 0.612622 0.570011 0.0256137 0.000810833 0.00152728 5.68363e-05 0.809675 0.334177 0.016147 0.999827 0.00788989 1.40389e-09 0.779195 0.376398 0.00294071 1 0.052318 1.75954e-08 0.625472 0.55414 0.000474668 1 0.164084 0.0294342 0.29825 0.794271 0.000161821 0.705347 0.12084 0.995509 0.181689 0.913419 0.000200784 0.00184232 0.0669218 0.999335 0.168054 0.925836 0.000303545 0.00302352 0.0487279 0.999052 0.169195 0.926507 0.000368235 0.0046193 0.273399 -0.306147 0.273399 -0.306147 0.273399 -0.306147 0.506865 -0.580092 0.233467 -0.273945 0.352728 -0.435578 0.352728 -0.435578 -0.195851 0.127171 -0.195851 0.127171 -0.608292 0.548959 -0.608292 0.548959 -0.505004 0.443894 -0.505004 0.443894 -0.171216 -0.00673449 -0.171216 -0.00673449 0.407063 -0.545808 0.407063 -0.545808 0.724401 -0.713174 0.724401 -0.713174 0.357947 -0.35784 0.710794 -0.715053 0.352847 -0.357213 0.352847 -0.357213 0.352847 -0.357213
12.21 -0 0 8.39452 -9.13163 -0 0 35.0316 -30.9789 -0 0 41.1454 -38.0489 -0 0 10.3268 -11.3106 0 -0 -17.1448 17.6669 0 -0 -39.6912 42.5785 0 -0 -29.9727 28.2291 0 -0 -12.6408 8.96146 -0 0 -0.850033 -0.434433 -0 0 -0.850033 -0.434433 0.011072 1 0.335296 0.812912 0.00203953 2.34279e-07 0.00349325 1 0.419346 0.749841 0.00619847 8.40589e-09 0.00100292 0.999852 0.589336 0.595968 0.0235891 0.000226533 0.00137537 0.000181583 0.807197 0.338327 0.0180989 0.999514 0.00668149 1.99817e-09 0.786079 0.367311 0.00350385 1 0.0449203 7.58702e-09 0.642297 0.53453 0.000546656 1 0.162925 0.0100408 0.336928 0.76874 0.000165699 0.896015 0.132899 0.98847 0.183409 0.911347 0.000185338 0.00460053 0.0775493 0.998952 0.164753 0.927127 0.00027186 0.00456123 0.057633 0.998553 0.164593 0.928492 0.000326468 0.00679613 0.278062 -0.309465 0.278062 -0.309465 0.278062 -0.309465 0.518057 -0.589035 0.239995 -0.27957 0.384394 -0.465325 0.384394 -0.465325 -0.170229 0.102603 -0.170229 0.102603 -0.611711 0.552912 -0.611711 0.552912 -0.518462 0.456315 -0.518462 0.456315 -0.228643 0.0942583 -0.228643 0.0942583 0.360957 -0.45204 0.360957 -0.45204 0.729865 -0.712706 0.729865 -0.712706 0.361644 -0.35817 0.718271 -0.715802 0.356627 -0.357632 0.356627 -0.357632 0.356627 -0.357632
12.26 -0 0 6.30868 -7.35339 -0 0 34.446 -30.5375 -0 0 41.7981 -38.8033 -0 0 12.2976 -13.8882 0 -0 -14.7325 14.9237 0 -0 -38.6089 41.7827 0 -0 -31.3933 30.5846 0 -0 -13.8819 10.6407 -0 0 -1.54355 0.328222 -0 0 -1.54355 0.328222 0.0127068 1 0.324906 0.82017 0.00180096 3.86451e-07 0.00401042 1 0.403736 0.762192 0.0054139 5.95887e-09 0.00108622 0.999967 0.568597 0.618182 0.0214471 6.46872e-05 0.00124722 0.000591125 0.804567 0.342765 0.0201037 0.998563 0.00567758 3.13063e-09 0.792245 0.358978 0.00416442 1 0.0383979 3.60541e-09 0.659382 0.515097 0.000634049 1 0.157964 0.00332833 0.378572 0.744407 0.000172542 0.969457 0.144896 0.970474 0.186764 0.908746 0.000172036 0.0118385 0.0891364 0.998325 0.162028 0.928205 0.00024459 0.00700044 0.0676262 0.997766 0.16049 0.93032 0.000290748 0.0101534 0.282643 -0.312629 0.282643 -0.312629 0.282643 -0.312629 0.529077 -0.597625 0.246434 -0.284997 0.409324 -0.489142 0.409324 -0.489142 -0.151015 0.083356 -0.151015 0.083356 -0.614435 0.556094 -0.614435 0.556094 -0.530941 0.468215 -0.530941 0.468215 -0.274874 0.180929 -0.274874 0.180929 0.323437 -0.37154 0.323437 -0.37154 0.733209 -0.71106 0.733209 -0.71106 0.365309 -0.358214 0.725679 -0.715925 0.36037 -0.357711 0.36037 -0.357711 0.36037 -0.357711
12.31 -0 0 4.41279 -5.67507 -0 0 33.7182 -30.0612 -0 0 42.0601 -39.2816 -0 0 14.9681 -16.9357 0 -0 -12.4662 12.2799 0 -0 -37.4194 40.6407 0 -0 -32.6189 32.5893 0 -0 -15.1193 12.2978 -0 0 -2.2555 1.10799 -0 0 -2.2555 1.10799 0.014584 1 0.314845 0.827111 0.00159186 6.73388e-07 0.00462257 1 0.388966 0.773657 0.00471958 4.38847e-09 0.00118851 0.999992 0.550079 0.637318 0.0193079 1.91647e-05 0.00113861 0.00203383 0.801855 0.347309 0.0221362 0.995387 0.00484249 5.36604e-09 0.797855 0.351305 0.0049351 1 0.0326797 1.88425e-09 0.676359 0.496223 0.000740203 1 0.149688 0.00108954 0.418108 0.721547 0.000182382 0.991749 0.156546 0.926151 0.191723 0.905421 0.000160604 0.0310444 0.101608 0.997289 0.159927 0.929074 0.000221039 0.0109305 0.0787079 0.996506 0.1569 0.931998 0.000260079 0.0154006 0.287148 -0.315647 0.287148 -0.315647 0.287148 -0.315647 0.539851 -0.605809 0.252703 -0.290162 0.429709 -0.508712 0.429709 -0.508712 -0.135907 0.067588 -0.135907 0.067588 -0.616502 0.558457 -0.616502 0.558457 -0.542651 0.479642 -0.542651 0.479642 -0.313424 0.245956 -0.313424 0.245956 0.28851 -0.310506 0.28851 -0.310506 0.731767 -0.706987 0.731767 -0.706987 0.368895 -0.357849 0.732947 -0.715148 0.364052 -0.357299 0.364052 -0.357299 0.364052 -0.357299
12.36 -0 0 2.68946 -4.11015 -0 0 32.9054 -29.542 -0 0 42.1765 -39.62 -0 0 17.7251 -19.9366 0 -0 -10.317 9.89397 0 -0 -36.0738 39.4171 0 -0 -33.6069 34.3163 0 -0 -16.3253 13.9238 -0 0 -2.95575 1.87595 -0 0 -2.95575 1.87595 0.0167343 1 0.305141 0.833729 0.00140869 1.22949e-06 0.0053449 1 0.375088 0.784229 0.00410941 3.35934e-09 0.00131114 0.999998 0.533479 0.653921 0.017253 5.93477e-06 0.00104617 0.00748731 0.79899 0.351922 0.0241716 0.983985 0.00414637 9.94266e-09 0.803015 0.344225 0.00582938 1 0.0277026 1.08485e-09 0.692783 0.478165 0.000869046 1 0.139013 0.000357221 0.453823 0.700059 0.00019535 0.997848 0.167548 0.828055 0.198615 0.900722 0.000150855 0.0805996 0.114851 0.995556 0.158517 0.929718 0.000200637 0.0173215 0.0908445 0.994474 0.153868 0.933529 0.000233646 0.0236527 0.291578 -0.318526 0.291578 -0.318526 0.291578 -0.318526 0.550322 -0.613549 0.258744 -0.295023 0.446924 -0.525149 0.446924 -0.525149 -0.123151 0.0534808 -0.123151 0.0534808 -0.617656 0.55938 -0.617656 0.55938 -0.553677 0.49059 -0.553677 0.49059 -0.346579 0.293066 -0.346579 0.293066 0.248524 -0.262206 0.248524 -0.262206 0.720066 -0.697323 0.720066 -0.697323 0.372314 -0.356867 0.739924 -0.713021 0.36761 -0.356153 0.36761 -0.356153 0.36761 -0.356153
12.41 -0 0 1.10247 -2.6511 -0 0 32.0456 -28.9978 -0 0 42.2393 -39.8922 -0 0 20.0486 -22.532 0 -0 -8.22084 7.4945 0 -0 -34.56 38.4002 0 -0 -34.3315 35.9491 0 -0 -17.5227 15.6093 -0 0 -3.6322 2.62655 -0 0 -3.6322 2.62655 0.0191903 1 0.295818 0.840021 0.00124827 2.33428e-06 0.00619434 1 0.362114 0.793934 0.0035763 2.67222e-09 0.00145587 0.999999 0.518501 0.668443 0.0153322 1.92435e-06 0.00096737 0.0286043 0.795454 0.35692 0.0261831 0.94254 0.00356461 1.97663e-08 0.807775 0.337698 0.00686133 1 0.0234055 6.89756e-10 0.708333 0.461067 0.00102517 1 0.126896 0.000118924 0.485713 0.679575 0.0002117 0.999447 0.177525 0.654583 0.208775 0.893343 0.000142724 0.195119 0.128712 0.992646 0.157933 0.930069 0.000182914 0.0277445 0.103963 0.991177 0.15148 0.934907 0.000210782 0.0366228 0.295934 -0.321269 0.295934 -0.321269 0.295934 -0.321269 0.560453 -0.620826 0.26452 -0.299557 0.46184 -0.539198 0.46184 -0.539198 -0.110399 0.037536 -0.110399 0.037536 -0.616512 0.556165 -0.616512 0.556165 -0.56403 0.501037 -0.56403 0.501037 -0.37575 0.327768 -0.37575 0.327768 0.194136 -0.214471 0.194136 -0.214471 0.690067 -0.675113 0.690067 -0.675113 0.37542 -0.354922 0.746344 -0.708807 0.370924 -0.353885 0.370924 -0.353885 0.370924 -0.353885
12.46 -0 0 -0.290132 -1.34735 -0 0 31.1739 -28.4323 -0 0 42.3146 -40.068 -0 0 22.0864 -24.7345 -0 -0 -6.25744 5.26534 0 -0 -32.7715 37.3477 0 -0 -34.7688 37.519 0 -0 -18.7716 17.4715 -0 0 -4.28245 3.35963 -0 0 -4.28245 3.35963 0.0219862 0.999999 0.286891 0.845988 0.00110779 4.57251e-06 0.00718959 1 0.35002 0.802825 0.00311273 2.20778e-09 0.00162492 1 0.504774 0.6813 0.013572 6.53905e-07 0.00090081 0.105316 0.789316 0.363788 0.0281295 0.8101 0.00307711 4.18614e-08 0.812089 0.331747 0.00804525 1 0.0197252 4.8715e-10 0.722838 0.444971 0.00121395 1 0.114155 4.07538e-05 0.5145 0.659507 0.000231859 0.999859 0.185888 0.436818 0.225026 0.881736 0.000136292 0.400159 0.142991 0.987748 0.158466 0.930004 0.000167491 0.0446597 0.117946 0.985828 0.149885 0.936111 0.000190936 0.056828 0.300215 -0.323877 0.300215 -0.323877 0.300215 -0.323877 0.570225 -0.627633 0.27001 -0.303757 0.475034 -0.551378 0.475034 -0.551378 -0.0916565 0.0102402 -0.0916565 0.0102402 -0.607703 0.539848 -0.607703 0.539848 -0.573692 0.510957 -0.573692 0.510957 -0.401828 0.354417 -0.401828 0.354417 0.120339 -0.153087 0.120339 -0.153087 0.637461 -0.629978 0.637461 -0.629978 0.377963 -0.351444 0.751746 -0.701341 0.373783 -0.349897 0.373783 -0.349897 0.373783 -0.349897
12.51 -0 0 -1.23202 -0.411078 -0 0 30.4251 -27.8307 -0 0 42.3788 -39.9547 -0 0 24.0805 -26.6714 -0 -0 -4.66789 3.44389 0 -0 -31.0413 36.2448 0 -0 -34.892 38.8045 0 -0 -20.1159 19.5776 -0 0 -4.92487 4.10534 -0 0 -4.92487 4.10534 0.0251573 0.999998 0.278373 0.851632 0.000984763 9.10468e-06 0.00835116 1 0.338748 0.810971 0.00271106 1.89049e-09 0.00182116 1 0.491648 0.693012 0.0119811 2.34413e-07 0.00084717 0.317834 0.775984 0.377122 0.0299108 0.531852 0.00266772 9.29899e-08 0.815715 0.32658 0.00939457 1 0.0165962 3.82889e-10 0.736243 0.429844 0.00144166 1 0.101402 1.45779e-05 0.541222 0.639236 0.000256484 0.999964 0.191727 0.247578 0.25029 0.865331 0.000131742 0.644339 0.157421 0.979528 0.160618 0.929377 0.000154065 0.0717208 0.132619 0.977167 0.149332 0.937101 0.000173659 0.0877335 0.304423 -0.326351 0.304423 -0.326351 0.304423 -0.326351 0.579635 -0.633981 0.275212 -0.30763 0.486942 -0.562081 0.486942 -0.562081 -0.0516771 -0.0461687 -0.0516771 -0.0461687 -0.576421 0.493049 -0.576421 0.493049 -0.582616 0.520323 -0.582616 0.520323 -0.425449 0.375994 -0.425449 0.375994 0.0336579 -0.0716259 0.0336579 -0.0716259 0.569029 -0.55761 0.569029 -0.55761 0.379524 -0.345547 0.755365 -0.688864 0.37584 -0.343317 0.37584 -0.343317 0.37584 -0.343317
12.56 -0 0 -1.7689 0.10048 -0 0 29.7473 -26.8555 -0 0 42.4376 -39.3018 -0 0 26.6157 -28.5698 -0 0 -3.83319 2.58646 0 -0 -30.2832 35.5114 0 -0 -34.6309 39.3401 0 -0 -21.5323 21.8501 -0 0 -5.59413 4.90915 -0 0 -5.59413 4.90915 0.0287392 0.999997 0.270266 0.856963 0.000876988 1.80583e-05 0.00970154 1 0.328193 0.81846 0.00236392 1.69547e-09 0.00204897 1 0.478129 0.704375 0.0105551 9.03275e-08 0.000809658 0.640892 0.751643 0.403889 0.0312846 0.242376 0.00232375 2.09748e-07 0.818196 0.322763 0.0109189 1 0.0139523 3.22789e-10 0.748558 0.415634 0.0017156 1 0.0890573 5.52772e-06 0.566807 0.6184 0.000286509 0.999991 0.194001 0.124194 0.284306 0.845043 0.00012924 0.831078 0.171652 0.965802 0.165036 0.928077 0.00014239 0.113939 0.147744 0.963213 0.150207 0.937813 0.000158581 0.133684 0.308561 -0.328694 0.308561 -0.328694 0.308561 -0.328694 0.588702 -0.639888 0.28014 -0.311194 0.497977 -0.571661 0.497977 -0.571661 0.0258049 -0.135305 0.0258049 -0.135305 -0.506741 0.412424 -0.506741 0.412424 -0.590724 0.52906 -0.590724 0.52906 -0.447117 0.394436 -0.447117 0.394436 -0.0530182 0.0192532 -0.0530182 0.0192532 0.49751 -0.469322 0.49751 -0.469322 0.379427 -0.335938 0.755967 -0.668886 0.37654 -0.332948 0.37654 -0.332948 0.37654 -0.332948
12.61 -0 0 -3.95771 1.00751 -0 0 27.9299 -25.1617 -0 0 42.4549 -38.2875 -0 0 29.1368 -30.3957 -0 0 -2.39492 0.108803 0 -0 -28.6315 33.7316 0 -0 -34.2319 39.924 0 -0 -22.9519 24.2671 -0 0 -6.32953 5.84127 -0 0 -6.32953 5.84127 0.0327672 0.999993 0.262561 0.861994 0.000782529 3.54986e-05 0.0112656 1 0.318207 0.825411 0.00206437 1.63427e-09 0.00231497 1 0.463488 0.716228 0.00928034 3.81372e-08 0.00079147 0.870102 0.719495 0.443365 0.0319014 0.0853187 0.00203517 4.76813e-07 0.819219 0.320996 0.0126183 0.999999 0.0117297 2.90372e-10 0.75981 0.402332 0.00204422 1 0.0773959 2.24526e-06 0.591677 0.597011 0.000323173 0.999997 0.19206 0.0573968 0.323394 0.822484 0.000128873 0.932113 0.185236 0.943098 0.172394 0.926028 0.000132262 0.177246 0.163 0.940913 0.153064 0.938151 0.000145398 0.199275 0.312635 -0.330908 0.312635 -0.330908 0.312635 -0.330908 0.597461 -0.645383 0.284825 -0.314475 0.508552 -0.580483 0.508552 -0.580483 0.125801 -0.231518 0.125801 -0.231518 -0.413933 0.323814 -0.413933 0.323814 -0.597915 0.537024 -0.597915 0.537024 -0.467218 0.410952 -0.467218 0.410952 -0.130508 0.102815 -0.130508 0.102815 0.431442 -0.381331 0.431442 -0.381331 0.37664 -0.320895 0.751657 -0.638192 0.375017 -0.317297 0.375017 -0.317297 0.375017 -0.317297
12.66 -0 0 -7.54294 3.47138 -0 0 25.8017 -23.7583 -0 0 40.971 -36.7798 -0 0 31.366 -32.0579 -0 0 0.14705 -3.34474 0 -0 -26.6048 31.2243 0 -0 -33.7391 40.073 0 -0 -24.3135 26.6277 0 -0 -7.13704 6.87895 -0 0 -7.13704 6.87895 0.0372756 0.999984 0.255241 0.866745 0.000699683 7.32968e-05 0.0130711 1 0.308647 0.83195 0.001806 1.70398e-09 0.00262813 1 0.447761 0.728805 0.00814014 1.78986e-08 0.000793307 0.961986 0.685562 0.486157 0.0315694 0.0266225 0.00179352 1.15031e-06 0.818889 0.32144 0.0144804 0.999998 0.00986839 2.88463e-10 0.770038 0.389971 0.00243712 1 0.0666046 9.76838e-07 0.615765 0.575339 0.000368027 0.999999 0.185933 0.0251255 0.36361 0.799087 0.000130665 0.975732 0.197633 0.906232 0.183445 0.923121 0.000123514 0.266457 0.177967 0.905828 0.158643 0.937977 0.000133867 0.287521 0.316654 -0.332996 0.316654 -0.332996 0.316654 -0.332996 0.605966 -0.650508 0.289312 -0.317512 0.518982 -0.58887 0.518982 -0.58887 0.21711 -0.31323 0.21711 -0.31323 -0.3294 0.248929 -0.3294 0.248929 -0.60413 0.544058 -0.60413 0.544058 -0.48599 0.426237 -0.48599 0.426237 -0.195895 0.170515 -0.195895 0.170515 0.372447 -0.30091 0.372447 -0.30091 0.369643 -0.298446 0.739613 -0.593252 0.369971 -0.294806 0.369971 -0.294806 0.369971 -0.294806
12.71 -0 0 -11.3271 6.17523 -0 0 23.8342 -22.1185 -0 0 39.3372 -35.1855 -0 0 33.3337 -33.5207 -0 0 3.44038 -7.13865 0 -0 -24.6926 28.7455 0 -0 -32.9816 39.5481 0 -0 -25.4839 28.7229 0 -0 -7.96965 7.96919 -0 0 -7.96965 7.96919 0.0422966 0.999956 0.248282 0.871239 0.000626956 0.000166178 0.0151489 1 0.299417 0.838171 0.00158307 1.90464e-09 0.00299918 1 0.431438 0.741761 0.00712079 9.43894e-09 0.00081426 0.989828 0.653413 0.525589 0.0303687 0.00792564 0.00159131 3.06542e-06 0.817543 0.323683 0.0164826 0.999995 0.00831427 3.15769e-10 0.779302 0.378577 0.00290498 1 0.0568073 4.57695e-07 0.638796 0.553748 0.000422968 1 0.176208 0.0106455 0.402629 0.775748 0.000134636 0.991963 0.208208 0.848771 0.199086 0.919141 0.000116011 0.380545 0.192103 0.852553 0.167835 0.937078 0.000123792 0.396218 0.320628 -0.33496 0.320628 -0.33496 0.320628 -0.33496 0.614275 -0.655303 0.293647 -0.320342 0.529425 -0.597011 0.529425 -0.597011 0.287596 -0.376033 0.287596 -0.376033 -0.265392 0.192264 -0.265392 0.192264 -0.609388 0.550095 -0.609388 0.550095 -0.503542 0.440654 -0.503542 0.440654 -0.25012 0.222336 -0.25012 0.222336 0.317578 -0.226943 0.317578 -0.226943 0.356334 -0.267091 0.71593 -0.531569 0.359596 -0.264478 0.359596 -0.264478 0.359596 -0.264478
12.76 -0 0 -14.3714 7.96168 -0 0 20.9406 -20.1688 -0 0 38.9337 -34.2319 -0 0 35.3413 -34.8339 -0 0 6.82353 -10.7573 0 -0 -22.8418 25.9379 0 -0 -32.0605 39.0257 0 -0 -26.391 30.5793 0 -0 -8.81659 9.12954 -0 0 -8.81659 9.12954 0.0478598 0.999864 0.24166 0.875499 0.000563038 0.000401772 0.0175327 1 0.290472 0.844131 0.00139054 2.31087e-09 0.00344034 1 0.415049 0.754625 0.00621235 5.4697e-09 0.000853345 0.997396 0.624272 0.559758 0.0285268 0.00232495 0.00142188 9.19637e-06 0.815525 0.327167 0.0185962 0.999984 0.00701904 3.76447e-10 0.787677 0.368139 0.00345955 1 0.0480705 2.33088e-07 0.66052 0.532583 0.00049028 1 0.163744 0.0044538 0.439654 0.752854 0.000140843 0.99746 0.216243 0.765431 0.220224 0.913703 0.000109659 0.50966 0.204745 0.776543 0.181557 0.935151 0.000115025 0.516521 0.324565 -0.336794 0.324565 -0.336794 0.324565 -0.336794 0.622437 -0.659797 0.297873 -0.323003 0.539908 -0.604961 0.539908 -0.604961 0.339454 -0.423193 0.339454 -0.423193 -0.219752 0.150616 -0.219752 0.150616 -0.613774 0.555175 -0.613774 0.555175 -0.519905 0.454365 -0.519905 0.454365 -0.295452 0.261807 -0.295452 0.261807 0.262091 -0.156157 0.262091 -0.156157 0.334242 -0.226924 0.676002 -0.453633 0.34176 -0.226709 0.34176 -0.226709 0.34176 -0.226709
12.81 -0 0 -16.8671 9.6043 -0 0 17.7251 -17.9265 -0 0 38.7892 -33.8275 -0 0 37.1226 -36.0839 -0 0 9.57352 -13.8106 0 -0 -20.5379 22.7098 0 -0 -31.4055 39.0161 0 -0 -27.0173 32.1251 0 -0 -9.6566 10.315 -0 0 -9.6566 10.315 0.0539905 0.999555 0.235359 0.879547 0.000506789 0.00100471 0.0202591 1 0.281802 0.849854 0.00122405 3.07998e-09 0.00396533 1 0.399012 0.767029 0.00540694 3.35183e-09 0.000910142 0.999351 0.598276 0.588861 0.0262918 0.000679901 0.00127954 3.01628e-05 0.813111 0.33141 0.0207903 0.999946 0.00594061 4.92935e-10 0.795248 0.358614 0.00411358 1 0.0404065 1.27711e-07 0.680793 0.512107 0.00057271 1 0.149447 0.00187206 0.474707 0.730419 0.000149423 0.999218 0.220987 0.656547 0.247452 0.906255 0.000104412 0.637723 0.215133 0.677446 0.200576 0.93179 0.000107458 0.635405 0.328459 -0.338472 0.328459 -0.338472 0.328459 -0.338472 0.63048 -0.663993 0.302021 -0.325521 0.550378 -0.612696 0.550378 -0.612696 0.37795 -0.459016 0.37795 -0.459016 -0.187213 0.119727 -0.187213 0.119727 -0.617402 0.559404 -0.617402 0.559404 -0.53508 0.467425 -0.53508 0.467425 -0.334165 0.292711 -0.334165 0.292711 0.201623 -0.0871221 0.201623 -0.0871221 0.301303 -0.180244 0.615894 -0.363855 0.314591 -0.183612 0.314591 -0.183612 0.314591 -0.183612
12.86 -0 0 -19.0191 11.2544 -0 0 14.6163 -15.6099 -0 0 38.5061 -33.5655 -0 0 38.5866 -37.2005 -0 0 12.097 -16.4464 0 -0 -18.0875 19.4733 0 -0 -30.9178 38.9999 0 -0 -27.3221 33.2014 0 -0 -10.4816 11.5023 -0 0 -10.4816 11.5023 0.060709 0.998468 0.229379 0.883395 0.000457213 0.00259179 0.0233666 1 0.27342 0.855348 0.00107988 4.52272e-09 0.00458953 1 0.383609 0.778748 0.00469722 2.13424e-09 0.000984899 0.99984 0.575188 0.613627 0.0238748 0.000199622 0.00115949 0.000105631 0.810501 0.336057 0.0230331 0.9998 0.00504275 7.16453e-10 0.802101 0.349937 0.00488076 1 0.0337807 7.42252e-08 0.699583 0.49249 0.000673553 1 0.134156 0.000803499 0.508063 0.708236 0.000160616 0.99976 0.221767 0.531594 0.280704 0.896153 0.000100271 0.749556 0.222477 0.562077 0.2253 0.92652 0.000101027 0.740647 0.332252 -0.339911 0.332252 -0.339911 0.332252 -0.339911 0.638367 -0.667826 0.306115 -0.327915 0.56076 -0.620159 0.56076 -0.620159 0.407448 -0.486909 0.407448 -0.486909 -0.163393 0.0962309 -0.163393 0.0962309 -0.620388 0.562908 -0.620388 0.562908 -0.549076 0.479848 -0.549076 0.479848 -0.368055 0.317971 -0.368055 0.317971 0.133952 -0.020891 0.133952 -0.020891 0.257123 -0.131027 0.534556 -0.269573 0.277434 -0.138546 0.277434 -0.138546 0.277434 -0.138546
12.91 -0 0 -20.9053 12.8649 -0 0 11.7514 -13.3554 -0 0 38.0239 -33.272 -0 0 39.77 -38.1633 -0 0 14.4281 -18.7793 0 -0 -15.7612 16.0468 0 -0 -30.6137 38.6039 0 -0 -27.2973 33.7107 0 -0 -11.2882 12.658 -0 0 -11.2882 12.658 0.0680274 0.994565 0.22376 0.887026 0.000413455 0.00686741 0.0268951 1 0.265346 0.860608 0.000954845 7.27469e-09 0.00533016 1 0.369011 0.789666 0.00407559 1.40769e-09 0.00107846 0.99996 0.554673 0.634805 0.0214343 5.93038e-05 0.00105779 0.000390301 0.80783 0.34086 0.0252938 0.999217 0.00429476 1.14882e-09 0.808322 0.342035 0.00577563 1 0.0281232 4.52374e-08 0.716931 0.473812 0.000796759 1 0.118592 0.000357841 0.539955 0.686008 0.000174796 0.999925 0.218136 0.406332 0.319135 0.882826 9.72864e-05 0.836914 0.226057 0.443027 0.255651 0.918861 9.57008e-05 0.825112 0.335692 -0.340865 0.335692 -0.340865 0.335692 -0.340865 0.64586 -0.671062 0.310168 -0.330197 0.570975 -0.627295 0.570975 -0.627295 0.430913 -0.509228 0.430913 -0.509228 -0.14529 0.0777783 -0.14529 0.0777783 -0.622831 0.565784 -0.622831 0.565784 -0.561922 0.491633 -0.561922 0.491633 -0.398391 0.339591 -0.398391 0.339591 0.0598753 0.0403901 0.0598753 0.0403901 0.203777 -0.0834431 0.435337 -0.178455 0.23156 -0.095012 0.23156 -0.095012 0.23156 -0.095012
12.96 -0 0 -22.592 14.4245 -0 0 9.12812 -11.2114 -0 0 37.3496 -32.9112 -0 0 40.712 -39.0028 -0 0 16.4661 -20.8302 0 -0 -13.4396 12.0248 0 -0 -30.4274 37.3412 0 -0 -27.0764 33.7767 0 -0 -12.0684 13.7331 -0 0 -12.0684 13.7331 0.0759451 0.980553 0.218654 0.890339 0.000374787 0.0185154 0.0308847 1 0.257611 0.865626 0.000846255 1.26936e-08 0.0062064 1 0.355309 0.799744 0.00353412 9.6291e-10 0.00119217 0.99999 0.536404 0.653033 0.0190785 1.79371e-05 0.000971204 0.00149557 0.805161 0.345669 0.0275436 0.996839 0.00367079 2.0142e-09 0.813988 0.334826 0.00681342 1 0.0233424 2.86745e-08 0.732925 0.456081 0.000947061 1 0.103346 0.000167312 0.570479 0.663462 0.000192504 0.999975 0.210011 0.295116 0.361274 0.865914 9.55481e-05 0.899034 0.225341 0.333166 0.291027 0.908395 9.14777e-05 0.887389 0.337844 -0.340639 0.337844 -0.340639 0.337844 -0.340639 0.652033 -0.673012 0.314189 -0.332373 0.580959 -0.634059 0.580959 -0.634059 0.450247 -0.52754 0.450247 -0.52754 -0.130921 0.0626878 -0.130921 0.0626878 -0.624755 0.567993 -0.624755 0.567993 -0.57367 0.502792 -0.57367 0.502792 -0.426005 0.358886 -0.426005 0.358886 -0.0174264 0.0950167 -0.0174264 0.0950167 0.145265 -0.0405285 0.325203 -0.0961735 0.179938 -0.0556451 0.179938 -0.0556451 0.179938 -0.0556451
13.01 -0 0 -24.1382 15.9505 -0 0 6.67859 -9.16442 -0 0 36.473 -32.4692 -0 0 41.4617 -39.7542 -0 0 18.2002 -22.6583 0 -0 -10.9658 8.1401 0 -0 -29.9506 35.4255 0 -0 -27.0833 33.9551 0 -0 -12.785 14.6494 -0 0 -12.785 14.6494 0.0844362 0.932523 0.21449 0.892946 0.000340625 0.0498193 0.0353743 1 0.250263 0.870374 0.000751812 2.37946e-08 0.00723948 1 0.342535 0.808989 0.00306467 6.84546e-10 0.0013278 0.999997 0.520079 0.668833 0.0168746 5.54722e-06 0.000897166 0.00583718 0.802429 0.350451 0.0297556 0.987081 0.00314933 3.84787e-09 0.819166 0.328235 0.0080099 1 0.019336 1.89212e-08 0.747666 0.439264 0.00113012 1 0.0888808 8.17729e-05 0.599609 0.640426 0.00021448 0.999991 0.197733 0.20564 0.405373 0.845334 9.51837e-05 0.939871 0.220097 0.240882 0.330383 0.894805 8.83831e-05 0.930065 0.335478 -0.337341 0.335478 -0.337341 0.335478 -0.337341 0.653658 -0.671785 0.31818 -0.334444 0.590666 -0.64042 0.590666 -0.64042 0.46665 -0.542882 0.46665 -0.542882 -0.118778 0.0492963 -0.118778 0.0492963 -0.625942 0.56897 -0.625942 0.56897 -0.58439 0.513347 -0.58439 0.513347 -0.45141 0.376705 -0.45141 0.376705 -0.0940021 0.142438 -0.0940021 0.142438 0.0860184 -0.00368772 0.212201 -0.0254659 0.126182 -0.0217782 0.126182 -0.0217782 0.126182 -0.0217782
13.06 -0 0 -25.5829 17.4711 -0 0 4.39782 -7.21192 -0 0 35.4294 -31.9281 -0 0 42.0168 -40.3915 -0 0 19.708 -24.2885 0 -0 -8.53079 4.46273 0 -0 -29.0426 33.0166 0 -0 -27.6589 34.2768 0 -0 -13.4355 15.4062 -0 0 -13.4355 15.4062 0.093416 0.793682 0.212371 0.893665 0.000310604 0.128192 0.040399 1 0.243394 0.874773 0.000669573 4.75184e-08 0.00845263 1 0.33069 0.817436 0.00265921 5.07132e-10 0.00148753 0.999999 0.50541 0.682635 0.0148586 1.76069e-06 0.00083373 0.0226071 0.799142 0.355461 0.031903 0.948523 0.00271257 8.0331e-09 0.823899 0.322199 0.00938115 1 0.0160008 1.32436e-08 0.76126 0.423301 0.00135272 1 0.0755294 4.08634e-05 0.627246 0.616856 0.000241705 0.999997 0.182039 0.139009 0.449753 0.821271 9.63598e-05 0.965056 0.210453 0.169062 0.372405 0.877906 8.64674e-05 0.957562 0.319397 -0.326269 0.319397 -0.326269 0.319397 -0.326269 0.641532 -0.662672 0.322135 -0.336403 0.60006 -0.646357 0.60006 -0.646357 0.480893 -0.555957 0.480893 -0.555957 -0.106911 0.0342827 -0.106911 0.0342827 -0.625273 0.566139 -0.625273 0.566139 -0.594159 0.523332 -0.594159 0.523332 -0.474907 0.393587 -0.474907 0.393587 -0.166516 0.18319 -0.166516 0.18319 0.0296268 0.027081 0.103125 0.0335436 0.0734979 0.00646265 0.0734979 0.00646265 0.0734979 0.00646265
13.11 -0 0 -26.9655 19.0696 -0 0 2.41194 -5.44891 -0 0 34.3203 -31.3137 -0 0 42.4124 -40.839 -0 0 21.1426 -25.7886 0 -0 -6.26205 1.17803 0 -0 -27.9464 30.1259 0 -0 -28.6646 34.0862 0 -0 -14.2035 16.0908 -0 0 -14.2035 16.0908 0.102663 0.529209 0.214628 0.890083 0.000284715 0.290632 0.0459857 1 0.237207 0.878619 0.000597927 1.00094e-07 0.00987099 1 0.319756 0.825121 0.00231003 3.92531e-10 0.00167392 1 0.492031 0.694822 0.0130442 5.7698e-07 0.000779875 0.0829162 0.793412 0.361861 0.0339463 0.818801 0.00234587 1.80667e-08 0.828158 0.316704 0.0109432 1 0.0132383 9.94688e-09 0.773797 0.408133 0.0016229 1 0.0635016 2.02968e-05 0.653279 0.592831 0.000275457 0.999999 0.16395 0.0914208 0.493054 0.794111 9.92918e-05 0.980047 0.196909 0.115443 0.415716 0.857641 8.58105e-05 0.974686 0.274698 -0.298459 0.274698 -0.298459 0.274698 -0.298459 0.600728 -0.636681 0.32603 -0.338222 0.609104 -0.65184 0.609104 -0.65184 0.493494 -0.56725 0.493494 -0.56725 -0.090525 0.00820043 -0.090525 0.00820043 -0.618507 0.550568 -0.618507 0.550568 -0.603051 0.532785 -0.603051 0.532785 -0.496664 0.40986 -0.496664 0.40986 -0.232949 0.218485 -0.232949 0.218485 -0.0217745 0.0526736 0.00222512 0.0824887 0.0239996 0.0298152 0.0239996 0.0298152 0.0239996 0.0298152
13.16 -0 0 -28.3602 20.876 -0 0 0.932251 -4.05091 -0 0 33.2659 -30.5722 -0 0 42.6774 -40.918 -0 0 22.7244 -27.2697 0 -0 -4.17625 -1.78183 0 -0 -26.3707 26.9572 0 -0 -29.2477 33.6935 0 -0 -15.0983 16.8885 -0 -0 -15.0983 16.8885 0.1117 0.260185 0.224457 0.880301 0.000263293 0.527909 0.0521435 1 0.232069 0.88159 0.000535574 2.18425e-07 0.0115213 1 0.309703 0.83207 0.00200994 3.17524e-10 0.00189027 1 0.479299 0.705843 0.01143 1.97654e-07 0.000736339 0.256339 0.780615 0.373319 0.0357936 0.538677 0.00203738 4.32943e-08 0.831738 0.311877 0.0127107 1 0.0109588 8.12134e-09 0.78535 0.393711 0.00195021 1 0.0528965 1.00265e-05 0.677616 0.568514 0.000317373 1 0.144599 0.0585041 0.534318 0.764361 0.000104264 0.988743 0.180278 0.0766766 0.459055 0.834072 8.65315e-05 0.985084 0.200977 -0.245518 0.200977 -0.245518 0.200977 -0.245518 0.530782 -0.585358 0.329805 -0.33984 0.617735 -0.656815 0.617735 -0.656815 0.504849 -0.577124 0.504849 -0.577124 -0.0570889 -0.0471388 -0.0570889 -0.0471388 -0.593505 0.504433 -0.593505 0.504433 -0.611115 0.541733 -0.611115 0.541733 -0.516776 0.425712 -0.516776 0.425712 -0.292517 0.249714 -0.292517 0.249714 -0.0673588 0.074311 -0.0886622 0.12372 -0.0213034 0.0494088 -0.0213034 0.0494088 -0.0213034 0.0494088
13.21 -0 0 -29.7768 22.8098 -0 0 -0.172378 -2.92181 -0 0 32.1646 -29.3399 -0 0 42.8898 -40.4461 -0 0 24.804 -28.8668 -0 -0 -2.13838 -4.4728 0 -0 -24.7319 23.9321 0 -0 -29.2016 32.8856 0 -0 -15.9849 17.8323 -0 -0 -15.9849 17.8323 0.119759 0.103384 0.243318 0.8654 0.000246582 0.749289 0.0588512 1 0.228427 0.883467 0.000481457 4.8564e-07 0.0134316 1 0.300489 0.838305 0.00175245 2.73015e-10 0.00214137 1 0.466214 0.716369 0.0100039 7.22909e-08 0.000706107 0.557796 0.756816 0.396395 0.0372139 0.245163 0.00177772 1.09434e-07 0.834222 0.308161 0.0146941 1 0.00908287 7.26611e-09 0.795954 0.380017 0.00234587 1 0.0437203 5.09165e-06 0.70021 0.54412 0.000369541 1 0.12508 0.0363414 0.572957 0.732601 0.000111657 0.993788 0.161581 0.0493953 0.501374 0.807394 8.88011e-05 0.991409 0.121157 -0.172506 0.121157 -0.172506 0.121157 -0.172506 0.454514 -0.513685 0.333357 -0.341178 0.625859 -0.661207 0.625859 -0.661207 0.515341 -0.585888 0.515341 -0.585888 0.0105849 -0.135663 0.0105849 -0.135663 -0.5334 0.424069 -0.5334 0.424069 -0.618343 0.550149 -0.618343 0.550149 -0.535304 0.441231 -0.535304 0.441231 -0.345212 0.278119 -0.345212 0.278119 -0.107106 0.0931644 -0.169221 0.159577 -0.0621153 0.0664122 -0.0621153 0.0664122 -0.0621153 0.0664122
13.26 0 -0 -31.0435 24.2617 0 -0 -2.85498 -1.47551 -0 0 29.9065 -27.3244 -0 0 42.9534 -39.476 -0 0 27.523 -30.6134 -0 -0 0.202008 -7.0632 0 -0 -22.8778 20.9743 0 -0 -28.7634 31.7053 0 -0 -16.7416 18.6309 0 -0 -16.7416 18.6309 0.126012 0.0370364 0.269108 0.847887 0.000234395 0.887468 0.0660476 1 0.226536 0.884288 0.000434636 1.09586e-06 0.0156305 1 0.292053 0.843872 0.0015317 2.56336e-10 0.0024344 1 0.452047 0.727201 0.00874674 2.89021e-08 0.000692199 0.818298 0.72517 0.432904 0.0378323 0.0861863 0.00155944 2.92904e-07 0.835323 0.306222 0.0168932 1 0.00754196 7.12972e-09 0.805614 0.367091 0.00282291 1 0.0359091 2.71563e-06 0.721051 0.519886 0.000434609 1 0.106314 0.0220846 0.608663 0.699456 0.000121979 0.996629 0.141908 0.0310849 0.541868 0.777947 9.28592e-05 0.995141 0.053963 -0.0972602 0.053963 -0.0972602 0.053963 -0.0972602 0.390528 -0.439438 0.336565 -0.342178 0.633368 -0.664968 0.633368 -0.664968 0.525351 -0.593858 0.525351 -0.593858 0.106498 -0.231267 0.106498 -0.231267 -0.444466 0.335765 -0.444466 0.335765 -0.624683 0.557923 -0.624683 0.557923 -0.552292 0.456433 -0.552292 0.456433 -0.391401 0.304627 -0.391401 0.304627 -0.141376 0.110152 -0.239851 0.19195 -0.098475 0.081798 -0.098475 0.081798 -0.098475 0.081798
13.31 0 -0 -32.0361 25.2612 0 -0 -7.08756 1.5413 -0 0 27.0741 -25.443 -0 0 41.6139 -38.0015 -0 0 30.318 -32.4342 -0 0 2.80293 -9.69492 0 -0 -20.8288 17.9697 0 -0 -28.0141 30.1874 0 -0 -17.3023 19.1806 0 -0 -17.3023 19.1806 0.129893 0.0127899 0.298136 0.829626 0.000226259 0.953385 0.0736356 0.999999 0.226325 0.884251 0.00039422 2.6465e-06 0.0181472 1 0.284328 0.848855 0.0013425 2.66507e-10 0.00277903 1 0.436848 0.738709 0.00763714 1.28658e-08 0.000695437 0.942691 0.691676 0.47524 0.0373839 0.0266748 0.00137626 8.41367e-07 0.835145 0.306372 0.0192914 0.999999 0.00627774 7.72438e-09 0.814337 0.355007 0.00339616 1 0.0293514 1.54383e-06 0.740169 0.496049 0.000515914 1 0.0889818 0.0132646 0.641336 0.665554 0.000135911 0.998181 0.12229 0.0192961 0.579974 0.746204 9.90361e-05 0.997272 0.00344473 -0.0339873 0.00344473 -0.0339873 0.00344473 -0.0339873 0.342781 -0.376814 0.339337 -0.342826 0.640194 -0.668102 0.640194 -0.668102 0.535166 -0.601327 0.535166 -0.601327 0.201211 -0.312423 0.201211 -0.312423 -0.356343 0.261178 -0.356343 0.261178 -0.6301 0.564902 -0.6301 0.564902 -0.567787 0.471281 -0.567787 0.471281 -0.431651 0.32984 -0.431651 0.32984 -0.170718 0.125911 -0.301335 0.222187 -0.130616 0.0962768 -0.130616 0.0962768 -0.130616 0.0962768
13.36 0 -0 -32.8648 26.0371 0 -0 -11.6542 4.97739 -0 0 24.3207 -23.3325 -0 0 39.9895 -36.4418 -0 0 32.794 -34.1727 -0 0 5.37974 -12.2946 0 -0 -18.7177 14.9852 0 -0 -27.0355 28.4219 0 -0 -17.6221 19.4256 0 -0 -17.6221 19.4256 0.131218 0.00439536 0.327565 0.811602 0.000221659 0.981213 0.0814936 0.999998 0.227512 0.88358 0.000359361 7.18701e-06 0.0210105 1 0.277262 0.853348 0.00118025 3.0407e-10 0.00318678 1 0.421127 0.750659 0.00665672 6.44545e-09 0.000715195 0.984288 0.659901 0.515669 0.0359109 0.00776871 0.0012226 2.5956e-06 0.834005 0.308342 0.0218585 0.999998 0.00524104 9.24267e-09 0.822161 0.343827 0.00408223 1 0.0239094 9.44432e-07 0.757622 0.472832 0.00061765 1 0.0735034 0.00797552 0.671014 0.631477 0.000154357 0.999008 0.103585 0.0119628 0.615351 0.712727 0.000107781 0.998458 -0.0334271 0.0135582 -0.0334271 0.0135582 -0.0334271 0.0135582 0.308214 -0.329592 0.341641 -0.34315 0.646332 -0.670663 0.646332 -0.670663 0.544911 -0.608488 0.544911 -0.608488 0.277084 -0.3749 0.277084 -0.3749 -0.286774 0.204617 -0.286774 0.204617 -0.634624 0.570986 -0.634624 0.570986 -0.581844 0.485708 -0.581844 0.485708 -0.466625 0.354105 -0.466625 0.354105 -0.195767 0.140842 -0.354661 0.251163 -0.158894 0.110322 -0.158894 0.110322 -0.158894 0.110322
13.41 0 -0 -33.5802 26.592 0 -0 -15.6424 7.79378 0 -0 20.9026 -20.9509 -0 0 39.1308 -35.3321 -0 0 35.0384 -35.7363 -0 0 7.98995 -14.8003 0 -0 -16.4813 12.0422 0 -0 -25.8262 26.4592 0 -0 -17.7048 19.3819 0 -0 -17.7048 19.3819 0.130113 0.00152263 0.355864 0.794263 0.000220154 0.992432 0.0894899 0.999992 0.229761 0.882468 0.00032928 2.16038e-05 0.0242476 1 0.270811 0.857431 0.00104095 3.84911e-10 0.00367066 1 0.405437 0.762596 0.00579155 3.57091e-09 0.000750724 0.995987 0.63109 0.551142 0.0336648 0.00219757 0.00109355 8.56477e-06 0.832224 0.311616 0.0245557 0.99999 0.00439075 1.22012e-08 0.829153 0.333563 0.00489937 1 0.0194355 6.26152e-07 0.773491 0.450427 0.000745056 1 0.0600637 0.00486184 0.697828 0.597733 0.000178513 0.999446 0.0864188 0.00749997 0.647843 0.678117 0.000119701 0.999109 -0.0607926 0.0475805 -0.0607926 0.0475805 -0.0607926 0.0475805 0.282704 -0.295618 0.343497 -0.343198 0.651824 -0.672727 0.651824 -0.672727 0.554587 -0.615409 0.554587 -0.615409 0.333227 -0.421946 0.333227 -0.421946 -0.236677 0.162889 -0.236677 0.162889 -0.638336 0.576182 -0.638336 0.576182 -0.594535 0.499641 -0.594535 0.499641 -0.496994 0.377585 -0.496994 0.377585 -0.217152 0.155172 -0.400864 0.27938 -0.183712 0.124209 -0.183712 0.124209 -0.183712 0.124209
13.46 0 -0 -34.1702 26.9115 0 -0 -18.8922 10.1838 0 -0 17.0317 -18.2393 -0 0 38.6419 -34.7129 -0 0 36.9952 -37.1273 -0 0 10.5706 -17.2128 0 -0 -14.171 9.13181 0 -0 -24.4207 24.3174 0 -0 -17.5602 19.0578 0 -0 -17.5602 19.0578 0.126896 0.000535557 0.382348 0.777797 0.000221406 0.996897 0.0974921 0.999966 0.232769 0.881069 0.000303282 6.91269e-05 0.0278836 1 0.264938 0.861164 0.000921159 5.46268e-10 0.00424511 1 0.390205 0.774128 0.00503074 2.11729e-09 0.00080173 0.999015 0.605399 0.581411 0.0309447 0.000614437 0.00098486 3.01728e-05 0.830061 0.315708 0.0273414 0.999956 0.00369268 1.77887e-08 0.835396 0.324181 0.00586746 1 0.0157847 4.53012e-07 0.787878 0.428984 0.000904641 1 0.0486626 0.00303957 0.721961 0.564749 0.00020996 0.999679 0.0711684 0.00480922 0.677436 0.642976 0.000135611 0.999467 -0.0819256 0.0716972 -0.0819256 0.0716972 -0.0819256 0.0716972 0.263025 -0.271326 0.34495 -0.343023 0.656741 -0.674374 0.656741 -0.674374 0.564129 -0.622075 0.564129 -0.622075 0.374462 -0.457785 0.374462 -0.457785 -0.201217 0.13181 -0.201217 0.13181 -0.641345 0.580568 -0.641345 0.580568 -0.605947 0.513012 -0.605947 0.513012 -0.523388 0.40032 -0.523388 0.40032 -0.235446 0.169006 -0.440918 0.307064 -0.205472 0.138059 -0.205472 0.138059 -0.205472 0.138059
13.51 0 -0 -34.658 27.1311 0 -0 -21.6353 12.466 0 -0 13.299 -15.4426 -0 0 37.9538 -34.2061 -0 0 38.5342 -38.3287 -0 0 12.9801 -19.4897 0 -0 -11.903 6.32322 0 -0 -22.8982 22.0796 0 -0 -17.2125 18.4858 0 -0 -17.2125 18.4858 0.121977 0.000192288 0.406786 0.762272 0.00022518 0.998693 0.105376 0.999833 0.23629 0.879496 0.000280762 0.000232788 0.0319401 1 0.259607 0.864591 0.000817932 8.72187e-10 0.00492606 1 0.375718 0.785 0.00436484 1.32223e-09 0.000868471 0.999762 0.5826 0.607111 0.0280109 0.000171821 0.000892975 0.000112453 0.827702 0.320242 0.0301735 0.999804 0.00311865 2.84973e-08 0.840976 0.315619 0.00700782 1 0.012822 3.58653e-07 0.800893 0.408612 0.00110444 1 0.0391723 0.00196842 0.743622 0.532864 0.000250772 0.999804 0.0579858 0.00318536 0.704216 0.607871 0.000156601 0.999666 -0.0990245 0.0890672 -0.0990245 0.0890672 -0.0990245 0.0890672 0.247027 -0.2536 0.346051 -0.342667 0.661154 -0.675674 0.661154 -0.675674 0.573453 -0.62844 0.573453 -0.62844 0.405505 -0.485751 0.405505 -0.485751 -0.175647 0.108075 -0.175647 0.108075 -0.643762 0.584256 -0.643762 0.584256 -0.616178 0.525773 -0.616178 0.525773 -0.546362 0.422278 -0.546362 0.422278 -0.251143 0.182368 -0.475682 0.334251 -0.224539 0.151883 -0.224539 0.151883 -0.224539 0.151883
13.56 0 -0 -35.0836 27.3247 0 -0 -23.9813 14.6052 0 -0 9.86247 -12.7255 -0 0 37.0297 -33.6573 -0 0 39.6656 -39.329 -0 0 15.164 -21.5903 0 -0 -9.72993 3.66937 0 -0 -21.3118 19.8188 0 -0 -16.6985 17.7191 0 -0 -16.6985 17.7191 0.115785 7.06774e-05 0.429161 0.747696 0.000231319 0.999433 0.113028 0.99916 0.240139 0.877829 0.0002612 0.000817606 0.0364339 1 0.254783 0.867746 0.000728779 1.55544e-09 0.005731 1 0.362144 0.79508 0.00378489 8.67052e-10 0.000951705 0.999942 0.562373 0.628999 0.0250588 4.85626e-05 0.000814953 0.000437641 0.825268 0.324956 0.0330121 0.999099 0.00264558 4.97424e-08 0.845978 0.307801 0.00834314 1 0.0104273 3.106e-07 0.812652 0.389377 0.00135432 1 0.0313918 0.0013307 0.763032 0.502337 0.000303661 0.999873 0.0468473 0.0021961 0.728335 0.573308 0.000184122 0.99978 -0.113465 0.101985 -0.113465 0.101985 -0.113465 0.101985 0.233345 -0.240155 0.34681 -0.34214 0.665096 -0.676657 0.665096 -0.676657 0.582484 -0.634452 0.582484 -0.634452 0.429723 -0.508148 0.429723 -0.508148 -0.156554 0.0893711 -0.156554 0.0893711 -0.645673 0.587329 -0.645673 0.587329 -0.625335 0.537897 -0.625335 0.537897 -0.566396 0.443393 -0.566396 0.443393 -0.264656 0.195241 -0.505895 0.36086 -0.24124 0.165619 -0.24124 0.165619 -0.24124 0.165619
13.61 0 -0 -35.4755 27.5317 0 -0 -26.0029 16.5762 0 -0 6.77397 -10.1747 -0 0 35.9207 -33.0277 -0 0 40.4394 -40.1348 -0 0 17.105 -23.4957 0 -0 -7.68002 1.1977 0 -0 -19.6998 17.5868 0 -0 -16.0563 16.8116 0 -0 -16.0563 16.8116 0.10873 2.66206e-05 0.449559 0.734048 0.000239733 0.999747 0.120354 0.99571 0.244202 0.876098 0.000244157 0.0029616 0.0413763 1 0.250429 0.870656 0.000651597 3.05976e-09 0.00667898 1 0.349565 0.804319 0.00328209 5.97728e-10 0.00105261 0.999985 0.544398 0.647746 0.0222211 1.40051e-05 0.00074839 0.00175258 0.822812 0.329687 0.0358206 0.995791 0.00225466 9.36778e-08 0.850477 0.300648 0.00989713 1 0.00849658 2.93481e-07 0.823269 0.371309 0.00166629 1 0.0250881 0.000944167 0.780405 0.473351 0.000372151 0.999913 0.0376099 0.00158451 0.749983 0.539716 0.000220097 0.999845 -0.126077 0.111984 -0.126077 0.111984 -0.126077 0.111984 0.220957 -0.229352 0.347034 -0.341336 0.668391 -0.677234 0.668391 -0.677234 0.59117 -0.640076 0.59117 -0.640076 0.449303 -0.526511 0.449303 -0.526511 -0.141647 0.073978 -0.141647 0.073978 -0.647083 0.589678 -0.647083 0.589678 -0.633522 0.549376 -0.633522 0.549376 -0.583902 0.463595 -0.583902 0.463595 -0.276325 0.207585 -0.532182 0.386755 -0.255857 0.179169 -0.255857 0.179169 -0.255857 0.179169
13.66 0 -0 -35.8461 27.7824 0 -0 -27.7598 18.3847 0 -0 4.04082 -7.83377 -0 0 34.6996 -32.3235 -0 0 40.9206 -40.7607 -0 0 18.8108 -25.2058 0 -0 -5.76706 -1.08227 0 -0 -18.0904 15.4185 0 -0 -15.3207 15.8106 0 -0 -15.3207 15.8106 0.101174 1.02744e-05 0.468117 0.721283 0.000250387 0.999885 0.127268 0.978344 0.248493 0.874188 0.000229275 0.0109011 0.046772 1 0.246517 0.873338 0.000584609 6.54177e-09 0.00779054 1 0.338003 0.812721 0.00284788 4.33865e-10 0.00117271 0.999996 0.528378 0.663905 0.0195786 4.15548e-06 0.000691374 0.00710116 0.820201 0.33441 0.0385659 0.980463 0.00193062 1.88389e-07 0.854534 0.294091 0.0116943 1 0.0069418 3.01348e-07 0.832856 0.354407 0.00205486 1 0.0200265 0.000705402 0.795951 0.446024 0.000460802 0.999936 0.0300626 0.00120035 0.769369 0.507437 0.000267062 0.999884 -0.137352 0.120052 -0.137352 0.120052 -0.137352 0.120052 0.208184 -0.219692 0.345536 -0.339744 0.669871 -0.676909 0.669871 -0.676909 0.599478 -0.645291 0.599478 -0.645291 0.46563 -0.541858 0.46563 -0.541858 -0.129156 0.0598479 -0.129156 0.0598479 -0.647691 0.590339 -0.647691 0.590339 -0.640842 0.560217 -0.640842 0.560217 -0.599228 0.482819 -0.599228 0.482819 -0.286434 0.21936 -0.555076 0.411779 -0.268642 0.192419 -0.268642 0.192419 -0.268642 0.192419
13.71 0 -0 -36.1759 28.137 0 -0 -29.3134 20.0932 0 -0 1.67412 -5.7354 -0 0 33.4429 -31.5563 -0 0 41.1859 -41.2037 -0 0 20.3265 -26.7393 0 -0 -3.99534 -3.17186 0 -0 -16.5063 13.3379 0 -0 -14.5222 14.7562 0 -0 -14.5222 14.7562 0.0934182 4.06422e-06 0.485011 0.709299 0.000263288 0.999946 0.133684 0.899432 0.2534 0.871359 0.000216305 0.0397164 0.0526182 1 0.243031 0.87578 0.000526325 1.49656e-08 0.00908754 1 0.327437 0.820325 0.00247404 3.31868e-10 0.00131386 0.999999 0.514006 0.677935 0.0171731 1.27799e-06 0.000642528 0.0283738 0.816623 0.339452 0.0412136 0.914935 0.00166111 4.00451e-07 0.858178 0.288076 0.0137595 1 0.00569003 3.34565e-07 0.841516 0.338651 0.00253742 1 0.0159887 0.000555747 0.809863 0.420415 0.000575474 0.99995 0.0239676 0.000956188 0.786704 0.476724 0.000328347 0.999908 -0.147583 0.126816 -0.147583 0.126816 -0.147583 0.126816 0.189128 -0.208576 0.336712 -0.335393 0.663945 -0.673719 0.663945 -0.673719 0.607397 -0.650091 0.607397 -0.650091 0.479591 -0.554883 0.479591 -0.554883 -0.11667 0.0417106 -0.11667 0.0417106 -0.646026 0.584779 -0.646026 0.584779 -0.647388 0.570442 -0.647388 0.570442 -0.612674 0.501021 -0.612674 0.501021 -0.295216 0.230528 -0.575035 0.435785 -0.27982 0.205256 -0.27982 0.205256 -0.27982 0.205256
13.76 0 -0 -36.3537 28.7868 0 -0 -30.7646 21.9599 0 -0 -0.181051 -3.98716 -0 0 32.2596 -30.7683 -0 0 41.314 -41.3734 -0 0 21.7987 -28.1514 -0 -0 -2.35569 -5.0806 0 -0 -14.9707 11.3649 0 -0 -13.6883 13.6822 0 -0 -13.6883 13.6822 0.0857001 1.65324e-06 0.500505 0.697772 0.000278507 0.999975 0.139458 0.650966 0.260471 0.864817 0.000205262 0.134557 0.0589023 1 0.240019 0.877869 0.000475508 3.59919e-08 0.0105929 1 0.317821 0.82718 0.00215289 2.6749e-10 0.00147832 1 0.500814 0.69026 0.0150191 4.1112e-07 0.000601426 0.105424 0.809056 0.346289 0.0437098 0.705946 0.00143623 8.91155e-07 0.86134 0.282611 0.0161168 0.999999 0.00468147 3.99268e-07 0.849338 0.324004 0.00313464 1 0.0127818 0.00046168 0.822318 0.396539 0.000723646 0.999958 0.0190887 0.000800949 0.802195 0.447747 0.0004083 0.999922 -0.156957 0.132695 -0.156957 0.132695 -0.156957 0.132695 0.145627 -0.188972 0.302584 -0.321667 0.63264 -0.661045 0.63264 -0.661045 0.614922 -0.654471 0.614922 -0.654471 0.491787 -0.566075 0.491787 -0.566075 -0.0980025 0.00426688 -0.0980025 0.00426688 -0.636529 0.558212 -0.636529 0.558212 -0.653235 0.580076 -0.653235 0.580076 -0.624497 0.518178 -0.624497 0.518178 -0.302866 0.241066 -0.592456 0.458652 -0.28959 0.217586 -0.28959 0.217586 -0.28959 0.217586
13.81 0 -0 -36.1536 29.9292 0 -0 -32.3224 24.492 0 -0 -1.24342 -2.78009 -0 0 31.3443 -29.8794 -0 0 41.3614 -41.0292 -0 0 23.5199 -29.5564 -0 -0 -0.815963 -6.82755 0 -0 -13.5097 9.52104 0 -0 -12.8461 12.6204 0 -0 -12.8461 12.6204 0.0781883 7.00168e-07 0.515104 0.685871 0.000296252 0.999988 0.144218 0.299182 0.273978 0.849942 0.000196693 0.368338 0.0655971 1 0.237694 0.879271 0.000431174 8.86235e-08 0.0123305 1 0.309077 0.833328 0.00187741 2.26529e-10 0.00166917 1 0.487905 0.701398 0.0131121 1.40788e-07 0.000569448 0.315928 0.791921 0.359391 0.0459161 0.368067 0.0012481 2.05921e-06 0.863732 0.277872 0.0187881 0.999998 0.00386769 5.08652e-07 0.856392 0.310428 0.00387075 1 0.0102413 0.000403821 0.833477 0.374371 0.000914802 0.999962 0.0152077 0.000704521 0.816037 0.420605 0.000512567 0.99993 -0.165626 0.138039 -0.165626 0.138039 -0.165626 0.138039 0.0603645 -0.144918 0.225991 -0.282957 0.558776 -0.623237 0.558776 -0.623237 0.622043 -0.658398 0.622043 -0.658398 0.502702 -0.575806 0.502702 -0.575806 -0.0578009 -0.0713443 -0.0578009 -0.0713443 -0.604299 0.492146 -0.604299 0.492146 -0.658418 0.589129 -0.658418 0.589129 -0.634912 0.534287 -0.634912 0.534287 -0.309549 0.25096 -0.607683 0.480292 -0.298133 0.229332 -0.298133 0.229332 -0.298133 0.229332
13.86 0 -0 -35.5109 31.2843 0 -0 -34.0823 27.752 0 -0 -1.95186 -1.71665 -0 0 30.4287 -28.4835 -0 0 41.3287 -40.0699 -0 0 25.8413 -31.0794 -0 -0 0.818055 -8.48072 0 -0 -12.0598 7.78584 0 -0 -11.9979 11.5844 0 -0 -11.9979 11.5844 0.0709781 3.14927e-07 0.529747 0.672568 0.000316999 0.999995 0.147115 0.0951105 0.299657 0.827064 0.000191444 0.686078 0.0726465 1 0.23656 0.879623 0.000392584 2.19503e-07 0.0143245 1 0.301102 0.8388 0.00164129 2.05025e-10 0.0018912 1 0.474195 0.712129 0.0114349 5.26762e-08 0.000549276 0.634402 0.764403 0.385482 0.0474954 0.132913 0.00109061 4.92839e-06 0.864974 0.274362 0.0217866 0.999994 0.00320975 6.8775e-07 0.862712 0.297904 0.00477389 1 0.00823108 0.000371079 0.843483 0.353863 0.00116086 0.999964 0.0121335 0.000649389 0.828411 0.395332 0.000648428 0.999934 -0.17379 0.143219 -0.17379 0.143219 -0.17379 0.143219 -0.0421706 -0.0638601 0.13162 -0.207079 0.466963 -0.548027 0.466963 -0.548027 0.628704 -0.661798 0.628704 -0.661798 0.512807 -0.584413 0.512807 -0.584413 0.019755 -0.170016 0.019755 -0.170016 -0.533901 0.401957 -0.533901 0.401957 -0.662909 0.59756 -0.662909 0.59756 -0.644103 0.54936 -0.644103 0.54936 -0.315404 0.26021 -0.621012 0.500651 -0.305608 0.24044 -0.305608 0.24044 -0.305608 0.24044
13.91 0 -0 -34.6607 32.2323 0 -0 -35.7893 30.7626 0 -0 -4.88134 0.340174 -0 0 28.0798 -26.268 -0 0 41.0054 -38.7041 -0 0 28.7779 -32.7346 -0 0 2.88663 -10.1985 0 -0 -10.4099 6.03008 0 -0 -11.0909 10.5342 0 -0 -11.0909 10.5342 0.0640967 1.52306e-07 0.545447 0.657499 0.000341515 0.999998 0.147056 0.0257595 0.33645 0.80105 0.000189915 0.892605 0.0799476 1 0.237155 0.878903 0.000359129 5.57139e-07 0.0165997 1 0.293812 0.843646 0.00143898 2.04296e-10 0.00215143 1 0.459313 0.723263 0.00996194 2.19797e-08 0.000542331 0.865546 0.73237 0.424108 0.047969 0.0399876 0.000958825 1.23695e-05 0.864987 0.272704 0.0251082 0.999982 0.00267654 9.88978e-07 0.868317 0.286449 0.00587609 1 0.00664026 0.000357981 0.852459 0.334949 0.00147669 0.999964 0.00970435 0.000626863 0.839482 0.371916 0.000825205 0.999934 -0.181725 0.148563 -0.181725 0.148563 -0.181725 0.148563 -0.13094 0.0345488 0.0507854 -0.114014 0.388375 -0.45532 0.388375 -0.45532 0.634795 -0.664607 0.634795 -0.664607 0.522518 -0.592235 0.522518 -0.592235 0.119825 -0.260307 0.119825 -0.260307 -0.440481 0.319286 -0.440481 0.319286 -0.666665 0.605249 -0.666665 0.605249 -0.652219 0.563418 -0.652219 0.563418 -0.320546 0.268829 -0.632701 0.519707 -0.312155 0.250878 -0.312155 0.250878 -0.312155 0.250878
13.96 0 -0 -33.4441 31.5823 0 -0 -37.262 33.1128 0 -0 -9.41564 4.07892 -0 0 25.2673 -24.24 -0 0 39.3952 -36.9948 -0 0 31.5494 -34.4133 -0 0 5.11351 -12.0291 0 -0 -8.66264 4.21056 0 -0 -10.1468 9.45312 0 -0 -10.1468 9.45312 0.05754 7.99079e-08 0.56252 0.640929 0.00037076 0.999999 0.143555 0.00663349 0.376631 0.775225 0.000192033 0.970022 0.0873532 1 0.239542 0.877346 0.000330224 1.56597e-06 0.0191803 1 0.287165 0.847947 0.00126557 2.26037e-10 0.00245869 1 0.443635 0.735037 0.00866659 1.03501e-08 0.000548295 0.961029 0.700704 0.466469 0.0470843 0.0111694 0.000848576 3.30111e-05 0.863999 0.273057 0.0287251 0.99994 0.00224326 1.52053e-06 0.873239 0.276092 0.007213 1 0.00537992 0.000362711 0.860513 0.317555 0.0018806 0.999962 0.00778666 0.00063404 0.849395 0.350307 0.00105473 0.999931 -0.189697 0.154261 -0.189697 0.154261 -0.189697 0.154261 -0.199477 0.120707 -0.00978009 -0.0335538 0.329602 -0.374883 0.329602 -0.374883 0.640202 -0.666821 0.640202 -0.666821 0.532077 -0.59957 0.532077 -0.59957 0.211572 -0.331091 0.211572 -0.331091 -0.35506 0.255397 -0.35506 0.255397 -0.669685 0.612061 -0.669685 0.612061 -0.659382 0.576485 -0.659382 0.576485 -0.325073 0.276834 -0.642971 0.537468 -0.317898 0.260634 -0.317898 0.260634 -0.317898 0.260634
14.01 0 -0 -31.9253 30.059 0 -0 -38.4746 34.8124 0 -0 -14.0827 7.99771 -0 -0 22.4627 -21.8898 -0 0 37.8252 -35.3992 -0 0 33.9498 -35.9643 -0 0 7.26403 -13.8356 0 -0 -6.9164 2.41143 0 -0 -9.19017 8.37297 0 -0 -9.19017 8.37297 0.0513143 4.61018e-08 0.580604 0.623308 0.000405834 0.999999 0.136979 0.00169632 0.414718 0.750825 0.000197613 0.992233 0.0946988 0.999998 0.243361 0.875219 0.000305297 5.04541e-06 0.0220889 1 0.281135 0.851795 0.0011168 2.77029e-10 0.00282308 1 0.427748 0.747122 0.00752681 5.49236e-09 0.000566344 0.989938 0.671412 0.505839 0.0449743 0.00302667 0.000756223 9.33308e-05 0.862307 0.27507 0.0325909 0.999796 0.00189011 2.49421e-06 0.877532 0.266835 0.00882336 0.999999 0.00437945 0.000385472 0.867741 0.301604 0.00239499 0.999957 0.0062723 0.000671096 0.858283 0.33043 0.00135192 0.999923 -0.197846 0.160364 -0.197846 0.160364 -0.197846 0.160364 -0.252065 0.185537 -0.0542189 0.0251725 0.286435 -0.315874 0.286435 -0.315874 0.644885 -0.668493 0.644885 -0.668493 0.541551 -0.606593 0.541551 -0.606593 0.282193 -0.384434 0.282193 -0.384434 -0.290513 0.208301 -0.290513 0.208301 -0.672019 0.617929 -0.672019 0.617929 -0.665699 0.588591 -0.665699 0.588591 -0.329066 0.284251 -0.652009 0.553961 -0.322943 0.26971 -0.322943 0.26971 -0.322943 0.26971
14.06 0 -0 -30.3308 28.3068 0 -0 -39.4332 35.9894 0 -0 -18.1297 11.298 0 -0 19.0544 -19.2907 -0 0 36.9558 -34.2331 -0 0 36.1084 -37.3302 -0 0 9.3978 -15.5654 0 -0 -5.12886 0.648701 0 -0 -8.20792 7.29632 0 -0 -8.20792 7.29632 0.0454476 2.93445e-08 0.599135 0.605069 0.000447989 1 0.128126 0.000439796 0.44893 0.728135 0.00020654 0.998011 0.101829 0.999992 0.248161 0.872736 0.000283805 1.82876e-05 0.0253455 1 0.275697 0.855269 0.000988952 3.79747e-10 0.00325588 1 0.412153 0.759056 0.0065258 3.21821e-09 0.000595903 0.997543 0.644974 0.540111 0.0419808 0.00081292 0.000678662 0.000278069 0.860156 0.27825 0.0366484 0.999289 0.00160131 4.35467e-06 0.881262 0.25863 0.0107483 0.999999 0.00358317 0.000429099 0.874227 0.287015 0.00304683 0.99995 0.00507485 0.000742339 0.866262 0.312194 0.00173533 0.999911 -0.206172 0.166834 -0.206172 0.166834 -0.206172 0.166834 -0.293754 0.23262 -0.0875812 0.0657858 0.253836 -0.274726 0.253836 -0.274726 0.648876 -0.669707 0.648876 -0.669707 0.550905 -0.613354 0.550905 -0.613354 0.333648 -0.424959 0.333648 -0.424959 -0.244869 0.173397 -0.244869 0.173397 -0.673742 0.622863 -0.673742 0.622863 -0.671265 0.599776 -0.671265 0.599776 -0.332593 0.29111 -0.659976 0.569235 -0.327383 0.278125 -0.327383 0.278125 -0.327383 0.278125
14.11 0 -0 -28.7555 26.4731 0 -0 -40.1571 36.6919 0 -0 -21.4196 14.0966 0 -0 15.2553 -16.3998 -0 0 36.4383 -33.503 -0 0 38.0125 -38.5345 -0 0 11.4638 -17.2147 0 -0 -3.34202 -1.07436 0 -0 -7.21181 6.22325 0 -0 -7.21181 6.22325 0.0399784 2.05091e-08 0.617609 0.586577 0.000498662 1 0.117852 0.000117116 0.479175 0.70711 0.000218818 0.999479 0.108609 0.99996 0.253566 0.870054 0.00026526 7.15428e-05 0.0289668 1 0.270813 0.858428 0.000878865 5.87254e-10 0.00376956 1 0.3972 0.770482 0.00565002 2.02083e-09 0.000636828 0.999418 0.621301 0.569375 0.0384695 0.000219168 0.000613294 0.000869327 0.857715 0.282177 0.0408356 0.997478 0.00136423 8.07936e-06 0.884502 0.251397 0.0130304 0.999997 0.00294739 0.000499856 0.88005 0.273703 0.00386828 0.999939 0.00412594 0.000857393 0.873433 0.295499 0.00222789 0.999893 -0.214591 0.173585 -0.214591 0.173585 -0.214591 0.173585 -0.328154 0.267536 -0.113563 0.0939502 0.228165 -0.24583 0.228165 -0.24583 0.65225 -0.670546 0.65225 -0.670546 0.56006 -0.619834 0.56006 -0.619834 0.371351 -0.456509 0.371351 -0.456509 -0.212647 0.146756 -0.212647 0.146756 -0.674912 0.626848 -0.674912 0.626848 -0.676165 0.610095 -0.676165 0.610095 -0.335712 0.297445 -0.667008 0.58335 -0.331295 0.285905 -0.331295 0.285905 -0.331295 0.285905
14.16 0 -0 -27.2331 24.687 0 -0 -40.6881 37.1037 0 -0 -24.1603 16.6643 0 -0 11.6198 -13.4653 -0 0 35.7973 -32.8811 -0 0 39.585 -39.5726 -0 0 13.3811 -18.7553 0 -0 -1.62139 -2.71772 0 -0 -6.23209 5.18013 0 -0 -6.23209 5.18013 0.0349427 1.56348e-08 0.635648 0.568125 0.00055953 1 0.106904 3.23452e-05 0.505857 0.687612 0.000234565 0.999858 0.114933 0.999777 0.259298 0.867282 0.000249236 0.000296765 0.0329651 1 0.266442 0.861316 0.000783847 1.02576e-09 0.00437785 1 0.383107 0.781182 0.00488742 1.33994e-09 0.000689388 0.999864 0.600129 0.594313 0.0347467 5.98497e-05 0.000557991 0.00282479 0.855051 0.286563 0.0450895 0.990986 0.00116884 1.58465e-05 0.887317 0.245038 0.0157129 0.999993 0.0024379 0.000607893 0.885282 0.261579 0.00489709 0.999921 0.00337185 0.0010316 0.879888 0.280241 0.00285756 0.999864 -0.22298 0.180518 -0.22298 0.180518 -0.22298 0.180518 -0.35754 0.294589 -0.13456 0.11407 0.207087 -0.224823 0.207087 -0.224823 0.655086 -0.671076 0.655086 -0.671076 0.568935 -0.625986 0.568935 -0.625986 0.399845 -0.481753 0.399845 -0.481753 -0.189139 0.125312 -0.189139 0.125312 -0.675491 0.629586 -0.675491 0.629586 -0.680475 0.619615 -0.680475 0.619615 -0.338471 0.303292 -0.673216 0.596378 -0.334744 0.293086 -0.334744 0.293086 -0.334744 0.293086
14.21 0 -0 -25.8052 23.0431 0 -0 -41.0884 37.3588 0 -0 -26.4634 18.9789 0 -0 8.30989 -10.6627 -0 0 35.0082 -32.2338 -0 0 40.856 -40.4367 -0 0 15.1332 -20.1676 0 -0 0.00404502 -4.25424 0 -0 -5.28792 4.187 0 -0 -5.28792 4.187 0.0303649 1.28945e-08 0.652988 0.549942 0.000632558 1 0.0958709 9.32071e-06 0.529467 0.669492 0.000254003 0.999959 0.120719 0.998738 0.265173 0.864486 0.000235364 0.00128503 0.0373478 1 0.262538 0.863967 0.000701627 2.00426e-09 0.00509581 1 0.369989 0.791052 0.00422649 9.34793e-10 0.000754204 0.999968 0.581154 0.615653 0.0310384 1.66906e-05 0.000511053 0.00940859 0.85201 0.291293 0.0493468 0.968187 0.00100712 3.26294e-05 0.889761 0.239456 0.0188381 0.999983 0.00202797 0.000769178 0.889986 0.250554 0.00617698 0.999895 0.00277055 0.00128868 0.885707 0.266316 0.00365804 0.999822 -0.231213 0.187533 -0.231213 0.187533 -0.231213 0.187533 -0.383286 0.316596 -0.152073 0.129063 0.189099 -0.208768 0.189099 -0.208768 0.657401 -0.671299 0.657401 -0.671299 0.577468 -0.631767 0.577468 -0.631767 0.422217 -0.50245 0.422217 -0.50245 -0.170778 0.105819 -0.170778 0.105819 -0.675108 0.629694 -0.675108 0.629694 -0.684262 0.628414 -0.684262 0.628414 -0.34091 0.308691 -0.678694 0.608396 -0.337784 0.299705 -0.337784 0.299705 -0.337784 0.299705
14.26 0 -0 -24.4968 21.5857 0 -0 -41.4101 37.5518 0 -0 -28.4141 21.0421 0 -0 5.40218 -8.10308 -0 0 34.117 -31.5012 -0 0 41.8944 -41.1099 -0 0 16.7512 -21.4573 0 -0 1.51806 -5.67055 0 -0 -4.39447 3.25771 0 -0 -4.39447 3.25771 0.0262545 1.13976e-08 0.66946 0.532205 0.000720056 1 0.0851799 2.81042e-06 0.550456 0.65261 0.000277453 0.999988 0.125911 0.992805 0.271125 0.861659 0.000223336 0.00570573 0.0421168 1 0.259062 0.866406 0.000630288 4.31245e-09 0.00593979 1 0.357887 0.800066 0.0036561 6.86624e-10 0.000832213 0.999992 0.564026 0.634041 0.0274956 4.79205e-06 0.000471245 0.0314106 0.847826 0.296601 0.0535406 0.894863 0.000872677 6.99964e-05 0.891857 0.234572 0.022446 0.999958 0.00169673 0.00100849 0.894221 0.240543 0.0077578 0.999854 0.00228925 0.00166472 0.890959 0.253622 0.0046694 0.999759 -0.239182 0.194539 -0.239182 0.194539 -0.239182 0.194539 -0.406223 0.3353 -0.167041 0.140761 0.172899 -0.195561 0.172899 -0.195561 0.658853 -0.670961 0.658853 -0.670961 0.585618 -0.637149 0.585618 -0.637149 0.440441 -0.519762 0.440441 -0.519762 -0.154051 0.0822864 -0.154051 0.0822864 -0.672304 0.622428 -0.672304 0.622428 -0.687579 0.636573 -0.687579 0.636573 -0.343061 0.313683 -0.683516 0.619489 -0.340455 0.305806 -0.340455 0.305806 -0.340455 0.305806
14.31 0 -0 -23.2446 20.2238 0 -0 -41.6833 37.7515 0 -0 -30.0961 22.9044 0 -0 3.00551 -5.92846 -0 0 33.196 -30.6473 -0 0 42.7801 -41.5204 -0 0 18.34 -22.6663 0 -0 2.90983 -6.96151 0 -0 -3.56922 2.4056 0 -0 -3.56922 2.4056 0.0226055 1.07071e-08 0.684966 0.515044 0.000824733 1 0.0751171 8.87288e-07 0.569225 0.636826 0.000305323 0.999996 0.130463 0.960432 0.277394 0.858503 0.000212913 0.0252958 0.0472677 1 0.255986 0.868642 0.000568223 1.00104e-08 0.00692745 1 0.346785 0.808243 0.00316558 5.32613e-10 0.000924711 0.999998 0.548249 0.650062 0.0242082 1.4303e-06 0.000437971 0.100228 0.840285 0.303637 0.0575805 0.711421 0.00076045 0.000155201 0.893554 0.230356 0.0265721 0.999895 0.00142787 0.00136371 0.898035 0.231462 0.00969533 0.999792 0.0019024 0.00221356 0.895708 0.242064 0.00593866 0.999665 -0.246805 0.201458 -0.246805 0.201458 -0.246805 0.201458 -0.426866 0.35176 -0.180061 0.150301 0.155621 -0.182714 0.155621 -0.182714 0.657187 -0.668724 0.657187 -0.668724 0.593368 -0.642118 0.593368 -0.642118 0.455787 -0.534477 0.455787 -0.534477 -0.13293 0.0423264 -0.13293 0.0423264 -0.662362 0.596248 -0.662362 0.596248 -0.690457 0.644165 -0.690457 0.644165 -0.344948 0.31831 -0.687737 0.629742 -0.342789 0.311432 -0.342789 0.311432 -0.342789 0.311432
14.36 0 -0 -21.7744 18.8079 0 -0 -41.8616 38.0583 0 -0 -31.6256 24.8093 0 -0 1.58155 -4.54577 -0 0 32.4802 -29.9819 -0 0 43.4049 -41.4838 -0 0 20.0851 -23.8805 0 -0 4.18425 -8.13116 0 -0 -2.83455 1.64775 0 -0 -2.83455 1.64775 0.0193989 1.07014e-08 0.699467 0.498549 0.000949763 1 0.065851 2.93577e-07 0.586173 0.621912 0.000338126 0.999999 0.134291 0.815313 0.285342 0.853408 0.000204006 0.105087 0.0527887 1 0.253331 0.87063 0.000514087 2.42674e-08 0.00807763 1 0.336613 0.815636 0.00274483 4.35044e-10 0.00103357 1 0.533019 0.664344 0.0212199 4.50798e-07 0.000411564 0.274776 0.825853 0.315705 0.0612895 0.432564 0.000666434 0.000352907 0.894673 0.226903 0.0312437 0.999735 0.00120862 0.00189133 0.90146 0.223245 0.0120509 0.999697 0.00159008 0.00301312 0.900007 0.231553 0.00752004 0.999523 -0.254021 0.20823 -0.254021 0.20823 -0.254021 0.20823 -0.445555 0.366625 -0.191535 0.158395 0.12623 -0.163829 0.12623 -0.163829 0.641779 -0.658905 0.641779 -0.658905 0.600715 -0.646672 0.600715 -0.646672 0.469134 -0.547163 0.469134 -0.547163 -0.0950366 -0.0266526 -0.0950366 -0.0266526 -0.633771 0.539147 -0.633771 0.539147 -0.692886 0.651241 -0.692886 0.651241 -0.346585 0.322613 -0.691387 0.639238 -0.344803 0.316625 -0.344803 0.316625 -0.344803 0.316625
14.41 0 -0 -19.3326 16.9897 0 -0 -41.7722 38.7863 0 -0 -33.1389 26.9599 0 -0 1.01736 -3.84222 -0 0 32.077 -29.152 -0 0 43.7608 -40.9045 -0 0 22.1461 -25.1764 0 -0 5.40538 -9.20669 0 -0 -2.18255 0.983661 0 -0 -2.18255 0.983661 0.0166056 1.16596e-08 0.71297 0.482755 0.00109885 1 0.0574571 1.02485e-07 0.601857 0.607252 0.000376541 1 0.137096 0.465092 0.299695 0.841426 0.000196962 0.342874 0.0586568 1 0.251288 0.872146 0.000466787 5.88583e-08 0.00941049 1 0.327256 0.822312 0.00238457 3.71463e-10 0.00116163 1 0.51741 0.677703 0.0185398 1.53538e-07 0.000393026 0.556177 0.803333 0.338185 0.0642873 0.201434 0.0005875 0.00081805 0.894973 0.224547 0.0364726 0.999323 0.00102901 0.00267477 0.90451 0.215846 0.01489 0.999549 0.00133678 0.00417464 0.903903 0.222011 0.00947506 0.999309 -0.260795 0.214807 -0.260795 0.214807 -0.260795 0.214807 -0.462559 0.380344 -0.201764 0.165537 0.058917 -0.12128 0.058917 -0.12128 0.58711 -0.624357 0.58711 -0.624357 0.607658 -0.650799 0.607658 -0.650799 0.48117 -0.558283 0.48117 -0.558283 -0.0262528 -0.116347 -0.0262528 -0.116347 -0.573024 0.459841 -0.573024 0.459841 -0.694801 0.657792 -0.694801 0.657792 -0.347971 0.326628 -0.694473 0.648055 -0.346501 0.321426 -0.346501 0.321426 -0.346501 0.321426
14.46 0 -0 -14.8649 14.1367 0 -0 -41.2007 40.065 0 -0 -34.6993 29.5182 0 -0 -0.335293 -2.99156 -0 0 31.0949 -27.8379 -0 0 43.9612 -39.966 -0 0 24.6184 -26.5818 -0 -0 6.76218 -10.2738 0 -0 -1.53023 0.357699 0 -0 -1.53023 0.357699 0.0141904 1.49802e-08 0.72554 0.467614 0.00127634 1 0.0499337 3.84137e-08 0.617237 0.591701 0.000421616 1 0.138046 0.159705 0.3279 0.818747 0.000192811 0.690008 0.0648243 1 0.250414 0.87273 0.000425499 1.40968e-07 0.0109475 1 0.3186 0.828337 0.00207639 3.36183e-10 0.00131304 1 0.500951 0.691017 0.0161532 5.75569e-08 0.000383023 0.802351 0.775686 0.37265 0.0659904 0.0795777 0.000521161 0.00193344 0.894357 0.223769 0.0422416 0.998269 0.000881177 0.00384413 0.907188 0.209257 0.0182808 0.999319 0.00113037 0.00586722 0.907435 0.213371 0.0118721 0.998988 -0.267118 0.221163 -0.267118 0.221163 -0.267118 0.221163 -0.478168 0.393336 -0.21105 0.172173 -0.0463204 -0.037205 -0.0463204 -0.037205 0.493406 -0.547592 0.493406 -0.547592 0.61415 -0.654442 0.61415 -0.654442 0.492436 -0.568266 0.492436 -0.568266 0.0669561 -0.204311 0.0669561 -0.204311 -0.486989 0.381046 -0.486989 0.381046 -0.696074 0.663702 -0.696074 0.663702 -0.349092 0.330384 -0.696963 0.656256 -0.347871 0.325873 -0.347871 0.325873 -0.347871 0.325873
14.51 0 -0 -11.5518 11.2055 0 -0 -40.0281 40.1991 0 -0 -36.2032 31.9773 0 -0 -4.09018 -0.500525 -0 0 28.8208 -26.0868 -0 0 43.6381 -38.8713 -0 0 27.2561 -28.0658 -0 -0 8.33559 -11.4386 0 -0 -0.804616 -0.312842 0 -0 -0.804616 -0.312842 0.0121142 2.2995e-08 0.737302 0.452995 0.0014874 1 0.0432224 1.58308e-08 0.633306 0.574548 0.000474987 1 0.136023 0.0422445 0.368556 0.78983 0.000192507 0.901998 0.0711981 1 0.25136 0.872137 0.00038961 3.50371e-07 0.0127113 1 0.310596 0.833762 0.00181284 3.31694e-10 0.00149313 1 0.48379 0.704724 0.0140343 2.38737e-08 0.000381475 0.930576 0.746633 0.413329 0.0659464 0.0288722 0.000465364 0.00469734 0.892911 0.224823 0.0484947 0.995551 0.000758958 0.00562338 0.9095 0.2035 0.0222908 0.998958 0.00096137 0.00837774 0.910633 0.205584 0.0147854 0.998497 -0.273001 0.227301 -0.273001 0.227301 -0.273001 0.227301 -0.492742 0.406024 -0.219741 0.178723 -0.149611 0.0663848 -0.149611 0.0663848 0.400731 -0.450942 0.400731 -0.450942 0.620066 -0.65752 0.620066 -0.65752 0.503286 -0.57748 0.503286 -0.57748 0.159234 -0.2779 0.159234 -0.2779 -0.401164 0.31549 -0.401164 0.31549 -0.696486 0.66872 -0.696486 0.66872 -0.349909 0.333894 -0.698781 0.663888 -0.348872 0.329994 -0.348872 0.329994 -0.348872 0.329994
14.56 0 -0 -8.69971 8.33288 0 -0 -38.4209 39.2697 0 -0 -37.5789 34.3289 0 -0 -8.805 3.50806 -0 0 26.5544 -24.426 -0 0 42.4716 -37.5461 -0 0 29.6717 -29.5045 -0 0 9.99492 -12.6796 0 -0 -0.032027 -1.02554 0 -0 -0.032027 -1.02554 0.0103371 3.95757e-08 0.748412 0.438763 0.00173821 1 0.037247 7.33341e-09 0.650235 0.556034 0.000538835 1 0.130654 0.0103622 0.412123 0.759991 0.000196349 0.974587 0.0776418 1 0.254204 0.870527 0.000358566 9.83967e-07 0.0147246 1 0.303255 0.838639 0.00158738 3.54979e-10 0.00170826 1 0.466376 0.718672 0.0121574 1.1014e-08 0.000387929 0.978782 0.718473 0.453547 0.064128 0.0100115 0.000418379 0.0117565 0.89077 0.227624 0.0551384 0.988503 0.000657464 0.00838532 0.911461 0.1986 0.0269828 0.998382 0.000822325 0.0121697 0.913525 0.198622 0.0182931 0.997738 -0.278478 0.233242 -0.278478 0.233242 -0.278478 0.233242 -0.506616 0.418702 -0.228138 0.18546 -0.231587 0.156111 -0.231587 0.156111 0.328596 -0.367999 0.328596 -0.367999 0.625271 -0.659995 0.625271 -0.659995 0.513881 -0.586171 0.513881 -0.586171 0.234366 -0.335712 0.234366 -0.335712 -0.331508 0.264315 -0.331508 0.264315 -0.69557 0.672359 -0.69557 0.672359 -0.350351 0.337159 -0.69977 0.670965 -0.349419 0.333807 -0.349419 0.333807 -0.349419 0.333807
14.61 0 -0 -5.88693 5.35591 0 -0 -36.6644 37.6395 0 -0 -38.828 36.3706 0 -0 -13.3536 7.56955 -0 0 24.2401 -22.3459 -0 0 41.5733 -36.3848 -0 0 31.8673 -30.8182 -0 0 11.6568 -13.9258 0 -0 0.764493 -1.75611 0 -0 0.764493 -1.75611 0.00882066 7.57027e-08 0.75899 0.424834 0.00203617 1 0.0319455 3.84167e-09 0.667537 0.536762 0.00061579 1 0.122494 0.0025128 0.452676 0.731511 0.000204325 0.993923 0.0840035 0.999999 0.258542 0.868193 0.000331805 3.19595e-06 0.0170092 1 0.296588 0.843025 0.00139437 4.16015e-10 0.00196572 1 0.449176 0.73245 0.0105013 5.62007e-09 0.000401976 0.993997 0.692187 0.49001 0.0608562 0.00339195 0.000378761 0.030033 0.887974 0.232057 0.0620479 0.970354 0.00057281 0.0127427 0.913092 0.194578 0.0324104 0.997447 0.000707381 0.0179764 0.916132 0.192482 0.0224744 0.996545 -0.283597 0.239018 -0.283597 0.239018 -0.283597 0.239018 -0.519981 0.431485 -0.236384 0.192467 -0.293644 0.223358 -0.293644 0.223358 0.275677 -0.307468 0.275677 -0.307468 0.629707 -0.661892 0.629707 -0.661892 0.524242 -0.594442 0.524242 -0.594442 0.290628 -0.380641 0.290628 -0.380641 -0.278722 0.223629 -0.278722 0.223629 -0.692171 0.673522 -0.692171 0.673522 -0.350293 0.340161 -0.69966 0.67747 -0.349367 0.337309 -0.349367 0.337309 -0.349367 0.337309
14.66 0 -0 -3.49093 2.63806 0 -0 -34.8101 35.4163 0 -0 -39.9177 37.8677 0 -0 -17.1628 10.761 -0 0 21.0812 -20.0499 -0 0 41.5094 -35.6711 -0 0 33.9282 -31.9781 -0 0 13.3325 -15.1532 0 -0 1.58755 -2.49782 0 -0 1.58755 -2.49782 0.00752925 1.57997e-07 0.769107 0.411181 0.00239013 1 0.0272712 2.27356e-09 0.684643 0.517297 0.000708934 1 0.112473 0.000615502 0.488589 0.70503 0.000216452 0.99858 0.0901415 0.999995 0.263884 0.865395 0.000308775 1.16555e-05 0.0195856 1 0.290584 0.846973 0.00122892 5.3893e-10 0.00227379 1 0.432559 0.745683 0.00904813 3.10691e-09 0.000423428 0.99838 0.667994 0.522029 0.056582 0.00113916 0.000345349 0.0763999 0.884292 0.238449 0.0690639 0.925445 0.000501895 0.0197079 0.914405 0.191478 0.038612 0.995911 0.000611908 0.0269589 0.918468 0.187193 0.0274055 0.994649 -0.288402 0.244656 -0.288402 0.244656 -0.288402 0.244656 -0.532885 0.444357 -0.244483 0.199702 -0.341374 0.272437 -0.341374 0.272437 0.236403 -0.265041 0.236403 -0.265041 0.633401 -0.66328 0.633401 -0.66328 0.534322 -0.602306 0.534322 -0.602306 0.332183 -0.416058 0.332183 -0.416058 -0.235919 0.187451 -0.235919 0.187451 -0.683413 0.669563 -0.683413 0.669563 -0.349526 0.342857 -0.697993 0.683323 -0.348467 0.340466 -0.348467 0.340466 -0.348467 0.340466
14.71 0 -0 -1.31663 0.221156 0 -0 -32.9675 33.1008 0 -0 -40.8003 38.8754 0 -0 -20.2762 13.5248 -0 0 17.6832 -17.5363 -0 0 41.6151 -35.2104 -0 0 35.8116 -32.9684 -0 0 15.0169 -16.3674 0 -0 2.40295 -3.23111 0 -0 2.40295 -3.23111 0.00643102 3.52639e-07 0.778796 0.397813 0.00281048 0.999999 0.0231833 1.51292e-09 0.701129 0.498066 0.000821886 1 0.101502 0.000154148 0.519949 0.680613 0.000232879 0.999664 0.095935 0.999975 0.269832 0.862324 0.000288964 4.57888e-05 0.0224715 1 0.28521 0.850535 0.00108688 7.77069e-10 0.0026418 1 0.416769 0.758124 0.00778119 1.81714e-09 0.000452385 0.999576 0.645708 0.550054 0.051737 0.000383317 0.000317296 0.183141 0.878947 0.248177 0.0759607 0.825824 0.000442241 0.0309245 0.915383 0.189428 0.0456036 0.99336 0.000532239 0.0409075 0.920542 0.182835 0.0331531 0.991606 -0.29293 0.250173 -0.29293 0.250173 -0.29293 0.250173 -0.545294 0.457237 -0.252363 0.207064 -0.379333 0.309151 -0.379333 0.309151 0.206214 -0.234874 0.206214 -0.234874 0.636432 -0.66424 0.636432 -0.66424 0.544051 -0.609732 0.544051 -0.609732 0.363576 -0.444656 0.363576 -0.444656 -0.19247 0.147476 -0.19247 0.147476 -0.662939 0.65483 -0.662939 0.65483 -0.347697 0.345152 -0.69402 0.688348 -0.346323 0.343196 -0.346323 0.343196 -0.346323 0.343196
14.76 0 -0 0.735411 -1.9751 0 -0 -31.2427 30.9691 0 -0 -41.494 39.5846 0 -0 -22.8745 16.0087 0 -0 14.5027 -15.0808 -0 0 41.6027 -34.7026 -0 0 37.4893 -33.7111 -0 0 16.7689 -17.5877 0 -0 3.1958 -3.93764 0 -0 3.1958 -3.93764 0.00549797 8.32911e-07 0.788066 0.384758 0.00330944 0.999998 0.0196394 1.12063e-09 0.71673 0.479369 0.000958917 1 0.0903207 3.986e-05 0.547294 0.658149 0.000253904 0.999918 0.101289 0.999866 0.27609 0.859117 0.000271914 0.000190155 0.0256819 1 0.280418 0.853756 0.000964687 1.24412e-09 0.00308029 1 0.401935 0.769659 0.00668349 1.1182e-09 0.000489272 0.999891 0.624861 0.574983 0.0466686 0.0001307 0.00029413 0.37698 0.870386 0.264141 0.0823705 0.649827 0.000391871 0.0489329 0.915945 0.188731 0.0533671 0.989097 0.000465457 0.0624129 0.922349 0.179563 0.0397663 0.986699 -0.297211 0.255579 -0.297211 0.255579 -0.297211 0.255579 -0.557147 0.470018 -0.259936 0.214439 -0.410537 0.337813 -0.410537 0.337813 0.182079 -0.212594 0.182079 -0.212594 0.638888 -0.664845 0.638888 -0.664845 0.553373 -0.616684 0.553373 -0.616684 0.388225 -0.468373 0.388225 -0.468373 -0.135621 0.0934422 -0.135621 0.0934422 -0.620911 0.620868 -0.620911 0.620868 -0.344229 0.346861 -0.686549 0.692197 -0.34232 0.345336 -0.34232 0.345336 -0.34232 0.345336
14.81 0 -0 2.65441 -3.94469 0 -0 -29.6658 29.0624 0 -0 -42.0322 40.0763 0 -0 -25.0761 18.2802 0 -0 12.0055 -13.0676 -0 0 41.5644 -34.3377 -0 0 38.7884 -34.09 -0 0 18.677 -18.8557 0 -0 3.974 -4.61815 0 -0 3.974 -4.61815 0.00470575 2.06434e-06 0.796915 0.372056 0.00390117 0.999996 0.0165925 9.12325e-10 0.731312 0.461403 0.00112506 1 0.0794684 1.07168e-05 0.571208 0.637481 0.000279969 0.999979 0.106134 0.999268 0.282457 0.855866 0.000257228 0.000821468 0.0292278 1 0.276152 0.856677 0.000859342 2.17254e-09 0.00360108 1 0.388082 0.780277 0.00573771 7.22366e-10 0.000534922 0.999972 0.604766 0.597899 0.0416243 4.5841e-05 0.00027578 0.615991 0.856825 0.28939 0.0877045 0.430257 0.000349216 0.0774181 0.915941 0.189929 0.0618321 0.98197 0.00040924 0.0949408 0.923862 0.177643 0.0472645 0.978788 -0.301262 0.260874 -0.301262 0.260874 -0.301262 0.260874 -0.568386 0.482594 -0.267124 0.221721 -0.436884 0.3612 -0.436884 0.3612 0.162059 -0.195328 0.162059 -0.195328 0.640826 -0.665126 0.640826 -0.665126 0.56225 -0.623143 0.56225 -0.623143 0.408458 -0.488585 0.408458 -0.488585 -0.0587441 0.0196482 -0.0587441 0.0196482 -0.552183 0.563049 -0.552183 0.563049 -0.338224 0.347641 -0.673797 0.694241 -0.335573 0.3466 -0.335573 0.3466 -0.335573 0.3466
14.86 0 -0 4.38762 -5.66577 0 -0 -28.2383 27.3867 0 -0 -42.4442 40.4459 0 -0 -27.0142 20.4297 0 -0 10.5201 -11.8793 -0 0 41.7467 -34.3716 -0 0 39.4504 -33.9903 -0 0 20.7309 -20.1761 0 -0 4.75824 -5.28638 0 -0 4.75824 -5.28638 0.00403336 5.31412e-06 0.805337 0.359747 0.00460205 0.999989 0.0139927 8.06415e-10 0.744824 0.444289 0.00132627 1 0.0693001 3.01258e-06 0.592213 0.61845 0.000311654 0.999994 0.110425 0.995959 0.288836 0.852603 0.000244567 0.00365942 0.0331166 1 0.272358 0.859334 0.000768299 3.97329e-09 0.00421752 1 0.375154 0.790046 0.00492648 4.77766e-10 0.000590698 0.999993 0.584728 0.619746 0.0367633 1.68829e-05 0.000262404 0.808186 0.837734 0.323717 0.0912431 0.241602 0.000313038 0.121169 0.915184 0.193727 0.070852 0.970108 0.000361731 0.142547 0.925023 0.177492 0.0556207 0.966097 -0.305099 0.266052 -0.305099 0.266052 -0.305099 0.266052 -0.578969 0.494876 -0.273871 0.228824 -0.459568 0.381026 -0.459568 0.381026 0.14474 -0.181125 0.14474 -0.181125 0.642101 -0.664949 0.642101 -0.664949 0.570677 -0.629111 0.570677 -0.629111 0.425837 -0.506297 0.425837 -0.506297 0.0292231 -0.0672472 0.0292231 -0.0672472 -0.465991 0.488477 -0.465991 0.488477 -0.328391 0.346915 -0.653291 0.693426 -0.324901 0.34651 -0.324901 0.34651 -0.324901 0.34651
14.91 0 -0 6.0914 -7.41089 0 -0 -26.9518 25.7735 0 -0 -42.8919 40.7949 0 -0 -28.5587 21.597 0 -0 6.73305 -10.1786 -0 0 40.1793 -33.067 -0 0 40.2857 -33.7519 -0 0 22.9394 -21.5085 0 -0 5.60102 -5.96892 0 -0 5.60102 -5.96892 0.00346273 1.41076e-05 0.813328 0.347866 0.00543079 0.999974 0.0117886 7.6471e-10 0.757275 0.428091 0.0015695 1 0.0600192 8.84634e-07 0.610765 0.600896 0.000349679 0.999998 0.11413 0.978214 0.295348 0.849182 0.000233658 0.0161035 0.0373507 1 0.268983 0.861758 0.000689413 7.53289e-09 0.00494466 1 0.363049 0.799068 0.00423294 3.35009e-10 0.000658581 0.999998 0.564356 0.640993 0.032183 6.60992e-06 0.000254117 0.9184 0.81438 0.363261 0.0924447 0.120423 0.000282346 0.185281 0.913522 0.200854 0.0801823 0.950578 0.000321449 0.208935 0.92574 0.179693 0.0647396 0.945959 -0.308728 0.271107 -0.308728 0.271107 -0.308728 0.271107 -0.588875 0.506792 -0.280147 0.235686 -0.47936 0.39834 -0.47936 0.39834 0.128105 -0.168028 0.128105 -0.168028 0.641518 -0.663486 0.641518 -0.663486 0.578674 -0.634611 0.578674 -0.634611 0.441411 -0.522233 0.441411 -0.522233 0.112281 -0.153583 0.112281 -0.153583 -0.377742 0.410639 -0.377742 0.410639 -0.313086 0.343796 -0.622014 0.688112 -0.308928 0.344317 -0.308928 0.344317 -0.308928 0.344317
14.96 0 -0 7.78419 -9.08674 0 -0 -25.6271 24.2126 0 -0 -43.2131 40.9324 0 -0 -29.7612 22.4458 0 -0 2.20153 -7.38591 -0 0 37.9943 -31.5932 -0 0 40.3478 -33.2867 -0 0 25.1127 -22.8012 0 -0 6.51749 -6.6937 0 -0 6.51749 -6.6937 0.00297841 3.8579e-05 0.820888 0.336445 0.00640861 0.999934 0.00992956 7.73108e-10 0.768707 0.412831 0.00186289 1 0.0517149 2.71319e-07 0.627277 0.584614 0.00039491 1 0.117202 0.894441 0.302839 0.844673 0.000224339 0.0655377 0.0419276 1 0.266007 0.863947 0.000620879 1.54798e-08 0.00579953 1 0.351659 0.807441 0.00364132 2.57232e-10 0.000741189 0.999999 0.543653 0.661635 0.0279449 2.76179e-06 0.000250854 0.968998 0.788767 0.403772 0.0911775 0.0556125 0.000256341 0.27309 0.910823 0.212058 0.0894668 0.919018 0.000287211 0.295724 0.925867 0.184983 0.0744316 0.914565 -0.312154 0.276028 -0.312154 0.276028 -0.312154 0.276028 -0.598099 0.518289 -0.285945 0.242261 -0.496788 0.413796 -0.496788 0.413796 0.105583 -0.151852 0.105583 -0.151852 0.633062 -0.657262 0.633062 -0.657262 0.586277 -0.639675 0.586277 -0.639675 0.455853 -0.536866 0.455853 -0.536866 0.181141 -0.229595 0.181141 -0.229595 -0.295661 0.338452 -0.295661 0.338452 -0.290589 0.33698 -0.576959 0.675875 -0.28637 0.338895 -0.28637 0.338895 -0.28637 0.338895
15.01 0 -0 9.34512 -10.5567 0 -0 -23.9058 22.6953 0 -0 -43.1871 41.0618 0 -0 -30.802 23.4811 0 -0 -2.59182 -3.56909 -0 0 36.2916 -30.5339 -0 0 39.1991 -32.3068 -0 0 27.0023 -23.913 -0 -0 7.48546 -7.44547 0 -0 7.48546 -7.44547 0.00256719 0.000108148 0.828019 0.325505 0.00755939 0.999827 0.00836793 8.39186e-10 0.779187 0.398492 0.00221589 1 0.0443939 8.77903e-08 0.642228 0.569155 0.000448409 1 0.11948 0.632833 0.314359 0.835545 0.000216776 0.221394 0.0468374 1 0.263522 0.86578 0.000561205 3.61434e-08 0.00680124 1 0.340906 0.81524 0.00313725 2.13296e-10 0.000841771 1 0.522872 0.681455 0.0240874 1.25065e-06 0.000252451 0.989049 0.762566 0.442702 0.0876919 0.0245742 0.000234377 0.382637 0.906898 0.228142 0.0982336 0.869791 0.000258077 0.399992 0.925194 0.194201 0.0843876 0.867181 -0.315381 0.280804 -0.315381 0.280804 -0.315381 0.280804 -0.606653 0.529329 -0.291273 0.248525 -0.512246 0.427839 -0.512246 0.427839 0.0574955 -0.121103 0.0574955 -0.121103 0.597443 -0.63525 0.597443 -0.63525 0.593517 -0.644329 0.593517 -0.644329 0.46956 -0.550465 0.46956 -0.550465 0.234778 -0.292266 0.234778 -0.292266 -0.220003 0.27337 -0.220003 0.27337 -0.259765 0.324666 -0.516344 0.653353 -0.256578 0.328687 -0.256578 0.328687 -0.256578 0.328687
15.06 0 -0 10.6723 -11.8666 0 -0 -21.3902 20.8246 0 -0 -42.6914 41.6163 0 -0 -32.011 25.1456 0 -0 -6.49233 -1.09407 -0 0 33.7358 -29.2598 -0 0 39.6245 -31.8381 -0 0 28.6862 -24.7704 -0 -0 8.4577 -8.17126 0 -0 8.4577 -8.17126 0.00221782 0.000307727 0.834728 0.315063 0.00890968 0.999541 0.00705989 1.00678e-09 0.788807 0.385001 0.00263942 1 0.0380051 3.05424e-08 0.656353 0.553537 0.000511625 1 0.120463 0.282043 0.336247 0.816349 0.000211844 0.519358 0.0520557 1 0.261898 0.866886 0.000509216 9.46127e-08 0.00797097 1 0.330756 0.82249 0.00270804 1.88568e-10 0.000964243 1 0.502341 0.700233 0.0206298 6.1437e-07 0.000258773 0.996292 0.736756 0.479177 0.0824534 0.0106662 0.000215946 0.504406 0.901417 0.249837 0.105907 0.79771 0.000233305 0.513223 0.923418 0.208158 0.0941638 0.799624 -0.318399 0.285413 -0.318399 0.285413 -0.318399 0.285413 -0.614552 0.539884 -0.296152 0.254471 -0.526086 0.440859 -0.526086 0.440859 -0.0328702 -0.0572558 -0.0328702 -0.0572558 0.518242 -0.579282 0.518242 -0.579282 0.600385 -0.648556 0.600385 -0.648556 0.482728 -0.563165 0.482728 -0.563165 0.276104 -0.342736 0.276104 -0.342736 -0.148378 0.212179 -0.148378 0.212179 -0.22096 0.304667 -0.441128 0.616496 -0.220168 0.311829 -0.220168 0.311829 -0.220168 0.311829
15.11 0 -0 11.113 -12.4483 0 -0 -19.0459 18.6913 0 -0 -41.5835 41.7109 0 -0 -33.477 27.4671 0 -0 -9.55376 1.06687 -0 0 30.7111 -27.5439 -0 0 40.8721 -32.1129 -0 0 30.1014 -25.3843 -0 0 9.45635 -8.88756 0 -0 9.45635 -8.88756 0.00192075 0.000863592 0.841021 0.305128 0.0104887 0.998794 0.00596619 1.34721e-09 0.797687 0.372217 0.00314619 1 0.0324586 1.16947e-08 0.670602 0.536733 0.000586725 1 0.119261 0.0887112 0.371776 0.788115 0.000210816 0.796428 0.0575278 1 0.261766 0.866878 0.000464039 2.61669e-07 0.00933173 1 0.321239 0.829174 0.00234265 1.8129e-10 0.00111327 1 0.482352 0.71783 0.0175742 3.13033e-07 0.000269818 0.998774 0.711706 0.513232 0.0759887 0.00463536 0.000200677 0.62447 0.893882 0.277497 0.111853 0.701575 0.000212322 0.624188 0.920144 0.227454 0.103192 0.710957 -0.321182 0.289811 -0.321182 0.289811 -0.321182 0.289811 -0.6218 0.549925 -0.300618 0.260114 -0.538686 0.453283 -0.538686 0.453283 -0.138679 0.0378107 -0.138679 0.0378107 0.422528 -0.491556 0.422528 -0.491556 0.606786 -0.652281 0.606786 -0.652281 0.495432 -0.575018 0.495432 -0.575018 0.308649 -0.383581 0.308649 -0.383581 -0.0795501 0.150367 -0.0795501 0.150367 -0.176414 0.275014 -0.355614 0.561647 -0.1792 0.286633 -0.1792 0.286633 -0.1792 0.286633
15.16 0 -0 11.333 -13.3252 0 -0 -16.4477 16.0948 0 -0 -40.0419 41.1133 0 -0 -35.0431 30.152 0 -0 -12.3193 3.66556 -0 0 27.785 -25.5547 -0 0 42.3013 -32.772 -0 0 31.1082 -25.715 -0 0 10.5031 -9.62318 0 -0 10.5031 -9.62318 0.0016679 0.00231684 0.8469 0.295712 0.0123281 0.996902 0.00505231 1.99605e-09 0.80597 0.359981 0.00375103 1 0.0276502 5.03622e-09 0.685509 0.518599 0.00067675 1 0.115229 0.0241812 0.414683 0.756763 0.000214422 0.934317 0.063159 1 0.263497 0.865756 0.000424957 7.70203e-07 0.0109076 1 0.312433 0.835258 0.00203162 1.91725e-10 0.00129437 1 0.463119 0.734196 0.0149072 1.61166e-07 0.000285778 0.999596 0.687375 0.5452 0.0687946 0.00204905 0.000188328 0.730826 0.883683 0.310863 0.115475 0.587142 0.000194695 0.723497 0.914904 0.252341 0.110824 0.605567 -0.323647 0.293889 -0.323647 0.293889 -0.323647 0.293889 -0.628363 0.559379 -0.304715 0.26549 -0.550427 0.465476 -0.550427 0.465476 -0.229519 0.134669 -0.229519 0.134669 0.340889 -0.401746 0.340889 -0.401746 0.612566 -0.655428 0.612566 -0.655428 0.507669 -0.586038 0.507669 -0.586038 0.33527 -0.417349 0.33527 -0.417349 -0.0141102 0.0846187 -0.0141102 0.0846187 -0.129581 0.23493 -0.266155 0.487248 -0.136575 0.252318 -0.136575 0.252318 -0.136575 0.252318
15.21 0 -0 12.3426 -14.9674 0 -0 -13.9587 13.264 0 -0 -38.2269 39.4949 0 -0 -36.5605 32.6949 0 -0 -14.971 6.49035 -0 0 24.2041 -23.5164 -0 0 43.1083 -33.6608 -0 0 31.6476 -25.7642 -0 0 11.5692 -10.3818 0 -0 11.5692 -10.3818 0.00145243 0.00606012 0.852344 0.286854 0.0144618 0.99196 0.00428846 3.28152e-09 0.813775 0.348183 0.00447127 1 0.0234853 2.46203e-09 0.700902 0.499636 0.000785521 1 0.108535 0.00628041 0.457122 0.726056 0.000222847 0.981775 0.0688269 0.999998 0.266916 0.863776 0.000391276 2.45421e-06 0.012723 1 0.304407 0.840741 0.00176682 2.23488e-10 0.00151411 1 0.444773 0.749345 0.0126041 8.25561e-08 0.000307092 0.999864 0.663521 0.575392 0.0612977 0.000934916 0.000178775 0.816826 0.870227 0.349019 0.11633 0.466394 0.000180103 0.8057 0.907207 0.28265 0.116414 0.492801 -0.325585 0.297369 -0.325585 0.297369 -0.325585 0.297369 -0.63408 0.568009 -0.308495 0.270641 -0.561583 0.477632 -0.561583 0.477632 -0.299399 0.213514 -0.299399 0.213514 0.279433 -0.329791 0.279433 -0.329791 0.617608 -0.657979 0.617608 -0.657979 0.519403 -0.596233 0.519403 -0.596233 0.357974 -0.446045 0.357974 -0.446045 0.0465199 0.0141373 0.0465199 0.0141373 -0.0839159 0.185616 -0.17905 0.395214 -0.0951344 0.209599 -0.0951344 0.209599 -0.0951344 0.209599
15.26 0 -0 14.02 -17.1085 0 -0 -11.7456 10.5942 0 -0 -36.2915 37.2588 0 -0 -37.9685 34.7924 0 -0 -17.4195 9.00787 -0 0 19.2738 -20.8468 -0 0 42.7136 -34.2636 -0 0 31.9202 -25.7064 -0 0 12.5466 -11.111 0 -0 12.5466 -11.111 0.00126864 0.0160623 0.85725 0.27869 0.0169243 0.978391 0.00364939 5.863e-09 0.821175 0.33678 0.00532704 1 0.0198881 1.37076e-09 0.716294 0.480443 0.00091761 1 0.0999189 0.00160774 0.495412 0.697364 0.000236167 0.995301 0.0744043 0.999992 0.271579 0.861222 0.000362309 8.37829e-06 0.0148015 1 0.29718 0.845651 0.00154129 2.90044e-10 0.0017802 1 0.42737 0.763329 0.0106331 4.22139e-08 0.000334482 0.999953 0.639853 0.603993 0.0538433 0.000444341 0.000171991 0.880863 0.85309 0.390534 0.114232 0.35291 0.000168321 0.868927 0.896604 0.317755 0.11942 0.383976 -0.326412 0.299444 -0.326412 0.299444 -0.326412 0.299444 -0.638415 0.57505 -0.312004 0.275606 -0.572284 0.48979 -0.572284 0.48979 -0.352485 0.272384 -0.352485 0.272384 0.234051 -0.277681 0.234051 -0.277681 0.62188 -0.659968 0.62188 -0.659968 0.530596 -0.605619 0.530596 -0.605619 0.378095 -0.471084 0.378095 -0.471084 0.101121 -0.0593713 0.101121 -0.0593713 -0.042003 0.13018 -0.0990526 0.290893 -0.0570496 0.160713 -0.0570496 0.160713 -0.0570496 0.160713
15.31 0 -0 15.6454 -19.2155 0 -0 -9.44076 7.79336 0 -0 -34.5386 35.2351 0 -0 -39.2387 36.5477 0 -0 -19.6368 11.242 -0 0 14.3633 -17.8803 -0 0 41.2461 -34.2611 -0 0 32.8798 -26.225 -0 0 13.3851 -11.78 0 -0 13.3851 -11.78 0.00111182 0.0430126 0.861276 0.271633 0.0197472 0.940626 0.00311397 1.13131e-08 0.828185 0.325791 0.00634132 1 0.0167962 8.60647e-10 0.731235 0.461505 0.00107842 1 0.0902415 0.000411739 0.528831 0.670998 0.00025457 0.998825 0.079775 0.999963 0.277044 0.858319 0.00033741 3.00815e-05 0.0171656 1 0.290727 0.850042 0.00134904 4.27745e-10 0.00210177 1 0.410914 0.776222 0.00895826 2.20958e-08 0.000369006 0.999983 0.616138 0.631067 0.0466955 0.000216801 0.000168038 0.925188 0.832125 0.433722 0.109311 0.256473 0.000159202 0.914381 0.882747 0.356614 0.119504 0.288282 -0.324496 0.297802 -0.324496 0.297802 -0.324496 0.297802 -0.639775 0.578213 -0.315279 0.280411 -0.582547 0.501894 -0.582547 0.501894 -0.393744 0.315985 -0.393744 0.315985 0.199801 -0.240686 0.199801 -0.240686 0.625424 -0.661464 0.625424 -0.661464 0.541225 -0.614229 0.541225 -0.614229 0.396506 -0.493402 0.396506 -0.493402 0.149209 -0.132765 0.149209 -0.132765 -0.00521916 0.072683 -0.0287818 0.181508 -0.0235626 0.108825 -0.0235626 0.108825 -0.0235626 0.108825
15.36 0 -0 17.1646 -21.1034 0 -0 -6.9697 4.86551 0 -0 -33.0326 33.4209 0 -0 -40.3526 37.9732 0 -0 -21.6562 13.2857 -0 0 9.87233 -15.0308 -0 0 38.9851 -33.5839 -0 0 34.5046 -27.7321 -0 0 14.0742 -12.3815 0 -0 14.0742 -12.3815 0.000978361 0.111358 0.863483 0.26679 0.0229488 0.84364 0.00266474 2.36664e-08 0.83475 0.31531 0.00753991 1 0.014154 5.98034e-10 0.745415 0.443169 0.00127434 1 0.0802466 0.000106528 0.557752 0.6469 0.000278411 0.999709 0.0848411 0.999819 0.282962 0.855229 0.000315998 0.000112111 0.0198358 1 0.284987 0.853972 0.00118493 7.12661e-10 0.00248953 1 0.395371 0.788103 0.00754329 1.22376e-08 0.000412109 0.999994 0.592258 0.656598 0.0400414 0.000104007 0.000167055 0.954078 0.807492 0.476966 0.101993 0.180857 0.000152667 0.945225 0.86543 0.397926 0.116606 0.210383 -0.315728 0.286523 -0.315728 0.286523 -0.315728 0.286523 -0.634068 0.571589 -0.31834 0.285066 -0.592328 0.513838 -0.592328 0.513838 -0.426823 0.349197 -0.426823 0.349197 0.173041 -0.213872 0.173041 -0.213872 0.628318 -0.662539 0.628318 -0.662539 0.551292 -0.622106 0.551292 -0.622106 0.413768 -0.513597 0.413768 -0.513597 0.191126 -0.202854 0.191126 -0.202854 0.0262083 0.0168792 0.0312466 0.073974 0.00503838 0.0570948 0.00503838 0.0570948 0.00503838 0.0570948
15.41 0 -0 18.6953 -22.8104 0 -0 -4.46915 2.03596 0 -0 -31.6556 31.6603 0 -0 -41.2848 39.0484 0 -0 -23.4976 15.1677 -0 0 5.82401 -12.2714 -0 0 35.7271 -32.4526 -0 0 35.3756 -29.6055 -0 0 14.8497 -13.2208 0 -0 14.8497 -13.2208 0.000865895 0.258151 0.861902 0.266575 0.0265062 0.648595 0.00228738 5.36861e-08 0.8407 0.305562 0.00895071 1 0.0119099 4.5344e-10 0.758649 0.42567 0.00151287 1 0.0704852 2.80937e-05 0.582802 0.624904 0.000308224 0.999927 0.089526 0.999099 0.289083 0.852062 0.000297562 0.000429412 0.0228303 1 0.279882 0.857505 0.0010446 1.32534e-09 0.00295603 1 0.380691 0.799053 0.00635306 7.31691e-09 0.000465694 0.999998 0.568218 0.68054 0.0339994 4.74488e-05 0.00016927 0.972393 0.779596 0.518962 0.0929075 0.123809 0.000148704 0.965631 0.844592 0.440336 0.110957 0.14923 -0.291871 0.254905 -0.291871 0.254905 -0.291871 0.254905 -0.613053 0.544456 -0.321183 0.289551 -0.601551 0.525496 -0.601551 0.525496 -0.454108 0.375525 -0.454108 0.375525 0.151349 -0.193661 0.151349 -0.193661 0.630613 -0.663253 0.630613 -0.663253 0.560816 -0.629303 0.560816 -0.629303 0.430238 -0.532033 0.430238 -0.532033 0.227828 -0.267426 0.227828 -0.267426 0.0528822 -0.0346843 0.0821228 -0.0268342 0.0292406 0.0078501 0.0292406 0.0078501 0.0292406 0.0078501
15.46 0 -0 20.3084 -24.4048 0 -0 -1.99049 -0.665823 0 -0 -30.3338 29.8909 0 -0 -42.062 39.8418 0 -0 -25.217 16.9423 -0 -0 2.20562 -9.72273 -0 0 32.0477 -30.7087 -0 0 35.6495 -30.6241 -0 0 16.1352 -14.4618 0 -0 16.1352 -14.4618 0.000773274 0.485584 0.854228 0.27452 0.0303032 0.395152 0.0019703 1.31431e-07 0.845727 0.296964 0.0106017 1 0.0100145 3.71874e-10 0.770831 0.409176 0.00180279 1 0.0613207 7.61108e-06 0.604585 0.60482 0.000344713 0.999981 0.093774 0.995519 0.295247 0.848859 0.000281669 0.0016755 0.0261642 1 0.275332 0.860698 0.00092434 2.71362e-09 0.00351586 1 0.366819 0.809146 0.00535504 4.85315e-09 0.000532212 0.999999 0.544117 0.702852 0.0286288 2.09916e-05 0.000175031 0.983918 0.748965 0.558805 0.0827752 0.0813658 0.000147382 0.979085 0.82028 0.482619 0.103039 0.101732 -0.243889 0.196113 -0.243889 0.196113 -0.243889 0.196113 -0.567653 0.489921 -0.323765 0.293807 -0.610118 0.536711 -0.610118 0.536711 -0.477121 0.397227 -0.477121 0.397227 0.132972 -0.177662 0.132972 -0.177662 0.632162 -0.663588 0.632162 -0.663588 0.569835 -0.635874 0.569835 -0.635874 0.446129 -0.548937 0.446129 -0.548937 0.260515 -0.325524 0.260515 -0.325524 0.0758002 -0.0808591 0.125773 -0.118576 0.0499726 -0.0377172 0.0499726 -0.0377172 0.0499726 -0.0377172
15.51 0 -0 22.0584 -25.9399 0 -0 0.45453 -3.21435 0 -0 -29.0095 28.125 0 -0 -42.6882 40.403 0 -0 -26.8238 18.611 0 -0 -1.06164 -7.2886 -0 0 28.4788 -28.8399 -0 0 35.1785 -30.9145 -0 0 17.5135 -15.7043 -0 -0 17.5135 -15.7043 0.000699727 0.713303 0.840145 0.292543 0.0340875 0.193573 0.00170411 3.45297e-07 0.849526 0.290054 0.0125172 1 0.00842163 3.28191e-10 0.781894 0.39382 0.00215426 1 0.0529615 2.13172e-06 0.623618 0.58646 0.000388754 0.999995 0.0975473 0.978115 0.301417 0.845485 0.000267966 0.00660083 0.0298494 1 0.271259 0.863594 0.000821034 6.03971e-09 0.00418594 1 0.353699 0.818453 0.00452 3.60048e-09 0.000614781 1 0.52011 0.723522 0.0239408 9.42394e-06 0.000184839 0.991058 0.716218 0.595957 0.0722876 0.0509856 0.000148868 0.987847 0.792681 0.523767 0.0934945 0.0661603 -0.174123 0.120834 -0.174123 0.120834 -0.174123 0.120834 -0.500136 0.418556 -0.326012 0.297721 -0.617911 0.547293 -0.617911 0.547293 -0.496839 0.415704 -0.496839 0.415704 0.115733 -0.164089 0.115733 -0.164089 0.631834 -0.663256 0.631834 -0.663256 0.578395 -0.641878 0.578395 -0.641878 0.461559 -0.564456 0.461559 -0.564456 0.290296 -0.376942 0.290296 -0.376942 0.0959705 -0.121328 0.164214 -0.200408 0.0682435 -0.07908 0.0682435 -0.07908 0.0682435 -0.07908
15.56 0 -0 23.93 -27.4492 0 -0 2.87014 -5.63335 0 -0 -27.5921 26.3358 0 -0 -43.1502 40.7969 0 -0 -28.33 20.1819 0 -0 -4.05245 -4.97077 -0 0 25.0404 -26.9018 -0 0 34.1593 -30.7335 -0 0 18.6801 -16.7774 -0 -0 18.6801 -16.7774 0.000643745 0.866593 0.821714 0.318549 0.0375177 0.0822201 0.00148098 9.68287e-07 0.852004 0.285194 0.014713 0.999999 0.0070885 3.11201e-10 0.791807 0.379714 0.00257881 1 0.0454994 6.21054e-07 0.640339 0.569599 0.000441401 0.999999 0.100814 0.901357 0.307854 0.841081 0.000256233 0.0257736 0.0338938 1 0.267606 0.866206 0.000732058 1.44709e-08 0.00498572 1 0.341283 0.827036 0.00382224 2.9835e-09 0.000717337 1 0.496382 0.742571 0.0199113 4.41075e-06 0.000199402 0.995214 0.68208 0.630142 0.0620278 0.0306942 0.000153449 0.993207 0.762185 0.562999 0.0830276 0.0413164 -0.0987157 0.0480122 -0.0987157 0.0480122 -0.0987157 0.0480122 -0.426567 0.349168 -0.327851 0.301155 -0.624828 0.55704 -0.624828 0.55704 -0.513908 0.431815 -0.513908 0.431815 0.0935658 -0.150658 0.0935658 -0.150658 0.624268 -0.660917 0.624268 -0.660917 0.586544 -0.647365 0.586544 -0.647365 0.476583 -0.578694 0.476583 -0.578694 0.317985 -0.421769 0.317985 -0.421769 0.114173 -0.156112 0.199044 -0.272022 0.0848703 -0.11591 0.0848703 -0.11591 0.0848703 -0.11591
15.61 0 -0 25.8245 -28.931 0 -0 5.23451 -7.92896 0 -0 -25.7974 24.4471 0 -0 -43.3474 41.1935 0 -0 -29.7814 21.7904 0 -0 -6.80435 -2.78639 -0 0 21.7604 -24.9577 -0 0 32.758 -30.21 -0 0 19.5267 -17.5944 -0 -0 19.5267 -17.5944 0.00060302 0.945163 0.801384 0.348375 0.040285 0.0321753 0.00129414 2.88321e-06 0.853297 0.282377 0.0171943 0.999997 0.00597643 3.19409e-10 0.800583 0.366926 0.00308928 1 0.0389454 1.89812e-07 0.655153 0.553807 0.00050393 1 0.103514 0.661816 0.315808 0.832442 0.000246594 0.0949812 0.0383002 1 0.264363 0.868437 0.000655242 3.6956e-08 0.00593735 1 0.32953 0.834948 0.00323951 2.7497e-09 0.000844813 1 0.473127 0.760048 0.016492 2.18989e-06 0.000219683 0.997492 0.647298 0.661286 0.0524271 0.0179992 0.000161556 0.996289 0.729373 0.599771 0.0723057 0.0250983 -0.032697 -0.0117467 -0.032697 -0.0117467 -0.032697 -0.0117467 -0.361942 0.292259 -0.329245 0.304006 -0.63082 0.565795 -0.63082 0.565795 -0.528776 0.446116 -0.528776 0.446116 0.0488838 -0.131725 0.0488838 -0.131725 0.592363 -0.651537 0.592363 -0.651537 0.594326 -0.652369 0.594326 -0.652369 0.491212 -0.591735 0.491212 -0.591735 0.344127 -0.460385 0.344127 -0.460385 0.130963 -0.185535 0.231424 -0.333673 0.10046 -0.148138 0.10046 -0.148138 0.10046 -0.148138
15.66 0 -0 27.6497 -30.3617 0 -0 7.32917 -9.92415 0 -0 -23.3375 22.2953 0 -0 -43.0342 41.7212 0 -0 -31.2976 23.7988 0 -0 -9.34864 -0.702157 -0 0 18.6705 -23.0598 -0 0 31.1032 -29.4416 -0 0 20.0288 -18.1355 -0 -0 20.0288 -18.1355 0.000575083 0.97922 0.780836 0.378603 0.0422003 0.0119959 0.00113767 9.03175e-06 0.853641 0.281318 0.0199552 0.999991 0.00505092 3.63806e-10 0.80828 0.355434 0.00369976 1 0.0332565 6.19105e-08 0.668557 0.538162 0.000578034 1 0.105437 0.31379 0.329232 0.814176 0.000239931 0.291076 0.0430638 1 0.261674 0.869958 0.000588853 9.96684e-08 0.00706587 1 0.318414 0.842218 0.00275282 2.79938e-09 0.00100336 1 0.450525 0.776023 0.0136212 1.16611e-06 0.000246973 0.99869 0.612551 0.68946 0.0437582 0.0104449 0.000173804 0.997984 0.694926 0.63377 0.0618882 0.0150587 0.0183242 -0.0570952 0.0183242 -0.0570952 0.0183242 -0.0570952 -0.311883 0.249144 -0.330207 0.306239 -0.635899 0.573493 -0.635899 0.573493 -0.541797 0.459051 -0.541797 0.459051 -0.0358559 -0.0928472 -0.0358559 -0.0928472 0.518928 -0.621117 0.518928 -0.621117 0.601763 -0.656886 0.601763 -0.656886 0.505432 -0.603653 0.505432 -0.603653 0.369062 -0.493421 0.369062 -0.493421 0.146714 -0.210182 0.262156 -0.386174 0.115442 -0.175992 0.115442 -0.175992 0.115442 -0.175992
15.71 0 -0 29.4548 -31.7351 0 -0 8.50399 -11.0736 0 -0 -20.9015 19.9694 0 -0 -42.028 41.7492 0 -0 -32.976 26.3648 0 -0 -11.7571 1.43032 -0 0 15.7663 -21.1935 -0 0 29.2888 -28.4968 -0 0 20.2113 -18.4202 -0 0 20.2113 -18.4202 0.000557768 0.992565 0.760976 0.407326 0.0432071 0.00433582 0.00100643 2.87606e-05 0.853278 0.281636 0.0229804 0.999972 0.00428166 4.63918e-10 0.815007 0.345112 0.00442561 1 0.0283551 2.21677e-08 0.681334 0.521627 0.000666181 1 0.106018 0.103031 0.354881 0.786474 0.000237638 0.610564 0.0481628 1 0.259997 0.870391 0.000531563 2.82741e-07 0.00839918 1 0.30794 0.848843 0.00234617 3.12465e-09 0.00120062 1 0.428735 0.790581 0.0112314 6.70206e-07 0.000282984 0.999306 0.578403 0.714823 0.036153 0.00608769 0.000191039 0.998891 0.659548 0.664875 0.052187 0.00905433 0.0554157 -0.0906815 0.0554157 -0.0906815 0.0554157 -0.0906815 -0.275364 0.217206 -0.330779 0.307887 -0.640126 0.580161 -0.640126 0.580161 -0.553306 0.471066 -0.553306 0.471066 -0.138413 -0.0167669 -0.138413 -0.0167669 0.426474 -0.552769 0.426474 -0.552769 0.608823 -0.660853 0.608823 -0.660853 0.519212 -0.614514 0.519212 -0.614514 0.392975 -0.521636 0.392975 -0.521636 0.161658 -0.230766 0.291739 -0.430685 0.130081 -0.199919 0.130081 -0.199919 0.130081 -0.199919
15.76 0 -0 30.8726 -32.9448 0 -0 9.30581 -12.2275 0 -0 -18.3325 17.3407 0 -0 -40.5482 41.0292 0 -0 -34.741 29.2078 0 -0 -14.1141 3.78418 -0 0 12.9724 -19.2297 -0 0 27.3495 -27.3776 -0 0 20.1202 -18.4804 -0 0 20.1202 -18.4804 0.000549364 0.997437 0.742221 0.433758 0.0433506 0.00153717 0.000896078 8.98724e-05 0.852408 0.282966 0.0262461 0.999911 0.00364236 6.57831e-10 0.820916 0.335773 0.00528355 1 0.0241439 8.92825e-09 0.694372 0.503978 0.000771824 1 0.104409 0.0285878 0.393612 0.755131 0.000240567 0.855354 0.0535431 0.999999 0.259963 0.869705 0.000482286 8.4743e-07 0.00996771 1 0.298156 0.854812 0.00200614 3.81148e-09 0.00144597 1 0.407883 0.803813 0.00925527 4.17527e-07 0.000329974 0.999621 0.545285 0.737583 0.0296342 0.00360839 0.000214412 0.999375 0.623904 0.693106 0.0434595 0.00552314 0.0819043 -0.115753 0.0819043 -0.115753 0.0819043 -0.115753 -0.249117 0.193272 -0.331021 0.309025 -0.643594 0.585899 -0.643594 0.585899 -0.563675 0.48255 -0.563675 0.48255 -0.227972 0.0845659 -0.227972 0.0845659 0.346027 -0.458728 0.346027 -0.458728 0.615385 -0.664204 0.615385 -0.664204 0.532512 -0.624379 0.532512 -0.624379 0.415942 -0.545793 0.415942 -0.545793 0.175918 -0.248 0.320425 -0.468448 0.144507 -0.220448 0.144507 -0.220448 0.144507 -0.220448
15.81 0 -0 31.5942 -33.8102 0 -0 10.896 -14.4816 -0 0 -15.6399 14.194 0 -0 -38.7981 39.3944 0 -0 -36.4355 31.8724 0 -0 -16.4734 6.36258 -0 0 10.1918 -17.089 -0 0 25.2674 -26.0656 -0 0 19.7822 -18.3361 -0 0 19.7822 -18.3361 0.000548595 0.999117 0.724729 0.457707 0.0427398 0.000543525 0.000802964 0.000279842 0.851195 0.284999 0.0297221 0.999706 0.00311058 1.04315e-09 0.82618 0.327244 0.00629177 1 0.020525 4.08516e-09 0.707994 0.485679 0.000899304 1 0.100203 0.00743368 0.437109 0.724282 0.000248918 0.958039 0.059112 0.999996 0.261794 0.868142 0.000440012 2.70976e-06 0.0118037 1 0.289137 0.860137 0.00172156 5.09861e-09 0.00175095 1 0.388069 0.81581 0.00762944 2.83416e-07 0.000390893 0.999785 0.513515 0.757966 0.0241492 0.00219777 0.000245466 0.999634 0.588585 0.718576 0.0358261 0.0034532 0.101028 -0.134954 0.101028 -0.134954 0.101028 -0.134954 -0.229957 0.17478 -0.330985 0.309734 -0.646406 0.590834 -0.646406 0.590834 -0.573258 0.49373 -0.573258 0.49373 -0.297299 0.179046 -0.297299 0.179046 0.284975 -0.37126 0.284975 -0.37126 0.621297 -0.666924 0.621297 -0.666924 0.545283 -0.633306 0.545283 -0.633306 0.437966 -0.56657 0.437966 -0.56657 0.189543 -0.262513 0.348285 -0.500611 0.158742 -0.238097 0.158742 -0.238097 0.158742 -0.238097
15.86 0 -0 31.9063 -34.3855 0 -0 13.2782 -17.3877 -0 0 -13.1244 11.1071 0 -0 -36.8717 37.0853 0 -0 -37.9326 33.9928 0 -0 -18.7858 8.90064 -0 0 7.44148 -14.8894 -0 0 23.0762 -24.6132 -0 0 19.2175 -18.0046 -0 0 19.2175 -18.0046 0.000554544 0.999688 0.70853 0.479248 0.041514 0.000194938 0.000724083 0.000909499 0.849759 0.287499 0.0333732 0.998967 0.00266737 1.8271e-09 0.830946 0.319398 0.0074699 1 0.0174158 2.13304e-09 0.721891 0.46733 0.00105378 1 0.0937589 0.00188823 0.478252 0.695511 0.000262715 0.989119 0.0647542 0.99998 0.265189 0.865983 0.000403787 9.25037e-06 0.0139401 1 0.280929 0.864859 0.00148306 7.48634e-09 0.00212954 1 0.369361 0.826668 0.00629664 2.10381e-07 0.000469577 0.999872 0.48331 0.776201 0.0196011 0.0013877 0.000286254 0.999775 0.554087 0.741459 0.0293009 0.00223236 0.115243 -0.150151 0.115243 -0.150151 0.115243 -0.150151 -0.21545 0.159912 -0.330693 0.310063 -0.648638 0.595065 -0.648638 0.595065 -0.58229 0.504678 -0.58229 0.504678 -0.350166 0.252218 -0.350166 0.252218 0.23964 -0.304867 0.23964 -0.304867 0.626465 -0.669052 0.626465 -0.669052 0.55748 -0.641354 0.55748 -0.641354 0.459018 -0.584538 0.459018 -0.584538 0.202542 -0.274826 0.375282 -0.528149 0.17274 -0.253323 0.17274 -0.253323 0.17274 -0.253323
15.91 0 -0 31.9919 -34.7829 0 -0 15.7271 -20.2816 -0 0 -10.5656 8.09193 0 -0 -35.0216 34.8304 0 -0 -39.1825 35.6076 0 -0 -20.968 11.2795 -0 0 4.78045 -12.6933 -0 0 20.83 -23.0536 -0 0 18.4643 -17.5089 -0 0 18.4643 -17.5089 0.000566573 0.999885 0.693589 0.498563 0.03982 7.16411e-05 0.000656972 0.00312899 0.848171 0.290312 0.0371607 0.996081 0.002297 3.5128e-09 0.835321 0.31215 0.00883879 1 0.0147503 1.26359e-09 0.735582 0.449411 0.00124127 1 0.0858268 0.000478857 0.51455 0.669194 0.000282087 0.997283 0.0703518 0.999899 0.269673 0.863456 0.000372729 3.34034e-05 0.0164099 1 0.273529 0.869037 0.00128283 1.20191e-08 0.00259859 1 0.351801 0.836481 0.00520664 1.70996e-07 0.000570974 0.999919 0.45481 0.792504 0.0158723 0.000914978 0.000339488 0.999855 0.520809 0.761957 0.0238247 0.00150293 0.126219 -0.162581 0.126219 -0.162581 0.126219 -0.162581 -0.203834 0.147323 -0.330053 0.309903 -0.650254 0.598535 -0.650254 0.598535 -0.590872 0.51537 -0.590872 0.51537 -0.391384 0.305679 -0.391384 0.305679 0.205257 -0.257937 0.205257 -0.257937 0.630885 -0.67066 0.630885 -0.67066 0.569067 -0.64859 0.569067 -0.64859 0.479053 -0.600159 0.479053 -0.600159 0.214901 -0.285351 0.401319 -0.551855 0.186417 -0.266504 0.186417 -0.266504 0.186417 -0.266504
15.96 -0 0 31.9088 -35.0573 -0 0 17.8407 -22.8012 -0 0 -7.91334 4.97865 0 -0 -33.4158 32.9184 0 -0 -40.1953 36.8273 0 -0 -22.9792 13.4741 -0 0 2.23995 -10.5246 -0 0 18.5644 -21.4068 -0 0 17.5599 -16.8728 -0 0 17.5599 -16.8728 0.000584252 0.999956 0.679837 0.515867 0.0377963 2.71262e-05 0.000599639 0.0111849 0.846378 0.293436 0.0410422 0.984363 0.00198654 7.40529e-09 0.83937 0.305443 0.0104202 1 0.0124742 8.35861e-10 0.748683 0.432256 0.00146877 1 0.0771712 0.000123085 0.545878 0.645276 0.000307341 0.999322 0.0757971 0.999488 0.274825 0.860725 0.000346061 0.000126166 0.0192451 1 0.266894 0.872736 0.00111436 2.09902e-08 0.0031782 1 0.335401 0.845344 0.00431629 1.52204e-07 0.000701427 0.999945 0.428086 0.807081 0.012841 0.000633562 0.000408717 0.9999 0.489047 0.780284 0.0192953 0.00105973 0.135031 -0.173043 0.135031 -0.173043 0.135031 -0.173043 -0.193534 0.135481 -0.328565 0.308524 -0.650801 0.600552 -0.650801 0.600552 -0.599013 0.525745 -0.599013 0.525745 -0.424502 0.34497 -0.424502 0.34497 0.178275 -0.224885 0.178275 -0.224885 0.634598 -0.671826 0.634598 -0.671826 0.580029 -0.655082 0.580029 -0.655082 0.498033 -0.613806 0.498033 -0.613806 0.226602 -0.294411 0.426279 -0.572364 0.199678 -0.277954 0.199678 -0.277954 0.199678 -0.277954
16.01 -0 0 31.7769 -35.229 -0 0 19.7758 -24.9547 -0 0 -5.26264 2.00207 0 -0 -31.9892 31.1407 0 -0 -41.0029 37.6851 0 -0 -24.8047 15.4379 -0 0 -0.14969 -8.44493 -0 0 16.3223 -19.7204 -0 0 16.5432 -16.1267 -0 0 16.5432 -16.1267 0.000607318 0.999982 0.66716 0.531398 0.035565 1.06207e-05 0.000550558 0.0401833 0.843913 0.297282 0.0449667 0.937825 0.00172543 1.70802e-08 0.843113 0.299259 0.0122364 1 0.0105396 6.07267e-10 0.760962 0.416066 0.00174437 1 0.0684079 3.24258e-05 0.572811 0.623575 0.000338973 0.999827 0.080998 0.997382 0.280332 0.857887 0.000323115 0.000492068 0.0224758 1 0.26096 0.876019 0.000972261 3.95835e-08 0.00389217 1 0.320149 0.853345 0.00358922 1.48113e-07 0.000869006 0.99996 0.403161 0.820119 0.0103918 0.000462552 0.000498564 0.999927 0.459008 0.796656 0.0155909 0.000785682 0.14236 -0.182051 0.14236 -0.182051 0.14236 -0.182051 -0.181929 0.1207 -0.324289 0.302751 -0.648374 0.597976 -0.648374 0.597976 -0.606687 0.535734 -0.606687 0.535734 -0.451845 0.374798 -0.451845 0.374798 0.156246 -0.200935 0.156246 -0.200935 0.637556 -0.672604 0.637556 -0.672604 0.590373 -0.6609 0.590373 -0.6609 0.515935 -0.625777 0.515935 -0.625777 0.237629 -0.302258 0.450058 -0.590186 0.21243 -0.287929 0.21243 -0.287929 0.21243 -0.287929
16.06 -0 0 31.7407 -35.2705 -0 0 21.6519 -26.8289 -0 0 -2.7107 -0.740468 0 -0 -30.6634 29.454 0 -0 -41.629 38.2479 0 -0 -26.4403 17.168 -0 -0 -2.36663 -6.48308 -0 0 14.1429 -18.0285 -0 0 15.4545 -15.3003 -0 0 15.4545 -15.3003 0.000635665 0.999992 0.655309 0.545462 0.0332265 4.31533e-06 0.000508834 0.135272 0.838921 0.303534 0.0488497 0.783434 0.00150514 4.27699e-08 0.846487 0.293652 0.014309 1 0.00890276 4.79066e-10 0.772299 0.400953 0.00207741 1 0.0599715 8.83137e-06 0.59602 0.603879 0.000377654 0.999954 0.0858801 0.986761 0.285987 0.854913 0.000303331 0.00195388 0.0261291 1 0.255651 0.878941 0.00085205 7.98702e-08 0.00476831 1 0.306012 0.860572 0.00299514 1.57005e-07 0.00108391 0.999969 0.380017 0.831789 0.00842124 0.000356858 0.000615007 0.999942 0.430816 0.811275 0.0125869 0.000613869 0.148651 -0.189951 0.148651 -0.189951 0.148651 -0.189951 -0.162068 0.0918671 -0.310719 0.281818 -0.636486 0.580059 -0.636486 0.580059 -0.613855 0.545274 -0.613855 0.545274 -0.474898 0.398356 -0.474898 0.398356 0.136966 -0.182753 0.136966 -0.182753 0.639122 -0.672961 0.639122 -0.672961 0.600122 -0.666112 0.600122 -0.666112 0.532752 -0.636318 0.532752 -0.636318 0.247976 -0.309091 0.472572 -0.605732 0.224596 -0.296641 0.224596 -0.296641 0.224596 -0.296641
16.11 -0 0 31.9949 -35.0426 -0 0 23.7574 -28.568 -0 0 -0.26613 -3.2202 0 -0 -29.3568 27.8651 0 -0 -42.0829 38.628 0 -0 -27.9017 18.7221 -0 -0 -4.4073 -4.63579 -0 0 12.0496 -16.3491 -0 0 14.3276 -14.4185 -0 0 14.3276 -14.4185 0.000669433 0.999997 0.643668 0.558594 0.0308567 1.83389e-06 0.000474693 0.36592 0.827109 0.316744 0.0524945 0.476431 0.00131881 1.1513e-07 0.849239 0.288871 0.0166569 1 0.00752351 4.07466e-10 0.782642 0.386971 0.00247848 1 0.0521344 2.50457e-06 0.616113 0.585948 0.000424232 0.999987 0.0903849 0.936738 0.291735 0.851316 0.000286292 0.00778109 0.0302286 1 0.250896 0.881536 0.000750044 1.70847e-07 0.00583877 1 0.292943 0.867104 0.00250912 1.80446e-07 0.00135891 0.999974 0.358606 0.842244 0.00683959 0.00029115 0.000765725 0.999952 0.404525 0.824332 0.0101656 0.000505845 0.15424 -0.197007 0.15424 -0.197007 0.15424 -0.197007 -0.118465 0.029579 -0.272705 0.226586 -0.599971 0.527652 -0.599971 0.527652 -0.620459 0.554295 -0.620459 0.554295 -0.494628 0.417672 -0.494628 0.417672 0.115974 -0.167843 0.115974 -0.167843 0.63587 -0.672508 0.63587 -0.672508 0.609313 -0.670782 0.609313 -0.670782 0.548499 -0.645629 0.548499 -0.645629 0.257647 -0.315069 0.493766 -0.619338 0.236119 -0.304269 0.236119 -0.304269 0.236119 -0.304269
16.16 -0 0 32.5949 -34.4109 -0 0 26.451 -30.3484 -0 0 2.17207 -5.47078 0 -0 -27.8363 26.3291 0 -0 -42.3074 39.0236 0 -0 -29.2452 20.2869 0 -0 -6.28961 -2.85791 -0 0 10.0495 -14.6814 -0 0 13.1858 -13.4976 -0 0 13.1858 -13.4976 0.000709246 0.999999 0.63121 0.571721 0.0285031 8.27791e-07 0.000449546 0.675235 0.805686 0.342627 0.0554704 0.196875 0.00116111 3.30868e-07 0.850938 0.285484 0.0192909 1 0.00636521 3.73815e-10 0.791963 0.374156 0.00295956 1 0.0450412 7.45384e-07 0.633612 0.569406 0.000479745 0.999996 0.0944592 0.754145 0.297872 0.844904 0.000271864 0.0304686 0.0347928 1 0.246643 0.883768 0.000663219 3.84505e-07 0.00714033 1 0.280885 0.873011 0.00211074 2.23768e-07 0.00170987 0.999977 0.338855 0.851623 0.00557151 0.000251121 0.000960506 0.999957 0.380137 0.836003 0.00822196 0.000439494 0.15947 -0.203495 0.15947 -0.203495 0.15947 -0.203495 -0.0393083 -0.0643814 -0.198778 0.139113 -0.527296 0.442738 -0.527296 0.442738 -0.626407 0.562681 -0.626407 0.562681 -0.511681 0.434025 -0.511681 0.434025 0.0795424 -0.153134 0.0795424 -0.153134 0.614777 -0.669508 0.614777 -0.669508 0.617993 -0.674962 0.617993 -0.674962 0.563205 -0.653879 0.563205 -0.653879 0.266655 -0.320321 0.513618 -0.631282 0.246963 -0.310962 0.246963 -0.310962 0.246963 -0.310962
16.21 -0 0 33.077 -33.485 -0 0 29.6854 -32.2539 -0 0 4.61086 -7.51351 0 -0 -25.6577 24.6193 0 -0 -42.108 39.6609 0 -0 -30.6059 22.2236 0 -0 -8.04929 -1.09793 -0 0 8.14447 -13.0367 -0 0 12.0461 -12.5534 -0 0 12.0461 -12.5534 0.000756391 0.999999 0.617186 0.585817 0.026186 4.02582e-07 0.00043448 0.883261 0.778137 0.379689 0.0572003 0.0638381 0.00102784 1.01325e-06 0.851351 0.284079 0.0222048 0.999999 0.00539508 3.77021e-10 0.80024 0.362533 0.00353383 1 0.0387433 2.36067e-07 0.649 0.553453 0.000545556 0.999999 0.0980144 0.409157 0.30584 0.830606 0.000260592 0.11206 0.0398335 0.999999 0.242892 0.885415 0.00058914 9.06553e-07 0.0087144 1 0.26978 0.878346 0.00178344 2.98046e-07 0.00215634 0.999979 0.32068 0.860047 0.00455474 0.000228742 0.00121174 0.99996 0.357609 0.846444 0.00666546 0.000402224 0.164689 -0.209732 0.164689 -0.209732 0.164689 -0.209732 0.0572951 -0.15984 -0.107394 0.0498921 -0.436822 0.355668 -0.436822 0.355668 -0.631586 0.570262 -0.631586 0.570262 -0.526516 0.448278 -0.526516 0.448278 0.00568625 -0.131473 0.00568625 -0.131473 0.554353 -0.657683 0.554353 -0.657683 0.626206 -0.678674 0.626206 -0.678674 0.576918 -0.661206 0.576918 -0.661206 0.275023 -0.324951 0.532133 -0.641797 0.257111 -0.316847 0.257111 -0.316847 0.257111 -0.316847
16.26 -0 0 32.5947 -32.2609 -0 0 33.0523 -34.2409 -0 0 6.35301 -8.86416 0 -0 -23.3188 22.6856 0 -0 -41.2856 40.0775 0 -0 -32.128 24.7183 0 -0 -9.71815 0.656103 -0 0 6.36102 -11.4717 -0 0 10.9389 -11.6221 -0 0 10.9389 -11.6221 0.000812683 1 0.60158 0.601199 0.0239125 2.13076e-07 0.000429285 0.966897 0.74932 0.419973 0.0573472 0.0184594 0.000915384 3.24134e-06 0.850618 0.284735 0.0253718 0.999997 0.00458418 4.25618e-10 0.807491 0.352069 0.00421563 1 0.0332283 8.14972e-08 0.662871 0.536943 0.000623664 1 0.100798 0.146306 0.320149 0.806277 0.000253745 0.336747 0.0453517 0.999995 0.239808 0.886118 0.000525906 2.23191e-06 0.010607 1 0.259572 0.883133 0.00151382 4.23617e-07 0.00272211 0.999978 0.303986 0.867623 0.00373865 0.00021952 0.00153494 0.99996 0.336872 0.855798 0.00542023 0.00038687 0.170157 -0.216006 0.170157 -0.216006 0.170157 -0.216006 0.143522 -0.238132 -0.0266355 -0.0221256 -0.356574 0.285259 -0.356574 0.285259 -0.635934 0.576889 -0.635934 0.576889 -0.53949 0.461113 -0.53949 0.461113 -0.0953715 -0.0861741 -0.0953715 -0.0861741 0.465189 -0.620988 0.465189 -0.620988 0.63398 -0.681885 0.63398 -0.681885 0.589694 -0.667727 0.589694 -0.667727 0.28278 -0.329046 0.549344 -0.651079 0.266564 -0.322033 0.266564 -0.322033 0.266564 -0.322033
16.31 -0 0 31.6189 -30.9013 -0 0 36.0784 -36.1083 -0 0 7.50227 -9.66274 0 -0 -21.0003 20.6439 0 -0 -39.9565 39.7724 0 -0 -33.7891 27.5857 0 -0 -11.3548 2.53804 -0 0 4.67773 -9.92415 -0 0 9.87901 -10.7095 -0 0 9.87901 -10.7095 0.000880246 1 0.584788 0.617535 0.0216926 1.23486e-07 0.000433115 0.991832 0.721815 0.457744 0.0559774 0.00504743 0.00082054 1.04236e-05 0.849033 0.287059 0.0287494 0.99999 0.00390714 5.34392e-10 0.813795 0.342654 0.00502034 1 0.0284404 3.14348e-08 0.676119 0.519351 0.000716975 1 0.102169 0.0422996 0.34771 0.776708 0.000252274 0.668304 0.0513268 0.999984 0.23788 0.88575 0.000472001 5.74366e-06 0.0128681 1 0.250234 0.887377 0.00129108 6.38701e-07 0.0034359 0.999977 0.288675 0.874442 0.00308244 0.000221198 0.00194944 0.999957 0.317832 0.86419 0.00442384 0.000389766 0.175988 -0.222473 0.175988 -0.222473 0.175988 -0.222473 0.209453 -0.297819 0.0334645 -0.0753463 -0.296592 0.233054 -0.296592 0.233054 -0.639462 0.582516 -0.639462 0.582516 -0.550953 0.473089 -0.550953 0.473089 -0.188815 -0.00162226 -0.188815 -0.00162226 0.382386 -0.544288 0.382386 -0.544288 0.641287 -0.684543 0.641287 -0.684543 0.601597 -0.673531 0.601597 -0.673531 0.289964 -0.332679 0.565301 -0.659292 0.275337 -0.326613 0.275337 -0.326613 0.275337 -0.326613
16.36 -0 0 30.3302 -29.5242 -0 0 38.1501 -37.6011 -0 0 8.92919 -11.4064 0 -0 -18.4871 18.0574 0 -0 -38.3917 38.7815 0 -0 -35.4475 30.4587 0 -0 -13.0156 4.62845 -0 0 3.02228 -8.28849 -0 0 8.84401 -9.78724 -0 0 8.84401 -9.78724 0.000961444 1 0.567284 0.634289 0.0195451 7.81811e-08 0.000445184 0.998114 0.696473 0.491142 0.0534014 0.00134922 0.000740458 3.34718e-05 0.846877 0.290545 0.0322861 0.999968 0.00334198 7.4453e-10 0.819298 0.334145 0.00596445 1 0.0242976 1.36979e-08 0.689652 0.50099 0.000829248 1 0.101258 0.0112869 0.387626 0.746653 0.000256351 0.888228 0.057699 0.999944 0.23769 0.884487 0.00042611 1.55485e-05 0.0155508 1 0.241774 0.891094 0.00110653 1.02049e-06 0.00433189 0.999974 0.274653 0.880581 0.0025535 0.000233428 0.00247895 0.999953 0.300387 0.871731 0.00362564 0.000410303 0.182178 -0.229149 0.182178 -0.229149 0.182178 -0.229149 0.257728 -0.343179 0.0755496 -0.11403 -0.25428 0.194834 -0.25428 0.194834 -0.642243 0.587209 -0.642243 0.587209 -0.561291 0.484562 -0.561291 0.484562 -0.261895 0.102852 -0.261895 0.102852 0.318924 -0.447208 0.318924 -0.447208 0.648018 -0.686627 0.648018 -0.686627 0.612688 -0.678693 0.612688 -0.678693 0.296612 -0.335908 0.58007 -0.666575 0.283458 -0.330666 0.283458 -0.330666 0.283458 -0.330666
16.41 -0 0 28.7354 -28.1065 -0 0 39.2225 -38.5963 -0 0 11.4879 -14.4777 0 -0 -16.0346 15.1092 0 -0 -36.6684 37.0274 0 -0 -36.9713 32.9591 0 -0 -14.7021 6.79509 -0 0 1.35347 -6.57788 -0 0 7.80999 -8.84607 -0 0 7.80999 -8.84607 0.00105891 1 0.549486 0.650979 0.0174933 5.38761e-08 0.000465008 0.999564 0.673388 0.520184 0.0499932 0.000363268 0.000672678 0.000111943 0.84437 0.294756 0.0359267 0.999889 0.00286975 1.15218e-09 0.824167 0.326415 0.0070655 1 0.020715 6.75592e-09 0.703694 0.482449 0.000964979 1 0.0977248 0.00292607 0.43076 0.718219 0.000265837 0.969732 0.0643653 0.9998 0.239343 0.882585 0.000387046 4.45069e-05 0.018709 0.999999 0.234218 0.894322 0.000953153 1.73118e-06 0.00545031 0.99997 0.261831 0.88611 0.00212591 0.000257674 0.0031524 0.999946 0.284426 0.878517 0.00298499 0.000450802 0.188656 -0.23596 0.188656 -0.23596 0.188656 -0.23596 0.293631 -0.378555 0.104975 -0.142595 -0.224347 0.166269 -0.224347 0.166269 -0.644382 0.591095 -0.644382 0.591095 -0.570853 0.495686 -0.570853 0.495686 -0.317613 0.194783 -0.317613 0.194783 0.271963 -0.362346 0.271963 -0.362346 0.65404 -0.688167 0.65404 -0.688167 0.623024 -0.683277 0.623024 -0.683277 0.302766 -0.338785 0.593728 -0.673046 0.290962 -0.334261 0.290962 -0.334261 0.290962 -0.334261
16.46 -0 0 26.9656 -26.6549 -0 0 39.6865 -39.2288 -0 0 14.444 -17.9011 -0 0 -13.5632 12.2422 0 -0 -34.9702 35.1605 0 -0 -38.2933 34.9937 0 -0 -16.3349 8.85108 -0 0 -0.287215 -4.87713 -0 0 6.78829 -7.90318 -0 0 6.78829 -7.90318 0.00117565 1 0.531733 0.667243 0.01556 4.03137e-08 0.000492426 0.999895 0.652399 0.54542 0.0460964 0.000100718 0.000615126 0.000404389 0.841673 0.299372 0.039616 0.999578 0.00247442 1.96208e-09 0.828549 0.319364 0.00834189 1 0.0176207 3.75963e-09 0.717867 0.46425 0.0011294 1 0.091966 0.000754301 0.470839 0.692018 0.000280652 0.992502 0.0711974 0.999274 0.242482 0.880266 0.000353755 0.000134047 0.0223955 0.999998 0.227562 0.89711 0.000825253 3.11231e-06 0.00683776 0.999963 0.250128 0.891089 0.00177907 0.000297034 0.00400456 0.999934 0.269841 0.884634 0.00246946 0.000516104 0.195322 -0.242798 0.195322 -0.242798 0.195322 -0.242798 0.321433 -0.407106 0.126111 -0.164308 -0.202472 0.144179 -0.202472 0.144179 -0.645983 0.594303 -0.645983 0.594303 -0.579859 0.506486 -0.579859 0.506486 -0.361138 0.263856 -0.361138 0.263856 0.236401 -0.300045 0.236401 -0.300045 0.65927 -0.68922 0.65927 -0.68922 0.632658 -0.687338 0.632658 -0.687338 0.308469 -0.341349 0.606358 -0.678804 0.29789 -0.337455 0.29789 -0.337455 0.29789 -0.337455
16.51 -0 0 25.1495 -25.1956 -0 0 39.7863 -39.6262 -0 0 17.2266 -21.082 -0 0 -11.0494 9.37974 0 -0 -33.4617 33.5552 0 -0 -39.4072 36.6594 0 -0 -17.8586 10.7614 -0 0 -1.86242 -3.21669 -0 0 5.79233 -6.96854 -0 0 5.79233 -6.96854 0.00131507 1 0.51428 0.682838 0.0137638 3.26524e-08 0.000527555 0.999973 0.633282 0.567452 0.0419896 2.91244e-05 0.000566077 0.00157518 0.838889 0.304181 0.0433006 0.998242 0.00214261 3.66961e-09 0.832549 0.312915 0.00981257 1 0.0149571 2.33099e-09 0.731697 0.446762 0.00132857 1 0.0847053 0.000196185 0.506044 0.668091 0.000300888 0.998196 0.0780616 0.997344 0.246653 0.877678 0.000325323 0.00042077 0.0266592 0.999997 0.221759 0.899513 0.00071822 5.90306e-06 0.0085474 0.999953 0.239468 0.895576 0.00149673 0.000356753 0.00507672 0.999918 0.256524 0.890157 0.00205333 0.000614319 0.202071 -0.249549 0.202071 -0.249549 0.202071 -0.249549 0.343965 -0.430902 0.141894 -0.181353 -0.185703 0.126391 -0.185703 0.126391 -0.647079 0.596884 -0.647079 0.596884 -0.58839 0.516925 -0.58839 0.516925 -0.396284 0.3137 -0.396284 0.3137 0.208347 -0.256633 0.208347 -0.256633 0.663613 -0.689843 0.663613 -0.689843 0.641651 -0.690932 0.641651 -0.690932 0.313762 -0.343636 0.618048 -0.683932 0.304287 -0.340296 0.304287 -0.340296 0.304287 -0.340296
16.56 -0 0 23.4126 -23.7891 -0 0 39.6548 -39.8695 -0 0 19.541 -23.7415 -0 0 -8.44737 6.38712 0 -0 -32.2439 32.3485 0 -0 -40.3441 38.0739 0 -0 -19.2607 12.5338 -0 0 -3.35971 -1.60877 -0 0 4.82679 -6.04738 -0 0 4.82679 -6.04738 0.00148111 1 0.49732 0.697612 0.0121169 2.8472e-08 0.000570744 0.999993 0.615814 0.586809 0.0378818 8.84339e-06 0.000524116 0.00643143 0.836032 0.30911 0.0469306 0.992209 0.00186324 7.52796e-09 0.836235 0.307009 0.0114967 1 0.0126751 1.58025e-09 0.744836 0.430218 0.0015695 1 0.0766626 5.20252e-05 0.536468 0.646287 0.00032682 0.999567 0.0848305 0.990283 0.251486 0.874875 0.000300984 0.00136366 0.0315431 0.999992 0.216739 0.901586 0.000628315 1.17553e-05 0.0106388 0.999938 0.229774 0.899622 0.00126597 0.000445361 0.00641728 0.999893 0.244373 0.895153 0.00171627 0.000758468 0.208807 -0.256114 0.208807 -0.256114 0.208807 -0.256114 0.362988 -0.451259 0.154181 -0.195146 -0.1719 0.111151 -0.1719 0.111151 -0.647434 0.598535 -0.647434 0.598535 -0.596452 0.526949 -0.596452 0.526949 -0.425496 0.35019 -0.425496 0.35019 0.184912 -0.226137 0.184912 -0.226137 0.666689 -0.690046 0.666689 -0.690046 0.650068 -0.694106 0.650068 -0.694106 0.318687 -0.345676 0.628888 -0.688499 0.3102 -0.342824 0.3102 -0.342824 0.3102 -0.342824
16.61 -0 0 21.7877 -22.4262 -0 0 39.4463 -40.0067 -0 0 21.6082 -25.9645 -0 0 -5.88428 3.55549 0 -0 -31.1759 31.2544 0 -0 -41.1279 39.2603 0 -0 -20.5439 14.1563 -0 0 -4.7615 -0.0907969 -0 0 3.90596 -5.15954 -0 0 3.90596 -5.15954 0.00167832 1 0.480986 0.711482 0.0106249 2.65611e-08 0.000622544 0.999998 0.599779 0.603943 0.0339184 2.82947e-06 0.000488133 0.0266382 0.832838 0.314423 0.0504548 0.964994 0.00162725 1.68807e-08 0.839639 0.301613 0.0134133 1 0.0107304 1.15361e-09 0.757083 0.414745 0.0018602 1 0.0684211 1.41734e-05 0.56271 0.626396 0.000358895 0.999895 0.0913887 0.965245 0.256747 0.871701 0.000280117 0.00451396 0.0370819 0.99998 0.212419 0.903369 0.000552501 2.44263e-05 0.0131773 0.999915 0.220973 0.903275 0.0010766 0.000576113 0.00808209 0.999857 0.233294 0.899678 0.00144221 0.000968422 0.215447 -0.262416 0.215447 -0.262416 0.215447 -0.262416 0.379582 -0.469018 0.164135 -0.206602 -0.158535 0.0956912 -0.158535 0.0956912 -0.645716 0.597436 -0.645716 0.597436 -0.604022 0.53651 -0.604022 0.53651 -0.450308 0.37788 -0.450308 0.37788 0.162914 -0.203742 0.162914 -0.203742 0.666939 -0.689666 0.666939 -0.689666 0.657982 -0.696904 0.657982 -0.696904 0.323288 -0.347492 0.638967 -0.692563 0.315678 -0.345071 0.315678 -0.345071 0.315678 -0.345071
16.66 -0 0 20.2237 -20.9782 -0 0 39.3012 -40.0453 -0 0 23.519 -27.8595 -0 0 -3.48202 0.994014 0 -0 -30.1049 30.2041 0 -0 -41.7473 40.2953 0 -0 -21.7231 15.6697 -0 0 -6.05539 1.3202 -0 0 3.04364 -4.32067 -0 0 3.04364 -4.32067 0.00191189 1 0.465367 0.724418 0.0092875 2.64369e-08 0.000683704 0.999999 0.584903 0.61928 0.0301923 9.55755e-07 0.000457435 0.104679 0.827966 0.321535 0.0537997 0.85598 0.00142724 4.09565e-08 0.842735 0.296749 0.01558 1 0.00908127 9.00553e-10 0.768348 0.400393 0.00220986 1 0.0604008 3.99344e-06 0.585421 0.608141 0.000397731 0.999974 0.0976319 0.885106 0.262405 0.867395 0.000262287 0.015049 0.0432995 0.999951 0.208719 0.904876 0.000488318 5.25843e-05 0.0162334 0.99988 0.212993 0.906576 0.000920525 0.000769318 0.0101345 0.999802 0.223197 0.903785 0.00121846 0.00127397 0.221928 -0.268402 0.221928 -0.268402 0.221928 -0.268402 0.394419 -0.484734 0.172491 -0.216332 -0.13939 0.0716374 -0.13939 0.0716374 -0.636465 0.585844 -0.636465 0.585844 -0.611069 0.545569 -0.611069 0.545569 -0.4717 0.399778 -0.4717 0.399778 0.136095 -0.185639 0.136095 -0.185639 0.659169 -0.687977 0.659169 -0.687977 0.665468 -0.699361 0.665468 -0.699361 0.327608 -0.349106 0.648376 -0.696169 0.320769 -0.347063 0.320769 -0.347063 0.320769 -0.347063
16.71 -0 0 18.5705 -19.0432 -0 0 39.4358 -39.8794 -0 0 25.5169 -29.5732 -0 0 -1.31139 -1.22378 0 -0 -28.8107 29.1564 0 -0 -42.1301 41.3228 0 -0 -22.8502 17.2159 -0 -0 -7.23855 2.62465 -0 0 2.25231 -3.54526 -0 0 2.25231 -3.54526 0.00218781 1 0.450497 0.736434 0.00809956 2.8369e-08 0.000755258 1 0.570639 0.633377 0.0267537 3.42328e-07 0.00043221 0.329213 0.817234 0.335117 0.0567878 0.572051 0.00125726 1.06001e-07 0.845331 0.292626 0.0180115 1 0.00768876 7.53533e-10 0.778605 0.387162 0.00262885 1 0.0528738 1.17342e-06 0.605203 0.591069 0.000444147 0.999993 0.103453 0.690374 0.268894 0.859821 0.000247365 0.0493525 0.0502068 0.999878 0.205584 0.906051 0.00043378 0.000116442 0.0198806 0.999825 0.205768 0.909562 0.000791334 0.00105585 0.0126452 0.999719 0.214002 0.907519 0.00103501 0.00171932 0.228201 -0.274039 0.228201 -0.274039 0.228201 -0.274039 0.407957 -0.498809 0.179756 -0.22477 -0.0981554 0.0184664 -0.0981554 0.0184664 -0.603874 0.543664 -0.603874 0.543664 -0.617556 0.554084 -0.617556 0.554084 -0.490327 0.417804 -0.490327 0.417804 0.0916624 -0.167384 0.0916624 -0.167384 0.631306 -0.682496 0.631306 -0.682496 0.672596 -0.701495 0.672596 -0.701495 0.331687 -0.35053 0.657206 -0.699347 0.325519 -0.348817 0.325519 -0.348817 0.325519 -0.348817
16.76 -0 0 16.6998 -16.6698 -0 0 39.7964 -39.2713 -0 0 28.0414 -31.3135 -0 0 0.533367 -2.96744 0 -0 -27.1554 28.0449 0 -0 -42.132 42.4297 0 -0 -24.0334 19.0612 0 -0 -8.32813 3.86048 -0 0 1.54075 -2.84283 -0 0 1.54075 -2.84283 0.00251293 1 0.436338 0.747595 0.00705234 3.37043e-08 0.000838823 1 0.555956 0.647137 0.0236176 1.31757e-07 0.000414065 0.66426 0.79578 0.362388 0.0589805 0.245668 0.00111264 2.8779e-07 0.846984 0.289822 0.0207138 1 0.00651704 6.84578e-10 0.78785 0.37502 0.0031288 1 0.0459924 3.64503e-07 0.622646 0.574406 0.000499287 0.999998 0.108689 0.409138 0.277896 0.845754 0.000235692 0.150706 0.0577986 0.99969 0.203022 0.906716 0.000387303 0.000263673 0.0241938 0.999741 0.199238 0.912254 0.000683921 0.00148223 0.0156912 0.999595 0.205635 0.910921 0.000883954 0.00236921 0.234239 -0.279315 0.234239 -0.279315 0.234239 -0.279315 0.420602 -0.511606 0.186363 -0.23229 -0.0177876 -0.0741287 -0.0177876 -0.0741287 -0.531279 0.460898 -0.531279 0.460898 -0.623406 0.561971 -0.623406 0.561971 -0.506658 0.433227 -0.506658 0.433227 0.0183256 -0.140596 0.0183256 -0.140596 0.572558 -0.666103 0.572558 -0.666103 0.67942 -0.703287 0.67942 -0.703287 0.335568 -0.351772 0.665542 -0.702113 0.329974 -0.350341 0.329974 -0.350341 0.329974 -0.350341
16.81 -0 0 14.8579 -14.6238 -0 0 39.7929 -38.106 -0 0 31.2746 -33.2161 -0 0 1.67619 -3.82361 0 -0 -25.7515 27.0171 0 -0 -41.6253 43.1962 0 -0 -25.3741 21.3521 0 -0 -9.37256 5.11035 -0 0 0.902975 -2.20405 -0 0 0.902975 -2.20405 0.00289521 1 0.422771 0.758021 0.0061347 4.37732e-08 0.000937026 1 0.539959 0.661504 0.0207719 5.5771e-08 0.000404917 0.887948 0.76601 0.402365 0.0597569 0.0770644 0.000989805 7.96265e-07 0.847322 0.289028 0.0236742 0.999999 0.00553374 6.73201e-10 0.796081 0.363929 0.0037226 1 0.0398175 1.22124e-07 0.638454 0.557277 0.000564831 1 0.112987 0.186821 0.293611 0.824324 0.000227949 0.377592 0.0660472 0.999211 0.201201 0.906655 0.00034764 0.000608927 0.0292462 0.999609 0.193359 0.914657 0.000594226 0.00211834 0.0193543 0.999407 0.198032 0.914024 0.000759007 0.00331798 0.240042 -0.284239 0.240042 -0.284239 0.240042 -0.284239 0.432776 -0.523512 0.192734 -0.239272 0.0838886 -0.176861 0.0838886 -0.176861 -0.436822 0.367062 -0.436822 0.367062 -0.628511 0.569075 -0.628511 0.569075 -0.521069 0.446952 -0.521069 0.446952 -0.0729333 -0.0902448 -0.0729333 -0.0902448 0.494261 -0.624618 0.494261 -0.624618 0.685947 -0.704673 0.685947 -0.704673 0.339288 -0.352828 0.673464 -0.704461 0.334176 -0.351633 0.334176 -0.351633 0.334176 -0.351633
16.86 -0 0 12.6011 -12.3938 -0 0 39.2299 -36.669 -0 0 34.5982 -35.1472 -0 0 2.62235 -4.36214 0 -0 -24.2482 25.9323 0 -0 -40.7337 43.4734 0 -0 -26.8663 23.992 0 -0 -10.4411 6.48106 -0 0 0.295523 -1.57317 -0 0 0.295523 -1.57317 0.00334407 1 0.409653 0.767858 0.00533417 6.19965e-08 0.00105353 1 0.522624 0.676702 0.018194 2.6337e-08 0.000405378 0.970962 0.733976 0.445605 0.0588051 0.0210307 0.000885741 2.19177e-06 0.846404 0.29037 0.0268573 0.999998 0.00471016 7.10648e-10 0.803333 0.353838 0.00442428 1 0.0343433 4.49688e-08 0.653552 0.539287 0.000643152 1 0.115632 0.0727927 0.321085 0.798268 0.000224626 0.672504 0.0748895 0.997986 0.200524 0.90579 0.000313788 0.00143756 0.0351055 0.999404 0.188113 0.916769 0.000519009 0.00307378 0.0237193 0.999122 0.191138 0.916856 0.000655193 0.00470981 0.245631 -0.28884 0.245631 -0.28884 0.245631 -0.28884 0.444815 -0.534872 0.199184 -0.246032 0.174672 -0.263344 0.174672 -0.263344 -0.352941 0.288706 -0.352941 0.288706 -0.632789 0.575251 -0.632789 0.575251 -0.533917 0.459628 -0.533917 0.459628 -0.15973 -0.00698422 -0.15973 -0.00698422 0.419034 -0.549245 0.419034 -0.549245 0.692084 -0.705544 0.692084 -0.705544 0.342876 -0.35368 0.681039 -0.706358 0.338163 -0.352677 0.338163 -0.352677 0.338163 -0.352677
16.91 -0 0 10.408 -10.5554 -0 0 37.6286 -35.0003 -0 0 37.0117 -36.8088 -0 0 4.01739 -6.25043 0 -0 -22.3462 24.0209 0 -0 -39.6947 43.3535 0 -0 -28.4122 26.7193 0 -0 -11.5798 8.01713 -0 0 -0.334517 -0.891831 -0 0 -0.334517 -0.891831 0.00387058 1 0.396876 0.777222 0.00463795 9.47222e-08 0.00119281 1 0.504464 0.69231 0.0158658 1.39523e-08 0.000415129 0.993334 0.703186 0.485638 0.0562989 0.00544233 0.000797723 6.04845e-06 0.844531 0.293429 0.0302112 0.999995 0.00402107 8.11036e-10 0.809707 0.34468 0.00524895 1 0.0295216 1.83286e-08 0.66876 0.520633 0.000737305 1 0.115754 0.0260831 0.359103 0.770851 0.000225825 0.874544 0.0842093 0.994841 0.201431 0.9042 0.000284901 0.00348662 0.0418287 0.99908 0.183518 0.91859 0.000455676 0.00452907 0.0288702 0.998686 0.184915 0.919441 0.000568551 0.00677696 0.251039 -0.293155 0.251039 -0.293155 0.251039 -0.293155 0.456885 -0.545884 0.205847 -0.252729 0.243688 -0.32917 0.243688 -0.32917 -0.290631 0.230337 -0.290631 0.230337 -0.636244 0.580451 -0.636244 0.580451 -0.545577 0.471662 -0.545577 0.471662 -0.231463 0.0913859 -0.231463 0.0913859 0.357548 -0.458036 0.357548 -0.458036 0.697556 -0.705726 0.697556 -0.705726 0.34635 -0.354294 0.688316 -0.707731 0.341966 -0.353436 0.341966 -0.353436 0.341966 -0.353436
16.96 -0 0 8.37093 -8.83306 -0 0 35.7385 -33.3044 -0 0 38.447 -38.0094 -0 0 6.6597 -9.68289 0 -0 -20.23 21.3913 0 -0 -38.5689 42.6419 0 -0 -29.903 29.2641 0 -0 -12.7954 9.67074 -0 0 -1.01596 -0.145595 -0 0 -1.01596 -0.145595 0.00448776 1 0.384391 0.786187 0.00403372 1.53453e-07 0.00136 1 0.486057 0.707789 0.0137756 8.29193e-09 0.000433768 0.998507 0.674823 0.520657 0.0526593 0.00139838 0.000723273 1.75362e-05 0.842016 0.29766 0.033677 0.999985 0.00344451 1.01731e-09 0.815348 0.336373 0.00621266 1 0.0252895 8.25681e-09 0.684279 0.501782 0.000850973 1 0.112962 0.00893005 0.400623 0.744087 0.000231448 0.960626 0.0938355 0.986742 0.204049 0.901996 0.000260248 0.0087175 0.0494564 0.998562 0.179611 0.920131 0.000402136 0.00679076 0.0348869 0.99801 0.179339 0.921796 0.000495916 0.00990434 0.256299 -0.297224 0.256299 -0.297224 0.256299 -0.297224 0.469013 -0.556602 0.212714 -0.259378 0.294197 -0.37858 0.294197 -0.37858 -0.246668 0.187767 -0.246668 0.187767 -0.638949 0.584736 -0.638949 0.584736 -0.556376 0.483249 -0.556376 0.483249 -0.288249 0.178999 -0.288249 0.178999 0.309396 -0.376738 0.309396 -0.376738 0.701777 -0.704865 0.701777 -0.704865 0.349709 -0.35461 0.695312 -0.708448 0.345603 -0.353838 0.345603 -0.353838 0.345603 -0.353838
17.01 -0 0 6.24099 -7.0381 -0 0 34.118 -31.8262 -0 0 39.443 -38.8652 -0 0 10.1345 -13.6232 0 -0 -18.176 18.8402 0 -0 -37.3073 41.4425 0 -0 -31.2452 31.4703 0 -0 -14.0394 11.3413 -0 0 -1.72954 0.635227 -0 0 -1.72954 0.635227 0.0052107 1 0.372189 0.794784 0.00351007 2.63046e-07 0.00156102 1 0.467859 0.722724 0.0119139 5.46092e-09 0.000461167 0.999659 0.64907 0.550843 0.0483348 0.000366479 0.000660202 5.63172e-05 0.839109 0.302606 0.0371937 0.99995 0.00296162 1.39354e-09 0.820392 0.328834 0.00733224 1 0.0215895 4.11573e-09 0.699789 0.483202 0.000988474 1 0.10756 0.00298487 0.440179 0.718848 0.000241403 0.98885 0.103559 0.966074 0.208291 0.899189 0.000239205 0.022347 0.0580063 0.99772 0.176429 0.921408 0.000356698 0.0103689 0.0418391 0.996947 0.17441 0.923937 0.000434757 0.0147105 0.261436 -0.301078 0.261436 -0.301078 0.261436 -0.301078 0.481137 -0.566995 0.219701 -0.265917 0.331888 -0.416447 0.331888 -0.416447 -0.215342 0.156154 -0.215342 0.156154 -0.641013 0.588229 -0.641013 0.588229 -0.566518 0.494446 -0.566518 0.494446 -0.333415 0.246339 -0.333415 0.246339 0.27014 -0.314128 0.27014 -0.314128 0.703455 -0.702087 0.703455 -0.702087 0.352933 -0.354522 0.702006 -0.708279 0.349073 -0.353757 0.349073 -0.353757 0.349073 -0.353757
17.06 -0 0 4.14339 -5.21286 -0 0 32.6536 -30.571 -0 0 40.1561 -39.5313 -0 0 13.4668 -17.3133 0 -0 -15.9716 16.3367 0 -0 -36.0948 40.3973 0 -0 -32.3933 33.4027 0 -0 -15.2596 12.9828 -0 0 -2.44731 1.42416 -0 0 -2.44731 1.42416 0.00605676 1 0.360286 0.803024 0.00305673 4.77345e-07 0.00180268 1 0.450192 0.736861 0.01027 3.91784e-09 0.000497534 0.999919 0.625775 0.576855 0.0437056 9.92155e-05 0.000606637 0.000201412 0.835994 0.307933 0.0407031 0.999808 0.00255646 2.08603e-09 0.82495 0.321988 0.00862504 1 0.0183727 2.2603e-09 0.714855 0.465257 0.00115483 1 0.100234 0.000989384 0.475732 0.695342 0.000255713 0.996999 0.113143 0.915694 0.214287 0.895516 0.000221274 0.0575485 0.0674672 0.996332 0.174019 0.922426 0.00031799 0.0161019 0.0497807 0.995255 0.170154 0.925874 0.000383038 0.0221701 0.266464 -0.304741 0.266464 -0.304741 0.266464 -0.304741 0.493164 -0.576998 0.2267 -0.272257 0.361149 -0.446379 0.361149 -0.446379 -0.192223 0.131905 -0.192223 0.131905 -0.642547 0.591063 -0.642547 0.591063 -0.576084 0.505238 -0.576084 0.505238 -0.370161 0.295711 -0.370161 0.295711 0.233705 -0.265804 0.233705 -0.265804 0.699629 -0.695167 0.699629 -0.695167 0.355972 -0.353855 0.70832 -0.70684 0.352348 -0.352985 0.352348 -0.352985 0.352348 -0.352985
17.11 -0 0 2.1183 -3.41443 -0 0 31.2982 -29.4899 -0 0 40.635 -40.083 -0 0 16.1089 -20.3718 0 -0 -13.64 13.4406 0 -0 -35.0403 39.8397 0 -0 -33.3334 35.2064 0 -0 -16.4579 14.6453 -0 0 -3.15959 2.21751 -0 0 -3.15959 2.21751 0.00704566 1 0.348713 0.810905 0.00266456 9.1428e-07 0.00209284 1 0.433262 0.750069 0.00883069 3.01913e-09 0.000543381 0.99998 0.604703 0.599367 0.039058 2.78996e-05 0.000560998 0.000778403 0.832797 0.313411 0.0441511 0.999187 0.00221571 3.41724e-09 0.829102 0.315765 0.0101087 1 0.0155945 1.3528e-09 0.729148 0.448184 0.00135584 1 0.0917334 0.000329432 0.50716 0.673407 0.000274555 0.999214 0.122294 0.807017 0.222963 0.890181 0.000206107 0.142332 0.0777926 0.994025 0.172477 0.923162 0.000284897 0.0253608 0.0587414 0.992538 0.166636 0.927611 0.000339119 0.0338017 0.271391 -0.308226 0.271391 -0.308226 0.271391 -0.308226 0.504999 -0.586546 0.233608 -0.27832 0.384836 -0.470765 0.384836 -0.470765 -0.174381 0.112614 -0.174381 0.112614 -0.643625 0.593329 -0.643625 0.593329 -0.585087 0.515584 -0.585087 0.515584 -0.400847 0.332206 -0.400847 0.332206 0.191793 -0.221712 0.191793 -0.221712 0.684302 -0.678918 0.684302 -0.678918 0.358734 -0.352315 0.714084 -0.703498 0.355351 -0.351183 0.355351 -0.351183 0.355351 -0.351183
17.16 -0 0 0.196648 -1.66345 -0 0 30.0066 -28.5075 -0 0 40.9651 -40.545 -0 0 18.3784 -22.8867 0 -0 -11.2941 10.5973 0 -0 -33.921 39.2998 0 -0 -34.0319 36.8875 0 -0 -17.6704 16.3925 -0 0 -3.85095 2.99296 -0 0 -3.85095 2.99296 0.00819967 0.999999 0.337502 0.818421 0.00232546 1.84021e-06 0.00244057 1 0.417191 0.762301 0.00757997 2.47378e-09 0.000599494 0.999995 0.585609 0.618962 0.0345894 8.17181e-06 0.000521981 0.00314939 0.829579 0.318919 0.0474901 0.996365 0.00192833 6.12607e-09 0.832906 0.310104 0.0118007 1 0.0132115 8.76021e-10 0.742485 0.432101 0.00159824 1 0.0827042 0.000111499 0.53513 0.652608 0.000298299 0.999798 0.130585 0.623215 0.236662 0.881685 0.000193565 0.311157 0.0888916 0.990168 0.172035 0.923535 0.000256516 0.0403158 0.0687181 0.988152 0.163982 0.929142 0.000301672 0.0518714 0.276219 -0.311544 0.276219 -0.311544 0.276219 -0.311544 0.516556 -0.595593 0.240338 -0.284049 0.404725 -0.491144 0.404725 -0.491144 -0.159851 0.0965752 -0.159851 0.0965752 -0.644179 0.594949 -0.644179 0.594949 -0.593509 0.525446 -0.593509 0.525446 -0.427092 0.360146 -0.427092 0.360146 0.134707 -0.168648 0.134707 -0.168648 0.649273 -0.644039 0.649273 -0.644039 0.361041 -0.349412 0.718974 -0.69724 0.357933 -0.347828 0.357933 -0.347828 0.357933 -0.347828
17.21 -0 0 -1.60103 0.0169104 -0 0 28.776 -27.5772 -0 0 41.2166 -40.9362 -0 0 20.3487 -24.9801 -0 0 -9.2162 8.11092 0 -0 -32.7052 38.6585 0 -0 -34.4145 38.3568 0 -0 -18.9458 18.3271 -0 0 -4.52044 3.75824 -0 0 -4.52044 3.75824 0.00954362 0.999998 0.326685 0.825568 0.00203235 3.87163e-06 0.00285629 1 0.40204 0.773563 0.00650017 2.14109e-09 0.000666906 0.999999 0.568261 0.636127 0.0304223 2.49705e-06 0.000488531 0.0130055 0.826247 0.324527 0.0506766 0.983435 0.00168523 1.18824e-08 0.836401 0.304954 0.013718 1 0.0111804 6.1506e-10 0.754811 0.417029 0.00188976 1 0.0736316 3.88897e-05 0.560655 0.632298 0.000327567 0.999948 0.137325 0.404967 0.258646 0.868445 0.000183731 0.548137 0.100612 0.983712 0.173137 0.9234 0.000232125 0.0642184 0.0796629 0.981072 0.162411 0.93044 0.000269624 0.079535 0.280944 -0.314698 0.280944 -0.314698 0.280944 -0.314698 0.527771 -0.604106 0.246828 -0.289408 0.421916 -0.508516 0.421916 -0.508516 -0.146829 0.0819102 -0.146829 0.0819102 -0.643601 0.595111 -0.643601 0.595111 -0.601338 0.534804 -0.601338 0.534804 -0.45002 0.382557 -0.45002 0.382557 0.058424 -0.0962426 0.058424 -0.0962426 0.59137 -0.58246 0.59137 -0.58246 0.362579 -0.344372 0.722412 -0.686509 0.359833 -0.342137 0.359833 -0.342137 0.359833 -0.342137
17.26 -0 0 -3.19804 1.56817 -0 0 27.6492 -26.6504 -0 0 41.4117 -41.2133 -0 0 22.3139 -26.7986 -0 0 -7.93868 6.69328 0 -0 -32.1868 38.2209 0 -0 -34.3693 39.1544 0 -0 -20.3073 20.4651 -0 0 -5.19128 4.5465 -0 0 -5.19128 4.5465 0.0111049 0.999997 0.316289 0.832343 0.00177901 8.45683e-06 0.00335192 1 0.387825 0.783896 0.00557287 1.9496e-09 0.000746889 1 0.552411 0.651288 0.0266225 7.97669e-07 0.000459887 0.0528078 0.822135 0.330918 0.0536609 0.927462 0.00147895 2.41947e-08 0.839596 0.300293 0.0158764 1 0.00945826 4.59967e-10 0.766167 0.402906 0.00223936 1 0.0648419 1.42198e-05 0.584772 0.611851 0.00036332 0.999987 0.141605 0.224463 0.290091 0.850132 0.000176808 0.763321 0.11272 0.972941 0.176421 0.922596 0.000211146 0.101582 0.0914678 0.969681 0.162271 0.931454 0.000242103 0.120804 0.285563 -0.317693 0.285563 -0.317693 0.285563 -0.317693 0.538598 -0.612076 0.253035 -0.294382 0.437103 -0.523552 0.437103 -0.523552 -0.131824 0.0640073 -0.131824 0.0640073 -0.639158 0.58991 -0.639158 0.58991 -0.608574 0.543657 -0.608574 0.543657 -0.470464 0.40146 -0.470464 0.40146 -0.0291259 -0.00858903 -0.0291259 -0.00858903 0.518845 -0.499167 0.518845 -0.499167 0.362815 -0.336042 0.72343 -0.669067 0.360614 -0.333025 0.360614 -0.333025 0.360614 -0.333025
17.31 -0 0 -4.6662 2.95674 -0 0 26.5255 -25.643 -0 0 41.7275 -41.3808 -0 0 23.8539 -28.4012 -0 0 -6.89355 4.49247 0 -0 -31.1361 37.1523 0 -0 -34.0375 39.7589 0 -0 -21.6849 22.7093 -0 0 -5.87907 5.3866 -0 0 -5.87907 5.3866 0.0129135 0.999992 0.306334 0.838749 0.00156002 1.89951e-05 0.00394098 1 0.374526 0.793361 0.00477986 1.86625e-09 0.000841002 1 0.537665 0.664899 0.0232138 2.6736e-07 0.000435858 0.189775 0.814609 0.340829 0.0563426 0.738653 0.00130339 4.99001e-08 0.842408 0.296195 0.0182898 1 0.00800406 3.59682e-10 0.776646 0.389634 0.0026574 1 0.0565392 5.54451e-06 0.608126 0.590947 0.000406916 0.999996 0.142652 0.110924 0.328199 0.827967 0.000172953 0.896708 0.124876 0.955111 0.182588 0.920999 0.000193115 0.157799 0.103946 0.951492 0.164072 0.9321 0.000218405 0.179932 0.290074 -0.320531 0.290074 -0.320531 0.290074 -0.320531 0.549012 -0.619504 0.258938 -0.298973 0.450755 -0.536726 0.450755 -0.536726 -0.10462 0.0288111 -0.10462 0.0288111 -0.621134 0.565777 -0.621134 0.565777 -0.61523 0.552019 -0.61523 0.552019 -0.489052 0.418178 -0.489052 0.418178 -0.114841 0.0783242 -0.114841 0.0783242 0.444593 -0.409907 0.444593 -0.409907 0.360913 -0.322859 0.720496 -0.641984 0.359582 -0.319125 0.359582 -0.319125 0.359582 -0.319125
17.36 -0 0 -5.77463 3.97678 -0 0 25.397 -24.5301 -0 0 41.9943 -41.1763 -0 0 25.2169 -29.7961 -0 0 -4.94147 0.941069 0 -0 -29.5094 35.0409 0 -0 -33.6074 40.0609 0 -0 -23.0222 24.9593 -0 0 -6.60614 6.30232 -0 0 -6.60614 6.30232 0.0150017 0.999982 0.296831 0.844793 0.00137066 4.33319e-05 0.00463877 1 0.36208 0.802042 0.00410374 1.88375e-09 0.000951324 1 0.523212 0.677639 0.0201897 9.47855e-08 0.000417485 0.479982 0.798155 0.360744 0.058445 0.403147 0.0011537 1.0681e-07 0.844527 0.293014 0.0209658 1 0.00677963 3.06313e-10 0.786333 0.377131 0.00315582 1 0.0488508 2.31254e-06 0.63083 0.569633 0.00046013 0.999999 0.140211 0.0508897 0.36865 0.803746 0.000172212 0.960364 0.136631 0.92608 0.19236 0.918504 0.00017765 0.237543 0.116807 0.922892 0.168493 0.932254 0.00019796 0.259904 0.294474 -0.323212 0.294474 -0.323212 0.294474 -0.323212 0.559004 -0.626407 0.26453 -0.303195 0.463257 -0.548425 0.463257 -0.548425 -0.0458829 -0.0444901 -0.0458829 -0.0444901 -0.57056 0.502246 -0.57056 0.502246 -0.621298 0.559877 -0.621298 0.559877 -0.506219 0.433539 -0.506219 0.433539 -0.190136 0.152241 -0.190136 0.152241 0.376368 -0.325938 0.376368 -0.325938 0.355634 -0.303011 0.711313 -0.602004 0.355679 -0.298993 0.355679 -0.298993 0.355679 -0.298993
17.41 -0 0 -6.41946 4.37677 -0 0 24.2166 -23.1147 -0 0 41.9921 -40.2726 -0 0 27.1201 -31.1896 -0 0 -1.93215 -3.05208 0 -0 -28.0538 32.9845 0 -0 -32.8914 39.5845 0 -0 -24.2131 27.0193 -0 -0 -7.36595 7.2841 -0 0 -7.36595 7.2841 0.0174038 0.999958 0.287783 0.850486 0.00120683 9.76027e-05 0.00546261 1 0.350362 0.810049 0.00352843 2.01493e-09 0.00108098 1 0.507953 0.690444 0.0175218 3.64848e-08 0.000406973 0.771769 0.770961 0.394952 0.0594306 0.150069 0.00102611 2.48656e-07 0.845493 0.291422 0.0238987 1 0.00575066 2.83878e-10 0.795262 0.365381 0.00374822 1 0.0418564 1.03792e-06 0.652689 0.548189 0.000525176 1 0.134578 0.0223207 0.408364 0.778938 0.00017456 0.986031 0.147427 0.880289 0.206546 0.914951 0.00016444 0.341354 0.12964 0.87919 0.176354 0.931733 0.00018031 0.359835 0.298765 -0.325738 0.298765 -0.325738 0.298765 -0.325738 0.56859 -0.63281 0.269825 -0.307072 0.475019 -0.559032 0.475019 -0.559032 0.0467388 -0.145526 0.0467388 -0.145526 -0.485397 0.409943 -0.485397 0.409943 -0.626721 0.567148 -0.626721 0.567148 -0.522213 0.44802 -0.522213 0.44802 -0.252704 0.210164 -0.252704 0.210164 0.314961 -0.249187 0.314961 -0.249187 0.345231 -0.27497 0.692634 -0.546557 0.347404 -0.271587 0.347404 -0.271587 0.347404 -0.271587
17.46 -0 0 -8.07854 5.02574 -0 0 22.1767 -21.0658 -0 0 41.5838 -38.8671 -0 0 29.6525 -32.6849 -0 0 1.64927 -7.10131 0 -0 -26.779 30.9121 0 -0 -31.9377 38.9058 0 -0 -25.176 28.8535 0 -0 -8.1522 8.33871 -0 0 -8.1522 8.33871 0.0201559 0.999901 0.27918 0.855846 0.00106498 0.000214789 0.00643226 1 0.339209 0.817517 0.00303934 2.34122e-09 0.00123455 1 0.491409 0.703915 0.0151709 1.56534e-08 0.000405902 0.924289 0.738451 0.43741 0.0588228 0.0460333 0.000917636 6.5746e-07 0.845154 0.291872 0.0270605 1 0.00488709 2.81783e-10 0.803428 0.354435 0.00444979 1 0.0355986 5.07669e-07 0.673446 0.526962 0.00060474 1 0.126387 0.00958123 0.446019 0.7544 0.000179988 0.995331 0.156603 0.811954 0.225986 0.910048 0.000153243 0.4626 0.141895 0.8156 0.188523 0.93027 0.000165095 0.473338 0.302948 -0.328107 0.302948 -0.328107 0.302948 -0.328107 0.577805 -0.638749 0.274857 -0.310642 0.486437 -0.568926 0.486437 -0.568926 0.144635 -0.241118 0.144635 -0.241118 -0.39452 0.322231 -0.39452 0.322231 -0.63142 0.57368 -0.63142 0.57368 -0.537144 0.46185 -0.537144 0.46185 -0.303852 0.254494 -0.303852 0.254494 0.256939 -0.177121 0.256939 -0.177121 0.327492 -0.23838 0.660358 -0.475313 0.332866 -0.236933 0.332866 -0.236933 0.332866 -0.236933
17.51 -0 0 -10.8417 6.99874 -0 0 19.818 -19.3173 -0 0 39.8892 -37.1342 -0 0 32.0388 -34.2632 -0 0 4.32886 -10.4343 0 -0 -24.9099 27.9216 0 -0 -31.6097 39.4635 0 -0 -25.904 30.4774 0 -0 -8.93316 9.42026 -0 0 -8.93316 9.42026 0.0232953 0.999755 0.271007 0.860895 0.00094204 0.000484364 0.00757037 1 0.32849 0.824566 0.00262351 2.96015e-09 0.00141794 1 0.473895 0.717944 0.0130996 7.57814e-09 0.000414544 0.978491 0.705777 0.479657 0.0565938 0.0130884 0.000825634 1.91386e-06 0.843727 0.294212 0.0304027 0.999999 0.00416296 3.02718e-10 0.810832 0.344355 0.00527702 1 0.0300856 2.6551e-07 0.692918 0.506266 0.00070205 1 0.116384 0.00410017 0.481416 0.730451 0.000188562 0.99849 0.16344 0.718372 0.251309 0.903329 0.000143887 0.587962 0.1529 0.729765 0.205764 0.927501 0.000152037 0.589441 0.307025 -0.330313 0.307025 -0.330313 0.307025 -0.330313 0.586696 -0.644261 0.279671 -0.313947 0.497769 -0.578386 0.497769 -0.578386 0.225784 -0.316925 0.225784 -0.316925 -0.32012 0.253574 -0.32012 0.253574 -0.635364 0.579359 -0.635364 0.579359 -0.551042 0.475109 -0.551042 0.475109 -0.346046 0.288948 -0.346046 0.288948 0.197633 -0.10763 0.197633 -0.10763 0.300193 -0.194767 0.610338 -0.391306 0.310145 -0.196539 0.310145 -0.196539 0.310145 -0.196539
17.56 -0 0 -13.8642 9.28274 -0 0 17.5599 -17.4644 -0 0 37.9803 -35.3719 -0 0 34.0542 -35.7126 -0 0 6.89061 -13.3054 0 -0 -22.7445 24.7688 0 -0 -31.6319 40.1863 0 -0 -26.3506 31.7111 0 -0 -9.70685 10.5187 -0 0 -9.70685 10.5187 0.0268602 0.999329 0.263244 0.865657 0.000835355 0.00116698 0.00890273 1 0.318128 0.831278 0.00226969 4.02316e-09 0.00163819 1 0.455987 0.732072 0.0112789 4.1525e-09 0.000432692 0.994312 0.675217 0.517606 0.0530878 0.00361503 0.000747667 5.97601e-06 0.841537 0.297962 0.0338656 0.999994 0.00355597 3.5867e-10 0.817503 0.335169 0.00624745 1 0.0252957 1.44396e-07 0.711025 0.486335 0.000820968 1 0.10529 0.00177671 0.514801 0.707047 0.000200472 0.999518 0.167246 0.604017 0.282606 0.894193 0.000136275 0.702865 0.161904 0.624852 0.228553 0.922976 0.000140933 0.696549 0.31098 -0.332326 0.31098 -0.332326 0.31098 -0.332326 0.595294 -0.649357 0.284313 -0.317031 0.509109 -0.587543 0.509109 -0.587543 0.286766 -0.374019 0.286766 -0.374019 -0.265686 0.202977 -0.265686 0.202977 -0.638586 0.584163 -0.638586 0.584163 -0.563915 0.487797 -0.563915 0.487797 -0.381638 0.31672 -0.381638 0.31672 0.133447 -0.0407932 0.133447 -0.0407932 0.262099 -0.147395 0.540144 -0.300597 0.278045 -0.153202 0.278045 -0.153202 0.278045 -0.153202
17.61 -0 0 -16.3994 10.9609 -0 0 14.7707 -15.3684 -0 0 36.8145 -34.0211 -0 0 35.8793 -36.9614 -0 0 9.57072 -15.9068 0 -0 -20.4752 21.6199 0 -0 -31.8924 40.7635 0 -0 -26.4808 32.4386 0 -0 -10.4919 11.6414 -0 0 -10.4919 11.6414 0.0308883 0.998007 0.255893 0.870146 0.000742646 0.00295238 0.0104584 1 0.308095 0.837694 0.00196824 5.92089e-09 0.00190345 1 0.438204 0.745855 0.00968542 2.52923e-09 0.000460265 0.998545 0.6474 0.550459 0.048768 0.000992796 0.000681542 1.99902e-05 0.838869 0.302631 0.0373862 0.999977 0.00304705 4.70604e-10 0.823498 0.326858 0.00737942 1 0.0211837 8.04591e-08 0.727771 0.467309 0.000966105 1 0.0937316 0.000791823 0.54647 0.68395 0.000216067 0.999844 0.167484 0.480877 0.319258 0.882026 0.000130385 0.79765 0.168164 0.510073 0.256944 0.916211 0.000131644 0.786773 0.314746 -0.33405 0.314746 -0.33405 0.314746 -0.33405 0.603565 -0.653978 0.288819 -0.319928 0.520438 -0.596416 0.520438 -0.596416 0.331911 -0.417169 0.331911 -0.417169 -0.22689 0.165715 -0.22689 0.165715 -0.641162 0.588153 -0.641162 0.588153 -0.575773 0.499889 -0.575773 0.499889 -0.412452 0.340102 -0.412452 0.340102 0.0633265 0.0218509 0.0633265 0.0218509 0.213985 -0.100118 0.450871 -0.210241 0.236886 -0.110122 0.236886 -0.110122 0.236886 -0.110122
17.66 -0 0 -18.4967 12.4494 -0 0 11.8483 -13.1012 -0 0 35.8552 -33.0354 -0 0 37.4666 -38.074 -0 0 12.0215 -18.26 0 -0 -18.0723 17.2723 0 -0 -32.1809 40.2431 0 -0 -26.3694 32.688 0 -0 -11.2794 12.7326 -0 0 -11.2794 12.7326 0.0354153 0.993773 0.249 0.874348 0.000661961 0.00764489 0.0122695 1 0.298397 0.843831 0.00171104 9.50324e-09 0.00222311 1 0.420921 0.758985 0.00829889 1.66714e-09 0.000497502 0.999634 0.622313 0.578644 0.0440583 0.000274507 0.00062534 7.1171e-05 0.835935 0.307829 0.0409029 0.999903 0.00262 6.81711e-10 0.828884 0.319366 0.00869177 1 0.0176892 4.56155e-08 0.743213 0.449249 0.00114296 1 0.0822253 0.000367604 0.576614 0.660872 0.000235894 0.999948 0.163903 0.363377 0.360009 0.86635 0.000126256 0.869127 0.171057 0.397346 0.290512 0.906747 0.000124084 0.856989 0.318059 -0.335219 0.318059 -0.335219 0.318059 -0.335219 0.611275 -0.657883 0.293216 -0.322664 0.531681 -0.604964 0.531681 -0.604964 0.366132 -0.450582 0.366132 -0.450582 -0.198788 0.137611 -0.198788 0.137611 -0.643184 0.59143 -0.643184 0.59143 -0.586646 0.511364 -0.586646 0.511364 -0.439765 0.360626 -0.439765 0.360626 -0.0110905 0.0786835 -0.0110905 0.0786835 0.158756 -0.0561166 0.347447 -0.126094 0.188691 -0.0699774 0.188691 -0.0699774 0.188691 -0.0699774
17.71 -0 0 -20.3358 13.9112 -0 0 8.96439 -10.7976 -0 0 34.8422 -32.2226 -0 0 38.7879 -39.089 -0 0 14.1666 -20.3899 0 -0 -15.3574 12.8165 0 -0 -32.1009 38.7691 0 -0 -26.4417 33.0876 0 -0 -12.025 13.7045 -0 0 -12.025 13.7045 0.0404712 0.980076 0.242728 0.878161 0.000591654 0.0200439 0.0143714 1 0.289065 0.849683 0.00149124 1.66254e-08 0.00260805 1 0.404386 0.771287 0.00709974 1.16995e-09 0.000544974 0.999908 0.599737 0.602854 0.0392875 7.69222e-05 0.000577432 0.000265271 0.832886 0.313274 0.0443593 0.999571 0.00226114 1.09922e-09 0.833736 0.312621 0.0102036 1 0.0147438 2.65088e-08 0.757437 0.432155 0.00135809 1 0.0711735 0.000177854 0.605289 0.637577 0.000260731 0.999982 0.15662 0.26249 0.403217 0.846935 0.000123985 0.918881 0.170185 0.296913 0.328375 0.894205 0.000118211 0.907768 0.320039 -0.335108 0.320039 -0.335108 0.320039 -0.335108 0.617557 -0.660364 0.297518 -0.325256 0.542747 -0.613133 0.542747 -0.613133 0.393056 -0.477224 0.393056 -0.477224 -0.177708 0.11571 -0.177708 0.11571 -0.644736 0.594094 -0.644736 0.594094 -0.596584 0.522218 -0.596584 0.522218 -0.464413 0.379293 -0.464413 0.379293 -0.0865231 0.128838 -0.0865231 0.128838 0.100507 -0.0172749 0.237107 -0.0517211 0.1366 -0.0344463 0.1366 -0.0344463 0.1366 -0.0344463
17.76 -0 0 -22.0068 15.3737 -0 0 6.17578 -8.50071 -0 0 33.7071 -31.4531 -0 0 39.8139 -39.9953 -0 0 16.0166 -22.2979 0 -0 -12.5715 8.52403 0 -0 -31.439 36.7257 0 -0 -27.1497 34.0041 0 -0 -12.6619 14.457 -0 0 -12.6619 14.457 0.0460712 0.937072 0.237545 0.881218 0.000530385 0.052302 0.0168016 1 0.280153 0.855224 0.00130309 3.157e-08 0.00307073 1 0.388747 0.782683 0.00606856 8.67239e-10 0.000603561 0.999976 0.579409 0.623752 0.0346841 2.19458e-05 0.000536455 0.00101624 0.829811 0.318781 0.0477055 0.99808 0.00195903 1.98331e-09 0.838124 0.306538 0.0119339 1 0.0122773 1.61874e-08 0.770537 0.415985 0.00161927 1 0.0608691 8.75836e-05 0.632462 0.613941 0.000291636 0.999993 0.146125 0.183098 0.447183 0.823843 0.000123722 0.951189 0.165468 0.214611 0.369308 0.878329 0.000114027 0.94214 0.31788 -0.331802 0.31788 -0.331802 0.31788 -0.331802 0.619613 -0.659514 0.301733 -0.327712 0.553551 -0.62087 0.553551 -0.62087 0.415056 -0.499048 0.415056 -0.499048 -0.161195 0.0979882 -0.161195 0.0979882 -0.645859 0.59616 -0.645859 0.59616 -0.605648 0.532469 -0.605648 0.532469 -0.486919 0.396746 -0.486919 0.396746 -0.159477 0.172404 -0.159477 0.172404 0.0432197 0.0158459 0.127151 0.0117172 0.0839316 -0.00412879 0.0839316 -0.00412879 0.0839316 -0.00412879
17.81 -0 0 -23.5467 16.8379 -0 0 3.54174 -6.25049 -0 0 32.4636 -30.6487 -0 0 40.5877 -40.769 -0 0 17.6845 -24.0184 0 -0 -9.98925 4.6977 0 -0 -30.4445 33.8054 0 -0 -28.498 34.4782 0 -0 -13.4303 15.2359 -0 0 -13.4303 15.2359 0.0521927 0.818749 0.234613 0.882452 0.000477201 0.13049 0.0195989 1 0.271769 0.860378 0.0011418 6.46927e-08 0.00362543 1 0.374082 0.793154 0.0051862 6.77382e-10 0.000674424 0.999994 0.561069 0.641901 0.0303904 6.40831e-06 0.000501291 0.003945 0.826701 0.324266 0.0508991 0.991361 0.00170408 3.9491e-09 0.842111 0.301036 0.0139013 1 0.0102221 1.06144e-08 0.782606 0.400683 0.00193572 1 0.0515034 4.23433e-05 0.658059 0.589965 0.000330004 0.999998 0.133196 0.124139 0.490431 0.797399 0.000125674 0.971235 0.157172 0.15089 0.411938 0.85901 0.000111571 0.96441 0.303988 -0.320722 0.303988 -0.320722 0.303988 -0.320722 0.609843 -0.650752 0.305854 -0.33003 0.564018 -0.628132 0.564018 -0.628132 0.433625 -0.517329 0.433625 -0.517329 -0.147533 0.0827411 -0.147533 0.0827411 -0.646425 0.597265 -0.646425 0.597265 -0.613909 0.542152 -0.613909 0.542152 -0.507598 0.413391 -0.507598 0.413391 -0.227307 0.210229 -0.227307 0.210229 -0.0101868 0.0436928 0.0231623 0.0649756 0.0333491 0.0212827 0.0333491 0.0212827 0.0333491 0.0212827
17.86 -0 0 -24.9934 18.3397 -0 0 1.0842 -4.08463 -0 0 31.1153 -29.7735 -0 0 41.137 -41.3987 -0 0 19.2145 -25.595 0 -0 -7.56409 1.25141 0 -0 -28.8931 30.4238 0 -0 -29.6093 34.5585 0 -0 -14.3854 16.0911 -0 0 -14.3854 16.0911 0.0587214 0.586094 0.236302 0.879655 0.000431691 0.288228 0.0228009 1 0.264136 0.864953 0.00100343 1.41958e-07 0.00428829 1 0.360431 0.802712 0.00443427 5.57606e-10 0.000758992 0.999998 0.544464 0.657768 0.0264827 1.92674e-06 0.000471073 0.0152723 0.823242 0.329853 0.0539019 0.962103 0.00148836 8.57218e-09 0.845741 0.296044 0.0161236 1 0.00851602 7.5869e-09 0.793732 0.386185 0.00231832 1 0.0431772 1.99227e-05 0.682007 0.565754 0.000377634 0.999999 0.118764 0.0815647 0.53188 0.768083 0.000130128 0.983357 0.145875 0.102856 0.454956 0.836261 0.000110934 0.978496 0.265353 -0.29344 0.265353 -0.29344 0.265353 -0.29344 0.575209 -0.625626 0.309856 -0.332186 0.574074 -0.634875 0.574074 -0.634875 0.449704 -0.532909 0.449704 -0.532909 -0.134971 0.0671188 -0.134971 0.0671188 -0.645701 0.595455 -0.645701 0.595455 -0.621438 0.55131 -0.621438 0.55131 -0.526641 0.429473 -0.526641 0.429473 -0.288678 0.24355 -0.288678 0.24355 -0.0582325 0.0672703 -0.0718602 0.109953 -0.0136277 0.0426831 -0.0136277 0.0426831 -0.0136277 0.0426831
17.91 -0 0 -26.3995 19.9648 -0 0 -1.17456 -2.01785 -0 0 29.6899 -28.7613 -0 0 41.5654 -41.8546 -0 0 20.7361 -27.0938 -0 -0 -5.31007 -1.83316 0 -0 -27.1251 27.0459 0 -0 -29.885 34.0779 0 -0 -15.4666 17.2579 -0 -0 -15.4666 17.2579 0.0653662 0.319714 0.245757 0.870692 0.000393991 0.516093 0.0264386 1 0.257641 0.868635 0.000884741 3.3087e-07 0.00507742 1 0.347816 0.811372 0.00379555 4.84947e-10 0.000858978 1 0.529279 0.671756 0.02299 6.00128e-07 0.00044532 0.0571623 0.817989 0.336287 0.0566679 0.851156 0.00130534 2.00006e-08 0.849005 0.291524 0.018617 1 0.00710329 6.01361e-09 0.80399 0.372435 0.00277983 1 0.0359161 9.46371e-06 0.704264 0.541478 0.000436826 1 0.103762 0.0515638 0.570831 0.736478 0.000137476 0.990667 0.132379 0.0674638 0.497241 0.810225 0.000112268 0.987407 0.197935 -0.242265 0.197935 -0.242265 0.197935 -0.242265 0.511611 -0.576389 0.313676 -0.334124 0.583624 -0.641034 0.583624 -0.641034 0.463901 -0.546361 0.463901 -0.546361 -0.119917 0.0427619 -0.119917 0.0427619 -0.640751 0.582982 -0.640751 0.582982 -0.628301 0.55999 -0.628301 0.55999 -0.544167 0.445127 -0.544167 0.445127 -0.343219 0.273599 -0.343219 0.273599 -0.100473 0.0876928 -0.156817 0.148848 -0.0563443 0.0611557 -0.0563443 0.0611557 -0.0563443 0.0611557
17.96 -0 0 -27.8214 21.8142 -0 0 -3.04895 -0.219368 -0 0 28.2373 -27.5857 -0 0 41.9345 -41.9743 -0 0 22.4135 -28.5805 -0 -0 -3.16786 -4.64331 0 -0 -25.3224 23.8266 0 -0 -29.7 33.0929 0 -0 -16.4105 18.2721 -0 -0 -16.4105 18.2721 0.0716215 0.140447 0.264372 0.85601 0.000364241 0.732889 0.0305278 1 0.252742 0.871164 0.000783129 8.09744e-07 0.00601271 1 0.336253 0.819138 0.00325433 4.48135e-10 0.000976505 1 0.514931 0.684293 0.0199087 1.95725e-07 0.000424412 0.189708 0.806738 0.346218 0.0590973 0.575644 0.00114967 4.96703e-08 0.85174 0.287542 0.0213953 1 0.00593534 5.27512e-09 0.813441 0.35939 0.00333515 1 0.0296878 4.67569e-06 0.724827 0.517343 0.000510495 1 0.0890123 0.0315326 0.606904 0.703241 0.000148254 0.994919 0.117592 0.0427722 0.53791 0.781208 0.000115806 0.992847 0.119262 -0.171623 0.119262 -0.171623 0.119262 -0.171623 0.436471 -0.507388 0.317209 -0.335765 0.592543 -0.646527 0.592543 -0.646527 0.47665 -0.558094 0.47665 -0.558094 -0.0925067 -0.00948001 -0.0925067 -0.00948001 -0.622162 0.541123 -0.622162 0.541123 -0.634536 0.568231 -0.634536 0.568231 -0.560263 0.460414 -0.560263 0.460414 -0.391052 0.301362 -0.391052 0.301362 -0.136986 0.105909 -0.231548 0.183591 -0.094562 0.0776819 -0.094562 0.0776819 -0.094562 0.0776819
18.01 -0 0 -29.2976 23.8506 -0 0 -4.29102 1.03525 -0 0 26.8028 -26.1306 -0 0 42.1725 -41.4959 -0 0 24.5186 -30.1665 -0 0 -1.08912 -7.24373 0 -0 -23.5371 20.7877 0 -0 -29.2076 31.7757 0 -0 -17.1403 19.0191 -0 -0 -17.1403 19.0191 0.0768924 0.0545202 0.290132 0.837978 0.000342035 0.876104 0.035062 0.999999 0.249714 0.872525 0.00069634 2.03055e-06 0.00711563 1 0.325729 0.826033 0.00279655 4.42506e-10 0.00111453 1 0.500403 0.695996 0.017214 6.83035e-08 0.000410096 0.467678 0.784803 0.365674 0.0609197 0.258641 0.00101716 1.30268e-07 0.853556 0.284421 0.0244655 1 0.00497056 5.09305e-09 0.822113 0.347031 0.00400146 1 0.0244198 2.44149e-06 0.743728 0.493562 0.000602317 1 0.0751444 0.0188714 0.639945 0.669066 0.000163188 0.997278 0.102406 0.0264994 0.576321 0.74969 0.000121887 0.996008 0.0489753 -0.0975454 0.0489753 -0.0975454 0.0489753 -0.0975454 0.369312 -0.434587 0.320336 -0.337042 0.600702 -0.651287 0.600702 -0.651287 0.488343 -0.568441 0.488343 -0.568441 -0.0345977 -0.0983948 -0.0345977 -0.0983948 -0.572151 0.4614 -0.572151 0.4614 -0.640134 0.576028 -0.640134 0.576028 -0.575001 0.475342 -0.575001 0.475342 -0.432583 0.327521 -0.432583 0.327521 -0.16814 0.122607 -0.296424 0.215617 -0.128284 0.0930096 -0.128284 0.0930096 -0.128284 0.0930096
18.06 0 -0 -30.7319 25.7215 0 -0 -5.54247 1.96984 -0 0 25.0104 -24.2223 -0 0 42.0626 -40.4188 -0 0 27.1571 -31.8981 -0 0 1.12796 -9.72572 0 -0 -21.6908 17.8892 0 -0 -28.4691 30.2284 0 -0 -17.6419 19.4857 0 -0 -17.6419 19.4857 0.080706 0.0198151 0.319402 0.818734 0.000326526 0.949119 0.04001 0.999998 0.248506 0.872892 0.000622338 5.0944e-06 0.00840907 1 0.316174 0.832123 0.00240975 4.74129e-10 0.00127744 1 0.484839 0.707715 0.014867 2.62165e-08 0.000404465 0.762058 0.754468 0.399146 0.0616121 0.0864372 0.000904509 3.60335e-07 0.854132 0.282788 0.0278198 1 0.00417383 5.38748e-09 0.830004 0.335385 0.00479838 1 0.020016 1.36109e-06 0.761023 0.47034 0.000716909 1 0.0625763 0.011201 0.669966 0.634606 0.000183244 0.998543 0.0875949 0.0162501 0.61207 0.716262 0.000130978 0.997779 -0.00579962 -0.0336701 -0.00579962 -0.0336701 -0.00579962 -0.0336701 0.31717 -0.371601 0.32297 -0.337931 0.608016 -0.655303 0.608016 -0.655303 0.499385 -0.577732 0.499385 -0.577732 0.057505 -0.197132 0.057505 -0.197132 -0.48733 0.370891 -0.48733 0.370891 -0.645031 0.583301 -0.645031 0.583301 -0.588446 0.489887 -0.588446 0.489887 -0.468428 0.352499 -0.468428 0.352499 -0.194516 0.138249 -0.352268 0.245919 -0.157752 0.107669 -0.157752 0.107669 -0.157752 0.107669
18.11 0 -0 -31.8785 26.8927 0 -0 -8.40681 3.80327 -0 0 22.2198 -21.9119 -0 0 41.1297 -38.945 -0 0 30.0158 -33.6859 -0 0 3.67201 -12.2132 0 -0 -19.6293 14.9966 0 -0 -27.4728 28.4518 0 -0 -17.9208 19.6789 0 -0 -17.9208 19.6789 0.0828314 0.00698708 0.349146 0.799551 0.000316781 0.980315 0.0453196 0.999995 0.248839 0.872497 0.000559264 1.29769e-05 0.00991726 1 0.307479 0.837523 0.00208298 5.63393e-10 0.00147121 1 0.468221 0.720028 0.0128227 1.12691e-08 0.000408405 0.921869 0.721732 0.441271 0.0606975 0.0251944 0.00080895 1.06271e-06 0.853526 0.283106 0.0314257 0.999999 0.00351578 6.2648e-09 0.837114 0.324523 0.00574782 1 0.0163695 8.17539e-07 0.776787 0.447863 0.000860036 1 0.0515258 0.00667647 0.697086 0.60043 0.000209708 0.99921 0.0737512 0.00998441 0.644956 0.681569 0.000143721 0.998751 -0.046319 0.015233 -0.046319 0.015233 -0.046319 0.015233 0.278765 -0.32322 0.325084 -0.338453 0.61448 -0.658615 0.61448 -0.658615 0.51009 -0.586302 0.51009 -0.586302 0.156512 -0.281101 0.156512 -0.281101 -0.395219 0.294351 -0.395219 0.294351 -0.649179 0.589899 -0.649179 0.589899 -0.600659 0.503995 -0.600659 0.503995 -0.499308 0.37653 -0.499308 0.37653 -0.21679 0.153121 -0.400163 0.27512 -0.183372 0.121999 -0.183372 0.121999 -0.183372 0.121999
18.16 0 -0 -32.7382 27.6382 0 -0 -12.2136 6.76496 -0 -0 19.3721 -19.8238 -0 0 39.1276 -37.1494 -0 0 32.4905 -35.3794 -0 0 6.26873 -14.705 0 -0 -17.4783 12.1011 0 -0 -26.2863 26.4801 0 -0 -17.9718 19.5839 0 -0 -17.9718 19.5839 0.0832706 0.0024528 0.37762 0.781063 0.000311983 0.992475 0.0509237 0.999982 0.250357 0.871556 0.000505455 3.56646e-05 0.0116656 1 0.299544 0.842361 0.00180674 7.3579e-10 0.00170312 1 0.451067 0.732846 0.0110405 5.49262e-09 0.000421857 0.978312 0.690272 0.483394 0.0581509 0.00692627 0.000727991 3.36257e-06 0.852024 0.28526 0.0352279 0.999996 0.00297194 8.02998e-09 0.843467 0.314512 0.0068737 1 0.0133729 5.32827e-07 0.791108 0.426288 0.00103886 1 0.0420474 0.0040441 0.721486 0.567002 0.000244276 0.999559 0.0612615 0.0062186 0.674937 0.646255 0.000160983 0.99928 -0.076218 0.050541 -0.076218 0.050541 -0.076218 0.050541 0.250493 -0.288113 0.32671 -0.338654 0.620154 -0.661304 0.620154 -0.661304 0.520614 -0.594404 0.520614 -0.594404 0.238884 -0.345705 0.238884 -0.345705 -0.319473 0.236483 -0.319473 0.236483 -0.652584 0.595702 -0.652584 0.595702 -0.611705 0.517602 -0.611705 0.517602 -0.525938 0.399709 -0.525938 0.399709 -0.23563 0.167374 -0.44124 0.303547 -0.20561 0.136173 -0.20561 0.136173 -0.20561 0.136173
18.21 0 -0 -33.4119 28.1183 0 -0 -15.96 9.73073 0 -0 16.4804 -17.5034 -0 0 37.2416 -35.4726 -0 0 34.5474 -36.8786 -0 0 8.7839 -17.1054 0 -0 -15.2907 9.26656 0 -0 -24.9424 24.3781 0 -0 -17.8092 19.2279 0 -0 -17.8092 19.2279 0.0821874 0.000869575 0.404078 0.763546 0.000311494 0.997089 0.0567452 0.999934 0.252729 0.870244 0.000459458 0.000107581 0.0136801 1 0.292291 0.846743 0.00157286 1.0562e-09 0.00198163 1 0.433951 0.745723 0.00948833 3.02407e-09 0.000444626 0.994418 0.661404 0.521177 0.0543371 0.00185924 0.000659369 1.13491e-05 0.849926 0.28879 0.0391588 0.999983 0.00252201 1.13156e-08 0.849119 0.305376 0.00820155 1 0.0109246 3.78323e-07 0.804083 0.40574 0.0012622 1 0.0340793 0.00251639 0.743379 0.534687 0.000289177 0.999744 0.0503202 0.00396832 0.702083 0.610917 0.000183927 0.99957 -0.0988511 0.0756635 -0.0988511 0.0756635 -0.0988511 0.0756635 0.22906 -0.262925 0.327911 -0.338588 0.625135 -0.663464 0.625135 -0.663464 0.530977 -0.602161 0.530977 -0.602161 0.300409 -0.394601 0.300409 -0.394601 -0.264333 0.193692 -0.264333 0.193692 -0.655309 0.600679 -0.655309 0.600679 -0.621657 0.530642 -0.621657 0.530642 -0.548965 0.422041 -0.548965 0.422041 -0.251629 0.18107 -0.476547 0.331314 -0.224919 0.150244 -0.224919 0.150244 -0.224919 0.150244
18.26 0 -0 -33.9467 28.3689 0 -0 -19.1113 12.0851 0 -0 13.0505 -14.9329 -0 0 35.9946 -34.2164 -0 0 36.2979 -38.1594 -0 0 11.2423 -19.3755 0 -0 -13.0339 6.50227 0 -0 -23.4338 22.1684 0 -0 -17.4513 18.6444 0 -0 -17.4513 18.6444 0.0798333 0.000313792 0.428303 0.747102 0.000314853 0.998845 0.0627028 0.999727 0.255682 0.8687 0.00042003 0.000347707 0.0159872 1 0.285658 0.850748 0.00137441 1.67664e-09 0.00231638 1 0.417322 0.758226 0.00814066 1.84109e-09 0.000476756 0.998608 0.635356 0.553775 0.04974 0.000496865 0.000601095 4.06051e-05 0.847468 0.293211 0.0431475 0.999921 0.00214915 1.74975e-08 0.854141 0.297089 0.00975821 1 0.00893279 2.93694e-07 0.815816 0.386303 0.00154088 1 0.0274876 0.00162341 0.762989 0.503754 0.000347322 0.999844 0.0409659 0.00261843 0.726537 0.576089 0.000214106 0.99973 -0.116652 0.09379 -0.116652 0.09379 -0.116652 0.09379 0.212098 -0.244509 0.32875 -0.338299 0.629522 -0.665176 0.629522 -0.665176 0.541126 -0.60959 0.541126 -0.60959 0.345459 -0.43224 0.345459 -0.43224 -0.225406 0.161562 -0.225406 0.161562 -0.657442 0.604883 -0.657442 0.604883 -0.630593 0.543066 -0.630593 0.543066 -0.568945 0.443486 -0.568945 0.443486 -0.265283 0.194214 -0.506987 0.358393 -0.241705 0.164179 -0.241705 0.164179 -0.241705 0.164179
18.31 0 -0 -34.367 28.4823 0 -0 -21.7465 14.234 0 -0 9.61036 -12.215 -0 0 34.8 -33.2097 -0 0 37.6653 -39.2418 -0 0 13.5327 -21.4983 0 -0 -10.812 3.84141 0 -0 -21.8252 19.8987 0 -0 -16.9254 17.865 0 -0 -16.9254 17.865 0.0764919 0.000115874 0.450319 0.731748 0.00032174 0.999526 0.0687144 0.998803 0.259014 0.867018 0.00038612 0.00117622 0.0186126 1 0.279595 0.85443 0.00120561 2.95991e-09 0.00271832 1 0.40148 0.770058 0.00697578 1.21165e-09 0.00051861 0.999655 0.611976 0.581633 0.0447953 0.000133893 0.000551466 0.00015269 0.844822 0.298138 0.047126 0.99962 0.0018395 2.95717e-08 0.858607 0.289595 0.0115714 1 0.00731685 2.49745e-07 0.826413 0.368027 0.00188806 1 0.0221029 0.00109411 0.780534 0.474393 0.00042249 0.999899 0.0331255 0.00179994 0.748486 0.542215 0.000253572 0.999822 -0.131222 0.107281 -0.131222 0.107281 -0.131222 0.107281 0.198018 -0.230506 0.32924 -0.337787 0.633357 -0.666474 0.633357 -0.666474 0.550985 -0.616661 0.550985 -0.616661 0.379145 -0.462002 0.379145 -0.462002 -0.197538 0.136721 -0.197538 0.136721 -0.659073 0.608396 -0.659073 0.608396 -0.638602 0.554844 -0.638602 0.554844 -0.586342 0.463984 -0.586342 0.463984 -0.276998 0.206786 -0.533315 0.384682 -0.256317 0.177896 -0.256317 0.177896 -0.256317 0.177896
18.36 0 -0 -34.7131 28.5566 0 -0 -23.9845 16.2253 0 -0 6.37859 -9.53619 -0 0 33.5272 -32.2768 -0 0 38.6522 -40.1295 -0 0 15.5966 -23.4448 0 -0 -8.68361 1.33053 0 -0 -20.1681 17.6321 0 -0 -16.2654 16.938 0 -0 -16.2654 16.938 0.0724429 4.39282e-05 0.470251 0.717459 0.000331949 0.999798 0.0747005 0.994558 0.262609 0.865235 0.000356854 0.00411396 0.0215806 1 0.274058 0.857827 0.00106164 5.78823e-09 0.00319985 1 0.386605 0.781058 0.00597372 8.52725e-10 0.000570855 0.999913 0.591008 0.605462 0.039835 3.67519e-05 0.000509052 0.000595787 0.842094 0.303298 0.0510321 0.99815 0.00158166 5.41893e-08 0.862591 0.282818 0.0136692 1 0.00600792 2.32343e-07 0.835978 0.350928 0.00231958 1 0.0177461 0.000774632 0.796227 0.446724 0.000519559 0.99993 0.0266579 0.00129616 0.768139 0.509651 0.000305036 0.999875 -0.143568 0.117725 -0.143568 0.117725 -0.143568 0.117725 0.185582 -0.219177 0.32915 -0.336902 0.636438 -0.667235 0.636438 -0.667235 0.560483 -0.62333 0.560483 -0.62333 0.40525 -0.486169 0.40525 -0.486169 -0.176882 0.11682 -0.176882 0.11682 -0.660266 0.611237 -0.660266 0.611237 -0.645769 0.56597 -0.645769 0.56597 -0.601539 0.483479 -0.601539 0.483479 -0.287099 0.218754 -0.556153 0.410048 -0.269053 0.191294 -0.269053 0.191294 -0.269053 0.191294
18.41 0 -0 -35.0138 28.6531 0 -0 -25.9061 18.0606 0 -0 3.43693 -6.99716 -0 0 32.1855 -31.3476 -0 0 39.3117 -40.8338 -0 0 17.4203 -25.201 0 -0 -6.67919 -1.00302 0 -0 -18.4998 15.4158 0 -0 -15.5057 15.9111 0 -0 -15.5057 15.9111 0.0679396 1.71196e-05 0.488272 0.704181 0.000345366 0.999911 0.0805825 0.975217 0.26652 0.863214 0.000331522 0.0146396 0.0249135 1 0.269018 0.860962 0.000938478 1.24081e-08 0.00377488 1 0.372782 0.791159 0.00511562 6.3875e-10 0.000634432 0.999977 0.572183 0.625937 0.035085 1.03655e-05 0.000472676 0.00237717 0.839287 0.308524 0.0548117 0.99099 0.00136632 1.0664e-07 0.866155 0.276682 0.0160796 1 0.00494819 2.35701e-07 0.844612 0.334994 0.00285439 1 0.014246 0.000578177 0.810263 0.420805 0.000644785 0.999948 0.0213888 0.000981234 0.785708 0.478658 0.000372043 0.999906 -0.154315 0.126142 -0.154315 0.126142 -0.154315 0.126142 0.172863 -0.208827 0.327178 -0.334968 0.637489 -0.666806 0.637489 -0.666806 0.56957 -0.629563 0.56957 -0.629563 0.426253 -0.506235 0.426253 -0.506235 -0.160808 0.0998959 -0.160808 0.0998959 -0.660975 0.61302 -0.660975 0.61302 -0.652181 0.576455 -0.652181 0.576455 -0.614857 0.50193 -0.614857 0.50193 -0.29585 0.230091 -0.576016 0.434358 -0.280166 0.204266 -0.280166 0.204266 -0.280166 0.204266
18.46 0 -0 -35.2623 28.8468 0 -0 -27.5849 19.7907 0 -0 0.814939 -4.64751 -0 0 30.8175 -30.3901 -0 0 39.7215 -41.3641 -0 0 19.0262 -26.7722 0 -0 -4.81184 -3.14922 0 -0 -16.8479 13.2819 0 -0 -14.6775 14.8257 0 -0 -14.6775 14.8257 0.0631971 6.86382e-06 0.504596 0.69179 0.000361951 0.99996 0.0862706 0.89491 0.27128 0.86015 0.000309627 0.0513747 0.02863 1 0.264467 0.86382 0.000832826 2.8773e-08 0.0044589 1 0.360039 0.800355 0.0043836 5.08083e-10 0.000710534 0.999994 0.55523 0.643634 0.0306823 3.0266e-06 0.000441423 0.0095326 0.836068 0.313812 0.0584173 0.957545 0.00118589 2.23105e-07 0.869345 0.271117 0.0188299 1 0.00408984 2.59512e-07 0.852408 0.320194 0.00351493 1 0.0114477 0.000455712 0.822824 0.396651 0.000806137 0.999959 0.0171368 0.000782252 0.801405 0.449412 0.000459215 0.999925 -0.163853 0.133182 -0.163853 0.133182 -0.163853 0.133182 0.153827 -0.196318 0.31768 -0.3295 0.630883 -0.662713 0.630883 -0.662713 0.578212 -0.635338 0.578212 -0.635338 0.44372 -0.523187 0.44372 -0.523187 -0.147218 0.0826521 -0.147218 0.0826521 -0.660747 0.611503 -0.660747 0.611503 -0.657919 0.586326 -0.657919 0.586326 -0.626562 0.519314 -0.626562 0.519314 -0.303461 0.240777 -0.593334 0.457498 -0.289873 0.216722 -0.289873 0.216722 -0.289873 0.216722
18.51 0 -0 -35.3566 29.2481 0 -0 -29.1308 21.6074 0 -0 -1.45483 -2.53135 -0 0 29.4774 -29.3479 -0 0 39.9968 -41.6901 -0 0 20.4972 -28.1905 -0 -0 -3.09082 -5.10767 0 -0 -15.2404 11.2543 0 -0 -13.8094 13.7171 0 -0 -13.8094 13.7171 0.0583866 2.84074e-06 0.519533 0.679945 0.000381759 0.999981 0.0916133 0.657509 0.278842 0.853216 0.000291075 0.164884 0.0327433 1 0.260475 0.86628 0.000741961 7.11249e-08 0.00526897 1 0.34836 0.808676 0.00376104 4.29038e-10 0.000800611 0.999998 0.539798 0.659039 0.0266964 9.21759e-07 0.000414778 0.0373575 0.830809 0.319591 0.0618002 0.826226 0.00103419 4.91238e-07 0.872154 0.266075 0.0219455 1 0.00339375 3.08331e-07 0.859453 0.306481 0.00432749 1 0.00921736 0.000379342 0.834073 0.374236 0.00101369 0.999966 0.0137294 0.000656826 0.815425 0.422015 0.000572535 0.999936 -0.172439 0.13928 -0.172439 0.13928 -0.172439 0.13928 0.111435 -0.173439 0.283874 -0.312719 0.599849 -0.647177 0.599849 -0.647177 0.586389 -0.640634 0.586389 -0.640634 0.458649 -0.537699 0.458649 -0.537699 -0.133049 0.0550998 -0.133049 0.0550998 -0.657565 0.597416 -0.657565 0.597416 -0.663052 0.595622 -0.663052 0.595622 -0.636877 0.53563 -0.636877 0.53563 -0.310106 0.250802 -0.608467 0.479386 -0.298361 0.228585 -0.298361 0.228585 -0.298361 0.228585
18.56 0 -0 -35.072 30.0421 0 -0 -30.72 23.9808 0 -0 -3.17534 -0.763856 -0 0 28.2268 -28.1683 -0 0 40.2749 -41.6391 -0 0 22.1126 -29.5487 -0 -0 -1.48024 -6.89237 0 -0 -13.6978 9.35316 0 -0 -12.9264 12.6159 0 -0 -12.9264 12.6159 0.0536316 1.22844e-06 0.533665 0.667818 0.000405039 0.999991 0.0962576 0.319563 0.293961 0.837875 0.00027653 0.415522 0.0372565 1 0.257315 0.868004 0.000663726 1.84269e-07 0.00622363 1 0.3377 0.816149 0.00323272 3.86021e-10 0.000906511 0.999999 0.525212 0.67262 0.023149 2.96331e-07 0.000393118 0.133945 0.818897 0.327685 0.0648755 0.517869 0.000906272 1.12801e-06 0.874414 0.261577 0.0254487 0.999999 0.0028282 3.92668e-07 0.865815 0.293803 0.00532253 1 0.00744244 0.000333073 0.844158 0.353507 0.00128008 0.999969 0.0110118 0.000580197 0.827954 0.396503 0.000719696 0.999942 -0.180286 0.144797 -0.180286 0.144797 -0.180286 0.144797 0.0295944 -0.123953 0.20988 -0.26875 0.528485 -0.604282 0.528485 -0.604282 0.594068 -0.645409 0.594068 -0.645409 0.471728 -0.55025 0.471728 -0.55025 -0.110456 -0.00419716 -0.110456 -0.00419716 -0.644284 0.549827 -0.644284 0.549827 -0.667625 0.604378 -0.667625 0.604378 -0.64599 0.550896 -0.64599 0.550896 -0.315927 0.260169 -0.621722 0.499972 -0.305794 0.239803 -0.305794 0.239803 -0.305794 0.239803
18.61 0 -0 -34.3707 31.1256 0 -0 -32.5295 27.2392 0 -0 -4.07471 0.479366 -0 0 27.1175 -26.7705 -0 0 40.4765 -40.9447 -0 0 24.2587 -30.9953 -0 0 0.146375 -8.55525 0 -0 -12.2048 7.5787 0 -0 -12.0445 11.5441 0 -0 -12.0445 11.5441 0.0490033 5.65806e-07 0.547965 0.654393 0.0004324 0.999996 0.09949 0.109327 0.321636 0.814242 0.000267063 0.718655 0.0421513 1 0.255535 0.868617 0.000596454 4.87297e-07 0.00734281 1 0.327992 0.822793 0.00278505 3.70913e-10 0.00103092 1 0.510349 0.684973 0.0200292 1.0298e-07 0.000378078 0.376471 0.796266 0.343184 0.0674177 0.210703 0.000798245 2.68873e-06 0.875757 0.257838 0.0293552 0.999996 0.00236763 5.32452e-07 0.871535 0.282113 0.00653492 1 0.00603028 0.000307769 0.853208 0.334391 0.00162102 0.99997 0.00885071 0.000537987 0.839159 0.372865 0.000910522 0.999945 -0.187642 0.150106 -0.187642 0.150106 -0.187642 0.150106 -0.0706254 -0.0397172 0.117016 -0.189823 0.438024 -0.526175 0.438024 -0.526175 0.60117 -0.649579 0.60117 -0.649579 0.483533 -0.561213 0.483533 -0.561213 -0.062049 -0.0986343 -0.062049 -0.0986343 -0.604033 0.465708 -0.604033 0.465708 -0.671628 0.61261 -0.671628 0.61261 -0.65406 0.565145 -0.65406 0.565145 -0.321044 0.268892 -0.633358 0.519236 -0.312313 0.250344 -0.312313 0.250344 -0.312313 0.250344
18.66 0 -0 -33.4615 31.8247 0 -0 -34.4762 30.8208 0 -0 -4.79781 1.63121 -0 0 25.7771 -24.9417 -0 0 40.3178 -39.6944 -0 0 26.9996 -32.6037 -0 0 1.98047 -10.199 0 -0 -10.6734 5.87442 0 -0 -11.1548 10.4971 0 -0 -11.1548 10.4971 0.0445269 2.80613e-07 0.563349 0.639272 0.00046484 0.999998 0.100479 0.0314897 0.3594 0.787121 0.00026315 0.905026 0.0473756 0.999999 0.255629 0.86808 0.000538778 1.29615e-06 0.00864766 1 0.319154 0.828639 0.00240609 3.87225e-10 0.00117787 1 0.494414 0.696971 0.0173038 3.97392e-08 0.000371278 0.696889 0.766408 0.3724 0.0689112 0.0656117 0.000707055 6.68209e-06 0.875946 0.255399 0.0336649 0.999988 0.00199157 7.66259e-07 0.876627 0.271388 0.00800388 1 0.00490583 0.000298616 0.861337 0.316803 0.00205586 0.99997 0.00713464 0.000522531 0.84919 0.351051 0.00115745 0.999944 -0.194806 0.155539 -0.194806 0.155539 -0.194806 0.155539 -0.159349 0.0572276 0.0354565 -0.0983118 0.358501 -0.435148 0.358501 -0.435148 0.607571 -0.653071 0.607571 -0.653071 0.494581 -0.570937 0.494581 -0.570937 0.0243597 -0.195929 0.0243597 -0.195929 -0.525048 0.37762 -0.525048 0.37762 -0.675011 0.620274 -0.675011 0.620274 -0.661212 0.578421 -0.661212 0.578421 -0.325555 0.276994 -0.643596 0.53719 -0.31804 0.260196 -0.31804 0.260196 -0.31804 0.260196
18.71 0 -0 -32.2478 31.208 0 -0 -36.1992 33.4355 0 -0 -7.5644 3.62729 -0 0 23.2625 -22.6761 -0 0 39.5029 -38.1704 -0 0 29.9048 -34.271 -0 0 4.08942 -11.903 0 -0 -9.01306 4.16109 0 -0 -10.2329 9.44977 0 -0 -10.2329 9.44977 0.0402094 1.51082e-07 0.580024 0.622688 0.000503626 0.999999 0.0988812 0.00845148 0.399528 0.760112 0.000264605 0.973955 0.0528433 0.999998 0.257585 0.866626 0.000489449 3.52479e-06 0.0101603 1 0.311117 0.833774 0.00208535 4.46532e-10 0.00135279 1 0.477515 0.709402 0.0149272 1.72573e-08 0.000373106 0.897469 0.735029 0.412872 0.0687294 0.0183209 0.000630145 1.74917e-05 0.875093 0.254817 0.038349 0.99996 0.00168363 1.17193e-06 0.88111 0.261646 0.00977255 1 0.00400899 0.000303832 0.868642 0.300656 0.00260819 0.999968 0.00577206 0.000530967 0.858182 0.330983 0.00147609 0.999941 -0.202039 0.161296 -0.202039 0.161296 -0.202039 0.161296 -0.22844 0.140551 -0.026401 -0.0207451 0.298189 -0.357704 0.298189 -0.357704 0.613171 -0.655872 0.613171 -0.655872 0.505233 -0.579786 0.505233 -0.579786 0.126645 -0.275312 0.126645 -0.275312 -0.429741 0.306544 -0.429741 0.306544 -0.677743 0.627249 -0.677743 0.627249 -0.667551 0.590768 -0.667551 0.590768 -0.329542 0.284502 -0.652624 0.553866 -0.323081 0.269364 -0.323081 0.269364 -0.323081 0.269364
18.76 0 -0 -30.7731 29.8289 0 -0 -37.5018 35.1918 0 -0 -11.643 7.02666 -0 0 20.4811 -20.5441 -0 0 37.7361 -36.4145 -0 0 32.4744 -35.85 -0 0 6.27304 -13.6552 0 -0 -7.28534 2.42375 0 -0 -9.28869 8.39408 0 -0 -9.28869 8.39408 0.0360662 8.92088e-08 0.597594 0.605092 0.000550207 1 0.0949702 0.00222805 0.436979 0.734673 0.000271072 0.993371 0.0584495 0.999994 0.260996 0.864537 0.000447295 1.04735e-05 0.0119033 1 0.303822 0.83832 0.00181372 5.68037e-10 0.00156218 1 0.46021 0.722373 0.0128538 8.48418e-09 0.000383236 0.971699 0.705129 0.455461 0.0666602 0.00490649 0.000565269 4.85332e-05 0.873469 0.256125 0.0433467 0.999862 0.00143069 1.90902e-06 0.885018 0.252909 0.0118871 0.999999 0.003292 0.000323938 0.875207 0.285864 0.00330643 0.999964 0.00468915 0.00056408 0.866254 0.312568 0.00188587 0.999934 -0.209466 0.167434 -0.209466 0.167434 -0.209466 0.167434 -0.281145 0.203076 -0.0716791 0.0356413 0.253924 -0.301105 0.253924 -0.301105 0.617955 -0.658037 0.617955 -0.658037 0.515655 -0.58806 0.515655 -0.58806 0.215286 -0.335795 0.215286 -0.335795 -0.347775 0.253608 -0.347775 0.253608 -0.679846 0.633413 -0.679846 0.633413 -0.673162 0.602232 -0.673162 0.602232 -0.333073 0.291452 -0.6606 0.569317 -0.327527 0.277865 -0.327527 0.277865 -0.327527 0.277865
18.81 0 -0 -29.2122 28.14 0 -0 -38.4702 36.3485 0 -0 -15.795 10.5982 0 -0 17.6781 -18.1274 -0 0 36.0724 -34.7886 -0 0 34.6683 -37.2581 -0 0 8.38145 -15.3627 0 -0 -5.55326 0.711379 0 -0 -8.33451 7.34476 0 -0 -8.33451 7.34476 0.0321259 5.79282e-08 0.615507 0.586929 0.000606221 1 0.0893289 0.000593548 0.470284 0.711165 0.000282299 0.998327 0.0640855 0.999978 0.265394 0.862047 0.00041125 3.49593e-05 0.0138992 1 0.297214 0.842392 0.00158337 7.98462e-10 0.00181353 1 0.443056 0.735487 0.0110463 4.69634e-09 0.000401333 0.992868 0.67768 0.494485 0.0629989 0.0012963 0.00051046 0.000142126 0.871327 0.25893 0.0485762 0.999515 0.00122225 3.30595e-06 0.888408 0.245166 0.0143953 0.999999 0.0027171 0.000361385 0.881108 0.272343 0.00418442 0.999957 0.00382694 0.000625641 0.873509 0.295703 0.00241067 0.999924 -0.217079 0.173918 -0.217079 0.173918 -0.217079 0.173918 -0.322318 0.248673 -0.105238 0.0747549 0.220881 -0.2615 0.220881 -0.2615 0.621985 -0.659657 0.621985 -0.659657 0.525866 -0.59593 0.525866 -0.59593 0.281875 -0.381987 0.281875 -0.381987 -0.287589 0.214271 -0.287589 0.214271 -0.68138 0.638709 -0.68138 0.638709 -0.678121 0.612858 -0.678121 0.612858 -0.336205 0.297879 -0.667659 0.583607 -0.331454 0.285728 -0.331454 0.285728 -0.331454 0.285728
18.86 0 -0 -27.6697 26.3727 0 -0 -39.1878 37.0472 0 -0 -19.4178 13.6353 0 -0 14.469 -15.536 -0 0 34.9543 -33.5096 -0 0 36.5731 -38.4731 -0 0 10.4133 -16.9782 0 -0 -3.81586 -0.952945 0 -0 -7.36898 6.30784 0 -0 -7.36898 6.30784 0.0284233 4.12111e-08 0.633286 0.568571 0.000673537 1 0.082581 0.000162325 0.499515 0.689547 0.00029821 0.999567 0.0696483 0.999902 0.270393 0.85933 0.000380376 0.000129073 0.0161699 1 0.291238 0.846079 0.0013876 1.24708e-09 0.00211534 1 0.426475 0.748286 0.00947534 2.87407e-09 0.000427311 0.998271 0.652808 0.528456 0.0582572 0.000343259 0.000464037 0.000436271 0.868856 0.262765 0.0539465 0.998266 0.00104985 6.06757e-06 0.89134 0.238365 0.0173452 0.999997 0.00225458 0.000421133 0.886413 0.26001 0.00528183 0.999947 0.00313872 0.000723279 0.88004 0.280283 0.0030796 0.999907 -0.224791 0.180662 -0.224791 0.180662 -0.224791 0.180662 -0.35568 0.282722 -0.130889 0.10206 0.195325 -0.233483 0.195325 -0.233483 0.625363 -0.660828 0.625363 -0.660828 0.535814 -0.603443 0.535814 -0.603443 0.330148 -0.418163 0.330148 -0.418163 -0.24541 0.184224 -0.24541 0.184224 -0.682407 0.643107 -0.682407 0.643107 -0.6825 0.6227 -0.6825 0.6227 -0.338985 0.303821 -0.673914 0.59681 -0.334929 0.292989 -0.334929 0.292989 -0.334929 0.292989
18.91 0 -0 -26.1893 24.6218 0 -0 -39.7052 37.3832 0 -0 -22.3816 16.2014 0 -0 11.0356 -12.7507 -0 0 34.1432 -32.5828 -0 0 38.2167 -39.5243 -0 0 12.3313 -18.4925 0 -0 -2.11389 -2.55643 0 -0 -6.40624 5.28915 0 -0 -6.40624 5.28915 0.0249898 3.18903e-08 0.65058 0.550317 0.000754322 1 0.0752709 4.60277e-05 0.525158 0.66966 0.000318899 0.999883 0.0750456 0.99953 0.275713 0.856509 0.000353869 0.000508277 0.0187362 1 0.285839 0.849445 0.00122082 2.17441e-09 0.00247723 1 0.410738 0.76044 0.00811607 1.89685e-09 0.000461367 0.999587 0.630353 0.55761 0.0529387 9.20708e-05 0.000424591 0.00139367 0.866155 0.267254 0.0593656 0.993751 0.000906701 1.17627e-05 0.893876 0.232425 0.0207836 0.999994 0.00188108 0.000511776 0.891185 0.248783 0.00664458 0.999932 0.00258767 0.000870112 0.885929 0.2662 0.00392761 0.999883 -0.232482 0.187566 -0.232482 0.187566 -0.232482 0.187566 -0.383672 0.309285 -0.15119 0.12172 0.174758 -0.212927 0.174758 -0.212927 0.628176 -0.661621 0.628176 -0.661621 0.545427 -0.610582 0.545427 -0.610582 0.365678 -0.44732 0.365678 -0.44732 -0.215567 0.160197 -0.215567 0.160197 -0.68295 0.646414 -0.68295 0.646414 -0.68636 0.631823 -0.68636 0.631823 -0.341454 0.309318 -0.67946 0.609006 -0.338005 0.299688 -0.338005 0.299688 -0.338005 0.299688
18.96 0 -0 -24.7842 22.9637 0 -0 -40.0759 37.5293 0 -0 -24.8493 18.5152 0 -0 7.7832 -9.98381 -0 0 33.303 -31.7699 -0 0 39.5758 -40.4175 -0 0 14.0929 -19.8905 0 -0 -0.496094 -4.06854 0 -0 -5.47156 4.31065 0 -0 -5.47156 4.31065 0.0218481 2.66363e-08 0.667148 0.532395 0.000851095 1 0.0678266 1.36222e-05 0.547743 0.651326 0.000344609 0.999966 0.0801987 0.997632 0.281181 0.85365 0.000331047 0.00209437 0.0216168 1 0.280966 0.852535 0.00107832 4.2235e-09 0.00291008 1 0.396003 0.77176 0.00694588 1.33148e-09 0.000503958 0.999901 0.610072 0.582614 0.0474491 2.52132e-05 0.000390979 0.00458269 0.863164 0.272162 0.0647447 0.977661 0.000787361 2.39404e-05 0.896069 0.227254 0.0247542 0.999985 0.00157823 0.000646696 0.895483 0.238579 0.00832489 0.999909 0.00214488 0.00108619 0.891245 0.253353 0.00499624 0.999846 -0.240034 0.194528 -0.240034 0.194528 -0.240034 0.194528 -0.407814 0.331004 -0.16778 0.136476 0.15749 -0.197032 0.15749 -0.197032 0.630398 -0.662008 0.630398 -0.662008 0.554644 -0.617312 0.554644 -0.617312 0.392759 -0.471419 0.392759 -0.471419 -0.193507 0.139187 -0.193507 0.139187 -0.682863 0.647683 -0.682863 0.647683 -0.689758 0.640301 -0.689758 0.640301 -0.343645 0.314411 -0.684373 0.620281 -0.340728 0.30587 -0.340728 0.30587 -0.340728 0.30587
19.01 0 -0 -23.3969 21.3203 0 -0 -40.3532 37.5751 0 -0 -26.9285 20.5791 0 -0 4.84554 -7.39325 -0 0 32.4075 -30.9462 -0 0 40.7011 -41.1426 -0 0 15.7059 -21.1695 0 -0 1.01094 -5.46851 0 -0 -4.58387 3.39002 0 -0 -4.58387 3.39002 0.0190093 2.38644e-08 0.682841 0.514977 0.000966799 1 0.0605595 4.22259e-06 0.567746 0.634374 0.000375717 0.99999 0.0850407 0.987893 0.286774 0.850711 0.000311351 0.00885713 0.0248277 1 0.276576 0.85538 0.000956213 9.03622e-09 0.00342604 1 0.382339 0.782165 0.00594328 9.89222e-10 0.000555782 0.999976 0.591673 0.604151 0.0420795 7.10068e-06 0.000362332 0.0152697 0.859385 0.277465 0.0699982 0.923891 0.000687451 5.07788e-05 0.897949 0.222767 0.0292955 0.999964 0.00133162 0.000846522 0.899356 0.229317 0.0103811 0.999875 0.0017877 0.00140179 0.896054 0.241643 0.00633407 0.999792 -0.247346 0.201459 -0.247346 0.201459 -0.247346 0.201459 -0.429049 0.349511 -0.181702 0.148053 0.141851 -0.183649 0.141851 -0.183649 0.63143 -0.661587 0.63143 -0.661587 0.56342 -0.623598 0.56342 -0.623598 0.414236 -0.491734 0.414236 -0.491734 -0.175608 0.116377 -0.175608 0.116377 -0.681455 0.643468 -0.681455 0.643468 -0.69274 0.648212 -0.69274 0.648212 -0.345585 0.319142 -0.688717 0.630722 -0.343133 0.311579 -0.343133 0.311579 -0.343133 0.311579
19.06 0 -0 -22.0001 19.7591 0 -0 -40.562 37.6196 0 -0 -28.7067 22.4313 0 -0 2.31096 -5.08727 -0 0 31.4734 -29.9883 -0 0 41.6953 -41.6487 -0 0 17.258 -22.3582 0 -0 2.39606 -6.74625 0 -0 -3.75999 2.54201 0 -0 -3.75999 2.54201 0.0164736 2.28519e-08 0.697579 0.498188 0.00110486 1 0.0536783 1.37286e-06 0.585587 0.618622 0.000412724 0.999997 0.0895055 0.940471 0.292902 0.847205 0.000294365 0.0371957 0.0283815 1 0.272645 0.857984 0.000851259 2.09394e-08 0.00403865 1 0.369751 0.791644 0.00508782 7.78674e-10 0.000617785 0.999994 0.574749 0.622838 0.0370187 2.07351e-06 0.000338167 0.0501531 0.853186 0.28363 0.0750333 0.776061 0.000603464 0.000111353 0.899492 0.218904 0.0344387 0.999911 0.00112991 0.00114272 0.90285 0.220922 0.0128773 0.999821 0.00149835 0.00186203 0.90041 0.230978 0.00799708 0.99971 -0.254341 0.208282 -0.254341 0.208282 -0.254341 0.208282 -0.447974 0.365802 -0.193633 0.157521 0.123831 -0.169745 0.123831 -0.169745 0.627955 -0.658412 0.627955 -0.658412 0.571733 -0.62942 0.571733 -0.62942 0.431922 -0.509114 0.431922 -0.509114 -0.157571 0.0813839 -0.157571 0.0813839 -0.676297 0.624305 -0.676297 0.624305 -0.695339 0.655634 -0.695339 0.655634 -0.347294 0.323554 -0.692538 0.640416 -0.345244 0.316862 -0.345244 0.316862 -0.345244 0.316862
19.11 0 -0 -20.3484 18.1824 0 -0 -40.6566 37.8233 0 -0 -30.2957 24.2588 0 -0 0.374253 -3.26406 -0 0 30.5405 -28.8526 -0 0 42.6246 -41.7996 -0 0 18.9482 -23.5367 0 -0 3.66796 -7.90499 0 -0 -3.01766 1.78089 0 -0 -3.01766 1.78089 0.0142315 2.34347e-08 0.711333 0.482105 0.00126928 1 0.0473078 4.68981e-07 0.601697 0.60376 0.000456278 0.999999 0.0934782 0.759328 0.301478 0.840913 0.000279962 0.142743 0.0322857 1 0.26922 0.860277 0.000760794 5.13768e-08 0.00476281 1 0.358188 0.800229 0.0043603 6.53486e-10 0.000691278 0.999998 0.558613 0.63927 0.0323729 6.35734e-07 0.00031861 0.152602 0.841342 0.292414 0.079709 0.512217 0.000532609 0.000250536 0.900562 0.215671 0.0402047 0.999775 0.000964171 0.00158255 0.905997 0.213324 0.0158819 0.999739 0.00126294 0.00253281 0.904362 0.221276 0.0100487 0.999588 -0.260965 0.214937 -0.260965 0.214937 -0.260965 0.214937 -0.464992 0.380501 -0.204027 0.165564 0.0897441 -0.147127 0.0897441 -0.147127 0.606759 -0.644982 0.606759 -0.644982 0.579573 -0.634765 0.579573 -0.634765 0.447011 -0.524154 0.447011 -0.524154 -0.131115 0.019886 -0.131115 0.019886 -0.660307 0.576508 -0.660307 0.576508 -0.697551 0.662629 -0.697551 0.662629 -0.348785 0.327687 -0.695864 0.649451 -0.347079 0.321764 -0.347079 0.321764 -0.347079 0.321764
19.16 0 -0 -17.5887 16.2108 0 -0 -40.4284 38.4946 0 -0 -31.897 26.6105 0 -0 -0.44276 -2.3413 -0 0 29.8909 -27.9865 -0 0 43.2192 -41.4085 -0 0 20.9732 -24.8073 -0 -0 4.88573 -8.97482 0 -0 -2.36001 1.11158 0 -0 -2.36001 1.11158 0.0122662 2.65109e-08 0.724124 0.466746 0.00146467 1 0.041505 1.69776e-07 0.616709 0.589044 0.000507275 1 0.0966346 0.405364 0.318118 0.826463 0.000268743 0.412697 0.0365385 1 0.266566 0.861968 0.000682683 1.28351e-07 0.0056149 1 0.347556 0.807968 0.00374307 5.80125e-10 0.000778204 1 0.542337 0.654153 0.0281861 2.08893e-07 0.000304402 0.377944 0.821616 0.308092 0.083727 0.254835 0.000472693 0.000575046 0.900926 0.213243 0.046598 0.999429 0.000827367 0.00223595 0.908813 0.206471 0.0194665 0.999611 0.00107053 0.00350853 0.907952 0.212461 0.0125592 0.999403 -0.267187 0.221382 -0.267187 0.221382 -0.267187 0.221382 -0.48042 0.394059 -0.213233 0.172677 0.0157831 -0.096522 0.0157831 -0.096522 0.544361 -0.602491 0.544361 -0.602491 0.586924 -0.639606 0.586924 -0.639606 0.460366 -0.537315 0.460366 -0.537315 -0.0814015 -0.0667103 -0.0814015 -0.0667103 -0.619459 0.501929 -0.619459 0.501929 -0.699329 0.669219 -0.699329 0.669219 -0.350059 0.331582 -0.698699 0.657907 -0.34864 0.326326 -0.34864 0.326326 -0.34864 0.326326
19.21 0 -0 -14.0605 13.6791 0 -0 -39.6901 39.347 0 -0 -33.65 29.6229 0 -0 -0.75853 -1.7001 -0 0 29.3674 -26.9142 -0 0 43.4734 -40.5645 -0 0 23.3799 -26.2088 -0 -0 6.16748 -10.0199 0 -0 -1.7391 0.500068 0 -0 -1.7391 0.500068 0.0105559 3.50272e-08 0.736029 0.452042 0.00169645 1 0.0362715 6.63606e-08 0.631632 0.57334 0.00056715 1 0.0982251 0.138357 0.349305 0.801502 0.000262115 0.742976 0.0411173 1 0.265313 0.862592 0.000615298 3.16503e-07 0.00661285 1 0.33775 0.814905 0.00322022 5.43448e-10 0.000881409 1 0.525281 0.668394 0.0244569 7.51905e-08 0.000296274 0.667504 0.795849 0.335558 0.0864981 0.104354 0.000421978 0.0013452 0.900436 0.212029 0.0535952 0.998544 0.000713939 0.00320971 0.911297 0.200339 0.0237031 0.999413 0.000912537 0.00492932 0.911216 0.204469 0.0156052 0.999124 -0.272999 0.227596 -0.272999 0.227596 -0.272999 0.227596 -0.494589 0.406912 -0.22159 0.179316 -0.0888928 -0.00630492 -0.0888928 -0.00630492 0.450176 -0.51969 0.450176 -0.51969 0.593719 -0.643868 0.593719 -0.643868 0.472651 -0.549009 0.472651 -0.549009 0.000488532 -0.156956 0.000488532 -0.156956 -0.545385 0.422323 -0.545385 0.422323 -0.700567 0.675339 -0.700567 0.675339 -0.351104 0.335269 -0.701021 0.665857 -0.349917 0.330588 -0.349917 0.330588 -0.349917 0.330588
19.26 0 -0 -11.5169 11.2966 0 -0 -38.4384 39.2926 0 -0 -35.3851 32.4058 0 -0 -2.91726 -0.386654 -0 0 27.7528 -25.2783 -0 0 43.5042 -39.5367 -0 0 26.0285 -27.6903 -0 -0 7.63867 -11.1178 0 -0 -1.0705 -0.120833 0 -0 -1.0705 -0.120833 0.00907589 5.21761e-08 0.747184 0.437855 0.00197101 1 0.0315704 2.86679e-08 0.647317 0.556113 0.000638089 1 0.0974052 0.0377414 0.391211 0.771233 0.000261136 0.922576 0.0459647 1 0.26604 0.861975 0.000557369 7.77982e-07 0.00777597 1 0.328719 0.821093 0.00277771 5.44626e-10 0.00100469 1 0.507443 0.682786 0.021155 2.99447e-08 0.000294419 0.868734 0.767681 0.373446 0.0873064 0.0385395 0.000379036 0.00322113 0.899129 0.212467 0.0611291 0.996282 0.00061948 0.0046777 0.913451 0.19494 0.0286603 0.999104 0.000782201 0.00701839 0.914183 0.197251 0.0192675 0.998702 -0.278416 0.233586 -0.278416 0.233586 -0.278416 0.233586 -0.507876 0.419475 -0.229459 0.185889 -0.187354 0.096039 -0.187354 0.096039 0.361333 -0.424371 0.361333 -0.424371 0.599823 -0.647465 0.599823 -0.647465 0.484318 -0.559631 0.484318 -0.559631 0.0974413 -0.234751 0.0974413 -0.234751 -0.455488 0.35394 -0.455488 0.35394 -0.701095 0.680775 -0.701095 0.680775 -0.351888 0.338771 -0.702767 0.673352 -0.350879 0.334582 -0.350879 0.334582 -0.350879 0.334582
19.31 0 -0 -8.93376 8.65272 0 -0 -36.8937 38.3236 0 -0 -36.8495 34.6666 0 -0 -6.89288 2.72018 -0 0 25.3195 -23.4412 -0 0 42.7957 -38.3639 -0 0 28.6214 -29.1748 -0 0 9.28943 -12.3213 0 -0 -0.322086 -0.802971 0 -0 -0.322086 -0.802971 0.00780049 8.57131e-08 0.757734 0.424057 0.00229598 1 0.027356 1.38665e-08 0.663772 0.537685 0.000722939 1 0.0939867 0.00958788 0.434322 0.740621 0.000266 0.980379 0.0509899 0.999999 0.268696 0.860321 0.000507745 2.04346e-06 0.00912456 1 0.320453 0.826609 0.00240325 5.96569e-10 0.00115268 1 0.489225 0.697522 0.0182403 1.32012e-08 0.000298648 0.9575 0.739744 0.414776 0.0858036 0.013478 0.000342657 0.00794801 0.89713 0.214675 0.0690844 0.990467 0.000540482 0.00693915 0.915285 0.190307 0.0343987 0.998613 0.000674176 0.0101526 0.916875 0.190775 0.0236286 0.998053 -0.283473 0.239378 -0.283473 0.239378 -0.283473 0.239378 -0.520591 0.432016 -0.237118 0.192638 -0.264762 0.181497 -0.264762 0.181497 0.292811 -0.345742 0.292811 -0.345742 0.605119 -0.650369 0.605119 -0.650369 0.495602 -0.569506 0.495602 -0.569506 0.184549 -0.296751 0.184549 -0.296751 -0.374621 0.299985 -0.374621 0.299985 -0.700586 0.685088 -0.700586 0.685088 -0.352356 0.342091 -0.703814 0.680422 -0.351459 0.338331 -0.351459 0.338331 -0.351459 0.338331
19.36 0 -0 -6.68606 6.10934 0 -0 -35.0859 36.3671 0 -0 -38.052 36.4019 0 -0 -11.3935 6.62736 -0 0 22.9415 -21.5487 -0 0 41.6728 -37.0967 -0 0 30.8962 -30.5505 -0 0 10.9521 -13.5672 0 -0 0.457577 -1.51949 0 -0 0.457577 -1.51949 0.00670451 1.53673e-07 0.767791 0.410571 0.00268047 1 0.0235933 7.56325e-09 0.680477 0.518655 0.000825084 1 0.0884453 0.00241113 0.473668 0.711728 0.000276581 0.995315 0.0560872 0.999997 0.272813 0.85794 0.000465324 6.12251e-06 0.0106793 1 0.312941 0.831542 0.00208619 7.10749e-10 0.00133081 1 0.471111 0.712293 0.0156763 6.45745e-09 0.000308714 0.987651 0.713303 0.454081 0.0821901 0.0045761 0.000311811 0.0201421 0.894505 0.218543 0.0773067 0.975545 0.000474137 0.0104894 0.916816 0.186469 0.0409654 0.99782 0.000584227 0.0149344 0.919313 0.185033 0.0287692 0.997039 -0.288213 0.245004 -0.288213 0.245004 -0.288213 0.245004 -0.532893 0.44463 -0.24468 0.199626 -0.32321 0.244946 -0.32321 0.244946 0.242593 -0.289005 0.242593 -0.289005 0.609582 -0.652621 0.609582 -0.652621 0.506574 -0.578825 0.506574 -0.578825 0.252092 -0.345384 0.252092 -0.345384 -0.311875 0.257264 -0.311875 0.257264 -0.698257 0.687339 -0.698257 0.687339 -0.352405 0.345218 -0.703943 0.687057 -0.351538 0.341839 -0.351538 0.341839 -0.351538 0.341839
19.41 0 -0 -4.70529 3.83363 0 -0 -33.2018 34.1156 0 -0 -39.038 37.6619 0 -0 -15.5163 10.2444 -0 0 20.4693 -19.4375 -0 0 40.8543 -36.0022 -0 0 32.9136 -31.7535 -0 0 12.5824 -14.7866 0 -0 1.24351 -2.23714 0 -0 1.24351 -2.23714 0.00576456 2.94266e-07 0.777415 0.397373 0.00313519 1 0.0202568 4.66154e-09 0.696895 0.49956 0.000948464 1 0.0814921 0.000614617 0.508168 0.685098 0.00029283 0.998888 0.0611512 0.999987 0.277895 0.855096 0.000429073 2.0854e-05 0.0124609 1 0.306153 0.835975 0.00181739 9.27585e-10 0.00154534 1 0.453507 0.726673 0.0134325 3.47143e-09 0.000324504 0.99661 0.688755 0.489283 0.076988 0.00153379 0.000285657 0.0514504 0.89111 0.224144 0.085609 0.938397 0.000418188 0.0161319 0.918057 0.183465 0.0483874 0.996525 0.000508985 0.0222994 0.92151 0.180044 0.0347629 0.995434 -0.292676 0.250491 -0.292676 0.250491 -0.292676 0.250491 -0.544807 0.457294 -0.252131 0.206803 -0.368007 0.291392 -0.368007 0.291392 0.205396 -0.249154 0.205396 -0.249154 0.613271 -0.654305 0.613271 -0.654305 0.517214 -0.587657 0.517214 -0.587657 0.301906 -0.384035 0.301906 -0.384035 -0.263582 0.22027 -0.263582 0.22027 -0.692144 0.685325 -0.692144 0.685325 -0.35187 0.348115 -0.702786 0.6932 -0.350916 0.345085 -0.350916 0.345085 -0.350916 0.345085
19.46 0 -0 -2.75146 1.61286 0 -0 -31.4979 32.0904 0 -0 -39.8489 38.5594 0 -0 -18.8619 13.057 -0 0 17.3529 -17.0971 -0 0 40.7105 -35.2443 -0 0 34.8268 -32.7755 -0 0 14.2397 -15.9843 0 -0 2.04434 -2.95579 0 -0 2.04434 -2.95579 0.00495952 5.96682e-07 0.786634 0.384471 0.00367273 0.999999 0.0173229 3.21209e-09 0.712644 0.4808 0.00109767 1 0.073804 0.000160683 0.538121 0.660738 0.000314895 0.99973 0.066085 0.999942 0.283543 0.851988 0.000398067 7.76884e-05 0.0144892 1 0.300042 0.839977 0.00158912 1.33258e-09 0.00180342 1 0.436695 0.740331 0.0114814 2.01327e-09 0.000346101 0.999101 0.666031 0.520249 0.0707846 0.000514059 0.000263564 0.127306 0.886347 0.232282 0.0937544 0.853882 0.000370818 0.025182 0.918999 0.18138 0.0566652 0.994385 0.000445763 0.0337101 0.923474 0.175865 0.04167 0.992874 -0.296894 0.255857 -0.296894 0.255857 -0.296894 0.255857 -0.556288 0.469923 -0.259394 0.214066 -0.403444 0.326388 -0.403444 0.326388 0.176937 -0.2206 0.176937 -0.2206 0.616287 -0.655515 0.616287 -0.655515 0.527464 -0.595998 0.527464 -0.595998 0.338843 -0.415492 0.338843 -0.415492 -0.220469 0.181448 -0.220469 0.181448 -0.677616 0.674238 -0.677616 0.674238 -0.350468 0.350703 -0.69974 0.698709 -0.349272 0.348006 -0.349272 0.348006 -0.349272 0.348006
19.51 0 -0 -0.812296 -0.502465 0 -0 -29.9818 30.2561 0 -0 -40.5036 39.1966 0 -0 -21.6079 15.5387 -0 -0 14.2342 -14.6654 -0 0 40.5701 -34.5231 -0 0 36.5902 -33.5842 -0 0 15.9585 -17.1896 0 -0 2.83186 -3.65877 0 -0 2.83186 -3.65877 0.0042707 1.27767e-06 0.795453 0.371895 0.00430766 0.999998 0.0147656 2.43573e-09 0.727498 0.46265 0.00127809 1 0.0659244 4.34114e-05 0.564136 0.63849 0.000343126 0.999932 0.070805 0.999719 0.289473 0.848757 0.000371504 0.00030698 0.0167832 1 0.294552 0.843605 0.00139483 2.11629e-09 0.00211326 1 0.420838 0.75308 0.00979625 1.24308e-09 0.00037383 0.999767 0.64476 0.547646 0.0640937 0.000174163 0.000245164 0.282643 0.878901 0.245127 0.101392 0.695871 0.000330566 0.0397252 0.91958 0.180427 0.0657629 0.990826 0.000392411 0.0513551 0.925204 0.172615 0.0495282 0.98876 -0.300892 0.26111 -0.300892 0.26111 -0.300892 0.26111 -0.567272 0.482415 -0.266379 0.221304 -0.43239 0.353903 -0.43239 0.353903 0.154336 -0.199314 0.154336 -0.199314 0.618729 -0.65633 0.618729 -0.65633 0.537271 -0.603823 0.537271 -0.603823 0.367134 -0.441759 0.367134 -0.441759 -0.17001 0.130971 -0.17001 0.130971 -0.64599 0.646159 -0.64599 0.646159 -0.347735 0.352834 -0.693836 0.703306 -0.346101 0.350472 -0.346101 0.350472 -0.346101 0.350472
19.56 0 -0 1.05776 -2.47047 0 -0 -28.6156 28.5904 0 -0 -41.0348 39.6586 0 -0 -23.9006 17.7362 0 -0 11.4767 -12.4597 -0 0 40.3209 -33.7397 -0 0 38.1253 -34.0895 -0 0 17.8272 -18.4414 0 -0 3.60442 -4.33825 0 -0 3.60442 -4.33825 0.00368169 2.87568e-06 0.80387 0.359681 0.00505681 0.999997 0.0125549 2.00585e-09 0.741346 0.445283 0.00149601 1 0.0582461 1.21848e-05 0.586819 0.618163 0.000378066 0.999982 0.0752426 0.998602 0.295496 0.845492 0.000348698 0.00126311 0.0193601 1 0.289626 0.846906 0.00122907 3.68118e-09 0.00248422 1 0.405988 0.764856 0.00834977 8.16957e-10 0.000408312 0.99994 0.624329 0.57248 0.0573052 6.04286e-05 0.000230393 0.51244 0.867017 0.265949 0.107952 0.481603 0.000296264 0.0628827 0.919672 0.18103 0.0755922 0.984889 0.000347201 0.07828 0.92668 0.170504 0.0583422 0.982141 -0.304685 0.266252 -0.304685 0.266252 -0.304685 0.266252 -0.577698 0.494671 -0.273013 0.228419 -0.456675 0.376469 -0.456675 0.376469 0.135699 -0.182657 0.135699 -0.182657 0.620627 -0.656769 0.620627 -0.656769 0.546597 -0.611107 0.546597 -0.611107 0.389777 -0.46424 0.389777 -0.46424 -0.10113 0.0614856 -0.10113 0.0614856 -0.588509 0.594909 -0.588509 0.594909 -0.342932 0.354228 -0.683582 0.706475 -0.340651 0.352247 -0.340651 0.352247 -0.340651 0.352247
19.61 0 -0 2.79402 -4.22008 0 -0 -27.3644 27.113 0 -0 -41.4393 39.9765 0 -0 -25.8824 19.8876 0 -0 9.84082 -11.0313 -0 0 40.2602 -33.5697 -0 0 39.016 -34.1544 -0 0 19.8887 -19.7711 0 -0 4.38665 -5.00964 0 -0 4.38665 -5.00964 0.00317824 6.75425e-06 0.811879 0.347864 0.00593934 0.999992 0.0106579 1.77477e-09 0.754154 0.428803 0.00175879 1 0.0510266 3.56769e-06 0.606699 0.599562 0.000420436 0.999995 0.0793433 0.992953 0.301544 0.842197 0.00032908 0.00533745 0.0222347 1 0.285204 0.849919 0.00108725 6.8109e-09 0.00292698 1 0.392109 0.775694 0.00711472 5.63131e-10 0.000450567 0.999984 0.604046 0.595806 0.0506835 2.18511e-05 0.000219411 0.734518 0.84978 0.296363 0.112642 0.281401 0.000266985 0.0989726 0.9191 0.183824 0.0859903 0.975009 0.000308746 0.118339 0.927857 0.169869 0.0680672 0.97152 -0.308283 0.271279 -0.308283 0.271279 -0.308283 0.271279 -0.587527 0.506611 -0.279244 0.235331 -0.477464 0.39565 -0.477464 0.39565 0.119477 -0.168749 0.119477 -0.168749 0.621678 -0.656618 0.621678 -0.656618 0.555433 -0.617848 0.555433 -0.617848 0.408785 -0.483956 0.408785 -0.483956 -0.0155683 -0.0233562 -0.0155683 -0.0233562 -0.507853 0.524704 -0.507853 0.524704 -0.334953 0.354403 -0.66683 0.707341 -0.331877 0.352937 -0.331877 0.352937 -0.331877 0.352937
19.66 0 -0 4.413 -5.87712 0 -0 -26.2162 25.7215 0 -0 -41.8199 40.3162 0 -0 -27.5866 21.4674 0 -0 7.50705 -9.88596 -0 0 39.5697 -32.789 -0 0 39.7271 -33.8953 -0 0 22.0739 -21.1241 0 -0 5.20588 -5.68607 0 -0 5.20588 -5.68607 0.00274799 1.64054e-05 0.819478 0.336479 0.00697699 0.999982 0.00904012 1.67204e-09 0.76594 0.413256 0.002075 1 0.0444141 1.09222e-06 0.624229 0.582493 0.000471132 0.999999 0.08306 0.965267 0.307836 0.838603 0.000312202 0.0226285 0.0254193 1 0.281239 0.852669 0.000965583 1.29106e-08 0.00345375 1 0.379108 0.785685 0.00606447 4.01263e-10 0.000502094 0.999996 0.583444 0.618334 0.0443945 8.39163e-06 0.000212391 0.879995 0.828001 0.333976 0.11472 0.144315 0.000241989 0.153146 0.917714 0.189521 0.0966965 0.958688 0.00027593 0.175604 0.928655 0.171208 0.0785901 0.954603 -0.311692 0.276186 -0.311692 0.276186 -0.311692 0.276186 -0.596737 0.51817 -0.285045 0.241984 -0.495521 0.412412 -0.495521 0.412412 0.102967 -0.155388 0.102967 -0.155388 0.61999 -0.654716 0.61999 -0.654716 0.563795 -0.624062 0.563795 -0.624062 0.425495 -0.501662 0.425495 -0.501662 0.0717669 -0.110837 0.0717669 -0.110837 -0.418779 0.448256 -0.418779 0.448256 -0.3223 0.352595 -0.640769 0.7045 -0.318469 0.351905 -0.318469 0.351905 -0.318469 0.351905
19.71 0 -0 6.03518 -7.5383 0 -0 -25.0056 24.3153 0 -0 -42.1432 40.5758 0 -0 -28.9198 22.4237 0 -0 3.54063 -7.79411 -0 0 37.5228 -31.2488 -0 0 40.1796 -33.5333 -0 0 24.3192 -22.4617 0 -0 6.10307 -6.40085 0 -0 6.10307 -6.40085 0.00238027 4.10757e-05 0.826665 0.325549 0.00819408 0.999957 0.0076674 1.66903e-09 0.776751 0.398652 0.00245452 1 0.0384748 3.4892e-07 0.639833 0.566689 0.000531238 1 0.0863231 0.849458 0.315563 0.8333 0.000297841 0.0883909 0.0289221 1 0.277725 0.855137 0.000860895 2.56582e-08 0.00407851 1 0.366878 0.794934 0.00517391 3.1062e-10 0.00056491 0.999999 0.562443 0.640249 0.0385411 3.43696e-06 0.000209374 0.95257 0.803501 0.374417 0.113846 0.0679095 0.000220674 0.230009 0.915394 0.198845 0.107339 0.932125 0.000247857 0.253051 0.928955 0.175184 0.0897045 0.928036 -0.314916 0.280965 -0.314916 0.280965 -0.314916 0.280965 -0.605323 0.529305 -0.290407 0.24834 -0.511372 0.427369 -0.511372 0.427369 0.0772932 -0.137265 0.0772932 -0.137265 0.607241 -0.646415 0.607241 -0.646415 0.571716 -0.629778 0.571716 -0.629778 0.440772 -0.517885 0.440772 -0.517885 0.147643 -0.189983 0.147643 -0.189983 -0.333621 0.375908 -0.333621 0.375908 -0.303224 0.347663 -0.602257 0.695841 -0.299033 0.348178 -0.299033 0.348178 -0.299033 0.348178
19.76 0 -0 7.54082 -9.02572 0 -0 -23.3532 22.8706 0 -0 -42.1078 40.8406 0 -0 -30.0686 23.5191 0 -0 -0.858252 -4.68213 -0 0 35.4512 -29.8763 -0 0 39.7073 -32.8465 -0 0 26.3855 -23.6764 -0 -0 7.06566 -7.15231 0 -0 7.06566 -7.15231 0.0020659 0.000105639 0.833446 0.315096 0.00961765 0.999893 0.00650706 1.78273e-09 0.786659 0.384956 0.00290875 1 0.0332159 1.17342e-07 0.654032 0.551577 0.000602116 1 0.0889415 0.552863 0.328569 0.821909 0.000286346 0.277162 0.0327454 1 0.274804 0.857141 0.000770615 5.60733e-08 0.0048172 1 0.355336 0.803523 0.00442011 2.62185e-10 0.000641558 1 0.541256 0.661394 0.0331885 1.51209e-06 0.000210291 0.982879 0.778003 0.414331 0.110174 0.0303062 0.000202552 0.330553 0.911991 0.212581 0.117429 0.890072 0.000223809 0.350203 0.928581 0.182597 0.101086 0.887355 -0.317954 0.285609 -0.317954 0.285609 -0.317954 0.285609 -0.613294 0.539989 -0.29534 0.25438 -0.525413 0.440957 -0.525413 0.440957 0.0209695 -0.100686 0.0209695 -0.100686 0.562337 -0.618471 0.562337 -0.618471 0.57922 -0.635015 0.57922 -0.635015 0.455134 -0.532943 0.455134 -0.532943 0.207829 -0.25639 0.207829 -0.25639 -0.255577 0.310733 -0.255577 0.310733 -0.276197 0.337985 -0.548717 0.678346 -0.27252 0.340361 -0.27252 0.340361 -0.27252 0.340361
19.81 0 -0 8.38908 -9.87925 0 -0 -21.4578 21.3624 0 -0 -41.4151 41.0745 0 -0 -31.3112 25.3022 0 -0 -5.18491 -1.28988 -0 0 33.6048 -28.8736 -0 0 38.9223 -31.8867 -0 0 28.1433 -24.6449 -0 -0 8.05539 -7.90551 0 -0 8.05539 -7.90551 0.001797 0.000273827 0.839828 0.30513 0.0112773 0.999734 0.0055289 2.07408e-09 0.79576 0.372077 0.00345075 1 0.0286025 4.25616e-08 0.667621 0.536086 0.000685696 1 0.0904161 0.231949 0.35337 0.799784 0.000279035 0.586553 0.0368783 1 0.272926 0.858262 0.000692734 1.39492e-07 0.00568773 1 0.34445 0.811484 0.00378275 2.36069e-10 0.000735135 1 0.520209 0.681526 0.0283736 7.25704e-07 0.000215067 0.994146 0.75262 0.452166 0.104192 0.0131711 0.000187233 0.448781 0.907238 0.231542 0.126371 0.826802 0.000203218 0.461092 0.927275 0.194298 0.112276 0.827849 -0.320803 0.290107 -0.320803 0.290107 -0.320803 0.290107 -0.620667 0.550212 -0.299864 0.260105 -0.538007 0.453587 -0.538007 0.453587 -0.0739243 -0.0287984 -0.0739243 -0.0287984 0.477649 -0.554384 0.477649 -0.554384 0.586284 -0.639743 0.586284 -0.639743 0.468858 -0.547 0.468858 -0.547 0.254093 -0.310426 0.254093 -0.310426 -0.182675 0.250402 -0.182675 0.250402 -0.240763 0.321467 -0.479636 0.648124 -0.238873 0.326658 -0.238873 0.326658 -0.238873 0.326658
19.86 0 -0 8.54264 -10.4023 0 -0 -19.463 19.5098 0 -0 -40.19 40.973 0 -0 -32.8239 27.676 0 -0 -8.52098 0.988421 -0 0 30.8029 -27.3231 -0 0 39.7858 -31.7394 -0 0 29.7178 -25.3652 -0 0 9.05895 -8.63275 0 -0 9.05895 -8.63275 0.00156681 0.000687189 0.845823 0.295654 0.0132053 0.99935 0.00470563 2.61894e-09 0.804178 0.359862 0.00409561 1 0.0245723 1.71014e-08 0.681507 0.519356 0.000784875 1 0.0899919 0.0731798 0.39111 0.769754 0.000277422 0.834512 0.0412837 1 0.272725 0.858178 0.000625715 3.76118e-07 0.00670989 1 0.334259 0.818798 0.00324415 2.27734e-10 0.000849357 1 0.499617 0.700461 0.0241079 3.70923e-07 0.000223703 0.998061 0.727852 0.487618 0.0965223 0.00569541 0.000174429 0.571903 0.900705 0.256327 0.133491 0.739162 0.000185641 0.57503 0.924686 0.211024 0.122683 0.746967 -0.323442 0.294438 -0.323442 0.294438 -0.323442 0.294438 -0.627456 0.559975 -0.304014 0.265537 -0.549535 0.465688 -0.549535 0.465688 -0.17612 0.0688872 -0.17612 0.0688872 0.38467 -0.463977 0.38467 -0.463977 0.592799 -0.643884 0.592799 -0.643884 0.482058 -0.560119 0.482058 -0.560119 0.29001 -0.3544 0.29001 -0.3544 -0.112822 0.190473 -0.112822 0.190473 -0.198305 0.295926 -0.397814 0.601134 -0.199508 0.305208 -0.199508 0.305208 -0.199508 0.305208
19.91 0 -0 9.14537 -11.8402 0 -0 -17.0511 16.9473 0 -0 -38.6489 40.1775 0 -0 -34.4183 30.2972 0 -0 -11.4059 3.53399 -0 0 27.7686 -25.3254 -0 0 40.9444 -32.0406 -0 0 30.9891 -25.8379 -0 0 10.1226 -9.37949 0 -0 10.1226 -9.37949 0.00136956 0.00166629 0.851444 0.286667 0.0154361 0.998413 0.00401309 3.6422e-09 0.812053 0.348159 0.00486085 1 0.0210546 7.71924e-09 0.696059 0.501422 0.000903602 1 0.0872388 0.020554 0.434239 0.737659 0.000282173 0.947798 0.0458921 0.999999 0.27445 0.856969 0.00056825 1.08183e-06 0.00790486 1 0.324838 0.825444 0.00278916 2.40942e-10 0.000988662 1 0.479726 0.718109 0.0203802 1.95e-07 0.000236348 0.999367 0.703753 0.520915 0.0877835 0.00248927 0.00016395 0.686333 0.891819 0.287024 0.138121 0.630076 0.000170743 0.681329 0.920379 0.233233 0.131618 0.646823 -0.325826 0.298556 -0.325826 0.298556 -0.325826 0.298556 -0.633657 0.569271 -0.307831 0.270715 -0.560357 0.477597 -0.560357 0.477597 -0.2613 0.162625 -0.2613 0.162625 0.307881 -0.37722 0.307881 -0.37722 0.598616 -0.647376 0.598616 -0.647376 0.494753 -0.572315 0.494753 -0.572315 0.318839 -0.390852 0.318839 -0.390852 -0.0458234 0.127032 -0.0458234 0.127032 -0.15187 0.259983 -0.308928 0.534738 -0.157058 0.274755 -0.157058 0.274755 -0.157058 0.274755
19.96 0 -0 10.8184 -14.11 0 -0 -14.9802 14.3909 0 -0 -36.783 38.2144 0 -0 -35.9096 32.581 0 -0 -14.1301 6.3148 -0 0 24.7852 -23.2314 -0 0 42.0501 -32.6682 -0 0 31.7395 -26.0095 -0 0 11.2043 -10.1431 0 -0 11.2043 -10.1431 0.00120035 0.00408616 0.856694 0.278181 0.0180058 0.995944 0.0034303 5.54229e-09 0.819495 0.33687 0.00576675 1 0.0179878 3.94936e-09 0.711006 0.48282 0.00104674 1 0.0823788 0.00553544 0.475667 0.706763 0.000293362 0.985472 0.050612 0.999997 0.277828 0.854924 0.000519101 3.35814e-06 0.0092946 1 0.316248 0.83143 0.0024048 2.81836e-10 0.00115834 1 0.460698 0.734456 0.0171612 1.03545e-07 0.000253335 0.999792 0.680128 0.552374 0.0785238 0.00111571 0.000155701 0.782532 0.879965 0.323066 0.139712 0.509636 0.000158281 0.772364 0.913872 0.261 0.138374 0.535114 -0.327827 0.302326 -0.327827 0.302326 -0.327827 0.302326 -0.639191 0.578009 -0.311364 0.275683 -0.570709 0.489476 -0.570709 0.489476 -0.326423 0.23707 -0.326423 0.23707 0.25043 -0.30957 0.25043 -0.30957 0.60364 -0.650217 0.60364 -0.650217 0.506914 -0.583595 0.506914 -0.583595 0.342973 -0.421867 0.342973 -0.421867 0.0171074 0.0583606 0.0171074 0.0583606 -0.105084 0.214003 -0.2196 0.449348 -0.114516 0.235345 -0.114516 0.235345 -0.114516 0.235345
