50.01 4.30272 4.85326 5.62964 5.52869 4.91107 3.5702 1.13317 -1.49475 -2.79211 -4.41827 -7.08711 -7.61761 -6.7836 -6.42478 -5.21952 -2.57094 0.623767 2.22788 2.22912 2.41567 2.77794 1.88517 0.122424
50.06 3.9304 4.31125 5.21812 5.30407 4.85334 3.58321 1.43877 -0.802777 -2.26211 -4.13407 -6.69568 -7.19825 -6.66212 -6.82227 -5.81236 -3.098 0.104626 1.82818 2.04786 2.4362 3.0042 2.31479 0.646231
50.11 3.50886 3.75054 4.80652 5.04442 4.6925 3.46969 1.66878 -0.082713 -1.69071 -3.85719 -6.30364 -6.76481 -6.49157 -7.10551 -6.29028 -3.5819 -0.460763 1.35202 1.80398 2.40034 3.16884 2.69248 1.15591
50.16 3.03784 3.1508 4.35713 4.72349 4.44612 3.26394 1.82263 0.643982 -1.05394 -3.55117 -5.9191 -6.35236 -6.29918 -7.27303 -6.63737 -4.01241 -1.07123 0.795614 1.49244 2.30374 3.27105 3.01441 1.63961
50.21 2.51034 2.48922 3.83587 4.32127 4.12957 3.00099 1.91127 1.34572 -0.346183 -3.174 -5.53331 -5.97996 -6.10822 -7.33518 -6.85234 -4.38422 -1.71981 0.161455 1.10961 2.14099 3.30867 3.27615 2.08445
50.26 1.92259 1.75319 3.22505 3.83029 3.75477 2.70916 1.95044 1.98098 0.405881 -2.69078 -5.1168 -5.64338 -5.93087 -7.31022 -6.94914 -4.69852 -2.39224 -0.537821 0.658283 1.90883 3.27444 3.46687 2.47503
50.31 1.27513 0.941456 2.52325 3.25504 3.33333 2.40973 1.95516 2.50912 1.14126 -2.09178 -4.62354 -5.3157 -5.76651 -7.21789 -6.95035 -4.96023 -3.06897 -1.28041 0.150833 1.60967 3.15752 3.56854 2.79153
50.36 0.56793 0.0564319 1.73678 2.60629 2.87856 2.1183 1.93572 2.90577 1.78717 -1.40407 -4.00685 -4.95235 -5.60246 -7.07408 -6.87951 -5.17532 -3.72752 -2.03898 -0.39467 1.24969 2.94758 3.56225 3.0131
50.41 -0.200131 -0.900042 0.873247 1.89535 2.40144 1.84056 1.89305 3.16625 2.29095 -0.683108 -3.23991 -4.49913 -5.41469 -6.88715 -6.7557 -5.3495 -4.34776 -2.78741 -0.960415 0.835564 2.63766 3.43413 3.12263
50.46 -1.02573 -1.92353 -0.0581769 1.13171 1.90357 1.56503 1.81524 3.29717 2.63295 0.00786468 -2.32691 -3.9013 -5.16784 -6.65733 -6.59281 -5.48752 -4.91343 -3.50492 -1.53439 0.370281 2.22357 3.1766 3.10875
50.51 -1.89413 -3.00013 -1.04213 0.324788 1.37276 1.25798 1.6768 3.30679 2.81758 0.613871 -1.30382 -3.11494 -4.81461 -6.37674 -6.40147 -5.5928 -5.40968 -4.17457 -2.11111 -0.147754 1.70285 2.78677 2.96431
50.56 -2.70562 -4.11111 -2.09874 -0.531897 0.789069 0.887186 1.45242 3.19895 2.85722 1.09229 -0.242425 -2.13437 -4.30686 -6.02628 -6.18362 -5.66375 -5.82058 -4.77856 -2.68436 -0.716637 1.08119 2.26995 2.68778
50.61 -3.31152 -5.02231 -3.20231 -1.52382 0.0812512 0.404524 1.12462 2.98827 2.77946 1.42707 0.75545 -1.03344 -3.6332 -5.58274 -5.92731 -5.69009 -6.12883 -5.29376 -3.2351 -1.31549 0.386701 1.6517 2.29335
50.66 -3.82504 -5.68579 -4.05883 -2.51565 -0.808846 -0.256329 0.650965 2.66713 2.60641 1.63075 1.60894 0.0762395 -2.8135 -5.01959 -5.61044 -5.66108 -6.32941 -5.70786 -3.74684 -1.91931 -0.3435 0.968506 1.80745
50.71 -4.28152 -6.19244 -4.70262 -3.41007 -1.7912 -1.06119 0.0467024 2.24743 2.35848 1.722 2.26554 1.07519 -1.89803 -4.3109 -5.20041 -5.562 -6.42505 -6.02079 -4.21305 -2.51101 -1.07839 0.253474 1.25756
50.76 -4.68928 -6.58268 -5.17875 -4.13352 -2.79595 -2.00422 -0.671302 1.75284 2.06346 1.72654 2.71223 1.8701 -0.96833 -3.45071 -4.66208 -5.3729 -6.41708 -6.23527 -4.6314 -3.07954 -1.79529 -0.468048 0.666893
50.81 -5.00985 -6.81286 -5.47768 -4.62595 -3.75468 -3.09282 -1.5048 1.19667 1.73991 1.66579 2.96776 2.42058 -0.116812 -2.47324 -3.97707 -5.07704 -6.3043 -6.35043 -4.99558 -3.61181 -2.47264 -1.17293 0.057572
50.86 -5.22627 -6.90363 -5.63489 -4.94494 -4.48946 -4.14425 -2.46277 0.537644 1.35749 1.52811 3.05331 2.73411 0.588439 -1.44204 -3.15286 -4.66772 -6.08915 -6.36654 -5.29771 -4.09446 -3.08977 -1.83913 -0.549179
50.91 -5.30129 -6.82928 -5.63238 -5.12767 -5.07521 -4.97749 -3.38778 -0.245497 0.881169 1.28869 2.98302 2.83975 1.11331 -0.431689 -2.22569 -4.15229 -5.78067 -6.28795 -5.52957 -4.51564 -3.62968 -2.44637 -1.13232
50.96 -5.19335 -6.55616 -5.36461 -5.15669 -5.61861 -5.68403 -4.25129 -1.08841 0.3377 0.962493 2.79107 2.78716 1.46385 0.498033 -1.2421 -3.53912 -5.38643 -6.12208 -5.68781 -4.87361 -4.09152 -2.98864 -1.68155
51.01 -4.87949 -6.03256 -4.85049 -5.06383 -6.12483 -6.28942 -5.03802 -1.95549 -0.270098 0.554238 2.50561 2.62547 1.66869 1.30114 -0.25906 -2.83833 -4.90677 -5.87169 -5.76781 -5.16853 -4.48297 -3.46939 -2.19445
51.06 -4.35663 -5.25924 -4.13386 -4.85072 -6.55604 -6.79283 -5.73826 -2.82782 -0.948482 0.0633009 2.14498 2.39256 1.76134 1.94308 0.656422 -2.06728 -4.33296 -5.53155 -5.762 -5.3983 -4.81296 -3.8958 -2.67246
51.11 -3.68267 -4.29724 -3.24566 -4.51973 -6.8943 -7.19045 -6.33283 -3.67967 -1.69114 -0.499159 1.73014 2.11986 1.77274 2.40582 1.43193 -1.26819 -3.65935 -5.09179 -5.66075 -5.55651 -5.08559 -4.27221 -3.1156
51.16 -2.90293 -3.19651 -2.20981 -4.00602 -7.14505 -7.54267 -6.78767 -4.47349 -2.4944 -1.11388 1.28915 1.83854 1.73235 2.69822 2.01704 -0.506251 -2.9019 -4.54906 -5.4581 -5.63517 -5.29947 -4.59824 -3.52053
51.21 -2.05999 -2.0066 -1.0706 -3.31142 -7.26055 -7.86285 -7.11885 -5.19397 -3.35432 -1.7694 0.837288 1.56368 1.6578 2.84925 2.40833 0.166673 -2.0911 -3.90773 -5.15549 -5.63741 -5.45058 -4.86296 -3.88547
51.26 -1.19108 -0.784677 0.115432 -2.48378 -7.22283 -8.12567 -7.36379 -5.85246 -4.24177 -2.44819 0.378657 1.28996 1.54991 2.88729 2.63066 0.724463 -1.26025 -3.17842 -4.76306 -5.57794 -5.52887 -5.04196 -4.20692
51.31 -0.327094 0.412333 1.28811 -1.57813 -7.04242 -8.31611 -7.53616 -6.44742 -5.1246 -3.13347 -0.0900683 1.0019 1.40195 2.8364 2.71864 1.16028 -0.446181 -2.38939 -4.31032 -5.44225 -5.51388 -5.14661 -4.48003
51.36 0.508854 1.54751 2.4053 -0.644326 -6.75873 -8.45077 -7.649 -6.86315 -5.92563 -3.85649 -0.598222 0.67517 1.20698 2.71871 2.70861 1.48011 0.311593 -1.58391 -3.82053 -5.23985 -5.41053 -5.17081 -4.68964
51.41 1.29819 2.60274 3.44566 0.283553 -6.40774 -8.47698 -7.73039 -7.16517 -6.53197 -4.54806 -1.15658 0.289984 0.958293 2.55091 2.63382 1.70285 0.985116 -0.808656 -3.32277 -4.99255 -5.23523 -5.1148 -4.82312
51.46 2.02424 3.56674 4.39182 1.1681 -5.90412 -8.28338 -7.79476 -7.51982 -6.96739 -5.11918 -1.73958 -0.145739 0.665145 2.35191 2.52462 1.8546 1.56403 -0.0935582 -2.83214 -4.71377 -5.01012 -4.99324 -4.88128
51.51 2.68381 4.44533 5.24234 1.97874 -5.26657 -7.83444 -7.7111 -7.88597 -7.38662 -5.64217 -2.35176 -0.645044 0.320571 2.12631 2.39949 1.95952 2.05617 0.56757 -2.32034 -4.38528 -4.74766 -4.82494 -4.87745
51.56 3.27271 5.24793 6.0137 2.72818 -4.53458 -7.16725 -7.43979 -8.19189 -7.81332 -6.14196 -3.00342 -1.2326 -0.0938512 1.86491 2.26052 2.02685 2.45909 1.17196 -1.7631 -3.9801 -4.4466 -4.62071 -4.82231
51.61 3.78284 5.97862 6.72392 3.43662 -3.7347 -6.32335 -6.97674 -8.40217 -8.23593 -6.61088 -3.6874 -1.91747 -0.587446 1.55787 2.10037 2.05448 2.76664 1.70713 -1.15937 -3.47879 -4.09344 -4.38088 -4.72122
51.66 4.20366 6.6331 7.38845 4.11765 -2.90932 -5.36181 -6.33577 -8.48474 -8.62381 -7.03186 -4.38876 -2.69209 -1.15675 1.20013 1.90916 2.03628 2.97681 2.15712 -0.538052 -2.8847 -3.67131 -4.09765 -4.57366
51.71 4.56608 7.17568 7.91669 4.69595 -2.07179 -4.34452 -5.56552 -8.43115 -8.85524 -7.35204 -5.12965 -3.54124 -1.77742 0.806938 1.69271 1.97984 3.10098 2.50693 0.0415606 -2.2425 -3.18339 -3.76961 -4.38042
51.76 4.86483 7.55227 8.22076 5.12432 -1.23469 -3.34215 -4.74294 -8.16496 -8.90554 -7.57499 -5.87336 -4.41746 -2.41378 0.397807 1.46181 1.89822 3.16213 2.76282 0.536032 -1.61055 -2.65641 -3.40993 -4.15173
51.81 5.07471 7.78454 8.38976 5.47125 -0.431505 -2.40972 -3.96775 -7.74569 -8.7385 -7.68756 -6.58032 -5.29047 -3.05999 -0.0402721 1.19972 1.78598 3.17782 2.95122 0.95082 -1.0114 -2.10917 -3.02802 -3.89737
51.86 5.19699 7.89114 8.46474 5.75978 0.336466 -1.55095 -3.26554 -7.2361 -8.39048 -7.67485 -7.20696 -6.12172 -3.70684 -0.524049 0.881291 1.62685 3.15068 3.08901 1.30172 -0.448878 -1.55134 -2.62726 -3.62235
51.91 5.23245 7.87965 8.46431 5.99738 1.07142 -0.753294 -2.63118 -6.66339 -7.90108 -7.54099 -7.72264 -6.87256 -4.33653 -1.06075 0.489474 1.409 3.07963 3.18401 1.59885 0.0738653 -0.991601 -2.2104 -3.33064
51.96 5.18695 7.75987 8.40552 6.18701 1.76867 -0.00863765 -2.0554 -6.043 -7.2998 -7.29308 -8.10653 -7.51136 -4.93229 -1.65585 0.0103542 1.12351 2.96344 3.24104 1.84943 0.553988 -0.435729 -1.77688 -3.02442
52.01 5.08145 7.56009 8.31625 6.32734 2.40713 0.678509 -1.53168 -5.39243 -6.61801 -6.94171 -8.34064 -8.00999 -5.47853 -2.31304 -0.567448 0.763041 2.79945 3.26123 2.05736 0.98762 0.113437 -1.31971 -2.70062
52.06 5.04634 7.27497 8.04972 6.36338 3.06145 1.33489 -1.05416 -4.7451 -5.90855 -6.51707 -8.41686 -8.34293 -5.95303 -3.02071 -1.23988 0.329283 2.58505 3.24032 2.22136 1.36846 0.648892 -0.832142 -2.35083
52.11 5.04071 6.9056 7.62929 6.30905 3.68632 1.95253 -0.608374 -4.11949 -5.21843 -6.06067 -8.34738 -8.49988 -6.33408 -3.75364 -1.98758 -0.16839 2.31948 3.17408 2.33932 1.69168 1.15687 -0.315415 -1.9632
52.16 5.00188 6.4786 7.13676 6.17965 4.21305 2.51224 -0.17704 -3.51585 -4.57585 -5.61097 -8.16006 -8.49061 -6.60836 -4.4789 -2.77922 -0.713683 2.00189 3.05514 2.4071 1.95644 1.62438 0.219681 -1.52983
52.21 4.88604 6.00953 6.63977 5.99681 4.59413 2.98823 0.249319 -2.92046 -3.98886 -5.19494 -7.88748 -8.33906 -6.77318 -5.16254 -3.57668 -1.28572 1.63303 2.87602 2.41938 2.16249 2.04205 0.756025 -1.05299
52.26 4.67917 5.5126 6.17855 5.79136 4.81351 3.34023 0.663564 -2.31001 -3.44605 -4.82393 -7.55723 -8.07411 -6.83535 -5.77722 -4.3433 -1.86318 1.21566 2.63214 2.37272 2.30999 2.40398 1.27519 -0.544397
52.31 4.38799 4.98832 5.73649 5.58168 4.90587 3.54202 1.04272 -1.66743 -2.92628 -4.49776 -7.18939 -7.72298 -6.80663 -6.30424 -5.0488 -2.42752 0.752923 2.3214 2.26664 2.40042 2.70696 1.76159 -0.0198835
52.36 4.02961 4.44931 5.32007 5.36192 4.87703 3.59164 1.36573 -0.984989 -2.402 -4.20703 -6.80055 -7.31339 -6.70195 -6.73033 -5.66832 -2.96404 0.245832 1.94103 2.10134 2.43557 2.94957 2.2043 0.505808
52.41 3.61993 3.89467 4.91162 5.11356 4.7408 3.50746 1.61566 -0.270519 -1.84383 -3.93111 -6.40719 -6.87973 -6.54167 -7.04437 -6.17872 -3.46054 -0.30719 1.48572 1.87452 2.41501 3.13078 2.59643 1.02053
52.46 3.16189 3.307 4.47532 4.81042 4.51465 3.32188 1.78834 0.456955 -1.2254 -3.63637 -6.02045 -6.45884 -6.35239 -7.24196 -6.56137 -3.90609 -0.906106 0.950701 1.58139 2.33505 3.24973 2.93369 1.51257
52.51 2.64916 2.6627 3.97462 4.43006 4.21478 3.07062 1.89232 1.16867 -0.534904 -3.28127 -5.63659 -6.07507 -6.15928 -7.33046 -6.81068 -4.29378 -1.5458 0.336336 1.21757 2.19034 3.30498 3.21224 1.96934
52.56 2.07662 1.94593 3.38713 3.96159 3.8538 2.78394 1.94266 1.82518 0.210335 -2.82749 -5.23151 -5.7304 -5.97776 -7.32666 -6.93701 -4.62321 -2.21378 -0.347583 0.783413 1.97646 3.29073 3.42349 2.3764
52.61 1.44416 1.15315 2.70796 3.40687 3.44299 2.48464 1.95493 2.38401 0.95705 -2.25711 -4.76244 -5.40347 -5.81046 -7.25038 -6.96136 -4.89863 -2.89189 -1.08152 0.288991 1.69438 3.19675 3.5508 2.71488
52.66 0.752219 0.286536 1.94229 2.77567 2.99536 2.18994 1.94105 2.81564 1.63231 -1.58764 -4.18082 -5.05358 -5.6477 -7.11894 -6.90767 -5.12588 -3.55789 -1.83903 -0.248691 1.34952 3.01216 3.57481 2.96373
52.71 -0.000395839 -0.651983 1.0976 2.07952 2.52314 1.90875 1.90477 3.1108 2.17595 -0.869029 -3.45315 -4.62815 -5.46833 -6.94281 -6.79643 -5.31079 -4.19063 -2.59307 -0.811128 0.948777 2.72899 3.47992 3.10442
52.76 -0.812199 -1.65925 0.182272 1.32827 2.031 1.63485 1.83769 3.2741 2.55997 -0.164426 -2.57526 -4.0717 -5.23996 -6.72421 -6.64263 -5.45834 -4.77295 -3.32135 -1.38445 0.496426 2.34245 3.25696 3.12406
52.81 -1.67191 -2.72436 -0.790142 0.53168 1.51009 1.33909 1.71755 3.31465 2.78424 0.468135 -1.57515 -3.33618 -4.91833 -6.45754 -6.45771 -5.57228 -5.28976 -4.00618 -1.96168 -0.00818474 1.84944 2.90181 3.01449
52.86 -2.52315 -3.82847 -1.81738 -0.309022 0.941873 0.986408 1.51581 3.23557 2.8594 0.98278 -0.513872 -2.40095 -4.45233 -6.12645 -6.24676 -5.65302 -5.72575 -4.63075 -2.53827 -0.565825 1.25194 2.41645 2.77192
52.91 -3.17023 -4.81986 -2.94074 -1.26565 0.277182 0.541022 1.21881 3.05117 2.80886 1.35368 0.508929 -1.32136 -3.82028 -5.70849 -6.00116 -5.69156 -6.0623 -5.17176 -3.09753 -1.15992 0.572598 1.82118 2.40603
52.96 -3.70143 -5.53604 -3.86615 -2.27328 -0.572444 -0.0752085 0.78297 2.75831 2.65855 1.58947 1.40598 -0.202308 -3.03442 -5.17802 -5.70148 -5.67737 -6.29111 -5.61339 -3.62118 -1.76514 -0.152243 1.15103 1.94104
53.01 -4.17104 -6.07627 -4.55737 -3.19616 -1.53916 -0.847354 0.209078 2.36121 2.42693 1.7071 2.11613 0.835554 -2.13713 -4.50819 -5.31791 -5.5973 -6.41372 -5.95277 -4.09989 -2.36161 -0.888838 0.441203 1.40526
53.06 -4.59225 -6.50022 -5.07795 -3.97686 -2.54296 -1.74903 -0.478837 1.88387 2.14077 1.73071 2.61581 1.68919 -1.20222 -3.68513 -4.81427 -5.43227 -6.43252 -6.19313 -4.53151 -2.93783 -1.61314 -0.28144 0.822752
53.11 -4.93836 -6.76822 -5.41666 -4.52097 -3.53147 -2.81212 -1.28045 1.34468 1.8249 1.68612 2.91826 2.30322 -0.323384 -2.73319 -4.16716 -5.16432 -6.34646 -6.33404 -4.91036 -3.4809 -2.30317 -0.993135 0.216082
53.16 -5.18316 -6.89533 -5.6092 -4.87813 -4.32168 -3.90092 -2.22107 0.718127 1.46326 1.57145 3.04654 2.67579 0.424011 -1.7091 -3.37608 -4.78323 -6.15657 -6.3754 -5.22938 -3.978 -2.93851 -1.67213 -0.393807
53.21 -5.29937 -6.86679 -5.65545 -5.09606 -4.93633 -4.78339 -3.15973 -0.0395902 1.00826 1.3572 3.01378 2.83088 0.995889 -0.687785 -2.47196 -4.29422 -5.87077 -6.32011 -5.47945 -4.41545 -3.49944 -2.29618 -0.984667
53.26 -5.23812 -6.64972 -5.4588 -5.16287 -5.48403 -5.51609 -4.04015 -0.871741 0.480647 1.05214 2.8499 2.81395 1.38899 0.267035 -1.49862 -3.70556 -5.49789 -6.17581 -5.65667 -4.78957 -3.98124 -2.85558 -1.54335
53.31 -4.9822 -6.1913 -5.00159 -5.09936 -6.00369 -6.14732 -4.84727 -1.73447 -0.109893 0.665244 2.58665 2.67628 1.62812 1.10636 -0.510118 -3.02676 -5.04065 -5.94702 -5.75712 -5.10065 -4.39015 -3.35194 -2.06581
53.36 -4.50597 -5.4763 -4.33395 -4.91712 -6.45658 -6.67699 -5.57091 -2.60736 -0.770005 0.195204 2.24364 2.45838 1.7465 1.79266 0.429538 -2.27165 -4.49225 -5.63071 -5.7741 -5.3475 -4.73547 -3.79206 -2.55294
53.41 -3.86581 -4.55659 -3.48631 -4.61552 -6.81874 -7.10139 -6.19413 -3.46693 -1.49738 -0.350628 1.84029 2.19277 1.77592 2.30238 1.24749 -1.47483 -3.84445 -5.2175 -5.69818 -5.52476 -5.02285 -4.1814 -3.00545
53.46 -3.10868 -3.48674 -2.48508 -4.15625 -7.09387 -7.45711 -6.68818 -4.27944 -2.28343 -0.952846 1.40355 1.91057 1.74595 2.63674 1.88452 -0.697282 -3.10624 -4.70112 -5.52175 -5.62444 -5.25214 -4.52077 -3.42086
53.51 -2.27811 -2.31454 -1.36731 -3.50322 -7.24703 -7.78816 -7.04574 -5.01735 -3.13139 -1.59954 0.953504 1.63359 1.67958 2.82192 2.32468 0.00174454 -2.30705 -4.08532 -5.24438 -5.64389 -5.42031 -4.80484 -3.79627
53.56 -1.41256 -1.09494 -0.187223 -2.70436 -7.24813 -8.06734 -7.31073 -5.69121 -4.01469 -2.27394 0.49679 1.36072 1.58061 2.88689 2.58802 0.590772 -1.47836 -3.37724 -4.87313 -5.6009 -5.51906 -5.00585 -4.12958
53.61 -0.544885 0.112769 0.993661 -1.81364 -7.10195 -8.27685 -7.50093 -6.30309 -4.90158 -2.95896 0.0309794 1.07766 1.44378 2.85736 2.70777 1.05812 -0.656903 -2.60099 -4.43387 -5.48561 -5.52908 -5.12955 -4.41617
53.66 0.300038 1.26593 2.1277 -0.882955 -6.83987 -8.42279 -7.62648 -6.77889 -5.73591 -3.66841 -0.463156 0.763899 1.26183 2.75515 2.71981 1.4068 0.11875 -1.79529 -3.95081 -5.29831 -5.44764 -5.17547 -4.64408
53.71 1.10267 2.34228 3.18853 0.0486807 -6.50263 -8.49229 -7.71625 -7.08637 -6.39994 -4.38291 -1.00879 0.394267 1.02667 2.59855 2.65883 1.65266 0.816226 -1.00806 -3.45239 -5.06059 -5.28902 -5.13956 -4.79816
53.76 1.84581 3.32997 4.1603 0.948999 -6.04954 -8.35938 -7.78775 -7.42566 -6.86362 -4.9813 -1.5881 -0.0287766 0.745008 2.40678 2.55633 1.82028 1.419 -0.277793 -2.96219 -4.79106 -5.07517 -5.03313 -4.87487
53.81 2.5225 4.22925 5.03393 1.77838 -5.44051 -7.97316 -7.75161 -7.79822 -7.2803 -5.51125 -2.19061 -0.508827 0.415504 2.18847 2.43433 1.93592 1.93406 0.397455 -2.45912 -4.47841 -4.82201 -4.87554 -4.88611
53.86 3.13003 5.05054 5.82368 2.54134 -4.73039 -7.35801 -7.52898 -8.12322 -7.70581 -6.01744 -2.83247 -1.0721 0.020533 1.93735 2.29925 2.01295 2.36145 1.01801 -1.91527 -4.09614 -4.5319 -4.68012 -4.84363
53.91 3.66116 5.79957 6.5479 3.25867 -3.94456 -6.55464 -7.11478 -8.36121 -8.13151 -6.49574 -3.50924 -1.7317 -0.452368 1.64264 2.14519 2.05139 2.69491 1.5734 -1.32216 -3.62116 -4.19411 -4.44997 -4.75435
53.96 4.10584 6.47445 7.22283 3.94577 -3.12056 -5.61595 -6.51635 -8.47928 -8.53491 -6.93101 -4.20654 -2.4848 -1.00358 1.29764 1.96238 2.04539 2.9307 2.0478 -0.700926 -3.04946 -3.79123 -4.1788 -4.6191
54.01 4.47676 7.05359 7.80852 4.56707 -2.29101 -4.60982 -5.77316 -8.45809 -8.81396 -7.28642 -4.93837 -3.31756 -1.61386 0.911558 1.75103 1.99739 3.07563 2.42474 -0.104362 -2.41393 -3.31864 -3.86157 -4.4371
54.06 4.79746 7.47133 8.15866 5.02408 -1.44634 -3.59399 -4.9534 -8.25444 -8.91655 -7.52829 -5.6835 -4.19039 -2.24859 0.505593 1.52348 1.92148 3.15104 2.70331 0.413819 -1.77549 -2.79946 -3.50876 -4.21642
54.11 5.02986 7.73797 8.35669 5.38846 -0.634074 -2.64196 -4.16107 -7.86579 -8.80329 -7.67238 -6.40457 -5.06748 -2.89241 0.0772186 1.27225 1.81892 3.17815 2.90735 0.847795 -1.16741 -2.25677 -3.1324 -3.96824
54.16 5.1744 7.87551 8.45323 5.69069 0.142658 -1.76527 -3.44014 -7.37608 -8.49758 -7.69186 -7.05549 -5.91354 -3.5407 -0.393774 0.970362 1.67338 3.16237 3.05757 1.21444 -0.594979 -1.70097 -2.73638 -3.69827
54.21 5.23176 7.8935 8.47058 5.94079 0.885936 -0.953083 -2.78924 -6.81788 -8.04142 -7.58862 -7.60224 -6.68865 -4.17663 -0.916209 0.599052 1.47177 3.10289 3.16327 1.52502 -0.0613902 -1.14102 -2.32362 -3.41062
54.26 5.20577 7.79947 8.42421 6.14232 1.59416 -0.194813 -2.19912 -6.20833 -7.46624 -7.36944 -8.02219 -7.35944 -4.78274 -1.49552 0.144032 1.20476 2.99863 3.22992 1.78737 0.430399 -0.583735 -1.89491 -3.10823
54.31 5.10936 7.61644 8.34365 6.2976 2.24784 0.507106 -1.66238 -5.563 -6.80114 -7.04307 -8.29681 -7.89736 -5.34369 -2.13672 -0.407445 0.864224 2.84741 3.26 2.00649 0.876953 -0.0323607 -1.44486 -2.78968
54.36 5.0496 7.35719 8.1363 6.36242 2.89241 1.16931 -1.17382 -4.91156 -6.09305 -6.63329 -8.41374 -8.27538 -5.83936 -2.83329 -1.05654 0.448914 2.64613 3.25006 2.18226 1.2726 0.508111 -0.965563 -2.44785
54.41 5.04311 7.00594 7.74612 6.3304 3.5328 1.7982 -0.721778 -4.27963 -5.39427 -6.18108 -8.37995 -8.47803 -6.24643 -3.56245 -1.78703 -0.033312 2.39398 3.19622 2.31256 1.6113 1.02488 -0.45589 -2.07139
54.46 5.01794 6.59229 7.26562 6.21758 4.08932 2.37526 -0.287999 -3.67102 -4.7377 -5.72649 -8.22018 -8.51019 -6.54919 -4.29292 -2.57057 -0.567964 2.09003 3.09184 2.39401 1.89155 1.50429 0.0758278 -1.6505
54.51 4.92423 6.13207 6.76327 6.04714 4.51208 2.87484 0.139062 -3.07544 -4.13646 -5.29987 -7.96679 -8.39296 -6.74221 -4.99036 -3.37017 -1.13507 1.73443 2.92909 2.42132 2.11314 1.93596 0.613705 -1.18444
54.56 4.74049 5.64215 6.2938 5.84341 4.76938 3.26305 0.558539 -2.47086 -3.58401 -4.91695 -7.64943 -8.15482 -6.83008 -5.62509 -4.14796 -1.71292 1.32958 2.70257 2.39033 2.27602 2.31311 1.13912 -0.682897
54.61 4.46957 5.12384 5.84652 5.63505 4.89308 3.50393 0.948498 -1.83783 -3.06055 -4.57958 -7.28971 -7.82357 -6.82377 -6.17645 -4.87204 -2.28224 0.878634 2.40967 2.29988 2.38134 2.63196 1.63553 -0.161102
54.66 4.12639 4.58782 5.42396 5.41895 4.89429 3.59162 1.28786 -1.16549 -2.5401 -4.28104 -6.90469 -7.42618 -6.73725 -6.63021 -5.51648 -2.8273 0.383412 2.04816 2.15031 2.43102 2.89073 2.09072 0.365551
54.71 3.72888 4.03816 5.01628 5.18019 4.78395 3.53909 1.55751 -0.457877 -1.99339 -4.00389 -6.51093 -6.995 -6.58911 -6.97458 -6.05781 -3.33549 -0.157287 1.61326 1.94015 2.42545 3.08838 2.4969 0.884373
54.76 3.28349 3.46105 4.5907 4.89345 4.57922 3.37617 1.7497 0.268519 -1.39246 -3.71769 -6.12192 -6.5675 -6.40473 -7.20264 -6.47542 -3.79546 -0.744318 1.09958 1.66506 2.36169 3.22394 2.84915 1.38375
54.81 2.78531 2.83309 4.10921 4.53437 4.29694 3.13865 1.8701 0.987606 -0.720357 -3.38213 -5.73852 -6.17265 -6.21062 -7.31859 -6.75962 -4.19884 -1.37417 0.505677 1.32019 2.23463 3.29634 3.14385 1.85133
54.86 2.22812 2.13551 3.54492 4.0887 3.95059 2.85868 1.93275 1.66253 0.0144137 -2.95663 -5.34212 -5.81864 -6.02521 -7.33726 -6.91679 -4.54353 -2.03634 -0.161471 0.903956 2.03912 3.30134 3.37433 2.27338
54.91 1.6108 1.36197 2.88889 3.5553 3.55138 2.56074 1.95346 2.25016 0.767445 -2.41617 -4.89406 -5.48992 -5.85448 -7.27824 -6.96585 -4.83289 -2.71405 -0.884736 0.423875 1.77458 3.22949 3.52579 2.63222
54.96 0.934118 0.513982 2.14463 2.94253 3.11182 2.26347 1.94549 2.71631 1.468 -1.76848 -4.34543 -5.15022 -5.69183 -7.15996 -6.93067 -5.07254 -3.38576 -1.63905 -0.104489 1.44542 3.06967 3.5789 2.90692
55.01 0.197102 -0.406316 1.31941 2.26193 2.64494 1.97852 1.91516 3.04665 2.04977 -1.05657 -3.65695 -4.74917 -5.51899 -6.99494 -6.83303 -5.26838 -4.02954 -2.39685 -0.662394 1.05854 2.81296 3.51656 3.07778
55.06 -0.600122 -1.3966 0.421179 1.52391 2.15799 1.70421 1.85746 3.24323 2.47606 -0.342225 -2.81624 -4.23116 -5.30652 -6.78744 -6.68921 -5.42564 -4.62718 -3.13434 -1.2343 0.619266 2.45382 3.3279 3.13035
55.11 -1.44941 -2.44863 -0.53836 0.738001 1.64586 1.41758 1.75367 3.31483 2.74081 0.313955 -1.8431 -3.54506 -5.01327 -6.53395 -6.51138 -5.54836 -5.16327 -3.8329 -1.81153 0.128154 1.98871 3.00757 3.05536
55.16 -2.32447 -3.54303 -1.5431 -0.0890644 1.09146 1.0816 1.57422 3.26577 2.85318 0.863065 -0.788891 -2.65914 -4.58779 -6.22106 -6.3071 -5.63838 -5.62286 -4.47611 -2.39003 -0.41688 1.4171 2.55517 2.84745
55.21 -3.02191 -4.59894 -2.65734 -1.00661 0.460223 0.666334 1.3044 3.10745 2.83195 1.27115 0.253174 -1.608 -3.99835 -5.82732 -6.07133 -5.68872 -5.98715 -5.04168 -2.95635 -1.00427 0.755614 1.98545 2.51187
55.26 -3.57301 -5.37423 -3.65711 -2.02289 -0.341059 0.0977792 0.907411 2.84349 2.70575 1.54037 1.18983 -0.487617 -3.24909 -5.32792 -5.78726 -5.68886 -6.24447 -5.51063 -3.49122 -1.60942 0.0386211 1.33093 2.06985
55.31 -4.05651 -5.95206 -4.40012 -2.97236 -1.28738 -0.639077 0.366023 2.47094 2.49252 1.68628 1.95217 0.582324 -2.37484 -4.69599 -5.428 -5.62687 -6.39441 -5.87675 -3.9823 -2.20983 -0.697921 0.628271 1.5499
55.36 -4.48895 -6.40374 -4.96206 -3.80222 -2.28792 -1.50364 -0.292481 2.01211 2.21728 1.73116 2.50616 1.49115 -1.44109 -3.9118 -4.95782 -5.48512 -6.44009 -6.14296 -4.42673 -2.79271 -1.42792 -0.0936755 0.977228
55.41 -4.86049 -6.71563 -5.34722 -4.40303 -3.28544 -2.53001 -1.06734 1.48696 1.90762 1.70261 2.85733 2.16902 -0.539788 -2.98911 -4.34863 -5.24467 -6.3811 -6.30978 -4.81989 -3.34571 -2.12913 -0.810592 0.374692
55.46 -5.13156 -6.87723 -5.57448 -4.80278 -4.14207 -3.63708 -1.97427 0.889668 1.56271 1.60831 3.02899 2.60238 0.247051 -1.97699 -3.59272 -4.89236 -6.21731 -6.37682 -5.15531 -3.85633 -2.78119 -1.50071 -0.236712
55.51 -5.28525 -6.89165 -5.66032 -5.05497 -4.79365 -4.57888 -2.92579 0.163555 1.13217 1.42072 3.03613 2.81027 0.866032 -0.948612 -2.71418 -4.43019 -5.955 -6.34567 -5.4236 -4.31001 -3.3629 -2.14092 -0.834433
55.56 -5.27205 -6.72561 -5.53573 -5.16203 -5.34741 -5.34041 -3.82241 -0.655295 0.620807 1.13731 2.90254 2.83265 1.30363 0.0282238 -1.75444 -3.86653 -5.6038 -6.22346 -5.6197 -4.70041 -3.86509 -2.71753 -1.40225
55.61 -5.07086 -6.33328 -5.13988 -5.12728 -5.87709 -5.99743 -4.64981 -1.5128 0.0468038 0.771535 2.66277 2.72182 1.57945 0.901282 -0.764605 -3.21035 -5.16852 -6.01623 -5.7403 -5.02768 -4.29214 -3.22992 -1.93429
55.66 -4.64558 -5.68137 -4.52356 -4.97609 -6.35019 -6.55311 -5.39569 -2.38466 -0.594836 0.322929 2.33874 2.52124 1.72581 1.63021 0.194165 -2.47333 -4.64481 -5.72318 -5.77953 -5.29132 -4.6532 -3.68409 -2.43052
55.71 -4.04242 -4.80779 -3.71859 -4.70415 -6.73645 -7.0048 -6.04665 -3.25026 -1.30592 -0.204876 1.94866 2.2648 1.77525 2.18694 1.05046 -1.68277 -4.02315 -5.33598 -5.72848 -5.48719 -4.95537 -4.08642 -2.89222
55.76 -3.31098 -3.77208 -2.7545 -4.29501 -7.03358 -7.36887 -6.57883 -4.079 -2.07557 -0.793965 1.51762 1.98345 1.75751 2.56521 1.73831 -0.893789 -3.30623 -4.8463 -5.57835 -5.60758 -5.19994 -4.43901 -3.31779
55.81 -2.49535 -2.62123 -1.66166 -3.68651 -7.2231 -7.70916 -6.96572 -4.83552 -2.90982 -1.43062 1.06999 1.70437 1.69956 2.78645 2.22873 -0.170714 -2.52054 -4.25627 -5.32687 -5.64622 -5.38438 -4.73969 -3.70356
55.86 -1.63535 -1.40799 -0.491726 -2.9202 -7.26356 -8.00361 -7.25203 -5.52497 -3.78682 -2.09951 0.614943 1.43128 1.60911 2.88012 2.53541 0.448834 -1.69637 -3.571 -4.9792 -5.61862 -5.50163 -4.96387 -4.04852
55.91 -0.765563 -0.192284 0.694342 -2.04775 -7.15339 -8.23199 -7.46063 -6.15318 -4.67553 -2.78321 0.151685 1.15211 1.48282 2.87323 2.68927 0.94792 -0.869913 -2.80967 -4.55412 -5.52383 -5.53726 -5.10619 -4.34762
55.96 0.0871487 0.97757 1.84364 -1.12284 -6.91613 -8.39115 -7.60097 -6.68139 -5.53432 -3.48048 -0.330661 0.849231 1.3132 2.78773 2.72582 1.3266 -0.0786221 -2.00709 -4.0799 -5.35326 -5.47869 -5.17349 -4.59263
56.01 0.902331 2.07485 2.92463 -0.188927 -6.59514 -8.4954 -7.69678 -7.00884 -6.25295 -4.20851 -0.863242 0.495044 1.09202 2.64373 2.68086 1.59724 0.641454 -1.21084 -3.58269 -5.12656 -5.33838 -5.15847 -4.76694
56.06 1.66197 3.08601 3.92093 0.723749 -6.18578 -8.41754 -7.77098 -7.33391 -6.75759 -4.8386 -1.43755 0.0849426 0.82201 2.45988 2.58657 1.78249 1.26861 -0.465002 -3.09103 -4.86526 -5.13694 -5.06863 -4.86311
56.11 2.35566 4.00679 4.8188 1.57258 -5.60834 -8.09718 -7.77996 -7.70623 -7.17354 -5.37804 -2.03167 -0.377914 0.50619 2.24839 2.46819 1.90978 1.80635 0.224173 -2.59465 -4.56648 -4.89331 -4.92277 -4.89024
56.16 2.98145 4.84725 5.62826 2.35058 -4.92176 -7.53682 -7.60562 -8.04809 -7.5974 -5.8903 -2.66331 -0.917662 0.129928 2.00689 2.33669 1.99652 2.25755 0.859948 -2.06354 -4.20535 -4.61344 -4.73646 -4.86095
56.21 3.53302 5.61461 6.36763 3.07785 -4.15257 -6.77761 -7.24079 -8.31164 -8.02467 -6.37698 -3.33199 -1.55186 -0.32227 1.72416 2.18818 2.0454 2.61653 1.43426 -1.48255 -3.75628 -4.28974 -4.51562 -4.78361
56.26 4.00093 6.30921 7.05383 3.77165 -3.33376 -5.86736 -6.68769 -8.46341 -8.4366 -6.82532 -4.02626 -2.28234 -0.853979 1.39248 2.01364 2.0516 2.87822 1.9318 -0.865001 -3.20896 -3.90549 -4.25603 -4.66057
56.31 4.38295 6.91916 7.68308 4.42678 -2.50942 -4.87492 -5.97607 -8.47666 -8.76158 -7.20949 -4.7462 -3.09602 -1.45202 1.01451 1.80799 2.01289 3.0454 2.33588 -0.255239 -2.58436 -3.44979 -3.95034 -4.49042
56.36 4.72372 7.37994 8.08644 4.91752 -1.66102 -3.85116 -5.16697 -8.33237 -8.91157 -7.47396 -5.49158 -3.96335 -2.08385 0.611962 1.58371 1.94312 3.13673 2.63883 0.286148 -1.94189 -2.94017 -3.60539 -4.27867
56.41 4.97892 7.68264 8.31688 5.30132 -0.839852 -2.88017 -4.35976 -7.97912 -8.85469 -7.64831 -6.2236 -4.84196 -2.72486 0.191925 1.34143 1.84901 3.17552 2.85985 0.740473 -1.32519 -2.40268 -3.23481 -4.03706
56.46 5.14587 7.85189 8.43648 5.61795 -0.0541213 -1.98465 -3.6198 -7.51145 -8.59433 -7.70024 -6.89648 -5.70005 -3.37339 -0.266845 1.05481 1.71615 3.17101 3.02308 1.12358 -0.743109 -1.84954 -2.84374 -3.77245
56.51 5.22546 7.89993 8.47264 5.88085 0.697502 -1.15713 -2.95164 -6.9689 -8.17358 -7.62814 -7.47282 -6.49716 -4.01435 -0.775367 0.703031 1.53016 3.12306 3.13986 1.44812 -0.198933 -1.28989 -2.43518 -3.48911
56.56 5.21999 7.83326 8.4406 6.09449 1.41555 -0.385348 -2.34666 -6.37126 -7.62649 -7.43827 -7.92757 -7.198 -4.62978 -1.33931 0.271169 1.28103 3.03059 3.21633 1.72258 0.304234 -0.731417 -2.01089 -3.1905
56.61 5.14 7.66946 8.36451 6.26136 2.08656 0.332255 -1.79656 -5.73318 -6.98126 -7.13844 -8.24173 -7.77331 -5.2041 -1.96419 -0.254174 0.960331 2.89187 3.25594 1.95284 0.763298 -0.178109 -1.5673 -2.87671
56.66 5.05601 7.4334 8.21116 6.35545 2.72235 1.00083 -1.29616 -5.07953 -6.2783 -6.74646 -8.39989 -8.1953 -5.71927 -2.64808 -0.878844 0.563955 2.70373 3.25688 2.14025 1.17319 0.366333 -1.09615 -2.54194
56.71 5.04442 7.10255 7.85718 6.34626 3.3732 1.64015 -0.836486 -4.44156 -5.57315 -6.30122 -8.40354 -8.444 -6.15129 -3.37135 -1.59021 0.0981418 2.46492 3.21496 2.28267 1.52725 0.890875 -0.594085 -2.17587
56.76 5.0295 6.70312 7.39307 6.25217 3.95662 2.23262 -0.399484 -3.82724 -4.9034 -5.84375 -8.27355 -8.51908 -6.4822 -4.10471 -2.36316 -0.424547 2.17454 3.12453 2.37738 1.82297 1.38143 -0.0668433 -1.76729
56.81 4.95661 6.25309 6.88947 6.09558 4.41856 2.75379 0.0284102 -3.2299 -4.28744 -5.4076 -8.04137 -8.43816 -6.70376 -4.8139 -3.16228 -0.98524 1.83232 2.97772 2.41937 2.06006 1.82659 0.471243 -1.31265
56.86 4.79643 5.76991 6.40982 5.89558 4.71727 3.17598 0.451406 -2.63004 -3.72406 -5.01286 -7.73835 -8.22871 -6.81807 -5.46723 -3.94904 -1.56218 1.44014 2.7683 2.40393 2.23835 2.21865 1.00172 -0.81919
56.91 4.54681 5.25884 5.95882 5.68823 4.87212 3.45566 0.850964 -2.00568 -3.19512 -4.66383 -7.38787 -7.91916 -6.8351 -6.04196 -4.68989 -2.13539 1.00105 2.49302 2.32908 2.35865 2.55318 1.50725 -0.301176
56.96 4.22018 4.72614 5.52937 5.47482 4.90431 3.58242 1.20537 -1.34377 -2.67656 -4.35635 -7.00784 -7.53617 -6.76797 -6.52249 -5.35754 -2.6881 0.517536 2.14994 2.19509 2.42285 2.82797 1.97432 0.225557
57.01 3.83535 4.18058 5.12029 5.24402 4.82111 3.56363 1.49425 -0.644139 -2.1394 -4.07592 -6.61469 -7.11014 -6.63372 -6.89657 -5.92821 -3.20714 -0.010977 1.73497 2.00121 2.43198 3.04191 2.39412 0.747644
57.06 3.40231 3.61251 4.70295 4.97211 4.63899 3.42582 1.70637 0.0794514 -1.55478 -3.79555 -6.22354 -6.67812 -6.45611 -7.1553 -6.37995 -3.68085 -0.585926 1.24241 1.74372 2.38401 3.19397 2.76107 1.25344
57.11 2.91832 2.99974 4.23899 4.63347 4.37525 3.20423 1.84418 0.803445 -0.90159 -3.47677 -5.83943 -6.27283 -6.26228 -7.29966 -6.69937 -4.0997 -1.20519 0.669398 1.41756 2.27413 3.28323 3.07147 1.73083
57.16 2.37652 2.32108 3.69747 4.21065 4.04432 2.9326 1.92022 1.49382 -0.180333 -3.07786 -5.44914 -5.90848 -6.07343 -7.34211 -6.8886 -4.45981 -1.86036 0.0201969 1.0198 2.09696 3.30674 3.32004 2.16655
57.21 1.77449 1.56703 3.06499 3.69927 3.65761 2.63729 1.95032 2.10794 0.574078 -2.5679 -5.01881 -5.57561 -5.89888 -7.30161 -6.96397 -4.7634 -2.53607 -0.690574 0.555188 1.85025 3.25616 3.49417 2.54418
57.26 1.11305 0.737895 2.34274 3.10583 3.2271 2.3383 1.94875 2.60772 1.29534 -1.94505 -4.50055 -5.24279 -5.7352 -7.19738 -6.94876 -5.01575 -3.2118 -1.43962 0.0375602 1.53734 3.12045 3.57508 2.84323
57.31 0.39167 -0.163966 1.53762 2.44158 2.76613 2.04956 1.92408 2.97349 1.91281 -1.24416 -3.85054 -4.86251 -5.56706 -7.04379 -6.86581 -5.2228 -3.8652 -2.19935 -0.514581 1.16478 2.8898 3.54448 3.04319
57.36 -0.390406 -1.13667 0.657294 1.71742 2.28415 1.77353 1.87457 3.20398 2.38103 -0.524246 -3.04847 -4.37965 -5.36791 -6.84728 -6.73285 -5.38999 -4.47692 -2.94458 -1.08431 0.738727 2.55785 3.38972 3.12801
57.41 -1.22779 -2.17422 -0.288034 0.942811 1.7797 1.49348 1.78515 3.30704 2.68702 0.152273 -2.10583 -3.74085 -5.0997 -6.60627 -6.56283 -5.52165 -5.03109 -3.65552 -1.6611 0.261059 2.12062 3.10417 3.08722
57.46 -2.10239 -3.25979 -1.28147 0.12631 1.23804 1.17336 1.62791 3.28918 2.83781 0.733177 -1.06567 -2.90717 -4.713 -6.31043 -6.36505 -5.62044 -5.51265 -4.31543 -2.24022 -0.270272 1.57626 2.68585 2.91434
57.51 -2.86296 -4.3561 -2.36762 -0.755106 0.634405 0.782918 1.38239 3.15707 2.8481 1.17909 -0.0101194 -1.89046 -4.16607 -5.93924 -6.13822 -5.68216 -5.9041 -4.90436 -2.81241 -0.849384 0.934929 2.1439 2.61052
57.56 -3.43931 -5.19813 -3.43001 -1.76625 -0.117528 0.260782 1.02296 2.92169 2.74717 1.48288 0.961411 -0.777035 -3.45586 -5.46923 -5.86822 -5.69607 -6.18997 -5.40015 -3.35753 -1.45274 0.228465 1.50771 2.19355
57.61 -3.93787 -5.81841 -4.22977 -2.73952 -1.03757 -0.437737 0.516245 2.57548 2.55425 1.65876 1.77372 0.317396 -2.60904 -4.87381 -5.531 -5.65118 -6.3676 -5.79328 -3.86083 -2.05621 -0.506166 0.814262 1.69119
57.66 -4.38252 -6.29717 -4.83302 -3.60614 -2.03054 -1.27051 -0.114048 2.13636 2.29211 1.72713 2.38265 1.27667 -1.68284 -4.12944 -5.09245 -5.53159 -6.44024 -6.08541 -4.31778 -2.64486 -1.24024 0.0947588 1.12998
57.71 -4.775 -6.65244 -5.26657 -4.27118 -3.0328 -2.25332 -0.859599 1.62642 1.98907 1.71516 2.78418 2.01773 -0.764347 -3.23898 -4.52036 -5.31769 -6.40839 -6.27832 -4.72508 -3.20718 -1.95139 -0.626007 0.532896
57.76 -5.07214 -6.84953 -5.53068 -4.71829 -3.94908 -3.35536 -1.72622 1.05177 1.65576 1.63864 3.00005 2.51319 0.0581441 -2.24407 -3.8015 -4.99455 -6.2713 -6.37118 -5.07622 -3.73018 -2.61847 -1.32542 -0.0783142
57.81 -5.25983 -6.90436 -5.65372 -5.00401 -4.64126 -4.36024 -2.68682 0.361554 1.25129 1.47805 3.04882 2.77671 0.723499 -1.21299 -2.95105 -4.55963 -6.03323 -6.36486 -5.36263 -4.19987 -3.22041 -1.98089 -0.681819
57.86 -5.29374 -6.78578 -5.5959 -5.15161 -5.20854 -5.15655 -3.59853 -0.440119 0.757644 1.21746 2.94809 2.84212 1.20703 -0.217641 -2.00828 -4.02148 -5.70408 -6.26526 -5.57751 -4.6067 -3.74338 -2.57469 -1.25838
57.91 -5.14361 -6.45825 -5.26497 -5.14745 -5.74559 -5.8395 -4.44566 -1.29092 0.199794 0.872763 2.73331 2.76115 1.52183 0.68638 -1.02117 -3.3885 -5.29039 -6.07958 -5.71794 -4.95024 -4.18929 -3.10357 -1.80002
57.96 -4.77423 -5.87301 -4.70164 -5.02706 -6.23702 -6.42116 -5.21298 -2.16041 -0.42349 0.445849 2.42951 2.58023 1.69845 1.45587 -0.0482534 -2.67121 -4.79054 -5.80915 -5.77884 -5.23049 -4.56667 -3.57227 -2.30547
58.01 -4.21149 -5.04982 -3.94174 -4.78558 -6.64712 -6.90013 -5.89044 -3.0302 -1.11736 -0.0626507 2.05443 2.33513 1.76997 2.05911 0.841674 -1.89062 -4.19494 -5.44725 -5.75202 -5.4445 -4.88381 -3.98782 -2.7763
58.06 -3.50879 -4.05136 -3.01678 -4.42074 -6.96525 -7.27862 -6.45782 -3.87226 -1.87179 -0.637833 1.63095 2.05682 1.76657 2.48286 1.57822 -1.09489 -3.50121 -4.9844 -5.62804 -5.58517 -5.14354 -4.35353 -3.21175
58.11 -2.71074 -2.92528 -1.95225 -3.86003 -7.18876 -7.62628 -6.87831 -4.64829 -2.69016 -1.26313 1.18642 1.77583 1.71745 2.74211 2.11989 -0.350209 -2.7308 -4.42014 -5.40274 -5.64491 -5.34371 -4.66825 -3.608
58.16 -1.85859 -1.72248 -0.796653 -3.1299 -7.2687 -7.93476 -7.18754 -5.35377 -3.55867 -1.92527 0.73287 1.50153 1.6353 2.86638 2.47204 0.298598 -1.91372 -3.75883 -5.0791 -5.63235 -5.47941 -4.91557 -3.96405
58.21 -0.988433 -0.501946 0.391095 -2.27937 -7.19606 -8.18149 -7.41506 -5.99793 -4.44721 -2.60667 0.272006 1.22535 1.51898 2.88348 2.66238 0.829484 -1.08464 -3.01466 -4.67058 -5.55679 -5.53896 -5.0776 -4.27544
58.26 -0.129227 0.682973 1.55365 -1.36326 -6.98702 -8.35581 -7.57175 -6.5683 -5.32198 -3.29479 -0.201399 0.931207 1.36112 2.81619 2.726 1.23899 -0.280344 -2.21866 -4.20716 -5.40439 -5.50395 -5.16566 -4.53634
58.31 0.697371 1.8005 2.65402 -0.428753 -6.68516 -8.47986 -7.67453 -6.93537 -6.08839 -4.02487 -0.720942 0.592217 1.15439 2.68627 2.69932 1.53584 0.460475 -1.41686 -3.71342 -5.19025 -5.38333 -5.17199 -4.73025
58.36 1.47304 2.83504 3.67398 0.493164 -6.3114 -8.45852 -7.75173 -7.24539 -6.64412 -4.68888 -1.28788 0.195181 0.895769 2.51077 2.61483 1.74073 1.11272 -0.655121 -3.21884 -4.93658 -5.19556 -5.10013 -4.84671
58.41 2.18365 3.77808 4.59693 1.36126 -5.76976 -8.20565 -7.79574 -7.61093 -7.06654 -5.24258 -1.87501 -0.252058 0.592817 2.30612 2.50096 1.88084 1.67302 0.0478617 -2.72713 -4.64983 -4.96183 -4.96704 -4.89054
58.46 2.82734 4.63829 5.42741 2.1558 -5.10828 -7.70287 -7.6694 -7.96707 -7.48844 -5.76077 -2.49617 -0.769318 0.234299 2.07353 2.37281 1.97744 2.1474 0.698058 -2.20765 -4.30789 -4.69159 -4.79022 -4.87499
58.51 3.39881 5.4241 6.1831 2.89418 -4.35789 -6.99106 -7.35421 -8.25402 -7.91603 -6.25498 -3.15602 -1.37824 -0.197388 1.80235 2.22931 2.03645 2.53143 1.29003 -1.63974 -3.88387 -4.38071 -4.57833 -4.8097
58.56 3.88928 6.13789 6.88155 3.59537 -3.54763 -6.11395 -6.84836 -8.43777 -8.33456 -6.71505 -3.8454 -2.08456 -0.708845 1.48376 2.06235 2.05437 2.81899 1.80953 -1.02877 -3.36199 -4.01399 -4.32959 -4.69865
58.61 4.28795 6.77298 7.53695 4.27101 -2.72443 -5.13713 -6.17268 -8.48753 -8.69754 -7.12139 -4.55429 -2.87764 -1.29243 1.11563 1.86355 2.02616 3.00977 2.24 -0.410521 -2.7528 -3.57643 -4.0359 -4.54066
58.66 4.64375 7.2778 8.00306 4.80396 -1.8785 -4.11284 -5.38165 -8.39614 -8.89131 -7.41331 -5.29838 -3.73669 -1.9194 0.717375 1.64291 1.9632 3.11876 2.56869 0.152734 -2.10943 -3.07822 -3.69975 -4.33861
58.71 4.92195 7.61849 8.26998 5.20972 -1.04866 -3.12424 -4.56355 -8.08497 -8.89211 -7.6155 -6.03806 -4.61462 -2.55759 0.304043 1.40757 1.87639 3.16974 2.80833 0.628595 -1.48455 -2.54661 -3.33515 -4.1039
58.76 5.11145 7.82036 8.41448 5.54168 -0.253717 -2.20919 -3.80461 -7.6419 -8.68024 -7.69995 -6.73041 -5.48193 -3.20526 -0.143189 1.13484 1.75523 3.17648 2.98528 1.02891 -0.893148 -1.99678 -2.94919 -3.84486
58.81 5.21348 7.89894 8.47044 5.81773 0.506421 -1.36541 -3.11856 -7.11633 -8.29724 -7.65949 -7.33468 -6.29863 -3.84996 -0.638142 0.801602 1.5842 3.14001 3.11356 1.36793 -0.338705 -1.43802 -2.54495 -3.56603
58.86 5.22931 7.86084 8.45431 6.04371 1.23355 -0.579945 -2.49814 -6.53156 -7.78013 -7.49947 -7.82299 -7.02754 -4.47366 -1.18712 0.391957 1.3524 3.05926 3.20011 1.65487 0.17554 -0.878687 -2.12484 -3.27119
58.91 5.16696 7.71905 8.38595 6.22237 1.91933 0.152439 -1.93439 -5.90225 -7.15729 -7.2272 -8.17554 -7.6383 -5.0602 -1.79569 -0.107823 1.05112 2.93283 3.2492 1.89637 0.646657 -0.323729 -1.68704 -2.96167
58.96 5.06661 7.50331 8.27348 6.34274 2.55276 0.829706 -1.42158 -5.24885 -6.46363 -6.85591 -8.37506 -8.10282 -5.59311 -2.46549 -0.707132 0.674185 2.75778 3.26071 2.09522 1.0702 0.223824 -1.22377 -2.63321
59.01 5.04537 7.19547 7.96214 6.35685 3.20852 1.47865 -0.9529 -4.60538 -5.7547 -6.4205 -8.41763 -8.39758 -6.04885 -3.18087 -1.39769 0.225628 2.53223 3.23029 2.24957 1.43944 0.755066 -0.729702 -2.2766
59.06 5.03709 6.81133 7.51895 6.28326 3.81559 2.08493 -0.511718 -3.98491 -5.07303 -5.96247 -8.31963 -8.51683 -6.40735 -3.91477 -2.15761 -0.28381 2.25537 3.15325 2.35716 1.75057 1.25589 -0.207972 -1.88
59.11 4.98324 6.37292 7.01898 6.141 4.3133 2.62666 -0.0824157 -3.3845 -4.44236 -5.51822 -8.11088 -8.47415 -6.65758 -4.63348 -2.95355 -0.836577 1.92664 3.02191 2.41347 2.00309 1.71393 0.328967 -1.43727
59.16 4.84667 5.89697 6.5296 5.94828 4.65523 3.07904 0.342654 -2.78771 -3.86663 -5.11182 -7.82374 -8.29535 -6.79906 -5.30389 -3.74699 -1.41126 1.54731 2.82932 2.4134 2.1968 2.12054 0.863247 -0.952892
59.21 4.61929 5.39334 6.07374 5.74174 4.84314 3.39725 0.750457 -2.17117 -3.33066 -4.75092 -7.48374 -8.00929 -6.8403 -5.90088 -4.50271 -1.98719 1.12023 2.57151 2.35416 2.33218 2.47054 1.37687 -0.439807
59.26 4.31068 4.86457 5.63718 5.53033 4.90708 3.56373 1.11853 -1.51973 -2.81207 -4.43358 -7.10984 -7.64278 -6.79368 -6.40727 -5.19186 -2.54663 0.64834 2.24653 2.23568 2.41095 2.7612 1.85513 0.086031
59.31 3.93928 4.32248 5.22472 5.30587 4.85222 3.58058 1.42591 -0.829002 -2.28251 -4.1481 -6.71846 -7.22454 -6.67495 -6.81033 -5.79023 -3.07565 0.131866 1.85102 2.05778 2.43461 2.99129 2.28807 0.610511
59.36 3.51844 3.76195 4.813 5.04709 4.69394 3.47035 1.6582 -0.109755 -1.71272 -3.87098 -6.32564 -6.79038 -6.50602 -7.0997 -6.27502 -3.56234 -0.43087 1.37934 1.8175 2.40204 3.15976 2.66941 1.12179
59.41 3.04821 3.16296 4.36451 4.72776 4.44976 3.26701 1.81434 0.616911 -1.0784 -3.56617 -5.94002 -6.37572 -6.31398 -7.27328 -6.62968 -3.9963 -1.03899 0.827435 1.5098 2.30895 3.26568 2.99511 1.60797
59.46 2.52172 2.50267 3.84496 4.32758 4.13503 3.00551 1.90491 1.31986 -0.373 -3.19171 -5.55364 -6.0005 -6.12237 -7.34079 -6.85203 -4.37189 -1.68604 0.197226 1.13082 2.14992 3.30707 3.26083 2.05615
59.51 1.93512 1.76823 3.23622 3.83876 3.76167 2.71421 1.94542 1.95788 0.378203 -2.71215 -5.13782 -5.66145 -5.94386 -7.32014 -6.95526 -4.68999 -2.35821 -0.499368 0.682676 1.9213 3.27696 3.45625 2.45103
59.56 1.28892 0.958183 2.53653 3.26548 3.34117 2.41451 1.9509 2.49006 1.1153 -2.11661 -4.64698 -5.33242 -5.77823 -7.23096 -6.96155 -4.95536 -3.03628 -1.24111 0.177168 1.62514 3.16464 3.5636 2.7729
59.61 0.583129 0.074906 1.75206 2.61836 2.88683 2.12221 1.93185 2.89132 1.76544 -1.43083 -4.03415 -4.96934 -5.61317 -7.08931 -6.89448 -5.17389 -3.69781 -2.00087 -0.367902 1.26743 2.95962 3.5638 3.00077
59.66 -0.183436 -0.879814 0.890334 1.90871 2.4098 1.84348 1.8896 3.15634 2.27487 -0.7096 -3.2716 -4.51817 -5.42498 -6.90379 -6.77326 -5.35123 -4.32237 -2.75232 -0.934584 0.854821 2.65462 3.44248 3.11709
59.71 -1.00768 -1.90173 -0.0396021 1.14604 1.91205 1.56751 1.81268 3.29143 2.62277 -0.0162024 -2.36241 -3.92414 -5.17869 -6.6748 -6.61182 -5.492 -4.89341 -3.4743 -1.51047 0.390541 2.24517 3.19158 3.11003
59.76 -1.87525 -2.97724 -1.02255 0.339878 1.38178 1.26105 1.67595 3.30496 2.81288 0.593876 -1.34157 -3.14294 -4.8276 -6.39465 -6.42066 -5.5994 -5.39576 -4.14954 -2.08968 -0.126839 1.72859 2.80782 2.97214
59.81 -2.69083 -4.08783 -2.07633 -0.515385 0.799287 0.891695 1.45379 3.20052 2.85715 1.07736 -0.279637 -2.16718 -4.32352 -6.04479 -6.20205 -5.6718 -5.81307 -4.75997 -2.66599 -0.695693 1.10992 2.2959 2.70144
59.86 -3.30024 -5.00688 -3.18288 -1.50444 0.0956408 0.412674 1.12917 2.99281 2.78265 1.41681 0.721796 -1.06854 -3.65417 -5.60256 -5.94475 -5.69894 -6.12736 -5.28187 -3.22025 -1.29548 0.416669 1.68071 2.31153
59.91 -3.81531 -5.67514 -4.04567 -2.49805 -0.791028 -0.244031 0.65922 2.67446 2.61176 1.6242 1.58119 0.0425158 -2.83857 -5.04206 -5.62745 -5.67029 -6.33302 -5.70217 -3.73549 -1.90098 -0.314032 0.998671 1.82863
59.96 -4.27295 -6.18485 -4.69386 -3.39526 -1.77195 -1.04564 0.0579479 2.25669 2.36474 1.71799 2.24492 1.04666 -1.92574 -4.33752 -5.21837 -5.57166 -6.43274 -6.02041 -4.2048 -2.49469 -1.05068 0.283288 1.28042
60.01 -4.68207 -6.57837 -5.17421 -4.12451 -2.77651 -1.98411 -0.656931 1.76337 2.06955 1.72395 2.69857 1.84936 -0.995991 -3.48214 -4.68261 -5.38348 -6.42811 -6.23938 -4.6258 -3.0654 -1.77026 -0.439714 0.690333
60.06 -5.00493 -6.81162 -5.47628 -4.6215 -3.73924 -3.07046 -1.48658 1.2088 1.74594 1.66444 2.96029 2.40824 -0.141714 -2.50885 -4.00161 -5.08932 -6.31808 -6.35822 -4.9922 -3.59992 -2.45095 -1.14693 0.0807309
60.11 -5.22398 -6.90537 -5.63612 -4.94327 -4.47891 -4.12679 -2.44356 0.553185 1.36528 1.52916 3.05159 2.72965 0.568362 -1.48 -3.18207 -4.68249 -6.10516 -6.37725 -5.29625 -4.08487 -3.072 -1.81625 -0.527095
60.16 -5.30286 -6.83491 -5.63814 -5.12869 -5.06666 -4.96467 -3.36993 -0.227518 0.890849 1.29253 2.98629 2.8418 1.09894 -0.469734 -2.25936 -4.1704 -5.79863 -6.30088 -5.5298 -4.50815 -3.61589 -2.42701 -1.11186
60.21 -5.19899 -6.56677 -5.37635 -5.16062 -5.61037 -5.67387 -4.23499 -1.06911 0.349277 0.969111 2.79823 2.79388 1.45487 0.46233 -1.2789 -3.5613 -5.40655 -6.13696 -5.68977 -4.86798 -4.08123 -2.97266 -1.66297
60.26 -4.89068 -6.04923 -4.86703 -5.07008 -6.11776 -6.28179 -5.02365 -1.93545 -0.256255 0.563767 2.51577 2.63507 1.66409 1.27027 -0.296366 -2.86487 -4.9298 -5.88875 -5.77184 -5.16468 -4.47553 -3.4564 -2.17777
60.31 -4.37196 -5.28114 -4.15477 -4.85963 -6.55096 -6.78778 -5.72621 -2.80756 -0.932207 0.075599 2.15727 2.40345 1.75981 1.91905 0.622254 -2.09748 -4.35998 -5.5515 -5.76865 -5.39636 -4.80783 -3.88536 -2.65763
60.36 -3.70103 -4.32304 -3.27037 -4.53169 -6.89131 -7.18772 -6.32362 -3.65996 -1.67277 -0.48473 1.74347 2.13063 1.77302 2.38937 1.40441 -1.29985 -3.69104 -5.11557 -5.67062 -5.55678 -5.08247 -4.26399 -3.10257
60.41 -2.92327 -3.22513 -2.23764 -4.02292 -7.14447 -7.54023 -6.78326 -4.4557 -2.47309 -1.09752 1.30266 1.84809 1.73337 2.68868 1.99801 -0.53631 -2.93771 -4.57722 -5.47163 -5.63801 -5.2983 -4.59208 -3.50934
60.46 -2.08142 -2.03685 -1.10042 -3.33225 -7.26351 -7.86132 -7.11736 -5.17793 -3.33105 -1.75177 0.850639 1.57201 1.65947 2.84545 2.39753 0.140255 -2.13003 -3.94073 -5.17276 -5.64169 -5.45179 -4.86059 -3.87602
60.51 -1.21281 -0.815121 0.0850766 -2.50743 -7.22955 -8.12558 -7.36439 -5.83789 -4.21756 -2.42982 0.392007 1.29778 1.55256 2.88803 2.62679 0.702801 -1.30072 -3.21583 -4.78334 -5.58403 -5.53346 -5.04347 -4.19939
60.56 -0.348495 0.382846 1.25846 -1.60342 -7.05256 -8.31778 -7.53855 -6.43452 -5.10047 -3.11484 -0.0763949 1.01011 1.40614 2.84072 2.7201 1.14363 -0.48641 -2.42993 -4.3326 -5.45127 -5.52272 -5.15135 -4.47475
60.61 0.488276 1.51964 2.37714 -0.67011 -6.77088 -8.45309 -7.65242 -6.85854 -5.90606 -3.83542 -0.582338 0.685274 1.21321 2.72563 2.71368 1.46813 0.273657 -1.6254 -3.84411 -5.25113 -5.42308 -5.17931 -4.68753
60.66 1.2789 2.57682 3.41939 0.257975 -6.42182 -8.48387 -7.73389 -7.16092 -6.52074 -4.53046 -1.13849 0.302671 0.966868 2.55975 2.64107 1.69466 0.950908 -0.848957 -3.34692 -5.00566 -5.25059 -5.12672 -4.82464
60.71 2.0066 3.54307 4.36806 1.14416 -5.92348 -8.29715 -7.79935 -7.51399 -6.9597 -5.10492 -1.72055 -0.130741 0.675883 2.36205 2.53281 1.84909 1.53415 -0.13166 -2.85748 -4.72924 -5.02742 -5.00765 -4.88608
60.76 2.66789 4.42366 5.22088 1.95668 -5.28905 -7.85501 -7.72063 -7.881 -7.37939 -5.62927 -2.33136 -0.626967 0.333843 2.13758 2.40789 1.9559 2.03126 0.532487 -2.34809 -4.40451 -4.76656 -4.84099 -4.88495
60.81 3.25873 5.22815 5.99412 2.7075 -4.55942 -7.19356 -7.45491 -8.18917 -7.80633 -6.13032 -2.98177 -1.21098 -0.0777468 1.87738 2.26891 2.02479 2.4398 1.141 -1.79363 -4.00435 -4.46743 -4.63798 -4.83201
60.86 3.7711 5.96076 6.70582 3.4169 -3.76092 -6.35403 -6.99762 -8.40286 -8.22956 -6.60083 -3.66484 -1.89224 -0.568515 1.57162 2.10885 2.05398 2.75311 1.68128 -1.19166 -3.50847 -4.11708 -4.3995 -4.73286
60.91 4.19447 6.61742 7.37145 4.09864 -2.93537 -5.39468 -6.36163 -8.48986 -8.62023 -7.02391 -4.36527 -2.66378 -1.13551 1.21509 1.91801 2.03737 2.9686 2.13695 -0.569808 -2.91877 -3.69852 -4.11807 -4.58726
60.96 4.55773 7.16403 7.90619 4.68182 -2.09845 -4.3782 -5.59461 -8.44097 -8.85733 -7.34856 -5.10512 -3.51073 -1.75486 0.822544 1.70174 1.98211 3.09695 2.49232 0.0130612 -2.27829 -3.21374 -3.79183 -4.39582
61.01 4.85881 7.54478 8.21474 5.11299 -1.26028 -3.37389 -4.77198 -8.18237 -8.91474 -7.57415 -5.84896 -4.38632 -2.39084 0.413896 1.47121 1.90149 3.16099 2.75262 0.511757 -1.64583 -2.68883 -3.43358 -4.16857
61.06 5.07102 7.78043 8.38641 5.46144 -0.456082 -2.43896 -3.9946 -7.76692 -8.75452 -7.69092 -6.55801 -5.26004 -3.03671 -0.0226811 1.21081 1.79096 3.17897 2.94418 0.930223 -1.04534 -2.14293 -3.05294 -3.91542
61.11 5.1956 7.89002 8.46327 5.75105 0.312752 -1.57795 -3.29006 -7.25984 -8.41183 -7.68256 -7.18837 -6.09378 -3.6839 -0.504455 0.895059 1.63416 3.15391 3.0844 1.28431 -0.48089 -1.58569 -2.65324 -3.64142
61.16 5.23331 7.88136 8.46433 5.98961 1.04851 -0.778406 -2.65356 -6.68888 -7.92657 -7.55291 -7.70894 -6.84873 -4.31477 -1.03886 0.506679 1.41907 3.0848 3.18135 1.58418 0.0442138 -1.02584 -2.23722 -3.3505
61.21 5.1898 7.764 8.40651 6.18022 1.74691 -0.0319247 -2.07578 -6.0696 -7.32838 -7.309 -8.09863 -7.49303 -4.91245 -1.63135 0.0316782 1.13671 2.97048 3.23998 1.83713 0.527031 -0.469427 -1.80462 -3.04499
61.26 5.08431 7.5659 8.31912 6.32252 2.38635 0.656832 -1.55021 -5.41919 -6.64817 -6.96097 -8.33923 -7.99837 -5.46138 -2.28591 -0.541628 0.77956 2.80841 3.26172 2.04725 0.963693 0.0805881 -1.34884 -2.72221
61.31 5.04712 7.28356 8.05847 6.36142 3.0401 1.31406 -1.07122 -4.7709 -5.93824 -6.5382 -8.42188 -8.33882 -5.93951 -2.99163 -1.20997 0.348936 2.59602 3.24248 2.2134 1.34785 0.617516 -0.862943 -2.37416
61.36 5.04151 6.91615 7.64125 6.30966 3.66682 1.93278 -0.624745 -4.14407 -5.24627 -6.08211 -8.35797 -8.50322 -6.32486 -3.72377 -1.95457 -0.146058 2.33263 3.17826 2.33355 1.67435 1.12773 -0.3476 -1.98907
61.41 5.00423 6.49066 7.14999 6.1821 4.19686 2.49419 -0.193354 -3.53954 -4.60123 -5.63146 -8.17492 -8.50058 -6.60372 -4.44969 -2.74467 -0.689427 2.01744 3.06187 2.40379 1.94226 1.59802 0.186931 -1.55853
61.46 4.89079 6.02257 6.65228 6.00049 4.58252 2.97266 0.232773 -2.94402 -4.01189 -5.21375 -7.90533 -8.35445 -6.77303 -5.13551 -3.5424 -1.26048 1.6511 2.8858 2.41885 2.1514 2.01881 0.723762 -1.08412
61.51 4.68636 5.52639 6.19011 5.79501 4.80592 3.32866 0.647358 -2.33431 -3.46743 -4.84087 -7.57708 -8.09368 -6.83932 -5.75358 -4.311 -1.83791 1.23622 2.64531 2.3752 2.30196 2.38404 1.24443 -0.57708
61.56 4.3972 5.00253 5.747 5.58521 4.90191 3.53496 1.0276 -1.69304 -2.94689 -4.5129 -7.21042 -7.74556 -6.81425 -6.28495 -5.01999 -2.40312 0.775931 2.33814 2.27219 2.39537 2.69046 1.73316 -0.0531116
61.61 4.04022 4.46359 5.32955 5.36565 4.87651 3.58909 1.35252 -1.01199 -2.42294 -4.22079 -6.82194 -7.33761 -6.71254 -6.71618 -5.6444 -2.94129 0.271317 1.96163 2.11002 2.43346 2.93658 2.17877 0.472942
61.66 3.6316 3.90925 4.9209 5.11824 4.74333 3.5088 1.60492 -0.298508 -1.86627 -3.94446 -6.42812 -6.90383 -6.55419 -7.03599 -6.16098 -3.44019 -0.279185 1.51048 1.88654 2.41594 3.12135 2.57418 0.988847
61.71 3.17466 3.32249 4.48558 4.81688 4.51977 3.32612 1.78016 0.42875 -1.25032 -3.65074 -6.04051 -6.48124 -6.36559 -7.23942 -6.55066 -3.88881 -0.875767 0.979738 1.597 2.33924 3.24379 2.91486 1.48289
61.76 2.66327 2.67977 3.98686 4.4389 4.22207 3.07667 1.88634 1.14145 -0.56245 -3.29828 -5.65612 -6.09497 -6.17211 -7.33322 -6.807 -4.27991 -1.51371 0.369335 1.23688 2.19803 3.30252 3.19699 1.94244
61.81 2.09222 1.96496 3.40187 3.973 3.86284 2.79081 1.93831 1.80055 0.181375 -2.84833 -5.25169 -5.74799 -5.98964 -7.33376 -6.93959 -4.6128 -2.18098 -0.311598 0.806023 1.98763 3.2921 3.41239 2.35315
61.86 1.46131 1.17423 2.72525 3.42069 3.45332 2.4915 1.9516 2.36344 0.929192 -2.28192 -4.78504 -5.41979 -5.82128 -7.26075 -6.969 -4.89153 -2.85974 -1.04408 0.313922 1.70866 3.2024 3.54477 2.69631
61.91 0.771049 0.309693 1.96199 2.79153 3.00643 2.19613 1.9383 2.79991 1.60832 -1.61512 -4.20753 -5.07029 -5.65775 -7.13165 -6.9191 -5.12189 -3.52788 -1.80195 -0.222749 1.36629 3.0225 3.57474 2.9508
61.96 0.0202064 -0.626749 1.1195 2.09706 2.53455 1.91404 1.90257 3.09998 2.15763 -0.896954 -3.48477 -4.64717 -5.47826 -6.95718 -6.81058 -5.30965 -4.16406 -2.55806 -0.785438 0.967413 2.74414 3.48627 3.09776
62.01 -0.789933 -1.63209 0.206066 1.34716 2.04269 1.63965 1.83645 3.26788 2.54786 -0.190446 -2.61145 -4.09493 -5.25084 -6.7398 -6.65851 -5.45975 -4.75083 -3.28978 -1.35994 0.516468 2.36229 3.26977 3.1239
62.06 -1.64848 -2.69574 -0.764989 0.55159 1.52249 1.34459 1.71817 3.31267 2.77801 0.445934 -1.61445 -3.36517 -4.93177 -6.47412 -6.47428 -5.57578 -5.27287 -3.97914 -1.9389 0.0130095 1.87367 2.92075 3.02075
62.11 -2.50333 -3.79881 -1.78926 -0.287594 0.955607 0.993539 1.51894 3.23751 2.85839 0.965746 -0.553524 -2.43577 -4.47 -6.14423 -6.26323 -5.65814 -5.71462 -4.60916 -2.51773 -0.543923 1.27976 2.44069 2.78416
62.16 -3.1554 -4.79845 -2.91329 -1.24012 0.295021 0.551803 1.22531 3.05647 2.81174 1.34185 0.472314 -1.35954 -3.84288 -5.72814 -6.01736 -5.69793 -6.05697 -5.1562 -3.07984 -1.13826 0.602424 1.84913 2.42316
62.21 -3.68861 -5.52092 -3.84703 -2.24938 -0.549645 -0.0591774 0.793955 2.76706 2.66431 1.58203 1.37515 -0.23998 -3.06166 -5.2007 -5.71793 -5.68473 -6.29099 -5.60374 -3.60662 -1.74463 -0.122178 1.18082 1.96164
62.26 -4.15969 -6.06517 -4.54388 -3.17541 -1.51433 -0.827381 0.223737 2.37257 2.43437 1.70297 2.09273 0.802582 -2.16756 -4.53532 -5.33585 -5.60576 -6.41798 -5.94837 -4.08824 -2.34271 -0.85988 0.47128 1.42799
62.31 -4.58211 -6.49239 -5.0692 -3.96231 -2.51787 -1.7243 -0.460635 1.89704 2.14869 1.72871 2.59999 1.66408 -1.23307 -3.71739 -4.83529 -5.44235 -6.44054 -6.19331 -4.52246 -2.9208 -1.58626 -0.252242 0.846511
62.36 -4.93111 -6.76484 -5.41253 -4.51238 -3.50826 -2.78343 -1.25884 1.3593 1.83285 1.68565 2.90924 2.28709 -0.351602 -2.76991 -4.19252 -5.17672 -6.35782 -6.33823 -4.90365 -3.46595 -2.27911 -0.965729 0.239961
62.41 -5.17886 -6.89552 -5.60848 -4.87369 -4.30586 -3.87554 -2.19604 0.736317 1.4729 1.57335 3.04363 2.66818 0.400798 -1.74835 -3.40628 -4.79854 -6.17081 -6.38301 -5.22486 -3.96533 -2.91798 -1.64737 -0.370645
62.46 -5.29935 -6.8715 -5.65871 -5.09494 -4.92445 -4.76485 -3.13628 -0.0178745 1.02048 1.36236 3.01646 2.83063 0.97885 -0.727137 -2.50656 -4.31295 -5.88749 -6.33053 -5.47701 -4.40509 -3.48278 -2.27468 -0.962925
62.51 -5.24332 -6.66016 -5.46999 -5.1656 -5.47224 -5.50077 -4.01861 -0.848468 0.494833 1.0602 2.85688 2.81911 1.37795 0.229967 -1.53635 -3.72821 -5.51705 -6.18865 -5.65631 -4.78132 -3.96813 -2.83735 -1.52334
62.56 -4.99352 -6.20882 -5.0192 -5.10496 -5.99302 -6.13504 -4.82801 -1.71037 -0.0933955 0.676339 2.59699 2.685 1.62207 1.0739 -0.548655 -3.05354 -5.06272 -5.96234 -5.7591 -5.09442 -4.38003 -3.33666 -2.04759
62.61 -4.52274 -5.5006 -4.35703 -4.92597 -6.44813 -6.66772 -5.55425 -2.58297 -0.750928 0.20931 2.25652 2.46906 1.74413 1.76678 0.393502 -2.30209 -4.51811 -5.64902 -5.77889 -5.34338 -4.72781 -3.77932 -2.53647
62.66 -3.88655 -4.58588 -3.51401 -4.62754 -6.81292 -7.09523 -6.18074 -3.44309 -1.47598 -0.334052 1.85469 2.20396 1.77594 2.28408 1.2175 -1.50703 -3.87479 -5.23959 -5.70633 -5.52304 -5.01734 -4.1709 -2.99069
62.71 -3.13216 -3.51977 -2.51685 -4.17407 -7.09048 -7.45162 -6.67976 -4.25749 -2.25933 -0.934328 1.41837 1.92099 1.74716 2.6256 1.86283 -0.728274 -3.14065 -4.72749 -5.53368 -5.62547 -5.24875 -4.51238 -3.40787
62.76 -2.30316 -2.34988 -1.40177 -3.52597 -7.24772 -7.78363 -7.04094 -4.99759 -3.10512 -1.57955 0.968344 1.64296 1.68159 2.81675 2.31134 -0.0258008 -2.3445 -4.11628 -5.26022 -5.64714 -5.41924 -4.79948 -3.78498
62.81 -1.43818 -1.1309 -0.222718 -2.73076 -7.25326 -8.06443 -7.30848 -5.67323 -3.98729 -2.2531 0.511641 1.36953 1.5836 2.8865 2.58192 0.567949 -1.51739 -3.41259 -4.8927 -5.60576 -5.52073 -5.00476 -4.12026
62.86 -0.570246 0.0777408 0.958778 -1.84216 -7.11121 -8.27599 -7.50083 -6.28699 -4.87413 -2.93779 0.0460967 1.08675 1.44825 2.86072 2.70733 1.04033 -0.695851 -2.63947 -4.45531 -5.49359 -5.53532 -5.13146 -4.40886
62.91 0.275552 1.23274 2.0945 -0.912235 -6.85185 -8.42309 -7.62793 -6.77054 -5.7121 -3.645 -0.446112 0.774615 1.26823 2.76126 2.72335 1.39385 0.0818723 -1.83495 -3.97368 -5.30879 -5.45773 -5.18105 -4.63971
62.96 1.07961 2.31138 3.15752 0.0195378 -6.51627 -8.49726 -7.71833 -7.08 -6.3841 -4.36167 -0.98955 0.407454 1.03536 2.60672 2.66488 1.64373 0.782834 -1.04681 -3.47582 -5.07293 -5.30217 -5.14868 -4.7973
63.01 1.82466 3.30174 4.13215 0.92139 -6.06909 -8.3711 -7.78972 -7.41762 -6.85339 -4.96437 -1.56785 -0.0132801 0.755847 2.41636 2.5636 1.81423 1.38974 -0.31438 -2.98621 -4.80531 -5.09041 -5.04499 -4.87738
63.06 2.50333 4.20345 5.00857 1.75303 -5.46387 -7.99288 -7.75926 -7.79042 -7.27037 -5.49584 -2.16902 -0.490464 0.428712 2.19917 2.442 1.93186 1.9093 0.363517 -2.48501 -4.49576 -4.83887 -4.88926 -4.89141
63.11 3.11305 5.02696 5.80061 2.51773 -4.75664 -7.38443 -7.5427 -8.11764 -7.69601 -6.00324 -2.80949 -1.05015 0.0366148 1.94934 2.30709 2.01051 2.34177 0.987579 -1.94378 -4.11791 -4.55054 -4.69518 -4.85122
63.16 3.64664 5.77817 6.52663 3.23625 -3.97272 -6.58639 -7.13484 -8.35907 -8.12216 -6.48302 -3.48518 -1.70599 -0.433289 1.65608 2.15331 2.05053 2.6806 1.54741 -1.35274 -3.64805 -4.21525 -4.4664 -4.76394
63.21 4.09417 6.45545 7.2029 3.92418 -3.14911 -5.65096 -6.54225 -8.48166 -8.52682 -6.92034 -4.18215 -2.45585 -0.98179 1.31266 1.97114 2.0463 2.92158 2.02692 -0.731759 -3.08096 -3.81573 -4.19699 -4.63067
63.26 4.46625 7.03863 7.7947 4.55018 -2.32023 -4.64626 -5.803 -8.4649 -8.81257 -7.28019 -4.9122 -3.28583 -1.59044 0.927407 1.76012 1.99958 3.07076 2.40927 -0.132532 -2.44759 -3.34629 -3.88161 -4.45058
63.31 4.78953 7.4614 8.15073 5.0109 -1.47464 -3.62889 -4.98432 -8.26975 -8.92187 -7.52489 -5.65729 -4.15784 -2.22477 0.521831 1.53285 1.92464 3.14919 2.69242 0.389756 -1.80885 -2.82921 -3.53025 -4.23141
63.36 5.02465 7.73215 8.35227 5.37735 -0.661221 -2.67421 -4.18985 -7.8858 -8.81631 -7.67324 -6.38004 -5.03525 -2.86815 0.094777 1.28303 1.82356 3.17855 2.89968 0.827418 -1.19953 -2.28785 -3.1551 -3.98445
63.41 5.17185 7.87328 8.45124 5.68102 0.116569 -1.79498 -3.46635 -7.39906 -8.51672 -7.6973 -7.03438 -5.88335 -3.51658 -0.374282 0.983618 1.68018 3.16481 3.05235 1.1972 -0.625342 -1.73271 -2.76011 -3.7155
63.46 5.23185 7.89467 8.47053 5.93238 0.860797 -0.980697 -2.81309 -6.84293 -8.06531 -7.59852 -7.58582 -6.66219 -4.15346 -0.894473 0.615555 1.48122 3.10729 3.16005 1.51049 -0.0896143 -1.17279 -2.34816 -3.42865
63.51 5.20827 7.80368 8.42557 6.13512 1.57021 -0.220505 -2.22084 -6.23484 -7.49382 -7.38358 -8.0114 -7.3381 -4.76127 -1.47126 0.164457 1.21722 3.0049 3.22834 1.77517 0.4046 -0.615103 -1.92027 -3.12694
63.56 5.11376 7.62271 8.34528 6.29168 2.22609 0.4836 -1.68211 -5.59016 -6.83107 -7.061 -8.29242 -7.88238 -5.32463 -2.10978 -0.382592 0.879985 2.85563 3.25994 1.99639 0.853879 -0.0630653 -1.47142 -2.80926
63.61 5.05079 7.36633 8.14497 6.36018 2.8694 1.14659 -1.19186 -4.93802 -6.12313 -6.6536 -8.41592 -8.26776 -5.82368 -2.80423 -1.02752 0.467835 2.65637 3.25169 2.17426 1.25256 0.478536 -0.993673 -2.46886
63.66 5.04381 7.0175 7.7591 6.33106 3.51125 1.77671 -0.738837 -4.30493 -5.42288 -6.20214 -8.38802 -8.47795 -6.23491 -3.53233 -1.7547 -0.0116163 2.40637 3.19978 2.30667 1.59437 0.997179 -0.485427 -2.09459
63.71 5.02 6.60563 7.28055 6.22055 4.07114 2.35554 -0.304792 -3.69532 -4.76396 -5.74689 -8.23289 -8.51701 -6.54224 -4.26317 -2.53637 -0.544203 2.10472 3.09777 2.39045 1.87764 1.47906 0.0455324 -1.67629
63.76 4.92886 6.14667 6.77792 6.05173 4.49878 2.85768 0.122142 -3.09941 -4.16028 -5.31869 -7.9828 -8.40554 -6.73984 -4.96248 -3.33585 -1.11015 1.75153 2.93788 2.42038 2.10219 1.91357 0.583606 -1.21261
63.81 4.74794 5.65756 6.30709 5.84823 4.76108 3.25015 0.541885 -2.49549 -3.60603 -4.9339 -7.66768 -8.17191 -6.83196 -5.60032 -4.11521 -1.68778 1.34907 2.71453 2.39225 2.26799 2.29379 1.11019 -0.71272
63.86 4.47949 5.14001 5.85914 5.63983 4.88865 3.49594 0.932938 -1.86372 -3.08161 -4.59466 -7.30935 -7.84401 -6.82942 -6.15575 -4.84235 -2.25777 0.900434 2.42498 2.30472 2.37617 2.61583 1.6086 -0.191647
63.91 4.13812 4.60421 5.43547 5.42391 4.89376 3.58864 1.27422 -1.19287 -2.56129 -4.29462 -6.92495 -7.4487 -6.74605 -6.61433 -5.49115 -2.80425 0.407525 2.06705 2.15812 2.42865 2.87787 2.06637 0.335142
63.96 3.74195 4.05488 5.02744 5.18608 4.78689 3.54054 1.54645 -0.486414 -2.0159 -4.01682 -6.53099 -7.01795 -6.60013 -6.96414 -6.0381 -3.31456 -0.130793 1.63603 1.95107 2.42591 3.07885 2.47551 0.854851
64.01 3.29787 3.47874 4.60277 4.90117 4.5851 3.38098 1.74138 0.239552 -1.41738 -3.73138 -6.14126 -6.58922 -6.41674 -7.19786 -6.46228 -3.77728 -0.715534 1.1264 1.67934 2.3652 3.21772 2.83091 1.35585
64.06 2.80124 2.85252 4.12338 4.54466 4.30528 3.14564 1.86422 0.959348 -0.748078 -3.39823 -5.75732 -6.19213 -6.22251 -7.31907 -6.75324 -4.18382 -1.34351 0.536422 1.338 2.24142 3.2934 3.12889 1.82579
64.11 2.24579 2.15716 3.56186 4.10186 3.96096 2.86678 1.92873 1.63657 -0.015227 -2.97656 -5.36142 -5.83587 -6.03632 -7.34214 -6.91658 -4.53174 -2.00464 -0.127547 0.925113 2.0493 3.30195 3.3631 2.25097
64.16 1.63025 1.38597 2.90874 3.57123 3.56331 2.56906 1.95069 2.22813 0.738217 -2.44041 -4.91561 -5.50581 -5.86463 -7.28652 -6.97074 -4.8242 -2.6825 -0.848903 0.44761 1.7879 3.23409 3.51911 2.6139
64.21 0.955428 0.540312 2.16723 2.96087 3.12478 2.27131 1.94348 2.69921 1.4421 -1.79604 -4.37107 -5.16639 -5.70129 -7.17071 -6.93943 -5.06673 -3.35572 -1.60294 -0.0793116 1.4614 3.07871 3.57768 2.89366
64.26 0.220375 -0.377655 1.34454 2.28227 2.65844 1.98554 1.91376 3.0347 2.02937 -1.08532 -3.6878 -4.76761 -5.52844 -7.0075 -6.8446 -5.26521 -4.00226 -2.36208 -0.636953 1.07661 2.82666 3.5214 3.07034
64.31 -0.574941 -1.36571 0.44854 1.54589 2.17189 1.71069 1.85702 3.23619 2.46201 -0.369693 -2.85225 -4.25392 -5.31702 -6.80145 -6.70271 -5.42485 -4.60363 -3.10224 -1.2095 0.639006 2.4722 3.33899 3.12909
64.36 -1.42276 -2.41595 -0.509286 0.761264 1.66054 1.42466 1.75505 3.31231 2.73295 0.289902 -1.88302 -3.57388 -5.02642 -6.54923 -6.52592 -5.54961 -5.14426 -3.80451 -1.78792 0.149359 2.0116 3.02477 3.06036
64.41 -2.2988 -3.50914 -1.5122 -0.0644884 1.10756 1.09048 1.57841 3.2676 2.85097 0.844012 -0.830243 -2.6947 -4.60553 -6.23791 -6.32196 -5.6413 -5.60899 -4.45231 -2.36798 -0.39443 1.44402 2.57796 2.8585
64.46 -3.00356 -4.5712 -2.62365 -0.977422 0.479883 0.678418 1.31181 3.11288 2.83418 1.25765 0.214161 -1.64798 -4.02144 -5.84636 -6.08636 -5.69314 -5.97881 -5.02332 -2.93662 -0.981499 0.785169 2.01247 2.52812
64.51 -3.5575 -5.35449 -3.63202 -1.99384 -0.31526 0.115786 0.919715 2.8527 2.71131 1.53173 1.15617 -0.528188 -3.27736 -5.3502 -5.80294 -5.69464 -6.24136 -5.49789 -3.47425 -1.5873 0.0690844 1.36041 2.08998
64.56 -4.04281 -5.93743 -4.38191 -2.94647 -1.25858 -0.616325 0.382681 2.48337 2.5004 1.68154 1.92594 0.54561 -2.40695 -4.72287 -5.44546 -5.63415 -6.39588 -5.8692 -3.96809 -2.189 -0.668007 0.658579 1.57256
64.61 -4.47667 -6.39227 -4.94886 -3.78169 -2.25838 -1.47642 -0.272094 2.02683 2.22626 1.72919 2.48793 1.46199 -1.47435 -3.94413 -4.97862 -5.49443 -6.44561 -6.14004 -4.41505 -2.77348 -1.39957 -0.0637364 1.00132
64.66 -4.85113 -6.70989 -5.3401 -4.3901 -3.25635 -2.49728 -1.04329 1.5033 1.91684 1.70246 2.8464 2.14911 -0.570827 -3.02627 -4.37399 -5.25667 -6.39031 -6.31107 -4.81064 -3.32844 -2.10321 -0.782029 0.399224
64.71 -5.12543 -6.87565 -5.57157 -4.79538 -4.12128 -3.60464 -1.94491 0.909142 1.57321 1.6104 3.0245 2.59152 0.220873 -2.01713 -3.62319 -4.90764 -6.22986 -6.38186 -5.1484 -3.84127 -2.75843 -1.47437 -0.212566
64.76 -5.28345 -6.89493 -5.66172 -5.05132 -4.77769 -4.55497 -2.89803 0.187645 1.14589 1.42641 3.03771 2.80748 0.846294 -0.989097 -2.74915 -4.44899 -5.97043 -6.35395 -5.41906 -4.29742 -3.3439 -2.11761 -0.811526
64.81 -5.27611 -6.73447 -5.54545 -5.16325 -5.33272 -5.32073 -3.79655 -0.629032 0.636808 1.14618 2.90892 2.83602 1.29035 -0.0102134 -1.79274 -3.88921 -5.62191 -6.23451 -5.61749 -4.69015 -3.84972 -2.69743 -1.38098
64.86 -5.08157 -6.35058 -5.1573 -5.1317 -5.86319 -5.98106 -4.62647 -1.48561 0.0651026 0.783498 2.67284 2.72939 1.57171 0.86716 -0.804084 -3.23703 -5.18953 -6.02996 -5.74061 -5.01963 -4.27993 -3.21281 -1.91477
64.91 -4.66291 -5.70679 -4.54745 -4.98424 -6.33861 -6.54004 -5.37506 -2.35701 -0.573826 0.338103 2.35171 2.53135 1.7223 1.60236 0.156493 -2.50372 -4.66946 -5.73993 -5.78273 -5.28553 -4.6436 -3.66956 -2.41272
64.96 -4.06458 -4.83926 -3.74796 -4.71601 -6.72785 -6.9952 -6.02946 -3.22306 -1.28238 -0.186921 1.96359 2.27602 1.77466 2.16659 1.01812 -1.71529 -4.05212 -5.35643 -5.73508 -5.4839 -4.94807 -4.0742 -2.87611
65.01 -3.33653 -3.80805 -2.78869 -4.31272 -7.02756 -7.36076 -6.56667 -4.05355 -2.04946 -0.773907 1.53335 1.99441 1.75858 2.55224 1.71394 -0.925642 -3.33931 -4.87095 -5.58876 -5.60713 -5.19489 -4.42896 -3.30345
65.06 -2.52295 -2.66017 -1.69926 -3.71007 -7.22145 -7.70199 -6.95792 -4.8126 -2.88127 -1.40888 1.08593 1.71448 1.70161 2.77971 2.21278 -0.199425 -2.55671 -4.28534 -5.34126 -5.64854 -5.38161 -4.73214 -3.69098
65.11 -1.66382 -1.44807 -0.530973 -2.94823 -7.26689 -7.99817 -7.2472 -5.50406 -3.75689 -2.07675 0.630926 1.44079 1.61219 2.87841 2.52698 0.424678 -1.73431 -3.6044 -4.99733 -5.62267 -5.50169 -4.96049 -4.03782
65.16 -0.793923 -0.231645 0.655416 -2.0785 -7.16146 -8.22884 -7.45824 -6.13428 -4.64537 -2.76002 0.167922 1.16182 1.48733 2.87548 2.68684 0.928815 -0.907982 -2.84635 -4.57456 -5.53075 -5.54146 -5.10604 -4.33894
65.21 0.0596369 0.94012 1.8064 -1.15471 -6.92764 -8.38964 -7.60057 -6.66931 -5.50679 -3.45539 -0.312841 0.860293 1.31955 2.79295 2.72778 1.31246 -0.11493 -2.0453 -4.10198 -5.36288 -5.4868 -5.17688 -4.58669
65.26 0.876301 2.03994 2.88981 -0.220784 -6.60905 -8.49719 -7.69683 -7.00127 -6.23306 -4.18432 -0.84325 0.508548 1.10073 2.65125 2.68573 1.58734 0.608356 -1.24852 -3.60547 -5.13813 -5.34971 -5.16545 -4.76438
65.31 1.638 3.05404 3.88913 0.693158 -6.205 -8.4266 -7.77117 -7.32442 -6.7447 -4.81925 -1.41637 0.100659 0.832747 2.46886 2.59294 1.77576 1.23957 -0.500505 -3.11393 -4.8784 -5.15051 -5.07854 -4.86399
65.36 2.33385 3.9776 4.79019 1.5445 -5.63208 -8.11521 -7.78532 -7.6962 -7.16154 -5.36065 -2.00925 -0.359517 0.519176 2.2585 2.47516 1.90517 1.78148 0.191046 -2.61897 -4.58218 -4.9085 -4.93471 -4.89398
65.41 2.96198 4.82057 5.60231 2.32458 -4.94879 -7.56246 -7.61745 -8.04009 -7.58544 -5.87404 -2.63937 -0.89571 0.145765 2.01834 2.34395 1.99357 2.2373 0.82982 -2.09026 -4.22493 -4.63025 -4.74982 -4.86703
65.46 3.51618 5.59032 6.34378 3.05327 -4.18199 -6.80949 -7.25944 -8.30698 -8.01297 -6.36206 -3.30681 -1.52604 -0.303327 1.73717 2.19583 2.04405 2.60131 1.408 -1.51158 -3.78067 -4.30877 -4.5303 -4.79168
65.51 3.98709 6.28747 7.03157 3.74804 -3.36409 -5.90344 -6.71284 -8.46331 -8.42598 -6.81231 -4.00044 -2.25292 -0.832077 1.40719 2.02203 2.05202 2.868 1.91017 -0.894894 -3.23802 -3.92762 -4.27236 -4.67058
65.56 4.3709 6.90104 7.66537 4.4068 -2.54005 -4.91294 -6.00604 -8.48159 -8.75699 -7.20019 -4.71859 -3.06351 -1.42811 1.03037 1.81697 2.0148 3.03952 2.3194 -0.283261 -2.61615 -3.4751 -3.96854 -4.50235
65.61 4.71404 7.36754 8.07632 4.90251 -1.69138 -3.88845 -5.19912 -8.34554 -8.9135 -7.46823 -5.46375 -3.92963 -2.05929 0.628322 1.59301 1.94605 3.13406 2.62702 0.261971 -1.97378 -2.96768 -3.62507 -4.29215
65.66 4.97225 7.67505 8.31119 5.28896 -0.868979 -2.91482 -4.39009 -7.99793 -8.86494 -7.64681 -6.19706 -4.80819 -2.6998 0.209424 1.35188 1.85325 3.17511 2.85139 0.72001 -1.35594 -2.43154 -3.25563 -4.05173
65.71 5.14212 7.84841 8.43378 5.60739 -0.0820456 -2.01654 -3.64744 -7.53368 -8.61139 -7.70353 -6.87307 -5.66791 -3.34827 -0.247485 1.06755 1.7224 3.17263 3.01714 1.10623 -0.772278 -1.87917 -2.86557 -3.78811
65.76 5.22464 7.9003 8.4723 5.87181 0.670652 -1.18673 -2.97676 -6.9935 -8.19594 -7.63611 -7.4539 -6.46835 -3.98994 -0.753809 0.718847 1.53894 3.12664 3.13596 1.43346 -0.226166 -1.31969 -2.45782 -3.50557
65.81 5.22191 7.83719 8.4421 6.08687 1.38989 -0.412942 -2.36952 -6.39758 -7.65301 -7.4507 -7.91411 -7.17396 -4.60687 -1.3153 0.290728 1.29274 3.03609 3.21413 1.71022 0.2792 -0.760963 -2.03428 -3.20761
65.86 5.14416 7.67603 8.36677 6.25519 2.06296 0.306844 -1.81736 -5.76052 -7.01071 -7.15495 -8.23454 -7.75529 -5.18337 -1.93749 -0.230298 0.975284 2.89931 3.25528 1.94254 0.74073 -0.207155 -1.59175 -2.89456
65.91 5.05737 7.44286 8.21985 6.353 2.6979 0.976497 -1.3151 -5.10652 -6.30861 -6.76589 -8.39936 -8.18443 -5.70164 -2.61908 -0.850722 0.58211 2.71322 3.2579 2.132 1.15339 0.338134 -1.12204 -2.56099
65.96 5.0448 7.11493 7.87117 6.34696 3.34978 1.61713 -0.854201 -4.46751 -5.60243 -6.32189 -8.40919 -8.4407 -6.13764 -3.34101 -1.55856 0.119177 2.47654 3.21783 2.27647 1.51041 0.864207 -0.62145 -2.1968
66.01 5.03097 6.71752 7.40964 6.25559 3.93655 2.21139 -0.416731 -3.85212 -4.93053 -5.86412 -8.28423 -8.52292 -6.47306 -4.07442 -2.3293 -0.401282 2.18841 3.12965 2.3734 1.80903 1.35693 -0.095162 -1.79062
66.06 4.96071 6.26898 6.90622 6.10099 4.40352 2.73517 0.0111607 -3.25427 -4.31211 -5.42656 -8.05571 -8.4481 -6.69926 -4.78516 -3.12789 -0.960619 1.84854 2.98553 2.4179 2.04897 1.80468 0.442832 -1.33834
66.11 4.80367 5.78676 6.42522 5.90163 4.70788 3.1616 0.434343 -2.65489 -3.74674 -5.02997 -7.75518 -8.24351 -6.81793 -5.44132 -3.91581 -1.53714 1.4587 2.77914 2.4052 2.23008 2.19959 0.97416 -0.846651
66.16 4.55693 5.27663 5.97348 5.69426 4.86708 3.4465 0.834948 -2.0317 -3.21664 -4.67905 -7.40632 -7.93762 -6.83886 -6.01986 -4.65932 -2.11081 1.02185 2.50707 2.33318 2.35315 2.53712 1.48137 -0.329562
66.21 4.23253 4.74429 5.54284 5.48099 4.90358 3.57873 1.19124 -1.37135 -2.698 -4.36996 -7.02716 -7.55712 -6.77506 -6.50492 -5.33088 -2.66473 0.540533 2.16737 2.20204 2.42005 2.81499 1.95072 0.197071
66.26 3.84931 4.19906 5.13318 5.25099 4.82423 3.56487 1.48275 -0.673018 -2.16195 -4.08867 -6.63408 -7.13204 -6.64329 -6.88417 -5.90668 -3.18563 0.014296 1.75605 2.01111 2.43189 3.03207 2.37321 0.719767
66.31 3.41774 3.6319 4.71653 4.98085 4.64539 3.43091 1.69777 0.0499455 -1.57959 -3.80876 -6.24239 -6.69928 -6.467 -7.14839 -6.36455 -3.66182 -0.558394 1.26738 1.75681 2.38679 3.18729 2.74308 1.22685
66.36 2.93545 3.02089 4.2546 4.64483 4.38437 3.2119 1.83825 0.774381 -0.929271 -3.4921 -5.85775 -6.29206 -6.27333 -7.29798 -6.6905 -4.08359 -1.17568 0.698234 1.43403 2.28002 3.27969 3.05652 1.70621
66.41 2.39556 2.3446 3.716 4.22508 4.0557 2.94169 1.91641 1.46674 -0.210339 -3.09688 -5.4678 -5.92555 -6.08387 -7.34493 -6.88585 -4.44674 -1.82957 0.0523739 1.03964 2.10615 3.30652 3.30846 2.14462
66.46 1.7955 1.5931 3.08667 3.71674 3.6708 2.64686 1.94798 2.08456 0.54381 -2.59142 -5.03945 -5.59124 -5.90846 -7.30796 -6.96636 -4.75326 -2.50499 -0.656116 0.577811 1.86261 3.2597 3.48672 2.52583
66.51 1.13606 0.766498 2.36744 3.12599 3.24156 2.34759 1.94734 2.58928 1.26778 -1.97243 -4.52512 -5.25852 -5.74414 -7.20635 -6.95513 -5.00833 -3.1817 -1.40434 0.0619888 1.55248 3.12822 3.57266 2.82944
66.56 0.416771 -0.132853 1.56509 2.46401 2.78134 2.05811 1.92337 2.9604 1.89046 -1.27343 -3.88045 -4.88035 -5.57602 -7.05472 -6.87511 -5.21786 -3.83727 -2.16479 -0.489452 1.18221 2.9021 3.54778 3.03479
66.61 -0.363212 -1.10312 0.687258 1.74173 2.29986 1.78147 1.8748 3.19605 2.36511 -0.552882 -3.08397 -4.40173 -5.37795 -6.85982 -6.74423 -5.38728 -4.45214 -2.91204 -1.05938 0.758038 2.57478 3.39908 3.1255
66.66 -1.19885 -2.13859 -0.256061 0.968616 1.79618 1.50183 1.7871 3.30388 2.67754 0.126601 -2.1459 -3.76909 -5.11238 -6.62032 -6.57551 -5.52091 -5.01024 -3.62602 -1.63692 0.282066 2.14213 3.11959 3.09079
66.71 -2.0726 -3.22289 -1.24819 0.153395 1.25595 1.18349 1.63273 3.29065 2.83432 0.712247 -1.10812 -2.9427 -4.73035 -6.32627 -6.37837 -5.62135 -5.49639 -4.2898 -2.21711 -0.247661 1.60208 2.70703 2.92396
66.76 -2.84162 -4.3232 -2.33004 -0.723649 0.655543 0.796006 1.39043 3.16246 2.84957 1.16394 -0.051064 -1.9314 -4.18909 -5.95748 -6.15204 -5.6847 -5.89305 -4.88362 -2.79111 -0.825957 0.963921 2.16975 2.62558
66.81 -3.42179 -5.17483 -3.39977 -1.73308 -0.0899237 0.279885 1.03598 2.93108 2.75243 1.47302 0.925291 -0.819708 -3.48455 -5.49089 -5.88296 -5.70021 -6.1841 -5.38469 -3.33861 -1.4295 0.258979 1.53658 2.21288
66.86 -3.92243 -5.80122 -4.20773 -2.70944 -1.00594 -0.413167 0.534192 2.5886 2.56238 1.65334 1.7449 0.277624 -2.64217 -4.90015 -5.54771 -5.6571 -6.36643 -5.78292 -3.8445 -2.03393 -0.475679 0.844482 1.71344
66.91 -4.36878 -6.28394 -4.81689 -3.58033 -1.99748 -1.24176 -0.0922272 2.15216 2.3019 1.72505 2.36213 1.24394 -1.71787 -4.16144 -5.11266 -5.53983 -6.44329 -6.07967 -4.30386 -2.62393 -1.21086 0.125071 1.15402
66.96 -4.76364 -6.64449 -5.25677 -4.25447 -3.00021 -2.21824 -0.833535 1.64427 1.99943 1.71528 2.77144 1.9944 -0.797705 -3.27618 -4.54532 -5.32891 -6.41542 -6.27688 -4.71357 -3.18801 -1.92405 -0.596663 0.557703
67.01 -5.06422 -6.84621 -5.52571 -4.70807 -3.92387 -3.31872 -1.69466 1.07243 1.6672 1.64098 2.99415 2.49939 0.0294091 -2.28473 -3.83181 -5.00937 -6.28203 -6.37371 -5.06709 -3.71309 -2.59392 -1.29791 -0.0535847
67.06 -5.25624 -6.90614 -5.65342 -4.9982 -4.62202 -4.33167 -2.65562 0.3871 1.26599 1.484 3.04933 2.77157 0.701303 -1.25438 -2.98612 -4.57821 -6.04725 -6.37097 -5.356 -4.18522 -3.19939 -1.95611 -0.658067
67.11 -5.29629 -6.79382 -5.6039 -5.15079 -5.1915 -5.13333 -3.56938 -0.411876 0.774855 1.2268 2.95385 2.84387 1.19171 -0.257226 -2.04687 -4.04399 -5.72107 -6.27447 -5.57338 -4.59448 -3.72598 -2.55299 -1.23614
67.16 -5.15255 -6.47426 -5.28175 -5.15103 -5.72946 -5.81993 -4.41904 -1.26143 0.21938 0.885305 2.74311 2.76771 1.51254 0.650829 -1.06131 -3.41498 -5.31041 -6.0917 -5.71646 -4.94035 -4.17512 -3.08484 -1.77946
67.21 -4.79114 -5.89814 -4.72549 -5.03451 -6.2231 -6.40516 -5.18926 -2.13041 -0.401217 0.46167 2.44247 2.58987 1.69391 1.42632 -0.0871692 -2.70141 -4.81409 -5.82439 -5.78032 -5.22292 -4.55521 -3.55615 -2.28658
67.26 -4.23409 -5.08211 -3.97183 -4.79708 -6.63632 -6.88784 -5.87024 -3.0005 -1.09241 -0.0438212 2.06971 2.34638 1.76883 2.03693 0.807382 -1.92329 -4.2227 -5.46616 -5.75694 -5.43947 -4.87472 -3.97399 -2.75903
67.31 -3.53548 -4.08895 -3.05228 -4.43769 -6.95728 -7.26879 -6.4421 -3.84401 -1.84459 -0.616814 1.64738 2.06831 1.76757 2.46824 1.55146 -1.12749 -3.5332 -5.00755 -5.63686 -5.58301 -5.13671 -4.34184 -3.19614
67.36 -2.74 -2.9665 -1.99185 -3.88368 -7.18503 -7.61723 -6.868 -4.6228 -2.66012 -1.24019 1.20322 1.78662 1.71959 2.734 2.10164 -0.379969 -2.76594 -4.4476 -5.41564 -5.64593 -5.33919 -4.65866 -3.59413
67.41 -1.88911 -1.76549 -0.838549 -3.15876 -7.27028 -7.92742 -7.18066 -5.33055 -3.52698 -1.90113 0.749729 1.51168 1.63851 2.86358 2.46157 0.273222 -1.95081 -3.79064 -5.09588 -5.63534 -5.47767 -4.90988 -3.95194
67.46 -1.01907 -0.544631 0.349068 -2.31159 -7.20286 -8.17651 -7.41086 -5.97686 -4.41511 -2.58201 0.289107 1.2356 1.52356 2.88484 2.65827 0.809177 -1.12208 -3.04993 -4.69018 -5.56247 -5.54098 -5.07534 -4.26528
67.51 -0.159122 0.642109 1.51315 -1.39707 -6.99803 -8.35303 -7.56991 -6.55195 -5.29124 -3.26915 -0.183334 0.942441 1.36747 2.82076 2.72669 1.22375 -0.316377 -2.25586 -4.2287 -5.41307 -5.50999 -5.16674 -4.52863
67.56 0.668888 1.76224 2.61599 -0.462745 -6.69888 -8.47851 -7.67402 -6.9269 -6.06367 -3.99804 -0.700842 0.605691 1.163 2.69327 2.70324 1.52505 0.427391 -1.45396 -3.73591 -5.20114 -5.3928 -5.17668 -4.72571
67.61 1.44665 2.79987 3.63903 0.460107 -6.32905 -8.46506 -7.75155 -7.23512 -6.62848 -4.66711 -1.26595 0.211047 0.906426 2.51932 2.62055 1.7334 1.08371 -0.690005 -3.24117 -4.94891 -5.20751 -5.10798 -4.84566
67.66 2.15958 3.74601 4.56547 1.33077 -5.79314 -8.22159 -7.79915 -7.59925 -7.05309 -5.22366 -1.85207 -0.23376 0.605593 2.31585 2.50748 1.87584 1.64801 0.0152775 -2.75037 -4.6643 -4.97552 -4.97714 -4.89244
67.71 2.80571 4.60897 5.39897 2.12774 -5.13545 -7.72724 -7.67947 -7.95712 -7.47497 -5.74296 -2.47167 -0.747598 0.249804 2.08455 2.3797 1.97414 2.1267 0.668159 -2.23299 -4.32575 -4.70686 -4.8019 -4.87932
67.76 3.3799 5.39735 6.15705 2.86779 -4.38793 -7.02244 -7.37136 -8.24725 -7.90264 -6.23841 -3.13014 -1.35261 -0.178745 1.81496 2.23665 2.03475 2.51544 1.26355 -1.66747 -3.90622 -4.39801 -4.59137 -4.81608
67.81 3.87347 6.11378 6.85731 3.57012 -3.57914 -6.15042 -6.87247 -8.43549 -8.32204 -6.70024 -3.81864 -2.05508 -0.687074 1.49815 2.07046 2.05442 2.80785 1.78727 -1.05784 -3.38902 -4.03415 -4.34424 -4.70698
67.86 4.27548 6.75199 7.51438 4.24687 -2.75543 -5.17575 -6.20237 -8.49073 -8.68977 -7.10938 -4.52605 -2.84488 -1.26827 1.13153 1.87253 2.02792 3.00308 2.22257 -0.438577 -2.78317 -3.59989 -4.0525 -4.551
67.91 4.63242 7.26283 7.99034 4.78695 -1.91055 -4.15213 -5.41459 -8.40642 -8.88992 -7.40584 -5.26961 -3.70225 -1.89425 0.733938 1.65231 1.96611 3.11547 2.55604 0.128203 -2.14036 -3.10407 -3.71798 -4.35066
67.96 4.91382 7.60895 8.26272 5.19602 -1.07948 -3.16106 -4.59538 -8.10236 -8.89935 -7.61188 -6.01007 -4.57983 -2.532 0.321447 1.41778 1.88038 3.16878 2.79926 0.607915 -1.51441 -2.57385 -3.35454 -4.11722
68.01 5.10646 7.8154 8.41076 5.53009 -0.283246 -2.24306 -3.83367 -7.66325 -8.69503 -7.70123 -6.70516 -5.44832 -3.17944 -0.124046 1.14709 1.76105 3.17751 2.9788 1.01141 -0.921512 -2.02486 -2.96959 -3.85921
68.06 5.21162 7.89818 8.46944 5.80786 0.478061 -1.39677 -3.1449 -7.14034 -8.3179 -7.66564 -7.31367 -6.26794 -3.82466 -0.616859 0.816758 1.59242 3.14298 3.10917 1.35312 -0.365257 -1.46639 -2.56619 -3.58125
68.11 5.23046 7.86404 8.4555 6.03545 1.20638 -0.609209 -2.52207 -6.55753 -7.8054 -7.51026 -7.80724 -7.00127 -4.44964 -1.16344 0.410675 1.36342 3.06414 3.19747 1.64239 0.151046 -0.906892 -2.14681 -3.28709
68.16 5.17066 7.72546 8.38838 6.21567 1.89401 0.125331 -1.95617 -5.92953 -7.18602 -7.24231 -8.16589 -7.61772 -5.03816 -1.76936 -0.084936 1.0653 2.93965 3.24812 1.88593 0.624441 -0.351534 -1.70994 -2.97827
68.21 5.06891 7.51225 8.28025 6.33935 2.52783 0.804158 -1.44139 -5.27625 -6.49396 -6.87444 -8.37209 -8.08911 -5.57387 -2.43669 -0.679921 0.691621 2.76666 3.26128 2.08677 1.05055 0.196667 -1.24801 -2.65085
68.26 5.04578 7.20787 7.97561 6.35688 3.1837 1.45436 -0.971212 -4.63184 -5.78448 -6.44076 -8.42108 -8.39142 -6.03339 -3.15049 -1.36677 0.246028 2.54322 3.23266 2.24314 1.42261 0.729173 -0.755411 -2.29589
68.31 5.03805 6.82602 7.53589 6.28639 3.79373 2.06237 -0.529342 -4.01026 -5.10089 -5.9828 -8.32847 -8.51801 -6.39633 -3.88412 -2.12416 -0.261025 2.26857 3.15774 2.35287 1.73656 1.23192 -0.23477 -1.90151
68.36 4.98666 6.38944 7.037 6.14611 4.2961 2.60689 -0.0998597 -3.40918 -4.4678 -5.53739 -8.12375 -8.48175 -6.65122 -4.60404 -2.91917 -0.812233 1.94214 3.02895 2.41158 1.99185 1.69235 0.301845 -1.46108
68.41 4.85333 5.91455 6.5463 5.95481 4.64424 3.06304 0.325257 -2.81262 -3.88986 -5.12914 -7.83935 -8.30814 -6.79719 -5.27702 -3.71339 -1.38631 1.56509 2.83926 2.41414 2.18831 2.10164 0.836719 -0.978561
68.46 4.6291 5.41194 6.08953 5.74833 4.83705 3.38665 0.733986 -2.19714 -3.35252 -4.76631 -7.50118 -8.02606 -6.84248 -5.87759 -4.47139 -1.96251 1.1402 2.58452 2.35764 2.3264 2.45449 1.35176 -0.466562
68.51 4.32308 4.88372 5.65184 5.53705 4.90557 3.55886 1.10382 -1.54726 -2.8336 -4.44725 -7.12835 -7.66239 -6.79935 -6.38829 -5.16409 -2.52297 0.670419 2.26275 2.24191 2.40779 2.74809 1.83207 0.0589995
68.56 3.95356 4.34198 5.2386 5.31327 4.85489 3.58107 1.41379 -0.857991 -2.30489 -4.16068 -6.73726 -7.24557 -6.68335 -6.79628 -5.76716 -3.05366 0.156116 1.8707 2.06684 2.43406 2.98118 2.2675 0.583889
68.61 3.53432 3.78227 4.82732 5.05613 4.70021 3.47516 1.64907 -0.139591 -1.73716 -3.88367 -6.34407 -6.81114 -6.51605 -7.091 -6.25771 -3.54262 -0.404416 1.40274 1.82957 2.40421 3.15267 2.65156 1.0962
68.66 3.06588 3.18498 4.38071 4.7394 4.459 3.2748 1.80806 0.587219 -1.10571 -3.58062 -5.95791 -6.39485 -6.32445 -7.2698 -6.61868 -3.97931 -1.01052 0.854616 1.52513 2.31408 3.26162 2.98013 1.58407
68.71 2.54142 2.52712 3.86412 4.34241 4.14674 3.01504 1.90095 1.29176 -0.402964 -3.2096 -5.57165 -6.01752 -6.1324 -7.34191 -6.84713 -4.35781 -1.65609 0.22785 1.14947 2.15822 3.30615 3.24896 2.03459
68.76 1.95694 1.79541 3.25872 3.85685 3.7754 2.72446 1.94314 1.93316 0.347301 -2.73457 -5.15746 -5.67687 -5.95309 -7.32494 -6.95561 -4.67875 -2.32765 -0.466178 0.704253 1.93276 3.27956 3.44813 2.43264
68.81 1.31287 0.988065 2.56229 3.28653 3.3564 2.42468 1.94971 2.47015 1.08635 -2.14333 -4.67026 -5.34765 -5.7868 -7.23854 -6.96604 -4.94674 -3.00625 -1.20665 0.200835 1.63947 3.17126 3.56011 2.75864
68.86 0.609283 0.107451 1.78082 2.64192 2.90301 2.13175 1.93144 2.87684 1.74125 -1.46016 -4.06272 -4.98635 -5.62168 -7.09896 -6.90203 -5.16766 -3.66948 -1.96661 -0.343175 1.28418 2.97063 3.56573 2.9915
68.91 -0.155038 -0.844661 0.921821 1.93437 2.42659 1.85236 1.89008 3.14722 2.25702 -0.739009 -3.30604 -4.53917 -5.43445 -6.91515 -6.78304 -5.34714 -4.29671 -2.71955 -0.909704 0.873608 2.67018 3.45025 3.11342
68.96 -0.977304 -1.86424 -0.00582368 1.17343 1.92959 1.57655 1.81474 3.2873 2.61153 -0.0432148 -2.402 -3.95119 -5.19063 -6.68777 -6.62311 -5.48982 -4.87122 -3.44403 -1.48601 0.411172 2.26531 3.20531 3.11225
69.01 -1.84366 -2.93814 -0.987175 0.36869 1.40069 1.27167 1.68074 3.30559 2.80785 0.571231 -1.38438 -3.17747 -4.84399 -6.40949 -6.4328 -5.59888 -5.37771 -4.12261 -2.06595 -0.104402 1.75318 2.82737 2.98034
69.06 -2.6656 -4.0479 -2.03648 -0.484245 0.82042 0.904925 1.4619 3.2055 2.8576 1.06047 -0.322092 -2.20826 -4.34589 -6.06217 -6.21489 -5.67292 -5.79983 -4.73731 -2.64352 -0.671928 1.13821 2.32053 2.71529
69.11 -3.2806 -4.97921 -3.14743 -1.46857 0.123478 0.431641 1.14198 3.00178 2.7872 1.4055 0.683464 -1.11251 -3.68257 -5.62337 -5.95866 -5.7018 -6.11922 -5.26418 -3.19982 -1.27146 0.44704 1.70887 2.32998
69.16 -3.79814 -5.65483 -4.01976 -2.46475 -0.757826 -0.218797 0.67748 2.68755 2.61961 1.61773 1.54979 0.000288616 -2.87198 -5.0675 -5.64338 -5.67509 -6.32968 -5.68951 -3.71748 -1.87762 -0.283193 1.02867 1.85036
69.21 -4.25765 -6.16925 -4.67466 -3.36618 -1.73669 -1.01573 0.0805625 2.27293 2.37474 1.71532 2.22187 1.01069 -1.96184 -4.36871 -5.23775 -5.57891 -6.43378 -6.01239 -4.18915 -2.47246 -1.02055 0.313791 1.30427
69.26 -4.66886 -6.5679 -5.16155 -4.10414 -2.74125 -1.9479 -0.629857 1.78199 2.08051 1.7239 2.68371 1.82261 -1.03124 -3.51892 -4.70682 -5.39389 -6.4333 -6.23572 -4.61251 -3.04474 -1.74178 -0.409783 0.715274
69.31 -4.99541 -6.80641 -5.46911 -4.60841 -3.709 -3.03082 -1.45462 1.22989 1.75781 1.66664 2.95266 2.39134 -0.172817 -2.54965 -4.03136 -5.10351 -6.32724 -6.35869 -4.98131 -3.58119 -2.42492 -1.11847 0.105891
69.36 -5.21867 -6.90539 -5.63394 -4.93542 -4.45644 -4.0933 -2.4095 0.579132 1.38016 1.53477 3.05057 2.72185 0.543648 -1.52212 -3.2169 -4.70066 -6.11795 -6.38156 -5.28795 -4.06852 -3.04924 -1.79019 -0.502623
69.41 -5.30364 -6.84151 -5.64325 -5.12574 -5.04798 -4.93819 -3.33795 -0.198003 0.908729 1.30187 2.99104 2.84159 1.08136 -0.510463 -2.29801 -4.19255 -5.81463 -6.30859 -5.52416 -4.49435 -3.59674 -2.40392 -1.08876
69.46 -5.20635 -6.58163 -5.39155 -5.16274 -5.59226 -5.65126 -4.20553 -1.03802 0.36956 0.981722 2.80734 2.7991 1.44377 0.425284 -1.31952 -3.58742 -5.42566 -6.14777 -5.6869 -4.85663 -4.06541 -2.95253 -1.64149
69.51 -4.90652 -6.07342 -4.89016 -5.07635 -6.10167 -6.26302 -4.99718 -1.90366 -0.23327 0.579739 2.52834 2.6439 1.65822 1.23888 -0.336379 -2.89474 -4.95235 -5.90274 -5.772 -5.15577 -4.46257 -3.43894 -2.15793
69.56 -4.39435 -5.31351 -4.18481 -4.87029 -6.53803 -6.77288 -5.70323 -2.77585 -0.906393 0.0948057 2.1725 2.41439 1.7578 1.89482 0.586075 -2.13016 -4.38661 -5.56912 -5.77226 -5.39004 -4.79735 -3.87022 -2.63938
69.61 -3.72818 -4.36136 -3.30616 -4.5465 -6.88181 -7.17675 -6.30489 -3.62935 -1.64458 -0.462982 1.76033 2.14235 1.77362 2.37281 1.37517 -1.3331 -3.72198 -5.13738 -5.67815 -5.55337 -5.07432 -4.25101 -3.08593
69.66 -2.95358 -3.2678 -2.27835 -4.04582 -7.13853 -7.52955 -6.77048 -4.4279 -2.44209 -1.07382 1.32002 1.85933 1.73538 2.67895 1.97729 -0.567174 -2.97198 -4.60333 -5.48328 -5.63784 -5.29254 -4.58127 -3.49444
69.71 -2.11341 -2.08194 -1.14408 -3.36109 -7.26306 -7.85222 -7.10847 -5.15266 -3.29813 -1.72669 0.868158 1.58266 1.66261 2.84132 2.38484 0.113536 -2.16646 -3.97115 -5.18844 -5.644 -5.44874 -4.85312 -3.86285
69.76 -1.24521 -0.860393 0.0407149 -2.54035 -7.23472 -8.11883 -7.35843 -5.81487 -4.18395 -2.40406 0.409756 1.3084 1.55704 2.88833 2.62085 0.681119 -1.33777 -3.24994 -4.80236 -5.58876 -5.53377 -5.03975 -4.18819
69.81 -0.380307 0.339209 1.21538 -1.63845 -7.06268 -8.31376 -7.53519 -6.414 -5.06744 -3.08901 -0.0582097 1.02145 1.41238 2.84453 2.71936 1.12706 -0.522459 -2.46634 -4.35371 -5.45924 -5.52721 -5.15081 -4.46579
69.86 0.457805 1.47864 2.33654 -0.705551 -6.78401 -8.4505 -7.65076 -6.84773 -5.8786 -3.80727 -0.561812 0.698744 1.22157 2.73198 2.71653 1.45626 0.240413 -1.66195 -3.86627 -5.26148 -5.43119 -5.1824 -4.68167
69.91 1.25045 2.53894 3.38183 0.223119 -6.43777 -8.48804 -7.73299 -7.15028 -6.50234 -4.50623 -1.11601 0.318582 0.977399 2.5679 2.64611 1.68656 0.921562 -0.88368 -3.36907 -5.01757 -5.26145 -5.13316 -4.82224
69.96 1.98064 3.5086 4.33424 1.11174 -5.94654 -8.31076 -7.80018 -7.50113 -6.94516 -5.08459 -1.69727 -0.112625 0.688403 2.37142 2.53888 1.84356 1.50877 -0.164043 -2.88005 -4.74292 -5.04014 -5.01657 -4.8868
70.01 2.64444 4.39217 5.19039 1.92696 -5.31622 -7.8778 -7.72848 -7.86932 -7.36472 -5.61013 -2.3065 -0.605635 0.348919 2.14816 2.41441 1.95216 2.00995 0.502581 -2.3724 -4.42112 -4.78084 -4.85163 -4.88821
70.06 3.23805 5.19938 5.96629 2.6797 -4.58977 -7.22399 -7.47009 -8.18045 -7.79162 -6.11234 -2.95542 -1.18576 -0.0595507 1.88955 2.27592 2.02267 2.42295 1.11416 -1.8203 -4.02508 -4.48356 -4.65003 -4.83741
70.11 3.75355 5.9347 6.68001 3.39038 -3.79321 -6.39033 -7.02017 -8.39844 -8.21546 -6.58445 -3.63742 -1.86304 -0.547081 1.58562 2.11665 2.05359 2.74095 1.65828 -1.22004 -3.53382 -4.13582 -4.41309 -4.74022
70.16 4.18049 6.59441 7.34715 4.07302 -2.96761 -5.43404 -6.39048 -8.49096 -8.60935 -7.00989 -4.33686 -2.63115 -1.11136 1.23087 1.92685 2.03884 2.96097 2.11849 -0.597921 -2.9479 -3.7205 -4.13358 -4.59664
70.21 4.54493 7.14675 7.8911 4.663 -2.13199 -4.4191 -5.62742 -8.44694 -8.85336 -7.3403 -5.07571 -3.47569 -1.72914 0.839373 1.71126 1.98492 3.09292 2.47862 -0.0120733 -2.30859 -3.23835 -3.8091 -4.40703
70.26 4.84933 7.53346 8.2061 5.09818 -1.29247 -3.41248 -4.80491 -8.198 -8.919 -7.5687 -5.81981 -4.35079 -2.36487 0.431211 1.48122 1.90525 3.15944 2.74283 0.490614 -1.67517 -2.71489 -3.45202 -4.1811
70.31 5.06485 7.77406 8.38183 5.44907 -0.486889 -2.47451 -4.02484 -7.78717 -8.76697 -7.69035 -6.53118 -5.22526 -3.01039 -0.00378385 1.2226 1.79635 3.17942 2.9371 0.912355 -1.07325 -2.16989 -3.07238 -3.92902
70.36 5.19272 7.88813 8.46171 5.74058 0.28323 -1.61078 -3.31744 -7.2831 -8.4307 -7.68698 -7.16549 -6.06151 -3.65788 -0.483486 0.909575 1.64182 3.15629 3.07948 1.26919 -0.507086 -1.61303 -2.67352 -3.65589
70.41 5.23366 7.88373 8.46524 5.98087 1.02021 -0.808997 -2.6784 -6.71433 -7.95048 -7.56211 -7.69112 -6.82052 -4.28984 -1.01556 0.524588 1.42944 3.08911 3.17824 1.57142 0.0199661 -1.05312 -2.25821 -3.36566
70.46 5.19298 7.77003 8.40907 6.17314 1.72029 -0.0603792 -2.09839 -6.09664 -7.35619 -7.32267 -8.08671 -7.47017 -4.88931 -1.60546 0.0535965 1.15015 2.97672 3.23846 1.82643 0.504923 -0.496382 -1.82644 -3.0608
70.51 5.08785 7.57435 8.324 6.31813 2.36131 0.6304 -1.57078 -5.44681 -6.67829 -6.97847 -8.33392 -7.98207 -5.44077 -2.25743 -0.515359 0.796272 2.81671 3.26182 2.03849 0.943975 0.0541473 -1.37187 -2.73891
70.56 5.04765 7.29589 8.07153 6.36094 3.01412 1.2887 -1.09008 -4.79775 -5.96832 -6.55791 -8.42316 -8.32997 -5.92246 -2.96134 -1.17983 0.368684 2.60642 3.24435 2.20665 1.33083 0.592105 -0.887407 -2.39229
70.61 5.0421 6.9311 7.65859 6.31251 3.64336 1.9091 -0.642709 -4.16984 -5.27476 -6.10232 -8.36497 -8.50184 -6.3121 -3.69286 -1.92159 -0.123767 2.34522 3.18217 2.32888 1.6601 1.10401 -0.373261 -2.00921
70.66 5.007 6.50759 7.16896 6.18734 4.17794 2.47311 -0.211028 -3.56449 -4.62735 -5.65078 -8.18631 -8.50591 -6.59562 -4.41964 -2.71036 -0.665378 2.0323 3.06821 2.40143 1.93073 1.57651 0.160742 -1.58092
70.71 4.89689 6.04078 6.67031 6.00749 4.56988 2.95513 0.215122 -2.96896 -4.03569 -5.23132 -7.91978 -8.3653 -6.76951 -5.10774 -3.50847 -1.23561 1.66821 2.89493 2.41905 2.14257 1.99984 0.69792 -1.10843
70.76 4.69585 5.54567 6.20698 5.80217 4.79876 3.31657 0.630469 -2.36019 -3.48967 -4.8565 -7.59357 -8.10882 -6.83997 -5.72915 -4.27898 -1.8131 1.2555 2.65742 2.37808 2.2958 2.36781 1.21977 -0.602633
70.81 4.40962 5.02259 5.76289 5.59251 4.8995 3.52877 1.01232 -1.72044 -2.96855 -4.52673 -7.22818 -7.76385 -6.81854 -6.26461 -4.99117 -2.37916 0.797276 2.35336 2.27777 2.3918 2.67707 1.71035 -0.079115
70.86 4.0548 4.48402 5.34446 5.37347 4.87859 3.58861 1.33974 -1.04097 -2.44519 -4.23335 -6.84023 -7.35775 -6.71977 -6.70056 -5.6199 -2.91881 0.294753 1.98014 2.11834 2.43244 2.92608 2.15827 0.447173
70.91 3.64789 3.93038 4.93592 5.12751 4.74928 3.51308 1.59516 -0.32854 -1.89035 -3.95682 -6.44621 -6.92418 -6.56335 -7.02556 -6.14188 -3.41978 -0.253592 1.53257 1.89776 2.41755 3.1138 2.55627 0.963911
70.96 3.19277 3.34518 4.50223 4.82865 4.52895 3.33381 1.7734 0.398575 -1.27719 -3.66448 -6.0581 -6.5003 -6.37548 -7.2342 -6.53765 -3.87095 -0.848123 1.00554 1.61135 2.34368 3.23919 2.89969 1.4594
71.01 2.68348 2.70488 4.00639 4.45387 4.23391 3.08643 1.88211 1.11248 -0.592213 -3.31513 -5.67366 -6.11201 -6.18175 -7.3327 -6.80007 -4.26486 -1.48442 0.398655 1.25451 2.20554 3.30095 3.18475 1.92103
71.06 2.11465 1.99289 3.42485 3.99139 3.87689 2.80156 1.93595 1.77456 0.150058 -2.86966 -5.27051 -5.76331 -5.99856 -7.33708 -6.93802 -4.6005 -2.15081 -0.279473 0.826697 1.99829 3.29387 3.40361 2.33456
71.11 1.48596 1.205 2.75167 3.44226 3.46907 2.50238 1.9505 2.34205 0.899051 -2.30787 -4.80712 -5.43463 -5.82951 -7.26701 -6.97174 -4.88181 -2.82972 -1.0103 0.336933 1.72226 3.20801 3.5403 2.68147
71.16 0.797962 0.343233 1.9916 2.81583 3.02333 2.2065 1.93807 2.78396 1.58235 -1.64433 -4.23473 -5.08654 -5.66583 -7.14011 -6.92507 -5.11448 -3.49915 -1.76791 -0.198357 1.38245 3.03236 3.57539 2.94062
71.21 0.0494499 -0.590476 1.15202 2.12365 2.55217 1.92373 1.9032 3.08955 2.1378 -0.926973 -3.51801 -4.66706 -5.48715 -6.96743 -6.8189 -5.30433 -4.1376 -2.52504 -0.760576 0.98575 2.75849 3.49259 3.09294
71.26 -0.758528 -1.59328 0.241118 1.37569 2.06102 1.64921 1.83851 3.26266 2.53476 -0.218687 -2.65033 -4.12064 -5.26197 -6.75173 -6.6685 -5.45629 -4.72743 -3.25881 -1.33522 0.536764 2.38122 3.28197 3.12482
71.31 -1.61558 -2.65503 -0.728067 0.581661 1.54211 1.35552 1.72274 3.3123 2.77132 0.421626 -1.6573 -3.3984 -4.94707 -6.48793 -6.48532 -5.57397 -5.25323 -3.95107 -1.91466 0.0352463 1.89715 2.93881 3.02758
71.36 -2.47486 -3.75667 -1.74856 -0.25539 0.977291 1.00694 1.52687 3.24175 2.85752 0.94702 -0.597125 -2.47636 -4.49131 -6.16058 -6.27509 -5.65794 -5.69943 -4.58485 -2.49437 -0.520014 1.30729 2.46412 2.79677
71.41 -3.13404 -4.76687 -2.87191 -1.20199 0.321814 0.569864 1.23745 3.06476 2.8154 1.32896 0.431976 -1.40428 -3.8706 -5.74794 -6.03036 -5.69952 -6.04672 -5.13652 -3.05814 -1.11365 0.63259 1.87659 2.44072
71.46 -3.67004 -5.49792 -3.81725 -2.21303 -0.515635 -0.0339216 0.811996 2.77972 2.67159 1.5743 1.34121 -0.284204 -3.09491 -5.22506 -5.73291 -5.68834 -6.2856 -5.58897 -3.58716 -1.72037 -0.09106 1.2106 1.98286
71.51 -4.14313 -6.0476 -4.5217 -3.14319 -1.47745 -0.796887 0.24662 2.38885 2.44427 1.69947 2.06707 0.763632 -2.20431 -4.56542 -5.35419 -5.61187 -6.41707 -5.93826 -4.07108 -2.31939 -0.82909 0.501969 1.45165
71.56 -4.56728 -6.47932 -5.05347 -3.93782 -2.48042 -1.68793 -0.433252 1.91599 2.15997 1.72826 2.58284 1.63393 -1.26992 -3.75348 -4.85848 -5.45171 -6.4439 -6.18757 -4.50756 -2.89882 -1.55675 -0.221739 0.871607
71.61 -4.92013 -6.7579 -5.40329 -4.49617 -3.4733 -2.74196 -1.22705 1.38049 1.84496 1.68755 2.8997 2.26699 -0.384932 -2.8106 -4.22139 -5.18998 -6.36532 -6.33671 -4.89115 -3.44577 -2.25175 -0.936381 0.265547
71.66 -5.17184 -6.89369 -5.6043 -4.86352 -4.28043 -3.83814 -2.16002 0.7622 1.48771 1.57848 3.04097 2.65764 0.373608 -1.79101 -3.44055 -4.81598 -6.18219 -6.38552 -5.21498 -3.94746 -2.89365 -1.62014 -0.34549
71.71 -5.29808 -6.87615 -5.66047 -5.08986 -4.90436 -4.73593 -3.1022 0.0124812 1.03877 1.37151 3.02003 2.82832 0.958949 -0.768913 -2.54503 -4.33449 -5.90233 -6.33667 -5.46989 -4.38982 -3.462 -2.25028 -0.938997
71.76 -5.24921 -6.67264 -5.48278 -5.16641 -5.45258 -5.47585 -3.98695 -0.816224 0.515539 1.07268 2.86518 2.82288 1.36493 0.191479 -1.57723 -3.75378 -5.53512 -6.19808 -5.65202 -4.76858 -3.95077 -2.81591 -1.50098
71.81 -5.00779 -6.23112 -5.04088 -5.11002 -5.97502 -6.11398 -4.79935 -1.6773 -0.0700532 0.692189 2.609 2.69289 1.61474 1.0407 -0.589554 -3.08293 -5.0842 -5.97501 -5.75787 -5.08418 -4.36566 -3.31794 -2.02686
71.86 -4.5444 -5.53215 -4.38628 -4.93562 -6.43322 -6.65056 -5.52895 -2.54972 -0.72466 0.22855 2.27147 2.47952 1.7411 1.74048 0.355628 -2.33461 -4.54358 -5.66529 -5.78109 -5.33574 -4.716 -3.76298 -2.51731
71.91 -3.91359 -4.62417 -3.54955 -4.64159 -6.80164 -7.08216 -6.15965 -3.41074 -1.44714 -0.312 1.87162 2.21564 1.77592 2.26545 1.18592 -1.54071 -3.9046 -5.25998 -5.71243 -5.51831 -5.00792 -4.15674 -2.97312
71.96 -3.16288 -3.56303 -2.55786 -4.19594 -7.08261 -7.4395 -6.66463 -4.2277 -2.22774 -0.910167 1.43609 1.93253 1.74888 2.61412 1.83959 -0.760184 -3.17405 -4.75222 -5.54393 -5.62397 -5.24176 -4.50042 -3.39203
72.01 -2.336 -2.3962 -1.44638 -3.55437 -7.24538 -7.77297 -7.03019 -4.97056 -3.07136 -1.55381 0.986359 1.65398 1.68454 2.81117 2.29634 -0.0538806 -2.38033 -4.14534 -5.27461 -5.6485 -5.41486 -4.79042 -3.77087
72.06 -1.47175 -1.178 -0.268695 -2.76391 -7.25682 -8.05611 -7.30092 -5.64853 -3.95253 -2.2265 0.529873 1.38041 1.58787 2.88562 2.57403 0.54481 -1.55414 -3.44553 -4.91091 -5.60941 -5.5193 -4.99964 -4.10813
72.11 -0.60344 0.0319373 0.913689 -1.87796 -7.12014 -8.27052 -7.49604 -6.26475 -4.83963 -2.91097 0.0647161 1.0982 1.4542 2.86356 2.70502 1.02234 -0.731959 -2.675 -4.47566 -5.50056 -5.53824 -5.12937 -4.3988
72.16 0.243566 1.18947 2.05174 -0.948832 -6.8644 -8.41948 -7.6253 -6.7569 -5.68173 -3.61606 -0.425496 0.787857 1.27619 2.76683 2.72503 1.38075 0.0482314 -1.87112 -3.99543 -5.31839 -5.46441 -5.18254 -4.63255
72.21 1.04953 2.27124 3.11777 -0.016712 -6.53108 -8.49924 -7.71657 -7.06889 -6.36272 -4.33532 -0.966725 0.423264 1.04564 2.61437 2.66914 1.63466 0.752861 -1.08161 -3.49781 -5.08429 -5.31183 -5.15364 -4.79354
72.26 1.79708 3.26512 4.09612 0.887117 -6.09098 -8.38163 -7.78819 -7.40429 -6.8381 -4.94289 -1.54425 0.00467541 0.768107 2.42535 2.56918 1.80804 1.36376 -0.346789 -3.00824 -4.81818 -5.1021 -5.05265 -4.87686
72.31 2.47832 4.17004 4.97616 1.7217 -5.49046 -8.0134 -7.76501 -7.77737 -7.25483 -5.47573 -2.14401 -0.469638 0.443273 2.20929 2.44812 1.9276 1.88725 0.333461 -2.50841 -4.51116 -4.85212 -4.89882 -4.89355
72.36 3.09082 4.99642 5.77114 2.48861 -4.78678 -7.41327 -7.55588 -8.10726 -7.68032 -5.98417 -2.78289 -1.02551 0.0542292 1.961 2.31372 2.00787 2.32395 0.96028 -1.96946 -4.13709 -4.56551 -4.70619 -4.85556
72.41 3.62755 5.75041 6.49941 3.20861 -4.00531 -6.62188 -7.15564 -8.35274 -8.10682 -6.46537 -3.45734 -1.67728 -0.412372 1.6696 2.16071 2.0496 2.66731 1.5236 -1.38044 -3.67175 -4.23261 -4.47889 -4.77024
72.46 4.07863 6.43072 7.17737 3.89755 -3.18233 -5.69062 -6.57001 -8.48064 -8.5129 -6.90484 -4.15391 -2.42359 -0.957821 1.3282 1.97974 2.04733 2.91283 2.0073 -0.759926 -3.10882 -3.83625 -4.21136 -4.63899
72.51 4.45228 7.01879 7.77633 4.52908 -2.35428 -4.68785 -5.83547 -8.46913 -8.80618 -7.26953 -4.88203 -3.25058 -1.56461 0.944121 1.76947 2.00205 3.06581 2.39441 -0.158307 -2.47725 -3.36965 -3.89784 -4.4608
72.56 4.7787 7.44803 8.14015 4.99472 -1.50787 -3.66892 -5.01812 -8.28365 -8.9232 -7.51751 -5.62712 -4.12175 -2.19852 0.539029 1.54264 1.92808 3.14694 2.68169 0.367901 -1.8379 -2.85423 -3.54777 -4.24308
72.61 5.01726 7.72417 8.34644 5.36401 -0.693072 -2.71123 -4.2212 -7.905 -8.82639 -7.67073 -6.35174 -4.99948 -2.84144 0.113385 1.29433 1.82846 3.17832 2.89184 0.808963 -1.22722 -2.31386 -3.17363 -3.99722
72.66 5.16786 7.87005 8.4488 5.66978 0.0860643 -1.8291 -3.49476 -7.42162 -8.53378 -7.69992 -7.0097 -5.84965 -3.48996 -0.35367 0.997453 1.68722 3.16651 3.04675 1.18156 -0.651423 -1.75924 -2.77952 -3.72917
72.71 5.23122 7.89594 8.47085 5.923 0.831537 -1.01245 -2.83882 -6.86789 -8.08782 -7.60606 -7.566 -6.63217 -4.12772 -0.87158 0.632629 1.49086 3.11091 3.15633 1.49726 -0.113852 -1.19937 -2.3683 -3.44306
72.76 5.21071 7.80901 8.42794 6.12752 1.54247 -0.250132 -2.24425 -6.26159 -7.52063 -7.39578 -7.99729 -7.31311 -4.73713 -1.44583 0.185384 1.22984 3.01047 3.22625 1.76402 0.382383 -0.641443 -1.94117 -3.14198
72.81 5.11863 7.6308 8.34816 6.2858 2.2011 0.456468 -1.70341 -5.61792 -6.86082 -7.07736 -8.28481 -7.86364 -5.30277 -2.08168 -0.357328 0.895888 2.86323 3.25943 1.98716 0.833911 -0.0889997 -1.49344 -2.82512
72.86 5.05159 7.37811 8.15675 6.35893 2.84275 1.12034 -1.21131 -4.96525 -6.15342 -6.67266 -8.41502 -8.2563 -5.80511 -2.77408 -0.998239 0.486842 2.6661 3.25296 2.16701 1.23514 0.453395 -1.0171 -2.48595
72.91 5.04402 7.03229 7.77615 6.33332 3.48645 1.75207 -0.757153 -4.33112 -5.45196 -6.22218 -8.39316 -8.47404 -6.22048 -3.50124 -1.72227 0.0100862 2.41828 3.203 2.30147 1.57965 0.973491 -0.510159 -2.11353
72.96 5.02192 6.62256 7.29992 6.22561 4.05059 2.33328 -0.322675 -3.72057 -4.7908 -5.76635 -8.2428 -8.52008 -6.53243 -4.23257 -2.50222 -0.520537 2.11888 3.10333 2.38748 1.86561 1.45739 0.0200655 -1.69742
73.01 4.93402 6.1651 6.7969 6.05888 4.48436 2.83874 0.104309 -3.12441 -4.18471 -5.33656 -7.9961 -8.41447 -6.73467 -4.93384 -3.30166 -1.08543 1.76794 2.94612 2.4199 2.09282 1.89431 0.558231 -1.23576
73.06 4.75667 5.677 6.32448 5.8558 4.75291 3.23653 0.524595 -2.52128 -3.6287 -4.94986 -7.68327 -8.18545 -6.83107 -5.57477 -4.08256 -1.66292 1.36764 2.72569 2.39441 2.26127 2.27715 1.08576 -0.737276
73.11 4.49142 5.16053 5.87594 5.64752 4.88519 3.48828 0.917128 -1.8909 -3.10341 -4.60874 -7.3264 -7.86101 -6.83233 -6.1341 -4.81255 -2.23356 0.921052 2.43917 2.30954 2.37202 2.60195 1.58581 -0.216848
73.16 4.15249 4.62517 5.45115 5.43199 4.89503 3.587 1.26077 -1.2217 -2.58341 -4.30726 -6.94276 -7.46794 -6.7521 -6.59719 -5.46533 -2.78135 0.430178 2.08442 2.16562 2.427 2.8668 2.04571 0.309987
73.21 3.75818 4.07644 5.04292 5.1954 4.79231 3.54406 1.536 -0.516481 -2.03958 -4.02896 -6.5488 -7.03787 -6.6084 -6.95204 -6.01733 -3.29354 -0.106028 1.65685 1.96138 2.42681 3.07064 2.45729 0.830327
73.26 3.31595 3.50168 4.61955 4.91281 4.59398 3.38834 1.73405 0.209079 -1.44369 -3.74449 -6.15863 -6.60822 -6.42605 -7.19095 -6.44738 -3.75865 -0.688696 1.15086 1.69267 2.36883 3.21239 2.81532 1.33254
73.31 2.82145 2.87779 4.14288 4.55946 4.31701 3.15543 1.85961 0.929718 -0.777407 -3.41408 -5.7745 -6.20928 -6.2318 -7.31695 -6.74437 -4.16788 -1.31489 0.564451 1.35454 2.248 3.29101 3.11609 1.80431
73.36 2.26831 2.1853 3.58485 4.12017 3.97506 2.87782 1.9262 1.60949 -0.0466253 -2.9967 -5.37954 -5.8512 -6.04497 -7.34404 -6.9132 -4.51851 -1.97492 -0.0965157 0.944783 2.05902 3.30275 3.35349 2.23199
73.41 1.65508 1.41706 2.93531 3.5929 3.57931 2.58046 1.94959 2.20534 0.707215 -2.46536 -4.93656 -5.52036 -5.87259 -7.29152 -6.97184 -4.81349 -2.65258 -0.815872 0.469829 1.80062 3.23855 3.51349 2.59832
73.46 0.982586 0.574285 2.19716 2.98547 3.14211 2.28235 1.94334 2.68181 1.4146 -1.82481 -4.39686 -5.18195 -5.70899 -7.17806 -6.94393 -5.0583 -3.3267 -1.56922 -0.0554209 1.47679 3.08729 3.5769 2.88241
73.51 0.249937 -0.340852 1.37754 2.30934 2.67662 1.9959 1.91448 3.02294 2.0077 -1.11562 -3.71965 -4.78639 -5.53677 -7.01672 -6.8516 -5.25883 -3.97514 -2.32896 -0.612302 1.0943 2.83966 3.5261 3.06418
73.56 -0.54306 -1.32622 0.484259 1.57505 2.19078 1.72074 1.85902 3.22979 2.44709 -0.398876 -2.89009 -4.27819 -5.32734 -6.81239 -6.71152 -5.42028 -4.57922 -3.07077 -1.18476 0.658749 2.48974 3.34948 3.1285
73.61 -1.3891 -2.37428 -0.471439 0.79211 1.68059 1.43574 1.75932 3.31089 2.72462 0.264166 -1.9255 -3.60554 -5.04057 -6.56207 -6.53595 -5.54666 -5.12325 -3.77553 -1.76343 0.171135 2.03373 3.04111 3.0656
73.66 -2.26633 -3.466 -1.47205 -0.0319009 1.12955 1.10396 1.5861 3.27107 2.84875 0.823528 -0.874599 -2.73438 -4.62564 -6.25328 -6.33288 -5.63987 -5.59203 -4.42661 -2.34401 -0.370683 1.47051 2.5999 2.86959
73.71 -2.98014 -4.53564 -2.58004 -0.93904 0.506389 0.695932 1.32337 3.12046 2.83687 1.24319 0.172214 -1.69282 -4.04811 -5.86509 -6.09846 -5.69351 -5.96663 -5.00192 -2.91399 -0.956705 0.814746 2.03886 2.54442
73.76 -3.53759 -5.32873 -3.59892 -1.95558 -0.281175 0.140564 0.937209 2.8648 2.71796 1.52273 1.11999 -0.5738 -3.31005 -5.3734 -5.81696 -5.69707 -6.23403 -5.48124 -3.45363 -1.56251 0.100117 1.38961 2.11031
73.81 -4.02511 -5.91793 -4.35723 -2.91203 -1.22082 -0.585822 0.405423 2.49946 2.51008 1.67718 1.89784 0.504183 -2.44386 -4.75175 -5.46269 -5.63907 -6.3931 -5.85719 -3.94968 -2.16494 -0.636919 0.689091 1.59566
73.86 -4.46073 -6.37666 -4.93031 -3.75373 -2.21981 -1.44067 -0.244892 2.04588 2.23777 1.72833 2.46858 1.4288 -1.5123 -3.97924 -5.00062 -5.50262 -6.44716 -6.13238 -4.39882 -2.75056 -1.36941 -0.0330547 1.02616
73.91 -4.83862 -6.70118 -5.32901 -4.37148 -3.21853 -2.45512 -1.01175 1.52455 1.92919 1.70409 2.83503 2.12603 -0.605969 -3.06647 -4.40171 -5.26882 -6.39613 -6.30767 -4.79675 -3.30716 -2.07492 -0.752196 0.424823
73.96 -5.11696 -6.87235 -5.56606 -4.78388 -4.0932 -3.56203 -1.90691 0.933899 1.58728 1.61474 3.02011 2.57829 0.19141 -2.06009 -3.65674 -4.92422 -6.2398 -6.38257 -5.13702 -3.82207 -2.7328 -1.44626 -0.187058
74.01 -5.28029 -6.89779 -5.66179 -5.04472 -4.75558 -4.52272 -2.86198 0.218047 1.16404 1.43501 3.03993 2.80303 0.824171 -1.03168 -2.7872 -4.46978 -5.98406 -6.35851 -5.41049 -4.28081 -3.32173 -2.09218 -0.787069
74.06 -5.28023 -6.74445 -5.55588 -5.16286 -5.31238 -5.29367 -3.76286 -0.596086 0.657662 1.15835 2.91631 2.83831 1.27545 -0.0499416 -1.83364 -3.91412 -5.63894 -6.24254 -5.6118 -4.6761 -3.83099 -2.67491 -1.35801
74.11 -5.09357 -6.37069 -5.17752 -5.13567 -5.84396 -5.958 -4.5959 -1.45168 0.0885107 0.799033 2.6842 2.73633 1.56293 0.832368 -0.845552 -3.26581 -5.20998 -6.04131 -5.73797 -5.00811 -4.26428 -3.19304 -1.89341
74.16 -4.68326 -5.73696 -4.57566 -4.99288 -6.32225 -6.521 -5.34783 -2.32272 -0.547486 0.357105 2.36626 2.5413 1.71825 1.57417 0.117307 -2.53585 -4.6938 -5.75486 -5.78349 -5.27659 -4.63058 -3.65221 -2.3929
74.21 -4.09098 -4.87696 -3.78293 -4.72924 -6.71513 -6.98038 -6.00639 -3.18945 -1.25332 -0.164887 1.98043 2.28759 1.77401 2.14603 0.984512 -1.74913 -4.08078 -5.37544 -5.7397 -5.47781 -4.93745 -4.05903 -2.85783
74.26 -3.36723 -3.85136 -2.82958 -4.33298 -7.01804 -7.3479 -6.54922 -4.02207 -2.0179 -0.749684 1.55126 2.00623 1.76006 2.5391 1.68838 -0.958392 -3.37186 -4.89437 -5.59759 -5.60425 -5.18666 -4.41593 -3.28681
74.31 -2.55625 -2.70715 -1.74435 -3.73753 -7.21725 -7.69032 -6.94556 -4.78411 -2.84719 -1.38286 1.10425 1.72583 1.7044 2.77277 2.19564 -0.228674 -2.59189 -4.31307 -5.35435 -5.64896 -5.37587 -4.72144 -3.67605
74.36 -1.69823 -1.4965 -0.578085 -2.98111 -7.26875 -7.98868 -7.23835 -5.47804 -3.72149 -2.04968 0.649445 1.45186 1.61626 2.87647 2.51729 0.400209 -1.77076 -3.63618 -5.01436 -5.62538 -5.49894 -4.95369 -4.02471
74.41 -0.828216 -0.279203 0.60871 -2.11462 -7.16904 -8.22216 -7.45231 -6.11074 -4.60993 -2.7326 0.186792 1.17331 1.493 2.87746 2.68312 0.909541 -0.944106 -2.88106 -4.59422 -5.5366 -5.54272 -5.10246 -4.32783
74.46 0.0263826 0.894927 1.7618 -1.19209 -6.93944 -8.38517 -7.59713 -6.65289 -5.47414 -3.4263 -0.292417 0.873236 1.32713 2.79789 2.72845 1.29823 -0.148953 -2.08115 -4.12337 -5.37165 -5.49196 -5.17674 -4.57822
74.51 0.844863 1.99789 2.84823 -0.258023 -6.62376 -8.49687 -7.69424 -6.99003 -6.20827 -4.15596 -0.820748 0.523909 1.11062 2.65844 2.68933 1.57739 0.577749 -1.28349 -3.62743 -5.14895 -5.35811 -5.16885 -4.75916
74.56 1.60903 3.01557 3.8512 0.657447 -6.22553 -8.43458 -7.76916 -7.31111 -6.72771 -4.79617 -1.39266 0.118226 0.844581 2.47744 2.59809 1.76897 1.21304 -0.532996 -3.13562 -4.8906 -5.16115 -5.08488 -4.86211
74.61 2.30748 3.94251 4.75609 1.51178 -5.658 -8.13364 -7.78909 -7.68209 -7.14544 -5.33971 -1.98431 -0.339293 0.533209 2.26825 2.48101 1.90049 1.75877 0.160827 -2.64168 -4.5966 -4.92081 -4.94313 -4.89486
74.66 2.93839 4.78849 5.57141 2.29435 -4.97858 -7.58973 -7.62871 -8.02835 -7.56914 -5.85413 -2.61277 -0.871801 0.162726 2.02954 2.35031 1.99053 2.21865 0.802157 -2.11505 -4.24276 -4.64421 -4.75979 -4.8702
74.71 3.4957 5.56109 6.31535 3.0247 -4.21462 -6.84401 -7.27847 -8.29902 -7.99682 -6.34345 -3.27884 -1.49805 -0.283057 1.75019 2.20293 2.04268 2.58705 1.38354 -1.53855 -3.80285 -4.32494 -4.54175 -4.79685
74.76 3.97014 6.26123 7.00499 3.7206 -3.39791 -5.94291 -6.73921 -8.46049 -8.41098 -6.79567 -3.97178 -2.22111 -0.808595 1.42227 2.03025 2.05256 2.85823 1.88964 -0.922829 -3.26453 -3.94677 -4.28562 -4.67775
74.81 4.3561 6.87898 7.64392 4.38342 -2.57434 -4.95482 -6.03791 -8.48446 -8.74836 -7.18734 -4.68814 -3.02846 -1.40243 1.04687 1.82614 2.01698 3.03376 2.3035 -0.309539 -2.64515 -3.4973 -3.98377 -4.51154
74.86 4.70199 7.35229 8.06399 4.88508 -1.72563 -3.92982 -5.23356 -8.35703 -8.91187 -7.4596 -5.43317 -3.89337 -2.03291 0.645451 1.6027 1.94933 3.13125 2.61547 0.239403 -2.00264 -2.99184 -3.64177 -4.30295
74.91 4.96376 7.66558 8.30427 5.27477 -0.901836 -2.95332 -4.42261 -8.01583 -8.87246 -7.64271 -6.1678 -4.77188 -2.67295 0.227688 1.36274 1.85777 3.17438 2.84297 0.701024 -1.3835 -2.45677 -3.2734 -4.06371
74.96 5.13713 7.84391 8.43056 5.59548 -0.113475 -2.05197 -3.67694 -7.5554 -8.6265 -7.70459 -6.84704 -5.6332 -3.32133 -0.227327 1.08072 1.72889 3.1738 3.01103 1.09016 -0.798282 -1.90501 -2.88425 -3.80107
75.01 5.22312 7.90048 8.47203 5.86185 0.640525 -1.2196 -3.00343 -7.01786 -8.21696 -7.6422 -7.43246 -6.43695 -3.96368 -0.731428 0.735087 1.54792 3.12973 3.1318 1.41985 -0.250397 -1.34569 -2.47727 -3.51932
75.06 5.22366 7.84171 8.44418 6.07876 1.36118 -0.443649 -2.39375 -6.42393 -7.67871 -7.46156 -7.89818 -7.14724 -4.58202 -1.29045 0.310656 1.30459 3.0411 3.21164 1.69875 0.256912 -0.786785 -2.05446 -3.22202
75.11 5.14859 7.68383 8.36987 6.24884 2.03664 0.278521 -1.83941 -5.78816 -7.03983 -7.17019 -8.22493 -7.73449 -5.1606 -1.90996 -0.206127 0.990352 2.90633 3.25435 1.93299 0.720578 -0.232637 -1.61293 -2.90973
75.16 5.05896 7.45387 8.22972 6.35082 2.67101 0.949487 -1.33517 -5.13405 -6.33898 -6.78433 -8.39651 -8.17069 -5.68187 -2.58928 -0.822387 0.600365 2.72237 3.25871 2.12439 1.13565 0.313271 -1.14458 -2.57727
75.21 5.04505 7.1294 7.88743 6.34839 3.32386 1.59164 -0.872893 -4.49408 -5.632 -6.34177 -8.41263 -8.43453 -6.12183 -3.30996 -1.52683 0.140256 2.48785 3.22053 2.27087 1.49531 0.840594 -0.645345 -2.21477
75.26 5.03238 6.73433 7.42902 6.26018 3.91442 2.18807 -0.434823 -3.87767 -4.95805 -5.88378 -8.2928 -8.52396 -6.4618 -4.04351 -2.29546 -0.378044 2.20195 3.13457 2.36996 1.79659 1.33517 -0.119955 -1.81069
75.31 4.96515 6.28757 6.926 6.1078 4.38706 2.71503 -0.00678198 -3.27935 -4.33719 -5.44483 -8.06802 -8.45532 -6.69268 -4.75586 -3.09359 -0.936101 1.86432 2.99304 2.41687 2.03916 1.78519 0.417907 -1.36047
75.36 4.81177 5.80647 6.44347 5.90939 4.69806 3.1463 0.416718 -2.68051 -3.76985 -5.04634 -7.77003 -8.25565 -6.81577 -5.41487 -3.88268 -1.51227 1.47664 2.78949 2.40675 2.2229 2.18263 0.949954 -0.870341
75.41 4.56842 5.29746 5.99096 5.70212 4.86235 3.43723 0.818616 -2.05861 -3.23863 -4.69348 -7.42283 -7.95353 -6.84064 -5.99712 -4.62872 -2.08641 1.04183 2.52038 2.33737 2.34853 2.52285 1.45862 -0.35407
75.46 4.24673 4.76567 5.55917 5.48915 4.90379 3.57565 1.17708 -1.39994 -2.72002 -4.38281 -7.0446 -7.57563 -6.78016 -6.48652 -5.30394 -2.64148 0.562502 2.18376 2.20885 2.4179 2.80346 1.92996 0.172454
75.51 3.86553 4.22096 5.14901 5.26018 4.82883 3.56732 1.47151 -0.703024 -2.18523 -4.10073 -6.65173 -7.15168 -6.65089 -6.87065 -5.88447 -3.1641 0.0383242 1.77576 2.02065 2.43223 3.02334 2.35476 0.695625
75.56 3.43582 3.655 4.73331 4.99215 4.65369 3.43763 1.68972 0.0192726 -1.60531 -3.82139 -6.25968 -6.7184 -6.47595 -7.14002 -6.34799 -3.64253 -0.532294 1.29065 1.76927 2.38976 3.18139 2.72717 1.20374
75.61 2.95565 3.04616 4.27386 4.65919 4.39572 3.22143 1.83308 0.744185 -0.958048 -3.50705 -5.87473 -6.30951 -6.2825 -7.29452 -6.67991 -4.0669 -1.14771 0.72508 1.44963 2.28585 3.27666 3.04329 1.68472
75.66 2.41812 2.37272 3.7387 4.243 4.06958 2.95277 1.9135 1.43863 -0.241613 -3.11582 -5.48538 -5.94111 -6.09252 -7.34565 -6.88086 -4.43272 -1.8003 0.0823858 1.0584 2.11505 3.30655 3.29823 2.12539
75.71 1.82043 1.62426 3.11306 3.73817 3.68675 2.65852 1.94669 2.06037 0.512166 -2.61524 -5.05939 -5.60572 -5.91641 -7.31199 -6.96608 -4.74176 -2.47524 -0.62381 0.599289 1.87454 3.26321 3.48019 2.50968
75.76 1.16336 0.800628 2.39734 3.15055 3.25904 2.35906 1.94713 2.57033 1.23886 -2.00054 -4.5495 -5.27356 -5.75172 -7.21287 -6.95848 -4.99912 -3.15251 -1.37097 0.0853938 1.56718 3.1357 3.57069 2.81731
75.81 0.446516 -0.0958196 1.59821 2.49121 2.7998 2.06895 1.92402 2.94713 1.86693 -1.30378 -3.91078 -4.89811 -5.58401 -7.0632 -6.88112 -5.21068 -3.80966 -2.13163 -0.46502 1.19931 2.9139 3.55109 3.0275
75.86 -0.331044 -1.06328 0.723265 1.77117 2.31906 1.79187 1.8766 3.1883 2.34825 -0.582818 -3.12054 -4.42453 -5.38762 -6.87006 -6.7522 -5.38192 -4.42693 -2.88018 -1.03464 0.777265 2.59108 3.40806 3.1236
75.91 -1.16467 -2.09634 -0.217691 0.999884 1.81642 1.51291 1.79092 3.30123 2.66742 0.0995559 -2.18767 -3.79901 -5.12547 -6.63243 -6.58486 -5.51718 -4.98815 -3.59632 -1.61227 0.303374 2.16302 3.13438 3.09461
75.96 -2.03738 -3.17914 -1.20824 0.186248 1.278 1.19675 1.63984 3.29301 2.8305 0.690031 -1.15275 -2.9809 -4.74906 -6.3408 -6.3887 -5.61912 -5.47806 -4.26301 -2.19275 -0.22423 1.62748 2.72753 2.93363
76.01 -2.8154 -4.28252 -2.28504 -0.686346 0.68108 0.812648 1.40122 3.16917 2.85112 1.1478 -0.0943738 -1.97587 -4.21451 -5.97528 -6.16354 -5.68424 -5.87926 -4.86075 -2.76774 -0.801082 0.992877 2.1951 2.6407
76.06 -3.40041 -5.14574 -3.36247 -1.69298 -0.056735 0.303435 1.05235 2.9422 2.75813 1.46254 0.886976 -0.866245 -3.51636 -5.51299 -5.8963 -5.70181 -6.17514 -5.3664 -3.317 -1.40427 0.289898 1.56523 2.23237
76.11 -3.90358 -5.77941 -4.17996 -2.67264 -0.967837 -0.383203 0.556266 2.60404 2.57147 1.6478 1.71426 0.234034 -2.67885 -4.92774 -5.56404 -5.66117 -6.36212 -5.76928 -3.82503 -2.00922 -0.44432 0.874843 1.73604
76.16 -4.35196 -6.26685 -4.79598 -3.54833 -1.95761 -1.20696 -0.0656606 2.17086 2.31321 1.72343 2.3403 1.20775 -1.75655 -4.19535 -5.13354 -5.54711 -6.44341 -6.07043 -4.28654 -2.60019 -1.18012 0.155936 1.17864
76.21 -4.74962 -6.63363 -5.24326 -4.23271 -2.96075 -2.17632 -0.802127 1.66549 2.01182 1.71635 2.7579 1.96817 -0.834442 -3.31564 -4.57185 -5.34012 -6.4199 -6.27196 -4.69858 -3.16579 -1.8949 -0.56635 0.583353
76.26 -5.05421 -6.84091 -5.518 -4.69396 -3.89231 -3.27472 -1.6572 1.09691 1.6811 1.64472 2.98792 2.48329 -0.00219059 -2.32762 -3.86432 -5.02504 -6.29078 -6.37301 -5.0546 -3.69282 -2.56717 -1.26905 -0.0277783
76.31 -5.25122 -6.90694 -5.65138 -4.98951 -4.59754 -4.29637 -2.6182 0.417128 1.28372 1.49182 3.04992 2.76471 0.676864 -1.29763 -3.02355 -4.59825 -6.05991 -6.3743 -5.34634 -4.16749 -3.17592 -1.92966 -0.633062
76.36 -5.29838 -6.8021 -5.61152 -5.14803 -5.16984 -5.10421 -3.53424 -0.378706 0.795527 1.23838 2.96006 2.84439 1.17474 -0.298141 -2.08762 -4.06821 -5.73725 -6.28145 -5.56667 -4.5794 -3.70599 -2.52941 -1.21252
76.41 -5.16212 -6.49199 -5.29989 -5.15358 -5.70884 -5.7949 -4.38676 -1.22688 0.24265 0.900309 2.75358 2.77343 1.50209 0.61441 -1.10321 -3.44313 -5.33 -6.10209 -5.71284 -4.92787 -4.15834 -3.06405 -1.75742
76.46 -4.81005 -5.92653 -4.75199 -5.04174 -6.20506 -6.3842 -5.16026 -2.09532 -0.375045 0.480179 2.45636 2.59904 1.6886 1.39616 -0.127526 -2.73307 -4.83745 -5.83831 -5.78009 -5.21308 -4.5412 -3.53786 -2.26608
76.51 -4.25968 -5.11886 -4.00566 -4.80913 -6.62192 -6.87112 -5.84521 -2.9658 -1.06336 -0.02206 2.08621 2.35759 1.76731 2.01424 0.771803 -1.95716 -4.25031 -5.48408 -5.76053 -5.43248 -4.86319 -3.95794 -2.74005
76.56 -3.5659 -4.13186 -3.09242 -4.45591 -6.94625 -7.25507 -6.42197 -3.81101 -1.81326 -0.592701 1.66532 2.08022 1.7686 2.45317 1.52345 -1.16101 -3.5649 -5.02985 -5.64465 -5.57923 -5.12762 -4.32794 -3.17877
76.61 -2.77345 -3.01366 -2.0368 -3.90979 -7.17887 -7.6044 -6.85391 -4.5929 -2.62586 -1.21405 1.22172 1.79817 1.72206 2.72545 2.08215 -0.41041 -2.80051 -4.47418 -5.42771 -5.64563 -5.33264 -4.64696 -3.5785
76.66 -1.92405 -1.81474 -0.886219 -3.19091 -7.27026 -7.91662 -7.17043 -5.30323 -3.49103 -1.87375 0.768427 1.52287 1.64227 2.86035 2.44985 0.247332 -1.98699 -3.82136 -5.11198 -5.63755 -5.47406 -4.90184 -3.93809
76.71 -1.05418 -0.593546 0.301202 -2.34763 -7.20886 -8.16848 -7.40366 -5.95202 -4.37888 -2.5541 0.308165 1.24709 1.52885 2.88577 2.65291 0.788471 -1.15828 -3.08388 -4.70932 -5.56758 -5.5411 -5.07077 -4.25343
76.76 -0.193382 0.59531 1.46706 -1.43489 -7.00887 -8.34761 -7.5654 -6.53226 -5.25659 -3.24028 -0.163243 0.955049 1.37462 2.82493 2.72615 1.20819 -0.350912 -2.29145 -4.24984 -5.42134 -5.51413 -5.16552 -4.51926
76.81 0.636259 1.71848 2.57279 -0.500717 -6.71286 -8.47489 -7.67113 -6.91566 -6.03548 -3.96806 -0.678666 0.620632 1.17247 2.69992 2.706 1.51399 0.395973 -1.48916 -3.75792 -5.21168 -5.40041 -5.17906 -4.71952
76.86 1.41643 2.7597 3.59938 0.423197 -6.3477 -8.47004 -7.74885 -7.22206 -6.60981 -4.64249 -1.2421 0.228304 0.917896 2.52752 2.62521 1.72587 1.05643 -0.722802 -3.26279 -4.96081 -5.2176 -5.11355 -4.84293
76.91 2.13202 3.70941 4.52982 1.29677 -5.81813 -8.23721 -7.80065 -7.58444 -7.03653 -5.20202 -1.82726 -0.214147 0.619084 2.3252 2.51301 1.87063 1.62455 -0.0152157 -2.77259 -4.67807 -4.98735 -4.98499 -4.89265
76.96 2.78092 4.57553 5.36677 2.09649 -5.1646 -7.75231 -7.68847 -7.94418 -7.45817 -5.72235 -2.44517 -0.72448 0.266064 2.09527 2.38575 1.97063 2.10713 0.640059 -2.25702 -4.34255 -4.72026 -4.81141 -4.88193
77.01 3.35818 5.36683 6.12755 2.83844 -4.42027 -7.05537 -7.38822 -8.23775 -7.88582 -6.21897 -3.10216 -1.32545 -0.159208 1.82745 2.24341 2.03289 2.50012 1.23839 -1.69377 -3.92713 -4.41341 -4.60234 -4.82077
77.06 3.85521 6.08623 6.82984 3.54203 -3.61319 -6.18913 -6.89702 -8.43084 -8.30606 -6.68257 -3.7897 -2.02389 -0.664217 1.51268 2.07828 2.05441 2.79695 1.76578 -1.08552 -3.41431 -4.05232 -4.35691 -4.71365
77.11 4.26117 6.72786 7.48846 4.21969 -2.78887 -5.21691 -6.23307 -8.49203 -8.67886 -7.09463 -4.4955 -2.81018 -1.24281 1.14782 1.88152 2.02975 2.99634 2.20547 -0.465429 -2.81161 -3.6212 -4.06717 -4.55972
77.16 4.61919 7.24551 7.97577 4.76806 -1.94543 -4.19431 -5.44893 -8.41517 -8.88579 -7.39604 -5.23857 -3.66581 -1.86772 0.751031 1.6619 1.96914 3.11196 2.54346 0.104758 -2.16917 -3.12758 -3.73424 -4.3611
77.21 4.9042 7.59782 8.25443 5.18094 -1.113 -3.20064 -4.62867 -8.11889 -8.90441 -7.60611 -5.97986 -4.54304 -2.50505 0.339403 1.42824 1.8845 3.16746 2.79009 0.588222 -1.54202 -2.59853 -3.37187 -4.1289
77.26 5.1004 7.8095 8.4066 5.51752 -0.315312 -2.27948 -3.864 -7.68405 -8.7082 -7.70066 -6.67777 -5.41269 -3.15223 -0.104316 1.15963 1.76698 3.1781 2.97208 0.994745 -0.947617 -2.05023 -2.98784 -3.87188
77.31 5.2091 7.8971 8.46847 5.79736 0.447347 -1.43049 -3.17231 -7.16404 -8.33739 -7.6702 -7.2906 -6.23521 -3.79791 -0.594966 0.832199 1.60073 3.14549 3.10446 1.339 -0.389657 -1.49202 -2.58521 -3.59472
77.36 5.23137 7.86754 8.45714 6.02687 1.17702 -0.640693 -2.54695 -6.58339 -7.82989 -7.51969 -7.78949 -6.97289 -4.42414 -1.13915 0.429645 1.37451 3.06858 3.1945 1.63046 0.128522 -0.932407 -2.16652 -3.30121
77.41 5.17448 7.73267 8.39153 6.20893 1.86671 0.0961255 -1.97881 -5.95692 -7.21434 -7.25628 -8.15425 -7.59494 -5.01454 -1.74242 -0.0618558 1.07952 2.94608 3.24672 1.87594 0.603959 -0.37676 -1.73054 -2.99307
77.46 5.07116 7.52238 8.28837 6.33637 2.50088 0.776583 -1.46199 -5.30395 -6.5242 -6.89204 -8.36718 -8.07312 -5.55297 -2.4073 -0.652578 0.709084 2.77521 3.26157 2.0787 1.03236 0.171935 -1.26987 -2.66661
77.51 5.04596 7.22193 7.99124 6.35767 3.15684 1.42819 -0.99022 -4.65871 -5.81438 -6.46027 -8.42268 -8.38294 -6.01623 -3.11956 -1.3358 0.266425 2.55391 3.23479 2.23705 1.407 0.705495 -0.77864 -2.31313
77.56 5.03886 6.84266 7.55535 6.29057 3.77019 2.03819 -0.547576 -4.03608 -5.12901 -6.0025 -8.33555 -8.5169 -6.38359 -3.85295 -2.09072 -0.238278 2.28149 3.162 2.34888 1.72358 1.20992 -0.25904 -1.92073
77.61 4.99024 6.4081 7.05764 6.15251 4.27776 2.58589 -0.117817 -3.43436 -4.49354 -5.55598 -8.13494 -8.48712 -6.64317 -4.5741 -2.88483 -0.787968 1.9573 3.03572 2.40993 1.98149 1.67249 0.277226 -1.48239
77.66 4.8606 5.93439 6.56545 5.96289 4.63288 3.04622 0.307437 -2.83807 -3.91341 -5.14587 -7.85335 -8.31877 -6.79366 -5.24966 -3.67983 -1.36148 1.58241 2.84879 2.41503 2.18056 2.08423 0.812602 -1.00154
77.71 4.63998 5.43299 6.10777 5.75652 4.83114 3.37583 0.717261 -2.22373 -3.37472 -4.78109 -7.51704 -8.04075 -6.84301 -5.85374 -4.44003 -1.93795 1.15957 2.59697 2.36115 2.32121 2.4397 1.32891 -0.490538
77.76 4.33697 4.90547 5.66894 5.54547 4.90474 3.55436 1.08905 -1.57551 -2.85555 -4.46033 -7.14535 -7.67999 -6.80337 -6.36859 -5.13608 -2.49939 0.69176 2.27822 2.24803 2.40507 2.736 1.81106 0.0347484
77.81 3.96966 4.3642 5.25492 5.32248 4.85869 3.58243 1.40184 -0.887789 -2.32781 -4.17273 -6.75468 -7.26473 -6.69011 -6.7813 -5.74356 -3.03164 0.179473 1.88939 2.07561 2.43379 2.97184 2.24869 0.559959
77.86 3.55232 3.80549 4.84418 5.0672 4.70794 3.48119 1.64033 -0.170283 -1.76226 -3.89592 -6.36125 -6.83022 -6.52447 -7.0811 -6.23949 -3.52267 -0.37899 1.4249 1.8412 2.4065 3.14613 2.63521 1.07313
77.91 3.08596 3.21016 4.39973 4.75335 4.46997 3.28405 1.80235 0.556675 -1.13381 -3.59475 -5.97473 -6.4125 -6.33335 -7.26488 -6.60636 -3.96186 -0.983163 0.88035 1.53982 2.31915 3.25789 2.96637 1.56243
77.96 2.56387 2.5551 3.88646 4.35989 4.1604 3.02614 1.8977 1.26288 -0.433869 -3.22738 -5.5888 -6.03329 -6.14094 -7.34134 -6.84051 -4.34299 -1.62725 0.256883 1.16734 2.16631 3.30538 3.23804 2.01499
78.01 1.98181 1.82647 3.28481 3.87794 3.79127 2.73638 1.94169 1.90776 0.315337 -2.75717 -5.17651 -5.69132 -5.96094 -7.32787 -6.95388 -4.66645 -2.29808 -0.43459 0.724978 1.9439 3.28214 3.44067 2.41584
78.06 1.34014 1.02216 2.592 3.31091 3.37398 2.43659 1.94947 2.44977 1.05632 -2.17057 -4.69329 -5.36222 -5.79417 -7.24413 -6.96816 -4.93673 -2.97692 -1.17364 0.223723 1.65345 3.17767 3.55696 2.74556
78.11 0.639009 0.144502 1.81387 2.66912 2.92171 2.14311 1.93208 2.86215 1.71605 -1.4903 -4.09148 -5.00315 -5.62926 -7.10661 -6.907 -5.15969 -3.64142 -1.93345 -0.319006 1.30067 2.98126 3.56765 2.98302
78.16 -0.122829 -0.804722 0.957891 1.96394 2.44606 1.86316 1.89177 3.13817 2.23834 -0.769442 -3.34117 -4.56051 -5.44342 -6.92458 -6.7901 -5.34099 -4.27078 -2.68736 -0.885019 0.892302 2.68527 3.45774 3.11018
78.21 -0.942894 -1.82171 0.0328156 1.20496 1.95 1.58766 1.81819 3.28349 2.5997 -0.0713429 -2.44279 -3.97928 -5.20261 -6.69905 -6.63168 -5.4853 -4.84812 -3.4137 -1.46127 0.431981 2.28498 3.21857 3.11463
78.26 -1.8079 -2.8938 -0.946707 0.401884 1.42271 1.28462 1.68719 3.30682 2.80248 0.547505 -1.42881 -3.21381 -4.86113 -6.42305 -6.44245 -5.59584 -5.35811 -4.0949 -2.04138 -0.0814191 1.77743 2.84639 2.98854
78.31 -2.63693 -4.00265 -1.99096 -0.448359 0.845003 0.920825 1.472 3.21137 2.85798 1.0427 -0.366355 -2.25181 -4.36974 -6.07885 -6.22565 -5.67154 -5.78451 -4.71315 -2.61963 -0.647196 1.16637 2.34472 2.72911
78.36 -3.25822 -4.9476 -3.10628 -1.42711 0.155356 0.45381 1.15721 3.01195 2.792 1.39361 0.64338 -1.15933 -3.71308 -5.64416 -5.97112 -5.70244 -6.10867 -5.24443 -3.17747 -1.24607 0.477616 1.7368 2.34849
78.41 -3.77851 -5.63143 -3.98948 -2.42608 -0.719752 -0.189575 0.698766 2.70231 2.62811 1.61106 1.51687 -0.0448549 -2.90791 -5.09356 -5.65857 -5.67813 -6.32382 -5.67438 -3.69718 -1.85254 -0.251806 1.0587 1.8723
78.46 -4.24008 -6.15109 -4.6519 -3.3322 -1.69625 -0.981314 0.106689 2.2913 2.38583 1.71291 2.19771 0.972 -2.00063 -4.40104 -5.25719 -5.58499 -6.43236 -6.00167 -4.17097 -2.44824 -0.989517 0.344625 1.3285
78.51 -4.65347 -6.55517 -5.14595 -4.07963 -2.7008 -1.90674 -0.598869 1.8031 2.09296 1.72451 2.66814 1.79352 -1.06908 -3.55722 -4.73181 -5.40382 -6.43626 -6.22929 -4.59657 -3.02184 -1.71204 -0.379202 0.74081
78.56 -4.9841 -6.79963 -5.45978 -4.59211 -3.67402 -2.98591 -1.41827 1.25385 1.77152 1.66986 2.9447 2.37259 -0.206164 -2.59203 -4.06243 -5.1179 -6.33454 -6.3565 -4.96781 -3.56012 -2.39735 -1.08908 0.131815
78.61 -5.21202 -6.9045 -5.6303 -4.92515 -4.43 -4.0549 -2.37086 0.608352 1.39727 1.54175 3.04956 2.71268 0.517159 -1.56562 -3.25328 -4.71954 -6.12931 -6.38348 -5.27721 -4.04986 -3.02474 -1.76298 -0.477265
78.66 -5.30373 -6.84806 -5.64788 -5.12112 -5.02579 -4.90739 -3.30156 -0.16488 0.92914 1.31285 2.99609 2.84041 1.06247 -0.552185 -2.33812 -4.21568 -5.82962 -6.31426 -5.51636 -4.47834 -3.57572 -2.37951 -1.0647
78.71 -5.21391 -6.59713 -5.40734 -5.16422 -5.57092 -5.6247 -4.17186 -1.00318 0.392548 0.996134 2.81693 2.80366 1.43175 0.387604 -1.36133 -3.61453 -5.44408 -6.15691 -5.68214 -4.84323 -4.04768 -2.93096 -1.619
78.76 -4.92346 -6.09943 -4.91495 -5.08249 -6.08255 -6.24062 -4.96681 -1.86815 -0.207477 0.597629 2.54154 2.65233 1.65174 1.20708 -0.377331 -2.92547 -4.97441 -5.91535 -5.77053 -5.14497 -4.4477 -3.41996 -2.13702
78.81 -4.41868 -5.34879 -4.21741 -4.88136 -6.52241 -6.75471 -5.67667 -2.74046 -0.877643 0.116082 2.18854 2.42522 1.75546 1.87026 0.549072 -2.16353 -4.41283 -5.5856 -5.77448 -5.382 -4.78498 -3.85351 -2.61999
78.86 -3.75787 -4.40336 -3.34522 -4.56218 -6.87006 -7.16294 -6.28297 -3.59523 -1.61335 -0.439022 1.77821 2.15428 1.77417 2.35593 1.34513 -1.36684 -3.75242 -5.15818 -5.68448 -5.54842 -5.06436 -4.23643 -3.0681
78.91 -2.98681 -3.3147 -2.32292 -4.07048 -7.13076 -7.51611 -6.75489 -4.39683 -2.40805 -1.04784 1.33854 1.87104 1.73757 2.66892 1.95574 -0.598382 -3.00558 -4.62842 -5.49386 -5.63629 -5.28509 -4.56888 -3.47836
78.96 -2.14857 -2.1316 -1.19201 -3.39235 -7.26139 -7.84057 -7.09709 -5.12438 -3.26216 -1.69929 0.886945 1.59397 1.6661 2.83687 2.37129 0.086575 -2.202 -4.00044 -5.20312 -5.6452 -5.44405 -4.84392 -3.84848
79.01 -1.28084 -0.91032 -0.00805438 -2.57613 -7.23927 -8.10985 -7.35027 -5.78908 -4.14734 -2.37597 0.428844 1.31983 1.56196 2.88829 2.614 0.659251 -1.37371 -3.28273 -4.82048 -5.59261 -5.53244 -5.03415 -4.17577
79.06 -0.415305 0.291071 1.168 -1.67655 -7.07269 -8.30785 -7.5299 -6.39095 -5.03151 -3.06088 -0.0386524 1.03368 1.4191 2.84798 2.71771 1.11034 -0.557221 -2.50125 -4.37402 -5.4664 -5.52996 -5.14834 -4.45558
79.11 0.424277 1.43341 2.2919 -0.744115 -6.79745 -8.44637 -7.6475 -6.83443 -5.8481 -3.77694 -0.53997 0.713083 1.23042 2.73795 2.71848 1.44424 0.208542 -1.69687 -3.88767 -5.27108 -5.43751 -5.18349 -4.67445
79.16 1.21905 2.49709 3.34046 0.185182 -6.45288 -8.4912 -7.73154 -7.13762 -6.4812 -4.47966 -1.092 0.335492 0.988454 2.57568 2.65028 1.67829 0.893578 -0.916665 -3.39035 -5.02872 -5.27049 -5.13753 -4.8184
79.21 1.95202 3.47058 4.29703 1.07642 -5.97022 -8.32367 -7.79983 -7.48605 -6.92845 -5.06239 -1.67269 -0.0936287 0.701359 2.3804 2.54414 1.83788 1.48466 -0.19461 -2.90148 -4.75561 -5.05102 -5.0234 -4.88599
79.26 2.61858 4.35746 5.15688 1.89463 -5.34454 -7.90078 -7.73567 -7.85544 -7.3477 -5.58906 -2.28031 -0.583432 0.364398 2.15838 2.42019 1.94824 1.98962 0.474299 -2.39535 -4.43648 -4.79325 -4.86022 -4.88986
79.31 3.21521 5.16768 5.93572 2.64953 -4.62163 -7.25533 -7.48512 -8.16972 -7.77445 -6.09234 -2.92765 -1.15958 -0.0408711 1.90146 2.28234 2.02035 2.40669 1.08856 -1.84552 -4.04428 -4.49779 -4.66004 -4.84113
79.36 3.73411 5.90596 6.65168 3.36164 -3.8273 -6.42815 -7.04307 -8.39225 -8.19884 -6.56601 -3.60849 -1.83274 -0.525023 1.59954 2.12405 2.05305 2.72902 1.63607 -1.24702 -3.55742 -4.15259 -4.42469 -4.74587
79.41 4.16493 6.56899 7.32048 4.04525 -3.00184 -5.47542 -6.42019 -8.49058 -8.59545 -6.99377 -4.30724 -2.59736 -1.08639 1.24683 1.9356 2.0403 2.95331 2.10038 -0.624887 -2.97521 -3.74045 -4.14715 -4.6043
79.46 4.53069 7.12734 7.87395 4.64232 -2.16759 -4.46227 -5.6614 -8.45149 -8.84713 -7.33017 -5.04474 -3.43928 -1.70248 0.85649 1.72082 1.98776 3.08871 2.46502 -0.0362391 -2.33702 -3.26084 -3.82444 -4.41653
79.51 4.83865 7.52066 8.19627 5.08206 -1.32673 -3.45331 -4.8392 -8.21304 -8.92138 -7.56143 -5.78903 -4.31386 -2.338 0.448794 1.49128 1.90898 3.15757 2.73298 0.470361 -1.70255 -2.73868 -3.46848 -4.1919
79.56 5.0578 7.76677 8.37663 5.43573 -0.519686 -2.51215 -4.0563 -7.80709 -8.77805 -7.68824 -6.50274 -5.18902 -2.98312 0.0154025 1.23445 1.8017 3.17945 2.92983 0.895247 -1.0992 -2.19447 -3.08977 -3.94084
79.61 5.18926 7.88582 8.45995 5.72943 0.251837 -1.64553 -3.34586 -7.30621 -8.44861 -7.6901 -7.14102 -6.02772 -3.63086 -0.4622 0.924143 1.64941 3.15821 3.07427 1.25468 -0.531427 -1.63798 -2.69172 -3.66855
79.66 5.23371 7.88616 8.46632 5.97172 0.990153 -0.841403 -2.70415 -6.73978 -7.97376 -7.57022 -7.67175 -6.79073 -4.26386 -0.991929 0.54253 1.4397 3.09293 3.17481 1.55914 -0.00259082 -1.07806 -2.2771 -3.379
79.71 5.19616 7.77656 8.41209 6.16589 1.69204 -0.0905615 -2.12181 -6.12383 -7.38369 -7.33547 -8.07327 -7.44565 -4.86503 -1.57924 0.0755079 1.16345 2.98251 3.23661 1.8161 0.484298 -0.521097 -1.84614 -3.07478
79.76 5.09218 7.5835 8.32864 6.31346 2.33539 0.602566 -1.59208 -5.47479 -6.70842 -6.99532 -8.32713 -7.96403 -5.41893 -2.22858 -0.489121 0.812853 2.8246 3.26161 2.03001 0.9255 0.0297966 -1.39277 -2.75378
79.81 5.04822 7.30921 8.08551 6.36076 2.98681 1.26189 -1.10959 -4.82503 -5.99861 -6.57713 -8.42303 -8.31934 -5.90412 -2.93069 -1.14977 0.388291 2.61646 3.24594 2.20012 1.31482 0.568595 -0.909684 -2.40848
79.86 5.04259 6.94729 7.67738 6.31593 3.61863 1.88414 -0.661209 -4.19605 -5.30357 -6.12217 -8.37066 -8.4987 -6.29805 -3.66161 -1.88872 -0.101632 2.35745 3.18578 2.32438 1.64667 1.08197 -0.396717 -2.02727
79.91 5.00974 6.52593 7.18964 6.19341 4.15805 2.45098 -0.229138 -3.58989 -4.65384 -5.66979 -8.19648 -8.50955 -6.58624 -4.38926 -2.67617 -0.641506 2.04676 3.07422 2.39918 1.91987 1.55646 0.136719 -1.60107
79.96 4.90321 6.06054 6.69006 6.01552 4.55676 2.93686 0.197122 -2.99435 -4.05985 -5.24859 -7.93306 -8.37453 -6.76474 -5.07963 -3.47465 -1.21093 1.68485 2.90363 2.41928 2.13429 1.98212 0.674148 -1.13039
80.01 4.70588 5.56658 6.22547 5.81044 4.79167 3.30418 0.613343 -2.38654 -3.51226 -4.87183 -7.60896 -8.12243 -6.8394 -5.70433 -4.247 -1.78849 1.27421 2.66898 2.3809 2.29006 2.35262 1.19703 -0.625783
80.06 4.42289 5.04442 5.78049 5.60099 4.89749 3.5227 0.996957 -1.74836 -2.99056 -4.54023 -7.24488 -7.78069 -6.82163 -6.2438 -4.96225 -2.35537 0.817944 2.36788 2.28317 2.38853 2.66451 1.68927 -0.102733
80.11 4.07048 4.50633 5.36108 5.38257 4.88141 3.58868 1.32704 -1.07051 -2.46784 -4.2456 -6.85755 -7.37656 -6.72582 -6.68431 -5.5951 -2.89643 0.317395 1.99779 2.12634 2.43156 2.91621 2.13927 0.423701
80.16 3.66552 3.95351 4.95272 5.1382 4.75626 3.51822 1.58566 -0.359174 -1.91489 -3.96888 -6.46344 -6.94335 -6.57138 -7.01431 -6.1222 -3.39932 -0.228902 1.5536 1.90852 2.41916 3.10665 2.5396 0.941116
80.21 3.21245 3.37006 4.52081 4.84202 4.53937 3.34257 1.76706 0.367797 -1.30458 -3.67797 -6.07495 -6.51835 -6.38429 -7.22798 -6.52376 -3.85288 -0.821461 1.03011 1.62511 2.34798 3.23481 2.88553 1.43783
80.26 2.70551 2.73241 4.02812 4.4707 4.24716 3.09738 1.87841 1.08295 -0.622592 -3.33185 -5.69059 -6.12822 -6.19039 -7.331 -6.79194 -4.24939 -1.45613 0.42662 1.27141 2.21276 3.29941 3.17327 1.90126
80.31 2.13915 2.02352 3.45033 4.01191 3.8925 2.81358 1.93424 1.74807 0.118031 -2.891 -5.28888 -5.77799 -6.00655 -7.33909 -6.935 -4.58757 -2.12156 -0.248735 0.846555 2.00855 3.29553 3.39534 2.3173
80.36 1.51291 1.23874 2.78089 3.46621 3.48655 2.51459 1.95015 2.32029 0.868144 -2.33407 -4.82895 -5.44902 -5.83695 -7.27187 -6.9728 -4.87119 -2.80042 -0.977806 0.359156 1.73543 3.21334 3.53603 2.66761
80.41 0.827377 0.379983 2.02427 2.84275 3.04209 2.21828 1.93867 2.76784 1.55565 -1.674 -4.26196 -5.10262 -5.67329 -7.14714 -6.92919 -5.10594 -3.47083 -1.73492 -0.174612 1.39821 3.04178 3.57596 2.93107
80.46 0.0813928 -0.550778 1.18783 2.15308 2.57178 1.93489 1.90477 3.07915 2.11736 -0.957647 -3.5516 -4.68713 -5.49569 -6.97631 -6.82528 -5.29762 -4.11115 -2.49271 -0.736113 1.00378 2.77229 3.49856 3.0884
80.51 -0.724234 -1.55084 0.27968 1.40724 2.08147 1.66031 1.84161 3.25768 2.52123 -0.247679 -2.68993 -4.147 -5.27312 -6.76244 -6.67654 -5.45121 -4.70356 -3.22806 -1.31057 0.556925 2.39954 3.29362 3.12575
80.56 -1.57963 -2.61051 -0.68745 0.614925 1.56399 1.36814 1.72853 3.31238 2.76439 0.396566 -1.7012 -3.43279 -4.96285 -6.5008 -6.49454 -5.57038 -5.23262 -3.92266 -1.89006 0.0575992 1.92007 2.95622 3.03424
80.61 -2.44314 -3.71055 -1.70413 -0.219885 1.00143 1.02228 1.53628 3.2467 2.85665 0.927648 -0.642008 -2.51867 -4.51367 -6.17643 -6.28541 -5.65592 -5.68281 -4.55962 -2.47017 -0.495649 1.33443 2.48695 2.80915
80.66 -3.11027 -4.73153 -2.82617 -1.16011 0.351367 0.590117 1.2513 3.07394 2.81928 1.31566 0.390356 -1.45107 -3.89985 -5.76773 -6.04227 -5.69946 -6.03473 -5.11542 -3.03519 -1.08825 0.662631 1.90359 2.45807
80.71 -3.64936 -5.47201 -3.78399 -2.17294 -0.478189 -0.00587619 0.832182 2.79361 2.67937 1.56642 1.30615 -0.330586 -3.13002 -5.24986 -5.74733 -5.69062 -6.27835 -5.57246 -3.56613 -1.69504 -0.0597998 1.24012 2.00395
80.76 -4.12469 -6.0277 -4.49669 -3.10744 -1.43685 -0.763209 0.272016 2.40667 2.45498 1.69617 2.04056 0.722628 -2.24305 -4.59636 -5.37255 -5.61709 -6.41433 -5.92619 -4.05214 -2.29476 -0.797878 0.532617 1.47532
80.81 -4.5507 -6.46426 -5.03538 -3.9103 -2.43928 -1.64805 -0.403049 1.93678 2.17238 1.72835 2.56516 1.60202 -1.30871 -3.79068 -4.88223 -5.46069 -6.44558 -6.17979 -4.49078 -2.87534 -1.52654 -0.191034 0.896847
80.86 -4.90781 -6.74982 -5.39256 -4.47767 -3.43337 -2.69621 -1.1928 1.40339 1.8583 1.69021 2.88995 2.24549 -0.419982 -2.85249 -4.25127 -5.20341 -6.37143 -6.33319 -4.87673 -3.42395 -2.22343 -0.906579 0.291435
80.91 -5.16378 -6.89115 -5.59912 -4.85183 -4.25174 -3.79572 -2.1202 0.790021 1.50381 1.58444 3.03823 2.64602 0.345032 -1.83475 -3.47606 -4.83401 -6.19254 -6.38622 -5.20326 -3.9279 -2.86813 -1.59222 -0.319891
80.96 -5.29617 -6.8806 -5.66173 -5.08372 -4.88166 -4.7031 -3.06448 0.0453626 1.0588 1.38177 3.02376 2.82524 0.938028 -0.811458 -2.58463 -4.35684 -5.91646 -6.34129 -5.46114 -4.37292 -3.43993 -2.22505 -0.91455
81.01 -5.25509 -6.68576 -5.49574 -5.16646 -5.43064 -5.44767 -3.95197 -0.781296 0.538156 1.08643 2.8738 2.82615 1.35122 0.152536 -1.61902 -3.78016 -5.55275 -6.20627 -5.64634 -4.75434 -3.93206 -2.79353 -1.47805
81.06 -5.02255 -6.25472 -5.06374 -5.1148 -5.95484 -6.09003 -4.76763 -1.6415 -0.0447123 0.709397 2.62144 2.70049 1.60696 1.00726 -0.631103 -3.11299 -5.10538 -5.98669 -5.75546 -5.07257 -4.34992 -3.29821 -2.00551
81.11 -4.56728 -5.56579 -4.41737 -4.94544 -6.41635 -6.63087 -5.50088 -2.51378 -0.696308 0.249251 2.28699 2.4899 1.73785 1.71401 0.317241 -2.36761 -4.56878 -5.68075 -5.78229 -5.32686 -4.70284 -3.74556 -2.49745
81.16 -3.94237 -4.66513 -3.58747 -4.65619 -6.78866 -7.06692 -6.13612 -3.37582 -1.41616 -0.288387 1.88928 2.22747 1.77589 2.24669 1.15385 -1.5747 -3.93405 -5.27968 -5.71769 -5.51246 -4.99718 -4.14146 -2.95479
81.21 -3.19575 -3.60942 -2.60172 -4.21871 -7.07319 -7.42555 -6.64732 -4.19544 -2.1941 -0.884444 1.45462 1.94443 1.7508 2.60253 1.81587 -0.79227 -3.20697 -4.77626 -5.55348 -5.6215 -5.23351 -4.4873 -3.37537
81.26 -2.37122 -2.44595 -1.49419 -3.58431 -7.24187 -7.76053 -7.01759 -4.94132 -3.0355 -1.52647 1.00525 1.66549 1.6878 2.80547 2.28085 -0.0820188 -2.41544 -4.17359 -5.28838 -5.64915 -5.40925 -4.78 -3.75591
81.31 -1.5078 -1.22867 -0.318026 -2.79903 -7.25968 -8.04614 -7.29177 -5.62181 -3.91567 -2.19829 0.549023 1.39186 1.59249 2.8846 2.56563 0.521672 -1.58999 -3.47752 -4.92852 -5.61253 -5.51673 -4.99306 -4.09507
81.36 -0.639106 -0.0173507 0.865291 -1.91595 -7.12879 -8.2636 -7.48986 -6.2407 -4.80309 -2.88256 0.0842726 1.11027 1.46053 2.86624 2.70218 1.00439 -0.766993 -2.70942 -4.49556 -5.507 -5.53986 -5.12586 -4.3878
81.41 0.209194 1.14293 2.00586 -0.987695 -6.87696 -8.41461 -7.62146 -6.74167 -5.64943 -3.58556 -0.403938 0.801745 1.28455 2.77224 2.72618 1.36771 0.0157698 -1.90602 -4.01672 -5.32754 -5.46978 -5.18254 -4.62435
81.46 1.01721 2.2281 3.07517 -0.0551844 -6.54621 -8.50027 -7.71374 -7.05653 -6.33927 -4.30717 -0.943108 0.439633 1.05627 2.62182 2.6729 1.62566 0.724092 -1.11503 -3.51927 -5.09523 -5.3202 -5.15706 -4.78867
81.51 1.76747 3.22581 4.05755 0.850755 -6.11364 -8.39181 -7.78559 -7.38951 -6.82115 -4.91986 -1.51981 0.0231648 0.780641 2.43409 2.57425 1.80189 1.33895 -0.377705 -3.0295 -4.83048 -5.1125 -5.05877 -4.87516
81.56 2.45147 4.13418 4.94149 1.68848 -5.51808 -8.03419 -7.77002 -7.7627 -7.23765 -5.45417 -2.11815 -0.448274 0.458086 2.21916 2.45377 1.92334 1.86616 0.304812 -2.53082 -4.52578 -4.86409 -4.90686 -4.89445
81.61 3.06693 4.96365 5.73962 2.45778 -4.81813 -7.44284 -7.56876 -8.09538 -7.66292 -5.96365 -2.75536 -1.00028 0.072129 1.97246 2.31996 2.00521 2.30681 0.934156 -1.994 -4.15523 -4.57917 -4.71573 -4.85863
81.66 3.60698 5.7206 6.47032 3.17934 -4.03927 -6.65852 -7.17655 -8.34507 -8.08972 -6.44626 -3.42851 -1.6479 -0.391087 1.68301 2.16785 2.04866 2.65442 1.50065 -1.40696 -3.69418 -4.2486 -4.48995 -4.77528
81.71 4.06185 6.40412 7.15008 3.86935 -3.21704 -5.73173 -6.59823 -8.47848 -8.49725 -6.88791 -4.12463 -2.39055 -0.933372 1.34378 1.98821 2.04839 2.90424 1.98823 -0.787012 -3.13526 -3.85531 -4.22432 -4.64603
81.76 4.43716 6.99741 7.75669 4.50678 -2.38995 -4.73113 -5.86872 -8.4725 -8.79822 -7.25751 -4.85079 -3.21445 -1.53821 0.960953 1.7788 2.00459 3.06088 2.37986 -0.183121 -2.50541 -3.39144 -3.91267 -4.46978
81.81 4.76696 7.43357 8.12884 4.97765 -1.54276 -3.71073 -5.05295 -8.29673 -8.92297 -7.50911 -5.59599 -4.08478 -2.17168 0.556409 1.5525 1.93162 3.14463 2.67115 0.346904 -1.8654 -2.87759 -3.56387 -4.25352
81.86 5.00923 7.7155 8.34026 5.35002 -0.726482 -2.74992 -4.25355 -7.92376 -8.8353 -7.66725 -6.32244 -4.96279 -2.81415 0.132142 1.30567 1.8334 3.17795 2.88409 0.791296 -1.25333 -2.33809 -3.19069 -4.00873
81.91 5.16345 7.86649 8.44628 5.65809 0.0541248 -1.86473 -3.52401 -7.44394 -8.55002 -7.70171 -6.98403 -5.81498 -3.46273 -0.33291 1.0113 1.69424 3.168 3.04115 1.1666 -0.675949 -1.78392 -2.7974 -3.74157
81.96 5.23041 7.89722 8.47133 5.91336 0.800955 -1.04559 -2.86528 -6.89275 -8.10978 -7.61291 -7.54518 -6.60114 -4.10133 -0.848542 0.649686 1.50045 3.1143 3.15255 1.4846 -0.136628 -1.2241 -2.38688 -3.45617
82.01 5.21322 7.81468 8.43068 6.11981 1.5135 -0.281063 -2.26829 -6.28837 -7.54713 -7.40739 -7.98219 -7.28703 -4.71228 -1.42027 0.206248 1.24237 3.01579 3.22409 1.75337 0.361495 -0.665969 -1.96048 -3.15572
82.06 5.12378 7.63951 8.35153 6.27996 2.17501 0.428124 -1.72526 -5.64585 -6.8905 -7.09328 -8.2762 -7.84372 -5.28015 -2.05345 -0.33217 0.911685 2.87059 3.25883 1.97834 0.815109 -0.113189 -1.51381 -2.83964
82.11 5.05257 7.39071 8.16935 6.35793 2.81499 1.09296 -1.23123 -4.99274 -6.18383 -6.69142 -8.41316 -8.24362 -5.78573 -2.7438 -0.969095 0.505726 2.67561 3.25414 2.16012 1.21871 0.429888 -1.03881 -2.50164
82.16 5.04431 7.04813 7.79442 6.33601 3.46055 1.72641 -0.775858 -4.35761 -5.48126 -6.24202 -8.3974 -8.46892 -6.20521 -3.47001 -1.69001 0.0316502 2.42996 3.20613 2.29657 1.56577 0.951293 -0.533108 -2.13094
82.21 5.02399 6.64069 7.32073 6.2313 4.02915 2.31017 -0.34087 -3.74613 -4.81791 -5.78568 -8.25189 -8.52197 -6.52178 -4.20185 -2.46824 -0.497025 2.13278 3.10874 2.38476 1.85429 1.43706 -0.00361033 -1.71686
82.26 4.93952 6.18486 6.81738 6.0668 4.46937 2.81916 0.0862365 -3.1497 -4.20941 -5.35429 -8.00862 -8.42229 -6.7287 -4.90506 -3.26762 -1.06088 1.78404 2.95415 2.41959 2.08406 1.87622 0.534606 -1.25708
82.31 4.76601 5.69784 6.34329 5.86425 4.7446 3.22254 0.507119 -2.54735 -3.65164 -4.96565 -7.69812 -8.19794 -6.82943 -5.54905 -4.05001 -1.63823 1.38582 2.73653 2.39665 2.25505 2.26153 1.06298 -0.759938
82.36 4.5042 5.18254 5.89417 5.65614 4.88189 3.48057 0.901228 -1.9184 -3.12546 -4.62263 -7.34275 -7.87704 -6.83449 -6.11223 -4.78278 -2.20952 0.941188 2.45292 2.31436 2.36827 2.58893 1.56455 -0.240129
82.41 4.16792 4.6477 5.46826 5.44106 4.89676 3.58562 1.24733 -1.25089 -2.60579 -4.3197 -6.9599 -7.4863 -6.75744 -6.57973 -5.43939 -2.75857 0.452251 2.10122 2.173 2.42564 2.85643 2.02643 0.286726
82.46 3.77565 4.09964 5.05983 5.20578 4.79841 3.54812 1.5257 -0.546956 -2.06354 -4.04088 -6.56603 -7.05703 -6.616 -6.93948 -5.99625 -3.27255 -0.081937 1.67694 1.97145 2.42788 3.06297 2.44027 0.807617
82.51 3.33541 3.52637 4.63784 4.92563 4.60374 3.39644 1.72699 0.178176 -1.47033 -3.7574 -6.17549 -6.6266 -6.43474 -7.18344 -6.43193 -3.73993 -0.662608 1.17445 1.70565 2.37251 3.20746 2.80075 1.31091
82.56 2.84322 2.90496 4.16404 4.57562 4.32977 3.16609 1.85537 0.899654 -0.807127 -3.42977 -5.79125 -6.22592 -6.24051 -7.31412 -6.73475 -4.15173 -1.28705 0.591486 1.37061 2.25452 3.28887 3.10413 1.78432
82.61 2.29256 2.21554 3.60971 4.14004 3.99032 2.88982 1.92413 1.582 -0.0785046 -3.01675 -5.3973 -5.86615 -6.05312 -7.34512 -6.90886 -4.5049 -1.94594 -0.0665252 0.963902 2.06857 3.30367 3.34453 2.21429
82.66 1.6818 1.45045 2.96398 3.61633 3.59658 2.59286 1.94904 2.18222 0.675646 -2.49038 -4.95725 -5.53463 -5.88011 -7.29566 -6.97184 -4.80225 -2.62329 -0.783836 0.491491 1.81311 3.24299 3.50829 2.58375
82.71 1.01176 0.61072 2.22938 3.01202 3.16084 2.29446 1.94382 2.6642 1.3865 -1.85382 -4.42252 -5.19736 -5.71635 -7.18451 -6.94724 -5.04918 -3.29811 -1.53634 -0.0320074 1.49195 3.09571 3.57632 2.8719
82.76 0.281645 -0.301433 1.41301 2.33853 2.69629 2.00738 1.91588 3.0111 1.98548 -1.14633 -3.75158 -4.80522 -5.54491 -7.02506 -6.85734 -5.25158 -3.94818 -2.29644 -0.587967 1.11181 2.85237 3.53077 3.0585
82.81 -0.508909 -1.28396 0.522623 1.60648 2.21126 1.73195 1.86177 3.22348 2.43174 -0.428586 -2.92828 -4.30276 -5.33766 -6.82255 -6.71907 -5.41471 -4.55463 -3.03958 -1.1601 0.678411 2.50694 3.35974 3.12816
82.86 -1.35305 -2.3297 -0.4308 0.825348 1.70232 1.44806 1.76445 3.30971 2.71601 0.237858 -1.96857 -3.63781 -5.05499 -6.57428 -6.54479 -5.5426 -5.10171 -3.74645 -1.73875 0.192983 2.05551 3.05711 3.07091
82.91 -2.23059 -3.42 -1.42944 0.00308289 1.15336 1.11887 1.59485 3.27497 2.84641 0.802485 -0.91982 -2.77509 -4.64636 -6.26828 -6.34281 -5.63731 -5.5742 -4.40037 -2.3195 -0.346633 1.49674 2.6215 2.88067
82.96 -2.95462 -4.49686 -2.53315 -0.898003 0.534832 0.714971 1.33611 3.12862 2.83964 1.22834 0.129342 -1.73895 -4.07567 -5.88373 -6.10984 -5.69286 -5.95336 -4.97963 -2.89055 -0.931379 0.84422 2.06497 2.56069
83.01 -3.51604 -5.3006 -3.5624 -1.91394 -0.244791 0.167135 0.956054 2.87761 2.72483 1.5135 1.0829 -0.620902 -3.34389 -5.3968 -5.83062 -5.69868 -6.2255 -5.46344 -3.43195 -1.53696 0.131257 1.41868 2.13066
83.06 -4.00598 -5.89656 -4.32988 -2.87436 -1.18027 -0.553076 0.429866 2.51652 2.52022 1.6728 1.86896 0.461232 -2.48204 -4.78104 -5.47991 -5.64348 -6.38916 -5.84389 -3.93007 -2.13995 -0.605527 0.719615 1.61886
83.11 -4.44356 -6.35957 -4.9096 -3.72224 -2.17813 -1.40273 -0.215876 2.0661 2.24997 1.72774 2.44866 1.39417 -1.55158 -4.01495 -5.02294 -5.51062 -6.44765 -6.12339 -4.38132 -2.72657 -1.33875 -0.00218518 1.0512
83.16 -4.82496 -6.69127 -5.31626 -4.35035 -3.17757 -2.41014 -0.978023 1.54719 1.94241 1.70614 2.82328 2.10173 -0.642349 -3.10734 -4.43 -5.28109 -6.40107 -6.30299 -4.78161 -3.28475 -2.04595 -0.722013 0.450713
83.21 -5.10751 -6.86816 -5.55927 -4.77045 -4.06244 -3.51651 -1.86644 0.960274 1.60241 1.6197 3.01556 2.5641 0.1609 -2.10366 -3.69095 -4.94116 -6.24908 -6.38215 -5.1245 -3.80175 -2.70637 -1.41767 -0.161189
83.26 -5.27641 -6.90015 -5.66099 -5.03663 -4.73116 -4.48792 -2.82353 0.250307 1.18347 1.44441 3.04219 2.79791 0.801251 -1.07472 -2.82587 -4.49105 -5.99723 -6.36214 -5.40097 -4.26316 -3.29868 -2.06615 -0.762201
83.31 -5.28402 -6.75446 -5.56618 -5.16151 -5.28991 -5.26425 -3.72683 -0.561159 0.679887 1.1714 2.92386 2.84014 1.25998 -0.0899367 -1.87502 -3.93947 -5.65564 -6.24983 -5.60534 -4.66116 -3.81137 -2.65173 -1.33459
83.36 -5.10586 -6.39132 -5.19811 -5.1392 -5.82276 -5.93276 -4.56309 -1.41573 0.113344 0.815503 2.6958 2.74297 1.55376 0.79743 -0.887329 -3.29491 -5.23015 -6.05208 -5.73475 -4.99584 -4.24777 -3.17259 -1.87158
83.41 -4.70447 -5.7684 -4.60485 -5.00141 -6.30409 -6.49994 -5.31848 -2.28641 -0.519662 0.377105 2.38113 2.5511 1.71398 1.54586 0.0778792 -2.56814 -4.71782 -5.76928 -5.78379 -5.26704 -4.61676 -3.63416 -2.3726
83.46 -4.11865 -4.91649 -3.8194 -4.74269 -6.70086 -6.96373 -5.98136 -3.15386 -1.22271 -0.141767 1.99771 2.29918 1.77328 2.12532 0.950633 -1.783 -4.10902 -5.39395 -5.74394 -5.47123 -4.9261 -4.04316 -2.83904
83.51 -3.39948 -3.89686 -2.87236 -4.35388 -7.0072 -7.33334 -6.53005 -3.98872 -1.98474 -0.724304 1.56971 2.01822 1.7616 2.5258 1.6625 -0.991089 -3.40382 -4.91719 -5.60607 -5.60098 -5.17781 -4.40225 -3.26967
83.56 -2.59127 -2.75659 -1.79164 -3.76604 -7.21205 -7.67706 -6.9317 -4.75393 -2.8115 -1.35565 1.1232 1.73748 1.70735 2.76567 2.17813 -0.257831 -2.62632 -4.34006 -5.36706 -5.64912 -5.3696 -4.71009 -3.66064
83.61 -1.73447 -1.54754 -0.627617 -3.0154 -7.26995 -7.97774 -7.22818 -5.45044 -3.68446 -2.02141 0.668615 1.4633 1.62054 2.87435 2.50719 0.375837 -1.80633 -3.66706 -5.03093 -5.62794 -5.4957 -4.94618 -4.01115
83.66 -0.864343 -0.329391 0.559531 -2.15237 -7.1763 -8.21422 -7.4452 -6.08572 -4.5729 -2.70396 0.206335 1.18522 1.4989 2.87925 2.67896 0.890356 -0.97924 -2.9147 -4.61341 -5.54227 -5.54342 -5.09818 -4.3163
83.71 -0.00865855 0.847224 1.71481 -1.2312 -6.9512 -8.37966 -7.59264 -6.63492 -5.43981 -3.39611 -0.271381 0.886577 1.33495 2.80263 2.72868 1.28407 -0.181948 -2.11582 -4.14426 -5.38023 -5.4965 -5.17589 -4.56933
83.76 0.811703 1.9535 2.80441 -0.296997 -6.6386 -8.49484 -7.69071 -6.97813 -6.18216 -4.12641 -0.797482 0.539784 1.1208 2.66547 2.69251 1.56749 0.548161 -1.31719 -3.64879 -5.15951 -5.36584 -5.1715 -4.75352
83.81 1.57847 2.97496 3.81123 0.620012 -6.24621 -8.44159 -7.76619 -7.2968 -6.70963 -4.77214 -1.36831 0.136203 0.856632 2.48584 2.60286 1.76225 1.18751 -0.56414 -3.15651 -4.90237 -5.17108 -5.09045 -4.85979
83.86 2.27968 3.9055 4.72017 1.47749 -5.68442 -8.15163 -7.79206 -7.66682 -7.12821 -5.31786 -1.9588 -0.318747 0.547369 2.27776 2.48649 1.89584 1.73692 0.13192 -2.66336 -4.61033 -4.93233 -4.95077 -4.89528
83.91 2.9135 4.75467 5.53888 2.26273 -5.00907 -7.61705 -7.63946 -8.01544 -7.5516 -5.83324 -2.58556 -0.847558 0.179811 2.04052 2.35633 1.98749 2.20062 0.775613 -2.13868 -4.25966 -4.65728 -4.76896 -4.87286
83.96 3.47405 5.53026 6.28545 2.99487 -4.24814 -6.87901 -7.29729 -8.28995 -7.97934 -6.32379 -3.2502 -1.46967 -0.262616 1.76306 2.20976 2.0413 2.57315 1.35992 -1.56434 -3.82388 -4.3401 -4.55236 -4.80148
84.01 3.95217 6.23354 6.97708 3.69197 -3.43275 -5.98324 -6.76571 -8.45665 -8.39461 -6.77794 -3.94236 -2.1888 -0.78486 1.43725 2.03831 2.05309 2.8486 1.86967 -0.949666 -3.28972 -3.96479 -4.29798 -4.68433
84.06 4.34074 6.85541 7.62043 4.35831 -2.60938 -4.99763 -6.07019 -8.48656 -8.73834 -7.17331 -4.65688 -2.99281 -1.37638 1.06342 1.83527 2.01919 3.028 2.2879 -0.334922 -2.67282 -3.51826 -3.99806 -4.52008
84.11 4.68916 7.33589 8.05059 4.86672 -1.76094 -3.97237 -5.26864 -8.36805 -8.90909 -7.44986 -5.40168 -3.8564 -2.00611 0.662646 1.61237 1.95261 3.12837 2.6041 0.21764 -2.03011 -3.01462 -3.65745 -4.31304
84.16 4.95466 7.65532 8.29675 5.25994 -0.935738 -2.99297 -4.45579 -8.03347 -8.87911 -7.63763 -6.13763 -4.73481 -2.64567 0.246021 1.37358 1.86227 3.1735 2.83462 0.682759 -1.40965 -2.48051 -3.29003 -4.0749
84.21 5.13168 7.83894 8.42707 5.58312 -0.145888 -2.08844 -3.70702 -7.57697 -8.64098 -7.70485 -6.82009 -5.59768 -3.29392 -0.207093 1.09384 1.73532 3.17478 3.00493 1.0747 -0.822921 -1.92928 -2.90169 -3.81314
84.26 5.22131 7.90046 8.47174 5.85163 0.609486 -1.25345 -3.03062 -7.04216 -8.23753 -7.64762 -7.41011 -6.40467 -3.9369 -0.70897 0.751261 1.55681 3.13259 3.12758 1.40676 -0.273355 -1.3701 -2.4954 -3.53211
84.31 5.2253 7.84632 8.44644 6.07054 1.33163 -0.475269 -2.41844 -6.45031 -7.70413 -7.47185 -7.88134 -7.1196 -4.55661 -1.26553 0.330481 1.31632 3.04588 3.20907 1.6877 0.235774 -0.811044 -2.07327 -3.2354
84.36 5.15307 7.69195 8.37333 6.24254 2.00953 0.249331 -1.86187 -5.81593 -7.06886 -7.18497 -8.2144 -7.71269 -5.13722 -1.88237 -0.182101 1.00528 2.91312 3.25332 1.92378 0.701426 -0.256615 -1.63267 -2.9238
84.41 5.06057 7.46535 8.24015 6.34887 2.64335 0.921669 -1.35561 -5.1618 -6.36943 -6.80245 -8.39276 -8.15589 -5.66143 -2.5594 -0.794215 0.618466 2.7313 3.25942 2.11706 1.11876 0.289823 -1.16561 -2.59235
84.46 5.04521 7.14456 7.90464 6.35022 3.29714 1.56542 -0.891868 -4.5209 -5.66177 -6.36145 -8.41525 -8.42729 -6.1053 -3.27882 -1.49526 0.161174 2.49894 3.22311 2.26549 1.48092 0.818267 -0.667675 -2.23139
84.51 5.03369 6.75195 7.44952 6.26531 3.89163 2.16413 -0.453126 -3.90347 -4.98583 -5.90332 -8.30063 -8.52394 -6.4498 -4.01248 -2.26178 -0.354971 2.21525 3.13935 2.36669 1.78474 1.31455 -0.14318 -1.82929
84.56 4.96961 6.30704 6.94696 6.11531 4.3702 2.69442 -0.0248722 -3.30466 -4.36254 -5.46301 -8.07965 -8.46155 -6.68539 -4.72642 -3.05942 -0.911748 1.87983 3.00036 2.41595 2.02984 1.7667 0.394508 -1.38101
84.61 4.82007 5.82712 6.46285 5.91796 4.68818 3.13072 0.398998 -2.70634 -3.79319 -5.0626 -7.78423 -8.26688 -6.81291 -5.38824 -3.84963 -1.48756 1.49425 2.79957 2.40835 2.21611 2.16655 0.927192 -0.89237
84.66 4.58033 5.31933 6.00959 5.71082 4.85779 3.42792 0.802263 -2.08572 -3.26083 -4.7078 -7.43873 -7.96858 -6.84174 -5.97415 -4.59813 -2.06216 1.06141 2.53332 2.34153 2.34422 2.50931 1.43719 -0.376903
84.71 4.26154 4.78816 5.57663 5.49817 4.90438 3.5728 1.16297 -1.42875 -2.74223 -4.39552 -7.0615 -7.59335 -6.78461 -6.4678 -5.27691 -2.61834 0.584001 2.19968 2.21556 2.41598 2.79254 1.91038 0.149479
84.76 3.8825 4.24403 5.16595 5.27025 4.83401 3.57024 1.46044 -0.733258 -2.2087 -4.11263 -6.66889 -7.17064 -6.65787 -6.8567 -5.86201 -3.14262 0.0618088 1.7949 2.02999 2.4327 3.01508 2.33736 0.673048
84.81 3.45477 3.67931 4.7512 5.00439 4.66273 3.44499 1.68193 -0.0116359 -1.63121 -3.83385 -6.27656 -6.73697 -6.48432 -7.13112 -6.33098 -3.62319 -0.506799 1.31323 1.78145 2.39277 3.17583 2.71214 1.18207
84.86 2.97684 3.07274 4.29431 4.67459 4.40792 3.23172 1.82827 0.713756 -0.987018 -3.52182 -5.89136 -6.32651 -6.29114 -7.29042 -6.66872 -4.05006 -1.12039 0.751133 1.46485 2.29162 3.27385 3.03079 1.66452
84.91 2.44179 2.4023 3.76274 4.26208 4.0844 2.96468 1.91105 1.41031 -0.273127 -3.13461 -5.50266 -5.95633 -6.1007 -7.34566 -6.87512 -4.41844 -1.77165 0.111557 1.0767 2.12382 3.30668 3.28856 2.10725
84.96 1.8466 1.65703 3.14096 3.76091 3.70373 2.67106 1.94591 2.036 0.480215 -2.63899 -5.07907 -5.61993 -5.92394 -7.31526 -6.96492 -4.72989 -2.44604 -0.592325 0.620292 1.88628 3.26672 3.47404 2.4944
85.01 1.192 0.83649 2.4289 3.17655 3.27762 2.37146 1.94749 2.55129 1.20959 -2.02869 -4.57369 -5.28841 -5.75893 -7.21861 -6.96085 -4.9894 -3.12372 -1.33831 0.108368 1.58166 3.14306 3.56891 2.80581
85.06 0.477691 -0.0569391 1.63311 2.51999 2.81944 2.08075 1.92529 2.93389 1.84307 -1.33432 -3.94104 -4.9158 -5.59174 -7.0709 -6.88611 -5.20287 -3.78225 -2.09902 -0.440914 1.21621 2.92547 3.55439 3.02061
85.11 -0.297356 -1.02148 0.761182 1.80229 2.33949 1.80323 1.87906 3.18069 2.33115 -0.613041 -3.15721 -4.44742 -5.39714 -6.87957 -6.75913 -5.37581 -4.40168 -2.84864 -1.01007 0.796356 2.60708 3.41687 3.12192
85.16 -1.12887 -2.05202 -0.177293 1.03293 1.83796 1.52496 1.79544 3.29883 2.65717 0.0721741 -2.22973 -3.8292 -5.13859 -6.6439 -6.59319 -5.51258 -4.96573 -3.56665 -1.5876 0.324639 2.18358 3.14888 3.09848
85.21 -2.00048 -3.13322 -1.16617 0.22096 1.3014 1.21106 1.64774 3.29574 2.82666 0.66748 -1.19785 -3.01962 -4.76801 -6.35485 -6.39812 -5.61596 -5.45911 -4.23594 -2.16815 -0.20071 1.65259 2.74771 2.94326
85.26 -2.78788 -4.23973 -2.23765 -0.647007 0.708096 0.830445 1.41291 3.17637 2.85279 1.13141 -0.13826 -2.0211 -4.24038 -5.99278 -6.17429 -5.68286 -5.86464 -4.8373 -2.7439 -0.775963 1.02163 2.22016 2.65573
85.31 -3.37799 -5.11512 -3.32304 -1.65067 -0.0217651 0.328399 1.06983 2.95396 2.76411 1.45197 0.84808 -0.913713 -3.54881 -5.53499 -5.9091 -5.70259 -6.16523 -5.34732 -3.29475 -1.37865 0.320741 1.59367 2.2518
85.36 -3.8838 -5.75645 -4.15056 -2.63376 -0.927704 -0.351572 0.579657 2.62031 2.58101 1.64236 1.68313 0.189445 -2.71629 -4.95542 -5.58006 -5.66459 -6.35682 -5.7547 -3.80479 -1.98399 -0.412903 0.90509 1.75861
85.41 -4.33428 -6.24886 -4.77379 -3.51445 -1.91564 -1.17033 -0.0376121 2.19054 2.32516 1.72209 2.31813 1.17061 -1.79605 -4.22949 -5.15434 -5.55392 -6.44253 -6.06016 -4.26837 -2.57585 -1.14919 0.186801 1.2033
85.46 -4.73469 -6.62191 -5.22867 -4.2095 -2.91936 -2.13243 -0.769082 1.68785 2.02499 1.71789 2.74422 1.94114 -0.871978 -3.3554 -4.59851 -5.35108 -6.42346 -6.26598 -4.68269 -3.14288 -1.86542 -0.535921 0.609107
85.51 -5.04348 -6.83507 -5.50956 -4.67877 -3.8587 -3.22845 -1.61812 1.12253 1.69583 1.64901 2.98168 2.46661 -0.0344704 -2.37082 -3.89709 -5.04067 -6.29873 -6.37127 -5.04122 -3.67184 -2.53998 -1.23996 -0.00180738
85.56 -5.24567 -6.90748 -5.64895 -4.98012 -4.57156 -4.25869 -2.57868 0.448381 1.30232 1.50022 3.05059 2.75741 0.651898 -1.34111 -3.06128 -4.6184 -6.07193 -6.37668 -5.33584 -4.14902 -3.15191 -1.90289 -0.607846
85.61 -5.30023 -6.81048 -5.61893 -5.14478 -5.14706 -5.07325 -3.49717 -0.344118 0.817218 1.25065 2.96646 2.84466 1.15742 -0.33914 -2.12854 -4.09254 -5.7529 -6.28757 -5.5592 -4.56362 -3.68544 -2.50546 -1.18869
85.66 -5.17122 -6.51009 -5.31865 -5.1561 -5.68715 -5.76823 -4.35264 -1.19082 0.266994 0.916045 2.7643 2.77903 1.49143 0.578005 -1.14518 -3.47133 -5.34913 -6.11172 -5.70853 -4.91473 -4.14097 -3.04288 -1.73516
85.71 -4.82924 -5.95557 -4.77936 -5.04908 -6.186 -6.36186 -5.12969 -2.05879 -0.347815 0.499426 2.47055 2.6082 1.68322 1.36605 -0.167865 -2.76464 -4.86031 -5.85153 -5.7792 -5.20261 -4.5266 -3.51917 -2.24538
85.76 -4.28597 -5.15677 -4.04069 -4.82149 -6.60663 -6.8532 -5.81879 -2.9297 -1.03323 0.000480228 2.10305 2.36888 1.76583 1.99159 0.736217 -1.99084 -4.27736 -5.50128 -5.76346 -5.42487 -4.85107 -3.94145 -2.72085
85.81 -3.59732 -4.17629 -3.13402 -4.47439 -6.93454 -7.24057 -6.40031 -3.77663 -1.78098 -0.567817 1.68369 2.09235 1.76978 2.43813 1.49536 -1.19433 -3.59597 -5.05143 -5.65179 -5.57482 -5.11791 -4.31357 -3.16114
85.86 -2.80811 -3.0626 -2.08348 -3.93662 -7.17203 -7.59071 -6.83877 -4.56175 -2.59056 -1.18711 1.24066 1.80998 1.72473 2.71692 2.06256 -0.44061 -2.83434 -4.49995 -5.4391 -5.64469 -5.32547 -4.63478 -3.56261
85.91 -1.96035 -1.86597 -0.935794 -3.22411 -7.26979 -7.905 -7.15933 -5.27479 -3.45402 -1.84554 0.787586 1.53435 1.64626 2.8571 2.43798 0.22168 -2.02234 -3.85116 -5.12738 -5.63921 -5.46978 -4.89314 -3.92394
85.96 -1.09068 -0.644493 0.251361 -2.38492 -7.21465 -8.15971 -7.39572 -5.92617 -4.34158 -2.52538 0.327681 1.25889 1.53436 2.88667 2.64737 0.767988 -1.19357 -3.11681 -4.72778 -5.57212 -5.54042 -5.06546 -4.24124
86.01 -0.229022 0.546537 1.41905 -1.47409 -7.01981 -8.34169 -7.5603 -6.51099 -5.2207 -3.21094 -0.14286 0.96791 1.38198 2.82906 2.72542 1.19281 -0.384544 -2.32599 -4.27031 -5.42904 -5.51739 -5.16344 -4.50943
86.06 0.602298 1.67286 2.52778 -0.540068 -6.72705 -8.4708 -7.6678 -6.90349 -6.00606 -3.93729 -0.656103 0.635809 1.1821 2.70646 2.70855 1.5031 0.365477 -1.52325 -3.77921 -5.22162 -5.40705 -5.18049 -4.71277
86.11 1.38495 2.71781 3.55806 0.384922 -6.3662 -8.47477 -7.74618 -7.20831 -6.58993 -4.61686 -1.21782 0.245791 0.929473 2.53557 2.62964 1.71847 1.03002 -0.754454 -3.28361 -4.97204 -5.22671 -5.11809 -4.83952
86.16 2.10331 3.67128 4.49267 1.26148 -5.84346 -8.25276 -7.80169 -7.56875 -7.01923 -5.17967 -1.80208 -0.194326 0.632668 2.3344 2.51833 1.86553 1.60185 -0.0445775 -2.79383 -4.691 -4.99816 -4.99179 -4.89208
86.21 2.75508 4.5407 5.33324 2.06411 -5.1943 -7.77766 -7.69729 -7.93036 -7.44053 -5.70102 -2.41828 -0.701186 0.282372 2.10581 2.39159 1.96719 2.08816 0.612976 -2.27997 -4.35833 -4.73259 -4.81983 -4.88369
86.26 3.3355 5.33504 6.09685 2.80805 -4.45332 -7.08884 -7.40511 -8.22746 -7.8681 -6.19878 -3.07374 -1.29807 -0.139603 1.83979 2.24998 2.03105 2.48519 1.21404 -1.71893 -3.94684 -4.42766 -4.61219 -4.82452
86.31 3.83612 6.05751 6.80129 3.51296 -3.64809 -6.22862 -6.9218 -8.42548 -8.28916 -6.66412 -3.76026 -1.99242 -0.641234 1.52711 2.08597 2.05442 2.78625 1.74487 -1.11215 -3.4383 -4.06925 -4.36842 -4.71932
86.36 4.24615 6.70268 7.46152 4.19157 -2.82327 -5.25909 -6.26425 -8.49279 -8.66666 -7.07897 -4.46464 -2.7752 -1.21715 1.16412 1.89047 2.03163 2.9897 2.18872 -0.491413 -2.83877 -3.64124 -4.08067 -4.56739
86.41 4.60534 7.22732 7.96043 4.74839 -1.98139 -4.23772 -5.48396 -8.42293 -8.88058 -7.38574 -5.20712 -3.62894 -1.84088 0.768215 1.67153 1.97226 3.10848 2.5311 0.0820294 -2.19676 -3.14979 -3.74932 -4.37047
86.46 4.8941 7.58611 8.24572 5.16531 -1.14756 -3.24143 -4.66283 -8.13509 -8.90849 -7.59968 -5.94913 -4.50581 -2.47784 0.357365 1.43866 1.88863 3.1661 2.78109 0.56921 -1.56837 -2.62183 -3.38798 -4.13946
86.51 5.094 7.80326 8.40224 5.50455 -0.348339 -2.31702 -3.89511 -7.70473 -8.72069 -7.6995 -6.6498 -5.37654 -3.12474 -0.0846031 1.17208 1.77285 3.17858 2.96546 0.978684 -0.972501 -2.07418 -3.00481 -3.8834
86.56 5.20637 7.8959 8.46748 5.78658 0.415747 -1.46521 -3.20039 -7.18772 -8.35645 -7.67428 -7.26692 -6.20189 -3.77084 -0.573089 0.847529 1.60894 3.14784 3.09978 1.3254 -0.412911 -1.51621 -2.60292 -3.60702
86.61 5.23219 7.87111 8.45892 6.01813 1.14684 -0.673105 -2.5724 -6.60931 -7.85413 -7.52873 -7.7711 -6.94387 -4.39826 -1.11488 0.448472 1.38547 3.07283 3.19151 1.61896 0.107041 -0.956519 -2.1849 -3.31414
86.66 5.17835 7.74017 8.39497 6.20213 1.83864 0.0660417 -2.00196 -5.98446 -7.24258 -7.26995 -8.14197 -7.57144 -4.9905 -1.71551 -0.0389534 1.09359 2.95231 3.24529 1.86631 0.584395 -0.400634 -1.74978 -3.00666
86.71 5.07404 7.53275 8.29603 6.33319 2.47373 0.748372 -1.48304 -5.33193 -6.55458 -6.90949 -8.36165 -8.05634 -5.53159 -2.3779 -0.625414 0.726391 2.78357 3.26182 2.07091 1.01495 0.148468 -1.29035 -2.68113
86.76 5.04632 7.2364 8.00703 6.35849 3.12948 1.40137 -1.00959 -4.68587 -5.84454 -6.47975 -8.42371 -8.37367 -5.99855 -3.0886 -1.30501 0.286665 2.56442 3.23686 2.23119 1.39204 0.682972 -0.800463 -2.32908
86.81 5.0397 6.85982 7.57531 6.29495 3.74609 2.01344 -0.566076 -4.06217 -5.15743 -6.02225 -8.34213 -8.51503 -6.37033 -3.82173 -2.05744 -0.215686 2.29419 3.16617 2.34507 1.71115 1.18895 -0.28191 -1.93858
86.86 4.99381 6.42735 7.07897 6.15925 4.25897 2.56439 -0.13597 -3.45979 -4.51959 -5.57464 -8.14571 -8.49179 -6.63461 -4.5441 -2.85062 -0.763855 1.97222 3.04233 2.4084 1.97157 1.65354 0.253968 -1.50225
86.91 4.86794 5.95491 6.5854 5.9714 4.62121 3.02903 0.289476 -2.86371 -3.93724 -5.16266 -7.86696 -8.32878 -6.78966 -5.2222 -3.64636 -1.33679 1.59946 2.85812 2.41598 2.17317 2.06761 0.789769 -1.02304
86.96 4.65103 5.4547 6.1267 5.76519 4.82523 3.36483 0.700438 -2.25049 -3.39717 -4.79591 -7.53256 -8.05488 -6.84311 -5.82976 -4.4087 -1.91352 1.17862 2.60914 2.36465 2.31631 2.42558 1.30724 -0.513025
87.01 4.35114 4.92796 5.68679 5.55441 4.90405 3.54985 1.07424 -1.60393 -2.87769 -4.47341 -7.16204 -7.69711 -6.80699 -6.34873 -5.10803 -2.47592 0.712716 2.29331 2.25407 2.40257 2.72447 1.79111 0.0119537
87.06 3.98615 4.3872 5.27198 5.33225 4.86278 3.58397 1.38992 -0.917766 -2.35087 -4.18474 -6.77182 -7.28351 -6.69651 -6.76607 -5.71982 -3.00968 0.202381 1.90761 2.08424 2.43365 2.96294 2.23082 0.537422
87.11 3.57079 3.82951 4.86178 5.07885 4.7161 3.48758 1.6317 -0.201168 -1.78747 -3.90807 -6.37821 -6.84902 -6.53259 -7.07089 -6.22099 -3.50274 -0.354071 1.4465 1.85258 2.40883 3.1399 2.61966 1.05136
87.16 3.10659 3.23621 4.41951 4.76796 4.48148 3.29377 1.79683 0.52593 -1.16203 -3.60875 -5.99135 -6.42997 -6.34202 -7.25957 -6.59364 -3.94435 -0.956351 0.90543 1.55419 2.32418 3.25438 2.95328 1.54195
87.21 2.58696 2.58402 3.90966 4.37813 4.17467 3.0378 1.89473 1.23378 -0.46491 -3.24499 -5.60576 -6.04893 -6.14929 -7.34035 -6.83338 -4.32805 -1.59895 0.285212 1.18481 2.17427 3.30471 3.22765 1.99639
87.26 2.00743 1.85858 3.31188 3.89991 3.80784 2.74891 1.94057 1.88217 0.283168 -2.77962 -5.19535 -5.70567 -5.96863 -7.33036 -6.95158 -4.65395 -2.269 -0.403705 0.745279 1.95484 3.28471 3.43357 2.39985
87.31 1.36825 1.05741 2.62283 3.33628 3.39232 2.44916 1.94961 2.42924 1.026 -2.19774 -4.71611 -5.37673 -5.80143 -7.24927 -6.96965 -4.92645 -2.94798 -1.14126 0.246206 1.66721 3.18396 3.55398 2.73308
87.36 0.669643 0.182802 1.84814 2.6974 2.94125 2.15517 1.93317 2.84739 1.69056 -1.52049 -4.12008 -5.0199 -5.63678 -7.11381 -6.91132 -5.15137 -3.61361 -1.9008 -0.295171 1.31693 2.99167 3.56957 2.97493
87.41 -0.0896378 -0.76345 0.995279 1.99468 2.46643 1.87467 1.89393 3.12913 2.2194 -0.800037 -3.37625 -4.58188 -5.45237 -6.93361 -6.79652 -5.3344 -4.24492 -2.65552 -0.860558 0.9108 2.70005 3.46505 3.10712
87.46 -0.907419 -1.77775 0.0728697 1.23775 1.97133 1.59947 1.82213 3.2798 2.58769 -0.0997093 -2.48366 -4.00747 -5.21467 -6.70998 -6.63964 -5.48026 -4.82489 -3.3835 -1.43661 0.452649 2.30428 3.23153 3.11703
87.51 -1.77099 -2.84794 -0.904742 0.436399 1.4457 1.29831 1.69418 3.30825 2.79701 0.523506 -1.47348 -3.25039 -4.87844 -6.43635 -6.45155 -5.59224 -5.33817 -4.06708 -2.01672 -0.0584886 1.80131 2.86505 2.99664
87.56 -2.60648 -3.95555 -1.9442 -0.411251 0.870529 0.937514 1.48274 3.21758 2.85841 1.02468 -0.411058 -2.29587 -4.39395 -6.09543 -6.23601 -5.66961 -5.76863 -4.6886 -2.59543 -0.622344 1.19429 2.36858 2.74279
87.61 -3.23466 -4.91371 -3.06268 -1.38413 0.188033 0.476655 1.17303 3.0225 2.79694 1.38157 0.602781 -1.2069 -3.74414 -5.66501 -5.98335 -5.70261 -6.09743 -5.22405 -3.15461 -1.22036 0.5081 1.76449 2.36688
87.66 -3.75793 -5.60635 -3.95728 -2.38569 -0.680353 -0.15933 0.720851 2.71755 2.63684 1.60436 1.48345 -0.0908709 -2.94449 -5.11981 -5.67372 -5.68083 -6.31726 -5.65851 -3.67625 -1.82702 -0.22037 1.0886 1.89416
87.71 -4.2217 -6.13163 -4.62759 -3.29653 -1.65427 -0.945649 0.13381 2.3103 2.3973 1.7106 2.17311 0.932392 -2.04016 -4.43365 -5.27675 -5.59092 -6.43029 -5.99016 -4.15209 -2.42347 -0.958294 0.375444 1.35271
87.76 -4.63738 -6.54144 -5.12911 -4.05346 -2.65862 -1.86422 -0.566765 1.82497 2.10594 1.72538 2.65228 1.7636 -1.1077 -3.59588 -4.75709 -5.41379 -6.43866 -6.22208 -4.57989 -2.99832 -1.68198 -0.34851 0.766396
87.81 -4.97226 -6.79217 -5.44955 -4.57455 -3.6368 -2.93916 -1.38091 1.27853 1.78578 1.67341 2.93658 2.35315 -0.240248 -2.63481 -4.0939 -5.1325 -6.34141 -6.35358 -4.95358 -3.53837 -2.36932 -1.05946 0.157867
87.86 -5.20489 -6.9031 -5.62597 -4.91396 -4.402 -4.01438 -2.33065 0.638427 1.41498 1.54911 3.0485 2.70298 0.490043 -1.60949 -3.29011 -4.73877 -6.1404 -6.38479 -5.26582 -4.03051 -2.99967 -1.73541 -0.451703
87.91 -5.30346 -6.8543 -5.65174 -5.1158 -5.00258 -4.87501 -3.26362 -0.130628 0.950353 1.32434 3.00121 2.83888 1.04311 -0.594199 -2.37864 -4.23919 -5.84448 -6.31947 -5.50802 -4.46171 -3.5541 -2.35468 -1.04039
87.96 -5.22139 -6.61272 -5.42299 -5.16518 -5.54844 -5.59667 -4.13673 -0.967166 0.416359 1.0111 2.82668 2.80803 1.41942 0.349724 -1.40346 -3.64199 -5.46245 -6.16571 -5.67697 -4.82929 -4.02935 -2.90893 -1.59621
88.01 -4.94065 -6.1259 -4.94001 -5.08833 -6.06232 -6.21688 -4.93506 -1.83144 -0.180833 0.616105 2.55496 2.6607 1.64508 1.17512 -0.418555 -2.95646 -4.99643 -5.92773 -5.76877 -5.13373 -4.43226 -3.40047 -2.11578
88.06 -4.44358 -5.38491 -4.25061 -4.89233 -6.5058 -6.73534 -5.6488 -2.70386 -0.847992 0.138008 2.20489 2.43611 1.75308 1.84554 0.511776 -2.19708 -4.43895 -5.60189 -5.77649 -5.3736 -4.77208 -3.83627 -2.60022
88.11 -3.78835 -4.44646 -3.38513 -4.57796 -6.85744 -7.14807 -6.25988 -3.55992 -1.58118 -0.414346 1.79648 2.16639 1.77479 2.33891 1.31475 -1.40075 -3.78271 -5.17879 -5.69066 -5.54319 -5.05391 -4.22133 -3.04986
88.16 -3.02102 -3.3629 -2.36858 -4.09539 -7.12219 -7.50176 -6.73824 -4.36463 -2.37309 -1.02113 1.35752 1.88304 1.73993 2.6588 1.93386 -0.629727 -3.03896 -4.6533 -5.50435 -5.63454 -5.27721 -4.55599 -3.46183
88.21 -2.18481 -2.18272 -1.24122 -3.42414 -7.25906 -7.82804 -7.08483 -5.09507 -3.22524 -1.67112 0.906234 1.60563 1.66981 2.83236 2.35743 0.0595084 -2.23724 -4.02944 -5.21776 -5.6464 -5.43897 -4.83409 -3.83366
88.26 -1.31763 -0.961797 -0.0582323 -2.61267 -7.24337 -8.10004 -7.34134 -5.76233 -4.10975 -2.34709 0.448441 1.33162 1.56713 2.88821 2.6069 0.637315 -1.40926 -3.31517 -4.83867 -5.59646 -5.53063 -5.02804 -4.16292
88.31 -0.451466 0.241389 1.1192 -1.71554 -7.08246 -8.3012 -7.52392 -6.36701 -4.9946 -3.03198 -0.018592 1.04629 1.42609 2.85142 2.71584 1.09358 -0.591557 -2.53575 -4.39436 -5.47362 -5.53232 -5.14533 -4.44493
88.36 0.389616 1.38673 2.24592 -0.783602 -6.81078 -8.44159 -7.64363 -6.82043 -5.81673 -3.7458 -0.517611 0.727803 1.23954 2.74394 2.72026 1.43223 0.177139 -1.7313 -3.90907 -5.28077 -5.4435 -5.18405 -4.66679
88.41 1.18657 2.45387 3.29783 0.146296 -6.46809 -8.49349 -7.72925 -7.12463 -6.45928 -4.45224 -1.06755 0.352766 0.999801 2.58354 2.65437 1.6701 0.866072 -0.949152 -3.41161 -5.03996 -5.27923 -5.14141 -4.81412
88.46 1.92242 3.43133 4.25869 1.04018 -5.99426 -8.3361 -7.79858 -7.47037 -6.91111 -5.03952 -1.64771 -0.0743577 0.714524 2.38942 2.54934 1.8323 1.46105 -0.224597 -2.92271 -4.7683 -5.06163 -5.0298 -4.88477
88.51 2.59181 4.32164 5.12236 1.8615 -5.37326 -7.92357 -7.74221 -7.84087 -7.32998 -5.56733 -2.25372 -0.560985 0.380046 2.16861 2.42593 1.94443 1.96969 0.446573 -2.41794 -4.45167 -4.80538 -4.86841 -4.89115
88.56 3.19153 5.13495 5.90424 2.61862 -4.65396 -7.28674 -7.4997 -8.15826 -7.75654 -6.07167 -2.89944 -1.13314 -0.0220198 1.9134 2.28875 2.01814 2.39072 1.06342 -1.87028 -4.06316 -4.51169 -4.6697 -4.84452
88.61 3.7139 5.87626 6.62251 3.3322 -3.86195 -6.46627 -7.06572 -8.38535 -8.18144 -6.54688 -3.5791 -1.80214 -0.502761 1.61352 2.13148 2.05262 2.71727 1.61418 -1.27354 -3.58055 -4.16897 -4.43594 -4.75122
88.66 4.14867 6.54267 7.29303 4.01681 -3.03671 -5.51731 -6.44986 -8.48954 -8.58073 -6.97697 -4.2771 -2.5632 -1.06116 1.26289 1.94441 2.04187 2.94575 2.08247 -0.651456 -3.00199 -3.75994 -4.16037 -4.61169
88.71 4.51584 7.10708 7.85603 4.62101 -2.20383 -4.50607 -5.69553 -8.45551 -8.84018 -7.31939 -5.01322 -3.40241 -1.67549 0.873768 1.7305 1.99073 3.08456 2.45155 -0.0600713 -2.36491 -3.28282 -3.83941 -4.42576
88.76 4.82745 7.50721 8.18599 5.06551 -1.36167 -3.49485 -4.87382 -8.22764 -8.92302 -7.55362 -5.75771 -4.27645 -2.31077 0.46655 1.50147 1.91287 3.15577 2.72324 0.450428 -1.72936 -2.76189 -3.48455 -4.20244
88.81 5.05033 7.75902 8.37115 5.42208 -0.553117 -2.55045 -4.0881 -7.82673 -8.78856 -7.68562 -6.47373 -5.15226 -2.9555 0.0347387 1.2464 1.80716 3.17952 2.92267 0.878456 -1.12456 -2.21842 -3.10674 -3.95239
88.86 5.18548 7.8832 8.45805 5.71805 0.219861 -1.68087 -3.37458 -7.32914 -8.4661 -7.69278 -7.11599 -5.99337 -3.60347 -0.44078 0.938785 1.65708 3.16014 3.06916 1.24047 -0.555167 -1.66226 -2.70945 -3.68092
88.91 5.23357 7.88843 8.46737 5.96242 0.959554 -0.874353 -2.73014 -6.7651 -7.99673 -7.57793 -7.65181 -6.76034 -4.23748 -0.968183 0.56051 1.45003 3.09677 3.17146 1.54714 -0.0245676 -1.1023 -2.29549 -3.39203
88.96 5.19925 7.78311 8.41519 6.15856 1.66325 -0.121268 -2.14545 -6.15095 -7.41097 -7.34791 -8.05923 -7.42048 -4.84034 -1.55292 0.0974134 1.17679 2.98831 3.23484 1.80603 0.464214 -0.545108 -1.86529 -3.08842
89.01 5.09646 7.59279 8.33351 6.30879 2.30888 0.574205 -1.61358 -5.50279 -6.73847 -7.01187 -8.31972 -7.94528 -5.39664 -2.19965 -0.462917 0.829453 2.83249 3.26146 2.02177 0.907514 0.00614563 -1.41304 -2.76824
89.06 5.04865 7.32287 8.10002 6.36067 2.95881 1.23456 -1.12925 -4.85236 -6.02891 -6.59615 -8.42232 -8.30798 -5.88529 -2.89995 -1.11975 0.407903 2.62649 3.24759 2.1938 1.29925 0.545749 -0.93127 -2.42419
89.11 5.04292 6.96394 7.69684 6.31953 3.59324 1.85869 -0.679833 -4.22236 -5.33246 -6.1419 -8.37581 -8.49485 -6.28349 -3.63024 -1.85587 -0.0794908 2.36967 3.18945 2.32009 1.63362 1.06054 -0.419446 -2.04476
89.16 5.01238 6.54479 7.21106 6.19974 4.13762 2.42841 -0.247346 -3.61537 -4.68045 -5.68873 -8.20618 -8.51251 -6.57636 -4.35874 -2.64198 -0.617618 2.0612 3.08024 2.39711 1.90936 1.53696 0.113432 -1.62055
89.21 4.90953 6.08085 6.71056 6.02394 4.54327 2.91818 0.179032 -3.01979 -4.0841 -5.26577 -7.94592 -8.38315 -6.75949 -5.05134 -3.44078 -1.18623 1.70144 2.91231 2.41965 2.12631 1.9649 0.651098 -1.15162
89.26 4.71605 5.58809 6.24468 5.81914 4.78439 3.29148 0.596127 -2.41294 -3.53492 -4.88706 -7.62394 -8.13546 -6.83838 -5.67931 -4.21493 -1.76384 1.29283 2.68048 2.38382 2.28459 2.33787 1.17499 -0.648163
89.31 4.43644 5.06692 5.79881 5.60992 4.89543 3.51647 0.981513 -1.77633 -3.01261 -4.55362 -7.26121 -7.79701 -6.82429 -6.22274 -4.93319 -2.33152 0.838473 2.38227 2.28863 2.38548 2.65234 1.66884 -0.125564
89.36 4.08656 4.52933 5.37839 5.3921 4.88432 3.58873 1.31428 -1.10015 -2.49051 -4.2577 -6.87452 -7.39492 -6.73147 -6.66775 -5.57007 -2.87396 0.339848 2.01524 2.13436 2.43088 2.90667 2.12085 0.401015
89.41 3.68362 3.97734 4.97015 5.14932 4.76345 3.52349 1.57615 -0.389948 -1.93943 -3.98077 -6.48037 -6.96217 -6.57905 -7.00269 -6.10218 -3.37874 -0.204447 1.57436 1.91924 2.42091 3.09979 2.52346 0.919079
89.46 3.23265 3.39564 4.54002 4.85585 4.5501 3.35158 1.76076 0.336838 -1.332 -3.69125 -6.09152 -6.53611 -6.39278 -7.22134 -6.50942 -3.83463 -0.795065 1.05434 1.63876 2.35236 3.23065 2.87182 1.41696
89.51 2.72812 2.76071 4.0505 4.48806 4.2608 3.10867 1.87482 1.05319 -0.653033 -3.34833 -5.70724 -6.1442 -6.19874 -7.32885 -6.7833 -4.23369 -1.42811 0.454199 1.28814 2.22002 3.29805 3.16219 1.88213
89.56 2.1643 2.05499 3.47654 4.03303 3.90857 2.82599 1.93269 1.72132 0.0858422 -2.91213 -5.30695 -5.79245 -6.01428 -7.34063 -6.93141 -4.57435 -2.09255 -0.218385 0.866239 2.01882 3.2973 3.38737 2.30058
89.61 1.54055 1.27338 2.81093 3.49086 3.50454 2.52724 1.95 2.29826 0.836953 -2.36013 -4.85048 -5.46319 -5.84413 -7.27626 -6.97326 -4.86023 -2.77129 -0.945656 0.381222 1.74857 3.2187 3.53197 2.65417
89.66 0.857537 0.4177 2.05785 2.87046 3.06144 2.23053 1.9395 2.75149 1.52858 -1.70368 -4.28891 -5.11847 -5.68051 -7.15371 -6.93271 -5.09699 -3.44257 -1.70217 -0.150969 1.41395 3.05119 3.57662 2.92182
89.71 0.114123 -0.510053 1.22463 2.18336 2.59202 1.94653 1.90659 3.06859 2.09654 -0.988473 -3.58501 -4.707 -5.50402 -6.98471 -6.83104 -5.29045 -4.08463 -2.4605 -0.711667 1.02182 2.78602 3.50453 3.08406
89.76 -0.6891 -1.50731 0.31931 1.43971 2.10258 1.6719 1.84499 3.2526 2.50735 -0.276945 -2.72948 -4.1732 -5.28408 -6.7727 -6.68397 -5.44563 -4.67948 -3.19728 -1.28583 0.577143 2.41777 3.3052 3.12679
89.81 -1.54277 -2.56481 -0.645686 0.649175 1.58656 1.38124 1.73461 3.31243 2.75718 0.371153 -1.74523 -3.46714 -4.9785 -6.51327 -6.5032 -5.56625 -5.21164 -3.89404 -1.86526 0.0800699 1.94289 2.97351 3.04095
89.86 -2.41056 -3.66323 -1.65845 -0.183311 1.02629 1.03812 1.54601 3.25169 2.85557 0.9079 -0.687224 -2.56112 -4.53596 -6.19193 -6.29522 -5.65335 -5.66567 -4.534 -2.44564 -0.471077 1.36153 2.50967 2.82154
89.91 -3.08588 -4.69525 -2.77912 -1.11697 0.381782 0.610974 1.26555 3.08326 2.82305 1.30203 0.348263 -1.49823 -3.92914 -5.78723 -6.05377 -5.69889 -6.02215 -5.0938 -3.01179 -1.06254 0.6927 1.93054 2.47546
89.96 -3.6282 -5.44543 -3.7494 -2.13133 -0.439758 0.0228797 0.852875 2.80773 2.68717 1.55834 1.27054 -0.377567 -3.16531 -5.27447 -5.76143 -5.69246 -6.27047 -5.55532 -3.54456 -1.66929 -0.0283956 1.26968 2.02513
90.01 -4.10581 -6.00728 -4.47068 -3.07027 -1.39507 -0.728632 0.298083 2.42487 2.46586 1.69278 2.01352 0.680872 -2.28214 -4.62717 -5.39066 -5.62194 -6.41097 -5.91345 -4.0326 -2.26965 -0.766421 0.563391 1.49912
90.06 -4.53361 -6.4483 -5.01616 -3.88128 -2.397 -1.60738 -0.372132 1.95806 2.1851 1.72851 2.54707 1.5693 -1.34802 -3.82785 -4.90583 -5.4694 -6.44667 -6.17132 -4.47336 -2.85131 -1.49597 -0.160106 0.922293
90.11 -4.89499 -6.74122 -5.38114 -4.45807 -3.39214 -2.64934 -1.15765 1.4269 1.87203 1.69301 2.87987 2.22326 -0.45562 -2.89446 -4.28109 -5.21667 -6.377 -6.329 -4.86169 -3.40155 -2.19467 -0.876469 0.317586
90.16 -5.15524 -6.88817 -5.59336 -4.83928 -4.22195 -3.75205 -2.07931 0.818478 1.52037 1.59062 3.03531 2.6338 0.315875 -1.87866 -3.51159 -4.85197 -6.20242 -6.38629 -5.19097 -3.90775 -2.84211 -1.56392 -0.293983
90.21 -5.29384 -6.88473 -5.66252 -5.07685 -4.85797 -4.66921 -3.02572 0.0790226 1.07938 1.39235 3.02741 2.82172 0.916607 -0.854212 -2.62433 -4.37916 -5.93021 -6.34537 -5.45188 -4.35547 -3.41732 -2.19939 -0.88976
90.26 -5.26074 -6.69821 -5.50844 -5.16637 -5.40797 -5.41851 -3.91587 -0.745436 0.561405 1.10056 2.88245 2.82913 1.33711 0.113366 -1.66093 -3.80654 -5.57006 -6.214 -5.6402 -4.73959 -3.91281 -2.77069 -1.45475
90.31 -5.03725 -6.27813 -5.08657 -5.11942 -5.9338 -6.06513 -4.73488 -1.60479 -0.0187542 0.727 2.63397 2.70792 1.5989 0.973575 -0.672831 -3.14305 -5.12627 -5.99796 -5.75264 -5.06051 -4.33368 -3.27801 -1.98378
90.36 -4.59041 -5.59967 -4.4487 -4.95518 -6.39865 -6.61024 -5.47179 -2.4769 -0.66731 0.270389 2.30267 2.50022 1.73442 1.68727 0.278574 -2.40062 -4.59368 -5.69583 -5.78313 -5.31758 -4.68921 -3.72768 -2.47722
90.41 -3.97162 -4.70667 -3.62586 -4.67083 -6.77495 -7.0508 -6.1116 -3.33994 -1.38448 -0.264269 1.90717 2.23935 1.77579 2.22763 1.12139 -1.60876 -3.9632 -5.29899 -5.7226 -5.50624 -4.986 -4.12573 -2.93607
90.46 -3.22925 -3.65662 -2.64628 -4.24166 -7.06313 -7.41079 -6.62908 -4.16223 -2.15972 -0.858162 1.47348 1.95649 1.75273 2.59068 1.7917 -0.824499 -3.23958 -4.79991 -5.56269 -5.6187 -5.22487 -4.47377 -3.35834
90.51 -2.40719 -2.49669 -1.54288 -3.61461 -7.23784 -7.74732 -7.0042 -4.91118 -2.99887 -1.49853 1.02452 1.67723 1.69113 2.79955 2.26492 -0.110336 -2.45025 -4.20143 -5.30184 -5.64953 -5.40328 -4.76917 -3.74059
90.56 -1.54469 -1.28047 -0.368398 -2.83472 -7.26216 -8.03547 -7.28189 -5.59425 -3.878 -2.16943 0.56857 1.40356 1.59723 2.8834 2.55682 0.498334 -1.62556 -3.50906 -4.94581 -5.61545 -5.51381 -4.98603 -4.08168
90.61 -0.675645 -0.0678277 0.815778 -1.95465 -7.13722 -8.25606 -7.48304 -6.21583 -4.76572 -2.85349 0.104233 1.1226 1.46699 2.86877 2.69899 0.986251 -0.801755 -2.7434 -4.51518 -5.51326 -5.54111 -5.1219 -4.37647
90.66 0.173944 1.09521 1.95887 -1.02736 -6.88954 -8.40931 -7.61712 -6.72526 -5.61592 -3.55455 -0.3821 0.815816 1.29301 2.77752 2.72704 1.35448 -0.0164634 -1.94054 -4.03779 -5.33654 -5.47477 -5.18208 -4.61583
90.71 0.984042 2.18385 3.03152 -0.0944597 -6.56148 -8.50078 -7.71041 -7.04345 -6.31475 -4.27832 -0.919107 0.456229 1.067 2.62917 2.6764 1.61651 0.695541 -1.14807 -3.5405 -5.10599 -5.32819 -5.16004 -4.78347
90.76 1.73701 3.18542 4.01792 0.813482 -6.13588 -8.40117 -7.78286 -7.37424 -6.80346 -4.89623 -1.49497 0.0419009 0.793306 2.44276 2.57913 1.79565 1.31435 -0.408226 -3.05045 -4.84254 -5.12252 -5.06449 -4.87317
90.81 2.42381 4.09735 4.90588 1.65443 -5.54561 -8.05444 -7.77463 -7.74737 -7.21987 -5.4321 -2.09194 -0.426734 0.47299 2.22896 2.45928 1.91902 1.84523 0.276522 -2.55283 -4.54004 -4.87566 -4.91451 -4.89507
90.86 3.04229 4.93 5.70727 2.42623 -4.84961 -7.47218 -7.5813 -8.08283 -7.64487 -5.94256 -2.72746 -0.974877 0.0901088 1.98386 2.32607 2.00249 2.28973 0.908288 -2.01809 -4.17289 -4.59238 -4.72487 -4.86142
90.91 3.58573 5.68998 6.44049 3.14945 -4.07354 -6.69519 -7.19721 -8.33671 -8.07192 -6.42653 -3.39928 -1.61832 -0.369696 1.69639 2.1749 2.04766 2.64149 1.47781 -1.43307 -3.71606 -4.26408 -4.50061 -4.78002
90.96 4.04443 6.37677 7.12213 3.84057 -3.2522 -5.77314 -6.62638 -8.47568 -8.48085 -6.87033 -4.09488 -2.35723 -0.90876 1.35936 1.99663 2.0494 2.89554 1.96914 -0.813792 -3.16114 -3.87381 -4.23685 -4.65276
91.01 4.4216 6.97508 7.73579 4.48351 -2.42594 -4.77483 -5.90211 -8.47542 -8.78929 -7.24455 -4.8191 -3.17799 -1.51157 0.977887 1.78818 2.00714 3.05584 2.36521 -0.207812 -2.53313 -3.4127 -3.92708 -4.47845
91.06 4.7547 7.41837 8.1168 4.96 -1.57817 -3.75316 -5.08815 -8.30942 -8.92185 -7.4999 -5.56432 -4.0474 -2.14457 0.573895 1.5624 1.93517 3.14222 2.66051 0.325999 -1.89248 -2.90041 -3.57955 -4.26363
91.11 5.00072 7.70629 8.33363 5.33561 -0.760429 -2.78922 -4.28629 -7.9423 -8.8435 -7.66304 -6.29254 -4.92562 -2.78656 0.150986 1.31702 1.83832 3.17745 2.87624 0.773719 -1.27902 -2.36176 -3.2073 -4.01989
91.16 5.15865 7.86253 8.44349 5.64608 0.0216652 -1.90093 -3.55361 -7.46612 -8.56572 -7.70285 -6.95771 -5.77975 -3.43516 -0.312067 1.02514 1.70124 3.16935 3.03544 1.15171 -0.700079 -1.80803 -2.81481 -3.75359
91.21 5.22928 7.89824 8.47167 5.90349 0.769874 -1.07927 -2.89204 -6.91751 -8.13134 -7.61919 -7.5237 -6.56948 -4.07457 -0.825421 0.666712 1.51 3.11755 3.14866 1.47199 -0.159053 -1.24828 -2.40497 -3.46889
91.26 5.21547 7.82023 8.4334 6.11195 1.48404 -0.312513 -2.29261 -6.31511 -7.57333 -7.4185 -7.96639 -7.26027 -4.68703 -1.39464 0.227055 1.25484 3.02099 3.22182 1.74274 0.340905 -0.689977 -1.97928 -3.16904
91.31 5.12875 7.64824 8.355 6.27401 2.14841 0.39926 -1.74738 -5.67381 -6.92002 -7.10878 -8.26688 -7.82306 -5.25706 -2.02513 -0.307085 0.927408 2.87784 3.25812 1.96954 0.796539 -0.1369 -1.53365 -2.85372
91.36 5.05359 7.40321 8.18157 6.35677 2.78702 1.06519 -1.25139 -5.02037 -6.21425 -6.70989 -8.41062 -8.23016 -5.76582 -2.7134 -0.940002 0.524555 2.68501 3.25523 2.15323 1.20244 0.406791 -1.05997 -2.51685
91.41 5.04445 7.064 7.81267 6.33862 3.43427 1.70037 -0.794738 -4.38425 -5.51066 -6.26166 -8.40102 -8.46301 -6.18939 -3.43863 -1.65777 0.0531758 2.44155 3.20917 2.29166 1.55201 0.929434 -0.555528 -2.14781
91.46 5.02578 6.65891 7.34171 6.23702 4.0073 2.28668 -0.359198 -3.77182 -4.84517 -5.80487 -8.26042 -8.52313 -6.51057 -4.17092 -2.43424 -0.473529 2.14659 3.11405 2.38201 1.84306 1.417 -0.0267842 -1.73573
91.51 4.94474 6.20476 6.83818 6.07482 4.45397 2.79923 0.0680612 -3.17509 -4.23424 -5.37194 -8.02066 -8.42942 -6.72217 -4.87604 -3.23352 -1.03632 1.80002 2.96206 2.41924 2.07536 1.85834 0.511436 -1.27782
91.56 4.77511 5.71886 6.36243 5.8729 4.73603 3.20821 0.489528 -2.5735 -3.67467 -4.98136 -7.71253 -8.20981 -6.82724 -5.52305 -4.01734 -1.61351 1.40388 2.74722 2.39884 2.24887 2.24608 1.04061 -0.782012
91.61 4.51682 5.20476 5.9127 5.66495 4.87847 3.47264 0.88522 -1.94596 -3.14758 -4.63643 -7.3587 -7.89249 -6.83614 -6.09003 -4.75282 -2.18542 0.961175 2.46648 2.31909 2.36453 2.57603 1.54364 -0.262847
91.66 4.18328 4.67048 5.48566 5.45032 4.89844 3.58413 1.2338 -1.28017 -2.62821 -4.33203 -6.97669 -7.50415 -6.76228 -6.56189 -5.41319 -2.7357 0.474142 2.11777 2.18027 2.42427 2.84614 2.00743 0.263992
91.71 3.79311 4.12311 5.077 5.21635 4.80457 3.5522 1.51533 -0.577546 -2.08751 -4.05266 -6.58295 -7.07577 -6.62313 -6.92648 -5.97481 -3.25144 -0.0580607 1.69674 1.98137 2.42891 3.05533 2.42347 0.785383
91.76 3.35492 3.55134 4.65637 4.93864 4.61363 3.40466 1.7199 0.14712 -1.49696 -3.77012 -6.19208 -6.64464 -6.44301 -7.17545 -6.41604 -3.72105 -0.636756 1.19769 1.71845 2.37611 3.20251 2.78633 1.28969
91.81 2.86508 2.93244 4.18546 4.59199 4.34271 3.17694 1.85114 0.869394 -0.836862 -3.44523 -5.80773 -6.24228 -6.24885 -7.31078 -6.7246 -4.13535 -1.25945 0.618147 1.38645 2.26092 3.28667 3.09227 1.76466
91.86 2.31696 2.24614 3.63489 4.16019 4.0058 2.90205 1.92212 1.55426 -0.110481 -3.03657 -5.41479 -5.88082 -6.0609 -7.34568 -6.90396 -4.49103 -1.91717 -0.0369043 0.982781 2.07797 3.30449 3.3356 2.19683
91.91 1.70873 1.48427 2.99305 3.64011 3.61414 2.60554 1.94858 2.15882 0.643856 -2.51523 -4.97764 -5.54863 -5.88728 -7.29926 -6.97125 -4.79069 -2.59415 -0.752127 0.51293 1.82544 3.24727 3.50304 2.56932
91.96 1.04121 0.647653 2.26209 3.039 3.1799 2.30687 1.94443 2.64632 1.35807 -1.88278 -4.4479 -5.21249 -5.72337 -7.19043 -6.94993 -5.03968 -3.26957 -1.50371 -0.00876709 1.50696 3.10393 3.57558 2.8614
92.01 0.313678 -0.261455 1.44904 2.36821 2.71633 2.01918 1.91743 2.99906 1.9629 -1.17716 -3.7833 -4.82378 -5.55272 -7.03287 -6.86245 -5.2439 -3.92115 -2.26406 -0.563732 1.12919 2.86486 3.53521 3.05274
92.06 -0.474371 -1.24108 0.561611 1.63846 2.23213 1.74347 1.86466 3.21702 2.41604 -0.458539 -2.96638 -4.32711 -5.34769 -6.83218 -6.72597 -5.40863 -4.52984 -3.00839 -1.13546 0.697997 2.52388 3.36973 3.12766
92.11 -1.31653 -2.28442 -0.389454 0.859202 1.72446 1.46066 1.7697 3.30843 2.70709 0.211214 -2.01173 -3.66996 -5.06916 -6.586 -6.553 -5.53798 -5.07982 -3.71722 -1.71398 0.214806 2.07704 3.0728 3.07601
92.16 -2.19326 -3.37337 -1.38662 0.0385853 1.17762 1.13413 1.60381 3.27886 2.84383 0.781032 -0.965383 -2.81591 -4.66697 -6.28285 -6.35213 -5.63412 -5.55584 -4.37378 -2.29476 -0.3225 1.5228 2.64282 2.89154
92.21 -2.92837 -4.45662 -2.48523 -0.856472 0.563603 0.734253 1.34902 3.13681 2.84226 1.21313 0.0859789 -1.78546 -4.10327 -5.90204 -6.12068 -5.69157 -5.93943 -4.95684 -2.86674 -0.905852 0.87363 2.09089 2.5768
92.26 -3.49397 -5.2714 -3.52485 -1.87156 -0.207822 0.194106 0.975181 2.89053 2.73164 1.50401 1.04524 -0.668618 -3.37794 -5.41997 -5.84381 -5.69968 -6.21626 -5.44502 -3.40979 -1.5111 0.162451 1.44767 2.15092
92.31 -3.9864 -5.87441 -4.30168 -2.83588 -1.13897 -0.51978 0.454723 2.53381 2.53042 1.66828 1.8395 0.41748 -2.52064 -4.81024 -5.49676 -5.64732 -6.38446 -5.82989 -3.90989 -2.11456 -0.573968 0.750166 1.64205
92.36 -4.42599 -6.34191 -4.88826 -3.68984 -2.13552 -1.36418 -0.186356 2.08665 2.26237 1.72712 2.42825 1.35868 -1.59146 -4.05071 -5.04503 -5.51814 -6.4474 -6.11363 -4.36319 -2.70211 -1.30782 0.0288137 1.0763
92.41 -4.81085 -6.68079 -5.30288 -4.32854 -3.13583 -2.36442 -0.943656 1.57029 1.95594 1.70828 2.81118 2.07664 -0.679428 -3.14841 -4.45821 -5.29301 -6.4053 -6.29753 -4.76581 -3.26181 -2.01662 -0.691612 0.476742
92.46 -5.09773 -6.8636 -5.55203 -4.75649 -4.03033 -3.46965 -1.82543 0.987012 1.61779 1.62473 3.01072 2.54923 0.129661 -2.1476 -3.72528 -4.95792 -6.25774 -6.38093 -5.11127 -3.78081 -2.67945 -1.38875 -0.135093
92.51 -5.27223 -6.90227 -5.65992 -5.02825 -4.70587 -4.45141 -2.78382 0.283005 1.20315 1.45388 3.04419 2.7922 0.777628 -1.11823 -2.86483 -4.51232 -6.00992 -6.36503 -5.39072 -4.24485 -3.27506 -2.03971 -0.73703
92.56 -5.28763 -6.76444 -5.57601 -5.15973 -5.26697 -5.23364 -3.68966 -0.525581 0.702527 1.18465 2.93131 2.84155 1.24393 -0.130421 -1.91678 -3.96495 -5.67198 -6.25646 -5.59818 -4.64554 -3.79117 -2.6281 -1.31085
92.61 -5.11782 -6.41201 -5.21879 -5.14244 -5.80098 -5.90646 -4.52919 -1.37903 0.138646 0.832228 2.70738 2.74933 1.54416 0.762007 -0.929569 -3.3242 -5.25006 -6.06227 -5.73084 -4.9829 -4.23066 -3.15166 -1.84941
92.66 -4.72567 -5.80007 -4.63427 -5.00976 -6.28534 -6.47797 -5.28814 -2.24931 -0.491328 0.397417 2.39607 2.56075 1.70939 1.51707 0.0379043 -2.60068 -4.74166 -5.78321 -5.78345 -5.25682 -4.60233 -3.61562 -2.35193
92.71 -4.14655 -4.95646 -3.85624 -4.75608 -6.68605 -6.9463 -5.9554 -3.11744 -1.19154 -0.118258 2.01516 2.31075 1.77238 2.10416 0.916121 -1.81721 -4.13715 -5.41205 -5.74758 -5.46398 -4.91413 -4.02679 -2.81987
92.76 -3.43214 -3.94298 -2.91566 -4.37449 -6.99584 -7.3184 -6.50982 -3.95446 -1.95112 -0.698517 1.58844 2.03035 1.7631 2.51213 1.63595 -1.02425 -3.43578 -4.93973 -5.61402 -5.59706 -5.16832 -4.38801 -3.25212
92.81 -2.62685 -2.80681 -1.83963 -3.79459 -7.20626 -7.66331 -6.91709 -4.72289 -2.77524 -1.32798 1.14244 1.74931 1.71032 2.75826 2.16 -0.287467 -2.6608 -4.36683 -5.37934 -5.64876 -5.36267 -4.69803 -3.6448
92.86 -1.77135 -1.59949 -0.677972 -3.04994 -7.27069 -7.96629 -7.21739 -5.42208 -3.64679 -1.9926 0.688113 1.47493 1.62489 2.87199 2.49656 0.350997 -1.842 -3.69778 -5.04719 -5.63004 -5.49178 -4.93794 -3.9971
92.91 -0.90117 -0.380541 0.509454 -2.19055 -7.18324 -8.20581 -7.43755 -6.06 -4.5352 -2.67479 0.226229 1.19735 1.50488 2.88085 2.67435 0.870748 -1.01449 -2.94827 -4.63248 -5.54749 -5.54337 -5.0932 -4.30426
92.96 -0.0444162 0.798562 1.66693 -1.27084 -6.96281 -8.37375 -7.58771 -6.61615 -5.40472 -3.36543 -0.250023 0.900133 1.34286 2.80725 2.72856 1.26954 -0.215076 -2.15051 -4.16513 -5.38848 -5.50033 -5.17429 -4.55986
93.01 0.777835 1.90819 2.75974 -0.336532 -6.65342 -8.49226 -7.68693 -6.96592 -6.15465 -4.09592 -0.774103 0.555768 1.13106 2.67242 2.69544 1.55729 0.518412 -1.35103 -3.67028 -5.16987 -5.37293 -5.17339 -4.74723
93.06 1.54726 2.93352 3.77047 0.581995 -6.26701 -8.4483 -7.76285 -7.28212 -6.6907 -4.74725 -1.34365 0.154341 0.868752 2.49415 2.60741 1.7553 1.16189 -0.595355 -3.1775 -4.91398 -5.18045 -5.09531 -4.85682
93.11 2.25125 3.86773 4.68355 1.44265 -5.71107 -8.16949 -7.79451 -7.65099 -7.1104 -5.29535 -1.93296 -0.29803 0.561615 2.28721 2.49181 1.89102 1.71497 0.102941 -2.6851 -4.62391 -4.94336 -4.95775 -4.89504
93.16 2.88802 4.72016 5.50572 2.23062 -5.03982 -7.64439 -7.64983 -8.00196 -7.53349 -5.81172 -2.55799 -0.823143 0.196977 2.05145 2.36223 1.9843 2.18244 0.748963 -2.16231 -4.27636 -4.6699 -4.77752 -4.87488
93.21 3.45185 5.49879 6.25498 2.96458 -4.28199 -6.91415 -7.31585 -8.28032 -7.9613 -6.30353 -3.22117 -1.4411 -0.242071 1.7759 2.21651 2.03979 2.55906 1.33613 -1.59013 -3.84468 -4.35482 -4.56241 -4.80549
93.26 3.93368 6.20521 6.94862 3.66289 -3.46802 -6.02385 -6.79206 -8.45229 -8.37767 -6.75962 -3.91252 -2.15625 -0.760971 1.45227 2.04632 2.05352 2.83876 1.84946 -0.976579 -3.31471 -3.9824 -4.30983 -4.69032
93.31 4.32488 6.83125 7.59645 4.33277 -2.64493 -5.04088 -6.10249 -8.48821 -8.72762 -7.15863 -4.62523 -2.95686 -1.3501 1.08007 1.84441 2.02135 3.02205 2.27202 -0.360481 -2.70038 -3.53885 -4.01189 -4.52808
93.36 4.6759 7.31902 8.03686 4.848 -1.79686 -4.01554 -5.30397 -8.37824 -8.90549 -7.43983 -5.36987 -3.81909 -1.97901 0.680023 1.62214 1.95592 3.12535 2.59246 0.195641 -2.05757 -3.03712 -3.67275 -4.32265
93.41 4.9452 7.64471 8.28902 5.24485 -0.970202 -3.03324 -4.48937 -8.05069 -8.88499 -7.63212 -6.10705 -4.69738 -2.61812 0.26447 1.38446 1.86676 3.17249 2.82607 0.66431 -1.43578 -2.50399 -3.30634 -4.08567
93.46 5.12595 7.83372 8.42344 5.57055 -0.17882 -2.12548 -3.73747 -7.59829 -8.65489 -7.70466 -6.79269 -5.56174 -3.26622 -0.186763 1.10698 1.74172 3.17562 2.99865 1.05909 -0.847533 -1.95333 -2.91886 -3.82484
93.51 5.21928 7.90027 8.47138 5.84122 0.577965 -1.28781 -3.05811 -7.0663 -8.25768 -7.65264 -7.38727 -6.37191 -3.9098 -0.686422 0.767428 1.56566 3.13532 3.12319 1.39353 -0.296293 -1.39432 -2.5133 -3.54458
93.56 5.22679 7.85085 8.44871 6.06216 1.3016 -0.507374 -2.44339 -6.47658 -7.72924 -7.48177 -7.864 -7.09142 -4.53086 -1.24054 0.350276 1.32801 3.05054 3.20636 1.67654 0.214644 -0.835142 -2.09187 -3.24851
93.61 5.15748 7.70013 8.37688 6.23609 1.98192 0.219657 -1.88457 -5.84367 -7.09769 -7.19943 -8.20334 -7.69031 -5.11345 -1.85471 -0.158126 1.02014 2.91981 3.25218 1.91447 0.682261 -0.280458 -1.65223 -2.93762
93.66 5.06227 7.47688 8.25042 6.34675 2.61534 0.893428 -1.37626 -5.1896 -6.39983 -6.82034 -8.38849 -8.14047 -5.64056 -2.52942 -0.76608 0.636525 2.74014 3.26001 2.10963 1.10182 0.266473 -1.18645 -2.60721
93.71 5.04532 7.1599 7.92195 6.35192 3.26993 1.53877 -0.911031 -4.54781 -5.69159 -6.38098 -8.41738 -8.41943 -6.08831 -3.24753 -1.4637 0.18207 2.50995 3.22559 2.26003 1.46648 0.795993 -0.689836 -2.24779
93.76 5.03488 6.76982 7.4703 6.27041 3.86831 2.13975 -0.471592 -3.92938 -5.0137 -5.92278 -8.30803 -8.52334 -6.43734 -3.98126 -2.22807 -0.331891 2.22848 3.14401 2.36334 1.77282 1.29394 -0.166263 -1.84764
93.81 4.97393 6.32682 6.96836 6.12278 4.35275 2.67342 -0.0430994 -3.33004 -4.388 -5.48115 -8.09092 -8.46724 -6.67763 -4.69674 -3.02515 -0.887355 1.89526 3.00754 2.41494 2.02046 1.7482 0.371215 -1.40133
93.86 4.8283 5.8481 6.48266 5.92665 4.67788 3.11467 0.381102 -2.73222 -3.81662 -5.07884 -7.79813 -8.27763 -6.80962 -5.36134 -3.81642 -1.46278 1.51178 2.8095 2.40986 2.20925 2.15042 0.904498 -0.914191
93.91 4.59223 5.34154 6.0286 5.71965 4.85295 3.41821 0.785712 -2.11289 -3.2831 -4.72209 -7.45436 -7.98321 -6.84244 -5.95088 -4.56733 -2.03781 1.0809 2.54611 2.34558 2.33983 2.4957 1.41581 -0.399554
93.96 4.27643 4.81103 5.59447 5.50734 4.90478 3.56964 1.14866 -1.45764 -2.76449 -4.40819 -7.07815 -7.61071 -6.78869 -6.44876 -5.2496 -2.59508 0.605393 2.21542 2.22215 2.41398 2.78153 1.89081 0.126661
94.01 3.89962 4.26746 5.18322 5.28046 4.83909 3.57296 1.44916 -0.763634 -2.23219 -4.12446 -6.68585 -7.18932 -6.66451 -6.84239 -5.83921 -3.12097 0.0851666 1.81381 2.03919 2.43307 3.00671 2.31993 0.650601
94.06 3.47391 3.70398 4.76938 5.01675 4.67174 3.45227 1.67396 -0.0427441 -1.65712 -3.84619 -6.29326 -6.75534 -6.49242 -7.12182 -6.31356 -3.60365 -0.481441 1.33556 1.79346 2.39566 3.17015 2.69705 1.1605
94.11 2.99825 3.09967 4.31503 4.69014 4.42017 3.24202 1.82332 0.683062 -1.01605 -3.53644 -5.90782 -6.34337 -6.29956 -7.2859 -6.65705 -4.03297 -1.09319 0.776915 1.47988 2.29726 3.27088 3.0182 1.64436
94.16 2.46572 2.43226 3.78707 4.28136 4.09933 2.97666 1.9085 1.38165 -0.304791 -3.15324 -5.51976 -5.97141 -6.10868 -7.34527 -6.86888 -4.40387 -1.7431 0.14047 1.09482 2.13242 3.30664 3.27876 2.08911
94.21 1.87308 1.69022 3.16921 3.78391 3.72086 2.68372 1.94509 2.01125 0.447968 -2.66262 -5.09854 -5.63401 -5.93128 -7.31814 -6.96326 -4.71768 -2.41686 -0.561051 0.641127 1.89785 3.27002 3.4677 2.47905
94.26 1.221 0.872822 2.46086 3.20289 3.29643 2.38402 1.94784 2.53184 1.17989 -2.05685 -4.59765 -5.3031 -5.76596 -7.22397 -6.96273 -4.97931 -3.09488 -1.30578 0.13123 1.596 3.15018 3.56688 2.79417
94.31 0.509256 -0.0175457 1.66849 2.54915 2.83935 2.09275 1.92658 2.92027 1.81869 -1.36502 -3.97112 -4.93331 -5.59929 -7.07824 -6.8906 -5.19465 -3.75469 -2.06644 -0.416845 1.23301 2.9368 3.55739 3.01352
94.36 -0.263229 -0.979123 0.799628 1.83386 2.36023 1.81479 1.88154 3.17275 2.31354 -0.643582 -3.19382 -4.47014 -5.40651 -6.88873 -6.76557 -5.36924 -4.37617 -2.81701 -0.985452 0.815392 2.62283 3.42534 3.11997
94.41 -1.09257 -2.00708 -0.136301 1.06647 1.85981 1.53719 1.79998 3.29618 2.64644 0.0443602 -2.27188 -3.8593 -5.15158 -6.65507 -6.60108 -5.50751 -4.94293 -3.53677 -1.56278 0.345904 2.2039 3.16305 3.10207
94.46 -1.96301 -3.0866 -1.12344 0.256218 1.32513 1.22553 1.65565 3.29826 2.82241 0.644432 -1.24324 -3.05837 -4.78685 -6.36863 -6.40713 -5.61232 -5.43968 -4.2085 -2.14329 -0.177116 1.6775 2.76757 2.95259
94.51 -2.75938 -4.19531 -2.18957 -0.607501 0.735273 0.848382 1.42467 3.18346 2.85416 1.11454 -0.182675 -2.06665 -4.26629 -6.01011 -6.18471 -5.681 -5.84943 -4.81334 -2.71966 -0.750626 1.05033 2.24499 2.67053
94.56 -3.355 -5.08344 -3.28195 -1.60729 0.0133102 0.35338 1.08728 2.9656 2.76985 1.44099 0.808527 -0.961777 -3.58148 -5.55691 -5.92165 -5.70296 -6.15469 -5.32761 -3.27197 -1.35267 0.351671 1.62201 2.27108
94.61 -3.86355 -5.73272 -4.11995 -2.5937 -0.88702 -0.31964 0.603209 2.63658 2.59042 1.63658 1.65128 0.144034 -2.75412 -4.98308 -5.59592 -5.66768 -6.35091 -5.73945 -3.78394 -1.9583 -0.381265 0.935365 1.78113
94.66 -4.31617 -6.23024 -4.75064 -3.47945 -1.87293 -1.13324 -0.00924579 2.21037 2.33711 1.72053 2.29529 1.13252 -1.83612 -4.2637 -5.17507 -5.5605 -6.44111 -6.0492 -4.24954 -2.55096 -1.11792 0.217806 1.228
94.71 -4.71931 -6.6096 -5.21327 -4.18499 -2.87691 -2.08805 -0.735665 1.71043 2.03826 1.71932 2.72997 1.91316 -0.910253 -3.3954 -4.62524 -5.36194 -6.42656 -6.25933 -4.66612 -3.11934 -1.83548 -0.505227 0.634994
94.76 -5.03231 -6.82868 -5.5004 -4.66253 -3.82396 -3.18148 -1.57856 1.14846 1.71074 1.65326 2.975 2.44907 -0.0675435 -2.41439 -3.93004 -5.05632 -6.30634 -6.36894 -5.02718 -3.65018 -2.51224 -1.2105 0.024378
94.81 -5.23963 -6.90747 -5.64583 -4.96982 -4.54459 -4.22025 -2.53864 0.480031 1.32118 1.50867 3.05095 2.74945 0.626182 -1.38507 -3.09931 -4.63868 -6.08371 -6.37857 -5.32474 -4.12989 -3.12729 -1.87568 -0.582338
94.86 -5.30159 -6.81843 -5.62576 -5.14076 -5.12341 -5.04154 -3.45949 -0.309039 0.839207 1.26303 2.97267 2.84443 1.13946 -0.380668 -2.16989 -4.11711 -5.76844 -6.29334 -5.55121 -4.5472 -3.66424 -2.481 -1.16449
94.91 -5.18004 -6.52774 -5.33691 -5.15816 -5.66467 -5.74079 -4.31783 -1.15419 0.291675 0.931935 2.77493 2.78428 1.48026 0.54105 -1.18765 -3.49982 -5.36825 -6.12111 -5.70379 -4.90102 -4.12296 -3.02114 -1.71249
94.96 -4.84837 -5.98448 -4.80643 -5.05601 -6.16613 -6.33873 -5.09838 -2.02166 -0.320228 0.518862 2.48471 2.61713 1.67745 1.33539 -0.208802 -2.79656 -4.88323 -5.8646 -5.77798 -5.19164 -4.51139 -3.4999 -2.22422
95.01 -4.31237 -5.19479 -4.07564 -4.83355 -6.59058 -6.83449 -5.79157 -2.89293 -1.00269 0.0232793 2.11998 2.38009 1.76408 1.96838 0.699929 -2.02495 -4.30451 -5.51843 -5.76616 -5.41684 -4.83837 -3.92438 -2.70115
95.06 -3.62897 -4.22099 -3.1757 -4.49266 -6.92216 -7.22532 -6.37786 -3.74154 -1.74824 -0.542595 1.70223 2.10452 1.77082 2.42259 1.46653 -1.22818 -3.6272 -5.073 -5.6588 -5.57008 -5.1077 -4.29863 -3.14298
95.11 -2.84312 -3.11195 -2.13039 -3.96336 -7.16457 -7.57631 -6.82294 -4.52992 -2.55474 -1.15977 1.25986 1.82192 1.72735 2.70799 2.04225 -0.471376 -2.86836 -4.52578 -5.45046 -5.64353 -5.31788 -4.62206 -3.54618
95.16 -1.99706 -1.91774 -0.985769 -3.25735 -7.26877 -7.8927 -7.14759 -5.24572 -3.41646 -1.81689 0.807047 1.54602 1.65025 2.85354 2.42549 0.195465 -2.05792 -3.88107 -5.14284 -5.6408 -5.46514 -4.88387 -3.90926
95.21 -1.12766 -0.69609 0.200979 -2.42242 -7.22002 -8.15031 -7.3872 -5.89969 -4.30368 -2.49617 0.347511 1.27087 1.53991 2.88732 2.64131 0.746983 -1.22912 -3.14989 -4.74644 -5.57667 -5.53942 -5.05967 -4.22854
95.26 -0.265177 0.497073 1.37042 -1.5136 -7.03048 -8.33525 -7.55465 -6.48873 -5.18408 -3.18127 -0.122239 0.980941 1.38941 2.83303 2.72429 1.17697 -0.418458 -2.36075 -4.29107 -5.43687 -5.52043 -5.16094 -4.49912
95.31 0.567812 1.62656 2.48217 -0.579782 -6.74105 -8.46624 -7.664 -6.89065 -5.97587 -3.90601 -0.633237 0.651159 1.19179 2.71288 2.71078 1.49183 0.334727 -1.55756 -3.80084 -5.23178 -5.41358 -5.18158 -4.70559
95.36 1.35291 2.67523 3.51609 0.346185 -6.38421 -8.47856 -7.743 -7.19436 -6.56956 -4.59074 -1.19317 0.263531 0.941209 2.54362 2.63388 1.71081 1.00338 -0.786356 -3.3048 -4.98355 -5.23579 -5.1224 -4.83578
95.41 2.07409 3.63252 4.45494 1.22571 -5.86864 -8.26749 -7.80203 -7.55268 -7.00156 -5.15697 -1.77664 -0.174367 0.646336 2.34359 2.52353 1.86026 1.57898 -0.0741242 -2.81535 -4.70418 -5.00901 -4.99846 -4.89128
95.46 2.72875 4.5053 5.29919 2.03131 -5.22394 -7.80241 -7.70544 -7.91605 -7.42248 -5.67931 -2.39114 -0.677789 0.298736 2.11633 2.39734 1.96361 2.06901 0.585701 -2.30311 -4.3743 -4.74499 -4.82821 -4.88531
95.51 3.31235 5.30271 6.0657 2.77731 -4.48639 -7.12193 -7.42141 -8.21661 -7.84993 -6.17818 -3.04505 -1.27059 -0.11994 1.85213 2.25648 2.02912 2.47004 1.18945 -1.74427 -3.9667 -4.44198 -4.62206 -4.82821
95.56 3.81657 6.02827 6.77232 3.48357 -3.68313 -6.26795 -6.94611 -8.41952 -8.27173 -6.64521 -3.73053 -1.96082 -0.618168 1.54156 2.09362 2.05435 2.77534 1.72368 -1.13899 -3.46241 -4.08624 -4.37999 -4.72501
95.61 4.23069 6.67697 7.43419 4.16314 -2.85794 -5.30135 -6.29513 -8.49296 -8.65373 -7.06276 -4.43352 -2.74005 -1.19134 1.18048 1.89945 2.03348 2.98286 2.17167 -0.517695 -2.86609 -3.66134 -4.09426 -4.57515
95.66 4.59107 7.2084 7.94427 4.72819 -2.0175 -4.28127 -5.51885 -8.43025 -8.87476 -7.37482 -5.17525 -3.59178 -1.81382 0.785513 1.68122 1.97538 3.10484 2.51844 0.0589629 -2.22457 -3.1721 -3.76455 -4.38
95.71 4.88359 7.57382 8.23648 5.14933 -1.18233 -3.28243 -4.69699 -8.15096 -8.91203 -7.59266 -5.91793 -4.46823 -2.45039 0.375435 1.44914 1.89276 3.16462 2.77185 0.549908 -1.59494 -2.64524 -3.40426 -4.15023
95.76 5.08723 7.79653 8.39751 5.4913 -0.381595 -2.35476 -3.92625 -7.72515 -8.73272 -7.69782 -6.62133 -5.33998 -3.09699 -0.0647904 1.18457 1.77872 3.17896 2.95864 0.962381 -0.997567 -2.09823 -3.02196 -3.89515
95.81 5.20331 7.89429 8.4662 5.77558 0.383916 -1.50012 -3.22851 -7.21117 -8.3751 -7.67788 -7.24271 -6.1681 -3.74349 -0.551123 0.862867 1.61714 3.15009 3.09494 1.31159 -0.436328 -1.54051 -2.62082 -3.61956
95.86 5.23274 7.87436 8.46049 6.0092 1.11642 -0.70571 -2.59788 -6.63504 -7.87803 -7.53733 -7.75218 -6.91433 -4.37207 -1.09054 0.467281 1.3964 3.07701 3.1884 1.60729 0.0854138 -0.980734 -2.20346 -3.32733
95.91 5.18201 7.74746 8.39828 6.19516 1.81027 0.0357402 -2.02515 -6.01186 -7.27055 -7.28321 -8.12913 -7.54738 -4.96613 -1.68854 -0.0160968 1.10762 2.95848 3.24375 1.85654 0.56469 -0.424605 -1.76917 -3.02049
95.96 5.07685 7.54292 8.30345 6.32984 2.44633 0.719947 -1.50415 -5.35984 -6.58479 -6.92659 -8.35554 -8.03895 -5.50983 -2.34842 -0.598296 0.743667 2.79187 3.26196 2.06299 0.997403 0.124903 -1.31095 -2.69588
96.01 5.04653 7.2508 8.0228 6.35919 3.10172 1.37431 -1.02899 -4.713 -5.87462 -6.49895 -8.42418 -8.36377 -5.98044 -3.05753 -1.27424 0.306884 2.57488 3.23884 2.22522 1.37695 0.660334 -0.822384 -2.34519
96.06 5.04035 6.87699 7.59537 6.29924 3.72154 1.98841 -0.584605 -4.08827 -5.18584 -6.04179 -8.34822 -8.51254 -6.35662 -3.79035 -2.02414 -0.19309 2.30686 3.17025 2.34117 1.69858 1.16785 -0.304875 -1.95655
96.11 4.99718 6.44665 7.10049 6.16596 4.23972 2.54257 -0.154157 -3.4852 -4.54564 -5.59316 -8.15603 -8.49589 -6.62559 -4.51388 -2.81634 -0.739706 1.9871 3.04886 2.40678 1.96154 1.63444 0.230603 -1.52221
96.16 4.87513 5.97551 6.60555 5.97996 4.60917 3.01147 0.271448 -2.88933 -3.96105 -5.17932 -7.88018 -8.33825 -6.78521 -5.19449 -3.61275 -1.31203 1.61646 2.86734 2.41684 2.16568 2.05085 0.766816 -1.04462
96.21 4.66201 5.47655 6.14583 5.77393 4.81901 3.35347 0.683507 -2.27723 -3.41958 -4.81061 -7.54772 -8.06852 -6.84278 -5.80547 -4.37717 -1.88899 1.19762 2.62119 2.36807 2.31131 2.41132 1.28543 -0.535602
96.26 4.36535 4.95063 5.70484 5.56341 4.90311 3.54503 1.05929 -1.63235 -2.89977 -4.48637 -7.1784 -7.71379 -6.8102 -6.32852 -5.07972 -2.45233 0.733611 2.30828 2.26002 2.39997 2.71279 1.77102 -0.0109309
96.31 4.00276 4.4104 5.28921 5.34204 4.8667 3.58529 1.37783 -0.947786 -2.37387 -4.1966 -6.78868 -7.30191 -6.70252 -6.75046 -5.69574 -2.98757 0.225212 1.92567 2.09276 2.43342 2.95389 2.21281 0.514794
96.36 3.58941 3.85373 4.8795 5.09049 4.72415 3.49383 1.6229 -0.232158 -1.81262 -3.92005 -6.39492 -6.86752 -6.54035 -7.06025 -6.2021 -3.48261 -0.329239 1.46792 1.86386 2.41107 3.13353 2.60395 1.02949
96.41 3.12741 3.26243 4.43939 4.78256 4.49292 3.30343 1.79117 0.495007 -1.1902 -3.62253 -6.00775 -6.44719 -6.35035 -7.25382 -6.58047 -3.9266 -0.929623 0.930315 1.56843 2.3291 3.25072 2.94004 1.52136
96.46 2.61027 2.61314 3.93296 4.39638 4.18891 3.04945 1.89163 1.20442 -0.495992 -3.26238 -5.62247 -6.06435 -6.15733 -7.33891 -6.82577 -4.31284 -1.57071 0.313354 1.20214 2.1821 3.3039 3.2171 1.97766
96.51 2.0333 1.89094 3.3391 3.92194 3.82442 2.76146 1.93936 1.85623 0.250815 -2.80188 -5.21393 -5.71978 -5.97603 -7.3324 -6.94879 -4.64114 -2.23992 -0.372969 0.765464 1.96567 3.28713 3.42628 2.3837
96.56 1.39664 1.09295 2.65385 3.36177 3.41071 2.4618 1.94969 2.40832 0.995337 -2.22482 -4.73864 -5.39097 -5.80838 -7.25397 -6.97066 -4.91582 -2.91898 -1.10896 0.268619 1.68088 3.19008 3.55078 2.7204
96.61 0.700589 0.221433 1.88266 2.72586 2.96089 2.16731 1.93419 2.83224 1.6646 -1.55075 -4.14843 -5.03636 -5.64399 -7.12058 -6.91515 -5.14267 -3.58565 -1.86815 -0.271343 1.33314 3.00191 3.57124 2.96661
96.66 -0.0561003 -0.721803 1.03298 2.02564 2.48693 1.88626 1.89602 3.11974 2.19997 -0.830872 -3.41116 -4.60293 -5.46101 -6.94219 -6.80243 -5.3274 -4.21883 -2.62358 -0.836038 0.929283 2.71466 3.47211 3.10383
96.71 -0.87155 -1.73336 0.113301 1.27084 1.9928 1.6113 1.82598 3.2758 2.5752 -0.128448 -2.52452 -4.0354 -5.2264 -6.72049 -6.64711 -5.47478 -4.80133 -3.35311 -1.41183 0.473342 2.32344 3.24425 3.11919
96.76 -1.73362 -2.80158 -0.862332 0.471242 1.46882 1.31201 1.70105 3.30939 2.79111 0.499045 -1.51832 -3.2868 -4.89543 -6.44924 -6.46017 -5.58818 -5.3178 -4.03896 -1.99186 -0.0354889 1.82508 2.88349 3.00452
96.81 -2.5756 -3.90792 -1.89688 -0.373732 0.896229 0.954217 1.49338 3.22353 2.85844 1.00617 -0.45614 -2.33995 -4.4179 -6.11161 -6.24588 -5.66719 -5.75225 -4.66366 -2.57096 -0.597361 1.22215 2.39228 2.75629
96.86 -3.21078 -4.87938 -3.01831 -1.3406 0.220874 0.499525 1.18878 3.03286 2.80158 1.36909 0.561637 -1.25476 -3.77505 -5.68549 -5.99511 -5.70226 -6.08565 -5.20322 -3.13141 -1.19446 0.538613 1.79212 2.38517
96.91 -3.73702 -5.58093 -3.92456 -2.34473 -0.640614 -0.128936 0.742974 2.7327 2.64538 1.5973 1.4494 -0.137432 -2.98111 -5.14572 -5.68842 -5.68303 -6.31014 -5.64214 -3.65494 -1.80124 -0.188819 1.11852 1.91599
96.96 -4.203 -6.11189 -4.60286 -3.2603 -1.61185 -0.909757 0.161054 2.32931 2.4087 1.70804 2.1479 0.892061 -2.07992 -4.466 -5.29589 -5.59636 -6.42765 -5.97813 -4.1328 -2.39839 -0.926885 0.406355 1.37697
97.01 -4.62078 -6.52712 -5.1117 -4.02672 -2.61608 -1.82149 -0.534484 1.84694 2.11893 1.7261 2.63589 1.73289 -1.14676 -3.63442 -4.78202 -5.4233 -6.44049 -6.2143 -4.56276 -2.97444 -1.65166 -0.317656 0.792093
97.06 -4.95999 -6.78435 -5.43896 -4.55653 -3.59866 -2.89188 -1.34351 1.30324 1.80005 1.67684 2.92802 2.33297 -0.274894 -2.67764 -4.12513 -5.14671 -6.34773 -6.35008 -4.93888 -3.51624 -2.34098 -1.02961 0.184085
97.11 -5.19734 -6.90137 -5.62133 -4.90246 -4.37344 -3.97281 -2.28982 0.668473 1.43262 1.55629 3.04701 2.69262 0.462314 -1.65357 -3.32683 -4.7577 -6.15098 -6.38553 -5.25394 -4.01075 -2.97424 -1.70757 -0.425925
97.16 -5.30274 -6.86022 -5.65496 -5.11015 -4.97916 -4.84199 -3.22508 -0.0961649 0.971638 1.33575 3.00601 2.83681 1.02318 -0.636534 -2.41917 -4.26248 -5.85889 -6.32414 -5.4992 -4.44466 -3.53211 -2.32955 -1.01584
97.21 -5.22858 -6.62798 -5.43824 -5.16593 -5.52566 -5.56805 -4.10102 -0.930871 0.440263 1.026 2.83618 2.81199 1.40659 0.311452 -1.44572 -3.66929 -5.48042 -6.174 -5.67132 -4.81494 -4.01065 -2.88661 -1.5732
97.26 -4.95735 -6.15195 -4.96498 -5.09401 -6.04172 -6.19261 -4.90276 -1.79439 -0.154079 0.634548 2.56819 2.66875 1.638 1.1427 -0.460045 -2.98735 -5.01808 -5.93961 -5.7665 -5.12206 -4.41647 -3.38072 -2.09433
97.31 -4.46823 -5.42087 -4.28382 -4.90318 -6.4888 -6.71546 -5.62039 -2.66688 -0.818204 0.159937 2.22111 2.44678 1.75036 1.82033 0.474065 -2.23063 -4.46474 -5.61768 -5.77797 -5.36476 -4.75884 -3.81879 -2.58027
97.36 -3.81875 -4.4896 -3.42516 -4.59367 -6.84446 -7.13273 -6.23624 -3.52419 -1.54883 -0.389609 1.8147 2.17837 1.77516 2.3214 1.28384 -1.43478 -3.81271 -5.19893 -5.69631 -5.53749 -5.04311 -4.20597 -3.03144
97.41 -3.05531 -3.41132 -2.41449 -4.12016 -7.11319 -7.48711 -6.72105 -4.33193 -2.33797 -0.994334 1.3765 1.89497 1.74211 2.64824 1.91141 -0.661326 -3.07215 -4.67775 -5.5143 -5.6323 -5.26896 -4.54284 -3.44514
97.46 -2.22124 -2.2342 -1.29079 -3.45594 -7.25635 -7.81518 -7.07212 -5.06532 -3.1881 -1.64283 0.92555 1.61726 1.67336 2.82746 2.34303 0.0321206 -2.27235 -4.05805 -5.23189 -5.64712 -5.43349 -4.82396 -3.8187
97.51 -1.35467 -1.01377 -0.108898 -2.64938 -7.24717 -8.08989 -7.33202 -5.73516 -4.07188 -2.31804 0.468078 1.34337 1.57215 2.88778 2.59929 0.615027 -1.44477 -3.34728 -4.85642 -5.59983 -5.52836 -5.02158 -4.14991
97.56 -0.487932 0.191159 1.06986 -1.7548 -7.09202 -8.29424 -7.51761 -6.34265 -4.95735 -3.00286 0.00151296 1.05883 1.43292 2.85454 2.71353 1.07646 -0.625922 -2.57 -4.41431 -5.48036 -5.53419 -5.14193 -4.43408
97.61 0.354623 1.33948 2.19937 -0.823444 -6.82406 -8.43662 -7.63954 -6.80571 -5.78462 -3.71451 -0.495289 0.742393 1.24847 2.74964 2.72166 1.41989 0.145631 -1.76562 -3.93022 -5.29003 -5.44896 -5.18418 -4.65889
97.66 1.15377 2.41015 3.25468 0.10705 -6.48337 -8.49576 -7.72684 -7.11115 -6.43648 -4.42432 -1.04311 0.36989 1.01093 2.5911 2.65811 1.66159 0.838417 -0.9816 -3.43266 -5.05081 -5.28748 -5.14484 -4.80955
97.71 1.89247 3.39159 4.21983 1.00349 -6.01807 -8.34815 -7.79688 -7.45441 -6.89355 -5.01633 -1.62263 -0.0551261 0.727567 2.39821 2.55426 1.82644 1.43725 -0.254588 -2.94372 -4.78057 -5.07175 -5.03575 -4.88324
97.76 2.56472 4.28538 5.08739 1.82796 -5.40192 -7.94615 -7.74848 -7.82581 -7.31196 -5.54532 -2.22706 -0.538648 0.395524 2.1786 2.4314 1.94035 1.94955 0.418801 -2.44028 -4.46642 -4.81703 -4.87615 -4.89209
97.81 3.16754 5.10183 5.87237 2.58739 -4.68634 -7.31805 -7.51404 -8.14635 -7.7383 -6.05069 -2.87114 -1.10681 -0.00333882 1.9251 2.2949 2.01567 2.37447 1.03815 -1.8948 -4.08154 -4.5251 -4.67889 -4.84753
97.86 3.6934 5.8462 6.59301 3.30247 -3.89676 -6.50443 -7.08818 -8.378 -8.16367 -6.52742 -3.54958 -1.77163 -0.480644 1.62729 2.13868 2.05193 2.70519 1.59208 -1.29991 -3.60322 -4.18483 -4.44671 -4.75617
97.91 4.13213 6.51599 7.2653 3.9881 -3.07191 -5.5595 -6.47951 -8.48801 -8.56485 -6.95984 -4.24723 -2.52916 -1.03595 1.27887 1.95307 2.04325 2.93786 2.06423 -0.678066 -3.02844 -3.77894 -4.17311 -4.61864
97.96 4.50075 7.08641 7.83767 4.59934 -2.24034 -4.5502 -5.72978 -8.4593 -8.83259 -7.30794 -4.98152 -3.36552 -1.64854 0.890914 1.74 1.9935 3.0801 2.43775 -0.0840285 -2.39257 -3.30435 -3.85394 -4.43456
98.01 4.81601 7.49347 8.17546 5.04871 -1.39697 -3.53688 -4.90881 -8.24182 -8.92388 -7.54536 -5.72621 -4.23895 -2.28354 0.484199 1.5115 1.91657 3.15369 2.71321 0.43032 -1.75603 -2.78474 -3.50022 -4.21257
98.06 5.04267 7.75107 8.36556 5.40826 -0.586886 -2.58922 -4.12028 -7.84615 -8.79846 -7.68254 -6.44442 -5.11532 -2.92785 0.0539368 1.25815 1.81239 3.17931 2.91522 0.861495 -1.14981 -2.24203 -3.12331 -3.96352
98.11 5.18154 7.88044 8.4561 5.70655 0.187577 -1.71663 -3.40364 -7.35193 -8.48313 -7.69503 -7.09058 -5.95874 -3.57599 -0.419497 0.953201 1.66451 3.16179 3.06375 1.22607 -0.578852 -1.68625 -2.7268 -3.69288
98.16 5.23329 7.89062 8.46843 5.95303 0.928671 -0.90768 -2.75643 -6.79036 -8.01936 -7.58525 -7.63144 -6.72959 -4.21097 -0.944568 0.57825 1.46009 3.10032 3.16782 1.53494 -0.0465369 -1.1263 -2.31352 -3.40467
98.21 5.20226 7.78964 8.41839 6.15117 1.63417 -0.152339 -2.16936 -6.17806 -7.43803 -7.36 -8.04472 -7.39488 -4.81547 -1.52672 0.119066 1.18987 2.99382 3.2328 1.79575 0.444088 -0.568929 -1.8841 -3.10169
98.26 5.10187 7.60211 8.33716 6.30341 2.28297 0.545845 -1.63531 -5.5309 -6.76848 -7.02819 -8.31185 -7.92604 -5.3741 -2.17081 -0.43695 0.845803 2.8401 3.26104 2.01332 0.889429 -0.0173768 -1.433 -2.78235
98.31 5.04937 7.33641 8.11402 6.36042 2.93086 1.20703 -1.14912 -4.87984 -6.05928 -6.61503 -8.42115 -8.2961 -5.86616 -2.86923 -1.08993 0.427296 2.63626 3.24897 2.18727 1.28353 0.522955 -0.952587 -2.43954
98.36 5.04333 6.98055 7.71608 6.32301 3.5677 1.83303 -0.698597 -4.24881 -5.36151 -6.16158 -8.38058 -8.49049 -6.2686 -3.59884 -1.82317 -0.057534 2.38165 3.19285 2.31556 1.6204 1.03909 -0.441954 -2.06188
98.41 5.01494 6.56364 7.23246 6.20606 4.11695 2.40561 -0.265656 -3.64098 -4.70722 -5.70768 -8.21556 -8.51501 -6.56613 -4.32811 -2.60786 -0.593875 2.07539 3.086 2.3948 1.89865 1.51739 0.0903045 -1.6397
98.46 4.91574 6.10123 6.73123 6.03236 4.52944 2.89926 0.160869 -3.04531 -4.10852 -5.28302 -7.95853 -8.39136 -6.75391 -5.0229 -3.40691 -1.16163 1.7178 2.92071 2.41977 2.11813 1.94755 0.628136 -1.17255
98.51 4.72612 5.6096 6.26386 5.8279 4.77703 3.27855 0.578802 -2.4394 -3.55772 -4.90236 -7.63872 -8.14815 -6.83704 -5.65409 -4.18279 -1.73926 1.31122 2.69168 2.38648 2.2789 2.32297 1.15296 -0.670294
98.56 4.44991 5.08949 5.81724 5.61891 4.89322 3.51001 0.965961 -1.80433 -3.03475 -4.56707 -7.27738 -7.81304 -6.82665 -6.20144 -4.90399 -2.30769 0.858776 2.39636 2.29383 2.38221 2.63999 1.64837 -0.148203
98.61 4.1026 4.55243 5.3958 5.40168 4.88713 3.58862 1.30141 -1.12983 -2.51323 -4.26984 -6.89138 -7.41306 -6.73686 -6.65092 -5.54484 -2.85148 0.362067 2.03237 2.14211 2.42997 2.89691 2.10235 0.378462
98.66 3.70173 4.00126 4.98765 5.16046 4.77059 3.52868 1.56654 -0.420782 -1.96398 -3.99265 -6.49724 -6.98084 -6.58649 -6.99076 -6.08189 -3.35811 -0.18023 1.59478 1.92968 2.42241 3.09268 2.50718 0.897115
98.71 3.25287 3.42129 4.55926 4.86969 4.56083 3.36059 1.75438 0.305778 -1.35939 -3.70446 -6.10804 -6.55382 -6.40111 -7.21437 -6.49477 -3.8163 -0.7689 1.07822 1.65211 2.35648 3.22623 2.85794 1.3961
98.76 2.75077 2.78907 4.07291 4.50542 4.27447 3.12001 1.87119 1.02327 -0.683479 -3.36469 -5.72384 -6.16015 -6.20696 -7.32639 -6.77432 -4.21786 -1.40029 0.481435 1.30458 2.22699 3.2964 3.15089 1.86294
98.81 2.18951 2.08656 3.50281 4.05419 3.92469 2.83849 1.93113 1.69435 0.0535613 -2.93312 -5.32494 -5.80688 -6.02191 -7.34187 -6.92747 -4.56098 -2.0637 -0.188344 0.885627 2.02878 3.29875 3.37912 2.28372
98.86 1.5683 1.30817 2.84107 3.51559 3.52263 2.54003 1.94987 2.27598 0.805545 -2.38611 -4.87186 -5.47731 -5.85122 -7.28036 -6.97339 -4.8491 -2.74226 -0.913754 0.403029 1.76142 3.22371 3.52757 2.64052
98.91 0.887825 0.455593 2.09157 2.89829 3.08091 2.24293 1.94038 2.73489 1.5012 -1.73337 -4.31568 -5.13423 -5.68764 -7.16001 -6.93589 -5.08785 -3.41432 -1.66959 -0.127531 1.42942 3.06021 3.57688 2.91227
98.96 0.147013 -0.469117 1.26161 2.21381 2.6124 1.95833 1.90846 3.05782 2.07537 -1.01943 -3.61828 -4.72674 -5.51224 -6.99287 -6.83648 -5.28305 -4.05804 -2.42837 -0.687367 1.03962 2.79936 3.51006 3.07936
99.01 -0.653761 -1.46352 0.359172 1.47239 2.12384 1.68361 1.84838 3.24735 2.49315 -0.306443 -2.76897 -4.19926 -5.29493 -6.78274 -6.6911 -5.43978 -4.65524 -3.16649 -1.26118 0.59715 2.43561 3.31631 3.12742
99.06 -1.50565 -2.5188 -0.603634 0.683663 1.60927 1.39442 1.74067 3.31232 2.74968 0.34544 -1.78932 -3.50136 -4.99402 -6.52554 -6.51156 -5.56183 -5.19041 -3.86533 -1.84049 0.102362 1.96533 2.99034 3.04722
99.11 -2.37647 -3.61556 -1.61313 -0.146699 1.05126 1.05408 1.55581 3.25662 2.85429 0.887802 -0.732735 -2.60366 -4.55823 -6.20727 -6.30477 -5.65046 -5.64816 -4.50814 -2.42102 -0.446582 1.38834 2.53199 2.83353
99.16 -3.06065 -4.65732 -2.73129 -1.07391 0.412055 0.631703 1.27972 3.09249 2.82669 1.28812 0.305755 -1.54569 -3.95851 -5.80662 -6.06503 -5.69798 -6.00913 -5.07183 -2.98819 -1.03681 0.722604 1.95719 2.4925
99.21 -3.60647 -5.41765 -3.71372 -2.08924 -0.401275 0.0515712 0.873491 2.82176 2.69485 1.55001 1.23443 -0.425062 -3.20081 -5.29901 -5.77535 -5.69399 -6.26213 -5.53776 -3.52272 -1.64343 0.00295937 1.29905 2.04605
99.26 -4.08645 -5.98597 -4.44376 -3.03249 -1.35301 -0.693967 0.32418 2.44306 2.4767 1.68922 1.98597 0.63845 -2.32157 -4.65797 -5.40863 -5.62652 -6.40716 -5.90027 -4.01275 -2.24435 -0.734925 0.594072 1.52274
99.31 -4.51613 -6.4317 -4.9962 -3.85133 -2.35418 -1.56666 -0.341166 1.97938 2.19786 1.72857 2.52852 1.53587 -1.38779 -3.86511 -4.92937 -5.47791 -6.44733 -6.16238 -4.45559 -2.82704 -1.46529 -0.129188 0.94763
99.36 -4.88174 -6.73203 -5.36906 -4.43776 -3.35039 -2.60223 -1.12231 1.45052 1.88583 1.69576 2.86944 2.20037 -0.491798 -2.93659 -4.31089 -5.22977 -6.3822 -6.32437 -4.84628 -3.37888 -2.16573 -0.84631 0.34368
99.41 -5.14635 -6.88476 -5.58714 -4.82627 -4.19137 -3.70717 -2.03793 0.846789 1.53679 1.59666 3.03206 2.62101 0.286144 -1.92286 -3.54724 -4.86989 -6.21202 -6.38594 -5.17827 -3.88726 -2.81582 -1.53548 -0.268052
99.46 -5.29108 -6.88843 -5.66286 -5.06955 -4.83367 -4.63448 -2.98645 0.112786 1.09997 1.40283 3.03081 2.81776 0.894672 -0.897299 -2.66419 -4.40151 -5.94377 -6.34909 -5.44223 -4.33767 -3.39441 -2.17355 -0.864909
99.51 -5.26601 -6.71034 -5.52062 -5.16582 -5.38494 -5.38876 -3.87928 -0.709369 0.58472 1.11465 2.89093 2.83179 1.32259 0.0738479 -1.70307 -3.83299 -5.58723 -6.22142 -5.63371 -4.72451 -3.89327 -2.74766 -1.43137
99.56 -5.05162 -6.30134 -5.10912 -5.12368 -5.91236 -6.03968 -4.70166 -1.56783 0.00726657 0.744563 2.64636 2.71513 1.59053 0.939532 -0.714825 -3.17317 -5.14705 -6.00897 -5.74949 -5.04812 -4.31714 -3.25761 -1.96197
99.61 -4.61337 -5.63351 -4.47989 -4.96465 -6.38055 -6.58913 -5.44224 -2.43974 -0.638232 0.29151 2.31826 2.5104 1.73077 1.66016 0.239562 -2.43373 -4.61848 -5.71066 -5.78365 -5.30797 -4.67528 -3.70959 -2.45689
99.66 -4.00082 -4.74827 -3.66423 -4.68528 -6.76088 -7.03425 -6.08664 -3.30374 -1.35269 -0.240127 1.92503 2.25116 1.77554 2.20822 1.08852 -1.64298 -3.99224 -5.31808 -5.7272 -5.4997 -4.97452 -4.10979 -2.91723
99.71 -3.26279 -3.70397 -2.69089 -4.26432 -7.05268 -7.39581 -6.61038 -4.12866 -2.12528 -0.831837 1.49235 1.96855 1.75459 2.57853 1.76711 -0.856956 -3.27213 -4.82337 -5.57163 -5.61557 -5.21592 -4.45999 -3.34116
99.76 -2.44328 -2.54768 -1.59174 -3.64477 -7.23341 -7.73385 -6.99048 -4.88075 -2.96212 -1.47052 1.04383 1.68898 1.6944 2.79337 2.24859 -0.138913 -2.48503 -4.22907 -5.31503 -5.64971 -5.39697 -4.75795 -3.72512
99.81 -1.58176 -1.33261 -0.419057 -2.87039 -7.26428 -8.02452 -7.27177 -5.56643 -3.84016 -2.14048 0.588148 1.41526 1.6019 2.882 2.54767 0.474735 -1.66112 -3.54044 -4.96289 -5.61816 -5.51055 -4.97859 -4.06807
99.86 -0.712392 -0.118704 0.765902 -1.99345 -7.14538 -8.24825 -7.47599 -6.19071 -4.72814 -2.8243 0.124221 1.1349 1.47337 2.87113 2.69553 0.967874 -0.83654 -2.77728 -4.53473 -5.51926 -5.54194 -5.11758 -4.36491
99.91 0.138467 1.04709 1.9115 -1.06717 -6.90189 -8.40374 -7.61258 -6.70864 -5.5822 -3.52339 -0.360226 0.829858 1.3014 2.78267 2.72769 1.34106 -0.0487425 -1.975 -4.05883 -5.34534 -5.47938 -5.18123 -4.60701
99.96 0.950631 2.13921 2.9875 -0.133938 -6.5767 -8.50051 -7.70674 -7.03069 -6.2899 -4.24911 -0.895131 0.47279 1.07771 2.63645 2.67979 1.60721 0.666905 -1.18116 -3.56179 -5.11665 -5.33585 -5.16262 -4.77792
100.01 1.70634 3.14468 3.97795 0.775968 -6.15821 -8.41011 -7.77963 -7.35899 -6.78561 -4.87237 -1.47016 0.060535 0.805874 2.45134 2.58392 1.78931 1.28971 -0.438738 -3.07138 -4.85448 -5.13226 -5.06984 -4.87082
100.06 2.39596 4.06021 4.86997 1.62015 -5.57322 -8.07439 -7.77874 -7.73191 -7.20201 -5.40988 -2.06576 -0.405322 0.487771 2.23865 2.46469 1.91463 1.82424 0.248242 -2.57475 -4.55414 -4.88698 -4.92183 -4.89534
100.11 3.01746 4.89605 5.67467 2.39449 -4.88113 -7.50129 -7.59342 -8.07007 -7.62672 -5.92133 -2.69958 -0.949616 0.107951 1.99513 2.3321 1.9997 2.27255 0.882401 -2.04204 -4.19034 -4.60536 -4.73371 -4.86387
100.16 3.56427 5.65908 6.41042 3.11938 -4.10789 -6.73173 -7.21753 -8.3281 -8.05398 -6.40665 -3.37003 -1.58887 -0.348438 1.70965 2.18185 2.04658 2.62843 1.45491 -1.45907 -3.73769 -4.27932 -4.51097 -4.78443
100.21 4.02681 6.34911 7.09395 3.81163 -3.2875 -5.81455 -6.65428 -8.47259 -8.46427 -6.85256 -4.06507 -2.32399 -0.884252 1.37482 2.00495 2.05031 2.88669 1.94994 -0.840524 -3.18679 -3.89205 -4.2491 -4.65918
100.26 4.40589 6.95238 7.71445 4.45992 -2.46204 -4.81859 -5.93537 -8.47808 -8.78015 -7.23139 -4.78732 -3.14154 -1.48497 0.994743 1.79748 2.00961 3.05066 2.35041 -0.23254 -2.5607 -3.43372 -3.94123 -4.48682
100.31 4.74227 7.40288 8.10452 4.94218 -1.61377 -3.79579 -5.12341 -8.32175 -8.92038 -7.4906 -5.53256 -4.00996 -2.11743 0.591339 1.57224 1.93866 3.1397 2.64974 0.305023 -1.91948 -2.92302 -3.59501 -4.27348
100.36 4.99209 7.69684 8.32684 5.32108 -0.794547 -2.82875 -4.31919 -7.96063 -8.8514 -7.65869 -6.26249 -4.88836 -2.75895 0.169753 1.32827 1.84316 3.17685 2.86829 0.756092 -1.30462 -2.38523 -3.2237 -4.03084
100.41 5.15375 7.85839 8.44059 5.63398 -0.0109458 -1.93732 -3.58336 -7.48816 -8.58119 -7.70385 -6.9312 -5.74436 -3.40754 -0.291316 1.03885 1.70812 3.1706 3.02964 1.13679 -0.724141 -1.83197 -2.83202 -3.76543
100.46 5.22808 7.89911 8.47193 5.89353 0.738657 -1.1131 -2.91892 -6.94218 -8.15273 -7.62533 -7.502 -6.53762 -4.04773 -0.802406 0.683579 1.51941 3.12068 3.1447 1.45936 -0.181413 -1.27229 -2.42287 -3.48143
100.51 5.21771 7.8257 8.43611 6.10402 1.45442 -0.344117 -2.31703 -6.34179 -7.59942 -7.42949 -7.95036 -7.23326 -4.66168 -1.36912 0.247674 1.26716 3.02606 3.21948 1.7321 0.320369 -0.71382 -1.99789 -3.18221
100.56 5.13376 7.657 8.35854 6.268 2.12159 0.370221 -1.76959 -5.70175 -6.9495 -7.12418 -8.2573 -7.80211 -5.23386 -1.99694 -0.282209 0.942965 2.88496 3.25733 1.96071 0.778004 -0.160455 -1.55329 -2.86764
100.61 5.05462 7.41584 8.19404 6.35562 2.75872 1.03722 -1.27162 -5.04801 -6.24471 -6.72832 -8.40782 -8.21638 -5.74575 -2.68309 -0.911108 0.54322 2.69429 3.25622 2.14629 1.18619 0.383836 -1.08091 -2.53187
100.66 5.04459 7.08009 7.83123 6.34125 3.40764 1.67413 -0.813665 -4.41093 -5.54017 -6.28135 -8.40443 -8.45679 -6.17337 -3.40729 -1.62569 0.0745569 2.453 3.21209 2.2867 1.53825 0.907684 -0.577718 -2.16446
100.71 5.02758 6.67738 7.36307 6.24281 3.98509 2.26296 -0.377556 -3.79754 -4.87255 -5.82416 -8.2688 -8.52401 -6.49916 -4.13998 -2.40034 -0.450147 2.16025 3.11923 2.37919 1.83181 1.39701 -0.04975 -1.75436
100.76 4.94998 6.22495 6.85941 6.08298 4.43824 2.77904 0.0498592 -3.20048 -4.2592 -5.3897 -8.0326 -8.43634 -6.71546 -4.84695 -3.19944 -1.01184 1.81586 2.9698 2.4188 2.06663 1.84052 0.488443 -1.29831
100.81 4.78431 5.74019 6.38198 5.88175 4.72724 3.19358 0.47188 -2.59962 -3.69779 -4.99719 -7.72688 -8.22151 -6.8249 -5.49695 -3.98463 -1.58883 1.42178 2.75774 2.40092 2.24264 2.23065 1.01837 -0.803861
100.86 4.52962 5.22733 5.93164 5.67397 4.87487 3.46444 0.869127 -1.97349 -3.16976 -4.65033 -7.37462 -7.90782 -6.83766 -6.0677 -4.72277 -2.16133 0.98101 2.47985 2.32371 2.36074 2.56313 1.52283 -0.285359
100.91 4.19889 4.69362 5.50344 5.45976 4.90002 3.58244 1.22016 -1.30942 -2.65064 -4.34444 -6.99348 -7.52194 -6.76702 -6.54389 -5.38685 -2.71282 0.495873 2.13412 2.18742 2.42284 2.83582 1.98851 0.241445
100.96 3.81086 4.14691 5.09448 5.22706 4.81069 3.55615 1.50485 -0.608141 -2.11145 -4.06448 -6.5999 -7.09453 -6.63023 -6.91329 -5.95317 -3.23027 -0.0343526 1.71631 1.99115 2.42986 3.04764 2.40673 0.763313
101.01 3.37473 3.5766 4.67514 4.95177 4.62353 3.41284 1.71272 0.116016 -1.52354 -3.78282 -6.20871 -6.66277 -6.45129 -7.16726 -6.39991 -3.70208 -0.61107 1.22069 1.73107 2.3796 3.1975 2.77195 1.2686
101.06 2.88724 2.96018 4.20708 4.60848 4.35572 3.18783 1.84687 0.839026 -0.866558 -3.4606 -5.82424 -6.25876 -6.25725 -7.30726 -6.7142 -4.11887 -1.232 0.644567 1.40212 2.26719 3.28439 3.0804 1.7451
101.11 2.34168 2.27701 3.66026 4.18046 4.02139 2.91438 1.9201 1.52634 -0.14249 -3.05625 -5.43225 -5.89563 -6.06878 -7.34609 -6.89882 -4.47704 -1.88851 -0.00749874 1.00148 2.08723 3.30519 3.32662 2.17941
101.16 1.73599 1.51837 3.02233 3.66406 3.63183 2.61837 1.94816 2.13519 0.611912 -2.53995 -4.99793 -5.56272 -5.89456 -7.30276 -6.97046 -4.77901 -2.56506 -0.720582 0.534216 1.83763 3.2514 3.49768 2.55487
101.21 1.07099 0.684884 2.29504 3.06617 3.19913 2.31946 1.9451 2.6282 1.32937 -1.9117 -4.47312 -5.22766 -5.73049 -7.19627 -6.95245 -5.03005 -3.24102 -1.47118 0.0143639 1.52185 3.11196 3.57468 2.85083
101.26 0.346046 -0.221169 1.48533 2.39812 2.73658 2.03117 1.91904 2.98679 1.93999 -1.20803 -3.81483 -4.84229 -5.56061 -7.04062 -6.86741 -5.23608 -3.89406 -2.2317 -0.539558 1.14647 2.87713 3.53943 3.04684
101.31 -0.439484 -1.19787 0.600891 1.67069 2.25321 1.75516 1.86762 3.21037 2.40003 -0.488646 -3.00434 -4.35134 -5.35775 -6.84178 -6.73276 -5.40243 -4.50494 -2.97716 -1.11083 0.717482 2.54061 3.37947 3.12699
101.36 -1.27964 -2.23877 -0.347784 0.893329 1.7468 1.47338 1.77498 3.30699 2.6979 0.184342 -2.05482 -3.70194 -5.08329 -6.5977 -6.56115 -5.53325 -5.05776 -3.68788 -1.68919 0.236541 2.09835 3.08824 3.08091
101.41 -2.15549 -3.32633 -1.34342 0.0743757 1.20205 1.14946 1.61276 3.28262 2.84101 0.759309 -1.01101 -2.85658 -4.68746 -6.29739 -6.36142 -5.63083 -5.53727 -4.34702 -2.26996 -0.298434 1.54864 2.66388 2.90218
101.46 -2.90171 -4.41592 -2.43691 -0.814645 0.592521 0.753584 1.36192 3.14491 2.84473 1.19767 0.0424139 -1.83192 -4.13073 -5.92029 -6.13151 -5.6902 -5.92529 -4.93383 -2.84283 -0.880349 0.902876 2.11658 2.59268
101.51 -3.47162 -5.24192 -3.48651 -1.82851 -0.170812 0.221032 0.994248 2.90337 2.73837 1.49432 1.00727 -0.716471 -3.41188 -5.44304 -5.857 -5.70064 -6.2068 -5.42636 -3.38749 -1.48521 0.193556 1.47649 2.17099
101.56 -3.96657 -5.85206 -4.27296 -2.79676 -1.09743 -0.48642 0.479594 2.55108 2.5406 1.66363 1.80969 0.373432 -2.55919 -4.83927 -5.51357 -5.65114 -6.3796 -5.81566 -3.88958 -2.08911 -0.542441 0.780603 1.66508
101.61 -4.40825 -6.32419 -4.86653 -3.65629 -2.09254 -1.32582 -0.156898 2.10722 2.27482 1.72645 2.40751 1.32279 -1.6314 -4.08628 -5.06703 -5.52565 -6.44701 -6.10368 -4.34491 -2.67756 -1.27687 0.0597491 1.10129
101.66 -4.79636 -6.66997 -5.28911 -4.30607 -3.09367 -2.31863 -0.909229 1.59344 1.96953 1.71039 2.7988 2.05113 -0.716662 -3.18931 -4.48628 -5.30491 -6.40943 -6.29189 -4.74987 -3.23876 -1.98721 -0.661224 0.502687
101.71 -5.08753 -6.85865 -5.54439 -4.74199 -3.99785 -3.42276 -1.78436 1.01383 1.63325 1.62976 3.00569 2.53401 0.0982211 -2.19139 -3.75941 -4.97462 -6.26632 -6.3796 -5.09795 -3.75978 -2.65245 -1.35982 -0.109059
101.76 -5.26761 -6.90397 -5.65843 -5.01938 -4.68024 -4.41476 -2.74404 0.315728 1.22287 1.46333 3.04606 2.78623 0.75381 -1.16165 -2.90358 -4.5335 -6.02255 -6.36786 -5.38041 -4.22646 -3.25133 -2.01321 -0.711891
101.81 -5.29078 -6.77408 -5.58552 -5.15756 -5.2437 -5.20286 -3.65237 -0.489963 0.725157 1.19785 2.93864 2.84279 1.22773 -0.170864 -1.95832 -3.99026 -5.68826 -6.26306 -5.59101 -4.62989 -3.77086 -2.6044 -1.28712
101.86 -5.12933 -6.43202 -5.23904 -5.14561 -5.779 -5.88 -4.49515 -1.34226 0.163928 0.848898 2.71887 2.7556 1.53444 0.726563 -0.971626 -3.35326 -5.26986 -6.07245 -5.72696 -4.96995 -4.21348 -3.13067 -1.82724
101.91 -4.74663 -5.83129 -4.66334 -5.01797 -6.26631 -6.45579 -5.25763 -2.21214 -0.463062 0.417639 2.41093 2.57034 1.70473 1.4882 -0.00196551 -2.63295 -4.7653 -5.79708 -5.78313 -5.24663 -4.58786 -3.59702 -2.33126
101.96 -4.17431 -4.99622 -3.89288 -4.76934 -6.67095 -6.92862 -5.92924 -3.08093 -1.16043 -0.0948338 2.03254 2.3223 1.77143 2.08286 0.881595 -1.85117 -4.16499 -5.43002 -5.75123 -5.45678 -4.90214 -4.01037 -2.80069
102.01 -3.46477 -3.98903 -2.95886 -4.39495 -6.98421 -7.30326 -6.48934 -3.92008 -1.91758 -0.6728 1.60712 2.04249 1.7646 2.49832 1.6093 -1.05722 -3.4674 -4.96205 -5.62195 -5.59321 -5.15885 -4.37376 -3.23454
102.06 -2.66246 -2.85707 -1.88762 -3.82303 -7.2002 -7.64935 -6.9023 -4.69176 -2.73902 -1.30036 1.16166 1.76116 1.71328 2.75073 2.14175 -0.316972 -2.69491 -4.3933 -5.39155 -5.64847 -5.3558 -4.68597 -3.62895
102.11 -1.80833 -1.65161 -0.728472 -3.08447 -7.27116 -7.95462 -7.20644 -5.39362 -3.60911 -1.96384 0.707562 1.48654 1.6292 2.86954 2.48582 0.326237 -1.8773 -3.72814 -5.06332 -5.63221 -5.48795 -4.92969 -3.98306
102.16 -0.938141 -0.43197 0.459119 -2.22881 -7.18996 -8.19716 -7.42974 -6.03418 -4.49745 -2.64563 0.24606 1.20942 1.5108 2.88236 2.66965 0.851188 -1.0494 -2.98145 -4.65136 -5.55278 -5.54339 -5.08822 -4.29223
102.21 -0.0803483 0.749577 1.61872 -1.31065 -6.97434 -8.36772 -7.58267 -6.59663 -5.36921 -3.33502 -0.228908 0.91352 1.35067 2.81178 2.72838 1.25504 -0.247954 -2.18484 -4.18583 -5.39678 -5.50422 -5.17268 -4.55039
102.26 0.743755 1.86253 2.71471 -0.376293 -6.66815 -8.48901 -7.68318 -6.95372 -6.12675 -4.06537 -0.75081 0.571623 1.14121 2.67927 2.6983 1.54712 0.488873 -1.38452 -3.69156 -5.18023 -5.38008 -5.1753 -4.74095
102.31 1.51579 2.89171 3.72931 0.543646 -6.28703 -8.45435 -7.75979 -7.26753 -6.67159 -4.72231 -1.31903 0.172375 0.880779 2.5024 2.61195 1.7484 1.13645 -0.626233 -3.1982 -4.92552 -5.18987 -5.10022 -4.8539
102.36 2.22259 3.82964 4.64657 1.40748 -5.7373 -8.18667 -7.79674 -7.63508 -7.09265 -5.27295 -1.90728 -0.277518 0.575704 2.29657 2.49712 1.88625 1.69318 0.0743113 -2.70642 -4.63727 -4.95439 -4.96479 -4.89489
102.41 2.86232 4.68536 5.47228 2.19825 -5.07032 -7.67121 -7.65992 -7.98831 -7.5154 -5.79028 -2.53058 -0.798985 0.213938 2.06225 2.36809 1.98115 2.16436 0.722619 -2.18545 -4.29273 -4.68247 -4.78614 -4.877
102.46 3.42943 5.46706 6.22429 2.9341 -4.3157 -6.94894 -7.33411 -8.27045 -7.94321 -6.28328 -3.19229 -1.4128 -0.22175 1.78859 2.22318 2.03828 2.54501 1.31257 -1.61543 -3.86505 -4.36941 -4.57248 -4.8096
102.51 3.91498 6.17665 6.92 3.63367 -3.50327 -6.06429 -6.81816 -8.44763 -8.36059 -6.74125 -3.88277 -2.12392 -0.737298 1.46711 2.05423 2.05391 2.8289 1.8294 -1.00307 -3.33923 -3.99977 -4.32163 -4.69637
102.56 4.30933 6.80662 7.57123 4.30617 -2.6801 -5.08391 -6.13465 -8.48965 -8.71642 -7.14361 -4.59375 -2.92112 -1.32397 1.0966 1.85351 2.02351 3.01608 2.25619 -0.385804 -2.72757 -3.5592 -4.02566 -4.53613
102.61 4.66245 7.30167 8.02255 4.82893 -1.83278 -4.05882 -5.33936 -8.38816 -8.90144 -7.42948 -5.33807 -3.78187 -1.95202 0.697274 1.63182 1.9592 3.12231 2.58087 0.173833 -2.0847 -3.05934 -3.68796 -4.3323
102.66 4.93556 7.63373 8.28095 5.22954 -1.00472 -3.07368 -4.52311 -8.06778 -8.8905 -7.62628 -6.07638 -4.65997 -2.59067 0.282752 1.3952 1.87118 3.17145 2.81757 0.646052 -1.46159 -2.52717 -3.32249 -4.09644
102.71 5.12004 7.82819 8.41959 5.55784 -0.21182 -2.16268 -3.76808 -7.61951 -8.6685 -7.70419 -6.76511 -5.52573 -3.23859 -0.166619 1.11994 1.74801 3.17641 2.9924 1.04365 -0.871825 -1.97705 -2.93582 -3.8365
102.76 5.21709 7.89982 8.47086 5.83072 0.546379 -1.32229 -3.08574 -7.09036 -8.27761 -7.65739 -7.36421 -6.33901 -3.88274 -0.664069 0.783375 1.57436 3.13798 3.11883 1.38046 -0.318934 -1.41819 -2.53094 -3.55696
102.81 5.22815 7.85517 8.45088 6.05372 1.2715 -0.539593 -2.46845 -6.50281 -7.75418 -7.49146 -7.84638 -7.06304 -4.5051 -1.21575 0.36982 1.33951 3.05511 3.20365 1.6655 0.193779 -0.858879 -2.11016 -3.26149
102.86 5.16179 7.70819 8.38043 6.22962 1.95419 0.189855 -1.90737 -5.87139 -7.12642 -7.2137 -8.19197 -7.66765 -5.08965 -1.82725 -0.134429 1.03481 2.92638 3.25102 1.90526 0.663321 -0.303939 -1.67142 -2.95125
102.91 5.06428 7.48814 8.26008 6.34446 2.58756 0.865185 -1.397 -5.21748 -6.43026 -6.83812 -8.38391 -8.12472 -5.61959 -2.49961 -0.738204 0.65439 2.74885 3.26056 2.10227 1.08506 0.243458 -1.20689 -2.62181
102.96 5.04552 7.17505 7.93893 6.35351 3.24272 1.5121 -0.930217 -4.5748 -5.7215 -6.40049 -8.41924 -8.41122 -6.07118 -3.21637 -1.43237 0.202782 2.52083 3.22801 2.2546 1.45216 0.774014 -0.711573 -2.26387
103.01 5.03604 6.78753 7.49093 6.27544 3.84487 2.11532 -0.490031 -3.95533 -5.04171 -5.94228 -8.31522 -8.52243 -6.42472 -3.95012 -2.19452 -0.308973 2.24156 3.14859 2.36 1.76101 1.27359 -0.188927 -1.86562
103.06 4.97816 6.34652 6.98979 6.13018 4.33507 2.65238 -0.0612594 -3.35545 -4.4136 -5.49939 -8.10203 -8.47267 -6.66971 -4.66707 -2.99099 -0.863091 1.91054 3.01462 2.41391 2.01115 1.7299 0.348312 -1.42123
103.11 4.83641 5.86901 6.50251 5.93539 4.66739 3.09848 0.363254 -2.75806 -3.84013 -5.09515 -7.8119 -8.28816 -6.80619 -5.33441 -3.78327 -1.43811 1.52915 2.8193 2.41131 2.20245 2.13446 0.882159 -0.935592
103.16 4.60405 5.3637 6.04763 5.72854 4.84799 3.40837 0.769191 -2.13997 -3.3054 -4.73645 -7.4699 -7.99767 -6.843 -5.92755 -4.53653 -2.01354 1.10023 2.55874 2.34958 2.33548 2.48225 1.39473 -0.421793
103.21 4.29127 4.83387 5.61234 5.51654 4.90508 3.56636 1.13434 -1.48643 -2.78672 -4.4209 -7.09474 -7.62795 -6.79265 -6.42961 -5.22224 -2.57187 0.626596 2.23098 2.22866 2.412 2.77064 1.87151 0.104237
103.26 3.91672 4.29088 5.2005 5.29067 4.8441 3.57561 1.43787 -0.793907 -2.25559 -4.13627 -6.70279 -7.20795 -6.67108 -6.82794 -5.81629 -3.09936 0.108316 1.83251 2.04828 2.43344 2.99843 2.30273 0.628524
103.31 3.49303 3.72862 4.78752 5.02908 4.68073 3.45954 1.666 -0.0737721 -1.68289 -3.85845 -6.30995 -6.77373 -6.50048 -7.11237 -6.29598 -3.58412 -0.456304 1.35763 1.80533 2.39851 3.16452 2.68217 1.13926
103.36 3.01964 3.12655 4.33566 4.70561 4.43241 3.25237 1.8184 0.652408 -1.04489 -3.55089 -5.92425 -6.36029 -6.30798 -7.28124 -6.64522 -4.01589 -1.06623 0.802431 1.49474 2.30282 3.26796 3.00578 1.62449
103.41 2.48965 2.46217 3.81132 4.30057 4.11427 2.98874 1.90601 1.35297 -0.336297 -3.17162 -5.53677 -5.98655 -6.11669 -7.34474 -6.86248 -4.38931 -1.71476 0.16912 1.11275 2.14092 3.30659 3.26908 2.0712
103.46 1.89956 1.72338 3.19739 3.80687 3.73803 2.6965 1.94435 1.98641 0.415787 -2.68597 -5.11783 -5.64808 -5.93865 -7.3209 -6.96146 -4.70548 -2.38788 -0.530016 0.661784 1.90931 3.27327 3.46142 2.46387
103.51 1.25 0.909146 2.4928 3.2292 3.31528 2.39673 1.94828 2.51228 1.15014 -2.08477 -4.62134 -5.31771 -5.77299 -7.22924 -6.9645 -4.96924 -3.06618 -1.27346 0.15393 1.61022 3.15721 3.56483 2.78262
103.56 0.54083 0.0218569 1.70385 2.57833 2.85934 2.1049 1.92795 2.90654 1.7942 -1.39556 -4.00088 -4.95064 -5.60679 -7.08549 -6.89501 -5.18646 -3.72723 -2.03401 -0.392915 1.24969 2.94798 3.56031 3.00645
103.61 -0.229086 -0.936735 0.838092 1.86546 2.38104 1.82647 1.88409 3.16473 2.29577 -0.674067 -3.23009 -4.49258 -5.41576 -6.89779 -6.77193 -5.3627 -4.35072 -2.7855 -0.960959 0.83429 2.63841 3.43369 3.11799
103.66 -1.05622 -1.96207 -0.0952499 1.10008 1.8817 1.54947 1.80452 3.29344 2.63559 0.0165199 -2.31374 -3.88902 -5.16434 -6.66611 -6.6089 -5.50245 -4.92015 -3.50696 -1.53808 0.367012 2.22402 3.17704 3.10556
103.71 -1.92543 -3.03987 -1.0806 0.291545 1.34886 1.23999 1.66351 3.30069 2.81804 0.621287 -1.28846 -3.09669 -4.80537 -6.38223 -6.41607 -5.60868 -5.42023 -4.18111 -2.11856 -0.153697 1.70219 2.78723 2.9618
103.76 -2.73035 -4.14982 -2.14135 -0.568348 0.76223 0.86619 1.43636 3.19051 2.85547 1.09755 -0.227104 -2.11193 -4.29188 -6.02721 -6.19502 -5.6791 -5.83413 -4.78935 -2.6955 -0.72543 1.07883 2.26966 2.6852
103.81 -3.33176 -5.05115 -3.24046 -1.56392 0.048291 0.378223 1.10463 2.97718 2.77555 1.42989 0.76884 -1.00973 -3.61381 -5.57853 -5.93404 -5.70324 -6.14404 -5.30786 -3.24926 -1.32681 0.382447 1.65022 2.29025
103.86 -3.84311 -5.70857 -4.08903 -2.55355 -0.846325 -0.2878 0.626678 2.65279 2.59982 1.63074 1.61922 0.0985513 -2.79168 -5.01038 -5.61155 -5.67062 -6.34487 -5.72414 -3.76318 -1.93275 -0.349758 0.965531 1.80356
103.91 -4.2979 -6.21135 -4.72724 -3.44428 -1.83014 -1.0962 0.0190698 2.23017 2.34908 1.71895 2.27222 1.09421 -1.87604 -4.29751 -5.19547 -5.56686 -6.43953 -6.03818 -4.23081 -2.52621 -1.08677 0.248718 1.25261
103.96 -4.7037 -6.59693 -5.19756 -4.16029 -2.83445 -2.04374 -0.702273 1.73303 2.0516 1.72075 2.71553 1.88491 -0.948502 -3.43503 -4.65156 -5.37251 -6.42944 -6.25259 -4.64963 -3.09594 -1.80566 -0.474622 0.660805
104.01 -5.02099 -6.82211 -5.49107 -4.64617 -3.78841 -3.13409 -1.53934 1.1742 1.72557 1.65745 2.96814 2.43128 -0.100703 -2.45768 -3.96258 -5.07164 -6.31368 -6.36647 -5.0132 -3.62866 -2.48459 -1.18111 0.0505025
104.06 -5.23344 -6.90734 -5.64265 -4.95959 -4.51734 -4.18068 -2.49803 0.511401 1.3398 1.51691 3.05105 2.7412 0.600292 -1.42887 -3.13697 -4.65862 -6.09521 -6.38028 -5.31365 -4.11085 -3.10273 -1.84851 -0.556874
104.11 -5.30275 -6.82625 -5.63202 -5.13663 -5.09998 -5.00932 -3.42135 -0.273989 0.861121 1.27528 2.97869 2.84398 1.12132 -0.422122 -2.21088 -4.14129 -5.78366 -6.29888 -5.54319 -4.5309 -3.64313 -2.45661 -1.14037
104.16 -5.18875 -6.54543 -5.35492 -5.16002 -5.64218 -5.71297 -4.28266 -1.11755 0.316251 0.947679 2.78539 2.78938 1.46895 0.504103 -1.22981 -3.52788 -5.38699 -6.13022 -5.69896 -4.8874 -4.10508 -2.99954 -1.68994
104.21 -4.86718 -6.01321 -4.83348 -5.06286 -6.14623 -6.31531 -5.06676 -1.98446 -0.292739 0.538155 2.49873 2.62595 1.67157 1.30464 -0.249536 -2.82802 -4.90569 -5.87731 -5.7766 -5.18072 -4.49632 -3.4808 -2.20324
104.26 -4.3386 -5.23276 -4.11062 -4.84556 -6.57447 -6.81558 -5.76409 -2.85607 -0.972234 0.0459489 2.13678 2.39122 1.76226 1.94504 0.663706 -2.05865 -4.33112 -5.53512 -5.7686 -5.40879 -4.8258 -3.9075 -2.68167
104.31 -3.66055 -4.2657 -3.21736 -4.51026 -6.90983 -7.21039 -6.35527 -3.70629 -1.71549 -0.517409 1.72073 2.11666 1.77181 2.40689 1.43763 -1.26171 -3.65788 -5.09405 -5.66543 -5.56523 -5.09757 -4.28388 -3.12507
104.36 -2.87817 -3.16144 -2.17747 -3.98988 -7.15687 -7.56201 -6.80688 -4.4979 -2.51908 -1.13256 1.27896 1.83384 1.72993 2.69892 2.02185 -0.501934 -2.90188 -4.55104 -5.46135 -5.64215 -5.3103 -4.60951 -3.53001
104.41 -2.03389 -1.96974 -1.036 -3.29052 -7.26752 -7.88041 -7.13572 -5.21651 -3.379 -1.78835 0.826414 1.55763 1.65418 2.84984 2.41289 0.169384 -2.09302 -3.91036 -5.15778 -5.64214 -5.46041 -4.87464 -3.89482
104.46 -1.1648 -0.748002 0.150268 -2.45997 -7.2252 -8.14087 -7.3786 -5.87311 -4.26581 -2.46705 0.367232 1.28276 1.54535 2.88784 2.63516 0.726062 -1.26425 -3.18238 -4.76459 -5.58081 -5.53817 -5.05391 -4.21607
104.51 -0.301509 0.447267 1.32145 -1.55325 -7.04107 -8.32885 -7.54898 -6.46597 -5.14735 -3.15183 -0.101822 0.993815 1.39671 2.83687 2.72307 1.16117 -0.452064 -2.39498 -4.3113 -5.44423 -5.52314 -5.15834 -4.48894
104.56 0.533136 1.57993 2.43621 -0.619671 -6.75502 -8.46168 -7.66023 -6.87764 -5.94547 -3.87476 -0.610519 0.666323 1.20131 2.71917 2.71295 1.48059 0.304217 -1.5914 -3.82193 -5.24143 -5.41973 -5.18249 -4.69845
104.61 1.32069 2.63234 3.4738 0.307235 -6.40214 -8.48234 -7.73998 -7.18052 -6.54873 -4.56423 -1.1687 0.281028 0.952734 2.55151 2.63805 1.70316 0.976906 -0.81789 -3.32548 -4.99454 -5.24446 -5.12646 -4.83198
104.66 2.0447 3.5935 4.41692 1.18971 -5.89387 -8.28215 -7.80211 -7.5366 -6.98386 -5.13412 -1.75135 -0.154623 0.659811 2.35263 2.52865 1.85498 1.55622 -0.10333 -2.83629 -4.71676 -5.0194 -5.00481 -4.89035
104.71 2.70226 4.46968 5.2649 1.99831 -5.25365 -7.82715 -7.71344 -7.90164 -7.40441 -5.6575 -2.36414 -0.654638 0.314873 2.12668 2.40299 1.96 2.0499 0.558718 -2.32562 -4.38957 -4.75688 -4.83622 -4.88672
104.76 3.28905 5.27019 6.03436 2.74641 -4.51956 -7.15503 -7.43757 -8.20563 -7.83173 -6.15748 -3.01646 -1.24335 -0.100513 1.86427 2.26287 2.02712 2.45487 1.16508 -1.769 -3.98579 -4.45573 -4.63149 -4.83161
104.81 3.79686 5.99885 6.7432 3.45405 -3.71831 -6.30736 -6.97033 -8.41342 -8.25426 -6.6262 -3.70086 -1.92944 -0.595323 1.55581 2.10113 2.05417 2.76434 1.7026 -1.16529 -3.48575 -4.1026 -4.39104 -4.73031
104.86 4.21506 6.65107 7.40673 4.13459 -2.89284 -5.34382 -6.32601 -8.49298 -8.64046 -7.04638 -4.40257 -2.70511 -1.1657 1.19669 1.90829 2.03523 2.97592 2.15464 -0.543606 -2.89274 -3.68078 -4.10728 -4.58242
104.91 4.57669 7.18936 7.92804 4.70785 -2.05399 -4.32526 -5.55384 -8.4365 -8.86866 -7.36424 -5.14355 -3.55468 -1.78677 0.802765 1.69086 1.97843 3.10111 2.50576 0.0361068 -2.25186 -3.19379 -3.77921 -4.389
104.96 4.873 7.56145 8.22725 5.1333 -1.21738 -3.32386 -4.73155 -8.16655 -8.91507 -7.5856 -5.88678 -4.43073 -2.42306 0.393347 1.45946 1.89679 3.16306 2.76262 0.530809 -1.62102 -2.66804 -3.41993 -4.16043
105.01 5.0804 7.78978 8.39283 5.47804 -0.41508 -2.39288 -3.9578 -7.74545 -8.7444 -7.69602 -6.5928 -5.30343 -3.06932 -0.0451732 1.19684 1.78443 3.17923 2.95181 0.946255 -1.0222 -2.12169 -3.03849 -3.90629
105.06 5.20022 7.89267 8.46501 5.76457 0.3519 -1.53535 -3.25697 -7.2346 -8.39354 -7.68137 -7.21839 -6.13423 -3.71618 -0.52936 0.877965 1.62514 3.15222 3.09007 1.29792 -0.459369 -1.56425 -2.63809 -3.63148
105.11 5.23328 7.87763 8.46217 6.00028 1.08584 -0.738593 -2.62366 -6.66079 -7.9018 -7.54582 -7.73309 -6.88464 -4.34588 -1.06639 0.485827 1.40712 3.08103 3.18524 1.59573 0.0641025 -1.00442 -2.22139 -3.33989
105.16 5.1857 7.75484 8.4018 6.18823 1.78172 0.00517599 -2.0486 -6.03932 -7.29847 -7.29639 -8.11608 -7.52311 -4.94172 -1.66177 0.00647595 1.12142 2.96448 3.24215 1.84684 0.545247 -0.448096 -1.78793 -3.03368
105.21 5.0801 7.55315 8.31059 6.32638 2.41906 0.691389 -1.52547 -5.38789 -6.61509 -6.94369 -8.34921 -8.0213 -5.48799 -2.31912 -0.571449 0.760714 2.79999 3.26202 2.05511 0.980042 0.101779 -1.33091 -2.70997
105.26 5.0469 7.26531 8.03859 6.35989 3.0739 1.34709 -1.04856 -4.7403 -5.90488 -6.51824 -8.42447 -8.3536 -5.96222 -3.02659 -1.24371 0.326889 2.58516 3.24072 2.21925 1.36198 0.638071 -0.843687 -2.36063
105.31 5.04103 6.89431 7.61561 6.30358 3.69685 1.96323 -0.603239 -4.11452 -5.21449 -6.0615 -8.35419 -8.50981 -6.34277 -3.75904 -1.99102 -0.170678 2.31933 3.1742 2.33723 1.68611 1.14705 -0.327263 -1.97383
105.36 5.0005 6.46612 7.12228 6.17282 4.22031 2.52058 -0.172407 -3.51073 -4.57194 -5.61188 -8.1663 -8.4998 -6.61644 -4.48366 -2.78216 -0.715705 2.00179 3.05522 2.40509 1.95156 1.6156 0.207757 -1.54148
105.41 4.88226 5.99632 6.62607 5.98871 4.59694 2.99373 0.253382 -2.91499 -3.98508 -5.19621 -7.89341 -8.3476 -6.78065 -5.16673 -3.57918 -1.28738 1.63327 2.87638 2.41761 2.1582 2.03427 0.744312 -1.06556
105.46 4.67295 5.49858 6.16524 5.78288 4.81275 3.34193 0.666528 -2.30397 -3.44217 -4.82554 -7.56293 -8.0821 -6.84236 -5.78112 -4.34562 -1.86454 1.21643 2.63305 2.37137 2.3063 2.3972 1.26401 -0.557581
105.51 4.37955 4.97351 5.72321 5.57262 4.90214 3.54007 1.04428 -1.66073 -2.92196 -4.49952 -7.19484 -7.73046 -6.81336 -6.30822 -5.05135 -2.42878 0.754308 2.32303 2.26584 2.39735 2.70121 1.75124 -0.033275
105.56 4.01937 4.43379 5.3067 5.35202 4.87063 3.58653 1.36569 -0.977764 -2.3969 -4.20861 -6.80565 -7.32038 -6.70852 -6.73474 -5.67156 -2.96549 0.247836 1.9435 2.10114 2.43313 2.9449 2.19505 0.492647
105.61 3.60804 3.87809 4.89741 5.10229 4.73226 3.50009 1.61408 -0.263112 -1.83773 -3.9321 -6.41177 -6.88616 -6.54817 -7.04949 -6.18305 -3.46248 -0.30462 1.48908 1.87495 2.41322 3.12718 2.58845 1.00803
105.66 3.14822 3.28876 4.45939 4.79727 4.50447 3.31318 1.78552 0.4641 -1.21827 -3.63629 -6.02427 -6.46462 -6.35882 -7.24796 -6.56712 -3.90884 -0.903105 0.954925 1.58248 2.3339 3.24705 2.92694 1.50112
105.71 2.63356 2.64233 3.95635 4.41473 4.2033 3.06126 1.8886 1.17503 -0.526975 -3.27965 -5.63927 -6.07999 -6.16554 -7.3374 -6.81799 -4.2976 -1.54267 0.341229 1.21926 2.18979 3.30303 3.20663 1.95919
105.76 2.05916 1.92336 3.36639 3.94408 3.84116 2.77423 1.93826 1.83022 0.218501 -2.82397 -5.23249 -5.73408 -5.98362 -7.33441 -6.94587 -4.62833 -2.21101 -0.342472 0.785442 1.97634 3.28943 3.419 2.36772
105.81 1.42502 1.12856 2.68496 3.38739 3.4293 2.47467 1.94992 2.38731 0.964619 -2.25173 -4.76106 -5.40533 -5.81551 -7.25868 -6.97158 -4.90519 -2.8901 -1.07686 0.290847 1.69437 3.19603 3.5475 2.7078
105.86 0.731518 0.260129 1.91728 2.75446 2.98074 2.17971 1.93538 2.81702 1.63852 -1.58089 -4.17656 -5.05284 -5.65134 -7.12738 -6.91894 -5.13398 -3.55776 -1.83563 -0.24767 1.34917 3.01194 3.57276 2.95827
105.91 -0.0225815 -0.680092 1.07078 2.05677 2.50764 1.8981 1.89827 3.1103 2.18039 -0.861662 -3.44582 -4.62391 -5.46975 -6.95083 -6.80835 -5.32041 -4.19276 -2.59173 -0.811647 0.947587 2.72903 3.47896 3.10043
105.96 -0.835682 -1.6889 0.153855 1.30409 2.01446 1.62334 1.82997 3.27179 2.5626 -0.157209 -2.56514 -4.06314 -5.23816 -6.73105 -6.65461 -5.46932 -4.77776 -3.32277 -1.38716 0.493846 2.34231 3.25669 3.12117
106.01 -1.69621 -2.75512 -0.819775 0.506248 1.4921 1.32585 1.70801 3.31053 2.78513 0.474511 -1.56299 -3.32293 -4.91234 -6.46217 -6.46886 -5.58414 -5.29738 -4.01083 -1.9671 -0.0126833 1.84854 2.90162 3.01216
106.06 -2.5441 -3.86005 -1.8497 -0.33617 0.922 0.971004 1.50409 3.22953 2.85847 0.987568 -0.501213 -2.38384 -4.44173 -6.12781 -6.25585 -5.66479 -5.73576 -4.63863 -2.54653 -0.572526 1.24975 2.41569 2.76954
106.11 -3.18666 -4.84426 -2.97258 -1.2967 0.253221 0.522092 1.20442 3.04323 2.80626 1.35657 0.520385 -1.30258 -3.80587 -5.70596 -6.00697 -5.70196 -6.07373 -5.18223 -3.10818 -1.16863 0.568954 1.81951 2.40322
106.16 -3.71597 -5.55503 -3.89102 -2.3032 -0.600886 -0.0986367 0.765036 2.74786 2.65397 1.59021 1.41516 -0.184111 -3.01764 -5.17157 -5.70319 -5.68529 -6.30289 -5.62561 -3.63356 -1.77548 -0.15737 1.14827 1.93762
106.21 -4.1842 -6.09184 -4.57755 -3.22348 -1.56926 -0.873849 0.188317 2.34838 2.42018 1.70549 2.12247 0.851478 -2.11967 -4.49823 -5.31504 -5.60184 -6.42491 -5.96593 -4.11343 -2.37331 -0.895527 0.437148 1.40104
106.26 -4.6041 -6.51252 -5.09381 -3.99908 -2.57311 -1.7789 -0.502238 1.86896 2.13205 1.72689 2.61933 1.70186 -1.18592 -3.67284 -4.80693 -5.43287 -6.44224 -6.20638 -4.54555 -2.95052 -1.62133 -0.28686 0.817653
106.31 -4.94761 -6.77631 -5.42803 -4.53786 -3.55978 -2.84447 -1.30617 1.328 1.81442 1.68034 2.91933 2.31252 -0.309706 -2.72038 -4.15629 -5.16096 -6.35401 -6.34648 -4.92411 -3.49404 -2.31258 -0.999774 0.210202
106.36 -5.18958 -6.89934 -5.61632 -4.89045 -4.3444 -3.93096 -2.24893 0.698561 1.45034 1.56353 3.04547 2.68207 0.434409 -1.69761 -3.36348 -4.77667 -6.16157 -6.3862 -5.242 -3.99091 -2.94872 -1.67969 -0.400209
106.41 -5.30172 -6.86579 -5.65765 -5.10408 -4.95546 -4.80879 -3.18642 -0.0616056 0.993023 1.34724 3.01081 2.83466 1.00311 -0.678865 -2.45962 -4.28579 -5.87333 -6.3288 -5.49034 -4.42753 -3.50999 -2.30435 -0.991317
106.46 -5.23553 -6.64272 -5.45304 -5.16646 -5.50267 -5.53925 -4.06515 -0.894454 0.464243 1.04096 2.84572 2.81594 1.39369 0.273158 -1.48791 -3.69656 -5.49842 -6.18231 -5.66565 -4.80053 -3.99184 -2.86419 -1.55018
106.51 -4.97393 -6.17771 -4.98955 -5.09946 -6.02087 -6.16812 -4.87029 -1.75724 -0.127302 0.653015 2.58147 2.67685 1.63093 1.11024 -0.501496 -3.01816 -5.03972 -5.95152 -5.76425 -5.11037 -4.40057 -3.36086 -2.07285
106.56 -4.49283 -5.45667 -4.31676 -4.91384 -6.47153 -6.69534 -5.59176 -2.62975 -0.788399 0.181891 2.2374 2.45755 1.7477 1.79505 0.436311 -2.26408 -4.49046 -5.6335 -5.77949 -5.35591 -4.7455 -3.80118 -2.56025
106.61 -3.84917 -4.53268 -3.465 -4.60921 -6.83124 -7.11717 -6.21236 -3.4883 -1.51646 -0.364825 1.83302 2.19048 1.77563 2.30382 1.25281 -1.46876 -3.8426 -5.21905 -5.702 -5.5318 -5.03224 -4.1905 -3.01293
106.66 -3.08966 -3.45972 -2.46028 -4.14473 -7.10396 -7.4723 -6.70368 -4.29908 -2.30281 -0.967462 1.3956 1.90708 1.74442 2.63764 1.88884 -0.692919 -3.1052 -4.70216 -5.52432 -5.6301 -5.26066 -4.52956 -3.42832
106.71 -2.25779 -2.28576 -1.34036 -3.4876 -7.25338 -7.80214 -7.05927 -5.03547 -3.15091 -1.61445 0.945001 1.62905 1.67705 2.82257 2.32854 0.00472128 -2.30732 -4.08657 -5.24608 -5.64796 -5.42796 -4.81362 -3.80359
106.76 -1.39188 -1.06591 -0.159677 -2.68603 -7.25073 -8.07957 -7.32259 -5.70788 -4.03392 -2.28889 0.487826 1.35526 1.57728 2.8874 2.59167 0.592735 -1.48014 -3.37929 -4.87431 -5.6033 -5.52598 -5.01498 -4.13675
106.81 -0.524593 0.140685 1.02032 -1.7941 -7.1014 -8.28712 -7.51119 -6.31817 -4.91997 -2.97364 0.0217034 1.07146 1.43984 2.85773 2.71125 1.05935 -0.660166 -2.60413 -4.43436 -5.48723 -5.53602 -5.13839 -4.42304
106.86 0.319414 1.29197 2.15258 -0.863373 -6.83721 -8.43151 -7.63539 -6.79078 -5.75226 -3.68313 -0.472924 0.75703 1.25747 2.75543 2.72314 1.40758 0.114221 -1.79982 -3.9514 -5.29948 -5.45447 -5.18418 -4.65077
106.91 1.12074 2.36616 3.21129 0.0676674 -6.49871 -8.49733 -7.72397 -7.09797 -6.41365 -4.3963 -1.01861 0.387098 1.0222 2.59882 2.662 1.65317 0.810861 -1.01396 -3.45377 -5.06185 -5.29582 -5.14821 -4.8048
106.96 1.86228 3.35156 4.18067 0.966561 -6.0417 -8.3595 -7.7948 -7.43861 -6.87607 -4.99315 -1.59758 -0.0359105 0.740668 2.40714 2.55934 1.82074 1.41359 -0.284426 -2.96467 -4.79297 -5.08199 -5.0417 -4.88159
107.01 2.53739 4.24886 5.05217 1.79423 -5.43045 -7.96816 -7.75431 -7.81078 -7.29402 -5.52333 -2.20047 -0.516395 0.410998 2.18868 2.43704 1.93644 1.92954 0.391207 -2.46247 -4.48118 -4.82879 -4.88394 -4.89296
107.06 3.1433 5.06845 5.84029 2.556 -4.7186 -7.34891 -7.52795 -8.13434 -7.72011 -6.02971 -2.8429 -1.0806 0.0153029 1.93686 2.30119 2.01335 2.35834 1.01305 -1.91912 -4.09986 -4.53859 -4.68816 -4.85053
107.11 3.67264 5.81588 6.56333 3.27262 -3.93153 -6.54229 -7.11026 -8.37046 -8.14589 -6.50791 -3.52009 -1.74124 -0.458578 1.64108 2.14598 2.05138 2.6932 1.57011 -1.32606 -3.62575 -4.20072 -4.45755 -4.76112
107.16 4.11533 6.48904 7.2374 3.95929 -3.10716 -5.60157 -6.50888 -8.48622 -8.54869 -6.94264 -4.21747 -2.49523 -1.01076 1.29489 1.96184 2.04475 2.93006 2.04609 -0.704537 -3.05475 -3.79792 -4.18591 -4.62562
107.21 4.48549 7.0652 7.81854 4.5772 -2.27675 -4.59425 -5.76384 -8.4629 -8.82482 -7.29628 -4.94977 -3.32862 -1.62155 0.908121 1.74961 1.99639 3.07574 2.42404 -0.107915 -2.42015 -3.32585 -3.86852 -4.44343
107.26 4.80434 7.47927 8.16444 5.03164 -1.43228 -3.57893 -4.94378 -8.25589 -8.92456 -7.53689 -5.69458 -4.20138 -2.25625 0.501893 1.52161 1.92038 3.15173 2.7033 0.410308 -1.78262 -2.80754 -3.51594 -4.22278
107.31 5.03477 7.74272 8.3596 5.39423 -0.620695 -2.62805 -4.1525 -7.86549 -8.8082 -7.67928 -6.41495 -5.07826 -2.90012 0.0731559 1.26994 1.81771 3.17922 2.90791 0.844659 -1.17495 -2.26557 -3.13991 -3.97475
107.36 5.17737 7.87732 8.45385 5.69487 0.155241 -1.75243 -3.43273 -7.37465 -8.50003 -7.69713 -7.06499 -5.92395 -3.54843 -0.398215 0.967614 1.67199 3.16355 3.0585 1.21183 -0.602404 -1.71014 -2.74417 -3.70494
107.41 5.23281 7.89248 8.46924 5.94347 0.89772 -0.941046 -2.78275 -6.81554 -8.04188 -7.59245 -7.61087 -6.69864 -4.18435 -0.920978 0.595949 1.47019 3.10397 3.16434 1.52291 -0.0683566 -1.15018 -2.33154 -3.41739
107.46 5.2051 7.79592 8.4214 6.14362 1.60498 -0.183467 -2.19329 -6.20511 -7.465 -7.37198 -8.03 -7.36905 -4.79048 -1.50058 0.140639 1.20295 2.99942 3.23091 1.78565 0.424121 -0.592596 -1.90285 -3.11501
107.51 5.10733 7.61126 8.34051 6.29777 2.25699 0.517443 -1.65706 -5.55899 -6.79846 -7.04443 -8.30373 -7.90653 -5.35143 -2.14203 -0.41108 0.862145 2.84779 3.26074 2.00502 0.871507 -0.0407132 -1.45283 -2.79647
107.56 5.04997 7.34983 8.12794 6.36002 2.90267 1.1794 -1.16899 -4.90732 -6.08968 -6.63389 -8.41976 -8.28393 -5.84688 -2.83856 -1.0602 0.446669 2.64609 3.25047 2.18088 1.26796 0.500352 -0.97372 -2.45485
107.61 5.04358 6.99711 7.73534 6.32636 3.54185 1.80725 -0.717343 -4.27527 -5.39063 -6.18129 -8.38517 -8.48584 -6.25353 -3.56744 -1.79051 -0.035584 2.39366 3.19633 2.31117 1.60733 1.01783 -0.46425 -2.0789
107.66 5.01731 6.58247 7.25395 6.21229 4.09593 2.38262 -0.283936 -3.66656 -4.73408 -5.7267 -8.22481 -8.51727 -6.55573 -4.29744 -2.57374 -0.570116 2.08961 3.09181 2.3926 1.88809 1.49799 0.0673964 -1.65868
107.71 4.92175 6.1216 6.75201 6.04078 4.5153 2.88008 0.142718 -3.07077 -4.13299 -5.30035 -7.97104 -8.39938 -6.74817 -4.99438 -3.37299 -1.13699 1.73416 2.92914 2.41999 2.11008 1.93039 0.605392 -1.19329
107.76 4.73603 5.63114 6.28317 5.83669 4.7694 3.26532 0.561447 -2.46576 -3.58053 -4.91772 -7.65344 -8.1607 -6.83556 -5.62875 -4.15055 -1.71461 1.32962 2.7029 2.38922 2.27334 2.30824 1.13114 -0.692227
107.81 4.46328 5.11212 5.83582 5.62794 4.89078 3.50326 0.950335 -1.83223 -3.05685 -4.58056 -7.2935 -7.82898 -6.82891 -6.18001 -4.87466 -2.28379 0.879068 2.41044 2.29909 2.37906 2.6278 1.62811 -0.170635
107.86 4.1186 4.57559 5.41333 5.41127 4.88975 3.58826 1.28843 -1.15941 -2.53586 -4.28198 -6.90822 -7.43116 -6.74218 -6.63393 -5.51943 -2.8289 0.384257 2.04946 2.1499 2.42916 2.88731 2.08404 0.356127
107.91 3.7198 4.02521 5.0052 5.17157 4.77759 3.5337 1.5568 -0.451561 -1.98838 -4.00446 -6.51409 -6.99955 -6.59392 -6.97867 -6.0614 -3.33738 -0.156061 1.61513 1.94014 2.424 3.08571 2.4911 0.875373
107.96 3.27305 3.44694 4.57847 4.88345 4.57144 3.3695 1.7479 0.274723 -1.3866 -3.71752 -6.12455 -6.5716 -6.40947 -7.20725 -6.47989 -3.79785 -0.742792 1.10201 1.66545 2.36066 3.22194 2.84425 1.37546
108.01 2.77337 2.8174 4.09525 4.52269 4.28806 3.13132 1.86748 0.993289 -0.713762 -3.38081 -5.74037 -6.17618 -6.21525 -7.32379 -6.76512 -4.20193 -1.37253 0.508581 1.32098 2.23399 3.29486 3.13976 1.84395
108.06 2.2147 2.11808 3.52901 4.07527 3.94077 2.85101 1.92952 1.66724 0.0213574 -2.95382 -5.34276 -5.82135 -6.0296 -7.34301 -6.92335 -4.54751 -2.03489 -0.158378 0.904988 2.03877 3.30027 3.37102 2.26704
108.11 1.59602 1.34292 2.87115 3.54026 3.5407 2.55285 1.94973 2.25349 0.774078 -2.4118 -4.89298 -5.49139 -5.85836 -7.2844 -6.97339 -4.83789 -2.71323 -0.881892 0.424824 1.7743 3.22877 3.52326 2.62699
108.16 0.91808 0.493457 2.12525 2.92609 3.10039 2.2554 1.94125 2.71806 1.47363 -1.76288 -4.34213 -5.14984 -5.69477 -7.16625 -6.93899 -5.07864 -3.38604 -1.63701 -0.104078 1.44491 3.06925 3.57719 2.90281
108.21 0.179867 -0.428207 1.29857 2.24425 2.63282 1.9702 1.91031 3.04681 2.05395 -1.05032 -3.65118 -4.74622 -5.52039 -7.00098 -6.84187 -5.27561 -4.03139 -2.39621 -0.663032 1.05744 2.81268 3.51559 3.07471
108.26 -0.618447 -1.41975 0.39903 1.50508 2.14513 1.69536 1.85173 3.24188 2.47868 -0.335996 -2.80814 -4.22495 -5.30562 -6.79271 -6.69819 -5.43391 -4.63092 -3.13563 -1.23648 0.617168 2.4534 3.3274 3.12807
108.31 -1.46852 -2.47277 -0.561549 0.718176 1.63197 1.40756 1.74663 3.31202 2.74194 0.319573 -1.83319 -3.53514 -5.00927 -6.5377 -6.51991 -5.55739 -5.16907 -3.8365 -1.81567 0.124651 1.98772 3.00712 3.05348
108.36 -2.34235 -3.56786 -1.56774 -0.110034 1.0762 1.06994 1.56546 3.26135 2.85277 0.86748 -0.778191 -2.64578 -4.58012 -6.22245 -6.3143 -5.64755 -5.63052 -4.48215 -2.39634 -0.422092 1.4151 2.55425 2.84549
108.41 -3.03545 -4.61942 -2.68338 -1.03074 0.442307 0.652324 1.29375 3.10156 2.83015 1.27398 0.26313 -1.59287 -3.98744 -5.82576 -6.07623 -5.69705 -5.99597 -5.04971 -2.96453 -1.01107 0.752471 1.9838 2.50953
108.46 -3.58479 -5.38993 -3.67788 -2.04697 -0.362845 0.0801339 0.893973 2.83567 2.70242 1.5415 1.19807 -0.472512 -3.23592 -5.32322 -5.78913 -5.69547 -6.25367 -5.52006 -3.50081 -1.61753 0.0343203 1.32842 2.06697
108.51 -4.06713 -5.96474 -4.41678 -2.99453 -1.31092 -0.659401 0.350183 2.46118 2.48749 1.68553 1.95811 0.595855 -2.36072 -4.68836 -5.42638 -5.63101 -6.40324 -5.88696 -3.99285 -2.21902 -0.703392 0.624783 1.54639
108.56 -4.49864 -6.41454 -4.97573 -3.82108 -2.31161 -1.52625 -0.310326 2.00068 2.21065 1.72858 2.50969 1.50213 -1.42748 -3.90195 -4.95258 -5.48626 -6.44787 -6.15332 -4.43777 -2.80273 -1.43454 -0.0982116 0.973006
108.61 -4.8683 -6.72264 -5.35681 -4.41726 -3.30864 -2.55526 -1.08703 1.47416 1.89967 1.69847 2.85874 2.17713 -0.528049 -2.9784 -4.34033 -5.24266 -6.38725 -6.31961 -4.83082 -3.35615 -2.13669 -0.816063 0.369835
108.66 -5.13729 -6.88118 -5.58082 -4.8132 -4.16062 -3.66165 -1.99633 0.874844 1.55306 1.60256 3.02855 2.60788 0.256208 -1.96689 -3.58256 -4.88759 -6.22146 -6.38547 -5.16551 -3.8667 -2.78939 -1.50691 -0.242021
108.71 -5.28806 -6.89187 -5.66299 -5.06209 -4.80923 -4.59938 -2.94697 0.146461 1.12048 1.41321 3.034 2.81352 0.872494 -0.940345 -2.70377 -4.42362 -5.95716 -6.35269 -5.43253 -4.31981 -3.37136 -2.14756 -0.839941
108.76 -5.271 -6.72183 -5.53245 -5.16525 -5.36201 -5.35882 -3.84242 -0.673247 0.608024 1.12868 2.89927 2.83426 1.30785 0.0342528 -1.74501 -3.85918 -5.60423 -6.22873 -5.62716 -4.70937 -3.87359 -2.72448 -1.40787
108.81 -5.06548 -6.32397 -5.13143 -5.12786 -5.89084 -6.01402 -4.66821 -1.53081 0.0332537 0.76206 2.65867 2.72222 1.58198 0.905317 -0.756757 -3.20306 -5.16762 -6.01985 -5.74627 -5.03568 -4.30051 -3.23709 -1.94003
108.86 -4.63601 -5.66691 -4.51085 -4.97398 -6.36229 -6.5678 -5.41244 -2.40247 -0.609195 0.312571 2.33379 2.52053 1.72699 1.6328 0.20046 -2.46664 -4.64302 -5.72533 -5.78408 -5.29832 -4.66128 -3.6914 -2.43644
108.91 -4.02984 -4.78961 -3.70243 -4.6996 -6.74662 -7.01746 -6.06139 -3.26739 -1.32091 -0.216007 1.94288 2.26298 1.77522 2.18854 1.05541 -1.67711 -4.02103 -5.33696 -5.7317 -5.49311 -4.96299 -4.09375 -2.89829
108.96 -3.29629 -3.7512 -2.73541 -4.28667 -7.04199 -7.38076 -6.59131 -4.09484 -2.09089 -0.80552 1.51126 1.98068 1.75644 2.56614 1.74219 -0.889467 -3.30448 -4.84661 -5.58043 -5.61239 -5.20692 -4.44614 -3.32387
109.01 -2.47942 -2.59867 -1.6406 -3.67472 -7.22867 -7.72024 -6.97649 -4.85008 -2.92536 -1.44247 1.0632 1.70081 1.69768 2.78701 2.23197 -0.167617 -2.51965 -4.25649 -5.3281 -5.64985 -5.39063 -4.74665 -3.70955
109.06 -1.61896 -1.3849 -0.469847 -2.90597 -7.26613 -8.01339 -7.26141 -5.53838 -3.80225 -2.11145 0.607793 1.42701 1.60656 2.88045 2.53828 0.450964 -1.69659 -3.57162 -4.97984 -5.62085 -5.50728 -4.97106 -4.05439
109.11 -0.749336 -0.169823 0.715799 -2.03227 -7.15331 -8.24024 -7.46873 -6.16536 -4.69041 -2.795 0.14427 1.14724 1.47974 2.87338 2.69187 0.949317 -0.871301 -2.81099 -4.55414 -5.52522 -5.54273 -5.1132 -4.35328
109.16 0.102751 0.998673 1.86384 -1.10712 -6.91418 -8.39809 -7.60792 -6.69126 -5.5479 -3.4923 -0.338439 0.843833 1.30974 2.78774 2.72821 1.32748 -0.0810851 -2.00941 -4.0798 -5.35413 -5.48396 -5.18032 -4.59812
109.21 0.91697 2.09428 2.9432 -0.173564 -6.59193 -8.50026 -7.70306 -7.0175 -6.26421 -4.21955 -0.871234 0.489237 1.08832 2.64365 2.68307 1.59778 0.638173 -1.21424 -3.58303 -5.12729 -5.34351 -5.16517 -4.77232
109.26 1.67538 3.10365 3.93767 0.738211 -6.18007 -8.41866 -7.77666 -7.34365 -6.7673 -4.84816 -1.44526 0.0791418 0.818394 2.45986 2.58865 1.78288 1.26498 -0.469249 -3.09222 -4.86636 -5.14201 -5.0752 -4.86847
109.31 2.36783 4.0228 4.83378 1.58564 -5.60058 -8.09399 -7.78262 -7.71615 -7.184 -5.38751 -2.03956 -0.383975 0.502501 2.24832 2.47009 1.91017 1.80314 0.219944 -2.59653 -4.56811 -4.8983 -4.92918 -4.89564
109.36 2.99235 4.86187 5.64184 2.36257 -4.91252 -7.53013 -7.60527 -8.05699 -7.60842 -5.89993 -2.67167 -0.924451 0.125713 2.00636 2.33811 1.99684 2.25524 0.856468 -2.06582 -4.20759 -4.61829 -4.74257 -4.86636
109.41 3.54253 5.62795 6.38018 3.08918 -4.14219 -6.7681 -7.23757 -8.31915 -8.03587 -6.38657 -3.34074 -1.55953 -0.327264 1.72285 2.18878 2.04543 2.61521 1.43192 -1.48492 -3.75909 -4.29444 -4.52134 -4.78889
109.46 4.00889 6.32123 7.06565 3.78258 -3.32288 -5.85592 -6.68194 -8.46914 -8.44746 -6.83456 -4.03516 -2.29082 -0.859801 1.39024 2.01323 2.05115 2.87768 1.9306 -0.867193 -3.21223 -3.91013 -4.26131 -4.66561
109.51 4.39003 6.92931 7.69257 4.43592 -2.49815 -4.86242 -5.96856 -8.48052 -8.77041 -7.21765 -4.75552 -3.10515 -1.45838 1.0116 1.80679 2.01206 3.04538 2.33546 -0.257358 -2.58819 -3.45461 -3.95534 -4.49521
109.56 4.72957 7.38707 8.09195 4.92413 -1.64956 -3.8387 -5.15883 -8.3336 -8.91822 -7.48095 -5.50073 -3.97251 -2.09026 0.608798 1.58211 1.94216 3.13711 2.63885 0.283921 -1.94648 -2.94556 -3.61044 -4.28337
109.61 4.98321 7.68714 8.31988 5.30641 -0.828851 -2.86858 -4.35234 -7.9787 -8.8587 -7.65391 -6.23225 -4.85101 -2.73131 0.188479 1.33947 1.84796 3.17619 2.86026 0.738377 -1.33023 -2.40864 -3.24006 -4.04179
109.66 5.1486 7.85402 8.43758 5.62178 -0.0437264 -1.97398 -3.61334 -7.51003 -8.5962 -7.70445 -6.90441 -5.7088 -3.37987 -0.270625 1.05247 1.71493 3.17178 3.02377 1.12179 -0.748206 -1.85584 -2.84918 -3.77725
109.71 5.22666 7.89978 8.47211 5.88349 0.707283 -1.14716 -2.946 -6.96673 -8.17375 -7.6311 -7.47995 -6.5055 -4.02079 -0.779454 0.700332 1.52874 3.12376 3.14066 1.44666 -0.203793 -1.29625 -2.44072 -3.49396
109.76 5.21975 7.831 8.43878 6.09601 1.42464 -0.375936 -2.34162 -6.36838 -7.62523 -7.44013 -7.93395 -7.20592 -4.63619 -1.34368 0.268155 1.27938 3.03107 3.21707 1.72139 0.299798 -0.737619 -2.01644 -3.19534
109.81 5.13859 7.66566 8.36215 6.26194 2.09453 0.340952 -1.79196 -5.72966 -6.97878 -7.13928 -8.24731 -7.78077 -5.21047 -1.96882 -0.257482 0.958413 2.89201 3.25649 1.95182 0.759413 -0.183978 -1.57283 -2.8815
109.86 5.05596 7.42809 8.20561 6.35418 2.73072 1.0092 -1.29198 -5.07573 -6.27513 -6.74656 -8.40461 -8.20215 -5.72544 -2.6528 -0.88232 0.561806 2.7035 3.25715 2.1393 1.16986 0.360872 -1.10176 -2.54681
109.91 5.04477 7.09587 7.84922 6.34363 3.38101 1.64782 -0.832665 -4.43769 -5.56973 -6.30092 -8.40747 -8.45013 -6.15708 -3.37592 -1.59367 0.0958819 2.4644 3.21495 2.28167 1.5244 0.885892 -0.599835 -2.18101
109.96 5.02922 6.69557 7.38408 6.24841 3.96272 2.23912 -0.395945 -3.82333 -4.90002 -5.84341 -8.27688 -8.52447 -6.48746 -4.10894 -2.36644 -0.426788 2.17386 3.12433 2.37631 1.82047 1.37696 -0.0726697 -1.77287
