50.01 -3.57499 -9.58223 3.67298 3.76055 2.50079 -4.69583 -10.7717 3.57841 -11.176 -2.19094 10.18 3.5035 -6.51664 -3.11062 0.487818 -8.7608 -5.35336 4.19486 0.269996 -3.42792 3.37062 -5.67913 -7.29233 -4.43489 -1.32775 -1.41095 -1.8942 -0.480652 -8.44337 -7.1151 -3.21467 -2.37402 -0.518221 -0.785738 -6.32509 -4.51963 -8.8441 0.462019 4.84425 2.80571 -4.1156 -9.81198 2.37786 -12.4929 -1.14289 5.34971 2.96628 -7.26768 -3.83882
50.06 -4.59807 -8.92625 3.44849 3.20041 2.0672 -4.40811 -10.9823 3.32942 -11.2505 -1.91734 10.1003 3.6956 -6.41775 -3.98395 1.4222 -9.20397 -4.97772 4.91699 0.708625 -3.84703 3.09195 -5.28784 -7.30605 -4.59326 -0.851375 -1.39506 -2.05588 0.34031 -8.29149 -7.12953 -3.46786 -2.71229 -0.690838 -0.630174 -5.84027 -5.38574 -8.30936 0.312769 4.04839 2.33749 -3.90428 -9.76232 2.03261 -12.5833 -0.984571 4.99273 3.03215 -7.36345 -4.74957
50.11 -5.53348 -8.35737 3.0423 2.503 1.64132 -4.05699 -11.0776 2.98863 -11.3053 -1.63254 9.79984 3.86238 -6.26642 -4.94993 2.16429 -9.59151 -4.58902 5.62901 1.10839 -4.31284 2.69644 -4.88315 -7.32394 -4.78959 -0.383278 -1.35864 -2.20499 1.10141 -8.10581 -7.14807 -3.67974 -2.96201 -0.846492 -0.576807 -5.3552 -6.15431 -7.89801 0.0174589 3.16941 1.88802 -3.64043 -9.61623 1.70514 -12.6588 -0.818823 4.48923 3.07184 -7.43912 -5.67268
50.16 -6.38906 -7.91982 2.45526 1.71497 1.24561 -3.64406 -11.0478 2.56854 -11.3432 -1.33023 9.35199 3.99903 -6.09013 -5.92735 2.73655 -9.92285 -4.2179 6.32576 1.46651 -4.7758 2.22165 -4.45926 -7.34965 -5.01023 0.0863167 -1.30128 -2.34105 1.76884 -7.88792 -7.1685 -3.85311 -3.11438 -0.985721 -0.616412 -4.86118 -6.82592 -7.60291 -0.372561 2.27608 1.46936 -3.31808 -9.37794 1.38553 -12.7183 -0.637295 3.93721 3.08341 -7.49567 -6.53242
50.21 -7.16931 -7.60769 1.74621 0.909777 0.887112 -3.18465 -10.8946 2.0891 -11.3652 -1.00944 8.86257 4.1037 -5.90716 -6.84229 3.16523 -10.2057 -3.87317 6.99927 1.7899 -5.20256 1.69991 -4.00737 -7.38888 -5.23328 0.575155 -1.22038 -2.46596 2.32931 -7.63657 -7.18928 -3.99291 -3.15758 -1.10825 -0.725621 -4.34639 -7.38564 -7.39953 -0.803749 1.41659 1.08803 -2.94297 -9.05613 1.06352 -12.7598 -0.434504 3.40062 3.06759 -7.534 -7.28758
50.26 -7.86361 -7.39495 0.989704 0.135867 0.566177 -2.70296 -10.6308 1.57116 -11.3698 -0.675616 8.39132 4.17651 -5.72701 -7.66205 3.46973 -10.4477 -3.55427 7.63926 2.08634 -5.57538 1.15478 -3.51053 -7.45112 -5.43448 1.1033 -1.10985 -2.58428 2.77985 -7.35168 -7.20927 -4.10547 -3.0789 -1.21304 -0.879051 -3.7971 -7.81826 -7.26281 -1.24111 0.613629 0.746017 -2.53249 -8.66544 0.729182 -12.7799 -0.20992 2.90148 3.02568 -7.55499 -7.92452
50.31 -8.4556 -7.2543 0.240514 -0.583324 0.279788 -2.22441 -10.2768 1.03005 -11.3527 -0.338947 7.95475 4.21706 -5.55352 -8.37984 3.66451 -10.6544 -3.25782 8.23589 2.36199 -5.88559 0.601908 -2.93737 -7.55337 -5.58834 1.68668 -0.957936 -2.70403 3.12084 -7.03638 -7.2277 -4.19809 -2.87112 -1.29845 -1.05714 -3.20013 -8.11669 -7.17286 -1.66782 -0.122555 0.441566 -2.10968 -8.2246 0.371793 -12.7728 0.0316335 2.44106 2.95791 -7.55905 -8.44087
50.36 -8.92443 -7.16403 -0.476381 -1.23719 0.0235516 -1.76947 -9.85516 0.47021 -11.3045 -0.0112496 7.54831 4.22242 -5.38743 -8.99534 3.76083 -10.8297 -2.98032 8.78116 2.62122 -6.12718 0.0497747 -2.23501 -7.72644 -5.66464 2.32883 -0.743756 -2.83898 3.35132 -6.69686 -7.24419 -4.27912 -2.54322 -1.36269 -1.24761 -2.54599 -8.2841 -7.1154 -2.07738 -0.7867 0.170756 -1.69591 -7.75263 -0.0238409 -12.7291 0.281628 2.01381 2.86226 -7.54571 -8.83813
50.41 -9.24386 -7.10851 -1.16161 -1.82152 -0.206996 -1.35133 -9.38731 -0.119238 -11.2087 0.296716 7.15776 4.18505 -5.22796 -9.50586 3.76676 -10.976 -2.71921 9.26819 2.86678 -6.29164 -0.500773 -1.33853 -8.0151 -5.62452 3.01706 -0.438013 -3.01329 3.46411 -6.34062 -7.25881 -4.35884 -2.126 -1.40449 -1.44345 -1.82808 -8.33393 -7.08071 -2.46651 -1.37572 -0.0709711 -1.30667 -7.26565 -0.485034 -12.6322 0.530378 1.61329 2.73277 -7.51271 -9.12001
50.46 -9.38586 -7.07715 -1.83211 -2.33541 -0.415735 -0.976917 -8.89147 -0.769855 -11.037 0.576075 6.76333 4.09005 -5.07355 -9.9037 3.68551 -11.0943 -2.47306 9.68919 3.10019 -6.36696 -1.05842 -0.26902 -8.43143 -5.43614 3.73001 -0.033479 -3.2635 3.44252 -5.97403 -7.27215 -4.45109 -1.66199 -1.4237 -1.64014 -1.04388 -8.28785 -7.06253 -2.83108 -1.88725 -0.287814 -0.951022 -6.77514 -1.06642 -12.4512 0.769013 1.23411 2.55594 -7.45437 -9.29201
50.51 -9.33384 -7.06317 -2.50809 -2.77964 -0.605755 -0.649075 -8.38201 -1.53931 -10.7434 0.818289 6.34127 3.91153 -4.92153 -10.1773 3.51576 -11.1866 -2.24118 10.032 3.32184 -6.34875 -1.64509 0.777537 -8.89512 -5.12203 4.44835 0.414058 -3.6154 3.27197 -5.59909 -7.28532 -4.57245 -1.1873 -1.42121 -1.83367 -0.220073 -8.17095 -7.05739 -3.16506 -2.31853 -0.483154 -0.633153 -6.28727 -1.8749 -12.1282 0.990004 0.87165 2.30464 -7.3576 -9.35946
50.56 -9.10698 -7.06266 -3.19464 -3.15603 -0.77937 -0.369537 -7.86955 -2.48778 -10.2754 1.01004 5.86445 3.61768 -4.76662 -10.3166 3.2592 -11.2565 -2.02285 10.2741 3.53095 -6.25407 -2.29956 1.64828 -9.32359 -4.75132 5.15953 0.841587 -4.04857 2.96396 -5.21312 -7.3001 -4.73373 -0.720357 -1.3983 -2.01985 0.583081 -8.00454 -7.06429 -3.46145 -2.66552 -0.659421 -0.354467 -5.80254 -3.04088 -11.5887 1.18553 0.520461 1.94531 -7.19307 -9.32211
50.61 -8.77287 -7.07315 -3.86793 -3.46698 -0.938233 -0.142975 -7.3612 -3.56489 -9.6481 1.12342 5.30044 3.20936 -4.59846 -10.3208 2.92765 -11.3079 -1.81608 10.3729 3.72516 -6.11264 -3.06652 2.32918 -9.69425 -4.37749 5.85693 1.2274 -4.51224 2.55423 -4.81185 -7.31916 -4.93126 -0.261044 -1.35568 -2.19457 1.31343 -7.79922 -7.083 -3.71399 -2.9219 -0.818106 -0.116164 -5.31632 -4.4587 -10.8658 1.34287 0.174468 1.50496 -6.91259 -9.17028
50.66 -8.41146 -7.09174 -4.48713 -3.71507 -1.08347 0.018508 -6.86079 -4.60336 -8.98811 1.11266 4.61257 2.74301 -4.40194 -10.2031 2.53878 -11.3433 -1.6164 10.267 3.8999 -5.94999 -3.96036 2.84774 -10.0109 -4.02342 6.53434 1.57314 -4.96115 2.0824 -4.39016 -7.34636 -5.14848 0.203113 -1.29261 -2.3548 1.94434 -7.55473 -7.11083 -3.91957 -3.07837 -0.959795 0.0778342 -4.81993 -5.80146 -10.1151 1.44013 -0.169454 1.072 -6.48678 -8.90038
50.71 -8.0662 -7.11505 -5.02155 -3.90214 -1.21582 0.0970481 -6.36899 -5.53029 -8.41362 0.940114 3.79161 2.27171 -4.16149 -9.98348 2.10862 -11.3641 -1.41685 9.93275 4.04844 -5.78178 -4.94134 3.22902 -10.2815 -3.69457 7.18326 1.8864 -5.36763 1.57966 -3.9388 -7.3877 -5.36299 0.690682 -1.20602 -2.50005 2.4667 -7.26942 -7.1434 -4.08015 -3.1227 -1.0842 0.219083 -4.30158 -6.92562 -9.43287 1.44748 -0.512892 0.691041 -5.9391 -8.5307
50.76 -7.74029 -7.14057 -5.46114 -4.02816 -1.33565 0.0814961 -5.88328 -6.35754 -7.9702 0.614218 2.89238 1.8207 -3.86492 -9.67912 1.64836 -11.3697 -1.20917 9.44571 4.16441 -5.61565 -5.92433 3.49148 -10.5131 -3.38953 7.79497 2.17448 -5.71804 1.06627 -3.43945 -7.45324 -5.55126 1.22142 -1.08927 -2.63363 2.87954 -6.94745 -7.17722 -4.20198 -3.04214 -1.19019 0.295704 -3.74751 -7.83017 -8.85602 1.33758 -0.860061 0.366309 -5.32308 -8.09223
50.81 -7.41912 -7.16678 -5.81021 -4.08996 -1.44297 -0.0206491 -5.39772 -7.0893 -7.65277 0.188174 1.99008 1.40214 -3.50808 -9.30146 1.16345 -11.3569 -0.985855 8.91381 4.24403 -5.45456 -6.83252 3.6493 -10.711 -3.1051 8.36264 2.44302 -6.0059 0.553272 -2.8585 -7.56113 -5.68859 1.80997 -0.929726 -2.76365 3.18408 -6.59824 -7.21033 -4.29377 -2.83025 -1.27603 0.297936 -3.14464 -8.54456 -8.39751 1.10444 -1.21638 0.0898514 -4.69121 -7.61516
50.86 -7.08713 -7.1927 -6.07959 -4.08019 -1.53733 -0.185946 -4.90269 -7.71401 -7.43573 -0.277597 1.12924 1.02219 -3.09949 -8.86094 0.653128 -11.3191 -0.742857 8.39571 4.28474 -5.29923 -7.63201 3.71371 -10.8787 -2.83837 8.88138 2.69593 -6.22595 0.0444511 -2.14049 -7.74405 -5.74477 2.45786 -0.705344 -2.90513 3.37945 -6.23278 -7.242 -4.3657 -2.49745 -1.33977 0.22567 -2.48366 -9.09703 -8.05217 0.772725 -1.58132 -0.148185 -4.08208 -7.12236
50.91 -6.7347 -7.21773 -6.28186 -3.98678 -1.61774 -0.38736 -4.38496 -8.21948 -7.29188 -0.741735 0.329011 0.682237 -2.65936 -8.37092 0.1086 -11.2439 -0.481905 7.90575 4.28186 -5.14944 -8.31566 3.69247 -11.018 -2.58749 9.34683 2.93575 -6.36952 -0.462453 -1.22294 -8.04659 -5.68081 3.15056 -0.387045 -3.08441 3.45783 -5.86033 -7.27236 -4.42988 -2.07551 -1.37999 0.0908184 -1.75795 -9.50849 -7.8022 0.384345 -1.9425 -0.356374 -3.52018 -6.6282
50.96 -6.35922 -7.24166 -6.42908 -3.79447 -1.6825 -0.603603 -3.82915 -8.59914 -7.19955 -1.18421 -0.401117 0.379958 -2.21283 -7.84712 -0.49195 -11.1091 -0.210954 7.43767 4.22519 -5.0045 -8.88485 3.58809 -11.1299 -2.35171 9.75315 3.16392 -6.42465 -0.976174 -0.14635 -8.47159 -5.46868 3.86592 0.0263037 -3.33931 3.40205 -5.48597 -7.30219 -4.50178 -1.60595 -1.39629 -0.0877547 -0.966817 -9.79233 -7.62566 -0.0219749 -2.27841 -0.541085 -3.01864 -6.13959
51.01 -5.96294 -7.26478 -6.53177 -3.49125 -1.72919 -0.821663 -3.22305 -8.85357 -7.14336 -1.5985 -1.05466 0.111117 -1.78261 -7.30457 -1.19196 -10.8767 0.0569328 6.97597 4.09504 -4.86313 -9.34249 3.39868 -11.2165 -2.13096 10.0906 3.38083 -6.38878 -1.51462 0.884542 -8.93201 -5.13836 4.58447 0.473962 -3.69195 3.19973 -5.10814 -7.33284 -4.59879 -1.12188 -1.38916 -0.291446 -0.141926 -9.95614 -7.5027 -0.420927 -2.56576 -0.706484 -2.58171 -5.65706
51.06 -5.54995 -7.28803 -6.59839 -3.08073 -1.75494 -1.03514 -2.56763 -8.99059 -7.11318 -1.98361 -1.62585 -0.12887 -1.38594 -6.75472 -2.05543 -10.4923 0.303526 6.49769 3.86076 -4.72235 -9.69134 3.12638 -11.2813 -1.92515 10.3412 3.58588 -6.28101 -2.10981 1.73437 -9.352 -4.75985 5.2937 0.897176 -4.1168 2.86606 -4.71923 -7.36651 -4.73106 -0.63753 -1.35912 -0.506418 0.655115 -10.0042 -7.41767 -0.800392 -2.78368 -0.854922 -2.20753 -5.17537
51.11 -5.12314 -7.31321 -6.63503 -2.58985 -1.75699 -1.24138 -1.88412 -9.02447 -7.1026 -2.33896 -2.10806 -0.343984 -1.03645 -6.20374 -3.09487 -9.92768 0.500279 5.96879 3.50267 -4.57535 -9.93334 2.78421 -11.328 -1.73319 10.4713 3.77708 -6.13108 -2.80676 2.39772 -9.71386 -4.38307 5.98656 1.27819 -4.56248 2.43825 -4.30885 -7.40684 -4.89363 -0.148631 -1.30561 -0.724799 1.37465 -9.94005 -7.35911 -1.15729 -2.91377 -0.987355 -1.89096 -4.68444
51.16 -4.68177 -7.34338 -6.64499 -2.0558 -1.73303 -1.43914 -1.20596 -8.97344 -7.10661 -2.66236 -2.49227 -0.537168 -0.749426 -5.65178 -4.16933 -9.26775 0.601039 5.34262 3.05686 -4.41009 -10.069 2.39135 -11.3589 -1.5519 10.4249 3.9505 -5.96337 -3.63618 2.90206 -10.0224 -4.02829 6.65623 1.61989 -4.98595 1.95544 -3.8639 -7.45997 -5.06863 0.360314 -1.22575 -0.944127 1.99196 -9.76806 -7.31888 -1.49357 -2.93903 -1.10365 -1.62571 -4.17092
51.21 -4.21913 -7.38351 -6.62818 -1.50308 -1.68055 -1.62756 -0.562637 -8.8558 -7.12015 -2.95109 -2.76598 -0.710184 -0.545103 -5.09246 -5.14461 -8.6502 0.554449 4.58365 2.5853 -4.21181 -10.0983 1.9642 -11.3749 -1.37551 10.1549 4.09978 -5.79241 -4.57867 3.27083 -10.2855 -3.69976 7.29421 1.92992 -5.36153 1.44786 -3.36426 -7.5367 -5.23144 0.907872 -1.11278 -1.16655 2.49811 -9.49475 -7.29132 -1.81353 -2.84553 -1.20286 -1.40557 -3.62027
51.26 -3.71933 -7.44198 -6.58 -0.93418 -1.59505 -1.80663 0.0274619 -8.68603 -7.13904 -3.20376 -2.91266 -0.863606 -0.441533 -4.51256 -6.00756 -8.15134 0.342231 3.7167 2.1237 -3.96662 -10.0222 1.51273 -11.375 -1.19633 9.69823 4.21764 -5.625 -5.56024 3.52084 -10.5097 -3.39558 7.89229 2.21537 -5.6758 0.934779 -2.77557 -7.65667 -5.3535 1.50725 -0.953524 -1.39893 2.89043 -9.1291 -7.27253 -2.12249 -2.62909 -1.28352 -1.22502 -3.01993
51.31 -3.15156 -7.53387 -6.48887 -0.334839 -1.46713 -1.9785 0.554191 -8.47292 -7.1605 -3.42127 -2.91338 -0.996861 -0.441127 -3.89223 -6.76841 -7.78386 -0.00145528 2.81492 1.68822 -3.6648 -9.84329 1.0402 -11.3559 -1.00617 9.16071 4.29862 -5.46354 -6.49248 3.66415 -10.6997 -3.11237 8.44425 2.4816 -5.91998 0.426105 -2.04249 -7.85456 -5.40025 2.15812 -0.725104 -1.65483 3.16586 -8.68266 -7.25988 -2.42654 -2.3049 -1.34424 -1.0794 -2.36158
51.36 -2.45997 -7.68776 -6.33144 0.313982 -1.27767 -2.14982 1.00985 -8.22063 -7.1827 -3.60733 -2.75449 -1.10843 -0.52695 -3.20775 -7.41974 -7.52811 -0.417287 1.93527 1.28772 -3.30604 -9.56833 0.54293 -11.3106 -0.79858 8.61987 4.33891 -5.30838 -7.32416 3.70844 -10.858 -2.84717 8.94552 2.73231 -6.08396 -0.0756997 -1.11006 -8.1741 -5.3305 2.84536 -0.399662 -1.9591 3.31495 -8.16898 -7.25166 -2.73364 -1.90918 -1.38445 -0.964779 -1.63885
51.41 -1.55935 -7.95285 -6.0654 1.01987 -0.993674 -2.33629 1.38245 -7.93185 -7.20433 -3.76913 -2.44446 -1.19643 -0.672634 -2.43717 -7.94858 -7.35641 -0.855884 1.10406 0.92626 -2.90256 -9.21033 0.00873487 -11.226 -0.571452 8.10195 4.33319 -5.15909 -8.03934 3.65588 -10.9865 -2.59811 9.3917 2.96984 -6.15647 -0.574537 -0.0416965 -8.6087 -5.12038 3.5479 0.016813 -2.34666 3.31986 -7.6016 -7.24686 -3.05534 -1.48618 -1.40483 -0.877746 -0.852865
51.46 -0.419105 -8.36489 -5.63647 1.76725 -0.590687 -2.56958 1.64743 -7.61033 -7.22444 -3.91877 -2.02666 -1.25969 -0.853845 -1.56971 -8.34658 -7.24468 -1.28912 0.33248 0.603652 -2.47607 -8.78802 -0.587785 -11.0791 -0.328974 7.60492 4.27067 -5.01488 -8.63623 3.50483 -11.088 -2.36433 9.77657 3.19542 -6.13791 -1.08112 0.954669 -9.0681 -4.80477 4.24788 0.459975 -2.83395 3.16959 -6.99095 -7.24521 -3.40475 -1.07192 -1.4071 -0.815179 -0.0393281
51.51 0.759916 -8.8523 -5.03608 2.52416 -0.116856 -2.8895 1.7676 -7.25983 -7.24246 -4.07461 -1.56394 -1.29879 -1.0533 -0.632949 -8.61296 -7.1752 -1.7049 -0.373759 0.316717 -2.05074 -8.32215 -1.29328 -10.8307 -0.0821292 7.11396 4.13079 -4.8743 -9.11668 3.25874 -11.1666 -2.14557 10.0898 3.40924 -6.04925 -1.61567 1.76294 -9.48372 -4.44904 4.93609 0.875389 -3.39181 2.88073 -6.34675 -7.24728 -3.78656 -0.686298 -1.39328 -0.774221 0.740507
51.56 1.7396 -9.30959 -4.32619 3.26207 0.346261 -3.30514 1.71836 -6.88237 -7.25821 -4.25627 -1.1037 -1.31595 -1.26029 0.295213 -8.75524 -7.13608 -2.09867 -1.01149 0.0609271 -1.64785 -7.83084 -2.17063 -10.4264 0.150372 6.6052 3.88281 -4.73415 -9.48301 2.93267 -11.2265 -1.94149 10.3127 3.61042 -5.91929 -2.21257 2.386 -9.84102 -4.09605 5.61206 1.24815 -3.96908 2.49024 -5.68405 -7.25499 -4.18943 -0.334685 -1.36467 -0.752437 1.44062
51.61 2.43776 -9.70405 -3.55983 3.96911 0.762526 -3.78291 1.50787 -6.48093 -7.27196 -4.47365 -0.660106 -1.31397 -1.46819 1.13633 -8.78873 -7.11955 -2.4671 -1.57865 -0.168318 -1.28562 -7.32711 -3.21654 -9.84743 0.336902 6.0429 3.51172 -4.58735 -9.73706 2.54946 -11.2702 -1.75083 10.4096 3.79666 -5.77064 -2.91716 2.85312 -10.145 -3.76235 6.27632 1.58197 -4.52279 2.03692 -5.02039 -7.27234 -4.59013 -0.0145441 -1.32088 -0.74816 2.03975
51.66 2.82547 -10.0392 -2.7447 4.64473 1.12868 -4.27624 1.16778 -6.0618 -7.28455 -4.72236 -0.222859 -1.29505 -1.6722 1.83634 -8.73393 -7.1195 -2.80555 -2.07263 -0.374979 -0.983444 -6.81902 -4.27881 -9.19003 0.427577 5.38011 3.05929 -4.42185 -9.87985 2.13051 -11.2991 -1.57031 10.3236 3.96355 -5.61669 -3.7555 3.18928 -10.4035 -3.45124 6.92351 1.88487 -5.02543 1.5518 -4.3633 -7.30661 -4.96214 0.279407 -1.25883 -0.761043 2.53223
51.71 2.90858 -10.3241 -1.87493 5.28842 1.45196 -4.74867 0.735737 -5.63287 -7.29742 -4.98811 0.224568 -1.2602 -1.86838 2.36001 -8.61179 -7.13015 -3.10908 -2.48907 -0.562087 -0.764161 -6.31076 -5.23676 -8.58712 0.370999 4.58696 2.58529 -4.22318 -9.91264 1.68936 -11.3128 -1.39421 10.0148 4.10429 -5.46387 -4.70092 3.41357 -10.6235 -3.16121 7.54309 2.16417 -5.46146 1.05603 -3.69731 -7.37025 -5.28014 0.55293 -1.17132 -0.79294 2.91947
51.76 2.78568 -10.5665 -0.982612 5.89471 1.74095 -5.17885 0.244632 -5.2 -7.31268 -5.25356 0.687604 -1.20937 -2.05378 2.6971 -8.43878 -7.14692 -3.37446 -2.82132 -0.731675 -0.645926 -5.80313 -6.08303 -8.10605 0.15324 3.69678 2.12237 -3.97748 -9.83766 1.23115 -11.3091 -1.21499 9.53217 4.21132 -5.31471 -5.67442 3.54145 -10.81 -2.88983 8.12431 2.42535 -5.82221 0.561683 -2.97032 -7.48602 -5.51818 0.811766 -1.04381 -0.849645 3.20482
51.81 2.60669 -10.7724 -0.137367 6.4543 2.00288 -5.55717 -0.281166 -4.76391 -7.33326 -5.50293 1.16034 -1.14182 -2.22706 2.87387 -8.22439 -7.16682 -3.6012 -3.06041 -0.884818 -0.62948 -5.29322 -6.82477 -7.75431 -0.188369 2.78288 1.68583 -3.67492 -9.65866 0.753724 -11.2828 -1.02466 8.98069 4.27887 -5.16996 -6.59021 3.58561 -10.9662 -2.63519 8.65903 2.67216 -6.10022 0.0734043 -2.06617 -7.69971 -5.64176 1.06217 -0.846681 -0.945173 3.38928
51.86 2.45541 -10.9472 0.608872 6.95634 2.24321 -5.88116 -0.826199 -4.31856 -7.36335 -5.72348 1.64221 -1.05592 -2.38881 2.93808 -7.97238 -7.18782 -3.79166 -3.195 -1.0217 -0.696536 -4.77379 -7.45273 -7.51061 -0.595712 1.89737 1.2844 -3.3152 -9.3831 0.247466 -11.2239 -0.817017 8.42975 4.30204 -5.02983 -7.40195 3.55487 -11.0927 -2.39642 9.14131 2.90695 -6.28286 -0.410437 -0.796909 -8.08564 -5.5983 1.31232 -0.531973 -1.1123 3.46505
51.91 2.34181 -11.0951 1.24114 7.38847 2.46567 -6.15172 -1.3835 -3.84976 -7.40946 -5.90462 2.14428 -0.948137 -2.54193 2.93167 -7.6844 -7.20848 -3.95048 -3.2119 -1.14167 -0.820615 -4.23332 -7.95447 -7.34762 -1.02244 1.0635 0.922177 -2.91073 -9.02439 -0.307411 -11.1149 -0.590427 7.89992 4.27313 -4.89434 -8.09572 3.45099 -11.1881 -2.17359 9.56533 3.13099 -6.352 -0.89762 0.799199 -8.62732 -5.3536 1.57178 -0.107408 -1.40947 3.41096
51.96 2.25084 -11.2196 1.76581 7.73489 2.67233 -6.37033 -1.95437 -3.33266 -7.48276 -6.03553 2.68328 -0.811247 -2.69222 2.87971 -7.36336 -7.2278 -4.08401 -3.09897 -1.24335 -0.978031 -3.65748 -8.3235 -7.24222 -1.44247 0.291446 0.59896 -2.48371 -8.60128 -0.947309 -10.9253 -0.350108 7.38589 4.17709 -4.76311 -8.67005 3.27006 -11.254 -1.96726 9.92263 3.34462 -6.30824 -1.40368 2.29707 -9.16279 -4.97741 1.84497 0.319676 -1.86909 3.21601
52.01 2.16674 -11.3228 2.19654 7.97367 2.86364 -6.5369 -2.54848 -2.72638 -7.60375 -6.10112 3.27184 -0.63153 -2.8498 2.7918 -7.01482 -7.24524 -4.19991 -2.85296 -1.32487 -1.15229 -3.03273 -8.56185 -7.17768 -1.84396 -0.412925 0.311575 -2.05909 -8.13458 -1.73091 -10.6065 -0.109517 6.86949 3.98761 -4.63454 -9.12661 3.01463 -11.2955 -1.77763 10.1988 3.54725 -6.18514 -1.95588 3.48216 -9.62541 -4.56904 2.13168 0.692446 -2.4501 2.90309
52.06 2.0766 -11.4056 2.54805 8.07594 3.03848 -6.64742 -3.18318 -1.96847 -7.8088 -6.07658 3.90891 -0.385211 -3.03221 2.66467 -6.64622 -7.26067 -4.3073 -2.49037 -1.38441 -1.33332 -2.3497 -8.68026 -7.14287 -2.22131 -1.04564 0.0555244 -1.65986 -7.64328 -2.70337 -10.1114 0.106528 6.32136 3.6766 -4.5039 -9.46736 2.69912 -11.318 -1.60383 10.3673 3.73713 -6.02197 -2.59608 4.34548 -10.0223 -4.17645 2.43391 1.00828 -3.08311 2.51026
52.11 1.96736 -11.4678 2.83374 8.0123 3.19424 -6.69191 -3.8784 -1.00243 -8.14135 -5.92668 4.57853 -0.0448358 -3.26897 2.48196 -6.26511 -7.27445 -4.41789 -2.04908 -1.42092 -1.51485 -1.60149 -8.69649 -7.13002 -2.56982 -1.60376 -0.173727 -1.30781 -7.14223 -3.77828 -9.4784 0.255198 5.69867 3.25716 -4.36127 -9.69342 2.34288 -11.3256 -1.44307 10.3804 3.91091 -5.84516 -3.3645 4.92193 -10.3679 -3.81265 2.75662 1.27725 -3.71191 2.07224
52.16 1.82223 -11.5084 3.06514 7.77455 3.32715 -6.6577 -4.64182 0.0920031 -8.58514 -5.63468 5.26003 0.378097 -3.59514 2.21807 -5.87672 -7.28743 -4.547 -1.57344 -1.4346 -1.69222 -0.791032 -8.6314 -7.13233 -2.88458 -2.08445 -0.380053 -1.02717 -6.6411 -4.78992 -8.84122 0.279962 4.95774 2.78963 -4.19254 -9.80552 1.96132 -11.3209 -1.29 10.1824 4.063 -5.66821 -4.26106 5.25119 -10.6732 -3.47738 3.10243 1.51012 -4.3021 1.61449
52.21 1.62309 -11.5276 3.25187 7.40068 3.43351 -6.54494 -5.45164 1.1006 -9.04365 -5.24526 5.93721 0.817367 -4.01413 1.86075 -5.48148 -7.30102 -4.70922 -1.09616 -1.42655 -1.86153 0.0416508 -8.50386 -7.14395 -3.16175 -2.48404 -0.566404 -0.841632 -6.14401 -5.68486 -8.30246 0.143767 4.09926 2.32066 -3.98288 -9.80518 1.56254 -11.3047 -1.13702 9.77624 4.18627 -5.49647 -5.22782 5.37169 -10.9457 -3.16677 3.46615 1.71586 -4.83587 1.15292
52.26 1.36021 -11.5264 3.40189 6.96146 3.511 -6.37501 -6.26377 1.92068 -9.45399 -4.8279 6.59988 1.22562 -4.48161 1.42744 -5.07638 -7.3173 -4.9077 -0.629916 -1.39796 -2.01995 0.834639 -8.32698 -7.16078 -3.39974 -2.79709 -0.734765 -0.762038 -5.64957 -6.47162 -7.89392 -0.138996 3.18564 1.87193 -3.7198 -9.69525 1.14839 -11.2755 -0.975489 9.25322 4.27481 -5.33137 -6.17388 5.32002 -11.1907 -2.87695 3.83544 1.9012 -5.30598 0.695501
52.31 1.03598 -11.5043 3.52166 6.51632 3.55873 -6.17593 -7.03971 2.56004 -9.8062 -4.42433 7.23988 1.59337 -4.94435 0.948534 -4.6575 -7.33932 -5.13038 -0.16957 -1.34914 -2.16615 1.54415 -8.10752 -7.18009 -3.5996 -3.01556 -0.886194 -0.778448 -5.15169 -7.14725 -7.60418 -0.515614 2.28264 1.4548 -3.39783 -9.48138 0.715572 -11.2294 -0.79748 8.70611 4.32519 -5.17283 -7.03226 5.13122 -11.4121 -2.60526 4.19602 2.07086 -5.71218 0.244245
52.36 0.658152 -11.458 3.61631 6.09448 3.57594 -5.96839 -7.75908 3.0457 -10.1068 -4.04866 7.84725 1.92565 -5.36728 0.44897 -4.21849 -7.37167 -5.35642 0.300686 -1.2786 -2.30081 2.15029 -7.84851 -7.20001 -3.7647 -3.12839 -1.02087 -0.866712 -4.64051 -7.69898 -7.40686 -0.932623 1.42472 1.07551 -3.02346 -9.17457 0.255535 -11.158 -0.598327 8.17669 4.33438 -5.02051 -7.77636 4.83879 -11.6129 -2.35047 4.53558 2.22797 -6.05863 -0.203492
52.41 0.23102 -11.3801 3.68968 5.70326 3.56024 -5.76324 -8.41485 3.39887 -10.3637 -3.70155 8.41114 2.22959 -5.73363 -0.0571677 -3.74635 -7.42171 -5.5632 0.801364 -1.18206 -2.42694 2.64694 -7.55287 -7.21918 -3.90024 -3.12237 -1.13813 -1.00096 -4.10317 -8.11722 -7.27631 -1.35537 0.626152 0.73573 -2.61487 -8.79198 -0.247565 -11.0467 -0.379004 7.67172 4.29654 -4.87409 -8.40041 4.47437 -11.7952 -2.11249 4.84424 2.37445 -6.35182 -0.654695
52.46 -0.251401 -11.2571 3.74419 5.33867 3.50586 -5.56401 -9.0063 3.63512 -10.5834 -3.37894 8.92167 2.511 -6.03711 -0.566432 -3.21634 -7.50218 -5.72851 1.35224 -1.05083 -2.55052 3.03367 -7.22566 -7.23674 -4.0127 -2.98603 -1.23657 -1.1612 -3.52541 -8.40067 -7.19275 -1.76665 -0.10617 0.433433 -2.1959 -8.35453 -0.821877 -10.8704 -0.147099 7.18295 4.19989 -4.73312 -8.90541 4.06692 -11.9609 -1.89181 5.11274 2.5113 -6.59889 -1.1218
52.51 -0.811942 -11.0654 3.78032 4.99064 3.40114 -5.36956 -9.53464 3.76679 -10.7707 -3.07585 9.3696 2.77389 -6.27485 -1.08579 -2.58548 -7.63642 -5.82781 1.9647 -0.868782 -2.68191 3.3106 -6.87417 -7.25229 -4.10957 -2.71864 -1.31436 -1.33452 -2.89492 -8.55765 -7.14238 -2.15871 -0.768069 0.164535 -1.78926 -7.88292 -1.51404 -10.5892 0.0833191 6.69532 4.02341 -4.59621 -9.29453 3.64179 -12.1111 -1.68878 5.32939 2.63874 -6.80663 -1.6257
52.56 -1.49689 -10.7661 3.79506 4.64381 3.22542 -5.17513 -10.0003 3.80377 -10.9284 -2.78775 9.74333 3.02059 -6.44214 -1.63454 -1.78911 -7.86415 -5.82879 2.63423 -0.609434 -2.8394 3.47408 -6.50654 -7.2659 -4.19979 -2.34046 -1.3698 -1.51304 -2.2035 -8.60542 -7.11616 -2.52642 -1.35675 -0.075594 -1.4135 -7.39449 -2.3741 -10.1562 0.290106 6.18732 3.74027 -4.4596 -9.57215 3.22006 -12.2467 -1.50287 5.47491 2.75614 -6.98103 -2.19924
52.61 -2.36271 -10.3113 3.77727 4.27477 2.9516 -4.97122 -10.4 3.75238 -11.0579 -2.51048 10.0231 3.25193 -6.52928 -2.24753 -0.786278 -8.22366 -5.69348 3.34193 -0.248106 -3.0541 3.51188 -6.12988 -7.27816 -4.29504 -1.89119 -1.40208 -1.69123 -1.44514 -8.56715 -7.10812 -2.86401 -1.86993 -0.291183 -1.08519 -6.9017 -3.36959 -9.57525 0.436868 5.62719 3.347 -4.3149 -9.74285 2.81743 -12.368 -1.33184 5.51406 2.86174 -7.12702 -2.88029
52.66 -3.38705 -9.70036 3.69755 3.84666 2.57534 -4.74116 -10.7234 3.61284 -11.1604 -2.23911 10.1716 3.46709 -6.52646 -2.96857 0.302597 -8.67796 -5.41449 4.06574 0.189671 -3.36217 3.40544 -5.74778 -7.29012 -4.41087 -1.41331 -1.41156 -1.86428 -0.628838 -8.46636 -7.1132 -3.16525 -2.30503 -0.485629 -0.823602 -6.41177 -4.35425 -8.95028 0.471455 4.97326 2.8895 -4.14863 -9.8105 2.44182 -12.4753 -1.17097 5.39225 2.95216 -7.24843 -3.68421
52.71 -4.42202 -9.03899 3.50069 3.31037 2.14484 -4.46377 -10.9528 3.38064 -11.2388 -1.96662 10.1312 3.66309 -6.44007 -3.81994 1.27017 -9.12882 -5.04691 4.78907 0.632998 -3.76746 3.15115 -5.35831 -7.30339 -4.5621 -0.935465 -1.3994 -2.02797 0.197179 -8.32112 -7.12658 -3.42585 -2.65836 -0.661385 -0.650441 -5.92639 -5.23909 -8.39584 0.351076 4.19799 2.41992 -3.94543 -9.7783 2.09249 -12.5683 -1.01303 5.06968 3.02224 -7.34791 -4.5841
52.76 -5.37328 -8.44944 3.12877 2.63589 1.71528 -4.12424 -11.0697 3.05558 -11.2968 -1.68439 9.86732 3.8348 -6.29586 -4.77455 2.04549 -9.52684 -4.65742 5.50323 1.04041 -4.22889 2.77369 -4.9564 -7.32031 -4.75233 -0.466279 -1.36662 -2.17942 0.972164 -8.1412 -7.14458 -3.64496 -2.92439 -0.819995 -0.578987 -5.44189 -6.02434 -7.96215 0.0786502 3.32878 1.96602 -3.69163 -9.64913 1.76255 -12.6465 -0.849261 4.58503 3.06682 -7.42708 -5.51122
52.81 -6.24216 -7.98793 2.57084 1.85839 1.31341 -3.72155 -11.0623 2.64827 -11.3376 -1.38544 9.43736 3.97704 -6.12239 -5.75637 2.64586 -9.86766 -4.28209 6.20317 1.40554 -4.69533 2.3104 -4.53642 -7.34428 -4.9701 0.00190119 -1.3131 -2.31774 1.65768 -7.92911 -7.1648 -3.82487 -3.09487 -0.962145 -0.603508 -4.95025 -6.71407 -7.64795 -0.298793 2.43357 1.54127 -3.37965 -9.42679 1.4423 -12.709 -0.671057 4.0355 3.0834 -7.48696 -6.38635
52.86 -7.03632 -7.65514 1.87789 1.05178 0.948121 -3.2688 -10.9304 2.17781 -11.3624 -1.06773 8.94935 4.08741 -5.93969 -6.68596 3.0985 -10.1586 -3.93255 6.88155 1.73452 -5.1302 1.79504 -4.09044 -7.38056 -5.19448 0.485842 -1.23671 -2.44438 2.23759 -7.6838 -7.18561 -3.97022 -3.15846 -1.0877 -0.702271 -4.44012 -7.29496 -7.43019 -0.725825 1.56585 1.15303 -3.01294 -9.11894 1.12145 -12.7539 -0.47225 3.49363 3.07235 -7.52847 -7.16165
52.91 -7.74701 -7.42681 1.125 0.270054 0.620655 -2.78915 -10.685 1.66536 -11.3704 -0.735572 8.47276 4.16587 -5.75865 -7.52358 3.42394 -10.4073 -3.60928 7.52826 2.03525 -5.51343 1.25272 -3.60339 -7.43774 -5.40137 1.0056 -1.13211 -2.5634 2.70769 -7.40475 -7.20581 -4.08712 -3.10228 -1.19575 -0.849478 -3.898 -7.751 -7.28323 -1.16375 0.75186 0.804053 -2.60712 -8.73921 0.790036 -12.7781 -0.251334 2.98738 3.03501 -7.55249 -7.81998
52.96 -8.35858 -7.27511 0.37183 -0.459905 0.328421 -2.30835 -10.3454 1.12768 -11.3577 -0.398547 8.02995 4.21229 -5.58386 -8.25956 3.63733 -10.62 -3.3091 8.13325 2.31424 -5.83522 0.700404 -3.04699 -7.53111 -5.56566 1.57844 -0.988781 -2.6821 3.06816 -7.09448 -7.22455 -4.18271 -2.91743 -1.28475 -1.02427 -3.31035 -8.07339 -7.18615 -1.59301 0.00331327 0.493163 -2.18482 -8.30586 0.437661 -12.7764 -0.0122503 2.52039 2.97191 -7.55957 -8.35776
53.01 -8.8511 -7.17718 -0.351399 -1.12584 0.067154 -1.84803 -9.93417 0.571468 -11.3159 -0.0684124 7.61899 4.2243 -5.41647 -8.89334 3.75048 -10.8007 -3.02845 8.68818 2.57614 -6.08952 0.147841 -2.37253 -7.68852 -5.65836 2.21062 -0.78771 -2.81295 3.31858 -6.75872 -7.2414 -4.26512 -2.60925 -1.35287 -1.21316 -2.66689 -8.26342 -7.12373 -2.00589 -0.673919 0.216697 -1.76812 -7.83814 0.0503427 -12.7401 0.23695 2.08773 2.88152 -7.54943 -8.776
53.06 -9.19922 -7.11637 -1.04135 -1.72268 -0.16766 -1.42268 -9.4731 -0.0110823 -11.2303 0.243763 7.22693 4.19536 -5.25592 -9.42295 3.7721 -10.952 -2.76456 9.18608 2.82399 -6.26854 -0.402664 -1.51383 -7.95359 -5.64201 2.89212 -0.500201 -2.97786 3.45328 -6.40493 -7.25633 -4.34419 -2.20491 -1.39871 -1.40842 -1.9608 -8.33278 -7.08554 -2.3989 -1.27649 -0.0298803 -1.37367 -7.35284 -0.396252 -12.6544 0.48661 1.68288 2.75875 -7.52021 -9.07806
53.11 -9.37461 -7.0813 -1.71288 -2.24908 -0.380031 -1.0402 -8.98107 -0.647366 -11.0749 0.528807 6.83483 4.11216 -5.10076 -9.84162 3.70638 -11.0753 -2.51581 9.61954 3.0595 -6.36052 -0.957887 -0.464544 -8.35066 -5.48048 3.60225 -0.110899 -3.21178 3.45707 -6.03987 -7.26983 -4.43301 -1.74619 -1.4219 -1.60525 -1.18773 -8.30195 -7.06475 -2.76824 -1.80199 -0.250878 -1.01163 -6.86235 -0.950271 -12.4917 0.727628 1.30024 2.59185 -7.46704 -9.26917
53.16 -9.35711 -7.06459 -2.38681 -2.70561 -0.573193 -0.703951 -8.47316 -1.39046 -10.8071 0.778364 6.41956 3.95091 -4.9486 -10.1383 3.55249 -11.1719 -2.28143 9.9775 3.28327 -6.35835 -1.53705 0.602057 -8.81369 -5.18413 4.32077 0.334608 -3.5456 3.31313 -5.66651 -7.28291 -4.54808 -1.27148 -1.42318 -1.79964 -0.367045 -8.19588 -7.05743 -3.10817 -2.2478 -0.44984 -0.686883 -6.37381 -1.70772 -12.1997 0.95228 0.935158 2.35652 -7.37864 -9.35499
53.21 -9.15765 -7.06188 -3.07235 -3.0939 -0.749589 -0.415623 -7.96062 -2.30561 -10.3725 0.980573 5.95466 3.67924 -4.79478 -10.3019 3.31082 -11.2455 -2.06078 10.24 3.49473 -6.27521 -2.17598 1.50782 -9.25147 -4.81861 5.03381 0.768376 -3.96771 3.0274 -5.28281 -7.29725 -4.70207 -0.802698 -1.40382 -1.98744 0.444309 -8.03714 -7.06217 -3.41175 -2.61018 -0.629366 -0.401167 -5.88873 -2.80637 -11.7017 1.15305 0.58243 2.01741 -7.22934 -9.33678
53.26 -8.83633 -7.07059 -3.75088 -3.4163 -0.910982 -0.179001 -7.45116 -3.37147 -9.7665 1.11087 5.40888 3.28825 -4.62999 -10.3295 2.99137 -11.2999 -1.85219 10.3685 3.69186 -6.13997 -2.92049 2.2207 -9.63246 -4.44293 5.73406 1.16185 -4.42972 2.63276 -4.88459 -7.3153 -4.89407 -0.342679 -1.36471 -2.16447 1.19025 -7.83853 -7.07888 -3.67245 -2.88327 -0.791112 -0.155504 -5.4033 -4.20372 -11.0008 1.31851 0.235857 1.5851 -6.97298 -9.20611
53.31 -8.47522 -7.088 -4.38252 -3.67541 -1.05858 -0.00468382 -6.9492 -4.42647 -9.10174 1.12576 4.74525 2.82746 -4.4397 -10.2321 2.61142 -11.3381 -1.6517 10.3031 3.87051 -5.97967 -3.79301 2.76611 -9.9581 -4.08462 6.41559 1.51421 -4.88378 2.16939 -4.46703 -7.3407 -5.10935 0.119367 -1.30542 -2.32741 1.83988 -7.60124 -7.10541 -3.88639 -3.05834 -0.935822 0.0468608 -4.90951 -5.5772 -10.2454 1.42848 -0.108345 1.14577 -6.57277 -8.9565
53.36 -8.12596 -7.11068 -4.93333 -3.87328 -1.19319 0.0898392 -6.45596 -5.37311 -8.50674 0.983031 3.94576 2.35458 -4.20812 -10.0292 2.18763 -11.3615 -1.45272 10.0067 4.02423 -5.81171 -4.76387 3.17032 -10.2363 -3.75128 7.07025 1.83268 -5.29913 1.67036 -4.02196 -7.37894 -5.32605 0.601291 -1.22339 -2.4752 2.38177 -7.32309 -7.13743 -4.05462 -3.1236 -1.06336 0.198313 -4.39604 -6.74231 -9.54726 1.45413 -0.451658 0.754595 -6.04323 -8.60247
53.41 -7.79745 -7.13594 -5.38977 -4.01029 -1.31523 0.0910816 -5.9695 -6.21711 -8.03934 0.681402 3.05451 1.89886 -3.92214 -9.73894 1.73216 -11.3699 -1.24709 9.53831 4.14635 -5.6449 -5.7532 3.45279 -10.4745 -3.44222 7.68915 2.12478 -5.66011 1.15783 -3.53308 -7.43914 -5.52073 1.12302 -1.11271 -2.61042 2.81401 -7.00706 -7.17121 -4.18276 -3.06606 -1.17275 0.287316 -3.84935 -7.68399 -8.95016 1.36639 -0.79773 0.420291 -5.43523 -8.17388
53.46 -7.47668 -7.16211 -5.75426 -4.08392 -1.42479 0.00294465 -5.4845 -6.96649 -7.7011 0.268466 2.14847 1.47392 -3.5758 -9.3736 1.2515 -11.3607 -1.02699 9.00841 4.23262 -5.48281 -6.67836 3.62833 -10.6781 -3.15435 8.26506 2.39646 -5.95946 0.644297 -2.97002 -7.53762 -5.6691 1.7007 -0.962083 -2.74021 3.13778 -6.66189 -7.20453 -4.2792 -2.8774 -1.26232 0.303152 -3.25599 -8.42999 -8.47047 1.15421 -1.15218 0.135969 -4.80292 -7.70176
53.51 -7.14753 -7.18814 -6.03692 -4.08764 -1.52152 -0.15315 -4.99203 -7.61126 -7.46828 -0.193943 1.27837 1.08687 -3.17521 -8.94339 0.746073 -11.3281 -0.787553 8.4859 4.2805 -5.32646 -7.49816 3.70867 -10.8509 -2.88464 8.79282 2.65193 -6.19207 0.134728 -2.28143 -7.704 -5.74235 2.33868 -0.751343 -2.87812 3.35289 -6.29856 -7.23647 -4.35385 -2.56435 -1.33012 0.243586 -2.60586 -9.00952 -8.10605 0.83717 -1.51613 -0.108222 -4.18758 -7.21047
53.56 -6.79912 -7.21335 -6.25022 -4.01019 -1.60452 -0.349925 -4.47945 -8.13862 -7.31318 -0.660366 0.466521 0.739883 -2.73889 -8.46107 0.20876 -11.2609 -0.529384 7.99102 4.28591 -5.17571 -8.20244 3.70232 -10.9952 -2.63103 9.26811 2.89395 -6.3501 -0.372084 -1.40174 -7.98259 -5.70274 3.02497 -0.45146 -3.04811 3.45312 -5.92683 -7.26703 -4.41839 -2.15527 -1.37458 0.118593 -1.89211 -9.44489 -7.84069 0.45574 -1.87938 -0.321191 -3.61602 -6.71585
53.61 -6.42767 -7.23747 -6.40642 -3.83659 -1.67222 -0.564712 -3.93151 -8.54084 -7.21298 -1.10745 -0.276605 0.431177 -2.2917 -7.94211 -0.379387 -11.1388 -0.259387 7.51998 4.23993 -5.02999 -8.7918 3.61282 -11.112 -2.39257 9.68552 3.12413 -6.42169 -0.883601 -0.341168 -8.39021 -5.51687 3.73789 -0.0520378 -3.28686 3.42262 -5.55271 -7.29687 -4.48762 -1.69132 -1.39512 -0.0536474 -1.11161 -9.75075 -7.65265 0.0503381 -2.22153 -0.509716 -3.1032 -6.22604
53.66 -6.03481 -7.26069 -6.51635 -3.55347 -1.72233 -0.78307 -3.33481 -8.81719 -7.15122 -1.5269 -0.944199 0.156727 -1.85715 -7.40194 -1.05732 -10.9275 0.0102017 7.05858 4.12484 -4.88813 -9.26907 3.43865 -11.2028 -2.16915 10.0362 3.34306 -6.40123 -1.41578 0.71273 -8.85177 -5.20265 4.457 0.394981 -3.62258 3.24619 -5.17592 -7.32724 -4.57905 -1.20819 -1.39211 -0.254049 -0.28852 -9.93555 -7.52142 -0.351144 -2.51913 -0.678334 -2.65478 -5.74266
53.71 -5.62451 -7.28382 -6.58887 -3.16072 -1.75202 -0.997625 -2.68719 -8.97423 -7.11696 -1.91721 -1.53049 -0.0880789 -1.45347 -6.85277 -1.88743 -10.5741 0.262259 6.58535 3.91147 -4.74759 -9.63711 3.18047 -11.2712 -1.96072 10.3042 3.55032 -6.30412 -1.99779 1.59745 -9.28148 -4.82806 5.16849 0.824836 -4.03816 2.93353 -4.7897 -7.36016 -4.70495 -0.723749 -1.36614 -0.467758 0.517855 -10.004 -7.43059 -0.734503 -2.75082 -0.829686 -2.26974 -5.26144
53.76 -5.20008 -7.30848 -6.63052 -2.68139 -1.75846 -1.20526 -2.00637 -9.0252 -7.10327 -2.27797 -2.0291 -0.307372 -1.09458 -6.3018 -2.90166 -10.0392 0.470724 6.0686 3.57467 -4.60244 -9.89805 2.84938 -11.3209 -1.76645 10.4592 3.74421 -6.15963 -2.67339 2.29208 -9.65359 -4.44881 5.86472 1.21345 -4.48378 2.51945 -4.38398 -7.39895 -4.86315 -0.236581 -1.31694 -0.685856 1.25363 -9.95951 -7.368 -1.09538 -2.89782 -0.964948 -1.94337 -4.77306
53.81 -4.76159 -7.33746 -6.64512 -2.15263 -1.73929 -1.40461 -1.32482 -8.98789 -7.10506 -2.60727 -2.43156 -0.504295 -0.795087 -5.75028 -3.98343 -9.38555 0.592599 5.46329 3.13962 -4.44149 -10.0526 2.46417 -11.3545 -1.58361 10.4489 3.92119 -5.99375 -3.47895 2.82279 -9.97101 -4.08952 6.53911 1.56162 -4.91355 2.0439 -3.94638 -7.44919 -5.03761 0.267422 -1.24213 -0.904983 1.8901 -9.8063 -7.32498 -1.43505 -2.9429 -1.08417 -1.66945 -4.26462
53.86 -4.30358 -7.37533 -6.63326 -1.60243 -1.69213 -1.59473 -0.673631 -8.88089 -7.11725 -2.90233 -2.72603 -0.680826 -0.574482 -5.19305 -4.97974 -8.75261 0.575045 4.72835 2.66916 -4.25016 -10.1008 2.0422 -11.3731 -1.40688 10.2191 4.07531 -5.8227 -4.40537 3.2143 -10.2417 -3.75636 7.18336 1.87672 -5.29888 1.53902 -3.45846 -7.52061 -5.20457 0.806868 -1.13578 -1.1265 2.4163 -9.55044 -7.29549 -1.75755 -2.87125 -1.18652 -1.44171 -3.7216
53.91 -3.81211 -7.42969 -6.59127 -1.0371 -1.61301 -1.77539 -0.0731521 -8.71959 -7.13542 -3.16142 -2.89669 -0.837744 -0.452211 -4.61808 -5.86148 -8.23028 0.391176 3.87573 2.20428 -4.01421 -10.0433 1.59463 -11.3763 -1.22879 9.78853 4.19924 -5.65439 -5.38693 3.48444 -10.4724 -3.44809 7.78907 2.16611 -5.62475 1.02595 -2.88903 -7.63085 -5.33618 1.39658 -0.986125 -1.35636 2.82902 -9.20045 -7.27537 -2.06805 -2.67624 -1.27059 -1.25448 -3.13084
53.96 -3.25964 -7.51405 -6.50906 -0.444631 -1.49367 -1.94823 0.465409 -8.51379 -7.15658 -3.385 -2.9247 -0.974677 -0.434204 -4.00663 -6.64063 -7.84032 0.0667099 2.97496 1.76336 -3.72283 -9.88242 1.12591 -11.361 -1.04115 9.25807 4.28708 -5.49181 -6.33304 3.64604 -10.6682 -3.16139 8.3496 2.43544 -5.88206 0.516121 -2.18652 -7.81157 -5.39924 2.03904 -0.772149 -1.60665 3.12568 -8.76744 -7.26177 -2.37247 -2.36908 -1.33493 -1.10294 -2.48328
54.01 -2.59566 -7.65391 -6.3659 0.194275 -1.31719 -2.11885 0.934366 -8.26828 -7.17876 -3.57625 -2.79451 -1.09025 -0.506514 -3.33531 -7.31243 -7.5667 -0.340473 2.08876 1.3562 -3.37367 -9.6238 0.63365 -11.3211 -0.836971 8.71471 4.3349 -5.33554 -7.18449 3.70763 -10.8321 -2.89316 8.8602 2.68871 -6.06119 0.0132007 -1.29056 -8.10726 -5.35311 2.72133 -0.46532 -1.89987 3.29839 -8.26469 -7.25285 -2.6783 -1.98285 -1.37878 -0.983067 -1.77243
54.06 -1.73859 -7.89503 -6.12322 0.890442 -1.05281 -2.30083 1.32308 -7.98576 -7.20057 -3.74165 -2.5092 -1.18256 -0.64349 -2.58136 -7.86388 -7.38197 -0.777667 1.24786 0.987697 -2.97675 -9.27934 0.107413 -11.2448 -0.613208 8.19233 4.33795 -5.18526 -7.92073 3.67239 -10.9657 -2.64131 9.31656 2.92846 -6.15052 -0.485597 -0.23263 -8.52654 -5.16731 3.42262 -0.0614663 -2.27028 3.33032 -7.706 -7.24749 -2.99639 -1.56167 -1.40258 -0.89136 -0.996381
54.11 -0.633656 -8.28239 -5.72628 1.63254 -0.670133 -2.52272 1.60975 -7.66975 -7.221 -3.89228 -2.1061 -1.25024 -0.81986 -1.73076 -8.28546 -7.26105 -1.21308 0.465148 0.658342 -2.55257 -8.86696 -0.475322 -11.1113 -0.372854 7.6924 4.28671 -5.04023 -8.53858 3.5389 -11.0717 -2.40484 9.71294 3.15612 -6.14716 -0.989648 0.789976 -8.98848 -4.86562 4.12403 0.38217 -2.7407 3.20734 -7.10242 -7.24527 -3.34013 -1.1439 -1.40793 -0.824656 -0.183389
54.16 0.560176 -8.76566 -5.15311 2.39021 -0.202273 -2.82516 1.75831 -7.32423 -7.23942 -4.04548 -1.64705 -1.29351 -1.01701 -0.801618 -8.57495 -7.18507 -1.63242 -0.253007 0.365371 -2.12536 -8.40738 -1.15689 -10.8847 -0.125674 7.20183 4.16265 -4.89917 -9.03958 3.30897 -11.1541 -2.18341 10.04 3.37206 -6.06885 -1.51717 1.63341 -9.41402 -4.51297 4.81455 0.804513 -3.28963 2.94075 -6.46327 -7.24658 -3.71654 -0.752454 -1.39684 -0.780046 0.606582
54.21 1.58475 -9.23263 -4.45756 3.13287 0.266833 -3.22529 1.73957 -6.95143 -7.25557 -4.22142 -1.18438 -1.31437 -1.22322 0.134466 -8.73841 -7.1412 -2.03033 -0.903093 0.104384 -1.71709 -7.91949 -2.00002 -10.5118 0.111213 6.69845 3.93613 -4.75931 -9.42606 2.99558 -11.2171 -1.97677 10.281 3.57562 -5.94431 -2.09976 2.28734 -9.78155 -4.1577 5.49256 1.18486 -3.86704 2.56537 -5.80252 -7.25306 -4.11714 -0.394833 -1.37083 -0.754999 1.32305
54.26 2.33556 -9.63843 -3.69955 3.84561 0.692232 -3.69546 1.55589 -6.55389 -7.26963 -4.43238 -0.738104 -1.31561 -1.43134 0.99567 -8.78986 -7.12111 -2.40357 -1.48296 -0.129271 -1.34631 -7.41726 -3.02367 -9.96041 0.309073 6.14893 3.58563 -4.61445 -9.70001 2.62081 -11.2635 -1.78389 10.4039 3.76477 -5.79776 -2.78214 2.78019 -10.0944 -3.82009 6.1591 1.52505 -4.42738 2.12069 -5.13801 -7.26828 -4.52016 -0.0694421 -1.32988 -0.747679 1.94089
54.31 2.77984 -9.98347 -2.89384 4.52674 1.0669 -4.18913 1.23609 -6.13733 -7.28234 -4.67637 -0.301014 -1.29959 -1.63636 1.72388 -8.74917 -7.11857 -2.74774 -1.99023 -0.339702 -1.03183 -6.90954 -4.0959 -9.30621 0.420999 5.50739 3.14279 -4.45331 -9.86253 2.20697 -11.295 -1.60192 10.3549 3.93554 -5.64412 -3.59691 3.13812 -10.3605 -3.505 6.81001 1.83287 -4.94052 1.63941 -4.48007 -7.29881 -4.89917 0.228749 -1.27146 -0.75745 2.45236
54.36 2.91308 -10.2767 -2.03305 5.17637 1.39716 -4.66724 0.817793 -5.70962 -7.29502 -4.94034 0.143727 -1.26755 -1.83418 2.28062 -8.63764 -7.12769 -3.05779 -2.42089 -0.530112 -0.796151 -6.40115 -5.07489 -8.68648 0.393197 4.73712 2.66945 -4.26161 -9.91476 1.76917 -11.3116 -1.42555 10.0852 4.0815 -5.49084 -4.52785 3.38111 -10.5869 -3.2114 7.43534 2.11591 -5.38916 1.1444 -3.81819 -7.35596 -5.2286 0.505489 -1.18926 -0.785686 2.85809
54.41 2.81558 -10.5261 -1.14005 5.78992 1.69168 -5.10592 0.335158 -5.27722 -7.30967 -5.20707 0.60429 -1.21961 -2.02166 2.65004 -8.47278 -7.14364 -3.33007 -2.76871 -0.702713 -0.65926 -5.89351 -5.94 -8.18188 0.202645 3.85901 2.20316 -4.02518 -9.85875 1.31395 -11.3113 -1.24748 9.62601 4.19502 -5.34094 -5.50332 3.52514 -10.7791 -2.93686 8.02407 2.38 -5.76381 0.649269 -3.10819 -7.46001 -5.483 0.76651 -1.07046 -0.837277 3.16138
54.46 2.63767 -10.7382 -0.281519 6.35859 1.95798 -5.49381 -0.185847 -4.84193 -7.32904 -5.46033 1.07569 -1.15512 -2.19711 2.85207 -8.26536 -7.16315 -3.5636 -3.02514 -0.858745 -0.625589 -5.3844 -6.70069 -7.80823 -0.121123 2.94448 1.76115 -3.73311 -9.69786 0.84042 -11.2895 -1.05967 9.08003 4.26994 -5.19539 -6.43406 3.58342 -10.9406 -2.67934 8.56754 2.62916 -6.05724 0.159859 -2.24815 -7.65132 -5.63024 1.0179 -0.888913 -0.924238 3.36399
54.51 2.4793 -10.9181 0.484351 6.87171 2.20183 -5.82746 -0.728206 -4.39901 -7.35705 -5.68682 1.55541 -1.07267 -2.36077 2.93282 -8.01992 -7.18407 -3.76023 -3.17926 -0.998545 -0.679659 -4.86739 -7.3499 -7.54732 -0.520739 2.05161 1.35304 -3.38301 -9.4387 0.340389 -11.2374 -0.855393 8.52639 4.30143 -5.05443 -7.26595 3.56563 -11.0724 -2.43776 9.05955 2.86597 -6.25816 -0.324389 -1.05528 -8.00209 -5.62082 1.26738 -0.598111 -1.07492 3.46034
54.56 2.35987 -11.0706 1.13682 7.31731 2.42727 -6.1074 -1.28347 -3.93585 -7.39967 -5.87571 2.05271 -0.969177 -2.5151 2.93664 -7.73819 -7.20487 -3.92426 -3.2181 -1.12161 -0.7955 -4.33167 -7.8748 -7.37184 -0.94647 1.2076 0.983739 -2.98509 -9.09353 -0.203764 -11.1391 -0.63201 7.9927 4.28262 -4.91812 -7.98101 3.475 -11.1734 -2.21206 9.49445 3.09187 -6.34847 -0.810101 0.510337 -8.52707 -5.41008 1.52462 -0.186251 -1.34461 3.43103
54.61 2.26612 -11.199 1.67973 7.68038 2.63667 -6.33519 -1.85145 -3.42978 -7.46699 -6.01648 2.58396 -0.838236 -2.6653 2.89169 -7.4227 -7.22449 -4.06177 -3.12891 -1.22667 -0.948406 -3.7632 -8.26756 -7.25759 -1.36885 0.424043 0.653747 -2.56024 -8.68037 -0.824855 -10.9669 -0.393406 7.4769 4.20011 -4.7862 -8.57651 3.30796 -11.2442 -2.00276 9.86445 3.30737 -6.32306 -1.31121 2.05138 -9.07253 -5.04895 1.79536 0.247078 -1.7765 3.26035
54.66 2.1818 -11.3059 2.12609 7.94025 2.83074 -6.51117 -2.44035 -2.8433 -7.57736 -6.09516 3.16328 -0.667557 -2.82057 2.81006 -7.07855 -7.24229 -4.18019 -2.90606 -1.31193 -1.12055 -3.14797 -8.52862 -7.18673 -1.77414 -0.292707 0.360296 -2.13343 -8.21994 -1.57799 -10.6753 -0.151449 6.96271 4.02963 -4.65738 -9.05387 3.06502 -11.2896 -1.81018 10.1566 3.51205 -6.21098 -1.85253 3.29553 -9.54834 -4.64132 2.07962 0.630481 -2.34094 2.96574
54.71 2.09363 -11.3923 2.49066 8.06914 3.00867 -6.63221 -3.06632 -2.11771 -7.76402 -6.08906 3.79255 -0.435287 -2.9968 2.69071 -6.71294 -7.25806 -4.28833 -2.56195 -1.37548 -1.30091 -2.47585 -8.66724 -7.14726 -2.15612 -0.938407 0.0990117 -1.7281 -7.7318 -2.5179 -10.2125 0.0714979 6.42297 3.74116 -4.52767 -9.41512 2.75879 -11.3152 -1.6337 10.347 3.70439 -6.05257 -2.47361 4.21395 -9.95576 -4.24433 2.37877 0.955824 -2.96944 2.58437
54.76 1.98888 -11.4583 2.78717 8.03664 3.16807 -6.68943 -3.74958 -1.18902 -8.07207 -5.96395 4.45792 -0.112749 -3.22117 2.51967 -6.33357 -7.27209 -4.39733 -2.13134 -1.41612 -1.48272 -1.73963 -8.70016 -7.13101 -2.51013 -1.51 -0.134702 -1.36598 -7.23162 -3.58784 -9.59547 0.236175 5.81715 3.33718 -4.38813 -9.66155 2.40849 -11.3252 -1.47093 10.3922 3.88138 -5.8769 -3.21761 4.83854 -10.3096 -3.87523 2.69749 1.23231 -3.6021 2.15224
54.81 1.85154 -11.5027 3.02747 7.82857 3.30534 -6.66984 -4.5015 -0.10227 -8.50213 -5.69584 5.13867 0.299543 -3.52966 2.27192 -5.9463 -7.28513 -4.52193 -1.6589 -1.43379 -1.66114 -0.93862 -8.64804 -7.13109 -2.83123 -2.00471 -0.344864 -1.07075 -6.73004 -4.61841 -8.94935 0.286849 5.0992 2.87386 -4.22515 -9.79385 2.03063 -11.3226 -1.31699 10.2343 4.03783 -5.6994 -4.09397 5.20894 -10.6214 -3.53512 3.0393 1.47089 -4.20084 1.69658
54.86 1.66309 -11.5257 3.22153 7.47412 3.41665 -6.57 -5.306 0.934101 -8.9647 -5.31837 5.81752 0.740723 -3.93436 1.93072 -5.55244 -7.29848 -4.67757 -1.18039 -1.42951 -1.83213 -0.105331 -8.53046 -7.1414 -3.11527 -2.41907 -0.534598 -0.86695 -6.23218 -5.53372 -8.38898 0.179852 4.25833 2.40308 -4.0238 -9.81336 1.63462 -11.3084 -1.16462 9.86033 4.16673 -5.52656 -5.05467 5.36387 -10.8993 -3.22043 3.40059 1.6809 -4.74542 1.23491
54.91 1.41167 -11.5281 3.37757 7.04138 3.49937 -6.40814 -6.12101 1.78872 -9.38529 -4.90192 6.48335 1.15595 -4.39741 1.50877 -5.14936 -7.31408 -4.8701 -0.712139 -1.40452 -1.99263 0.698713 -8.3617 -7.15753 -3.36024 -2.74803 -0.706057 -0.768638 -5.73759 -6.33941 -7.95728 -0.0800843 3.34896 1.94974 -3.77091 -9.72264 1.2233 -11.2818 -1.00524 9.35008 4.26176 -5.36026 -6.0106 5.34024 -11.1489 -2.92715 3.76996 1.86947 -5.22705 0.776453
54.96 1.09783 -11.5099 3.50231 6.59432 3.55243 -6.21244 -6.90538 2.45822 -9.74753 -4.49427 7.12805 1.53072 -4.86418 1.03586 -4.73328 -7.3348 -5.08985 -0.251683 -1.35935 -2.14102 1.4251 -8.14954 -7.17657 -3.5667 -2.98404 -0.860462 -0.769489 -5.24095 -7.03569 -7.64819 -0.444302 2.44068 1.52639 -3.45933 -9.52665 0.794273 -11.2392 -0.830638 8.80278 4.31913 -5.20058 -6.88748 5.17334 -11.3743 -2.65236 4.13307 2.04166 -5.64441 0.32417
55.01 0.729029 -11.4683 3.60111 6.16733 3.57518 -6.00535 -7.63561 2.96948 -10.0567 -4.11335 7.74203 1.86878 -5.29585 0.538623 -4.29855 -7.36488 -5.31695 0.215379 -1.29289 -2.27759 2.05035 -7.89739 -7.19649 -3.73765 -3.11661 -0.998143 -0.846949 -4.733 -7.61037 -7.43642 -0.857258 1.57333 1.14012 -3.09324 -9.23528 0.339984 -11.1731 -0.635362 8.26905 4.33596 -5.04718 -7.65267 4.89698 -11.5785 -2.39459 4.47714 2.20083 -6.00107 -0.123811
55.06 0.310733 -11.3968 3.67805 5.77073 3.56564 -5.79934 -8.30287 3.34496 -10.3208 -3.76139 8.31441 2.17728 -5.67292 0.0331089 -3.83371 -7.41104 -5.52879 0.709091 -1.20146 -2.4049 2.56661 -7.60798 -7.21587 -3.87801 -3.13272 -1.11859 -0.974688 -4.20136 -8.05273 -7.29562 -1.28064 0.763585 0.793367 -2.68905 -8.86471 -0.153837 -11.0704 -0.419263 7.76006 4.30714 -4.89974 -8.29812 4.54317 -11.764 -2.1536 4.79196 2.3491 -6.30322 -0.573672
55.11 -0.160757 -11.2831 3.73581 5.40199 3.51878 -5.59904 -8.90569 3.60105 -10.5468 -3.43478 8.83511 2.46237 -5.98783 -0.475399 -3.31652 -7.48479 -5.70314 1.24984 -1.07732 -2.52833 2.97286 -7.28591 -7.23376 -3.99405 -3.02009 -1.22051 -1.13143 -3.6318 -8.35984 -7.20487 -1.6947 0.019114 0.48466 -2.27017 -8.43545 -0.712639 -10.9081 -0.188755 7.26935 4.22219 -4.75785 -8.82412 4.1414 -11.9326 -1.9298 5.06835 2.48763 -6.55798 -1.03671
55.16 -0.704738 -11.106 3.7753 5.05197 3.42424 -5.40398 -9.44518 3.75053 -10.7396 -3.12858 9.29491 2.72833 -6.2375 -0.991943 -2.70779 -7.60706 -5.81626 1.85116 -0.905942 -2.65729 3.26942 -6.93815 -7.24967 -4.0931 -2.77523 -1.30211 -1.30311 -3.0114 -8.5383 -7.14937 -2.09057 -0.655553 0.210158 -1.85986 -7.96853 -1.37965 -10.6491 0.0432626 6.78287 4.06189 -4.6204 -9.23357 3.71775 -12.0855 -1.72363 5.29532 2.61676 -6.77226 -1.53202
55.21 -1.36312 -10.8295 3.79433 4.70635 3.26312 -5.21007 -9.92205 3.80377 -10.9024 -2.83812 9.68295 2.97781 -6.41789 -1.53339 -1.946 -7.81462 -5.83756 2.51162 -0.66265 -2.80827 3.45368 -6.5728 -7.2636 -4.18375 -2.41426 -1.36162 -1.48115 -2.33132 -8.60392 -7.11935 -2.463 -1.25743 -0.0347629 -1.4774 -7.48203 -2.2082 -10.2456 0.256403 6.28047 3.79929 -4.48419 -9.53068 3.29409 -12.2236 -1.53477 5.4555 2.73604 -6.9522 -2.09029
55.26 -2.19431 -10.405 3.78378 4.3435 3.00838 -5.00884 -10.334 3.76789 -11.0369 -2.55923 9.98156 3.21189 -6.52018 -2.13173 -0.977355 -8.15017 -5.72871 3.2142 -0.319758 -3.00994 3.5152 -6.19735 -7.27604 -4.27707 -1.97436 -1.39803 -1.65976 -1.58506 -8.57917 -7.10845 -2.80642 -1.78423 -0.254445 -1.13936 -6.98934 -3.18867 -9.68579 0.417345 5.7325 3.42347 -4.34179 -9.72011 2.88722 -12.3475 -1.36136 5.51714 2.84393 -7.10293 -2.75001
55.31 -3.19918 -9.81688 3.71843 3.92931 2.64817 -4.78498 -10.6721 3.64431 -11.144 -2.28726 10.1572 3.43008 -6.53358 -2.83078 0.113007 -8.59481 -5.4728 3.93658 0.109397 -3.29963 3.43549 -5.8162 -7.28795 -4.388 -1.49893 -1.4115 -1.83405 -0.776686 -8.48797 -7.11156 -3.11452 -2.23345 -0.452447 -0.864288 -6.49861 -4.18545 -9.05889 0.475847 5.09826 2.97298 -4.18049 -9.80585 2.50663 -12.4572 -1.19916 5.4282 2.93739 -7.22848 -3.53274
55.36 -4.24304 -9.15422 3.5472 3.41574 2.22261 -4.51743 -10.9198 3.42888 -11.2264 -2.01558 10.1547 3.62982 -6.46056 -3.65935 1.11185 -9.05188 -5.1155 4.66084 0.556141 -3.68968 3.20642 -5.42838 -7.30084 -4.53223 -1.01987 -1.4031 -1.99967 0.0523588 -8.34968 -7.12377 -3.38253 -2.60167 -0.631391 -0.673984 -6.01254 -5.08931 -8.48628 0.38444 4.34449 2.50288 -3.98495 -9.7912 2.15299 -12.5528 -1.04131 5.14131 3.0115 -7.33172 -4.41952
55.41 -5.21049 -8.54571 3.20916 2.7654 1.79015 -4.18946 -11.0577 3.11989 -11.2878 -1.73569 9.92938 3.80627 -6.3244 -4.60004 1.92114 -9.46032 -4.72633 5.37701 0.971075 -4.14506 2.84823 -5.02908 -7.3169 -4.71596 -0.549333 -1.37394 -2.15343 0.840025 -8.17558 -7.14115 -3.60893 -2.88375 -0.792979 -0.584252 -5.52837 -5.8914 -8.03012 0.1365 3.48739 2.04496 -3.74096 -9.67908 1.82027 -12.6337 -0.879235 4.67887 3.06091 -7.41442 -5.34801
55.46 -6.09294 -8.06018 2.68209 2.00096 1.38238 -3.79743 -11.0729 2.726 -11.3315 -1.44005 9.52104 3.95403 -6.15438 -5.5836 2.55052 -9.81089 -4.34714 6.07992 1.34343 -4.61381 2.39753 -4.61278 -7.3393 -4.93019 -0.0820238 -1.32421 -2.29405 1.54314 -7.96924 -7.16112 -3.79554 -3.07199 -0.938044 -0.592964 -5.03874 -6.59876 -7.69604 -0.226544 2.59202 1.61435 -3.43945 -9.47291 1.49904 -12.6991 -0.704154 4.13416 3.0825 -7.47767 -6.23703
55.51 -6.9007 -7.7059 2.00771 1.19464 1.01034 -3.3521 -10.9626 2.2652 -11.3592 -1.12553 9.03661 4.07012 -5.9723 -6.52663 3.02775 -10.1101 -3.99278 6.76282 1.67825 -5.05618 1.88935 -4.17226 -7.37288 -5.15512 0.39767 -1.25217 -2.42255 2.14238 -7.72994 -7.18192 -3.94662 -3.15554 -1.0666 -0.680441 -4.53285 -7.20031 -7.46308 -0.648195 1.71685 1.21927 -3.08165 -9.17946 1.17904 -12.7473 -0.50928 3.58783 3.07628 -7.52239 -7.03198
55.56 -7.62727 -7.46109 1.26036 0.405917 0.676253 -2.87532 -10.7362 1.75879 -11.3704 -0.795367 8.55532 4.15423 -5.79048 -7.38187 3.37459 -10.3659 -3.66502 7.41595 1.98348 -5.44952 1.35037 -3.69412 -7.42548 -5.36692 0.909618 -1.15317 -2.5425 2.63206 -7.45681 -7.2023 -4.06809 -3.12156 -1.17786 -0.820759 -3.99746 -7.67949 -7.30522 -1.08608 0.892177 0.863301 -2.68124 -8.81128 0.850234 -12.7755 -0.292161 3.07454 3.04354 -7.54947 -7.71161
55.61 -8.2578 -7.29761 0.504165 -0.33444 0.378035 -2.39296 -10.4118 1.22475 -11.3618 -0.458368 8.10619 4.20643 -5.61443 -8.13605 3.60698 -10.5845 -3.361 8.02902 2.26594 -5.78272 0.798911 -3.15293 -7.51083 -5.54073 1.47212 -1.01783 -2.66053 3.012 -7.15176 -7.22135 -4.16691 -2.95978 -1.27038 -0.991832 -3.41879 -8.02587 -7.20052 -1.51768 0.131447 0.545852 -2.26015 -8.38604 0.502447 -12.7789 -0.0558096 2.60081 2.98506 -7.55955 -8.27085
55.66 -8.77321 -7.19149 -0.225314 -1.01229 0.111593 -1.92772 -10.0116 0.671942 -11.326 -0.12615 7.69028 4.2249 -5.44573 -8.78805 3.73724 -10.7707 -3.07711 8.59339 2.53062 -6.04949 0.245996 -2.50413 -7.65402 -5.64864 2.094 -0.828916 -2.78797 3.2822 -6.82002 -7.23854 -4.25102 -2.6722 -1.34235 -1.17891 -2.78581 -8.23889 -7.13282 -1.93377 -0.558771 0.263584 -1.84104 -7.9231 0.122705 -12.7497 0.192284 2.16252 2.89977 -7.55255 -8.71018
55.71 -9.1491 -7.12504 -0.920483 -1.6216 -0.127615 -1.4954 -9.55792 0.0954402 -11.2497 0.189947 7.2961 4.20398 -5.28405 -9.33654 3.77468 -10.9272 -2.81039 9.10194 2.78081 -6.24267 -0.304673 -1.68246 -7.89656 -5.65478 2.76809 -0.558962 -2.94462 3.43831 -6.46889 -7.2538 -4.32983 -2.28211 -1.39222 -1.37343 -2.09135 -8.32844 -7.09091 -2.33055 -1.17481 0.0120188 -1.44172 -7.43988 -0.310753 -12.6743 0.442564 1.75316 2.78337 -7.52696 -9.03258
55.76 -9.35717 -7.08604 -1.59374 -2.16054 -0.343721 -1.10495 -9.07019 -0.528197 -11.1093 0.480421 6.9056 4.13183 -5.12807 -9.77568 3.72446 -11.0553 -2.55901 9.54752 3.01845 -6.35103 -0.858067 -0.659554 -8.27205 -5.52037 3.47473 -0.186474 -3.16336 3.46688 -6.10546 -7.26749 -4.41577 -1.82994 -1.41941 -1.57028 -1.32994 -8.31367 -7.06739 -2.70447 -1.7142 -0.213247 -1.07342 -6.94964 -0.840382 -12.5282 0.685723 1.36693 2.62565 -7.47863 -9.243
55.81 -9.37446 -7.06645 -2.26597 -2.6294 -0.540101 -0.76034 -8.56417 -1.24725 -10.8655 0.736971 6.4963 3.98675 -4.97562 -10.0949 3.58641 -11.1565 -2.32211 9.92003 3.24431 -6.36535 -1.43086 0.421001 -8.73125 -5.24409 4.19299 0.254647 -3.4787 3.34973 -5.73361 -7.28055 -4.52497 -1.3559 -1.4245 -1.7654 -0.51433 -8.21917 -7.05784 -3.05012 -2.17443 -0.415913 -0.74185 -6.46048 -1.55173 -12.2646 0.913809 0.999062 2.40502 -7.39782 -9.34725
55.86 -9.20439 -7.06146 -2.94991 -3.02969 -0.719335 -0.46333 -8.05179 -2.12878 -10.4637 0.948887 6.04233 3.73682 -4.82262 -10.2828 3.35995 -11.2339 -2.0991 10.2016 3.45806 -6.29471 -2.0558 1.36113 -9.17747 -4.88567 4.90768 0.693821 -3.8881 3.08739 -5.35203 -7.29451 -4.67164 -0.885352 -1.40873 -1.95469 0.30339 -8.06851 -7.06044 -3.36069 -2.55201 -0.59875 -0.44913 -5.97492 -2.58251 -11.8078 1.11948 0.644585 2.08624 -7.26222 -9.34789
55.91 -8.89863 -7.06831 -3.63232 -3.36363 -0.883295 -0.216978 -7.54137 -3.1774 -9.88304 1.09467 5.51356 3.36494 -4.66073 -10.3343 3.05318 -11.2915 -1.88858 10.3579 3.65797 -6.16654 -2.77865 2.10693 -9.5689 -4.50897 5.61061 1.09498 -4.3469 2.70914 -4.95672 -7.31167 -4.85764 -0.424267 -1.37311 -2.13392 1.06396 -7.87663 -7.07508 -3.62942 -2.84154 -0.76358 -0.196203 -5.49003 -3.94728 -11.1343 1.29241 0.297314 1.66519 -7.02864 -9.23811
55.96 -8.53947 -7.08442 -4.27529 -3.63382 -1.03328 -0.0304121 -7.03789 -4.24586 -9.2178 1.13376 4.87343 2.91163 -4.47615 -10.2577 2.68268 -11.3324 -1.68706 10.3316 3.84033 -6.00913 -3.62892 2.68003 -9.90384 -4.14663 6.296 1.45421 -4.80515 2.25528 -4.54304 -7.33543 -5.07026 0.0362444 -1.31753 -2.29953 1.73199 -7.64644 -7.10016 -3.85176 -3.03484 -0.911308 0.0142863 -4.99847 -5.34593 -10.3776 1.41416 -0.0471997 1.22119 -6.65456 -9.00927
56.01 -8.18643 -7.10639 -4.84207 -3.84249 -1.17016 0.0796251 -6.54315 -5.21271 -8.60404 1.02077 4.0969 2.43803 -4.253 -10.0721 2.26565 -11.3584 -1.48838 10.0751 3.99902 -5.84169 -4.58699 3.10777 -10.1899 -3.80876 6.95611 1.77812 -5.22888 1.76066 -4.10376 -7.37086 -5.28842 0.51317 -1.23986 -2.44995 2.29336 -7.37554 -7.13151 -4.02782 -3.12061 -1.04195 0.175565 -4.48945 -6.55185 -9.6649 1.45714 -0.390504 0.819983 -6.14488 -8.67188
56.06 -7.85486 -7.13134 -5.31547 -3.99042 -1.29442 0.0977864 -6.05577 -6.07373 -8.11263 0.745029 3.21627 1.978 -3.97742 -9.79638 1.81518 -11.3696 -1.28455 9.62912 4.12715 -5.6743 -5.57991 3.41072 -10.4348 -3.49558 7.58197 2.07443 -5.60022 1.24937 -3.62441 -7.42623 -5.48874 1.02643 -1.13492 -2.58703 2.74506 -7.06574 -7.16519 -4.16254 -3.08579 -1.15467 0.276588 -3.94971 -7.53161 -9.04806 1.39118 -0.735676 0.475861 -5.54665 -8.25418
56.11 -7.53397 -7.15744 -5.69572 -4.07569 -1.40622 0.024372 -5.57106 -6.84036 -7.75277 0.347243 2.30807 1.54691 -3.64177 -9.44368 1.33879 -11.3639 -1.0675 9.10338 4.22001 -5.51125 -6.52077 3.60435 -10.6442 -3.20418 8.16596 2.34939 -5.9109 0.735462 -3.07762 -7.5162 -5.64725 1.59339 -0.992566 -2.71702 3.08805 -6.72497 -7.19869 -4.26393 -2.92055 -1.24791 0.305945 -3.36552 -8.31015 -8.54713 1.2006 -1.08831 0.183354 -4.9152 -7.78778
56.16 -7.2073 -7.18355 -5.99205 -4.09253 -1.50528 -0.121627 -5.08074 -7.50477 -7.50327 -0.110355 1.42938 1.15283 -3.24978 -9.02419 0.838037 -11.3361 -0.831639 8.57703 4.27492 -5.35386 -7.36064 3.70091 -10.8223 -2.93142 8.7026 2.60751 -6.15583 0.225108 -2.41618 -7.66754 -5.73637 2.22106 -0.794492 -2.8521 3.32271 -6.36409 -7.2309 -4.34167 -2.62817 -1.31972 0.259408 -2.72603 -8.91745 -8.16307 0.899581 -1.45094 -0.0672758 -4.2945 -7.2985
56.21 -6.86279 -7.20894 -6.21677 -4.03055 -1.59081 -0.313039 -4.57281 -8.05378 -7.3362 -0.578345 0.606216 0.798748 -2.81807 -8.55005 0.307359 -11.2761 -0.576474 8.07706 4.28836 -5.20215 -8.08557 3.70955 -10.9716 -2.67504 9.18756 2.85177 -6.32794 -0.281843 -1.57415 -7.923 -5.71989 2.90022 -0.512504 -3.014 3.44427 -5.99327 -7.26167 -4.40704 -2.2333 -1.36842 0.14487 -2.02408 -9.37721 -7.88163 0.526412 -1.8156 -0.285239 -3.71374 -6.80368
56.26 -6.49545 -7.23326 -6.38229 -3.87521 -1.66138 -0.525915 -4.03229 -8.47854 -7.2276 -1.02979 -0.149696 0.483483 -2.37098 -8.03645 -0.269595 -11.1659 -0.307822 7.60261 4.25252 -5.0556 -8.69519 3.63486 -11.0931 -2.43392 9.61579 3.08399 -6.41575 -0.791649 -0.536361 -8.31053 -5.56084 3.61003 -0.128849 -3.23764 3.43849 -5.61939 -7.29156 -4.47418 -1.77613 -1.39321 -0.0204201 -1.25494 -9.70535 -7.68142 0.122812 -2.16323 -0.477722 -3.18982 -6.31272
56.31 -6.10613 -7.2566 -6.49974 -3.61216 -1.71482 -0.744345 -3.44491 -8.77702 -7.15995 -1.45437 -0.831164 0.203274 -1.93269 -7.49903 -0.927528 -10.9738 -0.0370648 7.14084 4.15155 -4.91318 -9.19219 3.47593 -11.1884 -2.20781 9.97924 3.30492 -6.41121 -1.31847 0.53512 -8.77033 -5.26509 4.32928 0.315322 -3.55583 3.28826 -5.24342 -7.32172 -4.56045 -1.29452 -1.39434 -0.217057 -0.435675 -9.91128 -7.54141 -0.280761 -2.47042 -0.649641 -2.72986 -5.82834
56.36 -5.69864 -7.27965 -6.57838 -3.23792 -1.74836 -0.959889 -2.80567 -8.9545 -7.1214 -1.84988 -1.43235 -0.0464823 -1.52241 -6.95077 -1.72575 -10.65 0.219659 6.67168 3.95813 -4.77271 -9.57948 3.23222 -11.2605 -1.99673 10.2636 3.51434 -6.32575 -1.88874 1.45443 -9.20907 -4.89622 5.04281 0.751131 -3.96046 2.99777 -4.85955 -7.35399 -4.67991 -0.809914 -1.37243 -0.429223 0.378285 -10.0002 -7.44439 -0.667887 -2.71526 -0.803943 -2.33381 -5.34728
56.41 -5.27659 -7.30387 -6.62515 -2.77139 -1.75913 -1.16889 -2.1286 -9.02313 -7.10443 -2.21599 -1.94711 -0.270054 -1.15459 -6.39985 -2.71072 -10.1467 0.438466 6.16561 3.64343 -4.62904 -9.85939 2.91283 -11.3133 -1.80008 10.4419 3.71081 -6.18754 -2.54426 2.18127 -9.59157 -4.51523 5.74219 1.14742 -4.40453 2.59873 -4.45812 -7.39141 -4.83321 -0.32401 -1.32746 -0.646933 1.12941 -9.97552 -7.3775 -1.03278 -2.87863 -0.942037 -1.99743 -4.86104
56.46 -4.84082 -7.33181 -6.64442 -2.24884 -1.74468 -1.36978 -1.44467 -9.00014 -7.10383 -2.55109 -2.36744 -0.47078 -0.843243 -5.84862 -3.79437 -9.5042 0.579674 5.5797 3.22134 -4.47192 -10.0329 2.53584 -11.3496 -1.61552 10.4657 3.89116 -6.02399 -3.32571 2.73912 -9.91817 -4.15159 6.42103 1.5023 -4.83971 2.13146 -4.02729 -7.43905 -5.00637 0.175661 -1.25752 -0.865904 1.78472 -9.84128 -7.3315 -1.37599 -2.94305 -1.06415 -1.71465 -4.35722
56.51 -4.38701 -7.36765 -6.63741 -1.70136 -1.70271 -1.56159 -0.786256 -8.90428 -7.11454 -2.85242 -2.68218 -0.650848 -0.607014 -5.29308 -4.81118 -8.85872 0.590216 4.86913 2.75326 -4.28709 -10.1 2.11941 -11.3709 -1.4382 10.2767 4.04988 -5.85309 -4.23391 3.15393 -10.1966 -3.81376 7.0713 1.82271 -5.23434 1.62994 -3.55014 -7.50571 -5.17659 0.70749 -1.15744 -1.0867 2.3309 -9.60314 -7.29996 -1.70119 -2.89301 -1.16959 -1.47913 -3.82141
56.56 -3.90302 -7.41832 -6.60129 -1.13919 -1.62971 -1.74389 -0.175737 -8.75176 -7.1319 -3.11795 -2.87619 -0.811253 -0.466248 -4.72246 -5.71222 -8.31351 0.435579 4.03328 2.28563 -4.06003 -10.0612 1.67588 -11.3769 -1.26095 9.87575 4.17969 -5.68397 -5.21239 3.44461 -10.434 -3.50128 7.68441 2.11621 -5.57153 1.11725 -2.99833 -7.60722 -5.31672 1.28762 -1.01672 -1.3144 2.76395 -9.26917 -7.2784 -2.01341 -2.71977 -1.25703 -1.28506 -3.23994
56.61 -3.36428 -7.49593 -6.52737 -0.552932 -1.51845 -1.91786 0.374429 -8.55342 -7.15269 -3.34771 -2.93097 -0.951819 -0.430172 -4.11914 -6.50947 -7.90049 0.132279 3.13556 1.83958 -3.779 -9.91844 1.21089 -11.3653 -1.07559 9.35518 4.27427 -5.52028 -6.1705 3.62478 -10.6358 -3.21099 8.25337 2.38878 -5.84166 0.606372 -2.32423 -7.77229 -5.39477 1.92124 -0.81621 -1.55978 3.08161 -8.85002 -7.26381 -2.31843 -2.43073 -1.32497 -1.12749 -2.60297
56.66 -2.72525 -7.62322 -6.39726 0.0764452 -1.35395 -2.08819 0.856372 -8.31476 -7.1748 -3.54434 -2.82951 -1.07132 -0.488124 -3.46024 -7.2013 -7.60809 -0.264548 2.24372 1.42592 -3.43976 -9.67654 0.723323 -11.3304 -0.874725 8.81028 4.32949 -5.3629 -7.04113 3.70376 -10.8052 -2.93965 8.77316 2.64468 -6.03556 0.102248 -1.46528 -8.04467 -5.37112 2.59789 -0.527684 -1.84311 3.27737 -8.35864 -7.25415 -2.62334 -2.05542 -1.37247 -1.00225 -1.90385
56.71 -1.9093 -7.84212 -6.17609 0.762527 -1.10802 -2.26659 1.26052 -8.03862 -7.19676 -3.71369 -2.57014 -1.16791 -0.615575 -2.72242 -7.77505 -7.40954 -0.699348 1.39351 1.05038 -3.05007 -9.34619 0.204352 -11.2618 -0.654421 8.28345 4.34101 -5.2116 -7.79836 3.68579 -10.944 -2.68499 9.23952 2.8867 -6.14157 -0.396802 -0.424958 -8.44568 -5.21044 3.29733 -0.138499 -2.19721 3.3358 -7.80898 -7.24821 -2.93828 -1.6373 -1.39975 -0.905766 -1.13862
56.76 -0.845037 -8.20315 -5.81024 1.49832 -0.746696 -2.47848 1.56769 -7.72825 -7.2175 -3.86587 -2.1838 -1.24001 -0.786515 -1.88915 -8.22013 -7.27882 -1.13652 0.599868 0.714189 -2.62898 -8.9444 -0.365919 -11.1406 -0.416501 7.78019 4.30047 -5.06571 -8.43723 3.56989 -11.0547 -2.44582 9.64713 3.11646 -6.15401 -0.898888 0.619217 -8.90752 -4.92492 3.99981 0.303564 -2.65001 3.24046 -7.21274 -7.24543 -3.27659 -1.21676 -1.40824 -0.834832 -0.328222
56.81 0.354478 -8.67824 -5.26628 2.25574 -0.287811 -2.76404 1.74362 -7.38777 -7.23631 -4.0171 -1.73014 -1.28753 -0.980996 -0.970058 -8.53293 -7.19594 -1.55926 -0.130094 0.415038 -2.20058 -8.49174 -1.02568 -10.9341 -0.169517 7.28932 4.19126 -4.92407 -8.95886 3.35653 -11.141 -2.22173 9.98746 3.3345 -6.087 -1.42037 1.49782 -9.34243 -4.57689 4.69261 0.732255 -3.18834 2.99732 -6.5791 -7.24604 -3.64731 -0.819705 -1.39994 -0.786489 0.470257
56.86 1.42109 -9.15363 -4.58709 3.00269 0.185926 -3.1477 1.75548 -7.0197 -7.25286 -4.18772 -1.26566 -1.31218 -1.18622 -0.0287307 -8.71801 -7.14707 -1.96121 -0.792472 0.148706 -1.78752 -8.00771 -1.83566 -10.5913 0.0708696 6.79028 3.98536 -4.78433 -9.36555 3.05654 -11.2071 -2.0125 10.2455 3.54036 -5.96866 -1.99013 2.18359 -9.72034 -4.21994 5.37272 1.12029 -3.76441 2.63833 -5.92089 -7.2514 -4.04492 -0.45601 -1.37653 -0.75812 1.20232
56.91 2.22361 -9.57088 -3.83782 3.7211 0.620303 -3.60873 1.59958 -6.62624 -7.26725 -4.39218 -0.816418 -1.31671 -1.3944 0.850756 -8.78806 -7.12323 -2.33912 -1.38499 -0.0894914 -1.40876 -7.50724 -2.83233 -10.0699 0.278552 6.25204 3.65652 -4.64103 -9.65942 2.69094 -11.2564 -1.81731 10.3928 3.7323 -5.82468 -2.65146 2.703 -10.0424 -3.87855 6.0414 1.46711 -4.33043 2.20333 -5.25589 -7.26469 -4.44942 -0.125203 -1.33833 -0.747734 1.83864
56.96 2.72411 -9.92611 -3.04114 4.40778 1.00371 -4.10148 1.3013 -6.21251 -7.28013 -4.63101 -0.3789 -1.30364 -1.60029 1.60593 -8.76219 -7.11801 -2.68884 -1.90541 -0.303793 -1.08272 -7.00004 -3.90961 -9.42368 0.409909 5.63041 3.22542 -4.4838 -9.84172 2.28269 -11.2905 -1.63372 10.3789 3.90675 -5.67158 -3.44216 3.08334 -10.3163 -3.55944 6.6957 1.7801 -4.85354 1.7266 -4.5968 -7.29184 -4.83463 0.177412 -1.28335 -0.754434 2.36915
57.01 2.91003 -10.2279 -2.19 5.06319 1.34124 -4.58454 0.897834 -5.78622 -7.29269 -4.89265 0.0634316 -1.27441 -1.79966 2.19519 -8.66181 -7.12545 -3.0053 -2.35009 -0.497576 -0.831313 -6.49157 -4.90938 -8.78967 0.410082 4.8837 2.75388 -4.29861 -9.91346 1.84845 -11.3098 -1.45684 10.1494 4.05768 -5.51792 -4.35625 3.34552 -10.5493 -3.26219 7.32643 2.06707 -5.31452 1.23279 -3.93768 -7.34311 -5.17469 0.457549 -1.20608 -0.779156 2.79347
57.06 2.84312 -10.4847 -1.29863 5.68372 1.64152 -5.03136 0.424492 -5.35436 -7.30681 -5.16015 0.521307 -1.22933 -1.98914 2.5976 -8.50545 -7.14046 -3.28446 -2.71322 -0.673229 -0.67592 -5.98385 -5.79372 -8.26194 0.247757 4.02015 2.28473 -4.0711 -9.87651 1.3962 -11.3127 -1.27966 9.7172 4.1775 -5.36732 -5.33069 3.50612 -10.7472 -2.98443 7.92239 2.33419 -5.70285 0.737053 -3.24156 -7.43667 -5.44447 0.720945 -1.09519 -0.825992 3.11476
57.11 2.6695 -10.7029 -0.42872 6.26112 1.91237 -5.42871 -0.0911831 -4.91973 -7.32509 -5.41687 0.991259 -1.16786 -2.16678 2.82643 -8.30513 -7.15952 -3.52483 -2.98664 -0.83216 -0.624504 -5.47535 -6.57309 -7.86573 -0.0562496 3.10687 1.83755 -3.78942 -9.73394 0.926299 -11.2953 -1.09414 9.17927 4.25964 -5.22096 -6.27469 3.57882 -10.914 -2.72399 8.47442 2.58578 -6.01136 0.246492 -2.41949 -7.60802 -5.61379 0.97355 -0.927663 -0.905237 3.33539
57.16 2.50449 -10.8882 0.356177 6.78496 2.15987 -5.77205 -0.630599 -4.47884 -7.35121 -5.64897 1.46915 -1.08877 -2.33243 2.92516 -8.0663 -7.18032 -3.72777 -3.15987 -0.974863 -0.664733 -4.96041 -7.24311 -7.58673 -0.446536 2.20744 1.42292 -3.44928 -9.49155 0.431951 -11.2494 -0.893146 8.62374 4.29925 -5.07918 -7.12623 3.5741 -11.0512 -2.4796 8.97599 2.82465 -6.22994 -0.238369 -1.29991 -7.92484 -5.63665 1.22268 -0.659925 -1.0413 3.45165
57.21 2.37875 -11.0453 1.029 7.24355 2.38837 -6.06143 -1.18381 -4.02061 -7.39065 -5.84529 1.96222 -0.989363 -2.48812 2.94011 -7.7909 -7.20123 -3.8972 -3.22022 -1.10098 -0.771539 -4.42899 -7.79092 -7.39798 -0.870351 1.35363 1.04655 -3.05857 -9.16051 -0.102492 -11.161 -0.67309 8.08609 4.29012 -4.94204 -7.8625 3.49659 -11.1577 -2.25105 9.42152 3.05243 -6.34117 -0.723043 0.219792 -8.42706 -5.46164 1.4779 -0.264627 -1.28514 3.44651
57.26 2.28169 -11.1778 1.59058 7.62262 2.60052 -6.29842 -1.74918 -3.52441 -7.45254 -5.99549 2.48619 -0.863991 -2.63853 2.90253 -7.48113 -7.22112 -4.03892 -3.15457 -1.20937 -0.919372 -3.86743 -8.20742 -7.27432 -1.29467 0.558761 0.709696 -2.63671 -8.75796 -0.706542 -11.0047 -0.436573 7.56798 4.22037 -4.80939 -8.47922 3.34341 -11.2337 -2.03879 9.80382 3.26979 -6.33511 -1.21997 1.79568 -8.97985 -5.11918 1.74616 0.172737 -1.6882 3.30072
57.31 2.19673 -11.2884 2.05305 7.9027 2.79734 -6.48372 -2.33339 -2.95587 -7.55333 -6.08655 3.05635 -0.701663 -2.79198 2.82715 -7.1416 -7.23927 -4.16014 -2.95526 -1.29829 -1.08907 -3.2614 -8.49149 -7.19677 -1.70358 -0.170236 0.410037 -2.20846 -8.30444 -1.43128 -10.7384 -0.193939 7.05516 4.06784 -4.68021 -8.97746 3.11339 -11.2832 -1.84324 10.1111 3.47646 -6.23538 -1.75168 3.09848 -9.46908 -4.71403 2.02804 0.566646 -2.23377 3.02565
57.36 2.11015 -11.3784 2.43113 8.05719 2.97827 -6.61499 -2.95129 -2.26026 -7.72317 -6.09775 3.67735 -0.482445 -2.96287 2.71516 -6.77923 -7.25539 -4.26938 -2.63076 -1.36583 -1.26855 -2.59996 -8.65086 -7.15238 -2.09004 -0.828828 0.143371 -1.79771 -7.81995 -2.33701 -10.3084 0.0346774 6.52252 3.80188 -4.55114 -9.35925 2.81709 -11.3119 -1.66401 10.3222 3.67117 -6.08266 -2.35512 4.0731 -9.88756 -4.31314 2.32425 0.901816 -2.85584 2.65689
57.41 2.00939 -11.4481 2.73882 8.05529 3.1412 -6.6845 -3.62301 -1.36995 -8.00701 -5.99651 4.33778 -0.177596 -3.17609 2.55494 -6.40179 -7.26969 -4.37726 -2.2123 -1.41058 -1.45049 -1.87563 -8.70113 -7.13251 -2.44939 -1.41381 -0.0949328 -1.42627 -7.32098 -3.39573 -9.7117 0.213515 5.93198 3.41536 -4.41425 -9.62606 2.47324 -11.3244 -1.49908 10.3974 3.8512 -5.90859 -3.07506 4.74711 -10.25 -3.93873 2.63911 1.18617 -3.49116 2.23152
57.46 1.87921 -11.4964 2.98835 7.87784 3.2827 -6.67938 -4.36291 -0.298513 -8.42005 -5.75342 5.01724 0.221851 -3.46739 2.32272 -6.01567 -7.28283 -4.49787 -1.74423 -1.43229 -1.62982 -1.08509 -8.66261 -7.13017 -2.77669 -1.92242 -0.309031 -1.11726 -6.81911 -4.44305 -9.0604 0.288599 5.23654 2.95794 -4.25654 -9.77861 2.09939 -11.3239 -1.34404 10.2791 4.01179 -5.73076 -3.92969 5.15987 -10.5686 -3.59367 2.97682 1.43075 -4.09784 1.7785
57.51 1.70106 -11.5231 3.18999 7.5451 3.39887 -6.59308 -5.16067 0.761492 -8.88425 -5.39034 5.6974 0.663136 -3.85647 1.99809 -5.62311 -7.296 -4.64713 -1.265 -1.43182 -1.80239 -0.253292 -8.55545 -7.13904 -3.06755 -2.3514 -0.502215 -0.895668 -6.32046 -5.37916 -8.47971 0.210966 4.41521 2.48607 -4.06308 -9.81805 1.70623 -11.3118 -1.192 9.94007 4.14612 -5.55687 -4.88131 5.35039 -10.8521 -3.27477 3.3353 1.64527 -4.65296 1.31701
57.56 1.46115 -11.5292 3.35226 7.12092 3.4868 -6.44022 -5.97722 1.65085 -9.3147 -4.9763 6.36615 1.08497 -4.31327 1.58849 -5.22194 -7.31103 -4.83338 -0.794638 -1.41044 -1.96493 0.560257 -8.39506 -7.15438 -3.31951 -2.69602 -0.676811 -0.778424 -5.82556 -6.20377 -8.02458 -0.0244852 3.51241 2.0285 -3.82013 -9.74668 1.29767 -11.2876 -1.03451 9.44593 4.24752 -5.38937 -5.84469 5.35592 -11.1064 -2.97793 3.70427 1.83723 -5.14607 0.857613
57.61 1.15795 -11.5147 3.48214 6.67301 3.54518 -6.24862 -6.7693 2.3514 -9.68718 -4.5651 7.01525 1.4669 -4.78284 1.12245 -4.80849 -7.33057 -5.04956 -0.333601 -1.36888 -2.11551 1.30281 -8.19029 -7.17306 -3.53266 -2.94926 -0.834202 -0.762964 -5.32986 -6.92027 -7.69527 -0.37448 2.60008 1.59917 -3.51906 -9.56887 0.872189 -11.2482 -0.863126 8.89998 4.31179 -5.22853 -6.7391 5.212 -11.3358 -2.7 4.0695 2.01204 -5.57472 0.404243
57.66 0.798361 -11.4776 3.58523 6.24118 3.57341 -6.04237 -7.51013 2.88896 -10.0052 -4.17898 7.63549 1.81097 -5.22266 0.628041 -4.37769 -7.35859 -5.277 0.130914 -1.30639 -2.25406 1.94695 -7.94509 -7.19295 -3.70962 -3.10114 -0.974874 -0.828764 -4.82475 -7.51754 -7.46822 -0.782174 1.72379 1.20599 -3.16179 -9.29347 0.423209 -11.1871 -0.671719 8.36223 4.3361 -5.07403 -7.52518 4.95273 -11.5436 -2.43925 4.41778 2.17334 -5.94178 -0.0441778
57.71 0.388801 -11.4121 3.66582 5.8391 3.56987 -5.83565 -8.18884 3.28728 -10.2768 -3.82204 8.21605 2.12424 -5.61024 0.123317 -3.91945 -7.40123 -5.4932 0.618325 -1.21983 -2.38272 2.48279 -7.66204 -7.21251 -3.855 -3.13897 -1.09846 -0.949317 -4.29834 -7.98393 -7.31651 -1.2056 0.903093 0.852216 -2.76277 -8.93557 -0.0621195 -11.0922 -0.459049 7.849 4.31598 -4.92555 -8.19204 4.61046 -11.7323 -2.19525 4.73847 2.32345 -6.25312 -0.493048
57.76 -0.0723491 -11.3072 3.72686 5.46592 3.53022 -5.63424 -8.80308 3.5636 -10.5091 -3.49128 8.74663 2.41313 -5.93648 -0.384591 -3.41386 -7.46889 -5.67585 1.1494 -1.10233 -2.50629 2.90857 -7.34533 -7.23071 -3.97487 -3.04991 -1.2038 -1.10212 -3.73656 -8.31491 -7.21809 -1.62217 0.146613 0.536973 -2.34472 -8.51518 -0.60678 -10.9428 -0.230345 7.3559 4.24213 -4.78273 -8.73913 4.21521 -11.9037 -1.96835 5.0224 2.46366 -6.51579 -0.95262
57.81 -0.601094 -11.1435 3.76965 5.11346 3.44526 -5.43845 -9.35374 3.73123 -10.7075 -3.1818 9.21796 2.68226 -6.19797 -0.89885 -2.82528 -7.58035 -5.80183 1.73953 -0.940848 -2.63333 3.22471 -7.00156 -7.24699 -4.07635 -2.82808 -1.28916 -1.2719 -3.12598 -8.51536 -7.15716 -2.02168 -0.540729 0.256716 -1.93134 -8.05353 -1.25051 -10.7045 0.00263997 6.86994 4.0971 -4.64464 -9.16905 3.79372 -12.0593 -1.75903 5.25918 2.59447 -6.7368 -1.44031
57.86 -1.23494 -10.8881 3.7927 4.76837 3.29783 -5.2448 -9.8418 3.80096 -10.8755 -2.88885 9.61977 2.93454 -6.39117 -1.434 -2.09597 -7.7693 -5.84218 2.39036 -0.712608 -2.77871 3.42943 -6.63876 -7.26125 -4.16779 -2.48555 -1.35271 -1.44928 -2.45702 -8.59955 -7.12314 -2.39866 -1.15574 0.00686566 -1.54269 -7.56938 -2.04757 -10.3296 0.221099 6.37221 3.85455 -4.5086 -9.48581 3.36867 -12.2001 -1.56717 5.43303 2.71558 -6.92244 -1.98459
57.91 -2.03191 -10.4932 3.78864 4.41065 3.06166 -5.04576 -10.2657 3.78064 -11.015 -2.60821 9.93615 3.17135 -6.50822 -2.01916 -1.16406 -8.08044 -5.75907 3.08709 -0.388469 -2.96863 3.51402 -6.26465 -7.2739 -4.25965 -2.05643 -1.39324 -1.62815 -1.7229 -8.58909 -7.10921 -2.7477 -1.69606 -0.217022 -1.19551 -7.07705 -3.00813 -9.79411 0.394581 5.83507 3.49754 -4.3681 -9.69408 2.95787 -12.3264 -1.39125 5.51546 2.82568 -7.07805 -2.62375
57.96 -3.01244 -9.93094 3.73601 4.0088 2.71888 -4.82739 -10.618 3.67287 -11.1269 -2.33542 10.1372 3.39249 -6.53789 -2.69723 -0.0799737 -8.51188 -5.52784 3.80746 0.0295819 -3.24042 3.46072 -5.88442 -7.2858 -4.36621 -1.58448 -1.41074 -1.80355 -0.923819 -8.50811 -7.11021 -3.06252 -2.1593 -0.418663 -0.907672 -6.58561 -4.01338 -9.16942 0.475373 5.21933 3.05592 -4.21126 -9.79802 2.5723 -12.4387 -1.22748 5.45767 2.92201 -7.20784 -3.3847
58.01 -4.06128 -9.27135 3.58833 3.51661 2.30025 -4.56913 -10.8832 3.47413 -11.2134 -2.06428 10.1709 3.59581 -6.47903 -3.50247 0.947263 -8.97326 -5.18318 4.53234 0.478169 -3.614 3.25756 -5.49809 -7.29839 -4.50365 -1.10459 -1.40614 -1.97099 -0.093839 -8.37712 -7.12113 -3.33788 -2.54226 -0.600849 -0.700765 -6.09877 -4.9363 -8.58055 0.412704 4.48756 2.58626 -4.02293 -9.80102 2.21417 -12.5368 -1.06945 5.20715 2.99998 -7.31489 -4.25634
58.06 -5.04501 -8.64604 3.28337 2.89115 1.86586 -4.2526 -11.0419 3.1815 -11.2783 -1.78648 9.98543 3.77682 -6.3519 -4.42694 1.79107 -9.39195 -4.79562 5.25038 0.900353 -4.06161 2.91985 -5.10123 -7.31368 -4.68059 -0.632516 -1.38062 -2.12702 0.705144 -8.20894 -7.13781 -3.57163 -2.84015 -0.765441 -0.592685 -5.61468 -5.75552 -8.10203 0.19067 3.64483 2.12478 -3.78844 -9.70604 1.87835 -12.6204 -0.908792 4.77018 3.0541 -7.40115 -5.18346
58.11 -5.94141 -8.13667 2.78858 2.14227 1.4525 -3.87158 -11.0794 2.8016 -11.325 -1.49403 9.60242 3.93001 -6.18602 -5.40943 2.45037 -9.75249 -4.41299 5.95603 1.28013 -4.53142 2.48286 -4.68839 -7.33466 -4.89062 -0.165567 -1.33461 -2.26997 1.42528 -8.00833 -7.15746 -3.76507 -3.04579 -0.913423 -0.58493 -5.12673 -6.48012 -7.74735 -0.156106 2.75118 1.68856 -3.49743 -9.51625 1.55583 -12.6886 -0.736613 4.2329 3.08072 -7.4678 -6.08464
58.16 -6.76252 -7.76015 2.13527 1.33814 1.07377 -3.43439 -10.9912 2.35115 -11.3554 -1.18283 9.12412 4.0518 -6.00494 -6.36444 2.95288 -10.0602 -4.05386 6.64315 1.62105 -4.98058 1.9827 -4.25291 -7.36579 -5.11534 0.310522 -1.26678 -2.40045 2.04368 -7.77501 -7.17822 -3.92208 -3.14889 -1.04495 -0.660272 -4.62464 -7.10177 -7.49833 -0.571024 1.86948 1.28677 -3.14899 -9.2376 1.23636 -12.7401 -0.545591 3.68314 3.07936 -7.51574 -6.89863
58.21 -7.5045 -7.49793 1.39552 0.543352 0.732993 -2.96132 -10.7843 1.85137 -11.3697 -0.85494 8.63897 4.14158 -5.82252 -7.23693 3.32164 -10.3232 -3.72151 7.30235 1.93099 -5.38369 1.44763 -3.78289 -7.41423 -5.33128 0.815256 -1.1731 -2.52153 2.55296 -7.50786 -7.19875 -4.04834 -3.13675 -1.15938 -0.792994 -4.09553 -7.60374 -7.32887 -1.00818 1.03454 0.923776 -2.7547 -8.88153 0.909837 -12.7721 -0.332367 3.16298 3.05125 -7.5459 -7.59942
58.26 -8.15339 -7.3219 0.637421 -0.206975 0.428657 -2.47813 -10.4757 1.32127 -11.365 -0.518342 8.1835 4.19952 -5.64524 -8.0093 3.57341 -10.5481 -3.41354 7.92325 2.21709 -5.72811 0.89739 -3.25554 -7.49233 -5.51374 1.36773 -1.04521 -2.63925 2.95238 -7.20819 -7.21808 -4.15064 -2.99808 -1.25537 -0.959885 -3.52549 -7.97409 -7.21606 -1.44185 0.261821 0.599658 -2.33556 -8.46503 0.566241 -12.7804 -0.0989918 2.68235 2.99736 -7.55899 -8.18014
58.31 -8.69091 -7.20704 -0.0980899 -0.896558 0.156894 -2.00847 -10.0873 0.771711 -11.3349 -0.184404 7.76228 4.22426 -5.47522 -8.67949 3.72107 -10.7398 -3.12631 8.49683 2.48465 -6.00714 0.344244 -2.63021 -7.62266 -5.63571 1.97907 -0.86756 -2.76387 3.24224 -6.8807 -7.23563 -4.23673 -2.73185 -1.33112 -1.14489 -2.90279 -8.21042 -7.14272 -1.86104 -0.44127 0.311443 -1.91461 -8.00743 0.193415 -12.7578 0.147686 2.23822 2.91704 -7.55508 -8.64066
58.36 -9.09365 -7.13457 -0.798903 -1.51829 -0.0868409 -1.56946 -9.64167 0.200534 -11.2671 0.135316 7.36541 4.21101 -5.31236 -9.24668 3.77451 -10.9014 -2.8567 9.01581 2.73724 -6.21412 -0.206739 -1.84415 -7.84401 -5.663 2.64509 -0.614305 -2.91332 3.41933 -6.53246 -7.25121 -4.31569 -2.35735 -1.385 -1.33852 -2.21974 -8.32079 -7.09685 -2.26148 -1.07071 0.0547489 -1.51076 -7.52672 -0.228193 -12.6919 0.398289 1.82418 2.80671 -7.53301 -8.98356
58.41 -9.33363 -7.09137 -1.4746 -2.06977 -0.306788 -1.17115 -9.15874 -0.411978 -11.1404 0.430965 6.97578 4.14923 -5.15549 -9.70594 3.73976 -11.0346 -2.60268 9.4732 2.97703 -6.33851 -0.758819 -0.852544 -8.19625 -5.55555 3.34756 -0.259748 -3.11811 3.47201 -6.1708 -7.26514 -4.39927 -1.91303 -1.41622 -1.53525 -1.4703 -8.32287 -7.07046 -2.63981 -1.62391 -0.174902 -1.13639 -7.03697 -0.736065 -12.561 0.643339 1.4342 2.6575 -7.48922 -9.21348
58.46 -9.38574 -7.06876 -2.14558 -2.55103 -0.506468 -0.818234 -8.65499 -1.10929 -10.9188 0.694189 6.57163 4.01926 -5.00264 -10.0474 3.6175 -11.1404 -2.36324 9.85971 3.20497 -6.36959 -1.32628 0.234975 -8.64818 -5.30145 4.06508 0.17449 -3.4149 3.38164 -5.80041 -7.27821 -4.5031 -1.44049 -1.42516 -1.73098 -0.661537 -8.2407 -7.05863 -2.99096 -2.09844 -0.38136 -0.798052 -6.54727 -1.40603 -12.3232 0.874634 1.0634 2.45036 -7.41532 -9.33625
58.51 -9.24673 -7.06142 -2.8275 -2.96337 -0.688597 -0.512625 -8.14303 -1.9578 -10.549 0.915163 6.12766 3.79033 -4.85018 -10.2593 3.40651 -11.2217 -2.13781 10.1594 3.42096 -6.31239 -1.93876 1.20813 -9.10165 -4.95224 4.78118 0.61798 -3.81005 3.14367 -5.42083 -7.29187 -4.6425 -0.968344 -1.413 -1.92162 0.160586 -8.0986 -7.0591 -3.30829 -2.49106 -0.567566 -0.498349 -6.06114 -2.37052 -11.9063 1.08489 0.706964 2.1515 -7.29201 -9.35551
58.56 -8.95932 -7.06633 -3.51251 -3.30893 -0.855166 -0.256825 -7.63181 -2.98379 -9.99679 1.07512 5.61471 3.439 -4.69074 -10.3349 3.11297 -11.2826 -1.92525 10.3416 3.62354 -6.1922 -2.64099 1.9877 -9.50354 -4.57551 5.4866 1.02676 -4.26402 2.78313 -5.02827 -7.30825 -4.82207 -0.505893 -1.38089 -2.10293 0.934691 -7.91353 -7.07162 -3.5849 -2.79678 -0.735509 -0.238235 -5.57656 -3.69139 -11.2653 1.26471 0.358847 1.74466 -7.0797 -9.26627
58.61 -8.60405 -7.08102 -4.16559 -3.59028 -1.00757 -0.0585653 -7.12687 -4.06165 -9.33571 1.13684 4.99711 2.99524 -4.51138 -10.2799 2.75248 -11.3263 -1.72251 10.3525 3.8094 -6.0383 -3.4684 2.58936 -9.84804 -4.20943 6.17561 1.39309 -4.72538 2.3399 -4.61827 -7.33052 -5.03135 -0.0463656 -1.32895 -2.27115 1.62068 -7.69034 -7.0951 -3.81565 -3.00794 -0.886254 -0.0198347 -5.08689 -5.10802 -10.5115 1.39737 0.0139897 1.29811 -6.73195 -9.05856
58.66 -8.24765 -7.1022 -4.74781 -3.80979 -1.14673 0.0664556 -6.63058 -5.04897 -8.70538 1.0532 4.2446 2.52195 -4.2962 -10.1122 2.34263 -11.3548 -1.52388 10.1373 3.97283 -5.87168 -4.41126 3.04128 -10.1422 -3.86703 6.84087 1.7227 -5.15695 1.85046 -4.18433 -7.36339 -5.25022 0.426205 -1.25548 -2.42426 2.20147 -7.42674 -7.12567 -3.9997 -3.11379 -1.01997 0.150911 -4.58189 -6.35412 -9.78565 1.45666 -0.329401 0.887221 -6.2437 -8.73873
58.71 -7.91262 -7.12678 -5.2382 -3.96857 -1.27322 0.101537 -6.14214 -5.92743 -8.19016 0.804735 3.37724 2.05808 -4.03076 -9.85139 1.89739 -11.3687 -1.32158 9.71753 4.10683 -5.70384 -5.40483 3.36519 -10.3939 -3.54963 7.47345 2.02341 -5.53841 1.34085 -3.71365 -7.41438 -5.45544 0.931563 -1.15595 -2.56339 2.67266 -7.12344 -7.15915 -4.14126 -3.10135 -1.13598 0.26357 -4.04865 -7.37286 -9.14968 1.41193 -0.673864 0.533074 -5.65705 -8.33294
58.76 -7.59106 -7.15277 -5.63451 -4.06529 -1.38724 0.0434794 -5.65746 -6.71101 -7.80795 0.424169 2.4687 1.6211 -3.70591 -9.51163 1.42532 -11.3663 -1.1074 9.19847 4.20619 -5.53987 -6.3599 3.5773 -10.6093 -3.2546 8.06535 2.30179 -5.86027 0.826756 -3.18165 -7.49668 -5.62324 1.48804 -1.02132 -2.69395 3.0349 -6.78741 -7.1928 -4.24791 -2.95961 -1.23283 0.3063 -3.47328 -8.18492 -8.62753 1.24342 -1.02479 0.232064 -5.02786 -7.8731
58.81 -7.26649 -7.17894 -5.94492 -4.09494 -1.4886 -0.0915325 -5.16891 -7.39461 -7.54087 -0.0270342 1.58218 1.22007 -3.32308 -9.10324 0.929079 -11.343 -0.875097 8.66905 4.26804 -5.38145 -7.21944 3.69037 -10.7928 -2.97872 8.61075 2.56265 -6.11731 0.315611 -2.54514 -7.63438 -5.72706 2.1051 -0.834979 -2.82688 3.28898 -6.42931 -7.22528 -4.32909 -2.6887 -1.30859 0.27305 -2.84423 -8.82074 -8.22336 0.959701 -1.38586 -0.0253004 -4.40271 -7.38638
58.86 -6.92573 -7.2045 -6.18145 -4.04796 -1.57663 -0.27681 -4.66514 -7.96498 -7.36105 -0.495757 0.748051 0.85885 -2.89677 -8.63779 0.404539 -11.2898 -0.623123 8.16395 4.28927 -5.22876 -7.96504 3.71417 -10.9471 -2.71954 9.10523 2.80922 -6.3031 -0.191673 -1.73974 -7.86789 -5.7324 2.77644 -0.570137 -2.98183 3.4314 -6.05963 -7.25628 -4.39573 -2.30937 -1.36149 0.169534 -2.15388 -9.30537 -7.92514 0.596154 -1.7513 -0.248486 -3.81329 -6.89164
58.91 -6.56251 -7.22901 -6.35665 -3.91039 -1.65 -0.487274 -4.13157 -8.41222 -7.24351 -0.951262 -0.0204263 0.536902 -2.45055 -8.13003 -0.162295 -11.1903 -0.35618 7.68566 4.26307 -5.08134 -8.59501 3.65424 -11.0735 -2.47573 9.54402 3.04349 -6.40683 -0.700205 -0.730435 -8.23324 -5.60027 3.48246 -0.203655 -3.19153 3.44972 -5.68602 -7.28626 -4.46135 -1.86021 -1.39055 0.0118248 -1.39654 -9.65609 -7.71208 0.195324 -2.10365 -0.445081 -3.27849 -6.39961
58.96 -6.17687 -7.2525 -6.48192 -3.66726 -1.70668 -0.705517 -3.55331 -8.733 -7.16959 -1.38092 -0.715587 0.250785 -2.00912 -7.59579 -0.80216 -11.0159 -0.0847588 7.2229 4.17534 -4.93829 -9.11184 3.51049 -11.1732 -2.24695 9.91981 3.26642 -6.41858 -1.22249 0.352192 -8.68801 -5.32524 4.20135 0.23526 -3.49193 3.32581 -5.31067 -7.31626 -4.54294 -1.3808 -1.39584 -0.180541 -0.583005 -9.8833 -7.56274 -0.20983 -2.41971 -0.620394 -2.80697 -5.91414
59.01 -5.77231 -7.27552 -6.56688 -3.31214 -1.74397 -0.921942 -2.92289 -8.9313 -7.12651 -1.78162 -1.33148 -0.00405865 -1.5927 -7.04871 -1.5704 -10.7199 0.1759 6.75687 4.00082 -4.79774 -9.51846 3.28155 -11.2492 -2.03321 10.2197 3.47796 -6.34571 -1.78238 1.30518 -9.1348 -4.96409 4.91667 0.676103 -3.884 3.05856 -4.92885 -7.34798 -4.65598 -0.896075 -1.378 -0.390848 0.236651 -9.99275 -7.45914 -0.600552 -2.67712 -0.777689 -2.39978 -5.43298
59.06 -5.35268 -7.29938 -6.61893 -2.85964 -1.75899 -1.13225 -2.25062 -9.01816 -7.10612 -2.15302 -1.86214 -0.232016 -1.21636 -6.49791 -2.52321 -10.2495 0.403798 6.26011 3.70862 -4.65523 -9.81736 2.97446 -11.3051 -1.8341 10.4198 3.6769 -6.21467 -2.41925 2.06511 -9.52778 -4.58226 5.61902 1.08006 -4.32495 2.67587 -4.53134 -7.38418 -4.80392 -0.411017 -1.3372 -0.608038 1.00211 -9.98806 -7.38765 -0.969497 -2.85631 -0.918621 -2.0532 -4.94847
59.11 -4.91949 -7.32641 -6.64291 -2.34433 -1.74919 -1.33467 -1.56535 -9.01009 -7.10297 -2.49383 -2.29999 -0.436613 -0.893769 -5.94684 -3.60272 -9.62291 0.562564 5.69205 3.30169 -4.50148 -10.0098 2.60629 -11.3442 -1.64767 10.4756 3.86045 -6.05403 -3.17664 2.65095 -9.86379 -4.2145 6.30205 1.44189 -4.76454 2.21797 -4.10676 -7.4295 -4.97504 0.084925 -1.27197 -0.826873 1.67586 -9.87297 -7.33848 -1.31635 -2.93955 -1.04361 -1.76134 -4.4488
59.16 -4.4695 -7.36044 -6.64064 -1.79987 -1.71232 -1.52815 -0.900425 -8.92589 -7.11203 -2.80137 -2.6345 -0.620251 -0.6426 -5.39266 -4.63882 -8.96819 0.600003 5.00573 2.83743 -4.32268 -10.0958 2.19577 -11.3682 -1.46952 10.3273 4.02354 -5.88354 -4.06478 3.08964 -10.1502 -3.87196 6.95805 1.76786 -5.16796 1.72054 -3.6395 -7.49188 -5.14767 0.609672 -1.17783 -1.04711 2.24191 -9.6528 -7.30473 -1.64442 -2.91083 -1.1521 -1.51786 -3.91975
59.21 -3.99225 -7.40778 -6.61013 -1.24054 -1.64522 -1.71212 -0.280246 -8.78249 -7.12849 -3.07334 -2.85129 -0.784136 -0.48366 -4.82582 -5.55974 -8.40104 0.475164 4.18888 2.36769 -4.10412 -10.0758 1.75646 -11.377 -1.29286 9.95921 4.15902 -5.71373 -5.03712 3.4013 -10.3945 -3.55517 7.57834 2.06565 -5.51618 1.20862 -3.10381 -7.58554 -5.29531 1.18041 -1.04545 -1.27299 2.69523 -9.33518 -7.28166 -1.95855 -2.75957 -1.24285 -1.3168 -3.34727
59.26 -3.46583 -7.47934 -6.54394 -0.659855 -1.54158 -1.88736 0.281291 -8.59177 -7.14885 -3.30935 -2.93226 -0.928294 -0.429157 -4.22988 -6.37499 -7.96451 0.194893 3.29644 1.91683 -3.8333 -9.95131 1.29518 -11.3688 -1.10953 9.45167 4.26021 -5.54896 -6.00506 3.60032 -10.6023 -3.26118 8.15558 2.34158 -5.79886 0.696853 -2.45598 -7.73644 -5.38708 1.80483 -0.857463 -1.51408 3.0337 -8.9303 -7.266 -2.26438 -2.4896 -1.31436 -1.15306 -2.7207
59.31 -2.84929 -7.59537 -6.4258 -0.0395305 -1.38817 -2.05775 0.775938 -8.36005 -7.17084 -3.51155 -2.85942 -1.05167 -0.471936 -3.58266 -7.08642 -7.65245 -0.189768 2.40006 1.49686 -3.50422 -9.72646 0.812027 -11.3387 -0.911849 8.90652 4.3227 -5.39045 -6.89412 3.69684 -10.7773 -2.98667 8.68443 2.60021 -6.00713 0.191471 -1.63364 -7.98646 -5.38466 2.47517 -0.586655 -1.78858 3.25201 -8.45076 -7.25557 -2.56868 -2.12665 -1.36552 -1.02234 -2.03312
59.36 -2.07165 -7.79393 -6.22435 0.636248 -1.15944 -2.23336 1.19494 -8.09038 -7.19292 -3.68516 -2.62698 -1.15248 -0.589019 -2.86041 -7.68212 -7.43924 -0.621054 1.54097 1.11432 -3.12238 -9.41077 0.299712 -11.2771 -0.695059 8.37535 4.34245 -5.23811 -7.67224 3.69608 -10.9215 -2.72916 9.16064 2.84456 -6.12959 -0.308083 -0.617251 -8.36679 -5.24945 3.17211 -0.213809 -2.1274 3.33634 -7.9105 -7.24903 -2.88091 -1.71291 -1.39633 -0.92098 -1.2793
59.41 -1.05151 -8.12787 -5.8883 1.3648 -0.81992 -2.4366 1.52147 -7.78581 -7.21394 -3.83941 -2.25938 -1.229 -0.753896 -2.04464 -8.15059 -7.2981 -1.05947 0.736612 0.771214 -2.70516 -9.02024 -0.259281 -11.1672 -0.459843 7.8684 4.31209 -5.09132 -8.33216 3.59776 -11.0369 -2.48728 9.5792 3.07643 -6.15829 -0.808712 0.442756 -8.82552 -4.98229 3.87525 0.2244 -2.56213 3.26883 -7.32186 -7.24569 -3.21411 -1.29041 -1.40801 -0.845723 -0.473454
59.46 0.143965 -8.59058 -5.37511 2.12089 -0.373017 -2.70618 1.72364 -7.45043 -7.23312 -3.98934 -1.81299 -1.28081 -0.94531 -1.13774 -8.48684 -7.20788 -1.48543 -0.00503666 0.465746 -2.2763 -8.57511 -0.899234 -10.9791 -0.213546 7.37658 4.21682 -4.94905 -8.87449 3.40132 -11.1272 -2.26052 9.93235 3.29656 -6.10353 -1.32506 1.35602 -9.26896 -4.64061 4.57026 0.658645 -3.08823 3.0502 -6.69413 -7.24564 -3.57898 -0.888038 -1.40255 -0.793563 0.331753
59.51 1.24888 -9.07265 -4.71454 2.87156 0.103659 -3.07263 1.766 -7.08716 -7.25008 -4.15513 -1.3475 -1.30934 -1.1493 -0.193962 -8.69395 -7.15373 -1.89134 -0.679638 0.193917 -1.85903 -8.09541 -1.67768 -10.6648 0.0295388 6.88091 4.03055 -4.80924 -9.30148 3.11542 -11.1967 -2.04867 10.2066 3.50467 -5.99222 -1.88341 2.07459 -9.65736 -4.28272 5.25253 1.0544 -3.66142 2.7089 -6.03906 -7.24999 -3.97295 -0.518239 -1.38176 -0.761807 1.0785
59.56 2.10208 -9.50135 -3.97468 3.59559 0.546722 -3.52298 1.63873 -6.69795 -7.26483 -4.3531 -0.895138 -1.31725 -1.35738 0.701853 -8.78321 -7.12594 -2.27378 -1.28473 -0.0489571 -1.47288 -7.59703 -2.64375 -10.1752 0.245657 6.35251 3.72403 -4.66719 -9.61531 2.75974 -11.2487 -1.8511 10.3766 3.69929 -5.85132 -2.52499 2.62143 -9.98884 -3.93774 5.92326 1.4081 -4.23209 2.28467 -5.37401 -7.26153 -4.37807 -0.181859 -1.34626 -0.748325 1.73301
59.61 2.65822 -9.86707 -3.18666 4.28783 0.939064 -4.01348 1.36318 -6.2873 -7.2779 -4.58639 -0.456618 -1.30717 -1.56401 1.48268 -8.77285 -7.11784 -2.62889 -1.81819 -0.267237 -1.13597 -7.09052 -3.72041 -9.54172 0.394603 5.74933 3.30685 -4.51341 -9.8174 2.35761 -11.2855 -1.66573 10.396 3.87721 -5.69904 -3.29147 3.02482 -10.2707 -3.61458 6.58065 1.7265 -4.76457 1.81327 -4.7136 -7.28561 -4.76865 0.125363 -1.29455 -0.751982 2.28256
59.66 2.89868 -10.1777 -2.34551 4.94891 1.28414 -4.50065 0.975683 -5.86266 -7.2904 -4.84515 -0.0163237 -1.28077 -1.76482 2.10375 -8.68423 -7.12345 -2.95161 -2.27671 -0.464469 -0.869554 -6.58203 -4.74012 -8.8964 0.421665 5.02638 2.83845 -4.33427 -9.9087 1.92718 -11.3075 -1.48812 10.2069 4.03287 -5.54511 -4.18666 3.30672 -10.5105 -3.3136 7.2164 2.0176 -5.23756 1.32114 -4.05612 -7.33156 -5.11857 0.409079 -1.22186 -0.773312 2.72559
59.71 2.86741 -10.4419 -1.45789 5.57615 1.59043 -4.95522 0.512508 -5.43143 -7.30408 -5.11288 0.438706 -1.23853 -1.95625 2.53957 -8.53675 -7.13741 -3.23761 -2.65488 -0.643218 -0.695931 -6.07418 -5.64419 -8.34627 0.288285 4.17975 2.36702 -4.11527 -9.89092 1.4779 -11.3135 -1.31157 9.80512 4.15877 -5.39383 -5.15699 3.48433 -10.7144 -3.03255 7.81931 2.28788 -5.63937 0.825018 -3.37118 -7.41569 -5.4028 0.675035 -1.11819 -0.8157 3.06497
59.76 2.70187 -10.6666 -0.578727 6.16196 1.86602 -5.36189 0.00275126 -4.99735 -7.32139 -5.37263 0.907046 -1.18004 -2.13606 2.79667 -8.34369 -7.15595 -3.48486 -2.94498 -0.805064 -0.626356 -5.5661 -6.44204 -7.92697 0.00590748 3.26978 1.91499 -3.84385 -9.76684 1.01143 -11.3001 -1.12812 9.27811 4.248 -5.24668 -6.11227 3.57179 -10.8865 -2.76915 8.3797 2.542 -5.96265 0.333321 -2.5815 -7.56929 -5.59276 0.929087 -0.963266 -0.88796 3.30351
59.81 2.53103 -10.8575 0.224381 6.69614 2.11731 -5.71492 -0.533409 -4.55816 -7.34577 -5.60998 1.38335 -1.10422 -2.30377 2.9149 -8.11152 -7.17657 -3.69424 -3.13691 -0.950657 -0.651915 -5.05292 -7.13243 -7.62898 -0.373338 2.36475 1.49402 -3.51392 -9.54158 0.522277 -11.2602 -0.930279 8.72174 4.29554 -5.10407 -6.9828 3.5803 -11.029 -2.52195 8.89065 2.78298 -6.19831 -0.152326 -1.53005 -7.85419 -5.64596 1.17819 -0.717245 -1.01105 3.43915
59.86 2.39854 -11.0192 0.917635 7.16729 2.34895 -6.0138 -1.08452 -4.10421 -7.38232 -5.81342 1.87271 -1.00874 -2.46097 2.94195 -7.84252 -7.19756 -3.86926 -3.21834 -1.07979 -0.748859 -4.52535 -7.70286 -7.42616 -0.794203 1.50154 1.11063 -3.13106 -9.22522 -0.00336632 -11.1808 -0.71363 8.18013 4.29573 -4.96611 -7.74019 3.51577 -11.1411 -2.29055 9.3466 3.01266 -6.33003 -0.636348 -0.0694314 -8.3284 -5.50765 1.43162 -0.341768 -1.23096 3.45742
59.91 2.29763 -11.1559 1.4983 7.56175 2.56389 -6.26001 -1.64748 -3.6168 -7.43929 -5.97264 2.38991 -0.888599 -2.61183 2.91222 -7.53861 -7.21769 -4.01542 -3.17596 -1.19144 -0.891011 -3.97024 -8.14306 -7.2925 -1.21998 0.695571 0.766828 -2.71299 -8.83394 -0.591996 -11.0391 -0.479523 7.65925 4.23804 -4.8327 -8.37818 3.37639 -11.2222 -2.07535 9.74084 3.23186 -6.34415 -1.1298 1.53054 -8.88486 -5.18759 1.6974 0.0968161 -1.60454 3.33692
59.96 2.21161 -11.2702 1.97734 7.86118 2.76343 -6.45456 -2.22747 -3.06447 -7.53144 -6.07544 2.95108 -0.733997 -2.76391 2.84312 -7.20392 -7.23618 -4.13971 -3.00043 -1.28398 -1.05788 -3.37307 -8.45039 -7.20784 -1.6323 -0.0455309 0.460823 -2.28404 -8.38796 -1.2905 -10.7963 -0.236834 7.14701 4.1024 -4.70305 -8.89736 3.15964 -11.276 -1.87682 10.0627 3.4405 -6.25815 -1.65306 2.89089 -9.38756 -4.787 1.97689 0.500907 -2.12901 3.0826
60.01 2.12622 -11.3639 2.36937 8.04026 2.9473 -6.59584 -2.83797 -2.3965 -7.68598 -6.1029 3.56342 -0.526861 -2.93025 2.73811 -6.84505 -7.25267 -4.25038 -2.69656 -1.35545 -1.23625 -2.72209 -8.63101 -7.15828 -2.02311 -0.716916 0.188627 -1.86856 -7.90765 -2.1615 -10.3985 -0.00366237 6.62027 3.85857 -4.57438 -9.29973 2.87388 -11.308 -1.69477 10.2931 3.63749 -6.11212 -2.2404 3.92271 -9.8176 -4.38282 2.27033 0.846195 -2.74259 2.72765
60.06 2.02898 -11.4372 2.68864 8.06827 3.11366 -6.6772 -3.49867 -1.54447 -7.94637 -6.02442 4.21824 -0.239226 -3.13351 2.58792 -6.46975 -7.26726 -4.35759 -2.2917 -1.40431 -1.41817 -2.00945 -8.69929 -7.13457 -2.38763 -1.3152 -0.0543996 -1.48852 -7.41026 -3.20295 -9.8262 0.187565 6.04344 3.4913 -4.43972 -9.58695 2.53706 -11.3232 -1.52755 10.3964 3.82041 -5.94019 -2.93693 4.64741 -10.189 -4.00318 2.58147 1.13878 -3.37926 2.30995
60.11 1.90535 -11.4894 2.94771 7.92205 3.25927 -6.68627 -4.22625 -0.495322 -8.33957 -5.80705 4.89581 0.14549 -3.40837 2.37049 -6.08486 -7.28053 -4.47474 -1.82926 -1.43009 -1.59829 -1.23014 -8.67502 -7.1296 -2.721 -1.83762 -0.272538 -1.16656 -6.9083 -4.26388 -9.1739 0.285384 5.36969 3.04164 -4.2868 -9.75978 2.16755 -11.3249 -1.37119 10.3165 3.98492 -5.76225 -3.76862 5.10376 -10.5147 -3.65305 2.91502 1.38968 -3.99317 1.86018
60.16 1.73703 -11.5199 3.1572 7.61319 3.3802 -6.61401 -5.01595 0.583048 -8.80254 -5.46076 5.57691 0.5848 -3.78079 2.06271 -5.69351 -7.29358 -4.61791 -1.34994 -1.43347 -1.77233 -0.401866 -8.57877 -7.13688 -3.01859 -2.28106 -0.469246 -0.927747 -6.40888 -5.2211 -8.57455 0.23694 4.56943 2.56955 -4.10077 -9.81922 1.77737 -11.3148 -1.21921 10.0148 4.12445 -5.58738 -4.70831 5.33106 -10.8039 -3.3298 3.27035 1.60892 -4.55852 1.3992
60.21 1.50859 -11.5296 3.32593 7.19981 3.47329 -6.47108 -5.8326 1.50693 -9.24222 -5.05086 6.24834 1.01266 -4.22949 1.66643 -5.29413 -7.30811 -4.79764 -0.877467 -1.41573 -1.93684 0.41948 -8.42703 -7.15133 -3.27754 -2.64113 -0.647023 -0.791484 -5.91351 -6.06475 -8.09591 0.0274562 3.67565 2.10818 -3.86748 -9.76733 1.37152 -11.2929 -1.06333 9.54029 4.23211 -5.41869 -5.67646 5.36687 -11.063 -3.0293 3.63846 1.80445 -5.06304 0.938976
60.26 1.21628 -11.5188 3.46113 6.75229 3.53697 -6.28436 -6.63156 2.23943 -9.6251 -4.63677 6.90154 1.40188 -4.70051 1.20816 -4.88316 -7.32661 -5.00964 -0.415424 -1.37776 -2.08962 1.17736 -8.22977 -7.1696 -3.49748 -2.91128 -0.807416 -0.759028 -5.41848 -6.80107 -7.7456 -0.306439 2.76069 1.6731 -3.57698 -9.60799 0.949377 -11.2566 -0.894968 8.99755 4.30319 -5.25668 -6.58721 5.24702 -11.2966 -2.74817 4.00539 1.982 -5.50307 0.484482
60.31 0.866132 -11.4861 3.56863 6.31601 3.57064 -6.07939 -7.38266 2.80406 -9.95219 -4.24555 7.52768 1.7522 -5.14778 0.717161 -4.45598 -7.35275 -5.23669 0.0471701 -1.31915 -2.23022 1.84009 -7.99158 -7.18939 -3.68059 -3.08206 -0.951066 -0.812301 -4.91582 -7.42055 -7.50239 -0.707535 1.87604 1.27312 -3.22899 -9.34904 0.505307 -11.2 -0.707386 8.45623 4.33485 -5.10108 -7.39388 5.00585 -11.5081 -2.48443 4.35753 2.14551 -5.88072 0.0354533
60.36 0.46527 -11.4263 3.65297 5.9084 3.57296 -5.87213 -8.07275 3.22574 -10.2315 -3.88353 8.1161 2.07043 -5.5456 0.213449 -4.00373 -7.39219 -5.45654 0.528954 -1.23724 -2.36037 2.39547 -7.71504 -7.2091 -3.83118 -3.14119 -1.07775 -0.924948 -4.3942 -7.91081 -7.33906 -1.1303 1.04464 0.912291 -2.83588 -9.00446 0.0277617 -11.1123 -0.498311 7.93859 4.32313 -4.95155 -8.08216 4.67607 -11.7 -2.23744 4.68383 2.29748 -6.20147 -0.412744
60.41 0.0139725 -11.3295 3.71734 5.53052 3.54024 -5.66963 -8.69845 3.52272 -10.4704 -3.54845 8.65627 2.36326 -5.88308 -0.293956 -3.50864 -7.45434 -5.64679 1.05087 -1.12598 -2.48435 2.84082 -7.4039 -7.2276 -3.95509 -3.07547 -1.18646 -1.07334 -3.83977 -8.26582 -7.23249 -1.54908 0.276307 0.590397 -2.41943 -8.59362 -0.504004 -10.9747 -0.271783 7.44269 4.25985 -4.80777 -8.65043 4.28819 -11.8744 -2.00746 4.97498 2.43939 -6.47228 -0.86939
60.46 -0.50071 -11.1782 3.76338 5.1752 3.46433 -5.47299 -9.26032 3.70884 -10.6745 -3.23554 9.13883 2.63565 -6.15629 -0.80638 -2.93836 -7.55605 -5.78472 1.62987 -0.973668 -2.60992 3.17648 -7.06438 -7.24425 -4.05929 -2.87705 -1.27551 -1.24091 -3.23871 -8.48871 -7.16579 -1.95209 -0.423611 0.304237 -2.00363 -8.13783 -1.12629 -10.7554 -0.0384149 6.95667 4.12922 -4.66895 -9.10094 3.86959 -12.0328 -1.79499 5.22108 2.57188 -6.70022 -1.35036
60.51 -1.11198 -10.9423 3.79025 4.83003 3.32972 -5.27938 -9.75953 3.79531 -10.8477 -2.93997 9.55393 2.89079 -6.36205 -1.33615 -2.23926 -7.72795 -5.84286 2.27057 -0.759464 -2.75052 3.4014 -6.70436 -7.25885 -4.15182 -2.55407 -1.34306 -1.41744 -2.58066 -8.59218 -7.12756 -2.33344 -1.05168 0.0493146 -1.60929 -7.6565 -1.89257 -10.4083 0.184421 6.46273 3.90603 -4.53288 -9.4375 3.44371 -12.1761 -1.60009 5.40772 2.69478 -6.89174 -1.88192
60.56 -1.8758 -10.5758 3.79202 4.47644 3.1114 -5.0821 -10.1952 3.79064 -10.9922 -2.65744 9.88716 3.13032 -6.49348 -1.90954 -1.34531 -8.01486 -5.78455 2.96071 -0.453978 -2.92995 3.50847 -6.33178 -7.27173 -4.2427 -2.13717 -1.38773 -1.59643 -1.85858 -8.59679 -7.11046 -2.6879 -1.60546 -0.178897 -1.25352 -7.1648 -2.82901 -9.89945 0.368901 5.93516 3.56884 -4.39389 -9.66475 3.02934 -12.305 -1.42153 5.50937 2.80698 -7.05235 -2.50145
60.61 -2.82791 -10.0417 3.75062 4.08544 2.7871 -4.86854 -10.5611 3.69855 -11.1089 -2.38364 10.1119 3.35434 -6.53933 -2.56783 -0.275146 -8.42978 -5.57918 3.67845 -0.0493198 -3.18459 3.48111 -5.95247 -7.28368 -4.34542 -1.66984 -1.40927 -1.77279 -1.06988 -8.52668 -7.10917 -3.00926 -2.08262 -0.384266 -0.953627 -6.67278 -3.83834 -9.28126 0.470256 5.33661 3.13806 -4.24103 -9.78699 2.63887 -12.4198 -1.25599 5.48087 2.90605 -7.18647 -3.24027
60.66 -3.87708 -9.38976 3.62439 3.6131 2.37748 -4.61895 -10.8432 3.51638 -11.1997 -2.11277 10.1799 3.56109 -6.49532 -3.3495 0.776519 -8.89312 -5.24959 4.40361 0.399239 -3.54073 3.30438 -5.56746 -7.29602 -4.47636 -1.18961 -1.40851 -1.94195 -0.241074 -8.40341 -7.11866 -3.2919 -2.48016 -0.569753 -0.730723 -6.18509 -4.77996 -8.67848 0.435771 4.62693 2.66996 -4.05943 -9.80773 2.27606 -12.5204 -1.09751 5.26683 2.9877 -7.2974 -4.095
60.71 -4.8767 -8.75022 3.35139 3.0128 1.94229 -4.31367 -11.0222 3.24031 -11.2681 -1.8368 10.035 3.74649 -6.37818 -4.25575 1.65512 -9.32169 -4.86516 5.12336 0.828243 -3.97883 2.98833 -5.17287 -7.31065 -4.64629 -0.71589 -1.38666 -2.10018 0.567695 -8.24129 -7.13456 -3.53306 -2.79364 -0.737379 -0.604348 -5.70087 -5.6167 -8.17793 0.240833 3.80066 2.20542 -3.8341 -9.72999 1.93686 -12.6066 -0.93798 4.85833 3.04642 -7.38726 -5.01802
60.76 -5.78755 -8.21745 2.88995 2.28187 1.52374 -3.94393 -11.082 2.87495 -11.3179 -1.54741 9.68086 3.90498 -6.2172 -5.23428 2.34528 -9.69242 -4.47963 5.83158 1.21559 -4.44832 2.56621 -4.76329 -7.33034 -4.85153 -0.248834 -1.34433 -2.24549 1.30416 -8.04638 -7.15384 -3.73345 -3.01636 -0.888283 -0.57955 -5.21427 -6.35823 -7.80202 -0.0877881 2.91081 1.76388 -3.55356 -9.55676 1.61271 -12.6777 -0.768464 4.33139 3.07805 -7.45733 -5.92938
60.81 -6.62185 -7.81803 2.2601 1.48202 1.13841 -3.51552 -11.0159 2.43555 -11.3512 -1.23959 9.21156 4.03248 -6.03754 -6.19953 2.87379 -10.009 -4.11581 6.5226 1.56287 -4.90348 2.07496 -4.33249 -7.35924 -5.07529 0.224282 -1.28058 -2.37803 1.94152 -7.819 -7.17451 -3.89657 -3.13859 -1.02276 -0.641911 -4.71559 -6.99941 -7.53609 -0.494501 2.02365 1.35551 -3.21485 -9.29326 1.29345 -12.7323 -0.581184 3.77947 3.0816 -7.50854 -6.76164
60.86 -7.37879 -7.53749 1.53018 0.68224 0.790893 -3.047 -10.8291 1.94301 -11.3684 -0.914227 8.72363 4.12793 -5.85472 -7.08878 3.26498 -10.2794 -3.77878 7.18754 1.87776 -5.31599 1.54444 -3.86989 -7.40389 -5.29457 0.722426 -1.19196 -2.50045 2.47038 -7.55787 -7.19516 -4.02783 -3.14792 -1.14032 -0.766291 -4.1923 -7.5238 -7.3543 -0.930133 1.17888 0.985491 -2.82737 -8.94987 0.968903 -12.768 -0.371922 3.2527 3.05815 -7.5418 -7.48341
60.91 -8.04546 -7.34811 0.771468 -0.0775644 0.480312 -2.56374 -10.5371 1.41721 -11.3674 -0.578401 8.26194 4.19156 -5.67628 -7.87932 3.53655 -10.5106 -3.46673 7.81597 2.16765 -5.67143 0.995795 -3.35511 -7.47544 -5.48485 1.26524 -1.07104 -2.61816 2.88929 -7.26374 -7.21476 -4.13386 -3.03228 -1.23971 -0.928494 -3.63052 -7.91805 -7.23283 -1.36554 0.394409 0.654605 -2.41092 -8.54272 0.629127 -12.7809 -0.141746 2.76506 3.00884 -7.55789 -8.08562
60.96 -8.60435 -7.22393 0.0302896 -0.778664 0.203082 -2.09021 -10.1613 0.87084 -11.3426 -0.243113 7.83507 4.22244 -5.50493 -8.56768 3.70193 -10.708 -3.17606 8.39855 2.43821 -5.96252 0.442581 -2.75122 -7.59415 -5.61982 1.86592 -0.903827 -2.74053 3.19872 -6.94073 -7.23265 -4.22222 -2.78801 -1.3192 -1.11112 -3.01785 -8.17794 -7.15348 -1.78772 -0.321433 0.360301 -1.98874 -8.09104 0.262623 -12.7645 0.103213 2.31488 2.93338 -7.55705 -8.5674
61.01 -9.03304 -7.14502 -0.676498 -1.41275 -0.0453147 -1.64483 -9.72425 0.304379 -11.2827 0.0799167 7.43495 4.21652 -5.34086 -9.15342 3.77156 -10.8748 -2.9035 8.92774 2.69327 -6.18296 -0.108812 -1.99888 -7.7958 -5.66689 2.52325 -0.66631 -2.88374 3.39644 -6.59562 -7.24858 -4.30169 -2.43037 -1.37706 -1.3037 -2.346 -8.30968 -7.10341 -2.19172 -0.964197 0.0983339 -1.58075 -7.61328 -0.148272 -12.7076 0.353833 1.89595 2.82884 -7.53838 -8.93095
61.06 -9.30408 -7.09736 -1.35531 -1.97678 -0.269215 -1.23881 -9.24663 -0.298371 -11.1687 0.380484 7.04551 4.1645 -5.18305 -9.63248 3.7523 -11.0129 -2.6468 9.39666 2.93523 -6.32298 -0.660019 -1.04209 -8.12386 -5.58588 3.22086 -0.330316 -3.07586 3.47258 -6.23588 -7.26275 -4.38341 -1.99527 -1.41231 -1.5002 -1.60865 -8.3294 -7.07399 -2.57429 -1.53113 -0.135825 -1.20051 -7.12433 -0.636708 -12.5906 0.600515 1.50207 2.68756 -7.49888 -9.18056
61.11 -9.39084 -7.07156 -2.0256 -2.47046 -0.472281 -0.877626 -8.74556 -0.976178 -10.9674 0.65009 6.6457 4.04863 -5.02968 -9.99581 3.64576 -11.1235 -2.40481 9.79669 3.16526 -6.37098 -1.22307 0.0448043 -8.56497 -5.35578 3.9371 0.0945086 -3.35437 3.40878 -5.86692 -7.27589 -4.48237 -1.52514 -1.42515 -1.6964 -0.808281 -8.26036 -7.0598 -2.93074 -2.01987 -0.346168 -0.855482 -6.63419 -1.26968 -12.3762 0.834797 1.12819 2.4928 -7.43132 -9.322
61.16 -9.28426 -7.06176 -2.70527 -2.89493 -0.657369 -0.563484 -8.23431 -1.79297 -10.6281 0.87956 6.21081 3.8398 -4.87754 -10.2315 3.45043 -11.2089 -2.17694 10.1135 3.38344 -6.32807 -1.82458 1.04878 -9.02407 -5.01804 4.65432 0.540944 -3.73389 3.19604 -5.48921 -7.28931 -4.61468 -1.05168 -1.41665 -1.88825 0.0161891 -8.12738 -7.05814 -3.25461 -2.42737 -0.535806 -0.54882 -6.14742 -2.17107 -11.9972 1.04936 0.769605 2.21301 -7.31903 -9.35973
61.21 -9.01791 -7.06466 -3.39169 -3.2522 -0.82659 -0.29847 -7.72245 -2.79187 -10.1069 1.0525 5.71254 3.51003 -4.72014 -10.3313 3.17064 -11.2731 -1.96224 10.3198 3.58858 -6.21682 -2.50743 1.86282 -9.43634 -4.64246 5.36209 0.957168 -4.18132 2.85453 -5.09928 -7.30501 -4.78747 -0.587634 -1.38804 -2.07152 0.802567 -7.94925 -7.06852 -3.53892 -2.74902 -0.706895 -0.281577 -5.66293 -3.43834 -11.3928 1.23555 0.420471 1.8229 -7.12633 -9.29062
61.26 -8.66872 -7.07783 -4.05359 -3.54479 -0.981432 -0.0890322 -7.21613 -3.87413 -9.4548 1.13524 5.11638 3.07802 -4.54546 -10.2986 2.82072 -11.3196 -1.75809 10.366 3.77777 -6.06709 -3.31168 2.49397 -9.79065 -4.27301 6.05447 1.3308 -4.64463 2.42309 -4.69275 -7.32595 -4.99275 -0.128572 -1.33969 -2.2423 1.50602 -7.73294 -7.09027 -3.77804 -2.97771 -0.860663 -0.0554525 -5.17483 -4.86407 -10.6464 1.37826 0.0752289 1.37633 -6.80475 -9.10423
61.31 -8.30962 -7.0981 -4.65059 -3.77517 -1.1229 0.0503988 -6.71827 -4.88175 -8.81054 1.08026 4.38849 2.60623 -4.33781 -10.1494 2.4185 -11.3508 -1.55926 10.1927 3.9457 -5.90165 -4.23722 2.97074 -10.0932 -3.92609 6.7246 1.66637 -5.0834 1.93965 -4.26376 -7.35648 -5.21159 0.340281 -1.27028 -2.39811 2.10609 -7.47667 -7.11991 -3.97023 -3.10322 -0.99744 0.124422 -4.67344 -6.14903 -9.90932 1.45286 -0.268322 0.956308 -6.33938 -8.80285
61.36 -7.97082 -7.12226 -5.15792 -3.94477 -1.25162 0.102281 -6.22864 -5.77818 -8.272 0.86018 3.53696 2.13902 -4.0822 -9.90391 1.97877 -11.3674 -1.35823 9.80288 4.08541 -5.73352 -5.22843 3.31613 -10.3519 -3.60439 7.36364 1.97169 -5.47469 1.43221 -3.801 -7.4035 -5.42095 0.838341 -1.1759 -2.53947 2.59681 -7.18008 -7.15312 -4.11887 -3.11278 -1.11669 0.248322 -4.14624 -7.20755 -9.25495 1.42867 -0.61226 0.591982 -5.76613 -8.41002
61.41 -7.64804 -7.1481 -5.57057 -4.05278 -1.36786 0.0601217 -5.74373 -6.57851 -7.86679 0.49889 2.63012 1.69643 -3.76819 -9.57741 1.5111 -11.3681 -1.14671 9.29338 4.19118 -5.56867 -6.19589 3.54713 -10.5734 -3.30562 7.96327 2.25365 -5.80759 0.91816 -3.28244 -7.47887 -5.59722 1.38466 -1.04846 -2.67095 2.97834 -6.84916 -7.18688 -4.23108 -2.99452 -1.21708 0.304215 -3.57934 -8.05412 -8.71171 1.28251 -0.961609 0.282155 -5.14069 -7.95758
61.46 -7.32515 -7.17431 -5.89544 -4.09493 -1.47151 -0.0630232 -5.2566 -7.28085 -7.58122 0.0557953 1.73668 1.28858 -3.39497 -9.18047 1.01925 -11.349 -0.917915 8.76192 4.25989 -5.40922 -7.0746 3.67701 -10.7623 -3.02655 8.51728 2.51734 -6.07654 0.406251 -2.66874 -7.60424 -5.71466 1.9909 -0.87299 -2.80233 3.25173 -6.49416 -7.21961 -4.31604 -2.74574 -1.29674 0.284438 -2.96049 -8.71925 -8.28704 1.01728 -1.32094 0.0177524 -4.51208 -7.47402
61.51 -6.98793 -7.20002 -6.14419 -4.0625 -1.56199 -0.241357 -4.75653 -7.87227 -7.38786 -0.412703 0.891977 0.920202 -2.97484 -8.72418 0.50042 -11.3021 -0.669283 8.25171 4.28869 -5.25553 -7.84084 3.71614 -10.9217 -2.76452 9.02114 2.76628 -6.27567 -0.101525 -1.89836 -7.81719 -5.74049 2.65376 -0.624397 -2.95137 3.41463 -6.12588 -7.25086 -4.38438 -2.38323 -1.35381 0.192474 -2.28152 -9.22931 -7.97134 0.664744 -1.68659 -0.210897 -3.91459 -6.97971
61.56 -6.62886 -7.22473 -6.32942 -3.9422 -1.6381 -0.448859 -4.22941 -8.34187 -7.26079 -0.871891 0.11117 0.591458 -2.53029 -8.22278 -0.0572404 -11.2125 -0.404384 7.76921 4.2717 -5.10723 -8.49125 3.67096 -11.053 -2.51803 9.47027 3.00264 -6.39494 -0.609168 -0.921912 -8.15899 -5.63497 3.35528 -0.276018 -3.1484 3.4564 -5.75261 -7.28096 -4.44902 -1.94338 -1.38713 0.0429805 -1.53623 -9.60293 -7.74476 0.267738 -2.04291 -0.411771 -3.36917 -6.48673
61.61 -6.24701 -7.24838 -6.46282 -3.71875 -1.69793 -0.666618 -3.66001 -8.68507 -7.18019 -1.30654 -0.597499 0.299287 -2.08636 -7.69215 -0.680812 -11.0543 -0.132779 7.30486 4.19641 -4.9635 -9.028 3.54232 -11.1573 -2.28657 9.85801 3.22757 -6.42321 -1.12766 0.164634 -8.60523 -5.38267 4.07329 0.15513 -3.43107 3.35873 -5.37773 -7.31086 -4.52647 -1.46697 -1.39661 -0.144579 -0.73012 -9.8516 -7.58552 -0.138412 -2.36715 -0.59058 -2.88614 -6.00009
61.66 -5.84551 -7.27141 -6.55435 -3.38322 -1.73888 -0.883794 -3.03874 -8.90456 -7.13233 -1.71244 -1.22792 0.0392144 -1.66427 -7.14654 -1.42119 -10.7841 0.131141 6.84113 4.0397 -4.82272 -9.45403 3.32838 -11.2372 -2.07016 10.1728 3.44118 -6.36382 -1.67843 1.14963 -9.05872 -5.0314 4.79011 0.599819 -3.80909 3.11566 -4.99766 -7.3421 -4.63319 -0.982266 -1.38285 -0.352677 0.0932262 -9.98172 -7.47489 -0.532509 -2.6365 -0.75092 -2.46767 -5.51858
61.71 -5.42835 -7.29498 -6.61182 -2.9459 -1.75807 -1.09536 -2.37221 -9.01017 -7.10834 -2.0891 -1.77423 -0.19324 -1.27983 -6.59598 -2.34018 -10.3469 0.366994 6.35238 3.76998 -4.68107 -9.77197 3.03416 -11.2965 -1.86852 10.3931 3.64251 -6.24089 -2.29814 1.94344 -9.46216 -4.64979 5.49524 1.01133 -4.24528 2.75064 -4.60371 -7.37724 -4.77538 -0.497697 -1.34618 -0.569182 0.871851 -9.99709 -7.3985 -0.905502 -2.83094 -0.894702 -2.1107 -5.03543
61.76 -4.99764 -7.32122 -6.64057 -2.43895 -1.75285 -1.29927 -1.68672 -9.01764 -7.10248 -2.43553 -2.22927 -0.401785 -0.946545 -6.04498 -3.40927 -9.74083 0.541588 5.80057 3.38027 -4.53025 -9.98332 2.6754 -11.3384 -1.68008 10.4789 3.8291 -6.08377 -3.03186 2.55814 -9.80785 -4.27823 6.18221 1.38034 -4.68819 2.30326 -4.18491 -7.42047 -4.94377 -0.0048975 -1.28551 -0.787874 1.56356 -9.90132 -7.34593 -1.25612 -2.9325 -1.02254 -1.80957 -4.53946
61.81 -4.55117 -7.35363 -6.64299 -1.89797 -1.72097 -1.4944 -1.01604 -8.94564 -7.10975 -2.74919 -2.58311 -0.589031 -0.68113 -5.49185 -4.46261 -9.08065 0.604509 5.13797 2.92151 -4.357 -10.0883 2.27124 -11.365 -1.5009 10.3706 3.99631 -5.91404 -3.89845 3.02135 -10.1025 -3.93098 6.84366 1.71211 -5.09981 1.81071 -3.72675 -7.47901 -5.11796 0.513334 -1.19703 -1.00768 2.14934 -9.69936 -7.30984 -1.5872 -2.92473 -1.13405 -1.55793 -4.01671
61.86 -4.07997 -7.39798 -6.61787 -1.34124 -1.65959 -1.68007 -0.386627 -8.81174 -7.12519 -3.02759 -2.82208 -0.756396 -0.504435 -4.92827 -5.40397 -8.49283 0.509698 4.34205 2.45038 -4.14654 -10.0871 1.83637 -11.3766 -1.32455 10.0382 4.13725 -5.74365 -4.86165 3.35442 -10.3538 -3.60978 7.47091 2.0144 -5.45876 1.30002 -3.20581 -7.56564 -5.27215 1.07493 -1.07244 -1.23204 2.62288 -9.39842 -7.28515 -1.90342 -2.79555 -1.22807 -1.34972 -3.45287
61.91 -3.56461 -7.46411 -6.5589 -0.765517 -1.56316 -1.8567 0.186035 -8.62883 -7.14505 -3.26992 -2.92864 -0.904114 -0.431267 -4.33901 -6.23727 -8.03252 0.254192 3.4573 1.99508 -3.88571 -9.98099 1.37879 -11.3717 -1.14301 9.54714 4.24493 -5.57784 -5.83701 3.57263 -10.5678 -3.31199 8.05625 2.29385 -5.75371 0.787553 -2.58214 -7.70371 -5.37642 1.68991 -0.896094 -1.4694 2.98201 -9.00821 -7.26835 -2.21028 -2.54549 -1.3031 -1.17967 -2.8365
61.96 -2.96832 -7.57008 -6.45176 -0.153698 -1.42004 -2.02745 0.693127 -8.40414 -7.16688 -3.47785 -2.88419 -1.03131 -0.458109 -3.70268 -6.96787 -7.69994 -0.116409 2.55763 1.56899 -3.56698 -9.77349 0.899833 -11.346 -0.948353 9.00331 4.31457 -5.4182 -6.74354 3.68685 -10.7484 -3.03423 8.59404 2.55529 -5.97598 0.280895 -1.79528 -7.93264 -5.39389 2.35329 -0.642219 -1.73608 3.22242 -8.54095 -7.25711 -2.51427 -2.19628 -1.35792 -1.04336 -2.16025
62.01 -2.22597 -7.75014 -6.26836 0.511706 -1.20727 -2.20095 1.12647 -8.14104 -7.18904 -3.65601 -2.67943 -1.13627 -0.563962 -2.99539 -7.58514 -7.4712 -0.542932 1.69019 1.17952 -3.19356 -9.47297 0.393635 -11.291 -0.735095 8.46807 4.34232 -5.2648 -7.54235 3.70329 -10.898 -2.77382 9.07993 2.80202 -6.11459 -0.219379 -0.808033 -8.29051 -5.28409 3.04708 -0.286939 -2.06073 3.33201 -8.0105 -7.24995 -2.82421 -1.78827 -1.39229 -0.93702 -1.41821
62.06 -1.25161 -8.05708 -5.9605 1.23217 -0.889456 -2.39684 1.47134 -7.84239 -7.21031 -3.81279 -2.33246 -1.2172 -0.722098 -2.19708 -8.07684 -7.31897 -0.981998 0.875352 0.829437 -2.78097 -9.09435 -0.155141 -11.1914 -0.502817 7.9571 4.32169 -5.11708 -8.22336 3.6225 -11.0183 -2.52921 9.50921 3.03602 -6.15989 -0.719004 0.261145 -8.74282 -5.03733 3.75041 0.14498 -2.47726 3.29233 -7.42974 -7.24606 -3.15268 -1.36474 -1.40725 -0.857345 -0.618702
62.11 -0.0699518 -8.50332 -5.47917 1.98583 -0.457378 -2.65152 1.69852 -7.51221 -7.22987 -3.9621 -1.89531 -1.27336 -0.910009 -1.30417 -8.43664 -7.22095 -1.41096 0.12215 0.517521 -2.35241 -8.6574 -0.777148 -11.0202 -0.257654 7.46374 4.23953 -4.97411 -8.78648 3.44324 -11.1128 -2.29978 9.87477 3.25824 -6.11828 -1.23103 1.2079 -9.19366 -4.7039 4.44748 0.583738 -2.98962 3.09917 -6.80828 -7.24538 -3.51161 -0.957434 -1.40469 -0.801282 0.191323
62.16 1.06841 -8.98982 -4.83961 2.73954 0.0201976 -3.0003 1.77106 -7.15378 -7.24723 -4.12359 -1.42984 -1.30586 -1.1125 -0.360783 -8.66613 -7.16122 -1.82072 -0.564601 0.240044 -1.93154 -8.18254 -1.526 -10.7326 -0.0126027 6.97053 4.07184 -4.8341 -9.23381 3.17208 -11.1857 -2.0853 10.1645 3.46856 -6.01487 -1.77931 1.96015 -9.59255 -4.34596 5.13199 0.987158 -3.5583 2.77686 -6.15692 -7.2488 -3.90134 -0.581537 -1.38653 -0.766071 0.951711
62.21 1.97113 -9.42979 -4.11012 3.46905 0.471489 -3.43849 1.67315 -6.76897 -7.26235 -4.31517 -0.974338 -1.31723 -1.32032 0.549252 -8.77521 -7.12928 -2.20758 -1.18221 -0.00764584 -1.53855 -7.68656 -2.45904 -10.2756 0.210684 6.45064 3.78785 -4.69299 -9.56765 2.82709 -11.2406 -1.88529 10.3557 3.66575 -5.87763 -2.4026 2.53532 -9.93371 -3.99764 5.80472 1.34797 -4.1325 2.36454 -5.49232 -7.25875 -4.30626 -0.239441 -1.35369 -0.749456 1.62403
62.26 2.58218 -9.80628 -3.33047 4.16691 0.872909 -3.92533 1.42152 -6.36165 -7.27566 -4.5426 -0.534271 -1.31019 -1.52755 1.35434 -8.78104 -7.11811 -2.56791 -1.72861 -0.230017 -1.19144 -7.18094 -3.52895 -9.65951 0.375399 5.86436 3.38673 -4.54221 -9.78957 2.43166 -11.28 -1.69799 10.4063 3.84698 -5.72645 -3.14501 2.96246 -10.2238 -3.67043 6.46492 1.67205 -4.6737 1.89931 -4.83057 -7.28006 -4.70138 0.0725696 -1.3051 -0.750082 2.19258
62.31 2.8784 -10.126 -2.4994 4.83358 1.22581 -4.41569 1.05115 -5.93891 -7.28815 -4.79793 -0.0955645 -1.28663 -1.72967 2.00635 -8.7048 -7.12171 -2.89676 -2.2008 -0.430778 -0.910763 -6.67252 -4.56705 -9.00635 0.428018 5.16494 2.92299 -4.36866 -9.9005 2.00533 -11.3046 -1.51943 10.2573 4.00712 -5.57238 -4.01956 3.26463 -10.4706 -3.36563 7.10534 1.96747 -5.15834 1.40938 -4.17381 -7.32119 -5.06037 0.360047 -1.23668 -0.768123 2.65443
62.36 2.88748 -10.398 -1.61738 5.46728 1.53838 -4.87753 0.599072 -5.50843 -7.30146 -5.06536 0.356537 -1.24721 -1.92299 2.47578 -8.56662 -7.13451 -3.18952 -2.59377 -0.612673 -0.719297 -6.16451 -5.49134 -8.43486 0.323978 4.33734 2.44994 -4.15778 -9.90196 1.55907 -11.3137 -1.34326 9.88906 4.13887 -5.42047 -4.98274 3.45968 -10.6805 -3.08122 7.71488 2.24107 -5.5734 0.913139 -3.4977 -7.39683 -5.35818 0.628745 -1.13961 -0.806327 3.01199
62.41 2.73433 -10.6293 -0.731254 6.06116 1.81891 -5.29336 0.0958716 -5.07483 -7.3179 -5.32766 0.823051 -1.19167 -2.10496 2.7625 -8.38102 -7.15244 -3.44369 -2.90021 -0.777454 -0.631262 -5.6567 -6.30762 -7.9921 0.064997 3.43296 1.99343 -3.89639 -9.79652 1.09585 -11.3042 -1.16163 9.37619 4.23504 -5.27254 -5.94705 3.56228 -10.8581 -2.81481 8.28341 2.4978 -5.91119 0.420357 -2.73543 -7.53463 -5.56746 0.884459 -0.996038 -0.872226 3.26841
62.46 2.55889 -10.8257 0.0890235 6.60533 2.07414 -5.65608 -0.436671 -4.63702 -7.34072 -5.56992 1.29793 -1.11906 -2.27476 2.90179 -8.15558 -7.17283 -3.65962 -3.11045 -0.925932 -0.641362 -5.14498 -7.01795 -7.67425 -0.301402 2.52345 1.56632 -3.57685 -9.58871 0.611478 -11.2697 -0.966801 8.8203 4.29034 -5.12912 -6.83574 3.5842 -11.0058 -2.56479 8.80358 2.74096 -6.16339 -0.0662153 -1.74576 -7.79014 -5.64905 1.13383 -0.7701 -0.983796 3.42296
62.51 2.41934 -10.9924 0.80267 7.0886 2.30901 -5.96451 -0.985589 -4.18677 -7.37462 -5.78015 1.78407 -1.02735 -2.43361 2.94205 -7.89303 -7.19386 -3.8404 -3.21254 -1.05804 -0.727594 -4.62085 -7.61065 -7.45652 -0.718162 1.65127 1.17597 -3.20242 -9.28755 0.0938166 -11.1986 -0.753596 8.27486 4.29953 -4.99033 -7.61409 3.53259 -11.1234 -2.33057 9.26974 2.97256 -6.31507 -0.549929 -0.354064 -8.23235 -5.54756 1.38576 -0.416848 -1.18184 3.46385
62.56 2.31404 -11.1333 1.40278 7.49789 2.52678 -6.21998 -1.5463 -3.70719 -7.42712 -5.94802 2.29505 -0.912136 -2.58517 2.92069 -7.59511 -7.21421 -3.99122 -3.19309 -1.17292 -0.863414 -4.07171 -8.07447 -7.31221 -1.14484 0.834442 0.825162 -2.78892 -8.90819 -0.480866 -11.0703 -0.522178 7.75082 4.25328 -4.85613 -8.27337 3.40689 -11.21 -2.11244 9.67559 3.19361 -6.34996 -1.04054 1.25687 -8.7878 -5.25359 1.64907 0.0195585 -1.52582 3.36881
62.61 2.22651 -11.2514 1.89887 7.81586 2.72904 -6.42374 -2.1225 -3.16947 -7.51148 -6.06198 2.84748 -0.764699 -2.73627 2.85798 -7.26547 -7.23303 -4.11884 -3.04147 -1.26899 -1.02705 -3.48301 -8.40525 -7.22002 -1.56033 0.0813863 0.512682 -2.36007 -8.47041 -1.15531 -10.8493 -0.279996 7.23843 4.13352 -4.72593 -8.81356 3.20368 -11.2682 -1.91093 10.0114 3.40418 -6.27903 -1.55644 2.67269 -9.30369 -4.85998 1.92617 0.433246 -2.02706 3.13635
62.66 2.14193 -11.3487 2.30531 8.01853 2.91578 -6.5748 -2.72625 -2.52683 -7.65214 -6.10472 3.45087 -0.568721 -2.89876 2.75966 -6.91034 -7.24988 -4.23126 -2.75912 -1.34435 -1.20407 -2.84226 -8.60758 -7.16499 -1.95534 -0.602687 0.234806 -1.94053 -7.99482 -1.99196 -10.4828 -0.0432734 6.71647 3.91116 -4.59745 -9.23658 2.92905 -11.3037 -1.72602 10.2601 3.60337 -6.14079 -2.12918 3.76257 -9.74579 -4.45334 2.21696 0.788897 -2.63002 2.79644
62.71 2.04774 -11.4257 2.63655 8.07565 3.08546 -6.6676 -3.37651 -1.71211 -7.89025 -6.04782 4.09941 -0.297587 -3.09321 2.61879 -6.53741 -7.26478 -4.33822 -2.3693 -1.3973 -1.38579 -2.14111 -8.69451 -7.13723 -2.32488 -1.21419 -0.0130801 -1.5526 -7.49941 -3.01063 -9.93808 0.158671 6.1518 3.56459 -4.46461 -9.54422 2.59986 -11.3216 -1.55637 10.3897 3.78905 -5.97163 -2.80324 4.53921 -10.1265 -4.06857 2.52456 1.09007 -3.26659 2.38739
62.76 1.93007 -11.4817 2.90551 7.96097 3.23504 -6.69053 -4.09165 -0.691191 -8.26138 -5.85641 4.77447 0.0709295 -3.3526 2.41533 -6.15385 -7.27822 -4.45244 -1.9138 -1.42717 -1.56656 -1.3735 -8.68517 -7.12942 -2.66417 -1.75031 -0.235368 -1.2185 -6.99758 -4.08106 -9.2893 0.277428 5.49864 3.12473 -4.316 -9.73736 2.23507 -11.3254 -1.39849 10.3467 3.95725 -5.79386 -3.61112 5.0404 -10.4596 -3.71329 2.85393 1.3476 -3.88693 1.94152
62.81 1.77107 -11.5161 3.12313 7.67793 3.36064 -6.63266 -4.87211 0.399217 -8.71988 -5.52921 5.4561 0.505962 -3.70761 2.12446 -5.76366 -7.29121 -4.58989 -1.43516 -1.43445 -1.74197 -0.550673 -8.60036 -7.13494 -2.9684 -2.20808 -0.43568 -0.963127 -6.49744 -5.05944 -8.67337 0.257661 4.72057 2.65341 -4.13696 -9.81686 1.84802 -11.3174 -1.24629 10.0839 4.10177 -5.61809 -4.53622 5.30567 -10.7548 -3.38555 3.20582 1.57183 -4.46213 1.48143
62.86 1.55398 -11.5293 3.29854 7.27769 3.45885 -6.50057 -5.68738 1.35683 -9.16786 -5.12539 6.12995 0.939072 -4.14639 1.74241 -5.36595 -7.30532 -4.76296 -0.960662 -1.42038 -1.90838 0.276617 -8.45756 -7.1484 -3.23433 -2.5834 -0.616687 -0.807887 -6.00149 -5.92238 -8.17139 0.0754061 3.83831 2.1887 -3.913 -9.78458 1.44486 -11.2977 -1.09174 9.63262 4.21552 -5.44822 -5.50629 5.37289 -11.0189 -3.08129 3.57261 1.7711 -4.97794 1.02053
62.91 1.27277 -11.5223 3.43924 6.832 3.52782 -6.31955 -6.49225 2.12216 -9.56124 -4.70922 6.78698 1.3356 -4.61736 1.29287 -4.95733 -7.32289 -4.9702 -0.497249 -1.386 -2.06333 1.04884 -8.26795 -7.16618 -3.46112 -2.87016 -0.780101 -0.757828 -5.50686 -6.67817 -7.79933 -0.240486 2.92233 1.74816 -3.63305 -9.64394 1.02588 -11.2643 -0.926188 9.0953 4.29335 -5.28504 -6.43195 5.27819 -11.2568 -2.7969 3.94081 1.95152 -5.42943 0.564906
62.96 0.932314 -11.4937 3.55131 6.39178 3.56688 -6.11636 -7.25324 2.71464 -9.89771 -4.31306 7.41868 1.69241 -5.07129 0.805907 -4.5335 -7.34732 -5.19615 -0.0359718 -1.33117 -2.20604 1.72981 -8.03686 -7.18584 -3.65053 -3.05945 -0.926723 -0.797708 -5.00631 -7.31945 -7.53908 -0.633527 2.03 1.3415 -3.29474 -9.40188 0.586366 -11.2119 -0.742355 8.55105 4.33224 -5.12832 -7.25881 5.05617 -11.4719 -2.53015 4.29647 2.11731 -5.81785 0.115122
63.01 0.540176 -11.4393 3.63949 5.97867 3.57496 -5.90878 -7.95462 3.16027 -10.1849 -3.94587 8.01462 2.01582 -5.47902 0.303491 -4.08669 -7.38384 -5.41894 0.440863 -1.25373 -2.33782 2.30467 -7.76692 -7.20566 -3.80651 -3.13944 -1.05648 -0.901692 -4.48902 -7.83339 -7.3634 -1.05484 1.1882 0.973608 -2.90825 -9.07124 0.115965 -11.1309 -0.537003 8.0289 4.32868 -4.97774 -7.96846 4.73986 -11.6672 -2.28017 4.62806 2.2712 -6.14824 -0.332693
63.06 0.098338 -11.3501 3.70725 5.59585 3.54892 -5.70521 -8.59179 3.47833 -10.4306 -3.60632 8.56409 2.31276 -5.82764 -0.203453 -3.60108 -7.441 -5.61607 0.954175 -1.14835 -2.46245 2.7696 -7.46156 -7.22443 -3.9347 -3.09679 -1.16849 -1.04514 -3.94149 -8.21251 -7.24813 -1.47548 0.408173 0.644955 -2.49417 -8.67063 -0.40404 -11.004 -0.312989 7.52981 4.27546 -4.83296 -8.55799 4.36021 -11.8446 -2.04712 4.92614 2.41483 -6.42742 -0.786903
63.11 -0.403317 -11.2103 3.75652 5.23727 3.48157 -5.50764 -9.16493 3.68329 -10.6406 -3.28983 9.05756 2.58851 -6.11248 -0.714425 -3.04742 -7.53393 -5.76511 1.52222 -1.00456 -2.58696 3.12476 -7.12654 -7.24143 -4.04184 -2.922 -1.26119 -1.2102 -3.34962 -8.45826 -7.17531 -1.8818 -0.304215 0.352748 -2.0766 -8.22133 -1.00667 -10.8023 -0.0797789 7.04316 4.15841 -4.69336 -9.02922 3.94524 -12.0057 -1.83151 5.18112 2.54899 -6.66249 -1.26198
63.16 -0.993849 -10.9923 3.78704 4.89144 3.35897 -5.31386 -9.67526 3.78679 -10.8191 -2.9915 9.48552 2.84655 -6.33059 -1.23963 -2.37621 -7.6903 -5.83987 2.15237 -0.803395 -2.72351 3.36967 -6.76957 -7.25639 -4.1358 -2.61957 -1.33268 -1.38569 -2.70228 -8.58166 -7.13265 -2.26737 -0.945267 0.0926078 -1.67712 -7.74329 -1.74336 -10.4816 0.146576 6.55223 3.95379 -4.55709 -9.38573 3.51914 -12.1516 -1.63352 5.37977 2.67364 -6.86006 -1.78204
63.21 -1.72604 -10.6528 3.7941 4.5411 3.15766 -5.11794 -10.1225 3.79788 -10.9685 -2.70695 9.83478 3.08881 -6.47601 -1.80261 -1.5203 -7.95367 -5.80521 2.83521 -0.516121 -2.89367 3.49866 -6.3987 -7.26954 -4.2261 -2.21633 -1.38148 -1.56463 -1.99206 -8.60213 -7.1122 -2.62705 -1.51243 -0.140051 -1.3133 -7.25255 -2.65236 -10.0011 0.340623 6.03302 3.63706 -4.41926 -9.6321 3.1016 -12.2831 -1.45223 5.49921 2.78788 -7.02581 -2.38303
63.26 -2.64666 -10.1485 3.76262 4.15952 2.85248 -4.90855 -10.5016 3.72138 -11.0901 -2.43196 10.0816 3.31566 -6.53786 -2.44244 -0.471133 -8.34918 -5.62644 3.54967 -0.126828 -3.13212 3.4967 -6.02034 -7.28157 -4.32554 -1.75484 -1.40711 -1.74181 -1.21456 -8.54359 -7.10846 -2.95476 -2.00342 -0.349242 -1.00202 -6.76009 -3.66077 -9.39374 0.46076 5.45028 3.21908 -4.26989 -9.77276 2.70633 -12.4004 -1.28473 5.49808 2.88954 -7.16438 -3.09963
63.31 -3.69088 -9.50871 3.65576 3.70542 2.45398 -4.66698 -10.8 3.55563 -11.1853 -2.1611 10.182 3.52571 -6.50926 -3.20062 0.599873 -8.81169 -5.31433 4.27469 0.319555 -3.47014 3.34673 -5.63653 -7.29372 -4.45035 -1.27489 -1.41022 -1.91255 -0.388982 -8.42849 -7.11639 -3.24459 -2.4154 -0.538093 -0.763779 -6.27154 -4.6202 -8.77983 0.453602 4.76243 2.75382 -4.09454 -9.81133 2.33871 -12.5035 -1.12554 5.32007 2.97468 -7.27924 -3.93593
63.36 -4.70548 -8.85796 3.41325 3.1301 2.01931 -4.37266 -10.9987 3.29626 -11.2574 -1.88668 10.0776 3.7153 -6.4031 -4.08697 1.51312 -9.24955 -4.93474 4.99597 0.754759 -3.89702 3.05345 -5.24404 -7.30777 -4.61315 -0.799507 -1.39205 -2.07294 0.427883 -8.27262 -7.13141 -3.49318 -2.74425 -0.70879 -0.619285 -5.787 -5.47494 -8.25788 0.286684 3.95446 2.2868 -3.87799 -9.7509 1.99585 -12.5924 -0.96685 4.9427 3.03787 -7.37275 -4.85216
63.41 -5.63133 -8.30255 2.98584 2.41929 1.59607 -4.01438 -11.0805 2.94594 -11.3103 -1.60019 9.75568 3.87896 -6.24781 -5.05863 2.23509 -9.63062 -4.547 5.70658 1.14977 -4.36471 2.64739 -4.83754 -7.3263 -4.81305 -0.331924 -1.35337 -2.22059 1.17986 -8.08341 -7.15026 -3.70064 -2.98375 -0.862624 -0.576959 -5.30144 -6.2332 -7.8602 -0.0219176 3.07061 1.84026 -3.60781 -9.5944 1.66975 -12.6662 -0.799743 4.42923 3.07449 -7.44627 -5.77152
63.46 -6.47877 -7.8797 2.38177 1.626 1.20427 -3.59537 -11.0368 2.51827 -11.3464 -1.29577 9.29857 4.01213 -6.07007 -6.03209 2.79038 -9.95622 -4.17861 6.40123 1.50366 -4.825 2.16601 -4.41109 -7.35317 -5.0351 0.138833 -1.29361 -2.35529 1.8359 -7.86191 -7.17079 -3.87004 -3.12472 -1.00004 -0.62551 -4.80575 -6.89335 -7.57651 -0.418837 2.17921 1.42547 -3.27914 -9.34639 1.35037 -12.7238 -0.616067 3.87669 3.08299 -7.50076 -6.6211
63.51 -7.25023 -7.57993 1.664 0.822447 0.849969 -3.13223 -10.8706 2.03361 -11.3666 -0.973173 8.80922 4.11327 -5.88708 -6.93747 3.20455 -10.2343 -3.83684 7.07157 1.82373 -5.24646 1.64069 -3.95528 -7.39438 -5.25695 0.631026 -1.20982 -2.4792 2.3843 -7.60682 -7.19153 -4.00652 -3.1551 -1.12068 -0.740767 -4.28785 -7.43971 -7.38163 -0.852036 1.32516 1.04845 -2.89911 -9.01618 1.02749 -12.7632 -0.4108 3.3437 3.06424 -7.53715 -7.36359
63.56 -7.93414 -7.37638 0.90615 0.0537306 0.533026 -2.64968 -10.5959 1.51253 -11.3691 -0.638475 8.34152 4.18258 -5.70755 -7.74609 3.49633 -10.4721 -3.5206 7.70723 2.11761 -5.61271 1.09407 -3.45191 -7.46 -5.45423 1.16463 -1.09543 -2.5972 2.82275 -7.31836 -7.21138 -4.11651 -3.06236 -1.22342 -0.897732 -3.73392 -7.85772 -7.25092 -1.28879 0.529179 0.710715 -2.48612 -8.61901 0.69118 -12.7805 -0.184024 2.84896 3.01949 -7.55626 -7.98727
63.61 -8.51369 -7.24223 0.159819 -0.658635 0.250182 -2.17286 -10.2333 0.969375 -11.3491 -0.302216 7.90872 4.21947 -5.53488 -8.45264 3.67976 -10.6752 -3.22639 8.29857 2.39128 -5.91567 0.540996 -2.86756 -7.56822 -5.60117 1.7546 -0.937893 -2.71781 3.15169 -7.00005 -7.22961 -4.20742 -2.84053 -1.30659 -1.07767 -3.13104 -8.14138 -7.16515 -1.71382 -0.199276 0.410183 -2.06334 -8.17383 0.33046 -12.77 0.0589196 2.39252 2.94881 -7.55846 -8.49039
63.66 -8.96744 -7.15644 -0.553172 -1.30498 -0.00301442 -1.72145 -9.80555 0.407132 -11.2967 0.0238012 7.50484 4.22059 -5.36957 -9.05679 3.76581 -10.8472 -2.9508 8.83776 2.64888 -6.14927 -0.0108536 -2.1468 -7.75174 -5.6667 2.4027 -0.715106 -2.85567 3.36972 -6.65832 -7.24588 -4.28774 -2.50092 -1.3684 -1.269 -2.47019 -8.29501 -7.11061 -2.12128 -0.855277 0.142798 -1.65164 -7.6995 -0.0707263 -12.7214 0.30925 1.96852 2.84983 -7.5431 -8.87473
63.71 -9.26865 -7.10402 -1.23576 -1.88155 -0.230984 -1.30789 -9.3338 -0.187065 -11.1942 0.329023 7.11492 4.17778 -5.21075 -9.55537 3.76208 -10.9904 -2.69139 9.31795 2.89306 -6.30451 -0.561556 -1.22696 -8.05536 -5.61127 3.09474 -0.397854 -3.0364 3.46869 -6.30069 -7.26033 -4.36809 -2.07643 -1.4077 -1.46514 -1.74489 -8.33311 -7.07799 -2.50795 -1.43588 -0.0959958 -1.26575 -7.21165 -0.541767 -12.6171 0.557295 1.57058 2.71597 -7.50768 -9.14422
63.76 -9.3897 -7.07485 -1.90598 -2.38771 -0.437526 -0.938509 -8.83582 -0.847464 -11.0116 0.604736 6.71868 4.07507 -5.05676 -9.94014 3.67119 -11.1057 -2.44683 9.73105 3.12517 -6.36943 -1.12104 -0.148459 -8.48217 -5.40662 3.80913 0.0151266 -3.29718 3.43112 -5.93317 -7.27358 -4.46273 -1.60974 -1.42446 -1.66168 -0.954189 -8.278 -7.06137 -2.86948 -1.93872 -0.310323 -0.914133 -6.72124 -1.14174 -12.424 0.794337 1.19347 2.53257 -7.44595 -9.30449
63.81 -9.31659 -7.06251 -2.58333 -2.82437 -0.625639 -0.615889 -8.32557 -1.63436 -10.7011 0.842213 6.29198 3.88531 -4.90476 -10.1994 3.49164 -11.1953 -2.2165 10.0641 3.34551 -6.34156 -1.71297 0.883115 -8.94486 -5.08273 4.52716 0.462838 -3.65993 3.24427 -5.55721 -7.28682 -4.58818 -1.13537 -1.41967 -1.85461 -0.129477 -8.15475 -7.05756 -3.19966 -2.36096 -0.503461 -0.600537 -6.23379 -1.98426 -12.0804 1.01295 0.832546 2.27076 -7.34355 -9.36059
63.86 -9.07388 -7.06332 -3.27011 -3.19342 -0.797559 -0.341852 -7.81328 -2.60281 -10.2125 1.02707 5.80729 3.57767 -4.749 -10.3236 3.22607 -11.263 -1.99958 10.2931 3.55312 -6.24025 -2.37783 1.73212 -9.36727 -4.70968 5.23709 0.88619 -4.09908 2.92308 -5.16976 -7.30193 -4.75392 -0.669559 -1.39457 -2.03972 0.667749 -7.98378 -7.06579 -3.4915 -2.69833 -0.677735 -0.326213 -5.7492 -3.19053 -11.5155 1.20503 0.482205 1.89927 -7.16878 -9.31122
63.91 -8.73321 -7.07487 -3.93948 -3.49733 -0.954875 -0.121704 -7.30567 -3.68378 -9.57432 1.12922 5.23137 3.15962 -4.5785 -10.3135 2.88732 -11.3125 -1.79385 10.3724 3.74547 -6.0954 -3.15895 2.39371 -9.73161 -4.33734 5.93263 1.2673 -4.56305 2.50467 -4.76654 -7.32167 -4.9546 -0.21048 -1.34977 -2.21296 1.38804 -7.77428 -7.08569 -3.73893 -2.94423 -0.834537 -0.0925226 -5.26235 -4.61493 -10.782 1.35702 0.136522 1.45557 -6.87285 -9.1462
63.96 -8.37233 -7.09413 -4.55047 -3.73863 -1.09867 0.0315382 -6.80623 -4.7109 -8.91924 1.10193 4.52826 2.69071 -4.37788 -10.1835 2.49319 -11.3463 -1.59457 10.2409 3.91767 -5.93155 -4.06537 2.89606 -10.0428 -3.98597 6.60734 1.60908 -5.00832 2.02811 -4.34215 -7.35009 -5.17266 0.255283 -1.28431 -2.3715 2.00723 -7.5253 -7.11426 -3.93937 -3.08898 -0.974352 0.0961676 -4.76417 -5.93657 -10.0357 1.44592 -0.207244 1.02723 -6.4316 -8.86405
64.01 -8.02956 -7.11778 -5.07461 -3.91903 -1.22962 0.0999895 -6.31529 -5.62597 -8.35816 0.911053 3.69496 2.22077 -4.13175 -9.95388 2.05927 -11.3655 -1.39454 9.88447 4.0629 -5.76331 -5.05118 3.26346 -10.3088 -3.65988 7.25257 1.91923 -5.40911 1.52338 -3.88663 -7.39349 -5.38543 0.746664 -1.19481 -2.51523 2.5175 -7.23563 -7.14711 -4.09532 -3.12015 -1.0968 0.230909 -4.24258 -7.0355 -9.36379 1.44149 -0.550826 0.652631 -5.87359 -8.48521
64.06 -7.70501 -7.14344 -5.50384 -4.0382 -1.34808 0.0741642 -5.82995 -6.44293 -7.92946 0.571038 2.79207 1.77287 -3.82855 -9.64096 1.59613 -11.3692 -1.18547 9.38777 4.175 -5.59764 -6.02896 3.51375 -10.5365 -3.35727 7.85973 2.20492 -5.75288 1.00965 -3.38028 -7.4626 -5.56935 1.28322 -1.0741 -2.64792 2.91835 -6.91014 -7.18092 -4.21338 -3.02524 -1.20067 0.299701 -3.68373 -7.91758 -8.79969 1.31775 -0.898772 0.333686 -5.25346 -8.04111
64.11 -7.38333 -7.16966 -5.84355 -4.09257 -1.454 -0.0362602 -5.34389 -7.16358 -7.62448 0.137883 1.89277 1.35835 -3.46535 -9.25582 1.10858 -11.3541 -0.960088 8.85556 4.25047 -5.43717 -6.92614 3.66079 -10.7309 -3.07491 8.42223 2.47157 -6.03357 0.497036 -2.78739 -7.57683 -5.69938 1.87854 -0.908706 -2.7783 3.21101 -6.55861 -7.21389 -4.30246 -2.79913 -1.28417 0.293508 -3.07484 -8.61287 -8.35419 1.07206 -1.25626 0.061933 -4.62248 -7.56134
64.16 -7.04943 -7.1955 -6.10492 -4.07426 -1.54689 -0.206808 -4.84707 -7.77568 -7.41675 -0.329303 1.03794 0.982818 -3.05213 -8.80914 0.595109 -11.313 -0.714911 8.34039 4.28668 -5.28247 -7.71296 3.71547 -10.8954 -2.80999 8.93532 2.72294 -6.24571 -0.0113559 -2.05004 -7.77074 -5.74437 2.53231 -0.675382 -2.9224 3.39405 -6.19198 -7.2454 -4.3729 -2.45462 -1.34537 0.213579 -2.40705 -9.14894 -8.02037 0.731949 -1.6216 -0.172434 -4.01758 -7.06783
64.21 -6.69448 -7.22042 -6.30056 -3.97073 -1.62568 -0.410747 -4.32591 -8.2675 -7.27952 -0.791716 0.245056 0.647177 -2.61006 -8.31461 0.0457904 -11.2325 -0.452365 7.85336 4.27851 -5.13326 -8.38389 3.68506 -11.0316 -2.56079 9.39459 2.96143 -6.38012 -0.518449 -1.10943 -8.08832 -5.6648 3.22861 -0.345564 -3.10806 3.45863 -5.81917 -7.27565 -4.4371 -2.02542 -1.38295 0.0729367 -1.67387 -9.54582 -7.77956 0.339902 -1.98115 -0.377768 -3.46186 -6.57407
64.26 -6.31653 -7.24423 -6.4424 -3.76664 -1.68858 -0.627686 -3.76502 -8.63321 -7.19182 -1.23125 -0.476931 0.348804 -2.16431 -7.78806 -0.563103 -11.0891 -0.18103 7.38687 4.21494 -4.9888 -8.94065 3.57144 -11.1407 -2.32666 9.79391 3.18835 -6.425 -1.03381 -0.0266444 -8.5225 -5.43691 3.94517 0.0753227 -3.37338 3.38696 -5.44464 -7.30549 -4.51094 -1.55293 -1.39664 -0.109252 -0.876637 -9.81615 -7.60982 -0.0665811 -2.31283 -0.560185 -2.96736 -6.08621
64.31 -5.91821 -7.26731 -6.54074 -3.45101 -1.7331 -0.845461 -3.15309 -8.8742 -7.1389 -1.64233 -1.12169 0.0833601 -1.73703 -7.24423 -1.27785 -10.8429 0.085524 6.92462 4.07496 -4.84768 -9.38618 3.37263 -11.2246 -2.10758 10.1228 3.40401 -6.37992 -1.57663 0.987786 -8.98093 -5.09784 4.66317 0.522382 -3.73606 3.16886 -5.06604 -7.33635 -4.61157 -1.06851 -1.38697 -0.314756 -0.0516833 -9.96705 -7.49172 -0.463778 -2.5935 -0.72363 -2.53752 -5.60413
64.36 -5.50361 -7.29067 -6.60381 -3.02994 -1.75637 -1.05823 -2.49318 -8.99907 -7.11115 -2.02422 -1.68344 -0.15371 -1.34491 -6.69406 -2.16246 -10.4386 0.328304 6.44269 3.82733 -4.70664 -9.7232 3.0918 -11.2873 -1.90337 10.3623 3.60766 -6.26605 -2.18072 1.81608 -9.39468 -4.7177 5.37089 0.941235 -4.16577 2.82282 -4.6753 -7.37054 -4.74771 -0.584139 -1.3544 -0.530383 0.738774 -10.0026 -7.4101 -0.840788 -2.80263 -0.870281 -2.16996 -5.12199
64.41 -5.07532 -7.31622 -6.6374 -2.53254 -1.75566 -1.26359 -1.80857 -9.02267 -7.10242 -2.37618 -2.15535 -0.366286 -1.00146 -6.14307 -3.21499 -9.85704 0.517073 5.90552 3.45668 -4.55831 -9.95349 2.74309 -11.3321 -1.71279 10.4761 3.79714 -6.11314 -2.89144 2.46055 -9.7503 -4.34276 6.06157 1.31761 -4.6108 2.38714 -4.26183 -7.41192 -4.91269 -0.0939167 -1.29819 -0.7489 1.44788 -9.9263 -7.35391 -1.19526 -2.92198 -1.00096 -1.85936 -4.62927
64.46 -4.63207 -7.34719 -6.64449 -1.99562 -1.7287 -1.46035 -1.13299 -8.96344 -7.10773 -2.69589 -2.52809 -0.557185 -0.722484 -5.59073 -4.28257 -9.19561 0.603894 5.26578 3.00529 -4.39014 -10.0774 2.34576 -11.3614 -1.53237 10.4065 3.96825 -5.94453 -3.73533 2.94895 -10.0534 -3.99084 6.72819 1.65543 -5.02996 1.90033 -3.81204 -7.46701 -5.08763 0.418391 -1.21511 -0.968384 2.05321 -9.74279 -7.31531 -1.52951 -2.93475 -1.11544 -1.59937 -4.11237
64.51 -4.16633 -7.38885 -6.62455 -1.44138 -1.67287 -1.64772 -0.494823 -8.83945 -7.12203 -2.98068 -2.78869 -0.728037 -0.528543 -5.02993 -5.24481 -8.5888 0.538999 4.49233 2.5336 -4.18734 -10.095 1.91557 -11.3757 -1.35607 10.1121 4.11442 -5.77373 -4.68656 3.30392 -10.312 -3.66514 7.36214 1.96244 -5.3993 1.39138 -3.30461 -7.54732 -5.24743 0.971192 -1.09783 -1.19147 2.54691 -9.45882 -7.28888 -1.84799 -2.82765 -1.21268 -1.38384 -3.5568
64.56 -3.6609 -7.45009 -6.57237 -0.870039 -1.58329 -1.82583 0.0886998 -8.66458 -7.14131 -3.22939 -2.92022 -0.879286 -0.436594 -4.44665 -6.09633 -8.10463 0.309815 3.61778 2.07427 -3.93627 -10.0074 1.46174 -11.3739 -1.17607 9.6411 4.22844 -5.60691 -5.66663 3.54166 -10.5323 -3.36343 7.95541 2.24555 -5.70627 0.878455 -2.70314 -7.67384 -5.36304 1.57656 -0.932283 -1.42562 2.92658 -9.08367 -7.27088 -2.15608 -2.59818 -1.2912 -1.20735 -2.95041
64.61 -3.0828 -7.54707 -6.47536 -0.266124 -1.44976 -1.99721 0.607996 -8.44701 -7.16293 -3.4432 -2.90381 -1.01024 -0.446798 -3.82045 -6.84573 -7.75073 -0.0447708 2.7163 1.6423 -3.62797 -9.81754 0.986799 -11.3524 -0.984254 9.10049 4.30512 -5.44615 -6.58948 3.67378 -10.7186 -3.08233 8.502 2.50991 -5.94218 0.370537 -1.9501 -7.88312 -5.39903 2.23238 -0.694433 -1.68538 3.18872 -8.62914 -7.25878 -2.46003 -2.26403 -1.34967 -1.06532 -2.28528
64.66 -2.37273 -7.71044 -6.30845 0.388977 -1.25174 -2.1692 1.05525 -8.19057 -7.18513 -3.62617 -2.72728 -1.11931 -0.540547 -3.12746 -7.48417 -7.50557 -0.465151 1.8411 1.24598 -3.26347 -9.53268 0.486246 -11.3035 -0.774512 8.5616 4.34067 -5.29166 -7.40871 3.70742 -10.8736 -2.81899 8.99744 2.75908 -6.09658 -0.130637 -0.995883 -8.21746 -5.31419 2.92234 -0.357476 -1.99706 3.32292 -8.10892 -7.25097 -2.7681 -1.86317 -1.38764 -0.953904 -1.55516
64.71 -1.44424 -7.99114 -6.027 1.10062 -0.955081 -2.35893 1.41751 -7.89797 -7.20663 -3.78592 -2.40264 -1.20461 -0.691223 -2.34639 -7.9989 -7.34155 -0.904171 1.01605 0.888875 -2.85629 -9.1666 -0.0532576 -11.2134 -0.545366 8.04639 4.32936 -5.14299 -8.11083 3.64409 -10.9989 -2.57163 9.43722 2.99525 -6.15867 -0.629662 0.0751447 -8.65989 -5.0896 3.62535 0.0656574 -2.39556 3.31088 -7.53633 -7.24653 -3.09225 -1.43963 -1.40593 -0.869713 -0.763584
64.76 -0.285615 -8.41722 -5.57804 1.85075 -0.54033 -2.59997 1.66844 -7.57311 -7.22654 -3.93524 -1.9768 -1.26515 -0.875153 -1.46887 -8.38229 -7.23522 -1.33587 0.251446 0.570389 -2.42876 -8.7385 -0.65903 -11.0576 -0.301745 7.55092 4.25955 -4.99927 -8.69479 3.48222 -11.0977 -2.33951 9.81482 3.21954 -6.13106 -1.13812 1.05342 -9.1166 -4.76651 4.32429 0.507619 -2.89281 3.14401 -6.92146 -7.24524 -3.44527 -1.02786 -1.40633 -0.80966 0.0492491
64.81 0.8801 -8.90531 -4.96195 2.6067 -0.0642442 -2.9309 1.77062 -7.21956 -7.24431 -4.09305 -1.5126 -1.3017 -1.07586 -0.528719 -8.63449 -7.16957 -1.74938 -0.447372 0.287115 -2.00494 -8.26902 -1.38042 -10.7948 -0.0553951 7.05935 4.10937 -4.85894 -9.16256 3.22638 -11.1741 -2.12239 10.1193 3.43203 -6.03648 -1.67755 1.8401 -9.5259 -4.40957 5.01108 0.918536 -3.45533 2.84197 -6.27435 -7.2478 -3.83024 -0.645921 -1.39084 -0.770922 0.822069
64.86 1.83091 -9.35617 -4.24409 3.34149 0.394619 -3.35555 1.70265 -6.83926 -7.25981 -4.27842 -1.05408 -1.31662 -1.28323 0.393263 -8.76392 -7.13327 -2.14054 -1.07743 0.0344654 -1.60566 -7.7758 -2.27915 -10.3705 0.17391 6.5467 3.84777 -4.71849 -9.51645 2.89285 -11.2321 -1.91988 10.3304 3.63172 -5.90352 -2.28406 2.44455 -9.87696 -4.05823 5.6858 1.28667 -4.03183 2.44276 -5.61075 -7.25633 -4.23414 -0.29798 -1.36062 -0.751128 1.51173
64.91 2.49604 -9.74369 -3.47265 4.04501 0.805204 -3.83726 1.47609 -6.4355 -7.27338 -4.4997 -0.61197 -1.31269 -1.49092 1.2211 -8.78663 -7.11885 -2.50593 -1.63668 -0.192114 -1.24901 -7.27128 -3.3361 -9.7762 0.352627 5.97572 3.46467 -4.5703 -9.75822 2.50476 -11.2741 -1.73054 10.4102 3.81608 -5.75379 -3.00289 2.89616 -10.1756 -3.727 6.34858 1.61669 -4.581 1.9846 -4.94777 -7.27512 -4.63297 0.0189991 -1.31503 -0.748727 2.09921
64.96 2.84871 -10.0729 -2.65151 4.71722 1.16621 -4.32979 1.12406 -6.01491 -7.28592 -4.7511 -0.174336 -1.29198 -1.69425 1.9031 -8.72343 -7.12025 -2.84076 -2.12238 -0.396492 -0.95482 -6.76302 -4.39014 -9.1191 0.429273 5.29921 3.00732 -4.40187 -9.88882 2.08286 -11.3013 -1.55083 10.3005 3.98047 -5.59974 -3.8554 3.21915 -10.4295 -3.41832 6.99329 1.91666 -5.0769 1.49745 -4.29098 -7.31188 -5.00024 0.310419 -1.25062 -0.763561 2.57996
65.01 2.90238 -10.3527 -1.77667 5.35715 1.48531 -4.79836 0.68404 -5.58534 -7.29894 -5.01766 0.274847 -1.25539 -1.88936 2.4061 -8.595 -7.13176 -3.1402 -2.52992 -0.581589 -0.745995 -6.25485 -5.33513 -8.52765 0.35463 4.49245 2.53342 -4.19867 -9.90961 1.63973 -11.3133 -1.37478 9.96837 4.11785 -5.44724 -4.80848 3.43212 -10.6456 -3.13046 7.60914 2.19373 -5.50499 1.00139 -3.62167 -7.37987 -5.31078 0.582043 -1.1596 -0.797807 2.95582
65.06 2.76636 -10.5908 -0.885969 5.95879 1.771 -5.22313 0.188085 -5.15219 -7.31462 -5.28206 0.739291 -1.20277 -2.07346 2.72362 -8.4171 -7.149 -3.40129 -2.85239 -0.749331 -0.639323 -5.74719 -6.16988 -8.06123 0.120666 3.59607 2.07282 -3.94706 -9.82295 1.17963 -11.3075 -1.19472 9.47306 4.22078 -5.29855 -5.77931 3.55021 -10.8287 -2.861 8.18559 2.45317 -5.85704 0.507604 -2.88241 -7.50359 -5.53818 0.839623 -1.02627 -0.857882 3.23011
65.11 2.58805 -10.7931 -0.0498029 6.5126 2.03032 -5.59551 -0.340431 -4.71551 -7.33601 -5.52883 1.21284 -1.1333 -2.24541 2.88557 -8.19846 -7.16911 -3.62388 -3.08057 -0.90069 -0.633231 -5.23667 -6.89974 -7.72269 -0.23101 2.68338 1.6398 -3.638 -9.63286 0.699652 -11.2781 -1.00273 8.9193 4.28369 -5.15431 -6.68513 3.58579 -10.9816 -2.60813 8.71479 2.69857 -6.12531 0.0200014 -1.94769 -7.73242 -5.64627 1.08955 -0.818666 -0.959197 3.40322
65.16 2.44126 -10.9647 0.684071 7.00759 2.26853 -5.91354 -0.887006 -4.26844 -7.36749 -5.74553 1.69621 -1.04522 -2.40602 2.94023 -7.94241 -7.19013 -3.81059 -3.20287 -1.03576 -0.707885 -4.71556 -7.51434 -7.48918 -0.642383 1.80279 1.24257 -3.27251 -9.34738 0.189242 -11.2147 -0.792967 8.37032 4.3016 -5.01469 -7.48419 3.54707 -11.1048 -2.37109 9.19097 2.93213 -6.29632 -0.463708 -0.630867 -8.14019 -5.58098 1.34028 -0.489057 -1.1375 3.46591
65.21 2.331 -11.1099 1.30396 7.43115 2.48918 -6.17831 -1.44559 -3.79577 -7.41593 -5.92171 2.20152 -0.934671 -2.55847 2.92789 -7.65059 -7.21068 -3.96629 -3.206 -1.15379 -0.836678 -4.17192 -8.00165 -7.33355 -1.06932 0.97534 0.884718 -2.86437 -8.98059 -0.372828 -11.0987 -0.564472 7.84279 4.26622 -4.87969 -8.16479 3.4349 -11.1968 -2.15006 9.60814 3.15502 -6.35233 -0.952038 0.975915 -8.68903 -5.31652 1.60118 -0.058695 -1.45229 3.39626
65.26 2.24149 -11.232 1.81756 7.76692 2.69415 -6.39125 -2.01839 -3.27121 -7.49325 -6.04629 2.74553 -0.793892 -2.70897 2.87174 -7.32621 -7.22982 -4.09749 -3.07831 -1.25335 -0.996621 -3.5913 -8.35602 -7.23335 -1.48771 0.210493 0.565639 -2.4364 -8.55166 -1.02531 -10.8976 -0.323299 7.32958 4.16139 -4.74888 -8.72605 3.24542 -11.2597 -1.94557 9.95736 3.36749 -6.2978 -1.46158 2.44388 -9.2174 -4.9327 1.87588 0.363667 -1.92835 3.18668
65.31 2.15733 -11.3329 2.23887 7.99219 2.88373 -6.55194 -2.616 -2.65169 -7.62137 -6.10341 3.33979 -0.60821 -2.86825 2.7799 -6.97508 -7.24703 -4.21197 -2.81822 -1.33253 -1.17202 -2.96052 -8.58049 -7.17255 -1.88677 -0.486157 0.281934 -2.0135 -8.08138 -1.8287 -10.561 -0.0839312 6.81136 3.95964 -4.62039 -9.16977 2.98249 -11.2988 -1.75775 10.2233 3.56882 -6.16852 -2.02119 3.59246 -9.67205 -4.52461 2.16411 0.729861 -2.51845 2.86306
65.36 2.06578 -11.4135 2.5825 8.0775 3.05663 -6.65579 -3.25644 -1.87268 -7.83859 -6.06688 3.98143 -0.352702 -3.05495 2.6477 -6.60474 -7.26226 -4.31907 -2.44481 -1.38956 -1.35337 -2.27063 -8.68668 -7.14051 -2.26118 -1.11079 0.029048 -1.61838 -7.58837 -2.81996 -10.0465 0.127173 6.25735 3.63483 -4.48901 -9.49785 2.66155 -11.3195 -1.58557 10.3774 3.75714 -6.00283 -2.67393 4.42228 -10.0626 -4.13493 2.46834 1.03999 -3.15335 2.4637
65.41 1.95348 -11.4733 2.86168 7.99441 3.21006 -6.69218 -3.95922 -0.884617 -8.18615 -5.90126 4.65333 -0.00139012 -3.29999 2.45733 -6.22265 -7.2759 -4.43089 -1.99765 -1.42353 -1.53466 -1.51498 -8.69293 -7.12965 -2.60622 -1.66053 -0.197505 -1.27294 -7.08694 -3.89491 -9.40594 0.264997 5.62346 3.20691 -4.34424 -9.71133 2.30191 -11.3257 -1.42596 10.3697 3.92884 -5.82554 -3.4575 4.96957 -10.4033 -3.7744 2.79358 1.30447 -3.77923 2.02244
65.46 1.80323 -11.5115 3.08773 7.7389 3.34021 -6.6489 -4.72941 0.210651 -8.63667 -5.59524 5.33503 0.42693 -3.63721 2.18323 -5.83358 -7.28887 -4.56304 -1.52056 -1.43475 -1.71132 -0.699321 -8.62012 -7.13324 -2.91699 -2.1325 -0.401505 -1.00172 -6.58615 -4.8941 -8.77597 0.273078 4.86826 2.73753 -4.17172 -9.81095 1.91818 -11.3197 -1.2733 10.1468 4.07811 -5.64899 -4.36562 5.27401 -10.7047 -3.44205 3.14177 1.53396 -4.36384 1.56366
65.51 1.59732 -11.5285 3.27006 7.3542 3.44348 -6.5285 -5.54178 1.20047 -9.09167 -5.19961 6.01103 0.864243 -4.06428 1.81624 -5.43743 -7.30264 -4.7294 -1.04425 -1.42439 -1.87955 0.131935 -8.48663 -7.14561 -3.18987 -2.52287 -0.585795 -0.82768 -6.08951 -5.77667 -8.25106 0.11905 3.99996 2.27001 -3.95671 -9.79838 1.51771 -11.3021 -1.11981 9.72233 4.1978 -5.47796 -5.33459 5.37379 -10.9739 -3.1339 3.5068 1.73716 -4.8908 1.10227
65.56 1.32739 -11.525 3.41645 6.91196 3.51772 -6.35406 -6.3515 1.99942 -9.49555 -4.78235 6.67162 1.26806 -4.53362 1.37641 -5.03102 -7.31937 -4.93137 -0.579163 -1.39358 -2.03665 0.91738 -8.30483 -7.16282 -3.42357 -2.82595 -0.752256 -0.759504 -5.59507 -6.55166 -7.85663 -0.176947 3.08481 1.8243 -3.68723 -9.67665 1.10175 -11.2714 -0.956819 9.19297 4.28227 -5.3136 -6.27346 5.30533 -11.2162 -2.84618 3.87582 1.92058 -5.35379 0.645526
65.61 0.996874 -11.5005 3.53323 6.46845 3.56214 -6.15322 -7.1219 2.6206 -9.84167 -4.38152 7.30855 1.63156 -4.9933 0.894192 -4.61031 -7.34227 -5.15551 -0.118629 -1.34249 -2.18151 1.61615 -8.0809 -7.18229 -3.6194 -3.03338 -0.901847 -0.78514 -5.09627 -7.21429 -7.57843 -0.560358 2.1856 1.41112 -3.35894 -9.45189 0.666468 -11.223 -0.776627 8.64663 4.32829 -5.15576 -7.11999 5.1035 -11.4352 -2.57639 4.23463 2.08873 -5.75314 0.194864
65.66 0.613538 -11.4512 3.62537 6.04991 3.57589 -5.94557 -7.83444 3.09076 -10.137 -4.00909 7.91166 1.96038 -5.41056 0.393415 -4.16846 -7.37614 -5.38053 0.353934 -1.26936 -2.31503 2.21037 -7.81769 -7.20218 -3.78096 -3.1338 -1.03465 -0.879666 -4.58288 -7.75167 -7.38963 -0.979321 1.33372 1.03618 -2.97974 -9.1358 0.202633 -11.1481 -0.575087 8.11996 4.33266 -5.0041 -7.85096 4.80164 -11.6338 -2.32344 4.57124 2.24459 -6.09339 -0.252829
65.71 0.180856 -11.3691 3.69658 5.66195 3.5563 -5.741 -8.48311 3.43037 -10.3896 -3.66492 8.47013 2.26159 -5.77018 -0.113051 -3.69143 -7.42877 -5.58384 0.859246 -1.16953 -2.44053 2.6949 -7.51827 -7.22121 -3.91363 -3.11389 -1.14992 -1.01762 -4.04179 -8.15496 -7.26511 -1.4014 0.542186 0.700673 -2.5688 -8.74611 -0.306637 -11.0311 -0.353887 7.61733 4.28908 -4.85832 -8.4618 4.43113 -11.8143 -2.08734 4.87594 2.38998 -6.38116 -0.705053
65.76 -0.308671 -11.2399 3.74908 5.29976 3.49708 -5.54242 -9.06754 3.65454 -10.6056 -3.3447 8.97423 2.5408 -6.06656 -0.622887 -3.15282 -7.51376 -5.74317 1.41658 -1.03366 -2.56436 3.06956 -7.18801 -7.23855 -4.02398 -2.96285 -1.24619 -1.17981 -3.45876 -8.42391 -7.18578 -1.81086 -0.182556 0.402274 -2.15015 -8.30393 -0.891283 -10.8455 -0.121338 7.12953 4.18484 -4.71789 -8.95386 4.02055 -11.9782 -1.86859 5.13939 2.52579 -6.62357 -1.17499
65.81 -0.880184 -11.0386 3.7831 4.95273 3.38575 -5.34828 -9.589 3.77535 -10.7895 -3.04347 9.41464 2.80182 -6.29685 -1.14427 -2.50722 -7.65604 -5.83343 2.03587 -0.844587 -2.69754 3.33429 -6.83434 -7.25388 -4.11965 -2.68184 -1.32159 -1.35404 -2.8219 -8.56788 -7.13843 -2.20048 -0.836513 0.13677 -1.74607 -7.8297 -1.59993 -10.5496 0.107752 6.64085 3.99789 -4.58126 -9.33048 3.59485 -12.1267 -1.66749 5.34936 2.65218 -6.82737 -1.68472
65.86 -1.58258 -10.7244 3.79502 4.6048 3.20054 -5.15337 -10.0476 3.80238 -10.944 -2.75677 9.77922 3.04681 -6.45588 -1.6981 -1.68854 -7.89698 -5.82118 2.7107 -0.57483 -2.85954 3.48472 -6.4654 -7.26731 -4.20978 -2.29366 -1.37449 -1.53277 -2.12336 -8.60497 -7.11447 -2.56519 -1.41699 -0.100463 -1.37472 -7.34027 -2.47915 -10.0984 0.310047 6.1289 3.70192 -4.44427 -9.5961 3.17458 -12.2607 -1.48337 5.48528 2.76839 -6.99842 -2.26837
65.91 -2.46968 -10.2506 3.77231 4.23135 2.91474 -4.94754 -10.4396 3.74139 -11.0705 -2.48041 10.0468 3.27644 -6.53346 -2.32089 -0.666448 -8.27077 -5.66929 3.4212 -0.202459 -3.08294 3.50753 -6.08806 -7.27946 -4.30647 -1.8393 -1.40422 -1.71062 -1.35759 -8.55873 -7.10813 -2.89906 -1.92172 -0.313575 -1.05272 -6.84754 -3.48127 -9.50612 0.447178 5.56056 3.29865 -4.29792 -9.75529 2.77469 -12.3805 -1.31374 5.50962 2.87252 -7.14153 -2.96289
65.96 -3.50336 -9.62742 3.68281 3.79381 2.5294 -4.71331 -10.7536 3.59189 -11.1701 -2.20932 10.1775 3.48968 -6.5207 -3.05594 0.417747 -8.72928 -5.37697 4.14562 0.23938 -3.40247 3.38445 -5.70534 -7.29148 -4.42559 -1.36037 -1.41126 -1.88282 -0.537183 -8.4523 -7.11435 -3.19598 -2.34802 -0.50586 -0.799838 -6.35813 -4.45697 -8.88428 0.466222 4.89393 2.83769 -4.12834 -9.81179 2.40216 -12.4862 -1.15359 5.36671 2.96097 -7.26042 -3.7795
66.01 -4.53128 -8.96892 3.46908 3.24289 2.09678 -4.42958 -10.9715 3.3493 -11.2461 -1.93618 10.113 3.68329 -6.42646 -3.92102 1.36496 -9.17553 -5.00416 4.86824 0.679933 -3.81649 3.11498 -5.31477 -7.30502 -4.58123 -0.883408 -1.39679 -2.04528 0.285941 -8.30292 -7.12839 -3.45199 -2.69205 -0.679669 -0.637515 -5.87311 -5.33017 -8.34187 0.327949 4.10579 2.36886 -3.92017 -9.76878 2.05538 -12.5776 -0.995451 5.02267 3.02847 -7.3576 -4.68639
66.06 -5.47268 -8.39198 3.07598 2.55405 1.66942 -4.08287 -11.075 3.01447 -11.3021 -1.65238 9.82617 3.85197 -6.27774 -4.88298 2.11962 -9.56706 -4.61504 5.58109 1.08262 -4.28082 2.72621 -4.91115 -7.32253 -4.77528 -0.414932 -1.36176 -2.19529 1.05247 -8.11943 -7.14673 -3.66662 -2.94802 -0.836448 -0.577281 -5.38829 -6.10509 -7.92202 0.0411683 3.23026 1.91766 -3.66018 -9.62912 1.727 -12.6542 -0.830489 4.52596 3.07003 -7.4346 -5.61133
66.11 -6.33331 -7.94531 2.49982 1.76974 1.27133 -3.6738 -11.0538 2.59918 -11.3411 -1.35136 9.38471 3.99077 -6.10246 -5.86238 2.70251 -9.90199 -4.24228 6.27909 1.44339 -4.74524 2.25568 -4.48879 -7.34755 -4.99491 0.0540572 -1.30588 -2.3322 1.72684 -7.90375 -7.16709 -3.84247 -3.10734 -0.976791 -0.611222 -4.89522 -6.78368 -7.61973 -0.344266 2.33602 1.49665 -3.34177 -9.39689 1.40718 -12.7148 -0.650251 3.97463 3.08351 -7.49241 -6.4771
66.16 -7.11891 -7.62541 1.79662 0.963817 0.910237 -3.21684 -10.9087 2.12308 -11.3642 -1.03172 8.89559 4.09761 -5.91956 -6.78303 3.14025 -10.1879 -3.89572 6.9545 1.76888 -5.17517 1.73628 -4.03921 -7.38562 -5.21856 0.54095 -1.22672 -2.45776 2.29474 -7.65471 -7.18788 -3.98436 -3.15837 -1.10048 -0.716545 -4.38226 -7.35153 -7.41097 -0.774006 1.4733 1.11267 -2.9698 -9.08035 1.08565 -12.7576 -0.448983 3.43595 3.06951 -7.53196 -7.23999
66.21 -7.81952 -7.40682 1.04128 0.186839 0.586823 -2.73582 -10.6518 1.60717 -11.3701 -0.698496 8.42224 4.17257 -5.73905 -7.60963 3.45268 -10.4324 -3.57517 7.59709 2.06693 -5.55199 1.19216 -3.54621 -7.44588 -5.42202 1.06584 -1.11848 -2.57631 2.75274 -7.37203 -7.20795 -4.09855 -3.0883 -1.20652 -0.867678 -3.83576 -7.79311 -7.27042 -1.21164 0.666099 0.768009 -2.56101 -8.69377 0.752472 -12.7793 -0.225781 2.93409 3.02933 -7.5541 -7.8851
66.26 -8.41905 -7.26205 0.290469 -0.5365 0.298221 -2.25634 -10.3032 1.06735 -11.3547 -0.361646 7.98331 4.21537 -5.56506 -8.33435 3.65451 -10.6414 -3.2773 8.19693 2.34384 -5.86664 0.639469 -2.97963 -7.54463 -5.57996 1.64517 -0.969921 -2.69561 3.10116 -7.05863 -7.2265 -4.19227 -2.88925 -1.2933 -1.04456 -3.24238 -8.10067 -7.1778 -1.63935 -0.0748202 0.461117 -2.13831 -8.25571 0.397048 -12.7743 0.0148622 2.47119 2.96335 -7.55932 -8.40962
66.31 -8.89702 -7.16891 -0.428843 -1.19499 0.0400832 -1.79929 -9.88547 0.508926 -11.309 -0.0329785 7.57519 4.22329 -5.39848 -8.95683 3.75722 -10.8188 -2.99861 8.74591 2.60408 -6.1131 0.0871655 -2.28818 -7.71155 -5.66267 2.28356 -0.760856 -2.82892 3.33926 -6.72052 -7.24313 -4.27379 -2.56875 -1.35903 -1.23445 -2.59234 -8.27666 -7.11849 -2.05019 -0.743968 0.188167 -1.72336 -7.7853 0.00467773 -12.7335 0.264591 2.0419 2.86973 -7.5472 -8.81487
66.36 -9.22749 -7.11141 -1.11581 -1.78409 -0.192077 -1.37838 -9.42014 -0.0777832 -11.2172 0.276626 7.18415 4.18919 -5.2386 -9.47465 3.76912 -10.967 -2.73645 9.23712 2.85051 -6.28316 -0.463338 -1.40615 -7.99111 -5.63176 2.96931 -0.462132 -2.9995 3.46047 -6.36519 -7.25787 -4.35321 -2.15628 -1.40237 -1.43009 -1.87896 -8.33386 -7.08249 -2.44082 -1.33816 -0.0553938 -1.3321 -7.29891 -0.450763 -12.641 0.513722 1.63975 2.74284 -7.51566 -9.10443
66.41 -9.38231 -7.07867 -1.78662 -2.30275 -0.402189 -1.00088 -8.92569 -0.722724 -11.0519 0.558183 6.79069 4.09878 -5.08392 -9.88048 3.6938 -11.0872 -2.48931 9.66291 3.08472 -6.36486 -1.01999 -0.343554 -8.40042 -5.45356 3.68126 -0.0631924 -3.24338 3.44863 -5.99917 -7.27127 -4.44409 -1.69414 -1.42309 -1.62684 -1.09892 -8.2935 -7.06333 -2.80723 -1.85503 -0.273809 -0.973994 -6.80839 -1.02134 -12.4672 0.753293 1.25927 2.5699 -7.45934 -9.28369
66.46 -9.3434 -7.06366 -2.46178 -2.75166 -0.593398 -0.669824 -8.41678 -1.48185 -10.7684 0.803242 6.37132 3.92698 -4.93186 -10.1629 3.53009 -11.1811 -2.25648 10.0116 3.30718 -6.35271 -1.60365 0.7113 -8.8642 -5.14594 4.39972 0.383835 -3.58845 3.2882 -5.62484 -7.28439 -4.563 -1.21937 -1.42204 -1.82072 -0.276064 -8.18065 -7.05736 -3.1435 -2.29187 -0.47052 -0.653499 -6.32026 -1.80977 -12.1563 0.975708 0.895826 2.32484 -7.36585 -9.35814
66.51 -9.12674 -7.06232 -3.14803 -3.13258 -0.768068 -0.38692 -7.90427 -2.41772 -10.3131 0.999077 5.89917 3.64162 -4.77741 -10.3115 3.27918 -11.2524 -2.03727 10.2616 3.51719 -6.26232 -2.25201 1.59544 -9.29631 -4.777 5.11163 0.813827 -4.0176 2.98855 -5.23975 -7.299 -4.72151 -0.751726 -1.40048 -2.00753 0.530424 -8.01712 -7.06343 -3.44266 -2.64475 -0.648024 -0.372128 -5.83541 -2.95029 -11.6326 1.17328 0.544075 1.97317 -7.20732 -9.32813
66.56 -8.79718 -7.07214 -3.82349 -3.44789 -0.927891 -0.156478 -7.39548 -3.49127 -9.69342 1.11908 5.34225 3.23968 -4.61058 -10.3246 2.95217 -11.3049 -1.82982 10.372 3.71253 -6.12315 -3.01033 2.28842 -9.67089 -4.40237 5.81015 1.20255 -4.48082 2.58442 -4.83966 -7.31766 -4.917 -0.292189 -1.3592 -2.18314 1.26682 -7.81436 -7.08139 -3.69832 -2.90754 -0.807874 -0.131006 -5.34952 -4.36174 -10.9174 1.33379 0.197873 1.5355 -6.93618 -9.1844
66.61 -8.43571 -7.09029 -4.44755 -3.70017 -1.07403 0.00996955 -6.89447 -4.53634 -9.03112 1.11827 4.66369 2.77524 -4.4165 -10.2145 2.56664 -11.3414 -1.62986 10.2817 3.88879 -5.96133 -3.89617 2.81713 -9.99091 -4.04667 6.48915 1.55079 -4.9318 2.1157 -4.41958 -7.34415 -5.13356 0.171093 -1.29758 -2.34441 1.90491 -7.57262 -7.10874 -3.90709 -3.07114 -0.950717 0.0662141 -4.85417 -5.71678 -10.1646 1.43601 -0.146152 1.09993 -6.52005 -8.92217
66.66 -8.08891 -7.11337 -4.98827 -3.89136 -1.20724 0.0946558 -6.40213 -5.47071 -8.44864 0.957082 3.85072 2.30324 -4.17948 -10.0012 2.13887 -11.3632 -1.43056 9.96159 4.03933 -5.79319 -4.87363 3.20708 -10.2644 -3.71611 7.1403 1.86601 -5.34171 1.61429 -3.97069 -7.38428 -5.34899 0.656433 -1.21276 -2.49062 2.43472 -7.29003 -7.14112 -4.07056 -3.12351 -1.07632 0.2114 -4.33773 -6.85654 -9.4761 1.45045 -0.489527 0.715065 -5.97909 -8.55834
66.71 -7.76206 -7.1388 -5.43426 -4.02158 -1.32791 0.0854862 -5.91616 -6.30434 -7.99608 0.640236 2.95423 1.85039 -3.88697 -9.70221 1.68041 -11.3698 -1.22369 9.4812 4.15766 -5.62679 -5.85934 3.47712 -10.4985 -3.40955 7.75478 2.1556 -5.69618 1.10119 -3.47544 -7.44771 -5.53979 1.18367 -1.09836 -2.6248 2.85495 -6.97029 -7.17493 -4.19477 -3.05176 -1.18361 0.292784 -3.78653 -7.77514 -8.89148 1.34904 -0.836255 0.386713 -5.36592 -8.12352
66.76 -7.44111 -7.165 -5.78917 -4.08792 -1.43608 -0.0114053 -5.43085 -7.04285 -7.67082 0.218954 2.05033 1.42937 -3.53411 -9.32921 1.19712 -11.3584 -1.00162 8.94983 4.23983 -5.46531 -6.77414 3.64165 -10.6986 -3.12382 8.32561 2.42532 -5.98844 0.58797 -2.90151 -7.5519 -5.68144 1.76807 -0.942297 -2.75468 3.16683 -6.62258 -7.20812 -4.28829 -2.8487 -1.27088 0.300209 -3.18732 -8.50148 -8.4249 1.12381 -1.19186 0.107294 -4.73374 -7.64825
66.81 -7.11024 -7.19096 -6.06357 -4.08334 -1.53135 -0.173297 -4.93684 -7.67527 -7.44786 -0.245697 1.18589 1.04671 -3.12849 -8.89258 0.688696 -11.3227 -0.759973 8.43 4.28328 -5.30959 -7.5814 3.71211 -10.8682 -2.85596 8.8478 2.6792 -6.21331 0.0788707 -2.19499 -7.72833 -5.74428 2.41223 -0.723235 -2.8947 3.36975 -6.2579 -7.2399 -4.36122 -2.52331 -1.33618 0.232744 -2.53051 -9.06419 -8.07236 0.797527 -1.55646 -0.133057 -4.12214 -7.15597
66.86 -6.75936 -7.21606 -6.27001 -3.99607 -1.61276 -0.373025 -4.42113 -8.18911 -7.29981 -0.710784 0.381194 0.70408 -2.68972 -8.40543 0.146993 -11.2506 -0.500055 7.93818 4.2836 -5.15944 -8.27291 3.69653 -11.0094 -2.60404 9.31702 2.91985 -6.36244 -0.427969 -1.29185 -8.02167 -5.68974 3.10257 -0.412003 -3.07029 3.45653 -5.8857 -7.27033 -4.42548 -2.10612 -1.37801 0.101581 -1.80937 -9.48472 -7.8166 0.411647 -1.91851 -0.343045 -3.5565 -6.66161
66.91 -6.3854 -7.24007 -6.42061 -3.81095 -1.67865 -0.588763 -3.86838 -8.57738 -7.20453 -1.15504 -0.353916 0.399365 -2.24285 -7.88342 -0.448675 -11.1208 -0.22942 7.46903 4.23108 -5.01421 -8.84978 3.59784 -11.1232 -2.36724 9.72761 3.14878 -6.42388 -0.940787 -0.220513 -8.4404 -5.48754 3.81708 -0.00372406 -3.31892 3.41045 -5.51143 -7.30016 -4.49629 -1.63857 -1.39593 -0.0746494 -1.02219 -9.77692 -7.63575 0.0055778 -2.25689 -0.529194 -3.05065 -6.17254
66.96 -5.99041 -7.26322 -6.52603 -3.51539 -1.72665 -0.806961 -3.26587 -8.84014 -7.14626 -1.5713 -1.01284 0.128403 -1.81092 -7.34174 -1.14001 -10.8966 0.0391809 7.00752 4.10679 -4.87266 -9.31489 3.41424 -11.2114 -2.14547 10.0701 3.36647 -6.39381 -1.47673 0.819723 -8.90157 -5.16307 4.53589 0.443935 -3.6652 3.21796 -5.13403 -7.33069 -4.59113 -1.15479 -1.39037 -0.27714 -0.197744 -9.94872 -7.50969 -0.394386 -2.54823 -0.695812 -2.60934 -5.6897
67.01 -5.57844 -7.28642 -6.59487 -3.11155 -1.75391 -1.02086 -2.61334 -8.98475 -7.11455 -1.9584 -1.58981 -0.113407 -1.41152 -6.79212 -1.99062 -10.5242 0.287957 6.5313 3.88058 -4.73199 -9.67106 3.14728 -11.2775 -1.93866 10.3275 3.57237 -6.28999 -2.06672 1.68286 -9.32533 -4.78586 5.24601 0.86975 -4.08672 2.89216 -4.74618 -7.36407 -4.72098 -0.670422 -1.36188 -0.491661 0.603053 -10.0046 -7.4225 -0.775349 -2.77147 -0.845357 -2.23104 -5.20823
67.06 -5.15254 -7.31139 -6.63341 -2.62492 -1.75765 -1.22764 -1.93073 -9.02507 -7.1028 -2.31582 -2.07831 -0.330103 -1.05839 -6.24114 -3.021 -9.97064 0.489346 6.00721 3.53049 -4.58575 -9.92028 2.80926 -11.3253 -1.74584 10.4674 3.76461 -6.14204 -2.75539 2.35803 -9.69107 -4.40806 5.94018 1.25365 -4.53254 2.46943 -4.33762 -7.40379 -4.88195 -0.182242 -1.31002 -0.709945 1.32888 -9.94788 -7.36243 -1.13376 -2.90807 -0.978869 -1.91076 -4.71832
67.11 -4.71229 -7.34108 -6.64513 -2.09279 -1.73552 -1.42601 -1.25116 -8.97921 -7.10598 -2.64148 -2.46953 -0.524706 -0.766538 -5.68937 -4.09883 -9.31253 0.598368 5.38915 3.08852 -4.42218 -10.0631 2.41925 -11.3572 -1.56398 10.4349 3.93941 -5.97497 -3.57576 2.87233 -10.003 -4.05154 6.61168 1.59779 -4.95851 1.98927 -3.89555 -7.45578 -5.05683 0.324746 -1.23211 -0.929189 1.95353 -9.78302 -7.32116 -1.47131 -2.94095 -1.09629 -1.64222 -4.20679
67.16 -4.25147 -7.38032 -6.63023 -1.54102 -1.68508 -1.61508 -0.60477 -8.86557 -7.11903 -2.93263 -2.75121 -0.69906 -0.55593 -5.13089 -5.08216 -8.68881 0.562944 4.63928 2.61725 -4.22661 -10.0996 1.99404 -11.3743 -1.38748 10.1802 4.09057 -5.80395 -4.5124 3.24972 -10.2689 -3.72126 7.25208 1.90972 -5.33786 1.48264 -3.4005 -7.53042 -5.22133 0.869156 -1.12172 -1.15125 2.46733 -9.51633 -7.29288 -1.79223 -2.85581 -1.1967 -1.4192 -3.6591
67.21 -3.75495 -7.43718 -6.58445 -0.973539 -1.60205 -1.79474 -0.0106743 -8.69899 -7.13765 -3.18775 -2.90711 -0.853817 -0.44521 -4.55294 -5.95222 -8.18094 0.361414 3.7775 2.15433 -3.98498 -10.0306 1.54405 -11.3756 -1.20875 9.73299 4.21076 -5.63619 -5.49432 3.50736 -10.4956 -3.41553 7.85309 2.19666 -5.65659 0.969533 -2.81935 -7.64655 -5.34716 1.46484 -0.966204 -1.38261 2.86744 -9.15662 -7.27359 -2.10175 -2.64749 -1.27866 -1.23612 -3.06245
67.26 -3.19321 -7.5261 -6.4968 -0.376894 -1.47747 -1.96696 0.520594 -8.48865 -7.159 -3.40756 -2.9183 -0.988481 -0.438154 -3.9361 -6.72008 -7.80497 0.0248257 2.87588 1.71675 -3.68715 -9.85858 1.07297 -11.358 -1.01957 9.19785 4.29437 -5.47429 -6.43205 3.65761 -10.6878 -3.131 8.40834 2.46406 -5.90581 0.460407 -2.09819 -7.83771 -5.40029 2.11256 -0.743409 -1.63629 3.151 -8.71525 -7.26059 -2.40591 -2.32966 -1.34076 -1.08826 -2.40823
67.31 -2.51247 -7.67445 -6.34497 0.268107 -1.29308 -2.13796 0.981361 -8.23894 -7.1812 -3.59558 -2.77034 -1.10158 -0.518925 -3.25672 -7.37927 -7.5425 -0.387902 1.99363 1.31369 -3.33201 -9.5898 0.577658 -11.3147 -0.813297 8.65595 4.33755 -5.31872 -7.27133 3.70849 -10.8482 -2.86465 8.91319 2.71573 -6.07562 -0.0418098 -1.17953 -8.14813 -5.33967 2.798 -0.425081 -1.9362 3.30917 -8.20568 -7.2521 -2.71249 -1.93739 -1.38236 -0.97165 -1.69005
67.36 -1.62871 -7.93021 -6.08806 0.970337 -1.0167 -2.32261 1.36019 -7.95253 -7.2029 -3.7587 -2.46958 -1.19123 -0.661382 -2.49254 -7.91677 -7.36593 -0.826073 1.15868 0.949544 -2.93095 -9.23689 0.0465851 -11.2334 -0.587439 8.13633 4.33521 -5.16906 -7.99454 3.66254 -10.9787 -2.61453 9.36327 2.95411 -6.15456 -0.540595 -0.114264 -8.57725 -5.1387 3.50013 -0.0131582 -2.31714 3.32444 -7.64158 -7.24709 -3.03275 -1.51494 -1.40404 -0.882846 -0.90773
67.41 -0.501185 -8.33309 -5.6714 1.71583 -0.621293 -2.55138 1.63359 -7.6331 -7.22314 -3.90865 -2.05714 -1.25618 -0.840813 -1.63143 -8.32377 -7.25076 -1.26018 0.382833 0.624375 -2.50525 -8.81829 -0.544513 -11.0917 -0.345732 7.63825 4.27707 -5.02454 -8.59943 3.51818 -11.0819 -2.37972 9.75257 3.18047 -6.14171 -1.04614 0.89259 -9.03791 -4.82813 4.20069 0.43041 -2.7981 3.18452 -7.03359 -7.24522 -3.37998 -1.09926 -1.40748 -0.818712 -0.0941563
67.46 0.684505 -8.81938 -5.08114 2.47314 -0.149391 -2.86459 1.7647 -7.2845 -7.24131 -4.06341 -1.59562 -1.29686 -1.03943 -0.697269 -8.59893 -7.17885 -1.67734 -0.327962 0.335155 -2.07912 -8.35475 -1.24063 -10.8519 -0.0986935 7.14753 4.14333 -4.88378 -9.0877 3.2782 -11.1619 -2.15995 10.0711 3.39511 -6.05689 -1.57789 1.71425 -9.45736 -4.47341 4.88978 0.848522 -3.35276 2.90401 -6.39126 -7.247 -3.75977 -0.711399 -1.39469 -0.776371 0.689727
67.51 1.68159 -9.28048 -4.3765 3.21291 0.31615 -3.27443 1.72707 -6.9088 -7.25721 -4.24284 -1.1344 -1.31542 -1.24615 0.234222 -8.74923 -7.13795 -2.0727 -0.970413 0.0774005 -1.67411 -7.8647 -2.10484 -10.4597 0.135591 6.64095 3.90363 -4.74377 -9.46171 2.95688 -11.223 -1.9549 10.3011 3.5972 -5.9289 -2.16915 2.34896 -9.81854 -4.11948 5.56653 1.22416 -3.93025 2.51914 -5.72923 -7.25422 -4.16186 -0.357505 -1.36707 -0.753349 1.39616
67.56 2.39994 -9.67925 -3.61329 3.92213 0.735909 -3.74949 1.52669 -6.50882 -7.27108 -4.45779 -0.689821 -1.31466 -1.45415 1.0832 -8.7895 -7.12008 -2.44298 -1.54243 -0.153511 -1.30855 -7.36151 -3.14288 -9.89087 0.326627 6.0837 3.54024 -4.59775 -9.72334 2.5768 -11.2677 -1.7634 10.4081 3.78456 -5.78101 -2.86515 2.8258 -10.1259 -3.78428 6.23168 1.56038 -4.48659 2.06899 -5.06522 -7.27074 -4.56354 -0.0353814 -1.32438 -0.747913 2.00245
67.61 2.80925 -10.0181 -2.8018 4.59985 1.10528 -4.24309 1.19419 -6.09064 -7.28371 -4.70475 -0.252703 -1.29684 -1.65856 1.79411 -8.74 -7.11911 -2.78363 -2.04149 -0.361598 -1.00159 -6.85354 -4.20947 -9.23414 0.425618 5.42916 3.09122 -4.43397 -9.87366 2.15975 -11.2976 -1.58235 10.3364 3.95296 -5.62715 -3.69458 3.17019 -10.3873 -3.47166 6.88032 1.86513 -4.99329 1.58526 -4.40785 -7.30353 -4.93832 0.260165 -1.26373 -0.759604 2.50216
67.66 2.91113 -10.3062 -1.93535 5.24582 1.43119 -4.71777 0.767259 -5.66216 -7.2965 -4.96988 0.193673 -1.26306 -1.85538 2.33044 -8.62184 -7.12919 -3.08966 -2.46338 -0.549958 -0.775982 -6.34523 -5.17545 -8.62455 0.38009 4.64463 2.61735 -4.23801 -9.91385 1.71986 -11.3124 -1.40617 10.0424 4.09572 -5.47414 -4.63478 3.40155 -10.6097 -3.18028 7.50214 2.14583 -5.43417 1.08973 -3.7436 -7.36462 -5.26077 0.534894 -1.1783 -0.790085 2.89644
67.71 2.79731 -10.5512 -1.04249 5.85491 1.72226 -5.15123 0.27929 -5.22946 -7.31151 -5.23589 0.655794 -1.21334 -2.04158 2.67977 -8.45191 -7.14566 -3.35767 -2.8016 -0.720691 -0.650622 -5.83761 -6.02886 -8.13447 0.172569 3.75875 2.15309 -3.99589 -9.84609 1.2628 -11.31 -1.22742 9.56823 4.20525 -5.3247 -5.60937 3.53555 -10.7984 -2.90771 8.08626 2.40811 -5.80025 0.595063 -3.02348 -7.47577 -5.50517 0.79454 -1.05421 -0.844794 3.18863
67.76 2.61839 -10.7595 -0.191971 6.41801 1.98584 -5.53321 -0.244741 -4.7937 -7.33161 -5.48679 1.12803 -1.14696 -2.21568 2.86599 -8.24016 -7.16541 -3.587 -3.04734 -0.874935 -0.627673 -5.32802 -6.77787 -7.77446 -0.162464 2.84441 1.71442 -3.69733 -9.67398 0.786889 -11.2854 -1.03808 9.01857 4.27563 -5.17964 -6.53105 3.58505 -10.9566 -2.65197 8.62433 2.65581 -6.08418 0.106357 -2.13692 -7.68062 -5.63797 1.04529 -0.86322 -0.936946 3.38003
67.81 2.46437 -10.9362 0.561815 6.92432 2.2275 -5.86088 -0.788783 -4.34932 -7.36089 -5.70964 1.60904 -1.06239 -2.37815 2.93634 -7.99065 -7.18639 -3.77979 -3.18943 -1.01293 -0.689879 -4.80956 -7.41398 -7.5243 -0.567042 1.95601 1.31043 -3.34124 -9.40462 0.283074 -11.2292 -0.831726 8.46652 4.302 -5.0392 -7.35053 3.55925 -11.0851 -2.41213 9.11035 2.89136 -6.27387 -0.377613 -0.896986 -8.05307 -5.60769 1.29515 -0.557686 -1.09757 3.46373
67.86 2.34861 -11.0858 1.20176 7.36165 2.45109 -6.13501 -1.3453 -3.88276 -7.40564 -5.89378 2.10923 -0.956265 -2.53171 2.93374 -7.70504 -7.20711 -3.94057 -3.21475 -1.13409 -0.810908 -4.27096 -7.92459 -7.35664 -0.993492 1.11823 0.945508 -2.93918 -9.05101 -0.267587 -11.1244 -0.606342 7.93524 4.27699 -4.90339 -8.05242 3.46044 -11.1826 -2.1882 9.53854 3.11611 -6.3511 -0.864181 0.689404 -8.58912 -5.37568 1.55374 -0.137488 -1.38409 3.41916
67.91 2.25664 -11.2118 1.73333 7.71449 2.65879 -6.35712 -1.91504 -3.37001 -7.47658 -6.0285 2.64522 -0.821692 -2.68193 2.88441 -7.3861 -7.22655 -4.0756 -3.11089 -1.23707 -0.966668 -3.69798 -8.30266 -7.24792 -1.41446 0.341764 0.619719 -2.51289 -8.63162 -0.900094 -10.9416 -0.366631 7.4206 4.18621 -4.77191 -8.63482 3.2848 -11.2504 -1.98074 9.90073 3.33046 -6.31421 -1.36826 2.20457 -9.12866 -5.00482 1.826 0.292202 -1.8333 3.23338
67.96 2.1725 -11.3164 2.16998 7.96143 2.85115 -6.52729 -2.5071 -2.77151 -7.59339 -6.09917 3.23025 -0.645507 -2.83857 2.7989 -7.03921 -7.24412 -4.19242 -2.87366 -1.32002 -1.14016 -3.0769 -8.54963 -7.18102 -1.81742 -0.367343 0.330038 -2.08735 -8.16723 -1.67184 -10.6334 -0.125433 6.90515 4.0041 -4.64326 -9.0993 3.03408 -11.2933 -1.78998 10.1831 3.53387 -6.19515 -1.91615 3.4122 -9.59627 -4.59654 2.11177 0.669032 -2.40826 2.92729
68.01 2.08316 -11.4006 2.52641 8.07396 3.02718 -6.64186 -3.13839 -2.02619 -7.79124 -6.0818 3.8644 -0.404664 -3.01852 2.6748 -6.67171 -7.25968 -4.30006 -2.51798 -1.38109 -1.32095 -2.39806 -8.67568 -7.14446 -2.19655 -1.00502 0.0720084 -1.68572 -7.67708 -2.63216 -10.1506 0.0933975 6.36038 3.70166 -4.513 -9.44786 2.72203 -11.317 -1.61517 10.3601 3.72471 -6.03369 -2.54889 4.2964 -9.99709 -4.20223 2.41281 0.988454 -3.03977 2.5387
68.06 1.97569 -11.4642 2.81618 8.02225 3.18434 -6.69126 -3.829 -1.0742 -8.11445 -5.94145 4.53248 -0.0710851 -3.25041 2.49664 -6.29125 -7.27355 -4.40999 -2.08059 -1.41918 -1.50261 -1.65443 -8.6982 -7.13034 -2.54718 -1.56829 -0.15893 -1.32974 -7.17632 -3.7059 -9.52309 0.248394 5.7443 3.28787 -4.37161 -9.6817 2.368 -11.3255 -1.45367 10.3857 3.89973 -5.85727 -3.30797 4.89106 -10.3458 -3.83641 2.73398 1.26025 -3.67017 2.10282
68.11 1.83361 -11.5063 3.05094 7.7957 3.31893 -6.66264 -4.58811 0.0182265 -8.55342 -5.6584 5.21376 0.348066 -3.5698 2.23897 -5.90328 -7.28655 -4.53731 -1.60604 -1.43437 -1.68039 -0.847429 -8.63798 -7.13182 -2.86438 -2.05434 -0.366708 -1.04344 -6.675 -4.72497 -8.88208 0.283204 5.01217 2.82176 -4.20512 -9.80149 1.98782 -11.3216 -1.30029 10.203 4.0535 -5.68008 -4.19703 5.23587 -10.6536 -3.49931 3.07828 1.49526 -4.26369 1.64582
68.16 1.63859 -11.527 3.24044 7.42895 3.42718 -6.55472 -5.39607 1.03783 -9.01373 -5.27326 5.89161 0.788258 -3.98351 1.88774 -5.50858 -7.30004 -4.69701 -1.12824 -1.42775 -1.85036 -0.014267 -8.51419 -7.14296 -3.14417 -2.45958 -0.554341 -0.850885 -6.17762 -5.62762 -8.33496 0.158102 4.16016 2.35202 -3.99869 -9.80871 1.59008 -11.3061 -1.14758 9.80878 4.17895 -5.50792 -5.16184 5.36936 -10.9281 -3.18716 3.44112 1.7026 -4.80161 1.18417
68.21 1.38007 -11.5271 3.39273 6.99196 3.50667 -6.38776 -6.20946 1.87104 -9.42802 -4.85608 6.55552 1.1992 -4.44951 1.45864 -5.10427 -7.31605 -4.89326 -0.661246 -1.40054 -2.00958 0.78311 -8.34038 -7.15953 -3.38482 -2.77873 -0.723879 -0.764185 -5.68315 -6.42161 -7.91763 -0.11616 3.24789 1.90149 -3.73951 -9.70609 1.17702 -11.278 -0.986897 9.29025 4.26997 -5.34236 -6.11194 5.32825 -11.1748 -2.89602 3.8105 1.88916 -5.27612 0.72635
68.26 1.05977 -11.5065 3.51437 6.54597 3.55644 -6.18989 -6.98869 2.52179 -9.78402 -4.4509 7.19735 1.56961 -4.91392 0.981919 -4.68647 -7.33756 -5.1149 -0.200916 -1.35311 -2.15661 1.49914 -8.1237 -7.17875 -3.58718 -3.00393 -0.876442 -0.774754 -5.18578 -7.10516 -7.62061 -0.488258 2.34275 1.48196 -3.42149 -9.499 0.745683 -11.2332 -0.810206 8.74291 4.32303 -5.18339 -6.97747 5.14768 -11.3978 -2.62316 4.17209 2.05977 -5.68656 0.274711
68.31 0.685364 -11.462 3.61059 6.12215 3.57577 -5.98248 -7.71223 3.01713 -10.0878 -4.07322 7.80728 1.90406 -5.34025 0.483186 -4.24914 -7.36902 -5.34143 0.268044 -1.28414 -2.29199 2.11258 -7.86729 -7.19867 -3.7545 -3.12434 -1.01227 -0.858998 -4.67588 -7.66568 -7.41788 -0.903857 1.48117 1.1 -3.05021 -9.19801 0.287894 -11.1639 -0.61253 8.21182 4.33515 -5.03066 -7.72963 4.86126 -11.5998 -2.36723 4.5134 2.21766 -6.03688 -0.173095
68.36 0.261619 -11.3866 3.68531 5.72889 3.56244 -5.77698 -8.37239 3.37875 -10.3475 -3.72428 8.37444 2.20972 -5.71071 -0.0227299 -3.77987 -7.41754 -5.55023 0.765988 -1.18959 -2.41855 2.61672 -7.57401 -7.21792 -3.89185 -3.12681 -1.13074 -0.990839 -4.14076 -8.09313 -7.2835 -1.32691 0.67832 0.75757 -2.6432 -8.81993 -0.211569 -11.056 -0.39441 7.70534 4.3008 -4.88385 -8.36185 4.50078 -11.7834 -2.12811 4.82445 2.36482 -6.33346 -0.623742
68.41 -0.216556 -11.2673 3.74106 5.36275 3.51097 -5.57735 -8.96817 3.62252 -10.5696 -3.40016 8.88889 2.49252 -6.01856 -0.531683 -3.2549 -7.49536 -5.71907 1.31295 -1.06111 -2.54203 3.01089 -7.24873 -7.23561 -4.00565 -2.99952 -1.23052 -1.14979 -3.56618 -8.38558 -7.19725 -1.73928 -0.0586519 0.452843 -2.22418 -8.38552 -0.779798 -10.8852 -0.162988 7.21589 4.20868 -4.74254 -8.87484 4.0954 -11.9501 -1.90624 5.096 2.5023 -6.58344 -1.08922
68.46 -0.770617 -11.0812 3.77848 5.01401 3.41021 -5.38269 -9.50076 3.76094 -10.7589 -3.0959 9.34138 2.75658 -6.26087 -1.0499 -2.63272 -7.62489 -5.82376 1.92118 -0.883231 -2.67244 3.29532 -6.89863 -7.2513 -4.10332 -2.74065 -1.30977 -1.32252 -2.93957 -8.55069 -7.14495 -2.13281 -0.72543 0.181826 -1.81607 -7.91564 -1.46215 -10.6126 0.0681181 6.72877 4.03848 -4.60543 -9.2717 3.67075 -12.1014 -1.70201 5.31665 2.63039 -6.79365 -1.58973
68.51 -1.44519 -10.7909 3.79489 4.66773 3.24016 -5.18848 -9.97068 3.8041 -10.9186 -2.80692 9.72064 3.00433 -6.43319 -1.59574 -1.84978 -7.84475 -5.83264 2.58732 -0.630122 -2.82733 3.46676 -6.53184 -7.26503 -4.19366 -2.36889 -1.36677 -1.50088 -2.2525 -8.60518 -7.1173 -2.50235 -1.31915 -0.0601144 -1.4377 -7.42789 -2.31024 -10.1909 0.277457 6.22302 3.76322 -4.469 -9.55674 3.24823 -12.2379 -1.51498 5.46789 2.74851 -6.97014 -2.15729
68.56 -2.2978 -10.3477 3.77996 4.30118 2.97367 -4.98565 -10.3751 3.75862 -11.05 -2.52904 10.0077 3.23672 -6.52615 -2.20297 -0.859588 -8.19522 -5.70748 3.29315 -0.275759 -3.03691 3.51369 -6.15563 -7.27735 -4.28812 -1.92303 -1.40062 -1.67924 -1.49874 -8.57197 -7.10819 -2.84218 -1.83754 -0.277252 -1.1056 -6.93511 -3.30061 -9.61761 0.429825 5.66769 3.37642 -4.32523 -9.73456 2.84394 -12.3602 -1.34306 5.51582 2.85501 -7.11793 -2.83013
68.61 -3.31534 -9.74504 3.70593 3.87857 2.60334 -4.75804 -10.7042 3.62519 -11.1543 -2.25748 10.1668 3.45304 -6.5295 -2.91552 0.230758 -8.64626 -5.43708 4.01648 0.159029 -3.33793 3.41746 -5.7739 -7.28928 -4.40201 -1.44596 -1.41162 -1.85278 -0.685285 -8.47477 -7.11254 -3.14605 -2.27803 -0.473044 -0.838792 -6.44487 -4.29027 -8.99144 0.473717 5.02141 2.92139 -4.16092 -9.8091 2.46643 -12.4684 -1.18171 5.40673 2.9466 -7.2409 -3.62605
68.66 -4.3541 -9.08267 3.51908 3.3511 2.1745 -4.48447 -10.9406 3.39939 -11.2341 -1.98533 10.141 3.65049 -6.44811 -3.75828 1.21054 -9.09968 -5.07316 4.7402 0.603826 -3.73756 3.1727 -5.38508 -7.30241 -4.55056 -0.967618 -1.40089 -2.01722 0.14213 -8.33214 -7.12549 -3.40949 -2.63706 -0.65001 -0.659035 -5.95924 -5.18234 -8.42987 0.364393 4.25424 2.4515 -3.96069 -9.78358 2.11549 -12.5624 -1.02384 5.09765 3.01824 -7.34181 -4.5212
68.71 -5.3115 -8.48567 3.16015 2.6857 1.74373 -4.14936 -11.0656 3.08042 -11.2935 -1.70402 9.89166 3.82403 -6.30686 -4.70786 1.99872 -9.50169 -4.68364 5.45514 1.01413 -4.19689 2.80245 -4.98418 -7.31898 -4.73835 -0.497944 -1.36949 -2.16956 0.922103 -8.15443 -7.14326 -3.63136 -2.90925 -0.809753 -0.580626 -5.4749 -5.97399 -7.98761 0.101126 3.38939 1.99602 -3.71066 -9.6609 1.78452 -12.6417 -0.860744 4.62108 3.06467 -7.42232 -5.44916
68.76 -6.18553 -8.01499 2.6138 1.91288 1.33957 -3.75068 -11.0668 2.67816 -11.3354 -1.40634 9.4695 3.96838 -6.13463 -5.69067 2.61006 -9.8462 -4.3068 6.15624 1.38199 -4.66436 2.34383 -4.56564 -7.34234 -4.95484 -0.0301581 -1.31742 -2.30875 1.61439 -7.94454 -7.16339 -3.81382 -3.08654 -0.953015 -0.5992 -4.98406 -6.67049 -7.66592 -0.271044 2.4939 1.569 -3.40267 -9.4447 1.46394 -12.7053 -0.683757 4.0731 3.08316 -7.48349 -6.32977
68.81 -6.9849 -7.6741 1.92764 1.10617 0.971707 -3.30068 -10.9431 2.2113 -11.3613 -1.08983 8.98258 4.08094 -5.95213 -6.62554 3.072 -10.1403 -3.95542 6.83638 1.71317 -5.10216 1.83111 -4.12179 -7.37755 -5.17952 0.452086 -1.24271 -2.43609 2.20169 -7.70152 -7.1842 -3.96133 -3.15779 -1.07972 -0.693759 -4.4756 -7.25933 -7.44246 -0.696175 1.62324 1.17814 -3.0393 -9.1423 1.14345 -12.7515 -0.486457 3.52942 3.07395 -7.52622 -7.11263
68.86 -7.70171 -7.43959 1.17663 0.321677 0.641726 -2.82202 -10.7049 1.70109 -11.3705 -0.758399 8.50411 4.16155 -5.77076 -7.46992 3.40554 -10.3917 -3.63045 7.48558 2.01559 -5.48928 1.29 -3.63824 -7.43294 -5.38839 0.9688 -1.14028 -2.55544 2.67926 -7.42472 -7.20447 -4.07995 -3.11012 -1.189 -0.838419 -3.9361 -7.72423 -7.29143 -1.13416 0.805131 0.826505 -2.63546 -8.7669 0.813068 -12.7772 -0.266976 3.02047 3.03836 -7.5514 -7.7791
68.91 -8.32058 -7.28349 0.422184 -0.412295 0.347225 -2.34055 -10.371 1.16476 -11.3593 -0.421339 8.0589 4.21018 -5.59549 -8.21284 3.62613 -10.6066 -3.32882 8.09369 2.29588 -5.81545 0.737973 -3.08781 -7.52315 -5.55641 1.53766 -1.00006 -2.67384 3.04715 -7.11642 -7.22334 -4.17674 -2.93406 -1.27935 -1.01184 -3.35191 -8.05576 -7.1915 -1.56435 0.0519152 0.513127 -2.21353 -8.33657 0.462492 -12.7775 -0.0289041 2.55093 2.97702 -7.55963 -8.32506
68.96 -8.82193 -7.18249 -0.303445 -1.08279 0.0840022 -1.87829 -9.96389 0.609875 -11.32 -0.0903677 7.6461 4.22467 -5.4276 -8.85357 3.74577 -10.7894 -3.04694 8.65224 2.55883 -6.07453 0.185265 -2.4234 -7.67498 -5.65504 2.16595 -0.803739 -2.80331 3.30513 -6.78217 -7.24032 -4.25976 -2.63364 -1.34894 -1.20008 -2.71248 -8.25452 -7.12711 -1.97846 -0.630282 0.234466 -1.79585 -7.87061 0.0781456 -12.7439 0.219911 2.11614 2.8886 -7.55069 -8.75134
69.01 -9.18074 -7.11958 -0.995328 -1.6844 -0.152473 -1.45026 -9.50557 0.0297244 -11.2379 0.223338 7.2533 4.19884 -5.26662 -9.39041 3.77341 -10.9427 -2.78198 9.15423 2.80757 -6.259 -0.365281 -1.57895 -7.93131 -5.64743 2.84471 -0.523017 -2.96494 3.44805 -6.42936 -7.25537 -4.33868 -2.23457 -1.39632 -1.39507 -2.01085 -8.33151 -7.08752 -2.37292 -1.238 -0.0139973 -1.3995 -7.38606 -0.363277 -12.6623 0.469842 1.7096 2.7683 -7.52287 -9.06113
69.06 -9.36869 -7.08304 -1.66744 -2.21557 -0.366256 -1.06472 -9.01512 -0.601547 -11.0884 0.510483 6.8619 4.11994 -5.11116 -9.81692 3.7136 -11.0678 -2.53223 9.59235 3.04389 -6.35726 -0.919742 -0.53906 -8.32039 -5.49623 3.55358 -0.139965 -3.19293 3.46137 -6.06491 -7.26894 -4.42634 -1.7782 -1.42103 -1.59192 -1.24217 -8.30671 -7.0657 -2.74403 -1.7688 -0.23661 -1.03505 -6.89563 -0.907662 -12.5061 0.711706 1.32561 2.60498 -7.47159 -9.25958
69.11 -9.36443 -7.06525 -2.34067 -2.6768 -0.560635 -0.725278 -8.50789 -1.33519 -10.83 0.762746 6.449 3.96499 -4.95891 -10.1222 3.56576 -11.1662 -2.29689 9.95593 3.26846 -6.36133 -1.49634 0.533635 -8.78235 -5.20728 4.27205 0.304157 -3.51973 3.32763 -5.69214 -7.28201 -4.53912 -1.30365 -1.42376 -1.78661 -0.423201 -8.20496 -7.05754 -3.08616 -2.22013 -0.436974 -0.707701 -6.40685 -1.64696 -12.2252 0.937693 0.959481 2.3754 -7.38616 -9.35242
69.16 -9.17597 -7.06168 -3.02567 -3.06966 -0.738107 -0.433628 -7.99538 -2.23751 -10.408 0.96874 5.98839 3.70168 -4.80543 -10.2951 3.32985 -11.2412 -2.07535 10.2258 3.4808 -6.28285 -2.12976 1.45262 -9.22347 -4.84423 4.98576 0.740098 -3.93718 3.0507 -5.30926 -7.29619 -4.69031 -0.834182 -1.40577 -1.97499 0.390805 -8.04925 -7.06147 -3.39244 -2.58832 -0.617756 -0.419311 -5.9216 -2.71966 -11.743 1.14037 0.60611 2.04407 -7.24226 -9.34143
69.21 -8.86025 -7.06969 -3.70583 -3.39645 -0.900474 -0.193259 -7.48554 -3.29747 -9.81122 1.10511 5.44924 3.31779 -4.6418 -10.3318 3.01518 -11.2968 -1.86604 10.3652 3.679 -6.1502 -2.8659 2.17795 -9.60843 -4.46805 5.68705 1.1365 -4.39816 2.66215 -4.91217 -7.31389 -4.88008 -0.373796 -1.36799 -2.15287 1.14245 -7.85321 -7.07739 -3.65621 -2.86772 -0.780675 -0.170867 -5.43641 -4.10599 -11.0519 1.30875 0.259287 1.61568 -6.99476 -9.21877
69.26 -8.49967 -7.08661 -4.34193 -3.65978 -1.04898 -0.0142028 -6.98299 -4.35803 -9.14575 1.12941 4.79466 2.85961 -4.45376 -10.2422 2.63876 -11.336 -1.66518 10.3149 3.85909 -5.99094 -3.73003 2.73381 -9.93759 -4.10817 6.37008 1.49146 -4.85394 2.20229 -4.49611 -7.33864 -5.09443 0.0875981 -1.31012 -2.31683 1.79914 -7.61863 -7.10338 -3.87336 -3.04978 -0.926537 0.0346233 -4.9435 -5.48981 -10.2956 1.42332 -0.08503 1.17435 -6.60447 -8.97703
69.31 -8.14894 -7.10904 -4.89888 -3.86176 -1.18445 0.0862961 -6.48918 -5.31232 -8.54336 0.998044 4.00378 2.38634 -4.22543 -10.0459 2.21751 -11.3604 -1.46634 10.0335 4.01473 -5.82314 -4.69631 3.14692 -10.2188 -3.77311 7.02685 1.81197 -5.27254 1.70485 -4.05331 -7.37578 -5.31177 0.56754 -1.22977 -2.46562 2.34846 -7.34324 -7.13517 -4.04455 -3.12292 -1.05526 0.189867 -4.43178 -6.67052 -9.59175 1.4557 -0.428328 0.779316 -6.08231 -8.62923
69.36 -7.81931 -7.13419 -5.36178 -4.00294 -1.30734 0.093983 -6.00239 -6.16278 -8.06679 0.706108 3.11627 1.92893 -3.94345 -9.76113 1.76391 -11.3698 -1.26143 9.57319 4.13916 -5.65609 -5.68734 3.43714 -10.4595 -3.46249 7.64844 2.10565 -5.6375 1.19275 -3.56817 -7.43409 -5.50869 1.08597 -1.12132 -2.60152 2.78812 -7.02955 -7.16891 -4.17517 -3.07408 -1.16593 0.283498 -3.8878 -7.62662 -8.98705 1.37632 -0.774033 0.441294 -5.47783 -8.20468
69.41 -7.49856 -7.16033 -5.73225 -4.08104 -1.41776 0.0113807 -5.51754 -6.91877 -7.7204 0.298706 2.2092 1.50162 -3.60117 -9.40057 1.28488 -11.362 -1.04251 9.0446 4.22795 -5.49364 -6.61865 3.61954 -10.6653 -3.17329 8.22744 2.37857 -5.94119 0.67905 -3.0115 -7.52921 -5.66103 1.65954 -0.973922 -2.73134 3.11922 -6.68602 -7.20231 -4.27346 -2.89433 -1.25691 0.304504 -3.29797 -8.38491 -8.49927 1.17231 -1.12778 0.153888 -4.84568 -7.73464
69.46 -7.1704 -7.18639 -6.02007 -4.08981 -1.51538 -0.140969 -5.02593 -7.57108 -7.48133 -0.162046 1.33575 1.11187 -3.20379 -8.9744 0.781259 -11.3313 -0.80444 8.52055 4.27853 -5.33689 -7.44615 3.70604 -10.8401 -2.90242 8.75861 2.63504 -6.17852 0.169184 -2.33353 -7.68968 -5.74048 2.29363 -0.768125 -2.86809 3.3418 -6.32359 -7.23435 -4.34925 -2.58907 -1.32624 0.249872 -2.65192 -8.97495 -8.12742 0.861227 -1.49126 -0.0927243 -4.2282 -7.24406
69.51 -6.82349 -7.21167 -6.23768 -4.01831 -1.59935 -0.335787 -4.51518 -8.10673 -7.32175 -0.629157 0.519542 0.762189 -2.76914 -8.49514 0.24654 -11.2669 -0.547392 8.02374 4.28703 -5.18578 -8.15829 3.70539 -10.9863 -2.64776 9.2376 2.87791 -6.34197 -0.337656 -1.46828 -7.95933 -5.70983 2.97729 -0.475142 -3.03486 3.45022 -5.95218 -7.26499 -4.41405 -2.18524 -1.37232 0.128797 -1.9427 -9.41956 -7.85601 0.48279 -1.85513 -0.307572 -3.65307 -6.74933
69.56 -6.4536 -7.23587 -6.39739 -3.85173 -1.66815 -0.549901 -3.97013 -8.51756 -7.21841 -1.07793 -0.228485 0.450996 -2.32189 -7.97817 -0.337204 -11.1495 -0.277863 7.55145 4.24498 -5.03974 -8.75537 3.62154 -11.1049 -2.40829 9.65917 3.10886 -6.41978 -0.848465 -0.415647 -8.35958 -5.53416 3.6891 -0.0815387 -3.26771 3.42922 -5.57815 -7.29484 -4.48242 -1.72374 -1.39448 -0.0408659 -1.16646 -9.73389 -7.6634 0.0779655 -2.19946 -0.497589 -3.136 -6.25907
69.61 -6.06207 -7.25913 -6.51016 -3.57627 -1.71954 -0.768315 -3.377 -8.80232 -7.15445 -1.49934 -0.901392 0.174367 -1.88585 -7.439 -1.00727 -10.9457 -0.00776776 7.08999 4.13538 -4.89767 -9.24016 3.45319 -11.1974 -2.18383 10.0148 3.32856 -6.40534 -1.3785 0.645655 -8.82084 -5.2267 4.40832 0.364667 -3.5968 3.26276 -5.2017 -7.32513 -4.57183 -1.24112 -1.39305 -0.239889 -0.344597 -9.92673 -7.52889 -0.324369 -2.50079 -0.667456 -2.68317 -5.77533
69.66 -5.65283 -7.28222 -6.58498 -3.1905 -1.75071 -0.983259 -2.73251 -8.96711 -7.11858 -1.89164 -1.49338 -0.0723109 -1.4796 -6.89015 -1.82502 -10.6038 0.24616 6.61842 3.92974 -4.75718 -9.61553 3.20049 -11.2672 -1.9744 10.2891 3.53665 -6.31256 -1.95586 1.54363 -9.25408 -4.85408 5.12061 0.796886 -4.0084 2.95842 -4.81641 -7.35779 -4.69527 -0.756614 -1.36863 -0.453045 0.464886 -10.003 -7.43575 -0.709182 -2.73757 -0.819928 -2.29396 -5.2942
69.71 -5.22931 -7.3067 -6.62857 -2.7159 -1.75881 -1.19142 -2.053 -9.02475 -7.10365 -2.25445 -1.99819 -0.293224 -1.11725 -6.33919 -2.82851 -10.0807 0.458724 6.10591 3.60129 -4.61264 -9.8837 2.87378 -11.318 -1.77923 10.4532 3.73153 -6.17036 -2.62365 2.25044 -9.63014 -4.47407 5.81807 1.18842 -4.45361 2.54992 -4.41237 -7.39603 -4.85166 -0.269981 -1.32104 -0.671008 1.20663 -9.96603 -7.37155 -1.07158 -2.89088 -0.95627 -1.96379 -4.80668
69.76 -4.79187 -7.33527 -6.64495 -2.1894 -1.74145 -1.39136 -1.37042 -8.99283 -7.10455 -2.58597 -2.40751 -0.491589 -0.813165 -5.7878 -3.91167 -9.43074 0.588183 5.50818 3.17092 -4.4532 -10.0455 2.49164 -11.3527 -1.59576 10.4561 3.90982 -6.00531 -3.42003 2.7914 -9.95104 -4.11309 6.49419 1.53912 -4.88555 2.07741 -3.97741 -7.44525 -5.02571 0.232298 -1.24811 -0.890073 1.85032 -9.82003 -7.32742 -1.41259 -2.94339 -1.0766 -1.68651 -4.30006
69.81 -4.33551 -7.37234 -6.63495 -1.64021 -1.69628 -1.58213 -0.716396 -8.89002 -7.11619 -2.88343 -2.70976 -0.669466 -0.586522 -5.23126 -4.91589 -8.79266 0.58147 4.78252 2.70121 -4.26441 -10.1009 2.07174 -11.3723 -1.41882 10.2419 4.06573 -5.83428 -4.33974 3.19173 -10.2246 -3.77816 7.14077 1.85622 -5.27449 1.57373 -3.49371 -7.51479 -5.19402 0.768779 -1.1442 -1.1113 2.38416 -9.57089 -7.29716 -1.7361 -2.88001 -1.18013 -1.45583 -3.75984
69.86 -3.84699 -7.42525 -6.59523 -1.07613 -1.61952 -1.76341 -0.112046 -8.73203 -7.13407 -3.14498 -2.8894 -0.827715 -0.457167 -4.65801 -5.80493 -8.26152 0.408662 3.93602 2.23522 -4.03189 -10.0506 1.6257 -11.3766 -1.24109 9.8222 4.19192 -5.66565 -5.32049 3.46966 -10.4579 -3.46829 7.74932 2.14715 -5.6047 1.06076 -2.93118 -7.62159 -5.329 1.35482 -0.998021 -1.34029 2.80463 -9.22697 -7.2765 -2.04724 -2.69328 -1.26549 -1.26601 -3.17266
69.91 -3.29993 -7.50695 -6.51626 -0.486105 -1.50333 -1.93666 0.430968 -8.52905 -7.15509 -3.3709 -2.92769 -0.966039 -0.432318 -4.04976 -6.59101 -7.86282 0.0920422 3.03616 1.7923 -3.74447 -9.89653 1.1584 -11.3627 -1.05434 9.29515 4.28234 -5.50264 -6.27141 3.6383 -10.656 -3.18023 8.31308 2.41771 -5.86694 0.550513 -2.23977 -7.79617 -5.39793 1.99396 -0.789296 -1.58863 3.10933 -8.7992 -7.26253 -2.35186 -2.3929 -1.33121 -1.11219 -2.52916
69.96 -2.64577 -7.64185 -6.37821 0.149117 -1.33152 -2.10712 0.904913 -8.28615 -7.17725 -3.56418 -2.80845 -1.08312 -0.499251 -3.38326 -7.2705 -7.58214 -0.311398 2.14769 1.38265 -3.39906 -9.64425 0.667969 -11.3248 -0.851445 8.75108 4.333 -5.34596 -7.13025 3.70652 -10.8219 -2.91083 8.8272 2.67197 -6.05175 0.0471425 -1.35791 -8.08288 -5.36051 2.67417 -0.489501 -1.87794 3.29089 -8.30074 -7.25333 -2.6573 -2.01067 -1.37645 -0.990276 -1.82281
70.01 -1.8047 -7.87428 -6.14395 0.841472 -1.07433 -2.28764 1.29959 -8.00605 -7.19912 -3.73105 -2.53291 -1.17707 -0.632691 -2.63553 -7.83049 -7.39224 -0.747803 1.30319 1.01146 -3.00482 -9.3051 0.14458 -11.2515 -0.628992 8.22699 4.33932 -5.19529 -7.8745 3.67787 -10.9576 -2.65791 9.2874 2.91258 -6.14746 -0.451719 -0.305891 -8.49551 -5.18422 3.37483 -0.0910181 -2.24202 3.333 -7.74544 -7.24775 -2.97414 -1.5905 -1.40157 -0.89676 -1.05079
70.06 -0.714746 -8.25174 -5.759 1.58128 -0.699699 -2.50555 1.59422 -7.69218 -7.21968 -3.88221 -2.13596 -1.24643 -0.807063 -1.7915 -8.26104 -7.26766 -1.18394 0.516287 0.679504 -2.58173 -8.89667 -0.433253 -11.1228 -0.389532 7.72584 4.29222 -5.04993 -8.50037 3.55109 -11.0653 -2.42041 9.68809 3.14104 -6.15006 -0.954957 0.725551 -8.95775 -4.88844 4.0767 0.352274 -2.7058 3.22052 -7.14463 -7.24532 -3.31577 -1.17159 -1.40811 -0.828454 -0.238554
70.11 0.482374 -8.73239 -5.19675 2.33898 -0.234904 -2.80147 1.75333 -7.34857 -7.23824 -4.03457 -1.67875 -1.29131 -1.00324 -0.865914 -8.5594 -7.1891 -1.60459 -0.206384 0.384192 -2.15398 -8.43966 -1.10626 -10.9041 -0.142366 7.23524 4.17393 -4.90866 -9.00922 3.32743 -11.1492 -2.19797 10.0203 3.35778 -6.07595 -1.48006 1.58243 -9.38694 -4.53736 4.76809 0.777117 -3.25088 2.96274 -6.50753 -7.24636 -3.69004 -0.777974 -1.39808 -0.782429 0.554862
70.16 1.52336 -9.20274 -4.50719 3.08334 0.236146 -3.19542 1.74627 -6.97756 -7.25454 -4.20843 -1.21531 -1.31361 -1.2091 0.0724927 -8.73105 -7.14335 -2.00406 -0.861166 0.121184 -1.74382 -7.95319 -1.93659 -10.5428 0.0959552 6.73363 3.95539 -4.76887 -9.40341 3.01907 -11.2134 -1.99035 10.2679 3.56222 -5.95368 -2.05759 2.24838 -9.75841 -4.18137 5.4469 1.16039 -3.82795 2.59347 -5.84768 -7.2524 -4.08958 -0.418043 -1.37306 -0.756123 1.27738
70.21 2.294 -9.6129 -3.75245 3.79824 0.664994 -3.66228 1.57308 -6.58156 -7.26873 -4.41692 -0.767929 -1.3161 -1.41727 0.940891 -8.78952 -7.12185 -2.3791 -1.44587 -0.114188 -1.36992 -7.4516 -2.95045 -10.0026 0.297733 6.18858 3.61304 -4.62464 -9.68495 2.6477 -11.2608 -1.7966 10.4003 3.75245 -5.80806 -2.73179 2.75126 -10.0748 -3.8423 6.11427 1.50308 -4.39058 2.15235 -5.18294 -7.26686 -4.49326 -0.0906047 -1.33316 -0.747636 1.90229
70.26 2.75979 -9.96179 -2.95023 4.48149 1.04297 -4.15575 1.26134 -6.16605 -7.2815 -4.65899 -0.330745 -1.30119 -1.62263 1.67953 -8.75441 -7.11831 -2.72541 -1.95816 -0.326082 -1.05095 -6.94406 -4.02523 -9.35089 0.417286 5.5548 3.17442 -4.46505 -9.85501 2.23594 -11.2933 -1.61402 10.3649 3.92465 -5.65459 -3.53743 3.11766 -10.3438 -3.52568 6.7665 1.81284 -4.90758 1.67271 -4.52459 -7.29606 -4.87473 0.209252 -1.27608 -0.756233 2.42102
70.31 2.91285 -10.2583 -2.09306 5.13333 1.37597 -4.63585 0.848567 -5.73885 -7.29413 -4.92213 0.11304 -1.27023 -1.82105 2.24875 -8.64706 -7.12681 -3.03791 -2.39419 -0.517771 -0.809191 -6.43563 -5.0122 -8.7254 0.400264 4.79346 2.70163 -4.27589 -9.91467 1.79947 -11.3109 -1.43749 10.1105 4.07254 -5.50116 -4.46221 3.36791 -10.5727 -3.2307 7.39394 2.09736 -5.36097 1.17811 -3.86391 -7.3509 -5.20831 0.487266 -1.1958 -0.783113 2.83383
70.36 2.82641 -10.5105 -1.20042 5.74958 1.67266 -5.07767 0.369375 -5.30665 -7.30856 -5.18923 0.5726 -1.22338 -2.0093 2.63068 -8.4854 -7.14241 -3.31282 -2.74788 -0.69153 -0.665219 -5.92797 -5.88459 -8.21191 0.220373 3.92062 2.23418 -4.0429 -9.86592 1.34539 -11.3119 -1.25978 9.66113 4.18848 -5.35099 -5.43764 3.51821 -10.7671 -2.95494 7.98546 2.36259 -5.74087 0.682726 -3.15954 -7.45081 -5.46869 0.749171 -1.08011 -0.83285 3.14397
70.41 2.64973 -10.7249 -0.337311 6.32162 1.94067 -5.46918 -0.149663 -4.87163 -7.3275 -5.44385 1.04346 -1.16004 -2.18559 2.84276 -8.28067 -7.16176 -3.54895 -3.01084 -0.848667 -0.624837 -5.41911 -6.65244 -7.82973 -0.0960831 3.00634 1.79016 -3.75481 -9.71199 0.873265 -11.2918 -1.07288 9.1179 4.26617 -5.20513 -6.37365 3.58195 -10.9306 -2.69631 8.53222 2.61266 -6.04008 0.192877 -2.31468 -7.63423 -5.62453 1.00099 -0.904084 -0.916775 3.35347
70.46 2.48875 -10.9068 0.435898 6.83887 2.1859 -5.80652 -0.690934 -4.42952 -7.35477 -5.67252 1.52245 -1.07889 -2.35 2.93019 -8.03774 -7.18264 -3.74798 -3.17229 -0.989575 -0.673728 -4.90293 -7.30963 -7.56203 -0.492337 2.11086 1.37954 -3.40847 -9.45918 0.375462 -11.2421 -0.869864 8.56344 4.30078 -5.06385 -7.2131 3.56913 -11.0644 -2.45366 9.02789 2.85025 -6.24781 -0.291582 -1.15026 -7.97186 -5.62764 1.2503 -0.62221 -1.06167 3.45749
70.51 2.36697 -11.061 1.09611 7.28948 2.4125 -6.09006 -1.24542 -3.96832 -7.39615 -5.86429 2.01808 -0.976974 -2.50483 2.93815 -7.75842 -7.20349 -3.91404 -3.21939 -1.11381 -0.786219 -4.3689 -7.84331 -7.38157 -0.917451 1.26307 1.00755 -3.01322 -9.11934 -0.164873 -11.1477 -0.647739 8.02824 4.28571 -4.92723 -7.93626 3.48352 -11.1676 -2.22687 9.46687 3.07687 -6.34614 -0.77685 0.399572 -8.48885 -5.43036 1.50675 -0.216237 -1.3213 3.43748
70.56 2.27202 -11.191 1.64609 7.65873 2.62294 -6.32136 -1.81238 -3.46615 -7.46133 -6.0087 2.54649 -0.848199 -2.65507 2.89596 -7.4451 -7.22321 -4.05313 -3.1392 -1.22015 -0.937259 -3.80312 -8.24512 -7.26381 -1.34062 0.475173 0.674947 -2.58942 -8.71015 -0.779265 -10.9817 -0.409889 7.51162 4.20815 -4.79503 -8.53985 3.32177 -11.2403 -2.01644 9.84161 3.29308 -6.328 -1.27628 1.95501 -9.03747 -5.07591 1.77655 0.218924 -1.7423 3.27623
70.61 2.1875 -11.2993 2.09854 7.92641 2.81806 -6.5009 -2.39943 -2.88672 -7.56793 -6.09218 3.12231 -0.680783 -2.8096 2.81671 -7.10268 -7.24114 -4.17259 -2.9253 -1.30681 -1.10852 -3.19145 -8.51492 -7.19044 -1.74732 -0.246264 0.379145 -2.16197 -8.25228 -1.52132 -10.7 -0.167597 6.99805 4.04464 -4.66609 -9.02517 3.08372 -11.2872 -1.82272 10.1396 3.49852 -6.22046 -1.81378 3.22162 -9.51837 -4.66901 2.0599 0.606359 -2.29981 2.98893
70.66 2.09999 -11.3871 2.46821 8.06518 2.99714 -6.62587 -3.02224 -2.17284 -7.74799 -6.09281 3.74847 -0.453608 -2.98369 2.70022 -6.73827 -7.25705 -4.28111 -2.58853 -1.37188 -1.28856 -2.52342 -8.66139 -7.14913 -2.13102 -0.896892 0.115825 -1.7545 -7.76546 -2.44832 -10.2497 0.0576512 6.46117 3.76478 -4.53665 -9.39424 2.78119 -11.314 -1.6452 10.338 3.69178 -6.06411 -2.42796 4.16134 -9.92995 -4.27047 2.35791 0.935412 -2.92609 2.61222
70.71 1.99682 -11.4545 2.76894 8.04442 3.15791 -6.68784 -3.70104 -1.25874 -8.04675 -5.97692 4.41204 -0.137853 -3.20367 2.5334 -6.35962 -7.27118 -4.38963 -2.16238 -1.41409 -1.47044 -1.79176 -8.70085 -7.13152 -2.48708 -1.4736 -0.119623 -1.38873 -7.26571 -3.51472 -9.63994 0.227943 5.86136 3.36723 -4.39818 -9.64844 2.43329 -11.3249 -1.48163 10.3949 3.86995 -5.88899 -3.16272 4.80463 -10.287 -3.89933 2.67514 1.21486 -3.55991 2.18257
70.76 1.86228 -11.5004 3.01273 7.84794 3.2968 -6.67379 -4.44843 -0.176954 -8.47069 -5.71824 5.09236 0.269786 -3.50553 2.29165 -5.97278 -7.28425 -4.51264 -1.69147 -1.4333 -1.64922 -0.994631 -8.65384 -7.1307 -2.81057 -1.97362 -0.331275 -1.08815 -6.76399 -4.55199 -8.99138 0.288115 5.15207 2.90596 -4.23726 -9.78846 2.05692 -11.3231 -1.3273 10.2522 4.028 -5.71134 -4.03096 5.19104 -10.6014 -3.55736 3.0154 1.45569 -4.16176 1.72785
70.81 1.67781 -11.5248 3.20964 7.5015 3.40997 -6.57905 -5.25052 0.868981 -8.93419 -5.34598 5.77175 0.711235 -3.90441 1.95673 -5.57943 -7.29753 -4.66582 -1.21262 -1.43047 -1.82083 -0.161664 -8.54018 -7.14048 -3.09722 -2.39358 -0.522316 -0.877503 -6.26583 -5.47518 -8.42309 0.192315 4.31845 2.43467 -4.03897 -9.81556 1.66199 -11.3098 -1.17509 9.89129 4.159 -5.5381 -4.98855 5.35941 -10.8814 -3.24107 3.37566 1.66739 -4.7104 1.26621
70.86 1.43078 -11.5286 3.36803 7.07177 3.49468 -6.42051 -6.06628 1.73684 -9.3586 -4.93026 6.43873 1.12904 -4.3653 1.53937 -5.17709 -7.3129 -4.85598 -0.743567 -1.40685 -1.98211 0.646196 -8.37459 -7.15632 -3.34485 -2.72854 -0.694967 -0.771989 -5.77115 -6.28808 -7.98248 -0.0584702 3.4113 1.97967 -3.7899 -9.73221 1.25173 -11.2841 -1.01646 9.38678 4.25647 -5.37134 -5.94762 5.34676 -11.1328 -2.94644 3.74492 1.85724 -5.19641 0.807382
70.91 1.12097 -11.5118 3.49471 6.62425 3.54978 -6.22628 -6.85369 2.41808 -9.72472 -4.52119 7.08514 1.50652 -4.83329 1.06898 -4.76203 -7.33316 -5.07445 -0.282942 -1.36306 -2.13134 1.37884 -8.16523 -7.17523 -3.55385 -2.97116 -0.850509 -0.766705 -5.27489 -6.99212 -7.66577 -0.417482 2.50132 1.55401 -3.48232 -9.54311 0.824078 -11.2427 -0.843106 8.8398 4.31648 -5.21122 -6.83131 5.18851 -11.3597 -2.67046 4.10889 2.03041 -5.61806 0.35469
70.96 0.755654 -11.472 3.59514 6.19538 3.57462 -6.01946 -7.58799 2.93928 -10.0372 -4.13827 7.70155 1.84684 -5.26814 0.572756 -4.32884 -7.36242 -5.30177 0.183072 -1.29813 -2.26865 2.01132 -7.91573 -7.19514 -3.72708 -3.11114 -0.989333 -0.83982 -4.76807 -7.57546 -7.44828 -0.828581 1.6305 1.16509 -3.11953 -9.25778 0.371864 -11.1786 -0.649308 8.30449 4.33618 -5.0574 -7.6045 4.91854 -11.5653 -2.41156 4.45461 2.19039 -5.97866 -0.0934375
71.01 0.340698 -11.4028 3.67346 5.7967 3.56739 -5.81317 -8.25962 3.32341 -10.3042 -3.78443 8.27709 2.15714 -5.64925 0.0675207 -3.86659 -7.4072 -5.51535 0.674303 -1.20858 -2.39646 2.53505 -7.62872 -7.21459 -3.86932 -3.13559 -1.11098 -0.964901 -4.23848 -8.027 -7.3034 -1.25206 0.816548 0.815667 -2.71723 -8.89196 -0.11863 -11.0789 -0.434495 7.7939 4.31071 -4.90956 -8.25811 4.56902 -11.752 -2.16942 4.7717 2.33935 -6.28429 -0.542881
71.06 -0.126784 -11.2926 3.73247 5.4263 3.52332 -5.61244 -8.86679 3.58717 -10.5326 -3.45625 8.80159 2.44366 -5.96849 -0.440743 -3.35396 -7.47856 -5.69295 1.2113 -1.08702 -2.51991 2.94875 -7.30867 -7.2326 -3.9868 -3.03196 -1.21421 -1.12019 -3.67194 -8.34319 -7.20978 -1.66711 0.0674796 0.504482 -2.29857 -8.46601 -0.671885 -10.9217 -0.204629 7.30234 4.23007 -4.76732 -8.79214 4.16964 -11.9216 -1.94444 5.051 2.47852 -6.54204 -1.00453
71.11 -0.664807 -11.1207 3.77322 5.0754 3.4325 -5.41712 -9.41054 3.74353 -10.7275 -3.14881 9.26583 2.71082 -6.22268 -0.956358 -2.75314 -7.59657 -5.81109 1.80835 -0.919511 -2.64808 3.25279 -6.9624 -7.24866 -4.08675 -2.79584 -1.29725 -1.29118 -3.05532 -8.52998 -7.15224 -2.06438 -0.612032 0.227802 -1.88702 -8.00102 -1.3298 -10.6708 0.0278292 6.81613 4.07569 -4.62964 -9.20938 3.74673 -12.0756 -1.73707 5.28178 2.6083 -6.75886 -1.49683
71.16 -1.3136 -10.8524 3.79381 4.73006 3.2767 -5.22334 -9.89169 3.80303 -10.8922 -2.85742 9.65918 2.96136 -6.40798 -1.49528 -2.004 -7.79685 -5.8398 2.46521 -0.68208 -2.79682 3.44489 -6.598 -7.26271 -4.17766 -2.44176 -1.35831 -1.46899 -2.37951 -8.6026 -7.12072 -2.43857 -1.21893 -0.0189818 -1.50214 -7.51537 -2.14629 -10.2783 0.243114 6.31561 3.82081 -4.49352 -9.51397 3.32247 -12.2147 -1.54707 5.44728 2.72828 -6.94096 -2.0496
71.21 -2.13165 -10.4393 3.78582 4.36928 3.02912 -5.023 -10.3082 3.77307 -11.0286 -2.57788 9.96468 3.19649 -6.51595 -2.08843 -1.04914 -8.12311 -5.74086 3.16564 -0.346326 -2.99386 3.51528 -6.22304 -7.27522 -4.27037 -2.0058 -1.39629 -1.64772 -1.63788 -8.58321 -7.10868 -2.78415 -1.75089 -0.240254 -1.16054 -7.02278 -3.11972 -9.7274 0.409028 5.77193 3.45202 -4.35189 -9.71057 2.91406 -12.3395 -1.37272 5.51704 2.83702 -7.09353 -2.70139
71.26 -3.12777 -9.86072 3.72551 3.95998 2.67541 -4.80131 -10.6518 3.65555 -11.1376 -2.30562 10.1502 3.41581 -6.53556 -2.77935 0.0397469 -8.56312 -5.4942 3.88732 0.0788788 -3.27665 3.44568 -5.84224 -7.28713 -4.37957 -1.53157 -1.41129 -1.82245 -0.832905 -8.49583 -7.11101 -3.09484 -2.20547 -0.439634 -0.880522 -6.53177 -4.1202 -9.10085 0.476229 5.1449 3.00469 -4.19235 -9.80324 2.53157 -12.4502 -1.20994 5.44019 2.93159 -7.22069 -3.47587
71.31 -4.17403 -9.1987 3.56351 3.45474 2.25225 -4.53737 -10.9062 3.44649 -11.2215 -2.03418 10.1617 3.61693 -6.46785 -3.59907 1.04982 -9.02208 -5.14144 4.61186 0.526528 -3.66055 3.22642 -5.45501 -7.29989 -4.52117 -1.05215 -1.40433 -1.98878 -0.00325375 -8.36028 -7.12274 -3.36565 -2.57933 -0.619808 -0.683819 -6.04542 -5.03134 -8.52179 0.395827 4.39947 2.53464 -3.99961 -9.79531 2.17624 -12.5467 -1.05205 5.16713 3.0072 -7.32538 -4.3571
71.36 -5.1477 -8.58351 3.2382 2.81382 1.81893 -4.21379 -11.0522 3.14371 -11.2843 -1.75512 9.9515 3.79515 -6.33502 -4.53383 1.87221 -9.43447 -4.75272 5.32876 0.944267 -4.11317 2.8759 -5.05666 -7.31565 -4.70235 -0.581039 -1.37657 -2.14341 0.788898 -8.18842 -7.13987 -3.59486 -2.86747 -0.782538 -0.58709 -5.5613 -5.83992 -8.05708 0.157612 3.5476 2.0753 -3.75928 -9.68971 1.84237 -12.6287 -0.890554 4.71403 3.05842 -7.40943 -5.28539
71.41 -6.03542 -8.08885 2.72328 2.05503 1.40899 -3.82592 -11.0759 2.75509 -11.3291 -1.46071 9.55238 3.94499 -6.16649 -5.51732 2.5129 -9.78881 -4.37216 6.03274 1.31943 -4.58248 2.43029 -4.6417 -7.33749 -4.91505 -0.113925 -1.32825 -2.28491 1.49858 -7.98427 -7.15972 -3.78405 -3.06238 -0.928716 -0.589596 -5.07235 -6.5539 -7.71523 -0.19945 2.65265 1.64252 -3.46178 -9.48977 1.52069 -12.6952 -0.716607 4.17182 3.08193 -7.47398 -6.17926
71.46 -6.84829 -7.72617 2.05665 1.2493 1.03439 -3.38361 -10.974 2.29816 -11.3578 -1.14745 9.06997 4.06325 -5.98475 -6.46511 2.99969 -10.0912 -4.01598 6.71729 1.65655 -5.02753 1.92507 -4.20315 -7.37011 -5.13999 0.364319 -1.25784 -2.41416 2.10515 -7.74726 -7.18051 -3.93738 -3.15344 -1.05841 -0.672545 -4.56797 -7.16318 -7.47623 -0.618699 1.77487 1.24487 -3.1075 -9.20192 1.20093 -12.7446 -0.523213 3.62405 3.07755 -7.51992 -6.98155
71.51 -7.5808 -7.47483 1.31195 0.458153 0.697757 -2.90814 -10.7549 1.7942 -11.3702 -0.818117 8.58709 4.14952 -5.80268 -7.32697 3.35483 -10.3497 -3.68647 7.37277 1.96355 -5.42464 1.38751 -3.72819 -7.42107 -5.35346 0.873443 -1.1609 -2.53452 2.60231 -7.4764 -7.20095 -4.06065 -3.12783 -1.17088 -0.810052 -4.03502 -7.6511 -7.31403 -1.05639 0.946232 0.886219 -2.70934 -8.83829 0.873032 -12.7743 -0.30757 3.10812 3.04657 -7.54817 -7.66928
71.56 -8.2184 -7.30665 0.554884 -0.286061 0.397221 -2.42538 -10.4364 1.26163 -11.3631 -0.481227 8.13554 4.20392 -5.62615 -8.08809 3.59456 -10.5708 -3.38096 7.98886 2.24738 -5.76214 0.836474 -3.19244 -7.50357 -5.53067 1.43208 -1.02846 -2.65239 2.98967 -7.17338 -7.22011 -4.16077 -2.97487 -1.26473 -0.979586 -3.45968 -8.00662 -7.20631 -1.48882 0.180906 0.566239 -2.28891 -8.41631 0.526889 -12.7796 -0.0723258 2.63177 2.98985 -7.5594 -8.2367
71.61 -8.74233 -7.19727 -0.176929 -0.968408 0.128767 -1.95839 -10.0407 0.710071 -11.3296 -0.148309 7.71765 4.2248 -5.45695 -8.74703 3.73142 -10.759 -3.09581 8.55677 2.51314 -6.03361 0.283455 -2.55284 -7.64171 -5.64407 2.04997 -0.843946 -2.77868 3.26738 -6.84324 -7.23744 -4.24559 -2.69535 -1.33815 -1.16591 -2.83065 -8.2285 -7.1365 -1.9061 -0.514235 0.28172 -1.86903 -7.95534 0.149859 -12.7529 0.175264 2.19128 2.90647 -7.55358 -8.68411
71.66 -9.12857 -7.12857 -0.874205 -1.58247 -0.112152 -1.52349 -9.58999 0.135679 -11.2566 0.169205 7.32251 4.20685 -5.29482 -9.30268 3.77494 -10.9175 -2.82799 9.06933 2.76424 -6.2321 -0.267319 -1.74495 -7.876 -5.65844 2.72105 -0.580469 -2.93246 3.43154 -6.49318 -7.25282 -4.32442 -2.31105 -1.38955 -1.36011 -2.14056 -8.32592 -7.09311 -2.3043 -1.1354 0.0282159 -1.46793 -7.47303 -0.278936 -12.6813 0.425703 1.78016 2.79242 -7.52935 -9.01431
71.71 -9.34891 -7.088 -1.54831 -2.12618 -0.32971 -1.13002 -9.10403 -0.483545 -11.1215 0.461683 6.93243 4.13873 -5.13851 -9.74953 3.73062 -11.0475 -2.57561 9.51944 3.00269 -6.34661 -0.820156 -0.733475 -8.24277 -5.53435 3.42618 -0.214714 -3.14573 3.46938 -6.13041 -7.2666 -4.4094 -1.86172 -1.41827 -1.55693 -1.3837 -8.31748 -7.06851 -2.67991 -1.68006 -0.198708 -1.0973 -6.98294 -0.799975 -12.5411 0.669613 1.39251 2.63801 -7.48278 -9.23214
71.76 -9.37949 -7.06728 -2.22001 -2.59977 -0.527339 -0.782243 -8.59883 -1.19404 -10.8864 0.720815 6.52519 3.99953 -4.98592 -10.0773 3.5986 -11.1505 -2.33775 9.89735 3.22935 -6.3673 -1.3908 0.350601 -8.69962 -5.2663 4.14422 0.224081 -3.45399 3.36246 -5.75912 -7.27966 -4.51649 -1.38815 -1.42483 -1.75229 -0.570502 -8.2276 -7.05809 -3.02769 -2.14576 -0.402809 -0.763139 -6.49356 -1.495 -12.2876 0.898949 1.02354 2.42267 -7.40468 -9.34344
71.81 -9.22108 -7.0614 -2.90322 -3.00464 -0.707669 -0.481944 -8.08658 -2.06286 -10.497 0.936257 6.07514 3.75771 -4.83316 -10.2743 3.37801 -11.2294 -2.11381 10.1859 3.44396 -6.30168 -2.01081 1.30353 -9.14877 -4.91113 4.85948 0.665044 -3.85813 3.1093 -5.37832 -7.29349 -4.66037 -0.916962 -1.41043 -1.94211 0.249134 -8.08014 -7.05988 -3.34086 -2.52909 -0.586924 -0.467754 -6.00779 -2.50021 -11.8463 1.1064 0.668347 2.11156 -7.27393 -9.3512
71.86 -8.922 -7.06752 -3.58676 -3.343 -0.872619 -0.231958 -7.57584 -3.10344 -9.9268 1.0876 5.55254 3.39352 -4.67225 -10.335 3.07623 -11.2882 -1.90253 10.3524 3.6449 -6.17644 -2.72566 2.06211 -9.54419 -4.53429 5.56338 1.06912 -4.31529 2.73765 -4.98407 -7.31035 -4.84397 -0.455389 -1.37615 -2.12215 1.01501 -7.89085 -7.07372 -3.61261 -2.82483 -0.752938 -0.212077 -5.52305 -3.8495 -11.1846 1.28203 0.320772 1.6956 -7.04865 -9.2493
71.91 -8.56407 -7.0831 -4.23374 -3.61745 -1.02352 -0.0408692 -7.07179 -4.17601 -9.26259 1.1355 4.92112 2.94359 -4.48973 -10.2666 2.70948 -11.3301 -1.70056 10.3404 3.82862 -6.0203 -3.56726 2.646 -9.88275 -4.17049 6.25017 1.43104 -4.77486 2.28771 -4.57182 -7.33352 -5.05539 0.00468406 -1.32197 -2.28876 1.68994 -7.66333 -7.0982 -3.83816 -3.02498 -0.901816 0.00145285 -5.03225 -5.25595 -10.4285 1.40804 -0.0238688 1.25036 -6.68461 -9.02849
71.96 -8.20969 -7.10478 -4.80647 -3.83025 -1.16127 0.0749478 -6.57647 -5.15067 -8.64222 1.03377 4.15366 2.46999 -4.26967 -10.0877 2.29514 -11.3571 -1.50193 10.0996 3.98914 -5.85313 -4.5198 3.08288 -10.1719 -3.83089 6.91229 1.75709 -5.20164 1.79498 -4.13463 -7.36794 -5.27391 0.479873 -1.24592 -2.4402 2.25872 -7.39522 -7.12928 -4.01726 -3.11846 -1.03364 0.166383 -4.52481 -6.4773 -9.7106 1.45736 -0.367196 0.845408 -6.18292 -8.69768
72.01 -7.87684 -7.1296 -5.28635 -3.98232 -1.28638 0.0995686 -6.0887 -6.01828 -8.14169 0.768281 3.27778 2.00843 -3.99799 -9.81765 1.84663 -11.3693 -1.29872 9.66315 4.11953 -5.68555 -5.51332 3.39376 -10.4193 -3.51611 7.54074 2.05505 -5.57687 1.28427 -3.65868 -7.42159 -5.47619 0.990049 -1.14307 -2.57804 2.71785 -7.08787 -7.16289 -4.15455 -3.09221 -1.14762 0.27189 -3.98761 -7.47183 -9.08638 1.39957 -0.712075 0.497484 -5.58889 -8.28441
72.06 -7.55576 -7.15566 -5.67269 -4.07197 -1.39903 0.031941 -5.60403 -6.79141 -7.77339 0.376818 2.36922 1.57507 -3.66645 -9.46985 1.37188 -11.3649 -1.08279 9.13964 4.21488 -5.52214 -6.4598 3.5944 -10.631 -3.22334 8.12776 2.3313 -5.89184 0.770266 -3.1177 -7.50854 -5.63834 1.55298 -1.00373 -2.70821 3.06818 -6.74886 -7.19645 -4.25791 -2.93593 -1.24224 0.306369 -3.40682 -8.26304 -8.57735 1.21736 -1.06404 0.201772 -4.95813 -7.82041
72.11 -7.22994 -7.18179 -5.97435 -4.09374 -1.49897 -0.109973 -5.11443 -7.46319 -7.5173 -0.0785351 1.48745 1.17832 -3.27789 -9.05454 0.872865 -11.3388 -0.848288 8.61202 4.27245 -5.36436 -7.30722 3.69722 -10.8111 -2.9494 8.66776 2.59045 -6.14141 0.259609 -2.46602 -7.65452 -5.7332 2.17663 -0.810237 -2.8424 3.31026 -6.389 -7.22876 -4.33692 -2.65166 -1.31557 0.264872 -2.77134 -8.88112 -8.18568 0.922794 -1.4261 -0.0513912 -4.33562 -7.33204
72.16 -6.88688 -7.20725 -6.20353 -4.03753 -1.58546 -0.299138 -4.60814 -8.02038 -7.34545 -0.546909 0.660059 0.821523 -2.84815 -8.58366 0.344582 -11.2815 -0.59432 8.1101 4.28889 -5.21228 -8.04003 3.71162 -10.9623 -2.69196 9.15637 2.83559 -6.31878 -0.247448 -1.63812 -7.90145 -5.7252 2.85289 -0.534886 -3.00151 3.43983 -6.01859 -7.25962 -4.40273 -2.26256 -1.36586 0.154473 -2.07384 -9.3503 -7.89791 0.553132 -1.79113 -0.271318 -3.75149 -6.83721
72.21 -6.52111 -7.23164 -6.37269 -3.88903 -1.65711 -0.511156 -4.07033 -8.45372 -7.23352 -0.999942 -0.100672 0.503724 -2.4013 -8.07223 -0.228393 -11.1755 -0.326278 7.63423 4.25677 -5.0654 -8.6574 3.64256 -11.0858 -2.44981 9.58866 3.06859 -6.4127 -0.756719 -0.610591 -8.28074 -5.57642 3.56134 -0.15764 -3.21969 3.44332 -5.6448 -7.28954 -4.46922 -1.80829 -1.39228 -0.00800086 -1.30916 -9.68702 -7.69288 0.150469 -2.14065 -0.465351 -3.2234 -6.34583
72.26 -6.13318 -7.25504 -6.49309 -3.63359 -1.71179 -0.729548 -3.48645 -8.76069 -7.16352 -1.42647 -0.787383 0.221279 -1.96173 -7.53597 -0.879215 -10.9903 -0.0552096 7.17215 4.16095 -4.92275 -9.16196 3.48943 -11.1827 -2.22268 9.95686 3.29028 -6.41434 -1.28172 0.46595 -8.73902 -5.28832 4.28051 0.284818 -3.53111 3.30312 -5.26909 -7.31963 -4.55365 -1.32743 -1.395 -0.20307 -0.491865 -9.90105 -7.54938 -0.253771 -2.45131 -0.638553 -2.75903 -5.86105
72.31 -5.72679 -7.27807 -6.57411 -3.26659 -1.74677 -0.945441 -2.85053 -8.94607 -7.12327 -1.82396 -1.3942 -0.0304014 -1.54907 -6.98813 -1.66576 -10.6773 0.203098 6.70429 3.97487 -4.78226 -9.55661 3.25133 -11.2562 -2.01059 10.2472 3.50051 -6.33357 -1.84787 1.39825 -9.18096 -4.92215 4.99475 0.72267 -3.93114 3.02138 -4.88605 -7.35168 -4.67065 -0.842772 -1.37464 -0.414566 0.324498 -9.99776 -7.4499 -0.642291 -2.70102 -0.793991 -2.35875 -5.37998
72.36 -5.30566 -7.30214 -6.62288 -2.80526 -1.75917 -1.15494 -2.17517 -9.02159 -7.10501 -2.19209 -1.91505 -0.255633 -1.17794 -6.43725 -2.63874 -10.1865 0.425513 6.20193 3.66873 -4.63908 -9.84376 2.93656 -11.3102 -1.81301 10.434 3.69793 -6.19798 -2.49611 2.13761 -9.56745 -4.54073 5.69529 1.12189 -4.37421 2.62841 -4.48615 -7.38862 -4.82195 -0.357237 -1.33127 -0.632095 1.08122 -9.98071 -7.38129 -1.00873 -2.87048 -0.933166 -2.0185 -4.89445
72.41 -4.87088 -7.32972 -6.64394 -2.28535 -1.7465 -1.35642 -1.4906 -9.00421 -7.10346 -2.52938 -2.34211 -0.457827 -0.86224 -5.88609 -3.72155 -9.54951 0.573625 5.62301 3.25217 -4.4833 -10.0245 2.56286 -11.3476 -1.62775 10.4703 3.87953 -6.03548 -3.26836 2.70604 -9.89761 -4.17548 6.37576 1.47939 -4.81119 2.16459 -4.05776 -7.43534 -4.99442 0.140941 -1.26314 -0.851014 1.74361 -9.85376 -7.33411 -1.35331 -2.94214 -1.05638 -1.73228 -4.39226
72.46 -4.41857 -7.36485 -6.63874 -1.73898 -1.70649 -1.54887 -0.829621 -8.91274 -7.11355 -2.83309 -2.66444 -0.639252 -0.620231 -5.33111 -4.74589 -8.90009 0.594579 4.92173 2.78536 -4.30082 -10.0988 2.14863 -11.3699 -1.45014 10.2969 4.03994 -5.8647 -4.1691 3.12988 -10.1791 -3.83586 7.02824 1.80189 -5.20924 1.66454 -3.58448 -7.50031 -5.16566 0.670004 -1.16536 -1.07158 2.29738 -9.62244 -7.30174 -1.67959 -2.90027 -1.16299 -1.49374 -3.85908
72.51 -3.93724 -7.4142 -6.60479 -1.17793 -1.63576 -1.73181 -0.21537 -8.76365 -7.13059 -3.10107 -2.86721 -0.800984 -0.472491 -4.76199 -5.65445 -8.34639 0.451258 4.09288 2.31685 -4.07705 -10.0672 1.70669 -11.377 -1.27315 9.90806 4.17194 -5.6953 -5.1456 3.42851 -10.4191 -3.52175 7.64412 2.097 -5.55067 1.15209 -3.03899 -7.59873 -5.30877 1.24653 -1.02789 -1.29855 2.73817 -9.29467 -7.27962 -1.99252 -2.7354 -1.2517 -1.29703 -3.28108
72.56 -3.40336 -7.48943 -6.53388 -0.593867 -1.52746 -1.90625 0.33916 -8.5682 -7.15122 -3.3332 -2.93205 -0.942925 -0.429423 -4.16157 -6.45857 -7.92444 0.156527 3.1969 1.86892 -3.79993 -9.93135 1.24312 -11.3667 -1.08859 9.39207 4.26905 -5.53119 -6.10773 3.61583 -10.6231 -3.23006 8.21626 2.37084 -5.82562 0.640853 -2.37516 -7.75823 -5.3922 1.87668 -0.832264 -1.54222 3.06379 -8.88091 -7.26462 -2.29782 -2.45352 -1.321 -1.13712 -2.6481
72.61 -2.77318 -7.61228 -6.40847 0.0319975 -1.36729 -2.07656 0.82598 -8.33218 -7.17329 -3.53194 -2.84152 -1.06392 -0.481681 -3.50722 -7.15793 -7.62465 -0.235879 2.30319 1.45283 -3.46454 -9.69592 0.757263 -11.3337 -0.888958 8.84692 4.32706 -5.37339 -6.98549 3.70148 -10.7946 -2.95752 8.73952 2.62777 -6.02504 0.136254 -1.53027 -8.02195 -5.37681 2.55099 -0.550577 -1.82206 3.2682 -8.394 -7.25468 -2.60246 -2.08276 -1.36989 -1.0098 -1.95341
72.66 -1.97219 -7.8232 -6.19502 0.714168 -1.12807 -2.25381 1.23586 -8.05849 -7.1953 -3.70288 -2.59232 -1.16212 -0.605279 -2.77541 -7.74009 -7.4206 -0.669477 1.44954 1.07462 -3.07777 -9.3711 0.240899 -11.2678 -0.669989 8.3184 4.34175 -5.22169 -7.7507 3.69008 -10.9355 -2.70178 9.20966 2.87068 -6.13736 -0.36296 -0.498379 -8.41532 -5.22582 3.24956 -0.167449 -2.1702 3.33658 -7.84787 -7.24851 -2.91632 -1.66615 -1.39852 -0.911472 -1.19247
72.71 -0.924447 -8.17394 -5.84071 1.4473 -0.775038 -2.46224 1.55054 -7.75032 -7.21615 -3.85579 -2.2129 -1.23591 -0.773984 -1.9488 -8.19411 -7.28599 -1.10719 0.651782 0.735797 -2.65806 -8.97352 -0.324938 -11.151 -0.43307 7.81378 4.30515 -5.07546 -8.3976 3.58089 -11.048 -2.46157 9.62147 3.10123 -6.15595 -0.864434 0.552565 -8.87635 -4.94705 3.95234 0.273423 -2.61615 3.25185 -7.2545 -7.24552 -3.25264 -1.24476 -1.40821 -0.838901 -0.383584
72.76 0.27469 -8.6448 -5.30832 2.20434 -0.320373 -2.74159 1.73661 -7.41177 -7.2351 -4.00644 -1.76178 -1.28505 -0.967344 -1.03413 -8.51584 -7.20037 -1.53118 -0.0826518 0.434253 -2.22941 -8.52365 -0.976917 -10.9517 -0.186293 7.32262 4.20136 -4.93359 -8.92711 3.37394 -11.1358 -2.23647 9.96674 3.32008 -6.0935 -1.38386 1.44448 -9.31463 -4.60122 4.646 0.704339 -3.15 3.01793 -6.62307 -7.24587 -3.62114 -0.845639 -1.40099 -0.789111 0.417678
72.81 1.35641 -9.12297 -4.63596 2.95279 0.154704 -3.11876 1.76014 -7.04552 -7.25181 -4.17516 -1.29681 -1.31117 -1.17212 -0.0915303 -8.70927 -7.14952 -1.93465 -0.7497 0.165842 -1.81467 -8.04122 -1.77466 -10.62 0.0552133 6.82498 4.00307 -4.79384 -9.34154 3.07925 -11.2032 -2.02624 10.2311 3.5268 -5.97774 -1.9491 2.14265 -9.69653 -4.24383 5.32693 1.09532 -3.72516 2.66554 -5.96599 -7.25084 -4.01744 -0.479618 -1.37858 -0.759459 1.15546
72.86 2.17838 -9.5446 -3.89018 3.67335 0.592436 -3.57589 1.61506 -6.65367 -7.26634 -4.37714 -0.846388 -1.31698 -1.38029 0.794422 -8.78658 -7.1242 -2.31431 -1.34702 -0.0741226 -1.43303 -7.54151 -2.76002 -10.1106 0.26627 6.29065 3.68268 -4.65106 -9.64301 2.71734 -11.2535 -1.83015 10.3872 3.71977 -5.83487 -2.60273 2.67242 -10.0222 -3.90104 5.99639 1.44474 -4.29308 2.23451 -5.30091 -7.26343 -4.42227 -0.146703 -1.34142 -0.747896 1.79875
72.91 2.70018 -9.9038 -3.09685 4.36215 0.979231 -4.06795 1.3253 -6.24109 -7.27928 -4.6139 -0.408555 -1.30504 -1.58648 1.55954 -8.76654 -7.1179 -2.6661 -1.87243 -0.289928 -1.10276 -7.03455 -3.83776 -9.46867 0.404553 5.67624 3.25663 -4.49519 -9.83286 2.31136 -11.2886 -1.6459 10.3863 3.89557 -5.68205 -3.3842 3.06147 -10.299 -3.58039 6.65191 1.75976 -4.81984 1.75972 -4.64133 -7.28938 -4.80963 0.157647 -1.2877 -0.753433 2.33652
72.96 2.90671 -10.2089 -2.24949 5.01973 1.3196 -4.55268 0.927792 -5.8154 -7.29181 -4.87451 0.0329516 -1.2769 -1.78641 2.16102 -8.67057 -7.12466 -2.98496 -2.32241 -0.485018 -0.84554 -6.52607 -4.84527 -8.82997 0.415123 4.93859 2.78613 -4.31237 -9.91205 1.87854 -11.3089 -1.46877 10.1722 4.04834 -5.52828 -4.29131 3.33111 -10.5346 -3.28172 7.28459 2.04828 -5.28544 1.2665 -3.98296 -7.33856 -5.15354 0.439128 -1.21222 -0.776848 2.76797
73.01 2.85282 -10.4685 -1.35931 5.64285 1.62215 -5.00251 0.458222 -5.38376 -7.30575 -5.14216 0.489756 -1.2329 -1.97664 2.57614 -8.51755 -7.13928 -3.26673 -2.6913 -0.661846 -0.683156 -6.0183 -5.73708 -8.2936 0.263768 4.08122 2.31603 -4.08815 -9.88241 1.42742 -11.3131 -1.29186 9.75116 4.17049 -5.37741 -5.26454 3.49814 -10.7348 -3.00272 7.88324 2.31659 -5.67894 0.770581 -3.2914 -7.4284 -5.42894 0.703478 -1.10416 -0.821954 3.09615
73.06 2.68181 -10.6892 -0.485613 6.2235 1.89478 -5.40343 -0.0552678 -4.94936 -7.32365 -5.40009 0.959116 -1.17257 -2.15511 2.81558 -8.31998 -7.15815 -3.50973 -2.97112 -0.821887 -0.624857 -5.50998 -6.52351 -7.88864 -0.0322047 3.16895 1.86696 -3.8104 -9.74686 0.95885 -11.2972 -1.10716 9.21703 4.25536 -5.23075 -6.21309 3.57643 -10.9036 -2.74115 8.43848 2.56913 -5.99311 0.279583 -2.48231 -7.59274 -5.60629 0.956609 -0.941595 -0.898455 3.32361
73.11 2.51445 -10.8766 0.306337 6.75132 2.14371 -5.75046 -0.593482 -4.50915 -7.34909 -5.63423 1.43638 -1.09474 -2.32154 2.92157 -8.08368 -7.17889 -3.71511 -3.15153 -0.965693 -0.659588 -4.99575 -7.20135 -7.6025 -0.418488 2.26727 1.44989 -3.47413 -9.51097 0.466539 -11.2537 -0.90738 8.66104 4.29801 -5.08866 -7.07196 3.57673 -11.0428 -2.49569 8.94365 2.8088 -6.21827 -0.205559 -1.3894 -7.89711 -5.64095 1.20569 -0.682319 -1.02938 3.44733
73.16 2.38618 -11.0354 0.98695 7.21476 2.3734 -6.04346 -1.1459 -4.05262 -7.38739 -5.83331 1.92797 -0.996845 -2.47779 2.94101 -7.81072 -7.19984 -3.88665 -3.21997 -1.09296 -0.762731 -4.46585 -7.75783 -7.40848 -0.841307 1.40982 1.07084 -3.08635 -9.18547 -0.0644454 -11.1688 -0.688617 8.12187 4.29248 -4.95121 -7.8163 3.50418 -11.1515 -2.26606 9.39318 3.0373 -6.33737 -0.689941 0.109158 -8.38921 -5.47987 1.4602 -0.294237 -1.26386 3.45121
73.21 2.28772 -11.1695 1.55576 7.59977 2.58661 -6.28396 -1.71033 -3.5599 -7.44735 -5.98699 2.4493 -0.873507 -2.62834 2.90637 -7.50317 -7.21982 -4.03004 -3.16323 -1.2026 -0.908472 -3.9068 -8.18337 -7.28108 -1.26624 0.610693 0.731344 -2.66583 -8.78714 -0.662432 -11.0182 -0.452983 7.60276 4.22741 -4.81827 -8.44113 3.35628 -11.2294 -2.05267 9.78008 3.25536 -6.33893 -1.18547 1.69563 -8.94388 -5.14552 1.72751 0.143957 -1.65572 3.31503
73.26 2.20241 -11.2815 2.02449 7.88732 2.78446 -6.4728 -2.29287 -2.99773 -7.54474 -6.0826 3.01601 -0.714196 -2.78122 2.83337 -7.16545 -7.2381 -4.1524 -2.97297 -1.29291 -1.07714 -3.3042 -8.47628 -7.20087 -1.67648 -0.122938 0.429281 -2.23722 -8.33641 -1.37691 -10.7611 -0.210259 7.09025 4.08144 -4.68892 -8.94735 3.13129 -11.2805 -1.85598 10.093 3.46279 -6.24427 -1.71382 3.02056 -9.43826 -4.74184 2.00848 0.541801 -2.19351 3.04773
73.31 2.11633 -11.373 2.40784 8.05131 2.96652 -6.60791 -2.90788 -2.31295 -7.70857 -6.10012 3.63374 -0.499698 -2.95029 2.72408 -6.80439 -7.25436 -4.26215 -2.65623 -1.36195 -1.25622 -2.64677 -8.6437 -7.15454 -2.06461 -0.786421 0.160523 -1.82459 -7.85345 -2.2694 -10.3434 0.0202206 6.56 3.82398 -4.56003 -9.33698 2.83893 -11.3105 -1.67568 10.3116 3.65838 -6.09398 -2.31094 4.01688 -9.86109 -4.33961 2.30362 0.880797 -2.81259 2.6841
73.36 2.01696 -11.444 2.7199 8.06091 3.13078 -6.68199 -3.57533 -1.4373 -7.98335 -6.0077 4.29211 -0.201485 -3.15957 2.56778 -6.42774 -7.26877 -4.36972 -2.24278 -1.40827 -1.43817 -1.92692 -8.70076 -7.13323 -2.42595 -1.37648 -0.0795656 -1.44978 -7.35504 -3.32223 -9.75562 0.203987 5.97487 3.44461 -4.42404 -9.61157 2.49769 -11.324 -1.5099 10.3978 3.83953 -5.92066 -3.02186 4.71008 -10.2269 -3.9632 2.61704 1.16825 -3.44859 2.26154
73.41 1.88935 -11.4938 2.97303 7.89531 3.27386 -6.68232 -4.31056 -0.373586 -8.38913 -5.77436 4.97092 0.192546 -3.4445 2.34129 -6.04208 -7.28195 -4.48894 -1.77671 -1.43153 -1.61782 -1.14059 -8.66761 -7.12991 -2.75559 -1.89037 -0.295192 -1.13574 -6.85311 -4.37516 -9.10342 0.287948 5.28782 2.98992 -4.26821 -9.77185 2.12546 -11.3243 -1.35438 10.2942 4.00164 -5.74275 -3.86786 5.13931 -10.5482 -3.61622 2.95317 1.4152 -4.05811 1.80969
73.46 1.71501 -11.522 3.17763 7.57143 3.39186 -6.60133 -5.10539 0.694105 -8.85322 -5.4174 5.65149 0.633336 -3.82733 2.02307 -5.64999 -7.29507 -4.63584 -1.29736 -1.43253 -1.79097 -0.309903 -8.56455 -7.13819 -3.04902 -2.32488 -0.489711 -0.907509 -6.35417 -5.31929 -8.5154 0.221486 4.47437 2.51786 -4.07764 -9.81891 1.73342 -11.313 -1.20239 9.9692 4.13798 -5.56848 -4.81526 5.34372 -10.8338 -3.29567 3.31049 1.63149 -4.61718 1.34835
73.51 1.47948 -11.5294 3.34234 7.15111 3.48176 -6.45214 -5.92215 1.59669 -9.28728 -5.00473 6.32129 1.05754 -4.28126 1.61843 -5.24951 -7.3099 -4.81963 -0.826186 -1.41253 -1.95426 0.506829 -8.40742 -7.15321 -3.30365 -2.67543 -0.665515 -0.783014 -5.85911 -6.15115 -8.0513 -0.00422577 3.57471 2.05879 -3.83841 -9.75496 1.32589 -11.2896 -1.04555 9.48212 4.24178 -5.40053 -5.78079 5.36066 -11.0899 -2.99745 3.67918 1.82479 -5.11465 0.88862
73.56 1.1804 -11.5164 3.47423 6.70319 3.54216 -6.26231 -6.71696 2.30931 -9.66371 -4.59234 6.97198 1.44225 -4.75155 1.15525 -4.83703 -7.32903 -5.03428 -0.364812 -1.37235 -2.10568 1.25534 -8.2055 -7.17174 -3.51938 -2.93515 -0.824049 -0.76115 -5.36369 -6.87525 -7.71408 -0.348304 2.6612 1.62723 -3.54137 -9.58416 0.901711 -11.2515 -0.875345 8.93716 4.30866 -5.23924 -6.68158 5.2258 -11.3209 -2.71831 4.04511 2.00064 -5.54763 0.434824
73.61 0.824393 -11.481 3.57898 6.2696 3.57247 -6.05649 -7.46175 2.85711 -9.98513 -4.20426 7.59452 1.78867 -5.19429 0.662069 -4.40764 -7.35631 -5.26166 0.098897 -1.31134 -2.24501 1.9066 -7.96297 -7.19159 -3.69867 -3.09429 -0.965858 -0.822274 -4.85956 -7.48104 -7.48097 -0.753646 1.78165 1.23144 -3.18758 -9.31498 0.454647 -11.1921 -0.685404 8.39798 4.33579 -5.08433 -7.47555 4.9733 -11.5301 -2.45642 4.3949 2.16277 -5.9187 -0.01381
73.66 0.418151 -11.4177 3.66099 5.86542 3.57118 -5.84954 -8.14481 3.26427 -10.2596 -3.84539 8.17811 2.10381 -5.58581 0.157701 -3.95176 -7.39769 -5.47933 0.584082 -1.22658 -2.37422 2.4499 -7.68238 -7.21121 -3.84601 -3.14029 -1.09063 -0.9399 -4.33502 -7.95655 -7.3249 -1.1769 0.956838 0.874982 -2.79073 -8.96208 -0.0276329 -11.1001 -0.474087 7.88309 4.3189 -4.93545 -8.15058 4.63569 -11.7201 -2.21128 4.71777 2.31358 -6.2336 -0.462387
73.71 -0.0391891 -11.3159 3.7233 5.49048 3.53421 -5.64771 -8.76341 3.54842 -10.4945 -3.513 8.71239 2.39418 -5.91635 -0.350006 -3.4503 -7.46319 -5.66497 1.1116 -1.11151 -2.49792 2.88314 -7.36777 -7.22953 -3.9674 -3.06016 -1.19726 -1.09108 -3.7761 -8.29668 -7.22344 -1.59435 0.195818 0.557216 -2.3732 -8.54526 -0.567235 -10.9553 -0.246171 7.38897 4.24915 -4.79226 -8.70574 4.24315 -11.8926 -1.9832 5.00449 2.45444 -6.49935 -0.920783
73.76 -0.56244 -11.1571 3.76733 5.13697 3.45276 -5.45161 -9.31835 3.72306 -10.6951 -3.20223 9.18804 2.66455 -6.18232 -0.863516 -2.86891 -7.57081 -5.79561 1.69748 -0.953603 -2.62434 3.20673 -7.02559 -7.24595 -4.06989 -2.84722 -1.28404 -1.26005 -3.16919 -8.50564 -7.16035 -1.99522 -0.496332 0.274725 -1.95882 -8.08576 -1.20257 -10.7244 -0.0129735 6.90305 4.10971 -4.6539 -9.1435 3.82267 -12.0493 -1.77268 5.24487 2.58589 -6.72298 -1.40581
73.81 -1.18745 -10.9093 3.79186 4.79192 3.31031 -5.25801 -9.81066 3.79914 -10.865 -2.9083 9.59497 2.91792 -6.38034 -1.39651 -2.15139 -7.75308 -5.84289 2.34449 -0.730835 -2.7678 3.41918 -6.66382 -7.26034 -4.1617 -2.51202 -1.34911 -1.43713 -2.50442 -8.5971 -7.12475 -2.37389 -1.11633 0.0229568 -1.56794 -7.60264 -1.98778 -10.3603 0.207261 6.40686 3.87463 -4.51787 -9.46779 3.39724 -12.191 -1.57967 5.4237 2.70769 -6.91085 -1.94509
73.86 -1.97162 -10.5254 3.79009 4.43589 3.08104 -5.05969 -10.2391 3.78477 -11.0064 -2.62695 9.91788 3.15576 -6.50292 -1.97702 -1.23387 -8.05492 -5.76936 3.0388 -0.413842 -2.95358 3.51242 -6.29028 -7.27307 -4.25314 -2.08739 -1.39123 -1.61606 -1.7749 -8.5923 -7.10963 -2.72502 -1.66179 -0.202566 -1.21742 -7.11051 -2.93959 -9.83468 0.385114 5.87352 3.52507 -4.37799 -9.68329 2.98503 -12.3183 -1.40275 5.51364 2.8186 -7.06834 -2.57664
73.91 -2.94174 -9.97361 3.74191 4.03835 2.74521 -4.84323 -10.5966 3.683 -11.1201 -2.3538 10.1281 3.37801 -6.53878 -2.64739 -0.154222 -8.48043 -5.54788 3.75824 -0.000643144 -3.21873 3.46906 -5.91039 -7.28499 -4.35817 -1.61707 -1.41026 -1.79185 -0.97967 -8.51538 -7.10977 -3.04235 -2.13036 -0.405618 -0.924902 -6.61884 -3.94695 -9.21195 0.473956 5.2645 3.08736 -4.22272 -9.79419 2.59758 -12.4315 -1.23833 5.46724 2.91599 -7.19977 -3.32918
73.96 -3.9913 -9.3164 3.60266 3.55391 2.32977 -4.58835 -10.8684 3.4906 -11.2083 -2.0828 10.1751 3.58265 -6.48551 -3.44365 0.88286 -8.94286 -5.20868 4.48327 0.448169 -3.58576 3.27593 -5.52458 -7.29747 -4.49309 -1.13699 -1.40712 -1.95996 -0.149889 -8.38729 -7.12017 -3.3205 -2.51889 -0.589056 -0.71182 -6.13168 -4.87707 -8.61748 0.422118 4.54116 2.61815 -4.03702 -9.80395 2.23769 -12.5306 -1.08016 5.23066 2.99538 -7.3083 -4.19456
74.01 -4.98116 -8.68533 3.31004 2.93804 1.89493 -4.27614 -11.0349 3.20426 -11.2745 -1.80573 10.0051 3.76536 -6.36207 -4.3614 1.73992 -9.36538 -4.82212 5.20198 0.873015 -4.02995 2.94635 -5.12861 -7.3125 -4.66737 -0.664287 -1.383 -2.11683 0.653016 -8.2214 -7.13656 -3.55707 -2.82275 -0.754801 -0.596749 -5.64756 -5.70292 -8.1305 0.210291 3.70448 2.15544 -3.80607 -9.71553 1.90061 -12.6152 -0.919964 4.80421 3.05128 -7.39593 -5.12044
74.06 -5.88301 -8.16697 2.82786 2.19574 1.47954 -3.89939 -11.0809 2.82984 -11.3223 -1.51446 9.63272 3.92058 -6.19797 -5.34272 2.41089 -9.72978 -4.43832 5.90863 1.25566 -4.49979 2.51489 -4.71704 -7.33298 -4.87565 -0.197351 -1.33839 -2.26068 1.37947 -8.02296 -7.15607 -3.75315 -3.03494 -0.903896 -0.582558 -5.16016 -6.43401 -7.7678 -0.129783 2.81202 1.71716 -3.51906 -9.53204 1.57751 -12.6845 -0.74883 4.27051 3.07981 -7.46388 -6.02575
74.11 -6.70916 -7.78178 2.18322 1.39298 1.09828 -3.46547 -11.0011 2.38353 -11.3539 -1.20454 9.15749 4.04455 -6.01738 -6.30185 2.92322 -10.0408 -4.07738 6.59728 1.59898 -4.95134 2.01802 -4.28338 -7.36323 -5.10009 0.277531 -1.27214 -2.39194 2.00513 -7.79191 -7.1768 -3.91247 -3.14539 -1.03655 -0.653048 -4.65942 -7.06317 -7.51242 -0.541752 1.92811 1.31284 -3.17429 -9.25912 1.25815 -12.7372 -0.55925 3.71976 3.08032 -7.51306 -6.84681
74.16 -7.4569 -7.51269 1.44696 0.596157 0.754937 -2.99404 -10.8018 1.88644 -11.3693 -0.877588 8.67114 4.13649 -5.83478 -7.18081 3.30047 -10.3066 -3.74326 7.25871 1.91078 -5.35809 1.48461 -3.81627 -7.41018 -5.3174 0.779677 -1.18041 -2.51351 2.52188 -7.52706 -7.19738 -4.04061 -3.14148 -1.15218 -0.782678 -4.13259 -7.57374 -7.33835 -0.978427 1.08935 0.947166 -2.78252 -8.90783 0.932424 -12.7706 -0.347531 3.19705 3.05398 -7.5444 -7.55563
74.21 -8.11264 -7.33166 0.688459 -0.157847 0.448234 -2.51073 -10.4994 1.35793 -11.366 -0.541241 8.21328 4.19661 -5.65705 -7.96011 3.55974 -10.5339 -3.43375 7.88251 2.19831 -5.70674 0.934931 -3.29385 -7.48571 -5.50294 1.32842 -1.05524 -2.63118 2.92873 -7.22948 -7.21682 -4.1443 -3.01161 -1.24947 -0.947843 -3.56574 -7.95323 -7.2223 -1.4128 0.312128 0.620478 -2.36431 -8.49482 0.590327 -12.7807 -0.115351 2.71376 3.00184 -7.55863 -8.14454
74.26 -8.65839 -7.21332 -0.0492648 -0.851849 0.174403 -2.03953 -10.1158 0.80959 -11.3379 -0.206744 7.78994 4.22371 -5.48652 -8.63723 3.71412 -10.7278 -3.14522 8.45955 2.46699 -5.99039 0.381738 -2.67694 -7.61147 -5.62999 1.93571 -0.881662 -2.75489 3.22606 -6.90368 -7.2345 -4.23123 -2.75369 -1.32665 -1.13198 -2.9469 -8.19851 -7.14672 -1.83315 -0.395841 0.329957 -1.94283 -8.03941 0.219979 -12.7605 0.130707 2.26734 2.92338 -7.5559 -8.61316
74.31 -9.07113 -7.13844 -0.752323 -1.4783 -0.0710934 -1.59805 -9.67331 0.240277 -11.2733 0.114275 7.39189 4.21328 -5.32321 -9.21151 3.77371 -10.8914 -2.87449 8.98245 2.72052 -6.20254 -0.169393 -1.90398 -7.82512 -5.66498 2.59848 -0.634526 -2.90184 3.41106 -6.5566 -7.25021 -4.31034 -2.38548 -1.38205 -1.32523 -2.26814 -8.31697 -7.09928 -2.23496 -1.03037 0.0712693 -1.53734 -7.55977 -0.197416 -12.6982 0.381353 1.85146 2.81528 -7.53514 -8.96392
74.36 -9.32306 -7.09358 -1.42913 -2.03457 -0.292535 -1.19679 -9.19234 -0.36836 -11.1515 0.411831 7.00242 4.15529 -5.16599 -9.67836 3.74487 -11.0264 -2.61945 9.44427 2.96113 -6.33294 -0.721092 -0.925313 -8.16821 -5.5677 3.29918 -0.287 -3.10165 3.47276 -6.19565 -7.26423 -4.39315 -1.94451 -1.41481 -1.52189 -1.52331 -8.32568 -7.07175 -2.61492 -1.58882 -0.160086 -1.16071 -7.07029 -0.697618 -12.5727 0.627056 1.46001 2.66916 -7.49301 -9.20133
74.41 -9.38842 -7.06977 -2.09978 -2.52056 -0.493496 -0.840709 -8.68956 -1.05798 -10.9379 0.677523 6.60002 4.03082 -5.01295 -10.0282 3.62861 -11.134 -2.37904 9.83599 3.18987 -6.37047 -1.28677 0.162884 -8.61644 -5.32256 4.01627 0.143944 -3.39142 3.39256 -5.82581 -7.27733 -4.49506 -1.47277 -1.42523 -1.71781 -0.717578 -8.24843 -7.05903 -2.96812 -2.06878 -0.368014 -0.81981 -6.58041 -1.35298 -12.3441 0.859517 1.08805 2.46688 -7.4216 -9.3312
74.46 -9.26163 -7.0615 -2.78085 -2.93752 -0.676746 -0.531838 -8.17784 -1.8942 -10.5798 0.901798 6.15962 3.80967 -4.86064 -10.2492 3.42357 -11.2169 -2.15269 10.1423 3.4067 -6.31861 -1.89489 1.14811 -9.07226 -4.97744 4.73284 0.588735 -3.78077 3.16412 -5.44696 -7.29088 -4.63173 -1.00009 -1.41447 -1.90892 0.105687 -8.10974 -7.05869 -3.28797 -2.46709 -0.555522 -0.517451 -6.09404 -2.29296 -11.9419 1.07145 0.730821 2.1754 -7.30262 -9.35752
74.51 -8.98194 -7.06566 -3.46653 -3.28753 -0.844321 -0.272499 -7.66636 -2.91033 -10.0393 1.06684 5.6524 3.46647 -4.70202 -10.334 3.13522 -11.279 -1.93932 10.3339 3.61027 -6.20172 -2.58958 1.94075 -9.47813 -4.60101 5.43917 1.00038 -4.23244 2.81068 -5.05542 -7.307 -4.80875 -0.53705 -1.38369 -2.091 0.884629 -7.92729 -7.07039 -3.56754 -2.77891 -0.724661 -0.254611 -5.60952 -3.59441 -11.3144 1.25376 0.382337 1.77468 -7.09799 -9.276
74.56 -8.62872 -7.07978 -4.12314 -3.57316 -0.997649 -0.0699178 -7.16088 -3.9905 -9.38103 1.13676 5.04311 3.02693 -4.52451 -10.2875 2.77869 -11.3238 -1.73606 10.3585 3.79742 -6.04933 -3.40817 2.55354 -9.82634 -4.23359 6.12949 1.36948 -4.69469 2.37181 -4.64676 -7.32874 -5.01659 -0.0777594 -1.33312 -2.26021 1.57735 -7.70674 -7.09323 -3.80148 -2.9968 -0.876558 -0.0332446 -5.12048 -5.01566 -10.5628 1.39034 0.037339 1.3278 -6.76026 -9.07641
74.61 -8.2712 -7.10062 -4.71108 -3.79681 -1.13769 0.0606682 -6.664 -4.98562 -8.74505 1.06416 4.29995 2.55406 -4.31226 -10.1267 2.3717 -11.3534 -1.53738 10.1592 3.96259 -5.88311 -4.34465 3.01486 -10.1237 -3.88946 6.79665 1.70133 -5.12909 1.88456 -4.21475 -7.36069 -5.23553 0.393319 -1.26122 -2.41434 2.1655 -7.44594 -7.12346 -3.98862 -3.1102 -1.01145 0.141021 -4.6169 -6.27677 -9.83248 1.45559 -0.306105 0.913352 -6.28058 -8.76352
74.66 -7.93476 -7.12505 -5.20794 -3.95973 -1.26503 0.102177 -6.17511 -5.87086 -8.22086 0.826401 3.43833 2.08885 -4.0506 -9.87172 1.92853 -11.3683 -1.3356 9.75048 4.09879 -5.71515 -5.33769 3.3469 -10.378 -3.57043 7.43172 2.00377 -5.51433 1.37571 -3.74718 -7.41012 -5.44242 0.895821 -1.16369 -2.55431 2.64414 -7.14517 -7.15685 -4.13285 -3.10619 -1.1287 0.258014 -4.08602 -7.3106 -9.1894 1.41878 -0.650347 0.555338 -5.69882 -8.36255
74.71 -7.61279 -7.15099 -5.61045 -4.06077 -1.37989 0.0501248 -5.69037 -6.66085 -7.82995 0.452946 2.53018 1.64969 -3.72989 -9.53698 1.45812 -11.367 -1.12246 9.2347 4.2006 -5.55083 -6.29771 3.56617 -10.5957 -3.27399 8.02659 2.2835 -5.84042 0.861604 -3.22046 -7.4897 -5.61354 1.44838 -1.03185 -2.68518 3.01373 -6.81105 -7.19055 -4.24159 -2.97342 -1.2269 0.305792 -3.51393 -8.1357 -8.65919 1.25877 -1.00065 0.251002 -5.07088 -7.90542
74.76 -7.28892 -7.17718 -5.92633 -4.09522 -1.48213 -0.0804639 -5.2024 -7.35165 -7.55592 0.00462642 1.64091 1.24604 -3.35067 -9.13291 0.963568 -11.3454 -0.891503 8.70437 4.26508 -5.39202 -7.16463 3.68561 -10.7813 -2.9969 8.57529 2.54542 -6.10202 0.350163 -2.59288 -7.62254 -5.72268 2.06133 -0.849758 -2.81745 3.27518 -6.45409 -7.22312 -4.32417 -2.71088 -1.30416 0.277663 -2.8888 -8.7826 -8.24724 0.981972 -1.36107 -0.00901069 -4.44429 -7.41983
74.81 -6.94953 -7.20279 -6.16748 -4.05384 -1.5711 -0.263191 -4.7001 -7.93009 -7.37104 -0.464131 0.802698 0.8821 -2.92663 -8.6709 0.441253 -11.2947 -0.640788 8.19731 4.28922 -5.23895 -7.9181 3.71523 -10.9375 -2.73664 9.07336 2.79289 -6.29294 -0.157292 -1.80106 -7.84804 -5.736 2.72951 -0.591224 -2.97002 3.42546 -6.08491 -7.25422 -4.39141 -2.33781 -1.35865 0.178492 -2.20281 -9.27686 -7.94243 0.622461 -1.72666 -0.234251 -3.85172 -6.92522
74.86 -6.5879 -7.22738 -6.34645 -3.92291 -1.64552 -0.472593 -4.16905 -8.38586 -7.24994 -0.921089 0.0294895 0.557573 -2.48095 -8.16551 -0.121977 -11.1991 -0.374586 7.71746 4.26658 -5.0912 -8.55586 3.66093 -11.0658 -2.49181 9.51613 3.02796 -6.40264 -0.665442 -0.803845 -8.20453 -5.61407 3.4339 -0.231563 -3.17474 3.4528 -5.71142 -7.28424 -4.45659 -1.89205 -1.38933 0.0238414 -1.45005 -9.63628 -7.7243 0.222961 -2.08061 -0.432457 -3.31283 -6.43281
74.91 -6.20369 -7.25093 -6.47479 -3.68732 -1.70341 -0.690689 -3.5942 -8.71518 -7.17352 -1.35266 -0.670845 0.269165 -2.03849 -7.63259 -0.755427 -11.031 -0.10304 7.25416 4.18369 -4.9479 -9.08028 3.52295 -11.1673 -2.262 9.89652 3.25165 -6.42068 -1.1862 0.281163 -8.65647 -5.34749 4.15252 0.204688 -3.46835 3.33892 -5.33627 -7.3142 -4.53654 -1.41368 -1.39622 -0.166756 -0.639159 -9.87165 -7.57126 -0.182646 -2.39988 -0.609091 -2.83692 -5.9469
74.96 -5.80028 -7.27395 -6.56222 -3.33963 -1.74212 -0.907416 -2.96724 -8.92153 -7.12864 -1.75534 -1.2923 0.0123434 -1.61985 -7.08603 -1.51278 -10.745 0.15894 6.7891 4.01609 -4.80727 -9.49429 3.29971 -11.2447 -2.04725 10.2022 3.46398 -6.35284 -1.74247 1.2466 -9.10599 -4.98984 4.86845 0.647153 -3.85523 3.08079 -4.95515 -7.34572 -4.64715 -0.928941 -1.37993 -0.376264 0.182147 -9.98897 -7.46502 -0.574684 -2.66192 -0.767541 -2.42544 -5.46563
75.01 -5.38159 -7.29769 -6.61632 -2.89278 -1.75873 -1.11821 -2.29705 -9.01548 -7.1069 -2.12876 -1.82895 -0.217315 -1.24037 -6.53532 -2.45283 -10.2873 0.39 6.29555 3.73248 -4.66512 -9.80045 2.99746 -11.3019 -1.84718 10.4101 3.66384 -6.22478 -2.37261 2.01937 -9.50297 -4.60796 5.57188 1.05401 -4.29456 2.70468 -4.55904 -7.3815 -4.79294 -0.444109 -1.34072 -0.593213 0.952776 -9.99191 -7.3917 -0.945174 -2.84699 -0.909558 -2.07492 -4.98169
75.06 -4.94935 -7.3244 -6.64211 -2.38052 -1.75069 -1.3212 -1.61157 -9.01326 -7.10274 -2.47172 -2.2734 -0.423409 -0.913638 -5.98428 -3.52911 -9.66803 0.555003 5.73387 3.33189 -4.51254 -10.0001 2.63281 -11.3421 -1.65999 10.4776 3.84857 -6.06541 -3.12091 2.61611 -9.84265 -4.23871 6.25644 1.41855 -4.73555 2.25065 -4.13672 -7.426 -4.9631 0.0505666 -1.27724 -0.811996 1.63344 -9.88417 -7.34126 -1.29345 -2.93728 -1.03563 -1.77955 -4.48348
75.11 -4.50074 -7.35779 -6.64164 -1.83733 -1.71573 -1.51532 -0.944354 -8.93365 -7.11113 -2.7816 -2.61534 -0.608418 -0.656954 -5.43053 -4.57207 -9.01075 0.602337 5.05668 2.86952 -4.33591 -10.0933 2.22466 -11.367 -1.48148 10.3447 4.01325 -5.89517 -4.00099 3.06408 -10.1322 -3.89437 6.91455 1.7467 -5.14217 1.75498 -3.67302 -7.48686 -5.13642 0.57276 -1.18529 -1.03205 2.20703 -9.67093 -7.30664 -1.62265 -2.91659 -1.14528 -1.53298 -3.95689
75.16 -4.02587 -7.40395 -6.61321 -1.27902 -1.65083 -1.69993 -0.3206 -8.79382 -7.12722 -3.05603 -2.84065 -0.773629 -0.491187 -4.86499 -5.50072 -8.43554 0.488941 4.24761 2.39916 -4.12049 -10.0805 1.78702 -11.3769 -1.30497 9.9899 4.15084 -5.72512 -4.97019 3.38384 -10.3791 -3.57591 7.53753 2.04619 -5.49453 1.24348 -3.14311 -7.57775 -5.28667 1.13997 -1.05594 -1.25732 2.66806 -9.35963 -7.28296 -1.93755 -2.77375 -1.23729 -1.32922 -3.38774
75.21 -3.50382 -7.47338 -6.54983 -0.700294 -1.54998 -1.87569 0.24521 -8.60606 -7.14739 -3.29444 -2.93145 -0.919149 -0.429588 -4.27168 -6.32285 -7.98997 0.217919 3.35781 1.94656 -3.85351 -9.96301 1.32715 -11.37 -1.12235 9.48823 4.25453 -5.55995 -5.94126 3.59015 -10.5893 -3.28049 8.11788 2.32344 -5.78192 0.731419 -2.50473 -7.7236 -5.38335 1.76082 -0.872496 -1.49693 3.01443 -8.96029 -7.26687 -2.24376 -2.51128 -1.31014 -1.16308 -2.76509
75.26 -2.89525 -7.58544 -6.436 -0.083282 -1.40059 -2.04618 0.744632 -8.37701 -7.16933 -3.49881 -2.86948 -1.04399 -0.466376 -3.62871 -7.04164 -7.67019 -0.161607 2.46001 1.52423 -3.52836 -9.74474 0.845617 -11.3416 -0.925843 8.94338 4.31976 -5.40101 -6.83711 3.69339 -10.7664 -3.00475 8.65015 2.58313 -5.99557 0.225551 -1.69608 -7.96542 -5.38868 2.42858 -0.608246 -1.76833 3.24122 -8.48538 -7.25615 -2.5479 -2.15341 -1.3627 -1.03024 -2.08186
75.31 -2.13142 -7.77673 -6.24162 0.588541 -1.1781 -2.22091 1.16916 -8.10984 -7.19144 -3.67412 -2.64751 -1.14639 -0.579278 -2.91224 -7.64561 -7.45115 -0.591231 1.59768 1.13904 -3.14967 -9.43478 0.335695 -11.2826 -0.7104 8.41061 4.34258 -5.24827 -7.62314 3.69919 -10.9126 -2.74614 9.13007 2.82838 -6.12423 -0.274254 -0.690269 -8.33735 -5.26319 3.1244 -0.24198 -2.10161 3.33526 -7.94882 -7.24937 -2.85921 -1.74169 -1.39486 -0.926999 -1.3325
75.36 -1.12864 -8.10032 -5.91652 1.3141 -0.84689 -2.4212 1.5028 -7.8075 -7.21256 -3.82928 -2.28757 -1.22459 -0.741667 -2.10314 -8.12296 -7.30587 -1.02997 0.789291 0.793277 -2.73412 -9.04871 -0.219283 -11.1767 -0.476279 7.90216 4.31598 -5.10112 -8.29111 3.60757 -11.0299 -2.50322 9.55275 3.06106 -6.15923 -0.774449 0.374064 -8.79404 -5.00358 3.82767 0.194123 -2.5294 3.27838 -7.36315 -7.24582 -3.19056 -1.31868 -1.40779 -0.850068 -0.528868
75.41 0.0626978 -8.55721 -5.41539 2.06939 -0.40532 -2.68496 1.71465 -7.4741 -7.23189 -3.9789 -1.84446 -1.27806 -0.931798 -1.20139 -8.46819 -7.21273 -1.4571 0.0432196 0.485364 -2.30529 -8.60663 -0.85218 -10.9952 -0.230364 7.40983 4.22581 -4.95859 -8.84136 3.41765 -11.1218 -2.27543 9.91068 3.28199 -6.10937 -1.28906 1.30028 -9.24045 -4.66481 4.52348 0.630226 -3.05043 3.06935 -6.73777 -7.24552 -3.55317 -0.914381 -1.40343 -0.79643 0.278408
75.46 1.18101 -9.04127 -4.76254 2.82131 0.0719592 -3.04471 1.76858 -7.11266 -7.249 -4.14298 -1.37885 -1.30809 -1.13525 -0.257422 -8.68379 -7.15649 -1.86449 -0.636024 0.211399 -1.88658 -8.12872 -1.61909 -10.6913 0.0135534 6.9152 4.04675 -4.81873 -9.27609 3.1373 -11.1926 -2.06259 10.1909 3.49095 -6.00097 -1.84341 2.0316 -9.63286 -4.30679 5.2066 1.02892 -3.62209 2.73514 -6.08405 -7.24951 -3.94559 -0.542252 -1.38363 -0.763365 1.03049
75.51 2.05324 -9.4743 -4.0265 3.54745 0.518224 -3.49059 1.65243 -6.72512 -7.26389 -4.33849 -0.925283 -1.31731 -1.34325 0.644074 -8.78054 -7.12714 -2.24863 -1.2459 -0.0332946 -1.49775 -7.6312 -2.57279 -10.2141 0.232548 6.3902 3.74882 -4.67707 -9.59755 2.7856 -11.2457 -1.86409 10.3692 3.68656 -5.8614 -2.47785 2.58913 -9.968 -3.9605 5.8781 1.3853 -4.19425 2.31531 -5.41911 -7.26042 -4.35073 -0.203709 -1.34915 -0.748693 1.69184
75.56 2.63041 -9.84409 -3.24171 4.24183 0.914014 -3.97987 1.38586 -6.31571 -7.27705 -4.56959 -0.486235 -1.30838 -1.55013 1.43433 -8.77627 -7.11789 -2.60575 -1.78431 -0.253121 -1.15687 -7.12501 -3.64762 -9.58672 0.387721 5.79365 3.33752 -4.52449 -9.8072 2.38596 -11.2834 -1.678 10.4007 3.86576 -5.7095 -3.2351 3.0015 -10.253 -3.6358 6.53659 1.70584 -4.73014 1.84617 -4.75819 -7.28341 -4.74314 0.105318 -1.29865 -0.751192 2.24864
75.61 2.89203 -10.1582 -2.4044 4.90505 1.26204 -4.46837 1.00476 -5.89177 -7.28954 -4.8271 -0.0466033 -1.28306 -1.75145 2.0673 -8.6923 -7.12275 -2.93083 -2.24806 -0.451689 -0.884926 -6.61654 -4.67457 -8.93798 0.424699 5.07972 2.87071 -4.34753 -9.90598 1.95705 -11.3064 -1.50005 10.227 4.02316 -5.5555 -4.12261 3.29106 -10.4954 -3.33337 7.17416 1.99856 -5.20761 1.35481 -4.10108 -7.32748 -5.09661 0.390447 -1.22762 -0.771258 2.69884
75.66 2.87561 -10.4253 -1.51871 5.53478 1.57069 -4.92577 0.545701 -5.46081 -7.30307 -5.09478 0.407314 -1.2419 -1.94361 2.51593 -8.54831 -7.13629 -3.21941 -2.6319 -0.631632 -0.704448 -6.10863 -5.58629 -8.37955 0.30248 4.24011 2.39857 -4.13168 -9.89553 1.50892 -11.3137 -1.32368 9.83764 4.15132 -5.40397 -5.09057 3.47527 -10.7016 -3.05105 7.77964 2.27009 -5.6145 0.858608 -3.41977 -7.40826 -5.38612 0.657427 -1.12653 -0.812021 3.04514
75.71 2.71426 -10.6525 -0.636618 6.1237 1.84815 -5.33596 0.0383665 -5.02692 -7.32003 -5.35556 0.874986 -1.18454 -2.12425 2.78418 -8.35807 -7.1546 -3.4693 -2.92826 -0.794595 -0.627861 -5.60067 -6.39117 -7.95135 0.0288242 3.332 1.94479 -3.86411 -9.77854 1.0437 -11.3018 -1.14095 9.31563 4.24321 -5.25653 -6.04958 3.56846 -10.8758 -2.7865 8.34316 2.52519 -5.94334 0.36649 -2.6411 -7.55561 -5.5836 0.912088 -0.976083 -0.881786 3.2905
75.76 2.5415 -10.8455 0.173174 6.66174 2.10092 -5.69268 -0.496459 -4.58828 -7.3438 -5.59482 1.35073 -1.10995 -2.29275 2.91025 -8.12846 -7.17514 -3.68117 -3.12723 -0.941288 -0.647615 -5.08808 -7.08922 -7.64588 -0.345739 2.42512 1.52145 -3.53813 -9.5599 0.556424 -11.264 -0.944279 8.75926 4.29373 -5.11361 -6.92714 3.58205 -11.0202 -2.53823 8.85765 2.767 -6.18537 -0.119495 -1.614 -7.82899 -5.64786 1.16126 -0.737923 -1.00032 3.4334
75.81 2.40635 -11.0091 0.874216 7.13756 2.33378 -5.9952 -1.04675 -4.13581 -7.37931 -5.80089 1.8388 -1.01592 -2.45057 2.9422 -7.86191 -7.19615 -3.85836 -3.21659 -1.07156 -0.740574 -4.56187 -7.66818 -7.43747 -0.765182 1.55843 1.1354 -3.15842 -9.24928 0.0339161 -11.1878 -0.728941 8.21617 4.29739 -4.97533 -7.69254 3.52246 -11.1345 -2.30575 9.31752 2.99741 -6.32478 -0.603362 -0.178707 -8.29139 -5.52361 1.41408 -0.37069 -1.21164 3.4604
75.86 2.30383 -11.1473 1.46225 7.53774 2.54979 -6.24494 -1.60883 -3.6515 -7.43453 -5.96346 2.35357 -0.897698 -2.60166 2.9156 -7.56027 -7.21637 -4.00628 -3.18299 -1.18445 -0.880391 -4.00909 -8.1174 -7.29983 -1.19138 0.748293 0.788933 -2.742 -8.86247 -0.549229 -11.0514 -0.495829 7.69413 4.24413 -4.84162 -8.33865 3.38832 -11.2177 -2.08943 9.71622 3.21731 -6.34676 -1.09566 1.42712 -8.84807 -5.21308 1.67891 0.067493 -1.57392 3.3496
75.91 2.21729 -11.2631 1.94774 7.84433 2.75037 -6.443 -2.18733 -3.10492 -7.52361 -6.07058 2.91137 -0.745892 -2.75333 2.84892 -7.22749 -7.23499 -4.13181 -3.01657 -1.27834 -1.04608 -3.4152 -8.43365 -7.21235 -1.60493 0.00261317 0.480473 -2.31299 -8.41954 -1.2383 -10.8171 -0.253271 7.18192 4.11467 -4.71177 -8.86584 3.1767 -11.2731 -1.88977 10.0434 3.42669 -6.26635 -1.61599 2.80892 -9.35585 -4.81485 1.9575 0.47533 -2.08977 3.10349
75.96 2.13225 -11.3582 2.34521 8.03253 2.93535 -6.58803 -2.79518 -2.44688 -7.67269 -6.10398 3.52033 -0.543117 -2.91812 2.74649 -6.87001 -7.25161 -4.24311 -2.72082 -1.3513 -1.22396 -2.76815 -8.6225 -7.16074 -1.99736 -0.673624 0.206128 -1.89588 -7.94096 -2.09611 -10.4314 -0.018632 6.65713 3.87911 -4.5832 -9.27608 2.89512 -11.3065 -1.70663 10.2809 3.62453 -6.12315 -2.19758 3.8628 -9.79044 -4.40962 2.24991 0.824543 -2.69956 2.75413
76.01 2.03623 -11.4329 2.669 8.07174 3.10298 -6.6738 -3.45183 -1.60923 -7.92444 -6.03387 4.17283 -0.26187 -3.11789 2.59994 -6.49559 -7.26632 -4.35017 -2.32152 -1.40172 -1.40582 -2.05992 -8.69782 -7.13551 -2.36381 -1.27696 -0.0387351 -1.51275 -7.44428 -3.12949 -9.86923 0.176874 6.08512 3.51959 -4.44928 -9.57108 2.56113 -11.3226 -1.5385 10.3945 3.80852 -5.95221 -2.88542 4.60716 -10.1653 -4.02801 2.55968 1.12037 -3.33637 2.33961
76.06 1.91494 -11.4866 2.9318 7.93753 3.25012 -6.68821 -4.17467 -0.570216 -8.30945 -5.8264 4.84952 0.116817 -3.38672 2.38793 -6.1112 -7.27965 -4.46614 -1.86157 -1.42906 -1.58621 -1.28502 -8.67917 -7.12949 -2.69946 -1.80461 -0.258443 -1.18606 -6.94234 -4.19457 -9.21772 0.282896 5.41936 3.07341 -4.29805 -9.75166 2.19338 -11.3251 -1.38158 10.3289 3.97446 -5.77429 -3.70811 5.08046 -10.4938 -3.67592 2.89163 1.37375 -3.95283 1.89125
76.11 1.75024 -11.5185 3.14436 7.6383 3.37285 -6.6214 -4.96098 0.513543 -8.77111 -5.48712 5.53087 0.554777 -3.75257 2.08661 -5.7203 -7.29267 -4.60708 -1.38241 -1.43392 -1.76079 -0.458612 -8.58722 -7.13611 -2.99959 -2.25353 -0.456516 -0.940855 -6.44264 -5.15988 -8.61177 0.245466 4.62746 2.60149 -4.11475 -9.81873 1.80437 -11.3158 -1.22955 10.0418 4.11592 -5.59907 -4.64254 5.3221 -10.7853 -3.35098 3.24569 1.59487 -4.52199 1.43056
76.16 1.52615 -11.5296 3.31561 7.22965 3.46789 -6.4825 -5.77727 1.45042 -9.21408 -5.0793 6.20325 0.984747 -4.1977 1.69565 -5.32156 -7.30704 -4.78428 -0.909151 -1.41758 -1.92603 0.365227 -8.43884 -7.1502 -3.26121 -2.61945 -0.635518 -0.797343 -5.94706 -6.01085 -8.1242 0.0462319 3.73778 2.13879 -3.88505 -9.77431 1.39954 -11.2948 -1.07421 9.57577 4.22592 -5.42993 -5.61177 5.36976 -11.0463 -3.04906 3.61334 1.7918 -5.03083 0.970059
76.21 1.23804 -11.5202 3.45289 6.78265 3.5336 -6.29785 -6.57861 2.19534 -9.60095 -4.66431 6.85794 1.37675 -4.66888 1.24059 -4.9115 -7.32516 -4.99453 -0.446626 -1.38098 -2.07964 1.1287 -8.24449 -7.16829 -3.48375 -2.89596 -0.797061 -0.75824 -5.45221 -6.75463 -7.76568 -0.281022 2.82222 1.7016 -3.59859 -9.62208 0.978633 -11.2596 -0.906946 9.03482 4.29958 -5.26747 -6.52839 5.25937 -11.2815 -2.76669 3.98081 1.97043 -5.47522 0.515132
76.26 0.891561 -11.4891 3.56211 6.34479 3.56932 -6.0935 -7.33353 2.7705 -9.93159 -4.27119 7.48625 1.72951 -5.11879 0.751055 -4.48563 -7.35063 -5.22125 0.0153968 -1.32382 -2.22104 1.79843 -8.009 -7.18804 -3.66925 -3.07385 -0.941845 -0.806506 -4.9504 -7.38247 -7.51608 -0.679224 1.93456 1.29905 -3.25424 -9.36952 0.536339 -11.2047 -0.720805 8.4923 4.33401 -5.11145 -7.34281 5.02538 -11.4944 -2.5018 4.33434 2.1348 -5.85696 0.0658309
76.31 0.494021 -11.4314 3.64791 5.93509 3.57385 -5.88609 -8.02794 3.20124 -10.2139 -3.9072 8.07757 2.0497 -5.52043 0.247801 -4.03552 -7.38893 -5.4423 0.495213 -1.24364 -2.3518 2.36125 -7.73496 -7.20779 -3.82187 -3.14098 -1.06971 -0.915941 -4.43048 -7.88179 -7.34812 -1.10153 1.09916 0.93553 -2.86358 -9.03018 0.0615906 -11.1196 -0.513137 7.97295 4.32543 -4.96152 -8.03925 4.70062 -11.6876 -2.25367 4.66269 2.28749 -6.18136 -0.382188
76.36 0.0463723 -11.3376 3.71356 5.55535 3.54371 -5.68318 -8.65801 3.50621 -10.4553 -3.57043 8.62133 2.34408 -5.86218 -0.259426 -3.54415 -7.44911 -5.63526 1.01378 -1.13466 -2.476 2.81407 -7.426 -7.2264 -3.94739 -3.08411 -1.17968 -1.06251 -3.87873 -8.24599 -7.2383 -1.52107 0.326343 0.611069 -2.44793 -8.62317 -0.465562 -10.9862 -0.28753 7.47588 4.26604 -4.81735 -8.61562 4.31578 -11.8631 -2.02252 4.95652 2.43006 -6.45533 -0.837849
76.41 -0.463227 -11.1907 3.76084 5.19883 3.47111 -5.4862 -9.22418 3.69947 -10.6617 -3.25618 9.10808 2.61774 -6.13983 -0.771255 -2.98041 -7.54737 -5.77753 1.58858 -0.985669 -2.60111 3.15717 -7.08816 -7.24318 -4.05268 -2.89467 -1.27013 -1.22917 -3.28122 -8.47755 -7.16931 -1.92536 -0.378344 0.32262 -2.03138 -8.16977 -1.08015 -10.7738 -0.0541603 6.98967 4.14069 -4.67825 -9.07401 3.89847 -12.0225 -1.80886 5.20605 2.56318 -6.68597 -1.31648
76.46 -1.06638 -10.9618 3.78911 4.85347 3.34118 -5.29254 -9.72762 3.7924 -10.8369 -2.95957 9.52813 2.87398 -6.35033 -1.29919 -2.29221 -7.71317 -5.84214 2.22529 -0.776554 -2.74009 3.38973 -6.72928 -7.25792 -4.14572 -2.57942 -1.33919 -1.40532 -2.62728 -8.58855 -7.12942 -2.30834 -1.01137 0.0657249 -1.63502 -7.68964 -1.83498 -10.4369 0.170115 6.49698 3.92468 -4.54212 -9.41817 3.47244 -12.1668 -1.61278 5.39736 2.68676 -6.87977 -1.84351
76.51 -1.81793 -10.6058 3.79296 4.50122 3.12945 -5.09582 -10.1677 3.79372 -10.9833 -2.67629 9.86757 3.11455 -6.48713 -1.86846 -1.41282 -7.991 -5.79299 2.91274 -0.478081 -2.91584 3.50522 -6.35733 -7.2709 -4.23633 -2.16756 -1.38543 -1.58431 -1.90974 -8.59912 -7.11106 -2.66481 -1.57026 -0.164168 -1.27612 -7.19827 -2.76129 -9.93868 0.358406 5.97273 3.59524 -4.40361 -9.65269 3.05681 -12.2967 -1.43318 5.50596 2.79975 -7.04233 -2.45584
76.56 -2.75834 -10.0829 3.75549 4.11398 2.81239 -4.88392 -10.5388 3.70759 -11.1018 -2.40205 10.1009 3.33965 -6.53912 -2.51954 -0.349875 -8.39882 -5.59771 3.62931 -0.0790707 -3.16418 3.48762 -5.97837 -7.28288 -4.33774 -1.70231 -1.40853 -1.761 -1.12524 -8.53333 -7.10886 -2.98862 -2.05271 -0.370983 -0.971802 -6.70606 -3.77089 -9.32412 0.467136 5.38038 3.16911 -4.25214 -9.78194 2.66449 -12.4124 -1.26692 5.48813 2.89982 -7.17813 -3.18618
76.61 -3.80627 -9.4351 3.63689 3.64878 2.40676 -4.63747 -10.8271 3.5317 -11.1943 -2.13122 10.1815 3.54768 -6.50092 -3.29223 0.709827 -8.8622 -5.2745 4.35446 0.368925 -3.51348 3.32107 -5.59384 -7.29513 -4.46629 -1.22211 -1.40925 -1.93078 -0.297424 -8.41312 -7.11777 -3.27401 -2.45577 -0.557745 -0.742969 -6.21805 -4.71943 -8.71675 0.443189 4.67907 2.70193 -4.07298 -9.80947 2.29986 -12.514 -1.1082 5.2879 2.98282 -7.29055 -4.03404
76.66 -4.81175 -8.7909 3.3757 3.05806 1.9716 -4.33641 -11.0137 3.26199 -11.2641 -1.85587 10.052 3.7347 -6.38786 -4.19107 1.60168 -9.2944 -4.8917 5.07482 0.800379 -3.9475 3.01358 -5.20007 -7.30953 -4.63351 -0.747749 -1.38879 -2.08984 0.51464 -8.25337 -7.13335 -3.518 -2.77514 -0.726538 -0.609657 -5.73373 -5.56299 -8.20795 0.258844 3.85958 2.23637 -3.85105 -9.73832 1.9593 -12.6012 -0.949025 4.89099 3.04326 -7.3818 -4.95479
76.71 -5.72826 -8.24939 2.92718 2.33456 1.5512 -3.97102 -11.0819 2.90231 -11.315 -1.56761 9.70986 3.89517 -6.22895 -5.16732 2.30387 -9.66906 -4.50524 5.78397 1.19064 -4.41648 2.59744 -4.79168 -7.32877 -4.83678 -0.280539 -1.34786 -2.23604 1.25713 -8.06063 -7.15247 -3.72108 -3.00429 -0.878558 -0.578226 -5.24755 -6.31091 -7.82379 -0.0623595 2.97175 1.79288 -3.57447 -9.57146 1.63445 -12.6734 -0.780458 4.3688 3.0768 -7.45318 -5.86947
76.76 -6.56757 -7.84109 2.3069 1.53694 1.16339 -3.54613 -11.0243 2.4673 -11.3494 -1.26108 9.24481 4.02484 -6.04996 -6.13595 2.8425 -9.98902 -4.13966 6.4764 1.54041 -4.8737 2.10984 -4.36258 -7.35687 -5.05997 0.191606 -1.28564 -2.3694 1.90164 -7.83549 -7.17309 -3.88657 -3.13372 -1.01416 -0.635417 -4.75006 -6.9594 -7.55118 -0.465531 2.08282 1.38205 -3.23956 -9.31383 1.31518 -12.7291 -0.594571 3.81645 3.08223 -7.50564 -6.70846
76.81 -7.33009 -7.55332 1.58134 0.735565 0.813284 -3.07957 -10.8454 1.97769 -11.3678 -0.936752 8.75617 4.12246 -5.86704 -7.03145 3.24238 -10.2623 -3.80083 7.14345 1.85725 -5.28969 1.58122 -3.90264 -7.40017 -5.28033 0.687405 -1.19889 -2.49237 2.43796 -7.57667 -7.19378 -4.0198 -3.15112 -1.1329 -0.756411 -4.22889 -7.49221 -7.36449 -0.900348 1.23445 1.00936 -2.85485 -8.9754 0.991301 -12.7662 -0.38683 3.28725 3.06057 -7.54009 -7.43816
76.86 -8.0034 -7.35865 0.822768 -0.0277096 0.50029 -2.59649 -10.5598 1.45364 -11.3682 -0.601314 8.29215 4.18826 -5.68818 -7.82889 3.52161 -10.4961 -3.4872 7.77467 2.14864 -5.64928 1.03329 -3.39234 -7.46939 -5.47337 1.22665 -1.08051 -2.61015 2.86432 -7.28468 -7.21348 -4.12731 -3.04424 -1.23357 -0.916683 -3.67014 -7.89555 -7.23957 -1.33631 0.445552 0.675866 -2.43963 -8.57199 0.652887 -12.7809 -0.157929 2.79692 3.013 -7.55733 -8.04856
76.91 -8.57025 -7.23074 0.0795551 -0.733138 0.220936 -2.12163 -10.189 0.908488 -11.3452 -0.265611 7.86305 4.22144 -5.51633 -8.52419 3.69383 -10.6956 -3.19519 8.36062 2.42037 -5.94491 0.480106 -2.79611 -7.58397 -5.61302 1.82325 -0.917069 -2.7318 3.1812 -6.96344 -7.2315 -4.21661 -2.80848 -1.31447 -1.09833 -3.06124 -8.16448 -7.15782 -1.7596 -0.275117 0.379203 -2.01714 -8.12272 0.288649 -12.7667 0.0862959 2.34437 2.93937 -7.55765 -8.53848
76.96 -9.0086 -7.14926 -0.629577 -1.37191 -0.0292747 -1.6739 -9.75541 0.343688 -11.2882 0.058597 7.46156 4.21824 -5.35179 -9.11696 3.7697 -10.8644 -2.92148 8.89364 2.67639 -6.17041 -0.0714581 -2.05608 -7.77852 -5.66729 2.47712 -0.68529 -2.87287 3.3867 -6.61959 -7.24756 -4.29637 -2.45758 -1.37384 -1.29045 -2.39361 -8.30452 -7.10607 -2.16493 -0.922939 0.115187 -1.60768 -7.6462 -0.118431 -12.7131 0.336842 1.92353 2.83697 -7.54026 -8.90994
77.01 -9.29125 -7.09982 -1.30975 -1.94072 -0.254713 -1.26499 -9.27997 -0.255665 -11.1787 0.360971 7.07202 4.16979 -5.1936 -9.6035 3.75635 -11.0044 -2.66375 9.36689 2.91919 -6.31629 -0.622433 -1.11321 -8.09725 -5.59614 3.17269 -0.356446 -3.06049 3.47161 -6.26063 -7.26183 -4.37751 -2.02637 -1.41064 -1.48683 -1.66086 -8.33115 -7.07546 -2.54908 -1.4951 -0.120725 -1.22526 -7.15764 -0.600005 -12.6011 0.584076 1.52813 2.69858 -7.50234 -9.16711
77.06 -9.39114 -7.07275 -1.97994 -2.43916 -0.459093 -0.90067 -8.78002 -0.926593 -10.9848 0.632938 6.67366 4.05905 -5.04 -9.97505 3.65579 -11.1168 -2.42079 9.77195 3.15001 -6.37074 -1.18403 -0.0286021 -8.53331 -5.3756 3.88829 0.0641386 -3.33216 3.41787 -5.89222 -7.27501 -4.47476 -1.55742 -1.42497 -1.68317 -0.864045 -8.26733 -7.06035 -2.90749 -1.98922 -0.332575 -0.877707 -6.66738 -1.21994 -12.395 0.819437 1.15303 2.50827 -7.43706 -9.31571
77.11 -9.29722 -7.062 -2.65872 -2.86827 -0.645327 -0.583289 -8.26912 -1.73175 -10.6566 0.865515 6.24199 3.85762 -4.88794 -10.2198 3.46647 -11.2038 -2.19198 10.0951 3.36902 -6.33348 -1.78173 0.986336 -8.99404 -5.04286 4.60586 0.511274 -3.70541 3.21493 -5.51519 -7.28835 -4.60442 -1.08356 -1.41788 -1.87545 -0.0392338 -8.13799 -7.05787 -3.2338 -2.40236 -0.52354 -0.568397 -6.18035 -2.09834 -12.0298 1.03557 0.793572 2.23548 -7.32866 -9.36045
77.16 -9.03959 -7.06411 -3.3454 -3.23002 -0.815572 -0.314813 -7.75707 -2.71936 -10.1477 1.04312 5.74903 3.53625 -4.73121 -10.3289 3.19205 -11.2693 -1.97644 10.3102 3.57511 -6.22591 -2.45754 1.81367 -9.41022 -4.66808 5.31447 0.930262 -4.14989 2.88102 -5.12622 -7.30382 -4.77454 -0.618854 -1.3906 -2.05944 0.751458 -7.96256 -7.06743 -3.521 -2.73003 -0.695839 -0.298449 -5.69585 -3.34308 -11.4402 1.22406 0.444001 1.85228 -7.143 -9.29892
77.21 -8.69335 -7.07667 -4.01031 -3.52692 -0.971354 -0.101238 -7.25025 -3.80184 -9.50038 1.13345 5.16073 3.1093 -4.55818 -10.3047 2.84632 -11.317 -1.77171 10.3692 3.76553 -6.07795 -3.25295 2.45631 -9.76833 -4.29746 6.00808 1.30673 -4.6136 2.45441 -4.72097 -7.32428 -4.97814 -0.15984 -1.34361 -2.23116 1.46141 -7.74886 -7.08849 -3.7633 -2.96532 -0.850762 -0.0694213 -5.20825 -4.76962 -10.6981 1.3704 0.0985984 1.40645 -6.83128 -9.12068
77.26 -8.33345 -7.09657 -4.61274 -3.76146 -1.11371 0.0435315 -6.75179 -4.81702 -8.8516 1.08915 4.4423 2.63843 -4.35327 -10.1628 2.44713 -11.3492 -1.57273 10.212 3.93511 -5.91306 -4.17139 2.94276 -10.0741 -3.94884 6.68 1.64463 -5.05494 1.97348 -4.29377 -7.35399 -5.19677 0.307762 -1.27572 -2.38802 2.0688 -7.49537 -7.11774 -3.95863 -3.09822 -0.9887 0.113851 -4.70813 -6.06887 -9.95721 1.45057 -0.245029 0.983141 -6.37498 -8.82655
77.31 -7.99316 -7.12054 -5.12651 -3.93519 -1.24328 0.101766 -6.26166 -5.72049 -8.30435 0.880137 3.59745 2.17011 -4.10132 -9.92327 2.00958 -11.3667 -1.37211 9.83448 4.07695 -5.74487 -5.1609 3.29647 -10.3356 -3.62546 7.32143 1.95177 -5.4499 1.46701 -3.83385 -7.39959 -5.40752 0.8032 -1.18323 -2.53027 2.56697 -7.2014 -7.15083 -4.11003 -3.11607 -1.10917 0.241933 -4.18313 -7.14274 -9.29605 1.43402 -0.588812 0.614904 -5.80732 -8.43892
77.36 -7.66976 -7.14632 -5.54545 -4.04747 -1.36036 0.0657908 -5.77662 -6.52716 -7.89023 0.52673 2.69184 1.72545 -3.79144 -9.60191 1.54362 -11.3686 -1.16156 9.32946 4.18515 -5.5797 -6.13256 3.53478 -10.5594 -3.32525 7.92395 2.23513 -5.78696 0.953043 -3.32009 -7.47249 -5.5868 1.34574 -1.05841 -2.66217 2.95586 -6.87251 -7.18461 -4.22444 -3.00673 -1.2109 0.302779 -3.61935 -8.00273 -8.74481 1.29641 -0.937605 0.301635 -5.18372 -7.98956
77.41 -7.34739 -7.17254 -5.87594 -4.0943 -1.46488 -0.0526015 -5.28993 -7.23654 -7.59736 0.087204 1.79603 1.31504 -3.42199 -9.20944 1.05342 -11.3511 -0.934075 8.79755 4.25644 -5.41986 -7.0184 3.67117 -10.7504 -3.04493 8.48122 2.49994 -6.06041 0.440857 -2.71455 -7.59348 -5.70916 1.94783 -0.886873 -2.79311 3.23661 -6.51879 -7.21743 -4.31093 -2.76654 -1.29203 0.288174 -3.00433 -8.67927 -8.31223 1.03851 -1.29624 0.0344662 -4.55407 -7.50736
77.46 -7.01147 -7.1983 -6.12946 -4.06731 -1.55629 -0.228067 -4.79116 -7.83589 -7.39863 -0.38093 0.947408 0.943933 -3.00442 -8.75675 0.536668 -11.3064 -0.686749 8.28542 4.28809 -5.26579 -7.7925 3.7162 -10.9117 -2.7818 8.98861 2.7498 -6.26454 -0.0671409 -1.95702 -7.79898 -5.74245 2.60729 -0.644221 -2.94016 3.40723 -6.15111 -7.24878 -4.38002 -2.41076 -1.35068 0.200745 -2.32964 -9.19917 -7.9897 0.690551 -1.66183 -0.196333 -3.95368 -7.01331
77.51 -6.65398 -7.22309 -6.31861 -3.95347 -1.63342 -0.434284 -4.26637 -8.31398 -7.26776 -0.841406 0.161963 0.61257 -2.56072 -8.25792 -0.0177189 -11.2204 -0.422714 7.80123 4.27451 -5.11714 -8.45073 3.67665 -11.045 -2.53428 9.44164 2.98697 -6.38963 -0.574537 -0.993964 -8.13159 -5.64692 3.3069 -0.302891 -3.1327 3.45777 -5.778 -7.27894 -4.44444 -1.97481 -1.38562 0.0545528 -1.58897 -9.58161 -7.75777 0.295298 -2.01947 -0.398886 -3.40429 -6.52002
77.56 -6.2736 -7.2468 -6.45519 -3.73744 -1.69443 -0.651772 -3.70025 -8.66576 -7.1845 -1.27794 -0.551807 0.31805 -2.11601 -7.72879 -0.635511 -11.068 -0.151159 7.33613 4.20377 -4.97313 -8.9951 3.55375 -11.1511 -2.3018 9.83383 3.21265 -6.42424 -1.09176 0.0920664 -8.57364 -5.40375 4.02443 0.124632 -3.40869 3.37005 -5.40326 -7.30881 -4.52044 -1.49978 -1.39671 -0.131026 -0.78609 -9.83853 -7.5946 -0.111062 -2.34663 -0.579057 -2.91687 -6.03291
77.61 -5.87329 -7.26984 -6.54929 -3.40947 -1.73676 -0.869195 -3.08253 -8.89342 -7.13475 -1.68581 -1.18772 0.0559464 -1.69188 -7.18382 -1.36585 -10.8071 0.113837 6.87305 4.05357 -4.83224 -9.42856 3.34556 -11.2325 -2.08437 10.1541 3.42705 -6.37021 -1.63937 1.08865 -9.02925 -5.05686 4.74174 0.570415 -3.781 3.13642 -5.02379 -7.3399 -4.62481 -1.01515 -1.3845 -0.338182 0.0381181 -9.97655 -7.48118 -0.506376 -2.62038 -0.740574 -2.49408 -5.55121
77.66 -5.4571 -7.29333 -6.60887 -2.97822 -1.75751 -1.08123 -2.41843 -9.00631 -7.10934 -2.06447 -1.73994 -0.178254 -1.30447 -6.63339 -2.27174 -10.3826 0.352448 6.38704 3.79233 -4.69085 -9.75377 3.05639 -11.293 -1.88176 10.3818 3.62927 -6.25062 -2.25294 1.89555 -9.43664 -4.67565 5.44788 0.984763 -4.21492 2.77849 -4.6311 -7.37466 -4.76472 -0.530688 -1.3494 -0.554377 0.821422 -9.99961 -7.40284 -0.880906 -2.82048 -0.885448 -2.13309 -5.06849
77.71 -5.02732 -7.31929 -6.63946 -2.47477 -1.75402 -1.28569 -1.73314 -9.01986 -7.10241 -2.41302 -2.20145 -0.388327 -0.967241 -6.0824 -3.33522 -9.7854 0.532638 5.841 3.40969 -4.54103 -9.97234 2.70139 -11.3361 -1.69252 10.4785 3.81698 -6.09502 -2.97779 2.52149 -9.78609 -4.30275 6.1363 1.35656 -4.65879 2.33542 -4.21439 -7.41716 -4.93189 -0.0389365 -1.29045 -0.773007 1.51984 -9.91124 -7.34891 -1.23298 -2.92889 -1.01437 -1.82837 -4.57381
77.76 -4.58211 -7.35113 -6.64366 -1.93527 -1.72403 -1.48145 -1.06049 -8.95267 -7.10895 -2.72899 -2.56255 -0.57696 -0.696575 -5.5296 -4.39439 -9.12423 0.604868 5.18724 2.95351 -4.36978 -10.0845 2.29978 -11.3637 -1.51289 10.3851 3.98571 -5.92567 -3.83584 2.99423 -10.084 -3.95371 6.79975 1.69061 -5.07337 1.84496 -3.7595 -7.47434 -5.10646 0.476965 -1.20405 -0.99268 2.1131 -9.7163 -7.31189 -1.56525 -2.929 -1.12701 -1.57357 -4.05334
77.81 -4.11305 -7.39442 -6.62054 -1.3795 -1.66478 -1.66776 -0.42768 -8.82249 -7.12397 -3.00984 -2.80983 -0.745654 -0.513239 -4.96713 -5.34367 -8.52894 0.521498 4.39973 2.48206 -4.16229 -10.0905 1.86666 -11.3763 -1.33659 10.067 4.12867 -5.75511 -4.7948 3.33559 -10.338 -3.6308 7.42958 1.99467 -5.43632 1.33487 -3.24385 -7.55847 -5.2629 1.03516 -1.08231 -1.21652 2.59433 -9.42179 -7.28654 -1.88231 -2.80825 -1.22227 -1.36259 -3.4927
77.86 -3.60161 -7.45862 -6.5642 -0.805508 -1.571 -1.84495 0.149156 -8.64262 -7.14362 -3.25459 -2.92599 -0.894721 -0.432915 -4.38023 -6.18389 -8.05953 0.275858 3.51857 2.02517 -3.90521 -9.99146 1.41051 -11.3726 -1.15567 9.58319 4.23878 -5.5889 -5.77228 3.56121 -10.5544 -3.33154 8.01797 2.2755 -5.73589 0.822199 -2.62888 -7.692 -5.37163 1.64649 -0.910174 -1.4526 2.96131 -9.03728 -7.26929 -2.18962 -2.56597 -1.29864 -1.1901 -2.88017
77.91 -3.01249 -7.56105 -6.46103 -0.196776 -1.43162 -2.01591 0.66093 -8.42064 -7.16538 -3.46475 -2.89228 -1.02336 -0.45349 -3.74786 -6.92171 -7.71891 -0.0888675 2.61802 1.59682 -3.59045 -9.79064 0.933096 -11.3486 -0.962114 9.04034 4.31112 -5.42884 -6.68519 3.68223 -10.7372 -3.05251 8.55913 2.53804 -5.9634 0.315056 -1.85512 -7.91326 -5.39632 2.30706 -0.662522 -1.71654 3.21005 -8.57482 -7.25774 -2.49356 -2.22235 -1.35485 -1.05162 -2.20818
77.96 -2.2828 -7.73454 -6.28409 0.464683 -1.22462 -2.18877 1.09963 -8.16006 -7.18755 -3.64471 -2.69824 -1.12989 -0.55483 -3.0461 -7.5471 -7.48402 -0.513218 1.74755 1.20472 -3.22037 -9.49604 0.429103 -11.2959 -0.750202 8.50364 4.34186 -5.27502 -7.49182 3.70522 -10.8888 -2.79099 9.04868 2.78569 -6.10807 -0.185542 -0.880095 -8.26224 -5.29611 2.99947 -0.314166 -2.03611 3.3291 -8.04822 -7.25033 -2.80275 -1.8169 -1.39059 -0.943359 -1.47067
78.01 -1.326 -8.03135 -5.98652 1.18186 -0.914954 -2.38218 1.45123 -7.8637 -7.20892 -3.80258 -2.35958 -1.21249 -0.710208 -2.2544 -8.04761 -7.32738 -0.952354 0.928783 0.851961 -2.80976 -9.12213 -0.116031 -11.2001 -0.519097 7.99108 4.32484 -5.12694 -8.18089 3.6311 -11.011 -2.54534 9.48199 3.02052 -6.15976 -0.684893 0.190677 -8.7112 -5.05761 3.70274 0.114695 -2.44572 3.3 -7.47054 -7.24623 -3.12952 -1.39324 -1.40681 -0.861973 -0.674021
78.06 -0.152093 -8.47031 -5.51751 1.9343 -0.489212 -2.6315 1.68762 -7.53554 -7.2286 -3.95182 -1.9265 -1.27032 -0.896659 -1.36721 -8.41641 -7.22625 -1.38239 0.171213 0.537553 -2.3815 -8.68847 -0.731652 -11.0349 -0.274476 7.49698 4.24747 -4.98369 -8.75194 3.45846 -11.1071 -2.31488 9.85218 3.24352 -6.12339 -1.19548 1.14974 -9.16447 -4.72787 4.40055 0.554845 -2.95246 3.11677 -6.85156 -7.24531 -3.48619 -0.984173 -1.40538 -0.804398 0.137316
78.11 0.997491 -8.95777 -4.88661 2.68897 -0.0119048 -2.97347 1.77154 -7.17897 -7.24612 -4.11183 -1.46136 -1.30435 -1.09851 -0.424726 -8.65452 -7.1643 -1.7936 -0.52015 0.257883 -1.95943 -8.2156 -1.46977 -10.757 -0.0288543 7.00449 4.08658 -4.84358 -9.20706 3.19307 -11.1813 -2.09939 10.1476 3.45468 -6.02324 -1.74024 1.91504 -9.56735 -4.37018 5.08592 0.96115 -3.519 2.80204 -6.20176 -7.2484 -3.87416 -0.605963 -1.38823 -0.767851 0.902597
78.16 1.91874 -9.40195 -4.16139 3.42052 0.442364 -3.40666 1.68499 -6.79586 -7.26139 -4.30101 -1.00468 -1.31707 -1.30617 0.490142 -8.77129 -7.13072 -2.18211 -1.14251 0.00831892 -1.56398 -7.72063 -2.38982 -10.3125 0.196857 6.48751 3.81117 -4.70275 -9.54854 2.85236 -11.2374 -1.89843 10.3466 3.65283 -5.88756 -2.35695 2.50127 -9.91226 -4.02067 5.75941 1.32473 -4.09422 2.39458 -5.53747 -7.25779 -4.27878 -0.261652 -1.35639 -0.750029 1.58159
78.21 2.55051 -9.78262 -3.38489 4.12054 0.847273 -3.89172 1.44279 -6.38988 -7.27479 -4.52613 -0.563893 -1.31121 -1.5136 1.30409 -8.78348 -7.11834 -2.54439 -1.69383 -0.215643 -1.21316 -7.2154 -3.45552 -9.7042 0.367117 5.90725 3.41671 -4.55301 -9.77802 2.45966 -11.2778 -1.71037 10.4085 3.83527 -5.73689 -3.09029 2.93765 -10.2056 -3.69192 6.42062 1.65105 -4.63856 1.93194 -4.87524 -7.2781 -4.67542 0.0522323 -1.30896 -0.749501 2.15737
78.26 2.86821 -10.1059 -2.55762 4.78932 1.20323 -4.38303 1.07927 -5.96792 -7.2873 -4.78002 -0.125659 -1.28873 -1.7162 1.96766 -8.71214 -7.12112 -2.87554 -2.17118 -0.417773 -0.927237 -6.70703 -4.50003 -9.04905 0.429089 5.21666 2.95519 -4.38146 -9.89645 2.03497 -11.3034 -1.5314 10.2747 3.99706 -5.58281 -3.95658 3.24769 -10.4551 -3.38565 7.06271 1.94818 -5.12754 1.443 -4.21854 -7.31752 -5.03766 0.341191 -1.2421 -0.76631 2.62642
78.31 2.89383 -10.3809 -1.67818 5.42542 1.51826 -4.84751 0.631673 -5.53777 -7.30049 -5.04718 0.325323 -1.25039 -1.9102 2.44991 -8.57762 -7.13344 -3.17085 -2.56974 -0.600883 -0.729088 -6.19896 -5.43217 -8.46975 0.336272 4.39681 2.48172 -4.17356 -9.90528 1.58989 -11.3136 -1.3553 9.9199 4.13099 -5.43067 -4.91625 3.44952 -10.6673 -3.09993 7.6747 2.22308 -5.5476 0.946783 -3.54525 -7.39015 -5.34042 0.610984 -1.1474 -0.80298 2.99095
78.36 2.74663 -10.6147 -0.790021 6.0223 1.80074 -5.26678 0.131152 -5.10435 -7.31663 -5.31034 0.791078 -1.19597 -2.09299 2.74824 -8.39493 -7.15112 -3.42766 -2.88233 -0.766789 -0.63396 -5.69123 -6.25547 -8.01799 0.0866508 3.49519 2.0236 -3.91594 -9.80699 1.12788 -11.3055 -1.1743 9.4133 4.22975 -5.28244 -5.88336 3.55798 -10.847 -2.83237 8.24628 2.48083 -5.89085 0.453606 -2.79225 -7.52239 -5.55675 0.867386 -1.00785 -0.866599 3.25418
78.41 2.56987 -10.8134 0.0364809 6.57019 2.0575 -5.63318 -0.399905 -4.667 -7.33889 -5.55436 1.26544 -1.12456 -2.26361 2.89598 -8.17207 -7.17141 -3.64613 -3.09946 -0.916366 -0.637967 -5.17999 -6.9733 -7.69234 -0.274358 2.5843 1.59421 -3.60038 -9.6059 0.645222 -11.2731 -0.980572 8.85801 4.28797 -5.13871 -6.77872 3.58508 -10.9967 -2.58126 8.76992 2.72483 -6.14924 -0.0333483 -1.82435 -7.7674 -5.64866 1.11694 -0.789114 -0.974119 3.41585
78.46 2.42757 -10.9819 0.757869 7.05798 2.29364 -5.94527 -0.947949 -4.21802 -7.37183 -5.7671 1.75048 -1.03425 -2.42312 2.94159 -7.91199 -7.19244 -3.82914 -3.2093 -1.04961 -0.719886 -4.65705 -7.5744 -7.4687 -0.689222 1.70885 1.20122 -3.22931 -9.31067 0.130408 -11.205 -0.768683 8.31118 4.30052 -4.9996 -7.56499 3.53838 -11.1164 -2.34597 9.23992 2.95718 -6.30836 -0.517027 -0.460722 -8.19668 -5.56108 1.36837 -0.444767 -1.16438 3.46514
78.51 2.32044 -11.1244 1.36549 7.47277 2.5125 -6.20428 -1.50784 -3.74117 -7.42274 -5.93818 2.25923 -0.920845 -2.57499 2.92359 -7.61639 -7.21287 -3.9818 -3.19851 -1.16569 -0.85311 -4.11007 -8.0472 -7.32015 -1.11608 0.887941 0.847731 -2.81776 -8.93603 -0.439314 -11.0815 -0.538354 7.78585 4.25848 -4.8651 -8.2324 3.41786 -11.205 -2.12673 9.65012 3.17893 -6.35127 -1.0067 1.1505 -8.75031 -5.27799 1.63075 -0.0101905 -1.49716 3.37981
78.56 2.23221 -11.2441 1.8682 7.79762 2.71579 -6.41154 -2.0827 -3.20864 -7.50433 -6.05625 2.8084 -0.776004 -2.72583 2.86336 -7.28873 -7.23182 -4.11076 -3.05602 -1.26311 -1.01539 -3.5245 -8.38696 -7.22496 -1.53271 0.130368 0.532748 -2.38915 -8.50154 -1.10514 -10.8682 -0.2965 7.27322 4.14452 -4.73468 -8.78062 3.21987 -11.265 -1.92408 9.99109 3.39023 -6.28645 -1.52007 2.58667 -9.27106 -4.88777 1.90694 0.406935 -1.98901 3.15596
78.61 2.14783 -11.3427 2.28025 8.00902 2.90362 -6.56629 -2.68404 -2.57507 -7.64006 -6.10458 3.40833 -0.584051 -2.88702 2.76753 -6.9351 -7.2488 -4.22393 -2.78208 -1.33992 -1.19183 -2.88758 -8.59769 -7.16777 -1.92929 -0.558515 0.252666 -1.96824 -8.02791 -1.92894 -10.5133 -0.0586675 6.7528 3.93013 -4.60621 -9.21153 2.94964 -11.3019 -1.73806 10.2465 3.59024 -6.15149 -2.08763 3.69888 -9.7179 -4.48043 2.19674 0.76659 -2.58733 2.82211
78.66 2.0547 -11.4211 2.61617 8.077 3.07454 -6.66335 -3.33047 -1.77419 -7.87003 -6.05559 4.05431 -0.318986 -3.07839 2.63004 -6.56313 -7.26382 -4.33089 -2.39836 -1.39444 -1.37343 -2.19076 -8.69189 -7.1384 -2.3007 -1.17503 0.00289007 -1.57749 -7.53337 -2.93765 -9.97987 0.146948 6.19237 3.59176 -4.47397 -9.52696 2.62352 -11.3208 -1.56746 10.3856 3.77694 -5.98356 -2.75341 4.49565 -10.1023 -4.09377 2.50304 1.07114 -3.22346 2.41664
78.71 1.93915 -11.4786 2.88899 7.97438 3.2256 -6.69146 -4.04088 -0.765328 -8.23231 -5.87406 4.72824 0.0430614 -3.33217 2.43168 -6.18012 -7.27734 -4.44414 -1.94587 -1.42587 -1.55441 -1.42769 -8.68842 -7.12946 -2.6422 -1.71636 -0.221011 -1.23898 -7.03165 -4.01044 -9.33367 0.273199 5.54673 3.15619 -4.32688 -9.72786 2.26064 -11.3256 -1.40894 10.3563 3.9465 -5.80593 -3.55206 5.01428 -10.4383 -3.73649 2.83083 1.33128 -3.84602 1.97244
78.76 1.78355 -11.5144 3.10979 7.70165 3.35295 -6.63915 -4.81754 0.327817 -8.68819 -5.5547 5.40995 0.475825 -3.68042 2.14723 -5.79035 -7.29031 -4.57952 -1.46771 -1.43465 -1.73031 -0.607404 -8.60812 -7.13426 -2.94894 -2.17956 -0.422719 -0.977472 -6.53125 -4.99683 -8.71206 0.264167 4.77732 2.68547 -4.15038 -9.81502 1.87484 -11.3183 -1.2566 10.1086 4.09286 -5.62985 -4.47095 5.29435 -10.7358 -3.40701 3.18133 1.55749 -4.42487 1.5128
78.81 1.57075 -11.5291 3.28781 7.30705 3.4531 -6.51141 -5.63188 1.29794 -9.13901 -5.15374 6.08466 0.910676 -4.11494 1.77083 -5.39325 -7.30429 -4.75002 -0.992494 -1.42198 -1.89743 0.221637 -8.46883 -7.14732 -3.21752 -2.56064 -0.604971 -0.815034 -6.03505 -5.8672 -8.20127 0.0925753 3.9001 2.21962 -3.92988 -9.79025 1.4727 -11.2995 -1.10249 9.66718 4.2089 -5.45954 -5.44097 5.37385 -11.0018 -3.10128 3.5475 1.75823 -4.94495 1.05169
78.86 1.29383 -11.5234 3.43066 6.86247 3.52408 -6.33279 -6.43873 2.07601 -9.5364 -4.73703 6.74307 1.30999 -4.58548 1.32487 -4.98549 -7.32152 -4.95531 -0.528475 -1.38897 -2.0532 0.999046 -8.28217 -7.16489 -3.44694 -2.85366 -0.769544 -0.75812 -5.54052 -6.63035 -7.82076 -0.215951 2.98421 1.77707 -3.65393 -9.6568 1.05489 -11.2671 -0.937938 9.13257 4.28927 -5.29591 -6.37188 5.28903 -11.2414 -2.81563 3.91607 1.93978 -5.40082 0.595629
78.91 0.957129 -11.4964 3.5445 6.42092 3.56519 -6.13044 -7.20337 2.67933 -9.87652 -4.33906 7.37681 1.66933 -5.04172 0.839636 -4.56288 -7.34535 -5.18066 -0.0675467 -1.33557 -2.19673 1.68686 -8.0538 -7.18448 -3.63878 -3.04991 -0.917298 -0.792668 -5.04068 -7.27982 -7.55376 -0.60551 2.08916 1.3679 -3.31941 -9.42129 0.617024 -11.2163 -0.755508 8.58741 4.33089 -5.13876 -7.20631 5.07458 -11.458 -2.54772 4.27297 2.10645 -5.79339 0.145524
78.96 0.568336 -11.4439 3.63419 6.00572 3.57544 -5.92279 -7.90903 3.13424 -10.1668 -3.96988 7.97552 1.99478 -5.45314 0.337802 -4.11801 -7.38084 -5.40438 0.40758 -1.25979 -2.32916 2.26911 -7.78642 -7.20433 -3.79688 -3.13774 -1.04822 -0.89314 -4.52492 -7.80273 -7.37317 -1.02604 1.24347 0.997323 -2.93563 -9.09613 0.149192 -11.1376 -0.551601 8.06354 4.33038 -4.98777 -7.9241 4.76367 -11.6545 -2.29661 4.60651 2.26109 -6.12752 -0.302215
79.01 0.130022 -11.3575 3.70325 5.62096 3.55188 -5.71884 -8.55058 3.46046 -10.4151 -3.62858 8.52846 2.29332 -5.80597 -0.168965 -3.63577 -7.43621 -5.60395 0.917768 -1.15657 -2.4541 2.74152 -7.4833 -7.22321 -3.92674 -3.10381 -1.16148 -1.03456 -3.9799 -8.19107 -7.25445 -1.44728 0.459031 0.666067 -2.52265 -8.69961 -0.366603 -11.0146 -0.328627 7.56314 4.28088 -4.84261 -8.52175 4.3874 -11.8331 -2.06239 4.90715 2.40539 -6.40994 -0.755618
79.06 -0.366909 -11.2218 3.75375 5.26105 3.48768 -5.52089 -9.12802 3.67271 -10.6273 -3.31069 9.02602 2.57038 -6.09521 -0.67947 -3.08803 -7.52602 -5.75701 1.48169 -1.01586 -2.5783 3.10412 -7.15007 -7.24034 -4.03508 -2.93807 -1.25554 -1.19857 -3.39145 -8.44562 -7.17919 -1.85482 -0.258083 0.371515 -2.10459 -8.25294 -0.96218 -10.8192 -0.0956118 7.07611 4.16881 -4.7027 -9.00091 3.97401 -11.9953 -1.84559 5.16541 2.54018 -6.64779 -1.22865
79.11 -0.949993 -11.0104 3.78562 4.91482 3.36947 -5.32699 -9.64259 3.78277 -10.8079 -3.01127 9.45877 2.82955 -6.31799 -1.20314 -2.42685 -7.67685 -5.83781 2.10773 -0.819417 -2.71349 3.3566 -6.79433 -7.25544 -4.12966 -2.64371 -1.32854 -1.3736 -2.74813 -8.5768 -7.13477 -2.24195 -0.904065 0.109347 -1.70329 -7.7763 -1.68798 -10.5082 0.131875 6.58612 3.97103 -4.56631 -9.36507 3.54799 -12.1422 -1.64642 5.36845 2.66549 -6.84771 -1.74464
79.16 -1.6706 -10.6808 3.79458 4.56549 3.1744 -5.1315 -10.0942 3.79992 -10.9593 -2.72592 9.81396 3.07285 -6.46864 -1.76248 -1.58528 -7.93152 -5.81184 2.7876 -0.538917 -2.88041 3.49383 -6.42417 -7.26869 -4.21985 -2.24605 -1.3789 -1.55248 -2.0424 -8.60352 -7.113 -2.60357 -1.47631 -0.125041 -1.33653 -7.28601 -2.58584 -10.0387 0.329217 6.06981 3.66221 -4.42884 -9.61877 3.12935 -12.2746 -1.46405 5.49432 2.78049 -7.01547 -2.33887
79.21 -2.57861 -10.188 3.76658 4.18717 2.87661 -4.92353 -10.4783 3.72934 -11.0827 -2.45042 10.0689 3.30076 -6.53653 -2.39564 -0.545784 -8.31898 -5.64332 3.50063 -0.155919 -3.11298 3.50139 -6.04619 -7.28077 -4.31818 -1.78713 -1.40609 -1.72993 -1.26932 -8.54958 -7.10829 -2.93366 -1.97255 -0.335716 -1.02109 -6.79343 -3.5925 -9.43665 0.456045 5.49273 3.24962 -4.28067 -9.76648 2.7323 -12.3928 -1.29576 5.50313 2.88311 -7.15575 -3.04701
79.26 -3.61948 -9.55406 3.66657 3.73958 2.48289 -4.68484 -10.7827 3.56981 -11.1796 -2.1795 10.1811 3.51205 -6.51393 -3.14494 0.531031 -8.78036 -5.33849 4.22548 0.28902 -3.44398 3.36167 -5.6628 -7.29286 -4.44076 -1.30747 -1.4107 -1.90125 -0.44549 -8.43772 -7.11559 -3.22621 -2.39001 -0.525868 -0.777183 -6.30455 -4.55836 -8.81932 0.459026 4.81306 2.78581 -4.10758 -9.81187 2.36281 -12.497 -1.13624 5.33864 2.96953 -7.27214 -3.87594
79.31 -4.6394 -8.89992 3.43524 3.17365 2.04882 -4.39461 -10.9888 3.31684 -11.2532 -1.9056 10.0919 3.70319 -6.4122 -4.02332 1.45735 -9.22153 -4.96125 4.9473 0.726377 -3.86614 3.07735 -5.27107 -7.3067 -4.60083 -0.83147 -1.39393 -2.06244 0.373987 -8.2843 -7.13025 -3.47763 -2.72467 -0.697747 -0.625849 -5.81984 -5.42009 -8.28944 0.302977 4.01249 2.31802 -3.89428 -9.75808 2.01849 -12.5868 -0.977786 4.97375 3.03438 -7.36704 -4.7889
79.36 -5.57112 -8.33615 3.02091 2.47102 1.62392 -4.04074 -11.0789 2.97237 -11.3072 -1.62016 9.78311 3.86878 -6.25932 -4.99161 2.19168 -9.60659 -4.57288 5.65878 1.12432 -4.33274 2.67774 -4.86568 -7.32483 -4.79855 -0.363587 -1.35665 -2.21099 1.13163 -8.09727 -7.1489 -3.68781 -2.97049 -0.852702 -0.576731 -5.3346 -6.1847 -7.88334 0.00248923 3.13154 1.86966 -3.62801 -9.60799 1.69156 -12.6617 -0.811529 4.46627 3.07289 -7.44189 -5.71068
79.41 -6.42357 -7.90425 2.42725 1.68086 1.2297 -3.62546 -11.0437 2.54934 -11.3444 -1.31704 9.33155 4.0041 -6.08245 -5.96762 2.75739 -9.93572 -4.20279 6.35473 1.48081 -4.79472 2.20038 -4.44083 -7.35098 -5.01976 0.106428 -1.29837 -2.34653 1.79471 -7.87799 -7.16938 -3.85965 -3.1185 -0.991237 -0.619803 -4.83995 -6.85194 -7.59265 -0.390255 2.23888 1.45248 -3.30322 -9.36596 1.37205 -12.7205 -0.629185 3.91397 3.08329 -7.49765 -6.56658
79.46 -7.20047 -7.5969 1.71474 0.876235 0.872813 -3.16458 -10.8855 2.06787 -11.3657 -0.995553 8.84207 4.10742 -5.89945 -6.87893 3.18049 -10.2167 -3.8592 7.02705 1.80291 -5.21948 1.67723 -3.98746 -7.39095 -5.24239 0.596523 -1.21637 -2.47105 2.35056 -7.62521 -7.19014 -3.99817 -3.15681 -1.11304 -0.731368 -4.32399 -7.40656 -7.39257 -0.822262 1.38144 1.0728 -2.9262 -9.04091 1.04972 -12.7611 -0.425446 3.37873 3.06635 -7.53524 -7.3169
79.51 -7.89081 -7.38772 0.957643 0.104286 0.553414 -2.68252 -10.6176 1.54871 -11.3696 -0.661376 8.37217 4.17888 -5.71954 -7.69443 3.48009 -10.4571 -3.54133 7.66539 2.09836 -5.58979 1.13151 -3.48816 -7.45447 -5.44213 1.12674 -1.10438 -2.58923 2.79646 -7.33895 -7.21008 -4.10973 -3.07274 -1.21705 -0.886181 -3.77294 -7.83359 -7.25819 -1.25941 0.581146 0.732425 -2.51472 -8.64771 0.714642 -12.7802 -0.200014 2.88128 3.02334 -7.5555 -7.94876
79.56 -8.47805 -7.2496 0.209517 -0.612301 0.268391 -2.20461 -10.2602 1.0068 -11.3514 -0.324846 7.93705 4.21804 -5.54636 -8.40791 3.67049 -10.6624 -3.24574 8.26 2.37325 -5.89723 0.578546 -2.91078 -7.55896 -5.59337 1.71264 -0.950339 -2.70929 3.13283 -7.02248 -7.22843 -4.20168 -2.85956 -1.3016 -1.06499 -3.17371 -8.12634 -7.16986 -1.68548 -0.152081 0.429483 -2.09189 -8.20517 0.355997 -12.7718 0.0420861 2.4224 2.95446 -7.55885 -8.46003
79.61 -8.94114 -7.16107 -0.505878 -1.26329 0.0133268 -1.751 -9.8362 0.446061 -11.3015 0.00222193 7.53162 4.22178 -5.38057 -9.01906 3.76287 -10.8365 -2.96897 8.80295 2.63185 -6.13576 0.0265206 -2.20147 -7.73597 -5.6656 2.35709 -0.732904 -2.84532 3.35854 -6.6821 -7.24484 -4.28243 -2.52712 -1.36491 -1.25581 -2.51701 -8.28845 -7.11353 -2.09424 -0.813107 0.159993 -1.6789 -7.73227 -0.0417277 -12.7262 0.292224 1.9964 2.85754 -7.54474 -8.85233
79.66 -9.25362 -7.10675 -1.19006 -1.84465 -0.216226 -1.33461 -9.36683 -0.145163 -11.2032 0.309148 7.14134 4.18234 -5.22135 -9.525 3.76509 -10.9816 -2.70852 9.28737 2.87687 -6.29671 -0.524074 -1.29601 -8.03034 -5.61966 3.04681 -0.422762 -3.02204 3.46606 -6.32532 -7.2594 -4.36237 -2.10705 -1.40575 -1.45177 -1.79628 -8.33375 -7.07965 -2.48244 -1.3989 -0.0806033 -1.29093 -7.24494 -0.506619 -12.6265 0.540716 1.59688 2.72639 -7.51081 -9.12946
79.71 -9.38762 -7.07624 -1.86043 -2.35556 -0.424119 -0.96212 -8.87014 -0.799445 -11.0274 0.58712 6.74625 4.08443 -5.06711 -9.91785 3.68014 -11.0987 -2.46298 9.70535 3.10979 -6.36804 -1.08239 -0.222723 -8.45083 -5.425 3.76035 -0.0148943 -3.27627 3.43836 -5.95837 -7.2727 -4.45551 -1.64196 -1.42402 -1.6484 -1.00954 -8.28417 -7.06207 -2.84585 -1.9071 -0.296477 -0.936821 -6.75446 -1.09498 -12.441 0.77875 1.2185 2.54708 -7.4512 -9.29695
79.76 -9.32748 -7.0629 -2.53693 -2.79689 -0.613404 -0.636279 -8.36037 -1.57549 -10.7274 0.827536 6.32244 3.90164 -4.9151 -10.186 3.50663 -11.19 -2.23169 10.0445 3.33093 -6.3461 -1.67102 0.818301 -8.91426 -5.10703 4.47858 0.432803 -3.63236 3.26154 -5.58304 -7.28589 -4.57842 -1.16737 -1.42065 -1.84171 -0.185294 -8.16481 -7.05744 -3.17838 -2.33492 -0.490969 -0.620589 -6.26675 -1.91629 -12.1102 0.998838 0.856638 2.29181 -7.35231 -9.36004
79.81 -9.09444 -7.0629 -3.2236 -3.17046 -0.786367 -0.358844 -7.84796 -2.5317 -10.2515 1.01668 5.84266 3.60251 -4.75988 -10.3195 3.2466 -11.259 -2.01391 10.2816 3.53947 -6.24883 -2.32941 1.68071 -9.34043 -4.73535 5.18929 0.858755 -4.0679 2.94842 -5.19651 -7.3008 -4.74142 -0.700864 -1.3969 -2.02748 0.615661 -7.99663 -7.06484 -3.47304 -2.67823 -0.66647 -0.343574 -5.78209 -3.0979 -11.5609 1.19306 0.505783 1.92778 -7.18393 -9.3181
79.86 -8.75769 -7.0738 -3.89546 -3.47871 -0.944635 -0.134724 -7.33989 -3.61057 -9.61983 1.12582 5.27413 3.19036 -4.59085 -10.3182 2.91227 -11.3097 -1.80754 10.373 3.73298 -6.10606 -3.10178 2.35416 -9.70866 -4.36206 5.88599 1.24276 -4.53175 2.53531 -4.7945 -7.32011 -4.94018 -0.24166 -1.35344 -2.20164 1.34219 -7.78971 -7.08402 -3.72362 -2.93061 -0.824431 -0.107035 -5.29564 -4.51878 -10.8337 1.34838 0.159913 1.486 -6.89757 -9.16122
79.91 -8.39643 -7.09265 -4.51155 -3.72419 -1.08932 0.0236263 -6.83985 -4.64477 -8.96156 1.10878 4.58043 2.72295 -4.39278 -10.1957 2.52135 -11.3445 -1.60803 10.2574 3.90675 -5.94293 -4.00051 2.86647 -10.0232 -4.00902 6.56238 1.58697 -4.9793 2.06162 -4.37179 -7.34777 -5.15776 0.223085 -1.28946 -2.36123 1.96862 -7.5435 -7.11214 -3.92722 -3.0826 -0.965403 0.0849409 -4.79858 -5.8536 -10.0846 1.44248 -0.183948 1.05475 -6.46579 -8.88659
79.96 -8.05212 -7.1161 -5.04204 -3.90871 -1.22113 0.0983138 -6.34839 -5.56712 -8.39216 0.929192 3.75465 2.25214 -4.15017 -9.97225 2.08974 -11.3647 -1.40831 9.91445 4.05403 -5.77469 -4.98347 3.2424 -10.292 -3.68123 7.20989 1.89903 -5.38362 1.55809 -3.91886 -7.38989 -5.37163 0.712087 -1.20177 -2.50589 2.48634 -7.25652 -7.14482 -4.08602 -3.1219 -1.08905 0.223712 -4.279 -6.96807 -9.40622 1.44535 -0.527434 0.67623 -5.91407 -8.51335
80.01 -7.72675 -7.14167 -5.47764 -4.0321 -1.34043 0.0788092 -5.86283 -6.39043 -7.95439 0.597798 2.85391 1.80231 -3.85106 -9.66459 1.62837 -11.3695 -1.2001 9.42354 4.16852 -5.60874 -5.96457 3.50017 -10.5221 -3.37713 7.81987 2.18618 -5.73149 1.04456 -3.41688 -7.45676 -5.55827 1.24503 -1.08351 -2.63911 2.89458 -6.93318 -7.17864 -4.2064 -3.03585 -1.19424 0.297345 -3.72312 -7.86396 -8.83425 1.33016 -0.874892 0.35373 -5.2964 -8.07268
80.06 -7.40541 -7.16788 -5.82311 -4.09106 -1.44722 -0.0265471 -5.37709 -7.11794 -7.64178 0.168938 1.9527 1.38529 -3.49177 -9.28404 1.14244 -11.3559 -0.976002 8.89144 4.24656 -5.44788 -6.86859 3.65384 -10.7187 -3.09349 8.38556 2.45399 -6.01661 0.531699 -2.83143 -7.56704 -5.69284 1.83618 -0.921759 -2.76925 3.19456 -6.58307 -7.2117 -4.29713 -2.81849 -1.27918 0.296346 -3.11796 -8.57099 -8.38073 1.09216 -1.23166 0.0790906 -4.66482 -7.59454
80.11 -7.0727 -7.19378 -6.0894 -4.07804 -1.54102 -0.193897 -4.88139 -7.73784 -7.42835 -0.297434 1.09414 1.00703 -3.08137 -8.84114 0.630927 -11.3168 -0.732166 8.37445 4.28555 -5.29279 -7.66322 3.7145 -10.8851 -2.82746 8.90214 2.7063 -6.23364 0.0230463 -2.1061 -7.75411 -5.74479 2.48635 -0.693993 -2.9117 3.38522 -6.21714 -7.2433 -4.36847 -2.48115 -1.34195 0.221122 -2.45438 -9.11714 -8.03984 0.757165 -1.59677 -0.157526 -4.05727 -7.10145
80.16 -6.71931 -7.21876 -6.28911 -3.98077 -1.62081 -0.39631 -4.36237 -8.23807 -7.28707 -0.760936 0.296713 0.668737 -2.64046 -8.34937 0.0845929 -11.2396 -0.470591 7.88563 4.28065 -5.14322 -8.34199 3.68974 -11.0233 -2.57723 9.36523 2.94562 -6.37371 -0.483918 -1.17966 -8.06241 -5.67489 3.18046 -0.371281 -3.09337 3.45833 -5.84455 -7.27363 -4.43264 -2.05637 -1.38116 0.0840219 -1.72581 -9.52299 -7.79341 0.367323 -1.95736 -0.364612 -3.49772 -6.60743
80.21 -6.34288 -7.24265 -6.43425 -3.78396 -1.68486 -0.612838 -3.80463 -8.61239 -7.19654 -1.20229 -0.430302 0.367963 -2.1942 -7.82449 -0.519093 -11.1015 -0.199473 7.41818 4.22137 -4.99848 -8.90641 3.58183 -11.1341 -2.34208 9.76888 3.1733 -6.42492 -0.99824 -0.100345 -8.49108 -5.45667 3.89631 0.0450609 -3.35223 3.39648 -5.47012 -7.30345 -4.50526 -1.58564 -1.39646 -0.0959646 -0.932282 -9.80164 -7.61951 -0.0390946 -2.29168 -0.548437 -2.99888 -6.11911
80.26 -5.94581 -7.26575 -6.53526 -3.47597 -1.73072 -0.830797 -3.19629 -8.86165 -7.14161 -1.61535 -1.08048 0.100431 -1.76508 -7.28144 -1.22465 -10.864 0.0679285 6.9563 4.08749 -4.85721 -9.3594 3.38881 -11.2196 -2.12197 10.1031 3.38974 -6.38549 -1.53832 0.924415 -8.95084 -5.12288 4.61467 0.492574 -3.70876 3.18808 -5.09201 -7.33418 -4.60364 -1.10141 -1.38835 -0.300371 -0.107271 -9.96049 -7.49844 -0.43739 -2.5765 -0.713084 -2.56467 -5.63676
80.31 -5.5322 -7.28904 -6.60051 -3.06137 -1.75552 -1.044 -2.53912 -8.99399 -7.11237 -1.99923 -1.64806 -0.138431 -1.37014 -6.73146 -2.0962 -10.4719 0.3131 6.47667 3.84812 -4.71633 -9.70371 3.11322 -11.2836 -1.91678 10.3495 3.59425 -6.27533 -2.13685 1.76597 -9.36845 -4.74367 5.32332 0.914135 -4.13555 2.84961 -4.70241 -7.36805 -4.7374 -0.617061 -1.35734 -0.515604 0.687315 -10.0038 -7.41473 -0.815916 -2.79108 -0.860835 -2.19304 -5.15491
80.36 -5.10482 -7.31436 -6.63598 -2.56793 -1.75652 -1.24991 -1.85513 -9.0239 -7.10251 -2.35328 -2.12634 -0.352568 -1.02294 -6.18047 -3.1409 -9.90072 0.50686 5.94467 3.48516 -4.56884 -9.94122 2.76851 -11.3296 -1.72535 10.4734 3.7848 -6.12422 -2.83904 2.42204 -9.72791 -4.36758 6.01536 1.29336 -4.58105 2.41872 -4.29087 -7.40877 -4.90092 -0.127678 -1.3028 -0.734041 1.40288 -9.93493 -7.35709 -1.17188 -2.91707 -0.992595 -1.87877 -4.66332
80.41 -4.66274 -7.34483 -6.64483 -2.03274 -1.73141 -1.44729 -1.17792 -8.9697 -7.10703 -2.67527 -2.50617 -0.544873 -0.738973 -5.62838 -4.21292 -9.24001 0.602353 5.31335 3.03711 -4.40249 -10.0723 2.37391 -11.3598 -1.54441 10.4182 3.95735 -5.95615 -3.67404 2.92023 -10.0344 -4.01389 6.68387 1.63357 -5.0029 1.93433 -3.84409 -7.46264 -5.07594 0.382529 -1.22172 -0.953425 2.01561 -9.75851 -7.3175 -1.50737 -2.93756 -1.1082 -1.61555 -4.14852
80.46 -4.19893 -7.38553 -6.62684 -1.47944 -1.67765 -1.63531 -0.536551 -8.8496 -7.12087 -2.96249 -2.77487 -0.717059 -0.538604 -5.06851 -5.1832 -8.62647 0.548768 4.54879 2.56546 -4.2025 -10.0972 1.94558 -11.3752 -1.36806 10.1387 4.10544 -5.78524 -4.62 3.28369 -10.2957 -3.68645 7.32032 1.94243 -5.3761 1.4262 -3.34151 -7.54071 -5.23763 0.932078 -1.10711 -1.1761 2.51699 -9.4811 -7.29037 -1.82676 -2.83885 -1.20665 -1.39718 -3.596
80.51 -3.69702 -7.44505 -6.57713 -0.909626 -1.5906 -1.814 0.0510388 -8.67787 -7.13991 -3.21364 -2.91577 -0.869648 -0.439489 -4.48734 -6.04174 -8.13323 0.329987 3.67881 2.1047 -3.95506 -10.0167 1.49321 -11.3746 -1.18857 9.67642 4.22184 -5.61805 -5.60112 3.52897 -10.5184 -3.38322 7.91656 2.22697 -5.68759 0.913171 -2.748 -7.66314 -5.35726 1.53376 -0.945478 -1.40913 2.90446 -9.1118 -7.27189 -2.13538 -2.61739 -1.28649 -1.2182 -2.99335
80.56 -3.12537 -7.53884 -6.48378 -0.30856 -1.46055 -1.98568 0.574928 -8.46304 -7.16143 -3.42972 -2.90994 -1.00202 -0.443179 -3.8648 -6.79822 -7.771 -0.0179692 2.77706 1.67056 -3.65076 -9.83355 1.01976 -11.3546 -0.997791 9.13761 4.30117 -5.45686 -6.52983 3.66798 -10.707 -3.10083 8.46647 2.49248 -5.92861 0.404784 -2.00736 -7.86533 -5.39995 2.18655 -0.713486 -1.66648 3.17481 -8.66223 -7.25946 -2.43938 -2.28933 -1.34635 -1.07396 -2.33241
80.61 -2.42682 -7.69629 -6.32278 0.342659 -1.26786 -2.15723 1.02738 -8.20915 -7.18363 -3.61459 -2.74428 -1.11264 -0.532081 -3.17708 -7.44463 -7.51935 -0.435616 1.89908 1.27166 -3.28978 -9.55478 0.521245 -11.3079 -0.789379 8.59749 4.33965 -5.30196 -7.35676 3.70819 -10.864 -2.83634 8.96551 2.7426 -6.08893 -0.0967724 -1.06648 -8.19056 -5.32446 2.87486 -0.383621 -1.97353 3.31822 -8.14602 -7.25139 -2.74683 -1.89157 -1.3857 -0.960569 -1.60685
80.66 -1.51558 -7.96731 -6.05092 1.05078 -0.979055 -2.3449 1.39605 -7.9189 -7.20522 -3.77559 -2.42857 -1.1996 -0.679714 -2.4025 -7.96807 -7.35063 -0.874413 1.07022 0.911867 -2.88484 -9.19365 -0.0149497 -11.2213 -0.56147 8.08061 4.3318 -5.15291 -8.06692 3.6515 -10.9913 -2.58793 9.40925 2.9796 -6.15745 -0.595666 0.0032496 -8.62831 -5.10872 3.5776 0.0355153 -2.36526 3.31664 -7.57663 -7.24673 -3.06945 -1.46831 -1.40527 -0.874631 -0.818665
80.71 -0.367945 -8.38486 -5.61431 1.79926 -0.571474 -2.5811 1.6557 -7.59609 -7.22525 -3.92508 -2.0076 -1.26182 -0.861992 -1.53114 -8.36047 -7.24099 -1.30707 0.301309 0.590845 -2.45792 -8.76909 -0.61495 -11.071 -0.318538 7.58421 4.26652 -5.00889 -8.65886 3.49629 -11.0917 -2.35479 9.79134 3.20468 -6.13539 -1.10294 0.992824 -9.08678 -4.79014 4.2772 0.478293 -2.85642 3.15998 -6.96435 -7.24522 -3.42024 -1.05498 -1.40683 -0.813032 -0.00530375
80.76 0.806327 -8.87269 -5.0078 2.55584 -0.0966515 -2.90524 1.76901 -7.24443 -7.24317 -4.08164 -1.54424 -1.29994 -1.06194 -0.592956 -8.62139 -7.173 -1.72199 -0.402088 0.30532 -2.03314 -8.30181 -1.32644 -10.8172 -0.071856 7.09305 4.12273 -4.86841 -9.13444 3.24644 -11.1695 -2.13666 10.1012 3.418 -6.04441 -1.63931 1.79279 -9.49998 -4.4339 4.96486 0.891998 -3.41614 2.86601 -6.31901 -7.24748 -3.80328 -0.670764 -1.39237 -0.772929 0.771906
80.81 1.77503 -9.32755 -4.29478 3.29257 0.364878 -3.32438 1.71257 -6.86587 -7.25882 -4.26471 -1.08464 -1.31623 -1.26908 0.332948 -8.75872 -7.13497 -2.11476 -1.03688 0.0507415 -1.63161 -7.80975 -2.21198 -10.4052 0.159465 6.58285 3.86955 -4.72816 -9.49599 2.91748 -11.2286 -1.93318 10.3197 3.61861 -5.91327 -2.23983 2.40867 -9.85487 -4.08151 5.64036 1.26298 -3.99318 2.47212 -5.65594 -7.25549 -4.20658 -0.320564 -1.36314 -0.75191 1.46804
80.86 2.46056 -9.71933 -3.52647 3.99826 0.778965 -3.80374 1.49587 -6.46353 -7.27251 -4.4836 -0.641637 -1.3135 -1.47691 1.16904 -8.78805 -7.11926 -2.48203 -1.60101 -0.177475 -1.27149 -7.30571 -3.26239 -9.82022 0.343074 6.01729 3.49379 -4.58084 -9.74533 2.53236 -11.2717 -1.74303 10.4101 3.80414 -5.76419 -2.94984 2.86981 -10.1568 -3.74876 6.30406 1.59533 -4.54519 2.0169 -4.99253 -7.27338 -4.6066 -0.00164324 -1.31866 -0.748353 2.06271
80.91 2.83483 -10.0522 -2.70905 4.67257 1.14313 -4.29681 1.15114 -6.04383 -7.28508 -4.73336 -0.204267 -1.29389 -1.68067 1.8622 -8.72999 -7.11977 -2.81911 -2.09182 -0.383257 -0.972346 -6.79754 -4.32167 -9.16273 0.428447 5.34928 3.03938 -4.41424 -9.88345 2.11227 -11.3 -1.56283 10.3151 3.97008 -5.61018 -3.79366 3.20089 -10.4136 -3.43858 6.95031 1.89709 -5.04526 1.53097 -4.33558 -7.30859 -4.97683 0.291329 -1.25572 -0.761981 2.55068
80.96 2.90649 -10.3351 -1.83728 5.31483 1.46479 -4.76779 0.715993 -5.61465 -7.298 -4.99944 0.243826 -1.25838 -1.87644 2.37796 -8.60542 -7.13075 -3.12107 -2.50485 -0.569591 -0.757047 -6.28932 -5.27465 -8.56413 0.364959 4.55086 2.56538 -4.21385 -9.91163 1.67035 -11.3131 -1.38676 9.99726 4.10954 -5.45749 -4.74214 3.42082 -10.632 -3.14939 7.56847 2.17553 -5.47826 1.03507 -3.66839 -7.37386 -5.29201 0.564115 -1.16688 -0.794771 2.93356
81.01 2.77833 -10.5759 -0.945473 5.91935 1.75252 -5.19591 0.222994 -5.18167 -7.31341 -5.26451 0.707414 -1.20686 -2.06135 2.7075 -8.43053 -7.14771 -3.3848 -2.83337 -0.738469 -0.643247 -5.78168 -6.11648 -8.08867 0.140924 3.65818 2.10333 -3.9659 -9.83217 1.21142 -11.3085 -1.20723 9.50958 4.21501 -5.30851 -5.71474 3.54493 -10.8172 -2.87875 8.14788 2.43604 -5.83569 0.540934 -2.93686 -7.49262 -5.52602 0.822461 -1.03718 -0.852749 3.21466
81.06 2.59949 -10.7804 -0.103637 6.47674 2.01344 -5.57195 -0.303868 -4.74536 -7.3343 -5.51291 1.18046 -1.13858 -2.23411 2.87852 -8.2145 -7.1677 -3.60995 -3.06829 -0.890928 -0.6308 -5.27154 -6.85369 -7.74203 -0.204633 2.74467 1.66813 -3.66085 -9.6489 0.733029 -11.281 -1.01628 8.95713 4.28078 -5.16395 -6.62677 3.58579 -10.9722 -2.62479 8.68049 2.6823 -6.10998 0.0529178 -2.02129 -7.71199 -5.64373 1.07267 -0.836115 -0.950449 3.39478
81.11 2.44993 -10.9539 0.637877 6.97609 2.25295 -5.89366 -0.849502 -4.29937 -7.36491 -5.73199 1.66289 -1.05185 -2.39542 2.939 -7.96094 -7.18871 -3.79896 -3.19819 -1.02711 -0.700809 -4.75148 -7.47654 -7.50228 -0.613587 1.86102 1.26831 -3.29889 -9.36952 0.225207 -11.2204 -0.807822 8.40693 4.30194 -5.02402 -7.43366 3.55198 -11.0974 -2.38668 9.16044 2.91662 -6.28819 -0.430861 -0.733755 -8.10632 -5.59196 1.32303 -0.515686 -1.12177 3.46557
81.16 2.33763 -11.1008 1.26539 7.40496 2.47471 -6.16199 -1.40729 -3.82913 -7.4119 -5.91125 2.16618 -0.943014 -2.54828 2.93028 -7.67148 -7.20933 -3.95658 -3.20983 -1.14635 -0.82673 -4.20982 -7.97276 -7.34215 -1.04043 1.0296 0.907756 -2.89298 -9.00768 -0.332376 -11.1088 -0.580493 7.87799 4.27058 -4.88871 -8.12238 3.44493 -11.1915 -2.16455 9.58184 3.14022 -6.35229 -0.918462 0.867191 -8.65102 -5.33956 1.58303 -0.0887104 -1.42564 3.40553
81.21 2.24725 -11.2244 1.78579 7.74732 2.68072 -6.37843 -1.97889 -3.30922 -7.48671 -6.03975 2.70708 -0.804653 -2.69863 2.8767 -7.34915 -7.22858 -4.08921 -3.09124 -1.24722 -0.985138 -3.63217 -8.33616 -7.23876 -1.45984 0.260303 0.58613 -2.46556 -8.58232 -0.97701 -10.9149 -0.339827 7.3643 4.17121 -4.75765 -8.69169 3.26072 -11.2562 -1.95892 9.93607 3.35341 -6.30435 -1.42581 2.35384 -9.18384 -4.9603 1.85681 0.336631 -1.89165 3.20493
81.26 2.16314 -11.3267 2.21289 7.98097 2.87137 -6.54275 -2.57432 -2.69796 -7.61039 -6.10213 3.29783 -0.622683 -2.85684 2.78729 -6.99961 -7.24593 -4.20454 -2.8398 -1.32784 -1.15985 -3.00512 -8.56917 -7.17567 -1.86042 -0.441112 0.300163 -2.04157 -8.11421 -1.76812 -10.5893 -0.09967 6.84725 3.97707 -4.62912 -9.14333 3.00239 -11.2968 -1.76998 10.2084 3.55554 -6.17882 -1.9808 3.52492 -9.64339 -4.55197 2.14409 0.706876 -2.47625 2.88785
81.31 2.07248 -11.4086 2.56135 8.07678 3.04547 -6.65072 -3.21119 -1.93205 -7.82003 -6.07305 3.93667 -0.372885 -3.04085 2.65824 -6.63033 -7.26128 -4.31181 -2.47301 -1.38642 -1.34101 -2.31947 -8.68287 -7.14194 -2.23664 -1.07073 0.0453328 -1.64388 -7.62224 -2.74794 -10.0867 0.114543 6.29692 3.66074 -4.49821 -9.47922 2.68477 -11.3186 -1.59681 10.3714 3.74483 -6.01464 -2.62574 4.37534 -10.0378 -4.16048 2.44708 1.02051 -3.11006 2.49246
81.36 1.96209 -11.4699 2.84453 8.00569 3.20034 -6.69213 -3.90929 -0.957445 -8.15836 -5.91714 4.6072 -0.0282985 -3.28073 2.47263 -6.24884 -7.27501 -4.42285 -2.0294 -1.42196 -1.52246 -1.56841 -8.69524 -7.12986 -2.58383 -1.62564 -0.182878 -1.29433 -7.12102 -3.82313 -9.4506 0.25914 5.67001 3.23795 -4.35478 -9.70046 2.3272 -11.3256 -1.4365 10.3766 3.91782 -5.83764 -3.39998 4.94055 -10.3815 -3.79794 2.77076 1.28774 -3.73779 2.05316
81.41 1.81502 -11.5096 3.07386 7.76107 3.3322 -6.65444 -4.67535 0.137664 -8.6049 -5.61969 5.2888 0.396811 -3.61114 2.20485 -5.86019 -7.28798 -4.5531 -1.55316 -1.43469 -1.69955 -0.755891 -8.62716 -7.13267 -2.89707 -2.10299 -0.388308 -1.01727 -6.62002 -4.83004 -8.81604 0.277561 4.9236 2.76965 -4.18461 -9.80777 1.9448 -11.3204 -1.28359 10.169 4.06883 -5.66083 -4.30106 5.26024 -10.6853 -3.46379 3.11749 1.5193 -4.32586 1.595
81.46 1.6133 -11.528 3.2589 7.38294 3.43737 -6.53871 -5.48621 1.13918 -9.06214 -5.22779 5.96554 0.835395 -4.0333 1.84379 -5.4646 -7.30164 -4.7169 -1.07624 -1.42575 -1.86846 0.0763389 -8.49733 -7.14458 -3.17259 -2.49906 -0.573866 -0.836127 -6.12311 -5.72022 -8.28256 0.1345 4.06125 2.30121 -3.97292 -9.80273 1.54537 -11.3037 -1.13043 9.75572 4.19074 -5.48937 -5.26881 5.37274 -10.9566 -3.15413 3.48173 1.72406 -4.85702 1.13349
81.51 1.34771 -11.5259 3.40751 6.94248 3.51362 -6.36702 -6.29747 1.95113 -9.47002 -4.81041 6.62743 1.24195 -4.50157 1.40794 -5.059 -7.31809 -4.91675 -0.610444 -1.39631 -2.02637 0.866494 -8.31855 -7.16156 -3.40894 -2.8083 -0.741497 -0.760928 -5.62868 -6.50247 -7.87945 -0.153421 3.14695 1.85362 -3.70739 -9.68827 1.13053 -11.274 -0.968354 9.23013 4.27772 -5.32454 -6.21221 5.31458 -11.2005 -2.86512 3.85094 1.90865 -5.32441 0.676326
81.56 1.02106 -11.5029 3.52613 6.49792 3.56008 -6.16723 -7.07131 2.58348 -9.81987 -4.40787 7.26626 1.60806 -4.96319 0.927721 -4.63943 -7.34043 -5.14001 -0.15005 -1.34662 -2.17206 1.57191 -8.09737 -7.18093 -3.60724 -3.02254 -0.892221 -0.780913 -5.13046 -7.17314 -7.59418 -0.532721 2.24536 1.43799 -3.38299 -9.47021 0.69678 -11.227 -0.789514 8.68327 4.32644 -5.16627 -7.06607 5.12074 -11.421 -2.59416 4.21086 2.07773 -5.72797 0.225302
81.61 0.641112 -11.4554 3.61982 6.07734 3.57597 -5.95963 -7.78807 3.06317 -10.1184 -4.03344 7.87201 1.93901 -5.38396 0.427673 -4.19935 -7.37336 -5.36569 0.321061 -1.27509 -2.30628 2.17349 -7.83674 -7.20084 -3.77098 -3.13063 -1.02618 -0.871616 -4.61845 -7.71938 -7.40016 -0.950527 1.38973 1.06037 -3.00674 -9.15981 0.235309 -11.1543 -0.589444 8.1549 4.33379 -5.01421 -7.80514 4.82465 -11.6209 -2.34008 4.5493 2.23436 -6.07204 -0.222407
81.66 0.21186 -11.3759 3.69235 5.68738 3.55878 -5.7547 -8.44112 3.41112 -10.3737 -3.68747 8.43384 2.24189 -5.74774 -0.0785955 -3.72537 -7.42437 -5.57118 0.823487 -1.17731 -2.43216 2.66549 -7.53965 -7.21996 -3.90541 -3.11931 -1.14268 -1.00731 -4.07969 -8.13189 -7.27195 -1.37304 0.593856 0.722232 -2.59721 -8.77447 -0.270116 -11.0408 -0.36939 7.65084 4.29376 -4.86804 -8.42413 4.45785 -11.8025 -2.10282 4.85645 2.38042 -6.36314 -0.673984
81.71 -0.273252 -11.2506 3.74609 5.32372 3.50256 -5.55572 -9.02988 3.64272 -10.592 -3.36578 8.94192 2.52246 -6.0485 -0.588068 -3.19213 -7.50655 -5.73423 1.37682 -1.04432 -2.55581 3.04759 -7.21126 -7.23744 -4.01705 -2.97733 -1.24029 -1.16832 -3.49993 -8.40977 -7.19003 -1.78363 -0.135565 0.421436 -2.17834 -8.33517 -0.848323 -10.861 -0.137217 7.16246 4.19423 -4.72727 -8.92416 4.04916 -11.9675 -1.88288 5.12304 2.51687 -6.60841 -1.14214
81.76 -0.837932 -11.0552 3.78142 4.9761 3.39534 -5.3614 -9.55558 3.7702 -10.7779 -3.06341 9.38698 2.78462 -6.28339 -1.10817 -2.55571 -7.64381 -5.83011 1.99191 -0.859616 -2.68787 3.31985 -6.85892 -7.2529 -4.11345 -2.70469 -1.31716 -1.342 -2.867 -8.56173 -7.14083 -2.17477 -0.794422 0.153847 -1.77265 -7.86253 -1.54673 -10.5743 0.0927232 6.67446 4.01378 -4.59048 -9.30848 3.62378 -12.1171 -1.68059 5.33715 2.64391 -6.81463 -1.64823
81.81 -1.52948 -10.7504 3.79509 4.62888 3.21602 -5.1668 -10.0185 3.80336 -10.9344 -2.77586 9.75723 3.03066 -6.44753 -1.65882 -1.75086 -7.87654 -5.82607 2.6635 -0.596318 -2.84704 3.47834 -6.49077 -7.26644 -4.20362 -2.32261 -1.37163 -1.52061 -2.17287 -8.60537 -7.11549 -2.54133 -1.37996 -0.0851661 -1.39856 -7.3737 -2.41418 -10.1343 0.29784 6.16499 3.72573 -4.45373 -9.58149 3.20259 -12.2521 -1.49537 5.47904 2.76085 -6.98774 -2.22559
81.86 -2.40349 -10.2883 3.77546 4.2582 2.93762 -4.96218 -10.4153 3.74829 -11.0627 -2.49894 10.0324 3.26135 -6.53101 -2.2755 -0.740444 -8.24159 -5.68442 3.37231 -0.230713 -3.06502 3.51042 -6.11385 -7.27866 -4.29939 -1.87133 -1.40293 -1.69867 -1.41165 -8.56401 -7.10811 -2.8775 -1.88991 -0.299801 -1.07264 -6.88093 -3.41246 -9.54879 0.440987 5.60178 3.32855 -4.30842 -9.74777 2.801 -12.3728 -1.32488 5.51259 2.8659 -7.13262 -2.91179
81.91 -3.43166 -9.67245 3.69207 3.82655 2.55779 -4.73055 -10.7351 3.60494 -11.1642 -2.22769 10.1742 3.47578 -6.52437 -3.00188 0.346966 -8.69766 -5.40022 4.09638 0.208737 -3.37748 3.3976 -5.73151 -7.29064 -4.41646 -1.393 -1.41148 -1.8714 -0.593699 -8.46103 -7.11363 -3.17709 -2.32163 -0.493414 -0.814359 -6.39119 -4.3938 -8.92485 0.469678 4.94302 2.86964 -4.14091 -9.81113 2.42657 -12.4795 -1.1643 5.38276 2.95557 -7.25306 -3.72061
81.96 -4.46406 -9.012 3.48883 3.2847 2.1264 -4.45075 -10.9602 3.36875 -11.2416 -1.95496 10.1245 3.67087 -6.43493 -3.85855 1.30681 -9.14681 -5.03054 4.81944 0.651054 -3.78619 3.13745 -5.34163 -7.30401 -4.56938 -0.915487 -1.39843 -2.03463 0.231299 -8.31419 -7.12727 -3.43594 -2.6714 -0.668421 -0.645335 -5.90595 -5.27416 -8.37496 0.342428 4.16277 2.40031 -3.93581 -9.77479 2.07823 -12.5719 -1.0063 5.05188 3.02466 -7.35165 -4.62329
82.01 -5.41151 -8.42721 3.1088 2.60465 1.69765 -4.10847 -11.0719 3.03993 -11.2989 -1.67214 9.85177 3.84143 -6.28895 -4.8161 2.07417 -9.54234 -4.64114 5.53311 1.05666 -4.24881 2.7556 -4.93907 -7.32115 -4.76109 -0.446586 -1.36478 -2.18552 1.00309 -8.13289 -7.1454 -3.65332 -2.93359 -0.826328 -0.578194 -5.42135 -6.05544 -7.94659 0.0644227 3.29103 1.94743 -3.67965 -9.64159 1.7489 -12.6495 -0.842083 4.56246 3.06809 -7.42999 -5.5497
82.06 -6.27722 -7.9714 2.54379 1.82442 1.29722 -3.70331 -11.0592 2.62953 -11.339 -1.3724 9.41724 3.98235 -6.11476 -5.79711 2.66779 -9.8809 -4.26679 6.23232 1.42011 -4.71452 2.28949 -4.51819 -7.34552 -4.9796 0.0218792 -1.31037 -2.3233 1.68435 -7.91943 -7.16567 -3.83167 -3.09981 -0.967785 -0.606362 -4.92917 -6.74092 -7.63699 -0.316167 2.39612 1.5241 -3.3652 -9.41544 1.42883 -12.7113 -0.663109 4.01214 3.08348 -7.48908 -6.4213
82.11 -7.06811 -7.64359 1.8468 1.018 0.933538 -3.24891 -10.9222 2.15688 -11.3631 -1.05394 8.92871 4.09137 -5.93197 -6.72332 3.11469 -10.1699 -3.91839 6.90957 1.74774 -5.14752 1.77255 -4.07085 -7.38247 -5.20374 0.506923 -1.23292 -2.44952 2.25966 -7.67269 -7.18648 -3.97568 -3.1586 -1.09263 -0.707678 -4.41798 -7.31683 -7.42272 -0.744291 1.53028 1.13749 -2.99645 -9.10425 1.10774 -12.7554 -0.463359 3.47145 3.0713 -7.52983 -7.19186
82.16 -7.77496 -7.41904 1.09288 0.238064 0.60763 -2.7687 -10.6724 1.64308 -11.3703 -0.72136 8.45333 4.16849 -5.75112 -7.55673 3.43512 -10.417 -3.59616 7.55472 2.04743 -5.5283 1.22951 -3.58157 -7.44081 -5.40936 1.02862 -1.12694 -2.56835 2.72512 -7.39224 -7.20663 -4.09154 -3.09711 -1.19991 -0.85642 -3.8742 -7.76734 -7.27825 -1.18213 0.718876 0.790175 -2.58946 -8.72186 0.775661 -12.7786 -0.241561 2.96689 3.03287 -7.55313 -7.84513
82.21 -8.38194 -7.27003 0.340581 -0.489372 0.316795 -2.28837 -10.3293 1.10456 -11.3566 -0.384385 8.01202 4.21352 -5.57664 -8.28839 3.64406 -10.6282 -3.29688 8.15775 2.32561 -5.84737 0.677035 -3.02133 -7.5362 -5.57125 1.60394 -0.981631 -2.68726 3.08097 -7.08076 -7.2253 -4.1864 -2.9068 -1.28806 -1.03203 -3.28436 -8.08404 -7.1829 -1.61081 -0.0267534 0.480824 -2.16697 -8.28667 0.422136 -12.7756 -0.00186671 2.50148 2.96866 -7.5595 -8.37782
82.26 -8.86892 -7.17395 -0.381148 -1.15246 0.0567349 -1.82929 -9.91556 0.54752 -11.3134 -0.0547968 7.60217 4.22397 -5.40956 -8.91784 3.7532 -10.8077 -3.01698 8.7104 2.58687 -6.09867 0.124569 -2.34046 -7.69719 -5.66017 2.23852 -0.777539 -2.81903 3.32668 -6.7441 -7.24206 -4.26845 -2.59386 -1.35526 -1.22132 -2.63839 -8.26867 -7.12169 -2.0229 -0.70089 0.205713 -1.75092 -7.8179 0.032915 -12.7377 0.24755 2.07011 2.87704 -7.5486 -8.79107
82.31 -9.21031 -7.11443 -1.06993 -1.74633 -0.177056 -1.40563 -9.45283 -0.0365852 -11.2254 0.256406 7.21052 4.19307 -5.24927 -9.44294 3.77108 -10.9578 -2.75376 9.20575 2.83418 -6.27427 -0.425926 -1.47283 -7.96777 -5.6383 2.92168 -0.485757 -2.98606 3.45623 -6.3897 -7.25692 -4.34763 -2.18634 -1.40015 -1.41673 -1.92951 -8.33334 -7.08435 -2.41501 -1.30025 -0.0397009 -1.35768 -7.33217 -0.417004 -12.6494 0.497021 1.66631 2.75271 -7.51849 -9.08833
82.36 -9.37784 -7.08027 -1.74115 -2.26976 -0.388556 -1.02505 -8.95986 -0.676111 -11.0662 0.540124 6.81794 4.10714 -5.0943 -9.8567 3.70168 -11.0799 -2.50562 9.63628 3.06919 -6.36232 -0.981668 -0.418149 -8.36966 -5.47036 3.63254 -0.0926808 -3.22375 3.45405 -6.02427 -7.27038 -4.43722 -1.72625 -1.42239 -1.61353 -1.15374 -8.29881 -7.06419 -2.78324 -1.82244 -0.259703 -0.997141 -6.84165 -0.977232 -12.4825 0.737495 1.2845 2.58353 -7.46414 -9.27489
82.41 -9.35211 -7.06422 -2.41554 -2.72337 -0.580965 -0.690795 -8.45154 -1.42525 -10.7925 0.787972 6.40114 3.94189 -4.94218 -10.1479 3.54403 -11.1755 -2.27184 9.99071 3.29245 -6.3563 -1.5625 0.64421 -8.83311 -5.16958 4.35105 0.353513 -3.5619 3.30377 -5.65054 -7.28348 -4.55374 -1.25149 -1.42277 -1.80773 -0.332135 -8.19011 -7.05738 -3.12177 -2.26482 -0.457798 -0.674024 -6.35327 -1.74634 -12.1834 0.961299 0.920057 2.34452 -7.37382 -9.35635
82.46 -9.14597 -7.06203 -3.10139 -3.10883 -0.756697 -0.404542 -7.939 -2.34837 -10.3499 0.987772 5.9335 3.665 -4.78814 -10.3057 3.29879 -11.2482 -2.05175 10.2484 3.50336 -6.27034 -2.20498 1.5417 -9.26875 -4.80266 5.06367 0.785867 -3.98679 3.01266 -5.26631 -7.29791 -4.70947 -0.783137 -1.40257 -1.99516 0.477434 -8.02952 -7.06264 -3.42367 -2.62356 -0.636547 -0.389974 -5.86828 -2.8611 -11.6755 1.16086 0.567713 2.00059 -7.22106 -9.33362
82.51 -8.82137 -7.07118 -3.7788 -3.42851 -0.917486 -0.170274 -7.4298 -3.41746 -9.73855 1.11419 5.3835 3.26972 -4.62259 -10.3278 2.97643 -11.3019 -1.8436 10.3701 3.69981 -6.13355 -2.95475 2.24691 -9.64728 -4.42735 5.76327 1.17752 -4.44934 2.61432 -4.86739 -7.3162 -4.90283 -0.32332 -1.36262 -2.17165 1.21976 -7.82932 -7.07983 -3.68244 -2.89272 -0.797564 -0.146047 -5.38269 -4.26442 -10.9689 1.32445 0.221288 1.56608 -6.95908 -9.19796
82.56 -8.46004 -7.08887 -4.40758 -3.68499 -1.06453 0.00105193 -6.9282 -4.46878 -9.07454 1.12312 4.71417 2.80744 -4.43087 -10.2255 2.59431 -11.3394 -1.64332 10.2952 3.87755 -5.97265 -3.83243 2.78588 -9.97075 -4.07003 6.44384 1.52829 -4.90225 2.14885 -4.44887 -7.342 -5.11863 0.139174 -1.30245 -2.33395 1.86498 -7.59032 -7.10668 -3.89439 -3.06341 -0.941559 0.0543559 -4.88831 -5.63105 -10.2143 1.43149 -0.122845 1.12812 -6.55274 -8.94348
82.61 -8.11172 -7.11171 -4.95453 -3.8803 -1.19859 0.0918229 -6.43531 -5.41068 -8.48427 0.973312 3.90944 2.33486 -4.19721 -10.0186 2.16898 -11.3622 -1.44423 9.98967 4.03007 -5.80461 -4.80594 3.18459 -10.2472 -3.73776 7.09717 1.8455 -5.31554 1.64888 -4.00236 -7.38096 -5.33488 0.622379 -1.21935 -2.48114 2.40223 -7.31047 -7.13884 -4.06079 -3.12374 -1.06836 0.203422 -4.37373 -6.78644 -9.51982 1.45289 -0.466177 0.739353 -6.01874 -8.58565
82.66 -7.78387 -7.13704 -5.40696 -4.01471 -1.32011 0.0890651 -5.94904 -6.2507 -8.02256 0.665771 3.01607 1.88022 -3.90874 -9.72496 1.71235 -11.3699 -1.23814 9.51649 4.15074 -5.63794 -5.79401 3.46227 -10.4837 -3.42966 7.71438 2.13663 -5.67403 1.13611 -3.51108 -7.44238 -5.52811 1.1462 -1.10727 -2.61594 2.82987 -6.993 -7.17264 -4.18741 -3.06077 -1.17694 0.28952 -3.82533 -7.71922 -8.92748 1.35992 -0.812491 0.407342 -5.40868 -8.15463
82.71 -7.46306 -7.16322 -5.76777 -4.08556 -1.42914 -0.00246247 -5.46394 -6.99592 -7.68934 0.249542 2.11077 1.45678 -3.55989 -9.35667 1.23068 -11.3599 -1.01729 8.98593 4.23544 -5.47609 -6.71524 3.63357 -10.686 -3.14262 8.28835 2.40755 -5.97067 0.622689 -2.94393 -7.543 -5.67394 1.72645 -0.954582 -2.74575 3.14908 -6.64684 -7.20591 -4.28271 -2.86657 -1.26563 0.302133 -3.22974 -8.45764 -8.45283 1.1427 -1.16738 0.124915 -4.77636 -7.68127
82.76 -7.13326 -7.18922 -6.04724 -4.08611 -1.52531 -0.160821 -4.9709 -7.63598 -7.46034 -0.21379 1.24282 1.07141 -3.15734 -8.92398 0.724115 -11.3261 -0.777004 8.46442 4.28163 -5.31998 -7.53025 3.71011 -10.8576 -2.87362 8.81398 2.6624 -6.20032 0.113303 -2.24856 -7.71316 -5.74326 2.36682 -0.740695 -2.88444 3.35952 -6.28298 -7.23779 -4.35669 -2.54875 -1.33247 0.239522 -2.57705 -9.03069 -8.09299 0.822056 -1.5316 -0.11779 -4.16242 -7.18958
82.81 -6.78391 -7.21439 -6.25789 -4.00491 -1.6077 -0.358761 -4.45713 -8.15816 -7.30797 -0.679731 0.433699 0.726098 -2.72005 -8.43978 0.185145 -11.257 -0.518153 7.97072 4.2851 -5.16947 -8.22963 3.70022 -11.0007 -2.62065 9.28695 2.9039 -6.35496 -0.393509 -1.35988 -7.99738 -5.69797 3.05469 -0.43648 -3.05651 3.45461 -5.91106 -7.26829 -4.4211 -2.13649 -1.37593 0.112135 -1.86048 -9.46035 -7.83134 0.438861 -1.89442 -0.329606 -3.59311 -6.69504
82.86 -6.41149 -7.23847 -6.41193 -3.82692 -1.67471 -0.573932 -3.90737 -8.55504 -7.20969 -1.12574 -0.306362 0.418929 -2.27295 -7.91964 -0.40583 -11.132 -0.247894 7.50043 4.23664 -5.02393 -8.81419 3.60719 -11.1163 -2.38284 9.70176 3.1336 -6.42267 -0.905502 -0.294861 -8.40939 -5.50581 3.76825 -0.0335726 -3.29901 3.41817 -5.53688 -7.29813 -4.49091 -1.67111 -1.39547 -0.0616631 -1.07738 -9.76096 -7.64609 0.0331639 -2.23516 -0.517214 -3.08296 -6.20551
82.91 -6.01781 -7.26166 -6.52011 -3.53903 -1.72401 -0.792238 -3.30845 -8.82617 -7.14928 -1.54397 -0.970639 0.145823 -1.83938 -7.37886 -1.08881 -10.9159 0.0213407 7.03902 4.11806 -4.88219 -9.2868 3.42941 -11.2061 -2.16004 10.0493 3.35206 -6.3985 -1.43908 0.754029 -8.87093 -5.18755 4.48727 0.413789 -3.63881 3.23556 -5.15987 -7.32856 -4.58363 -1.18771 -1.39148 -0.262887 -0.253678 -9.94077 -7.51687 -0.367755 -2.53039 -0.685061 -2.63726 -5.72235
82.96 -5.60686 -7.28481 -6.59122 -3.14198 -1.75278 -1.00654 -2.65892 -8.97842 -7.11601 -1.93305 -1.55336 -0.0978282 -1.43732 -6.82951 -1.92672 -10.5553 0.272177 6.56469 3.89981 -4.74162 -9.65028 3.16784 -11.2737 -1.95224 10.3133 3.55879 -6.29877 -2.02408 1.63048 -9.29838 -4.81188 5.19824 0.842122 -4.05675 2.9178 -4.77304 -7.36165 -4.71105 -0.703301 -1.36454 -0.47692 0.550636 -10.0044 -7.42745 -0.7502 -2.75886 -0.835719 -2.25482 -5.24104
83.01 -5.18187 -7.30959 -6.63166 -2.6598 -1.75819 -1.21386 -1.97736 -9.02528 -7.10307 -2.29253 -2.04811 -0.316121 -1.08062 -6.27853 -2.94734 -10.0131 0.477992 6.04519 3.55787 -4.59606 -9.90673 2.83407 -11.3226 -1.75853 10.4626 3.75206 -6.15291 -2.70464 2.31761 -9.66804 -4.43315 5.89369 1.22893 -4.50251 2.50035 -4.36625 -7.40079 -4.87034 -0.215767 -1.31432 -0.695093 1.28263 -9.95521 -7.36584 -1.11012 -2.9019 -0.97031 -1.93079 -4.75209
83.06 -4.74271 -7.33884 -6.64516 -2.12971 -1.73789 -1.41283 -1.29652 -8.98466 -7.1054 -2.62043 -2.44628 -0.512152 -0.784024 -5.72693 -4.02783 -9.3575 0.595018 5.43505 3.12006 -4.43413 -10.0568 2.44699 -11.3556 -1.57607 10.4439 3.92821 -5.98656 -3.5159 2.84198 -9.98333 -4.07492 6.56698 1.57553 -4.93086 2.02299 -3.92696 -7.45168 -5.045 0.289353 -1.23833 -0.914263 1.91458 -9.79752 -7.3235 -1.44898 -2.94232 -1.08884 -1.65894 -4.24249
83.11 -4.28364 -7.37722 -6.63214 -1.5789 -1.68947 -1.60255 -0.647148 -8.87509 -7.11793 -2.914 -2.73587 -0.687847 -0.567223 -5.16924 -5.01919 -8.72797 0.57065 4.69436 2.64924 -4.2412 -10.1005 2.02377 -11.3736 -1.39944 10.2045 4.08121 -5.8155 -4.44634 3.22805 -10.2522 -3.74286 7.20977 1.88941 -5.31392 1.51741 -3.43635 -7.52431 -5.21105 0.830681 -1.13045 -1.13598 2.43604 -9.53749 -7.29448 -1.77087 -2.8655 -1.19045 -1.43302 -3.6977
83.16 -3.79028 -7.43252 -6.58871 -1.01277 -1.60886 -1.78282 -0.0491022 -8.71176 -7.13627 -3.17157 -2.90089 -0.843937 -0.449374 -4.59315 -5.89642 -8.21117 0.379964 3.83812 2.18509 -4.00309 -10.0386 1.57526 -11.376 -1.22112 9.76736 4.20371 -5.6474 -5.42818 3.49338 -10.4814 -3.43557 7.81369 2.17785 -5.63706 1.00431 -2.8625 -7.63677 -5.34049 1.42268 -0.978578 -1.3664 2.84392 -9.18376 -7.27468 -2.08098 -2.66538 -1.27371 -1.24739 -3.10469
83.21 -3.23432 -7.51859 -6.50445 -0.418723 -1.48754 -1.95542 0.486673 -8.50421 -7.15751 -3.3937 -2.92248 -0.980002 -0.435589 -3.97967 -6.67126 -7.82659 0.0507604 2.93693 1.74544 -3.70923 -9.87342 1.10564 -11.3599 -1.0329 9.23499 4.28993 -5.48508 -6.37116 3.65062 -10.6758 -3.14971 8.3722 2.44644 -5.89128 0.494744 -2.15294 -7.82142 -5.3998 2.06718 -0.761265 -1.61795 3.13557 -8.74753 -7.26131 -2.38529 -2.35407 -1.3372 -1.09727 -2.45459
83.26 -2.56404 -7.66164 -6.35802 0.222505 -1.30807 -2.12616 0.952503 -8.25708 -7.1797 -3.5837 -2.78546 -1.09463 -0.511183 -3.30529 -7.33824 -7.55729 -0.358624 2.05221 1.33984 -3.35776 -9.61089 0.612226 -11.3187 -0.827921 8.69214 4.33598 -5.32908 -7.21796 3.7081 -10.8383 -2.8822 8.8806 2.69909 -6.06685 -0.00790183 -1.24823 -8.12274 -5.34816 2.7507 -0.450036 -1.91369 3.30273 -8.24214 -7.25256 -2.69139 -1.96546 -1.38018 -0.978649 -1.74093
83.31 -1.69684 -7.90829 -6.10996 0.921015 -1.03914 -2.30912 1.33746 -7.97307 -7.20147 -3.74821 -2.49417 -1.18592 -0.650297 -2.54744 -7.88435 -7.37573 -0.796236 1.21357 0.973009 -2.95922 -9.26316 0.0841667 -11.2405 -0.60335 8.17082 4.33698 -5.17904 -7.94921 3.66876 -10.9707 -2.63102 9.33456 2.93831 -6.1522 -0.506681 -0.187156 -8.54594 -5.1565 3.45235 -0.0429906 -2.2881 3.32829 -7.68135 -7.24733 -3.0103 -1.54374 -1.40317 -0.88806 -0.962437
83.36 -0.582974 -8.3017 -5.7055 1.66446 -0.651527 -2.53359 1.6191 -7.65574 -7.22183 -3.89856 -2.0874 -1.25255 -0.827867 -1.69279 -8.30034 -7.25704 -1.23117 0.433487 0.645264 -2.53442 -8.84836 -0.501714 -11.1039 -0.362463 7.67162 4.28312 -5.03421 -8.56208 3.5311 -11.0756 -2.39518 9.72824 3.16548 -6.14518 -1.01128 0.829606 -9.0075 -4.85131 4.15344 0.400709 -2.7626 3.19879 -7.07607 -7.24524 -3.35536 -1.12674 -1.40778 -0.822345 -0.149129
83.41 0.608139 -8.7863 -5.12568 2.42204 -0.181982 -2.84013 1.761 -7.30903 -7.24015 -4.05232 -1.62733 -1.29483 -1.02559 -0.761604 -8.58433 -7.18264 -1.64967 -0.281849 0.353737 -2.10759 -8.38724 -1.18877 -10.8723 -0.115312 7.18103 4.15539 -4.89326 -9.0582 3.29729 -11.1572 -2.17439 10.0521 3.38092 -6.06433 -1.54037 1.66469 -9.43073 -4.4978 4.84342 0.821453 -3.31381 2.92682 -6.43569 -7.24673 -3.73308 -0.73666 -1.39604 -0.778609 0.638579
83.46 1.62229 -9.25107 -4.42655 3.16361 0.285814 -3.24404 1.73502 -6.93512 -7.2562 -4.22958 -1.16519 -1.3148 -1.23201 0.172838 -8.74272 -7.13992 -2.04661 -0.929011 0.0939973 -1.70056 -7.8985 -2.03994 -10.4921 0.120618 6.67647 3.92385 -4.75336 -9.43989 2.98083 -11.2194 -1.96836 10.2888 3.58391 -5.93843 -2.12622 2.3112 -9.79581 -4.14301 5.52094 1.19999 -3.89131 2.54774 -5.77442 -7.25349 -4.13429 -0.380472 -1.36941 -0.754341 1.35123
83.51 2.36069 -9.65417 -3.66653 3.875 0.709056 -3.71615 1.54489 -6.53663 -7.27019 -4.44207 -0.719575 -1.31527 -1.4401 1.02943 -8.78985 -7.12069 -2.41873 -1.50587 -0.1386 -1.33174 -7.39589 -3.06933 -9.93389 0.315931 6.12405 3.56835 -4.60807 -9.70912 2.60399 -11.2651 -1.77602 10.4058 3.77239 -5.79135 -2.81378 2.79787 -10.1066 -3.80632 6.18696 1.53865 -4.45016 2.10091 -5.11008 -7.2692 -4.53683 -0.0563413 -1.32779 -0.747744 1.96465
83.56 2.79158 -9.99684 -2.85862 4.55482 1.08168 -4.20985 1.22016 -6.11944 -7.28287 -4.68722 -0.2825 -1.29856 -1.64489 1.75106 -8.74576 -7.11876 -2.76156 -2.01 -0.348127 -1.02012 -6.88806 -4.13961 -9.2785 0.422978 5.47758 3.12305 -4.44594 -9.86696 2.18889 -11.296 -1.59441 10.3481 3.94226 -5.63761 -3.6342 3.15058 -10.3708 -3.49218 6.83701 1.84528 -4.96085 1.61866 -4.45238 -7.30058 -4.91425 0.240827 -1.26853 -0.75825 2.47161
83.61 2.91266 -10.2881 -1.99563 5.20306 1.41026 -4.68668 0.798502 -5.69142 -7.29559 -4.95166 0.162857 -1.26585 -1.84233 2.3 -8.63165 -7.12826 -3.07007 -2.4373 -0.537748 -0.788271 -6.3797 -5.11362 -8.66256 0.38841 4.70181 2.64946 -4.25263 -9.91457 1.75029 -11.3119 -1.41812 10.0691 4.087 -5.48443 -4.5688 3.38909 -10.5957 -3.19944 7.46101 2.12741 -5.40653 1.12343 -3.78965 -7.35921 -5.24104 0.516788 -1.18511 -0.78734 2.87295
83.66 2.80867 -10.5358 -1.10258 5.81491 1.70345 -5.12337 0.313785 -5.25891 -7.31037 -5.21814 0.624027 -1.21723 -2.02931 2.66168 -8.46484 -7.14441 -3.34071 -2.78146 -0.709631 -0.655797 -5.87207 -5.97422 -8.16351 0.191301 3.8206 2.18392 -4.01403 -9.85405 1.29436 -11.3108 -1.2398 9.60396 4.199 -5.33471 -5.54407 3.52925 -10.7865 -2.92566 8.04799 2.3908 -5.7779 0.628472 -3.07591 -7.46593 -5.49166 0.777273 -1.06432 -0.84011 3.17197
83.71 2.63023 -10.7464 -0.247037 6.38145 1.9687 -5.509 -0.208404 -4.82345 -7.33001 -5.47052 1.09575 -1.15202 -2.20425 2.85758 -8.25575 -7.16402 -3.57263 -3.0338 -0.864977 -0.626263 -5.36279 -6.73045 -7.79512 -0.136874 2.90607 1.74318 -3.71947 -9.68884 0.819928 -11.288 -1.05141 9.05646 4.27218 -5.18935 -6.47141 3.58415 -10.9468 -2.66882 8.58939 2.6394 -6.0677 0.139333 -2.20599 -7.66232 -5.63343 1.02841 -0.879221 -0.929021 3.3703
83.76 2.47352 -10.9251 0.514224 6.89198 2.2117 -5.84035 -0.75142 -4.37998 -7.3585 -5.69563 1.57595 -1.06876 -2.36745 2.93427 -8.00874 -7.18496 -3.76778 -3.18333 -1.00409 -0.683492 -4.84524 -7.37465 -7.53838 -0.538464 2.01488 1.33664 -3.36706 -9.42575 0.318472 -11.2343 -0.846345 8.5034 4.30172 -5.04858 -7.29856 3.56328 -11.0773 -2.42791 9.07911 2.87572 -6.26435 -0.344798 -0.995185 -8.02136 -5.61609 1.27801 -0.582801 -1.08343 3.46182
83.81 2.35552 -11.0765 1.16188 7.33443 2.43643 -6.11806 -1.30716 -3.91555 -7.40193 -5.88271 2.07433 -0.964264 -2.52147 2.93559 -7.72552 -7.20573 -3.93055 -3.217 -1.12642 -0.801358 -4.30843 -7.89408 -7.36592 -0.964511 1.17324 0.969021 -2.96752 -9.07732 -0.228129 -11.1336 -0.622189 7.97064 4.28056 -4.91246 -8.00856 3.46953 -11.177 -2.20289 9.51145 3.10118 -6.34965 -0.830818 0.579121 -8.55087 -5.3971 1.53576 -0.167562 -1.35951 3.42669
83.86 2.26247 -11.204 1.70042 7.69361 2.64517 -6.34368 -1.87581 -3.40697 -7.47061 -6.02118 2.60738 -0.831948 -2.67167 2.88895 -7.40871 -7.22528 -4.0671 -3.1222 -1.23069 -0.955384 -3.73825 -8.28121 -7.25382 -1.38637 0.392393 0.640645 -2.54208 -8.66174 -0.853516 -10.9574 -0.383143 7.45531 4.1949 -4.78072 -8.59904 3.29919 -11.2466 -1.99429 9.87848 3.31624 -6.31979 -1.33303 2.11059 -9.09417 -5.03207 1.80709 0.264464 -1.79809 3.25018
83.91 2.17824 -11.3099 2.14304 7.94856 2.83859 -6.51743 -2.4659 -2.81597 -7.5834 -6.09682 3.18889 -0.65919 -2.82745 2.80583 -7.06349 -7.24299 -4.1849 -2.89381 -1.31506 -1.12806 -3.1208 -8.53685 -7.1845 -1.79077 -0.321432 0.348646 -2.11573 -8.19977 -1.6137 -10.6595 -0.141445 6.94067 4.02002 -4.65197 -9.07146 3.05325 -11.2911 -1.80241 10.1669 3.52044 -6.20497 -1.87681 3.34074 -9.56682 -4.62412 2.09193 0.645349 -2.36667 2.95112
83.96 2.08964 -11.3955 2.50447 8.07122 3.01579 -6.636 -3.09387 -2.08292 -7.77428 -6.08645 3.82005 -0.423678 -3.00506 2.68468 -6.69715 -7.25868 -4.29283 -2.54521 -1.37767 -1.3086 -2.44611 -8.67063 -7.14616 -2.17166 -0.964059 0.0886169 -1.71179 -7.71083 -2.56152 -10.189 0.0799809 6.39907 3.72619 -4.52206 -9.42784 2.74476 -11.3159 -1.62657 10.3522 3.71221 -6.04535 -2.50229 4.24598 -9.97169 -4.22814 2.39179 0.968407 -2.99641 2.56692
84.01 1.98387 -11.4606 2.79837 8.03138 3.17434 -6.69025 -3.77993 -1.14523 -8.08814 -5.95554 4.48649 -0.0969077 -3.23226 2.51095 -6.31735 -7.27265 -4.40216 -2.11193 -1.41732 -1.49036 -1.70705 -8.69952 -7.13073 -2.52438 -1.53246 -0.144026 -1.35198 -7.21041 -3.6332 -9.56774 0.24103 5.78938 3.31834 -4.38183 -9.66944 2.393 -11.3253 -1.4643 10.39 3.88845 -5.86937 -3.25207 4.85904 -10.3235 -3.8603 2.71145 1.24308 -3.62826 2.13332
84.06 1.84474 -11.5041 3.03654 7.81618 3.31059 -6.6672 -4.53464 -0.0559535 -8.52177 -5.68164 5.16747 0.318118 -3.54491 2.25942 -5.92981 -7.28567 -4.52778 -1.63863 -1.43405 -1.66853 -0.903695 -8.64427 -7.13136 -2.84399 -2.02386 -0.35327 -1.06014 -6.70892 -4.65945 -8.92341 0.285686 5.066 2.85389 -4.21752 -9.79695 2.01424 -11.3222 -1.31059 10.2226 4.04388 -5.69199 -4.13337 5.21957 -10.6338 -3.52135 3.05422 1.48027 -4.22502 1.67712
84.11 1.65378 -11.5262 3.22884 7.4569 3.42073 -6.56423 -5.34053 0.974161 -8.98358 -5.30112 5.84595 0.758997 -3.95313 1.91435 -5.53563 -7.29908 -4.68497 -1.16037 -1.42887 -1.83914 -0.0703592 -8.52429 -7.14199 -3.12641 -2.43473 -0.542195 -0.860635 -6.21125 -5.56988 -8.36808 0.171733 4.22078 2.38347 -4.01425 -9.81174 1.61756 -11.3076 -1.15809 9.84075 4.17147 -5.51941 -5.09579 5.36623 -10.9104 -3.20764 3.41613 1.68925 -4.76706 1.21545
84.16 1.39964 -11.5278 3.38342 7.02244 3.50221 -6.40037 -6.15498 1.82055 -9.40176 -4.88432 6.51106 1.1726 -4.41739 1.48961 -5.13209 -7.31483 -4.87894 -0.69261 -1.40302 -1.99915 0.731195 -8.35359 -7.15829 -3.36972 -2.75993 -0.712916 -0.766788 -5.71672 -6.37109 -7.9419 -0.0937737 3.31019 1.93119 -3.75895 -9.71644 1.20558 -11.2804 -0.99823 9.32718 4.26497 -5.35339 -6.04959 5.33584 -11.1589 -2.91518 3.78552 1.87705 -5.24596 0.757229
84.21 1.08331 -11.5086 3.50697 6.57574 3.55401 -6.20381 -6.93741 2.48282 -9.7616 -4.4776 7.15467 1.54569 -4.88331 1.01521 -4.71536 -7.33584 -5.09945 -0.232224 -1.35698 -2.14702 1.45364 -8.13969 -7.1774 -3.57461 -2.99182 -0.866614 -0.7714 -5.21981 -7.06251 -7.63747 -0.461095 2.40306 1.5093 -3.4449 -9.51618 0.775675 -11.2369 -0.822833 8.77979 4.32069 -5.19398 -6.92215 5.16365 -11.3833 -2.64114 4.14806 2.04862 -5.66066 0.305196
84.26 0.712353 -11.4659 3.60478 6.14996 3.57545 -5.99658 -7.66509 2.98794 -10.0687 -4.09792 7.76711 1.88235 -5.31295 0.517373 -4.27964 -7.36644 -5.32636 0.235536 -1.28957 -2.28312 2.07437 -7.8859 -7.19733 -3.74415 -3.11974 -1.00358 -0.8515 -4.71113 -7.63177 -7.42921 -0.875118 1.53791 1.12468 -3.07679 -9.2211 0.320065 -11.1696 -0.626636 8.24706 4.33571 -5.04083 -7.68236 4.88339 -11.5867 -2.38408 4.49109 2.2073 -6.01488 -0.142708
84.31 0.291973 -11.3929 3.68086 5.75465 3.56446 -5.79076 -8.32962 3.35809 -10.3311 -3.74712 8.33751 2.18976 -5.68751 0.0116981 -3.81313 -7.41349 -5.53707 0.730841 -1.19695 -2.41014 2.58598 -7.595 -7.21666 -3.88335 -3.13064 -1.12327 -0.980843 -4.17817 -8.06842 -7.2909 -1.2984 0.730792 0.779584 -2.67149 -8.84762 -0.175884 -11.0649 -0.409752 7.73905 4.30479 -4.89364 -8.32273 4.52698 -11.7715 -2.1438 4.80448 2.35514 -6.31489 -0.592855
84.36 -0.182052 -11.2771 3.73785 5.38692 3.51586 -5.59071 -8.92974 3.60943 -10.5556 -3.42148 8.85583 2.47396 -5.99971 -0.496973 -3.29302 -7.48877 -5.70934 1.27395 -1.07117 -2.53358 2.9876 -7.27169 -7.23447 -3.99852 -3.01239 -1.22438 -1.13845 -3.60671 -8.3699 -7.2019 -1.71183 -0.0108094 0.47241 -2.25252 -8.41636 -0.738238 -10.8995 -0.178875 7.24884 4.21712 -4.75197 -8.84374 4.12379 -11.9393 -1.92074 5.07902 2.49327 -6.5678 -1.0568
84.41 -0.729837 -11.0967 3.77655 5.03741 3.41895 -5.39581 -9.46658 3.75466 -10.7471 -3.11602 9.31283 2.73919 -6.24656 -1.01413 -2.67922 -7.61377 -5.81927 1.87792 -0.897337 -2.66307 3.27952 -6.92302 -7.2503 -4.09703 -2.76214 -1.30508 -1.31055 -2.98394 -8.54321 -7.14764 -2.1068 -0.682455 0.199251 -1.84302 -7.94827 -1.41105 -10.6354 0.052822 6.76215 4.05306 -4.61466 -9.24835 3.69972 -12.0916 -1.71531 5.3036 2.622 -6.78051 -1.55406
84.46 -1.39434 -10.8149 3.79459 4.69157 3.25445 -5.2018 -9.94079 3.80402 -10.9086 -2.82614 9.69753 2.988 -6.42387 -1.55721 -1.90942 -7.82598 -5.83587 2.54059 -0.650325 -2.81551 3.45888 -6.55711 -7.26415 -4.18755 -2.39697 -1.36363 -1.48872 -2.30119 -8.60453 -7.11854 -2.47813 -1.28121 -0.0445209 -1.46211 -7.46127 -2.2471 -10.2248 0.264552 6.2585 3.78562 -4.47838 -9.54083 3.27648 -12.2291 -1.52716 5.46039 2.74084 -6.95912 -2.11583
84.51 -2.23373 -10.3833 3.7824 4.32734 2.99523 -4.99998 -10.3498 3.76446 -11.0419 -2.54764 9.99178 3.22143 -6.5226 -2.1589 -0.932375 -8.16728 -5.72079 3.24445 -0.303013 -3.02015 3.51483 -6.18136 -7.27654 -4.28128 -1.95472 -1.39905 -1.66724 -1.55205 -8.5765 -7.10833 -2.82018 -1.80478 -0.263222 -1.12632 -6.96854 -3.2316 -9.65973 0.422282 5.70777 3.40553 -4.33547 -9.7258 2.87058 -12.3524 -1.35433 5.51685 2.8482 -7.10872 -2.78056
84.56 -3.24369 -9.78943 3.71379 3.91 2.63106 -4.77471 -10.6846 3.63711 -11.148 -2.27584 10.1612 3.43891 -6.53214 -2.86309 0.158332 -8.61454 -5.45924 3.96722 0.128415 -3.31417 3.42879 -5.79999 -7.28846 -4.39332 -1.47862 -1.41158 -1.84125 -0.741662 -8.48297 -7.11193 -3.12667 -2.25066 -0.460373 -0.854386 -6.478 -4.2258 -9.03293 0.475253 5.06897 2.95322 -4.17303 -9.80724 2.49117 -12.4615 -1.19246 5.42026 2.94095 -7.23328 -3.56838
84.61 -4.28576 -9.12668 3.53667 3.39116 2.20416 -4.50488 -10.9279 3.41771 -11.2294 -2.00399 10.1498 3.63778 -6.45587 -3.69713 1.14998 -9.07028 -5.0993 4.69128 0.57448 -3.70795 3.19368 -5.41179 -7.30144 -4.5392 -0.999818 -1.40228 -2.00642 0.0868524 -8.34301 -7.12442 -3.39293 -2.61536 -0.638556 -0.668104 -5.9921 -5.12513 -8.46447 0.376981 4.31003 2.48315 -3.97572 -9.78842 2.13858 -12.5565 -1.03461 5.12482 3.01412 -7.33562 -4.45846
84.66 -5.24935 -8.5225 3.19064 2.735 1.77231 -4.17417 -11.0609 3.10488 -11.29 -1.72357 9.91518 3.81312 -6.31772 -4.64133 1.95115 -9.47627 -4.70994 5.407 0.98765 -4.16492 2.8308 -5.01189 -7.31769 -4.7245 -0.529621 -1.37226 -2.15963 0.871628 -8.16751 -7.14196 -3.61759 -2.89367 -0.799435 -0.582719 -5.50787 -5.9232 -8.01364 0.123097 3.44986 2.02615 -3.72942 -9.67224 1.80654 -12.6368 -0.872163 4.65682 3.06239 -7.41748 -5.38687
84.71 -6.12855 -8.04266 2.65611 1.96724 1.36591 -3.77958 -11.0707 2.70775 -11.333 -1.42715 9.50137 3.95958 -6.14682 -5.62473 2.57357 -9.8245 -4.33163 6.10922 1.35827 -4.63324 2.37702 -4.59474 -7.34045 -4.93963 -0.0621521 -1.32164 -2.2997 1.57062 -7.95981 -7.16199 -3.8026 -3.07772 -0.943809 -0.595244 -5.0178 -6.62642 -7.68435 -0.243532 2.55435 1.59691 -3.42542 -9.46222 1.48558 -12.7015 -0.696361 4.11073 3.08279 -7.47993 -6.27274
84.76 -6.9331 -7.69355 1.9771 1.16068 0.995469 -3.33242 -10.9553 2.24459 -11.36 -1.11187 9.01588 4.07431 -5.96456 -6.56469 3.0449 -10.1217 -3.97842 6.79108 1.69169 -5.07389 1.86706 -4.15296 -7.37464 -5.1645 0.41849 -1.24858 -2.42776 2.16528 -7.71909 -7.1828 -3.9523 -3.15658 -1.07165 -0.685475 -4.51094 -7.22312 -7.45506 -0.666577 1.68087 1.20344 -3.06547 -9.16531 1.16541 -12.7489 -0.50056 3.56537 3.07542 -7.52388 -7.06308
84.81 -7.65596 -7.45273 1.22825 0.373539 0.662961 -2.85488 -10.7243 1.7367 -11.3704 -0.781199 8.53563 4.15708 -5.78291 -7.41578 3.38662 -10.3758 -3.65173 7.44271 1.99582 -5.46485 1.32723 -3.67278 -7.42829 -5.37521 0.932239 -1.14828 -2.54747 2.65032 -7.44455 -7.20314 -4.07267 -3.11736 -1.18216 -0.82749 -3.97399 -7.69684 -7.29985 -1.10453 0.858702 0.849134 -2.66371 -8.79434 0.836009 -12.7762 -0.28253 3.05375 3.04159 -7.55023 -7.73767
84.86 -8.28204 -7.29211 0.472683 -0.364388 0.366174 -2.37283 -10.3962 1.20177 -11.3609 -0.44416 8.088 4.20792 -5.60715 -8.16565 3.61447 -10.593 -3.34863 8.05389 2.27745 -5.79536 0.775542 -3.12811 -7.51547 -5.54684 1.49717 -1.01109 -2.66562 3.02563 -7.13825 -7.22211 -4.1707 -2.9501 -1.27385 -0.999485 -3.39322 -8.03752 -7.19701 -1.5356 0.100845 0.533252 -2.24227 -8.36712 0.48717 -12.7784 -0.0455079 2.58163 2.98201 -7.5596 -8.29181
84.91 -8.79209 -7.18798 -0.255328 -1.03943 0.100974 -1.90872 -9.99338 0.648172 -11.3238 -0.112403 7.67331 4.22487 -5.43877 -8.81332 3.74064 -10.7779 -3.06552 8.61604 2.54146 -6.0592 0.222702 -2.47342 -7.66191 -5.65124 2.12152 -0.819379 -2.79381 3.29116 -6.80553 -7.23923 -4.25438 -2.65756 -1.34491 -1.18702 -2.75778 -8.24506 -7.13059 -1.95094 -0.586302 0.252374 -1.82368 -7.903 0.105694 -12.7475 0.202876 2.14469 2.89553 -7.55186 -8.72613
84.96 -9.16148 -7.12291 -0.949217 -1.64579 -0.137181 -1.47803 -9.53789 0.0703055 -11.2453 0.20279 7.27969 4.20209 -5.27736 -9.35736 3.77432 -10.9332 -2.79947 9.12208 2.79109 -6.24905 -0.327912 -1.64307 -7.90968 -5.65217 2.79743 -0.545332 -2.95232 3.44223 -6.45375 -7.2544 -4.33322 -2.26397 -1.39382 -1.38173 -2.06057 -8.32977 -7.08958 -2.34684 -1.19916 0.00200438 -1.42548 -7.41925 -0.330758 -12.6698 0.453036 1.73642 2.77765 -7.52542 -9.04369
85.01 -9.36187 -7.08486 -1.622 -2.18174 -0.352391 -1.08945 -9.0491 -0.556188 -11.1014 0.491999 6.88887 4.12738 -5.12158 -9.79167 3.72042 -11.0601 -2.54872 9.56481 3.02822 -6.35356 -0.881692 -0.613417 -8.29047 -5.51132 3.50495 -0.168737 -3.17455 3.46498 -6.08992 -7.26805 -4.41979 -1.81012 -1.42006 -1.57858 -1.29637 -8.31111 -7.06672 -2.71968 -1.73525 -0.222239 -1.05866 -6.92892 -0.865923 -12.5199 0.69571 1.35106 2.61781 -7.47598 -9.24951
85.06 -9.37089 -7.06597 -2.2946 -2.64768 -0.548 -0.746826 -8.54259 -1.28073 -10.8521 0.746919 6.47823 3.97856 -4.96921 -10.1056 3.57861 -11.1603 -2.31242 9.93393 3.25359 -6.36393 -1.4559 0.46443 -8.75088 -5.23008 4.22332 0.273647 -3.49429 3.34147 -5.71772 -7.28111 -4.53034 -1.33586 -1.42425 -1.77354 -0.479381 -8.2138 -7.0577 -3.06399 -2.19207 -0.424018 -0.728698 -6.43991 -1.58777 -12.2498 0.923001 0.983864 2.3938 -7.39343 -9.34938
85.11 -9.19368 -7.06153 -2.97897 -3.04511 -0.726555 -0.451867 -8.03015 -2.17021 -10.4426 0.956595 6.02175 3.72353 -4.81604 -10.2877 3.34852 -11.2368 -2.08997 10.2111 3.4668 -6.29024 -2.08402 1.3965 -9.1952 -4.86979 4.93764 0.711627 -3.90685 3.07348 -5.33565 -7.29515 -4.67874 -0.865713 -1.40762 -1.96249 0.337002 -8.06118 -7.06082 -3.37292 -2.56606 -0.606064 -0.437638 -5.95447 -2.63458 -11.7833 1.12753 0.629821 2.07023 -7.25471 -9.34557
85.16 -8.88398 -7.06883 -3.66057 -3.37631 -0.889903 -0.207796 -7.51995 -3.22344 -9.85561 1.09883 5.48906 3.34697 -4.6535 -10.3335 3.0387 -11.2936 -1.87992 10.361 3.66606 -6.16031 -2.81192 2.13441 -9.58414 -4.49325 5.63995 1.11096 -4.36657 2.69122 -4.93966 -7.31252 -4.86621 -0.404911 -1.37118 -2.14121 1.0942 -7.8677 -7.07595 -3.63976 -2.85172 -0.77016 -0.186426 -5.46948 -4.00815 -11.1028 1.29875 0.282728 1.64622 -7.01586 -9.23086
85.21 -8.52419 -7.08525 -4.30096 -3.64386 -1.03932 -0.0240847 -7.01682 -4.28904 -9.19008 1.13231 4.84342 2.8917 -4.46762 -10.2519 2.6659 -11.3338 -1.67866 10.3255 3.84756 -6.00217 -3.66754 2.70086 -9.91685 -4.13184 6.32444 1.46855 -4.82391 2.23501 -4.52508 -7.33665 -5.07952 0.0559138 -1.31472 -2.30618 1.75789 -7.63584 -7.10138 -3.86011 -3.04073 -0.917172 0.0221561 -4.97742 -5.40141 -10.3461 1.41779 -0.0617094 1.20316 -6.63555 -8.99706
85.26 -8.17202 -7.1074 -4.86399 -3.84997 -1.17566 0.0823179 -6.52244 -5.25106 -8.58059 1.01229 4.06134 2.41819 -4.2425 -10.0622 2.24724 -11.3592 -1.47994 10.0594 4.00509 -5.83457 -4.62887 3.12296 -10.2011 -3.79505 6.98329 1.79114 -5.2457 1.73928 -4.08447 -7.37272 -5.2974 0.533967 -1.23603 -2.45598 2.31465 -7.36321 -7.13291 -4.0343 -3.12167 -1.04708 0.181137 -4.46738 -6.59769 -9.6367 1.45675 -0.405007 0.804304 -6.12101 -8.65563
85.31 -7.84121 -7.13243 -5.33336 -3.99531 -1.29939 0.0964607 -6.0353 -6.10801 -8.09486 0.730275 3.17795 1.95914 -3.96448 -9.78297 1.79555 -11.3697 -1.2757 9.60777 4.13181 -5.66731 -5.62119 3.42101 -10.4443 -3.48286 7.60752 2.08643 -5.61461 1.22766 -3.60294 -7.42919 -5.49645 1.04918 -1.12976 -2.5926 2.76173 -7.05191 -7.16662 -4.16743 -3.08148 -1.15902 0.279342 -3.92603 -7.56833 -9.02449 1.38566 -0.750374 0.462531 -5.5203 -8.23526
85.36 -7.5204 -7.15855 -5.70985 -4.07784 -1.41066 0.0194929 -5.55055 -6.87058 -7.7402 0.328709 2.27011 1.52949 -3.62628 -9.42724 1.31815 -11.3632 -1.05794 9.08083 4.22311 -5.50449 -6.55846 3.61031 -10.6523 -3.19231 8.18961 2.36061 -5.92261 0.713822 -3.05243 -7.5211 -5.65264 1.61867 -0.985496 -2.7225 3.10016 -6.71006 -7.20008 -4.26762 -2.91068 -1.25139 0.305503 -3.33969 -8.33907 -8.52861 1.18991 -1.10343 0.171995 -4.88852 -7.76743
85.41 -7.19318 -7.18464 -6.0029 -4.0916 -1.50917 -0.128982 -5.05975 -7.53037 -7.49474 -0.130169 1.39339 1.13706 -3.2322 -9.00517 0.816305 -11.3343 -0.821237 8.55532 4.27636 -5.34734 -7.3936 3.703 -10.8292 -2.92028 8.72415 2.61808 -6.16464 0.203656 -2.38475 -7.67588 -5.7381 2.24881 -0.784504 -2.85819 3.33019 -6.34857 -7.23222 -4.34459 -2.61332 -1.32226 0.255849 -2.6977 -8.93971 -8.14925 0.884973 -1.4664 -0.0770812 -4.26901 -7.27763
85.46 -6.84775 -7.20999 -6.22488 -4.02599 -1.59411 -0.321735 -4.55076 -8.07427 -7.33057 -0.597858 0.57288 0.784672 -2.79933 -8.52905 0.284101 -11.2726 -0.565341 8.05658 4.28792 -5.19587 -8.11362 3.70807 -10.9773 -2.66456 9.20683 2.86181 -6.33344 -0.303243 -1.53385 -7.93673 -5.71624 2.92973 -0.49833 -3.02191 3.44673 -5.97752 -7.26294 -4.40972 -2.21496 -1.36995 0.138778 -1.99297 -9.39364 -7.87169 0.509723 -1.83079 -0.293839 -3.69039 -6.78283
85.51 -6.47943 -7.23426 -6.38815 -3.86636 -1.664 -0.535107 -4.00852 -8.49368 -7.22402 -1.04829 -0.180019 0.470975 -2.35214 -8.01413 -0.295406 -11.1597 -0.296336 7.58297 4.24972 -5.04951 -8.71843 3.62987 -11.0977 -2.42407 9.63252 3.09354 -6.41743 -0.813413 -0.490099 -8.32924 -5.55081 3.64034 -0.11079 -3.24903 3.43515 -5.60357 -7.29282 -4.47731 -1.75607 -1.39373 -0.0282179 -1.22108 -9.71647 -7.67442 0.10561 -2.17718 -0.48537 -3.16909 -6.29214
85.56 -6.08926 -7.25757 -6.50379 -3.59856 -1.71666 -0.753543 -3.41894 -8.7869 -7.1578 -1.47166 -0.858212 0.192145 -1.91468 -7.47602 -0.957904 -10.9632 -0.0258088 7.12135 4.14548 -4.90723 -9.21074 3.46733 -11.1919 -2.19859 9.99298 3.314 -6.40908 -1.34143 0.577758 -8.78974 -5.25046 4.3596 0.334267 -3.57142 3.27869 -5.22743 -7.32302 -4.56477 -1.27404 -1.39388 -0.225793 -0.400734 -9.91737 -7.53655 -0.29751 -2.48216 -0.656498 -2.71186 -5.808
85.61 -5.68109 -7.28064 -6.58096 -3.21986 -1.74929 -0.968861 -2.77767 -8.95949 -7.12029 -1.86594 -1.45588 -0.0564246 -1.50593 -6.92753 -1.76353 -10.6325 0.229876 6.65131 3.94742 -4.76676 -9.59346 3.22016 -11.2631 -1.98815 10.2735 3.52291 -6.32076 -1.91436 1.48892 -9.22642 -4.88007 5.07267 0.768739 -3.97879 2.98283 -4.84303 -7.35544 -4.68575 -0.789474 -1.37101 -0.438352 0.411593 -10.0014 -7.44103 -0.683756 -2.72393 -0.810096 -2.31844 -5.32693
85.66 -5.25848 -7.30495 -6.6265 -2.75019 -1.75904 -1.17754 -2.09961 -9.02388 -7.10411 -2.23078 -1.96683 -0.278972 -1.14019 -6.37659 -2.75575 -10.1216 0.446348 6.14283 3.62743 -4.62277 -9.86887 2.89794 -11.3151 -1.79207 10.4465 3.71878 -6.18098 -2.57452 2.20804 -9.60644 -4.49942 5.77132 1.1632 -4.42337 2.58011 -4.44062 -7.39317 -4.84026 -0.30331 -1.32504 -0.656165 1.15917 -9.97204 -7.37519 -1.04769 -2.88347 -0.947518 -1.98445 -4.84022
85.71 -4.82207 -7.33313 -6.64466 -2.22608 -1.74348 -1.37807 -1.41615 -8.99744 -7.10409 -2.56451 -2.38296 -0.47879 -0.831599 -5.8253 -3.83948 -9.47602 0.583131 5.55246 3.20206 -4.46479 -10.0379 2.51895 -11.3508 -1.60793 10.4623 3.89835 -6.01684 -3.36169 2.75938 -9.93084 -4.13679 6.44913 1.51647 -4.85735 2.11078 -4.00823 -7.4414 -5.01379 0.197334 -1.25395 -0.875171 1.81003 -9.83328 -7.32992 -1.39005 -2.94334 -1.06895 -1.70379 -4.33534
85.76 -4.3673 -7.36943 -6.63651 -1.67793 -1.70029 -1.56948 -0.759394 -8.89889 -7.11516 -2.86436 -2.69293 -0.658016 -0.599016 -5.26939 -4.85151 -8.83323 0.587106 4.8361 2.73329 -4.27846 -10.1005 2.10116 -11.3715 -1.43077 10.2637 4.056 -5.84587 -4.27439 3.1686 -10.2074 -3.80007 7.09799 1.8356 -5.24982 1.6084 -3.52861 -7.50914 -5.18331 0.730923 -1.15242 -1.09613 2.35149 -9.59091 -7.29887 -1.7146 -2.8882 -1.17366 -1.47013 -3.79786
85.81 -3.88161 -7.42094 -6.59902 -1.11504 -1.62586 -1.75139 -0.151224 -8.74426 -7.13273 -3.12837 -2.88146 -0.817594 -0.462613 -4.69779 -5.74792 -8.29338 0.425471 3.99606 2.26627 -4.04932 -10.0573 1.65666 -11.3768 -1.25335 9.85537 4.18443 -5.67694 -5.25389 3.45437 -10.4432 -3.4886 7.70936 2.1281 -5.58435 1.09558 -2.97275 -7.61264 -5.32152 1.31332 -1.00963 -1.32431 2.77971 -9.25311 -7.27766 -2.02639 -2.70978 -1.2603 -1.2777 -3.21422
85.86 -3.33975 -7.50009 -6.52319 -0.527368 -1.51273 -1.92508 0.39621 -8.54413 -7.15361 -3.35665 -2.92994 -0.957302 -0.43086 -4.09261 -6.54089 -7.88587 0.116977 3.09742 1.8214 -3.76585 -9.91018 1.19079 -11.3643 -1.06746 9.33218 4.27742 -5.51351 -6.20933 3.63011 -10.6436 -3.19917 8.27634 2.39989 -5.85146 0.58494 -2.29212 -7.78129 -5.39613 1.94907 -0.806018 -1.57079 3.09241 -8.83063 -7.26331 -2.33125 -2.41635 -1.32739 -1.12157 -2.57476
85.91 -2.69503 -7.63023 -6.39009 0.10423 -1.34547 -2.09544 0.875099 -8.30384 -7.17574 -3.55199 -2.82166 -1.07588 -0.492293 -3.43084 -7.22801 -7.59801 -0.282467 2.20683 1.40927 -3.42423 -9.66428 0.702139 -11.3283 -0.865826 8.78755 4.3309 -5.35639 -7.07547 3.70496 -10.8116 -2.92857 8.79396 2.65516 -6.04189 0.0811075 -1.42439 -8.05912 -5.36726 2.62711 -0.513194 -1.85636 3.28275 -8.33652 -7.25383 -2.63635 -2.03832 -1.37402 -0.997615 -1.87287
85.96 -1.86957 -7.85424 -6.16398 0.79273 -1.09527 -2.27461 1.27564 -8.02618 -7.19767 -3.72037 -2.55605 -1.17146 -0.622079 -2.68924 -7.79649 -7.40281 -0.717931 1.35879 1.0354 -3.03276 -9.33053 0.181503 -11.2579 -0.644695 8.26176 4.34044 -5.20534 -7.82773 3.68289 -10.9493 -2.67458 9.25797 2.89665 -6.14397 -0.417858 -0.379279 -8.46471 -5.20057 3.32705 -0.120362 -2.21425 3.33495 -7.78468 -7.24803 -2.95199 -1.61936 -1.40048 -0.902276 -1.10501
86.01 -0.795273 -8.22162 -5.79086 1.53011 -0.728819 -2.48875 1.57805 -7.71446 -7.21834 -3.87213 -2.16555 -1.24251 -0.794363 -1.85183 -8.23601 -7.27448 -1.15473 0.567723 0.700834 -2.61086 -8.92617 -0.391613 -11.1339 -0.406171 7.75933 4.29741 -5.05965 -8.46161 3.56282 -11.0588 -2.43605 9.66294 3.1259 -6.15261 -0.920363 0.660259 -8.92683 -4.91101 4.02931 0.322273 -2.67128 3.23303 -7.18667 -7.24538 -3.29156 -1.1994 -1.40821 -0.832354 -0.293812
86.06 0.40376 -8.69903 -5.23981 2.28768 -0.26753 -2.77825 1.74758 -7.37277 -7.23705 -4.02377 -1.71045 -1.28901 -0.989512 -0.930147 -8.54327 -7.19327 -1.57667 -0.159448 0.403162 -2.18269 -8.47181 -1.05636 -10.9228 -0.159095 7.26859 4.18475 -4.91816 -8.97834 3.34549 -11.1442 -2.2126 10.0002 3.34345 -6.08283 -1.44319 1.53055 -9.35958 -4.56173 4.72158 0.749521 -3.21228 2.98422 -6.55169 -7.24615 -3.66366 -0.803652 -1.39924 -0.784904 0.502804
86.11 1.4607 -9.17255 -4.55654 3.03366 0.205248 -3.16589 1.75219 -7.00358 -7.25351 -4.19561 -1.24633 -1.31275 -1.19499 0.0101857 -8.72317 -7.14561 -1.97768 -0.818916 0.138111 -1.77071 -7.98682 -1.87408 -10.573 0.0805368 6.76861 3.97405 -4.7784 -9.38023 3.04226 -11.2095 -2.00398 10.2542 3.54877 -5.96295 -2.01587 2.20868 -9.73502 -4.20512 5.40119 1.13573 -3.7888 2.62123 -5.89282 -7.25177 -4.06204 -0.441403 -1.37522 -0.757328 1.23124
86.16 2.25104 -9.58709 -3.80514 3.75073 0.637516 -3.62922 1.58962 -6.60914 -7.26782 -4.40161 -0.797805 -1.3165 -1.40317 0.885506 -8.78875 -7.12268 -2.35449 -1.40844 -0.0989962 -1.39379 -7.48591 -2.87752 -10.0443 0.286019 6.22782 3.63999 -4.63477 -9.66937 2.67442 -11.2581 -1.80935 10.3959 3.74005 -5.81831 -2.68207 2.72171 -10.0549 -3.86462 6.06936 1.48095 -4.35356 2.18383 -5.2279 -7.2655 -4.46626 -0.111895 -1.33637 -0.747672 1.8632
86.21 2.73825 -9.93987 -3.00636 4.43609 1.01883 -4.12231 1.28612 -6.19471 -7.28065 -4.64171 -0.360442 -1.30272 -1.60887 1.6344 -8.75931 -7.11811 -2.70291 -1.92575 -0.31237 -1.07043 -6.97857 -3.95409 -9.39573 0.412933 5.6016 3.20591 -4.47665 -9.84697 2.26479 -11.2916 -1.62616 10.3739 3.91364 -5.66507 -3.47851 3.09667 -10.3269 -3.54646 6.72289 1.79269 -4.87436 1.70595 -4.56911 -7.29342 -4.85007 0.189654 -1.28059 -0.755098 2.38919
86.26 2.91148 -10.2396 -2.15289 5.09014 1.35461 -4.60427 0.879037 -5.76806 -7.29324 -4.90395 0.0824314 -1.27283 -1.80788 2.216 -8.65623 -7.12597 -3.01786 -2.36712 -0.505347 -0.822689 -6.47012 -4.94898 -8.76486 0.406557 4.84926 2.73384 -4.28996 -9.91408 1.82969 -11.3102 -1.44942 10.1348 4.06342 -5.51149 -4.3968 3.35425 -10.5583 -3.25009 7.35237 2.07871 -5.33244 1.21183 -3.90944 -7.34604 -5.18768 0.468969 -1.20219 -0.780642 2.8091
86.31 2.83685 -10.4946 -1.26093 5.70904 1.6535 -5.0492 0.403413 -5.33607 -7.30747 -5.17132 0.540961 -1.22707 -1.99689 2.61054 -8.49782 -7.1412 -3.29539 -2.72664 -0.680271 -0.671665 -5.96242 -5.82872 -8.24256 0.237459 3.98204 2.26531 -4.06036 -9.8726 1.37674 -11.3124 -1.27205 9.69584 4.18176 -5.36105 -5.37176 3.51088 -10.7549 -2.9731 7.94664 2.3451 -5.71755 0.71621 -3.21029 -7.44198 -5.4539 0.731785 -1.08949 -0.828576 3.12611
86.36 2.66189 -10.7114 -0.393534 6.2844 1.92326 -5.44431 -0.113578 -4.90129 -7.32601 -5.42726 1.01127 -1.16488 -2.17401 2.83288 -8.2958 -7.16038 -3.53413 -2.99607 -0.838514 -0.6245 -5.45379 -6.60367 -7.85176 -0.0714072 3.06829 1.81933 -3.77623 -9.72567 0.905995 -11.294 -1.08601 9.15575 4.26221 -5.21488 -6.31278 3.58013 -10.9204 -2.71335 8.49666 2.59611 -6.0225 0.225923 -2.37974 -7.61786 -5.61812 0.98408 -0.918767 -0.909581 3.34247
86.41 2.4984 -10.8954 0.386914 6.80573 2.16988 -5.78535 -0.653719 -4.45996 -7.35255 -5.65805 1.48957 -1.08501 -2.33918 2.92721 -8.0554 -7.18121 -3.73557 -3.1648 -0.980529 -0.66809 -4.93839 -7.2688 -7.57713 -0.464058 2.17033 1.40623 -3.43371 -9.47927 0.410345 -11.2467 -0.884246 8.60058 4.29991 -5.07329 -7.15971 3.5723 -11.0563 -2.46963 8.99597 2.83448 -6.23695 -0.258776 -1.24317 -7.94257 -5.63349 1.23327 -0.645664 -1.04895 3.45406
86.46 2.37419 -11.0514 1.0549 7.26128 2.39765 -6.07248 -1.20742 -4.00061 -7.39272 -5.85265 1.98359 -0.984649 -2.49454 2.93943 -7.77849 -7.2021 -3.9037 -3.22008 -1.10592 -0.777112 -4.40599 -7.8112 -7.3916 -0.888417 1.31881 1.03154 -3.04123 -9.14483 -0.126315 -11.156 -0.663392 8.06388 4.28852 -4.93635 -7.89095 3.49169 -11.1616 -2.24175 9.439 3.06182 -6.34325 -0.74366 0.288719 -8.45071 -5.44989 1.48894 -0.246115 -1.29877 3.44325
86.51 2.27797 -11.1829 1.61201 7.63661 2.60914 -6.30729 -1.77339 -3.50217 -7.45585 -6.00064 2.50925 -0.857988 -2.64487 2.90006 -7.46735 -7.22193 -4.0444 -3.14887 -1.21353 -0.926202 -3.84283 -8.22207 -7.27022 -1.31232 0.52661 0.696316 -2.61858 -8.7397 -0.734256 -10.9961 -0.426349 7.54636 4.2158 -4.80388 -8.50264 3.33522 -11.2362 -2.03019 9.81842 3.27873 -6.33252 -1.24152 1.85722 -9.00205 -5.10266 1.7578 0.190524 -1.70874 3.29151
86.56 2.1932 -11.2926 2.07062 7.91197 2.80531 -6.49038 -2.35866 -2.92953 -7.55883 -6.08882 3.08157 -0.693737 -2.79871 2.8232 -7.12671 -7.23999 -4.16493 -2.94395 -1.30159 -1.09651 -3.23466 -8.50065 -7.1943 -1.72039 -0.199494 0.398143 -2.1906 -8.28448 -1.46554 -10.7239 -0.183817 7.03329 4.05911 -4.67479 -8.99592 3.10211 -11.2847 -1.83535 10.1222 3.48494 -6.22973 -1.77539 3.14618 -9.48809 -4.69675 2.04023 0.581962 -2.259 3.0117
86.61 2.10627 -11.3818 2.44545 8.06048 2.98553 -6.61925 -2.97842 -2.22703 -7.73252 -6.09602 3.70457 -0.471513 -2.9708 2.7095 -6.76354 -7.25603 -4.27388 -2.6147 -1.36818 -1.27622 -2.5707 -8.65505 -7.1511 -2.10579 -0.855036 0.132767 -1.78108 -7.79907 -2.37946 -10.2861 0.0435598 6.49908 3.78783 -4.5456 -9.37283 2.80339 -11.3127 -1.65677 10.3284 3.6791 -6.07557 -2.38288 4.10737 -9.9039 -4.29673 2.33713 0.914772 -2.88277 2.63984
86.66 2.00461 -11.4506 2.75045 8.05138 3.14764 -6.68589 -3.65283 -1.32759 -8.02205 -5.98921 4.36623 -0.162499 -3.18655 2.54678 -6.38563 -7.27026 -4.38199 -2.19322 -1.41196 -1.45814 -1.84356 -8.70115 -7.13211 -2.46389 -1.43685 -0.104436 -1.41178 -7.29979 -3.44141 -9.68425 0.219201 5.90506 3.397 -4.40812 -9.63481 2.45796 -11.3246 -1.49238 10.3967 3.85842 -5.90108 -3.10848 4.76954 -10.2642 -3.92358 2.65289 1.19723 -3.51757 2.21278
86.71 1.87279 -11.498 2.99776 7.8666 3.28815 -6.67735 -4.39562 -0.251851 -8.43941 -5.74011 5.04605 0.24018 -3.48187 2.31094 -5.99923 -7.28337 -4.50349 -1.72401 -1.43271 -1.63727 -1.05046 -8.65934 -7.13036 -2.78974 -1.94217 -0.317591 -1.10597 -6.79797 -4.485 -9.03381 0.288641 5.20434 2.93802 -4.2492 -9.78255 2.08313 -11.3236 -1.33762 10.2691 4.01804 -5.72331 -3.96838 5.17214 -10.5813 -3.57971 2.99158 1.44036 -4.12243 1.75909
86.76 1.69223 -11.5238 3.19758 7.52851 3.40317 -6.5878 -5.19511 0.802982 -8.90346 -5.37339 5.72593 0.681619 -3.87476 1.98235 -5.60637 -7.29658 -4.65424 -1.2449 -1.43133 -1.80948 -0.21812 -8.54967 -7.13958 -3.07898 -2.36769 -0.50995 -0.888549 -6.29951 -5.41614 -8.45781 0.204044 4.37822 2.46633 -4.05391 -9.81725 1.68928 -11.311 -1.18552 9.92159 4.15111 -5.54966 -4.92243 5.35411 -10.8634 -3.26181 3.35076 1.65378 -4.67508 1.29753
86.81 1.44959 -11.529 3.35835 7.1021 3.48986 -6.43271 -6.01141 1.6841 -9.33162 -4.95863 6.39401 1.10193 -4.33321 1.56973 -5.20476 -7.31174 -4.842 -0.775038 -1.40909 -1.97154 0.593322 -8.38727 -7.15512 -3.32928 -2.70862 -0.683798 -0.775809 -5.8047 -6.23626 -8.00825 -0.0373572 3.47364 2.00973 -3.80862 -9.74128 1.28008 -11.2863 -1.02761 9.42331 4.25101 -5.38245 -5.88427 5.35262 -11.1165 -2.96583 3.71987 1.84493 -5.16547 0.83834
86.86 1.14384 -11.5136 3.487 6.65429 3.54699 -6.24007 -6.80174 2.3772 -9.70165 -4.54822 7.04209 1.48215 -4.80223 1.10198 -4.7907 -7.33155 -5.05909 -0.314179 -1.36668 -2.1216 1.33211 -8.18074 -7.17389 -3.54084 -2.95781 -0.84048 -0.764284 -5.30879 -6.948 -7.68382 -0.390895 2.56215 1.5818 -3.50505 -9.55913 0.853773 -11.2461 -0.855478 8.87688 4.31365 -5.22188 -6.77462 5.20316 -11.345 -2.68865 4.08463 2.01911 -5.59143 0.385232
86.91 0.782053 -11.4755 3.58906 6.22357 3.57392 -6.03358 -7.54008 2.90846 -10.0175 -4.16333 7.66088 1.82477 -5.24018 0.606852 -4.35899 -7.36004 -5.28652 0.150882 -1.30326 -2.25967 1.97179 -7.93388 -7.19379 -3.71636 -3.10514 -0.980443 -0.832928 -4.80304 -7.53994 -7.46047 -0.799953 1.68794 1.19025 -3.14564 -9.2799 0.40357 -11.1839 -0.663156 8.34005 4.33619 -5.06765 -7.55577 4.93973 -11.552 -2.42861 4.43194 2.1799 -5.956 -0.0630681
86.96 0.370426 -11.4086 3.66877 5.8228 3.56897 -5.82702 -8.21607 3.30131 -10.2873 -3.80758 8.23953 2.13689 -5.62529 0.101922 -3.89924 -7.40348 -5.50174 0.639727 -1.21556 -2.388 2.50299 -7.64931 -7.21331 -3.86053 -3.13786 -1.10329 -0.95525 -4.27543 -8.00064 -7.31141 -1.22342 0.86981 0.838144 -2.74533 -8.91893 -0.0837059 -11.0872 -0.449656 7.82784 4.31403 -4.91941 -8.21755 4.59464 -11.7399 -2.18532 4.75127 2.32956 -6.26514 -0.512143
87.01 -0.0931287 -11.3017 3.72904 5.4507 3.52764 -5.62587 -8.8276 3.57279 -10.5182 -3.47782 8.76779 2.42486 -5.94885 -0.406116 -3.39101 -7.47253 -5.68249 1.17305 -1.09652 -2.51151 2.92414 -7.33131 -7.23144 -3.97947 -3.04322 -1.20782 -1.10903 -3.71185 -8.32594 -7.21485 -1.63943 0.116166 0.524463 -2.32701 -8.49638 -0.631604 -10.9348 -0.220489 7.33535 4.23761 -4.77682 -8.75963 4.19777 -11.9106 -1.95916 5.03344 2.46937 -6.52592 -0.972487
87.06 -0.625377 -11.1349 3.77104 5.09885 3.44046 -5.43027 -9.37561 3.73609 -10.7152 -3.16913 9.23642 2.69324 -6.20754 -0.920874 -2.79782 -7.58646 -5.80551 1.76584 -0.932762 -2.63896 3.23564 -6.98657 -7.24763 -4.08035 -2.81589 -1.29229 -1.27928 -3.09897 -8.52113 -7.15524 -2.03809 -0.568177 0.245585 -1.91431 -8.03342 -1.28069 -10.6917 0.0123211 6.84932 4.08904 -4.63888 -9.18468 3.7757 -12.0656 -1.75058 5.26794 2.59979 -6.74531 -1.46191
87.11 -1.26487 -10.8746 3.79317 4.7537 3.28986 -5.23658 -9.86102 3.80188 -10.882 -2.87678 9.63501 2.94485 -6.39772 -1.45743 -2.06101 -7.77969 -5.84144 2.419 -0.701043 -2.78559 3.43553 -6.62314 -7.26182 -4.17157 -2.46888 -1.35489 -1.45684 -2.42739 -8.60085 -7.12218 -2.41401 -1.18008 -0.00308356 -1.52708 -7.54868 -2.08518 -10.3102 0.229606 6.35056 3.84178 -4.50282 -9.49677 3.35093 -12.2057 -1.55944 5.43862 2.72046 -6.92959 -2.00938
87.16 -2.06988 -10.4728 3.78763 4.39485 3.04934 -5.03706 -10.2821 3.77786 -11.0202 -2.59657 9.94726 3.18101 -6.51131 -2.04559 -1.12022 -8.09662 -5.75231 3.11718 -0.37245 -2.97818 3.5147 -6.2487 -7.27441 -4.26374 -2.03707 -1.39445 -1.63566 -1.69039 -8.58694 -7.10899 -2.76173 -1.7172 -0.225963 -1.18201 -7.05623 -3.05087 -9.76866 0.400257 5.81097 3.4802 -4.36191 -9.70055 2.94103 -12.3315 -1.38412 5.51627 2.83005 -7.08402 -2.65334
87.21 -3.05658 -9.90415 3.73212 3.99021 2.70232 -4.81745 -10.6311 3.66636 -11.131 -2.32399 10.1424 3.40146 -6.53713 -2.72854 -0.0339451 -8.5315 -5.5151 3.83808 0.0484519 -3.25416 3.45517 -5.86826 -7.28631 -4.37129 -1.5642 -1.41098 -1.81081 -0.888998 -8.50347 -7.1105 -3.07497 -2.17712 -0.426733 -0.897142 -6.56496 -4.05448 -9.14305 0.475915 5.19096 3.03631 -4.20405 -9.80016 2.55664 -12.4431 -1.22074 5.45125 2.92571 -7.2128 -3.4195
87.26 -4.10464 -9.24342 3.57904 3.49308 2.28185 -4.55703 -10.8922 3.46367 -11.2166 -2.05275 10.1677 3.60394 -6.47484 -3.53934 0.986874 -8.99205 -5.16723 4.56285 0.49676 -3.63175 3.24581 -5.48158 -7.29896 -4.51031 -1.08447 -1.40547 -1.97783 -0.0590484 -8.37072 -7.12174 -3.34859 -2.55659 -0.608145 -0.694122 -6.0783 -4.97289 -8.55785 0.406466 4.45394 2.56645 -4.01405 -9.79897 2.19959 -12.5407 -1.06278 5.19208 3.00278 -7.31894 -4.2949
87.31 -5.08452 -8.62188 3.26633 2.86168 1.84783 -4.23781 -11.046 3.16713 -11.2806 -1.77448 9.97271 3.78389 -6.34548 -4.46785 1.82245 -9.40834 -4.77916 5.28046 0.917257 -4.08136 2.90314 -5.08416 -7.31443 -4.68888 -0.612767 -1.3791 -2.13332 0.737382 -8.20112 -7.1386 -3.5806 -2.85076 -0.772021 -0.590394 -5.59421 -5.78802 -8.08461 0.17817 3.60761 2.10577 -3.77734 -9.69991 1.86454 -12.6236 -0.901815 4.74878 3.0558 -7.40436 -5.2226
87.36 -5.97757 -8.11814 2.76377 2.10889 1.43576 -3.85415 -11.0783 2.78386 -11.3266 -1.48128 9.58335 3.9358 -6.17855 -5.45086 2.47457 -9.7665 -4.3973 5.98548 1.29526 -4.55103 2.46279 -4.67052 -7.33573 -4.89997 -0.145776 -1.3322 -2.27572 1.45354 -7.99915 -7.15832 -3.7724 -3.0523 -0.919311 -0.586602 -5.10589 -6.50856 -7.73488 -0.172636 2.71337 1.67085 -3.48384 -9.50622 1.54235 -12.6912 -0.728968 4.20948 3.08123 -7.47019 -6.12106
87.41 -6.79553 -7.74695 2.10524 1.30405 1.05861 -3.41496 -10.9847 2.3309 -11.3564 -1.16929 9.10335 4.05624 -5.99719 -6.40317 2.97102 -10.0722 -4.0393 6.67162 1.63471 -4.99865 1.96064 -4.23387 -7.36742 -5.12481 0.33111 -1.26339 -2.40572 2.06741 -7.76442 -7.1791 -3.92799 -3.1508 -1.05014 -0.664898 -4.60295 -7.12549 -7.48974 -0.589281 1.83313 1.27065 -3.13314 -9.22402 1.22278 -12.7418 -0.537042 3.66043 3.07871 -7.51737 -6.93059
87.46 -7.5339 -7.48895 1.36349 0.510611 0.719428 -2.94094 -10.7732 1.82949 -11.3699 -0.84083 8.61903 4.14467 -5.8149 -7.27161 3.33453 -10.3334 -3.70804 7.32941 1.94351 -5.39948 1.4246 -3.762 -7.41681 -5.33983 0.8375 -1.16847 -2.52652 2.57204 -7.49584 -7.19959 -4.05309 -3.13352 -1.16382 -0.799489 -4.07239 -7.62209 -7.3231 -1.02668 1.00058 0.909317 -2.73734 -8.86504 0.895747 -12.773 -0.322887 3.14188 3.04949 -7.54679 -7.62638
87.51 -8.17848 -7.31597 0.605731 -0.237393 0.416555 -2.45788 -10.4607 1.29843 -11.3643 -0.504104 8.16506 4.20126 -5.63791 -8.03967 3.58167 -10.5568 -3.40102 7.94848 2.22873 -5.74125 0.874032 -3.23148 -7.49656 -5.52032 1.39232 -1.03886 -2.64427 2.96683 -7.19488 -7.21886 -4.15455 -2.98936 -1.25899 -0.967416 -3.50033 -7.98676 -7.21226 -1.45988 0.23069 0.586791 -2.31767 -8.4464 0.551192 -12.7801 -0.0887842 2.66291 2.99452 -7.55917 -8.20201
87.56 -8.71082 -7.20324 -0.128377 -0.92421 0.146068 -1.98922 -10.0695 0.748102 -11.3329 -0.17054 7.74513 4.22452 -5.4682 -8.70554 3.72517 -10.7472 -3.11459 8.5199 2.4956 -6.01739 0.320928 -2.60077 -7.62983 -5.63906 2.00618 -0.858614 -2.76952 3.25204 -6.86637 -7.23633 -4.24014 -2.71801 -1.33385 -1.15294 -2.87521 -8.21754 -7.1403 -1.87835 -0.469358 0.3 -1.89711 -7.98748 0.176781 -12.756 0.158257 2.22018 2.91303 -7.55453 -8.65749
87.61 -9.10728 -7.13223 -0.827817 -1.543 -0.0965813 -1.55178 -9.6219 0.175721 -11.2632 0.148347 7.34895 4.20948 -5.30562 -9.26831 3.7748 -10.9076 -2.84567 9.03642 2.74762 -6.22113 -0.22997 -1.80642 -7.85608 -5.66145 2.67417 -0.601481 -2.92058 3.42419 -6.51742 -7.25183 -4.31903 -2.33969 -1.38678 -1.3468 -2.18947 -8.32291 -7.09539 -2.27793 -1.09563 0.0445352 -1.49429 -7.50614 -0.24753 -12.6879 0.408811 1.80726 2.80128 -7.53164 -8.99551
87.66 -9.33976 -7.09005 -1.50287 -2.09151 -0.315607 -1.15532 -9.13778 -0.439302 -11.1333 0.442792 6.95918 4.1453 -5.14898 -9.72283 3.73638 -11.0396 -2.59228 9.49104 2.98689 -6.34175 -0.78232 -0.80702 -8.21394 -5.54764 3.3777 -0.242595 -3.12856 3.47121 -6.15532 -7.2657 -4.40312 -1.89339 -1.41704 -1.54357 -1.43718 -8.32092 -7.06969 -2.65523 -1.64556 -0.184065 -1.12135 -7.01625 -0.760343 -12.5536 0.653435 1.41819 2.65011 -7.4868 -9.22079
87.71 -9.38362 -7.06817 -2.17411 -2.56982 -0.514497 -0.804364 -8.63346 -1.14157 -10.9066 0.704461 6.55388 4.01184 -4.99623 -10.0591 3.61038 -11.1443 -2.35344 9.87427 3.21434 -6.36884 -1.35095 0.279517 -8.66792 -5.2881 4.09543 0.193505 -3.42975 3.3745 -5.78459 -7.27877 -4.50818 -1.42041 -1.42506 -1.73916 -0.626642 -8.23576 -7.0584 -3.0051 -2.1167 -0.389614 -0.784608 -6.52667 -1.43972 -12.3098 0.883989 1.04809 2.43988 -7.41131 -9.33916
87.76 -9.23711 -7.06139 -2.85653 -2.97929 -0.695934 -0.500788 -8.12138 -1.99781 -10.5293 0.923339 6.10762 3.77801 -4.84366 -10.2653 3.3957 -11.2247 -2.12859 10.1697 3.4298 -6.30837 -1.96626 1.245 -9.1198 -4.93651 4.81122 0.636085 -3.82841 3.13067 -5.40455 -7.29249 -4.6493 -0.948623 -1.41205 -1.92949 0.19462 -8.09158 -7.05938 -3.32084 -2.50577 -0.575016 -0.486559 -6.04068 -2.41969 -11.8836 1.09318 0.692143 2.13635 -7.2852 -9.35402
87.81 -8.9451 -7.06677 -3.54103 -3.32209 -0.86188 -0.247206 -7.61033 -3.02962 -9.97011 1.08005 5.59102 3.42169 -4.68368 -10.3351 3.09897 -11.2847 -1.91652 10.346 3.63175 -6.1862 -2.67328 2.01649 -9.51921 -4.55969 5.51607 1.04307 -4.28367 2.76581 -5.01135 -7.30905 -4.83042 -0.486521 -1.3791 -2.11032 0.965622 -7.90489 -7.07241 -3.5956 -2.80767 -0.742218 -0.228144 -5.55605 -3.75193 -11.2345 1.27142 0.344241 1.72589 -7.06799 -9.25993
87.86 -8.58871 -7.08181 -4.19183 -3.60079 -1.01371 -0.0516728 -7.10574 -4.10566 -9.30761 1.13654 4.96817 2.97547 -4.50313 -10.275 2.73605 -11.3278 -1.71409 10.3482 3.8168 -6.03141 -3.50614 2.61129 -9.86142 -4.19446 6.20424 1.4077 -4.7444 2.31995 -4.60049 -7.33166 -5.04056 -0.0268079 -1.3263 -2.27793 1.64739 -7.68004 -7.09628 -3.82435 -3.01463 -0.892246 -0.0116027 -5.06596 -5.16503 -10.4796 1.40157 -0.000531089 1.27974 -6.714 -9.04719
87.91 -8.23306 -7.10318 -4.77044 -3.81772 -1.15232 0.0698439 -6.60982 -5.08813 -8.68098 1.04599 4.2099 2.50201 -4.2861 -10.103 2.32447 -11.3557 -1.51547 10.1231 3.97913 -5.86456 -4.45281 3.05741 -10.1537 -3.85313 6.86831 1.73593 -5.17416 1.82921 -4.16532 -7.36511 -5.25932 0.446738 -1.25185 -2.43039 2.22358 -7.41471 -7.12705 -4.0065 -3.11575 -1.02524 0.156928 -4.56004 -6.40169 -9.75673 1.45708 -0.343894 0.871102 -6.22053 -8.72311
87.96 -7.89888 -7.12786 -5.2568 -3.97393 -1.27828 0.100918 -6.12164 -5.9624 -8.17138 0.790944 3.33915 2.039 -4.01828 -9.83856 1.87796 -11.369 -1.31283 9.6968 4.11175 -5.69682 -5.44651 3.37631 -10.4037 -3.53674 7.49932 2.03558 -5.55324 1.31916 -3.69266 -7.4171 -5.46345 0.953917 -1.15106 -2.56902 2.69015 -7.10984 -7.16059 -4.14641 -3.09803 -1.14047 0.266862 -4.0253 -7.41111 -9.12524 1.40737 -0.688508 0.519349 -5.63097 -8.31441
88.01 -7.57753 -7.15388 -5.64928 -4.06795 -1.39178 0.0391642 -5.63697 -6.74199 -7.79453 0.406105 2.43051 1.60339 -3.69086 -9.49571 1.40486 -11.3658 -1.09799 9.17591 4.20957 -5.53306 -6.39835 3.584 -10.6177 -3.24259 8.08935 2.31313 -5.87247 0.805087 -3.15728 -7.50115 -5.62912 1.51286 -1.01464 -2.69942 3.04782 -6.77266 -7.1942 -4.25178 -2.95072 -1.23647 0.306437 -3.44787 -8.21513 -8.60811 1.23359 -1.03982 0.220386 -5.00111 -7.85293
88.06 -7.2525 -7.18004 -5.95631 -4.09459 -1.4926 -0.0985347 -5.14804 -7.42107 -7.53171 -0.0467655 1.54577 1.204 -3.30581 -9.08465 0.907561 -11.3414 -0.864845 8.64714 4.26979 -5.37489 -7.25327 3.69312 -10.7999 -2.96745 8.63268 2.57333 -6.12665 0.294128 -2.51504 -7.64196 -5.72956 2.13245 -0.825605 -2.8328 3.2973 -6.41386 -7.22661 -4.33211 -2.67465 -1.3113 0.270015 -2.81637 -8.84411 -8.20876 0.945659 -1.40128 -0.0353542 -4.37693 -7.36555
88.11 -6.91086 -7.20555 -6.19001 -4.04409 -1.58004 -0.285339 -4.64332 -7.98641 -7.35498 -0.515396 0.714211 0.844479 -2.87816 -8.61709 0.381606 -11.2867 -0.612099 8.14326 4.28919 -5.22243 -7.99396 3.71331 -10.953 -2.70894 9.12492 2.81935 -6.30923 -0.213061 -1.70108 -7.88056 -5.72984 2.80571 -0.556772 -2.9893 3.43481 -6.0439 -7.25756 -4.39841 -2.29151 -1.3632 0.163835 -2.12328 -9.32279 -7.91457 0.579704 -1.76659 -0.257279 -3.78951 -6.87076
88.16 -6.54667 -7.23002 -6.36287 -3.90235 -1.65275 -0.496423 -4.10815 -8.42831 -7.23962 -0.969969 -0.0513058 0.524127 -2.43165 -8.1079 -0.187539 -11.1848 -0.344719 7.66591 4.26074 -5.07522 -8.6191 3.64988 -11.0782 -2.46577 9.56123 3.05313 -6.40921 -0.721858 -0.684575 -8.25133 -5.59134 3.51269 -0.186113 -3.20219 3.44747 -5.67021 -7.28752 -4.46434 -1.84034 -1.39125 0.00426963 -1.36312 -9.66813 -7.70463 0.178125 -2.11789 -0.452884 -3.25727 -6.37898
88.21 -6.16014 -7.25347 -6.48626 -3.65451 -1.70867 -0.714737 -3.52774 -8.74379 -7.16722 -1.39843 -0.743235 0.239425 -1.99091 -7.57287 -0.831523 -11.0063 -0.0734108 7.20344 4.16995 -4.93233 -9.13122 3.50254 -11.1769 -2.23762 9.93413 3.27559 -6.41708 -1.24515 0.396038 -8.7076 -5.3112 4.23171 0.254273 -3.50682 3.31732 -5.29473 -7.31755 -4.547 -1.36034 -1.39555 -0.189157 -0.548058 -9.89028 -7.55756 -0.226704 -2.43192 -0.627383 -2.78849 -5.89377
88.26 -5.75487 -7.27649 -6.5697 -3.29481 -1.74508 -0.930963 -2.8952 -8.93713 -7.12523 -1.7979 -1.35566 -0.0141991 -1.57591 -7.02548 -1.60669 -10.7038 0.186378 6.73675 3.99104 -4.79181 -9.53325 3.27007 -11.2519 -2.02452 10.2304 3.48663 -6.34113 -1.80738 1.34115 -9.15259 -4.94803 4.94663 0.694019 -3.90201 3.04446 -4.91246 -7.34939 -4.66155 -0.875632 -1.37675 -0.399936 0.270425 -9.99484 -7.45555 -0.616591 -2.6864 -0.783964 -2.38396 -5.41266
88.31 -5.33467 -7.30043 -6.62048 -2.83887 -1.7591 -1.14096 -2.2217 -9.01961 -7.10567 -2.16805 -1.88256 -0.241106 -1.20155 -6.47465 -2.56733 -10.2256 0.412226 6.2379 3.69349 -4.64905 -9.82764 2.96001 -11.3071 -1.82599 10.4255 3.68499 -6.20831 -2.44854 2.09316 -9.54307 -4.56631 5.6483 1.09616 -4.34385 2.65777 -4.51405 -7.38587 -4.8108 -0.390408 -1.33496 -0.617262 1.03259 -9.9854 -7.38518 -0.984574 -2.86188 -0.924221 -2.03981 -4.92778
88.36 -4.90087 -7.32767 -6.64334 -2.32175 -1.7482 -1.34302 -1.53666 -9.00795 -7.10314 -2.50751 -2.31629 -0.444778 -0.881575 -5.92355 -3.64839 -9.59479 0.566985 5.66575 3.28277 -4.49455 -10.0156 2.58969 -11.3456 -1.64002 10.4739 3.8678 -6.04692 -3.21162 2.67228 -9.87683 -4.1995 6.33036 1.45632 -4.78249 2.19755 -4.08803 -7.43172 -4.98247 0.106364 -1.26862 -0.836129 1.702 -9.86575 -7.33678 -1.33055 -2.94071 -1.04853 -1.75013 -4.42716
88.41 -4.45001 -7.36211 -6.63995 -1.77654 -1.71012 -1.53611 -0.873205 -8.92093 -7.1126 -2.81358 -2.64615 -0.627566 -0.633887 -5.36907 -4.68005 -8.94193 0.598164 4.97371 2.81746 -4.31435 -10.0971 2.17773 -11.3689 -1.46209 10.3159 4.02987 -5.87631 -4.10466 3.10525 -10.1613 -3.85807 6.98502 1.78095 -5.18387 1.69908 -3.6185 -7.49507 -5.1546 0.632741 -1.1731 -1.05649 2.26335 -9.64129 -7.30357 -1.65792 -2.90696 -1.1563 -1.50855 -3.89655
88.46 -3.97122 -7.41021 -6.60814 -1.21656 -1.64165 -1.71968 -0.255281 -8.77533 -7.12929 -3.08403 -2.85759 -0.790625 -0.479224 -4.80138 -5.59621 -8.37988 0.466222 4.15217 2.34817 -4.09381 -10.0727 1.73741 -11.3771 -1.28531 9.93979 4.16402 -5.70665 -5.07874 3.41189 -10.404 -3.54232 7.60363 2.0777 -5.5295 1.18694 -3.07911 -7.59052 -5.30055 1.20568 -1.03879 -1.28277 2.71186 -9.31977 -7.28087 -1.97159 -2.75047 -1.24627 -1.30917 -3.32196
88.51 -3.442 -7.48315 -6.54016 -0.634607 -1.53623 -1.89461 0.30358 -8.58279 -7.14975 -3.31855 -2.9324 -0.933935 -0.429119 -4.20376 -6.40719 -7.94896 0.180325 3.25826 1.89842 -3.82059 -9.9438 1.27524 -11.3681 -1.10152 9.42886 4.26366 -5.54214 -6.04456 3.60642 -10.6103 -3.24922 8.17892 2.35283 -5.80923 0.675367 -2.42524 -7.74465 -5.38918 1.83232 -0.84792 -1.52483 3.04541 -8.91146 -7.26546 -2.27721 -2.4759 -1.31693 -1.1469 -2.69295
88.56 -2.82034 -7.60174 -6.41927 -0.0121824 -1.38027 -2.06496 0.795237 -8.34942 -7.17178 -3.51941 -2.85279 -1.0564 -0.475569 -3.55384 -7.11401 -7.64165 -0.207391 2.36285 1.47992 -3.48908 -9.71488 0.791067 -11.3368 -0.903098 8.88364 4.32444 -5.3839 -6.92932 3.69876 -10.784 -2.97547 8.70563 2.6108 -6.01412 0.170287 -1.5943 -7.99987 -5.38185 2.50421 -0.572974 -1.80133 3.25841 -8.42907 -7.25523 -2.58163 -2.10989 -1.36723 -1.01749 -2.00265
88.61 -2.03387 -7.80495 -6.2133 0.666052 -1.14758 -2.24116 1.21076 -8.0782 -7.19383 -3.69199 -2.61388 -1.15621 -0.595189 -2.82795 -7.70453 -7.43199 -0.639618 1.50583 1.09904 -3.10532 -9.39566 0.277224 -11.2736 -0.685472 8.35347 4.34225 -5.23181 -7.7025 3.69392 -10.9269 -2.71864 9.17952 2.85459 -6.13271 -0.329127 -0.571713 -8.38529 -5.24058 3.20181 -0.196123 -2.14367 3.33665 -7.88655 -7.24883 -2.89446 -1.69499 -1.39719 -0.917296 -1.24608
88.66 -1.00305 -8.14534 -5.87031 1.3964 -0.802872 -2.44634 1.5328 -7.77224 -7.21479 -3.84569 -2.24167 -1.23169 -0.761564 -2.00802 -8.16747 -7.29339 -1.07779 0.70399 0.757578 -2.68711 -9.0024 -0.284344 -11.1611 -0.449591 7.84743 4.30952 -5.08523 -8.35742 3.59143 -11.0412 -2.4774 9.5955 3.08596 -6.15751 -0.830059 0.485109 -8.84505 -4.96888 3.90483 0.243216 -2.58272 3.26254 -7.29608 -7.24562 -3.22884 -1.27287 -1.40811 -0.843074 -0.438983
88.71 0.194272 -8.61137 -5.34971 2.1529 -0.352859 -2.71961 1.72885 -7.43564 -7.23389 -3.99587 -1.79337 -1.28247 -0.953744 -1.09806 -8.49815 -7.20495 -1.503 -0.0348983 0.45362 -2.2583 -8.55542 -0.928823 -10.9688 -0.203089 7.35589 4.21102 -4.94312 -8.89484 3.39095 -11.1305 -2.25127 9.94565 3.30559 -6.09976 -1.34755 1.39023 -9.28656 -4.62552 4.59932 0.676228 -3.11186 3.038 -6.66692 -7.24572 -3.59511 -0.87173 -1.40198 -0.791827 0.364795
88.76 1.29049 -9.09204 -4.68451 2.90275 0.123291 -3.0902 1.764 -7.07123 -7.25074 -4.16276 -1.32804 -1.31007 -1.15805 -0.154602 -8.69999 -7.15208 -1.90798 -0.706606 0.183109 -1.84197 -8.07466 -1.71458 -10.6479 0.0394236 6.85951 4.02019 -4.80334 -9.317 3.10165 -11.1992 -2.04005 10.2161 3.51318 -5.98671 -1.90848 2.10094 -9.67246 -4.26778 5.28108 1.07016 -3.68587 2.69239 -6.01105 -7.2503 -3.98999 -0.50338 -1.38056 -0.760881 1.10815
88.81 2.13177 -9.51802 -3.94234 3.62546 0.564328 -3.54322 1.62986 -6.681 -7.26541 -4.36226 -0.876422 -1.31717 -1.36617 0.737524 -8.78465 -7.12524 -2.28936 -1.30872 -0.0586428 -1.45753 -7.57575 -2.68818 -10.1507 0.253659 6.3289 3.70833 -4.66102 -9.62609 2.74354 -11.2506 -1.84305 10.3809 3.70717 -5.84503 -2.55462 2.64118 -10.0017 -3.92363 5.95133 1.4222 -4.25554 2.2655 -5.34597 -7.26224 -4.39505 -0.168335 -1.34443 -0.748136 1.75837
88.86 2.67477 -9.88123 -3.1523 4.31637 0.954535 -4.03437 1.34881 -6.2696 -7.27843 -4.59691 -0.43819 -1.30638 -1.57264 1.51239 -8.77054 -7.11785 -2.64321 -1.8391 -0.275969 -1.12313 -7.06906 -3.76553 -9.5137 0.3986 5.72148 3.28766 -4.50646 -9.82348 2.33991 -11.2867 -1.65811 10.3926 3.88428 -5.69252 -3.32684 3.03904 -10.2816 -3.60144 6.60801 1.7393 -4.78586 1.79276 -4.68588 -7.28702 -4.78443 0.137777 -1.29195 -0.752513 2.3034
88.91 2.90216 -10.1898 -2.30876 4.97612 1.29779 -4.52065 0.957422 -5.84455 -7.29094 -4.85639 0.00254938 -1.27931 -1.77311 2.12598 -8.67908 -7.1239 -2.96446 -2.29435 -0.472375 -0.860209 -6.56057 -4.78062 -8.87078 0.419394 4.9929 2.81838 -4.32593 -9.91014 1.90855 -11.308 -1.48069 10.1939 4.03885 -5.53865 -4.22668 3.31622 -10.5198 -3.30134 7.2426 2.02939 -5.25602 1.30019 -4.0281 -7.33419 -5.13207 0.420628 -1.21821 -0.774639 2.74199
88.96 2.86199 -10.4522 -1.42007 5.60179 1.60264 -4.97342 0.491753 -5.41316 -7.30471 -5.12413 0.458264 -1.23639 -1.96409 2.55385 -8.52945 -7.13812 -3.24883 -2.66898 -0.650386 -0.69088 -6.05275 -5.67996 -8.32588 0.279099 4.14205 2.34744 -4.10495 -9.88781 1.45856 -11.3134 -1.30402 9.78459 4.16332 -5.38753 -5.19827 3.48975 -10.7222 -3.02109 7.84389 2.29891 -5.65466 0.804134 -3.34074 -7.42046 -5.41296 0.68596 -1.11288 -0.818056 3.07707
89.01 2.69416 -10.6753 -0.5429 6.18563 1.87709 -5.3779 -0.0194631 -4.97895 -7.32225 -5.38319 0.927005 -1.1772 -2.14339 2.80412 -8.33465 -7.15679 -3.49445 -2.95514 -0.811538 -0.625645 -5.54458 -6.47344 -7.9121 -0.00857419 3.2311 1.89653 -3.83111 -9.75933 0.991295 -11.2991 -1.1201 9.25472 4.25088 -5.24057 -6.15106 3.57368 -10.8931 -2.75839 8.40232 2.55242 -5.97446 0.312704 -2.54385 -7.57809 -5.59815 0.939648 -0.955088 -0.891913 3.31137
89.06 2.52461 -10.8648 0.255972 6.71739 2.12746 -5.72863 -0.556427 -4.53938 -7.34703 -5.61933 1.40366 -1.10061 -2.3106 2.91758 -8.1009 -7.17746 -3.7023 -3.14268 -0.956447 -0.654757 -5.03102 -7.15904 -7.61869 -0.390599 2.3273 1.47704 -3.49874 -9.52997 0.500954 -11.2578 -0.921525 8.69843 4.29656 -5.09816 -7.01716 3.57903 -11.0343 -2.51186 8.91105 2.7929 -6.20611 -0.172743 -1.47677 -7.87035 -5.64433 1.18873 -0.704055 -1.01794 3.44245
89.11 2.39376 -11.0255 0.944379 7.1856 2.35835 -6.02525 -1.10805 -4.08447 -7.38423 -5.82111 1.89386 -1.00421 -2.46743 2.94167 -7.83037 -7.19843 -3.87597 -3.21915 -1.08486 -0.754116 -4.50257 -7.72413 -7.41928 -0.812264 1.46628 1.09531 -3.11396 -9.21008 -0.0266996 -11.1763 -0.704063 8.15775 4.29457 -4.96039 -7.76955 3.51143 -11.1451 -2.28114 9.36455 3.02213 -6.33302 -0.656887 -0.00110793 -8.35162 -5.49727 1.44256 -0.323622 -1.24334 3.45524
89.16 2.29381 -11.1611 1.52048 7.57647 2.57262 -6.26927 -1.67156 -3.59507 -7.44233 -5.97822 2.41262 -0.882861 -2.61816 2.91003 -7.52506 -7.21851 -4.02106 -3.17127 -1.19575 -0.897674 -3.94597 -8.15871 -7.28805 -1.23775 0.662927 0.753166 -2.69492 -8.81607 -0.618849 -11.0312 -0.469357 7.63758 4.23408 -4.82716 -8.40249 3.36879 -11.225 -2.06663 9.75599 3.24089 -6.34229 -1.15111 1.59426 -8.9076 -5.17156 1.70893 0.114959 -1.62395 3.32872
89.21 2.20809 -11.2746 1.99554 7.87138 2.77152 -6.46163 -2.25251 -3.03904 -7.53645 -6.07829 2.97591 -0.726479 -2.77053 2.83943 -7.1892 -7.23692 -4.1446 -2.99009 -1.28743 -1.06525 -3.34673 -8.4605 -7.20512 -1.64927 -0.0753167 0.448678 -2.26607 -8.36824 -1.32338 -10.7831 -0.226629 7.12526 4.09452 -4.69763 -8.9167 3.14887 -11.2778 -1.86881 10.0744 3.44907 -6.25291 -1.67627 2.9411 -9.40711 -4.76968 1.98898 0.516677 -2.15362 3.06937
89.26 2.12245 -11.3674 2.38422 8.04471 2.9547 -6.60055 -2.86471 -2.36473 -7.69449 -6.10199 3.59033 -0.516563 -2.93788 2.73279 -6.82948 -7.25332 -4.2549 -2.68124 -1.35797 -1.24391 -2.69329 -8.63604 -7.15681 -2.03906 -0.743676 0.177808 -1.85165 -7.88689 -2.20262 -10.3777 0.00555716 6.59723 3.84549 -4.56889 -9.31418 2.86055 -11.309 -1.68743 10.3004 3.64552 -6.10519 -2.26729 3.95926 -9.83436 -4.36621 2.28307 0.85954 -2.76941 2.71103
89.31 2.02441 -11.4398 2.70071 8.0657 3.12026 -6.67914 -3.52797 -1.50368 -7.96035 -6.01822 4.24654 -0.2249 -3.1434 2.58029 -6.45365 -7.26784 -4.36223 -2.27302 -1.40586 -1.42584 -1.9779 -8.69998 -7.13403 -2.40237 -1.33881 -0.0640859 -1.47358 -7.38909 -3.24869 -9.79924 0.194 6.01729 3.47351 -4.43373 -9.59656 2.522 -11.3235 -1.52077 10.3972 3.82777 -5.93271 -2.9693 4.67182 -10.2036 -3.9878 2.59508 1.15014 -3.40588 2.29143
89.36 1.89928 -11.4911 2.95749 7.91203 3.2649 -6.68488 -4.25849 -0.448659 -8.35848 -5.79471 4.92461 0.16346 -3.42208 2.35943 -6.06846 -7.28107 -4.48015 -1.80913 -1.43067 -1.60579 -1.19587 -8.67228 -7.1297 -2.73432 -1.85796 -0.281256 -1.15462 -6.88713 -4.30672 -9.14678 0.286585 5.33849 3.02183 -4.27972 -9.76457 2.15143 -11.3247 -1.36474 10.3083 3.99136 -5.75477 -3.80652 5.11772 -10.5276 -3.63889 2.92962 1.39951 -4.01815 1.84083
89.41 1.72868 -11.5208 3.1651 7.59732 3.38471 -6.60925 -5.05022 0.625889 -8.82203 -5.44422 5.60553 0.60344 -3.79853 2.04764 -5.67684 -7.29415 -4.62473 -1.32976 -1.43314 -1.77949 -0.366583 -8.5734 -7.13737 -3.03032 -2.29798 -0.477121 -0.919836 -6.38789 -5.25892 -8.55168 0.23125 4.53311 2.54971 -4.09197 -9.81926 1.76053 -11.3141 -1.21276 9.99756 4.12969 -5.58012 -4.74929 5.33619 -10.8154 -3.31668 3.28572 1.61761 -4.58111 1.3797
89.46 1.49752 -11.5295 3.33227 7.18117 3.47658 -6.46388 -5.86697 1.54163 -9.25959 -5.03317 6.27634 1.02993 -4.24932 1.64811 -5.27703 -7.30879 -4.80603 -0.857785 -1.41453 -1.94354 0.453075 -8.41957 -7.15205 -3.28761 -2.65441 -0.654139 -0.788086 -5.89265 -6.09803 -8.07862 0.0154827 3.63696 2.0892 -3.85641 -9.76274 1.35404 -11.2917 -1.05653 9.51807 4.23587 -5.41171 -5.71656 5.36471 -11.0734 -3.01706 3.65408 1.81227 -5.08292 0.919656
89.51 1.2026 -11.5179 3.46619 6.73344 3.53901 -6.27592 -6.66438 2.26647 -9.63999 -4.6197 6.92859 1.41741 -4.72012 1.18791 -4.86549 -7.32753 -5.01907 -0.396016 -1.37572 -2.0958 1.2074 -8.22052 -7.17042 -3.50593 -2.92058 -0.813818 -0.75972 -5.39748 -6.82969 -7.73336 -0.322404 2.72248 1.65546 -3.56341 -9.599 0.931128 -11.2546 -0.887471 8.97438 4.30535 -5.24999 -6.62356 5.23905 -11.306 -2.7367 4.02065 1.98917 -5.52025 0.46543
89.56 0.850196 -11.4842 3.57263 6.29817 3.57138 -6.07061 -7.41308 2.82461 -9.96489 -4.22967 7.55337 1.76623 -5.16569 0.696049 -4.43748 -7.35409 -5.24628 0.0669784 -1.31619 -2.23591 1.86575 -7.98066 -7.19024 -3.68757 -3.08691 -0.956763 -0.816043 -4.89427 -7.44393 -7.49406 -0.725192 1.83976 1.25708 -3.21318 -9.3361 0.485927 -11.197 -0.698987 8.43386 4.33527 -5.09465 -7.42537 4.99349 -11.5166 -2.47367 4.3719 2.15214 -5.89536 0.0165598
89.61 0.447271 -11.423 3.65607 5.89188 3.57233 -5.86346 -8.10048 3.2407 -10.2423 -3.86886 8.13995 2.08327 -5.56111 0.192074 -3.98386 -7.39427 -5.46532 0.550036 -1.2332 -2.36569 2.4165 -7.70256 -7.20991 -3.83691 -3.14102 -1.08272 -0.930633 -4.37155 -7.92855 -7.33355 -1.14818 1.01088 0.897927 -2.8186 -8.9883 0.00659591 -11.1077 -0.489047 7.91727 4.32158 -4.94537 -8.10857 4.66067 -11.7077 -2.22738 4.69689 2.30367 -6.21386 -0.43177
89.66 -0.00632473 -11.3244 3.71965 5.51513 3.53799 -5.66122 -8.72345 3.53273 -10.4797 -3.53482 8.67787 2.37515 -5.89593 -0.315445 -3.48637 -7.45767 -5.65384 1.07407 -1.12049 -2.48955 2.85721 -7.39008 -7.22834 -3.95984 -3.06979 -1.19063 -1.08012 -3.81542 -8.27784 -7.22896 -1.56646 0.245341 0.577621 -2.4017 -8.57514 -0.528122 -10.9673 -0.261971 7.42208 4.25584 -4.80181 -8.67181 4.27096 -11.8814 -1.99813 4.98636 2.44518 -6.48273 -0.889063
89.71 -0.524245 -11.1702 3.76492 5.16052 3.45998 -5.46479 -9.28267 3.71443 -10.6825 -3.22274 9.15779 2.64676 -6.16637 -0.828267 -2.91191 -7.56161 -5.78902 1.65571 -0.966062 -2.61543 3.18824 -7.04953 -7.2449 -4.06337 -2.86579 -1.27881 -1.24824 -3.21213 -8.49537 -7.16366 -1.96866 -0.451602 0.292875 -1.98641 -8.1179 -1.15533 -10.7437 -0.0286427 6.93612 4.12187 -4.66318 -9.11742 3.85161 -12.0391 -1.78641 5.23029 2.57727 -6.709 -1.37156
89.76 -1.1407 -10.9298 3.79091 4.81543 3.3224 -5.27119 -9.77923 3.79691 -10.8544 -2.92781 9.56978 2.90122 -6.36917 -1.35923 -2.20585 -7.73742 -5.84304 2.29885 -0.74862 -2.75709 3.40839 -6.68883 -7.25943 -4.15561 -2.53807 -1.34541 -1.42499 -2.55152 -8.59421 -7.12645 -2.34899 -1.07658 0.0391686 -1.59338 -7.63586 -1.92882 -10.3901 0.193235 6.44136 3.89416 -4.52713 -9.44928 3.42587 -12.1818 -1.59223 5.41397 2.69974 -6.89911 -1.90601
89.81 -1.91226 -10.5567 3.79134 4.46095 3.09992 -5.07353 -10.2121 3.78851 -10.9977 -2.64574 9.89909 3.1401 -6.49722 -1.9353 -1.30285 -8.03003 -5.77894 2.99062 -0.438737 -2.9389 3.51018 -6.31587 -7.27225 -4.24668 -2.11815 -1.38911 -1.60396 -1.82659 -8.59517 -7.11012 -2.70218 -1.62717 -0.188006 -1.2396 -7.14398 -2.87132 -9.87477 0.37524 5.91162 3.55219 -4.38781 -9.67201 3.01231 -12.3101 -1.41431 5.51119 2.81146 -7.05852 -2.53011
89.86 -2.87143 -10.0158 3.7474 4.0675 2.77116 -4.85889 -10.5749 3.69272 -11.1132 -2.37219 10.1183 3.36344 -6.53925 -2.59816 -0.228716 -8.44914 -5.56736 3.70904 -0.0307092 -3.19753 3.47671 -5.93634 -7.28419 -4.35027 -1.64962 -1.40969 -1.78011 -1.03535 -8.52242 -7.10938 -3.02201 -2.10104 -0.392483 -0.942499 -6.65208 -3.88012 -9.25464 0.471877 5.30912 3.11866 -4.23405 -9.7899 2.62299 -12.4243 -1.24921 5.47592 2.90989 -7.19161 -3.2742
89.91 -3.92098 -9.36159 3.61628 3.59059 2.35921 -4.6073 -10.853 3.50663 -11.203 -2.10128 10.1784 3.56939 -6.49166 -3.38542 0.817572 -8.91226 -5.23397 4.43417 0.41804 -3.55788 3.29367 -5.55103 -7.29657 -4.48272 -1.16942 -1.40801 -1.94887 -0.206069 -8.39728 -7.11923 -3.30292 -2.49513 -0.577181 -0.723332 -6.1646 -4.81735 -8.65493 0.430772 4.59421 2.65008 -4.0509 -9.80642 2.26131 -12.5243 -1.09086 5.25325 2.99068 -7.30161 -4.13308
89.96 -4.91689 -8.72517 3.33581 2.98432 1.9241 -4.29937 -11.0272 3.22661 -11.2706 -1.8249 10.0238 3.75377 -6.37207 -4.29616 1.68791 -9.33853 -4.84865 5.15353 0.845476 -3.99839 2.97238 -5.15592 -7.31135 -4.65433 -0.69609 -1.38529 -2.10659 0.600525 -8.23371 -7.13532 -3.54233 -2.80493 -0.744084 -0.601286 -5.68043 -5.6499 -8.15956 0.229312 3.76386 2.18622 -3.82343 -9.72458 1.92294 -12.6099 -0.931086 4.83774 3.04832 -7.39061 -5.05732
90.01 -5.82427 -8.19789 2.86638 2.24893 1.50674 -3.92693 -11.0818 2.85776 -11.3196 -1.5348 9.66255 3.91101 -6.20985 -5.2759 2.37067 -9.70683 -4.46376 5.86115 1.23101 -4.46808 2.54662 -4.74559 -7.33134 -4.86076 -0.2291 -1.34208 -2.25133 1.33319 -8.03745 -7.15469 -3.74106 -3.02363 -0.894294 -0.580579 -5.19354 -6.38744 -7.78874 -0.103787 2.87291 1.74591 -3.54041 -9.54741 1.59921 -12.6803 -0.760961 4.30807 3.07877 -7.45987 -5.96646
90.06 -6.65545 -7.80396 2.23076 1.44787 1.12297 -3.49639 -11.0104 2.41567 -11.3522 -1.22617 9.19084 4.03715 -6.02981 -6.23889 2.89294 -10.0213 -4.10103 6.55128 1.57676 -4.9219 2.05318 -4.3137 -7.36075 -5.08481 0.244666 -1.27738 -2.38338 1.96607 -7.80866 -7.17539 -3.90271 -3.14136 -1.02808 -0.646095 -4.69408 -7.02403 -7.52689 -0.512586 1.98694 1.33909 -3.19936 -9.28028 1.27992 -12.7342 -0.572805 3.75653 3.08115 -7.5103 -6.79446
90.11 -7.40888 -7.52785 1.4983 0.649166 0.777051 -3.02671 -10.8188 1.92136 -11.3688 -0.900191 8.70346 4.13126 -5.84707 -7.12422 3.27876 -10.2899 -3.76512 7.21489 1.89045 -5.33222 1.52152 -3.8494 -7.40626 -5.30337 0.744315 -1.18758 -2.50546 2.49028 -7.5461 -7.19601 -4.03277 -3.14563 -1.14489 -0.772524 -4.16946 -7.54314 -7.3481 -0.948657 1.14446 0.970737 -2.81021 -8.93384 0.954936 -12.769 -0.362598 3.2313 3.05659 -7.54282 -7.51128
90.16 -8.07138 -7.34172 0.739603 -0.108439 0.467963 -2.5434 -10.5228 1.39451 -11.3669 -0.564148 8.24323 4.19354 -5.66889 -7.91045 3.54559 -10.5196 -3.45405 7.84155 2.17944 -5.68506 0.972459 -3.33174 -7.47931 -5.49187 1.28938 -1.06505 -2.62315 2.90457 -7.25064 -7.21555 -4.13789 -3.02454 -1.24348 -0.935887 -3.60575 -7.93173 -7.22873 -1.38368 0.362755 0.641465 -2.39305 -8.52441 0.614286 -12.7809 -0.131645 2.74533 3.00619 -7.5582 -8.10839
90.21 -8.62526 -7.2198 -0.000271466 -0.806827 0.192043 -2.07073 -10.1439 0.847378 -11.3408 -0.229147 7.81772 4.22298 -5.49786 -8.5945 3.70674 -10.7156 -3.16421 8.42202 2.44927 -5.97331 0.419244 -2.72295 -7.60067 -5.62384 1.8926 -0.895429 -2.746 3.20936 -6.92655 -7.23336 -4.22569 -2.77501 -1.32209 -1.11911 -2.99073 -8.18602 -7.15084 -1.80517 -0.350073 0.348618 -1.97111 -8.07127 0.246333 -12.763 0.113749 2.2966 2.92959 -7.55664 -8.58512
90.26 -9.04788 -7.14245 -0.705617 -1.43799 -0.0552355 -1.62683 -9.70477 0.279848 -11.2792 0.0931261 7.41842 4.21534 -5.33408 -9.17585 3.77251 -10.8812 -2.89235 8.94881 2.70374 -6.19059 -0.132045 -1.9628 -7.80686 -5.66635 2.55205 -0.654268 -2.89061 3.40222 -6.58068 -7.24921 -4.305 -2.41326 -1.37901 -1.31195 -2.31624 -8.31264 -7.1018 -2.20833 -0.989684 0.0879153 -1.56406 -7.59277 -0.167008 -12.7041 0.364393 1.87885 2.82369 -7.53717 -8.94376
90.31 -9.31163 -7.09588 -1.38363 -1.99904 -0.278188 -1.22263 -9.22584 -0.325103 -11.1622 0.392551 7.029 4.16106 -5.1765 -9.65024 3.74957 -11.0181 -2.63629 9.41502 2.94518 -6.32694 -0.683423 -0.997506 -8.14069 -5.57913 3.25087 -0.313838 -3.08562 3.47285 -6.22047 -7.26332 -4.38712 -1.97585 -1.4133 -1.50852 -1.57602 -8.3281 -7.07311 -2.58991 -1.55337 -0.145163 -1.18519 -7.1036 -0.65986 -12.5839 0.610712 1.48592 2.68058 -7.49667 -9.18868
90.36 -9.3902 -7.07085 -2.05403 -2.48977 -0.480442 -0.863401 -8.7241 -1.00734 -10.9563 0.660668 6.62824 4.04193 -5.02326 -10.0084 3.63931 -11.1275 -2.39491 9.81188 3.17471 -6.37092 -1.24744 0.0902427 -8.5847 -5.34319 3.96746 0.113446 -3.36843 3.40278 -5.85117 -7.27644 -4.48719 -1.50506 -1.42521 -1.70461 -0.77353 -8.25587 -7.05949 -2.94512 -2.03874 -0.354575 -0.841747 -6.61356 -1.30123 -12.3641 0.844305 1.11277 2.48299 -7.42766 -9.32568
90.41 -9.27581 -7.06165 -2.73424 -2.91136 -0.664822 -0.551278 -8.21265 -1.83151 -10.6098 0.888169 6.19127 3.82843 -4.87107 -10.2385 3.44025 -11.212 -2.16762 10.1247 3.39237 -6.32454 -1.85143 1.08716 -9.04263 -5.00252 4.68445 0.559322 -3.75177 3.18398 -5.47302 -7.28991 -4.62116 -1.03188 -1.41584 -1.89619 0.0505729 -8.12067 -7.05833 -3.26746 -2.44272 -0.543393 -0.536733 -6.12694 -2.21724 -11.9763 1.05787 0.754718 2.19876 -7.31285 -9.35903
90.46 -9.00422 -7.06503 -3.42043 -3.26584 -0.83341 -0.288431 -7.70093 -2.83718 -10.0811 1.05813 5.68962 3.49348 -4.71322 -10.3326 3.15715 -11.2754 -1.95344 10.3255 3.59692 -6.21108 -2.53875 1.89297 -9.45245 -4.62655 5.39167 0.973802 -4.20091 2.83784 -5.08248 -7.30576 -4.79558 -0.568228 -1.3864 -2.07901 0.834162 -7.94088 -7.06922 -3.54996 -2.76062 -0.713733 -0.271177 -5.64245 -3.49799 -11.3629 1.24259 0.405842 1.80448 -7.11566 -9.28518
90.51 -8.65338 -7.07857 -4.08036 -3.55576 -0.98767 -0.0816008 -7.19493 -3.91889 -9.42648 1.13602 5.08848 3.05848 -4.53748 -10.2945 2.80468 -11.3212 -1.74964 10.3634 3.78533 -6.0603 -3.3485 2.51703 -9.80441 -4.25786 6.08327 1.34569 -4.66387 2.4035 -4.67515 -7.32701 -5.00188 -0.1091 -1.3372 -2.24919 1.53352 -7.72295 -7.09139 -3.7871 -2.98518 -0.866783 -0.0468696 -5.154 -4.92245 -10.6143 1.38299 0.0606959 1.35767 -6.7879 -9.09373
90.56 -8.29485 -7.09906 -4.67392 -3.78356 -1.12859 0.0544651 -6.69745 -4.92174 -8.78526 1.07433 4.35472 2.58621 -4.32808 -10.1408 2.4006 -11.3518 -1.55087 10.1802 3.95222 -5.89454 -4.27833 2.98785 -10.1049 -3.91201 6.75228 1.67982 -5.10099 1.91855 -4.24501 -7.35807 -5.22078 0.360578 -1.26684 -2.40436 2.12903 -7.46494 -7.12127 -3.97735 -3.10607 -1.00284 0.130868 -4.65179 -6.19835 -9.87972 1.45405 -0.282811 0.939751 -6.31698 -8.7879
90.61 -7.95697 -7.12332 -5.17724 -3.9506 -1.25678 0.102378 -6.2081 -5.81386 -8.25219 0.847429 3.49921 2.11974 -4.07017 -9.89168 1.95954 -11.3677 -1.34956 9.78294 4.09059 -5.72647 -5.27038 3.32809 -10.362 -3.59133 7.38981 1.98403 -5.48998 1.41055 -3.78044 -7.406 -5.42923 0.860313 -1.17126 -2.54518 2.61512 -7.16674 -7.15455 -4.12428 -3.11044 -1.12132 0.252138 -4.12321 -7.24737 -9.22965 1.42506 -0.626858 0.577851 -5.74039 -8.39189
90.66 -7.63452 -7.14921 -5.58599 -4.05594 -1.37249 0.0564039 -5.72327 -6.61023 -7.85249 0.481383 2.59177 1.67845 -3.75359 -9.56201 1.49082 -11.3677 -1.13744 9.2709 4.19485 -5.56182 -6.23507 3.55457 -10.582 -3.29346 7.98762 2.26512 -5.82027 0.896467 -3.25881 -7.48295 -5.60356 1.40901 -1.04216 -2.6764 2.99206 -6.83457 -7.18829 -4.23515 -2.98662 -1.22087 0.30493 -3.55433 -8.08566 -8.69139 1.27358 -0.976566 0.270144 -5.11392 -7.93762
90.71 -7.31128 -7.17541 -5.90739 -4.09515 -1.4756 -0.0696347 -5.23583 -7.30816 -7.57139 0.0362024 1.69988 1.27221 -3.37805 -9.16232 0.997933 -11.3477 -0.907815 8.73982 4.26194 -5.40261 -7.10929 3.68044 -10.7696 -3.01515 8.5396 2.52813 -6.08641 0.384735 -2.63988 -7.61113 -5.71787 2.01783 -0.864187 -2.8081 3.26088 -6.47881 -7.22096 -4.31918 -2.73254 -1.29962 0.281944 -2.93309 -8.74377 -8.27162 1.00386 -1.33632 0.00743852 -4.48604 -7.45325
90.76 -6.97324 -7.20108 -6.15321 -4.0593 -1.5655 -0.249691 -4.73493 -7.89462 -7.38132 -0.432443 0.857646 0.905533 -2.95639 -8.70381 0.477785 -11.2993 -0.658379 8.23081 4.28896 -5.24916 -7.87064 3.71591 -10.9278 -2.7538 9.04125 2.7765 -6.28241 -0.122912 -1.86136 -7.82882 -5.73896 2.68275 -0.611825 -2.95845 3.41896 -6.11017 -7.25215 -4.38708 -2.36592 -1.3557 0.187193 -2.25143 -9.24774 -7.96013 0.648588 -1.70197 -0.219892 -3.89041 -6.95881
90.81 -6.61319 -7.22575 -6.33603 -3.93495 -1.64097 -0.457948 -4.20633 -8.35892 -7.25656 -0.890795 0.0797417 0.578411 -2.51137 -8.20086 -0.0819725 -11.2074 -0.392966 7.74934 4.26982 -5.10107 -8.51619 3.66723 -11.0579 -2.50795 9.48795 3.01237 -6.39802 -0.630733 -0.876797 -8.1763 -5.62717 3.38541 -0.259093 -3.15837 3.45522 -5.73681 -7.28222 -4.45191 -1.92374 -1.38801 0.0356936 -1.50328 -9.61589 -7.73682 0.250576 -2.05741 -0.419735 -3.34748 -6.46605
90.86 -6.23043 -7.24936 -6.46747 -3.70686 -1.70006 -0.675851 -3.63485 -8.6968 -7.17759 -1.32427 -0.625739 0.287689 -2.06797 -7.66933 -0.709258 -11.0455 -0.121362 7.28542 4.19165 -4.95751 -9.04821 3.53502 -11.1612 -2.27713 9.87288 3.23682 -6.42237 -1.15006 0.209505 -8.62489 -5.36932 4.10368 0.174126 -3.44523 3.35135 -5.36184 -7.31214 -4.53029 -1.44654 -1.39649 -0.153056 -0.695259 -9.85946 -7.57998 -0.155395 -2.37978 -0.597705 -2.86717 -5.97968
90.91 -5.82818 -7.27238 -6.55742 -3.36665 -1.74015 -0.892861 -3.01138 -8.91123 -7.13088 -1.72893 -1.25273 0.0288703 -1.64718 -7.12334 -1.45605 -10.7693 0.141842 6.82121 4.03081 -4.81679 -9.46962 3.3175 -11.2401 -2.06135 10.1842 3.44994 -6.3597 -1.70289 1.18711 -9.07693 -5.0155 4.82017 0.618025 -3.82671 3.10246 -4.98138 -7.34349 -4.63849 -0.961814 -1.38176 -0.361712 0.127398 -9.98466 -7.47106 -0.548714 -2.64636 -0.757318 -2.45139 -5.49827
90.96 -5.41044 -7.29602 -6.61359 -2.92562 -1.75836 -1.10413 -2.34341 -9.01235 -7.10776 -2.10435 -1.79535 -0.202507 -1.26463 -6.57272 -2.38315 -10.3243 0.375905 6.33068 3.75578 -4.67497 -9.78304 3.02018 -11.2986 -1.86032 10.3998 3.65071 -6.23476 -2.32653 1.97281 -9.47789 -4.63373 5.52466 1.02776 -4.26417 2.73313 -4.58661 -7.37886 -4.78208 -0.477158 -1.34412 -0.578396 0.903015 -9.99526 -7.39586 -0.920748 -2.83723 -0.900422 -2.0969 -5.01484
91.01 -4.97915 -7.32243 -6.6412 -2.41659 -1.75206 -1.30769 -1.65787 -9.01607 -7.10256 -2.44945 -2.24634 -0.410108 -0.933827 -6.02171 -3.45528 -9.71297 0.546897 5.77515 3.36181 -4.52349 -9.98991 2.65913 -11.3399 -1.67236 10.4787 3.8366 -6.07674 -3.06581 2.58058 -9.82127 -4.26304 6.21072 1.39505 -4.7064 2.28314 -4.16649 -7.42257 -4.95117 0.016335 -1.28238 -0.797123 1.59051 -9.8949 -7.34412 -1.27046 -2.93449 -1.02759 -1.79799 -4.51803
91.06 -4.53186 -7.35521 -6.64251 -1.87473 -1.719 -1.50244 -0.988487 -8.94113 -7.11027 -2.76167 -2.59563 -0.596494 -0.671729 -5.46835 -4.50476 -9.05372 0.60391 5.107 2.90158 -4.34897 -10.0904 2.25342 -11.3658 -1.49345 10.361 4.00285 -5.9068 -3.93763 3.03792 -10.114 -3.9169 6.8709 1.72542 -5.11613 1.78936 -3.70623 -7.48198 -5.12507 0.53606 -1.19258 -1.01702 2.17163 -9.6886 -7.3086 -1.60081 -2.92178 -1.13838 -1.5483 -3.99383
91.11 -4.05928 -7.40024 -6.61613 -1.31741 -1.65628 -1.6877 -0.361223 -8.80494 -7.12596 -3.03855 -2.82939 -0.763033 -0.499203 -4.90404 -5.44122 -8.47067 0.501973 4.30596 2.43071 -4.13662 -10.0847 1.81747 -11.3768 -1.31705 10.0199 4.14251 -5.73654 -4.90327 3.36587 -10.3636 -3.59676 7.49652 2.02663 -5.47257 1.27833 -3.18191 -7.57021 -5.27779 1.0998 -1.06619 -1.24171 2.64037 -9.38367 -7.2843 -1.91652 -2.78737 -1.23163 -1.3418 -3.42797
91.16 -3.54141 -7.4676 -6.55549 -0.740557 -1.55817 -1.86399 0.208823 -8.62016 -7.14595 -3.27937 -2.92994 -0.909909 -0.430479 -4.31326 -6.27023 -8.01602 0.240443 3.41916 1.97643 -3.87345 -9.97424 1.35902 -11.3711 -1.13511 9.52461 4.24867 -5.57097 -5.8771 3.5795 -10.5761 -3.29988 8.07995 2.30522 -5.76463 0.766016 -2.55269 -7.71121 -5.37921 1.71704 -0.887157 -1.47992 2.99461 -8.98994 -7.26778 -2.22312 -2.53251 -1.30583 -1.17326 -2.8092
91.21 -2.94051 -7.57587 -6.44583 -0.126774 -1.41268 -2.03463 0.712985 -8.39379 -7.16782 -3.48593 -2.87878 -1.03621 -0.461167 -3.67442 -6.99633 -7.68838 -0.133668 2.52014 1.55177 -3.55225 -9.7626 0.87908 -11.3444 -0.939748 8.98031 4.31662 -5.4116 -6.77959 3.6895 -10.7554 -3.0229 8.61563 2.56599 -5.98361 0.259661 -1.75754 -7.94501 -5.39208 2.38212 -0.629343 -1.74836 3.22982 -8.51973 -7.25674 -2.52716 -2.17992 -1.35978 -1.03828 -2.13028
91.26 -2.19006 -7.76015 -6.25828 0.541091 -1.19624 -2.20857 1.14297 -8.12912 -7.18996 -3.66299 -2.6674 -1.14019 -0.569763 -2.96364 -7.60851 -7.4634 -0.561441 1.65464 1.16394 -3.17678 -9.45844 0.371476 -11.2879 -0.725653 8.446 4.34249 -5.25845 -7.5735 3.70185 -10.9036 -2.76318 9.09924 2.81215 -6.11842 -0.240425 -0.762987 -8.30834 -5.27628 3.07672 -0.26981 -2.07627 3.33347 -7.98692 -7.24972 -2.83761 -1.77043 -1.3933 -0.933139 -1.38542
91.31 -1.20478 -8.07345 -5.94389 1.26354 -0.873307 -2.4061 1.48357 -7.82905 -7.21118 -3.81913 -2.31537 -1.22007 -0.729562 -2.16119 -8.09472 -7.31387 -1.00041 0.842259 0.815515 -2.76303 -9.07693 -0.179634 -11.1859 -0.492658 7.93601 4.31959 -5.11095 -8.24951 3.61691 -11.0228 -2.51922 9.526 3.04564 -6.15976 -0.740249 0.304659 -8.76248 -5.02451 3.78005 0.163827 -2.49712 3.2872 -7.40426 -7.24596 -3.16716 -1.34705 -1.40748 -0.85452 -0.584263
91.36 -0.0189791 -8.52395 -5.45494 2.01788 -0.43747 -2.6642 1.70493 -7.49764 -7.23064 -3.96852 -1.87584 -1.27519 -0.918346 -1.26483 -8.44893 -7.21775 -1.42868 0.0917845 0.50514 -2.33432 -8.63798 -0.805738 -11.0108 -0.247188 7.44306 4.23439 -4.96815 -8.80769 3.43356 -11.1163 -2.29042 9.88865 3.26736 -6.11495 -1.25323 1.24362 -9.21169 -4.68894 4.47665 0.601622 -3.01286 3.08792 -6.78128 -7.24543 -3.5275 -0.940876 -1.40423 -0.799391 0.224798
91.41 1.11195 -9.00963 -4.81018 2.77094 0.0400955 -3.0172 1.77035 -7.13805 -7.24791 -4.13098 -1.41027 -1.30674 -1.12122 -0.321088 -8.67308 -7.15937 -1.83754 -0.592091 0.229017 -1.91425 -8.16193 -1.56142 -10.717 -0.00254058 6.94935 4.06239 -4.82821 -9.25019 3.15884 -11.1883 -2.07657 10.1748 3.47716 -6.00959 -1.80378 1.9878 -9.60809 -4.33092 5.16062 1.00323 -3.58276 2.76099 -6.12899 -7.24906 -3.91829 -0.566423 -1.38544 -0.765007 0.982054
91.46 2.00304 -9.44695 -4.07811 3.49916 0.489486 -3.45841 1.66542 -6.75218 -7.26294 -4.32406 -0.955502 -1.31729 -1.32911 0.585773 -8.7774 -7.12843 -2.22336 -1.20673 -0.0175179 -1.52283 -7.66534 -2.50245 -10.2523 0.219154 6.42756 3.77306 -4.6869 -9.57928 2.81125 -11.2426 -1.87714 10.3611 3.67375 -5.87142 -2.43128 2.55617 -9.94693 -3.98336 5.83288 1.36234 -4.15623 2.34573 -5.46423 -7.25938 -4.32333 -0.225695 -1.35197 -0.749139 1.65019
91.51 2.60113 -9.82086 -3.29651 4.19569 0.888742 -3.94624 1.40801 -6.34405 -7.27619 -4.55291 -0.515849 -1.30952 -1.53621 1.38524 -8.77932 -7.11801 -2.58247 -1.75008 -0.238908 -1.17809 -7.15949 -3.57454 -9.63163 0.38029 5.83741 3.36794 -4.53545 -9.79649 2.41418 -11.2814 -1.69031 10.4045 3.85421 -5.71995 -3.17936 2.97761 -10.2351 -3.65712 6.49244 1.68505 -4.69543 1.87896 -4.80281 -7.28132 -4.71745 0.0851633 -1.30265 -0.750483 2.21423
91.56 2.88405 -10.1384 -2.46305 4.86103 1.23976 -4.43594 1.03347 -5.92084 -7.28868 -4.8091 -0.07681 -1.28528 -1.73804 2.02999 -8.70009 -7.1221 -2.90988 -2.21904 -0.438824 -0.900724 -6.65105 -4.60846 -8.98 0.426978 5.13245 2.90295 -4.36061 -9.90276 1.98684 -11.3054 -1.512 10.246 4.01331 -5.56591 -4.05895 3.27492 -10.4802 -3.35323 7.13178 1.97942 -5.17733 1.38846 -4.14594 -7.32355 -5.07436 0.371732 -1.23325 -0.769296 2.67161
91.61 2.88315 -10.4085 -1.57955 5.49322 1.55081 -4.89609 0.578674 -5.49017 -7.30207 -5.07665 0.375989 -1.2452 -1.93091 2.49145 -8.55966 -7.13518 -3.20104 -2.60852 -0.619968 -0.713451 -6.14308 -5.52791 -8.41346 0.315959 4.30016 2.43022 -4.14784 -9.89965 1.53986 -11.3137 -1.33576 9.86954 4.1437 -5.41414 -5.0241 3.46579 -10.6886 -3.06962 7.73977 2.25222 -5.58928 0.892221 -3.46793 -7.40112 -5.36902 0.639763 -1.13466 -0.808471 3.02485
91.66 2.72665 -10.6382 -0.694858 6.08522 1.83016 -5.30977 0.0738584 -5.05646 -7.31871 -5.33839 0.842958 -1.18896 -2.11237 2.77102 -8.37227 -7.15326 -3.45356 -2.9111 -0.784051 -0.629816 -5.63522 -6.33981 -7.97629 0.0512751 3.39424 1.97474 -3.8841 -9.78977 1.07588 -11.3033 -1.15372 9.35301 4.23823 -5.2664 -5.98649 3.56476 -10.8649 -2.80393 8.3064 2.50832 -5.92364 0.399689 -2.69958 -7.54251 -5.57383 0.895063 -0.988504 -0.875828 3.27703
91.71 2.55216 -10.8334 0.121453 6.62705 2.08444 -5.67019 -0.459578 -4.61835 -7.34189 -5.57951 1.31816 -1.1156 -2.28168 2.90517 -8.14523 -7.17371 -3.66794 -3.11704 -0.931844 -0.643652 -5.12318 -7.04545 -7.66323 -0.318339 2.48568 1.54906 -3.56208 -9.5778 0.590412 -11.2676 -0.958191 8.79687 4.29171 -5.12316 -6.87096 3.58348 -11.0114 -2.55458 8.82439 2.75096 -6.17197 -0.0866522 -1.69586 -7.80475 -5.64886 1.14435 -0.757957 -0.990009 3.42713
91.76 2.41431 -10.9988 0.830272 7.10748 2.31853 -5.97636 -1.00903 -4.16727 -7.37639 -5.78816 1.80502 -1.023 -2.44013 2.94219 -7.88114 -7.19474 -3.84733 -3.21426 -1.06325 -0.732503 -4.59826 -7.6329 -7.44911 -0.736185 1.61559 1.16035 -3.1856 -9.27298 0.0709267 -11.1946 -0.744168 8.25232 4.29879 -4.98457 -7.64435 3.52881 -11.1277 -2.32103 9.28815 2.9821 -6.31896 -0.570411 -0.28713 -8.25483 -5.53866 1.39661 -0.399267 -1.19305 3.46273
91.81 2.3101 -11.1387 1.42574 7.5133 2.53563 -6.22962 -1.57026 -3.68591 -7.42991 -5.95402 2.31743 -0.906645 -2.59149 2.91879 -7.58179 -7.21504 -3.99703 -3.18941 -1.17737 -0.869887 -4.04775 -8.09113 -7.30739 -1.16271 0.801312 0.811213 -2.77095 -8.89074 -0.506939 -11.0632 -0.512089 7.72907 4.24988 -4.85056 -8.29858 3.39988 -11.213 -2.10359 9.69127 3.20271 -6.34888 -1.06164 1.32251 -8.811 -5.23818 1.66049 0.0379915 -1.54403 3.36165
91.86 2.22297 -11.2559 1.91774 7.82695 2.73724 -6.4312 -2.14733 -3.14486 -7.51605 -6.06538 2.87191 -0.757556 -2.7428 2.85455 -7.25094 -7.23379 -4.12383 -3.03211 -1.27261 -1.03433 -3.45708 -8.41633 -7.21703 -1.57747 0.0510778 0.50028 -2.342 -8.45095 -1.1869 -10.8372 -0.269739 7.21677 4.12644 -4.7205 -8.83378 3.19344 -11.2701 -1.90279 10.0238 3.41283 -6.27426 -1.5792 2.72541 -9.3238 -4.84268 1.93817 0.449472 -2.05097 3.1239
91.91 2.13823 -11.3524 2.32072 8.02411 2.92331 -6.57996 -2.75262 -2.49642 -7.65988 -6.10458 3.47744 -0.559012 -2.90614 2.75467 -6.8949 -7.25055 -4.23581 -2.74458 -1.34704 -1.21169 -2.81392 -8.61347 -7.16332 -1.97149 -0.629995 0.223765 -1.92336 -7.97419 -2.03162 -10.4633 -0.0337735 6.69378 3.89905 -4.59199 -9.25189 2.91611 -11.3048 -1.71856 10.2682 3.6115 -6.13407 -2.15526 3.80145 -9.763 -4.43654 2.22957 0.802645 -2.65665 2.78031
91.96 2.04336 -11.4285 2.64908 8.0744 3.09221 -6.67008 -3.40529 -1.67298 -7.90316 -6.04267 4.12753 -0.284037 -3.10258 2.61165 -6.52138 -7.26537 -4.34279 -2.35107 -1.39903 -1.39347 -2.11007 -8.69592 -7.13654 -2.33986 -1.23837 -0.022955 -1.53724 -7.47828 -3.05615 -9.91182 0.165774 6.12636 3.54747 -4.45875 -9.55468 2.58506 -11.322 -1.5495 10.3918 3.79654 -5.96419 -2.83456 4.56566 -10.1415 -4.05297 2.53799 1.10175 -3.29338 2.36912
92.01 1.92433 -11.4836 2.91566 7.95223 3.24086 -6.68976 -4.12339 -0.644889 -8.27969 -5.8451 4.80324 0.0884311 -3.36554 2.40495 -6.1375 -7.27877 -4.45766 -1.8938 -1.42792 -1.5741 -1.33965 -8.68297 -7.12943 -2.67775 -1.77125 -0.244248 -1.20595 -6.97639 -4.12475 -9.26178 0.279731 5.46843 3.10509 -4.30917 -9.743 2.21911 -11.3253 -1.392 10.3402 3.96389 -5.78635 -3.64815 5.0561 -10.4728 -3.69892 2.86836 1.35767 -3.91227 1.92226
92.06 1.76317 -11.517 3.13133 7.66289 3.36536 -6.62845 -4.90614 0.443285 -8.73956 -5.51317 5.48479 0.524696 -3.72473 2.11008 -5.74704 -7.29177 -4.59643 -1.41492 -1.43428 -1.7492 -0.51537 -8.5954 -7.13537 -2.98042 -2.22563 -0.443698 -0.954439 -6.47642 -5.09813 -8.64957 0.253224 4.68502 2.63349 -4.12851 -9.81774 1.8313 -11.3168 -1.23987 10.068 4.10724 -5.61079 -4.57693 5.31225 -10.7665 -3.37226 3.22109 1.5807 -4.48517 1.46192
92.11 1.5434 -11.5294 3.30514 7.25932 3.46236 -6.49371 -5.72187 1.39301 -9.18567 -5.10772 6.15809 0.956645 -4.16602 1.72457 -5.34894 -7.30597 -4.77109 -0.94089 -1.41933 -1.91517 0.310684 -8.45045 -7.14909 -3.24469 -2.59735 -0.623933 -0.80369 -5.98061 -5.95646 -8.1531 0.0644088 3.79979 2.16953 -3.90236 -9.7808 1.4275 -11.2966 -1.08504 9.61093 4.21956 -5.44119 -5.54682 5.37192 -11.0294 -3.0689 3.58823 1.77907 -4.99832 1.00117
92.16 1.25954 -11.5215 3.44451 6.81306 3.53008 -6.31125 -6.52543 2.15047 -9.57655 -4.69196 6.81423 1.35144 -4.63715 1.27287 -4.93977 -7.32375 -4.9795 -0.477832 -1.3841 -2.0696 1.0796 -8.25901 -7.16699 -3.46985 -2.88019 -0.786629 -0.757857 -5.48591 -6.70766 -7.78627 -0.255927 2.8839 1.73025 -3.61992 -9.6357 1.00779 -11.2625 -0.918836 9.07211 4.29579 -5.27829 -6.46908 5.27115 -11.2663 -2.78529 3.95617 1.95879 -5.44708 0.545809
92.21 0.916758 -11.492 3.55548 6.37372 3.56786 -6.1076 -7.28412 2.73627 -9.91077 -4.29696 7.44465 1.70668 -5.08958 0.784891 -4.51518 -7.34857 -5.20578 -0.0162956 -1.32838 -2.21181 1.75628 -8.02623 -7.18668 -3.65775 -3.06513 -0.932546 -0.800992 -4.98489 -7.3438 -7.53014 -0.651017 1.99333 1.32516 -3.27928 -9.38959 0.567225 -11.2092 -0.734122 8.52848 4.33298 -5.12184 -7.2912 5.04449 -11.4806 -2.51925 4.31103 2.12403 -5.83293 0.0962161
92.26 0.522546 -11.4363 3.64275 5.96191 3.57459 -5.90007 -7.98283 3.17616 -10.1961 -3.931 8.03883 2.02885 -5.49499 0.282139 -4.06712 -7.38576 -5.42794 0.461652 -1.2499 -2.34319 2.32652 -7.75472 -7.20648 -3.81244 -3.14021 -1.06158 -0.907102 -4.46661 -7.85215 -7.35745 -1.07275 1.15396 0.958949 -2.89116 -9.05559 0.0951838 -11.1266 -0.527877 8.00741 4.3275 -4.97151 -7.99578 4.7249 -11.675 -2.26999 4.64139 2.27746 -6.16102 -0.351665
92.31 0.0784942 -11.3454 3.7097 5.58028 3.54698 -5.69675 -8.61728 3.48918 -10.4401 -3.59252 8.58612 2.3248 -5.84098 -0.224913 -3.57935 -7.44406 -5.6235 0.976951 -1.14316 -2.46765 2.78681 -7.44796 -7.22519 -3.93959 -3.09212 -1.17281 -1.05178 -3.91749 -8.22554 -7.24431 -1.49298 0.376694 0.631908 -2.47644 -8.6525 -0.427514 -10.9973 -0.303238 7.50911 4.27194 -4.82697 -8.58026 4.34322 -11.8517 -2.03766 4.93785 2.42069 -6.43819 -0.806411
92.36 -0.426165 -11.2029 3.7582 5.22251 3.47764 -5.49941 -9.18774 3.68964 -10.6487 -3.2769 9.07703 2.59974 -6.12306 -0.736199 -3.02189 -7.53899 -5.76998 1.54758 -0.997397 -2.59237 3.13735 -7.11185 -7.24211 -4.04602 -2.9117 -1.26465 -1.21746 -3.32347 -8.46583 -7.17297 -1.89854 -0.332746 0.341148 -2.05923 -8.20159 -1.03465 -10.7915 -0.069944 7.02265 4.15174 -4.68756 -9.04656 3.92732 -12.0122 -1.8228 5.19076 2.55445 -6.67155 -1.28282
92.41 -1.02146 -10.9808 3.78787 4.87688 3.35226 -5.30568 -9.69543 3.78907 -10.826 -2.97924 9.50197 2.85709 -6.33827 -1.26242 -2.34427 -7.69891 -5.8409 2.18026 -0.793227 -2.72982 3.37753 -6.75414 -7.25698 -4.13961 -2.60432 -1.33521 -1.39321 -2.67361 -8.58445 -7.13138 -2.28312 -0.970724 0.0822593 -1.66092 -7.72273 -1.77823 -10.4647 0.15565 6.53108 3.94279 -4.55135 -9.39833 3.50122 -12.1575 -1.62554 5.38663 2.67868 -6.86766 -1.8055
92.46 -1.761 -10.635 3.79372 4.52585 3.14699 -5.10948 -10.1399 3.79641 -10.9742 -2.69518 9.8475 3.0987 -6.48039 -1.82775 -1.47938 -7.96778 -5.80074 2.8649 -0.501688 -2.90207 3.50137 -6.38284 -7.27006 -4.23001 -2.19771 -1.38303 -1.57218 -1.96059 -8.60109 -7.11174 -2.64158 -1.53472 -0.149333 -1.29896 -7.23174 -2.69399 -9.97734 0.34755 6.00999 3.62117 -4.41328 -9.64015 3.08439 -12.2883 -1.4449 5.50197 2.79245 -7.03218 -2.41078
92.51 -2.68931 -10.1235 3.76 4.14216 2.83724 -4.89915 -10.516 3.71622 -11.0946 -2.42048 10.0892 3.32488 -6.53848 -2.47183 -0.424641 -8.36813 -5.61562 3.5802 -0.108592 -3.14426 3.49343 -6.00426 -7.28207 -4.33018 -1.73472 -1.40769 -1.74918 -1.18038 -8.53973 -7.1086 -2.9678 -2.02244 -0.357608 -0.990326 -6.73936 -3.70309 -9.36703 0.463394 5.42363 3.19998 -4.26312 -9.77643 2.69024 -12.405 -1.27789 5.49453 2.89351 -7.16969 -3.13264
92.56 -3.7352 -9.48048 3.64872 3.68388 2.43592 -4.65574 -10.8106 3.54659 -11.1888 -2.14965 10.1821 3.53416 -6.50618 -3.23556 0.642295 -8.83111 -5.29914 4.30529 0.338515 -3.48663 3.33709 -5.62017 -7.29426 -4.45641 -1.25464 -1.40988 -1.91956 -0.353852 -8.42265 -7.11691 -3.25594 -2.431 -0.545655 -0.755661 -6.25102 -4.65841 -8.75549 0.449845 4.73064 2.73392 -4.08634 -9.81076 2.32378 -12.5076 -1.11889 5.30803 2.97783 -7.28361 -3.97344
92.61 -4.74637 -8.8321 3.39912 3.10267 2.00099 -4.35885 -11.0046 3.28325 -11.26 -1.87489 10.0681 3.72278 -6.39732 -4.12677 1.54736 -9.26683 -4.91824 5.02622 0.772315 -3.91633 3.03832 -5.2272 -7.30844 -4.62091 -0.779646 -1.39083 -2.07944 0.461254 -8.26529 -7.13215 -3.50276 -2.75623 -0.71562 -0.615444 -5.76657 -5.50884 -8.23855 0.276212 3.91818 2.26743 -3.86774 -9.74622 1.98181 -12.5958 -0.960027 4.92306 3.03998 -7.37625 -4.89152
92.66 -5.66861 -8.28197 2.9636 2.38691 1.57881 -3.99784 -11.0812 2.92932 -11.3121 -1.58772 9.73829 3.88523 -6.24061 -5.10032 2.2617 -9.64544 -4.53096 5.73628 1.1655 -4.38458 2.62834 -4.81998 -7.32724 -4.82212 -0.312223 -1.35129 -2.22654 1.20963 -8.07472 -7.1511 -3.70853 -2.99177 -0.868758 -0.577314 -5.28079 -6.26314 -7.84607 -0.0373054 3.0327 1.82204 -3.59511 -9.58573 1.6562 -12.669 -0.792372 4.4061 3.07542 -7.44894 -5.80919
92.71 -6.51293 -7.86472 2.35322 1.59185 1.18854 -3.57655 -11.0322 2.4988 -11.3476 -1.28249 9.27798 4.01705 -6.06237 -6.07203 2.81056 -9.96887 -4.16363 6.43009 1.51781 -4.84373 2.14452 -4.39253 -7.35457 -5.04464 0.159039 -1.29058 -2.36072 1.86126 -7.85183 -7.17167 -3.87643 -3.12833 -1.00548 -0.629216 -4.78443 -6.91884 -7.56667 -0.436698 2.14219 1.40877 -3.26403 -9.33402 1.33688 -12.7259 -0.607855 3.85355 3.08274 -7.50266 -6.65476
92.76 -7.28098 -7.56959 1.63235 0.789073 0.835847 -3.11206 -10.8611 2.01222 -11.3671 -0.959223 8.78884 4.11684 -5.87939 -6.97365 3.21923 -10.2451 -3.82299 7.09918 1.83662 -5.26312 1.61791 -3.93516 -7.39656 -5.26595 0.652586 -1.20567 -2.48426 2.40504 -7.59531 -7.1924 -4.01165 -3.15375 -1.12539 -0.746709 -4.26529 -7.46003 -7.37497 -0.870562 1.29029 1.0334 -2.88218 -9.00064 1.01363 -12.7644 -0.401639 3.32199 3.06287 -7.5383 -7.39236
92.81 -7.96085 -7.36948 0.87415 0.0224156 0.520423 -2.62927 -10.5822 1.48997 -11.3688 -0.624225 8.32253 4.1848 -5.70011 -7.77799 3.50618 -10.4813 -3.50776 7.73316 2.12954 -5.62683 1.07077 -3.42918 -7.46354 -5.46164 1.18833 -1.08977 -2.60217 2.83885 -7.30549 -7.21219 -4.12068 -3.0556 -1.22734 -0.904969 -3.70953 -7.87242 -7.24651 -1.30703 0.497011 0.697297 -2.4683 -8.60104 0.67653 -12.7807 -0.17404 2.82895 3.01704 -7.5567 -8.01095
92.86 -8.53556 -7.23775 0.128987 -0.687302 0.238924 -2.15318 -10.2164 0.946051 -11.3477 -0.288162 7.89116 4.22028 -5.52775 -8.48022 3.68529 -10.683 -3.2144 8.32244 2.40245 -5.92699 0.517642 -2.84036 -7.57415 -5.60583 1.78084 -0.930001 -2.72315 3.16316 -6.98604 -7.23034 -4.21096 -2.82841 -1.30964 -1.08557 -3.10435 -8.15042 -7.16229 -1.7314 -0.228465 0.398255 -2.04561 -8.15427 0.314484 -12.7688 0.0694083 2.37401 2.94523 -7.55818 -8.509
92.91 -8.98345 -7.15364 -0.582518 -1.33074 -0.0131209 -1.70316 -9.78639 0.382846 -11.2935 0.037176 7.48823 4.21975 -5.36274 -9.08002 3.76743 -10.8538 -2.93953 8.85927 2.65945 -6.15749 -0.0340977 -2.11231 -7.76183 -5.6671 2.43118 -0.703812 -2.8622 3.3764 -6.64349 -7.24653 -4.29105 -2.48442 -1.37052 -1.27722 -2.44091 -8.29882 -7.10884 -2.13805 -0.881333 0.132169 -1.63474 -7.67908 -0.0889211 -12.7183 0.319836 1.95123 2.84495 -7.54204 -8.8884
92.96 -9.27758 -7.10238 -1.26415 -1.90435 -0.240114 -1.29137 -9.31319 -0.213278 -11.1884 0.341318 7.09848 4.1748 -5.20416 -9.57399 3.76001 -10.9958 -2.68077 9.33681 2.9031 -6.30916 -0.58489 -1.18358 -8.07124 -5.60569 3.1246 -0.38212 -3.04552 3.47001 -6.28534 -7.26091 -4.37168 -2.05729 -1.40886 -1.47346 -1.71276 -8.33249 -7.077 -2.52376 -1.4587 -0.105514 -1.25017 -7.19094 -0.563917 -12.6111 0.567582 1.55427 2.70937 -7.50567 -9.15316
93.01 -9.39054 -7.07402 -1.93433 -2.40754 -0.445823 -0.923931 -8.81444 -0.877625 -11.0015 0.615606 6.70146 4.06905 -5.05033 -9.95371 3.66541 -11.11 -2.43683 9.74685 3.13472 -6.37007 -1.14515 -0.102394 -8.50175 -5.39489 3.83949 0.0338806 -3.31044 3.42625 -5.91748 -7.27413 -4.4673 -1.58968 -1.42469 -1.66992 -0.919668 -8.274 -7.06096 -2.8841 -1.95821 -0.318886 -0.900109 -6.70058 -1.17138 -12.4131 0.80399 1.17794 2.52337 -7.4426 -9.30894
93.06 -9.3094 -7.06229 -2.61223 -2.8413 -0.633213 -0.603317 -8.30393 -1.67143 -10.6843 0.851224 6.27289 3.87486 -4.89831 -10.2074 3.48211 -11.1986 -2.20707 10.0762 3.35454 -6.33857 -1.73923 0.922981 -8.96379 -5.0675 4.55735 0.481456 -3.67726 3.23321 -5.54111 -7.28741 -4.59435 -1.11549 -1.41901 -1.86261 -0.0948229 -8.14839 -7.05766 -3.21281 -2.37696 -0.511188 -0.588155 -6.21329 -2.02744 -12.0614 1.02166 0.817585 2.2574 -7.33794 -9.36069
93.11 -9.06087 -7.06361 -3.29901 -3.20755 -0.804488 -0.331406 -7.79172 -2.64734 -10.1879 1.03334 5.78508 3.56195 -4.7422 -10.3258 3.21313 -11.2655 -1.99069 10.2998 3.56158 -6.23481 -2.40823 1.76367 -9.38382 -4.69372 5.26678 0.903154 -4.11854 2.90708 -5.15309 -7.30265 -4.76178 -0.650103 -1.39307 -2.0473 0.699968 -7.97569 -7.0664 -3.50288 -2.71062 -0.684703 -0.315508 -5.72874 -3.24872 -11.4869 1.21239 0.467548 1.88136 -7.15908 -9.30667
93.16 -8.71794 -7.07555 -3.96673 -3.50877 -0.961214 -0.113759 -7.28441 -3.72916 -9.54597 1.13103 5.20447 3.14039 -4.57075 -10.3103 2.87168 -11.3142 -1.78535 10.3715 3.75319 -6.08873 -3.19481 2.41794 -9.74577 -4.32202 5.9616 1.28248 -4.58246 2.48547 -4.74909 -7.32266 -4.9636 -0.19107 -1.34743 -2.21996 1.41633 -7.76458 -7.08675 -3.74835 -2.95246 -0.840783 -0.083599 -5.24162 -4.67445 -10.7498 1.36224 0.121976 1.4367 -6.85712 -9.13659
93.21 -8.35739 -7.09506 -4.57448 -3.74748 -1.10445 0.0362614 -6.78534 -4.75177 -8.89315 1.09727 4.49549 2.67066 -4.36851 -10.1757 2.47558 -11.3474 -1.58619 10.2301 3.9244 -5.92447 -4.10592 2.91416 -10.0549 -3.97169 6.63525 1.62276 -5.02627 2.0072 -4.32364 -7.35156 -5.18191 0.27537 -1.28105 -2.37786 2.031 -7.51388 -7.11559 -3.94682 -3.09269 -0.979879 0.103027 -4.74271 -5.98764 -10.0055 1.44784 -0.221735 1.01024 -6.41005 -8.84981
93.26 -8.01557 -7.11884 -5.09465 -3.92531 -1.23488 0.100809 -6.29472 -5.66235 -8.33733 0.899413 3.65766 2.20131 -4.12016 -9.94226 2.04026 -11.366 -1.38595 9.86549 4.06833 -5.75623 -5.09328 3.27628 -10.3191 -3.64665 7.27904 1.93175 -5.42484 1.50177 -3.86646 -7.39579 -5.39394 0.768279 -1.19042 -2.52101 2.53663 -7.22256 -7.14853 -4.10101 -3.11877 -1.10157 0.235232 -4.21984 -7.07694 -9.33765 1.4388 -0.565387 0.638083 -5.84826 -8.46755
93.31 -7.69149 -7.14455 -5.51993 -4.04185 -1.35281 0.0710747 -5.8095 -6.47537 -7.91424 0.554175 2.75361 1.75464 -3.8144 -9.62609 1.57603 -11.369 -1.17632 9.36545 4.17894 -5.59075 -6.06881 3.52196 -10.5453 -3.34496 7.88442 2.21653 -5.76605 0.987938 -3.35732 -7.46633 -5.57612 1.30711 -1.06815 -2.65339 2.93289 -6.89574 -7.18234 -4.21766 -3.01833 -1.20462 0.300991 -3.65911 -7.9505 -8.77847 1.30975 -0.913649 0.321328 -5.22672 -8.02139
93.36 -7.36957 -7.17076 -5.85608 -4.09334 -1.45819 -0.0424427 -5.32321 -7.19171 -7.61394 0.11849 1.8556 1.34168 -3.44879 -9.23812 1.08746 -11.353 -0.950141 8.83328 4.25282 -5.43053 -6.96169 3.6649 -10.7384 -3.06338 8.44492 2.48247 -6.04396 0.475485 -2.75967 -7.5831 -5.70325 1.90502 -0.900431 -2.78396 3.22098 -6.54336 -7.21525 -4.30574 -2.7868 -1.28721 0.291569 -3.04789 -8.63856 -8.33793 1.05933 -1.27158 0.0513469 -4.59621 -7.54066
93.41 -7.0349 -7.19658 -6.11443 -4.07172 -1.55052 -0.214915 -4.82566 -7.79895 -7.4097 -0.349113 1.00313 0.967848 -3.03387 -8.78912 0.572748 -11.3105 -0.704137 8.31927 4.28729 -5.27607 -7.74363 3.71587 -10.9017 -2.79916 8.95583 2.73326 -6.25305 -0.0327514 -2.01467 -7.78139 -5.74382 2.561 -0.663576 -2.92915 3.39927 -6.17631 -7.2467 -4.37564 -2.43792 -1.34744 0.208743 -2.37746 -9.1684 -8.00848 0.716144 -1.63704 -0.18164 -3.993 -7.04692
93.46 -6.67898 -7.22144 -6.30756 -3.96426 -1.62867 -0.419757 -4.30313 -8.2855 -7.27494 -0.810807 0.213088 0.633852 -2.59114 -8.29291 0.0215199 -11.228 -0.441006 7.83334 4.27706 -5.12707 -8.40969 3.68195 -11.0368 -2.55061 9.41272 2.97124 -6.3839 -0.539947 -1.06537 -8.10473 -5.65817 3.25861 -0.329337 -3.11739 3.4585 -5.80339 -7.27691 -4.4399 -2.00607 -1.38401 0.0659445 -1.64141 -9.55972 -7.7711 0.322813 -1.99589 -0.385899 -3.43969 -6.55333
93.51 -6.3001 -7.24522 -6.44737 -3.7556 -1.69085 -0.636923 -3.74026 -8.64587 -7.18896 -1.24919 -0.505757 0.336963 -2.14576 -7.76535 -0.590718 -11.0812 -0.169567 7.36741 4.21076 -4.98279 -8.96169 3.56478 -11.1447 -2.31711 9.80932 3.19769 -6.42484 -1.05599 0.0190142 -8.54209 -5.42435 3.97556 0.0942043 -3.38677 3.38069 -5.42878 -7.30676 -4.51454 -1.53256 -1.3967 -0.117571 -0.841952 -9.8249 -7.60391 -0.0836552 -2.32587 -0.567449 -2.94791 -6.06576
93.56 -5.90101 -7.26828 -6.54407 -3.43523 -1.73454 -0.854571 -3.1261 -8.88174 -7.13727 -1.65905 -1.14713 0.0728068 -1.71967 -7.22107 -1.31134 -10.8294 0.0964165 6.90487 4.06691 -4.84176 -9.40259 3.36236 -11.2277 -2.09866 10.1349 3.41287 -6.37629 -1.6006 1.02675 -8.99953 -5.08217 4.69332 0.540851 -3.7532 3.15661 -5.04985 -7.3377 -4.6166 -1.04804 -1.38606 -0.323727 -0.0171882 -9.97086 -7.48763 -0.480145 -2.60391 -0.730152 -2.52077 -5.58384
93.61 -5.48579 -7.29168 -6.60579 -3.01022 -1.75684 -1.06706 -2.46455 -9.00199 -7.11043 -2.0397 -1.70524 -0.163157 -1.32933 -6.67079 -2.2041 -10.4173 0.337641 6.42143 3.81409 -4.7006 -9.73508 3.07832 -11.2895 -1.89507 10.37 3.61597 -6.26018 -2.20825 1.84682 -9.41086 -4.70156 5.40044 0.95799 -4.1846 2.80594 -4.65838 -7.37211 -4.75419 -0.563649 -1.35252 -0.539581 0.770591 -10.0016 -7.40728 -0.856206 -2.80961 -0.876121 -2.15574 -5.10149
93.66 -5.05693 -7.31739 -6.63823 -2.51044 -1.75507 -1.27208 -1.77963 -9.02171 -7.1024 -2.39035 -2.17317 -0.374769 -0.988242 -6.11981 -3.2611 -9.82967 0.523192 5.88093 3.43877 -4.55171 -9.96087 2.72717 -11.3337 -1.705 10.4773 3.80478 -6.10621 -2.92436 2.48414 -9.7641 -4.32738 6.09026 1.3326 -4.62924 2.36738 -4.24369 -7.41391 -4.92004 -0.0728648 -1.29526 -0.758144 1.47563 -9.92068 -7.35197 -1.20975 -2.92479 -1.00613 -1.8474 -4.60804
93.71 -4.61294 -7.34869 -6.64421 -1.9725 -1.72695 -1.46846 -1.10513 -8.9594 -7.10818 -2.70864 -2.54147 -0.564797 -0.712424 -5.5673 -4.32562 -9.16814 0.604493 5.23586 2.98546 -4.38238 -10.0803 2.32817 -11.3623 -1.52489 10.3986 3.97498 -5.9373 -3.77372 2.9665 -10.0652 -3.97656 6.75568 1.66897 -5.04668 1.87912 -3.79197 -7.46978 -5.09488 0.440794 -1.21092 -0.977696 2.07634 -9.73277 -7.31398 -1.54324 -2.93272 -1.1199 -1.58941 -4.08979
93.76 -4.14595 -7.39096 -6.62306 -1.41767 -1.66981 -1.65542 -0.468994 -8.83302 -7.12277 -2.99192 -2.79698 -0.734821 -0.522525 -5.00588 -5.28288 -8.56566 0.532529 4.45696 2.51381 -4.1778 -10.0934 1.89684 -11.376 -1.34861 10.095 4.11993 -5.76658 -4.72803 3.31623 -10.322 -3.65194 7.38806 1.97484 -5.41359 1.36971 -3.28145 -7.55153 -5.25343 0.995648 -1.09195 -1.20107 2.56526 -9.44475 -7.28797 -1.86117 -2.82039 -1.21638 -1.37564 -3.53229
93.81 -3.63826 -7.45332 -6.5693 -0.845339 -1.57864 -1.83317 0.111977 -8.65622 -7.14219 -3.2391 -2.92265 -0.885234 -0.435035 -4.42124 -6.13006 -8.08715 0.29697 3.57976 2.0554 -3.92444 -10.0015 1.44212 -11.3735 -1.16826 9.61898 4.23246 -5.6 -5.70724 3.54931 -10.5408 -3.35117 7.97947 2.25706 -5.71773 0.856872 -2.67488 -7.68068 -5.36645 1.6033 -0.923909 -1.43593 2.94007 -9.066 -7.27026 -2.16895 -2.58597 -1.29408 -1.20069 -2.92355
93.86 -3.05603 -7.55234 -6.46997 -0.239606 -1.44289 -2.00438 0.628399 -8.43695 -7.16387 -3.45151 -2.89962 -1.0153 -0.449246 -3.79271 -6.87503 -7.73837 -0.0615937 2.67857 1.62481 -3.61366 -9.80736 0.96624 -11.351 -0.97579 9.07741 4.30748 -5.4395 -6.62634 3.67717 -10.7258 -3.07087 8.52398 2.52072 -5.95044 0.34925 -1.91398 -7.89449 -5.39817 2.26097 -0.682344 -1.69725 3.19709 -8.6084 -7.25838 -2.47288 -2.24814 -1.35168 -1.06003 -2.25581
93.91 -2.33857 -7.71951 -6.29927 0.417926 -1.24148 -2.17668 1.07239 -8.17892 -7.18606 -3.63331 -2.71636 -1.1234 -0.545945 -3.09639 -7.50849 -7.49719 -0.483563 1.80515 1.2301 -3.247 -9.51875 0.464388 -11.3007 -0.765218 8.53934 4.34119 -5.28527 -7.44075 3.70672 -10.8795 -2.80823 9.01717 2.7693 -6.10112 -0.151696 -0.951654 -8.23447 -5.30747 2.9519 -0.340996 -2.01191 3.3255 -8.08571 -7.25072 -2.78136 -1.84546 -1.3888 -0.949821 -1.52285
93.96 -1.39926 -8.00633 -6.01173 1.13172 -0.939873 -2.36777 1.4306 -7.88488 -7.20751 -3.79232 -2.38627 -1.20767 -0.698459 -2.31125 -8.01777 -7.33603 -0.922662 0.982497 0.874663 -2.83847 -9.14964 -0.0772359 -11.2084 -0.535313 8.02515 4.32771 -5.13683 -8.13786 3.63925 -11.0036 -2.56153 9.45448 3.00496 -6.15922 -0.650829 0.11962 -8.67956 -5.07747 3.65503 0.0844458 -2.41465 3.30693 -7.51116 -7.24641 -3.1065 -1.42182 -1.40629 -0.86671 -0.729266
94.01 -0.234389 -8.4375 -5.55508 1.88279 -0.520809 -2.61193 1.67601 -7.55874 -7.22733 -3.94158 -1.95756 -1.26717 -0.883378 -1.42998 -8.39556 -7.23172 -1.35374 0.220582 0.557746 -2.41063 -8.71937 -0.686713 -11.0491 -0.291291 7.53023 4.25504 -4.99329 -8.71688 3.47324 -11.1013 -2.33004 9.82925 3.22875 -6.12822 -1.16007 1.09064 -9.13504 -4.75173 4.35355 0.525781 -2.91559 3.13376 -6.8947 -7.24526 -3.46091 -1.01106 -1.40599 -0.807612 0.083087
94.06 0.925458 -8.9255 -4.93319 2.63829 -0.0441363 -2.94709 1.77122 -7.20403 -7.24501 -4.10021 -1.49293 -1.30275 -1.08454 -0.488804 -8.64235 -7.16751 -1.76637 -0.47538 0.275861 -1.98745 -8.24857 -1.41442 -10.7805 -0.0451921 7.03834 4.10079 -4.85305 -9.17979 3.21372 -11.1769 -2.11355 10.1303 3.44074 -6.03145 -1.7015 1.8691 -9.54188 -4.39445 5.0398 0.934941 -3.47973 2.8268 -6.24654 -7.24802 -3.84706 -0.630548 -1.38986 -0.769717 0.853075
94.11 1.865 -9.37382 -4.21244 3.37184 0.413002 -3.37507 1.6961 -6.82265 -7.26042 -4.28703 -1.03511 -1.31682 -1.29203 0.430558 -8.7669 -7.13226 -2.15652 -1.10249 0.0244014 -1.58961 -7.75466 -2.32135 -10.3485 0.182783 6.52409 3.83391 -4.71246 -9.52892 2.8774 -11.2341 -1.91164 10.3368 3.63983 -5.89742 -2.31185 2.46652 -9.89057 -4.04379 5.71405 1.30132 -4.0558 2.42436 -5.58264 -7.25687 -4.25127 -0.284004 -1.35902 -0.750682 1.53867
94.16 2.51738 -9.7587 -3.43907 4.07402 0.821408 -3.85813 1.4635 -6.41803 -7.27393 -4.50979 -0.593527 -1.31214 -1.49962 1.25314 -8.78554 -7.11863 -2.52072 -1.6587 -0.201169 -1.23517 -7.24985 -3.38193 -9.74867 0.358334 5.94962 3.44638 -4.5637 -9.76597 2.48751 -11.2755 -1.72279 10.4099 3.82347 -5.74731 -3.03621 2.91226 -10.1871 -3.71351 6.37623 1.62991 -4.60315 1.96444 -4.91994 -7.27624 -4.64929 0.0317801 -1.31273 -0.749 2.12167
94.21 2.85663 -10.0856 -2.61559 4.74491 1.18047 -4.35025 1.107 -5.9969 -7.28645 -4.76217 -0.155688 -1.29076 -1.70268 1.92812 -8.71919 -7.12057 -2.85415 -2.14121 -0.404681 -0.944117 -6.74155 -4.43246 -9.09212 0.429428 5.26775 2.98735 -4.39409 -9.8919 2.06453 -11.3022 -1.54337 10.2909 3.98687 -5.59324 -3.89406 3.23025 -10.4394 -3.40576 7.01995 1.92878 -5.09641 1.47658 -4.26322 -7.314 -5.01467 0.322248 -1.24739 -0.764588 2.59793
94.26 2.89936 -10.3636 -1.73892 5.38339 1.49799 -4.81727 0.664034 -5.5671 -7.29953 -5.02898 0.294181 -1.2535 -1.89737 2.42317 -8.5884 -7.13239 -3.15201 -2.54531 -0.589013 -0.739362 -6.23342 -5.3725 -8.50526 0.347823 4.4559 2.51357 -4.18911 -9.9081 1.62064 -11.3135 -1.36731 9.95001 4.12294 -5.44088 -4.84979 3.43893 -10.654 -3.11873 7.63434 2.20501 -5.52144 0.980443 -3.59247 -7.38373 -5.32227 0.593161 -1.15498 -0.799755 2.96944
94.31 2.75883 -10.6 -0.849086 5.98322 1.78244 -5.23995 0.166296 -5.13385 -7.31538 -5.29293 0.75914 -1.20018 -2.08097 2.73329 -8.40865 -7.14981 -3.41146 -2.86401 -0.756049 -0.637121 -5.72573 -6.20285 -8.04446 0.107788 3.55739 2.0539 -3.93521 -9.81698 1.15981 -11.3068 -1.1869 9.45021 4.22428 -5.29237 -5.81931 3.55331 -10.8357 -2.84999 8.20893 2.4638 -5.87012 0.486886 -2.84811 -7.51065 -5.54547 0.850281 -1.01931 -0.861166 3.23949
94.36 2.58102 -10.8009 -0.0165603 6.53477 2.04077 -5.61003 -0.363215 -4.69692 -7.3371 -5.53867 1.233 -1.12998 -2.2524 2.88971 -8.18839 -7.16999 -3.63246 -3.08797 -0.906725 -0.634933 -5.21495 -6.92811 -7.7109 -0.247555 2.64533 1.62226 -3.62366 -9.62266 0.678822 -11.2762 -0.994257 8.89578 4.2854 -5.14832 -6.72118 3.58562 -10.9874 -2.5978 8.73601 2.70866 -6.13463 -0.000463882 -1.90098 -7.74556 -5.64744 1.10005 -0.807519 -0.96481 3.40822
94.41 2.43596 -10.9713 0.712538 7.02701 2.27818 -5.92578 -0.910361 -4.24914 -7.36913 -5.75386 1.71699 -1.04104 -2.41259 2.94084 -7.93079 -7.19102 -3.81775 -3.20551 -1.04109 -0.712412 -4.69315 -7.53756 -7.48122 -0.660328 1.76668 1.22666 -3.25601 -9.33342 0.166753 -11.2111 -0.783682 8.34761 4.30126 -5.00889 -7.51535 3.54384 -11.1093 -2.36143 9.20983 2.94175 -6.30111 -0.484149 -0.566069 -8.16164 -5.57365 1.35104 -0.472226 -1.1476 3.46581
94.46 2.32692 -11.1155 1.32771 7.44724 2.49814 -6.18835 -1.46944 -3.77491 -7.4185 -5.9281 2.22359 -0.929412 -2.56481 2.9263 -7.63752 -7.21153 -3.97227 -3.20332 -1.15838 -0.842938 -4.14825 -8.01931 -7.32834 -1.08727 0.941733 0.870478 -2.84652 -8.96358 -0.398195 -11.0922 -0.554474 7.82093 4.26335 -4.87409 -8.19089 3.42848 -11.2 -2.14109 9.62433 3.16421 -6.35208 -0.97297 1.04314 -8.71259 -5.3019 1.6125 -0.0400624 -1.46925 3.39015
94.51 2.23793 -11.2366 1.83711 7.77885 2.70247 -6.39911 -2.04302 -3.24735 -7.49742 -6.05021 2.76957 -0.787097 -2.71542 2.86858 -7.31188 -7.23059 -4.1026 -3.06995 -1.25712 -1.0038 -3.56575 -8.36807 -7.23008 -1.505 0.179667 0.552975 -2.41827 -8.5325 -1.0557 -10.8865 -0.313019 7.30797 4.15506 -4.74343 -8.74715 3.23573 -11.2618 -1.9373 9.97042 3.37623 -6.29355 -1.48394 2.49912 -9.23809 -4.91549 1.88777 0.380346 -1.95145 3.17506
94.56 2.1537 -11.3367 2.25485 7.99885 2.89138 -6.55753 -2.64203 -2.62254 -7.62841 -6.10399 3.366 -0.599046 -2.87541 2.77522 -6.95977 -7.24772 -4.21656 -2.80452 -1.3354 -1.17961 -2.93263 -8.58725 -7.17068 -1.90311 -0.51401 0.270666 -1.9961 -8.06091 -1.86685 -10.543 -0.074202 6.78895 3.94851 -4.61496 -9.18595 2.96997 -11.3 -1.75018 10.2324 3.57706 -6.16204 -2.04653 3.63373 -9.68972 -4.50764 2.17661 0.744027 -2.54481 2.84746
94.61 2.06156 -11.4164 2.5955 8.07755 3.06353 -6.65879 -3.28474 -1.83523 -7.85045 -6.06274 4.00933 -0.339916 -3.06385 2.64101 -6.5888 -7.26286 -4.3236 -2.4271 -1.39147 -1.36106 -2.2401 -8.68882 -7.13967 -2.27638 -1.13554 0.0189792 -1.60263 -7.56729 -2.86498 -10.0211 0.134864 6.23255 3.61846 -4.48327 -9.50918 2.64702 -11.32 -1.5786 10.3808 3.76476 -5.99545 -2.70421 4.45082 -10.0779 -4.1191 2.48162 1.052 -3.18026 2.44571
94.66 1.94804 -11.4754 2.87223 7.98698 3.21606 -6.69202 -3.99043 -0.839028 -8.2037 -5.89104 4.68205 0.0155425 -3.31219 2.44762 -6.20635 -7.27645 -4.43594 -1.97783 -1.42446 -1.54224 -1.48159 -8.69131 -7.12956 -2.62006 -1.68205 -0.206551 -1.25981 -7.06573 -3.93935 -9.37819 0.268336 5.59422 3.18751 -4.33763 -9.71783 2.28612 -11.3256 -1.41943 10.3649 3.93565 -5.81802 -3.49358 4.98707 -10.4168 -3.75982 2.80783 1.3148 -3.8049 2.00329
94.71 1.79577 -11.5127 3.09625 7.7248 3.34514 -6.64527 -4.76315 0.255772 -8.65644 -5.57982 5.36377 0.445678 -3.65365 2.16956 -5.81701 -7.28942 -4.56931 -1.50029 -1.43474 -1.71861 -0.664091 -8.6156 -7.13362 -2.9293 -2.15067 -0.409668 -0.992281 -6.56509 -4.93366 -8.7513 0.2699 4.83355 2.71755 -4.1636 -9.81268 1.90158 -11.3192 -1.2669 10.1324 4.08381 -5.64165 -4.40593 5.2821 -10.7167 -3.42858 3.15692 1.54302 -4.38733 1.54415
94.76 1.58722 -11.5287 3.27692 7.3362 3.44721 -6.52203 -5.57634 1.23814 -9.1099 -5.18205 6.03929 0.882104 -4.08365 1.79893 -5.4205 -7.30327 -4.73725 -1.02438 -1.4235 -1.88642 0.166409 -8.47987 -7.14626 -3.20053 -2.53748 -0.593174 -0.822676 -6.06862 -5.81154 -8.23177 0.109101 3.96172 2.25065 -3.9465 -9.79541 1.50047 -11.3011 -1.11318 9.70132 4.2021 -5.47089 -5.37544 5.37405 -10.9847 -3.12136 3.5224 1.74527 -4.91166 1.08287
94.81 1.3146 -11.5244 3.42194 6.89298 3.5202 -6.34594 -6.38502 2.02904 -9.5113 -4.76495 6.69905 1.2842 -4.55353 1.35671 -5.01358 -7.32019 -4.94052 -0.559718 -1.39184 -2.04302 0.948827 -8.2962 -7.16361 -3.43259 -2.83672 -0.75891 -0.758839 -5.57416 -6.582 -7.8427 -0.191785 3.0462 1.80614 -3.67455 -9.66919 1.08381 -11.2698 -0.949604 9.16982 4.28501 -5.3068 -6.31134 5.29927 -11.2259 -2.83444 3.89127 1.92796 -5.37192 0.626382
94.86 0.981706 -11.499 3.53759 6.45019 3.56335 -6.14449 -7.15323 2.64334 -9.8551 -4.36519 7.33478 1.64609 -5.01193 0.873294 -4.59215 -7.34343 -5.16516 -0.0990576 -1.33986 -2.18736 1.64342 -8.07056 -7.18313 -3.62688 -3.03987 -0.907797 -0.78793 -5.07497 -7.2396 -7.56885 -0.577628 2.14855 1.39449 -3.34385 -9.44029 0.647547 -11.2204 -0.768559 8.62388 4.32935 -5.14923 -7.15326 5.09255 -11.444 -2.56537 4.24937 2.09555 -5.76866 0.175938
94.91 0.596272 -11.4484 3.62878 6.03292 3.57576 -5.93683 -7.86314 3.10762 -10.1485 -3.99401 7.93621 1.97361 -5.42697 0.372094 -4.14916 -7.37791 -5.38971 0.374458 -1.26573 -2.32046 2.23305 -7.80575 -7.20301 -3.78711 -3.13548 -1.03988 -0.884773 -4.5607 -7.77145 -7.38323 -0.997237 1.29902 1.02122 -2.96287 -9.12069 0.182204 -11.1441 -0.566108 8.09829 4.33186 -4.99783 -7.87918 4.78718 -11.6418 -2.31312 4.58481 2.25093 -6.10655 -0.271762
94.96 0.161442 -11.3647 3.69916 5.6462 3.55466 -5.73249 -8.50908 3.44207 -10.3994 -3.65095 8.49258 2.27379 -5.784 -0.13449 -3.67017 -7.43158 -5.59162 0.881612 -1.16461 -2.44574 2.71293 -7.50491 -7.22198 -3.91869 -3.11022 -1.15438 -1.02408 -4.01812 -8.169 -7.26096 -1.41902 0.5102 0.687348 -2.55111 -8.72835 -0.329526 -11.0248 -0.344216 7.59653 4.28602 -4.85229 -8.48496 4.41441 -11.8215 -2.07775 4.88797 2.3959 -6.39226 -0.724419
95.01 -0.330888 -11.2331 3.7509 5.2849 3.49355 -5.53416 -9.09083 3.66166 -10.614 -3.33163 8.99419 2.55217 -6.07764 -0.64457 -3.12813 -7.51838 -5.74858 1.44146 -1.02691 -2.56969 3.08297 -7.17349 -7.23924 -4.02826 -2.95353 -1.2498 -1.18699 -3.43302 -8.43242 -7.18321 -1.82775 -0.211622 0.390431 -2.13266 -8.28442 -0.918291 -10.8356 -0.111467 7.10904 4.17881 -4.71206 -8.97207 4.00272 -11.9847 -1.85975 5.14945 2.53132 -6.63292 -1.19551
95.06 -0.906765 -11.0279 3.7841 4.93819 3.37961 -5.34011 -9.60964 3.77833 -10.7966 -3.0311 9.43167 2.81248 -6.30506 -1.1668 -2.47665 -7.66387 -5.83526 2.06335 -0.835052 -2.70362 3.34301 -6.81902 -7.25448 -4.1235 -2.66737 -1.32428 -1.36153 -2.7937 -8.57145 -7.137 -2.21642 -0.862525 0.126213 -1.72962 -7.80924 -1.63344 -10.534 0.117042 6.6199 3.98775 -4.57553 -9.3439 3.57687 -12.1327 -1.65939 5.35679 2.6573 -6.83522 -1.70759
95.11 -1.61605 -10.7079 3.7949 4.58976 3.19066 -5.145 -10.0656 3.80156 -10.9499 -2.74492 9.79268 3.05682 -6.46089 -1.72269 -1.64925 -7.91002 -5.81781 2.74014 -0.561213 -2.86745 3.4884 -6.4496 -7.26784 -4.21363 -2.27549 -1.37622 -1.54033 -2.09241 -8.60453 -7.11388 -2.57995 -1.43985 -0.109923 -1.36 -7.31946 -2.51988 -10.0757 0.317493 6.10632 3.68685 -4.43837 -9.60495 3.1572 -12.2661 -1.47594 5.48891 2.77305 -7.00499 -2.29524
95.16 -2.51123 -10.2268 3.77021 4.2145 2.90027 -4.93838 -10.4545 3.7369 -11.0752 -2.4689 10.0555 3.28579 -6.53477 -2.34939 -0.620253 -8.28914 -5.65954 3.45164 -0.184712 -3.09431 3.50539 -6.07201 -7.27996 -4.31093 -1.81932 -1.40497 -1.71803 -1.32382 -8.5553 -7.10817 -2.91238 -1.94133 -0.322096 -1.04049 -6.82678 -3.52399 -9.47951 0.450753 5.5347 3.27993 -4.29134 -9.75972 2.75839 -12.3853 -1.30683 5.50738 2.87661 -7.14702 -2.99497
95.21 -3.54793 -9.59932 3.67676 3.77318 2.51162 -4.70246 -10.7649 3.58356 -11.1738 -2.19789 10.1792 3.49829 -6.51822 -3.08988 0.461421 -8.7489 -5.36232 4.17625 0.258429 -3.41825 3.37593 -5.68904 -7.29201 -4.43135 -1.34008 -1.41108 -1.88991 -0.502018 -8.44677 -7.11481 -3.20763 -2.36424 -0.513559 -0.791018 -6.33757 -4.49601 -8.85924 0.463696 4.8631 2.8178 -4.12044 -9.81196 2.38703 -12.4904 -1.14693 5.35625 2.96429 -7.26494 -3.81635
95.26 -4.57288 -8.94233 3.45637 3.21654 2.07837 -4.41626 -10.9783 3.33698 -11.2488 -1.92447 10.1052 3.69096 -6.42107 -3.96011 1.40067 -9.19325 -4.98772 4.89857 0.697803 -3.83547 3.10072 -5.29803 -7.30566 -4.58869 -0.863477 -1.39573 -2.05188 0.319794 -8.29582 -7.12909 -3.46188 -2.70469 -0.686626 -0.632892 -5.85268 -5.36479 -8.32158 0.318588 4.07013 2.34933 -3.91032 -9.76481 2.0412 -12.5812 -0.988687 5.00413 3.03078 -7.36125 -4.72568
95.31 -5.51054 -8.37038 3.05513 2.52234 1.65192 -4.06681 -11.0767 2.99844 -11.3041 -1.64005 9.80987 3.85846 -6.27071 -4.92462 2.1475 -9.5823 -4.59884 5.61091 1.09867 -4.30074 2.70773 -4.89374 -7.3234 -4.78417 -0.395242 -1.35983 -2.20133 1.08296 -8.11098 -7.14756 -3.6748 -2.95678 -0.842705 -0.576934 -5.36771 -6.13576 -7.90702 0.0264721 3.19242 1.8992 -3.64792 -9.62115 1.7134 -12.6571 -0.823241 4.50314 3.07117 -7.43742 -5.64953
95.36 -6.36803 -7.92938 2.47217 1.73568 1.25531 -3.65533 -11.0501 2.58015 -11.3424 -1.33822 9.36438 3.99593 -6.09479 -5.90283 2.72376 -9.91499 -4.2271 6.30813 1.45779 -4.76427 2.23454 -4.47043 -7.34885 -5.00443 0.0741143 -1.30303 -2.33771 1.75302 -7.89392 -7.16796 -3.84911 -3.11178 -0.982355 -0.614412 -4.87405 -6.81002 -7.60921 -0.361845 2.29872 1.47965 -3.32706 -9.38515 1.39371 -12.717 -0.642204 3.95134 3.08346 -7.49445 -6.51157
95.41 -7.15031 -7.61434 1.76529 0.930182 0.895831 -3.19683 -10.9 2.10196 -11.3648 -1.01787 8.87504 4.10142 -5.91184 -6.81994 3.15586 -10.199 -3.88168 6.98237 1.78197 -5.19224 1.71367 -4.01942 -7.38764 -5.22773 0.562206 -1.22279 -2.46287 2.3163 -7.64345 -7.18875 -3.9897 -3.15795 -1.10532 -0.722167 -4.35996 -7.37281 -7.40382 -0.792505 1.43799 1.09732 -2.95313 -9.06533 1.07189 -12.759 -0.439989 3.41395 3.06833 -7.53324 -7.26966
95.46 -7.847 -7.3994 1.00919 0.1551 0.573961 -2.71537 -10.6388 1.58478 -11.37 -0.684265 8.40299 4.17503 -5.73156 -7.6423 3.46335 -10.4419 -3.56216 7.62334 2.07901 -5.56657 1.16891 -3.52405 -7.44912 -5.4298 1.08911 -1.11313 -2.58127 2.76966 -7.35939 -7.20877 -4.10287 -3.08252 -1.21058 -0.874739 -3.81174 -7.80883 -7.26566 -1.22998 0.633424 0.754308 -2.54327 -8.67618 0.737996 -12.7797 -0.215925 2.91378 3.02707 -7.55466 -7.90969
95.51 -8.44185 -7.2572 0.259375 -0.565664 0.286738 -2.23647 -10.2868 1.04415 -11.3535 -0.347521 7.96553 4.21644 -5.55788 -8.36271 3.66078 -10.6495 -3.26517 8.22119 2.35514 -5.87847 0.616103 -2.95341 -7.55003 -5.58521 1.67096 -0.962499 -2.70084 3.11346 -7.0448 -7.22725 -4.1959 -2.87804 -1.29652 -1.05238 -3.21613 -8.1107 -7.17471 -1.65707 -0.104553 0.448937 -2.12049 -8.23637 0.381358 -12.7734 0.02529 2.45243 2.95998 -7.55916 -8.42912
95.56 -8.91415 -7.16585 -0.458433 -1.22128 0.0297854 -1.78072 -9.86664 0.484857 -11.3062 -0.019451 7.55846 4.22277 -5.3916 -8.98084 3.75952 -10.8256 -2.98722 8.76787 2.61474 -6.1219 0.063905 -2.25522 -7.72075 -5.66396 2.31169 -0.750269 -2.83516 3.34682 -6.70581 -7.24379 -4.2771 -2.55292 -1.36132 -1.24264 -2.56354 -8.28135 -7.11656 -2.06711 -0.77059 0.177321 -1.70627 -7.76499 -0.0130285 -12.7308 0.27519 2.02442 2.8651 -7.54628 -8.8294
95.61 -9.23777 -7.10959 -1.1443 -1.80742 -0.201369 -1.36153 -9.39973 -0.10354 -11.2119 0.289139 7.16774 4.18664 -5.23198 -9.49412 3.7677 -10.9726 -2.72572 9.25648 2.86063 -6.28848 -0.486621 -1.36419 -8.00596 -5.62734 2.999 -0.447186 -3.00804 3.46281 -6.34991 -7.25846 -4.3567 -2.13747 -1.4037 -1.4384 -1.84735 -8.33396 -7.08138 -2.45681 -1.36157 -0.0650972 -1.31626 -7.27822 -0.47202 -12.6355 0.524089 1.62328 2.7366 -7.51383 -9.11418
95.66 -9.38463 -7.07771 -1.81492 -2.3231 -0.410626 -0.985946 -8.90441 -0.75198 -11.0427 0.569333 6.77369 4.09339 -5.07747 -9.89499 3.68869 -11.0916 -2.47919 9.6793 3.09435 -6.36622 -1.04388 -0.297178 -8.41968 -5.4428 3.71158 -0.044734 -3.25584 3.44491 -5.98353 -7.27182 -4.44843 -1.67414 -1.42348 -1.63511 -1.06471 -8.29002 -7.06283 -2.82208 -1.87511 -0.282533 -0.959684 -6.7877 -1.04926 -12.4573 0.763081 1.24361 2.56125 -7.45627 -9.28892
95.71 -9.33755 -7.06335 -2.49058 -2.76911 -0.601094 -0.656891 -8.39515 -1.51749 -10.7529 0.812629 6.35265 3.91743 -4.92544 -10.172 3.52122 -11.1845 -2.24695 10.0243 3.3163 -6.35029 -1.62939 0.752604 -8.88346 -5.1311 4.42997 0.402648 -3.60517 3.27818 -5.60883 -7.28497 -4.56886 -1.19942 -1.42153 -1.82878 -0.241224 -8.17464 -7.05737 -3.15693 -2.3085 -0.478389 -0.640822 -6.29974 -1.85008 -12.139 0.984614 0.880781 2.31233 -7.36075 -9.35902
95.76 -9.11451 -7.06252 -3.17703 -3.1472 -0.775106 -0.376078 -7.88267 -2.46122 -10.2897 1.00594 5.87762 3.6268 -4.7707 -10.3147 3.26679 -11.255 -2.0283 10.2695 3.52576 -6.25721 -2.28153 1.62842 -9.31331 -4.76103 5.14144 0.831119 -4.03685 2.97331 -5.22319 -7.29968 -4.72909 -0.732208 -1.39913 -2.0152 0.563219 -8.00932 -7.06396 -3.45437 -2.65772 -0.655123 -0.36112 -5.81496 -3.00649 -11.6054 1.18092 0.529383 1.95589 -7.19852 -9.32445
95.81 -8.78207 -7.07277 -3.85117 -3.4598 -0.934332 -0.148044 -7.37415 -3.53709 -9.66525 1.12184 5.31631 3.22085 -4.60305 -10.3223 2.93695 -11.3068 -1.82127 10.3727 3.7204 -6.11662 -3.04521 2.31386 -9.68545 -4.38689 5.83926 1.21803 -4.50038 2.56567 -4.82237 -7.31859 -4.92586 -0.272818 -1.35702 -2.19026 1.29587 -7.80496 -7.08238 -3.70809 -2.91653 -0.814248 -0.12175 -5.32887 -4.4221 -10.8853 1.33947 0.183313 1.5165 -6.92159 -9.17568
95.86 -8.42062 -7.09119 -4.47222 -3.70947 -1.07991 0.015326 -6.87351 -4.57809 -9.00432 1.11487 4.63197 2.75519 -4.40746 -10.2074 2.54933 -11.3426 -1.62149 10.2727 3.89571 -5.95428 -3.93605 2.83625 -10.0033 -4.03219 6.51727 1.56471 -4.95008 2.095 -4.40129 -7.34552 -5.14284 0.190999 -1.2945 -2.35088 1.9295 -7.56151 -7.11004 -3.91487 -3.0757 -0.956373 0.0734706 -4.83288 -5.76958 -10.1338 1.43862 -0.160648 1.08253 -6.49942 -8.90867
95.91 -8.07477 -7.11442 -5.00903 -3.8981 -1.21258 0.0961959 -6.38151 -5.50783 -8.42678 0.946613 3.814 2.28361 -4.16832 -9.99023 2.12007 -11.3638 -1.42204 9.94374 4.04502 -5.78609 -4.91575 3.2208 -10.275 -3.7027 7.16704 1.8787 -5.35787 1.59275 -3.95088 -7.38639 -5.35771 0.677714 -1.20858 -2.49649 2.45467 -7.27723 -7.14253 -4.07655 -3.12307 -1.08123 0.216214 -4.31526 -6.89963 -9.44915 1.44867 -0.504059 0.70009 -5.95425 -8.54119
95.96 -7.74852 -7.1399 -5.45103 -4.02571 -1.33273 0.0830522 -5.89571 -6.33749 -7.97991 0.624107 2.91576 1.83191 -3.87329 -9.68789 1.66049 -11.3697 -1.21467 9.45915 4.16187 -5.61986 -5.89981 3.48611 -10.5076 -3.39709 7.7798 2.16736 -5.70981 1.07947 -3.4531 -7.45113 -5.54695 1.20712 -1.09273 -2.63029 2.8703 -6.9561 -7.17635 -4.19927 -3.04585 -1.18772 0.294641 -3.76229 -7.80948 -8.86936 1.34198 -0.851059 0.373994 -5.33928 -8.10408
96.01 -7.42744 -7.16611 -5.8023 -4.08923 -1.44037 -0.0171206 -5.41024 -7.0718 -7.65954 0.199828 2.01283 1.41241 -3.51795 -9.31198 1.17619 -11.3575 -0.991823 8.92742 4.24246 -5.45862 -6.81052 3.64646 -10.7063 -3.11216 8.34867 2.43634 -5.99934 0.566384 -2.87483 -7.5576 -5.68593 1.7941 -0.934511 -2.76025 3.17762 -6.60745 -7.2095 -4.29171 -2.83729 -1.2741 0.298836 -3.16081 -8.52837 -8.4078 1.11182 -1.20711 0.0964228 -4.70727 -7.62768
96.06 -7.09587 -7.19204 -6.07358 -4.08143 -1.53508 -0.181146 -4.91561 -7.69943 -7.44027 -0.265542 1.15061 1.03143 -3.11047 -8.87292 0.666589 -11.3205 -0.749336 8.40865 4.28421 -5.30314 -7.61294 3.71315 -10.8747 -2.84501 8.86872 2.68961 -6.22122 0.0574587 -2.1612 -7.73804 -5.74465 2.44059 -0.712157 -2.90117 3.37585 -6.24228 -7.2412 -4.36401 -2.50727 -1.33842 0.228378 -2.5014 -9.08469 -8.05975 0.78213 -1.57192 -0.142483 -4.0972 -7.13506
96.11 -6.74403 -7.2171 -6.27741 -3.99035 -1.61587 -0.381934 -4.39865 -8.20807 -7.29485 -0.730049 0.348695 0.690472 -2.67084 -8.38398 0.12314 -11.2465 -0.488771 7.91799 4.28255 -5.15321 -8.29957 3.69405 -11.0148 -2.59373 9.33559 2.92975 -6.36689 -0.449416 -1.24909 -8.0371 -5.68427 3.13241 -0.396534 -3.07903 3.45741 -5.86992 -7.27159 -4.42821 -2.08711 -1.37925 0.0949099 -1.77742 -9.49958 -7.8076 0.394673 -1.93344 -0.351349 -3.53387 -6.64082
96.16 -6.36912 -7.24106 -6.42591 -3.80076 -1.68105 -0.597994 -3.844 -8.59099 -7.20142 -1.1732 -0.383319 0.387274 -2.22417 -7.86085 -0.475542 -11.1135 -0.217932 7.44952 4.22746 -5.00817 -8.87166 3.59182 -11.1274 -2.35757 9.74354 3.1582 -6.42441 -0.962787 -0.174353 -8.45978 -5.47588 3.84746 0.0149353 -3.33155 3.40531 -5.49559 -7.30142 -4.49969 -1.61829 -1.39617 -0.0827879 -0.987768 -9.78657 -7.62945 -0.0115657 -2.2703 -0.536601 -3.0307 -6.15204
96.21 -5.97333 -7.26419 -6.52962 -3.50043 -1.72824 -0.816109 -3.23926 -8.84856 -7.14444 -1.58823 -1.0389 0.117634 -1.79329 -7.31862 -1.17224 -10.8843 0.0502344 6.9879 4.09954 -4.86673 -9.33212 3.40461 -11.2146 -2.13643 10.0829 3.37541 -6.39072 -1.50027 0.860148 -8.92053 -5.14772 4.56612 0.462628 -3.6818 3.20669 -5.11793 -7.33203 -4.59587 -1.13432 -1.38963 -0.286033 -0.163007 -9.9534 -7.50532 -0.410907 -2.55917 -0.70246 -2.59212 -5.6694
96.26 -5.56072 -7.28742 -6.59708 -3.09242 -1.75456 -1.02974 -2.58492 -8.98844 -7.11368 -1.9741 -1.61228 -0.123039 -1.39559 -6.76885 -2.03083 -10.5044 0.297667 6.51042 3.86832 -4.726 -9.68373 3.13432 -11.2799 -1.93025 10.3361 3.58078 -6.28443 -2.09347 1.71501 -9.34195 -4.76967 5.27568 0.886834 -4.10542 2.87597 -4.72943 -7.36559 -4.72723 -0.649963 -1.36017 -0.500839 0.635481 -10.0044 -7.41948 -0.790939 -2.77912 -0.851316 -2.21639 -5.18779
96.31 -5.13426 -7.31252 -6.63443 -2.60313 -1.75725 -1.23619 -1.90173 -9.02474 -7.10267 -2.33023 -2.09686 -0.33875 -1.04471 -6.21787 -3.06693 -9.94397 0.496197 5.98336 3.51323 -4.57929 -9.92846 2.79371 -11.327 -1.73796 10.4699 3.77238 -6.13523 -2.78727 2.38281 -9.70528 -4.3925 5.96904 1.26894 -4.55118 2.45006 -4.31974 -7.40568 -4.8892 -0.161345 -1.30729 -0.719185 1.35741 -9.94307 -7.36036 -1.14841 -2.91167 -0.984156 -1.89842 -4.69726
96.36 -4.69332 -7.34251 -6.64506 -2.06979 -1.73399 -1.43418 -1.22303 -8.97566 -7.10637 -2.65448 -2.48374 -0.532469 -0.755849 -5.66599 -4.14274 -9.28465 0.600111 5.36028 3.06884 -4.41467 -10.0668 2.40191 -11.3583 -1.55646 10.4288 3.94632 -5.96776 -3.61328 2.8909 -10.0151 -4.03707 6.63941 1.61155 -4.9756 1.96824 -3.87589 -7.45838 -5.06418 0.34685 -1.22817 -0.93848 1.9775 -9.77377 -7.31974 -1.48517 -2.93982 -1.10088 -1.63193 -4.18449
96.41 -4.23137 -7.38229 -6.62897 -1.51743 -1.68228 -1.62285 -0.578531 -8.85952 -7.11973 -2.94413 -2.76047 -0.705991 -0.549139 -5.107 -5.12107 -8.66472 0.557752 4.60474 2.59737 -4.21743 -10.0988 1.97549 -11.3746 -1.38004 10.1646 4.09632 -5.79677 -4.5536 3.26291 -10.2793 -3.70787 7.27831 1.9223 -5.35262 1.46101 -3.378 -7.5343 -5.22764 0.89321 -1.11618 -1.16076 2.48654 -9.50296 -7.29191 -1.80549 -2.84948 -1.20054 -1.4107 -3.63497
96.46 -3.73282 -7.44015 -6.5817 -0.949071 -1.59772 -1.80214 0.0130834 -8.69095 -7.13851 -3.19773 -2.91064 -0.859917 -0.442866 -4.52784 -5.9867 -8.16245 0.349555 3.7397 2.13526 -3.97359 -10.0254 1.52458 -11.3752 -1.20103 9.71141 4.21506 -5.62922 -5.53535 3.5158 -10.5044 -3.40311 7.8775 2.20831 -5.66858 0.947912 -2.79219 -7.65281 -5.35114 1.4912 -0.958353 -1.39275 2.88181 -9.13955 -7.27293 -2.11465 -2.63611 -1.28169 -1.2292 -3.03603
96.51 -3.16736 -7.5309 -6.4919 -0.35076 -1.47107 -1.97414 0.541532 -8.47889 -7.15993 -3.4161 -2.91532 -0.993706 -0.439955 -3.90885 -6.75021 -7.79178 0.00851719 2.83795 1.69899 -3.67328 -9.84912 1.0526 -11.3567 -1.01125 9.17475 4.29703 -5.4676 -6.4697 3.66173 -10.6952 -3.1194 8.4307 2.47498 -5.91467 0.439066 -2.06366 -7.84812 -5.40033 2.14088 -0.732076 -1.6478 3.16031 -8.69501 -7.26015 -2.41874 -2.3143 -1.34294 -1.08273 -2.37925
96.56 -2.47993 -7.68267 -6.33661 0.296613 -1.28354 -2.14533 0.999125 -8.22757 -7.18214 -3.6029 -2.76057 -1.10586 -0.523884 -3.2263 -7.40451 -7.5335 -0.406169 1.9573 1.29752 -3.31588 -9.57649 0.556075 -11.3122 -0.804153 8.6335 4.33842 -5.31228 -7.30426 3.70852 -10.8543 -2.85377 8.93333 2.72605 -6.08086 -0.062893 -1.1364 -8.16422 -5.33404 2.82745 -0.409323 -1.9504 3.31285 -8.18288 -7.25182 -2.72564 -1.91986 -1.38367 -0.967361 -1.65824
96.61 -1.58571 -7.94421 -6.07405 1.00112 -1.00244 -2.33109 1.37409 -7.93968 -7.20379 -3.7652 -2.45401 -1.19448 -0.668362 -2.45815 -7.93663 -7.35998 -0.84462 1.12467 0.935039 -2.9133 -9.2204 0.0230727 -11.2288 -0.577503 8.11493 4.33398 -5.16286 -8.02247 3.65845 -10.9836 -2.60431 9.38099 2.9639 -6.1558 -0.561705 -0.0690807 -8.5968 -5.12736 3.52984 0.00547072 -2.33544 3.32168 -7.61673 -7.24695 -3.04679 -1.49704 -1.40454 -0.879661 -0.873619
96.66 -0.450154 -8.35283 -5.64977 1.74781 -0.602296 -2.56265 1.64228 -7.61895 -7.22395 -3.91494 -2.0382 -1.25838 -0.848909 -1.59308 -8.33803 -7.24695 -1.27819 0.351475 0.611465 -2.4871 -8.79949 -0.571373 -11.0839 -0.335311 7.61752 4.27313 -5.01853 -8.62238 3.50993 -11.0857 -2.37014 9.76754 3.18977 -6.13939 -1.06788 0.931313 -9.05672 -4.81362 4.23005 0.448817 -2.82037 3.17531 -7.00709 -7.24521 -3.39537 -1.08224 -1.40725 -0.816503 -0.0600322
96.71 0.73153 -8.83987 -5.05317 2.50489 -0.129144 -2.88003 1.7666 -7.26917 -7.24203 -4.07036 -1.57591 -1.29807 -1.04805 -0.657254 -8.60773 -7.17656 -1.69449 -0.356487 0.323669 -2.06145 -8.33448 -1.27329 -10.8388 -0.0883829 7.12666 4.13559 -4.87789 -9.10579 3.26614 -11.1649 -2.15099 10.0828 3.4039 -6.05216 -1.60136 1.74464 -9.47379 -4.45825 4.91859 0.865258 -3.37704 2.88959 -6.36358 -7.24717 -3.77642 -0.695766 -1.39382 -0.775023 0.721359
96.76 1.71783 -9.29863 -4.34523 3.24351 0.334907 -3.2935 1.72174 -6.89237 -7.25783 -4.25117 -1.11529 -1.31576 -1.25494 0.272209 -8.75303 -7.13677 -2.08886 -0.996004 0.0671388 -1.65776 -7.84364 -2.14566 -10.4391 0.144809 6.61874 3.89075 -4.73779 -9.47502 2.94186 -11.2252 -1.94655 10.3084 3.60543 -5.92293 -2.1961 2.37208 -9.83255 -4.10489 5.59486 1.2391 -3.95442 2.50119 -5.70113 -7.25469 -4.17901 -0.343293 -1.36559 -0.752772 1.42387
96.81 2.42364 -9.69471 -3.58006 3.95137 0.752494 -3.77027 1.51505 -6.49148 -7.27163 -4.46764 -0.671333 -1.31424 -1.46288 1.11633 -8.78907 -7.11974 -2.458 -1.565 -0.162734 -1.29425 -7.34011 -3.18869 -9.8639 0.333069 6.05838 3.52255 -4.59129 -9.73194 2.55981 -11.2693 -1.75557 10.4091 3.7921 -5.77456 -2.89743 2.84287 -10.1378 -3.77063 6.25946 1.57383 -4.50914 2.04906 -5.03733 -7.27173 -4.5801 -0.0224052 -1.32221 -0.748058 2.02571
96.86 2.81951 -10.0313 -2.76631 4.62778 1.11986 -4.26372 1.17781 -6.0727 -7.28423 -4.7157 -0.234144 -1.29573 -1.66705 1.82048 -8.73626 -7.11935 -2.79729 -2.0609 -0.369932 -0.990259 -6.83207 -4.25266 -9.20667 0.426917 5.39872 3.07137 -4.42645 -9.87757 2.14157 -11.2985 -1.57486 10.3285 3.95956 -5.62064 -3.73242 3.18213 -10.3974 -3.45895 6.9072 1.87742 -5.01332 1.56445 -4.38014 -7.30543 -4.95316 0.272146 -1.26069 -0.760489 2.52092
96.91 2.90966 -10.3173 -1.89778 5.27234 1.44413 -4.73701 0.747683 -5.64394 -7.29707 -4.98122 0.212883 -1.26129 -1.86347 2.34893 -8.61562 -7.12978 -3.10176 -2.4794 -0.557512 -0.768573 -6.32378 -5.21365 -8.6012 0.374525 4.60881 2.5974 -4.22881 -9.91315 1.7009 -11.3127 -1.39873 10.0253 4.10107 -5.46775 -4.67591 3.40908 -10.6183 -3.16841 7.52763 2.15725 -5.45119 1.06876 -3.71484 -7.36809 -5.27286 0.546121 -1.17398 -0.791848 2.91082
96.96 2.7901 -10.5607 -1.00522 5.87969 1.7339 -5.16844 0.25775 -5.21114 -7.31223 -5.24689 0.675577 -1.21088 -2.04918 2.69064 -8.44377 -7.14644 -3.36813 -2.81392 -0.727532 -0.647645 -5.81616 -6.06261 -8.11672 0.160615 3.72022 2.13397 -3.98447 -9.8409 1.24312 -11.3095 -1.21969 9.54583 4.20905 -5.31848 -5.64987 3.53926 -10.8056 -2.89658 8.10995 2.41884 -5.81395 0.574295 -2.9905 -7.4821 -5.51333 0.80526 -1.04778 -0.847792 3.19876
97.01 2.61109 -10.7675 -0.157949 6.44061 1.99645 -5.54815 -0.267389 -4.77517 -7.33263 -5.49685 1.14813 -1.14377 -2.22277 2.87096 -8.23037 -7.16629 -3.59585 -3.05553 -0.881091 -0.628751 -5.30638 -6.80711 -7.76187 -0.178542 2.80612 1.69662 -3.68343 -9.6645 0.766273 -11.2838 -1.02974 8.995 4.27767 -5.17362 -6.56791 3.58544 -10.9626 -2.64152 8.64594 2.66599 -6.09421 0.085856 -2.09311 -7.6924 -5.64041 1.05579 -0.852996 -0.942027 3.38584
97.06 2.45878 -10.943 0.59115 6.94427 2.23728 -5.87353 -0.812052 -4.33019 -7.36241 -5.71827 1.62966 -1.05838 -2.38479 2.93746 -7.97931 -7.18728 -3.78719 -3.19296 -1.01839 -0.693989 -4.78732 -7.43816 -7.51574 -0.584866 1.91951 1.29422 -3.32506 -9.39128 0.260949 -11.2259 -0.822587 8.44363 4.30205 -5.03337 -7.38258 3.55656 -11.0898 -2.40235 9.12964 2.90106 -6.27952 -0.39803 -0.834947 -8.07323 -5.60196 1.30583 -0.54176 -1.10667 3.46462
97.11 2.34437 -11.0916 1.22632 7.37838 2.46017 -6.14543 -1.36906 -3.86226 -7.408 -5.90055 2.13101 -0.951224 -2.53807 2.93248 -7.69222 -7.20796 -3.94675 -3.21305 -1.13882 -0.816929 -4.24756 -7.94325 -7.351 -1.0115 1.08415 0.930974 -2.9215 -9.03448 -0.292316 -11.1185 -0.59645 7.91326 4.27463 -4.89776 -8.07942 3.4546 -11.1861 -2.17911 9.55524 3.12537 -6.35172 -0.884972 0.757768 -8.61289 -5.36202 1.56495 -0.118775 -1.39978 3.41414
97.16 2.25303 -11.2167 1.75358 7.72723 2.66722 -6.36537 -1.93949 -3.34682 -7.4804 -6.03291 2.66887 -0.815217 -2.68833 2.8815 -7.37197 -7.22733 -4.08084 -3.10355 -1.24099 -0.973728 -3.67281 -8.31569 -7.24435 -1.43189 0.310427 0.606786 -2.49474 -8.61277 -0.929387 -10.9316 -0.356354 7.39901 4.18059 -4.76644 -8.6568 3.27567 -11.2526 -1.97234 9.9144 3.33927 -6.31054 -1.39027 2.26229 -9.14993 -4.98778 1.8378 0.309324 -1.85549 3.22264
97.21 2.16892 -11.3204 2.18655 7.96912 2.85893 -6.5333 -2.53282 -2.74352 -7.59979 -6.10043 3.25609 -0.636848 -2.84554 2.79451 -7.02405 -7.24482 -4.19709 -2.86085 -1.32305 -1.1477 -3.04946 -8.55729 -7.17893 -1.83395 -0.395736 0.318536 -2.06976 -8.14693 -1.70848 -10.6167 -0.115521 6.88299 3.99391 -4.63784 -9.11635 3.02201 -11.2947 -1.78229 10.1929 3.5422 -6.18894 -1.94082 3.4559 -9.61444 -4.57942 2.12414 0.683628 -2.43426 2.91228
97.26 2.07909 -11.4037 2.53991 8.07528 3.03422 -6.64535 -3.16622 -1.9904 -7.8021 -6.07862 3.89207 -0.392616 -3.02701 2.66853 -6.65586 -7.2603 -4.30456 -2.50084 -1.38317 -1.32864 -2.36801 -8.67859 -7.14346 -2.21197 -1.03033 0.06174 -1.66961 -7.65606 -2.67639 -10.1263 0.1016 6.33615 3.68613 -4.50735 -9.46005 2.7078 -11.3176 -1.60811 10.3647 3.73245 -6.0264 -2.57817 4.32708 -10.0128 -4.18618 2.42592 1.00081 -3.06673 2.52103
97.31 1.97053 -11.4664 2.82713 8.01616 3.19051 -6.69171 -3.85969 -1.02964 -8.13111 -5.93234 4.56112 -0.0548058 -3.2619 2.48755 -6.27499 -7.27411 -4.41489 -2.061 -1.42027 -1.51023 -1.62153 -8.69718 -7.13013 -2.56128 -1.59039 -0.168147 -1.31606 -7.15512 -3.75096 -9.49529 0.252693 5.71598 3.26879 -4.36519 -9.68905 2.35239 -11.3256 -1.44707 10.3825 3.9067 -5.84974 -3.34307 4.91039 -10.3596 -3.82161 2.74805 1.27084 -3.69616 2.08381
97.36 1.82656 -11.5076 3.0598 7.78262 3.32405 -6.65961 -4.6215 0.0641711 -8.57314 -5.6437 5.24254 0.366738 -3.58551 2.22603 -5.88676 -7.2871 -4.54332 -1.58576 -1.43453 -1.68775 -0.812361 -8.63392 -7.13213 -2.87697 -2.07311 -0.37502 -1.03327 -6.65391 -4.76544 -8.85661 0.281277 4.97838 2.80178 -4.19732 -9.80406 1.97135 -11.3212 -1.29389 10.1903 4.05942 -5.67269 -4.23682 5.24551 -10.6658 -3.48565 3.09329 1.50452 -4.28761 1.62633
97.41 1.62898 -11.5274 3.24757 7.4114 3.43113 -6.54867 -5.43064 1.07698 -9.03237 -5.25586 5.91999 0.806384 -4.00253 1.87099 -5.49173 -7.30065 -4.70458 -1.10828 -1.42701 -1.85732 0.0205385 -8.50779 -7.14357 -3.15512 -2.47485 -0.561854 -0.845071 -6.15671 -5.66328 -8.31467 0.149267 4.12231 2.3325 -3.98888 -9.80657 1.57296 -11.3052 -1.14101 9.7886 4.18352 -5.5008 -5.20289 5.3709 -10.9391 -3.17446 3.45669 1.71086 -4.82295 1.16473
97.46 1.36775 -11.5267 3.39844 6.97299 3.50938 -6.37985 -6.24327 1.90201 -9.44421 -4.83854 6.58313 1.21566 -4.46948 1.43926 -5.08693 -7.31682 -4.90223 -0.641753 -1.39894 -2.01604 0.815209 -8.33207 -7.1603 -3.39412 -2.7902 -0.73066 -0.762796 -5.66226 -6.45278 -7.90281 -0.130314 3.20916 1.88308 -3.72728 -9.69941 1.15922 -11.2765 -0.979809 9.26723 4.273 -5.33552 -6.15052 5.32321 -11.1847 -2.88415 3.82602 1.89666 -5.29473 0.707157
97.51 1.045 -11.5052 3.51892 6.52751 3.55788 -6.18121 -7.02046 2.54567 -9.79784 -4.43436 7.22382 1.58441 -4.93287 0.961163 -4.66846 -7.33865 -5.12453 -0.181422 -1.35065 -2.16255 1.5272 -8.11366 -7.17958 -3.59493 -3.01122 -0.882517 -0.777012 -5.16458 -7.13141 -7.61034 -0.505253 2.30533 1.46505 -3.4068 -9.48809 0.726967 -11.2309 -0.802302 8.72001 4.3244 -5.17682 -7.01162 5.1375 -11.4067 -2.61201 4.18699 2.06668 -5.70253 0.255757
97.56 0.668463 -11.4595 3.61416 6.10492 3.57589 -5.97371 -7.74141 3.03498 -10.0996 -4.05793 7.83217 1.91751 -5.35709 0.461905 -4.23009 -7.37066 -5.35076 0.288333 -1.28071 -2.29748 2.1361 -7.85563 -7.1995 -3.76086 -3.12692 -1.01763 -0.863771 -4.65389 -7.68647 -7.41099 -0.921748 1.44602 1.08475 -3.03359 -9.18347 0.267787 -11.1603 -0.603706 8.18995 4.33469 -5.02434 -7.75876 4.84732 -11.608 -2.3568 4.52721 2.22408 -6.05044 -0.192002
97.61 0.242614 -11.3826 3.68804 5.71293 3.56109 -5.76843 -8.39884 3.39133 -10.3576 -3.71013 8.3973 2.22209 -5.725 -0.0441509 -3.75905 -7.42012 -5.55832 0.787967 -1.18493 -2.42377 2.63558 -7.56088 -7.21871 -3.89708 -3.12412 -1.13535 -0.997119 -4.1174 -8.10819 -7.279 -1.34462 0.645833 0.743964 -2.62558 -8.80257 -0.233923 -11.0502 -0.384834 7.68442 4.29818 -4.87778 -8.3859 4.48438 -11.7908 -2.11838 4.83678 2.37081 -6.34491 -0.642989
97.66 -0.238191 -11.261 3.74301 5.34776 3.50782 -5.56905 -8.99193 3.63042 -10.5782 -3.38695 8.90932 2.50403 -6.03014 -0.553294 -3.23097 -7.49958 -5.72498 1.33735 -1.05474 -2.54731 3.02512 -7.2344 -7.23632 -4.01004 -2.9912 -1.2343 -1.15688 -3.54085 -8.39504 -7.19443 -1.75632 -0.0882489 0.440751 -2.20658 -8.36626 -0.805911 -10.876 -0.153104 7.1954 4.20325 -4.73668 -8.89392 4.07769 -11.9568 -1.89725 5.10644 2.5079 -6.59307 -1.10947
97.71 -0.796258 -11.0714 3.77964 4.99947 3.4046 -5.37452 -9.52187 3.76463 -10.7663 -3.08342 9.35897 2.76736 -6.26961 -1.07221 -2.60342 -7.63201 -5.82633 1.94822 -0.874284 -2.67832 3.30489 -6.88343 -7.25192 -4.10721 -2.72702 -1.31264 -1.32999 -2.91183 -8.55508 -7.14334 -2.14893 -0.751993 0.171055 -1.79938 -7.8953 -1.49434 -10.5981 0.0775856 6.70797 4.02916 -4.5997 -9.28596 3.65273 -12.1074 -1.69377 5.32461 2.63559 -6.80175 -1.61207
97.76 -1.47725 -10.7756 3.79501 4.65286 3.23105 -5.18018 -9.98912 3.80394 -10.9247 -2.79499 9.7348 3.01445 -6.4388 -1.61984 -1.81216 -7.85674 -5.83032 2.61648 -0.617311 -2.83481 3.47138 -6.51611 -7.26558 -4.19747 -2.35124 -1.36867 -1.50845 -2.22206 -8.60538 -7.11658 -2.51734 -1.34258 -0.0697568 -1.42262 -7.40711 -2.34988 -10.1694 0.285356 6.20084 3.74901 -4.46316 -9.56638 3.2307 -12.2434 -1.50743 5.47231 2.75326 -6.97693 -2.18333
97.81 -2.33808 -10.3251 3.77832 4.28478 2.96 -4.97669 -10.3906 3.75478 -11.0549 -2.51749 10.0174 3.24619 -6.52814 -2.23063 -0.814042 -8.21285 -5.69885 3.32348 -0.258603 -3.04755 3.51264 -6.13962 -7.27785 -4.29241 -1.90324 -1.40154 -1.6867 -1.46543 -8.56901 -7.10814 -2.85578 -1.85773 -0.285929 -1.09287 -6.91433 -3.34353 -9.59129 0.434266 5.64255 3.35816 -4.31881 -9.73977 2.82743 -12.3651 -1.33607 5.51481 2.8592 -7.1236 -2.86126
97.86 -3.35994 -9.71728 3.70078 3.85878 2.58595 -4.74757 -10.7162 3.61755 -11.1581 -2.24605 10.1699 3.46179 -6.52766 -2.94845 0.275518 -8.66599 -5.42308 4.04712 0.178088 -3.35295 3.41006 -5.75765 -7.2898 -4.4075 -1.42565 -1.4116 -1.85994 -0.650179 -8.46957 -7.11295 -3.15801 -2.29487 -0.480882 -0.829295 -6.42428 -4.33013 -8.9658 0.472396 4.99153 2.90156 -4.1533 -9.81002 2.45111 -12.4727 -1.17503 5.39784 2.95007 -7.24559 -3.66217
97.91 -4.3964 -9.05546 3.50774 3.32584 2.15605 -4.47163 -10.9483 3.38778 -11.237 -1.97369 10.135 3.65834 -6.44314 -3.79658 1.24774 -9.11783 -5.05684 4.7706 0.621993 -3.75613 3.15936 -5.36843 -7.30302 -4.55772 -0.947612 -1.39998 -2.02392 0.176402 -8.32531 -7.12616 -3.41969 -2.65035 -0.657095 -0.653633 -5.9388 -5.21769 -8.40863 0.356194 4.21931 2.43185 -3.95122 -9.78035 2.10117 -12.5661 -1.01712 5.08034 3.02074 -7.34561 -4.56031
97.96 -5.34998 -8.46306 3.14073 2.65477 1.72602 -4.13377 -11.0682 3.06501 -11.2956 -1.69182 9.87661 3.83074 -6.30004 -4.74933 2.02791 -9.51736 -4.66732 5.48506 1.0305 -4.21679 2.78461 -4.96691 -7.3198 -4.74703 -0.478245 -1.36771 -2.1757 0.953293 -8.14622 -7.14408 -3.63984 -2.91872 -0.816133 -0.579554 -5.45437 -6.00536 -7.9717 0.087203 3.3517 1.97735 -3.69886 -9.65363 1.77085 -12.6447 -0.853609 4.59869 3.06602 -7.42529 -5.48779
98.01 -6.2208 -7.99809 2.58715 1.879 1.32328 -3.73259 -11.0641 2.6596 -11.3368 -1.39335 9.44954 3.97379 -6.12702 -5.73157 2.63241 -9.85958 -4.29142 6.18545 1.39666 -4.68364 2.32307 -4.54748 -7.34354 -4.96433 -0.0102237 -1.31475 -2.31435 1.64137 -7.93496 -7.16427 -3.82071 -3.09178 -0.958703 -0.601839 -4.96304 -6.69766 -7.65469 -0.288279 2.45636 1.55173 -3.38838 -9.4336 1.45048 -12.7076 -0.675868 4.0497 3.08332 -7.48566 -6.36502
98.06 -7.01693 -7.66225 1.89672 1.07232 0.957015 -3.28087 -10.9353 2.19049 -11.362 -1.07609 8.9619 4.08498 -5.94439 -6.66317 3.08855 -10.1517 -3.94118 6.8645 1.72647 -5.11963 1.80869 -4.10231 -7.37941 -5.18883 0.473065 -1.239 -2.44125 2.22408 -7.69052 -7.18508 -3.96688 -3.15828 -1.08469 -0.699027 -4.45355 -7.28156 -7.43479 -0.714614 1.58751 1.1625 -3.02292 -9.12781 1.12977 -12.753 -0.477632 3.50713 3.07297 -7.52763 -7.14319
98.11 -7.72994 -7.4316 1.14451 0.289537 0.628599 -2.80157 -10.6926 1.67888 -11.3705 -0.744202 8.48459 4.16426 -5.76322 -7.50335 3.41704 -10.4014 -3.61727 7.51216 2.02783 -5.50433 1.26682 -3.6166 -7.43591 -5.39649 0.991665 -1.13522 -2.56039 2.697 -7.41231 -7.2053 -4.08442 -3.10531 -1.19321 -0.845284 -3.91243 -7.74096 -7.2863 -1.15257 0.771958 0.812518 -2.61784 -8.74971 0.798752 -12.7778 -0.257256 2.99987 3.03629 -7.55209 -7.8046
98.16 -8.34428 -7.27825 0.390844 -0.441946 0.335511 -2.32051 -10.3551 1.1417 -11.3583 -0.407157 8.04087 4.21151 -5.58825 -8.24196 3.63315 -10.6149 -3.31655 8.11832 2.30731 -5.82778 0.714603 -3.06248 -7.52807 -5.5622 1.56299 -0.993076 -2.67897 3.06027 -7.10278 -7.22409 -4.18046 -2.92378 -1.28272 -1.01957 -3.32609 -8.0668 -7.18815 -1.58219 0.0216437 0.500689 -2.19567 -8.31748 0.447064 -12.7768 -0.0185503 2.53192 2.97386 -7.5596 -8.34546
98.21 -8.84015 -7.17917 -0.333294 -1.10961 0.0735073 -1.85945 -9.94543 0.585997 -11.3175 -0.0767006 7.62922 4.22446 -5.42067 -8.87836 3.74875 -10.7964 -3.03543 8.67462 2.56961 -6.08389 0.161984 -2.39186 -7.68334 -5.65716 2.19371 -0.793815 -2.80929 3.31356 -6.7676 -7.24099 -4.2631 -2.61852 -1.3514 -1.20821 -2.68415 -8.26012 -7.12499 -1.99553 -0.657467 0.223396 -1.77859 -7.85042 0.0608814 -12.7416 0.23051 2.09845 2.88421 -7.54991 -8.76674
98.26 -9.19233 -7.11757 -1.02396 -1.70825 -0.161932 -1.43308 -9.48539 0.00436778 -11.2332 0.236058 7.2369 4.19671 -5.25996 -9.41071 3.77264 -10.9485 -2.77114 9.17408 2.81779 -6.26498 -0.388533 -1.53856 -7.94509 -5.64414 2.87419 -0.508883 -2.97294 3.45137 -6.41417 -7.25597 -4.3421 -2.21615 -1.39782 -1.40337 -1.97975 -8.33236 -7.08628 -2.3891 -1.26198 -0.0238912 -1.38342 -7.3654 -0.383734 -12.6574 0.480277 1.69296 2.76238 -7.52122 -9.07172
98.31 -9.37248 -7.08195 -1.6957 -2.23645 -0.374835 -1.04944 -8.99395 -0.629993 -11.0801 0.5219 6.84507 4.11514 -5.10469 -9.83235 3.70916 -11.0724 -2.52201 9.6093 3.05361 -6.35934 -0.943459 -0.492721 -8.33918 -5.48651 3.58385 -0.121917 -3.2046 3.45878 -6.04934 -7.26949 -4.43048 -1.7583 -1.42158 -1.60021 -1.20834 -8.30379 -7.0651 -2.75911 -1.78949 -0.245497 -1.02046 -6.87493 -0.934062 -12.4972 0.721619 1.30982 2.59685 -7.46878 -9.2656
98.36 -9.35998 -7.06483 -2.36936 -2.69476 -0.568456 -0.711985 -8.48629 -1.36948 -10.8159 0.772486 6.43072 3.95629 -4.95249 -10.1323 3.55755 -11.1698 -2.28726 9.9694 3.27768 -6.35952 -1.52163 0.576291 -8.80186 -5.19292 4.30236 0.323107 -3.53577 3.31869 -5.6762 -7.28257 -4.54467 -1.28364 -1.42341 -1.79472 -0.388265 -8.19934 -7.05746 -3.09987 -2.23739 -0.444988 -0.69473 -6.3863 -1.68457 -12.2095 0.94678 0.944344 2.36371 -7.38151 -9.35407
98.41 -9.16464 -7.0618 -3.05471 -3.08477 -0.745258 -0.422401 -7.97375 -2.27978 -10.386 0.976138 5.96745 3.68779 -4.79881 -10.2994 3.31805 -11.2439 -2.06628 10.2347 3.48947 -6.27813 -2.15845 1.48706 -9.24092 -4.8283 5.01566 0.757711 -3.95615 3.03627 -5.29281 -7.29685 -4.6976 -0.814592 -1.40457 -1.98274 0.424123 -8.04174 -7.0619 -3.40448 -2.60196 -0.624988 -0.408003 -5.90115 -2.77341 -11.7175 1.14827 0.591376 2.02754 -7.23428 -9.3386
98.46 -8.8454 -7.07025 -3.73388 -3.40883 -0.907018 -0.184356 -7.46415 -3.34351 -9.78344 1.10875 5.4242 3.29945 -4.63447 -10.3305 3.0004 -11.2988 -1.85742 10.3674 3.68701 -6.14385 -2.89979 2.20463 -9.62341 -4.45241 5.7163 1.15229 -4.4178 2.64391 -4.89502 -7.31477 -4.88877 -0.35444 -1.36596 -2.16009 1.17223 -7.8441 -7.07831 -3.66634 -2.87745 -0.787176 -0.161287 -5.41582 -4.16681 -11.0202 1.31485 0.244712 1.59666 -6.98129 -9.21096
98.51 -8.48446 -7.08747 -4.36722 -3.66954 -1.05496 -0.00823843 -6.96196 -4.40067 -9.11833 1.12723 4.764 2.83962 -4.44504 -10.236 2.62177 -11.3373 -1.65679 10.3077 3.86621 -5.98394 -3.76915 2.75398 -9.95037 -4.09351 6.3984 1.50563 -4.87252 2.18184 -4.47803 -7.33992 -5.10371 0.10735 -1.30721 -2.32342 1.82454 -7.60784 -7.10464 -3.88149 -3.05517 -0.932322 0.0422629 -4.92237 -5.54429 -10.2643 1.42658 -0.0995337 1.15655 -6.58482 -8.96432
98.56 -8.13463 -7.11006 -4.92036 -3.86896 -1.18989 0.0885514 -6.46851 -5.35019 -8.52051 0.988794 3.96774 2.36657 -4.21469 -10.0355 2.19894 -11.3611 -1.45787 10.017 4.02066 -5.81603 -4.73833 3.16154 -10.2297 -3.75952 7.05387 1.82487 -5.28911 1.68341 -4.03383 -7.37773 -5.32066 0.588514 -1.22582 -2.47159 2.36924 -7.33073 -7.13657 -4.05084 -3.12341 -1.06031 0.195155 -4.40957 -6.7153 -9.56402 1.45478 -0.442839 0.763907 -6.05804 -8.61263
98.61 -7.80571 -7.13528 -5.37924 -4.00754 -1.31226 0.0922278 -5.98193 -6.19663 -8.04964 0.690801 3.07786 1.91021 -3.93023 -9.74737 1.74417 -11.3699 -1.25252 9.55153 4.14365 -5.64913 -5.72835 3.44693 -10.4688 -3.44987 7.67379 2.11756 -5.6516 1.17103 -3.54638 -7.43721 -5.5162 1.10899 -1.11599 -2.60706 2.80428 -7.01558 -7.17034 -4.17991 -3.06916 -1.17018 0.285913 -3.86391 -7.66241 -8.96404 1.37021 -0.788769 0.428201 -5.45134 -8.18555
98.66 -7.48496 -7.16144 -5.74599 -4.08287 -1.42214 0.00617061 -5.49699 -6.94851 -7.70833 0.279922 2.1714 1.48437 -3.58542 -9.38383 1.26413 -11.3612 -1.03287 9.02208 4.23088 -5.4869 -6.65585 3.62506 -10.6733 -3.1615 8.25087 2.38971 -5.95259 0.657429 -2.98576 -7.53441 -5.66609 1.68511 -0.966589 -2.73686 3.13082 -6.67102 -7.20369 -4.27704 -2.88387 -1.26028 0.303705 -3.27188 -8.41304 -8.48129 1.16111 -1.14295 0.14272 -4.81907 -7.7142
98.71 -7.15618 -7.18748 -6.03059 -4.0885 -1.51921 -0.148524 -5.00486 -7.59614 -7.47317 -0.181886 1.30003 1.0963 -3.18603 -8.95514 0.759388 -11.3294 -0.793946 8.49898 4.27978 -5.33039 -7.47857 3.70772 -10.8469 -2.89135 8.77992 2.64555 -6.18699 0.147749 -2.30122 -7.69853 -5.7417 2.32162 -0.757734 -2.87432 3.34876 -6.30802 -7.23567 -4.35212 -2.57374 -1.32867 0.245998 -2.6233 -8.99653 -8.11407 0.846298 -1.50673 -0.102382 -4.20291 -7.22317
98.76 -6.80834 -7.21272 -6.24551 -4.01331 -1.60257 -0.344572 -4.49297 -8.12664 -7.31639 -0.648581 0.486523 0.748293 -2.75033 -8.47397 0.223065 -11.2632 -0.536197 8.00337 4.28636 -5.17952 -8.18581 3.70352 -10.9919 -2.63734 9.25661 2.88789 -6.34708 -0.35907 -1.427 -7.97372 -5.7055 3.00693 -0.460468 -3.04306 3.45209 -5.93641 -7.26626 -4.41675 -2.16663 -1.37374 0.122476 -1.91127 -9.43539 -7.84644 0.465977 -1.87023 -0.316057 -3.62999 -6.7285
98.81 -6.43748 -7.23687 -6.40303 -3.84237 -1.67069 -0.559112 -3.94613 -8.53211 -7.21501 -1.09631 -0.258459 0.438649 -2.3031 -7.95575 -0.363398 -11.1429 -0.26637 7.53187 4.24188 -5.03367 -8.77809 3.61616 -11.1093 -2.3985 9.6756 3.11837 -6.42102 -0.870311 -0.369315 -8.3786 -5.52348 3.71944 -0.0632153 -3.27957 3.4252 -5.56233 -7.2961 -4.48564 -1.70359 -1.39489 -0.0488013 -1.13237 -9.74445 -7.65668 0.0607775 -2.21321 -0.505144 -3.11556 -6.23852
98.86 -6.04512 -7.26011 -6.51403 -3.56215 -1.72128 -0.777495 -3.35078 -8.81164 -7.15243 -1.5165 -0.928064 0.163378 -1.86798 -7.41595 -1.03832 -10.9344 0.00341893 7.07046 4.12888 -4.89174 -9.2582 3.44419 -11.2008 -2.17469 10.0281 3.33759 -6.40283 -1.40166 0.687477 -8.8401 -5.21177 4.43861 0.383535 -3.61279 3.25253 -5.18567 -7.32644 -4.5763 -1.22064 -1.39248 -0.24869 -0.309706 -9.93228 -7.52422 -0.341034 -2.51224 -0.674232 -2.66547 -5.755
98.91 -5.63522 -7.28322 -6.58742 -3.17202 -1.75153 -0.992199 -2.70434 -8.9716 -7.11756 -1.90756 -1.51651 -0.0821332 -1.46332 -6.8669 -1.86373 -10.5854 0.256197 6.59787 3.91845 -4.75122 -9.62901 3.18807 -11.2697 -1.96588 10.2985 3.54516 -6.30734 -1.98189 1.57722 -9.27116 -4.8379 5.15041 0.814296 -4.0269 2.94299 -4.7998 -7.35926 -4.70128 -0.736171 -1.36709 -0.462195 0.497874 -10.0037 -7.43252 -0.724945 -2.74585 -0.826007 -2.27886 -5.27382
98.96 -5.21114 -7.3078 -6.6298 -2.69446 -1.75861 -1.20004 -2.02399 -9.02508 -7.10341 -2.2691 -2.01747 -0.302037 -1.10312 -6.31593 -2.87397 -10.055 0.466234 6.08275 3.58479 -4.60631 -9.89268 2.85863 -11.3198 -1.77128 10.4571 3.73943 -6.1637 -2.65452 2.27643 -9.64475 -4.45835 5.8471 1.20401 -4.47239 2.531 -4.39473 -7.39784 -4.8588 -0.249213 -1.3185 -0.680244 1.23592 -9.96203 -7.36933 -1.0864 -2.89525 -0.961677 -1.95106 -4.78578
99.01 -4.77305 -7.33663 -6.64507 -2.16654 -1.74012 -1.39961 -1.34203 -8.98979 -7.10486 -2.59923 -2.42253 -0.499504 -0.801877 -5.76446 -3.95636 -9.40262 0.591006 5.48033 3.15147 -4.44593 -10.05 2.47457 -11.3538 -1.5882 10.4518 3.91691 -5.99812 -3.45661 2.811 -9.96349 -4.09841 6.52215 1.55313 -4.90299 2.05658 -3.95813 -7.44769 -5.03312 0.254128 -1.2444 -0.899347 1.87512 -9.81154 -7.32589 -1.42657 -2.94315 -1.08132 -1.67587 -4.27803
99.06 -4.31567 -7.37419 -6.63392 -1.61672 -1.69372 -1.58997 -0.689766 -8.88437 -7.11685 -2.89521 -2.71995 -0.676543 -0.578979 -5.2075 -4.95567 -8.76769 0.577566 4.74889 2.68127 -4.25557 -10.1009 2.05338 -11.3728 -1.41139 10.2279 4.07171 -5.82707 -4.38053 3.20583 -10.2353 -3.76459 7.16729 1.86899 -5.28969 1.55214 -3.47183 -7.51839 -5.2006 0.792445 -1.13898 -1.12075 2.40421 -9.55822 -7.29612 -1.74945 -2.87463 -1.18411 -1.44702 -3.73608
99.11 -3.82533 -7.428 -6.59278 -1.05187 -1.61549 -1.77086 -0.0878183 -8.72432 -7.13491 -3.15523 -2.89401 -0.833965 -0.454026 -4.63319 -5.84016 -8.24201 0.397863 3.89854 2.21596 -4.02093 -10.0461 1.60638 -11.3764 -1.23345 9.80131 4.1965 -5.65864 -5.36184 3.47891 -10.467 -3.45571 7.77407 2.15895 -5.61721 1.0391 -2.90503 -7.62731 -5.3335 1.38077 -0.990655 -1.35027 2.81987 -9.21052 -7.27579 -2.06019 -2.68274 -1.26867 -1.25882 -3.14668
99.16 -3.27492 -7.51134 -6.51181 -0.460331 -1.49735 -1.94386 0.45243 -8.51958 -7.15602 -3.37969 -2.92592 -0.971424 -0.433441 -4.02296 -6.62193 -7.84876 0.0763297 2.99808 1.77428 -3.73104 -9.88781 1.1382 -11.3617 -1.04614 9.27209 4.28531 -5.4959 -6.3098 3.64317 -10.6636 -3.1685 8.33583 2.42875 -5.87638 0.529115 -2.20676 -7.80569 -5.3988 2.02198 -0.77868 -1.59982 3.11957 -8.77948 -7.26206 -2.36468 -2.37813 -1.33353 -1.10642 -2.50065
99.21 -2.6147 -7.6493 -6.3706 0.177176 -1.32265 -2.11441 0.923277 -8.27505 -7.17819 -3.57171 -2.79986 -1.08756 -0.503734 -3.35348 -7.29665 -7.57249 -0.329468 2.11101 1.36618 -3.38329 -9.63158 0.646638 -11.3225 -0.842452 8.72844 4.33421 -5.33948 -7.16405 3.70726 -10.8282 -2.89983 8.84776 2.68239 -6.05767 0.0260264 -1.31611 -8.09797 -5.35598 2.7035 -0.474516 -1.89154 3.29563 -8.27835 -7.25303 -2.67036 -1.99338 -1.37791 -0.985777 -1.7915
99.26 -1.76372 -7.8871 -6.13114 0.871908 -1.06101 -2.29582 1.31425 -7.99345 -7.20002 -3.73765 -2.51823 -1.1805 -0.639387 -2.60189 -7.85133 -7.38582 -0.766381 1.26874 0.996655 -2.98738 -9.28911 0.12149 -11.2473 -0.619183 8.20541 4.3385 -5.18905 -7.90332 3.67452 -10.9626 -2.64757 9.30557 2.92247 -6.14942 -0.47279 -0.260299 -8.51479 -5.17377 3.40456 -0.0726582 -2.25954 3.33142 -7.72093 -7.24759 -2.98797 -1.57256 -1.40221 -0.893387 -1.01697
99.31 -0.664364 -8.27075 -5.73874 1.61316 -0.681358 -2.51618 1.60396 -7.67824 -7.2205 -3.88847 -2.11742 -1.24882 -0.815012 -1.75376 -8.2763 -7.26352 -1.20208 0.484441 0.66632 -2.56359 -8.87821 -0.45937 -11.1157 -0.379162 7.70503 4.28883 -5.04389 -8.5242 3.54356 -11.0693 -2.41072 9.70359 3.15043 -6.1483 -0.976525 0.76573 -8.97688 -4.87427 4.10615 0.370884 -2.72747 3.2124 -7.11839 -7.24528 -3.3309 -1.15435 -1.408 -0.82608 -0.204227
99.36 0.53087 -8.7531 -5.16967 2.37086 -0.214605 -2.81615 1.75652 -7.33344 -7.23898 -4.04135 -1.65903 -1.29269 -1.0118 -0.825924 -8.56914 -7.18657 -1.62191 -0.235422 0.372467 -2.13616 -8.4196 -1.13767 -10.8921 -0.131978 7.21446 4.16697 -4.90275 -9.02817 3.31599 -11.1523 -2.18891 10.0326 3.36667 -6.07156 -1.50312 1.61425 -9.40382 -4.52219 4.797 0.794182 -3.27497 2.94912 -6.48001 -7.24649 -3.70651 -0.76208 -1.39732 -0.780936 0.587075
99.41 1.56169 -9.22137 -4.47635 3.11417 0.25526 -3.21396 1.74219 -6.96132 -7.25518 -4.21649 -1.19606 -1.3141 -1.21789 0.111084 -8.73569 -7.142 -2.02041 -0.887285 0.110719 -1.72717 -7.93224 -1.97594 -10.5237 0.105466 6.71177 3.94348 -4.76292 -9.41756 3.00449 -11.2157 -1.9819 10.2761 3.57056 -5.94786 -2.08377 2.2727 -9.77283 -4.16663 5.47531 1.17563 -3.85227 2.57603 -5.81959 -7.2528 -4.10672 -0.403588 -1.37168 -0.755414 1.30584
99.46 2.32002 -9.62882 -3.71956 3.82772 0.681966 -3.68291 1.56246 -6.56436 -7.26929 -4.42652 -0.74937 -1.31581 -1.42603 0.975039 -8.78978 -7.12138 -2.39434 -1.46898 -0.123583 -1.3552 -7.43024 -2.99596 -9.97643 0.304832 6.16397 3.59604 -4.61831 -9.69437 2.63099 -11.2625 -1.78869 10.4026 3.76012 -5.80166 -2.76304 2.76933 -10.087 -3.82847 6.14216 1.51677 -4.41349 2.13268 -5.15499 -7.26773 -4.51 -0.0774256 -1.33113 -0.747654 1.92636
99.51 2.77243 -9.97531 -2.91518 4.50965 1.05788 -4.17652 1.24569 -6.14819 -7.28202 -4.66979 -0.312255 -1.30021 -1.63118 1.70721 -8.75119 -7.11847 -2.73932 -1.97815 -0.334565 -1.03902 -6.92258 -4.06924 -9.32307 0.419672 5.52538 3.15476 -4.45776 -9.85975 2.21793 -11.2944 -1.60649 10.3588 3.93144 -5.64808 -3.57436 3.13045 -10.3542 -3.5128 6.79358 1.82532 -4.9281 1.652 -4.4969 -7.29776 -4.88996 0.221392 -1.27321 -0.75698 2.44058
99.56 2.91312 -10.2697 -2.05575 5.16012 1.38917 -4.6554 0.829459 -5.72067 -7.29469 -4.93345 0.132119 -1.26857 -1.82923 2.26867 -8.64123 -7.12736 -3.0503 -2.41084 -0.525457 -0.801025 -6.41418 -5.05126 -8.70113 0.395959 4.75848 2.68161 -4.26703 -9.91479 1.78063 -11.3113 -1.43006 10.0949 4.07813 -5.49474 -4.50302 3.37618 -10.5816 -3.21868 7.41971 2.10891 -5.37855 1.15714 -3.83549 -7.35402 -5.22097 0.49861 -1.19175 -0.784701 2.84898
99.61 2.81972 -10.5202 -1.16285 5.7747 1.68451 -5.09527 0.348111 -5.28834 -7.30925 -5.20033 0.592307 -1.22104 -2.01699 2.64281 -8.47758 -7.14317 -3.32358 -2.76089 -0.698496 -0.661455 -5.90653 -5.91911 -8.19316 0.20942 3.88231 2.21487 -4.03191 -9.86152 1.32584 -11.3115 -1.25213 9.63933 4.19257 -5.34474 -5.47852 3.52257 -10.7746 -2.94369 8.0095 2.37343 -5.75518 0.661911 -3.12767 -7.45649 -5.47765 0.759962 -1.07414 -0.835586 3.15485
99.66 2.64221 -10.7332 -0.302554 6.34464 1.95145 -5.48453 -0.17216 -4.85316 -7.32845 -5.45412 1.0635 -1.15699 -2.19276 2.84862 -8.27117 -7.16262 -3.55809 -3.01979 -0.854945 -0.625256 -5.39752 -6.68251 -7.81629 -0.111617 2.96785 1.77209 -3.74134 -9.70326 0.852847 -11.2904 -1.06467 9.09435 4.26854 -5.19907 -6.41129 3.5829 -10.9368 -2.68574 8.55422 2.62293 -6.0508 0.172335 -2.27348 -7.64478 -5.62816 1.01151 -0.894705 -0.921385 3.36007
99.71 2.48285 -10.9139 0.466101 6.85934 2.19582 -5.81957 -0.714112 -4.41055 -7.35618 -5.68144 1.54295 -1.07503 -2.35671 2.93187 -8.02667 -7.18353 -3.75562 -3.17669 -0.995164 -0.677384 -4.88083 -7.33475 -7.55283 -0.509991 2.07398 1.36304 -3.39266 -9.44649 0.353668 -11.2392 -0.860873 8.54038 4.30121 -5.05799 -7.24604 3.56699 -11.0694 -2.44376 9.04762 2.86004 -6.25431 -0.311989 -1.09142 -7.99056 -5.62351 1.26092 -0.607294 -1.06985 3.45933
99.76 2.36254 -11.067 1.12149 7.30684 2.4217 -6.10087 -1.26908 -3.94814 -7.39833 -5.87142 2.0396 -0.972138 -2.51122 2.93724 -7.74585 -7.20435 -3.92041 -3.21865 -1.11867 -0.791972 -4.34576 -7.86297 -7.37548 -0.935505 1.22853 0.992716 -2.99574 -9.10332 -0.189025 -11.1424 -0.637963 8.00613 4.28382 -4.92156 -7.96416 3.47826 -11.1712 -2.21765 9.48406 3.08621 -6.34766 -0.797526 0.468494 -8.51262 -5.41783 1.51786 -0.197594 -1.33571 3.43355
99.81 2.26834 -11.196 1.66707 7.67225 2.63148 -6.32999 -1.83667 -3.44356 -7.46483 -6.01357 2.56977 -0.842023 -2.66143 2.89332 -7.43118 -7.22401 -4.05852 -3.13287 -1.22422 -0.944183 -3.77831 -8.25915 -7.25992 -1.35819 0.443331 0.66174 -2.57127 -8.69165 -0.807554 -10.9726 -0.399638 7.49002 4.2032 -4.78954 -8.56271 3.31322 -11.2428 -2.00792 9.85586 3.30198 -6.32497 -1.29799 2.01513 -9.05932 -5.05916 1.78824 0.236467 -1.7635 3.26642
99.86 2.18396 -11.3034 2.11572 7.93509 2.82596 -6.50732 -2.42487 -2.85979 -7.57375 -6.09408 3.14777 -0.672588 -2.81641 2.81259 -7.08768 -7.24185 -4.17732 -2.9134 -1.31 -1.116 -3.16444 -8.52351 -7.18812 -1.76402 -0.275192 0.367402 -2.1442 -8.23218 -1.55647 -10.6847 -0.157543 6.97608 4.03537 -4.66067 -9.04309 3.07212 -11.2887 -1.81491 10.1502 3.50694 -6.21459 -1.83784 3.26777 -9.53705 -4.65177 2.07216 0.621396 -2.32536 2.97455
99.91 2.09604 -11.3904 2.48222 8.06773 3.00432 -6.62985 -3.04963 -2.13866 -7.7579 -6.09054 3.77587 -0.442261 -2.99182 2.69433 -6.72252 -7.25768 -4.2856 -2.57204 -1.37413 -1.29624 -2.49386 -8.66509 -7.14795 -2.14664 -0.922756 0.105351 -1.73806 -7.74453 -2.49152 -10.2267 0.0662943 6.43744 3.75016 -4.53107 -9.40729 2.76728 -11.3147 -1.63804 10.3437 3.69963 -6.05694 -2.45629 4.19422 -9.94603 -4.25419 2.37088 0.948136 -2.95305 2.59492
99.96 1.9919 -11.4568 2.78031 8.03968 3.16424 -6.68887 -3.73119 -1.21547 -8.06243 -5.96894 4.44057 -0.12229 -3.21451 2.5249 -6.34342 -7.27174 -4.39441 -2.14309 -1.41536 -1.47808 -1.75937 -8.70046 -7.13119 -2.50144 -1.49628 -0.129016 -1.37454 -7.2445 -3.56023 -9.61229 0.233125 5.83392 3.34857 -4.39194 -9.65666 2.41787 -11.3251 -1.47497 10.3933 3.87707 -5.88147 -3.19679 4.82587 -10.3011 -3.88432 2.68903 1.22573 -3.58617 2.16371
100.01 1.85562 -11.5019 3.02192 7.83598 3.30213 -6.67138 -4.48141 -0.130467 -8.49023 -5.70437 5.12117 0.28828 -3.52049 2.27943 -5.95631 -7.2848 -4.5184 -1.67122 -1.43362 -1.65664 -0.95981 -8.65027 -7.13094 -2.82344 -1.993 -0.339739 -1.07728 -6.74287 -4.59337 -8.96518 0.287415 5.11925 2.886 -4.22975 -9.79188 2.04058 -11.3228 -1.32089 10.2412 4.03413 -5.70391 -4.07011 5.20229 -10.6139 -3.54351 3.03026 1.46516 -4.1861 1.7084
100.06 1.66869 -11.5254 3.21706 7.48451 3.41414 -6.57346 -5.28502 0.909593 -8.9532 -5.32883 5.80023 0.729594 -3.92301 1.9406 -5.56265 -7.29812 -4.67311 -1.19257 -1.42988 -1.82787 -0.126606 -8.53416 -7.14105 -3.10847 -2.40948 -0.529966 -0.87088 -6.2449 -5.51165 -8.4018 0.184648 4.28109 2.41501 -4.02956 -9.81425 1.64497 -11.3089 -1.16858 9.87211 4.16383 -5.53092 -5.02968 5.36228 -10.8926 -3.22822 3.39116 1.67581 -4.73222 1.24674
100.11 1.41893 -11.5283 3.37398 7.05287 3.49761 -6.41283 -6.10034 1.76921 -9.37524 -4.91262 6.4665 1.1458 -4.38527 1.52036 -5.15985 -7.31363 -4.86475 -0.724012 -1.40541 -1.98866 0.678907 -8.3666 -7.15707 -3.35444 -2.74071 -0.701875 -0.76985 -5.75028 -6.32007 -7.96674 -0.0718575 3.37252 1.96103 -3.77812 -9.72631 1.23406 -11.2827 -1.00949 9.36397 4.25978 -5.36445 -5.98684 5.34278 -11.1428 -2.93443 3.7605 1.86486 -5.2155 0.788139
100.16 1.1066 -11.5106 3.49945 6.60562 3.55145 -6.21768 -6.88587 2.44313 -9.73894 -4.50443 7.11185 1.52159 -4.85252 1.04839 -4.74416 -7.33417 -5.08403 -0.263501 -1.36076 -2.13737 1.40768 -8.15549 -7.17606 -3.56186 -2.97923 -0.856709 -0.768395 -5.25378 -7.01929 -7.65478 -0.434139 2.46358 1.53681 -3.46805 -9.53292 0.805551 -11.2405 -0.835362 8.81676 4.31815 -5.2046 -6.86631 5.17913 -11.3688 -2.65919 4.12394 2.03741 -5.63449 0.335702
100.21 0.739118 -11.4697 3.59887 6.17792 3.57499 -6.01068 -7.61765 2.95814 -10.0493 -4.12276 7.72675 1.8605 -5.2854 0.551528 -4.31001 -7.36394 -5.31122 0.203154 -1.29488 -2.27422 2.03566 -7.90434 -7.19598 -3.73367 -3.11461 -0.994823 -0.844227 -4.74627 -7.59725 -7.44087 -0.846415 1.59491 1.14954 -3.1032 -9.24383 0.352054 -11.1752 -0.640644 8.28243 4.33606 -5.05104 -7.63453 4.90517 -11.5735 -2.401 4.46864 2.19689 -5.99263 -0.112331
100.26 0.322086 -11.3991 3.67632 5.78053 3.56632 -5.80456 -8.28656 3.33688 -10.3145 -3.77008 8.30033 2.16968 -5.66401 0.0461161 -3.84616 -7.40958 -5.52373 0.695917 -1.20417 -2.40171 2.55474 -7.61584 -7.21539 -3.87474 -3.13387 -1.11572 -0.970973 -4.21541 -8.04308 -7.29854 -1.26984 0.783567 0.801775 -2.69971 -8.87504 -0.140496 -11.0736 -0.425028 7.77284 4.30852 -4.90345 -8.28306 4.55297 -11.7595 -2.15957 4.78433 2.34542 -6.29609 -0.562028
100.31 -0.147879 -11.2867 3.73456 5.41117 3.52052 -5.6041 -8.89103 3.59586 -10.5414 -3.44289 8.82248 2.45531 -5.98055 -0.462297 -3.33072 -7.48241 -5.69932 1.23524 -1.08101 -2.52514 2.96381 -7.29452 -7.23332 -3.99132 -3.02465 -1.21814 -1.12718 -3.647 -8.35362 -7.20671 -1.68428 0.037356 0.492133 -2.2809 -8.44702 -0.697179 -10.9133 -0.194756 7.28182 4.22521 -4.76143 -8.8121 4.15209 -11.9284 -1.93532 5.06182 2.48419 -6.55198 -1.02453
100.36 -0.689586 -11.1116 3.77452 5.06082 3.4274 -5.40895 -9.43212 3.74794 -10.735 -3.13622 9.28395 2.72172 -6.23194 -0.978481 -2.72501 -7.60305 -5.81436 1.83495 -0.911109 -2.6538 3.2632 -6.94732 -7.24929 -4.0907 -2.78308 -1.30029 -1.2986 -3.02803 -8.53522 -7.15044 -2.08068 -0.639143 0.21681 -1.87011 -7.98082 -1.36072 -10.6574 0.0374388 6.79545 4.06716 -4.62389 -9.22449 3.7287 -12.0817 -1.7287 5.29024 2.61357 -6.76722 -1.51869
100.41 -1.34431 -10.8382 3.79415 4.71532 3.2683 -5.21509 -9.91061 3.80354 -10.8986 -2.84541 9.67401 2.9716 -6.41418 -1.51896 -1.96804 -7.80784 -5.83848 2.49406 -0.670049 -2.80392 3.45042 -6.58233 -7.26327 -4.18145 -2.4247 -1.36038 -1.47656 -2.34957 -8.60347 -7.11985 -2.45378 -1.24292 -0.0288121 -1.48672 -7.49463 -2.18471 -10.258 0.251407 6.29377 3.80749 -4.48772 -9.52443 3.30481 -12.2202 -1.53941 5.45244 2.73311 -6.94797 -2.07486
100.46 -2.17052 -10.4181 3.78458 4.35327 3.01628 -5.0142 -10.3243 3.76989 -11.0337 -2.56627 9.97524 3.20608 -6.51863 -2.11531 -1.00457 -8.13988 -5.73338 3.19584 -0.329851 -3.00381 3.51531 -6.20706 -7.27573 -4.27453 -1.98626 -1.39738 -1.65521 -1.60506 -8.58073 -7.10853 -2.79802 -1.77167 -0.249093 -1.14733 -7.00197 -3.1626 -9.70156 0.414256 5.74745 3.4343 -4.34562 -9.71656 2.89735 -12.3444 -1.36565 5.51718 2.84133 -7.09939 -2.73157
100.51 -3.17217 -9.8335 3.72116 3.94095 2.6585 -4.79117 -10.6645 3.64861 -11.1416 -2.2942 10.1547 3.42469 -6.53438 -2.81127 0.085373 -8.58283 -5.48094 3.91796 0.0978533 -3.29089 3.43942 -5.82605 -7.28764 -4.38479 -1.51127 -1.41143 -1.82967 -0.797948 -8.49096 -7.11135 -3.1071 -2.22292 -0.447614 -0.870378 -6.51114 -4.16084 -9.07472 0.476074 5.11596 2.98498 -4.18499 -9.80491 2.51604 -12.4546 -1.20323 5.43284 2.93521 -7.22555 -3.51119
100.56 -4.217 -9.171 3.55346 3.43056 2.23381 -4.525 -10.9147 3.43559 -11.2246 -2.02262 10.1575 3.62496 -6.46335 -3.63651 1.08852 -9.04064 -5.12532 4.64233 0.544967 -3.67863 3.21405 -5.43845 -7.30048 -4.52803 -1.03206 -1.40358 -1.99556 0.0313626 -8.35371 -7.12338 -3.37617 -2.59327 -0.627023 -0.677646 -6.02496 -5.06745 -8.49963 0.388831 4.36533 2.51487 -3.99052 -9.79281 2.16177 -12.5505 -1.04537 5.15117 3.00989 -7.32934 -4.39591
100.61 -5.18681 -8.55993 3.22024 2.78377 1.80102 -4.19869 -11.0557 3.12894 -11.2865 -1.74304 9.93784 3.80208 -6.32844 -4.57499 1.90274 -9.45058 -4.73629 5.35878 0.960967 -4.133 2.85874 -5.03951 -7.31642 -4.7108 -0.561314 -1.37495 -2.14965 0.820748 -8.18045 -7.14067 -3.60363 -2.87765 -0.789042 -0.58527 -5.54082 -5.87199 -8.04024 0.144543 3.51017 2.05642 -3.74792 -9.68315 1.82862 -12.6318 -0.88352 4.69221 3.05998 -7.41255 -5.32437
100.66 -6.07124 -8.07095 2.69774 2.02142 1.39241 -3.80822 -11.0741 2.73703 -11.3306 -1.44787 9.53292 3.95063 -6.15896 -5.55858 2.53638 -9.80258 -4.35658 6.0621 1.33438 -4.60199 2.40994 -4.62373 -7.33861 -4.92446 -0.094087 -1.32575 -2.2906 1.52636 -7.97494 -7.16059 -3.79121 -3.06841 -0.934528 -0.591648 -5.05145 -6.58187 -7.70324 -0.216272 2.61492 1.62498 -3.44792 -9.47933 1.50723 -12.6976 -0.708871 4.14839 3.0823 -7.47628 -6.21525
100.71 -6.88093 -7.7135 2.02625 1.21529 1.01941 -3.36402 -10.967 2.27768 -11.3587 -1.13383 9.04922 4.06754 -5.97701 -6.50343 3.01721 -10.103 -4.00153 6.74563 1.67007 -5.04538 1.90286 -4.18395 -7.37182 -5.14941 0.385047 -1.25433 -2.41939 2.12837 -7.73651 -7.18139 -3.94314 -3.15481 -1.06351 -0.677427 -4.54614 -7.18634 -7.46801 -0.637039 1.73875 1.22893 -3.09144 -9.18799 1.18732 -12.7463 -0.514558 3.6015 3.07677 -7.52146 -7.01299
100.76 -7.60976 -7.46624 1.27986 0.425633 0.684361 -2.88773 -10.7433 1.77219 -11.3703 -0.80397 8.56731 4.15247 -5.79509 -7.36118 3.36719 -10.3598 -3.67311 7.39965 1.97596 -5.44015 1.36441 -3.70703 -7.4238 -5.36186 0.895918 -1.15611 -2.53949 2.62088 -7.46424 -7.20179 -4.06529 -3.124 -1.17524 -0.816696 -4.01168 -7.66883 -7.30852 -1.07486 0.912573 0.871942 -2.69187 -8.82152 0.858861 -12.775 -0.297996 3.08721 3.0447 -7.54898 -7.69568
100.81 -8.24297 -7.30099 0.523319 -0.316189 0.385269 -2.4052 -10.4211 1.2387 -11.3623 -0.467005 8.11726 4.2055 -5.61885 -8.11798 3.60235 -10.5794 -3.36854 8.01387 2.25893 -5.77497 0.813109 -3.16792 -7.50805 -5.53697 1.45695 -1.02187 -2.65745 3.00362 -7.15995 -7.22088 -4.1646 -2.96555 -1.26826 -0.987195 -3.43427 -8.01867 -7.20269 -1.50678 0.150102 0.553538 -2.27102 -8.3975 0.511702 -12.7792 -0.0620585 2.61249 2.98688 -7.5595 -8.25801
100.86 -8.76161 -7.19365 -0.207046 -0.995742 0.118069 -1.9393 -10.0226 0.686364 -11.3274 -0.134516 7.70061 4.22488 -5.44997 -8.7726 3.73509 -10.7663 -3.08417 8.57958 2.52402 -6.04353 0.260152 -2.52263 -7.64932 -5.64696 2.07733 -0.834639 -2.78444 3.27666 -6.82881 -7.23813 -4.24897 -2.68101 -1.34077 -1.17399 -2.80279 -8.23503 -7.1342 -1.92332 -0.541979 0.270422 -1.85161 -7.9353 0.132996 -12.7509 0.18585 2.17337 2.90232 -7.55295 -8.70039
100.91 -9.14143 -7.12636 -0.903005 -1.60685 -0.121784 -1.506 -9.57006 0.110672 -11.2523 0.182122 7.30608 4.20509 -5.28812 -9.3238 3.77483 -10.9235 -2.81703 9.08965 2.77456 -6.23872 -0.290554 -1.70619 -7.88871 -5.65624 2.7503 -0.567149 -2.93999 3.43582 -6.47807 -7.25343 -4.32778 -2.29309 -1.39122 -1.3684 -2.10999 -8.32755 -7.09173 -2.32064 -1.15996 0.0181262 -1.45161 -7.45241 -0.298678 -12.677 0.436195 1.76335 2.78681 -7.52788 -9.02574
100.96 -9.35416 -7.08677 -1.57657 -2.14759 -0.338436 -1.1144 -9.08299 -0.511271 -11.114 0.473357 6.91575 4.13448 -5.13202 -9.76586 3.72684 -11.0524 -2.56528 9.53695 3.0125 -6.34941 -0.843729 -0.687531 -8.26093 -5.52573 3.45638 -0.197188 -3.15664 3.4679 -6.11489 -7.26715 -4.41335 -1.84196 -1.41899 -1.56523 -1.35029 -8.31515 -7.0678 -2.6952 -1.70134 -0.207764 -1.08243 -6.96222 -0.825017 -12.5331 0.679642 1.37659 2.63035 -7.48022 -9.23895
101.01 -9.37646 -7.06676 -2.24859 -2.61824 -0.535287 -0.768592 -8.57727 -1.22705 -10.8735 0.730888 6.50724 3.99164 -4.97951 -10.0883 3.59106 -11.1543 -2.32801 9.91151 3.23866 -6.36613 -1.41569 0.394476 -8.7193 -5.25253 4.17456 0.243097 -3.4693 3.35462 -5.74326 -7.28021 -4.52175 -1.36809 -1.42464 -1.76045 -0.535562 -8.22239 -7.05793 -3.04166 -2.16364 -0.410971 -0.749876 -6.47298 -1.53012 -12.2734 0.908204 1.00831 2.41174 -7.40044 -9.34586
101.06 -9.21078 -7.06143 -2.93226 -3.02026 -0.714934 -0.470338 -8.06494 -2.10376 -10.4764 0.944148 6.05477 3.74478 -4.8266 -10.2797 3.36682 -11.2322 -2.10465 10.1958 3.45274 -6.29737 -2.03874 1.33947 -9.16665 -4.8953 4.88947 0.682966 -3.87674 3.09573 -5.36198 -7.29412 -4.66736 -0.897293 -1.40938 -1.94994 0.282915 -8.07292 -7.06022 -3.35322 -2.54339 -0.59429 -0.456148 -5.98734 -2.5512 -11.8224 1.11455 0.653562 2.09587 -7.2667 -9.3492
101.11 -8.90749 -7.06801 -3.61512 -3.35587 -0.879267 -0.222608 -7.55439 -3.14943 -9.89963 1.09206 5.52835 3.37579 -4.66509 -10.3346 3.06193 -11.2903 -1.89384 10.3559 3.65304 -6.17029 -2.75856 2.09009 -9.55959 -4.51853 5.59277 1.08523 -4.33495 2.71995 -4.96707 -7.31117 -4.85246 -0.436029 -1.37427 -2.12948 1.04551 -7.88203 -7.07456 -3.62309 -2.83528 -0.759567 -0.20218 -5.50252 -3.91031 -11.1534 1.28851 0.306178 1.6767 -7.03628 -9.2424
101.16 -8.54877 -7.08392 -4.25963 -3.62766 -1.0296 -0.0343232 -7.0507 -4.21952 -9.2347 1.1345 4.89153 2.92372 -4.48131 -10.2611 2.69283 -11.3316 -1.69216 10.335 3.83592 -6.01336 -3.60556 2.66724 -9.8959 -4.15563 6.27869 1.44547 -4.79372 2.26756 -4.55393 -7.3347 -5.06464 0.0243078 -1.31922 -2.29547 1.71615 -7.65285 -7.09941 -3.84664 -3.03117 -0.90773 0.00946219 -5.01125 -5.31203 -10.3968 1.41189 -0.0383825 1.23219 -6.666 -9.01659
101.21 -8.19521 -7.10578 -4.82867 -3.8379 -1.16681 0.0779077 -6.55574 -5.18932 -8.6184 1.02578 4.11841 2.4501 -4.25933 -10.0781 2.27682 -11.3579 -1.49351 10.0845 3.9953 -5.84601 -4.56157 3.09843 -10.1831 -3.81711 6.93956 1.77019 -5.21861 1.77364 -4.11545 -7.36974 -5.28294 0.500566 -1.24216 -2.44627 2.28033 -7.383 -7.13067 -4.02385 -3.11986 -1.03882 0.172127 -4.50283 -6.5238 -9.68212 1.45728 -0.381694 0.829561 -6.1593 -8.68167
101.26 -7.86316 -7.13068 -5.30451 -3.98739 -1.29139 0.0985107 -6.06822 -6.05282 -8.12354 0.753885 3.23953 1.98949 -3.98523 -9.80446 1.82708 -11.3695 -1.28991 9.64202 4.12429 -5.67855 -5.55477 3.40437 -10.4289 -3.50333 7.56641 2.06712 -5.59143 1.26256 -3.6374 -7.42446 -5.48402 1.01265 -1.13802 -2.58364 2.73483 -7.07412 -7.16432 -4.15954 -3.08828 -1.15202 0.274851 -3.96406 -7.50913 -9.06248 1.39442 -0.726752 0.484005 -5.56263 -8.26563
101.31 -7.54221 -7.15677 -5.68706 -4.07432 -1.40351 0.0272728 -5.58353 -6.82192 -7.7605 0.358454 2.33117 1.55753 -3.65113 -9.4536 1.35131 -11.3643 -1.07329 9.11708 4.21809 -5.51536 -6.49778 3.60064 -10.6392 -3.21142 8.15155 2.34256 -5.90373 0.748614 -3.09283 -7.51328 -5.64392 1.57808 -0.996814 -2.71368 3.0806 -6.73401 -7.19784 -4.26167 -2.92643 -1.24578 0.306147 -3.38116 -8.29244 -8.55849 1.20699 -1.07913 0.190293 -4.93142 -7.80012
101.36 -7.21587 -7.18289 -5.9854 -4.09303 -1.5029 -0.117198 -5.09348 -7.48911 -7.50853 -0.0983237 1.4513 1.16244 -3.26043 -9.03569 0.851216 -11.3371 -0.837943 8.59023 4.27401 -5.35783 -7.34051 3.69956 -10.8181 -2.93821 8.68946 2.60107 -6.15042 0.238146 -2.43511 -7.66256 -5.73523 2.20424 -0.800488 -2.84842 3.31806 -6.37351 -7.23009 -4.33988 -2.6371 -1.31816 0.261511 -2.74319 -8.9038 -8.17156 0.908394 -1.44155 -0.06129 -4.31002 -7.31118
101.41 -6.87191 -7.2083 -6.2118 -4.03324 -1.5888 -0.307774 -4.58618 -8.04122 -7.33966 -0.566473 0.62653 0.807335 -2.82945 -8.56278 0.321452 -11.2782 -0.583227 8.08954 4.28859 -5.20598 -8.06842 3.71038 -10.9681 -2.68143 9.17581 2.84566 -6.32452 -0.268842 -1.59844 -7.91478 -5.72197 2.88231 -0.521021 -3.00925 3.44266 -6.00284 -7.26089 -4.40541 -2.24439 -1.36746 0.148527 -2.04292 -9.36711 -7.88774 0.536528 -1.80636 -0.279991 -3.72798 -6.81635
101.46 -6.50516 -7.23265 -6.37869 -3.88049 -1.65978 -0.520334 -4.0467 -8.46923 -7.22982 -1.01852 -0.131208 0.491114 -2.38243 -8.04998 -0.253981 -11.1695 -0.314799 7.61455 4.25416 -5.0593 -8.68097 3.63782 -11.0904 -2.43992 9.60557 3.07817 -6.41465 -0.778439 -0.56444 -8.29923 -5.5668 3.59162 -0.139766 -3.2308 3.44039 -5.62899 -7.2908 -4.4723 -1.7883 -1.39287 -0.0157091 -1.27546 -9.69849 -7.68572 0.133265 -2.15472 -0.473057 -3.20248 -6.32523
101.51 -6.11636 -7.25601 -6.49725 -3.62032 -1.71368 -0.738754 -3.46064 -8.77091 -7.16128 -1.44384 -0.814661 0.210063 -1.94365 -7.513 -0.909194 -10.9801 -0.0439157 7.15268 4.15515 -4.91679 -9.18082 3.48108 -11.1862 -2.21342 9.97083 3.2994 -6.41244 -1.30456 0.509066 -8.75851 -5.27391 4.31085 0.303799 -3.54644 3.29396 -5.25313 -7.32093 -4.55786 -1.30696 -1.3946 -0.211762 -0.45691 -9.90748 -7.5444 -0.270569 -2.46323 -0.64546 -2.74085 -5.8407
101.56 -5.70928 -7.27905 -6.57678 -3.2488 -1.74777 -0.954432 -2.82264 -8.95137 -7.12209 -1.8401 -1.41798 -0.0404187 -1.53246 -6.96489 -1.70297 -10.6604 0.213419 6.68402 3.96452 -4.77632 -9.5709 3.23948 -11.2589 -2.00196 10.2575 3.50912 -6.32873 -1.87325 1.4333 -9.19848 -4.90603 5.02465 0.740397 -3.94936 3.00675 -4.86958 -7.35312 -4.67639 -0.822333 -1.37328 -0.423681 0.357991 -9.99932 -7.44646 -0.658225 -2.70992 -0.80019 -2.3432 -5.35964
101.61 -5.28759 -7.30322 -6.62431 -2.78422 -1.75916 -1.16362 -2.14621 -9.0226 -7.10464 -2.20697 -1.93504 -0.264616 -1.16338 -6.41399 -2.68345 -10.1618 0.433611 6.17938 3.65305 -4.63284 -9.85354 2.92183 -11.3121 -1.80496 10.439 3.70595 -6.1915 -2.52599 2.16486 -9.58249 -4.52486 5.72448 1.13779 -4.39307 2.60999 -4.46873 -7.39035 -4.82894 -0.336575 -1.32891 -0.641324 1.11125 -9.97754 -7.37892 -1.0237 -2.8756 -0.938692 -2.00537 -4.87368
101.66 -4.85219 -7.33102 -6.64425 -2.26266 -1.74538 -1.36474 -1.46201 -9.00172 -7.10369 -2.5429 -2.35792 -0.465895 -0.850383 -5.86279 -3.76689 -9.52133 0.577458 5.59614 3.23302 -4.47624 -10.0298 2.54608 -11.3489 -1.62014 10.4675 3.88678 -6.02834 -3.30396 2.7267 -9.91042 -4.1606 6.40394 1.49366 -4.82895 2.144 -4.03883 -7.43764 -5.00185 0.162522 -1.25966 -0.860276 1.76924 -9.84605 -7.33248 -1.36743 -2.94277 -1.06122 -1.72129 -4.37048
101.71 -4.39895 -7.36658 -6.63793 -1.71558 -1.70415 -1.55679 -0.80262 -8.90751 -7.11416 -2.84513 -2.67554 -0.646476 -0.611958 -5.30746 -4.78657 -8.8743 0.591957 4.88908 2.76539 -4.2923 -10.0996 2.13047 -11.3705 -1.44271 10.2845 4.04614 -5.85747 -4.20937 3.14491 -10.19 -3.82209 7.05504 1.81486 -5.22488 1.64302 -3.56316 -7.50365 -5.17247 0.693296 -1.16045 -1.08099 2.3183 -9.61049 -7.30063 -1.69303 -2.89582 -1.16711 -1.48463 -3.83567
101.76 -3.91598 -7.41675 -6.60263 -1.15384 -1.63202 -1.73933 -0.190684 -8.75628 -7.1314 -3.11159 -2.87287 -0.807383 -0.46855 -4.73742 -5.69044 -8.32586 0.441588 4.05584 2.29742 -4.06649 -10.0635 1.68754 -11.377 -1.26557 9.88803 4.17678 -5.68825 -5.18716 3.43859 -10.4284 -3.509 7.6692 2.10896 -5.56368 1.13041 -3.01376 -7.60398 -5.31375 1.27206 -1.02097 -1.3084 2.75426 -9.27885 -7.27886 -2.00552 -2.72574 -1.25503 -1.28957 -3.25552
101.81 -3.3791 -7.49345 -6.52986 -0.568427 -1.52188 -1.91348 0.361136 -8.55902 -7.15214 -3.34224 -2.93146 -0.948468 -0.429837 -4.13521 -6.49029 -7.90947 0.141495 3.15874 1.85065 -3.78694 -9.92338 1.22308 -11.3658 -1.08051 9.36913 4.27232 -5.5244 -6.14682 3.62145 -10.631 -3.21818 8.23937 2.38201 -5.83564 0.6194 -2.34358 -7.76692 -5.39385 1.90437 -0.822325 -1.55313 3.07494 -8.86173 -7.26411 -2.31064 -2.43939 -1.32348 -1.13111 -2.62006
101.86 -2.74346 -7.61904 -6.40154 0.0596145 -1.35903 -2.08379 0.844927 -8.32136 -7.17423 -3.53967 -2.83414 -1.06854 -0.485651 -3.47804 -7.18497 -7.6143 -0.253693 2.26618 1.43607 -3.44915 -9.68391 0.736167 -11.3317 -0.880115 8.82412 4.3286 -5.36686 -7.02016 3.70295 -10.8012 -2.9464 8.76047 2.63829 -6.03163 0.115097 -1.48995 -8.036 -5.37335 2.58015 -0.536395 -1.83511 3.27398 -8.37204 -7.25435 -2.61544 -2.06578 -1.37151 -1.00509 -1.92262
101.91 -1.93321 -7.83489 -6.18332 0.744221 -1.11566 -2.26174 1.25125 -8.04615 -7.19621 -3.70961 -2.5786 -1.16573 -0.61166 -2.7425 -7.7619 -7.41368 -0.688057 1.41466 1.05952 -3.06056 -9.35564 0.218192 -11.2641 -0.660315 8.29664 4.34132 -5.21541 -7.78041 3.68746 -10.9408 -2.69133 9.22827 2.88065 -6.14003 -0.38401 -0.452712 -8.43417 -5.21632 3.27927 -0.149472 -2.18695 3.33618 -7.8237 -7.24832 -2.92996 -1.64821 -1.3993 -0.907908 -1.159
101.96 -0.875139 -8.19204 -5.82186 1.47903 -0.757467 -2.4723 1.56128 -7.73661 -7.21699 -3.86206 -2.19484 -1.23847 -0.781766 -1.91174 -8.21037 -7.28151 -1.12544 0.619454 0.722336 -2.63997 -8.95543 -0.350384 -11.1446 -0.422768 7.79288 4.30228 -5.06939 -8.42231 3.5741 -11.0522 -2.45177 9.63747 3.11071 -6.15478 -0.885857 0.594122 -8.89576 -4.93332 3.98187 0.292181 -2.63717 3.24485 -7.22854 -7.24546 -3.26752 -1.22733 -1.40824 -0.836358 -0.34914
102.01 0.324401 -8.66561 -5.28224 2.23632 -0.300125 -2.7555 1.74106 -7.39685 -7.23585 -4.01306 -1.74211 -1.2866 -0.97583 -0.994288 -8.52654 -7.1976 -1.54866 -0.1122 0.422282 -2.21147 -8.50382 -1.00717 -10.9408 -0.175855 7.30191 4.19513 -4.92767 -8.94692 3.36316 -11.139 -2.22729 9.97967 3.32906 -6.08948 -1.40655 1.47777 -9.33195 -4.58609 4.675 0.721727 -3.17383 3.00517 -6.59573 -7.24597 -3.63741 -0.829488 -1.40034 -0.787469 0.450421
102.06 1.39679 -9.14208 -4.6056 2.98384 0.174148 -3.13672 1.75733 -7.02947 -7.25246 -4.18295 -1.27742 -1.31181 -1.18089 -0.0524323 -8.71477 -7.14798 -1.95119 -0.776344 0.155167 -1.79776 -8.02038 -1.8125 -10.6023 0.0649686 6.80342 3.99212 -4.78792 -9.35654 3.06516 -11.2057 -2.01768 10.2401 3.53524 -5.97211 -1.97458 2.16821 -9.71138 -4.22896 5.35542 1.11088 -3.74958 2.64866 -5.93794 -7.25118 -4.03453 -0.464915 -1.37731 -0.758616 1.18466
102.11 2.20668 -9.56098 -3.85763 3.70307 0.609799 -3.5963 1.60551 -6.63662 -7.26691 -4.38647 -0.827738 -1.31682 -1.38907 0.829532 -8.78755 -7.12359 -2.32976 -1.37068 -0.0836957 -1.41791 -7.5202 -2.80495 -10.0854 0.27395 6.26667 3.66646 -4.64483 -9.65328 2.70094 -11.2553 -1.82216 10.3908 3.72757 -5.82854 -2.63297 2.69152 -10.0348 -3.88704 6.0244 1.45867 -4.31634 2.21514 -5.2729 -7.26421 -4.43917 -0.133314 -1.3395 -0.747786 1.82362
102.16 2.71524 -9.91771 -3.06223 4.39055 0.994484 -4.08881 1.31043 -6.22332 -7.27981 -4.62453 -0.390111 -1.30418 -1.59508 1.58849 -8.76387 -7.11796 -2.68027 -1.89298 -0.298564 -1.09025 -7.01309 -3.8825 -9.44067 0.407956 5.6478 3.23724 -4.48812 -9.83843 2.29354 -11.2898 -1.63832 10.3818 3.90253 -5.67554 -3.42018 3.07513 -10.3098 -3.56735 6.67916 1.77243 -4.84084 1.73912 -4.61363 -7.29089 -4.8252 0.169954 -1.285 -0.754046 2.35687
102.21 2.90892 -10.2208 -2.21251 5.04678 1.33308 -4.57251 0.909195 -5.79725 -7.29236 -4.88579 0.0519025 -1.27536 -1.79465 2.18238 -8.66515 -7.12515 -2.99763 -2.33967 -0.49284 -0.836638 -6.50461 -4.88521 -8.80484 0.412078 4.90451 2.76607 -4.30384 -9.91298 1.85983 -11.3095 -1.46135 10.1581 4.05417 -5.52184 -4.33167 3.34013 -10.5438 -3.26956 7.31063 2.05998 -5.30356 1.24553 -3.95481 -7.34137 -5.16673 0.450596 -1.20842 -0.778272 2.78389
102.26 2.84685 -10.4786 -1.32155 5.66829 1.63421 -5.02048 0.437263 -5.36548 -7.30641 -5.15336 0.509376 -1.23068 -1.98442 2.58958 -8.51005 -7.14001 -3.27778 -2.70498 -0.668936 -0.678597 -5.99687 -5.77237 -8.27383 0.253888 4.04326 2.29655 -4.07757 -9.8788 1.40801 -11.3129 -1.28427 9.73009 4.17487 -5.37113 -5.3057 3.50315 -10.7426 -2.99134 7.90762 2.32754 -5.69386 0.749722 -3.26046 -7.4335 -5.43865 0.714349 -1.09861 -0.824449 3.10778
102.31 2.67415 -10.6978 -0.450175 6.24693 1.90574 -5.41918 -0.0775962 -4.93093 -7.32454 -5.41054 0.979107 -1.16964 -2.16238 2.8224 -8.31076 -7.159 -3.51914 -2.98083 -0.828286 -0.624587 -5.48844 -6.55441 -7.87432 -0.0471143 3.13032 1.84865 -3.79738 -9.73888 0.938614 -11.296 -1.09907 9.19355 4.25804 -5.22466 -6.25146 3.57796 -10.9101 -2.73047 8.46087 2.57949 -6.00451 0.258996 -2.44339 -7.60217 -5.61103 0.96715 -0.932982 -0.902645 3.33099
102.36 2.50824 -10.8839 0.337401 6.77228 2.15377 -5.76392 -0.616564 -4.49031 -7.3504 -5.64342 1.45675 -1.09103 -2.32832 2.92385 -8.07289 -7.17978 -3.72301 -3.15678 -0.971406 -0.662752 -4.97378 -7.22739 -7.59264 -0.435917 2.23003 1.43309 -3.4587 -9.49894 0.445044 -11.2511 -0.898536 8.63783 4.29881 -5.08276 -7.10578 3.57514 -11.048 -2.48568 8.96379 2.81867 -6.22559 -0.225969 -1.33399 -7.91425 -5.63838 1.21626 -0.668466 -1.03674 3.45008
102.41 2.38154 -11.0416 1.01317 7.23271 2.38272 -6.05467 -1.16948 -4.03273 -7.38941 -5.84079 1.94926 -0.992204 -2.48422 2.94048 -7.79841 -7.20071 -3.89323 -3.2202 -1.09796 -0.768188 -4.44293 -7.77849 -7.40191 -0.859374 1.37483 1.05571 -3.06909 -9.16999 -0.0880759 -11.164 -0.678968 8.0996 4.29105 -4.9455 -7.8451 3.4995 -11.1554 -2.25671 9.41084 3.04672 -6.3398 -0.710526 0.177946 -8.41273 -5.46863 1.4712 -0.275841 -1.27701 3.44836
102.46 2.28396 -11.1747 1.57748 7.61404 2.59527 -6.29298 -1.73449 -3.53786 -7.45056 -5.99231 2.47222 -0.867607 -2.63467 2.904 -7.48948 -7.22063 -4.03558 -3.15792 -1.20682 -0.91524 -3.88233 -8.1984 -7.27685 -1.28394 0.578353 0.717858 -2.64772 -8.76902 -0.689808 -11.0099 -0.442779 7.58112 4.22307 -4.81275 -8.46489 3.34832 -11.2321 -2.04403 9.79489 3.26434 -6.3366 -1.20691 1.75802 -8.9663 -5.12917 1.73911 0.161886 -1.67584 3.3062
102.51 2.19888 -11.2858 2.0423 7.89695 2.79248 -6.47962 -2.31806 -2.97176 -7.55005 -6.0851 3.04108 -0.70643 -2.7879 2.82952 -7.15063 -7.23883 -4.15722 -2.96203 -1.29627 -1.08456 -3.27761 -8.48581 -7.1983 -1.69335 -0.152398 0.417292 -2.21932 -8.31654 -1.41063 -10.7471 -0.200101 7.06843 4.07304 -4.6835 -8.96614 3.12019 -11.2822 -1.84805 10.1043 3.4713 -6.23877 -1.73733 3.06921 -9.45747 -4.72454 2.02064 0.557289 -2.21852 3.03405
102.56 2.11249 -11.3764 2.42236 8.05505 2.97384 -6.61235 -2.93485 -2.28028 -7.71759 -6.09871 3.66084 -0.489012 -2.9581 2.71855 -6.78875 -7.255 -4.26665 -2.64044 -1.36437 -1.26389 -2.61769 -8.64821 -7.15319 -2.08044 -0.81284 0.149838 -1.80785 -7.83262 -2.31136 -10.3217 0.0292386 6.53672 3.8103 -4.5545 -9.35089 2.82537 -11.3113 -1.66841 10.3182 3.66635 -6.08695 -2.33836 4.05201 -9.87759 -4.32313 2.31645 0.8939 -2.83948 2.66721
102.61 2.01227 -11.4465 2.7317 8.05751 3.13728 -6.68359 -3.60495 -1.39552 -7.99799 -6.00082 4.32051 -0.18668 -3.1698 2.55983 -6.4116 -7.26934 -4.37441 -2.22384 -1.40972 -1.44583 -1.89505 -8.70104 -7.13278 -2.44055 -1.39974 -0.0891379 -1.43512 -7.33386 -3.36796 -9.72833 0.209969 5.94825 3.42645 -4.41796 -9.62065 2.48249 -11.3242 -1.50317 10.3976 3.8468 -5.91316 -3.05488 4.73326 -10.2413 -3.94796 2.63076 1.17942 -3.47508 2.24288
102.66 1.88307 -11.4955 2.98258 7.88453 3.27938 -6.68053 -4.34309 -0.326882 -8.40834 -5.76141 4.99973 0.210751 -3.45868 2.32979 -6.02566 -7.2825 -4.49448 -1.75651 -1.43202 -1.62529 -1.10609 -8.66454 -7.13007 -2.76874 -1.91035 -0.303812 -1.1242 -6.83196 -4.41745 -9.07662 0.288437 5.256 2.97003 -4.26097 -9.77612 2.10925 -11.3241 -1.34795 10.2849 4.00797 -5.73529 -3.90626 5.15222 -10.5609 -3.60218 2.96787 1.42489 -4.08285 1.79029
102.71 1.70637 -11.5227 3.18534 7.55511 3.39624 -6.59623 -5.13977 0.736122 -8.87255 -5.4006 5.68005 0.651886 -3.84542 2.00758 -5.63328 -7.29565 -4.64284 -1.27723 -1.4321 -1.79808 -0.274679 -8.55892 -7.13871 -3.06057 -2.34142 -0.497499 -0.900086 -6.3332 -5.35659 -8.49313 0.21503 4.43761 2.49808 -4.06861 -9.81843 1.71651 -11.3123 -1.19593 9.95117 4.14306 -5.56125 -4.85634 5.34797 -10.8452 -3.28266 3.32592 1.64007 -4.63947 1.32886
102.76 1.46811 -11.5293 3.34853 7.13234 3.48491 -6.44474 -5.95642 1.63049 -9.30437 -4.98704 6.34921 1.07462 -4.30117 1.59984 -5.23237 -7.3106 -4.82817 -0.806556 -1.41124 -1.9609 0.540103 -8.39975 -7.15393 -3.31353 -2.68829 -0.672551 -0.780103 -5.83824 -6.18394 -8.03461 -0.0167646 3.53596 2.03993 -3.82707 -9.74987 1.30835 -11.2884 -1.03869 9.45963 4.24537 -5.39358 -5.82058 5.35779 -11.1002 -2.9853 3.69479 1.83254 -5.13423 0.869329
102.81 1.16646 -11.5154 3.47916 6.68441 3.54406 -6.2538 -6.74955 2.33558 -9.67834 -4.57538 6.99891 1.4576 -4.77103 1.13486 -4.81929 -7.32999 -5.04378 -0.345398 -1.3702 -2.1118 1.28492 -8.19606 -7.17256 -3.52766 -2.94398 -0.830374 -0.762234 -5.34265 -6.90332 -7.70232 -0.364556 2.62316 1.60975 -3.52753 -9.57471 0.883359 -11.2494 -0.867755 8.91403 4.31063 -5.23258 -6.71742 5.21728 -11.3302 -2.70691 4.06029 2.00774 -5.56451 0.415798
102.86 0.808227 -11.4789 3.58288 6.25191 3.57307 -6.04771 -7.49188 2.877 -9.99761 -4.18852 7.62002 1.80256 -5.21196 0.640907 -4.38902 -7.35772 -5.27121 0.118801 -1.30828 -2.25065 1.93176 -7.95187 -7.19244 -3.7055 -3.09861 -0.971476 -0.826281 -4.83791 -7.50382 -7.473 -0.771384 1.74563 1.21559 -3.17156 -9.30165 0.43511 -11.189 -0.676903 8.37573 4.33601 -5.07792 -7.50649 4.96055 -11.5385 -2.44573 4.40915 2.16935 -5.93308 -0.0327004
102.91 0.399921 -11.4143 3.664 5.84903 3.57038 -5.84089 -8.17223 3.27865 -10.2703 -3.83085 8.20174 2.11653 -5.60104 0.136314 -3.93168 -7.39988 -5.48797 0.605359 -1.2224 -2.37951 2.47042 -7.66975 -7.21202 -3.85162 -3.13954 -1.09551 -0.94574 -4.31222 -7.97365 -7.31965 -1.19476 0.923371 0.860799 -2.77335 -8.94563 -0.0490544 -11.0952 -0.464742 7.86187 4.31711 -4.92929 -8.17643 4.62002 -11.7277 -2.2013 4.73067 2.31972 -6.24577 -0.481454
102.96 -0.0597811 -11.3106 3.72553 5.47519 3.53175 -5.63933 -8.78812 3.55792 -10.5036 -3.49948 8.73372 2.40598 -5.92891 -0.371517 -3.42768 -7.46671 -5.67177 1.13508 -1.10582 -2.50313 2.89902 -7.35383 -7.23027 -3.97205 -3.05386 -1.20134 -1.09794 -3.75153 -8.30809 -7.2201 -1.61166 0.165173 0.544605 -2.35548 -8.52657 -0.591782 -10.9475 -0.236329 7.3684 4.24482 -4.78633 -8.72657 4.22578 -11.8996 -1.97395 5.01566 2.46018 -6.5096 -0.940573
103.01 -0.58643 -11.1487 3.76878 5.12234 3.44813 -5.44342 -9.3404 3.72819 -10.7028 -3.18951 9.20669 2.67557 -6.19209 -0.885485 -2.84184 -7.5767 -5.79953 1.7236 -0.945704 -2.62992 3.21797 -7.01065 -7.2466 -4.07392 -2.83538 -1.28723 -1.26742 -3.14234 -8.51175 -7.15835 -2.01169 -0.523988 0.263506 -1.94172 -8.06572 -1.23231 -10.7121 -0.00325414 6.88246 4.10192 -4.64814 -9.15945 3.80466 -12.0555 -1.76418 5.25381 2.59124 -6.7316 -1.42725
103.06 -1.2169 -10.8962 3.7924 4.77728 3.3026 -5.2498 -9.83007 3.80032 -10.8716 -2.89619 9.61044 2.92827 -6.38712 -1.4198 -2.11703 -7.76311 -5.84251 2.373 -0.71955 -2.77456 3.42562 -6.64824 -7.26091 -4.16549 -2.4956 -1.35136 -1.44468 -2.47497 -8.59868 -7.12374 -2.38931 -1.14088 0.0129332 -1.55221 -7.58196 -2.02487 -10.3413 0.215891 6.38532 3.8622 -4.51211 -9.47906 3.37946 -12.1966 -1.57189 5.42955 2.7126 -6.91808 -1.96961
103.11 -2.00902 -10.5055 3.78921 4.42021 3.06904 -5.05104 -10.2557 3.78225 -11.0117 -2.61529 9.92931 3.16547 -6.50627 -2.00318 -1.19054 -8.07072 -5.76304 3.06883 -0.398114 -2.9629 3.51349 -6.27434 -7.27359 -4.25718 -2.06815 -1.3925 -1.62358 -1.74259 -8.59034 -7.10936 -2.73915 -1.68315 -0.21157 -1.20376 -7.08969 -2.9822 -9.8095 0.391052 5.84964 3.50799 -4.37184 -9.69006 2.96812 -12.3234 -1.39559 5.51484 2.82301 -7.07439 -2.60588
103.16 -2.98568 -9.94713 3.73829 4.02001 2.72888 -4.8334 -10.61 3.67675 -11.1243 -2.34236 10.1339 3.38702 -6.53828 -2.67832 -0.108002 -8.49998 -5.53548 3.78885 0.0181413 -3.23216 3.46395 -5.89424 -7.2855 -4.36316 -1.5968 -1.41057 -1.79913 -0.944947 -8.51088 -7.11004 -3.05492 -2.14841 -0.413743 -0.914141 -6.59817 -3.98833 -9.18547 0.474916 5.23647 3.06782 -4.21561 -9.79663 2.58184 -12.436 -1.23158 5.46139 2.91974 -7.2048 -3.36365
103.21 -4.03487 -9.28836 3.59383 3.53078 2.31141 -4.57642 -10.8776 3.48041 -11.2115 -2.07128 10.1726 3.59085 -6.48152 -3.48017 0.923027 -8.96179 -5.19284 4.5138 0.466846 -3.60328 3.26458 -5.50811 -7.29804 -4.49963 -1.11683 -1.40652 -1.96683 -0.115006 -8.38099 -7.12076 -3.33133 -2.53347 -0.596401 -0.704889 -6.1112 -4.91397 -8.59444 0.416351 4.50788 2.59831 -4.02828 -9.80218 2.22305 -12.5345 -1.0735 5.21614 2.99826 -7.31241 -4.23296
103.26 -5.02092 -8.66083 3.29356 2.90894 1.87683 -4.26154 -11.0393 3.19015 -11.2769 -1.79376 9.99298 3.77251 -6.35577 -4.40213 1.77184 -9.38194 -4.80564 5.23209 0.890044 -4.04963 2.92992 -5.11159 -7.31323 -4.67557 -0.64452 -1.38153 -2.12317 0.685485 -8.21367 -7.13734 -3.56615 -2.83363 -0.761428 -0.594165 -5.62711 -5.73569 -8.11272 0.198155 3.6674 2.13636 -3.79513 -9.70967 1.88676 -12.6184 -0.913021 4.7831 3.05305 -7.39919 -5.15966
103.31 -5.91938 -8.14804 2.80352 2.16251 1.4627 -3.88212 -11.0801 2.81231 -11.324 -1.50176 9.61392 3.92646 -6.19054 -5.38423 2.43553 -9.74394 -4.42255 5.93813 1.2709 -4.51948 2.495 -4.69923 -7.33402 -4.88496 -0.177584 -1.33605 -2.26646 1.40802 -8.01388 -7.15693 -3.76058 -3.04175 -0.909831 -0.583988 -5.13937 -6.46275 -7.75502 -0.14612 2.77417 1.69935 -3.50564 -9.52226 1.56402 -12.6871 -0.74124 4.24712 3.08039 -7.46633 -6.06243
103.36 -6.74239 -7.76826 2.15344 1.35886 1.08301 -3.44616 -10.995 2.36342 -11.3548 -1.19105 9.13673 4.04908 -6.00964 -6.34083 2.94174 -10.0529 -4.06274 6.62583 1.61273 -4.96955 1.99607 -4.26444 -7.36481 -5.10958 0.298038 -1.26882 -2.39723 2.02917 -7.78142 -7.17768 -3.91847 -3.14763 -1.04179 -0.65751 -4.6378 -7.08724 -7.50361 -0.559949 1.89161 1.2966 -3.15858 -9.24577 1.2446 -12.739 -0.550766 3.69696 3.07974 -7.51474 -6.8791
103.41 -7.48656 -7.50346 1.41497 0.563285 0.741267 -2.97369 -10.791 1.86464 -11.3695 -0.863504 8.65111 4.13968 -5.82715 -7.21577 3.3137 -10.317 -3.72972 7.28588 1.92337 -5.37405 1.46162 -3.79554 -7.41268 -5.32605 0.801783 -1.17588 -2.5185 2.54127 -7.51514 -7.19823 -4.04543 -3.13861 -1.15667 -0.789077 -4.10956 -7.59247 -7.33242 -0.996938 1.05522 0.932595 -2.76523 -8.89151 0.918383 -12.7716 -0.338109 3.17583 3.0523 -7.54534 -7.58293
103.46 -8.13805 -7.32556 0.656697 -0.18844 0.436038 -2.49044 -10.4847 1.33514 -11.3654 -0.526996 8.19474 4.19844 -5.6497 -7.99077 3.5683 -10.5428 -3.42117 7.90788 2.21 -5.72007 0.91158 -3.27007 -7.4898 -5.50969 1.35284 -1.04902 -2.63619 2.9435 -7.21625 -7.21761 -4.14826 -3.00326 -1.25315 -0.955324 -3.54073 -7.96628 -7.2184 -1.43088 0.280797 0.607507 -2.34643 -8.47631 0.57536 -12.7805 -0.105182 2.6942 2.99907 -7.55886 -8.16675
103.51 -8.67869 -7.20939 -0.0796562 -0.879697 0.163496 -2.02019 -10.0981 0.786038 -11.3361 -0.19284 7.77272 4.22407 -5.47949 -8.66357 3.7185 -10.7353 -3.13345 8.48277 2.47798 -6.00085 0.358413 -2.64796 -7.61838 -5.6336 1.96265 -0.87293 -2.76046 3.23618 -6.8894 -7.2352 -4.23466 -2.74016 -1.32944 -1.14 -2.91949 -8.20599 -7.14422 -1.85051 -0.42414 0.318423 -1.92527 -8.01953 0.20348 -12.7588 0.141267 2.24921 2.91945 -7.5554 -8.63033
103.56 -9.08523 -7.13602 -0.781312 -1.50321 -0.080902 -1.58025 -9.65365 0.215576 -11.2695 0.127376 7.37541 4.21189 -5.31645 -9.23345 3.77426 -10.8977 -2.86341 9.00324 2.73093 -6.20979 -0.192624 -1.86688 -7.8368 -5.66382 2.62746 -0.622004 -2.90895 3.41627 -6.54159 -7.25084 -4.31367 -2.36802 -1.3839 -1.3335 -2.23807 -8.3194 -7.09776 -2.25147 -1.05551 0.0609781 -1.52079 -7.53921 -0.216516 -12.6943 0.391891 1.83448 2.80997 -7.53383 -8.9762
103.61 -9.32974 -7.0922 -1.45741 -2.0565 -0.301412 -1.18082 -9.17145 -0.395449 -11.1447 0.423751 6.98586 4.15156 -5.15946 -9.69558 3.74174 -11.0315 -2.60901 9.46231 2.97102 -6.33645 -0.744553 -0.88011 -8.18559 -5.56023 3.32927 -0.270095 -3.11184 3.47237 -6.1802 -7.26479 -4.39695 -1.92495 -1.4157 -1.5302 -1.49037 -8.32398 -7.07094 -2.63042 -1.61069 -0.169315 -1.14556 -7.04956 -0.721451 -12.5655 0.637192 1.44394 2.66194 -7.49067 -9.20894
103.66 -9.38686 -7.06914 -2.12826 -2.53955 -0.501574 -0.826703 -8.66806 -1.08982 -10.9261 0.687913 6.58238 4.02368 -5.00653 -10.0402 3.62175 -11.138 -2.36921 9.85079 3.19927 -6.36997 -1.31132 0.207797 -8.63619 -5.30948 4.04663 0.162941 -3.40597 3.38585 -5.81001 -7.27788 -4.50004 -1.45269 -1.4252 -1.726 -0.682727 -8.24366 -7.05877 -2.98235 -2.08728 -0.376327 -0.806255 -6.55979 -1.38582 -12.3312 0.868932 1.07271 2.45666 -7.41772 -9.3344
103.71 -9.25245 -7.06144 -2.80987 -2.95363 -0.684127 -0.51986 -8.15619 -1.93366 -10.5607 0.910144 6.13977 3.79771 -4.85414 -10.2556 3.413 -11.2199 -2.14343 10.153 3.41557 -6.31478 -1.92213 1.18555 -9.09057 -4.96178 4.76291 0.606947 -3.79895 3.15147 -5.43071 -7.29149 -4.63841 -0.980335 -1.41357 -1.91682 0.139863 -8.10283 -7.05894 -3.30063 -2.48205 -0.563024 -0.505547 -6.07357 -2.34099 -11.9199 1.07982 0.715976 2.1606 -7.29607 -9.35633
103.76 -8.96791 -7.06607 -3.49515 -3.30088 -0.851075 -0.262718 -7.64486 -2.956 -10.0129 1.07205 5.62901 3.44944 -4.69502 -10.3346 3.12142 -11.2812 -1.93056 10.3388 3.61853 -6.19582 -2.62149 1.97005 -9.49397 -4.58514 5.46869 1.01681 -4.25208 2.79359 -5.03854 -7.30777 -4.81702 -0.517667 -1.38196 -2.09843 0.915818 -7.91875 -7.07115 -3.57836 -2.79008 -0.731418 -0.244402 -5.58902 -3.65468 -11.2839 1.2606 0.367724 1.75603 -7.08669 -9.27001
103.81 -8.61337 -7.08055 -4.14959 -3.58385 -1.00383 -0.0628168 -7.13972 -4.03481 -9.35283 1.13689 5.01457 3.00723 -4.51636 -10.2828 2.76241 -11.3253 -1.72763 10.3549 3.80488 -6.04247 -3.44557 2.5759 -9.83987 -4.21855 6.15819 1.38419 -4.7138 2.35199 -4.62905 -7.32985 -5.02577 -0.0582375 -1.33054 -2.26702 1.60436 -7.69656 -7.09439 -3.81032 -3.00379 -0.882599 -0.0248775 -5.09959 -5.07321 -10.5308 1.39475 0.0228137 1.30931 -6.74273 -9.06536
103.86 -8.25654 -7.1016 -4.73398 -3.80492 -1.14332 0.0643174 -6.64321 -5.02509 -8.72031 1.05743 4.26559 2.53408 -4.3023 -10.1177 2.35363 -11.3543 -1.52898 10.1457 3.96897 -5.876 -4.38605 3.03136 -10.1352 -3.87549 6.82418 1.71464 -5.14645 1.86336 -4.19585 -7.36236 -5.24467 0.413758 -1.25766 -2.42052 2.18793 -7.43402 -7.12483 -3.99554 -3.1125 -1.01676 0.147204 -4.59514 -6.32501 -9.8033 1.45631 -0.320596 0.897065 -6.25769 -8.74815
103.91 -7.92098 -7.12612 -5.22681 -3.96526 -1.27013 0.10183 -6.1546 -5.9061 -8.20169 0.812998 3.40035 2.06969 -4.03829 -9.85912 1.90917 -11.3686 -1.32688 9.73003 4.10381 -5.70811 -5.37948 3.35834 -10.3879 -3.55748 7.4577 2.016 -5.52934 1.35403 -3.72636 -7.41276 -5.45054 0.918027 -1.15889 -2.55996 2.66194 -7.13167 -7.15829 -4.1381 -3.10325 -1.13324 0.261508 -4.0628 -7.34944 -9.16463 1.41459 -0.664972 0.541459 -5.67286 -8.34416
103.96 -7.59927 -7.1521 -5.62546 -4.06362 -1.38447 0.0460337 -5.6699 -6.69211 -7.8162 0.435084 2.49192 1.63188 -3.71501 -9.52125 1.43773 -11.3666 -1.1131 9.21216 4.2041 -5.54401 -6.33645 3.57315 -10.6042 -3.26192 8.05073 2.29489 -5.8528 0.839925 -3.19637 -7.49401 -5.61961 1.47302 -1.02532 -2.69064 3.02696 -6.79636 -7.19195 -4.24553 -2.9649 -1.2306 0.30615 -3.48868 -8.16641 -8.63943 1.24929 -1.01566 0.239198 -5.04412 -7.88533
104.01 -7.27498 -7.17827 -5.93793 -4.09509 -1.48617 -0.0873216 -5.18157 -7.37843 -7.54651 -0.015059 1.60435 1.22986 -3.33353 -9.11448 0.942129 -11.3439 -0.881309 8.68239 4.26695 -5.38544 -7.19879 3.68862 -10.7884 -2.98558 8.59737 2.55615 -6.11157 0.328667 -2.56327 -7.62986 -5.72546 2.08853 -0.840607 -2.82331 3.28382 -6.43868 -7.22446 -4.32724 -2.69714 -1.30693 0.274832 -2.86111 -8.80641 -8.23233 0.968162 -1.37649 -0.0191623 -4.41841 -7.39903
104.06 -6.93474 -7.20385 -6.1762 -4.05023 -1.57455 -0.271649 -4.67837 -7.95186 -7.36479 -0.483811 0.768669 0.867616 -2.90807 -8.65032 0.418437 -11.2917 -0.629808 8.17654 4.28928 -5.23261 -7.94736 3.71461 -10.9435 -2.72599 9.09322 2.80305 -6.29931 -0.178679 -1.76304 -7.86031 -5.73384 2.75868 -0.578164 -2.97734 3.42922 -6.06919 -7.2555 -4.3941 -2.32016 -1.36043 0.17295 -2.17241 -9.29467 -7.93163 0.606117 -1.74199 -0.24312 -3.82778 -6.90433
104.11 -6.57212 -7.2284 -6.35282 -3.91518 -1.64832 -0.481721 -4.14576 -8.40232 -7.24592 -0.939872 -0.00160028 0.544695 -2.46204 -8.14345 -0.147019 -11.1937 -0.363139 7.69767 4.26443 -5.08506 -8.58028 3.65681 -11.0706 -2.4818 9.53351 3.03763 -6.40529 -0.687059 -0.758229 -8.22234 -5.60557 3.4641 -0.214246 -3.18513 3.45096 -5.69562 -7.2855 -4.45954 -1.87226 -1.3901 0.0163855 -1.4168 -9.64867 -7.71667 0.205772 -2.09496 -0.440321 -3.29143 -6.41216
104.16 -6.18702 -7.2519 -6.47924 -3.6749 -1.70545 -0.699914 -3.56879 -8.72633 -7.17106 -1.37025 -0.69872 0.257715 -2.02021 -7.60971 -0.78443 -11.0217 -0.0916627 7.23471 4.17854 -4.94192 -9.09997 3.51525 -11.171 -2.25263 9.91105 3.26084 -6.41942 -1.20875 0.325424 -8.6761 -5.3337 4.1829 0.223705 -3.48297 3.33085 -5.32035 -7.31548 -4.54051 -1.39323 -1.39599 -0.175322 -0.604233 -9.87897 -7.56594 -0.199564 -2.41225 -0.616132 -2.81826 -5.92652
104.21 -5.78289 -7.27492 -6.56514 -3.32258 -1.74328 -0.916455 -2.93968 -8.92767 -7.1273 -1.7717 -1.31672 0.00212593 -1.60294 -7.06282 -1.54852 -10.7295 0.169507 6.76907 4.00666 -4.80134 -9.50938 3.28846 -11.2475 -2.03851 10.2132 3.47268 -6.34844 -1.76725 1.28315 -9.12394 -4.97383 4.89845 0.665182 -3.8731 3.06702 -4.9388 -7.34713 -4.65262 -0.908496 -1.37874 -0.385333 0.216081 -9.99138 -7.46135 -0.590787 -2.67142 -0.773863 -2.40945 -5.44532
104.26 -5.36362 -7.29874 -6.61796 -2.8722 -1.75891 -1.12695 -2.26817 -9.0172 -7.1064 -2.14387 -1.84964 -0.226472 -1.22541 -6.51205 -2.49653 -10.2639 0.398619 6.27354 3.71771 -4.65898 -9.81103 2.98319 -11.3039 -1.83903 10.4162 3.67197 -6.21851 -2.40155 2.04792 -9.51843 -4.59196 5.60121 1.07023 -4.31346 2.6868 -4.54182 -7.38317 -4.79975 -0.423529 -1.33854 -0.602434 0.983516 -9.98957 -7.38917 -0.960316 -2.85283 -0.915204 -2.06138 -4.96104
104.31 -4.93078 -7.32564 -6.64262 -2.35802 -1.74977 -1.32958 -1.58281 -9.01133 -7.10287 -2.48549 -2.28999 -0.431634 -0.901241 -5.96099 -3.57493 -9.63998 0.559771 5.70792 3.31313 -4.50568 -10.0062 2.61633 -11.3434 -1.65232 10.4765 3.85597 -6.05833 -3.1555 2.63786 -9.85583 -4.22363 6.28483 1.43309 -4.75361 2.23035 -4.11811 -7.42817 -4.97052 0.071924 -1.27397 -0.821249 1.65988 -9.87726 -7.33952 -1.30771 -2.93876 -1.0406 -1.7682 -4.46193
104.36 -4.48132 -7.35943 -6.64103 -1.81404 -1.71362 -1.52331 -0.917004 -8.92886 -7.11169 -2.79392 -2.62732 -0.61579 -0.647975 -5.40698 -4.61366 -8.98423 0.600975 5.02506 2.84956 -4.3277 -10.0949 2.20671 -11.3678 -1.47404 10.334 4.01966 -5.88794 -4.04062 3.08005 -10.1434 -3.88041 6.94163 1.75988 -5.15824 1.73357 -3.65221 -7.48997 -5.14343 0.595696 -1.18067 -1.04142 2.22879 -9.6597 -7.30545 -1.6362 -2.91307 -1.14953 -1.52355 -3.93381
104.41 -4.00498 -7.40632 -6.61131 -1.25509 -1.64736 -1.70752 -0.295466 -8.7868 -7.128 -3.06682 -2.84734 -0.780175 -0.486447 -4.84064 -5.53749 -8.41401 0.480458 4.21112 2.37958 -4.11033 -10.0776 1.76802 -11.377 -1.29744 9.97089 4.15595 -5.71803 -5.01183 3.39476 -10.3887 -3.56299 7.56294 2.05831 -5.50803 1.22179 -3.11872 -7.58257 -5.29207 1.1651 -1.04944 -1.26706 2.68502 -9.34447 -7.28215 -1.95062 -2.765 -1.24076 -1.32147 -3.36259
104.46 -3.48023 -7.47706 -6.54619 -0.67516 -1.54478 -1.88295 0.26769 -8.59719 -7.1483 -3.30373 -2.93204 -0.924849 -0.429266 -4.24571 -6.35534 -7.97406 0.203654 3.31963 1.92805 -3.84097 -9.95579 1.30727 -11.3693 -1.11438 9.46551 4.25809 -5.55311 -5.981 3.59653 -10.5974 -3.26847 8.14135 2.33474 -5.7925 0.709913 -2.4745 -7.73153 -5.38572 1.78817 -0.863189 -1.50758 3.02648 -8.94168 -7.26632 -2.25659 -2.49785 -1.31278 -1.15683 -2.73751
104.51 -2.86675 -7.59158 -6.4297 -0.0560972 -1.3929 -2.05338 0.764146 -8.36648 -7.17027 -3.50675 -2.86331 -1.04878 -0.469794 -3.6001 -7.06956 -7.6591 -0.179099 2.4227 1.50718 -3.51338 -9.73342 0.824738 -11.3398 -0.917148 8.92044 4.32161 -5.39444 -6.87264 3.69559 -10.7732 -2.9935 8.6715 2.59376 -6.0028 0.204348 -1.65735 -7.97843 -5.38625 2.45755 -0.594874 -1.78089 3.248 -8.46388 -7.25579 -2.56083 -2.13679 -1.36446 -1.02531 -2.05158
104.56 -2.09438 -7.78735 -6.23095 0.618187 -1.16655 -2.22864 1.18525 -8.09776 -7.19236 -3.681 -2.63481 -1.15019 -0.585311 -2.88005 -7.66839 -7.4437 -0.609779 1.56238 1.12364 -3.13271 -9.41989 0.313336 -11.2792 -0.700867 8.38866 4.34253 -5.24195 -7.65375 3.69731 -10.9181 -2.73557 9.14912 2.83845 -6.12762 -0.295297 -0.644879 -8.35562 -5.25472 3.15408 -0.224495 -2.11759 3.33601 -7.92501 -7.24916 -2.8727 -1.72379 -1.39578 -0.92324 -1.29944
104.61 -1.08077 -8.11738 -5.89906 1.34562 -0.830178 -2.43075 1.51448 -7.79402 -7.21342 -3.83558 -2.27008 -1.22735 -0.74926 -2.0668 -8.14022 -7.30101 -1.04833 0.756488 0.779532 -2.71611 -9.03103 -0.244122 -11.1708 -0.466061 7.88115 4.3136 -5.09502 -8.31671 3.60152 -11.0343 -2.49329 9.56924 3.07062 -6.15869 -0.795754 0.41688 -8.81363 -4.99038 3.85728 0.212961 -2.54971 3.27252 -7.33749 -7.24574 -3.20519 -1.30108 -1.40794 -0.847353 -0.494398
104.66 0.113304 -8.57796 -5.39042 2.10143 -0.385242 -2.6981 1.72033 -7.45939 -7.23266 -3.98538 -1.82489 -1.27978 -0.940197 -1.16182 -8.47986 -7.2097 -1.47473 0.0131655 0.473142 -2.28725 -8.58704 -0.881377 -10.9853 -0.219901 7.38915 4.22027 -4.95265 -8.86203 3.40754 -11.1252 -2.26615 9.9242 3.29106 -6.10577 -1.31143 1.33506 -9.25822 -4.64976 4.55259 0.647926 -3.07392 3.0575 -6.71064 -7.24559 -3.56921 -0.897976 -1.40289 -0.794635 0.311623
104.71 1.22337 -9.06083 -4.73273 2.85258 0.0916983 -3.06203 1.76707 -7.09681 -7.24967 -4.15052 -1.35934 -1.30888 -1.14398 -0.217921 -8.69017 -7.15476 -1.8812 -0.663192 0.200509 -1.86943 -8.10801 -1.65543 -10.6749 0.0235104 6.89388 4.03674 -4.81283 -9.29194 3.12373 -11.1951 -2.05392 10.2007 3.49949 -5.99555 -1.86825 2.05844 -9.64813 -4.29181 5.23518 1.04479 -3.64655 2.71887 -6.05607 -7.2498 -3.9626 -0.527296 -1.38247 -0.762386 1.06041
104.76 2.08378 -9.49116 -3.99429 3.57741 0.53598 -3.51072 1.64399 -6.70823 -7.26447 -4.34756 -0.906523 -1.31728 -1.35204 0.680078 -8.78226 -7.12638 -2.26429 -1.27009 -0.0430508 -1.48225 -7.60995 -2.61686 -10.19 0.240737 6.36679 3.73346 -4.67093 -9.60866 2.76954 -11.2476 -1.85601 10.3739 3.69448 -5.85514 -2.50711 2.6093 -9.98099 -3.94633 5.9062 1.3995 -4.21781 2.29627 -5.39105 -7.2611 -4.36774 -0.190101 -1.34736 -0.748455 1.71751
104.81 2.64789 -9.85841 -3.2075 4.27046 0.929622 -4.00078 1.37181 -6.29805 -7.27758 -4.58003 -0.467812 -1.30764 -1.55877 1.46449 -8.77418 -7.11786 -2.62016 -1.80543 -0.261913 -1.14383 -7.10355 -3.69293 -9.55873 0.392068 5.76615 3.31847 -4.51761 -9.8136 2.36834 -11.2847 -1.67036 10.3979 3.8729 -5.70299 -3.27009 3.01607 -10.264 -3.62259 6.56401 1.71871 -4.75159 1.82571 -4.73045 -7.28477 -4.75903 0.1178 -1.29611 -0.751674 2.2698
104.86 2.89632 -10.1704 -2.3678 4.93235 1.27581 -4.48846 0.986712 -5.87367 -7.29008 -4.83832 -0.0277766 -1.28164 -1.75977 2.09007 -8.68731 -7.12318 -2.94378 -2.26593 -0.459649 -0.875313 -6.59507 -4.71541 -8.91206 0.422901 5.04661 2.85064 -4.3393 -9.90773 1.93848 -11.3071 -1.49263 10.2146 4.02922 -5.54903 -4.1624 3.30086 -10.5048 -3.32106 7.20046 2.01041 -5.22628 1.33387 -4.07313 -7.33 -5.1103 0.402047 -1.22405 -0.772525 2.71554
104.91 2.87058 -10.4357 -1.48087 5.56054 1.58299 -4.94411 0.525078 -5.44254 -7.30369 -5.10605 0.426834 -1.23981 -1.95148 2.53074 -8.54114 -7.13699 -3.23075 -2.64624 -0.638848 -0.699093 -6.0872 -5.62236 -8.35878 0.293733 4.2026 2.37893 -4.1215 -9.89272 1.48963 -11.3136 -1.31615 9.81748 4.15597 -5.39766 -5.13189 3.48095 -10.7095 -3.03953 7.80434 2.28117 -5.63001 0.837711 -3.3896 -7.41284 -5.39654 0.668387 -1.12137 -0.814294 3.05753
104.96 2.70655 -10.6613 -0.600565 6.14753 1.85928 -5.35212 0.0162262 -5.00853 -7.32087 -5.36619 0.894925 -1.18175 -2.1316 2.79203 -8.34914 -7.15544 -3.479 -2.93871 -0.801116 -0.626872 -5.57917 -6.42287 -7.93612 0.0146223 3.29329 1.92624 -3.85154 -9.77132 1.02364 -11.3008 -1.13298 9.29231 4.24621 -5.2504 -6.08862 3.57058 -10.8825 -2.7757 8.36592 2.53565 -5.9554 0.345854 -2.60416 -7.56405 -5.58937 0.922665 -0.968158 -0.885601 3.29865
105.01 2.53496 -10.8529 0.205088 6.68317 2.11113 -5.70655 -0.519436 -4.56955 -7.34502 -5.60427 1.37101 -1.1064 -2.29961 2.91319 -8.11794 -7.17603 -3.68932 -3.13331 -0.947125 -0.650251 -5.06622 -7.11616 -7.63532 -0.362885 2.38755 1.50436 -3.5231 -9.54856 0.535202 -11.2616 -0.935581 8.73591 4.29488 -5.10768 -6.96183 3.581 -11.0257 -2.52809 8.87821 2.77695 -6.19348 -0.139919 -1.56202 -7.84455 -5.64678 1.17179 -0.725137 -1.00694 3.43704
105.06 2.40147 -11.0154 0.901286 7.15609 2.34323 -6.0068 -1.07024 -4.11617 -7.38117 -5.80871 1.85988 -1.01147 -2.45704 2.94208 -7.84987 -7.19703 -3.86515 -3.21775 -1.07669 -0.745703 -4.53917 -7.68982 -7.4304 -0.783233 1.52301 1.11997 -3.14142 -9.23436 0.0107572 -11.1835 -0.719426 8.19374 4.29639 -4.96959 -7.72225 3.51834 -11.1386 -2.29629 9.33564 3.0069 -6.32811 -0.623876 -0.110821 -8.31436 -5.51379 1.42499 -0.352737 -1.22357 3.45862
105.11 2.29997 -11.1527 1.48473 7.55273 2.55857 -6.25434 -1.63287 -3.62995 -7.43747 -5.9692 2.37615 -0.892056 -2.60799 2.91352 -7.54681 -7.2172 -4.01198 -3.17869 -1.18881 -0.886984 -3.98494 -8.13344 -7.29524 -1.20918 0.715462 0.775162 -2.72396 -8.84476 -0.575775 -11.0438 -0.485691 7.67243 4.24039 -4.83607 -8.3633 3.38094 -11.2205 -2.08066 9.73158 3.22637 -6.34519 -1.11688 1.4916 -8.87099 -5.19727 1.6904 0.0857555 -1.59288 3.34179
105.16 2.21376 -11.2676 1.9662 7.85488 2.75851 -6.45022 -2.21228 -3.07982 -7.52845 -6.07364 2.93605 -0.73852 -2.7599 2.84533 -7.21284 -7.23573 -4.13673 -3.0066 -1.28186 -1.05342 -3.38902 -8.44413 -7.20953 -1.62197 -0.0273726 0.468231 -2.29498 -8.39992 -1.27068 -10.8043 -0.243042 7.16021 4.1071 -4.70634 -8.88551 3.16613 -11.2749 -1.8817 10.0555 3.43529 -6.26128 -1.63902 2.86009 -9.37561 -4.79752 1.96955 0.491273 -2.11413 3.09055
105.21 2.12851 -11.3617 2.36028 8.03742 2.94279 -6.59292 -2.82177 -2.41564 -7.6809 -6.10337 3.54711 -0.533049 -2.92565 2.7413 -6.85449 -7.25227 -4.24764 -2.70579 -1.35389 -1.23161 -2.73953 -8.62785 -7.15919 -2.01339 -0.700593 0.195226 -1.87887 -7.92025 -2.13668 -10.411 -0.00929914 6.63423 3.8664 -4.57772 -9.29086 2.88193 -11.3075 -1.69925 10.2886 3.6326 -6.1163 -2.22416 3.90023 -9.80737 -4.39293 2.2626 0.83804 -2.72632 2.73769
105.26 2.03173 -11.4356 2.68125 8.06968 3.10964 -6.67595 -3.48093 -1.56907 -7.938 -6.02807 4.20106 -0.24784 -3.12757 2.5925 -6.47952 -7.2669 -4.35478 -2.30301 -1.40334 -1.4135 -2.02856 -8.69878 -7.13492 -2.37864 -1.30079 -0.0484927 -1.49765 -7.42312 -3.17518 -9.84251 0.183574 6.05924 3.50204 -4.44334 -9.58101 2.54617 -11.323 -1.53168 10.3958 3.81593 -5.94474 -2.91739 4.63234 -10.1801 -4.01254 2.57322 1.13184 -3.36306 2.32118
105.31 1.909 -11.4883 2.94173 7.92799 3.25582 -6.68705 -4.20672 -0.523649 -8.32814 -5.81444 4.87831 0.134621 -3.40014 2.37714 -6.09482 -7.2802 -4.47147 -1.84148 -1.42971 -1.59373 -1.25091 -8.67663 -7.12955 -2.71288 -1.82519 -0.267222 -1.17389 -6.92116 -4.23774 -9.19043 0.284524 5.38854 3.05366 -4.29107 -9.75677 2.17732 -11.325 -1.37512 10.3213 3.98098 -5.7668 -3.74569 5.09508 -10.5068 -3.66168 2.90617 1.38367 -3.97795 1.87193
105.36 1.74206 -11.5194 3.15237 7.62273 3.37744 -6.61685 -4.99516 0.556869 -8.79068 -5.47076 5.55951 0.57346 -3.77008 2.07179 -5.70364 -7.29324 -4.6138 -1.36221 -1.43365 -1.76798 -0.423311 -8.58199 -7.13658 -3.01143 -2.2707 -0.464445 -0.932645 -6.42164 -5.19802 -8.58855 0.240253 4.59142 2.58162 -4.10608 -9.81909 1.78758 -11.3152 -1.22312 10.0251 4.12125 -5.59179 -4.68343 5.32778 -10.7969 -3.33779 3.26102 1.60362 -4.54475 1.41105
105.41 1.51526 -11.5296 3.32205 7.2111 3.47127 -6.47542 -5.8117 1.48568 -9.23162 -5.06161 6.23131 1.00213 -4.21747 1.67751 -5.3045 -7.3077 -4.79257 -0.889435 -1.41644 -1.93276 0.39901 -8.43152 -7.1509 -3.27139 -2.63298 -0.642684 -0.793641 -5.92619 -6.04443 -8.10653 0.0346217 3.69914 2.11974 -3.87415 -9.77003 1.38212 -11.2936 -1.06745 9.55374 4.22979 -5.42293 -5.65205 5.36804 -11.0567 -3.03676 3.62897 1.79968 -5.0509 0.950721
105.46 1.22453 -11.5194 3.45803 6.76376 3.53571 -6.28947 -6.61157 2.22286 -9.616 -4.64717 6.88507 1.3924 -4.68857 1.22044 -4.89388 -7.32606 -5.00392 -0.427217 -1.37899 -2.08585 1.15902 -8.23535 -7.1691 -3.49231 -2.90554 -0.803511 -0.758683 -5.43123 -6.78358 -7.75313 -0.296796 2.78393 1.68385 -3.58518 -9.61337 0.960446 -11.2577 -0.899506 9.01164 4.30185 -5.26076 -6.56504 5.25175 -11.2909 -2.75516 3.99611 1.97764 -5.49258 0.496063
105.51 0.87577 -11.4872 3.56618 6.32687 3.57015 -6.08472 -7.36413 2.79145 -9.94443 -4.25522 7.51204 1.74364 -5.13685 0.729978 -4.4672 -7.35194 -5.23086 0.0351515 -1.32092 -2.22676 1.82441 -7.99819 -7.18888 -3.67632 -3.07902 -0.94759 -0.810078 -4.9289 -7.40623 -7.50752 -0.696824 1.89813 1.2829 -3.23856 -9.35683 0.517053 -11.2018 -0.71247 8.46985 4.33456 -5.105 -7.37465 5.01328 -11.5029 -2.49099 4.34878 2.14146 -5.87177 0.0469337
105.56 0.476163 -11.4282 3.65107 5.91847 3.57332 -5.8774 -8.05585 3.21655 -10.2248 -3.89246 8.10156 2.06261 -5.53612 0.226434 -4.01577 -7.39094 -5.45117 0.51618 -1.23967 -2.35714 2.3826 -7.72258 -7.20861 -3.82768 -3.14118 -1.07472 -0.921525 -4.40793 -7.89992 -7.34246 -1.11943 1.06521 0.921053 -2.84636 -9.01422 0.0405756 -11.1151 -0.503924 7.95156 4.32403 -4.95532 -8.066 4.68538 -11.6953 -2.24357 4.67585 2.29371 -6.1939 -0.401192
105.61 0.0262511 -11.3326 3.71593 5.53989 3.54158 -5.67475 -8.6832 3.51654 -10.4647 -3.55674 8.64309 2.35602 -5.87522 -0.280903 -3.5221 -7.45234 -5.64246 1.03682 -1.12928 -2.4812 2.83077 -7.41227 -7.22715 -3.95219 -3.07881 -1.18391 -1.06924 -3.85452 -8.25839 -7.23467 -1.5385 0.295181 0.59819 -2.4302 -8.60481 -0.489428 -10.9791 -0.277739 7.45523 4.26223 -4.81139 -8.63733 4.29864 -11.8702 -2.01314 4.96803 2.43587 -6.4659 -0.857457
105.66 -0.486493 -11.183 3.76243 5.18412 3.46692 -5.47798 -9.2467 3.70535 -10.6697 -3.24333 9.12724 2.62889 -6.1501 -0.793096 -2.95432 -7.55273 -5.78205 1.61423 -0.978236 -2.60658 3.16924 -7.07338 -7.24384 -4.0568 -2.88378 -1.27349 -1.23647 -3.2548 -8.48456 -7.16711 -1.942 -0.406541 0.311168 -2.0141 -8.14991 -1.10877 -10.7624 -0.044361 6.96914 4.13361 -4.67247 -9.09082 3.88051 -12.0289 -1.80022 5.21543 2.5686 -6.69485 -1.33753
105.71 -1.09466 -10.9497 3.78984 4.83889 3.3341 -5.28436 -9.74751 3.79426 -10.8437 -2.94737 9.54422 2.88445 -6.35766 -1.32216 -2.25938 -7.7223 -5.84266 2.25343 -0.765973 -2.74655 3.39706 -6.71379 -7.2585 -4.14952 -2.5637 -1.34161 -1.41286 -2.59832 -8.59086 -7.12825 -2.32397 -1.03649 0.0555024 -1.619 -7.66903 -1.8707 -10.4192 0.179033 6.47569 3.91315 -4.53638 -9.43025 3.45457 -12.1726 -1.60487 5.40385 2.69175 -6.88723 -1.86735
105.76 -1.85382 -10.5872 3.7924 4.48583 3.11828 -5.08729 -10.1848 3.79185 -10.9888 -2.66456 9.87981 3.12437 -6.49112 -1.89397 -1.37093 -8.00576 -5.78782 2.94257 -0.463146 -2.92458 3.50731 -6.34144 -7.27142 -4.24028 -2.14868 -1.38688 -1.59185 -1.87795 -8.59771 -7.11068 -2.67919 -1.5922 -0.173343 -1.26203 -7.17745 -2.80337 -9.91434 0.364978 5.9494 3.57887 -4.39757 -9.66025 3.03971 -12.3018 -1.42593 5.50815 2.80426 -7.04857 -2.48415
105.81 -2.80155 -10.0574 3.75251 4.09627 2.79671 -4.87437 -10.5527 3.70202 -11.1062 -2.3906 10.1078 3.3488 -6.5393 -2.54951 -0.30338 -8.41805 -5.58626 3.65988 -0.0605894 -3.17682 3.48365 -5.96226 -7.28338 -4.3425 -1.68212 -1.40901 -1.76834 -1.09083 -8.52922 -7.10904 -3.00148 -2.07136 -0.379257 -0.960455 -6.68535 -3.81289 -9.29745 0.469151 5.35322 3.14981 -4.24524 -9.78514 2.64854 -12.417 -1.26012 5.48372 2.9037 -7.18333 -3.21976
105.86 -3.85035 -9.40689 3.6292 3.62666 2.38856 -4.62598 -10.8372 3.52222 -11.1977 -2.11975 10.1806 3.55604 -6.49748 -3.32778 0.751413 -8.88146 -5.25903 4.38504 0.387794 -3.53038 3.31076 -5.57743 -7.29568 -4.47253 -1.20189 -1.4088 -1.93773 -0.262361 -8.4071 -7.11832 -3.28516 -2.47099 -0.565224 -0.735299 -6.19755 -4.75714 -8.69289 0.438664 4.64671 2.68204 -4.06458 -9.80844 2.28504 -12.518 -1.10155 5.2749 2.98586 -7.29482 -4.07192
105.91 -4.85221 -8.76553 3.36068 3.02998 1.95336 -4.3223 -11.0191 3.24855 -11.2666 -1.84402 10.0415 3.74205 -6.38186 -4.23126 1.63502 -9.31141 -4.87519 5.10502 0.817735 -3.96697 2.99793 -5.18316 -7.31022 -4.64144 -0.727927 -1.38748 -2.09628 0.547683 -8.24587 -7.1341 -3.52739 -2.78669 -0.733291 -0.606299 -5.71329 -5.59645 -8.18921 0.247715 3.82297 2.2171 -3.84054 -9.73319 1.94533 -12.6046 -0.94216 4.87074 3.04524 -7.38521 -4.99413
105.96 -5.76518 -8.22945 2.90411 2.30182 1.5341 -3.9542 -11.082 2.88533 -11.3168 -1.55505 9.69188 3.90129 -6.22165 -5.20898 2.32972 -9.68362 -4.4893 5.81359 1.20618 -4.43629 2.57805 -4.77403 -7.32974 -4.84595 -0.260819 -1.34567 -2.24192 1.28644 -8.05179 -7.15332 -3.72879 -3.01185 -0.884616 -0.579001 -5.22686 -6.3404 -7.81019 -0.0781346 2.93384 1.77482 -3.56149 -9.56236 1.62092 -12.6761 -0.773007 4.34554 3.0776 -7.45577 -5.90678
106.01 -6.60138 -7.82668 2.27785 1.50278 1.14783 -3.52711 -11.0192 2.44758 -11.3505 -1.24772 9.22414 4.02961 -6.04224 -6.17554 2.86204 -10.0014 -4.1248 6.50515 1.5544 -4.89225 2.08816 -4.34388 -7.35834 -5.0695 0.211919 -1.28251 -2.37478 1.92651 -7.82525 -7.17397 -3.89281 -3.13681 -1.01952 -0.639423 -4.72863 -6.98435 -7.54175 -0.483537 2.04599 1.36552 -3.22422 -9.30108 1.30166 -12.7311 -0.586256 3.79343 3.08186 -7.50745 -6.7416
106.06 -7.36044 -7.54342 1.54953 0.702372 0.799335 -3.05932 -10.8353 1.95614 -11.3682 -0.922746 8.73591 4.12588 -5.85938 -7.06717 3.25651 -10.2729 -3.7871 7.17089 1.87002 -5.30608 1.55835 -3.8823 -7.40247 -5.2892 0.709165 -1.19459 -2.4974 2.45818 -7.56499 -7.19464 -4.02481 -3.1492 -1.13752 -0.762536 -4.20615 -7.51193 -7.35812 -0.918877 1.19985 0.99449 -2.83777 -8.95955 0.977377 -12.7673 -0.377568 3.26574 3.05908 -7.54116 -7.46637
106.11 -8.02962 -7.35206 0.790847 -0.0587538 0.487845 -2.57611 -10.5457 1.43099 -11.3677 -0.58706 8.27334 4.19033 -5.68077 -7.86032 3.53096 -10.5051 -3.47445 7.80038 2.16048 -5.66309 1.00997 -3.36922 -7.47313 -5.48054 1.25062 -1.07464 -2.61513 2.87991 -7.27167 -7.21428 -4.13139 -3.03687 -1.2374 -0.924019 -3.64552 -7.90962 -7.23535 -1.3545 0.413701 0.662621 -2.42178 -8.55381 0.638121 -12.7809 -0.147871 2.77708 3.01043 -7.55769 -8.07168
106.16 -8.59153 -7.22648 0.0488899 -0.761494 0.209814 -2.10207 -10.1718 0.885079 -11.3436 -0.25161 7.84563 4.22208 -5.50923 -8.5513 3.69892 -10.7033 -3.18328 8.38424 2.43147 -5.9559 0.456762 -2.76826 -7.59026 -5.61729 1.84976 -0.908869 -2.73722 3.19216 -6.94932 -7.23222 -4.2201 -2.79581 -1.31742 -1.10628 -3.03428 -8.17293 -7.1551 -1.7771 -0.303967 0.367427 -1.99947 -8.10303 0.272482 -12.7654 0.0968159 2.32601 2.93566 -7.55729 -8.55653
106.21 -9.02389 -7.1466 -0.65878 -1.39735 -0.0392657 -1.65579 -9.73605 0.319254 -11.2848 0.071871 7.445 4.21719 -5.34499 -9.1397 3.7709 -10.8709 -2.91029 8.91488 2.6869 -6.17826 -0.0946947 -2.02062 -7.7892 -5.66711 2.50579 -0.673538 -2.8796 3.39282 -6.60469 -7.24819 -4.29968 -2.4407 -1.37586 -1.29869 -2.36403 -8.30779 -7.1044 -2.18161 -0.948644 0.104688 -1.59092 -7.62573 -0.136954 -12.7097 0.347414 1.90636 2.83193 -7.5391 -8.92307
106.26 -9.29933 -7.09827 -1.3381 -1.96319 -0.263745 -1.24868 -9.25924 -0.282192 -11.1725 0.373126 7.05553 4.16653 -5.18703 -9.62159 3.75388 -11.0097 -2.6532 9.38545 2.92917 -6.3205 -0.645808 -1.06906 -8.11373 -5.58984 3.20264 -0.340244 -3.07 3.47229 -6.24524 -7.2624 -4.38117 -2.00704 -1.41169 -1.49515 -1.62842 -8.33011 -7.07453 -2.56478 -1.51756 -0.130131 -1.20984 -7.13692 -0.622762 -12.5946 0.594308 1.51191 2.69175 -7.5002 -9.17554
106.31 -9.39106 -7.072 -2.00834 -2.45867 -0.467306 -0.88631 -8.75859 -0.957363 -10.974 0.643629 6.65629 4.05262 -5.03358 -9.98803 3.6496 -11.1209 -2.41084 9.78738 3.1595 -6.37094 -1.2083 0.0171099 -8.553 -5.36333 3.91865 0.0830187 -3.34592 3.4123 -5.87649 -7.27556 -4.47948 -1.53734 -1.42509 -1.6914 -0.829372 -8.26303 -7.06 -2.92197 -2.00833 -0.341042 -0.863861 -6.64673 -1.25074 -12.3834 0.829002 1.13757 2.4987 -7.43351 -9.31968
106.36 -9.28925 -7.06185 -2.68767 -2.88489 -0.652826 -0.570943 -8.24747 -1.76973 -10.639 0.874281 6.22263 3.8466 -4.88148 -10.2272 3.45653 -11.207 -2.18262 10.1066 3.37799 -6.33015 -1.80834 1.02529 -9.01275 -5.02744 4.63601 0.529748 -3.72309 3.20325 -5.49904 -7.28895 -4.61078 -1.06373 -1.41713 -1.88342 -0.00473724 -8.13141 -7.05803 -3.24676 -2.41796 -0.53118 -0.556198 -6.15986 -2.14336 -12.0097 1.04416 0.778658 2.22157 -7.32271 -9.36006
106.41 -9.02615 -7.06445 -3.3742 -3.24385 -0.822434 -0.304618 -7.73553 -2.76441 -10.1224 1.049 5.72638 3.52 -4.72433 -10.3305 3.17877 -11.2717 -1.9676 10.3163 3.5835 -6.22028 -2.48851 1.84434 -9.4265 -4.65214 5.3441 0.947022 -4.16943 2.86459 -5.10947 -7.30456 -4.78256 -0.59943 -1.38902 -2.06696 0.783296 -7.9543 -7.0681 -3.53217 -2.74189 -0.702726 -0.287932 -5.67538 -3.40224 -11.4108 1.23123 0.429362 1.83404 -7.1327 -9.29382
106.46 -8.67804 -7.07739 -4.03727 -3.53807 -0.97763 -0.0936081 -7.22902 -3.84685 -9.47202 1.13463 5.13322 3.08986 -4.55029 -10.3009 2.83043 -11.3186 -1.76324 10.3673 3.77315 -6.0712 -3.28941 2.47982 -9.78224 -4.28224 6.03695 1.32173 -4.63291 2.43496 -4.70343 -7.32531 -4.98722 -0.140395 -1.34118 -2.2381 1.48922 -7.73898 -7.08959 -3.7725 -2.97309 -0.85693 -0.0607073 -5.18747 -4.82846 -10.6659 1.37533 0.0840604 1.38769 -6.81486 -9.11051
106.51 -8.31862 -7.09752 -4.63633 -3.77002 -1.11943 0.047851 -6.73094 -4.85735 -8.826 1.08371 4.4089 2.6184 -4.34367 -10.1545 2.42934 -11.3502 -1.56435 10.2001 3.94171 -5.90596 -4.2123 2.96024 -10.086 -3.93468 6.70776 1.65817 -5.07267 1.95245 -4.27512 -7.35553 -5.20599 0.327975 -1.27235 -2.39431 2.09205 -7.48376 -7.11909 -3.96587 -3.1014 -0.994146 0.120456 -4.68656 -6.11886 -9.92737 1.45205 -0.259518 0.966419 -6.35289 -8.81186
106.56 -7.97926 -7.12161 -5.1461 -3.94118 -1.24847 0.102138 -6.24112 -5.75643 -8.28415 0.867802 3.55985 2.15076 -4.08945 -9.91127 1.99043 -11.3671 -1.36348 9.81489 4.08223 -5.73781 -5.20292 3.30876 -10.3458 -3.61234 7.34771 1.96417 -5.46535 1.44537 -3.81345 -7.40201 -5.41589 0.825033 -1.17869 -2.536 2.58559 -7.18816 -7.15226 -4.11555 -3.1141 -1.11386 0.245944 -4.16021 -7.18317 -9.27042 1.43076 -0.603395 0.600615 -5.78173 -8.42097
106.61 -7.65625 -7.14743 -5.56113 -4.05081 -1.36503 0.0623092 -5.75617 -6.55916 -7.87559 0.509457 2.65344 1.70738 -3.77701 -9.58671 1.5234 -11.3683 -1.15233 9.30703 4.18892 -5.57283 -6.17201 3.54251 -10.5681 -3.31303 7.94843 2.24666 -5.79983 0.931343 -3.29672 -7.47643 -5.59331 1.36992 -1.05224 -2.66763 2.9699 -6.85799 -7.18602 -4.22858 -2.99921 -1.21475 0.303714 -3.59449 -8.03479 -8.72416 1.28783 -0.952531 0.289493 -5.15695 -7.96969
106.66 -7.33356 -7.17364 -5.88811 -4.09473 -1.46901 -0.059054 -5.2692 -7.26417 -7.58727 0.0676797 1.75908 1.29856 -3.40521 -9.19145 1.03218 -11.3498 -0.924034 8.77537 4.25861 -5.41324 -7.05342 3.67485 -10.7578 -3.03348 8.50368 2.51077 -6.07048 0.419328 -2.68613 -7.60012 -5.71263 1.97459 -0.878276 -2.79884 3.24607 -6.50348 -7.21879 -4.31412 -2.75367 -1.29497 0.28589 -2.97709 -8.70422 -8.2965 1.02535 -1.3116 0.02405 -4.52794 -7.48663
106.71 -6.99684 -7.19937 -6.13866 -4.06436 -1.55984 -0.236318 -4.76963 -7.85859 -7.39189 -0.4007 0.912893 0.92915 -2.98603 -8.73652 0.51414 -11.3037 -0.675894 8.26443 4.28849 -5.2594 -7.82263 3.71621 -10.9179 -2.77104 9.00887 2.76005 -6.2715 -0.0885301 -1.92065 -7.81023 -5.7413 2.63617 -0.631945 -2.94711 3.4119 -6.13542 -7.25007 -4.38274 -2.39368 -1.35264 0.195631 -2.29974 -9.21799 -7.97823 0.674522 -1.67724 -0.205407 -3.92934 -6.99241
106.76 -6.63837 -7.22411 -6.32537 -3.94651 -1.63634 -0.443345 -4.24341 -8.33139 -7.2634 -0.860383 0.130328 0.599418 -2.54179 -8.23608 -0.0422693 -11.2155 -0.411316 7.7813 4.27279 -5.11097 -8.476 3.67316 -11.05 -2.52416 9.45948 2.99672 -6.39298 -0.596074 -0.949216 -8.14857 -5.63957 3.33699 -0.286224 -3.14242 3.45699 -5.76221 -7.2802 -4.44728 -1.95528 -1.38657 0.0473751 -1.5562 -9.59494 -7.74964 0.278159 -2.03407 -0.406913 -3.38241 -6.49931
106.81 -6.25707 -7.24778 -6.45996 -3.72587 -1.69661 -0.661008 -3.67525 -8.67784 -7.1818 -1.29575 -0.580272 0.306361 -2.09755 -7.70601 -0.66363 -11.0595 -0.139722 7.31668 4.19924 -4.96714 -9.01562 3.54669 -11.155 -2.29232 9.84891 3.22193 -6.42365 -1.11407 0.137268 -8.59329 -5.39069 4.05482 0.143597 -3.42256 3.36309 -5.38738 -7.31008 -4.52417 -1.47938 -1.39666 -0.139445 -0.751285 -9.84672 -7.58893 -0.128082 -2.35942 -0.586235 -2.89772 -6.01249
106.86 -5.85602 -7.27082 -6.55245 -3.3932 -1.73809 -0.87828 -3.05531 -8.90041 -7.13323 -1.70239 -1.21277 0.0455233 -1.67468 -7.16063 -1.40018 -10.7929 0.124615 6.8532 4.04501 -4.82632 -9.44446 3.33491 -11.2354 -2.07552 10.1657 3.43585 -6.36627 -1.66363 1.12669 -9.04761 -5.04104 4.77184 0.588725 -3.79844 3.12358 -5.00754 -7.34127 -4.63 -0.994693 -1.38348 -0.347194 0.0724225 -9.97983 -7.47725 -0.522644 -2.63045 -0.747019 -2.47762 -5.53091
106.91 -5.43923 -7.29435 -6.61072 -2.95815 -1.75787 -1.09002 -2.38969 -9.00877 -7.10871 -2.07981 -1.76132 -0.187589 -1.28912 -6.61012 -2.31422 -10.3605 0.361527 6.36551 3.7785 -4.68478 -9.76515 3.0426 -11.2952 -1.87352 10.3889 3.63752 -6.24458 -2.28099 1.92544 -9.45255 -4.65955 5.47735 1.00132 -4.2338 2.76121 -4.61408 -7.37626 -4.77134 -0.51017 -1.34741 -0.563585 0.852839 -9.9981 -7.40013 -0.896218 -2.82704 -0.891213 -2.11913 -5.04793
106.96 -5.00887 -7.32049 -6.64016 -2.45251 -1.75331 -1.29414 -1.70425 -9.01852 -7.10245 -2.42704 -2.21881 -0.39671 -0.954331 -6.05912 -3.3813 -9.75771 0.538265 5.81591 3.39143 -4.53434 -9.97923 2.68525 -11.3375 -1.68478 10.4789 3.82453 -6.08803 -3.01135 2.54437 -9.79966 -4.28748 6.16487 1.37137 -4.67709 2.31544 -4.19607 -7.41921 -4.93927 -0.0177759 -1.28739 -0.782255 1.5471 -9.90513 -7.34705 -1.24738 -2.9312 -1.01946 -1.81665 -4.55246
107.01 -4.56287 -7.35268 -6.64326 -1.91207 -1.72214 -1.48951 -1.03282 -8.94833 -7.10944 -2.74158 -2.5754 -0.58448 -0.686919 -5.50612 -4.43689 -9.09708 0.604732 5.15667 2.93361 -4.36185 -10.0869 2.28204 -11.3645 -1.50543 10.3762 3.99232 -5.91844 -3.87473 3.01117 -10.0955 -3.93956 6.82708 1.704 -5.08984 1.82366 -3.73916 -7.47723 -5.11363 0.499565 -1.1997 -1.00201 2.13571 -9.70582 -7.31061 -1.57891 -2.92641 -1.1314 -1.56381 -4.03058
107.06 -4.09249 -7.39662 -6.6189 -1.35571 -1.66157 -1.67542 -0.402112 -8.81583 -7.12473 -3.0209 -2.81752 -0.752347 -0.507706 -4.94297 -5.38124 -8.5064 0.514248 4.3639 2.46234 -4.15252 -10.0884 1.84783 -11.3765 -1.3291 10.0492 4.13402 -5.74798 -4.83638 3.34737 -10.3479 -3.61771 7.45531 2.00696 -5.45031 1.31319 -3.22024 -7.5629 -5.26868 1.05987 -1.0762 -1.22617 2.61215 -9.4073 -7.28567 -1.89545 -2.80042 -1.22589 -1.35456 -3.46795
107.11 -3.57864 -7.46201 -6.56093 -0.78065 -1.56615 -1.85226 0.172132 -8.63407 -7.14451 -3.26414 -2.92772 -0.900575 -0.431835 -4.35461 -6.21715 -8.04266 0.262445 3.48046 2.00644 -3.89312 -9.985 1.39079 -11.3721 -1.1478 9.56079 4.24263 -5.58202 -5.81258 3.56837 -10.5628 -3.31937 8.04181 2.28692 -5.74702 0.800644 -2.59989 -7.69924 -5.37466 1.67347 -0.901457 -1.46304 2.97425 -9.01924 -7.2687 -2.20247 -2.55328 -1.30142 -1.1836 -2.85304
107.16 -2.98509 -7.56663 -6.45531 -0.170009 -1.42446 -2.02309 0.680998 -8.4104 -7.16631 -3.47292 -2.88734 -1.02832 -0.45632 -3.7198 -6.95049 -7.70706 -0.105969 2.58044 1.57949 -3.57588 -9.78002 0.912419 -11.347 -0.953564 9.0173 4.31329 -5.42222 -6.72155 3.68516 -10.7442 -3.04113 8.58087 2.54878 -5.97127 0.293802 -1.81801 -7.92524 -5.39488 2.3358 -0.64995 -1.72866 3.21782 -8.55378 -7.25735 -2.50644 -2.20616 -1.35677 -1.04646 -2.1784
107.21 -2.24757 -7.74418 -6.27437 0.493903 -1.21389 -2.19633 1.11637 -8.14825 -7.18848 -3.65175 -2.68662 -1.13388 -0.560482 -3.01461 -7.57083 -7.476 -0.531695 1.71184 1.18902 -3.20371 -9.48173 0.407062 -11.2929 -0.740816 8.4815 4.34217 -5.26866 -7.52332 3.70407 -10.8945 -2.7803 9.06815 2.79585 -6.11218 -0.206591 -0.835323 -8.27977 -5.28871 3.02908 -0.297275 -2.05137 3.33099 -8.02478 -7.25009 -2.81609 -1.7991 -1.39166 -0.939401 -1.43807
107.26 -1.27985 -8.04727 -5.97043 1.21314 -0.89916 -2.39127 1.4638 -7.85046 -7.20978 -3.80894 -2.34276 -1.21544 -0.717588 -2.2188 -8.06587 -7.32212 -0.9708 0.895513 0.837929 -2.79186 -9.10488 -0.140321 -11.1947 -0.508977 7.96994 4.32291 -5.1208 -8.20737 3.6258 -11.0156 -2.5353 9.49896 3.03017 -6.15989 -0.706105 0.234584 -8.73087 -5.04504 3.7324 0.133531 -2.46529 3.29531 -7.44518 -7.24612 -3.14391 -1.3755 -1.40709 -0.859081 -0.639617
107.31 -0.100972 -8.49082 -5.49375 1.96636 -0.469435 -2.6439 1.69448 -7.52105 -7.22939 -3.9582 -1.90711 -1.27222 -0.904955 -1.32803 -8.42907 -7.22293 -1.40017 0.140657 0.525073 -2.3634 -8.66916 -0.759886 -11.0258 -0.264012 7.4763 4.24257 -4.97773 -8.77349 3.44904 -11.1106 -2.30548 9.86627 3.25268 -6.12024 -1.21758 1.18603 -9.18266 -4.71297 4.42975 0.572838 -2.97554 3.10589 -6.82465 -7.24535 -3.50198 -0.967522 -1.40496 -0.802448 0.170938
107.36 1.04174 -8.97774 -4.85743 2.72044 0.00808058 -2.99011 1.77133 -7.16332 -7.24681 -4.11913 -1.44175 -1.3053 -1.10721 -0.384933 -8.66181 -7.16237 -1.81048 -0.547838 0.24677 -1.94207 -8.19505 -1.50464 -10.7419 -0.0187344 6.98338 4.07747 -4.83768 -9.22377 3.18005 -11.184 -2.09062 10.1581 3.46332 -6.01805 -1.7645 1.9432 -9.58306 -4.35511 5.11458 0.977352 -3.54345 2.78643 -6.17387 -7.24864 -3.89106 -0.590751 -1.38718 -0.766734 0.933197
107.41 1.95148 -9.4193 -4.12952 3.45073 0.460509 -3.42644 1.67771 -6.77914 -7.26199 -4.3098 -0.985798 -1.31718 -1.31497 0.526968 -8.77378 -7.12981 -2.19797 -1.16724 -0.00162571 -1.54813 -7.69944 -2.43279 -10.2896 0.205488 6.46461 3.79673 -4.69668 -9.56049 2.83667 -11.2394 -1.89025 10.3524 3.66087 -5.88139 -2.38528 2.52253 -9.92563 -4.00633 5.7876 1.33921 -4.11805 2.37592 -5.50938 -7.25838 -4.29588 -0.247819 -1.35472 -0.749663 1.60805
107.46 2.57038 -9.79737 -3.35107 4.1494 0.863246 -3.91263 1.42962 -6.37233 -7.27533 -4.53636 -0.545466 -1.31058 -1.52228 1.33543 -8.782 -7.11819 -2.55904 -1.7155 -0.224596 -1.19962 -7.19396 -3.50122 -9.67642 0.372328 5.88063 3.3981 -4.5463 -9.78526 2.44226 -11.2792 -1.70267 10.4073 3.84257 -5.7304 -3.12425 2.95315 -10.2169 -3.67854 6.44819 1.66413 -4.66045 1.91166 -4.84745 -7.27931 -4.69159 0.0648965 -1.30657 -0.749853 2.17933
107.51 2.87471 -10.1185 -2.52143 4.81687 1.2173 -4.40336 1.06183 -5.94988 -7.28783 -4.79115 -0.106946 -1.28743 -1.72459 1.99183 -8.70761 -7.12148 -2.88876 -2.18965 -0.425873 -0.916941 -6.68556 -4.54179 -9.02244 0.42851 5.18456 2.93517 -4.37352 -9.89903 2.01654 -11.3042 -1.52395 10.264 4.00333 -5.57632 -3.9957 3.25828 -10.4648 -3.37319 7.08924 1.96019 -5.14673 1.42209 -4.19072 -7.31979 -5.05182 0.352931 -1.23875 -0.767427 2.6439
107.56 2.88997 -10.3915 -1.64037 5.45148 1.53079 -4.86621 0.611421 -5.51952 -7.30109 -5.05849 0.344731 -1.24842 -1.91816 2.46611 -8.5708 -7.1341 -3.18248 -2.58473 -0.608226 -0.722941 -6.17753 -5.46904 -8.44797 0.328711 4.35986 2.46194 -4.16377 -9.90327 1.57073 -11.3137 -1.34781 9.9008 4.13591 -5.42432 -4.95761 3.45589 -10.6755 -3.08829 7.69972 2.23428 -5.56369 0.925853 -3.51571 -7.39427 -5.35151 0.62204 -1.14258 -0.805048 3.00409
107.61 2.73899 -10.6238 -0.753429 6.0465 1.81206 -5.28334 0.109222 -5.08599 -7.31742 -5.32113 0.810963 -1.1933 -2.10044 2.75719 -8.3863 -7.15194 -3.43765 -2.8935 -0.773432 -0.632227 -5.66975 -6.28797 -8.00181 0.0732406 3.45648 2.00482 -3.90381 -9.80053 1.10797 -11.3047 -1.16642 9.39023 4.23306 -5.27628 -5.92302 3.56069 -10.8539 -2.82144 8.2694 2.49139 -5.90355 0.43292 -2.75702 -7.52994 -5.56348 0.87801 -1.00055 -0.870076 3.26309
107.66 2.56302 -10.8211 0.0692241 6.59208 2.06786 -5.64745 -0.422767 -4.64836 -7.34002 -5.56406 1.28565 -1.12115 -2.27055 2.89965 -8.16183 -7.17229 -3.65454 -3.10635 -0.922325 -0.640037 -5.15822 -7.00114 -7.68103 -0.291154 2.54643 1.57684 -3.58577 -9.59526 0.624249 -11.271 -0.972016 8.83454 4.28947 -5.13274 -6.81425 3.58457 -11.0023 -2.571 8.79088 2.73487 -6.1581 -0.0537951 -1.77569 -7.78144 -5.649 1.12745 -0.777359 -0.980094 3.42033
107.71 2.42243 -10.9884 0.7858 7.07707 2.30321 -5.95727 -0.971357 -4.19859 -7.37355 -5.77524 1.77136 -1.02997 -2.42965 2.94191 -7.90021 -7.19332 -3.83616 -3.21138 -1.05486 -0.724654 -4.63454 -7.59702 -7.46108 -0.707219 1.67301 1.18549 -3.2126 -9.29633 0.107676 -11.2011 -0.759309 8.28858 4.29994 -4.99383 -7.5956 3.53482 -11.1208 -2.33638 9.2585 2.96675 -6.3126 -0.537491 -0.394519 -8.2188 -5.55278 1.37918 -0.427452 -1.17516 3.46441
107.76 2.31645 -11.1299 1.38874 7.48844 2.52139 -6.21407 -1.53175 -3.72006 -7.42545 -5.94433 2.28149 -0.915444 -2.58132 2.92181 -7.60317 -7.21371 -3.98768 -3.19521 -1.1702 -0.859505 -4.08623 -8.06424 -7.31518 -1.13398 0.854628 0.833671 -2.79983 -8.91874 -0.46511 -11.0746 -0.528298 7.76405 4.25528 -4.85952 -8.25795 3.41108 -11.2081 -2.11783 9.666 3.18807 -6.35051 -1.02774 1.21679 -8.77366 -5.26287 1.64214 0.00833082 -1.5149 3.37305
107.81 2.22866 -11.2487 1.88733 7.80903 2.72404 -6.41916 -2.10745 -3.18433 -7.50874 -6.05985 2.83268 -0.768997 -2.73232 2.86003 -7.27428 -7.23258 -4.11579 -3.04704 -1.26678 -1.02264 -3.49872 -8.39841 -7.22187 -1.54991 0.0998616 0.520247 -2.37106 -8.4822 -1.13626 -10.8565 -0.286232 7.25158 4.13773 -4.72924 -8.80118 3.20984 -11.267 -1.91589 10.0038 3.39891 -6.28187 -1.54266 2.64036 -9.2914 -4.87049 1.9189 0.423335 -2.01262 3.14382
107.86 2.14416 -11.3465 2.29588 8.01502 2.9112 -6.57162 -2.71027 -2.54516 -7.64753 -6.10472 3.43477 -0.574555 -2.89431 2.76266 -6.91971 -7.24948 -4.2285 -2.76786 -1.34269 -1.19944 -2.85942 -8.60391 -7.16602 -1.94551 -0.586032 0.24154 -1.95099 -8.00734 -1.96803 -10.4944 -0.0490744 6.73022 3.9184 -4.60076 -9.22717 2.93686 -11.303 -1.73056 10.255 3.59842 -6.14485 -2.11342 3.73867 -9.73528 -4.46356 2.20931 0.780496 -2.61387 2.80618
107.91 2.05038 -11.424 2.62888 8.07625 3.08134 -6.66603 -3.35907 -1.7357 -7.88253 -6.05083 4.08235 -0.30573 -3.08757 2.62308 -6.54714 -7.26442 -4.33545 -2.38032 -1.39623 -1.38111 -2.15991 -8.69357 -7.13766 -2.31576 -1.19943 -0.0070581 -1.56198 -7.51225 -2.98301 -9.95394 0.154284 6.16718 3.57491 -4.46816 -9.53776 2.60882 -11.3213 -1.56055 10.3882 3.78448 -5.97615 -2.78433 4.5229 -10.1174 -4.07808 2.51641 1.08294 -3.2503 2.39847
107.96 1.93352 -11.4805 2.89929 7.96613 3.23149 -6.69093 -4.07243 -0.719258 -8.25034 -5.86316 4.757 0.0603571 -3.34483 2.42156 -6.16378 -7.27789 -4.44929 -1.92593 -1.42669 -1.56197 -1.39401 -8.68644 -7.12943 -2.65588 -1.73752 -0.229954 -1.2262 -7.01046 -4.05442 -9.30605 0.275906 5.51688 3.13664 -4.32013 -9.73383 2.24475 -11.3255 -1.40243 10.3505 3.9532 -5.79842 -3.58874 5.03066 -10.4516 -3.72204 2.84519 1.34145 -3.87149 1.95321
108.01 1.77582 -11.5154 3.11811 7.68696 3.35775 -6.63515 -4.85147 0.37231 -8.70791 -5.53889 5.43866 0.494575 -3.69729 2.13312 -5.77376 -7.29087 -4.58595 -1.44746 -1.43453 -1.73757 -0.572118 -8.60332 -7.13468 -2.96107 -2.19735 -0.430792 -0.968494 -6.51022 -5.03584 -8.68793 0.260211 4.74208 2.66552 -4.14206 -9.81623 1.85816 -11.3178 -1.25019 10.0933 4.09842 -5.62253 -4.51153 5.3015 -10.7476 -3.39365 3.19655 1.56642 -4.44808 1.49329
108.06 1.56036 -11.5292 3.2945 7.28881 3.45669 -6.50469 -5.66641 1.33468 -9.15699 -5.13611 6.11284 0.928361 -4.13448 1.75319 -5.37627 -7.30493 -4.75805 -0.972687 -1.421 -1.90425 0.255868 -8.46185 -7.14799 -3.228 -2.57485 -0.612268 -0.81053 -6.01417 -5.90158 -8.18261 0.0819698 3.86168 2.20038 -3.91941 -9.78678 1.45539 -11.2984 -1.09581 9.64573 4.21304 -5.45249 -5.48163 5.37334 -11.0125 -3.08883 3.56312 1.76625 -4.96551 1.03231
108.11 1.28076 -11.5227 3.43601 6.84351 3.52642 -6.32456 -6.47205 2.10481 -9.55188 -4.71972 6.7704 1.32595 -4.60532 1.30498 -4.96798 -7.32237 -4.96456 -0.509049 -1.38713 -2.05951 1.03007 -8.27335 -7.16569 -3.45578 -2.86397 -0.77612 -0.757889 -5.51959 -6.66016 -7.80737 -0.231171 2.94571 1.75907 -3.64097 -9.64885 1.03686 -11.2653 -0.930639 9.10939 4.29183 -5.28914 -6.4093 5.28235 -11.2509 -2.80397 3.93146 1.94709 -5.41865 0.576515
108.16 0.94172 -11.4947 3.54875 6.40278 3.56626 -6.12169 -7.23442 2.70138 -9.88973 -4.32287 7.40288 1.6837 -5.06014 0.818663 -4.54461 -7.34657 -5.1903 -0.0479135 -1.33285 -2.20253 1.71364 -8.04328 -7.18533 -3.64611 -3.0559 -0.92317 -0.795768 -5.01931 -7.30454 -7.54458 -0.622923 2.05233 1.35146 -3.30409 -9.40926 0.597969 -11.2136 -0.747338 8.56478 4.33175 -5.13227 -7.23903 5.06318 -11.4667 -2.53678 4.2876 2.11321 -5.80864 0.126611
108.21 0.550845 -11.441 3.6375 5.98887 3.57516 -5.91407 -7.93743 3.1505 -10.1781 -3.95493 7.99987 2.00788 -5.46927 0.316461 -4.09855 -7.3827 -5.41345 0.428264 -1.25604 -2.33455 2.29129 -7.77431 -7.20516 -3.80289 -3.13886 -1.05337 -0.898438 -4.5026 -7.82187 -7.36706 -1.04396 1.20906 0.98255 -2.91861 -9.08068 0.128549 -11.1335 -0.542531 8.04198 4.32935 -4.98152 -7.95176 4.74889 -11.6624 -2.28637 4.61994 2.26738 -6.14044 -0.321171
108.26 0.110344 -11.3529 3.70575 5.60533 3.55006 -5.71036 -8.57625 3.47164 -10.4247 -3.61472 8.55065 2.30542 -5.81949 -0.190416 -3.61423 -7.43917 -5.61152 0.940385 -1.15148 -2.45929 2.75904 -7.46979 -7.22397 -3.9317 -3.09952 -1.16585 -1.04113 -3.95603 -8.20448 -7.2505 -1.46483 0.427358 0.652915 -2.50493 -8.68161 -0.389848 -11.0081 -0.318905 7.5424 4.27754 -4.8366 -8.54436 4.37051 -11.8403 -2.05288 4.91899 2.41127 -6.42084 -0.775068
108.31 -0.38951 -11.2147 3.75549 5.24625 3.48391 -5.51265 -9.15101 3.67935 -10.6356 -3.2977 9.04568 2.58166 -6.10599 -0.701207 -3.06283 -7.5309 -5.76209 1.50687 -1.00886 -2.58368 3.11702 -7.13544 -7.24102 -4.0393 -2.92814 -1.25906 -1.2058 -3.36546 -8.45355 -7.17676 -1.87162 -0.286818 0.359823 -2.08717 -8.23329 -0.989782 -10.8088 -0.08576 7.05561 4.16239 -4.69689 -9.01858 3.95612 -12.0018 -1.83682 5.17521 2.54566 -6.65695 -1.24936
108.36 -0.977199 -10.9992 3.78651 4.90028 3.36298 -5.31882 -9.66295 3.78532 -10.8149 -2.99897 9.47545 2.84014 -6.32587 -1.22582 -2.39545 -7.68516 -5.83915 2.13547 -0.809497 -2.71971 3.36479 -6.77893 -7.25604 -4.13348 -2.62875 -1.33113 -1.38112 -2.71964 -8.57988 -7.13344 -2.25778 -0.929735 0.0989193 -1.68699 -7.75577 -1.72233 -10.4917 0.141036 6.56505 3.96037 -4.56057 -9.37798 3.53004 -12.1481 -1.63839 5.37553 2.67057 -6.85541 -1.76786
108.41 -1.70498 -10.6635 3.79431 4.55033 3.16404 -5.12307 -10.1118 3.7987 -10.965 -2.71411 9.82697 3.08278 -6.47327 -1.78741 -1.54498 -7.94522 -5.8078 2.81719 -0.524796 -2.88862 3.4969 -6.40833 -7.26922 -4.22373 -2.2276 -1.38052 -1.56004 -2.01112 -8.6027 -7.11249 -2.61819 -1.49882 -0.134391 -1.32205 -7.2652 -2.62716 -10.0154 0.33635 6.04696 3.64662 -4.42288 -9.62712 3.11207 -12.2799 -1.45669 5.49743 2.7851 -7.02192 -2.36628
108.46 -2.62086 -10.1635 3.76416 4.17001 2.86166 -4.91423 -10.4928 3.72444 -11.0873 -2.43893 10.0769 3.31003 -6.53741 -2.42469 -0.499363 -8.33773 -5.6329 3.53113 -0.137856 -3.12483 3.49855 -6.03012 -7.28127 -4.32275 -1.76705 -1.40673 -1.73732 -1.23528 -8.54588 -7.10839 -2.94681 -1.9918 -0.344141 -1.00919 -6.77269 -3.635 -9.40996 0.459047 5.46638 3.23065 -4.27398 -9.77044 2.71613 -12.3975 -1.2889 5.50009 2.88712 -7.16113 -3.07967
108.51 -3.66392 -9.52586 3.65992 3.71839 2.46493 -4.67376 -10.7935 3.56104 -11.1832 -2.16806 10.1818 3.52056 -6.51107 -3.17951 0.573947 -8.79987 -5.3235 4.25609 0.308022 -3.4602 3.35245 -5.64647 -7.29339 -4.44671 -1.2872 -1.41042 -1.90829 -0.410335 -8.432 -7.11609 -3.23767 -2.40585 -0.533482 -0.768794 -6.28401 -4.59688 -8.7947 0.455741 4.78163 2.76591 -4.09949 -9.81159 2.34781 -12.5011 -1.12958 5.3272 2.97275 -7.27657 -3.91321
108.56 -4.68056 -8.87377 3.42166 3.14664 2.03046 -4.38099 -10.995 3.30409 -11.2558 -1.89384 10.0831 3.71074 -6.40656 -4.06286 1.49215 -9.23899 -4.94476 4.97758 0.744055 -3.88533 3.06254 -5.25426 -7.30736 -4.60847 -0.811583 -1.39277 -2.06898 0.407549 -8.27706 -7.13097 -3.48732 -2.7369 -0.704625 -0.62171 -5.79942 -5.45426 -8.26974 0.292921 3.97643 2.29859 -3.88418 -9.75367 2.0044 -12.5903 -0.970987 4.95451 3.03657 -7.3706 -4.82825
108.61 -5.60861 -8.31518 2.99919 2.43888 1.60658 -4.02438 -11.08 2.95597 -11.3091 -1.60775 9.76612 3.87513 -6.25217 -5.0333 2.21877 -9.62157 -4.55677 5.68852 1.14017 -4.35263 2.6589 -4.84818 -7.32574 -4.80756 -0.343892 -1.35462 -2.21697 1.16169 -8.08867 -7.14974 -3.69581 -2.97879 -0.858883 -0.576823 -5.31397 -6.21492 -7.86888 -0.0126444 3.09364 1.85135 -3.61548 -9.59958 1.67799 -12.6645 -0.804207 4.44325 3.0739 -7.44462 -5.74856
108.66 -6.45795 -7.88891 2.39902 1.64674 1.21386 -3.60677 -11.0395 2.53004 -11.3457 -1.30382 9.31105 4.00911 -6.07475 -6.00776 2.77799 -9.9485 -4.18774 6.38367 1.49504 -4.81358 2.17902 -4.42235 -7.35234 -5.0293 0.126574 -1.29542 -2.35199 1.82039 -7.86801 -7.17026 -3.86613 -3.12243 -0.996723 -0.623317 -4.81869 -6.87776 -7.58256 -0.408015 2.20174 1.43566 -3.28827 -9.35383 1.35857 -12.7226 -0.621037 3.89077 3.08312 -7.49959 -6.60055
108.71 -7.23147 -7.58629 1.6832 0.842757 0.858583 -3.14447 -10.8763 2.04658 -11.3663 -0.981638 8.82162 4.11108 -5.89175 -6.91539 3.19552 -10.2277 -3.84528 7.05476 1.81588 -5.23629 1.65451 -3.96747 -7.39307 -5.25146 0.617964 -1.21231 -2.47612 2.37161 -7.61379 -7.19101 -4.00338 -3.15581 -1.1178 -0.737192 -4.30153 -7.42725 -7.38573 -0.840782 1.3464 1.05763 -2.90937 -9.02556 1.0359 -12.7624 -0.416348 3.35692 3.06505 -7.53644 -7.34601
108.76 -7.91782 -7.38063 0.925605 0.0728072 0.540713 -2.66209 -10.6041 1.52621 -11.3693 -0.647131 8.35308 4.1812 -5.71208 -7.72662 3.49025 -10.4664 -3.52842 7.69144 2.11034 -5.60408 1.10823 -3.46565 -7.45789 -5.44968 1.15028 -1.09884 -2.59419 2.81287 -7.32616 -7.21089 -4.11396 -3.06635 -1.22102 -0.893354 -3.74869 -7.84867 -7.25364 -1.27769 0.548784 0.7189 -2.49693 -8.62988 0.70006 -12.7804 -0.190077 2.86116 3.02096 -7.55598 -7.97278
108.81 -8.50029 -7.24499 0.178583 -0.641159 0.257048 -2.18485 -10.2435 0.983531 -11.35 -0.310763 7.91941 4.21895 -5.53922 -8.43579 3.67631 -10.6703 -3.23369 8.28402 2.38447 -5.90874 0.555187 -2.88396 -7.56468 -5.59826 1.73871 -0.942631 -2.71458 3.14462 -7.00854 -7.22917 -4.20526 -2.84779 -1.30472 -1.07287 -3.1472 -8.13577 -7.16691 -1.70312 -0.181478 0.417459 -2.07413 -8.18569 0.340133 -12.7707 0.0525532 2.4038 2.95096 -7.55862 -8.47898
108.86 -8.95758 -7.15817 -0.535315 -1.28926 0.00314806 -1.7326 -9.81716 0.421861 -11.2985 0.0156565 7.51496 4.22106 -5.37372 -9.04259 3.76474 -10.8432 -2.95766 8.82463 2.64245 -6.1442 0.00327082 -2.16757 -7.74571 -5.66635 2.38544 -0.721885 -2.85174 3.36556 -6.66732 -7.24549 -4.28574 -2.51087 -1.36709 -1.26401 -2.48792 -8.2926 -7.1117 -2.11107 -0.83938 0.149281 -1.66193 -7.71189 -0.0597304 -12.7233 0.302816 1.97904 2.85276 -7.54373 -8.86633
108.91 -9.26307 -7.10504 -1.21849 -1.86764 -0.225418 -1.31796 -9.34629 -0.171194 -11.1976 0.321527 7.12491 4.17953 -5.21475 -9.54395 3.76326 -10.9871 -2.69786 9.30642 2.88695 -6.30161 -0.547386 -1.25316 -8.04583 -5.61453 3.07661 -0.407325 -3.03093 3.46777 -6.31 -7.25998 -4.36592 -2.08803 -1.40698 -1.46008 -1.76435 -8.3334 -7.07861 -2.49832 -1.42195 -0.0901915 -1.27525 -7.22424 -0.528417 -12.6207 0.551035 1.58051 2.71993 -7.50888 -9.1387
108.96 -9.38902 -7.07537 -1.88876 -2.3756 -0.432469 -0.947408 -8.8488 -0.829249 -11.0177 0.598099 6.72911 4.07865 -5.06067 -9.93178 3.67462 -11.1031 -2.45293 9.72138 3.11936 -6.36896 -1.10642 -0.1765 -8.47031 -5.41363 3.79069 0.00376059 -3.28922 3.43394 -5.9427 -7.27325 -4.45999 -1.62192 -1.42431 -1.65666 -0.975131 -8.28037 -7.06162 -2.86057 -1.92682 -0.305101 -0.922687 -6.73379 -1.12394 -12.4305 0.788456 1.20292 2.5381 -7.44796 -9.30169
109.01 -9.3208 -7.06265 -2.56579 -2.81402 -0.621024 -0.623569 -8.33873 -1.61201 -10.7112 0.836693 6.30352 3.89154 -4.90867 -10.1944 3.49735 -11.1933 -2.22223 10.0568 3.34 -6.34332 -1.69708 0.858723 -8.93332 -5.09194 4.5088 0.451501 -3.64946 3.25088 -5.56698 -7.28647 -4.58447 -1.14746 -1.42005 -1.84974 -0.150558 -8.15858 -7.05751 -3.19164 -2.35117 -0.498749 -0.608094 -6.24625 -1.95836 -12.0918 1.00763 0.841646 2.27878 -7.3469 -9.36044
109.06 -9.08171 -7.06315 -3.25254 -3.18478 -0.793337 -0.348246 -7.82639 -2.57587 -10.2273 1.02319 5.8207 3.58712 -4.75312 -10.3221 3.23387 -11.2615 -2.00499 10.2888 3.54797 -6.24352 -2.35947 1.71279 -9.35715 -4.71938 5.21903 0.875844 -4.08729 2.93271 -5.17988 -7.3015 -4.74918 -0.681386 -1.39546 -2.0351 0.648105 -7.98866 -7.06542 -3.48455 -2.69078 -0.673487 -0.332753 -5.76163 -3.15538 -11.5328 1.20053 0.491114 1.91009 -7.17457 -9.31388
109.11 -8.74247 -7.07446 -3.92288 -3.49032 -0.951012 -0.126589 -7.3186 -3.65615 -9.59153 1.12801 5.2476 3.17127 -4.58318 -10.3153 2.89678 -11.3114 -1.79902 10.3727 3.74076 -6.09944 -3.13727 2.37884 -9.72297 -4.34667 5.91502 1.25805 -4.55123 2.51628 -4.77712 -7.32107 -4.94914 -0.222268 -1.35116 -2.20869 1.37077 -7.78013 -7.08505 -3.73317 -2.93913 -0.830727 -0.0979834 -5.27494 -4.57866 -10.8015 1.35379 0.145362 1.46706 -6.88227 -9.15194
109.16 -8.38142 -7.09357 -4.53581 -3.73321 -1.09514 0.0285939 -6.81893 -4.68597 -8.93518 1.10461 4.54805 2.7029 -4.38353 -10.1882 2.50386 -11.3456 -1.59966 10.2473 3.91356 -5.93585 -4.04081 2.88495 -10.0354 -3.99467 6.59036 1.60074 -4.99738 2.04079 -4.35337 -7.3492 -5.16703 0.2431 -1.28627 -2.36763 1.9927 -7.5322 -7.11346 -3.9348 -3.08663 -0.970979 0.0919534 -4.77719 -5.90534 -10.0541 1.44467 -0.19844 1.0376 -6.44459 -8.87263
109.21 -8.03808 -7.11715 -5.06235 -3.91516 -1.22642 0.0994082 -6.3278 -5.60378 -8.37094 0.917992 3.71756 2.23261 -4.13875 -9.96087 2.0708 -11.3652 -1.39975 9.89588 4.05956 -5.76761 -5.0256 3.25556 -10.3025 -3.66793 7.23646 1.91161 -5.39951 1.5365 -3.89884 -7.39212 -5.38023 0.733572 -1.19746 -2.51171 2.50578 -7.24354 -7.14624 -4.09182 -3.12088 -1.09388 0.228224 -4.25637 -7.01014 -9.37977 1.44301 -0.541983 0.66152 -5.88892 -8.49588
109.26 -7.71322 -7.14277 -5.49399 -4.03593 -1.3452 0.0759667 -5.84238 -6.42314 -7.93881 0.581203 2.81544 1.78398 -3.83709 -9.64993 1.60833 -11.3694 -1.19101 9.40131 4.17257 -5.60183 -6.00467 3.50867 -10.5311 -3.36476 7.84469 2.19785 -5.74483 1.02284 -3.39416 -7.46037 -5.56519 1.26875 -1.07768 -2.64459 2.90943 -6.91886 -7.18006 -4.21076 -3.02932 -1.19825 0.298852 -3.69865 -7.89742 -8.81269 1.32251 -0.889741 0.341236 -5.26969 -8.05306
109.31 -7.39168 -7.16899 -5.83587 -4.09204 -1.45145 -0.032556 -5.35644 -7.14639 -7.63096 0.149638 1.9154 1.36851 -3.47536 -9.26652 1.1214 -11.3548 -0.966114 8.86911 4.24902 -5.44122 -6.90445 3.65821 -10.7263 -3.08192 8.4084 2.46493 -6.0272 0.510134 -2.80411 -7.57309 -5.69696 1.86249 -0.913675 -2.77487 3.20485 -6.56786 -7.21306 -4.30046 -2.80651 -1.28229 0.294621 -3.09117 -8.59713 -8.36416 1.07971 -1.24696 0.0683974 -4.63847 -7.5739
109.36 -7.05823 -7.19485 -6.09909 -4.07574 -1.54468 -0.20191 -4.86005 -7.76144 -7.4211 -0.317261 1.05915 0.991949 -3.0632 -8.82126 0.608665 -11.3145 -0.721442 8.35325 4.28628 -5.28637 -7.69422 3.71515 -10.8915 -2.81659 8.92281 2.71666 -6.24119 0.00164536 -2.07134 -7.76439 -5.7446 2.51491 -0.682469 -2.91833 3.39078 -6.20149 -7.24461 -4.37123 -2.4647 -1.34409 0.216463 -2.42497 -9.137 -8.02768 0.741508 -1.61222 -0.166815 -4.03255 -7.08054
109.41 -6.70388 -7.21979 -6.29627 -3.97458 -1.62385 -0.405284 -4.33971 -8.25644 -7.28235 -0.780095 0.264541 0.655305 -2.62155 -8.32777 0.0604865 -11.2352 -0.459259 7.86554 4.27935 -5.13702 -8.36812 3.68687 -11.0285 -2.567 9.38353 2.95546 -6.37775 -0.505394 -1.13607 -8.07845 -5.6687 3.2104 -0.355338 -3.10246 3.45859 -5.82877 -7.27489 -4.43541 -2.03714 -1.38229 0.0771491 -1.69354 -9.53726 -7.78475 0.350273 -1.97217 -0.372808 -3.47538 -6.58668
109.46 -6.3265 -7.24364 -6.43934 -3.77325 -1.68718 -0.622074 -3.78002 -8.62541 -7.19358 -1.22032 -0.45935 0.356027 -2.17559 -7.80184 -0.546414 -11.0939 -0.187998 7.3987 4.21741 -4.99245 -8.92777 3.57541 -11.1382 -2.33248 9.78449 3.18267 -6.42502 -1.02035 -0.0544587 -8.51061 -5.44444 3.9267 0.0638709 -3.36533 3.39064 -5.45427 -7.30472 -4.50878 -1.5653 -1.39658 -0.104217 -0.897686 -9.81073 -7.61346 -0.0561979 -2.30487 -0.555755 -2.97924 -6.09864
109.51 -5.92865 -7.26672 -6.53869 -3.4605 -1.73222 -0.839922 -3.16944 -8.86952 -7.13991 -1.63215 -1.10616 0.0897967 -1.74762 -7.2583 -1.25765 -10.8509 0.0788858 6.9366 4.07975 -4.85128 -9.37612 3.37879 -11.2228 -2.11301 10.1154 3.39863 -6.38206 -1.56212 0.963941 -8.96958 -5.10733 4.64484 0.511133 -3.7257 3.1762 -5.07586 -7.33553 -4.60855 -1.08094 -1.3875 -0.309314 -0.0726741 -9.96463 -7.49424 -0.453816 -2.58711 -0.719653 -2.54775 -5.61647
109.56 -5.51442 -7.29005 -6.60258 -3.04186 -1.75606 -1.05286 -2.51056 -8.9972 -7.1116 -2.01479 -1.67012 -0.147949 -1.35442 -6.70819 -2.13731 -10.4513 0.322585 6.45556 3.83526 -4.71031 -9.71589 3.09993 -11.2859 -1.90843 10.3575 3.6026 -6.26958 -2.16408 1.79724 -9.3848 -4.72751 5.35292 0.931016 -4.15434 2.83299 -4.68556 -7.3696 -4.7438 -0.596584 -1.35553 -0.524796 0.71937 -10.0031 -7.41184 -0.8314 -2.79831 -0.86672 -2.17866 -5.13444
109.61 -5.08648 -7.31551 -6.63688 -2.54593 -1.756 -1.25842 -1.82616 -9.02318 -7.10245 -2.36754 -2.14444 -0.361113 -1.00954 -6.15721 -3.18698 -9.8736 0.513267 5.92038 3.46749 -4.5623 -9.94891 2.75273 -11.3312 -1.71753 10.4752 3.79249 -6.11733 -2.87156 2.44608 -9.74186 -4.35213 6.04412 1.30847 -4.59957 2.3991 -4.27283 -7.41072 -4.90824 -0.106688 -1.29995 -0.743283 1.43093 -9.92962 -7.3551 -1.18643 -2.92018 -0.997808 -1.86667 -4.64215
109.66 -4.64368 -7.34629 -6.64463 -2.00966 -1.72974 -1.45542 -1.14996 -8.96584 -7.10746 -2.68811 -2.51986 -0.552542 -0.72867 -5.60497 -4.25631 -9.21236 0.603395 5.28383 3.01733 -4.39482 -10.0755 2.35642 -11.3608 -1.53692 10.411 3.96414 -5.94892 -3.7121 2.93817 -10.0463 -3.99954 6.71146 1.64719 -5.01976 1.91319 -3.82418 -7.46534 -5.08322 0.404815 -1.21762 -0.962728 2.03906 -9.74879 -7.31613 -1.52115 -2.93588 -1.11271 -1.60546 -4.12605
109.71 -4.17867 -7.38758 -6.62543 -1.45578 -1.67469 -1.64303 -0.510564 -8.84331 -7.12159 -2.97383 -2.78354 -0.723899 -0.53229 -5.04452 -5.22159 -8.60297 0.542783 4.51373 2.54563 -4.1931 -10.0959 1.92692 -11.3755 -1.36061 10.1223 4.11105 -5.77808 -4.66138 3.29634 -10.3059 -3.67318 7.34636 1.95489 -5.39057 1.40455 -3.31861 -7.5448 -5.24375 0.95638 -1.10136 -1.18566 2.53566 -9.46729 -7.28944 -1.83997 -2.83195 -1.21041 -1.38886 -3.57164
109.76 -3.67459 -7.44817 -6.57419 -0.885018 -1.58607 -1.82137 0.0745006 -8.66963 -7.14078 -3.22345 -2.91862 -0.875654 -0.437632 -4.46205 -6.07576 -8.11537 0.317509 3.64086 2.08575 -3.9434 -10.011 1.47365 -11.3742 -1.1808 9.65449 4.22597 -5.61112 -5.64191 3.53692 -10.527 -3.3709 7.94076 2.23854 -5.69925 0.891573 -2.72017 -7.66975 -5.3609 1.56035 -0.937308 -1.41937 2.91828 -9.09435 -7.27126 -2.14826 -2.6055 -1.28943 -1.21143 -2.96667
109.81 -3.09896 -7.54393 -6.47858 -0.282191 -1.45387 -1.99285 0.595536 -8.45309 -7.16237 -3.43812 -2.90622 -1.00715 -0.445384 -3.83725 -6.82784 -7.75833 -0.0346053 2.73925 1.65296 -3.63661 -9.82365 0.999268 -11.3533 -0.98938 9.11452 4.30365 -5.45019 -6.56699 3.67165 -10.7142 -3.08931 8.4886 2.50333 -5.9371 0.383477 -1.97186 -7.87633 -5.39944 2.21504 -0.701689 -1.67821 3.18353 -8.64168 -7.25904 -2.45222 -2.27363 -1.34843 -1.06857 -2.30313
109.86 -2.39329 -7.70503 -6.31393 0.371439 -1.25789 -2.16467 1.04476 -8.19761 -7.18457 -3.62181 -2.73379 -1.1168 -0.537316 -3.14626 -7.46929 -7.51074 -0.453979 1.86299 1.25566 -3.27344 -9.54108 0.499494 -11.3052 -0.780142 8.57515 4.34031 -5.29555 -7.38914 3.70776 -10.87 -2.82554 8.9854 2.75286 -6.09374 -0.117839 -1.02264 -8.20723 -5.31815 2.90439 -0.367409 -1.98812 3.32122 -8.12297 -7.25113 -2.76005 -1.87392 -1.38692 -0.956408 -1.57473
109.91 -1.47134 -7.98205 -6.03613 1.08176 -0.964211 -2.3536 1.40946 -7.9059 -7.2061 -3.78202 -2.4125 -1.20273 -0.686855 -2.36765 -7.98731 -7.34495 -0.892928 1.03649 0.897544 -2.86709 -9.17686 -0.0387449 -11.2164 -0.551461 8.05931 4.33032 -5.14673 -8.0943 3.64694 -10.9961 -2.57779 9.42668 2.98934 -6.15826 -0.616809 0.0480272 -8.64795 -5.09688 3.6073 0.0542553 -2.38406 3.31315 -7.55158 -7.2466 -3.08362 -1.45046 -1.40569 -0.871559 -0.784416
109.96 -0.316739 -8.40496 -5.59185 1.83128 -0.552137 -2.59279 1.6637 -7.58181 -7.22605 -3.9314 -1.98846 -1.2639 -0.87017 -1.49245 -8.37411 -7.23738 -1.32499 0.270256 0.578101 -2.43978 -8.75008 -0.64231 -11.0627 -0.308094 7.5635 4.26223 -5.0029 -8.68127 3.48759 -11.0954 -2.34528 9.80598 3.21393 -6.13273 -1.1248 1.03062 -9.10536 -4.77546 4.3065 0.496554 -2.87902 3.15012 -6.93769 -7.24523 -3.43579 -1.03809 -1.40653 -0.810923 0.0286527
