50.01 0.11508 6.94374 -8.84928 -4.51643 -3.23783 -0.108623 2.01135 4.5253 11.0148 -8.5329 -6.01966 -3.18565 0.0629159 2.4503 6.35912 13.9557 -8.75033 -5.74521 -2.86328 1.7256 2.73217 8.41656 17.4616 -6.74167 -6.39157 -2.07802 0.725487 2.88868 10.7663 17.4953 -5.79391 -5.21603 -1.71381 2.35935 2.59856 13.2562 9.25724 1.84705 -6.76744 -2.01576 -3.27291 2.23602 4.60546 14.7613 -10.5296 -5.93767 -3.37872 5.58844 1.59231
50.06 0.212939 6.21848 -7.60786 -4.43445 -3.23827 -0.271411 1.98966 4.17033 10.676 -8.45868 -6.04668 -3.2186 -0.114999 2.40907 6.17616 13.4547 -8.85712 -5.76819 -2.92884 1.58403 2.69653 7.99161 16.8442 -7.12178 -6.42885 -2.22438 0.681704 2.89834 9.92153 17.7898 -6.38931 -5.24495 -1.75367 2.55417 2.65527 13.5343 10.0866 0.998872 -6.78028 -1.94941 -3.23758 2.29067 4.96624 14.7417 -10.5197 -5.93848 -3.37793 5.58486 1.58833
50.11 0.531604 5.53222 -6.37445 -4.34922 -3.23716 -0.424849 1.96896 3.80916 10.3325 -8.32547 -6.06931 -3.24766 -0.292217 2.36833 5.99671 12.9902 -8.94513 -5.79097 -2.98642 1.43223 2.65878 7.63922 16.1662 -7.44953 -6.46656 -2.3669 0.609839 2.8965 9.23646 17.8621 -6.92374 -5.27314 -1.83779 2.69914 2.70436 13.715 10.978 0.0369453 -6.82122 -1.89686 -3.20196 2.34707 5.37753 14.7324 -10.5088 -5.93905 -3.37498 5.58155 1.58472
50.16 1.39661 4.90769 -5.09313 -4.26488 -3.23468 -0.566127 1.94928 3.4643 9.97219 -8.11698 -6.08592 -3.27311 -0.467142 2.32844 5.81593 12.5613 -9.01386 -5.81368 -3.03711 1.27225 2.61955 7.33963 15.4856 -7.72783 -6.5049 -2.49913 0.513757 2.88458 8.71588 17.7515 -7.38142 -5.30116 -1.95417 2.79366 2.74309 13.777 11.8484 -0.875166 -6.87877 -1.85605 -3.16669 2.40422 5.81575 14.7377 -10.4972 -5.93936 -3.36873 5.57856 1.58151
50.21 3.14518 4.35215 -3.65824 -4.18327 -3.23084 -0.691914 1.93063 3.15701 9.57921 -7.8085 -6.09427 -3.29521 -0.638149 2.28991 5.6279 12.1644 -9.06156 -5.83637 -3.0819 1.10579 2.57937 7.07884 14.8367 -7.96228 -6.54402 -2.6186 0.397778 2.86425 8.3095 17.5212 -7.76257 -5.32913 -2.08455 2.84331 2.77014 13.7116 12.6473 -1.65724 -6.94444 -1.82508 -3.13229 2.46131 6.24847 14.7641 -10.4853 -5.93936 -3.35767 5.576 1.57882
50.26 5.41242 3.87475 -2.14912 -4.10495 -3.22322 -0.798039 1.91306 2.91357 9.13275 -7.36323 -6.0902 -3.31417 -0.803609 2.25323 5.42498 11.7943 -9.08539 -5.85896 -3.12164 0.934266 2.53867 6.84687 14.2352 -8.15883 -6.58397 -2.72501 0.266023 2.83714 7.97439 17.2184 -8.07621 -5.35686 -2.21581 2.85597 2.78563 13.5192 13.3581 -2.30693 -7.0141 -1.80233 -3.09912 2.51766 6.64919 14.8184 -10.4734 -5.93899 -3.34022 5.57402 1.57681
50.31 7.40781 3.54599 -0.764257 -4.02983 -3.1922 -0.878835 1.89703 2.79119 8.60898 -6.73016 -6.06808 -3.33011 -0.96191 2.21854 5.19748 11.4447 -9.08138 -5.8812 -3.15707 0.758862 2.49781 6.6363 13.6856 -8.32254 -6.62468 -2.81912 0.12216 2.80472 7.68496 16.8708 -8.33403 -5.38402 -2.34079 2.83903 2.79056 13.2055 13.9801 -2.85319 -7.08597 -1.78664 -3.0675 2.57274 7.0026 14.9065 -10.4618 -5.93818 -3.31517 5.5728 1.57572
50.36 8.72634 3.54075 0.42448 -3.95738 -3.09084 -0.925813 1.88474 2.9485 7.99181 -5.8482 -6.02349 -3.34301 -1.11146 2.18565 4.93497 11.1085 -9.04414 -5.90283 -3.18883 0.580684 2.45714 6.44129 13.1864 -8.45704 -6.66592 -2.90212 -0.0306345 2.76821 7.42718 16.4931 -8.5473 -5.41026 -2.45616 2.79847 2.78628 12.7801 14.5167 -3.32978 -7.15925 -1.77748 -3.03762 2.62609 7.30334 15.0311 -10.4506 -5.93685 -3.28221 5.57256 1.57582
50.41 9.4403 3.86809 1.42213 -3.88684 -2.92456 -0.927518 1.8802 3.69103 7.29471 -4.65897 -5.95639 -3.35257 -1.25066 2.15428 4.63147 10.7779 -8.96641 -5.92355 -3.21738 0.400868 2.41706 6.25683 12.7331 -8.5644 -6.70731 -2.97529 -0.189604 2.72863 7.19313 16.0932 -8.72565 -5.43529 -2.56076 2.73869 2.77426 12.2544 14.9697 -3.76627 -7.23352 -1.77524 -3.00971 2.6773 7.55243 15.1912 -10.4402 -5.93495 -3.24207 5.57349 1.5774
50.46 9.81561 4.41381 2.24884 -3.8179 -2.74159 -0.87268 1.88617 5.14342 6.5725 -3.19023 -5.87259 -3.35696 -1.37781 2.12429 4.29344 10.4443 -8.83806 -5.94275 -3.24305 0.220666 2.37806 6.07829 12.3193 -8.64525 -6.74829 -3.03989 -0.352341 2.6868 6.97795 15.675 -8.87681 -5.45889 -2.65453 2.66273 2.75589 11.6418 15.3358 -4.18652 -7.30848 -1.78201 -2.98401 2.72588 7.75343 15.3824 -10.4304 -5.93245 -3.19636 5.57578 1.58073
50.51 10.0189 5.10781 2.91975 -3.75091 -2.57015 -0.756897 1.9032 6.68223 5.91548 -1.70316 -5.78006 -3.34662 -1.49088 2.09588 3.94458 10.097 -8.64463 -5.95811 -3.26598 0.0415118 2.34048 5.90091 11.938 -8.6988 -6.78817 -3.09706 -0.51673 2.64341 6.77816 15.2407 -9.00667 -5.48093 -2.73802 2.57251 2.73239 10.9634 15.6005 -4.60838 -7.38394 -1.80281 -2.96093 2.77108 7.90868 15.5972 -10.4214 -5.92934 -3.14736 5.57953 1.58596
50.56 10.1319 5.87301 3.43479 -3.68722 -2.42034 -0.58693 1.93046 7.77152 5.43571 -0.429404 -5.68476 -3.30029 -1.58702 2.07 3.62781 9.72232 -8.36508 -5.96623 -3.28624 -0.134963 2.3043 5.71933 11.5821 -8.72295 -6.8261 -3.14783 -0.680906 2.599 6.59082 14.7934 -9.11952 -5.50136 -2.81203 2.46909 2.70486 10.2571 15.7343 -5.04233 -7.4597 -1.84653 -2.94119 2.81169 8.01623 15.8259 -10.4132 -5.92565 -3.09777 5.58478 1.59317
50.61 10.1957 6.65307 3.7694 -3.62983 -2.29408 -0.374244 1.96643 8.43772 5.17631 0.590095 -5.58971 -3.21007 -1.66215 2.0485 3.39495 9.30224 -7.96878 -5.9633 -3.30382 -0.306935 2.26935 5.52691 11.2438 -8.71415 -6.8611 -3.19307 -0.84324 2.55406 6.41315 14.3386 -9.21818 -5.52025 -2.87749 2.35307 2.6742 9.57581 15.7021 -5.4886 -7.53563 -1.92308 -2.92597 2.84575 8.06905 16.056 -10.4058 -5.92149 -3.05082 5.59146 1.60231
50.66 10.232 7.44429 3.86415 -3.58435 -2.18993 -0.129271 2.00936 8.87142 5.09236 1.38978 -5.49615 -3.09038 -1.71125 2.03324 3.28824 8.81429 -7.41371 -5.94479 -3.31871 -0.472405 2.23555 5.31533 10.9151 -8.66695 -6.89207 -3.23352 -1.00232 2.50899 6.24219 13.885 -9.30421 -5.53775 -2.93533 2.22502 2.64118 8.96379 15.4943 -5.93601 -7.6115 -2.03484 -2.91672 2.87085 8.05988 16.2727 -10.3994 -5.91702 -3.01013 5.59937 1.61314
50.71 10.2526 8.29254 3.61525 -3.56008 -2.10529 0.139936 2.05756 9.21199 5.1379 2.01473 -5.40468 -2.95638 -1.72841 2.02545 3.36294 8.23823 -6.65083 -5.90609 -3.33082 -0.629209 2.20289 5.0751 10.5872 -8.57328 -6.91774 -3.26983 -1.15693 2.46414 6.07468 13.442 -9.37799 -5.55412 -2.98645 2.08581 2.60643 8.43739 15.1451 -6.36607 -7.68697 -2.17227 -2.91455 2.88502 7.98948 16.4606 -10.3944 -5.91249 -2.97905 5.60818 1.62525
50.76 10.264 9.2674 2.89731 -3.5689 -2.03746 0.427279 2.10947 9.53902 5.30127 2.50286 -5.3158 -2.81606 -1.70679 2.02587 3.76401 7.57428 -5.63611 -5.84525 -3.33991 -0.774975 2.17141 4.7994 10.2497 -8.42109 -6.93671 -3.30245 -1.30604 2.41984 5.90681 13.0164 -9.43882 -5.56962 -3.03169 1.93678 2.57045 7.99234 14.7106 -6.76116 -7.76152 -2.32047 -2.9197 2.88752 7.86885 16.6081 -10.3909 -5.90817 -2.95972 5.61745 1.63807
50.81 10.2688 10.3804 1.71302 -3.61489 -1.98406 0.727711 2.16376 9.89754 5.61006 2.87976 -5.23022 -2.67253 -1.63872 2.03497 4.77053 6.86212 -4.33934 -5.76586 -3.34494 -0.907007 2.14124 4.49224 9.88993 -8.19224 -6.94743 -3.33169 -1.44874 2.3765 5.73391 12.6123 -9.48504 -5.5845 -3.07184 1.77956 2.53365 7.61687 14.2412 -7.11031 -7.83448 -2.46706 -2.9316 2.87887 7.71379 16.7098 -10.3892 -5.90426 -2.95248 5.6267 1.65091
50.86 10.2641 11.5199 0.318355 -3.68373 -1.94302 1.03622 2.21927 10.2967 6.11487 3.1525 -5.14941 -2.52787 -1.51728 2.05306 6.33488 6.18143 -2.84486 -5.67543 -3.3397 -1.02201 2.11258 4.17714 9.49136 -7.85955 -6.94729 -3.35768 -1.58423 2.33457 5.55003 12.2303 -9.51412 -5.59894 -3.10757 1.61582 2.49638 7.29778 13.7706 -7.40972 -7.90515 -2.6047 -2.94915 2.86042 7.53899 16.7663 -10.3893 -5.90093 -2.9561 5.63548 1.66314
50.91 10.2313 12.5687 -1.02874 -3.75805 -1.91294 1.34669 2.27505 10.716 6.82045 3.29507 -5.07697 -2.38622 -1.34267 2.08023 7.72966 5.66533 -1.42996 -5.58082 -3.30012 -1.11541 2.08629 3.90831 9.03301 -7.38352 -6.93158 -3.38039 -1.71177 2.29427 5.34741 11.8689 -9.52269 -5.61301 -3.13953 1.44709 2.45893 7.02281 13.3176 -7.66036 -7.97283 -2.73012 -2.97112 2.83381 7.35552 16.7821 -10.3914 -5.89824 -2.9685 5.64343 1.67425
50.96 10.1143 13.4786 -2.24554 -3.82991 -1.89456 1.65043 2.3302 11.1312 7.68847 3.22433 -5.02093 -2.25314 -1.12405 2.11609 8.61678 5.42577 -0.25964 -5.48607 -3.2025 -1.18049 2.06451 3.78842 8.49213 -6.71209 -6.89499 -3.39965 -1.83063 2.2555 5.11629 11.5244 -9.5065 -5.62671 -3.16824 1.2747 2.42156 6.78147 12.8906 -7.86525 -8.03684 -2.84256 -2.99634 2.80066 7.17068 16.7639 -10.3952 -5.89622 -2.98732 5.65031 1.68387
51.01 9.78971 14.2218 -3.36878 -3.89744 -1.89449 1.93399 2.38367 11.5216 8.73032 2.78133 -4.99602 -2.13333 -0.872647 2.15971 9.18565 5.43331 0.660715 -5.39292 -3.06118 -1.2086 2.04992 3.98395 7.85768 -5.78797 -6.83406 -3.41513 -1.94004 2.21812 4.84687 11.192 -9.46022 -5.63998 -3.19415 1.09983 2.38455 6.56513 12.4917 -8.02772 -8.09655 -2.94253 -3.0238 2.76243 6.98882 16.7188 -10.4005 -5.89483 -3.01039 5.65598 1.69177
51.06 9.07013 14.7317 -4.50145 -3.96098 -1.93284 2.17794 2.43347 11.8616 9.98791 1.83655 -5.01717 -2.02967 -0.597781 2.20968 9.65705 5.64695 1.36913 -5.30231 -2.89846 -1.19016 2.04442 4.76635 7.15355 -4.56244 -6.75025 -3.42585 -2.03915 2.18216 4.53539 10.8655 -9.37698 -5.65287 -3.21759 0.923553 2.34827 6.3667 12.1194 -8.15032 -8.15132 -3.03108 -3.05267 2.72036 6.81222 16.6533 -10.4071 -5.894 -3.0359 5.66039 1.69787
51.11 7.85117 14.891 -5.7474 -4.02164 -2.04269 2.36338 2.47557 12.1058 11.3579 0.603378 -5.07521 -1.94328 -0.306526 2.2643 10.1383 6.08588 1.89544 -5.21558 -2.72631 -1.11587 2.04919 6.20032 6.45168 -3.08348 -6.65048 -3.42657 -2.12689 2.14781 4.19263 10.5375 -9.24761 -5.66502 -3.23874 0.746963 2.31313 6.18015 11.7699 -8.23441 -8.20053 -3.10944 -3.0823 2.67546 6.64165 16.5729 -10.4148 -5.89367 -3.06246 5.66357 1.70217
51.16 6.3534 14.736 -7.06219 -4.08042 -2.21303 2.485 2.50471 12.2026 12.6519 -0.544175 -5.14444 -1.87388 -0.0048039 2.32184 10.6422 6.75433 2.23638 -5.136 -2.55331 -0.982806 2.06487 7.61379 5.88376 -1.62301 -6.54289 -3.3956 -2.20161 2.11577 3.85143 10.1991 -9.05941 -5.6744 -3.25767 0.571283 2.2794 6.00004 11.4382 -8.27988 -8.24351 -3.17881 -3.11216 2.62859 6.47682 16.4824 -10.4233 -5.89373 -3.08908 5.66559 1.70475
51.21 4.93854 14.4805 -8.28941 -4.13757 -2.38471 2.55097 2.51927 12.1481 13.7916 -1.47625 -5.21141 -1.82027 0.300485 2.38083 11.1477 7.60741 2.32916 -5.07115 -2.38862 -0.798358 2.09145 8.54676 5.57576 -0.392613 -6.4331 -3.3065 -2.26046 2.08797 3.56831 9.83817 -8.79425 -5.67812 -3.27436 0.397938 2.24698 5.82095 11.1183 -8.28477 -8.27953 -3.24029 -3.14187 2.58042 6.3166 16.3852 -10.4324 -5.89409 -3.11506 5.66654 1.70572
51.26 3.7751 14.2268 -9.35332 -4.19273 -2.53144 2.5736 2.52146 11.9702 14.7731 -2.21685 -5.2723 -1.78091 0.59828 2.44012 11.6362 8.64199 2.02848 -5.03569 -2.23978 -0.573792 2.12813 9.13983 5.50368 0.58095 -6.32392 -3.16966 -2.29958 2.067 3.3907 9.43891 -8.426 -5.67292 -3.28876 0.228637 2.21572 5.63695 10.8031 -8.24485 -8.30773 -3.29488 -3.17114 2.53156 6.15915 16.2841 -10.442 -5.89467 -3.13999 5.66652 1.70522
51.31 2.86912 13.9877 -10.2513 -4.24551 -2.65226 2.56349 2.5142 11.6901 15.6091 -2.82095 -5.32654 -1.75476 0.870793 2.49872 12.0933 9.89877 1.19591 -5.0462 -2.11103 -0.319158 2.17347 9.61992 5.59472 1.33529 -6.21672 -3.00793 -2.31465 2.05483 3.33677 8.98074 -7.91857 -5.65473 -3.30086 0.0654348 2.18554 5.44123 10.4845 -8.15266 -8.32705 -3.34342 -3.19973 2.48249 6.00191 16.1812 -10.4518 -5.89538 -3.16361 5.66565 1.70338
51.36 2.17774 13.7558 -11.0019 -4.29557 -2.75137 2.52835 2.49995 11.3213 16.3098 -3.33828 -5.3749 -1.74191 1.09935 2.55575 12.5032 11.2846 0.0244667 -5.09631 -2.00351 -0.0422652 2.2257 10.1054 5.81288 1.91183 -6.11266 -2.83434 -2.30067 2.05276 3.4274 8.44233 -7.22885 -5.61896 -3.31059 -0.0891883 2.15649 5.22664 10.1522 -7.99607 -8.33609 -3.3866 -3.22749 2.43364 5.84143 16.078 -10.4616 -5.89616 -3.18584 5.66404 1.70035
51.41 1.65441 13.5223 -11.6262 -4.34274 -2.83298 2.47338 2.4806 10.8753 16.8763 -3.80772 -5.41875 -1.74423 1.27781 2.61029 12.8399 12.6059 -1.09469 -5.1598 -1.91609 0.250809 2.28294 10.615 6.14228 2.33995 -6.01317 -2.65796 -2.25179 2.06164 3.73967 7.81565 -6.31952 -5.56249 -3.31774 -0.232196 2.12864 4.98946 9.79321 -7.75575 -8.33299 -3.42499 -3.25431 2.38536 5.67313 15.9755 -10.4715 -5.89695 -3.20666 5.66179 1.69625
51.46 1.25976 13.28 -12.1429 -4.38694 -2.90052 2.40183 2.45757 10.3659 17.2964 -4.25841 -5.4594 -1.76597 1.41135 2.66119 13.0623 13.7778 -2.01478 -5.22154 -1.84638 0.554731 2.34349 11.1292 6.58111 2.63148 -5.92042 -2.48845 -2.16182 2.08166 4.4826 7.12716 -5.16618 -5.48682 -3.32166 -0.359766 2.10206 4.73931 9.39009 -7.40164 -8.31538 -3.45894 -3.28008 2.33802 5.49083 15.8743 -10.4812 -5.89772 -3.22612 5.659 1.6912
51.51 0.962709 13.0241 -12.5679 -4.42818 -2.95673 2.31558 2.43194 9.81275 17.5449 -4.71083 -5.49787 -1.81338 1.50714 2.70694 13.1228 14.7962 -2.7587 -5.27699 -1.79176 0.863642 2.40586 11.6299 7.16581 2.7691 -5.83842 -2.33385 -2.02477 2.11223 5.89256 6.44511 -3.76716 -5.39836 -3.3187 -0.46689 2.0769 4.51724 8.92127 -6.88892 -8.28016 -3.48857 -3.30476 2.29207 5.28629 15.7749 -10.4907 -5.8985 -3.24433 5.65575 1.68532
51.56 0.739375 12.7529 -12.9138 -4.46657 -3.00374 2.2155 2.40452 9.24192 17.5942 -5.17523 -5.5349 -1.89203 1.57035 2.74558 12.9809 15.6767 -3.38476 -5.32525 -1.74999 1.1693 2.46886 12.1051 7.96429 2.6728 -5.77588 -2.19863 -1.83763 2.15205 7.56007 5.90259 -2.29193 -5.3043 -3.28815 -0.546654 2.05373 4.43197 8.36545 -6.15651 -8.223 -3.51375 -3.32829 2.24793 5.0494 15.6776 -10.4999 -5.89942 -3.2614 5.65211 1.67875
51.61 0.571569 12.4671 -13.1902 -4.50228 -3.04324 2.10208 2.37595 8.68223 17.436 -5.64875 -5.571 -2.00157 1.60389 2.77499 12.6122 16.4349 -3.94588 -5.36682 -1.71961 1.4582 2.5315 12.5458 9.02571 2.17116 -5.74946 -2.08411 -1.60626 2.19941 8.77568 5.70412 -0.998889 -5.20964 -3.18727 -0.589004 2.0347 4.73587 7.7184 -5.13329 -8.1407 -3.53378 -3.35061 2.20565 4.77091 15.5825 -10.5087 -5.90088 -3.2774 5.64815 1.6717
51.66 0.445521 12.1698 -13.4039 -4.53549 -3.07658 1.97588 2.34671 8.15956 17.0937 -6.11596 -5.60646 -2.13315 1.60917 2.79355 12.0175 17.0786 -4.48194 -5.40294 -1.70092 1.71066 2.5929 12.9442 10.3373 1.17181 -5.77268 -1.9897 -1.34244 2.25246 9.55903 5.89371 0.0239226 -5.11706 -3.02062 -0.581001 2.02351 5.7359 7.01921 -3.78286 -8.03575 -3.54577 -3.37167 2.16517 4.44986 15.4902 -10.5172 -5.90357 -3.29237 5.64392 1.66452
51.71 0.350836 11.8649 -13.559 -4.56639 -3.10482 1.83792 2.31716 7.69233 16.6133 -6.55629 -5.64139 -2.27326 1.58706 2.80072 11.2385 17.5998 -5.01733 -5.43524 -1.69802 1.91093 2.65212 13.2872 11.725 -0.0282234 -5.83041 -1.91368 -1.05771 2.30939 10.1755 6.40028 0.779373 -5.02889 -2.82522 -0.51231 2.02312 7.12798 6.37278 -2.27602 -7.91589 -3.53626 -3.3912 2.12675 4.10406 15.4014 -10.5253 -5.90747 -3.30625 5.63949 1.65758
51.76 0.279684 11.5562 -13.6571 -4.59505 -3.12885 1.6897 2.2876 7.28801 16.0442 -6.95358 -5.67578 -2.41012 1.53855 2.7971 10.3763 17.9616 -5.55704 -5.46524 -1.72192 2.05804 2.70771 13.5469 13.0083 -1.09361 -5.89792 -1.85359 -0.762081 2.36862 10.7386 7.14245 1.25404 -4.94992 -2.62645 -0.383445 2.03498 8.21018 5.93132 -0.911269 -7.78914 -3.47669 -3.40841 2.09162 3.77863 15.3168 -10.5328 -5.9117 -3.31891 5.6349 1.65096
51.81 0.226177 11.2459 -13.6972 -4.6214 -3.14935 1.53296 2.25824 6.94334 15.4318 -7.30038 -5.70965 -2.5366 1.46522 2.78407 9.57057 18.1082 -6.08617 -5.49408 -1.78727 2.15908 2.75721 13.6767 14.135 -1.94959 -5.96408 -1.80682 -0.466008 2.4289 11.2719 8.06578 1.36518 -4.8906 -2.43979 -0.203684 2.05928 8.88877 5.73892 0.196875 -7.66052 -3.36176 -3.42189 2.06199 3.52662 15.2375 -10.5396 -5.91573 -3.33024 5.63021 1.64451
51.86 0.1859 10.9337 -13.6758 -4.64517 -3.1669 1.36938 2.22926 6.6484 14.8157 -7.59651 -5.74309 -2.64978 1.3695 2.76329 8.90904 18.0248 -6.58026 -5.52253 -1.89583 2.22113 2.79749 13.6286 15.1116 -2.63609 -6.02551 -1.77106 -0.18378 2.48925 11.7745 9.19588 0.958334 -4.86821 -2.27406 0.0162066 2.09509 9.37981 5.73016 1.06298 -7.53245 -3.21284 -3.4304 2.03995 3.37008 15.1638 -10.5455 -5.91944 -3.34018 5.62547 1.63814
51.91 0.15555 10.6164 -13.5863 -4.66575 -3.18196 1.20044 2.20079 6.39094 14.2243 -7.84565 -5.77627 -2.74932 1.25445 2.73637 8.38953 17.7602 -7.02018 -5.55093 -2.0313 2.24967 2.82611 13.3793 15.9557 -3.20888 -6.08137 -1.7445 0.0659119 2.54894 12.2367 10.5332 0.0197208 -4.89216 -2.13296 0.266871 2.14065 9.84371 5.8554 1.72921 -7.40644 -3.04604 -3.43311 2.02697 3.30426 15.0958 -10.5502 -5.92281 -3.34879 5.62072 1.63184
51.96 0.132663 10.2878 -13.4182 -4.68216 -3.19488 1.02743 2.17292 6.1589 13.6728 -8.05262 -5.8094 -2.83614 1.12338 2.70475 7.97476 17.3767 -7.39868 -5.57921 -2.1747 2.24912 2.84236 12.9352 16.6817 -3.71516 -6.13199 -1.7261 0.270232 2.6074 12.6357 11.907 -1.0936 -4.94318 -2.01657 0.540497 2.19387 10.3372 6.09068 2.23211 -7.28392 -2.87036 -3.42951 2.02414 3.31778 15.0336 -10.5535 -5.92583 -3.35616 5.61601 1.62569
52.01 0.115425 9.93777 -13.1552 -4.69279 -3.20595 0.85146 2.14573 5.94111 13.1663 -8.22172 -5.84262 -2.91167 0.979353 2.66962 7.632 16.918 -7.71808 -5.60713 -2.31362 2.22308 2.84691 12.3201 17.2953 -4.19071 -6.17825 -1.7161 0.430014 2.66407 12.9285 13.1624 -2.08185 -4.99866 -1.92274 0.830137 2.25258 10.8494 6.41235 2.59539 -7.16666 -2.69489 -3.41933 2.03212 3.39879 14.9769 -10.555 -5.9285 -3.36239 5.61137 1.61975
52.06 0.102545 9.55178 -12.7726 -4.69524 -3.21534 0.673612 2.11927 5.72691 12.7035 -8.356 -5.876 -2.97744 0.825037 2.63196 7.3393 16.4098 -7.98555 -5.63441 -2.44198 2.17428 2.84121 11.5701 17.7864 -4.66074 -6.22109 -1.71735 0.552055 2.71835 13.0577 14.2614 -2.90179 -5.05004 -1.84844 1.12892 2.31487 11.3581 6.79591 2.82921 -7.05694 -2.5292 -3.40274 2.05093 3.53448 14.9256 -10.5546 -5.93084 -3.36757 5.60683 1.61405
52.11 0.0932245 9.11004 -12.236 -4.68601 -3.22316 0.495026 2.0936 5.50529 12.2795 -8.45692 -5.90942 -3.03488 0.662655 2.59255 7.08254 15.868 -8.20964 -5.66083 -2.55757 2.10471 2.82691 10.744 18.1203 -5.13872 -6.26137 -1.73772 0.642083 2.76924 12.9691 15.2126 -3.60449 -5.09549 -1.79077 1.42946 2.37909 11.8474 7.22745 2.93004 -6.95783 -2.38016 -3.38035 2.0798 3.7128 14.8794 -10.5523 -5.93286 -3.37177 5.60242 1.60864
52.16 0.0873766 8.58958 -11.5046 -4.66076 -3.22943 0.316998 2.06876 5.26424 11.888 -8.52442 -5.94262 -3.08527 0.49408 2.55201 6.85231 15.307 -8.39836 -5.68628 -2.66019 2.01587 2.80563 9.9328 18.238 -5.62367 -6.29988 -1.79042 0.70286 2.81497 12.6221 16.0316 -4.24889 -5.13529 -1.74765 1.72356 2.44389 12.3068 7.70937 2.87888 -6.87346 -2.25095 -3.35316 2.11737 3.92582 14.8385 -10.5479 -5.93459 -3.37502 5.59816 1.60353
52.21 0.0866713 7.97502 -10.553 -4.61578 -3.2341 0.141041 2.04477 4.99181 11.5215 -8.55676 -5.97509 -3.1297 0.320948 2.51083 6.64186 14.7445 -8.55836 -5.71077 -2.75062 1.90928 2.77882 9.2232 18.0938 -6.10075 -6.33737 -1.88444 0.734404 2.85283 12.0051 16.7272 -4.8779 -5.17046 -1.71894 2.00206 2.50816 12.7281 8.26098 2.63867 -6.80949 -2.14186 -3.32229 2.16193 4.1721 14.8028 -10.5417 -5.93603 -3.37731 5.59407 1.59873
52.26 0.0987966 7.27938 -9.41294 -4.5513 -3.23705 -0.0310819 2.02169 4.68089 11.1723 -8.55039 -6.00611 -3.16904 0.144779 2.4694 6.4459 14.1983 -8.69457 -5.73448 -2.83002 1.78682 2.74769 8.64411 17.705 -6.54926 -6.37447 -2.01241 0.735468 2.88012 11.178 17.2902 -5.50712 -5.2022 -1.70901 2.25467 2.57072 13.1027 8.91407 2.15896 -6.77308 -2.05159 -3.28889 2.21174 4.4576 14.7729 -10.5338 -5.93721 -3.37856 5.59017 1.59426
52.31 0.152653 6.55039 -8.18041 -4.47303 -3.23827 -0.197337 1.99954 4.3362 10.8322 -8.49948 -6.03468 -3.20391 -0.0329339 2.42804 6.25983 13.6814 -8.81022 -5.75763 -2.89966 1.65073 2.71328 8.17714 17.1409 -6.95297 -6.41162 -2.15676 0.705578 2.89538 10.2962 17.6815 -6.12063 -5.23175 -1.72976 2.47018 2.62986 13.4164 9.69145 1.41471 -6.77026 -1.97817 -3.25395 2.26518 4.7929 14.7497 -10.5244 -5.93813 -3.37851 5.58648 1.59012
52.36 0.341159 5.84194 -6.9432 -4.3886 -3.23786 -0.355412 1.97838 3.97503 10.4922 -8.39512 -6.05952 -3.23472 -0.210669 2.38704 6.07933 13.1999 -8.90687 -5.78048 -2.96078 1.50337 2.67641 7.79415 16.4822 -7.30479 -6.4491 -2.30217 0.646248 2.8987 9.52985 17.8551 -6.68627 -5.26018 -1.7939 2.6387 2.68287 13.6454 10.5648 0.483131 -6.79958 -1.91951 -3.21838 2.32091 5.18265 14.7352 -10.5139 -5.93882 -3.37667 5.58304 1.58634
52.41 0.901939 5.18739 -5.69781 -4.30351 -3.23598 -0.502676 1.95823 3.61997 10.1413 -8.22383 -6.07913 -3.2618 -0.386852 2.3467 5.89982 12.7549 -8.98464 -5.80321 -3.01452 1.34693 2.63779 7.47225 15.7971 -7.60529 -6.48713 -2.43965 0.560806 2.89122 8.93855 17.821 -7.18015 -5.28824 -1.8977 2.75608 2.72664 13.764 11.4538 -0.468154 -6.85082 -1.87354 -3.18288 2.37783 5.61237 14.7331 -10.5026 -5.93925 -3.37211 5.57989 1.58293
52.46 2.22831 4.59959 -4.34094 -4.22051 -3.23281 -0.636065 1.9391 3.29267 9.76573 -7.96522 -6.09165 -3.28542 -0.559869 2.30747 5.71596 12.3438 -9.04233 -5.82591 -3.06192 1.18327 2.59799 7.19501 15.1307 -7.8592 -6.52587 -2.56513 0.453469 2.87456 8.48592 17.6387 -7.59583 -5.31625 -2.02367 2.82549 2.75913 13.7577 12.2894 -1.31405 -6.91348 -1.83825 -3.14802 2.43503 6.05152 14.7489 -10.4908 -5.9394 -3.36347 5.57712 1.57999
52.51 4.35835 4.08349 -2.83973 -4.14066 -3.2277 -0.751849 1.92102 3.01555 9.34682 -7.58852 -6.09398 -3.3058 -0.728089 2.26989 5.521 11.962 -9.07759 -5.84857 -3.10389 1.01393 2.55748 6.9508 14.5062 -8.07253 -6.56544 -2.67752 0.328505 2.85039 8.12207 17.3649 -7.93921 -5.34412 -2.15574 2.85423 2.77987 13.6235 13.0414 -2.02219 -6.98162 -1.81188 -3.11424 2.4918 6.46958 14.7895 -10.4789 -5.93921 -3.34916 5.57485 1.57764
52.56 6.55761 3.66877 -1.37998 -4.0641 -3.21226 -0.845174 1.90416 2.826 8.86158 -7.04924 -6.08087 -3.32313 -0.88989 2.2343 5.30615 11.6038 -9.087 -5.871 -3.14122 0.840172 2.51665 6.73116 13.9326 -8.25085 -6.60582 -2.77717 0.189803 2.82025 7.81386 17.0355 -8.22131 -5.37159 -2.2842 2.8501 2.78952 13.3647 13.7041 -2.61189 -7.05261 -1.79305 -3.08188 2.54752 6.84602 14.8614 -10.4671 -5.93861 -3.32771 5.57326 1.57609
52.61 8.20832 3.49534 -0.0989986 -3.99052 -3.14817 -0.909034 1.8897 2.82444 8.28817 -6.28993 -6.04699 -3.33745 -1.04367 2.20061 5.06097 11.2623 -9.06585 -5.89295 -3.17461 0.663137 2.47585 6.52963 13.4106 -8.39847 -6.64685 -2.86514 0.0407616 2.78549 7.54274 16.6704 -8.45382 -5.39829 -2.40425 2.81979 2.7893 12.9895 14.2796 -3.11661 -7.12531 -1.7809 -3.05117 2.60173 7.17122 14.969 -10.4557 -5.93753 -3.29837 5.57254 1.5756
52.66 9.16786 3.68428 0.984482 -3.91917 -3.00603 -0.933133 1.8811 3.25444 7.62355 -5.24824 -5.98988 -3.34862 -1.18785 2.16857 4.7765 10.9302 -9.00786 -5.91412 -3.20459 0.483929 2.43544 6.34089 12.9369 -8.51818 -6.68823 -2.94268 -0.115678 2.74721 7.29848 16.2801 -8.6472 -5.42391 -2.51388 2.76843 2.78068 12.5086 14.7712 -3.56828 -7.19916 -1.77533 -3.02233 2.65398 7.44375 15.1132 -10.4449 -5.9359 -3.26139 5.5729 1.57647
52.71 9.67129 4.1397 1.88758 -3.8495 -2.82568 -0.905547 1.88203 4.40979 6.9038 -3.89048 -5.91279 -3.35587 -1.32078 2.13795 4.45255 10.5992 -8.90434 -5.93419 -3.23156 0.303739 2.39588 6.1602 12.5056 -8.61127 -6.72948 -3.01108 -0.276957 2.70632 7.07509 15.87 -8.81006 -5.4482 -2.6126 2.69963 2.76507 11.9341 15.1783 -3.99343 -7.27384 -1.77754 -2.99557 2.70384 7.66648 15.2908 -10.4348 -5.93368 -3.218 5.57455 1.57897
52.76 9.94001 4.77403 2.62922 -3.78151 -2.64687 -0.817652 1.894 6.01234 6.20312 -2.37118 -5.82337 -3.35445 -1.44063 2.10875 4.10454 10.2596 -8.74308 -5.95171 -3.25574 0.123911 2.35763 5.9829 12.1103 -8.67759 -6.76996 -3.07155 -0.440831 2.66358 6.86859 15.4429 -8.94912 -5.47096 -2.70074 2.61581 2.74379 11.2826 15.4925 -4.41274 -7.34909 -1.79099 -2.97122 2.75071 7.84276 15.4958 -10.4255 -5.93085 -3.17021 5.57762 1.5833
52.81 10.0878 5.51592 3.21749 -3.71604 -2.48651 -0.671336 1.91671 7.33167 5.62935 -0.984718 -5.72881 -3.32734 -1.54502 2.08152 3.76653 9.89955 -8.50641 -5.96361 -3.27723 -0.0540151 2.32082 5.80399 11.7436 -8.71565 -6.8089 -3.12515 -0.605321 2.61958 6.67586 15.0011 -9.06938 -5.49213 -2.77901 2.51838 2.718 10.5832 15.6913 -4.8404 -7.42473 -1.82283 -2.94981 2.79364 7.97291 15.7194 -10.4169 -5.92742 -3.12052 5.58218 1.5896
52.86 10.1707 6.29298 3.64034 -3.65523 -2.34944 -0.476928 1.94887 8.17068 5.27051 0.149919 -5.63342 -3.25646 -1.63041 2.05774 3.48898 9.50299 -8.16848 -5.9663 -3.29605 -0.228302 2.28533 5.61749 11.3981 -8.7226 -6.84539 -3.17284 -0.768693 2.57483 6.49408 14.5488 -9.17431 -5.51172 -2.8483 2.40811 2.68868 9.88355 15.7392 -5.28171 -7.5006 -1.88326 -2.93233 2.83101 8.05205 15.9506 -10.4091 -5.92346 -3.07192 5.58821 1.59786
52.91 10.2177 7.07605 3.85577 -3.60335 -2.23538 -0.2457 1.98881 8.68962 5.1129 1.04531 -5.53908 -3.14812 -1.69219 2.03941 3.31924 9.04927 -7.69253 -5.95558 -3.31218 -0.397029 2.251 5.4159 11.0661 -8.69393 -6.87837 -3.21541 -0.929436 2.52977 6.3204 14.0934 -9.26606 -5.52984 -2.90954 2.28553 2.65666 9.23575 15.6107 -5.73062 -7.57653 -1.97929 -2.92016 2.86054 8.07203 16.1755 -10.4022 -5.9191 -3.02789 5.59559 1.60795
52.96 10.2445 7.88977 3.78113 -3.56789 -2.14208 0.0131871 2.03478 9.06044 5.10243 1.74554 -5.44658 -3.0193 -1.72488 2.02806 3.30002 8.51563 -7.03155 -5.92668 -3.32559 -0.558111 2.21781 5.19003 10.739 -8.62291 -6.90664 -3.25357 -1.08625 2.48477 6.15174 13.6445 -9.34551 -5.5467 -2.96365 2.15132 2.62264 8.66951 15.3203 -6.17111 -7.65224 -2.10664 -2.91463 2.87993 8.02905 16.3784 -10.3965 -5.91457 -2.99201 5.60403 1.61954
53.01 10.2596 8.79847 3.29245 -3.56007 -2.06682 0.292832 2.08516 9.38628 5.21047 2.29276 -5.35644 -2.88129 -1.72205 2.02462 3.52269 7.8899 -6.13783 -5.87597 -3.33612 -0.709279 2.18578 4.93107 10.4073 -8.49953 -6.92888 -3.28784 -1.23802 2.44018 5.98455 13.2102 -9.41246 -5.56256 -3.0115 2.00664 2.58717 8.18817 14.918 -6.58416 -7.72729 -2.25168 -2.91644 2.88781 7.92975 16.5456 -10.3923 -5.91012 -2.96711 5.61315 1.63211
53.06 10.2674 9.8548 2.30534 -3.58961 -2.00703 0.587829 2.1385 9.72676 5.44626 2.71874 -5.26922 -2.73902 -1.6764 2.02967 4.21489 7.19241 -4.97257 -5.80434 -3.34328 -0.848009 2.15498 4.63685 10.0596 -8.30879 -6.94363 -3.31861 -1.38378 2.39634 5.81462 12.7959 -9.46568 -5.5777 -3.05391 1.85298 2.5507 7.78224 14.4595 -6.95537 -7.80107 -2.40023 -2.92533 2.88417 7.78858 16.6687 -10.3897 -5.906 -2.95437 5.62247 1.64502
53.11 10.2681 11.0002 0.967346 -3.65045 -1.96053 0.893277 2.19358 10.1085 5.8555 3.04029 -5.18593 -2.59453 -1.58017 2.04359 5.58517 6.48449 -3.54251 -5.71801 -3.34437 -0.971333 2.12558 4.32094 9.68124 -8.02809 -6.94896 -3.34609 -1.52269 2.35371 5.63665 12.4038 -9.50303 -5.59233 -3.0916 1.69205 2.51361 7.43876 13.9863 -7.27782 -7.87288 -2.54261 -2.94043 2.87005 7.62126 16.7456 -10.389 -5.90239 -2.9532 5.63151 1.65761
53.16 10.2523 12.1005 -0.422326 -3.7238 -1.92549 1.20373 2.24935 10.5218 6.4727 3.24912 -5.10896 -2.45083 -1.42935 2.06658 7.14771 5.8727 -2.05682 -5.62465 -3.32491 -1.07539 2.09802 4.02127 9.25333 -7.62395 -6.94111 -3.37033 -1.65398 2.31266 5.44378 12.0332 -9.52153 -5.60657 -3.12522 1.52544 2.47621 7.14486 13.5236 -7.55065 -7.94203 -2.67388 -2.96051 2.84699 7.44067 16.7794 -10.3902 -5.8994 -2.96185 5.63988 1.6693
53.21 10.1847 13.0777 -1.70013 -3.79727 -1.90136 1.51189 2.3049 10.9416 7.26912 3.29189 -5.04396 -2.31312 -1.22961 2.09852 8.26355 5.50136 -0.766663 -5.52964 -3.25454 -1.15451 2.07381 3.8165 8.75308 -7.04971 -6.91475 -3.39121 -1.77694 2.2732 5.2271 11.6815 -9.51735 -5.62044 -3.15537 1.35459 2.43877 6.88919 13.0841 -7.77621 -8.00781 -2.7923 -2.98437 2.81666 7.25577 16.776 -10.3932 -5.89707 -2.97799 5.64728 1.67964
53.26 9.97627 13.9025 -2.85692 -3.86684 -1.8914 1.80683 2.35931 11.3459 8.22449 3.04418 -5.00246 -2.18672 -0.99202 2.13871 8.9463 5.40328 0.265018 -5.43562 -3.13012 -1.20082 2.05561 3.83985 8.16147 -6.24912 -6.86524 -3.4085 -1.8908 2.23519 4.97637 11.3442 -9.4857 -5.63391 -3.18252 1.18073 2.40155 6.66228 12.6722 -7.95787 -8.06959 -2.89792 -3.01091 2.78061 7.07214 16.7425 -10.3978 -5.89539 -2.99935 5.65352 1.68835
53.31 9.46311 14.5328 -3.9698 -3.93211 -1.90828 2.07174 2.41115 11.7133 9.38256 2.33169 -5.00146 -2.07536 -0.726973 2.18594 9.4422 5.52255 1.06632 -5.34372 -2.97522 -1.20509 2.04574 4.31359 7.48354 -5.16683 -6.7914 -3.42164 -1.99478 2.19857 4.68402 11.0158 -9.42048 -5.64697 -3.20707 1.00496 2.36489 6.4564 12.2881 -8.0986 -8.12671 -2.99158 -3.03923 2.74017 6.89294 16.6856 -10.4039 -5.89432 -3.02393 5.65851 1.69528
53.36 8.46984 14.8661 -5.15642 -3.99395 -1.98179 2.28586 2.45746 12.0089 10.7257 1.18011 -5.04562 -1.98096 -0.44251 2.23864 9.91276 5.85355 1.67448 -5.25496 -2.80635 -1.15752 2.04566 5.48818 6.76834 -3.78352 -6.69793 -3.4283 -2.08792 2.16343 4.35313 10.6895 -9.31371 -5.6596 -3.22927 0.828374 2.32917 6.26507 11.9286 -8.20038 -8.17857 -3.07449 -3.06858 2.69646 6.71957 16.6115 -10.4111 -5.89377 -3.05015 5.66226 1.70041
53.41 7.05337 14.8324 -6.45772 -4.05351 -2.13094 2.43652 2.49311 12.1779 12.0722 -0.0396325 -5.11232 -1.90384 -0.144879 2.29504 10.4082 6.42014 2.10442 -5.17147 -2.63262 -1.0512 2.05627 7.01274 6.11844 -2.27531 -6.59305 -3.41606 -2.16891 2.13017 4.00537 10.3572 -9.15452 -5.6706 -3.24922 0.652111 2.29478 6.08265 11.5894 -8.26379 -8.2245 -3.14786 -3.09839 2.65041 6.55218 16.5252 -10.4193 -5.89366 -3.07684 5.6648 1.70377
53.46 5.56458 14.6009 -7.74164 -4.11143 -2.30801 2.52667 2.51427 12.1903 13.2862 -1.07314 -5.18116 -1.84313 0.159802 2.35352 10.9157 7.19319 2.32449 -5.09848 -2.46299 -0.889098 2.07787 8.17441 5.68376 -0.927065 -6.48378 -3.35501 -2.23552 2.10009 3.68788 10.0083 -8.92755 -5.6773 -3.26694 0.477496 2.26178 5.90378 11.2648 -8.28776 -8.26383 -3.21285 -3.12821 2.60275 6.39002 16.4307 -10.4282 -5.89389 -3.10319 5.66623 1.70547
53.51 4.278 14.3419 -8.88397 -4.16756 -2.46717 2.5678 2.52179 12.066 14.3393 -1.89561 -5.24505 -1.79738 0.462839 2.4128 11.414 8.13917 2.22809 -5.04717 -2.30611 -0.681657 2.11004 8.89198 5.51297 0.16188 -6.3741 -3.23705 -2.28425 2.07568 3.4579 9.62904 -8.61071 -5.67667 -3.2824 0.306097 2.23 5.72284 10.9483 -8.26921 -8.29576 -3.2705 -3.15771 2.55415 6.23157 16.3311 -10.4375 -5.89438 -3.12864 5.66664 1.70563
53.56 3.25737 14.0965 -9.85675 -4.22149 -2.59951 2.57166 2.51855 11.831 15.2408 -2.55587 -5.30232 -1.76521 0.749592 2.47183 11.8872 9.29218 1.64491 -5.0352 -2.16778 -0.439788 2.15159 9.40221 5.53555 1.01178 -6.26584 -3.08458 -2.31098 2.05925 3.34556 9.20082 -8.17258 -5.66503 -3.29557 0.139801 2.19932 5.53342 10.6325 -8.20231 -8.31933 -3.32174 -3.18664 2.50512 6.0746 16.2288 -10.4472 -5.89504 -3.15289 5.66615 1.70439
53.61 2.47303 13.8624 -10.6727 -4.27283 -2.70808 2.54728 2.50726 11.5017 16.0031 -3.10774 -5.35324 -1.74611 1.00017 2.5297 12.3213 10.6431 0.578606 -5.06999 -2.05049 -0.172321 2.20088 9.87793 5.69767 1.66579 -6.16018 -2.91531 -2.31109 2.0524 3.36483 8.7017 -7.57233 -5.63791 -3.3064 -0.0191182 2.16974 5.32835 10.3079 -8.07732 -8.3333 -3.36731 -3.2148 2.45612 5.91611 16.1256 -10.4571 -5.8958 -3.17577 5.66487 1.70189
53.66 1.8776 13.6307 -11.3527 -4.32135 -2.79728 2.50095 2.49006 11.0898 16.6321 -3.5951 -5.39899 -1.74106 1.20153 2.58551 12.696 12.0129 -0.600687 -5.13018 -1.95405 0.113972 2.25603 10.378 5.97721 2.15971 -6.05838 -2.73905 -2.27907 2.05616 3.55877 8.11497 -6.76792 -5.59115 -3.31479 -0.167903 2.14133 5.10153 9.96312 -7.87861 -8.33607 -3.40786 -3.24206 2.40754 5.75207 16.0226 -10.4669 -5.89659 -3.19723 5.6629 1.69826
53.71 1.42795 13.3932 -11.9169 -4.36692 -2.87093 2.43674 2.46857 10.6076 17.1222 -4.05136 -5.44098 -1.75316 1.35486 2.63825 12.977 13.257 -1.61544 -5.19371 -1.8765 0.413553 2.31525 10.8927 6.36397 2.51416 -5.96217 -2.56519 -2.20881 2.07106 4.06659 7.44896 -5.72992 -5.52377 -3.32035 -0.303132 2.11415 4.85469 9.58278 -7.58157 -8.32548 -3.44382 -3.26833 2.35971 5.57712 15.9208 -10.4767 -5.89737 -3.21731 5.66035 1.69364
53.76 1.08926 13.144 -12.3824 -4.40952 -2.93207 2.35711 2.44403 10.0718 17.4535 -4.50103 -5.48034 -1.7879 1.46726 2.6866 13.1179 14.3447 -2.43383 -5.2523 -1.81523 0.720988 2.37695 11.4015 6.87376 2.7278 -5.87451 -2.40293 -2.09417 2.09689 5.16219 6.75276 -4.43836 -5.44026 -3.32152 -0.420407 2.08831 4.61152 9.14715 -7.14864 -8.29884 -3.47544 -3.29352 2.31306 5.38401 15.8205 -10.4863 -5.89814 -3.23608 5.6573 1.68812
53.81 0.834497 12.8799 -12.7634 -4.44921 -2.98308 2.26334 2.41735 9.50554 17.5974 -4.9594 -5.51796 -1.8517 1.54501 2.72878 13.0735 15.2866 -3.107 -5.30388 -1.76778 1.02943 2.4398 11.8897 7.56559 2.75533 -5.80143 -2.25845 -1.93002 2.13264 6.81693 6.12216 -2.9624 -5.348 -3.30845 -0.513818 2.06409 4.44258 8.63359 -6.52605 -8.25238 -3.50271 -3.31758 2.26805 5.16335 15.7222 -10.4957 -5.89896 -3.25366 5.65383 1.68185
53.86 0.643031 12.6006 -13.0708 -4.48613 -3.02586 2.15602 2.38924 8.93721 17.534 -5.42997 -5.55444 -1.9476 1.59199 2.7627 12.8111 16.0997 -3.69228 -5.34841 -1.73224 1.3282 2.50271 12.3473 8.50162 2.46543 -5.75587 -2.13437 -1.71776 2.17675 8.28563 5.74442 -1.56313 -5.25317 -3.24396 -0.57491 2.04273 4.52405 8.02697 -5.64577 -8.18179 -3.52527 -3.34047 2.22493 4.90489 15.626 -10.5047 -5.9001 -3.27015 5.65001 1.67499
53.91 0.499198 12.3081 -13.3128 -4.52047 -3.06189 2.03562 2.36025 8.39463 17.2718 -5.90258 -5.59017 -2.07056 1.61018 2.78641 12.3184 16.7959 -4.23586 -5.38686 -1.70795 1.60005 2.56479 12.7663 9.70858 1.68458 -5.75601 -2.03083 -1.46738 2.2274 9.23165 5.76245 -0.413957 -5.15938 -3.10314 -0.591781 2.02747 5.18405 7.34327 -4.44272 -8.08655 -3.54167 -3.36212 2.18362 4.60265 15.5324 -10.5134 -5.90214 -3.28559 5.6459 1.66782
53.96 0.39116 12.0062 -13.4946 -4.55242 -3.09237 1.90292 2.33081 7.90018 16.8488 -6.35776 -5.62534 -2.20843 1.6006 2.79881 11.6157 17.3762 -4.76966 -5.42072 -1.69689 1.82544 2.62515 13.1372 11.0902 0.522302 -5.80136 -1.9466 -1.19097 2.28275 9.90133 6.13215 0.463874 -5.0688 -2.917 -0.551797 2.02183 6.49089 6.6545 -2.96891 -7.97246 -3.54503 -3.38241 2.14417 4.2644 15.4419 -10.5216 -5.90558 -3.29999 5.64156 1.66073
54.01 0.309991 11.6989 -13.619 -4.58211 -3.11824 1.75922 2.30122 7.46667 16.3147 -6.77637 -5.65998 -2.34797 1.56412 2.80003 10.7755 17.8181 -5.30813 -5.45161 -1.70657 1.9964 2.68265 13.4401 12.435 -0.628377 -5.86656 -1.87949 -0.899164 2.3411 10.4831 6.77601 1.07322 -4.9847 -2.71738 -0.449865 2.02794 7.77021 6.10233 -1.51099 -7.84805 -3.51178 -3.40084 2.10728 3.92241 15.3552 -10.5294 -5.90976 -3.31323 5.63703 1.65398
54.06 0.248973 11.3892 -13.6861 -4.60955 -3.14029 1.6062 2.27175 7.09543 15.7169 -7.14685 -5.69409 -2.47982 1.50199 2.79114 9.92726 18.07 -5.84497 -5.48086 -1.75135 2.11771 2.73533 13.6363 13.6349 -1.57922 -5.93404 -1.8269 -0.601837 2.40104 11.0295 7.6175 1.36805 -4.91453 -2.52367 -0.29221 2.04657 8.61261 5.80038 -0.281907 -7.71988 -3.42039 -3.41623 2.07482 3.63143 15.2734 -10.5366 -5.91391 -3.32519 5.63238 1.64748
54.11 0.203066 11.078 -13.6937 -4.63456 -3.15914 1.44557 2.24257 6.77902 15.0982 -7.46605 -5.72771 -2.5993 1.41625 2.77373 9.19478 18.0898 -6.35821 -5.50943 -1.84117 2.19698 2.78025 13.6751 14.6787 -2.33687 -5.99785 -1.78632 -0.31108 2.46145 11.5469 8.64555 1.21953 -4.87279 -2.34756 -0.089559 2.07724 9.16394 5.71547 0.690951 -7.59134 -3.28446 -3.42715 2.04907 3.43039 15.197 -10.5429 -5.91777 -3.33576 5.62766 1.64107
54.16 0.168488 10.7637 -13.6366 -4.65671 -3.1753 1.27894 2.21385 6.50582 14.4927 -7.73627 -5.76099 -2.70507 1.3097 2.74945 8.61375 17.9005 -6.82475 -5.53784 -1.9668 2.24037 2.81444 13.5194 15.5818 -2.95555 -6.0563 -1.75569 -0.0440683 2.52153 12.0296 9.89836 0.502053 -4.876 -2.1949 0.147964 2.11856 9.62723 5.78274 1.44417 -7.46422 -3.12456 -3.43262 2.03176 3.32405 15.1265 -10.5482 -5.9213 -3.34498 5.62291 1.63473
54.21 0.14242 10.4413 -13.5064 -4.6752 -3.18917 1.10766 2.18569 6.2635 13.9217 -7.9621 -5.79411 -2.79759 1.18562 2.71984 8.15539 17.5651 -7.23176 -5.56619 -2.10854 2.25274 2.83638 13.163 16.3609 -3.48738 -6.10925 -1.7336 0.181846 2.58063 12.4618 11.282 -0.584903 -4.91809 -2.06728 0.411896 2.16851 10.1058 5.96986 2.01863 -7.33989 -2.95196 -3.43198 2.02413 3.30242 15.0616 -10.5522 -5.92448 -3.35291 5.61817 1.62851
54.26 0.122767 10.1027 -13.2896 -4.68874 -3.20106 0.932919 2.15818 6.04047 13.3943 -8.14821 -5.82728 -2.87814 1.04721 2.68619 7.78276 17.1369 -7.57771 -5.59431 -2.25061 2.23806 2.84618 12.6231 17.0265 -3.97334 -6.1574 -1.71957 0.361442 2.63819 12.8102 12.6024 -1.64831 -4.97332 -1.9634 0.694992 2.22495 10.6124 6.25495 2.44423 -7.21996 -2.77515 -3.42485 2.02708 3.35384 15.0024 -10.5545 -5.92731 -3.35965 5.6135 1.62246
54.31 0.108007 9.73541 -12.9658 -4.69532 -3.2112 0.755802 2.13138 5.82594 12.9118 -8.29826 -5.86059 -2.94822 0.897337 2.64959 7.46911 16.6492 -7.8681 -5.62192 -2.3843 2.19947 2.84501 11.9298 17.5767 -4.44348 -6.2017 -1.71502 0.500029 2.69366 13.0221 13.7738 -2.54196 -5.02705 -1.88047 0.990434 2.28581 11.125 6.61255 2.73735 -7.10643 -2.60388 -3.41116 2.04094 3.46593 14.9486 -10.5551 -5.9298 -3.36531 5.60891 1.61665
54.36 0.0971085 9.32216 -12.5052 -4.69198 -3.21974 0.577406 2.10534 5.60917 12.4706 -8.41449 -5.89401 -3.00933 0.738424 2.6109 7.19717 16.1212 -8.11114 -5.64876 -2.50589 2.13928 2.83446 11.1293 17.9892 -4.91698 -6.24306 -1.72519 0.604289 2.74628 13.04 14.7912 -3.29098 -5.07527 -1.81546 1.29113 2.34932 11.6249 7.02271 2.90088 -7.00199 -2.44655 -3.39134 2.06531 3.6259 14.9001 -10.5536 -5.93197 -3.36995 5.60444 1.6111
54.41 0.0896011 8.84079 -11.8686 -4.67468 -3.22674 0.398948 2.08011 5.37863 12.065 -8.49751 -5.92736 -3.06283 0.572491 2.57081 6.95567 15.5671 -8.31526 -5.67466 -2.61443 2.05914 2.81621 10.2987 18.2146 -5.39982 -6.28229 -1.76122 0.67841 2.79467 12.816 15.6695 -3.95568 -5.11758 -1.76581 1.58928 2.41401 12.0992 7.47999 2.92328 -6.91022 -2.30801 -3.36623 2.09907 3.82352 14.8567 -10.5502 -5.93383 -3.37364 5.60011 1.60585
54.46 0.0861033 8.27024 -11.019 -4.63909 -3.23215 0.221831 2.05572 5.12201 11.6879 -8.54639 -5.96024 -3.10989 0.401267 2.52988 6.73683 15.0029 -8.48778 -5.69958 -2.71036 1.96053 2.79179 9.53443 18.1934 -5.88301 -6.32016 -1.83601 0.723563 2.83653 12.3217 16.4217 -4.58796 -5.15474 -1.73026 1.87618 2.47866 12.539 7.99606 2.77605 -6.83603 -2.18973 -3.33691 2.14062 4.05417 14.8186 -10.5448 -5.9354 -3.37638 5.59594 1.60091
54.51 0.0905819 7.60786 -9.95705 -4.5832 -3.23591 0.0477039 2.03222 4.82911 11.3317 -8.55845 -5.99204 -3.15149 0.226313 2.48852 6.53478 14.4472 -8.63446 -5.72363 -2.79469 1.84513 2.76251 8.89558 17.911 -6.34718 -6.35737 -1.95023 0.738833 2.86898 11.5776 17.0487 -5.21724 -5.18791 -1.71068 2.14209 2.54217 12.9364 8.59812 2.41301 -6.78597 -2.091 -3.30454 2.18822 4.32041 14.786 -10.5376 -5.9367 -3.37812 5.59195 1.59628
54.56 0.11899 6.88701 -8.75336 -4.51034 -3.23792 -0.121527 2.00964 4.4985 10.9885 -8.52898 -6.02188 -3.18835 0.049126 2.44709 6.3447 13.9156 -8.7593 -5.74701 -2.86867 1.71504 2.7295 8.38044 17.4176 -6.773 -6.39446 -2.08927 0.723164 2.88986 10.6973 17.5259 -5.84162 -5.21832 -1.71537 2.37611 2.60316 13.2806 9.31763 1.78907 -6.76723 -2.01007 -3.2702 2.24017 4.63144 14.7594 -10.5289 -5.93774 -3.37872 5.58816 1.59199
54.61 0.226829 6.16342 -7.51189 -4.42788 -3.23824 -0.283681 1.98802 4.14224 10.6496 -8.45063 -6.04861 -3.22099 -0.128791 2.40589 6.16217 13.4174 -8.86461 -5.76997 -2.93357 1.57259 2.69367 7.96198 16.7929 -7.14907 -6.43175 -2.23569 0.67709 2.8986 9.86191 17.8032 -6.43327 -5.24715 -1.75866 2.56726 2.65939 13.5521 10.1546 0.926002 -6.78259 -1.94486 -3.23482 2.295 4.99652 14.7406 -10.5189 -5.93853 -3.37779 5.58459 1.58804
54.66 0.573681 5.48141 -6.27823 -4.34261 -3.23702 -0.436282 1.96739 3.78155 10.3053 -8.31225 -6.07084 -3.24976 -0.305888 2.3652 5.9828 12.9557 -8.95117 -5.79273 -2.99058 1.42009 2.65578 7.6143 16.1129 -7.47282 -6.46951 -2.37757 0.603197 2.89592 9.19075 17.8592 -6.96207 -5.27531 -1.84591 2.70824 2.70777 13.7242 11.0472 -0.0372605 -6.82523 -1.8933 -3.1992 2.35149 5.41097 14.7322 -10.5079 -5.93908 -3.37463 5.5813 1.58445
54.71 1.49896 4.86209 -4.98812 -4.25844 -3.23444 -0.576486 1.94779 3.43885 9.94311 -8.09702 -6.0869 -3.27494 -0.480568 2.32539 5.80169 12.5294 -9.01834 -5.81544 -3.04078 1.25955 2.61647 7.31816 15.4338 -7.7475 -6.50791 -2.50887 0.505417 2.88328 8.68094 17.7372 -7.41364 -5.30333 -1.96399 2.79902 2.74561 13.7765 11.9133 -0.940864 -6.88365 -1.85332 -3.16398 2.40866 5.84992 14.7389 -10.4963 -5.93937 -3.36806 5.57834 1.58128
54.76 3.31344 4.31206 -3.54099 -4.17707 -3.23046 -0.70091 1.92923 3.13541 9.54679 -7.77942 -6.09447 -3.29679 -0.651203 2.28699 5.61281 12.1348 -9.06431 -5.83813 -3.08515 1.09265 2.57623 7.05993 14.7882 -7.97881 -6.54709 -2.62731 0.388072 2.86237 8.28138 17.4998 -7.78917 -5.3313 -2.09483 2.84551 2.77175 13.7012 12.7056 -1.7121 -6.94973 -1.82304 -3.12966 2.46571 6.28097 14.7673 -10.4844 -5.93935 -3.35657 5.57583 1.57864
54.81 5.58494 3.84212 -2.03546 -4.09901 -3.22215 -0.8053 1.91175 2.89858 9.09518 -7.32159 -6.08921 -3.31551 -0.816165 2.25047 5.40835 11.7665 -9.08614 -5.8607 -3.12453 0.920785 2.5355 6.82985 14.1907 -8.17265 -6.5871 -2.73273 0.255254 2.8348 7.95054 17.1928 -8.09805 -5.35899 -2.22579 2.85562 2.78638 13.4991 13.4095 -2.35256 -7.01961 -1.80087 -3.09661 2.52198 6.67842 14.824 -10.4725 -5.93895 -3.33856 5.5739 1.57669
54.86 7.53639 3.53197 -0.664868 -4.02413 -3.18737 -0.883822 1.8959 2.79028 8.56452 -6.67147 -6.06546 -3.33122 -0.973844 2.21593 5.17849 11.4182 -9.07976 -5.88291 -3.15966 0.745126 2.49464 6.62069 13.6451 -8.33398 -6.62786 -2.82594 0.110589 2.80202 7.66396 16.8424 -8.35203 -5.38609 -2.35011 2.83666 2.79053 13.1764 14.0248 -2.89224 -7.09161 -1.7857 -3.06511 2.57695 7.02783 14.9148 -10.4609 -5.93809 -3.31289 5.57275 1.57568
54.91 8.79978 3.5559 0.50846 -3.95185 -3.07964 -0.927722 1.88406 2.98065 7.94013 -5.76757 -6.01904 -3.34388 -1.12265 2.18316 4.9129 11.0827 -9.03967 -5.90447 -3.19116 0.56678 2.454 6.42666 13.1497 -8.46632 -6.66913 -2.90813 -0.0427776 2.76524 7.40825 16.4628 -8.56227 -5.41225 -2.46467 2.79447 2.78561 12.7428 14.5548 -3.36473 -7.16498 -1.77704 -3.03539 2.63015 7.32447 15.0423 -10.4498 -5.93672 -3.27934 5.57259 1.57588
54.96 9.47864 3.90366 1.49212 -3.88144 -2.91044 -0.92541 1.88027 3.78144 7.23864 -4.55318 -5.95038 -3.35314 -1.26098 2.1519 4.60629 10.7523 -8.95842 -5.92512 -3.21948 0.386886 2.41399 6.24283 12.6997 -8.57163 -6.71051 -2.98059 -0.202121 2.72545 7.17581 16.0614 -8.73826 -5.43718 -2.56841 2.73335 2.77305 12.2098 15.0013 -3.79919 -7.23931 -1.7754 -3.00764 2.68117 7.5697 15.205 -10.4394 -5.93478 -3.2387 5.57362 1.5776
55.01 9.83611 4.46324 2.30634 -3.81263 -2.72767 -0.865855 1.8871 5.27069 6.51779 -3.07123 -5.86562 -3.3569 -1.38711 2.12202 4.26634 10.418 -8.8256 -5.94412 -3.24492 0.206712 2.37509 6.06455 12.2886 -8.65039 -6.75143 -3.04458 -0.365059 2.68348 6.96194 15.6419 -8.88758 -5.46066 -2.66136 2.65623 2.75423 11.5912 15.3602 -4.219 -7.31432 -1.78303 -2.98212 2.72952 7.7671 15.3983 -10.4297 -5.93223 -3.19265 5.57602 1.58106
55.06 10.0302 5.16561 2.96541 -3.74583 -2.55769 -0.745511 1.90497 6.785 5.87063 -1.59529 -5.77272 -3.34459 -1.49899 2.09376 3.91819 10.0691 -8.62635 -5.95904 -3.26765 0.0277047 2.33762 5.88706 11.9096 -8.70176 -6.79119 -3.10122 -0.529495 2.63999 6.76322 15.2065 -9.01599 -5.48257 -2.74408 2.56495 2.73039 10.909 15.6161 -4.64154 -7.38981 -1.80524 -2.95927 2.77442 7.91879 15.6146 -10.4208 -5.92907 -3.14349 5.57989 1.58645
55.11 10.1383 5.93339 3.46773 -3.68249 -2.40971 -0.571813 1.93296 7.83596 5.40796 -0.341466 -5.67736 -3.29476 -1.59366 2.06815 3.60612 9.69163 -8.33899 -5.96645 -3.2877 -0.148489 2.30155 5.70489 11.5553 -8.72351 -6.82893 -3.15153 -0.693584 2.59553 6.57673 14.7583 -9.12765 -5.50288 -2.8174 2.46053 2.70258 10.2027 15.7382 -5.07658 -7.46559 -1.85119 -2.93983 2.8146 8.0224 15.8439 -10.4126 -5.92535 -3.09399 5.58525 1.59381
55.16 10.1993 6.71373 3.78637 -3.62578 -2.28524 -0.356279 1.96953 8.47741 5.16428 0.659399 -5.58239 -3.2016 -1.66696 2.04708 3.38167 9.26712 -7.93202 -5.96249 -3.30508 -0.32003 2.26669 5.51131 11.2181 -8.71195 -6.86366 -3.19637 -0.855713 2.55057 6.39969 14.3032 -9.2253 -5.52165 -2.88224 2.34356 2.67172 9.52547 15.6921 -5.52348 -7.54152 -1.93055 -2.92502 2.84805 8.07062 16.0735 -10.4053 -5.92115 -3.04739 5.59204 1.60309
55.21 10.234 7.50719 3.85878 -3.58157 -2.1827 -0.109167 2.01293 8.89987 5.09165 1.44395 -5.48898 -3.08035 -1.7138 2.03236 3.2865 8.77295 -7.36259 -5.94256 -3.31975 -0.484907 2.23298 5.29784 10.8898 -8.66148 -6.89427 -3.23648 -1.01449 2.5055 6.22912 13.8502 -9.31038 -5.53906 -2.93952 2.2146 2.63854 8.91986 15.4716 -5.97024 -7.61737 -2.04477 -2.91629 2.87236 8.05652 16.2885 -10.399 -5.91667 -3.00733 5.60003 1.61404
55.26 10.2537 8.3628 3.57772 -3.55944 -2.09946 0.161645 2.06147 9.23707 5.14626 2.05707 -5.39769 -2.94566 -1.72822 2.02518 3.37948 8.18964 -6.58163 -5.90216 -3.33163 -0.640943 2.2004 5.05502 10.5615 -8.56376 -6.91947 -3.27248 -1.16871 2.46068 6.06172 13.4083 -9.38319 -5.55535 -2.99016 2.07458 2.60367 8.40008 15.1137 -6.39815 -7.69279 -2.18357 -2.91469 2.88563 7.98173 16.4736 -10.394 -5.91215 -2.97712 5.60889 1.62623
55.31 10.2646 9.34953 2.82025 -3.57121 -2.03283 0.450176 2.11361 9.56534 5.3194 2.53584 -5.30903 -2.80502 -1.70327 2.02626 3.81663 7.51998 -5.5458 -5.83967 -3.34047 -0.785745 2.16903 4.77653 10.2228 -8.40636 -6.93786 -3.30483 -1.31735 2.41644 5.89364 12.9843 -9.44295 -5.57079 -3.03498 1.92486 2.56762 7.96089 14.6749 -6.78997 -7.76724 -2.33202 -2.92039 2.88723 7.85785 16.6177 -10.3907 -5.90785 -2.95874 5.61818 1.63907
55.36 10.2689 10.4697 1.60812 -3.61968 -1.98046 0.751422 2.16803 9.92719 5.64165 2.90472 -5.22375 -2.66131 -1.63128 2.03605 4.87869 6.80688 -4.22766 -5.75914 -3.34506 -0.916585 2.13895 4.46762 9.86064 -8.17057 -6.94785 -3.33382 -1.45952 2.37319 5.72012 12.5819 -9.48795 -5.58563 -3.07476 1.76707 2.53077 7.59026 14.2044 -7.13532 -7.84005 -2.47812 -2.93277 2.87777 7.70077 16.7158 -10.3891 -5.90398 -2.95239 5.6274 1.65189
55.41 10.263 11.6055 0.210056 -3.68946 -1.94031 1.06032 2.2236 10.3288 6.16288 3.16886 -5.14342 -2.51671 -1.50556 2.05485 6.45851 6.13342 -2.72871 -5.66817 -3.33832 -1.0301 2.11044 4.15365 9.45825 -7.82835 -6.9467 -3.35956 -1.59442 2.33139 5.5351 12.2016 -9.51557 -5.60004 -3.11018 1.60289 2.49348 7.27502 13.7347 -7.43087 -7.91051 -2.61488 -2.95071 2.85863 7.52496 16.7689 -10.3894 -5.9007 -2.95678 5.63613 1.66405
55.46 10.2263 12.6446 -1.12786 -3.76376 -1.91106 1.37063 2.27936 10.7487 6.88232 3.29879 -5.07189 -2.37552 -1.32714 2.08271 7.81589 5.63645 -1.32974 -5.57345 -3.29467 -1.12158 2.0844 3.89201 8.99427 -7.33917 -6.92955 -3.38201 -1.72131 2.29121 5.33064 11.8416 -9.52238 -5.61409 -3.14186 1.43383 2.45602 7.00301 13.2835 -7.67784 -7.97793 -2.73931 -2.97297 2.83145 7.34116 16.7818 -10.3916 -5.89806 -2.96976 5.644 1.67506
55.51 10.0986 13.5427 -2.33502 -3.83531 -1.89375 1.67336 2.33443 11.1626 7.76239 3.20577 -5.01765 -2.24332 -1.10559 2.11921 8.66885 5.41841 -0.17973 -5.47877 -3.19276 -1.18411 2.06309 3.78955 8.44623 -6.65017 -6.89115 -3.40099 -1.83946 2.25255 5.09687 11.4983 -9.50406 -5.62775 -3.17034 1.26121 2.41867 6.76389 12.8587 -7.87933 -8.04164 -2.85075 -2.9984 2.79786 7.15642 16.7613 -10.3955 -5.89609 -2.98899 5.65079 1.68455
55.56 9.75057 14.2711 -3.45469 -3.9025 -1.8957 1.95462 2.3877 11.5502 8.82012 2.72614 -4.99592 -2.12469 -0.852062 2.16338 9.2236 5.44257 0.722742 -5.38579 -3.04912 -1.20897 2.04914 4.0196 7.80494 -5.70416 -6.82832 -3.41616 -1.94811 2.21528 4.82418 11.1666 -9.45518 -5.64099 -3.19605 1.0862 2.38171 6.54918 12.462 -8.03863 -8.10098 -2.9498 -3.026 2.75929 6.97492 16.7143 -10.4009 -5.89474 -3.0123 5.65636 1.69231
55.61 8.99296 14.7579 -4.59329 -3.96578 -1.93843 2.19459 2.43708 11.8847 10.0928 1.74572 -5.02069 -2.02234 -0.575696 2.21377 9.69341 5.6725 1.41625 -5.29541 -2.88533 -1.1865 2.04441 4.85858 7.09776 -4.45458 -6.74297 -3.4264 -2.04638 2.17944 4.50966 10.8402 -9.36873 -5.65386 -3.21931 0.909851 2.34549 6.35188 12.0916 -8.15821 -8.15535 -3.03751 -3.05495 2.71697 6.79877 16.6475 -10.4077 -5.89396 -3.03794 5.66068 1.69827
55.66 7.73996 14.8876 -5.84889 -4.02626 -2.05447 2.37506 2.47834 12.119 11.4627 0.507961 -5.08045 -1.9373 -0.283421 2.26868 10.1768 6.12996 1.92888 -5.20909 -2.71281 -1.10761 2.05001 6.32146 6.40071 -2.9654 -6.64232 -3.42574 -2.13318 2.14522 4.1655 10.5118 -9.23531 -5.66588 -3.24029 0.733287 2.31046 6.16602 11.7437 -8.23934 -8.20409 -3.11513 -3.08461 2.67189 6.62867 16.5662 -10.4154 -5.89366 -3.06454 5.66377 1.70243
55.71 6.237 14.7175 -7.1622 -4.08492 -2.22692 2.49195 2.50635 12.2035 12.7461 -0.624354 -5.14979 -1.86918 0.0188565 2.32638 10.6816 6.81444 2.25378 -5.1303 -2.54012 -0.970196 2.06655 7.7039 5.84989 -1.51817 -6.5344 -3.39089 -2.20679 2.11342 3.8266 10.172 -9.04187 -5.67493 -3.25905 0.557733 2.27684 5.98618 11.4131 -8.28175 -8.24656 -3.18384 -3.11448 2.62489 6.46425 16.475 -10.424 -5.89375 -3.09112 5.6657 1.70488
55.76 4.8386 14.4603 -8.37808 -4.14192 -2.39707 2.55412 2.51984 12.1384 13.8733 -1.53987 -5.21637 -1.81672 0.324037 2.38544 11.1864 7.68064 2.32231 -5.06711 -2.37643 -0.782231 2.09395 8.60153 5.5628 -0.308242 -6.42459 -3.29726 -2.26425 2.08607 3.55038 9.80881 -8.76977 -5.67809 -3.27556 0.384637 2.24452 5.80693 11.0937 -8.28335 -8.28201 -3.24476 -3.14416 2.57665 6.30432 16.3775 -10.4332 -5.89413 -3.11703 5.66657 1.70574
55.81 3.69605 14.2078 -9.42873 -4.19692 -2.54169 2.57387 2.5212 11.9519 14.843 -2.26789 -5.27674 -1.77842 0.620592 2.4447 11.6729 8.73136 1.98342 -5.03472 -2.22904 -0.555002 2.13136 9.17885 5.5056 0.646729 -6.31551 -3.15778 -2.30166 2.06572 3.38196 9.40577 -8.39215 -5.67204 -3.28978 0.21573 2.21334 5.62228 10.7786 -8.23969 -8.30957 -3.29885 -3.17338 2.52775 6.14699 16.2762 -10.4427 -5.89472 -3.14187 5.66648 1.70512
55.86 2.80843 13.9695 -10.3145 -4.24949 -2.66067 2.56158 2.51331 11.6645 15.6682 -2.86362 -5.33048 -1.75328 0.890276 2.50321 12.127 10.0043 1.11169 -5.04899 -2.10193 -0.29839 2.1773 9.65665 5.60735 1.3859 -6.20852 -2.99477 -2.31468 2.05429 3.33815 8.94209 -7.87215 -5.65264 -3.3017 0.0530987 2.18325 5.42534 10.4594 -8.14302 -8.32814 -3.34695 -3.20192 2.47869 5.98963 16.1732 -10.4525 -5.89544 -3.16539 5.66555 1.70319
55.91 2.13169 13.7379 -11.0546 -4.29933 -2.75828 2.52474 2.49861 11.2893 16.3586 -3.37598 -5.37844 -1.74151 1.11496 2.56009 12.5324 11.3914 -0.0679053 -5.10105 -1.99604 -0.0200404 2.22998 10.1442 5.83461 1.95008 -6.10476 -2.82064 -2.29821 2.05305 3.44203 8.3968 -7.16654 -5.61534 -3.31124 -0.10074 2.15428 5.20905 10.1256 -7.98073 -8.33631 -3.38975 -3.22961 2.42987 5.82872 16.07 -10.4624 -5.89622 -3.18751 5.66389 1.70007
55.96 1.61964 13.5039 -11.6699 -4.34627 -2.83868 2.46839 2.47893 10.8378 16.9144 -3.84303 -5.422 -1.74515 1.28968 2.61439 12.8618 12.7025 -1.17343 -5.16475 -1.91008 0.274064 2.28754 10.655 6.17225 2.36744 -6.0057 -2.64445 -2.24636 2.0628 3.77807 7.76383 -6.23907 -5.55725 -3.31818 -0.242699 2.12653 4.97024 9.76377 -7.73283 -8.33218 -3.42778 -3.25634 2.38165 5.65958 15.9676 -10.4722 -5.89701 -3.20822 5.66159 1.69589
56.01 1.23357 13.2607 -12.179 -4.39024 -2.90526 2.39565 2.45566 10.3243 17.3222 -4.29324 -5.46245 -1.76864 1.42005 2.66495 13.0734 13.8621 -2.07808 -5.22609 -1.84163 0.578599 2.34828 11.1687 6.62044 2.64818 -5.91361 -2.47585 -2.15294 2.08366 4.56724 7.07287 -5.06589 -5.48032 -3.32177 -0.368881 2.10006 4.72024 9.35638 -7.36823 -8.31333 -3.46139 -3.28203 2.3344 5.47588 15.8665 -10.4819 -5.89778 -3.22758 5.65876 1.69077
56.06 0.943014 13.0037 -12.5974 -4.43126 -2.96068 2.3083 2.42987 9.76873 17.5561 -4.74637 -5.50079 -1.81832 1.51316 2.71022 13.1195 14.8692 -2.81073 -5.28099 -1.78809 0.887601 2.41074 11.6678 7.21926 2.77166 -5.83271 -2.32263 -2.01203 2.115 6.0241 6.39557 -3.65162 -5.39118 -3.31781 -0.474163 2.07502 4.50361 8.8815 -6.84085 -8.27657 -3.49069 -3.30662 2.28858 5.26921 15.7673 -10.4914 -5.89857 -3.2457 5.65548 1.68483
56.11 0.724573 12.7312 -12.9376 -4.46944 -3.00705 2.20718 2.40234 9.19775 17.5893 -5.21176 -5.53773 -1.89949 1.57399 2.74822 12.9605 15.7398 -3.43001 -5.3287 -1.74723 1.19253 2.47375 12.1406 8.03678 2.65101 -5.77228 -2.18901 -1.82113 2.15548 7.67503 5.87271 -2.18285 -5.29694 -3.28326 -0.551432 2.05206 4.43712 8.31836 -6.08846 -8.21753 -3.5155 -3.33006 2.24458 5.02937 15.6701 -10.5006 -5.89951 -3.26268 5.65181 1.67821
56.16 0.56045 12.4444 -13.2089 -4.50494 -3.04603 2.09274 2.3737 8.64007 17.4155 -5.68548 -5.57377 -2.01115 1.6053 2.77684 12.5739 16.4889 -3.98794 -5.36979 -1.71772 1.47936 2.53631 12.5783 9.1196 2.1103 -5.74946 -2.07609 -1.5868 2.20335 8.84795 5.70577 -0.909735 -5.20236 -3.17621 -0.590357 2.0335 4.7864 7.66514 -5.03992 -8.1333 -3.53507 -3.35229 2.20245 4.74744 15.5753 -10.5094 -5.90104 -3.2786 5.64783 1.67114
56.21 0.437169 12.1464 -13.418 -4.53797 -3.07894 1.96558 2.34442 8.12117 17.0608 -6.15134 -5.60919 -2.14388 1.60842 2.79451 11.9628 17.1237 -4.5233 -5.40556 -1.70004 1.72817 2.59758 12.973 10.4453 1.08008 -5.77629 -1.98317 -1.32097 2.25675 9.61039 5.92262 0.0919831 -5.11003 -3.00608 -0.577918 2.02307 5.84018 6.9653 -3.66739 -8.02687 -3.54611 -3.37324 2.16211 4.42352 15.4832 -10.5179 -5.90384 -3.29348 5.64359 1.66397
56.26 0.344561 11.8411 -13.5687 -4.56869 -3.10683 1.82676 2.31487 7.6587 16.5717 -6.5888 -5.64407 -2.28412 1.58422 2.80081 11.1729 17.6342 -5.05912 -5.43764 -1.69872 1.92417 2.65658 13.3108 11.8296 -0.118015 -5.83552 -1.90848 -1.03504 2.31392 10.2205 6.45051 0.826773 -5.02234 -2.80967 -0.504379 2.02359 7.22851 6.3295 -2.16224 -7.90622 -3.53378 -3.39263 2.12388 4.07733 15.3946 -10.5259 -5.9078 -3.30727 5.63914 1.65706
56.31 0.274967 11.5322 -13.6623 -4.59718 -3.13055 1.67782 2.28531 7.25924 15.9977 -6.98233 -5.67843 -2.42036 1.53372 2.7964 10.3101 17.9813 -5.59876 -5.4675 -1.72535 2.06742 2.7118 13.5623 13.1013 -1.16729 -5.90317 -1.84952 -0.73898 2.37327 10.781 7.20776 1.27733 -4.94443 -2.61138 -0.37118 2.03643 8.27481 5.90809 -0.815898 -7.77919 -3.46954 -3.40961 2.08909 3.75593 15.3105 -10.5333 -5.91202 -3.31984 5.63454 1.65046
56.36 0.222628 11.2218 -13.6978 -4.62334 -3.15081 1.52049 2.25598 6.91884 15.3837 -7.32514 -5.71226 -2.54587 1.45856 2.78271 9.51366 18.1097 -6.12606 -5.49629 -1.79427 2.16521 2.76071 13.6798 14.2159 -2.00817 -5.96903 -1.80368 -0.443398 2.43359 11.3121 8.14531 1.35422 -4.8873 -2.42611 -0.187932 2.06167 8.93086 5.73256 0.272203 -7.65054 -3.35115 -3.42274 2.05999 3.51102 15.2315 -10.5401 -5.91603 -3.33106 5.62984 1.64402
56.41 0.183227 10.9093 -13.6714 -4.64689 -3.16816 1.35644 2.22704 6.62725 14.7686 -7.61745 -5.74567 -2.65798 1.36122 2.7614 8.86409 18.0099 -6.61649 -5.52474 -1.90564 2.22448 2.80015 13.6165 15.1816 -2.68391 -6.03004 -1.76869 -0.163005 2.49391 11.812 9.29336 0.902005 -4.86847 -2.26221 0.0346579 2.0983 9.41542 5.73547 1.12127 -7.52259 -3.2004 -3.43082 2.03861 3.36186 15.1583 -10.5459 -5.91972 -3.34089 5.6251 1.63764
56.46 0.153534 10.5915 -13.5763 -4.66719 -3.18304 1.18715 2.1986 6.37218 14.18 -7.86315 -5.77884 -2.75649 1.24482 2.73407 8.3541 17.734 -7.05176 -5.55313 -2.04235 2.25061 2.82781 13.3516 16.0161 -3.25001 -6.08548 -1.74279 0.0834507 2.55353 12.2703 10.6413 -0.0661013 -4.89553 -2.12306 0.287366 2.14454 9.88082 5.86998 1.77367 -7.39679 -3.03263 -3.43307 2.02638 3.30262 15.0908 -10.5506 -5.92306 -3.3494 5.62035 1.63136
56.51 0.131143 10.2616 -13.4015 -4.68322 -3.19581 1.01387 2.17078 6.14164 13.6319 -8.06704 -5.81197 -2.84238 1.11263 2.70214 7.94594 17.3434 -7.4255 -5.58139 -2.18575 2.24797 2.84311 12.8932 16.7334 -3.75275 -6.13573 -1.725 0.284142 2.61186 12.6629 12.0097 -1.17647 -4.94751 -2.00852 0.562478 2.19825 10.3766 6.11288 2.26508 -7.27461 -2.85661 -3.42896 2.02436 3.32181 15.029 -10.5537 -5.92605 -3.35668 5.61564 1.62522
56.56 0.114284 9.90934 -13.1301 -4.69331 -3.20673 0.837718 2.14365 5.9245 13.1289 -8.23336 -5.84521 -2.9171 0.967719 2.66678 7.60772 16.8801 -7.74057 -5.60927 -2.324 2.22008 2.84682 12.2662 17.3381 -4.22712 -6.18169 -1.71573 0.440741 2.66838 12.9451 13.2532 -2.15104 -5.00284 -1.91631 0.853076 2.25731 10.8892 6.44016 2.61812 -7.15784 -2.68158 -3.41827 2.0332 3.40753 14.9727 -10.5551 -5.92869 -3.36283 5.61101 1.6193
56.61 0.101701 9.5198 -12.737 -4.69499 -3.216 0.65977 2.11725 5.71013 12.6693 -8.36501 -5.87859 -2.98217 0.812703 2.62896 7.31824 16.3688 -8.00437 -5.63649 -2.45142 2.16961 2.84038 11.5077 17.8185 -4.69745 -6.22429 -1.71811 0.560129 2.72243 13.0592 14.3402 -2.95968 -5.05378 -1.8434 1.15227 2.3198 11.3969 6.82774 2.84193 -7.04883 -2.51698 -3.4012 2.05282 3.54692 14.9218 -10.5545 -5.93101 -3.36793 5.60648 1.61362
56.66 0.0926408 9.07278 -12.1868 -4.68468 -3.2237 0.481179 2.09165 5.48745 12.2481 -8.46337 -5.91201 -3.03902 0.649778 2.58944 7.06383 15.825 -8.22545 -5.66284 -2.56599 2.09849 2.82549 10.6792 18.138 -5.1762 -6.26441 -1.74046 0.647829 2.773 12.9518 15.2807 -3.65588 -5.09877 -1.78692 1.45262 2.38411 11.8843 7.26288 2.93187 -6.9507 -2.36941 -3.3784 2.08243 3.72815 14.8761 -10.552 -5.93301 -3.37206 5.60209 1.60823
56.71 0.087095 8.54535 -11.4387 -4.658 -3.22985 0.303254 2.06687 5.24437 11.8587 -8.52822 -5.94517 -3.08892 0.480793 2.54883 6.83535 15.2632 -8.41173 -5.68821 -2.66763 2.00821 2.80373 9.87333 18.2364 -5.66121 -6.30281 -1.79622 0.706366 2.81822 12.5837 16.09 -4.29784 -5.13817 -1.74489 1.74585 2.44891 12.341 7.74931 2.86762 -6.86769 -2.24178 -3.35088 2.1206 3.9437 14.8355 -10.5475 -5.93471 -3.37523 5.59784 1.60315
56.76 0.0869761 7.92353 -10.4704 -4.61143 -3.23439 0.127528 2.04295 4.9691 11.4939 -8.55771 -5.97756 -3.13293 0.307372 2.50762 6.62621 14.7013 -8.56972 -5.71264 -2.75716 1.90032 2.77654 9.17367 18.0717 -6.13682 -6.34025 -1.89335 0.735593 2.85535 11.947 16.7759 -4.92672 -5.17303 -1.71739 2.02272 2.51309 12.7589 8.30757 2.61068 -6.80558 -2.13421 -3.31978 2.16563 4.19272 14.8003 -10.5411 -5.93613 -3.37745 5.59376 1.59838
56.81 0.100845 7.22327 -9.31919 -4.54562 -3.23721 -0.044216 2.01994 4.65521 11.1457 -8.54813 -6.00843 -3.1719 0.13103 2.46619 6.43117 14.157 -8.70425 -5.73629 -2.83575 1.77672 2.74513 8.60424 17.6665 -6.58233 -6.37734 -2.02326 0.734251 2.88174 11.109 17.3274 -5.55565 -5.20456 -1.70932 2.27286 2.57546 13.1294 8.96986 2.11052 -6.77161 -2.04532 -3.28622 2.21577 4.48169 14.7708 -10.5331 -5.93729 -3.3786 5.58988 1.59393
56.86 0.160543 6.49411 -8.08394 -4.46661 -3.2383 -0.209923 1.99787 4.30849 10.8059 -8.49344 -6.03675 -3.20644 -0.0467397 2.42485 6.24569 13.6427 -8.81838 -5.75941 -2.90469 1.63967 2.71049 8.14477 17.0922 -6.98215 -6.41451 -2.16815 0.701996 2.89606 10.231 17.7031 -6.16663 -5.23398 -1.7331 2.48503 2.63423 13.4376 9.7566 1.34727 -6.77148 -1.97312 -3.25121 2.26944 4.82123 14.7482 -10.5236 -5.9382 -3.37844 5.58621 1.58982
56.91 0.36695 5.78897 -6.84772 -4.38198 -3.23776 -0.367258 1.97678 3.94698 10.4655 -8.38444 -6.06125 -3.23695 -0.224411 2.38388 6.06543 13.1641 -8.91359 -5.78224 -2.9652 1.49154 2.67347 7.76724 16.4292 -7.32989 -6.45203 -2.3132 0.640503 2.89849 9.47784 17.8593 -6.72734 -5.26236 -1.80072 2.64963 2.68663 13.6588 10.6343 0.40785 -6.80293 -1.91552 -3.21561 2.3253 5.21488 14.7345 -10.5131 -5.93886 -3.37643 5.58278 1.58606
56.96 0.972303 5.13933 -5.59819 -4.29698 -3.23578 -0.513562 1.95671 3.59332 10.1133 -8.20722 -6.08038 -3.26376 -0.400407 2.34361 5.88579 12.7218 -8.98985 -5.80497 -3.01841 1.33447 2.63474 7.44932 15.7443 -7.62658 -6.49011 -2.44984 0.553207 2.89024 8.89919 17.8114 -7.21517 -5.29041 -1.90693 2.7631 2.72958 13.7681 11.5211 -0.538466 -6.85538 -1.87044 -3.18014 2.38227 5.64653 14.7336 -10.5017 -5.93927 -3.3716 5.57966 1.58269
57.01 2.37069 4.55691 -4.22831 -4.2142 -3.23251 -0.64573 1.93766 3.26906 9.73505 -7.94071 -6.09225 -3.28711 -0.57311 2.30449 5.70134 12.3132 -9.0459 -5.82767 -3.06536 1.17032 2.59487 7.17501 15.0806 -7.87712 -6.52891 -2.57432 0.444354 2.87293 8.45506 17.6202 -7.62492 -5.31842 -2.03386 2.82907 2.76116 13.7519 12.3509 -1.37385 -6.91862 -1.83591 -3.14536 2.43946 6.08503 14.7511 -10.4899 -5.9394 -3.36259 5.57692 1.57979
57.06 4.53734 4.04684 -2.72222 -4.1346 -3.22711 -0.759965 1.91966 2.99701 9.31187 -7.55317 -6.09359 -3.30725 -0.74089 2.26706 5.50517 11.9335 -9.0793 -5.85032 -3.10694 1.00059 2.55432 6.93298 14.4599 -8.08755 -6.56854 -2.68569 0.318191 2.84824 8.09648 17.341 -7.96313 -5.34627 -2.16592 2.85499 2.781 13.6078 13.096 -2.07176 -6.98705 -1.81017 -3.11168 2.49616 6.50046 14.7939 -10.478 -5.93918 -3.34776 5.5747 1.57749
57.11 6.7102 3.64395 -1.27351 -4.0583 -3.20977 -0.851293 1.90292 2.81709 8.82048 -6.99902 -6.07905 -3.32435 -0.902126 2.23162 5.28835 11.5768 -9.08652 -5.87273 -3.14394 0.826543 2.51348 6.71495 13.8903 -8.26335 -6.60898 -2.7844 0.178572 2.8177 7.79168 17.0083 -8.24097 -5.37369 -2.29386 2.84861 2.78983 13.3396 13.7518 -2.65365 -7.0582 -1.79188 -3.07943 2.55179 6.87313 14.8684 -10.4662 -5.93855 -3.32572 5.57317 1.57601
57.16 8.30579 3.49735 -0.00802662 -3.98491 -3.13975 -0.912478 1.88876 2.83811 8.23968 -6.22002 -6.04339 -3.33843 -1.05522 2.19807 5.04039 11.2363 -9.06277 -5.89462 -3.17705 0.649299 2.47269 6.5146 13.3722 -8.40873 -6.65005 -2.87151 0.0288564 2.78263 7.52293 16.6409 -8.47009 -5.40032 -2.41314 2.81651 2.78892 12.9558 14.3207 -3.15316 -7.131 -1.78022 -3.04886 2.60586 7.19422 14.9789 -10.4548 -5.93742 -3.29577 5.57252 1.57562
57.21 9.21959 3.71166 1.06071 -3.91371 -2.99273 -0.932992 1.88079 3.31586 7.56894 -5.15403 -5.98453 -3.34934 -1.19859 2.16615 4.75269 10.9046 -9.00159 -5.91572 -3.20678 0.469971 2.43233 6.32665 12.902 -8.52635 -6.69144 -2.9483 -0.128046 2.74412 7.28047 16.249 -8.66082 -5.42585 -2.52192 2.76368 2.7797 12.4672 14.8058 -3.60191 -7.20493 -1.7752 -3.02018 2.65794 7.46276 15.1258 -10.4441 -5.93575 -3.25823 5.57298 1.5766
57.26 9.69854 4.18329 1.95069 -3.84416 -2.81143 -0.900941 1.88256 4.52813 6.84759 -3.77444 -5.90619 -3.35619 -1.33057 2.13563 4.4261 10.5733 -8.89409 -5.93567 -3.23353 0.289758 2.39286 6.14638 12.4738 -8.61739 -6.73266 -3.01604 -0.289603 2.70307 7.05851 15.8375 -8.82162 -5.45002 -2.61981 2.69365 2.7636 11.886 15.2062 -4.02594 -7.27966 -1.77811 -2.99359 2.70759 7.68179 15.3058 -10.4341 -5.93348 -3.21442 5.57474 1.57923
57.31 9.95483 4.82879 2.68034 -3.77633 -2.63366 -0.80829 1.89539 6.13138 6.15251 -2.25599 -5.81614 -3.35358 -1.44932 2.10656 4.07739 10.2326 -8.72769 -5.95288 -3.2575 0.11002 2.35472 5.96915 12.0809 -8.68158 -6.77305 -3.07594 -0.453592 2.6602 6.85318 15.4091 -8.95906 -5.47266 -2.70715 2.60873 2.74194 11.2295 15.5125 -4.44549 -7.35495 -1.79269 -2.96944 2.7542 7.85453 15.5126 -10.4248 -5.93061 -3.16639 5.57792 1.58372
57.36 10.0961 5.57566 3.25654 -3.71112 -2.47502 -0.657824 1.91888 7.41283 5.59335 -0.887417 -5.72141 -3.32349 -1.55237 2.07952 3.74214 9.87033 -8.48422 -5.96419 -3.27879 -0.0676882 2.31802 5.78988 11.7161 -8.71735 -6.81183 -3.12905 -0.618054 2.61613 6.6614 14.9663 -9.07803 -5.49371 -2.7847 2.51028 2.71584 10.5282 15.7009 -4.87415 -7.43061 -1.82635 -2.9483 2.79677 7.98097 15.7373 -10.4163 -5.92713 -3.11667 5.58259 1.59017
57.41 10.1754 6.3535 3.66525 -3.65081 -2.33979 -0.460176 1.95171 8.21976 5.2518 0.227419 -5.62605 -3.24917 -1.63611 2.0561 3.47145 9.47013 -8.13706 -5.966 -3.2974 -0.241615 2.28262 5.6025 11.372 -8.72172 -6.84808 -3.17631 -0.781274 2.57134 6.48035 14.5134 -9.18188 -5.51317 -2.85333 2.39904 2.68628 9.83088 15.7357 -5.31641 -7.50649 -1.88941 -2.93118 2.83361 8.05582 15.9685 -10.4085 -5.92313 -3.0683 5.58874 1.59858
57.46 10.2204 7.13743 3.86173 -3.59989 -2.22743 -0.226507 1.99218 8.72197 5.10742 1.10602 -5.53183 -3.13866 -1.69584 2.03827 3.31169 9.01101 -7.64853 -5.95405 -3.31332 -0.409826 2.24839 5.39937 11.0406 -8.69004 -6.88074 -3.21852 -0.941756 2.52627 6.30718 14.0583 -9.27265 -5.53119 -2.91398 2.27552 2.65409 9.18874 15.5935 -5.76534 -7.58241 -1.98819 -2.91948 2.86243 8.07093 16.1922 -10.4017 -5.91875 -3.02477 5.59621 1.6088
57.51 10.246 7.95589 3.75978 -3.56613 -2.13563 0.0342126 2.03855 9.08636 5.1067 1.79298 -5.4395 -3.00882 -1.72602 2.0275 3.30678 8.47038 -6.97111 -5.92355 -3.32651 -0.570222 2.21528 5.17122 10.7136 -8.61537 -6.9086 -3.25636 -1.09822 2.4813 6.13876 13.6102 -9.35116 -5.54796 -2.96758 2.14046 2.61993 8.62922 15.2923 -6.20436 -7.65809 -2.11745 -2.91451 2.88096 8.02321 16.3927 -10.3961 -5.91422 -2.98966 5.60472 1.62049
57.56 10.2604 8.87496 3.23371 -3.56096 -2.06166 0.315229 2.0892 9.41161 5.2238 2.32982 -5.34956 -2.87038 -1.72014 2.02471 3.55553 7.83781 -6.05759 -5.87111 -3.33681 -0.72052 2.18334 4.90946 10.3811 -8.48738 -6.93031 -3.29034 -1.24955 2.43675 5.97153 13.1773 -9.4171 -5.56376 -3.01498 1.99502 2.58437 8.15414 14.8838 -6.61459 -7.73307 -2.26323 -2.91688 2.88793 7.92009 16.5568 -10.392 -5.90979 -2.96569 5.61387 1.63311
57.61 10.2677 9.94215 2.21029 -3.59343 -2.00298 0.611212 2.14273 9.75481 5.47106 2.74733 -5.2626 -2.72787 -1.67084 2.03043 4.29726 7.13684 -4.87009 -5.79806 -3.34365 -0.858169 2.15265 4.61281 10.0316 -8.29059 -6.94441 -3.32086 -1.39481 2.39299 5.80118 12.7647 -9.46918 -5.57885 -3.05699 1.84074 2.54784 7.75353 14.4229 -6.98217 -7.80672 -2.41159 -2.9263 2.88344 7.77634 16.6763 -10.3896 -5.9057 -2.95388 5.62319 1.64602
57.66 10.2677 11.0887 0.858066 -3.65592 -1.95742 0.917258 2.19789 10.1397 5.89594 3.06087 -5.17968 -2.5833 -1.57041 2.04504 5.71087 6.43179 -3.42511 -5.71093 -3.34393 -0.980152 2.12337 4.29641 9.65009 -8.00167 -6.94889 -3.34809 -1.53315 2.35047 5.62232 12.3743 -9.50519 -5.59344 -3.09434 1.67931 2.51072 7.41434 13.9498 -7.30074 -7.87835 -2.55323 -2.94182 2.86856 7.60759 16.7497 -10.389 -5.90213 -2.95355 5.63219 1.65856
57.71 10.2496 12.1812 -0.526296 -3.72958 -1.92322 1.22783 2.25367 10.5544 6.52868 3.25947 -5.10339 -2.43986 -1.41548 2.06875 7.25378 5.83374 -1.94787 -5.61729 -3.32162 -1.08251 2.09599 4.00062 9.21742 -7.58618 -6.9398 -3.37207 -1.66383 2.30954 5.42795 12.0053 -9.52207 -5.60766 -3.12768 1.51232 2.4733 7.12379 13.4886 -7.56979 -7.94726 -2.68353 -2.96224 2.84488 7.4264 16.7804 -10.3904 -5.89919 -2.96286 5.6405 1.67015
57.76 10.1752 13.1475 -1.79362 -3.80283 -1.9 1.53542 2.30917 10.9738 7.33732 3.28522 -5.03971 -2.30285 -1.21239 2.10135 8.32884 5.48466 -0.677506 -5.52229 -3.24656 -1.15939 2.07215 3.80803 8.71061 -6.99646 -6.91179 -3.39268 -1.7861 2.27021 5.209 11.6549 -9.51595 -5.6215 -3.15757 1.34119 2.43587 6.87067 13.0511 -7.79183 -8.01276 -2.80095 -2.98635 2.81405 7.24142 16.7744 -10.3935 -5.89692 -2.97949 5.64781 1.68037
57.81 9.94994 13.9592 -2.94342 -3.87205 -1.89149 1.82871 2.36345 11.3761 8.30632 3.00752 -5.00072 -2.1775 -0.972325 2.14214 8.98863 5.40528 0.334885 -5.4284 -3.11891 -1.20278 2.05452 3.85673 8.11164 -6.17591 -6.86036 -3.40968 -1.89923 2.2323 4.95523 11.3185 -9.48193 -5.63494 -3.18452 1.16715 2.39869 6.64565 12.6415 -7.97022 -8.07419 -2.9056 -3.01306 2.77761 7.05806 16.7388 -10.3983 -5.89529 -3.00116 5.65395 1.68895
57.86 9.40476 14.571 -4.05773 -3.93701 -1.91147 2.09042 2.41499 11.7394 9.48171 2.25473 -5.00342 -2.06742 -0.705514 2.18986 9.47833 5.54027 1.12002 -5.33671 -2.96248 -1.20338 2.04536 4.37816 7.42845 -5.06981 -6.78475 -3.42244 -2.0024 2.19579 4.65958 10.9905 -9.4138 -5.64797 -3.20888 0.99128 2.36208 6.44111 12.2593 -8.10788 -8.13093 -2.99838 -3.04148 2.73688 6.87928 16.6804 -10.4044 -5.89426 -3.02592 5.65885 1.69574
57.91 8.37173 14.876 -5.25403 -3.99864 -1.99084 2.29987 2.46068 12.0273 10.8326 1.08276 -5.05035 -1.97437 -0.41982 2.2429 9.95026 5.88902 1.71426 -5.24825 -2.79294 -1.15141 2.04609 5.60468 6.71383 -3.66688 -6.69009 -3.42832 -2.09466 2.16077 4.32632 10.6641 -9.30341 -5.66054 -3.23089 0.814674 2.32645 6.25067 11.9016 -8.20667 -8.18235 -3.0805 -3.07088 2.69296 6.70638 16.6052 -10.4117 -5.89375 -3.05222 5.6625 1.70073
57.96 6.9355 14.8183 -6.56019 -4.05806 -2.14455 2.44556 2.49529 12.1845 12.1719 -0.127737 -5.11773 -1.89856 -0.12141 2.29952 10.4474 6.47343 2.12983 -5.16533 -2.6192 -1.04051 2.05755 7.12126 6.07523 -2.16243 -6.58466 -3.41347 -2.17463 2.12769 3.97888 10.3308 -9.13957 -5.67131 -3.25067 0.638489 2.29217 6.06872 11.5637 -8.26708 -8.2278 -3.15318 -3.1007 2.64676 6.53943 16.5181 -10.42 -5.89366 -3.07891 5.66495 1.70396
58.01 5.45568 14.5807 -7.83614 -4.11585 -2.32127 2.53145 2.51531 12.1852 13.3736 -1.14402 -5.18633 -1.83907 0.183511 2.35811 10.9549 7.26037 2.33031 -5.09353 -2.45027 -0.87448 2.08 8.24326 5.66169 -0.833209 -6.47526 -3.34768 -2.23999 2.09796 3.6663 9.98018 -8.90653 -5.67756 -3.26822 0.464063 2.25928 5.8899 11.24 -8.2879 -8.26659 -3.21757 -3.13051 2.59901 6.37763 16.4231 -10.4289 -5.89392 -3.1052 5.66629 1.70553
58.06 4.18942 14.3223 -8.96545 -4.17183 -2.47838 2.5693 2.52189 12.0515 14.4145 -1.9519 -5.24974 -1.79441 0.485903 2.4174 11.4518 8.22045 2.20239 -5.04459 -2.29466 -0.663999 2.11294 8.93602 5.50878 0.235814 -6.36563 -3.22615 -2.28717 2.07409 3.44479 9.59784 -8.58154 -5.67621 -3.28351 0.292988 2.22758 5.70854 10.9239 -8.26585 -8.2979 -3.2747 -3.15998 2.55035 6.21938 16.3232 -10.4383 -5.89443 -3.13057 5.66663 1.70558
58.11 3.18867 14.078 -9.92539 -4.22556 -2.60873 2.57068 2.51793 11.8087 15.3048 -2.60192 -5.30649 -1.76326 0.770577 2.47637 11.9225 9.39129 1.57648 -5.03633 -2.15791 -0.419858 2.15516 9.43893 5.54354 1.06898 -6.25754 -3.0719 -2.31201 2.05836 3.3421 9.16493 -8.13239 -5.66354 -3.29649 0.127178 2.19699 5.51817 10.6077 -8.19485 -8.32077 -3.32546 -3.18885 2.50131 6.06241 16.2208 -10.448 -5.8951 -3.15471 5.66608 1.70424
58.16 2.42069 13.8445 -10.73 -4.2767 -2.71564 2.54441 2.50611 11.4725 16.0566 -3.14736 -5.35695 -1.7452 1.01761 2.53412 12.3528 10.7514 0.485669 -5.07412 -2.04228 -0.150711 2.20497 9.91573 5.71534 1.70946 -6.15213 -2.90177 -2.30983 2.0523 3.37265 8.65943 -7.51772 -5.63503 -3.30714 -0.0310611 2.1675 5.31159 10.2821 -8.0648 -8.33394 -3.37063 -3.21695 2.45234 5.90364 16.1176 -10.4578 -5.89586 -3.17748 5.66474 1.70165
58.21 1.83801 13.6126 -11.4004 -4.32499 -2.8035 2.49657 2.48853 11.0547 16.6753 -3.63123 -5.40237 -1.74133 1.21506 2.58973 12.7217 12.1148 -0.68676 -5.13516 -1.94739 0.136802 2.2605 10.4177 6.00342 2.19205 -6.05068 -2.72535 -2.27506 2.05691 3.58413 8.06577 -6.69604 -5.58664 -3.31533 -0.178927 2.13918 5.08297 9.93512 -7.85947 -8.33575 -3.41081 -3.24414 2.4038 5.73897 16.0147 -10.4677 -5.89665 -3.19884 5.66272 1.69794
58.26 1.3981 13.3744 -11.9563 -4.37033 -2.87608 2.4311 2.46677 10.5677 17.1539 -4.08622 -5.44411 -1.75496 1.36495 2.64218 12.9935 13.3469 -1.68548 -5.19848 -1.8712 0.437194 2.31997 10.9326 6.39861 2.53599 -5.95502 -2.55209 -2.20158 2.07268 4.12673 7.39514 -5.63899 -5.51778 -3.32064 -0.312936 2.1121 4.83516 9.55125 -7.55344 -8.32403 -3.44643 -3.27032 2.35605 5.5629 15.9129 -10.4775 -5.89743 -3.21881 5.66013 1.69324
58.31 1.06679 13.1241 -12.4148 -4.4127 -2.93636 2.35034 2.44202 10.0286 17.4718 -4.53614 -5.48332 -1.79173 1.47447 2.69012 13.1216 14.4227 -2.49047 -5.25656 -1.81109 0.744983 2.3818 11.4403 6.91996 2.73764 -5.86821 -2.39103 -2.08325 2.09932 5.27692 6.69981 -4.32801 -5.43332 -3.32127 -0.428596 2.08637 4.59438 9.11039 -7.10793 -8.296 -3.47772 -3.29542 2.30951 5.36801 15.8128 -10.4871 -5.8982 -3.23749 5.65704 1.68766
58.36 0.81761 12.8588 -12.7898 -4.45217 -2.98668 2.2555 2.41521 9.46116 17.6 -4.99551 -5.52083 -1.858 1.54972 2.73174 13.0612 15.3541 -3.15487 -5.30757 -1.76461 1.05313 2.44469 11.9264 7.62887 2.74659 -5.79668 -2.24808 -1.91519 2.13578 6.94768 6.08077 -2.84754 -5.34067 -3.30596 -0.519845 2.0623 4.43658 8.58992 -6.46793 -8.24781 -3.50464 -3.3194 2.26464 5.14478 15.7146 -10.4964 -5.89903 -3.25498 5.65354 1.68134
58.41 0.630343 12.5783 -13.0919 -4.48889 -3.02888 2.14715 2.38702 8.89387 17.5204 -5.46677 -5.55724 -1.95629 1.59442 2.76492 12.7811 16.1578 -3.73544 -5.35159 -1.72995 1.35051 2.50757 12.3813 8.5856 2.42392 -5.75405 -2.12561 -1.69954 2.18047 8.37598 5.73149 -1.4642 -5.24582 -3.2356 -0.577974 2.04128 4.54987 7.97617 -5.56462 -8.17524 -3.52679 -3.34219 2.22166 4.88303 15.6187 -10.5054 -5.90021 -3.27138 5.6497 1.67444
58.46 0.489668 12.285 -13.329 -4.52303 -3.06444 2.02575 2.35798 8.35432 17.2441 -5.93879 -5.59292 -2.0809 1.61042 2.78778 12.2708 16.8452 -4.27731 -5.38963 -1.70657 1.61941 2.56954 12.7969 9.81212 1.60337 -5.75816 -2.02363 -1.44672 2.23155 9.28988 5.77951 -0.336303 -5.15221 -3.08982 -0.590851 2.02665 5.26708 7.28864 -4.33561 -8.07826 -3.54257 -3.36375 2.18049 4.57747 15.5253 -10.514 -5.90236 -3.28675 5.64557 1.66726
58.51 0.384001 11.9825 -13.5063 -4.5548 -3.09453 1.89215 2.32851 7.86429 16.8107 -6.39175 -5.62805 -2.21934 1.59872 2.7993 11.5541 17.4159 -4.81121 -5.4232 -1.69675 1.84064 2.62973 13.1635 11.1982 0.428284 -5.80603 -1.94081 -1.16876 2.28719 9.94837 6.17338 0.52091 -5.06198 -2.90169 -0.546085 2.02187 6.60128 6.6046 -2.85106 -7.96307 -3.54419 -3.38392 2.1412 4.23739 15.435 -10.5222 -5.90589 -3.30106 5.64121 1.6602
58.56 0.304611 11.6749 -13.6262 -4.58432 -3.12008 1.74766 2.29893 7.43569 16.27 -6.80692 -5.66265 -2.35856 1.5602 2.79968 10.708 17.8453 -5.35005 -5.45392 -1.70858 2.00748 2.68694 13.4598 12.5337 -0.709876 -5.87183 -1.87493 -0.876166 2.34571 10.5265 6.83493 1.10845 -4.97863 -2.70195 -0.439499 2.02894 7.85124 6.06957 -1.4063 -7.83819 -3.5068 -3.40217 2.10458 3.8973 15.3487 -10.53 -5.91008 -3.31421 5.63668 1.65347
58.61 0.244927 11.3651 -13.6888 -4.61158 -3.14186 1.59399 2.26947 7.06906 15.6692 -7.17344 -5.69672 -2.48956 1.49615 2.79008 9.86521 18.08 -5.88596 -5.48309 -1.7567 2.12527 2.73914 13.6456 13.7213 -1.64428 -5.93915 -1.82335 -0.578862 2.40572 11.0707 7.69009 1.37459 -4.91004 -2.50928 -0.277961 2.04853 8.6627 5.78703 -0.197598 -7.70989 -3.41112 -3.41725 2.07256 3.61238 15.2673 -10.5371 -5.91422 -3.32606 5.63202 1.64698
58.66 0.20002 11.0538 -13.6916 -4.63639 -3.16049 1.43284 2.24033 6.75644 15.0504 -7.48871 -5.73031 -2.60799 1.40869 2.77207 9.14445 18.0818 -6.39631 -5.51163 -1.84987 2.20156 2.78332 13.6703 14.7536 -2.3891 -6.00259 -1.78361 -0.289265 2.46614 11.5857 8.73453 1.18459 -4.87129 -2.33483 -0.0722634 2.08009 9.20104 5.71584 0.756668 -7.58141 -3.27272 -3.42778 2.04741 3.41885 15.1914 -10.5434 -5.91806 -3.33653 5.62729 1.64058
58.71 0.166193 10.7391 -13.6293 -4.65828 -3.17646 1.2658 2.21165 6.48607 14.447 -7.75531 -5.76356 -2.7127 1.30066 2.74733 8.57432 17.8789 -6.85853 -5.54004 -1.97747 2.24238 2.81659 13.4988 15.6465 -2.99931 -6.0606 -1.75369 -0.0249095 2.52616 12.0652 10.0036 0.425442 -4.87818 -2.18411 0.167591 2.12215 9.66319 5.79323 1.49466 -7.45445 -3.11152 -3.43279 2.03081 3.3195 15.1212 -10.5486 -5.92156 -3.34564 5.62254 1.63424
58.76 0.140689 10.4158 -13.4929 -4.67644 -3.19016 1.09421 2.18353 6.24565 13.8792 -7.9779 -5.79668 -2.80425 1.17536 2.71736 8.12383 17.5346 -7.26074 -5.56838 -2.1197 2.25252 2.83757 13.1273 16.4165 -3.52627 -6.11314 -1.73222 0.197403 2.58515 12.4924 11.3887 -0.671931 -4.92219 -2.05841 0.433258 2.17269 10.1444 5.98878 2.05668 -7.33041 -2.93827 -3.43167 2.02397 3.30395 15.0568 -10.5524 -5.92471 -3.35347 5.61781 1.62803
58.81 0.121463 10.0754 -13.2687 -4.68953 -3.20191 0.919251 2.15608 6.02366 13.3553 -8.1611 -5.82986 -2.88393 1.03596 2.68344 7.75659 17.1009 -7.60213 -5.59648 -2.26135 2.23589 2.84647 12.5744 17.0734 -4.01006 -6.16096 -1.71884 0.373565 2.64257 12.8323 12.6989 -1.72392 -4.97763 -1.95626 0.717555 2.22954 10.6522 6.28042 2.47159 -7.21089 -2.76154 -3.42402 2.02776 3.36053 14.998 -10.5546 -5.92751 -3.36013 5.61314 1.622
58.86 0.107034 9.70526 -12.9355 -4.69547 -3.21192 0.741995 2.12933 5.80935 12.8761 -8.30847 -5.86318 -2.95327 0.885305 2.64665 7.4467 16.6095 -7.88853 -5.62404 -2.39419 2.19555 2.8445 11.8707 17.614 -4.47992 -6.205 -1.71518 0.509272 2.69786 13.0311 13.8581 -2.60449 -5.031 -1.87483 1.01367 2.29066 11.1645 6.64266 2.75473 -7.09797 -2.59109 -3.40983 2.04246 3.47678 14.9446 -10.555 -5.92998 -3.3657 5.60856 1.61621
58.91 0.0964061 9.28756 -12.4627 -4.6912 -3.22034 0.563549 2.10336 5.59193 12.4379 -8.42212 -5.89661 -3.01374 0.72578 2.60783 7.17747 16.079 -8.12826 -5.65081 -2.51478 2.13375 2.8333 11.0647 18.0142 -4.95413 -6.24616 -1.72687 0.611084 2.75021 13.0318 14.8641 -3.34479 -5.07876 -1.81109 1.31445 2.35431 11.6627 7.05645 2.90792 -6.99437 -2.4351 -3.38957 2.06761 3.63998 14.8965 -10.5534 -5.93212 -3.37027 5.6041 1.61068
58.96 0.0891661 8.79993 -11.8106 -4.67262 -3.22721 0.385141 2.07819 5.35981 12.0348 -8.50255 -5.92993 -3.0667 0.559377 2.56766 6.93797 15.5235 -8.32968 -5.67663 -2.62232 2.05214 2.81452 10.2358 18.2224 -5.43749 -6.28526 -1.76552 0.682952 2.79819 12.7875 15.7323 -4.00534 -5.12064 -1.76255 1.61205 2.41904 12.1347 7.51766 2.91842 -6.90377 -2.29811 -3.36409 2.10203 3.84025 14.8536 -10.5498 -5.93396 -3.37389 5.59978 1.60546
59.01 0.0860716 8.22196 -10.9438 -4.63548 -3.2325 0.208195 2.05387 5.10068 11.6596 -8.54869 -5.96276 -3.1133 0.38781 2.52668 6.72062 14.9593 -8.50002 -5.70148 -2.7173 1.95216 2.78967 9.4801 18.1806 -5.91997 -6.32306 -1.84357 0.725835 2.83942 12.2721 16.4749 -4.63669 -5.15744 -1.72811 1.89769 2.48364 12.5715 8.03925 2.7563 -6.83119 -2.18139 -3.3345 2.14412 4.07346 14.8159 -10.5443 -5.93551 -3.37655 5.59562 1.60054
59.06 0.0915708 7.55336 -9.86739 -4.57808 -3.23612 0.0343754 2.03043 4.80474 11.3047 -8.55772 -5.99444 -3.15451 0.21263 2.48531 6.51967 14.4049 -8.64488 -5.72546 -2.80078 1.83554 2.76007 8.85149 17.8793 -6.38179 -6.36025 -1.96037 0.738731 2.87103 11.512 17.0916 -5.26609 -5.19035 -1.71001 2.16153 2.54701 12.9652 8.64941 2.37432 -6.78332 -2.08411 -3.30193 2.19212 4.34278 14.7837 -10.537 -5.93679 -3.37822 5.59164 1.59594
59.11 0.12333 6.83027 -8.65724 -4.50418 -3.23801 -0.134388 2.00793 4.47154 10.9621 -8.52477 -6.02408 -3.19103 0.0353317 2.44388 6.33032 13.8757 -8.76815 -5.7488 -2.87402 1.7044 2.72681 8.34489 17.3728 -6.80404 -6.39734 -2.10055 0.720656 2.89097 10.6286 17.5552 -5.88912 -5.2206 -1.71717 2.3926 2.60773 13.3046 9.37876 1.72958 -6.76723 -2.00448 -3.26748 2.24434 4.65776 14.7577 -10.5282 -5.93781 -3.37871 5.58787 1.59167
59.16 0.242056 6.10863 -7.41604 -4.4213 -3.2382 -0.295894 1.98638 4.11412 10.6233 -8.44222 -6.05052 -3.22336 -0.142578 2.40271 6.1482 13.3803 -8.872 -5.77174 -2.93826 1.56109 2.6908 7.93277 16.7412 -7.17604 -6.43466 -2.24696 0.672309 2.89878 9.80335 17.8153 -6.47683 -5.24935 -1.76393 2.58004 2.66346 13.5694 10.223 0.85252 -6.78507 -1.9404 -3.23205 2.29934 5.02711 14.7395 -10.5181 -5.93858 -3.37764 5.58433 1.58775
59.21 0.619179 5.43099 -6.18172 -4.33601 -3.23686 -0.447641 1.96584 3.75404 10.278 -8.29857 -6.07233 -3.25184 -0.319545 2.36207 5.96888 12.9214 -8.95709 -5.79449 -2.99471 1.4079 2.65278 7.58969 16.0596 -7.49582 -6.47246 -2.38819 0.596412 2.89527 9.14603 17.8553 -6.99992 -5.27749 -1.85421 2.71702 2.7111 13.7327 11.1162 -0.111052 -6.82933 -1.88981 -3.19645 2.35591 5.44456 14.7321 -10.507 -5.93911 -3.37426 5.58106 1.58419
59.26 1.60715 4.8169 -4.88203 -4.25202 -3.23419 -0.58675 1.94631 3.41363 9.91383 -8.07645 -6.08783 -3.27675 -0.49397 2.32236 5.7874 12.4977 -9.02269 -5.8172 -3.04442 1.24681 2.61337 7.29692 15.3823 -7.76692 -6.51092 -2.51852 0.49696 2.88193 8.64665 17.7221 -7.4454 -5.30551 -1.97389 2.80411 2.74806 13.7753 11.9778 -1.00573 -6.88857 -1.85065 -3.16128 2.4131 5.88403 14.7403 -10.4954 -5.93938 -3.36737 5.57813 1.58106
59.31 3.48462 4.27243 -3.42334 -4.1709 -3.23006 -0.709787 1.92783 3.1142 9.51404 -7.74951 -6.09459 -3.29835 -0.664223 2.28408 5.59762 12.1054 -9.06691 -5.83989 -3.08837 1.07948 2.57308 7.04118 14.74 -7.99511 -6.55016 -2.63595 0.378273 2.86045 8.25367 17.4781 -7.81537 -5.33346 -2.1051 2.8475 2.77328 13.69 12.7635 -1.76615 -6.95505 -1.82104 -3.12705 2.47011 6.31325 14.7706 -10.4835 -5.93933 -3.35542 5.57565 1.57846
59.36 5.75529 3.81035 -1.92271 -4.09309 -3.22094 -0.812407 1.91045 2.88432 9.05714 -7.27879 -6.0881 -3.31684 -0.828677 2.24772 5.39157 11.7389 -9.08671 -5.86244 -3.1274 0.907281 2.53233 6.81296 14.1465 -8.18627 -6.59024 -2.74039 0.244413 2.83243 7.92695 17.1669 -8.11957 -5.36112 -2.23573 2.85511 2.78706 13.4782 13.4604 -2.39758 -7.02513 -1.79945 -3.09411 2.5263 6.70735 14.8298 -10.4716 -5.9389 -3.33685 5.57378 1.57657
59.41 7.66053 3.52011 -0.566693 -4.01844 -3.18206 -0.888603 1.89479 2.79107 8.51948 -6.61125 -6.06271 -3.33231 -0.985725 2.21333 5.15929 11.3918 -9.07793 -5.88461 -3.16223 0.731374 2.49148 6.60516 13.6049 -8.34525 -6.63105 -2.83269 0.0989668 2.79929 7.64315 16.8139 -8.36977 -5.38816 -2.35936 2.83416 2.79046 13.1465 14.0689 -2.93088 -7.09726 -1.7848 -3.06274 2.58114 7.05274 14.9234 -10.46 -5.93801 -3.31057 5.5727 1.57565
59.46 8.86965 3.57302 0.591295 -3.94633 -3.06805 -0.929353 1.88343 3.01652 7.88798 -5.68504 -6.01447 -3.34473 -1.13378 2.18069 4.89059 11.057 -9.03495 -5.90611 -3.19346 0.552866 2.45087 6.4121 13.1133 -8.47544 -6.67234 -2.91408 -0.0549564 2.76225 7.38946 16.4324 -8.57704 -5.41423 -2.4731 2.79036 2.78489 12.7049 14.5924 -3.39945 -7.17072 -1.77665 -3.03316 2.63419 7.34528 15.0537 -10.449 -5.93659 -3.27642 5.57262 1.57596
59.51 9.51512 3.94046 1.56109 -3.87604 -2.89626 -0.922953 1.8804 3.8766 7.18244 -4.44561 -5.94428 -3.35368 -1.27122 2.14953 4.58091 10.7266 -8.95012 -5.92667 -3.22155 0.372903 2.41092 6.22886 12.6665 -8.57869 -6.71371 -2.98584 -0.21466 2.72227 7.15861 16.0295 -8.75072 -5.43905 -2.576 2.72791 2.7718 12.1647 15.0324 -3.83201 -7.24511 -1.77562 -3.00557 2.68503 7.58667 15.219 -10.4386 -5.9346 -3.23529 5.57376 1.5778
59.56 9.85566 4.51355 2.36291 -3.80736 -2.71384 -0.858657 1.8881 5.39787 6.4635 -2.95234 -5.85862 -3.35676 -1.39633 2.11977 4.23917 10.3916 -8.81275 -5.94547 -3.24678 0.192765 2.37213 6.05082 12.2582 -8.65538 -6.75457 -3.04922 -0.377786 2.68016 6.94602 15.6086 -8.89823 -5.46242 -2.66814 2.64964 2.75255 11.5402 15.3841 -4.2515 -7.32016 -1.78414 -2.98025 2.73313 7.7805 15.4144 -10.429 -5.93201 -3.18891 5.57627 1.58141
59.61 10.041 5.22379 3.01015 -3.74076 -2.54538 -0.733802 1.90679 6.88469 5.82695 -1.48886 -5.76536 -3.34233 -1.507 2.09166 3.89201 10.041 -8.60755 -5.95993 -3.2693 0.0139144 2.33478 5.87317 11.8813 -8.70454 -6.7942 -3.10534 -0.542258 2.63657 6.74835 15.1721 -9.02521 -5.4842 -2.7501 2.55731 2.72836 10.8545 15.6308 -4.67477 -7.39568 -1.80782 -2.95762 2.77773 7.92862 15.6321 -10.4201 -5.92881 -3.13963 5.58025 1.58695
59.66 10.1444 5.9938 3.49957 -3.6778 -2.39922 -0.556445 1.93551 7.89788 5.38158 -0.255078 -5.66996 -3.28896 -1.60017 2.06632 3.58497 9.66065 -8.31218 -5.9666 -3.28915 -0.161986 2.2988 5.69038 11.5286 -8.72386 -6.83174 -3.15519 -0.706249 2.59206 6.5627 14.7231 -9.1357 -5.50439 -2.82272 2.4519 2.70029 10.1484 15.7409 -5.11091 -7.47148 -1.85606 -2.93849 2.81747 8.02824 15.8619 -10.412 -5.92504 -3.09023 5.58573 1.59447
59.71 10.2028 6.77444 3.80189 -3.62181 -2.27654 -0.338125 1.97268 8.51582 5.15327 0.727399 -5.57508 -3.19297 -1.67161 2.04569 3.36915 9.23158 -7.89428 -5.96158 -3.30631 -0.333084 2.26404 5.49558 11.1924 -8.70951 -6.8662 -3.19964 -0.868166 2.54707 6.38626 14.2679 -9.23234 -5.52305 -2.88694 2.33398 2.66922 9.47557 15.681 -5.55836 -7.54741 -1.93823 -2.92411 2.8503 8.0718 16.0909 -10.4047 -5.92081 -3.04401 5.59262 1.60388
59.76 10.236 7.57045 3.8513 -3.57891 -2.17559 -0.088922 2.01654 8.92783 5.09167 1.4971 -5.48181 -3.07025 -1.71616 2.03152 3.28584 8.73106 -7.3102 -5.94021 -3.32077 -0.497356 2.23041 5.28017 10.8645 -8.65572 -6.89643 -3.23941 -1.02663 2.50201 6.21606 13.8154 -9.31647 -5.54036 -2.94368 2.20412 2.63589 8.87646 15.4481 -6.00436 -7.62324 -2.05484 -2.9159 2.8738 8.05279 16.3041 -10.3986 -5.91631 -3.0046 5.60069 1.61495
59.81 10.2548 8.43389 3.53725 -3.559 -2.09373 0.18346 2.0654 9.26212 5.1553 2.09862 -5.39071 -2.9349 -1.72778 2.02497 3.398 8.1405 -6.51089 -5.89808 -3.33244 -0.65261 2.19792 5.03472 10.5358 -8.55388 -6.92116 -3.27512 -1.18045 2.45722 6.04877 13.3747 -9.38831 -5.55658 -2.99383 2.06329 2.60091 8.36327 15.0818 -6.43002 -7.69861 -2.19492 -2.91487 2.88618 7.97368 16.4863 -10.3937 -5.9118 -2.97525 5.6096 1.62721
59.86 10.2651 9.43256 2.74027 -3.57376 -2.02829 0.473151 2.11777 9.59188 5.33841 2.56818 -5.30229 -2.79396 -1.69947 2.0267 3.87315 7.46539 -5.45374 -5.83398 -3.341 -0.796432 2.16664 4.75348 10.1958 -8.39117 -6.93896 -3.3072 -1.32862 2.41304 5.88044 12.9523 -9.447 -5.57196 -3.03824 1.91289 2.56478 7.92986 14.639 -6.8185 -7.77296 -2.34356 -2.92113 2.88688 7.84665 16.6269 -10.3905 -5.90753 -2.95782 5.6189 1.64007
59.91 10.2689 10.5592 1.50213 -3.6246 -1.97693 0.775179 2.17231 9.9571 5.67448 2.92907 -5.21731 -2.65009 -1.6235 2.03718 4.99051 6.75186 -4.11473 -5.75235 -3.34513 -0.926059 2.13668 4.44295 9.83111 -8.14827 -6.94821 -3.33593 -1.47025 2.3699 5.70627 12.5516 -9.49075 -5.58677 -3.07765 1.75454 2.52789 7.56399 14.1677 -7.16003 -7.84561 -2.48912 -2.93398 2.87661 7.68764 16.7215 -10.3891 -5.90371 -2.95237 5.6281 1.65286
59.96 10.2617 11.6904 0.10222 -3.69521 -1.93766 1.08444 2.22793 10.3611 6.21211 3.18444 -5.13748 -2.50556 -1.49352 2.05669 6.58039 6.08647 -2.61328 -5.66089 -3.33671 -1.03806 2.10831 4.13044 9.42476 -7.79627 -6.94602 -3.36142 -1.60456 2.32821 5.52005 12.173 -9.51689 -5.60115 -3.11276 1.58993 2.49058 7.25252 13.6989 -7.45174 -7.91586 -2.625 -2.9523 2.85679 7.51087 16.7712 -10.3895 -5.90047 -2.95751 5.63677 1.66495
60.01 10.2209 12.7196 -1.22614 -3.76945 -1.90925 1.39453 2.28367 10.7813 6.94512 3.3012 -5.06691 -2.36488 -1.31135 2.08524 7.89883 5.60935 -1.2311 -5.56607 -3.28884 -1.12757 2.08254 3.87663 8.95503 -7.29361 -6.92739 -3.38361 -1.7308 2.28816 5.31369 11.8144 -9.52192 -5.61516 -3.14418 1.42055 2.45312 6.9834 13.2495 -7.69505 -7.98301 -2.74841 -2.97485 2.82905 7.3268 16.7813 -10.3919 -5.89788 -2.97106 5.64457 1.67585
60.06 10.0817 13.6058 -2.42393 -3.84068 -1.89305 1.69616 2.33864 11.1939 7.83735 3.18488 -5.01456 -2.23359 -1.08693 2.12238 8.71916 5.41249 -0.101322 -5.47149 -3.18277 -1.1875 2.06172 3.79261 8.39975 -6.5867 -6.88717 -3.40231 -1.84824 2.24961 5.07721 11.4722 -9.50144 -5.62879 -3.17243 1.24771 2.41578 6.74646 12.8269 -7.89316 -8.0464 -2.85887 -3.00048 2.79503 7.14219 16.7585 -10.3959 -5.89596 -2.99068 5.65127 1.68521
60.11 9.70894 14.3189 -3.54071 -3.90754 -1.89715 1.97499 2.3917 11.5785 8.91132 2.66769 -4.99611 -2.11615 -0.83134 2.16708 9.2611 5.45303 0.783519 -5.37867 -3.03694 -1.20905 2.04843 4.05895 7.75177 -5.61848 -6.82244 -3.41715 -1.95611 2.21245 4.80124 11.1411 -9.44993 -5.642 -3.19794 1.07255 2.37887 6.53333 12.4323 -8.0493 -8.10539 -2.95699 -3.02821 2.75613 6.96105 16.7098 -10.4014 -5.89466 -3.01423 5.65674 1.69284
60.16 8.9126 14.7819 -4.68592 -3.97055 -1.9445 2.21088 2.44064 11.9072 10.1984 1.65327 -5.02442 -2.01512 -0.553516 2.21789 9.7299 5.69943 1.4623 -5.28855 -2.87216 -1.18249 2.04446 4.95519 7.042 -4.34508 -6.7356 -3.42689 -2.05354 2.17672 4.48374 10.8149 -9.3602 -5.65483 -3.22102 0.896148 2.34273 6.33712 12.0638 -8.16587 -8.15934 -3.04388 -3.05723 2.71356 6.78536 16.6416 -10.4082 -5.89392 -3.03998 5.66097 1.69865
60.21 7.62718 14.8823 -5.95078 -4.03087 -2.06662 2.38634 2.48104 12.1313 11.567 0.413352 -5.08574 -1.93142 -0.260255 2.27307 10.2154 6.17543 1.96122 -5.20264 -2.6993 -1.09899 2.0509 6.44179 6.3506 -2.84767 -6.63412 -3.42471 -2.13939 2.14265 4.13839 10.486 -9.22265 -5.66673 -3.24183 0.719616 2.3078 6.15192 11.7175 -8.24402 -8.20762 -3.12076 -3.08693 2.6683 6.61572 16.5595 -10.4161 -5.89365 -3.06661 5.66396 1.70268
60.26 6.12138 14.6986 -7.26155 -4.0894 -2.24076 2.49857 2.5079 12.2034 12.8393 -0.703168 -5.15513 -1.86457 0.0425365 2.33093 10.721 6.87561 2.26969 -5.1247 -2.52699 -0.957281 2.06829 7.79076 5.81771 -1.41486 -6.5259 -3.3858 -2.21187 2.11111 3.80215 10.1449 -9.02387 -5.67543 -3.26041 0.544198 2.27429 5.97233 11.388 -8.28337 -8.24957 -3.18883 -3.11679 2.62118 6.4517 16.4677 -10.4247 -5.89377 -3.09316 5.66581 1.70501
60.31 4.74027 14.4402 -8.46572 -4.14627 -2.40927 2.55702 2.52034 12.128 13.954 -1.60235 -5.22129 -1.81326 0.347542 2.39004 11.225 7.75494 2.31302 -5.06325 -2.36434 -0.765869 2.09651 8.65439 5.55124 -0.225428 -6.41608 -3.28774 -2.26792 2.08421 3.53312 9.77921 -8.74466 -5.67799 -3.27674 0.371361 2.24206 5.79289 11.0692 -8.28166 -8.28444 -3.24919 -3.14645 2.57287 6.29205 16.3697 -10.4339 -5.89417 -3.119 5.66659 1.70574
60.36 3.61855 14.1888 -9.50314 -4.20109 -2.55179 2.57395 2.52088 11.9331 14.912 -2.31814 -5.28114 -1.776 0.642744 2.44928 11.7095 8.82215 1.93492 -5.03405 -2.21843 -0.536037 2.13464 9.21733 5.50845 0.71121 -6.30713 -3.14576 -2.30361 2.06449 3.37397 9.37226 -8.35744 -5.67107 -3.29079 0.202861 2.21096 5.60754 10.7541 -8.23421 -8.31134 -3.30279 -3.17562 2.52395 6.13482 16.2682 -10.4435 -5.89477 -3.14374 5.66644 1.70502
60.41 2.74902 13.9514 -10.3769 -4.25346 -2.66895 2.55952 2.51239 11.6384 15.7265 -2.90579 -5.33439 -1.75187 0.909479 2.50769 12.1604 10.1105 1.02552 -5.05201 -2.09296 -0.277491 2.18117 9.69349 5.62074 1.43547 -6.20034 -2.98155 -2.31452 2.05382 3.34039 8.90294 -7.82462 -5.65045 -3.30253 0.0408154 2.18096 5.40934 10.4341 -8.13298 -8.32917 -3.35045 -3.2041 2.47489 5.97732 16.1652 -10.4533 -5.8955 -3.16716 5.66545 1.70299
60.46 2.08663 13.7199 -11.1066 -4.30308 -2.76509 2.52102 2.49724 11.2568 16.4066 -3.41341 -5.38196 -1.7412 1.13026 2.5644 12.5611 11.4976 -0.159649 -5.10585 -1.98869 0.00227889 2.23429 10.1832 5.85699 1.98745 -6.09688 -2.80692 -2.29553 2.05341 3.45799 8.35072 -7.10289 -5.61159 -3.31187 -0.112221 2.15209 5.19131 10.0987 -7.96489 -8.33646 -3.39286 -3.23172 2.42611 5.81597 16.062 -10.4632 -5.89628 -3.18916 5.66373 1.69978
60.51 1.58563 13.4854 -11.713 -4.34979 -2.8443 2.4633 2.47724 10.8 16.9516 -3.87825 -5.42524 -1.74619 1.30128 2.61846 12.8831 12.7981 -1.25089 -5.16968 -1.90418 0.297383 2.29216 10.695 6.20285 2.39413 -5.99827 -2.63098 -2.24068 2.06402 3.81912 7.71163 -6.15716 -5.55189 -3.31859 -0.253109 2.12443 4.95094 9.73406 -7.70921 -8.33128 -3.43054 -3.25837 2.37795 5.64595 15.9597 -10.473 -5.89707 -3.20976 5.66139 1.69552
60.56 1.20795 13.2413 -12.2145 -4.39353 -2.90992 2.38939 2.45374 10.2824 17.347 -4.32809 -5.46549 -1.77147 1.42853 2.66867 13.0834 13.9455 -2.14033 -5.2306 -1.83698 0.602496 2.35308 11.2081 6.66066 2.66396 -5.90685 -2.46333 -2.14378 2.08573 4.65634 7.01864 -4.96404 -5.47374 -3.32185 -0.377872 2.09806 4.70134 9.32226 -7.33385 -8.31116 -3.46382 -3.28398 2.33079 5.4608 15.8588 -10.4827 -5.89784 -3.22903 5.65852 1.69034
60.61 0.923749 12.9831 -12.6265 -4.43432 -2.96458 2.30094 2.42778 9.72462 17.5661 -4.782 -5.50369 -1.82345 1.51898 2.71346 13.1149 14.9414 -2.86208 -5.28495 -1.78449 0.911538 2.41562 11.7056 7.27405 2.7728 -5.82712 -2.31154 -1.99899 2.11784 6.15697 6.34688 -3.53571 -5.38398 -3.31677 -0.481268 2.07315 4.49081 8.84118 -6.79143 -8.27285 -3.49278 -3.30848 2.2851 5.25193 15.7597 -10.4921 -5.89863 -3.24705 5.6552 1.68434
60.66 0.710096 12.7095 -12.961 -4.47228 -3.01032 2.19877 2.40015 9.15365 17.5831 -5.24835 -5.54055 -1.90713 1.57745 2.7508 12.9389 15.8021 -3.4749 -5.33211 -1.74455 1.21566 2.47863 12.1759 8.11089 2.62668 -5.7689 -2.17951 -1.80437 2.15895 7.78656 5.84513 -2.07507 -5.28957 -3.2779 -0.555981 2.05041 4.4447 8.2707 -6.01863 -8.2119 -3.51722 -3.33183 2.24125 5.00909 15.6627 -10.5013 -5.8996 -3.26395 5.65151 1.67768
60.71 0.549574 12.4217 -13.2273 -4.50759 -3.04879 2.08332 2.37145 8.59815 17.3939 -5.72216 -5.57654 -2.02086 1.60653 2.77861 12.5342 16.5422 -4.02988 -5.37274 -1.7159 1.50029 2.54112 12.6106 9.21508 2.04621 -5.74979 -2.06818 -1.56715 2.20732 8.91773 5.70976 -0.822248 -5.19509 -3.16476 -0.591399 2.03235 4.84157 7.61157 -4.94448 -8.12575 -3.53631 -3.35397 2.19926 4.72371 15.568 -10.5101 -5.9012 -3.27979 5.64751 1.67058
60.76 0.429 12.1229 -13.4317 -4.54043 -3.08127 1.95521 2.34214 8.08312 17.027 -6.18654 -5.61191 -2.15467 1.60751 2.79541 11.9069 17.168 -4.56467 -5.40816 -1.69925 1.74535 2.60225 13.0015 10.5536 0.987389 -5.78011 -1.97675 -1.29938 2.26108 9.66094 5.95341 0.158452 -5.10302 -2.9914 -0.574461 2.02269 5.9467 6.91174 -3.55106 -8.01791 -3.54632 -3.37481 2.15906 4.39703 15.4762 -10.5185 -5.90411 -3.29459 5.64325 1.66342
60.81 0.338424 11.8172 -13.578 -4.57098 -3.10881 1.81555 2.31257 7.62545 16.5296 -6.62104 -5.64676 -2.29494 1.58123 2.80083 11.1068 17.6677 -5.10094 -5.44001 -1.69959 1.93709 2.66103 13.3339 11.9335 -0.206757 -5.84068 -1.90338 -1.01232 2.31846 10.2652 6.50211 0.872499 -5.01585 -2.79412 -0.496085 2.02413 7.32653 6.28759 -2.04956 -7.89651 -3.53096 -3.39405 2.12104 4.05076 15.3879 -10.5265 -5.90813 -3.30829 5.63879 1.65654
60.86 0.270353 11.5081 -13.6672 -4.59929 -3.13224 1.6659 2.28303 7.23082 15.9509 -7.01076 -5.68107 -2.43054 1.52875 2.79565 10.2443 17.9996 -5.64041 -5.46976 -1.72905 2.07653 2.71586 13.5769 13.1935 -1.23968 -5.9084 -1.84553 -0.71588 2.37793 10.8232 7.27411 1.29843 -4.93906 -2.5964 -0.358614 2.03795 8.337 5.88639 -0.722134 -7.76923 -3.46204 -3.41078 2.0866 3.73371 15.3042 -10.5339 -5.91234 -3.32076 5.63418 1.64996
60.91 0.219156 11.1976 -13.698 -4.62527 -3.15225 1.50799 2.25372 6.89463 15.3356 -7.34958 -5.71487 -2.55506 1.45177 2.78131 9.45768 18.1097 -6.16572 -5.4985 -1.80154 2.17111 2.76415 13.6819 14.2959 -2.06576 -5.97396 -1.80061 -0.420876 2.43828 11.352 8.22611 1.34003 -4.88423 -2.41256 -0.171944 2.06412 8.97196 5.72725 0.346086 -7.64057 -3.34034 -3.42356 2.05803 3.49601 15.2257 -10.5406 -5.91633 -3.33187 5.62948 1.64352
60.96 0.180612 10.8849 -13.6666 -4.64859 -3.16939 1.34348 2.22481 6.60632 14.7218 -7.63812 -5.74825 -2.6661 1.35283 2.75947 8.81999 17.994 -6.65238 -5.52694 -1.91561 2.22763 2.80273 13.6032 15.2508 -2.73108 -6.03454 -1.76637 -0.142439 2.49857 11.8492 9.39218 0.84229 -4.86904 -2.25051 0.0532897 2.10157 9.45096 5.74155 1.17838 -7.51273 -3.18787 -3.43121 2.03731 3.3542 15.1528 -10.5464 -5.91999 -3.3416 5.62473 1.63715
61.01 0.151562 10.5664 -13.5657 -4.6686 -3.1841 1.17384 2.19642 6.35357 14.1359 -7.8804 -5.78141 -2.76359 1.23509 2.73174 8.31927 17.7072 -7.08295 -5.55533 -2.05343 2.25139 2.82944 13.3227 16.0758 -3.29075 -6.08955 -1.74112 0.100706 2.55811 12.3036 10.7494 -0.152666 -4.89904 -2.11332 0.307997 2.14846 9.91815 5.88521 1.81717 -7.38717 -3.01917 -3.43298 2.02585 3.30145 15.0858 -10.5509 -5.9233 -3.35001 5.61998 1.63088
61.06 0.129657 10.2352 -13.3841 -4.68424 -3.19672 1.0003 2.16865 6.12445 13.5913 -8.08124 -5.81454 -2.84856 1.10181 2.6995 7.91753 17.3096 -7.45196 -5.58357 -2.19676 2.24667 2.8438 12.8502 16.7843 -3.79019 -6.13943 -1.72396 0.297785 2.61632 12.6895 12.1115 -1.25839 -4.95185 -2.00061 0.584552 2.20267 10.416 6.13559 2.29721 -7.26534 -2.84287 -3.42837 2.02466 3.32624 15.0245 -10.5538 -5.92626 -3.3572 5.61528 1.62475
61.11 0.113168 9.88068 -13.1044 -4.69378 -3.20751 0.823965 2.14157 5.90791 13.0918 -8.24478 -5.84779 -2.92248 0.956026 2.66392 7.58374 16.8419 -7.76276 -5.61141 -2.33432 2.21694 2.84666 12.2115 17.3801 -4.26351 -6.1851 -1.71543 0.451246 2.67267 12.9607 13.3431 -2.2192 -5.00699 -1.91001 0.876068 2.26206 10.929 6.46832 2.64008 -7.14907 -2.66833 -3.41717 2.03434 3.41659 14.9686 -10.5551 -5.92888 -3.36326 5.61066 1.61885
61.16 0.100878 9.48747 -12.7005 -4.69467 -3.21665 0.645924 2.11524 5.69331 12.6353 -8.37382 -5.88118 -2.98686 0.800323 2.62594 7.29739 16.3276 -8.02294 -5.63857 -2.46077 2.16481 2.83951 11.4449 17.8497 -4.73422 -6.22748 -1.71897 0.568013 2.7265 13.0594 14.4182 -3.0169 -5.05748 -1.83847 1.17563 2.32474 11.4356 6.85985 2.85386 -7.04078 -2.50487 -3.39962 2.05478 3.55961 14.9181 -10.5544 -5.93117 -3.36829 5.60614 1.61319
61.21 0.0920775 9.03503 -12.1363 -4.68326 -3.22424 0.467336 2.08969 5.46948 12.2168 -8.46961 -5.9146 -3.04313 0.636865 2.58632 7.04527 15.7818 -8.24105 -5.66484 -2.57433 2.09215 2.82402 10.6146 18.1543 -5.21373 -6.26744 -1.74341 0.653401 2.77673 12.933 15.348 -3.70695 -5.10201 -1.78316 1.47573 2.38913 11.9209 7.29862 2.93278 -6.94365 -2.35878 -3.37642 2.0851 3.7437 14.8727 -10.5517 -5.93315 -3.37234 5.60175 1.60783
61.26 0.0868434 8.50052 -11.3715 -4.65513 -3.23027 0.289524 2.06498 5.22431 11.8297 -8.53181 -5.94772 -3.09253 0.46748 2.54565 6.81851 15.2194 -8.42492 -5.69014 -2.67499 2.00045 2.8018 9.81452 18.2332 -5.69871 -6.30574 -1.80227 0.709697 2.82143 12.5436 16.1476 -4.34672 -5.14102 -1.74221 1.76804 2.45393 12.3749 7.78968 2.8552 -6.86204 -2.23273 -3.34858 2.12387 3.96178 14.8326 -10.5471 -5.93483 -3.37544 5.59752 1.60277
61.31 0.0873555 7.87154 -10.3867 -4.60697 -3.23467 0.114038 2.04113 4.94614 11.4664 -8.55843 -5.98002 -3.13612 0.293779 2.50441 6.61063 14.6583 -8.58095 -5.7145 -2.76363 1.89127 2.77424 9.12494 18.0481 -6.1727 -6.34313 -1.90247 0.736597 2.85781 11.8877 16.8238 -4.97555 -5.17557 -1.71596 2.04323 2.51801 12.7895 8.35479 2.58121 -6.80185 -2.12667 -3.31725 2.16936 4.21358 14.7978 -10.5406 -5.93623 -3.37758 5.59345 1.59802
61.36 0.103138 7.16699 -9.22495 -4.53986 -3.23736 -0.0573138 2.01819 4.62932 11.1192 -8.54559 -6.01073 -3.17473 0.117272 2.46297 6.41649 14.116 -8.7138 -5.7381 -2.84143 1.76654 2.74254 8.56505 17.6269 -6.61511 -6.38022 -2.03419 0.732847 2.88329 11.0399 17.3635 -5.60409 -5.2069 -1.70982 2.29082 2.58018 13.1558 9.02643 2.06044 -6.77036 -2.03914 -3.28354 2.21983 4.50609 14.7688 -10.5324 -5.93737 -3.37864 5.58958 1.5936
61.41 0.16924 6.438 -7.98752 -4.46016 -3.23831 -0.222458 1.9962 4.2807 10.7797 -8.48707 -6.03881 -3.20894 -0.0605449 2.42165 6.23158 13.6043 -8.82644 -5.76119 -2.90967 1.62855 2.7077 8.11288 17.0429 -7.01101 -6.4174 -2.17954 0.698237 2.89666 10.1666 17.7233 -6.21232 -5.23621 -1.73671 2.4996 2.63857 13.4582 9.82232 1.27871 -6.77289 -1.96815 -3.24846 2.27371 4.8499 14.7468 -10.5229 -5.93826 -3.37836 5.58593 1.58951
61.46 0.395031 5.73635 -6.75223 -4.37535 -3.23766 -0.379038 1.97519 3.91898 10.4388 -8.37335 -6.06294 -3.23916 -0.238143 2.38073 6.05154 13.1285 -8.92019 -5.78401 -2.96957 1.47965 2.67052 7.74069 16.3762 -7.35468 -6.45496 -2.32417 0.634602 2.89821 9.42692 17.8622 -6.76795 -5.26454 -1.80777 2.66025 2.69033 13.6715 10.7038 0.332565 -6.8064 -1.9116 -3.21285 2.32969 5.24736 14.7339 -10.5122 -5.9389 -3.37617 5.58253 1.58578
61.51 1.04761 5.09168 -5.49782 -4.29046 -3.23558 -0.524364 1.95519 3.56685 10.0851 -8.19007 -6.08159 -3.26569 -0.413942 2.34053 5.87173 12.689 -8.99495 -5.80673 -3.02226 1.32197 2.63168 7.42665 15.6917 -7.64759 -6.49309 -2.45995 0.545478 2.8892 8.86063 17.8008 -7.24971 -5.29259 -1.91627 2.76983 2.73245 13.7714 11.5881 -0.608058 -6.86 -1.86741 -3.17741 2.3867 5.68073 14.7342 -10.5008 -5.93929 -3.37107 5.57943 1.58245
61.56 2.51827 4.51465 -4.11469 -4.20791 -3.2322 -0.655287 1.93622 3.24575 9.70411 -7.91547 -6.09279 -3.28879 -0.586322 2.30152 5.68664 12.2828 -9.04934 -5.82943 -3.06876 1.15734 2.59175 7.1552 15.0307 -7.89481 -6.53196 -2.58343 0.435134 2.87126 8.42471 17.6011 -7.65359 -5.32059 -2.04408 2.83241 2.76312 13.7453 12.4118 -1.4328 -6.92379 -1.83362 -3.1427 2.44389 6.11841 14.7534 -10.489 -5.9394 -3.36167 5.57673 1.57958
61.61 4.71612 4.01076 -2.60514 -4.12857 -3.22647 -0.767943 1.91832 2.97899 9.27651 -7.51683 -6.0931 -3.30869 -0.753651 2.26424 5.48922 11.9051 -9.08085 -5.85207 -3.10996 0.987231 2.55116 6.9153 14.4138 -8.10236 -6.57165 -2.69379 0.307796 2.84607 8.07121 17.3168 -7.98669 -5.34842 -2.17607 2.85555 2.78207 13.5913 13.1501 -2.12063 -6.99249 -1.8085 -3.10912 2.50052 6.53107 14.7985 -10.477 -5.93915 -3.34633 5.57456 1.57734
61.66 6.85912 3.62066 -1.16821 -4.05251 -3.20697 -0.857233 1.9017 2.8093 8.77882 -6.94744 -6.07709 -3.32555 -0.914313 2.22895 5.27037 11.5499 -9.08585 -5.87445 -3.14664 0.812895 2.51031 6.69885 13.8483 -8.27567 -6.61215 -2.79155 0.16728 2.81513 7.7697 16.9809 -8.26034 -5.37579 -2.30346 2.84697 2.79009 13.3139 13.799 -2.6949 -7.0638 -1.79074 -3.077 2.55604 6.89994 14.8757 -10.4653 -5.93848 -3.32368 5.57308 1.57594
61.71 8.39894 3.5017 0.08175 -3.97932 -3.13081 -0.915678 1.88787 2.85448 8.19064 -6.14837 -6.03964 -3.33939 -1.06671 2.19554 5.01956 11.2104 -9.05946 -5.89629 -3.17947 0.635449 2.46954 6.49964 13.3341 -8.41882 -6.65326 -2.87782 0.0169081 2.77975 7.50327 16.6113 -8.48614 -5.40235 -2.42197 2.8131 2.78848 12.9215 14.3613 -3.18942 -7.1367 -1.77959 -3.04657 2.60997 7.2169 14.989 -10.454 -5.93731 -3.29312 5.57252 1.57564
61.76 9.26877 3.74053 1.13587 -3.90826 -2.97924 -0.932533 1.88055 3.38205 7.51402 -5.05781 -5.97906 -3.35004 -1.20925 2.16373 4.72865 10.879 -8.99504 -5.91732 -3.20896 0.456008 2.42923 6.31245 12.8673 -8.53436 -6.69466 -2.95386 -0.140442 2.74101 7.26257 16.2177 -8.67427 -5.42778 -2.5299 2.75882 2.77868 12.4253 14.8399 -3.63539 -7.2107 -1.77511 -3.01804 2.66188 7.48147 15.1387 -10.4433 -5.93559 -3.25503 5.57307 1.57675
61.81 9.7245 4.22792 2.01284 -3.83883 -2.7972 -0.895964 1.88316 4.64911 6.79152 -3.65747 -5.89952 -3.35647 -1.34028 2.13332 4.39951 10.5473 -8.88348 -5.93714 -3.23549 0.275781 2.38985 6.13259 12.4421 -8.62334 -6.73583 -3.02095 -0.302263 2.6998 7.04203 15.8048 -8.83305 -5.45183 -2.62695 2.68757 2.76211 11.8375 15.2335 -4.05842 -7.28548 -1.77876 -2.99163 2.71133 7.69682 15.321 -10.4333 -5.93328 -3.21082 5.57493 1.57951
61.86 9.96899 4.88416 2.73055 -3.77116 -2.62057 -0.798575 1.89685 6.24807 6.10272 -2.14184 -5.80889 -3.35254 -1.45792 2.10437 4.05031 10.2055 -8.71185 -5.95401 -3.25925 0.0961418 2.35183 5.95539 12.0517 -8.6854 -6.77613 -3.08029 -0.466355 2.65682 6.83786 15.3752 -8.9689 -5.47435 -2.71351 2.60156 2.74006 11.1762 15.5317 -4.47829 -7.3608 -1.79449 -2.96768 2.75766 7.86603 15.5295 -10.4241 -5.93036 -3.16255 5.57823 1.58415
61.91 10.104 5.63555 3.29459 -3.70623 -2.46368 -0.644028 1.92111 7.49099 5.55873 -0.791696 -5.714 -3.31936 -1.55962 2.07755 3.71815 9.84088 -8.46141 -5.96472 -3.28033 -0.0813385 2.31523 5.77572 11.6888 -8.71886 -6.81475 -3.13292 -0.63078 2.61267 6.64701 14.9314 -9.08659 -5.49527 -2.79033 2.5021 2.71366 10.4732 15.7096 -4.90798 -7.43649 -1.83006 -2.94681 2.79985 7.98873 15.7551 -10.4156 -5.92684 -3.11283 5.58302 1.59075
61.96 10.1799 6.41404 3.68891 -3.64645 -2.33028 -0.443208 1.9546 8.26703 5.2343 0.303489 -5.61869 -3.24167 -1.64167 2.0545 3.45459 9.43693 -8.10478 -5.96563 -3.29873 -0.254893 2.27993 5.58742 11.3459 -8.72063 -6.85076 -3.17976 -0.793838 2.56785 6.46668 14.4781 -9.18937 -5.51462 -2.8583 2.38989 2.68387 9.77855 15.731 -5.35117 -7.51238 -1.89578 -2.93006 2.83617 8.05922 15.9863 -10.408 -5.9228 -3.0647 5.58928 1.59932
62.01 10.2229 7.199 3.86593 -3.59653 -2.21961 -0.207152 1.99559 8.75353 5.10278 1.16558 -5.52459 -3.1291 -1.69932 2.03716 3.30506 8.97225 -7.60338 -5.95241 -3.31444 -0.422575 2.24578 5.3827 11.0152 -8.6859 -6.88309 -3.22161 -0.954052 2.52278 6.29399 14.0231 -9.27918 -5.53253 -2.91838 2.26544 2.6515 9.14223 15.5753 -5.8 -7.5883 -1.99727 -2.91884 2.86426 8.06945 16.2088 -10.4013 -5.9184 -3.0217 5.59684 1.60966
62.06 10.2475 8.02261 3.73587 -3.56454 -2.12929 0.0553594 2.04234 9.11206 5.11165 1.83952 -5.43243 -2.9983 -1.72694 2.02699 3.31498 8.42456 -6.90924 -5.92029 -3.32741 -0.582273 2.21276 5.1522 10.6881 -8.60751 -6.91053 -3.25912 -1.11015 2.47782 6.1258 13.576 -9.35673 -5.54922 -2.97146 2.12953 2.61722 8.58943 15.2637 -6.23743 -7.66394 -2.12837 -2.91443 2.88192 8.01703 16.4069 -10.3958 -5.91387 -2.98738 5.60542 1.62144
62.11 10.2612 8.95241 3.17183 -3.5621 -2.05659 0.337716 2.09327 9.43705 5.23789 2.36616 -5.3427 -2.85944 -1.71797 2.02484 3.59129 7.7853 -5.97571 -5.86613 -3.33747 -0.731685 2.18092 4.88762 10.3548 -8.47482 -6.9317 -3.29283 -1.26105 2.43332 5.95849 13.1445 -9.42166 -5.56495 -3.01842 1.98334 2.58156 8.12056 14.8493 -6.64475 -7.73884 -2.2748 -2.91737 2.88798 7.91018 16.5677 -10.3918 -5.90946 -2.96434 5.6146 1.63411
62.16 10.268 10.03 2.11318 -3.59744 -1.999 0.634656 2.14696 9.78313 5.49694 2.77531 -5.256 -2.7167 -1.66497 2.03124 4.38419 7.08122 -4.76593 -5.7917 -3.34399 -0.868234 2.15033 4.58864 10.0033 -8.27184 -6.94514 -3.32309 -1.4058 2.38964 5.78769 12.7336 -9.47258 -5.58 -3.06005 1.82845 2.54498 7.7252 14.3862 -7.00867 -7.81236 -2.4229 -2.9273 2.88263 7.76396 16.6836 -10.3895 -5.9054 -2.95346 5.6239 1.64701
62.21 10.2672 11.1768 0.748697 -3.66145 -1.95438 0.941266 2.20221 10.1711 5.93768 3.08077 -5.17348 -2.57207 -1.56032 2.04656 5.83733 6.3797 -3.30752 -5.70382 -3.34337 -0.988855 2.12116 4.27198 9.61864 -7.9745 -6.94874 -3.35007 -1.54357 2.34724 5.6079 12.3449 -9.50722 -5.59456 -3.09706 1.66653 2.50782 7.39022 13.9134 -7.32336 -7.8838 -2.56378 -2.94325 2.86701 7.59385 16.7536 -10.3891 -5.90188 -2.95396 5.63287 1.6595
62.26 10.2466 12.2612 -0.629489 -3.73536 -1.92101 1.25191 2.258 10.5871 6.58569 3.26882 -5.09789 -2.42893 -1.40131 2.07096 7.3566 5.79636 -1.84028 -5.60993 -3.31799 -1.08947 2.09398 3.98058 9.18106 -7.54736 -6.93837 -3.37379 -1.67362 2.30644 5.41197 11.9775 -9.52248 -5.60874 -3.13011 1.49918 2.4704 7.10295 13.4537 -7.58866 -7.95247 -2.69311 -2.964 2.84272 7.4121 16.7812 -10.3906 -5.89899 -2.96392 5.6411 1.671
62.31 10.1649 13.2163 -1.88635 -3.80835 -1.89872 1.55886 2.31344 11.0058 7.40645 3.27677 -5.03559 -2.29265 -1.19495 2.10424 8.39157 5.46962 -0.589935 -5.51495 -3.23825 -1.16407 2.07053 3.80097 8.66757 -6.94181 -6.90868 -3.39414 -1.79522 2.26722 5.19069 11.6283 -9.51438 -5.62256 -3.15976 1.32778 2.43297 6.85232 13.0183 -7.80719 -8.01768 -2.80951 -2.98834 2.81141 7.22709 16.7726 -10.3938 -5.89677 -2.98102 5.64833 1.6811
62.36 9.92169 14.0147 -3.02967 -3.87723 -1.89174 1.85041 2.36757 11.406 8.38942 2.9679 -4.99923 -2.16839 -0.95247 2.14561 9.02999 5.40854 0.403383 -5.4212 -3.10753 -1.20448 2.05349 3.87639 8.06128 -6.10097 -6.85533 -3.41083 -1.9076 2.22942 4.93384 11.2928 -9.47795 -5.63596 -3.18649 1.15356 2.39582 6.62914 12.6109 -7.98232 -8.07877 -2.9132 -3.01521 2.77459 7.044 16.735 -10.3987 -5.89519 -3.003 5.65437 1.68954
62.41 9.34334 14.6074 -4.14619 -3.9419 -1.915 2.10878 2.4188 11.7651 9.58204 2.17499 -5.00567 -2.05958 -0.683942 2.19381 9.51442 5.55926 1.17258 -5.32971 -2.94967 -1.20135 2.04505 4.44738 7.37314 -4.97089 -6.77799 -3.42321 -2.00997 2.19301 4.63491 10.9652 -9.40687 -5.64896 -3.21067 0.977593 2.35927 6.42591 12.2308 -8.11692 -8.13512 -3.00512 -3.04373 2.73358 6.86565 16.6751 -10.4049 -5.8942 -3.02793 5.65917 1.6962
62.46 8.27101 14.8835 -5.35243 -4.00331 -2.00039 2.31349 2.46384 12.0449 10.9394 0.985323 -5.0552 -1.96788 -0.397054 2.24719 9.98794 5.92596 1.75298 -5.24158 -2.7795 -1.14494 2.04659 5.72312 6.65973 -3.54957 -6.68219 -3.42823 -2.10132 2.15813 4.29942 10.6386 -9.29278 -5.66147 -3.23251 0.800977 2.32374 6.23632 11.8748 -8.21274 -8.1861 -3.08646 -3.07318 2.68945 6.69322 16.5988 -10.4123 -5.89373 -3.05429 5.66273 1.70104
62.51 6.81746 14.8033 -6.66244 -4.0626 -2.15828 2.45423 2.49737 12.19 12.2708 -0.21456 -5.12315 -1.89338 -0.097901 2.30401 10.4867 6.52794 2.15398 -5.15926 -2.6058 -1.02948 2.0589 7.22692 6.03346 -2.05074 -6.57625 -3.41055 -2.18027 2.12524 3.95259 10.3044 -9.12421 -5.672 -3.25212 0.624878 2.28957 6.0548 11.5382 -8.27014 -8.23106 -3.15846 -3.10302 2.6431 6.52671 16.511 -10.4206 -5.89367 -3.08097 5.66509 1.70414
62.56 5.34817 14.5605 -7.92971 -4.12027 -2.33439 2.53594 2.51627 12.1792 13.46 -1.21363 -5.19147 -1.8351 0.207207 2.3627 10.9941 7.32855 2.33419 -5.08871 -2.43763 -0.859595 2.08219 8.30943 5.64124 -0.740965 -6.46673 -3.34 -2.24435 2.09587 3.64529 9.95187 -8.88496 -5.67777 -3.26949 0.450651 2.25678 5.876 11.2153 -8.28778 -8.26929 -3.22225 -3.13282 2.59526 6.36525 16.4155 -10.4296 -5.89395 -3.1072 5.66636 1.70559
62.61 4.10247 14.3028 -9.0459 -4.17608 -2.48943 2.57058 2.52192 12.0363 14.4888 -2.00723 -5.25438 -1.79152 0.508864 2.422 11.4894 8.30302 2.1736 -5.04227 -2.28333 -0.64614 2.1159 8.97898 5.5057 0.308324 -6.35718 -3.21506 -2.28995 2.07256 3.43241 9.56634 -8.55162 -5.67569 -3.2846 0.279911 2.22517 5.69418 10.8995 -8.26219 -8.29999 -3.27885 -3.16224 2.54656 6.20719 16.3153 -10.439 -5.89447 -3.13249 5.66662 1.70552
62.66 3.12138 14.0596 -9.9931 -4.22963 -2.6178 2.56954 2.51726 11.7858 15.3679 -2.64735 -5.31061 -1.76139 0.79133 2.48091 11.9575 9.49168 1.50498 -5.03777 -2.14818 -0.399779 2.15878 9.47555 5.55234 1.12502 -6.24925 -3.05913 -2.31287 2.05753 3.33944 9.12859 -8.09121 -5.66196 -3.2974 0.1146 2.19466 5.50282 10.5829 -8.18704 -8.32216 -3.32916 -3.19106 2.49751 6.0502 16.2128 -10.4487 -5.89515 -3.15653 5.666 1.70408
62.71 2.36946 13.8266 -10.7866 -4.28055 -2.72308 2.54141 2.50493 11.4429 16.1094 -3.18662 -5.36064 -1.74436 1.03475 2.53852 12.384 10.8597 0.392376 -5.0784 -2.0342 -0.128991 2.20909 9.95373 5.73371 1.75219 -6.1441 -2.8882 -2.30837 2.05226 3.38151 8.61662 -7.46185 -5.63203 -3.30787 -0.042942 2.16526 5.29469 10.2561 -8.05183 -8.33451 -3.37392 -3.21909 2.44855 5.89114 16.1096 -10.4586 -5.89592 -3.17919 5.66461 1.7014
62.76 1.79927 13.5944 -11.4473 -4.32862 -2.80964 2.49208 2.48697 11.0192 16.7176 -3.6672 -5.40572 -1.74171 1.2283 2.59393 12.7468 12.2158 -0.771663 -5.14015 -1.94085 0.15971 2.26499 10.4575 6.03025 2.22356 -6.04303 -2.71167 -2.27083 2.05773 3.61138 8.0161 -6.62275 -5.582 -3.31585 -0.189868 2.13703 5.06429 9.90689 -7.83974 -8.33536 -3.41373 -3.24621 2.40006 5.72581 16.0067 -10.4685 -5.89671 -3.20043 5.66254 1.69761
62.81 1.3689 13.3554 -11.9952 -4.37373 -2.88116 2.42536 2.46494 10.5275 17.1847 -4.12105 -5.44723 -1.7569 1.3748 2.64608 13.0092 13.4359 -1.75432 -5.20321 -1.86599 0.46088 2.3247 10.9725 6.43398 2.55699 -5.94791 -2.53906 -2.19408 2.07437 4.19065 7.34115 -5.5465 -5.5117 -3.3209 -0.32263 2.11005 4.81566 9.51938 -7.52447 -8.32248 -3.44901 -3.27231 2.35239 5.54857 15.9051 -10.4782 -5.89749 -3.2203 5.65991 1.69284
62.86 1.04482 13.1041 -12.4468 -4.41587 -2.94059 2.34347 2.44001 9.98525 17.4889 -4.57132 -5.48628 -1.79575 1.48147 2.6936 13.1242 14.4999 -2.54625 -5.26078 -1.80702 0.768982 2.38665 11.4789 6.96729 2.74637 -5.86199 -2.37925 -2.07203 2.10182 5.39538 6.64726 -4.21648 -5.42633 -3.32095 -0.436639 2.08444 4.57768 9.07314 -7.06606 -8.29304 -3.47996 -3.29732 2.30596 5.35184 15.8051 -10.4878 -5.89826 -3.23889 5.65679 1.6872
62.91 0.801092 12.8376 -12.8157 -4.45512 -2.99022 2.24757 2.41306 9.41678 17.6014 -5.0317 -5.52368 -1.8645 1.55425 2.73464 13.0477 15.4208 -3.20224 -5.31123 -1.76152 1.07677 2.44958 11.9629 7.69364 2.7359 -5.7921 -2.23783 -1.90007 2.13898 7.07654 6.04103 -2.73338 -5.33333 -3.30313 -0.525674 2.06053 4.4321 8.54568 -6.40822 -8.2431 -3.50654 -3.32121 2.26124 5.12597 15.7071 -10.4971 -5.89911 -3.25629 5.65326 1.68082
62.96 0.617934 12.556 -13.1125 -4.49162 -3.03186 2.13819 2.38479 8.8507 17.5057 -5.50358 -5.56003 -1.96515 1.59667 2.76709 12.7497 16.2151 -3.77837 -5.35474 -1.72773 1.37266 2.51242 12.415 8.67127 2.37925 -5.75252 -2.11698 -1.6811 2.18423 8.46296 5.72108 -1.36688 -5.23849 -3.22674 -0.580765 2.03986 4.57941 7.9249 -5.48145 -8.16855 -3.52828 -3.34391 2.2184 4.86089 15.6113 -10.5061 -5.90033 -3.27261 5.64939 1.67389
63.01 0.480347 12.2618 -13.3449 -4.52558 -3.06696 2.01581 2.35571 8.31431 17.2155 -5.97488 -5.59567 -2.09133 1.6105 2.78908 12.222 16.8938 -4.31872 -5.39237 -1.70526 1.63846 2.57429 12.8273 9.9167 1.51983 -5.7606 -2.01655 -1.42591 2.23573 9.34666 5.79863 -0.26028 -5.14506 -3.07625 -0.589571 2.0259 5.35442 7.23399 -4.22678 -8.06987 -3.54339 -3.36537 2.17737 4.55206 15.5181 -10.5147 -5.90258 -3.2879 5.64524 1.6667
63.06 0.376999 11.9588 -13.5176 -4.55717 -3.09666 1.88131 2.32622 7.82877 16.772 -6.4255 -5.63075 -2.23026 1.59668 2.79972 11.4917 17.4548 -4.85281 -5.42567 -1.69673 1.8555 2.63429 13.1894 11.3057 0.33467 -5.81081 -1.93513 -1.14646 2.29165 9.995 6.21623 0.576351 -5.0552 -2.88631 -0.539996 2.02198 6.71081 6.5556 -2.73355 -7.95363 -3.54312 -3.38541 2.13825 4.21036 15.4281 -10.5228 -5.9062 -3.30212 5.64087 1.65966
63.11 0.299348 11.6509 -13.6332 -4.58651 -3.1219 1.73605 2.29664 7.4051 16.225 -6.83717 -5.66531 -2.3691 1.55612 2.79928 10.6407 17.8712 -5.39196 -5.45622 -1.71081 2.01827 2.6912 13.4788 12.6316 -0.790065 -5.87711 -1.87045 -0.853139 2.35033 10.5698 6.89498 1.14179 -4.97263 -2.68657 -0.428801 2.03001 7.92935 6.03844 -1.30313 -7.8283 -3.50144 -3.40347 2.1019 3.87252 15.3422 -10.5305 -5.91041 -3.31517 5.63632 1.65296
63.16 0.24097 11.341 -13.6913 -4.61359 -3.14341 1.58173 2.2672 7.04302 15.6213 -7.19972 -5.69934 -2.49923 1.49017 2.78896 9.80396 18.0886 -5.92679 -5.48532 -1.76233 2.13259 2.7429 13.6539 13.8068 -1.70819 -5.94425 -1.81987 -0.555931 2.4104 11.1117 7.76377 1.37841 -4.90572 -2.49499 -0.263446 2.05056 8.71116 5.77495 -0.114842 -7.69991 -3.4016 -3.41825 2.07034 3.5939 15.2612 -10.5376 -5.91453 -3.32692 5.63165 1.64648
63.21 0.19704 11.0296 -13.6892 -4.6382 -3.16182 1.42008 2.23809 6.73412 15.0027 -7.51107 -5.73289 -2.61661 1.401 2.77037 9.09505 18.0726 -6.43412 -5.51384 -1.85878 2.20592 2.78632 13.6643 14.8276 -2.44053 -6.00729 -1.78096 -0.267601 2.47081 11.6243 8.82497 1.146 -4.87008 -2.32225 -0.0547632 2.083 9.23773 5.71708 0.821085 -7.57149 -3.26084 -3.42838 2.04579 3.40788 15.1857 -10.5438 -5.91834 -3.33728 5.62692 1.64008
63.26 0.163947 10.7144 -13.6215 -4.65984 -3.17759 1.25264 2.20944 6.46651 14.4015 -7.77409 -5.76613 -2.72026 1.29152 2.74517 8.53562 17.8565 -6.89195 -5.54224 -1.98822 2.24421 2.81867 13.477 15.7104 -3.04258 -6.06486 -1.75173 -0.00601182 2.53078 12.1005 10.1097 0.346696 -4.8806 -2.17347 0.187372 2.12579 9.69931 5.80444 1.54409 -7.44471 -3.09841 -3.43293 2.02991 3.31544 15.116 -10.549 -5.92182 -3.34629 5.62217 1.63376
63.31 0.138995 10.3901 -13.4789 -4.67766 -3.19114 1.08075 2.18138 6.22791 13.8369 -7.99347 -5.79925 -2.81084 1.16501 2.71485 8.09277 17.5037 -7.28935 -5.57057 -2.13085 2.25214 2.83868 13.0906 16.4715 -3.5649 -6.11701 -1.73088 0.212678 2.58967 12.5225 11.4947 -0.758501 -4.92636 -2.04967 0.454732 2.1769 10.183 6.00828 2.09384 -7.32096 -2.92457 -3.43131 2.02388 3.30591 15.0521 -10.5527 -5.92494 -3.35403 5.61744 1.62756
63.36 0.120188 10.048 -13.247 -4.69028 -3.20274 0.90557 2.15397 6.0069 13.3166 -8.17377 -5.83244 -2.88966 1.02464 2.68068 7.73076 17.0646 -7.62621 -5.59864 -2.27204 2.23358 2.84668 12.5247 17.1197 -4.0467 -6.1645 -1.71817 0.385445 2.64695 12.8535 12.7945 -1.79844 -4.98193 -1.94924 0.74019 2.23415 10.6921 6.30631 2.49816 -7.20187 -2.74797 -3.42315 2.02851 3.36758 14.9937 -10.5547 -5.92772 -3.3606 5.61278 1.62154
63.41 0.106083 9.67483 -12.9043 -4.69555 -3.21263 0.728181 2.12729 5.79274 12.8407 -8.31848 -5.86577 -2.95826 0.873221 2.6437 7.42453 16.5696 -7.90869 -5.62614 -2.404 2.1915 2.84394 11.8111 17.6506 -4.5164 -6.20829 -1.71543 0.518312 2.70204 13.0389 13.9414 -2.66616 -5.03492 -1.86929 1.03693 2.29553 11.2038 6.67307 2.77133 -7.08956 -2.57839 -3.40847 2.04405 3.48791 14.9407 -10.555 -5.93016 -3.36609 5.60821 1.61577
63.46 0.0957235 9.25255 -12.4191 -4.69032 -3.22093 0.549692 2.10138 5.57461 12.4055 -8.42955 -5.8992 -3.0181 0.713095 2.60476 7.15794 16.0366 -8.14515 -5.65284 -2.52358 2.12811 2.8321 11 18.038 -4.99133 -6.24926 -1.72872 0.6177 2.75411 13.0221 14.9362 -3.39813 -5.08221 -1.80681 1.33776 2.35931 11.7004 7.09046 2.91411 -6.98682 -2.42376 -3.38776 2.06997 3.65428 14.893 -10.5532 -5.93228 -3.37059 5.60376 1.61027
63.51 0.0887545 8.75852 -11.7514 -4.67045 -3.22768 0.371344 2.07627 5.34084 12.0048 -8.50738 -5.93251 -3.07052 0.546233 2.56451 6.9204 15.4798 -8.34393 -5.67859 -2.63012 2.04502 2.81279 10.1735 18.2286 -5.47517 -6.28823 -1.77005 0.68732 2.80167 12.7573 15.7942 -4.05483 -5.12366 -1.75937 1.63476 2.42406 12.1699 7.55568 2.91253 -6.89742 -2.28833 -3.36192 2.10505 3.85717 14.8505 -10.5495 -5.93409 -3.37413 5.59945 1.60506
63.56 0.0860862 8.17311 -10.8673 -4.63174 -3.23285 0.194577 2.05202 5.07913 11.6315 -8.55077 -5.96527 -3.11668 0.374331 2.52348 6.70451 14.9157 -8.51211 -5.70337 -2.72417 1.94368 2.78753 9.42656 18.1661 -5.95681 -6.32596 -1.85138 0.727926 2.84225 12.221 16.5274 -4.68543 -5.16012 -1.72606 1.91907 2.48861 12.6036 8.08297 2.73522 -6.8265 -2.17317 -3.33206 2.14765 4.09297 14.8132 -10.5438 -5.93562 -3.37672 5.5953 1.60017
63.61 0.092699 7.49853 -9.77692 -4.57285 -3.23633 0.0210771 2.02865 4.78015 11.2778 -8.55675 -5.99682 -3.1575 0.198934 2.48209 6.50462 14.3628 -8.65518 -5.72729 -2.80681 1.82586 2.75761 8.80814 17.8464 -6.41615 -6.36312 -1.97065 0.738441 2.87301 11.4457 17.1337 -5.31491 -5.19277 -1.70949 2.18077 2.55184 12.9936 8.70143 2.33401 -6.78086 -2.07733 -3.29932 2.19604 4.36543 14.7814 -10.5364 -5.93688 -3.3783 5.59134 1.5956
63.66 0.12814 6.77355 -8.56098 -4.49797 -3.23808 -0.147206 2.00622 4.44444 10.9358 -8.52026 -6.02626 -3.19368 0.0215337 2.44068 6.31599 13.836 -8.77688 -5.75059 -2.87931 1.69369 2.7241 8.30991 17.3272 -6.83476 -6.40022 -2.11188 0.717966 2.89201 10.5603 17.5833 -5.93642 -5.22287 -1.71921 2.40882 2.61227 13.3281 9.44063 1.66862 -6.76743 -1.99898 -3.26475 2.24852 4.68442 14.756 -10.5274 -5.93788 -3.37869 5.58759 1.59135
63.71 0.258734 6.05411 -7.32028 -4.41471 -3.23815 -0.308048 1.98475 4.08599 10.5968 -8.43344 -6.0524 -3.2257 -0.156359 2.39953 6.13425 13.3434 -8.87927 -5.77351 -2.94291 1.54954 2.68791 7.90396 16.6893 -7.20269 -6.43758 -2.25821 0.667361 2.8989 9.74587 17.826 -6.52 -5.25154 -1.76947 2.59251 2.66749 13.586 10.2917 0.778514 -6.78771 -1.93602 -3.22929 2.30368 5.058 14.7385 -10.5172 -5.93863 -3.37747 5.58406 1.58746
63.76 0.668314 5.38095 -6.08484 -4.32942 -3.2367 -0.458923 1.96429 3.72666 10.2506 -8.28442 -6.07378 -3.2539 -0.333187 2.35895 5.95495 12.8873 -8.96289 -5.79626 -2.99879 1.39566 2.64976 7.56538 16.0064 -7.51852 -6.47542 -2.39873 0.589484 2.89457 9.10228 17.8503 -7.0373 -5.27966 -1.86269 2.72551 2.71438 13.7405 11.185 -0.184373 -6.83352 -1.88639 -3.1937 2.36034 5.47828 14.7321 -10.5062 -5.93914 -3.37387 5.58082 1.58393
63.81 1.72124 4.77213 -4.77483 -4.24561 -3.23392 -0.596918 1.94484 3.38865 9.88434 -8.05525 -6.08871 -3.27854 -0.507346 2.31933 5.77307 12.4662 -9.02692 -5.81897 -3.04803 1.23403 2.61027 7.2759 15.331 -7.78607 -6.51393 -2.5281 0.488387 2.88053 8.613 17.7065 -7.4767 -5.30768 -1.98385 2.80894 2.75044 13.7733 12.0417 -1.06975 -6.89353 -1.84803 -3.15859 2.41754 5.91808 14.7418 -10.4945 -5.93939 -3.36664 5.57792 1.58084
63.86 3.65826 4.23326 -3.30541 -4.16474 -3.22964 -0.718541 1.92644 3.09339 9.48095 -7.71874 -6.09463 -3.29989 -0.677207 2.28119 5.58233 12.0761 -9.06936 -5.84165 -3.09157 1.06628 2.56993 7.02259 14.6922 -8.01119 -6.55324 -2.64451 0.368383 2.85849 8.22634 17.4559 -7.84117 -5.33562 -2.11536 2.84927 2.77475 13.6781 12.8207 -1.81942 -6.96038 -1.8191 -3.12445 2.47451 6.34532 14.774 -10.4825 -5.93931 -3.35424 5.57548 1.57829
63.91 5.92322 3.77953 -1.81092 -4.0872 -3.21959 -0.819356 1.90916 2.87081 9.01861 -7.23482 -6.08687 -3.31814 -0.841144 2.24498 5.37463 11.7113 -9.08712 -5.86417 -3.13024 0.893754 2.52916 6.79619 14.1026 -8.1997 -6.59338 -2.74797 0.233502 2.83002 7.90362 17.1408 -8.14076 -5.36325 -2.24562 2.85442 2.78767 13.4567 13.5107 -2.44201 -7.03066 -1.79808 -3.09162 2.53061 6.73599 14.8357 -10.4707 -5.93884 -3.3351 5.57366 1.57646
63.96 7.78019 3.5105 -0.469736 -4.01276 -3.17625 -0.893172 1.8937 2.79369 8.47386 -6.54947 -6.05981 -3.33339 -0.997551 2.21074 5.13987 11.3655 -9.07591 -5.8863 -3.16477 0.717606 2.48831 6.58973 13.5651 -8.35634 -6.63424 -2.83938 0.0872934 2.79655 7.62251 16.7852 -8.38725 -5.39022 -2.36856 2.83151 2.79033 13.1161 14.1125 -2.96914 -7.10292 -1.78393 -3.06038 2.58532 7.07733 14.9322 -10.4591 -5.93792 -3.3082 5.57265 1.57562
64.01 8.9361 3.59205 0.672994 -3.94081 -3.0561 -0.9307 1.88285 3.05628 7.83535 -5.6006 -6.00975 -3.34556 -1.14484 2.17822 4.86802 11.0313 -9.02998 -5.90774 -3.19575 0.538943 2.44774 6.39759 13.0771 -8.4844 -6.67556 -2.91997 -0.0671699 2.75924 7.3708 16.4019 -8.59161 -5.4162 -2.48148 2.78614 2.78412 12.6663 14.6295 -3.43396 -7.17646 -1.7763 -3.03095 2.63822 7.36579 15.0653 -10.4481 -5.93646 -3.27346 5.57266 1.57604
64.06 9.54983 3.97847 1.62906 -3.87066 -2.88202 -0.920145 1.8806 3.97633 7.12615 -4.33632 -5.93808 -3.3542 -1.28139 2.14718 4.55532 10.7009 -8.94151 -5.92821 -3.22361 0.358919 2.40787 6.21492 12.6335 -8.58559 -6.71691 -2.99104 -0.22722 2.71907 7.14151 15.9975 -8.76301 -5.44092 -2.58353 2.72237 2.77051 12.119 15.063 -3.86476 -7.25091 -1.77589 -3.00352 2.68886 7.60337 15.2332 -10.4378 -5.93442 -3.23185 5.5739 1.57802
64.11 9.87432 4.5647 2.41857 -3.80211 -2.7001 -0.851088 1.88916 5.52455 6.40969 -2.83373 -5.85156 -3.35653 -1.40546 2.11752 4.21197 10.3651 -8.7995 -5.94679 -3.24863 0.178826 2.36918 6.03709 12.2279 -8.6602 -6.7577 -3.05382 -0.390521 2.67682 6.9302 15.5753 -8.90875 -5.46416 -2.67485 2.64296 2.75083 11.4888 15.4073 -4.28403 -7.32601 -1.78534 -2.97839 2.73673 7.79363 15.4306 -10.4283 -5.93178 -3.18516 5.57652 1.58177
64.16 10.0513 5.28231 3.05395 -3.73572 -2.5332 -0.721776 1.90868 6.98125 5.78447 -1.38391 -5.75798 -3.33982 -1.5149 2.08957 3.86607 10.0128 -8.58821 -5.96077 -3.27094 0.000141753 2.33194 5.85925 11.8532 -8.70715 -6.7972 -3.10942 -0.555017 2.63315 6.73355 15.1377 -9.03433 -5.48583 -2.75605 2.54959 2.72631 10.7998 15.6447 -4.70809 -7.40155 -1.81054 -2.956 2.781 7.93816 15.6496 -10.4194 -5.92853 -3.13576 5.58062 1.58746
64.21 10.1502 6.05425 3.5303 -3.67315 -2.38888 -0.540832 1.93812 7.9574 5.35655 -0.170224 -5.66256 -3.28289 -1.60655 2.06453 3.56439 9.62939 -8.28464 -5.96669 -3.29057 -0.175455 2.29606 5.6758 11.5021 -8.72401 -6.83454 -3.15882 -0.718902 2.58858 6.54872 14.6879 -9.14367 -5.50589 -2.82799 2.44319 2.69797 10.0944 15.7427 -5.14531 -7.47736 -1.86114 -2.93719 2.82029 8.03374 15.8799 -10.4114 -5.92472 -3.08648 5.58622 1.59513
64.26 10.2061 6.83522 3.81591 -3.61791 -2.26796 -0.319786 1.97586 8.55303 5.14326 0.794119 -5.56778 -3.18418 -1.6761 2.04434 3.35743 9.19561 -7.85555 -5.96057 -3.30753 -0.346098 2.26139 5.47973 11.1668 -8.70684 -6.86871 -3.20288 -0.880598 2.54357 6.37288 14.2326 -9.2393 -5.52444 -2.89159 2.32432 2.6667 9.42613 15.6688 -5.59323 -7.5533 -1.94612 -2.92323 2.85248 8.0726 16.1082 -10.4042 -5.92047 -3.04066 5.5932 1.60469
64.31 10.2379 7.6341 3.84164 -3.57639 -2.1686 -0.0685384 2.02017 8.95536 5.09244 1.54925 -5.47466 -3.06007 -1.71833 2.03073 3.2863 8.68861 -7.25651 -5.93773 -3.32178 -0.509751 2.22785 5.26232 10.8391 -8.64967 -6.89857 -3.24232 -1.03874 2.49852 6.20303 13.7807 -9.32249 -5.54165 -2.94779 2.19358 2.63323 8.83359 15.4237 -6.03835 -7.62911 -2.06506 -2.91556 2.87518 8.0487 16.3195 -10.3981 -5.91596 -3.00193 5.60136 1.61586
64.36 10.2559 8.50583 3.4938 -3.55878 -2.0881 0.205378 2.06936 9.28716 5.16505 2.13937 -5.38375 -2.92412 -1.72711 2.0248 3.4186 8.09082 -6.43859 -5.89388 -3.33322 -0.664207 2.19545 5.0142 10.51 -8.54364 -6.9228 -3.27773 -1.19216 2.45377 6.0358 13.3412 -9.39335 -5.55779 -2.99747 2.05195 2.59815 8.32693 15.0495 -6.46166 -7.70442 -2.20632 -2.9151 2.88664 7.96534 16.4988 -10.3934 -5.91146 -2.97346 5.61032 1.6282
64.41 10.2657 9.51644 2.65747 -3.57653 -2.02383 0.496199 2.12194 9.61865 5.35832 2.59986 -5.29556 -2.78289 -1.69539 2.0272 3.93373 7.41056 -5.35992 -5.82819 -3.34152 -0.807034 2.16427 4.73023 10.1685 -8.3755 -6.94 -3.30955 -1.33985 2.40966 5.86721 12.9204 -9.45096 -5.57313 -3.04146 1.90087 2.56194 7.89924 14.603 -6.84675 -7.77866 -2.35507 -2.9219 2.88646 7.83526 16.6359 -10.3903 -5.90721 -2.95698 5.61962 1.64108
64.46 10.2689 10.6486 1.39523 -3.62963 -1.97347 0.79898 2.1766 9.98725 5.70856 2.9528 -5.2109 -2.63886 -1.6154 2.03837 5.10568 6.69708 -4.00068 -5.74551 -3.34513 -0.935428 2.13442 4.41826 9.80134 -8.12532 -6.94851 -3.33802 -1.48094 2.36661 5.69235 12.5214 -9.49345 -5.5879 -3.08052 1.74198 2.52501 7.53805 14.1309 -7.18444 -7.85115 -2.50006 -2.93522 2.8754 7.6744 16.7269 -10.389 -5.90343 -2.95242 5.6288 1.65383
64.51 10.2602 11.7747 -0.00508651 -3.70098 -1.93507 1.10856 2.23226 10.3934 6.26254 3.19922 -5.1316 -2.49444 -1.48116 2.05858 6.70019 6.04067 -2.49869 -5.65359 -3.33487 -1.04588 2.1062 4.10756 9.39089 -7.7633 -6.94523 -3.36326 -1.61465 2.32505 5.50488 12.1445 -9.51808 -5.60225 -3.11532 1.57695 2.48767 7.23027 13.6632 -7.4723 -7.92119 -2.63503 -2.95391 2.8549 7.49675 16.7733 -10.3897 -5.90024 -2.95829 5.63741 1.66585
64.56 10.2148 12.7937 -1.32359 -3.77512 -1.90751 1.41837 2.28797 10.8138 7.00884 3.30226 -5.06204 -2.35429 -1.2953 2.08782 7.97855 5.58404 -1.13405 -5.5587 -3.28263 -1.13338 2.08071 3.86226 8.91526 -7.24683 -6.9251 -3.38519 -1.74023 2.28512 5.29656 11.7874 -9.5213 -5.61624 -3.14648 1.40725 2.45022 6.96399 13.2158 -7.71199 -7.98807 -2.75744 -2.97674 2.82662 7.31243 16.7806 -10.3921 -5.89771 -2.97239 5.64513 1.67664
64.61 10.0634 13.6679 -2.51233 -3.84602 -1.89246 1.71884 2.34285 11.225 7.91338 3.16157 -5.01168 -2.22394 -1.06809 2.12559 8.76784 5.40797 -0.0243984 -5.46421 -3.17254 -1.19067 2.06039 3.7977 8.3527 -6.52165 -6.88303 -3.40361 -1.85696 2.24668 5.05731 11.4462 -9.49864 -5.62983 -3.1745 1.23419 2.4129 6.72917 12.7953 -7.90674 -8.05114 -2.86691 -3.00256 2.79217 7.12798 16.7555 -10.3963 -5.89584 -2.99239 5.65174 1.68587
64.66 9.66471 14.3653 -3.62689 -3.91255 -1.89884 1.9951 2.39569 11.6064 9.00391 2.606 -4.9966 -2.1077 -0.810487 2.17083 9.29821 5.46469 0.843063 -5.37157 -3.02465 -1.20883 2.04777 4.10219 7.69821 -5.53092 -6.81642 -3.41812 -1.96406 2.20963 4.77804 11.1158 -9.44444 -5.64301 -3.19982 1.0589 2.37603 6.51759 12.4028 -8.05973 -8.10976 -2.96411 -3.03042 2.75294 6.94721 16.7051 -10.4019 -5.89459 -3.01617 5.65712 1.69335
64.71 8.82908 14.8036 -4.77938 -3.97531 -1.95104 2.22679 2.44415 11.9292 10.3044 1.55943 -5.02836 -2.00801 -0.531243 2.22204 9.76654 5.72776 1.50728 -5.2817 -2.85893 -1.17814 2.04458 5.05594 6.98631 -4.23407 -6.72814 -3.42732 -2.06063 2.17401 4.45763 10.7896 -9.35139 -5.65581 -3.22271 0.882445 2.33997 6.32243 12.0362 -8.1733 -8.16329 -3.05018 -3.05952 2.71013 6.77199 16.6357 -10.4088 -5.89389 -3.04203 5.66124 1.69903
64.76 7.51305 14.8753 -6.053 -4.03547 -2.0791 2.39724 2.48365 12.1427 11.6706 0.319653 -5.09106 -1.92564 -0.23703 2.27748 10.2542 6.22229 1.99245 -5.19624 -2.6858 -1.09002 2.05185 6.56093 6.30145 -2.73044 -6.62588 -3.42346 -2.14552 2.1401 4.11131 10.4601 -9.20962 -5.66755 -3.24335 0.705952 2.30515 6.13786 11.6914 -8.24848 -8.21111 -3.12634 -3.08924 2.6647 6.60281 16.5526 -10.4167 -5.89365 -3.06868 5.66415 1.70292
64.81 6.00664 14.6793 -7.3602 -4.09388 -2.25454 2.50487 2.50936 12.2025 12.9316 -0.78062 -5.16045 -1.86005 0.0662321 2.33548 10.7605 6.93782 2.28405 -5.11918 -2.51392 -0.944065 2.0701 7.87441 5.78725 -1.3131 -6.5174 -3.38033 -2.21685 2.10882 3.77812 10.1176 -9.00538 -5.67589 -3.26176 0.530678 2.27175 5.95848 11.363 -8.28475 -8.25254 -3.19378 -3.1191 2.61747 6.43918 16.4602 -10.4254 -5.89379 -3.0952 5.6659 1.70512
64.86 4.64356 14.4201 -8.55234 -4.1506 -2.42131 2.55967 2.52077 12.1168 14.0337 -1.66373 -5.22617 -1.80989 0.370992 2.39464 11.2635 7.83035 2.30121 -5.05958 -2.35236 -0.749277 2.09913 8.70546 5.54102 -0.144152 -6.40758 -3.27796 -2.27147 2.08239 3.51653 9.74937 -8.71891 -5.67784 -3.27791 0.35811 2.23961 5.7788 11.0448 -8.27969 -8.28683 -3.25358 -3.14873 2.56909 6.2798 16.3619 -10.4346 -5.89421 -3.12097 5.66662 1.70573
64.91 3.54258 14.17 -9.57656 -4.20524 -2.56173 2.57384 2.52051 11.9136 14.9802 -2.36762 -5.2855 -1.77367 0.664725 2.45385 11.7458 8.91439 1.88298 -5.03368 -2.20794 -0.5169 2.13797 9.25535 5.51221 0.774416 -6.29875 -3.13362 -2.3054 2.06332 3.36672 9.33838 -8.32187 -5.67002 -3.29178 0.190031 2.2086 5.59272 10.7296 -8.22841 -8.31307 -3.30669 -3.17786 2.52014 6.12265 16.2603 -10.4442 -5.89483 -3.14561 5.66639 1.70491
64.96 2.69085 13.9334 -10.4384 -4.25741 -2.6771 2.55732 2.51143 11.6118 15.784 -2.94748 -5.33827 -1.75055 0.928397 2.51216 12.1936 10.2174 0.937621 -5.05526 -2.08412 -0.256466 2.18508 9.73046 5.63486 1.48401 -6.19218 -2.96826 -2.31419 2.05341 3.34351 8.86328 -7.77593 -5.64814 -3.30334 0.0285859 2.17868 5.39321 10.4088 -8.12254 -8.33013 -3.35392 -3.20627 2.47109 5.965 16.1572 -10.454 -5.89556 -3.16891 5.66534 1.70278
65.01 2.04253 13.7019 -11.1578 -4.30681 -2.77179 2.51718 2.49584 11.2239 16.4538 -3.45059 -5.38545 -1.74098 1.14527 2.56871 12.5894 11.6031 -0.250648 -5.1107 -1.98145 0.0246901 2.23864 10.2224 5.88003 2.02395 -6.08904 -2.7932 -2.29264 2.05383 3.47533 8.3041 -7.03789 -5.60771 -3.31249 -0.123629 2.1499 5.17343 10.0716 -7.94852 -8.33653 -3.39595 -3.23382 2.42234 5.80316 16.0541 -10.4639 -5.89634 -3.19081 5.66357 1.69948
65.06 1.55235 13.4669 -11.7554 -4.35329 -2.84984 2.45812 2.47553 10.7618 16.9879 -3.91338 -5.42845 -1.74735 1.31262 2.62251 12.9036 12.8928 -1.32708 -5.17459 -1.89838 0.320761 2.29679 10.735 6.2341 2.42 -5.99088 -2.61756 -2.23474 2.06531 3.86298 7.6591 -6.07375 -5.54642 -3.31899 -0.263421 2.12233 4.93157 9.70406 -7.68488 -8.33029 -3.43328 -3.2604 2.37425 5.63222 15.9518 -10.4737 -5.89713 -3.21131 5.66119 1.69515
65.11 1.1829 13.2218 -12.2495 -4.3968 -2.91453 2.38303 2.4518 10.2402 17.3707 -4.36297 -5.46852 -1.77446 1.43678 2.67236 13.0925 14.028 -2.20156 -5.23507 -1.83241 0.626417 2.35789 11.2474 6.7018 2.67881 -5.90017 -2.45092 -2.13433 2.08787 4.74993 6.96451 -4.86065 -5.46709 -3.32188 -0.386735 2.09607 4.68264 9.28772 -7.29848 -8.30889 -3.46622 -3.28592 2.32719 5.44557 15.851 -10.4834 -5.8979 -3.23047 5.65828 1.6899
65.16 0.904907 12.9624 -12.6551 -4.43737 -2.96842 2.2935 2.42569 9.68043 17.5749 -4.8177 -5.50659 -1.82878 1.52462 2.71665 13.1091 15.0128 -2.91278 -5.28886 -1.78097 0.935448 2.42051 11.7431 7.3302 2.77246 -5.82165 -2.30056 -1.98564 2.12072 6.29068 6.29914 -3.41959 -5.37674 -3.31554 -0.488203 2.07129 4.47891 8.80031 -6.74063 -8.26899 -3.49484 -3.31034 2.28163 5.23444 15.7521 -10.4928 -5.89869 -3.2484 5.65493 1.68384
65.21 0.695937 12.6876 -12.984 -4.47512 -3.01355 2.19029 2.39796 9.10965 17.5756 -5.285 -5.54337 -1.91496 1.58073 2.75332 12.9158 15.8636 -3.51944 -5.33548 -1.74193 1.23867 2.4835 12.211 8.18662 2.59969 -5.76576 -2.17014 -1.78734 2.16247 7.89456 5.81991 -1.96866 -5.2822 -3.27204 -0.560295 2.0488 4.45488 8.22248 -5.94697 -8.20612 -3.51891 -3.33359 2.23793 4.98854 15.6552 -10.502 -5.89969 -3.26521 5.65121 1.67714
65.26 0.538938 12.3988 -13.2453 -4.51022 -3.05151 2.07383 2.36919 8.55647 17.3713 -5.75879 -5.5793 -2.03069 1.6076 2.78032 12.4932 16.5949 -4.0717 -5.37565 -1.71415 1.52097 2.54592 12.6426 9.31209 1.97894 -5.75043 -2.0604 -1.54732 2.21132 8.98518 5.71605 -0.736426 -5.18784 -3.15294 -0.592125 2.03126 4.90145 7.55772 -4.84697 -8.11807 -3.53751 -3.35563 2.19607 4.69973 15.5608 -10.5108 -5.90137 -3.28097 5.64718 1.67002
65.31 0.421011 12.0994 -13.4451 -4.54288 -3.08357 1.94477 2.33985 8.04542 16.9924 -6.22155 -5.61463 -2.16549 1.60644 2.79623 11.85 17.2116 -4.60606 -5.41074 -1.69856 1.7622 2.60691 13.0296 10.6621 0.893968 -5.78411 -1.97045 -1.27767 2.26542 9.71075 5.98604 0.223332 -5.09604 -2.97657 -0.570626 2.02238 6.05502 6.8586 -3.43402 -8.00886 -3.54639 -3.37636 2.15602 4.37041 15.4692 -10.5191 -5.9044 -3.2957 5.64291 1.66287
65.36 0.332421 11.7933 -13.5869 -4.57325 -3.11076 1.80428 2.31028 7.59259 16.487 -6.653 -5.64944 -2.30574 1.57808 2.80079 11.0403 17.7002 -5.1428 -5.44238 -1.70063 1.9497 2.66545 13.3565 12.0366 -0.294386 -5.84586 -1.89837 -0.989534 2.32302 10.3097 6.55502 0.916531 -5.00942 -2.77857 -0.487433 2.02476 7.42187 6.24712 -1.93806 -7.88677 -3.5278 -3.39546 2.11821 4.02435 15.3813 -10.5271 -5.90846 -3.30931 5.63843 1.65602
65.41 0.26584 11.4841 -13.6717 -4.60139 -3.13391 1.65392 2.28074 7.20277 15.904 -7.03889 -5.68371 -2.44064 1.52363 2.79485 10.179 18.0166 -5.68198 -5.47202 -1.73301 2.08538 2.71988 13.5906 13.2846 -1.31078 -5.91362 -1.84161 -0.692787 2.3826 10.8652 7.34148 1.31726 -4.93382 -2.58151 -0.345751 2.03954 8.39686 5.86619 -0.629976 -7.75926 -3.45422 -3.41193 2.08415 3.71199 15.2979 -10.5344 -5.91266 -3.32167 5.63382 1.64945
65.46 0.21576 11.1735 -13.6979 -4.62718 -3.15368 1.49544 2.25146 6.8707 15.2875 -7.37372 -5.71747 -2.56417 1.44484 2.77986 9.40264 18.1083 -6.20515 -5.50072 -1.80907 2.17678 2.76752 13.6828 14.375 -2.12238 -5.97885 -1.7976 -0.398451 2.44296 11.3918 8.30823 1.3225 -4.8814 -2.39915 -0.155725 2.06664 9.01219 5.72296 0.418544 -7.6306 -3.32936 -3.42435 2.05612 3.48159 15.2198 -10.5411 -5.91662 -3.33267 5.62911 1.64302
65.51 0.178054 10.8605 -13.6614 -4.65027 -3.17062 1.33049 2.22259 6.5856 14.6751 -7.6585 -5.75083 -2.67414 1.34433 2.75752 8.77672 17.977 -6.68793 -5.52914 -1.92572 2.23059 2.80524 13.5887 15.3192 -2.77761 -6.03901 -1.76411 -0.122089 2.50322 11.8862 9.49228 0.779313 -4.8699 -2.23897 0.0720981 2.10489 9.48649 5.74841 1.23434 -7.50289 -3.17524 -3.43157 2.03608 3.34706 15.1474 -10.5467 -5.92026 -3.3423 5.62436 1.63666
65.56 0.149633 10.5413 -13.5547 -4.66999 -3.18515 1.1605 2.19425 6.3351 14.0921 -7.8974 -5.78398 -2.77061 1.22526 2.72938 8.28504 17.6796 -7.11378 -5.55752 -2.06454 2.25199 2.83099 13.2926 16.1348 -3.33114 -6.09359 -1.73951 0.117676 2.56268 12.3364 10.8575 -0.239761 -4.90268 -2.10372 0.328758 2.15244 9.95569 5.90109 1.85973 -7.37756 -3.00565 -3.43285 2.02538 3.30075 15.0809 -10.5511 -5.92354 -3.35061 5.61962 1.6304
65.61 0.128202 10.2087 -13.3662 -4.68522 -3.19762 0.986705 2.16653 6.10734 13.5509 -8.09521 -5.81712 -2.85467 1.09091 2.69685 7.88953 17.2755 -7.47807 -5.58575 -2.20773 2.24522 2.84442 12.8062 16.8346 -3.82747 -6.14311 -1.72297 0.311164 2.62076 12.7153 12.2125 -1.33931 -4.9562 -1.99283 0.606716 2.20712 10.4556 6.1588 2.32853 -7.25609 -2.82914 -3.42773 2.02502 3.33106 15.0199 -10.554 -5.92648 -3.35771 5.61492 1.62429
65.66 0.112076 9.8518 -13.0779 -4.6942 -3.20827 0.810201 2.1395 5.89134 13.0549 -8.256 -5.85038 -2.92779 0.944273 2.66105 7.56003 16.8035 -7.78465 -5.61354 -2.34456 2.21367 2.84644 12.156 17.4214 -4.29988 -6.18849 -1.7152 0.461531 2.67694 12.9753 13.4321 -2.28635 -5.01111 -1.90382 0.899108 2.26683 10.9688 6.49683 2.66127 -7.14035 -2.65515 -3.41603 2.03555 3.42596 14.9645 -10.5551 -5.92907 -3.36369 5.6103 1.6184
65.71 0.100076 9.45479 -12.663 -4.69428 -3.21729 0.632075 2.11323 5.67643 12.6016 -8.38244 -5.88378 -2.9915 0.787896 2.62292 7.27674 16.2862 -8.04126 -5.64064 -2.47005 2.15989 2.83859 11.3817 17.88 -4.77105 -6.23066 -1.71996 0.575711 2.73054 13.0583 14.4953 -3.07348 -5.06115 -1.83363 1.19899 2.3297 11.4741 6.89224 2.86498 -7.0328 -2.49286 -3.39801 2.05679 3.57255 14.9144 -10.5543 -5.93134 -3.36864 5.60579 1.61277
65.76 0.0915347 8.99678 -12.0846 -4.68173 -3.22476 0.453497 2.08775 5.45139 12.1858 -8.47565 -5.91718 -3.04719 0.623917 2.5832 7.02687 15.7386 -8.25645 -5.66684 -2.58259 2.0857 2.82252 10.5502 18.1693 -5.2513 -6.27046 -1.74657 0.658799 2.78043 12.9125 15.4145 -3.75773 -5.10522 -1.77949 1.49879 2.39416 11.9573 7.33466 2.93275 -6.9367 -2.34828 -3.37441 2.08783 3.75945 14.8694 -10.5514 -5.93329 -3.37261 5.60142 1.60743
65.81 0.0866235 8.45511 -11.3029 -4.65213 -3.23067 0.275807 2.0631 5.20404 11.8007 -8.53518 -5.95026 -3.09611 0.454141 2.54247 6.80178 15.1756 -8.43795 -5.69206 -2.68228 1.99258 2.79984 9.75642 18.2284 -5.73614 -6.30867 -1.80859 0.712851 2.82459 12.5019 16.2044 -4.39555 -5.14385 -1.73962 1.79012 2.45894 12.4085 7.83048 2.84161 -6.85651 -2.2238 -3.34626 2.12718 3.98006 14.8297 -10.5466 -5.93495 -3.37564 5.59719 1.60239
65.86 0.087816 7.81908 -10.3018 -4.60238 -3.23494 0.100574 2.03932 4.92295 11.439 -8.55891 -5.98247 -3.13929 0.280169 2.5012 6.59514 14.6153 -8.59203 -5.71635 -2.77004 1.88212 2.77192 9.07702 18.0231 -6.2084 -6.34602 -1.91178 0.737416 2.8602 11.8271 16.8709 -5.02441 -5.1781 -1.71464 2.06356 2.52292 12.8198 8.40265 2.55025 -6.79828 -2.11924 -3.31471 2.17312 4.23468 14.7953 -10.54 -5.93633 -3.3777 5.59315 1.59766
65.91 0.1057 7.11056 -9.13027 -4.53403 -3.23749 -0.0703745 2.01645 4.60323 11.0927 -8.54279 -6.01302 -3.17754 0.103507 2.45976 6.40188 14.0751 -8.72324 -5.73991 -2.84705 1.75628 2.73994 8.52649 17.5864 -6.64762 -6.3831 -2.0452 0.731256 2.88477 10.9705 17.3986 -5.6524 -5.20923 -1.71052 2.30855 2.58487 13.1818 9.08378 2.00873 -6.76931 -2.03307 -3.28086 2.2239 4.5308 14.7668 -10.5317 -5.93745 -3.37868 5.58929 1.59327
65.96 0.178817 6.38206 -7.89117 -4.45368 -3.23832 -0.234943 1.99453 4.25282 10.7534 -8.48038 -6.04084 -3.21143 -0.0743489 2.41846 6.21749 13.5661 -8.83438 -5.76297 -2.9146 1.61736 2.70489 8.08147 16.9932 -7.03955 -6.4203 -2.19093 0.694302 2.89719 10.1031 17.7422 -6.25768 -5.23843 -1.7406 2.51387 2.64286 13.4783 9.88859 1.20912 -6.77449 -1.96328 -3.2457 2.27799 4.8789 14.7454 -10.5221 -5.93831 -3.37827 5.58566 1.58921
66.01 0.425573 5.68408 -6.65668 -4.36872 -3.23754 -0.390751 1.9736 3.89104 10.4119 -8.36185 -6.06461 -3.24135 -0.251865 2.37758 6.03764 13.0931 -8.92668 -5.78577 -2.9739 1.46771 2.66756 7.71448 16.323 -7.37917 -6.45789 -2.33508 0.628548 2.89787 9.3771 17.8639 -6.80812 -5.26672 -1.81506 2.67057 2.69398 13.6836 10.7734 0.257355 -6.80999 -1.90776 -3.21009 2.33409 5.28005 14.7334 -10.5114 -5.93894 -3.37589 5.58228 1.58551
66.06 1.12805 5.04445 -5.39662 -4.28395 -3.23536 -0.535079 1.95368 3.54056 10.0567 -8.17238 -6.08275 -3.2676 -0.427456 2.33745 5.85764 12.6563 -8.99992 -5.80849 -3.02608 1.30943 2.62862 7.40424 15.6392 -7.66832 -6.49607 -2.46999 0.537622 2.8881 8.82286 17.7895 -7.28378 -5.29476 -1.92573 2.77628 2.73525 13.7739 11.6547 -0.676905 -6.86468 -1.86444 -3.17469 2.39114 5.71495 14.7349 -10.4999 -5.93931 -3.37052 5.57921 1.5822
66.11 2.67077 4.47283 -4.00015 -4.20163 -3.23187 -0.664735 1.9348 3.22276 9.67289 -7.8895 -6.09326 -3.29044 -0.599503 2.29856 5.67187 12.2525 -9.05264 -5.83119 -3.07214 1.14432 2.58861 7.13558 14.9811 -7.91225 -6.53501 -2.59246 0.425813 2.86954 8.39484 17.5815 -7.68182 -5.32275 -2.05432 2.83551 2.765 13.7379 12.4723 -1.4909 -6.92898 -1.83138 -3.14005 2.44831 6.15163 14.7559 -10.4881 -5.93939 -3.36071 5.57654 1.57938
66.16 4.89431 3.97529 -2.48858 -4.12255 -3.22577 -0.775783 1.91697 2.96153 9.24072 -7.47947 -6.09252 -3.3101 -0.766373 2.26143 5.47314 11.8768 -9.08224 -5.85382 -3.11296 0.973844 2.548 6.89776 14.3681 -8.11697 -6.57477 -2.70181 0.297322 2.84385 8.04625 17.2923 -8.00989 -5.35056 -2.18619 2.85593 2.78307 13.5741 13.2036 -2.16882 -6.99794 -1.80687 -3.10658 2.50488 6.56142 14.8032 -10.4761 -5.93911 -3.34484 5.57442 1.5772
66.21 7.00419 3.59903 -1.06407 -4.04674 -3.20381 -0.862988 1.90049 2.80271 8.73661 -6.89448 -6.075 -3.32673 -0.926451 2.2263 5.2522 11.5231 -9.085 -5.87617 -3.14932 0.799228 2.50714 6.68286 13.8066 -8.28781 -6.61532 -2.79864 0.155929 2.81253 7.74793 16.9532 -8.27943 -5.37788 -2.313 2.84517 2.79029 13.2874 13.8457 -2.73568 -7.0694 -1.78964 -3.07458 2.56029 6.92642 14.8832 -10.4644 -5.93841 -3.3216 5.573 1.57587
66.26 8.48785 3.50834 0.170338 -3.97374 -3.12137 -0.918628 1.88701 2.87369 8.14104 -6.07496 -6.03576 -3.34034 -1.07814 2.19302 4.99849 11.1845 -9.05592 -5.89796 -3.18187 0.621586 2.4664 6.48475 13.2963 -8.42875 -6.65647 -2.88406 0.00491805 2.77686 7.48377 16.5816 -8.50196 -5.40436 -2.43073 2.80957 2.78799 12.8866 14.4014 -3.22538 -7.14241 -1.779 -3.04429 2.61408 7.23927 14.9994 -10.4531 -5.9372 -3.29042 5.57252 1.57567
66.31 9.31551 3.77085 1.20996 -3.90282 -2.96558 -0.931751 1.88037 3.45311 7.45879 -4.95961 -5.97348 -3.35072 -1.21985 2.16132 4.70436 10.8534 -8.98821 -5.91891 -3.21112 0.442039 2.42614 6.29829 12.833 -8.54221 -6.69786 -2.95937 -0.152864 2.7379 7.2448 16.1863 -8.68754 -5.42969 -2.53782 2.75387 2.77762 12.3828 14.8736 -3.66873 -7.21648 -1.77507 -3.01591 2.66581 7.49988 15.1517 -10.4425 -5.93544 -3.2518 5.57317 1.5769
66.36 9.74924 4.27359 2.07403 -3.83351 -2.78302 -0.890614 1.88382 4.77229 6.73563 -3.53975 -5.89278 -3.35668 -1.34991 2.13102 4.37279 10.5213 -8.87251 -5.93859 -3.23743 0.261806 2.38685 6.11881 12.4107 -8.62913 -6.739 -3.02582 -0.314937 2.69652 7.02565 15.7721 -8.84433 -5.45364 -2.63403 2.6814 2.76058 11.7886 15.2603 -4.09089 -7.2913 -1.77947 -2.98967 2.71504 7.71157 15.3363 -10.4326 -5.93308 -3.20719 5.57513 1.5798
66.41 9.98251 4.94009 2.77985 -3.766 -2.6076 -0.788513 1.89836 6.36221 6.05383 -2.02881 -5.80161 -3.35133 -1.46641 2.1022 4.02332 10.1782 -8.69553 -5.95511 -3.26098 0.0822761 2.34894 5.94161 12.0226 -8.68905 -6.77919 -3.0846 -0.479121 2.65343 6.82261 15.3413 -8.97863 -5.47603 -2.71981 2.59432 2.73815 11.1226 15.5503 -4.51116 -7.36666 -1.79642 -2.96594 2.7611 7.87725 15.5465 -10.4234 -5.9301 -3.15871 5.57854 1.58459
66.46 10.1115 5.69558 3.33164 -3.70136 -2.45249 -0.629954 1.9234 7.56622 5.5255 -0.697558 -5.70659 -3.31495 -1.56674 2.0756 3.69458 9.8112 -8.43797 -5.9652 -3.28185 -0.0949654 2.31245 5.76151 11.6616 -8.72018 -6.81765 -3.13675 -0.643498 2.60921 6.63268 14.8965 -9.09506 -5.49683 -2.7959 2.49385 2.71146 10.4183 15.7173 -4.9419 -7.44237 -1.83395 -2.94535 2.80291 7.99617 15.773 -10.415 -5.92654 -3.10899 5.58345 1.59135
66.51 10.1841 6.47458 3.71128 -3.64215 -2.32091 -0.42603 1.95753 8.31259 5.21795 0.378149 -5.61133 -3.23395 -1.64708 2.05292 3.43842 9.40336 -8.07164 -5.96517 -3.30004 -0.268136 2.27724 5.57224 11.3199 -8.71932 -6.85341 -3.18317 -0.806385 2.56436 6.45305 14.4427 -9.19679 -5.51606 -2.86324 2.38066 2.68144 9.72658 15.7253 -5.38596 -7.51827 -1.90237 -2.92897 2.83867 8.06226 16.0041 -10.4074 -5.92247 -3.06113 5.58982 1.60006
66.56 10.2254 7.26078 3.8683 -3.59328 -2.21191 -0.187639 1.99903 8.78436 5.09896 1.22401 -5.51737 -3.11943 -1.70261 2.0361 3.29936 8.93299 -7.55708 -5.95065 -3.31555 -0.435277 2.24318 5.36586 10.9898 -8.68149 -6.88541 -3.22467 -0.966323 2.51928 6.28082 13.988 -9.28563 -5.53386 -2.92273 2.2553 2.6489 9.09624 15.5561 -5.83459 -7.59418 -2.00654 -2.91824 2.86603 8.06758 16.2252 -10.4008 -5.91805 -3.01869 5.59747 1.61053
66.61 10.2488 8.08998 3.70933 -3.56314 -2.12306 0.0766249 2.04616 9.13758 5.1173 1.88518 -5.42538 -2.98774 -1.72765 2.02653 3.3247 8.37817 -6.84593 -5.91689 -3.3283 -0.594261 2.21025 5.13298 10.6626 -8.59933 -6.91241 -3.26187 -1.12205 2.47435 6.11284 13.5419 -9.36223 -5.55047 -2.97531 2.11854 2.61449 8.55016 15.2345 -6.27032 -7.66978 -2.13938 -2.91439 2.88281 8.01052 16.4209 -10.3954 -5.91352 -2.98517 5.60611 1.6224
66.66 10.262 9.03083 3.10681 -3.56347 -2.05161 0.36029 2.09735 9.46264 5.25276 2.40181 -5.33585 -2.84848 -1.71554 2.02503 3.63012 7.73236 -5.89215 -5.86101 -3.33812 -0.742772 2.1785 4.86557 10.3283 -8.46184 -6.93304 -3.2953 -1.2725 2.4299 5.94542 13.1119 -9.42613 -5.56614 -3.02183 1.97162 2.57875 8.08743 14.8145 -6.67465 -7.7446 -2.28638 -2.9179 2.88797 7.90004 16.5783 -10.3915 -5.90913 -2.96306 5.61532 1.63511
66.71 10.2683 10.1183 2.01417 -3.60162 -1.9951 0.658158 2.15121 9.81173 5.52391 2.80268 -5.24943 -2.70553 -1.65878 2.03211 4.47566 7.0256 -4.6601 -5.78526 -3.34429 -0.878205 2.14801 4.56435 9.9749 -8.25253 -6.94581 -3.32529 -1.41674 2.3863 5.77414 12.7027 -9.47588 -5.58114 -3.06307 1.81612 2.54211 7.69722 14.3495 -7.03487 -7.81798 -2.43416 -2.92834 2.88177 7.75144 16.6907 -10.3894 -5.90511 -2.95311 5.62461 1.64801
66.76 10.2666 11.2645 0.639354 -3.66703 -1.9514 0.965301 2.20653 10.2027 5.9807 3.1 -5.16731 -2.56085 -1.5499 2.04812 5.96409 6.32827 -3.18991 -5.69667 -3.34268 -0.997438 2.11897 4.24768 9.58688 -7.94656 -6.9485 -3.35202 -1.55395 2.34401 5.59339 12.3157 -9.50915 -5.59567 -3.09976 1.65373 2.50493 7.36639 13.8771 -7.34568 -7.88924 -2.57426 -2.9447 2.86542 7.58003 16.7572 -10.3891 -5.90163 -2.95442 5.63354 1.66043
66.81 10.2433 12.3403 -0.731883 -3.74113 -1.91887 1.27597 2.26232 10.6198 6.64374 3.27713 -5.09246 -2.41804 -1.38686 2.07323 7.4561 5.76063 -1.7341 -5.60256 -3.314 -1.09629 2.092 3.96118 9.14424 -7.50748 -6.93683 -3.37549 -1.68337 2.30334 5.39585 11.9498 -9.52274 -5.60983 -3.13253 1.48601 2.46749 7.08233 13.419 -7.60724 -7.95766 -2.7026 -2.96577 2.84052 7.39778 16.7817 -10.3908 -5.8988 -2.96502 5.6417 1.67184
66.86 10.1536 13.2842 -1.97837 -3.81386 -1.89753 1.58222 2.3177 11.0378 7.47651 3.26645 -5.03163 -2.28252 -1.17729 2.10717 8.45188 5.4562 -0.503939 -5.50762 -3.22963 -1.16854 2.06894 3.7954 8.62396 -6.88575 -6.90542 -3.39557 -1.80427 2.26423 5.17216 11.6019 -9.51264 -5.62362 -3.16194 1.31435 2.43008 6.83413 12.9857 -7.82229 -8.02257 -2.818 -2.99035 2.80873 7.21277 16.7707 -10.3942 -5.89662 -2.98258 5.64884 1.68182
66.91 9.89144 14.0691 -3.11575 -3.88239 -1.89215 1.8719 2.37168 11.4357 8.47382 2.92525 -4.99801 -2.15936 -0.93246 2.14912 9.0705 5.41303 0.470535 -5.41401 -3.09599 -1.20592 2.0525 3.89897 8.01041 -6.02428 -6.85016 -3.41196 -1.91591 2.22654 4.91218 11.2672 -9.47377 -5.63698 -3.18846 1.13995 2.39296 6.61275 12.5804 -7.99418 -8.08332 -2.92074 -3.01737 2.77154 7.02997 16.7311 -10.3991 -5.89509 -3.00485 5.65479 1.69012
66.96 9.27879 14.6419 -4.23524 -3.94676 -1.91892 2.12681 2.42258 11.7903 9.68348 2.09263 -5.0082 -2.05185 -0.66226 2.19778 9.55049 5.57954 1.22402 -5.32273 -2.93679 -1.199 2.0448 4.5213 7.31765 -4.87008 -6.77112 -3.42395 -2.01746 2.19025 4.61001 10.9399 -9.39969 -5.64996 -3.21244 0.963902 2.35647 6.41079 12.2023 -8.12572 -8.13927 -3.01179 -3.04599 2.73025 6.85205 16.6697 -10.4055 -5.89415 -3.02994 5.65949 1.69664
67.01 8.16783 14.8887 -5.45156 -4.00797 -2.01043 2.32671 2.46692 12.0616 11.046 0.887984 -5.06015 -1.96149 -0.374214 2.2515 10.0258 5.96435 1.79065 -5.23494 -2.76605 -1.1381 2.04715 5.84304 6.60611 -3.43176 -6.67424 -3.42803 -2.10791 2.15549 4.27243 10.613 -9.28183 -5.66239 -3.23411 0.787282 2.32104 6.22202 11.848 -8.21857 -8.18981 -3.09237 -3.07549 2.68593 6.6801 16.5923 -10.4129 -5.89371 -3.05636 5.66295 1.70135
67.06 6.69943 14.7873 -6.76438 -4.06713 -2.1721 2.46254 2.49937 12.1946 12.3687 -0.300072 -5.12856 -1.88829 -0.0743543 2.30851 10.5261 6.58363 2.17685 -5.15326 -2.59244 -1.01813 2.06032 7.3296 5.99318 -1.94032 -6.56782 -3.40729 -2.18581 2.1228 3.92654 10.2779 -9.10843 -5.67265 -3.25354 0.611277 2.28698 6.04091 11.5128 -8.27296 -8.23427 -3.16369 -3.10534 2.63943 6.51403 16.5038 -10.4213 -5.89368 -3.08303 5.66523 1.70431
67.11 5.24212 14.5402 -8.02232 -4.12467 -2.34737 2.54015 2.51714 12.1725 13.5455 -1.28198 -5.19658 -1.83121 0.230886 2.36729 11.0331 7.39773 2.33607 -5.08403 -2.42508 -0.844448 2.08445 8.37303 5.62239 -0.650331 -6.4582 -3.33199 -2.2486 2.09381 3.62487 9.92336 -8.86283 -5.67793 -3.27074 0.437259 2.25429 5.86208 11.1907 -8.2874 -8.27196 -3.22688 -3.13512 2.59151 6.35289 16.4078 -10.4303 -5.89399 -3.1092 5.66641 1.70564
67.16 4.01714 14.2834 -9.12531 -4.18032 -2.50032 2.57165 2.52189 12.0205 14.5622 -2.06165 -5.25898 -1.78872 0.531713 2.4266 11.5268 8.38691 2.14166 -5.0402 -2.27212 -0.628084 2.11892 9.02095 5.50369 0.37943 -6.34873 -3.2038 -2.29259 2.07107 3.42076 9.53453 -8.52095 -5.6751 -3.28567 0.266867 2.22277 5.67977 10.8751 -8.25824 -8.30203 -3.28297 -3.1645 2.54276 6.19501 16.3075 -10.4398 -5.89452 -3.1344 5.6666 1.70546
67.21 3.05547 14.0413 -10.0599 -4.23368 -2.62673 2.56824 2.51655 11.7624 15.4302 -2.69218 -5.3147 -1.75959 0.811844 2.48543 11.9923 9.59327 1.43055 -5.0395 -2.13857 -0.379555 2.16244 9.51212 5.56193 1.17994 -6.24098 -3.04627 -2.31357 2.05676 3.33756 9.09181 -8.04901 -5.66027 -3.2983 0.102069 2.19234 5.48737 10.5581 -8.17887 -8.32349 -3.33282 -3.19327 2.4937 6.03798 16.2048 -10.4495 -5.89521 -3.15834 5.66592 1.70391
67.26 2.31932 13.8086 -10.8423 -4.28438 -2.73041 2.53828 2.50372 11.4128 16.1614 -3.22553 -5.36429 -1.74361 1.05157 2.54291 12.4148 10.9678 0.298928 -5.08279 -2.02624 -0.107164 2.21325 9.9919 5.75278 1.79399 -6.13609 -2.87459 -2.30672 2.05229 3.39144 8.57326 -7.40471 -5.6289 -3.30858 -0.0547593 2.16302 5.27765 10.23 -8.03839 -8.33502 -3.37718 -3.22123 2.44477 5.8786 16.1016 -10.4594 -5.89598 -3.18089 5.66447 1.70114
67.31 1.76137 13.5762 -11.4936 -4.33222 -2.81568 2.48749 2.48539 10.9833 16.7591 -3.70301 -5.40905 -1.74218 1.24126 2.5981 12.7713 12.316 -0.855361 -5.14514 -1.93441 0.182692 2.26951 10.4973 6.05771 2.25426 -6.03541 -2.69801 -2.26636 2.05862 3.64065 7.96595 -6.54802 -5.57723 -3.31636 -0.200725 2.13489 5.04549 9.87844 -7.8194 -8.33488 -3.41662 -3.24827 2.39633 5.71257 15.9988 -10.4692 -5.89677 -3.20202 5.66236 1.69727
67.36 1.34034 13.3364 -12.0334 -4.3771 -2.88617 2.41953 2.4631 10.487 17.2145 -4.15587 -5.45033 -1.75898 1.3844 2.64995 13.024 13.524 -1.82199 -5.20791 -1.86088 0.484609 2.32944 11.0123 6.4701 2.57714 -5.94086 -2.52611 -2.18632 2.07612 4.25851 7.28702 -5.45244 -5.50552 -3.32113 -0.332212 2.10802 4.79619 9.48716 -7.49465 -8.32083 -3.45156 -3.27429 2.34874 5.53412 15.8973 -10.479 -5.89755 -3.22179 5.65968 1.69243
67.41 1.02333 13.0839 -12.4782 -4.41901 -2.94477 2.33653 2.43798 9.94174 17.5048 -4.60657 -5.48923 -1.79994 1.48827 2.69704 13.1256 14.5762 -2.60123 -5.26495 -1.80304 0.792982 2.39151 11.5174 7.01579 2.75394 -5.85587 -2.36757 -2.0605 2.10437 5.51725 6.59518 -4.10388 -5.4193 -3.32054 -0.444533 2.08251 4.56149 9.03541 -7.023 -8.28996 -3.48218 -3.29922 2.30242 5.3355 15.7974 -10.4885 -5.89832 -3.24028 5.65653 1.68673
67.46 0.784937 12.8162 -12.8412 -4.45804 -2.99371 2.23956 2.41091 9.37241 17.6014 -5.06797 -5.52654 -1.87119 1.55859 2.73749 13.0327 15.4868 -3.24914 -5.31484 -1.7585 1.10033 2.45447 11.9992 7.75994 2.72316 -5.78771 -2.22771 -1.88466 2.14222 7.20314 6.00305 -2.62003 -5.32599 -3.29994 -0.531301 2.05877 4.42927 8.50086 -6.3469 -8.23823 -3.50841 -3.32301 2.25785 5.10693 15.6996 -10.4978 -5.89918 -3.25759 5.65297 1.6803
67.51 0.605797 12.5336 -13.1328 -4.49435 -3.0348 2.12915 2.38256 8.80771 17.4897 -5.54039 -5.56281 -1.97416 1.59875 2.76919 12.7169 16.2718 -3.82108 -5.35785 -1.72557 1.39463 2.51726 12.4485 8.75863 2.33134 -5.75129 -2.10847 -1.66244 2.18802 8.54667 5.71317 -1.27119 -5.23116 -3.2174 -0.583279 2.03849 4.61288 7.87317 -5.39625 -8.16171 -3.52973 -3.34562 2.21515 4.83848 15.604 -10.5068 -5.90046 -3.27383 5.64908 1.67333
67.56 0.47123 12.2386 -13.3603 -4.52811 -3.06944 2.0058 2.35343 8.27462 17.1859 -6.01084 -5.59841 -2.10183 1.6104 2.79032 12.172 16.9417 -4.36011 -5.39508 -1.70404 1.65722 2.57902 12.8574 10.0222 1.43418 -5.7633 -2.00957 -1.40496 2.23993 9.40214 5.8198 -0.185881 -5.13793 -3.06245 -0.587934 2.0252 5.44585 7.17937 -4.11633 -8.06137 -3.54413 -3.36698 2.17426 4.52644 15.511 -10.5153 -5.90282 -3.28904 5.64491 1.66615
67.61 0.37015 11.935 -13.5286 -4.55952 -3.09877 1.87041 2.32392 7.79363 16.7326 -6.45901 -5.63345 -2.24117 1.59448 2.80007 11.4285 17.4929 -4.89444 -5.42812 -1.69685 1.87004 2.63884 13.2148 11.4128 0.241602 -5.81567 -1.92955 -1.12408 2.29612 10.0412 6.26065 0.630189 -5.04847 -2.87088 -0.533529 2.02216 6.81911 6.50761 -2.61654 -7.94413 -3.5418 -3.3869 2.13531 4.18335 15.4213 -10.5235 -5.90652 -3.30318 5.64052 1.65913
67.66 0.294201 11.6269 -13.6397 -4.58869 -3.12369 1.72438 2.29434 7.37488 16.1796 -6.86712 -5.66797 -2.37958 1.55189 2.79881 10.5734 17.896 -5.43384 -5.45852 -1.71327 2.02877 2.69543 13.4971 12.7284 -0.868937 -5.88239 -1.86606 -0.830086 2.35495 10.6128 6.95612 1.1732 -4.96673 -2.67124 -0.417776 2.03116 8.00458 6.00892 -1.2015 -7.8184 -3.49571 -3.40475 2.09925 3.84812 15.3357 -10.5311 -5.91074 -3.31613 5.63596 1.65245
67.71 0.237098 11.3169 -13.6933 -4.61559 -3.14494 1.56943 2.26493 7.01729 15.5734 -7.22568 -5.70196 -2.50882 1.48405 2.78779 9.74352 18.0957 -5.96746 -5.48754 -1.76824 2.13965 2.7466 13.6612 13.8913 -1.77097 -5.94931 -1.81647 -0.53305 2.41509 11.1526 7.83859 1.37941 -4.90159 -2.48082 -0.248671 2.05267 8.75812 5.7641 -0.033622 -7.68992 -3.39183 -3.41922 2.06816 3.57599 15.2551 -10.5381 -5.91483 -3.32777 5.63129 1.64598
67.76 0.194125 11.0053 -13.6864 -4.63999 -3.16313 1.40728 2.23585 6.71205 14.9551 -7.53315 -5.73548 -2.62514 1.39319 2.76863 9.04658 18.0622 -6.47162 -5.51604 -1.8679 2.21008 2.78925 13.657 14.9008 -2.49117 -6.01196 -1.77837 -0.246098 2.47549 11.6627 8.91685 1.10377 -4.86916 -2.30982 -0.0370626 2.08597 9.27408 5.71918 0.884222 -7.56158 -3.24885 -3.42894 2.04424 3.39747 15.1801 -10.5443 -5.91863 -3.33803 5.62655 1.63959
67.81 0.16175 10.6897 -13.6132 -4.66137 -3.17872 1.23945 2.20725 6.44711 14.3562 -7.79261 -5.7687 -2.72774 1.28227 2.74298 8.49761 17.8332 -6.92499 -5.54444 -1.99904 2.24586 2.82066 13.454 15.7736 -3.08537 -6.06909 -1.74983 0.0126192 2.53539 12.1355 10.2163 0.26605 -4.88324 -2.16298 0.207305 2.12949 9.73561 5.81634 1.59249 -7.43498 -3.08523 -3.43303 2.02908 3.31189 15.1109 -10.5493 -5.92207 -3.34694 5.6218 1.63327
67.86 0.137338 10.3644 -13.4643 -4.67885 -3.1921 1.06726 2.17923 6.21028 13.7949 -8.0088 -5.80182 -2.81735 1.15458 2.71232 8.06219 17.4722 -7.31759 -5.57276 -2.142 2.25161 2.83972 13.0528 16.5257 -3.60329 -6.12085 -1.7296 0.227672 2.59418 12.552 11.6002 -0.844499 -4.93057 -2.04108 0.476315 2.18115 10.2219 6.02836 2.13014 -7.31153 -2.91084 -3.43091 2.02385 3.3083 15.0473 -10.5529 -5.92517 -3.35458 5.61708 1.62708
67.91 0.118941 10.0203 -13.2248 -4.69098 -3.20357 0.891875 2.15188 5.99018 13.2781 -8.18624 -5.83502 -2.89533 1.01326 2.6779 7.70527 17.0279 -7.64997 -5.60079 -2.28267 2.23112 2.84684 12.4741 17.1652 -4.08327 -6.16802 -1.71755 0.397085 2.65131 12.8738 12.8892 -1.87186 -4.9862 -1.94234 0.762892 2.23879 10.732 6.3326 2.52395 -7.19288 -2.73445 -3.42224 2.02933 3.37499 14.9894 -10.5548 -5.92792 -3.36106 5.61242 1.62108
67.96 0.105154 9.6441 -12.8722 -4.69556 -3.21333 0.71436 2.12525 5.7761 12.8056 -8.32828 -5.86836 -2.96319 0.861084 2.64074 7.4026 16.5294 -7.92856 -5.62825 -2.41374 2.18733 2.84333 11.7508 17.6863 -4.55291 -6.21155 -1.71577 0.527152 2.7062 13.0456 14.0238 -2.72702 -5.0388 -1.86385 1.06021 2.30041 11.2431 6.70378 2.78715 -7.0812 -2.56579 -3.40707 2.0457 3.49932 14.9368 -10.5549 -5.93033 -3.36648 5.60786 1.61533
68.01 0.0950608 9.2171 -12.3743 -4.68937 -3.22151 0.535836 2.0994 5.5572 12.3733 -8.43678 -5.90179 -3.02241 0.70037 2.60167 7.13858 15.9941 -8.16182 -5.65488 -2.53231 2.12235 2.83085 10.9351 18.0606 -5.0286 -6.25235 -1.73073 0.624139 2.75799 13.011 15.0075 -3.45102 -5.08563 -1.80261 1.36104 2.36432 11.7379 7.12476 2.91944 -6.97935 -2.41253 -3.38593 2.07238 3.6688 14.8895 -10.553 -5.93243 -3.3709 5.60342 1.60985
68.06 0.0883673 8.71655 -11.6908 -4.66817 -3.22814 0.357555 2.07436 5.32169 11.9749 -8.51201 -5.93507 -3.07432 0.533059 2.56135 6.90296 15.436 -8.35799 -5.68055 -2.63785 2.03779 2.81103 10.1117 18.2333 -5.51284 -6.29119 -1.77484 0.691515 2.8051 12.7255 15.8555 -4.10418 -5.12665 -1.75628 1.65739 2.42909 12.2049 7.59406 2.9056 -6.89118 -2.27868 -3.35974 2.1081 3.87428 14.8474 -10.5491 -5.93422 -3.37436 5.59912 1.60467
68.11 0.0861508 8.1237 -10.7895 -4.62788 -3.23318 0.180978 2.05017 5.05734 11.6034 -8.55262 -5.96777 -3.12003 0.360832 2.52028 6.6885 14.8722 -8.52405 -5.70525 -2.73097 1.93511 2.78536 9.37383 18.1501 -5.99351 -6.32885 -1.85943 0.729836 2.84502 12.1684 16.5792 -4.73419 -5.16277 -1.72411 1.94031 2.49358 12.6356 8.12724 2.7128 -6.82195 -2.16507 -3.32961 2.15122 4.11269 14.8105 -10.5433 -5.93573 -3.37688 5.59499 1.5998
68.16 0.0939803 7.44339 -9.68567 -4.56752 -3.23653 0.00781012 2.02688 4.75532 11.251 -8.55552 -5.9992 -3.16047 0.185225 2.47887 6.48965 14.3209 -8.66535 -5.72912 -2.81278 1.81609 2.75513 8.76553 17.8122 -6.45027 -6.366 -1.98106 0.737964 2.87492 11.3787 17.1747 -5.36371 -5.19518 -1.70912 2.19981 2.55665 13.0218 8.7542 2.29207 -6.77859 -2.07065 -3.29669 2.19998 4.38837 14.7792 -10.5357 -5.93696 -3.37837 5.59104 1.59526
68.21 0.133466 6.71687 -8.4646 -4.49172 -3.23815 -0.159979 2.00452 4.41719 10.9096 -8.51545 -6.02843 -3.19631 0.00773276 2.43747 6.3017 13.7965 -8.7855 -5.75238 -2.88454 1.68291 2.72138 8.27548 17.281 -6.86518 -6.40311 -2.12323 0.715092 2.89297 10.4925 17.6101 -5.98348 -5.22513 -1.7215 2.42478 2.61677 13.3512 9.5032 1.60624 -6.76785 -1.99357 -3.26202 2.25272 4.71141 14.7543 -10.5267 -5.93794 -3.37866 5.5873 1.59104
68.26 0.276985 5.99988 -7.22462 -4.4081 -3.23809 -0.320143 1.98313 4.05785 10.5704 -8.42429 -6.05424 -3.22802 -0.170134 2.39636 6.12031 13.3067 -8.88643 -5.77527 -2.9475 1.53792 2.68501 7.87557 16.6371 -7.22903 -6.44049 -2.26941 0.662249 2.89895 9.6895 17.8353 -6.56277 -5.25373 -1.77527 2.60467 2.67146 13.602 10.3606 0.704076 -6.7905 -1.93172 -3.22652 2.30804 5.08919 14.7375 -10.5164 -5.93868 -3.37729 5.5838 1.58717
68.31 0.721304 5.33131 -5.98754 -4.32283 -3.23653 -0.470129 1.96274 3.69941 10.2231 -8.2698 -6.07519 -3.25593 -0.346813 2.35584 5.94101 12.8534 -8.96858 -5.79802 -3.00283 1.38338 2.64674 7.54137 15.9532 -7.54094 -6.47838 -2.4092 0.582417 2.8938 9.05946 17.8443 -7.07421 -5.28184 -1.87134 2.73369 2.71758 13.7476 11.2535 -0.257172 -6.8378 -1.88303 -3.19095 2.36477 5.51213 14.7322 -10.5053 -5.93917 -3.37345 5.58058 1.58368
68.36 1.84121 4.72778 -4.66651 -4.23922 -3.23366 -0.606988 1.94338 3.36393 9.85463 -8.03342 -6.08954 -3.28031 -0.520697 2.31631 5.75868 12.4349 -9.03102 -5.82073 -3.0516 1.22122 2.60717 7.25509 15.2799 -7.80498 -6.51695 -2.53761 0.4797 2.87909 8.57995 17.6902 -7.50755 -5.30985 -1.99387 2.81351 2.75275 13.7705 12.1052 -1.13292 -6.89854 -1.84547 -3.1559 2.42198 5.95205 14.7434 -10.4936 -5.93939 -3.36589 5.57771 1.58062
68.41 3.83389 4.19457 -3.18732 -4.15861 -3.2292 -0.727172 1.92506 3.073 9.4475 -7.68709 -6.09459 -3.30142 -0.690156 2.27831 5.56695 12.047 -9.07167 -5.8434 -3.09473 1.05306 2.56678 7.00417 14.6446 -8.02705 -6.55632 -2.65299 0.358404 2.85649 8.1994 17.4334 -7.86658 -5.33778 -2.12562 2.85083 2.77615 13.6653 12.8775 -1.87191 -6.96574 -1.8172 -3.12185 2.4789 6.37717 14.7777 -10.4816 -5.93929 -3.35301 5.57532 1.57812
68.46 6.08847 3.74973 -1.70013 -4.08132 -3.21805 -0.826145 1.90787 2.85813 8.97958 -7.18964 -6.08553 -3.31943 -0.853566 2.24226 5.35753 11.6839 -9.08735 -5.86591 -3.13306 0.880206 2.52599 6.77954 14.0591 -8.21294 -6.59652 -2.75547 0.222524 2.82759 7.88053 17.1145 -8.16163 -5.36537 -2.25547 2.85357 2.78823 13.4344 13.5605 -2.48587 -7.03621 -1.79674 -3.08914 2.53491 6.76432 14.8419 -10.4698 -5.93879 -3.33329 5.57355 1.57636
68.51 7.89534 3.50319 -0.373995 -4.00711 -3.16992 -0.897524 1.89264 2.79827 8.42765 -6.4861 -6.05677 -3.33444 -1.00932 2.20816 5.12021 11.3393 -9.07367 -5.88799 -3.1673 0.703823 2.48515 6.57437 13.5255 -8.36727 -6.63743 -2.846 0.0755706 2.79378 7.60205 16.7563 -8.40448 -5.39227 -2.3777 2.82874 2.79015 13.085 14.1556 -3.00702 -7.10858 -1.78311 -3.05803 2.5895 7.10159 14.9412 -10.4582 -5.93782 -3.30578 5.57261 1.5756
68.56 8.99929 3.61291 0.753567 -3.93531 -3.04383 -0.931757 1.88232 3.10011 7.78228 -5.5142 -6.0049 -3.34636 -1.15584 2.17576 4.84519 11.0057 -9.02476 -5.90936 -3.19801 0.525012 2.44462 6.38314 13.0411 -8.4932 -6.67877 -2.92581 -0.0794168 2.75621 7.35228 16.3712 -8.60598 -5.41817 -2.48979 2.78181 2.78331 12.6272 14.6662 -3.46827 -7.18221 -1.77599 -3.02874 2.64223 7.386 15.0771 -10.4473 -5.93632 -3.27046 5.57271 1.57614
68.61 9.58287 4.01766 1.69602 -3.86528 -2.86776 -0.916979 1.88086 4.08044 7.06979 -4.22542 -5.93179 -3.35468 -1.29149 2.14482 4.52954 10.6752 -8.93257 -5.92974 -3.22565 0.344934 2.40482 6.20102 12.6008 -8.59234 -6.7201 -2.99619 -0.239798 2.71586 7.12453 15.9653 -8.77515 -5.44278 -2.59099 2.71675 2.76918 12.0729 15.093 -3.89745 -7.25671 -1.77622 -3.00149 2.69268 7.61978 15.2475 -10.4371 -5.93424 -3.22839 5.57405 1.57824
68.66 9.89213 4.61666 2.4733 -3.79687 -2.68645 -0.843151 1.89029 5.65032 6.35642 -2.71554 -5.84447 -3.35618 -1.41451 2.11528 4.18474 10.3385 -8.78583 -5.94808 -3.25045 0.164895 2.36624 6.02336 12.1978 -8.66485 -6.76082 -3.05837 -0.403262 2.67348 6.91446 15.5419 -8.91915 -5.4659 -2.6815 2.6362 2.74909 11.437 15.4298 -4.31658 -7.33185 -1.78662 -2.97655 2.74031 7.80648 15.4469 -10.4275 -5.93155 -3.18139 5.57679 1.58214
68.71 10.0612 5.34114 3.09681 -3.7307 -2.52116 -0.709439 1.91063 7.07467 5.74323 -1.28047 -5.7506 -3.33705 -1.52269 2.0875 3.84039 9.9844 -8.56832 -5.96156 -3.27256 -0.0136124 2.32911 5.8453 11.8252 -8.70957 -6.80019 -3.11346 -0.567773 2.62972 6.71883 15.1032 -9.04335 -5.48744 -2.76195 2.5418 2.72424 10.745 15.6578 -4.74149 -7.40742 -1.81342 -2.9544 2.78425 7.9474 15.6672 -10.4188 -5.92826 -3.13189 5.581 1.58799
68.76 10.1557 6.11473 3.55991 -3.66854 -2.37867 -0.524978 1.94077 8.0146 5.33285 -0.0868917 -5.65517 -3.27656 -1.6128 2.06276 3.54438 9.59782 -8.25635 -5.9667 -3.29198 -0.188894 2.29333 5.66114 11.4756 -8.72396 -6.83732 -3.16242 -0.731542 2.5851 6.5348 14.6527 -9.15155 -5.50738 -2.83321 2.43441 2.69564 10.0405 15.7434 -5.17979 -7.48325 -1.86642 -2.93591 2.82307 8.03889 15.8978 -10.4108 -5.92441 -3.08276 5.58671 1.59581
68.81 10.2092 6.89608 3.82838 -3.61409 -2.25951 -0.301267 1.97909 8.58913 5.1342 0.85958 -5.56049 -3.17524 -1.68042 2.04303 3.34652 9.1592 -7.81579 -5.95946 -3.30873 -0.35907 2.25874 5.46375 11.1412 -8.70393 -6.8712 -3.2061 -0.893008 2.54007 6.35953 14.1973 -9.24619 -5.52582 -2.89621 2.31459 2.66418 9.37717 15.6556 -5.62809 -7.55919 -1.95423 -2.92239 2.85461 8.07302 16.1254 -10.4037 -5.92012 -3.03735 5.5938 1.6055
68.86 10.2396 7.69818 3.82976 -3.57401 -2.16171 -0.0480192 2.02383 8.98248 5.09392 1.6004 -5.46753 -3.04983 -1.72029 2.02998 3.28794 8.64561 -7.2015 -5.93512 -3.32277 -0.522091 2.22529 5.24429 10.8138 -8.64333 -6.90066 -3.24521 -1.05082 2.49503 6.19001 13.746 -9.32843 -5.54294 -2.95187 2.18296 2.63056 8.79124 15.3986 -6.07222 -7.63498 -2.07542 -2.91526 2.87648 8.04424 16.3347 -10.3977 -5.91561 -2.99932 5.60203 1.61679
68.91 10.2569 8.57864 3.44732 -3.55877 -2.08256 0.227398 2.07333 9.3122 5.1755 2.17935 -5.3768 -2.91331 -1.7262 2.02468 3.44141 8.04063 -6.36472 -5.88954 -3.33398 -0.675736 2.19299 4.99346 10.4841 -8.53302 -6.92441 -3.28032 -1.20383 2.45032 6.02283 13.3078 -9.39831 -5.55901 -3.00108 2.04055 2.59537 8.29108 15.0168 -6.49306 -7.71023 -2.21777 -2.91538 2.88704 7.95672 16.5111 -10.3931 -5.91112 -2.97175 5.61103 1.62919
68.96 10.2662 9.60112 2.57195 -3.57953 -2.01945 0.51932 2.12612 9.64567 5.37917 2.63092 -5.28885 -2.77179 -1.69101 2.02775 3.99852 7.35551 -5.26434 -5.82229 -3.34201 -0.817549 2.16191 4.70681 10.1412 -8.35934 -6.941 -3.31187 -1.35104 2.40627 5.85394 12.8887 -9.45482 -5.57429 -3.04466 1.8888 2.5591 7.86901 14.5668 -6.87471 -7.78436 -2.36656 -2.92272 2.88598 7.82368 16.6447 -10.3901 -5.9069 -2.95621 5.62035 1.64208
69.01 10.2688 10.738 1.28756 -3.63477 -1.97009 0.822823 2.1809 10.0176 5.7439 2.97591 -5.20452 -2.62763 -1.60696 2.03961 5.22383 6.64262 -3.88565 -5.73861 -3.34506 -0.94469 2.13216 4.39356 9.7713 -8.1017 -6.94873 -3.3401 -1.49159 2.36332 5.67835 12.4914 -9.49604 -5.58902 -3.08336 1.72938 2.52213 7.51243 14.0942 -7.20855 -7.85668 -2.51094 -2.93649 2.87412 7.66107 16.732 -10.389 -5.90316 -2.95253 5.62949 1.6548
69.06 10.2585 11.8583 -0.111807 -3.70675 -1.93255 1.13268 2.23659 10.4259 6.31413 3.21316 -5.12577 -2.48334 -1.46848 2.06053 6.81764 5.99609 -2.38506 -5.64628 -3.33277 -1.05357 2.1041 4.08505 9.35664 -7.7294 -6.94434 -3.36508 -1.62469 2.3219 5.48959 12.1161 -9.51915 -5.60334 -3.11786 1.56393 2.48477 7.20827 13.6276 -7.49258 -7.9265 -2.64499 -2.95555 2.85296 7.48259 16.7752 -10.3898 -5.90002 -2.95912 5.63805 1.66673
69.11 10.2082 12.867 -1.4202 -3.78077 -1.90584 1.44217 2.29227 10.8463 7.07347 3.30189 -5.05728 -2.34376 -1.27901 2.09046 8.05514 5.56051 -1.03859 -5.55133 -3.27604 -1.13901 2.07891 3.84894 8.87496 -7.19879 -6.92268 -3.38674 -1.74961 2.28209 5.27924 11.7604 -9.52054 -5.61731 -3.14876 1.39394 2.44731 6.94476 13.1821 -7.72866 -7.99311 -2.76639 -2.97865 2.82415 7.29806 16.7797 -10.3924 -5.89754 -2.97376 5.64569 1.67741
69.16 10.0437 13.7289 -2.60025 -3.85134 -1.892 1.74137 2.34704 11.2559 7.99052 3.13576 -5.00901 -2.21438 -1.04907 2.12885 8.815 5.40483 0.0510595 -5.45695 -3.16209 -1.1936 2.0591 3.80494 8.30507 -6.455 -6.87874 -3.40488 -1.86562 2.24376 5.03717 11.4203 -9.49564 -5.63087 -3.17656 1.22066 2.41002 6.71202 12.7639 -7.92006 -8.05586 -2.87487 -3.00466 2.78928 7.11379 16.7524 -10.3967 -5.89572 -2.99412 5.6522 1.68651
69.21 9.61779 14.4101 -3.7133 -3.91754 -1.9008 2.01495 2.39965 11.6341 9.09789 2.54109 -4.99739 -2.09936 -0.789504 2.17461 9.33502 5.47755 0.901392 -5.36449 -3.01226 -1.20833 2.04717 4.14946 7.64428 -5.44147 -6.81027 -3.41906 -1.97194 2.20681 4.75458 11.0904 -9.43872 -5.64402 -3.20168 1.04524 2.3732 6.50194 12.3735 -8.06993 -8.1141 -2.97117 -3.03264 2.74974 6.93341 16.7003 -10.4024 -5.89451 -3.01812 5.65748 1.69386
69.26 8.74244 14.823 -4.87369 -3.98006 -1.95809 2.24233 2.44761 11.9504 10.4109 1.46445 -5.0325 -2.001 -0.508881 2.22621 9.80334 5.75752 1.5512 -5.27488 -2.84566 -1.17344 2.04476 5.16057 6.93076 -4.12164 -6.7206 -3.42768 -2.06765 2.17132 4.43137 10.7643 -9.34228 -5.65678 -3.22439 0.868741 2.33722 6.30781 12.0088 -8.1805 -8.16721 -3.05643 -3.06181 2.70669 6.75865 16.6297 -10.4094 -5.89385 -3.04408 5.66151 1.69939
69.31 7.39776 14.8665 -6.15545 -4.04005 -2.09189 2.40775 2.48618 12.153 11.7736 0.226952 -5.09642 -1.91997 -0.213751 2.28191 10.2931 6.2705 2.02254 -5.18988 -2.6723 -1.08069 2.05287 6.6785 6.25334 -2.61384 -6.6176 -3.42198 -2.15157 2.13756 4.08431 10.4341 -9.19623 -5.66836 -3.24485 0.692295 2.30251 6.12383 11.6654 -8.25271 -8.21456 -3.13187 -3.09156 2.6611 6.58993 16.5457 -10.4174 -5.89365 -3.07075 5.66432 1.70315
69.36 5.89291 14.6597 -7.45809 -4.09834 -2.26824 2.51085 2.51073 12.2007 13.0229 -0.856718 -5.16574 -1.85563 0.0899393 2.34005 10.7998 7.00105 2.29681 -5.11377 -2.50091 -0.930555 2.07198 7.9549 5.75851 -1.21291 -6.50888 -3.37447 -2.22174 2.10656 3.75453 10.0901 -8.98641 -5.6763 -3.26309 0.517175 2.26921 5.94462 11.338 -8.28588 -8.25547 -3.19868 -3.12141 2.61375 6.42669 16.4528 -10.4261 -5.89381 -3.09723 5.66599 1.70522
69.41 4.5485 14.4002 -8.63791 -4.15492 -2.43318 2.56207 2.52113 12.1049 14.1126 -1.72402 -5.23102 -1.8066 0.394379 2.39925 11.3018 7.90688 2.28677 -5.05612 -2.34048 -0.73246 2.10181 8.75488 5.5321 -0.0643985 -6.39908 -3.26793 -2.2749 2.08062 3.50064 9.71927 -8.6925 -5.67764 -3.27907 0.344887 2.23716 5.76468 11.0203 -8.27745 -8.28916 -3.25793 -3.15101 2.56531 6.26756 16.3541 -10.4354 -5.89425 -3.12292 5.66663 1.70572
69.46 3.46813 14.1513 -9.64899 -4.20938 -2.57153 2.57355 2.52009 11.8935 15.0475 -2.41636 -5.28983 -1.77141 0.686525 2.45842 11.782 9.00806 1.82761 -5.03361 -2.19757 -0.497595 2.14135 9.29298 5.51686 0.836367 -6.29039 -3.12135 -2.30704 2.06221 3.36023 9.30412 -8.2854 -5.66888 -3.29276 0.17724 2.20624 5.57782 10.705 -8.22229 -8.31474 -3.31055 -3.18009 2.51633 6.11048 16.2523 -10.445 -5.89488 -3.14746 5.66634 1.70479
69.51 2.63391 13.9154 -10.499 -4.26134 -2.68513 2.55498 2.51043 11.5846 15.8407 -2.98872 -5.34211 -1.7493 0.947025 2.51663 12.2264 10.3248 0.848245 -5.05872 -2.07541 -0.235317 2.18903 9.76759 5.64972 1.53153 -6.18404 -2.95492 -2.31368 2.05306 3.34753 8.82311 -7.72609 -5.64572 -3.30414 0.0164117 2.1764 5.37697 10.3834 -8.1117 -8.33103 -3.35736 -3.20844 2.4673 5.95265 16.1492 -10.4548 -5.89562 -3.17066 5.66523 1.70256
69.56 1.99939 13.6839 -11.2082 -4.31052 -2.77839 2.51323 2.49442 11.1906 16.5002 -3.48753 -5.38892 -1.74086 1.15996 2.57299 12.6172 11.7081 -0.340803 -5.1156 -1.97434 0.0471908 2.24301 10.2617 5.90371 2.0596 -6.08122 -2.77947 -2.28953 2.05432 3.49414 8.25694 -6.97151 -5.6037 -3.3131 -0.134963 2.14772 5.15541 10.0444 -7.93162 -8.33652 -3.39901 -3.23592 2.41859 5.7903 16.0461 -10.4647 -5.89641 -3.19245 5.66341 1.69918
69.61 1.5198 13.4483 -11.7972 -4.35677 -2.8553 2.45284 2.47379 10.7232 17.0233 -3.94843 -5.43165 -1.74863 1.3237 2.62654 12.9233 12.9865 -1.402 -5.17948 -1.89269 0.344198 2.30145 10.775 6.26602 2.44507 -5.98354 -2.6042 -2.22855 2.06667 3.90981 7.60624 -5.98885 -5.54084 -3.31937 -0.273635 2.12025 4.91214 9.67378 -7.65982 -8.32921 -3.43599 -3.26242 2.37056 5.61841 15.9439 -10.4745 -5.89719 -3.21284 5.66098 1.69478
69.66 1.15839 13.2022 -12.2839 -4.40005 -2.91906 2.37659 2.44985 10.1979 17.3933 -4.39789 -5.47153 -1.77761 1.44482 2.67602 13.1005 14.1096 -2.26181 -5.2395 -1.82793 0.65036 2.3627 11.2866 6.74389 2.6927 -5.89356 -2.4386 -2.12459 2.09006 4.84801 6.91052 -4.75574 -5.46038 -3.32187 -0.395468 2.09409 4.66418 9.25275 -7.26208 -8.30651 -3.4686 -3.28786 2.32359 5.43019 15.8433 -10.4842 -5.89796 -3.2319 5.65804 1.68946
69.71 0.886477 12.9416 -12.6832 -4.44039 -2.97221 2.28598 2.42359 9.63618 17.5825 -4.85349 -5.50949 -1.8343 1.53006 2.71979 13.102 15.0833 -2.96286 -5.29273 -1.77752 0.959326 2.42539 11.7805 7.38775 2.77058 -5.81631 -2.28971 -1.97199 2.12367 6.42472 6.25246 -3.30341 -5.36949 -3.3141 -0.494963 2.06944 4.46801 8.75889 -6.68841 -8.26499 -3.49688 -3.31218 2.27817 5.21675 15.7445 -10.4936 -5.89876 -3.24975 5.65465 1.68334
69.76 0.682088 12.6657 -13.0066 -4.47793 -3.01673 2.18172 2.39576 9.06576 17.5669 -5.32169 -5.54618 -1.92297 1.58384 2.75579 12.8913 15.9245 -3.56367 -5.33882 -1.73937 1.26156 2.48838 12.2458 8.26399 2.56995 -5.76287 -2.16089 -1.77007 2.16602 7.99897 5.79711 -1.86367 -5.27484 -3.26567 -0.564369 2.04721 4.46785 8.17371 -5.87345 -8.20018 -3.52057 -3.33534 2.23462 4.96774 15.6478 -10.5027 -5.89979 -3.26647 5.65091 1.6766
69.81 0.528535 12.3759 -13.263 -4.51284 -3.05419 2.06426 2.36693 8.51505 17.3476 -5.79535 -5.58206 -2.04064 1.60851 2.78196 12.4509 16.6468 -4.11342 -5.37853 -1.71247 1.54141 2.55072 12.6743 9.41058 1.90859 -5.75139 -2.05273 -1.52731 2.21535 9.05045 5.72458 -0.652267 -5.1806 -3.14078 -0.592528 2.03022 4.9661 7.50363 -4.74743 -8.11027 -3.53865 -3.35729 2.1929 4.67549 15.5536 -10.5114 -5.90155 -3.28215 5.64686 1.66946
69.86 0.413197 12.0758 -13.4582 -4.54532 -3.08584 1.93427 2.33756 8.00808 16.9571 -6.25637 -5.61735 -2.17634 1.6052 2.79699 11.7921 17.2545 -4.64747 -5.4133 -1.69798 1.77872 2.61156 13.0574 10.7707 0.800034 -5.78827 -1.96425 -1.25585 2.26978 9.75989 6.02049 0.286626 -5.08908 -2.96162 -0.566414 2.02214 6.16466 6.80595 -3.31647 -7.99974 -3.54631 -3.37791 2.153 4.34367 15.4622 -10.5198 -5.90469 -3.29679 5.64257 1.66233
69.91 0.32655 11.7694 -13.5956 -4.57552 -3.11269 1.79295 2.30798 7.56012 16.444 -6.68469 -5.65212 -2.3165 1.57477 2.80069 10.9735 17.7317 -5.18467 -5.44474 -1.70185 1.96199 2.66984 13.3786 12.1388 -0.380846 -5.85108 -1.89345 -0.966698 2.32758 10.354 6.60922 0.958844 -5.00306 -2.76303 -0.478424 2.02545 7.51442 6.20813 -1.82782 -7.87699 -3.52428 -3.39685 2.11541 3.99815 15.3746 -10.5276 -5.90879 -3.31031 5.63808 1.6555
69.96 0.261425 11.4601 -13.6759 -4.60348 -3.13556 1.6419 2.27846 7.17506 15.8568 -7.06671 -5.68634 -2.45068 1.51836 2.79399 10.1143 18.0322 -5.72345 -5.47426 -1.73725 2.09395 2.72386 13.6036 13.3748 -1.38062 -5.91883 -1.83777 -0.669705 2.38726 10.9071 7.40989 1.33375 -4.92871 -2.56671 -0.332598 2.04121 8.45451 5.84745 -0.539421 -7.74928 -3.44608 -3.41306 2.08173 3.69078 15.2916 -10.535 -5.91298 -3.32257 5.63346 1.64895
70.01 0.212438 11.1493 -13.6974 -4.62907 -3.15509 1.48286 2.24921 6.84707 15.2394 -7.39756 -5.72007 -2.57319 1.43779 2.77837 9.34856 18.1056 -6.24433 -5.50293 -1.81685 2.18222 2.77084 13.6826 14.4533 -2.17805 -5.98372 -1.79465 -0.376132 2.44765 11.4314 8.39167 1.30158 -4.87882 -2.38587 -0.139279 2.06923 9.05161 5.71967 0.489597 -7.62064 -3.31821 -3.42511 2.05426 3.46776 15.214 -10.5416 -5.91692 -3.33347 5.62874 1.64253
70.06 0.175551 10.836 -13.6557 -4.65193 -3.17182 1.31747 2.22037 6.56509 14.6286 -7.67861 -5.75341 -2.6821 1.33572 2.75552 8.73426 17.959 -6.72313 -5.53135 -1.93596 2.23335 2.80768 13.5729 15.3869 -2.82354 -6.04344 -1.7619 -0.101965 2.50787 11.9229 9.5936 0.713217 -4.87104 -2.22758 0.0910793 2.10828 9.52204 5.75602 1.28915 -7.49307 -3.16252 -3.43189 2.0349 3.34046 15.1421 -10.5471 -5.92053 -3.34299 5.62399 1.63617
70.11 0.147746 10.5161 -13.5432 -4.67135 -3.18619 1.14714 2.19207 6.31677 14.0485 -7.91415 -5.78655 -2.77756 1.21535 2.727 8.25138 17.6515 -7.14423 -5.55972 -2.07567 2.25242 2.83247 13.2614 16.1931 -3.3712 -6.0976 -1.73794 0.13436 2.56724 12.3688 10.9655 -0.327185 -4.90644 -2.09427 0.349647 2.15645 9.99345 5.91761 1.90135 -7.36798 -2.9921 -3.43269 2.02497 3.30051 15.0759 -10.5514 -5.92378 -3.3512 5.61925 1.62992
70.16 0.12678 10.1821 -13.3477 -4.68617 -3.19851 0.973096 2.16441 6.0903 13.5108 -8.10897 -5.81969 -2.86071 1.07994 2.69417 7.86192 17.2409 -7.50383 -5.58792 -2.21867 2.24362 2.84497 12.7613 16.8842 -3.86461 -6.14677 -1.72203 0.324281 2.6252 12.7405 12.3127 -1.41919 -4.96054 -1.98518 0.628967 2.21159 10.4952 6.18248 2.35903 -7.24688 -2.81542 -3.42706 2.02544 3.33628 15.0154 -10.5542 -5.92669 -3.35821 5.61456 1.62382
70.21 0.11101 9.82267 -13.0506 -4.69457 -3.20903 0.796428 2.13744 5.87477 13.0182 -8.26701 -5.85296 -2.93305 0.932461 2.65817 7.5366 16.7648 -7.80623 -5.61567 -2.35474 2.21027 2.84616 12.0997 17.4619 -4.33626 -6.19187 -1.71504 0.471599 2.68121 12.9888 13.5201 -2.35252 -5.0152 -1.89774 0.922194 2.27161 11.0085 6.52568 2.68168 -7.13168 -2.64204 -3.41485 2.03682 3.43565 14.9604 -10.5551 -5.92926 -3.36411 5.60995 1.61795
70.26 0.0992941 9.42174 -12.6245 -4.69381 -3.21793 0.618223 2.11122 5.65948 12.568 -8.39085 -5.88637 -2.99609 0.775423 2.61989 7.25629 16.2447 -8.05933 -5.64271 -2.47925 2.15484 2.83761 11.3182 17.9092 -4.80794 -6.23382 -1.72108 0.583223 2.73457 13.0557 14.5716 -3.12944 -5.06478 -1.82889 1.22235 2.33466 11.5125 6.9249 2.87529 -7.02489 -2.48096 -3.39637 2.05886 3.58573 14.9107 -10.5541 -5.9315 -3.36898 5.60545 1.61234
70.31 0.0910129 8.95802 -12.0317 -4.6801 -3.22527 0.439663 2.0858 5.43316 12.1549 -8.48149 -5.91976 -3.05121 0.610933 2.58007 7.00862 15.6952 -8.27164 -5.66883 -2.59077 2.07914 2.82098 10.486 18.1829 -5.2889 -6.27347 -1.74995 0.664024 2.78409 12.8905 15.4803 -3.80824 -5.1084 -1.7759 1.52181 2.39919 11.9936 7.37101 2.93179 -6.92985 -2.33789 -3.37238 2.0906 3.7754 14.8662 -10.5511 -5.93343 -3.37288 5.60108 1.60702
70.36 0.086437 8.40912 -11.2329 -4.64901 -3.23106 0.262104 2.06122 5.18357 11.7719 -8.53834 -5.9528 -3.09965 0.440776 2.53928 6.78516 15.1318 -8.45082 -5.69397 -2.6895 1.98461 2.79784 9.69905 18.2219 -5.77349 -6.31159 -1.81516 0.715828 2.8277 12.4586 16.2606 -4.44434 -5.14665 -1.73712 1.8121 2.46394 12.442 7.87174 2.82682 -6.85112 -2.21499 -3.34392 2.13053 3.99854 14.8268 -10.5462 -5.93507 -3.37584 5.59687 1.60201
70.41 0.0883651 7.76617 -10.2159 -4.59769 -3.2352 0.0871352 2.03751 4.89952 11.4117 -8.55915 -5.98491 -3.14242 0.266542 2.49799 6.57973 14.5725 -8.60298 -5.7182 -2.77638 1.87288 2.76957 9.02989 17.9967 -6.24389 -6.3489 -1.92127 0.73805 2.86253 11.7654 16.9172 -5.07327 -5.18061 -1.71345 2.08373 2.52782 12.8498 8.45118 2.51777 -6.79489 -2.11192 -3.31215 2.1769 4.25603 14.7929 -10.5394 -5.93642 -3.37782 5.59284 1.59731
70.46 0.108558 7.05401 -9.0352 -4.52812 -3.23762 -0.0833969 2.01471 4.57695 11.0662 -8.53971 -6.01529 -3.18032 0.0897341 2.45655 6.38731 14.0344 -8.73255 -5.74171 -2.85261 1.74594 2.73732 8.48858 17.5449 -6.67983 -6.38597 -2.05628 0.729478 2.88617 10.9012 17.4325 -5.70059 -5.21155 -1.71143 2.32603 2.58954 13.2075 9.14191 1.9554 -6.76847 -2.0271 -3.27817 2.228 4.55583 14.7649 -10.531 -5.93752 -3.3787 5.589 1.59294
70.51 0.189354 6.32632 -7.7949 -4.44718 -3.23831 -0.247375 1.99287 4.22487 10.7272 -8.47335 -6.04285 -3.21389 -0.0881508 2.41527 6.20344 13.5281 -8.8422 -5.76474 -2.91948 1.60611 2.70206 8.05053 16.943 -7.06777 -6.4232 -2.2023 0.690193 2.89765 10.0405 17.7597 -6.30271 -5.24065 -1.74476 2.52784 2.64711 13.4979 9.95536 1.13857 -6.77628 -1.95849 -3.24295 2.28229 4.90823 14.7441 -10.5213 -5.93837 -3.37817 5.58539 1.58891
70.56 0.458756 5.63217 -6.56103 -4.3621 -3.23742 -0.402394 1.97202 3.86316 10.3851 -8.34993 -6.06624 -3.24351 -0.265575 2.37443 6.02375 13.058 -8.93305 -5.78754 -2.97819 1.45571 2.66459 7.68861 16.2698 -7.40335 -6.46083 -2.34594 0.622342 2.89747 9.32834 17.8644 -6.84782 -5.2689 -1.82257 2.68057 2.69756 13.6949 10.8429 0.182296 -6.8137 -1.90399 -3.20733 2.33849 5.31295 14.733 -10.5105 -5.93898 -3.3756 5.58203 1.58524
70.61 1.21382 4.99762 -5.29453 -4.27746 -3.23514 -0.545706 1.95218 3.51447 10.0282 -8.15413 -6.08387 -3.26949 -0.44095 2.33439 5.84352 12.6239 -9.00477 -5.81025 -3.02986 1.29685 2.62555 7.38207 15.5869 -7.68878 -6.49907 -2.47996 0.52964 2.88696 8.78585 17.7773 -7.31738 -5.29693 -1.93529 2.78245 2.73798 13.7757 11.7209 -0.744981 -6.86941 -1.86154 -3.17197 2.39558 5.74918 14.7358 -10.499 -5.93933 -3.36994 5.57899 1.58197
70.66 2.82784 4.43144 -3.88477 -4.19538 -3.23154 -0.674072 1.93338 3.2001 9.64138 -7.86276 -6.09367 -3.29208 -0.612653 2.29561 5.65703 12.2224 -9.05581 -5.83295 -3.07548 1.13127 2.58548 7.11615 14.9318 -7.92946 -6.53806 -2.60141 0.416391 2.86779 8.36544 17.5615 -7.70964 -5.32492 -2.06457 2.83838 2.76681 13.7297 12.5322 -1.54817 -6.93421 -1.82919 -3.13741 2.45272 6.18468 14.7585 -10.4871 -5.93938 -3.35972 5.57636 1.57919
70.71 5.07154 3.94047 -2.37264 -4.11656 -3.22499 -0.78348 1.91564 2.94464 9.20451 -7.44106 -6.09184 -3.3115 -0.779054 2.25863 5.45693 11.8487 -9.08347 -5.85556 -3.11593 0.960433 2.54483 6.88035 14.3226 -8.13137 -6.57788 -2.70976 0.286771 2.84161 8.02158 17.2675 -8.03274 -5.3527 -2.19628 2.85612 2.784 13.5562 13.2566 -2.21633 -7.00341 -1.80529 -3.10404 2.50922 6.59148 14.8082 -10.4752 -5.93907 -3.34332 5.57428 1.57706
70.76 7.14526 3.57916 -0.961129 -4.04098 -3.20028 -0.868556 1.8993 2.79742 8.69384 -6.84011 -6.07279 -3.3279 -0.938538 2.22365 5.23382 11.4964 -9.08396 -5.87788 -3.15197 0.785542 2.50397 6.66696 13.7652 -8.29977 -6.61849 -2.80566 0.14452 2.8099 7.72637 16.9254 -8.29823 -5.37997 -2.32249 2.84323 2.79044 13.2603 13.8918 -2.776 -7.07502 -1.78859 -3.07216 2.56453 6.95259 14.8909 -10.4635 -5.93833 -3.31946 5.57293 1.57581
70.81 8.57264 3.51723 0.257746 -3.96818 -3.11145 -0.921323 1.8862 2.89592 8.09089 -5.99976 -6.03173 -3.34127 -1.08951 2.19051 4.97717 11.1586 -9.05215 -5.89961 -3.18425 0.607712 2.46325 6.46993 13.2587 -8.43851 -6.65967 -2.89025 -0.00711259 2.77394 7.46442 16.5517 -8.51756 -5.40637 -2.43942 2.80591 2.78746 12.8511 14.441 -3.26107 -7.14812 -1.77844 -3.04201 2.61817 7.26133 15.0099 -10.4523 -5.93708 -3.28768 5.57253 1.57571
70.86 9.35996 3.80256 1.283 -3.89739 -2.95177 -0.93064 1.88025 3.52908 7.40331 -4.85944 -5.96778 -3.35137 -1.23038 2.15892 4.67984 10.8278 -8.9811 -5.92049 -3.21327 0.428067 2.42305 6.28418 12.7988 -8.5499 -6.70107 -2.96482 -0.165312 2.73476 7.22715 16.1548 -8.70064 -5.4316 -2.54567 2.74881 2.77652 12.3397 14.9067 -3.70195 -7.22226 -1.77508 -3.01379 2.66973 7.518 15.1649 -10.4417 -5.93528 -3.24853 5.57327 1.57706
70.91 9.77282 4.32025 2.13429 -3.8282 -2.7689 -0.884891 1.88455 4.89719 6.67997 -3.42144 -5.88598 -3.35684 -1.35946 2.12873 4.34595 10.4952 -8.86118 -5.94002 -3.23935 0.247836 2.38386 6.10504 12.3795 -8.63476 -6.74216 -3.03064 -0.327623 2.69323 7.00937 15.7392 -8.85549 -5.45543 -2.64105 2.67515 2.75902 11.7392 15.2865 -4.12335 -7.29713 -1.78026 -2.98774 2.71874 7.72605 15.3518 -10.4318 -5.93287 -3.20354 5.57534 1.58011
70.96 9.99543 4.99656 2.82823 -3.76086 -2.59476 -0.778108 1.89994 6.47364 6.00587 -1.917 -5.79432 -3.34993 -1.47482 2.10004 3.99645 10.1508 -8.67873 -5.95617 -3.26269 0.0684241 2.34606 5.92781 11.9938 -8.69253 -6.78225 -3.08887 -0.491888 2.65004 6.80745 15.3072 -8.98825 -5.47771 -2.72604 2.58699 2.73622 11.0688 15.5681 -4.54409 -7.37253 -1.79846 -2.96422 2.76452 7.88819 15.5636 -10.4227 -5.92985 -3.15486 5.57887 1.58504
71.01 10.1188 5.75573 3.36767 -3.69653 -2.44144 -0.615607 1.92575 7.63859 5.49367 -0.605 -5.69918 -3.31025 -1.57374 2.07367 3.67145 9.78128 -8.41388 -5.96561 -3.28336 -0.108568 2.30968 5.74725 11.6345 -8.72131 -6.82053 -3.14054 -0.656206 2.60575 6.61841 14.8616 -9.10345 -5.49838 -2.80143 2.48552 2.70924 10.3635 15.724 -4.97591 -7.44825 -1.83803 -2.94391 2.80593 8.00329 15.791 -10.4144 -5.92624 -3.10517 5.5839 1.59196
71.06 10.1882 6.53515 3.73234 -3.6379 -2.31167 -0.408646 1.96051 8.35653 5.20275 0.451419 -5.60398 -3.22603 -1.65234 2.05139 3.42295 9.36941 -8.03762 -5.96463 -3.30134 -0.281343 2.27455 5.55696 11.294 -8.71778 -6.85605 -3.18656 -0.818914 2.56086 6.43946 14.4074 -9.20413 -5.51749 -2.86812 2.37137 2.679 9.67501 15.7185 -5.42078 -7.52416 -1.90919 -2.92792 2.84113 8.06493 16.0218 -10.4069 -5.92214 -3.0576 5.59037 1.60081
71.11 10.2277 7.32281 3.86879 -3.59014 -2.20433 -0.167972 2.0025 8.81451 5.09596 1.28133 -5.51015 -3.10966 -1.70572 2.03509 3.29462 8.89321 -7.50959 -5.94878 -3.31664 -0.447929 2.24058 5.34887 10.9645 -8.67682 -6.8877 -3.2277 -0.978568 2.51579 6.26769 13.953 -9.29201 -5.53519 -2.92705 2.24509 2.64629 9.05077 15.536 -5.8691 -7.60006 -2.01598 -2.91768 2.86773 8.06533 16.2415 -10.4003 -5.9177 -3.01573 5.59811 1.61141
71.16 10.2502 8.15803 3.6801 -3.56191 -2.11693 0.0980065 2.05001 9.16295 5.12362 1.92998 -5.41834 -2.97713 -1.72813 2.02612 3.33601 8.33122 -6.78115 -5.91336 -3.32917 -0.606187 2.20774 5.11354 10.6371 -8.59082 -6.91426 -3.26459 -1.13393 2.47088 6.09988 13.5078 -9.36766 -5.55171 -2.97913 2.10749 2.61176 8.51139 15.2047 -6.30302 -7.67562 -2.15047 -2.9144 2.88363 8.00369 16.4346 -10.395 -5.91317 -2.98302 5.60681 1.62337
71.21 10.2627 9.11021 3.03868 -3.56508 -2.04672 0.38295 2.10145 9.48839 5.26843 2.43677 -5.32903 -2.83749 -1.71283 2.02526 3.6722 7.67905 -5.8069 -5.85578 -3.33875 -0.753782 2.17608 4.84331 10.3018 -8.44844 -6.93433 -3.29774 -1.28393 2.42648 5.93234 13.0794 -9.43052 -5.56733 -3.02521 1.95984 2.57594 8.05473 14.7795 -6.70429 -7.75035 -2.29795 -2.91847 2.88788 7.88967 16.5887 -10.3913 -5.9088 -2.96185 5.61604 1.63611
71.26 10.2685 10.207 1.91342 -3.60597 -1.99128 0.681717 2.15546 9.8406 5.55202 2.82944 -5.24288 -2.69434 -1.65229 2.03302 4.57159 6.97002 -4.55268 -5.77875 -3.34455 -0.888078 2.1457 4.53996 9.94627 -8.23264 -6.94642 -3.32748 -1.42765 2.38297 5.76054 12.6719 -9.47909 -5.58229 -3.06608 1.80375 2.53924 7.66961 14.3128 -7.06077 -7.8236 -2.44538 -2.92941 2.88085 7.73878 16.6974 -10.3893 -5.90482 -2.95283 5.62533 1.64899
71.31 10.2659 11.3517 0.530141 -3.67267 -1.94849 0.989357 2.21085 10.2345 6.02502 3.11852 -5.16119 -2.54964 -1.53915 2.04975 6.09067 6.2776 -3.07244 -5.68949 -3.34184 -1.0059 2.11679 4.22354 9.55479 -7.91782 -6.94818 -3.35396 -1.56427 2.3408 5.57877 12.2866 -9.51095 -5.59678 -3.10243 1.64089 2.50203 7.34283 13.8409 -7.36771 -7.89466 -2.58466 -2.94618 2.86377 7.56616 16.7605 -10.3892 -5.90139 -2.95494 5.6342 1.66136
71.36 10.2396 12.4186 -0.833461 -3.74689 -1.91679 1.30001 2.26665 10.6525 6.70278 3.28434 -5.08712 -2.40719 -1.37213 2.07556 7.55225 5.72659 -1.62939 -5.59518 -3.30965 -1.10294 2.09003 3.94248 9.10696 -7.4665 -6.93517 -3.37718 -1.69306 2.30025 5.37956 11.9222 -9.52286 -5.61091 -3.13492 1.47282 2.46458 7.06192 13.3844 -7.62554 -7.96283 -2.71202 -2.96757 2.83828 7.38344 16.782 -10.391 -5.8986 -2.96616 5.64229 1.67267
71.41 10.1413 13.3511 -2.0697 -3.81933 -1.89643 1.60547 2.32196 11.0696 7.54751 3.25417 -5.02783 -2.27247 -1.15941 2.11015 8.50991 5.44438 -0.419506 -5.5003 -3.2207 -1.17281 2.0674 3.79139 8.57977 -6.82824 -6.90202 -3.39698 -1.81327 2.26126 5.15342 11.5755 -9.51072 -5.62467 -3.16409 1.30091 2.42718 6.8161 12.9533 -7.83712 -8.02744 -2.82641 -2.99237 2.80602 7.19847 16.7685 -10.3945 -5.89648 -2.98416 5.64934 1.68252
71.46 9.85908 14.1222 -3.20169 -3.88752 -1.89276 1.8932 2.37576 11.4651 8.55957 2.87948 -4.99706 -2.15043 -0.912298 2.15268 9.11022 5.41874 0.536359 -5.40684 -3.08431 -1.2071 2.05157 3.92462 7.95903 -5.94582 -6.84483 -3.41306 -1.92416 2.22368 4.89026 11.2416 -9.46938 -5.638 -3.1904 1.12634 2.3901 6.59648 12.5502 -8.0058 -8.08784 -2.92821 -3.01955 2.76847 7.01597 16.727 -10.3996 -5.895 -3.00671 5.6552 1.69069
71.51 9.21107 14.6744 -4.32492 -3.95161 -1.92323 2.1445 2.42631 11.815 9.78594 2.00783 -5.011 -2.04422 -0.640472 2.20179 9.5866 5.60113 1.27434 -5.31578 -2.92384 -1.19633 2.04461 4.59993 7.26203 -4.76741 -6.76414 -3.42464 -2.02489 2.1875 4.58489 10.9147 -9.39224 -5.65095 -3.2142 0.950208 2.35368 6.39575 12.1741 -8.1343 -8.14339 -3.0184 -3.04825 2.72691 6.8385 16.6642 -10.406 -5.8941 -3.03195 5.65981 1.69707
71.56 8.06235 14.8916 -5.55139 -4.01262 -2.02095 2.33954 2.46993 12.0775 11.1523 0.790914 -5.06519 -1.95521 -0.351303 2.25582 10.0638 6.0042 1.82726 -5.22833 -2.75257 -1.13091 2.04778 5.96396 6.55305 -3.31362 -6.66622 -3.42768 -2.11443 2.15287 4.24538 10.5875 -9.27054 -5.6633 -3.23569 0.773591 2.31834 6.20777 11.8214 -8.22417 -8.19348 -3.09822 -3.0778 2.68239 6.66701 16.5858 -10.4136 -5.89369 -3.05843 5.66317 1.70164
71.61 6.58158 14.7705 -6.86594 -4.07165 -2.18597 2.4705 2.50127 12.1982 12.4658 -0.38425 -5.13396 -1.88331 -0.0507736 2.31303 10.5655 6.64049 2.1984 -5.14732 -2.57911 -1.00645 2.0618 7.42918 5.95446 -1.83123 -6.55937 -3.40368 -2.19126 2.12039 3.90074 10.2512 -9.09222 -5.67328 -3.25496 0.597688 2.2844 6.02702 11.4874 -8.27554 -8.23745 -3.16887 -3.10766 2.63576 6.50137 16.4966 -10.422 -5.8937 -3.08509 5.66536 1.70447
71.66 5.13756 14.5199 -8.11396 -4.12906 -2.3602 2.54408 2.51794 12.165 13.63 -1.34909 -5.20165 -1.82741 0.254542 2.37189 11.0721 7.46791 2.33587 -5.0795 -2.41261 -0.829045 2.08676 8.43421 5.6051 -0.5613 -6.44968 -3.32364 -2.25274 2.09179 3.60505 9.89465 -8.84013 -5.67805 -3.27198 0.423889 2.2518 5.84814 11.1661 -8.28677 -8.27457 -3.23148 -3.13741 2.58775 6.34055 16.4002 -10.431 -5.89402 -3.1112 5.66646 1.70568
71.71 3.93343 14.2641 -9.2037 -4.18455 -2.51104 2.57251 2.5218 12.004 14.6346 -2.11517 -5.26354 -1.78599 0.55444 2.43119 11.5641 8.47215 2.10647 -5.0384 -2.26102 -0.609836 2.12199 9.06205 5.50271 0.449154 -6.3403 -3.19236 -2.2951 2.06964 3.40984 9.5024 -8.4895 -5.67443 -3.28673 0.253855 2.22037 5.6653 10.8507 -8.25399 -8.30402 -3.28705 -3.16676 2.53896 6.18283 16.2995 -10.4405 -5.89457 -3.1363 5.66658 1.70538
71.76 2.99092 14.0231 -10.1258 -4.23771 -2.63553 2.56678 2.51579 11.7384 15.4917 -2.73643 -5.31876 -1.75788 0.832108 2.48995 12.0268 9.69599 1.35335 -5.04151 -2.1291 -0.359187 2.16614 9.54867 5.57231 1.23373 -6.23273 -3.03333 -2.3141 2.05604 3.3365 9.05457 -8.00577 -5.65849 -3.29918 0.0895853 2.19002 5.47181 10.5332 -8.17034 -8.32476 -3.33645 -3.19547 2.4899 6.02575 16.1968 -10.4503 -5.89527 -3.16014 5.66583 1.70374
71.81 2.27024 13.7907 -10.8972 -4.2882 -2.73763 2.53503 2.50247 11.3822 16.2125 -3.2641 -5.36792 -1.74295 1.06809 2.54728 12.4452 11.0757 0.205513 -5.08729 -2.01841 -0.0852319 2.21745 10.0303 5.77252 1.83487 -6.12811 -2.86095 -2.30487 2.05239 3.4025 8.52935 -7.34629 -5.62565 -3.30928 -0.0665117 2.1608 5.26047 10.2038 -8.02449 -8.33545 -3.38041 -3.22336 2.44099 5.86602 16.0936 -10.4601 -5.89604 -3.18258 5.66433 1.70088
71.86 1.72428 13.558 -11.5393 -4.33581 -2.82164 2.4828 2.48379 10.947 16.7997 -3.73868 -5.41236 -1.74277 1.25394 2.60226 12.7952 12.4153 -0.937826 -5.15012 -1.92808 0.205747 2.27405 10.5372 6.08581 2.28414 -6.02782 -2.68438 -2.26165 2.05958 3.67203 7.91534 -6.47187 -5.57235 -3.31684 -0.211495 2.13276 5.02657 9.84975 -7.79842 -8.33432 -3.41949 -3.25032 2.3926 5.69926 15.9909 -10.47 -5.89683 -3.2036 5.66217 1.69693
71.91 1.3124 13.3173 -12.0711 -4.38046 -2.89111 2.41361 2.46124 10.4462 17.2433 -4.19067 -5.45343 -1.76121 1.39378 2.6538 13.0379 13.611 -1.88852 -5.21258 -1.85587 0.508377 2.3342 11.052 6.50699 2.59643 -5.93387 -2.51324 -2.17827 2.07794 4.33045 7.2328 -5.35681 -5.49925 -3.32134 -0.34168 2.10599 4.77679 9.45458 -7.46396 -8.31908 -3.45409 -3.27626 2.34509 5.51955 15.8895 -10.4797 -5.89761 -3.22327 5.65945 1.69202
71.96 1.00231 13.0637 -12.5091 -4.42214 -2.94888 2.32949 2.43594 9.89808 17.5196 -4.64189 -5.49217 -1.80432 1.49487 2.70044 13.1258 14.6517 -2.65541 -5.26908 -1.79914 0.816977 2.39638 11.5557 7.0655 2.76032 -5.84985 -2.35601 -2.04867 2.10698 5.64218 6.54362 -3.99033 -5.41223 -3.32003 -0.452275 2.0806 4.54585 8.99716 -6.97872 -8.28676 -3.48438 -3.30111 2.2989 5.31898 15.7898 -10.4893 -5.89838 -3.24166 5.65626 1.68625
72.01 0.769136 12.7948 -12.8662 -4.46096 -2.99716 2.23147 2.40875 9.32807 17.6002 -5.10431 -5.52938 -1.87808 1.56276 2.74029 13.0165 15.552 -3.29558 -5.31842 -1.75554 1.12383 2.45935 12.0354 7.82778 2.70828 -5.7835 -2.21772 -1.86896 2.14551 7.32716 5.96697 -2.50761 -5.31863 -3.29635 -0.536721 2.05704 4.42825 8.45546 -6.28392 -8.23321 -3.51025 -3.32481 2.25447 5.08764 15.6921 -10.4985 -5.89926 -3.25889 5.65268 1.67978
72.06 0.593926 12.5111 -13.1526 -4.49705 -3.0377 2.12004 2.38032 8.76491 17.4726 -5.5772 -5.5656 -1.98333 1.60066 2.77122 12.6827 16.3279 -3.86361 -5.36093 -1.72348 1.41641 2.5221 12.4818 8.84767 2.28017 -5.75036 -2.10008 -1.64357 2.19185 8.62725 5.70773 -1.17714 -5.22384 -3.2076 -0.585507 2.03716 4.65044 7.82101 -5.309 -8.15472 -3.53115 -3.34732 2.21192 4.8158 15.5967 -10.5074 -5.9006 -3.27505 5.64876 1.67278
72.11 0.462314 12.2153 -13.3755 -4.53063 -3.07189 1.99571 2.35115 8.23524 17.1555 -6.04667 -5.60114 -2.1124 1.61015 2.79148 12.1207 16.9888 -4.40147 -5.39778 -1.70289 1.67567 2.58374 12.8871 10.1285 1.34666 -5.76625 -2.00272 -1.38387 2.24416 9.45642 5.84298 -0.113098 -5.13082 -3.04843 -0.585937 2.02456 5.54106 7.12484 -4.0044 -8.05277 -3.54478 -3.36858 2.17117 4.50063 15.504 -10.516 -5.90306 -3.29017 5.64457 1.66559
72.16 0.363452 11.9112 -13.5393 -4.56187 -3.10085 1.85944 2.32163 7.75887 16.6927 -6.49228 -5.63615 -2.25208 1.59212 2.80035 11.3646 17.53 -4.93612 -5.43055 -1.69711 1.88424 2.64336 13.2399 11.5194 0.14921 -5.82061 -1.92407 -1.10162 2.30061 10.0871 6.30661 0.682415 -5.04177 -2.85541 -0.526688 2.02241 6.92585 6.46069 -2.50016 -7.93459 -3.5402 -3.38837 2.13239 4.15636 15.4145 -10.5241 -5.90684 -3.30423 5.64017 1.6586
72.21 0.289167 11.6029 -13.646 -4.59086 -3.12546 1.71266 2.29205 7.34503 16.1339 -6.89676 -5.67062 -2.39001 1.54751 2.79829 10.5062 17.9195 -5.4757 -5.46081 -1.71596 2.03898 2.69963 13.5147 12.8244 -0.946487 -5.88767 -1.86175 -0.807014 2.35959 10.6557 7.01835 1.20263 -4.96092 -2.65597 -0.406429 2.03238 8.07701 5.98103 -1.10144 -7.80848 -3.4896 -3.40601 2.09663 3.82412 15.3293 -10.5317 -5.91107 -3.31708 5.6356 1.65195
72.26 0.233311 11.2928 -13.695 -4.61758 -3.14646 1.55709 2.26266 6.99189 15.5254 -7.25134 -5.70457 -2.51833 1.4778 2.78657 9.68395 18.1013 -6.00794 -5.48976 -1.77443 2.14648 2.75026 13.6675 13.9749 -1.83264 -5.95435 -1.81313 -0.510227 2.41977 11.1933 7.91455 1.37751 -4.89766 -2.46677 -0.233642 2.05485 8.80368 5.75444 0.0460776 -7.67994 -3.38184 -3.42015 2.06602 3.55866 15.2491 -10.5386 -5.91514 -3.32862 5.63092 1.64548
72.31 0.191273 10.981 -13.6832 -4.64177 -3.16442 1.39444 2.23361 6.69021 14.9076 -7.55494 -5.73807 -2.63358 1.38527 2.76686 8.99902 18.0507 -6.50881 -5.51825 -1.87721 2.21403 2.79211 13.6485 14.9731 -2.54107 -6.01659 -1.77583 -0.224765 2.48016 11.7009 9.01018 1.05789 -4.86855 -2.29754 -0.0191658 2.08901 9.31016 5.72211 0.946101 -7.55168 -3.23673 -3.42947 2.04273 3.38763 15.1745 -10.5447 -5.91891 -3.33877 5.62618 1.6391
72.36 0.1596 10.6649 -13.6046 -4.66288 -3.17983 1.22623 2.20505 6.42789 14.3112 -7.81086 -5.77127 -2.73514 1.27293 2.74077 8.46028 17.8092 -6.95767 -5.54664 -2.00994 2.24732 2.82259 13.4298 15.8361 -3.12771 -6.07329 -1.74797 0.0309789 2.54 12.1702 10.3235 0.183742 -4.88609 -2.15264 0.227386 2.13323 9.77211 5.82894 1.63988 -7.42528 -3.07199 -3.4331 2.02831 3.30882 15.1057 -10.5496 -5.92233 -3.34757 5.62143 1.63279
72.41 0.135717 10.3385 -13.4492 -4.68 -3.19306 1.05376 2.17708 6.19275 13.7532 -8.0239 -5.80439 -2.8238 1.14406 2.70977 8.03207 17.4402 -7.34547 -5.57495 -2.15312 2.25091 2.84068 13.0139 16.5793 -3.64146 -6.12466 -1.72836 0.242387 2.59867 12.581 11.7051 -0.929823 -4.93482 -2.03263 0.498003 2.18543 10.2609 6.04899 2.16558 -7.30213 -2.89711 -3.43048 2.02388 3.31111 15.0427 -10.5531 -5.92539 -3.35512 5.61671 1.62661
72.46 0.117722 9.99249 -13.2018 -4.69164 -3.20439 0.878168 2.14979 5.97349 13.2399 -8.19849 -5.8376 -2.90093 1.00181 2.67511 7.68009 16.9909 -7.6734 -5.60295 -2.29324 2.22852 2.84692 12.4227 17.2101 -4.11979 -6.17151 -1.717 0.408488 2.65565 12.8933 12.9828 -1.94418 -4.99046 -1.93557 0.78566 2.24345 10.7718 6.3593 2.54895 -7.18394 -2.72097 -3.42129 2.03021 3.38274 14.9851 -10.5549 -5.92812 -3.36152 5.61206 1.62063
72.51 0.104247 9.61307 -12.8392 -4.69552 -3.21402 0.700533 2.12322 5.75944 12.7707 -8.33788 -5.87095 -2.96808 0.848896 2.63777 7.38089 16.489 -7.94817 -5.63034 -2.4234 2.18302 2.84266 11.69 17.7211 -4.58947 -6.21481 -1.71621 0.535795 2.71034 13.0509 14.1053 -2.78708 -5.04265 -1.85852 1.08352 2.30531 11.2822 6.73477 2.80219 -7.07291 -2.55327 -3.40563 2.04742 3.511 14.933 -10.5548 -5.93051 -3.36686 5.60751 1.6149
72.56 0.0944181 9.1812 -12.3285 -4.68832 -3.22208 0.521981 2.09743 5.53968 12.3412 -8.44381 -5.90438 -3.02669 0.687605 2.59858 7.1194 15.9514 -8.17827 -5.6569 -2.54096 2.11648 2.82955 10.8702 18.0821 -5.06593 -6.25542 -1.73293 0.630401 2.76183 12.9983 15.0779 -3.50349 -5.08901 -1.79851 1.3843 2.36933 11.7753 7.15934 2.9239 -6.97196 -2.40143 -3.38406 2.07485 3.68353 14.8861 -10.5528 -5.93258 -3.3712 5.60308 1.60944
72.61 0.0880051 8.67401 -11.6289 -4.66577 -3.22859 0.343777 2.07245 5.30236 11.9453 -8.51642 -5.93764 -3.07807 0.519855 2.55818 6.88564 15.3923 -8.37186 -5.6825 -2.64551 2.03045 2.80923 10.0504 18.2365 -5.55049 -6.29415 -1.77988 0.695536 2.80849 12.692 15.916 -4.15341 -5.12961 -1.75327 1.67993 2.43412 12.2397 7.63282 2.89759 -6.88505 -2.26915 -3.35753 2.11121 3.89158 14.8443 -10.5487 -5.93435 -3.37459 5.59879 1.60428
72.66 0.0862692 8.07375 -10.7104 -4.62389 -3.2335 0.1674 2.04834 5.03533 11.5755 -8.55425 -5.97026 -3.12334 0.347312 2.51707 6.67258 14.8288 -8.53584 -5.70713 -2.73771 1.92643 2.78317 9.3219 18.1325 -6.03007 -6.33175 -1.8677 0.731565 2.84773 12.1143 16.6302 -4.78295 -5.1654 -1.72225 1.96142 2.49854 12.6672 8.17207 2.689 -6.81757 -2.15708 -3.32714 2.15483 4.13264 14.8079 -10.5427 -5.93583 -3.37703 5.59468 1.59944
72.71 0.0954297 7.38796 -9.59372 -4.5621 -3.23672 -0.00542465 2.02511 4.73027 11.2242 -8.55403 -6.00156 -3.1634 0.171506 2.47566 6.47474 14.2791 -8.67539 -5.73094 -2.81869 1.80623 2.75262 8.72363 17.7769 -6.48413 -6.36887 -1.9916 0.737299 2.87675 11.311 17.2149 -5.41245 -5.19758 -1.70892 2.21864 2.56145 13.0496 8.80772 2.24848 -6.77652 -2.06408 -3.29405 2.20395 4.41158 14.777 -10.5351 -5.93705 -3.37844 5.59075 1.59492
72.76 0.139359 6.66026 -8.36816 -4.48541 -3.2382 -0.172706 2.00282 4.38981 10.8833 -8.51033 -6.03057 -3.19891 -0.0060705 2.43427 6.28745 13.7572 -8.794 -5.75416 -2.88972 1.67205 2.71865 8.24159 17.234 -6.89529 -6.40599 -2.1346 0.712038 2.89386 10.4252 17.6356 -6.0303 -5.22739 -1.72405 2.44046 2.62125 13.3738 9.56646 1.54248 -6.76847 -1.98825 -3.25929 2.25694 4.73874 14.7527 -10.5259 -5.93801 -3.37862 5.58702 1.59073
72.81 0.296936 5.94596 -7.12904 -4.40149 -3.23802 -0.332176 1.98151 4.02972 10.5439 -8.41477 -6.05606 -3.23032 -0.183901 2.39319 6.10639 13.2702 -8.89348 -5.77704 -2.95205 1.52625 2.6821 7.84756 16.5847 -7.25505 -6.44341 -2.28058 0.656973 2.89893 9.63422 17.8433 -6.60511 -5.25592 -1.78135 2.61652 2.67539 13.6174 10.4298 0.629295 -6.79345 -1.9275 -3.22376 2.3124 5.12065 14.7367 -10.5156 -5.93873 -3.37709 5.58354 1.58688
72.86 0.77837 5.28206 -5.88975 -4.31626 -3.23635 -0.481256 1.9612 3.67229 10.1955 -8.25468 -6.07657 -3.25794 -0.360422 2.35273 5.92705 12.8198 -8.97414 -5.79978 -3.00684 1.37105 2.64371 7.51763 15.9002 -7.56306 -6.48134 -2.41961 0.575213 2.89298 9.01756 17.8373 -7.11063 -5.28401 -1.88015 2.74158 2.72072 13.7539 11.3218 -0.329401 -6.84215 -1.87975 -3.18821 2.3692 5.54608 14.7324 -10.5044 -5.9392 -3.37302 5.58034 1.58342
72.91 1.96705 4.68386 -4.55707 -4.23285 -3.23338 -0.616958 1.94192 3.33947 9.82468 -8.01092 -6.09031 -3.28206 -0.534021 2.3133 5.74424 12.4038 -9.03499 -5.82249 -3.05513 1.20837 2.60406 7.2345 15.229 -7.82363 -6.51997 -2.54703 0.470902 2.8776 8.54749 17.6733 -7.53795 -5.31202 -2.00395 2.81782 2.75499 13.7669 12.1682 -1.19524 -6.90358 -1.84297 -3.15322 2.42641 5.98592 14.7451 -10.4926 -5.9394 -3.3651 5.57751 1.5804
72.96 4.01103 4.15636 -3.0692 -4.1525 -3.22872 -0.735675 1.92368 3.05304 9.41369 -7.65453 -6.09447 -3.30292 -0.703069 2.27544 5.55146 12.018 -9.07383 -5.84516 -3.09787 1.0398 2.56363 6.98591 14.5973 -8.0427 -6.55941 -2.66139 0.348338 2.85445 8.17281 17.4105 -7.8916 -5.33993 -2.13586 2.85218 2.77748 13.6519 12.9337 -1.92365 -6.97111 -1.81535 -3.11926 2.48328 6.40878 14.7815 -10.4807 -5.93927 -3.35174 5.57516 1.57795
73.01 6.25081 3.72104 -1.59039 -4.07546 -3.21632 -0.832769 1.9066 2.8463 8.94004 -7.14322 -6.08407 -3.32071 -0.865942 2.23954 5.34026 11.6566 -9.0874 -5.86764 -3.13585 0.866636 2.52282 6.76301 14.0158 -8.22599 -6.59967 -2.76291 0.211479 2.82513 7.85767 17.0879 -8.18218 -5.36748 -2.26527 2.85255 2.78873 13.4114 13.6097 -2.52917 -7.04177 -1.79545 -3.08666 2.5392 6.79235 14.8483 -10.4688 -5.93873 -3.33144 5.57345 1.57626
73.06 8.00596 3.49822 -0.279469 -4.00146 -3.16305 -0.901654 1.89161 2.80493 8.38086 -6.42112 -6.05359 -3.33548 -1.02104 2.20559 5.10033 11.3131 -9.07123 -5.88968 -3.1698 0.690026 2.48199 6.55911 13.4862 -8.37802 -6.64063 -2.85256 0.0637997 2.79098 7.58175 16.7273 -8.42146 -5.39432 -2.38677 2.82583 2.78991 13.0532 14.1982 -3.04455 -7.11425 -1.78232 -3.05569 2.59366 7.12554 14.9504 -10.4574 -5.93773 -3.30331 5.57258 1.5756
73.11 9.05936 3.63552 0.833025 -3.92983 -3.03125 -0.932519 1.88185 3.14818 7.72878 -5.42585 -5.99993 -3.34715 -1.16677 2.17331 4.82212 10.98 -9.01928 -5.91098 -3.20026 0.511073 2.4415 6.36875 13.0055 -8.50184 -6.68198 -2.93159 -0.091696 2.75317 7.3339 16.3404 -8.62015 -5.42013 -2.49803 2.77737 2.78246 12.5875 14.7023 -3.50239 -7.18796 -1.77572 -3.02655 2.64623 7.4059 15.0891 -10.4465 -5.93618 -3.26742 5.57277 1.57624
73.16 9.61432 4.058 1.762 -3.85991 -2.85348 -0.913453 1.8812 4.18866 7.01341 -4.11302 -5.92542 -3.35512 -1.3015 2.14248 4.50357 10.6494 -8.92331 -5.93126 -3.22767 0.330949 2.40178 6.18714 12.5683 -8.59892 -6.72329 -3.00129 -0.252396 2.71263 7.10764 15.9331 -8.78714 -5.44463 -2.59839 2.71103 2.76782 12.0263 15.1225 -3.93007 -7.26252 -1.7766 -2.99947 2.69649 7.6359 15.2621 -10.4363 -5.93405 -3.22489 5.57421 1.57848
73.21 9.90912 4.66939 2.52712 -3.79164 -2.67291 -0.834847 1.89149 5.77484 6.30373 -2.59792 -5.83734 -3.35572 -1.42347 2.11306 4.1575 10.3119 -8.77174 -5.94934 -3.25226 0.150973 2.36331 6.00963 12.1679 -8.66934 -6.76393 -3.06289 -0.41601 2.67013 6.8988 15.5084 -8.92944 -5.46763 -2.68809 2.62936 2.74732 11.3849 15.4518 -4.34918 -7.3377 -1.78801 -2.97472 2.74386 7.81906 15.4634 -10.4268 -5.93132 -3.17761 5.57706 1.58252
73.26 10.0706 5.40025 3.13871 -3.7257 -2.50926 -0.696795 1.91263 7.16494 5.70328 -1.17856 -5.74321 -3.33402 -1.53038 2.08545 3.815 9.95579 -8.54787 -5.96231 -3.27416 -0.0273472 2.32629 5.83132 11.7974 -8.71182 -6.80316 -3.11746 -0.580524 2.62628 6.70418 15.0686 -9.05228 -5.48904 -2.7678 2.53392 2.72214 10.6901 15.67 -4.77498 -7.4133 -1.81645 -2.95282 2.78747 7.95635 15.6849 -10.4181 -5.92798 -3.12803 5.58139 1.58852
73.31 10.161 6.17523 3.58836 -3.66397 -2.36861 -0.508889 1.94347 8.0696 5.31045 -0.00506369 -5.64778 -3.26997 -1.61891 2.06103 3.52496 9.56595 -8.2273 -5.96664 -3.29338 -0.202302 2.29061 5.6464 11.4492 -8.7237 -6.84008 -3.16599 -0.744167 2.58161 6.52092 14.6174 -9.15936 -5.50886 -2.83838 2.42556 2.69329 9.98696 15.743 -5.21433 -7.48914 -1.87193 -2.93467 2.82581 8.0437 15.9158 -10.4102 -5.92409 -3.07906 5.58721 1.59649
73.36 10.2122 6.95705 3.83928 -3.61036 -2.2512 -0.282571 1.98235 8.62417 5.12609 0.923804 -5.55321 -3.16616 -1.68458 2.04176 3.33643 9.12234 -7.775 -5.95825 -3.30992 -0.371998 2.25611 5.44764 11.1156 -8.70078 -6.87366 -3.20929 -0.905396 2.53658 6.34621 14.162 -9.253 -5.52719 -2.90077 2.3048 2.66164 9.32868 15.6414 -5.66293 -7.56507 -1.96254 -2.9216 2.85668 8.07306 16.1425 -10.4032 -5.91978 -3.0341 5.5944 1.60632
73.41 10.2414 7.76272 3.81557 -3.57178 -2.15494 -0.0273676 2.02752 9.00924 5.09613 1.65059 -5.4604 -3.03952 -1.72205 2.02928 3.29079 8.60204 -7.14515 -5.93238 -3.32374 -0.534374 2.22274 5.22606 10.7884 -8.6367 -6.90273 -3.24807 -1.06288 2.49155 6.17701 13.7115 -9.3343 -5.54422 -2.9559 2.17229 2.62788 8.74941 15.3727 -6.10593 -7.64084 -2.0859 -2.915 2.87772 8.03943 16.3497 -10.3973 -5.91526 -2.99678 5.60271 1.61771
73.46 10.2579 8.65236 3.39777 -3.55899 -2.07713 0.249517 2.07733 9.33729 5.18666 2.21857 -5.36987 -2.90247 -1.72504 2.02461 3.46655 7.98994 -6.28927 -5.88506 -3.33473 -0.687193 2.19053 4.9725 10.4581 -8.52203 -6.92597 -3.28289 -1.21547 2.44687 6.00985 13.2746 -9.40319 -5.56022 -3.00465 2.02909 2.59259 8.25569 14.9836 -6.52423 -7.71603 -2.22925 -2.91569 2.88737 7.94782 16.523 -10.3928 -5.91078 -2.9701 5.61175 1.63018
73.51 10.2666 9.68657 2.48382 -3.58275 -2.01516 0.542511 2.13031 9.67294 5.40098 2.66134 -5.28216 -2.76069 -1.68634 2.02835 4.06763 7.30028 -5.167 -5.81629 -3.34247 -0.827976 2.15955 4.68322 10.1136 -8.34268 -6.94194 -3.31418 -1.36219 2.4029 5.84064 12.857 -9.4586 -5.57545 -3.04783 1.87668 2.55625 7.83918 14.5305 -6.90237 -7.79004 -2.37803 -2.92357 2.88543 7.81192 16.6531 -10.39 -5.90659 -2.95552 5.62107 1.64308
73.56 10.2686 10.8272 1.17928 -3.64001 -1.96678 0.846704 2.1852 10.0483 5.78053 2.99839 -5.19818 -2.61639 -1.59819 2.04091 5.34455 6.58852 -3.76978 -5.73166 -3.34491 -0.953843 2.12992 4.36887 9.741 -8.0774 -6.94888 -3.34215 -1.50219 2.36005 5.66428 12.4616 -9.49852 -5.59015 -3.08618 1.71674 2.51924 7.48712 14.0575 -7.23236 -7.8622 -2.52176 -2.9378 2.87279 7.64764 16.7369 -10.389 -5.9029 -2.9527 5.63018 1.65576
73.61 10.2566 11.9413 -0.217889 -3.71254 -1.93009 1.1568 2.24092 10.4584 6.36688 3.22625 -5.12 -2.47228 -1.4555 2.06253 6.93249 5.95283 -2.27249 -5.63895 -3.33039 -1.06111 2.10202 4.06294 9.32198 -7.69456 -6.94335 -3.36688 -1.63468 2.31875 5.47417 12.0879 -9.52009 -5.60444 -3.12038 1.55089 2.48186 7.18651 13.5922 -7.51257 -7.93179 -2.65487 -2.95721 2.85098 7.46839 16.7769 -10.3899 -5.89981 -2.96 5.63868 1.66761
73.66 10.2009 12.9394 -1.516 -3.78639 -1.90425 1.4659 2.29656 10.8787 7.139 3.30004 -5.05264 -2.33329 -1.26247 2.09315 8.1287 5.53874 -0.944723 -5.54396 -3.26909 -1.14446 2.07715 3.83674 8.83412 -7.14947 -6.92012 -3.38828 -1.75894 2.27906 5.26174 11.7335 -9.51961 -5.61837 -3.15102 1.3806 2.44441 6.92573 13.1487 -7.74506 -7.99813 -2.77526 -2.98057 2.82164 7.2837 16.7786 -10.3927 -5.89738 -2.97517 5.64623 1.67818
73.71 10.0224 13.7889 -2.68774 -3.85662 -1.89166 1.76374 2.35122 11.2867 8.06879 3.10733 -5.00656 -2.2049 -1.02987 2.13215 8.86078 5.40303 0.125071 -5.4497 -3.15143 -1.19629 2.05787 3.81444 8.25687 -6.38673 -6.87431 -3.40613 -1.87423 2.24084 5.01678 11.3944 -9.49246 -5.63191 -3.1786 1.20712 2.40714 6.69501 12.7326 -7.93314 -8.06054 -2.88277 -3.00677 2.78636 7.09963 16.7492 -10.3971 -5.89561 -2.99588 5.65265 1.68714
73.76 9.56809 14.4533 -3.80001 -3.92251 -1.90304 2.03451 2.40358 11.6613 9.19324 2.473 -4.99848 -2.09111 -0.768395 2.17842 9.37157 5.49163 0.958523 -5.35742 -2.99977 -1.20753 2.04663 4.20092 7.59001 -5.3501 -6.80398 -3.41997 -1.97975 2.204 4.73087 11.065 -9.43276 -5.64502 -3.20352 1.03157 2.37037 6.48639 12.3444 -8.07989 -8.11841 -2.97817 -3.03487 2.74651 6.91964 16.6955 -10.4029 -5.89444 -3.02008 5.65784 1.69435
73.81 8.65275 14.8399 -4.96884 -3.98479 -1.96563 2.25748 2.45101 11.971 10.5176 1.36854 -5.0368 -1.9941 -0.486432 2.23041 9.84031 5.78871 1.59407 -5.26809 -2.83235 -1.16838 2.045 5.26878 6.87538 -4.00793 -6.71298 -3.42797 -2.0746 2.16863 4.40494 10.7389 -9.33288 -5.65774 -3.22606 0.855037 2.33448 6.29324 11.9814 -8.18747 -8.1711 -3.06261 -3.0641 2.70323 6.74535 16.6236 -10.41 -5.89382 -3.04614 5.66177 1.69975
73.86 7.28152 14.8563 -6.25804 -4.04463 -2.10494 2.41788 2.48862 12.1624 11.8757 0.135329 -5.1018 -1.9144 -0.190419 2.28635 10.3321 6.32004 2.05148 -5.18358 -2.65881 -1.07102 2.05396 6.79417 6.20634 -2.49802 -6.6093 -3.42024 -2.15754 2.13503 4.05739 10.4081 -9.18245 -5.66914 -3.24635 0.678646 2.29988 6.10983 11.6395 -8.2567 -8.21798 -3.13734 -3.09388 2.65748 6.57709 16.5388 -10.418 -5.89365 -3.07282 5.66449 1.70337
73.91 5.78027 14.6399 -7.55517 -4.10279 -2.28185 2.51652 2.51201 12.198 13.1132 -0.931473 -5.171 -1.8513 0.113654 2.34462 10.8392 7.0653 2.3079 -5.10847 -2.48797 -0.916756 2.07391 8.03231 5.73149 -1.11432 -6.50036 -3.36823 -2.22652 2.10434 3.73141 10.0625 -8.96693 -5.67668 -3.26441 0.503688 2.26668 5.93077 11.3131 -8.28677 -8.25835 -3.20353 -3.12372 2.61002 6.41422 16.4453 -10.4268 -5.89384 -3.09926 5.66608 1.70531
73.96 4.45508 14.3803 -8.72245 -4.15922 -2.44488 2.56424 2.52142 12.0924 14.1904 -1.78326 -5.23582 -1.80339 0.417697 2.40385 11.34 7.98456 2.26962 -5.05286 -2.3287 -0.715422 2.10454 8.80276 5.52443 0.0138513 -6.39059 -3.25766 -2.2782 2.0789 3.48544 9.68891 -8.66542 -5.67737 -3.28022 0.331691 2.23473 5.75052 10.9959 -8.27493 -8.29145 -3.26223 -3.15329 2.56152 6.25533 16.3463 -10.4361 -5.89429 -3.12487 5.66664 1.7057
74.01 3.39516 14.1326 -9.72045 -4.2135 -2.58117 2.57308 2.51961 11.8729 15.1139 -2.46439 -5.29411 -1.76923 0.708133 2.46298 11.8179 9.10315 1.76884 -5.03385 -2.18733 -0.478127 2.14478 9.3303 5.52238 0.897084 -6.28204 -3.10897 -2.30853 2.06115 3.35451 9.26945 -8.24802 -5.66766 -3.29373 0.16449 2.20388 5.56284 10.6804 -8.21584 -8.31635 -3.31438 -3.18232 2.51253 6.09831 16.2444 -10.4457 -5.89493 -3.14931 5.66628 1.70466
74.06 2.57816 13.8974 -10.5588 -4.26526 -2.69304 2.5525 2.50939 11.557 15.8966 -3.02952 -5.34592 -1.74814 0.965357 2.52107 12.259 10.4326 0.757625 -5.06238 -2.06683 -0.214046 2.19301 9.80487 5.6653 1.57806 -6.17592 -2.94152 -2.31298 2.05277 3.35247 8.78241 -7.67507 -5.64318 -3.30492 0.00429405 2.17414 5.36059 10.3579 -8.10045 -8.33187 -3.36077 -3.21061 2.4635 5.94027 16.1412 -10.4556 -5.89568 -3.1724 5.66511 1.70234
74.11 1.95717 13.6659 -11.258 -4.31422 -2.78489 2.50917 2.49296 11.1568 16.5458 -3.52424 -5.39236 -1.74083 1.17436 2.57726 12.6444 11.8123 -0.430024 -5.12053 -1.96734 0.0697786 2.2474 10.3011 5.92804 2.0944 -6.07343 -2.76574 -2.2862 2.05488 3.51448 8.20925 -6.90376 -5.59956 -3.31369 -0.146221 2.14554 5.13725 10.017 -7.91417 -8.33644 -3.40204 -3.23801 2.41483 5.77738 16.0381 -10.4655 -5.89647 -3.19408 5.66324 1.69888
74.16 1.48795 13.4297 -11.8384 -4.36024 -2.86068 2.44747 2.47204 10.6843 17.0578 -3.98342 -5.43483 -1.75004 1.33452 2.63054 12.9423 13.0793 -1.47566 -5.18434 -1.88709 0.36769 2.30612 10.815 6.2986 2.46932 -5.97624 -2.59089 -2.22211 2.0681 3.95977 7.5531 -5.90244 -5.53515 -3.31972 -0.283749 2.11817 4.89266 9.6432 -7.63401 -8.32803 -3.43867 -3.26443 2.36687 5.60449 15.936 -10.4753 -5.89725 -3.21436 5.66077 1.69439
74.21 1.13442 13.1825 -12.3179 -4.40328 -2.92354 2.37006 2.44789 10.1553 17.4148 -4.43285 -5.47453 -1.78094 1.45264 2.67965 13.1075 14.1902 -2.3211 -5.24389 -1.82354 0.674322 2.36753 11.3257 6.78697 2.70561 -5.88701 -2.42639 -2.11455 2.09232 4.9505 6.85672 -4.64936 -5.4536 -3.32181 -0.404067 2.09212 4.64599 9.21735 -7.22463 -8.30402 -3.47095 -3.28978 2.32001 5.41467 15.8355 -10.4849 -5.89802 -3.23333 5.65779 1.68901
74.26 0.86845 12.9208 -12.7109 -4.4434 -2.97595 2.27837 2.42148 9.59187 17.5888 -4.88936 -5.51237 -1.84001 1.53532 2.72289 13.0936 15.1531 -3.01234 -5.29655 -1.77414 0.983167 2.43028 11.8178 7.44671 2.76708 -5.81112 -2.27898 -1.95803 2.12666 6.55861 6.20694 -3.18735 -5.36221 -3.31244 -0.501543 2.06761 4.45819 8.71691 -6.63475 -8.26085 -3.49889 -3.31402 2.27472 5.19884 15.7369 -10.4943 -5.89883 -3.25108 5.65438 1.68284
74.31 0.668543 12.6437 -13.0288 -4.48073 -3.01987 2.17307 2.39355 9.02199 17.5569 -5.35842 -5.54899 -1.93116 1.58678 2.75819 12.8654 15.9846 -3.6076 -5.34211 -1.73689 1.28432 2.49325 12.2805 8.34303 2.53736 -5.76023 -2.15176 -1.75254 2.16963 8.09976 5.77679 -1.76016 -5.26748 -3.2588 -0.568195 2.04566 4.48379 8.1244 -5.79805 -8.19409 -3.5222 -3.33709 2.23132 4.94666 15.6404 -10.5034 -5.89989 -3.26773 5.6506 1.67605
74.36 0.518361 12.353 -13.2802 -4.51545 -3.05684 2.05461 2.36467 8.4739 17.3228 -5.83184 -5.58482 -2.0507 1.60924 2.78354 12.4072 16.6981 -4.15505 -5.38139 -1.71086 1.56158 2.5555 12.7058 9.51048 1.83526 -5.75266 -2.04518 -1.50712 2.21941 9.11372 5.73533 -0.569766 -5.17338 -3.12829 -0.592602 2.02923 5.03552 7.44934 -4.64587 -8.10233 -3.53973 -3.35894 2.18974 4.651 15.5464 -10.5121 -5.90174 -3.28333 5.64654 1.6689
74.41 0.405554 12.0522 -13.4709 -4.54774 -3.08808 1.92369 2.33527 7.97109 16.921 -6.291 -5.62007 -2.18721 1.6038 2.79767 11.7331 17.2966 -4.68892 -5.41584 -1.6975 1.79491 2.61619 13.0849 10.8793 0.705799 -5.79258 -1.95815 -1.23392 2.27417 9.80842 6.05671 0.348336 -5.08216 -2.94657 -0.561822 2.02197 6.27516 6.75387 -3.19859 -7.99054 -3.54606 -3.37945 2.14999 4.31683 15.4553 -10.5204 -5.90498 -3.29788 5.64223 1.66178
74.46 0.320807 11.7455 -13.6038 -4.57777 -3.1146 1.78155 2.30569 7.52802 16.4005 -6.71609 -5.65479 -2.32723 1.57131 2.80053 10.9064 17.7621 -5.22657 -5.44708 -1.70326 1.97396 2.67422 13.4 12.2402 -0.466095 -5.85632 -1.88863 -0.943814 2.33216 10.398 6.66467 0.999409 -4.99676 -2.74751 -0.469065 2.02622 7.6041 6.17068 -1.7189 -7.86719 -3.5204 -3.39822 2.11263 3.97218 15.368 -10.5282 -5.90912 -3.31131 5.63773 1.65498
74.51 0.257107 11.436 -13.6797 -4.60555 -3.13718 1.62982 2.27618 7.1477 15.8095 -7.09422 -5.68898 -2.46064 1.51294 2.79307 10.0501 18.0465 -5.76482 -5.47651 -1.74176 2.10227 2.7278 13.6156 13.464 -1.44922 -5.92401 -1.83401 -0.646641 2.39194 10.9488 7.47934 1.34784 -4.92375 -2.552 -0.319159 2.04296 8.51006 5.83013 -0.450463 -7.73931 -3.43764 -3.41416 2.07935 3.6701 15.2854 -10.5355 -5.91329 -3.32347 5.63309 1.64845
74.56 0.209188 11.1251 -13.6965 -4.63095 -3.15648 1.47024 2.24695 6.82371 15.1914 -7.4211 -5.72267 -2.58214 1.4306 2.77684 9.29543 18.1015 -6.28325 -5.50513 -1.82488 2.18744 2.7741 13.6812 14.5306 -2.23282 -5.98855 -1.79176 -0.353926 2.45234 11.4708 8.47649 1.27718 -4.87651 -2.37273 -0.122612 2.07189 9.09033 5.71734 0.559267 -7.61069 -3.3069 -3.42584 2.05245 3.45451 15.2082 -10.542 -5.91721 -3.33426 5.62837 1.64203
74.61 0.173102 10.8115 -13.6497 -4.65357 -3.17302 1.30442 2.21815 6.54478 14.5823 -7.69845 -5.75598 -2.68997 1.32699 2.75349 8.6926 17.94 -6.75798 -5.53355 -1.94632 2.23591 2.81005 13.556 15.4538 -2.86889 -6.04784 -1.75974 -0.0820743 2.51251 11.9594 9.69606 0.644167 -4.87246 -2.21634 0.110229 2.11171 9.55765 5.76438 1.34284 -7.48326 -3.14971 -3.43217 2.03378 3.33439 15.1367 -10.5475 -5.92079 -3.34367 5.62362 1.63568
74.66 0.145899 10.4908 -13.5312 -4.67268 -3.18721 1.13376 2.1899 6.29856 14.0052 -7.93066 -5.78912 -2.78443 1.20534 2.72459 8.21827 17.6227 -7.1743 -5.56192 -2.08682 2.25269 2.83387 13.2291 16.2507 -3.41093 -6.10159 -1.73642 0.150757 2.57179 12.4008 11.0733 -0.414749 -4.91031 -2.08497 0.370661 2.16051 10.0314 5.93475 1.94204 -7.35842 -2.97851 -3.43249 2.02462 3.30072 15.071 -10.5517 -5.92402 -3.35179 5.61888 1.62944
74.71 0.125388 10.1553 -13.3286 -4.68708 -3.19938 0.959473 2.16229 6.07333 13.471 -8.1225 -5.82227 -2.86669 1.0689 2.69148 7.83469 17.206 -7.52924 -5.59009 -2.22956 2.24188 2.84544 12.7153 16.9332 -3.90163 -6.1504 -1.72114 0.337142 2.62962 12.7649 12.4119 -1.49802 -4.96489 -1.97766 0.651302 2.2161 10.535 6.20664 2.38873 -7.23771 -2.80173 -3.42635 2.02593 3.34187 15.011 -10.5543 -5.9269 -3.35871 5.6142 1.62336
74.76 0.109968 9.7933 -13.0226 -4.69488 -3.20978 0.782645 2.13538 5.8582 12.9818 -8.27782 -5.85555 -2.93826 0.920592 2.65527 7.51344 16.7258 -7.82751 -5.6178 -2.36484 2.20673 2.84583 12.0427 17.5016 -4.37264 -6.19522 -1.71496 0.481454 2.68545 13.0012 13.6071 -2.41773 -5.01925 -1.89177 0.945322 2.27642 11.0481 6.55486 2.70133 -7.12306 -2.62901 -3.41363 2.03815 3.44564 14.9564 -10.5551 -5.92944 -3.36452 5.60959 1.61751
74.81 0.0985326 9.38832 -12.585 -4.69327 -3.21855 0.604369 2.10922 5.64247 12.5347 -8.39907 -5.88897 -3.00063 0.762906 2.61685 7.23604 16.2029 -8.07715 -5.64477 -2.48837 2.14968 2.83659 11.2543 17.9374 -4.84489 -6.23697 -1.72234 0.590551 2.73856 13.0518 14.647 -3.18481 -5.06838 -1.82424 1.2457 2.33963 11.5508 6.95784 2.88478 -7.01705 -2.46917 -3.39469 2.061 3.59914 14.9071 -10.554 -5.93166 -3.36931 5.6051 1.61192
74.86 0.0905124 8.91874 -11.9776 -4.67836 -3.22578 0.425835 2.08387 5.4148 12.1242 -8.48713 -5.92235 -3.05519 0.597916 2.57693 6.99051 15.6518 -8.28663 -5.67082 -2.59888 2.07246 2.8194 10.422 18.1951 -5.32654 -6.27647 -1.75355 0.669076 2.78772 12.8668 15.5453 -3.8585 -5.11155 -1.77239 1.54477 2.40422 12.0297 7.40768 2.92986 -6.92309 -2.32763 -3.37031 2.09343 3.79154 14.8629 -10.5508 -5.93357 -3.37314 5.60075 1.60662
74.91 0.0862861 8.36254 -11.1616 -4.64577 -3.23144 0.248417 2.05935 5.16288 11.7433 -8.54129 -5.95533 -3.10316 0.427387 2.53609 6.76865 15.088 -8.46352 -5.69588 -2.69665 1.97654 2.79581 9.64242 18.2138 -5.81076 -6.3145 -1.82199 0.718627 2.83075 12.4137 16.316 -4.49311 -5.14942 -1.7347 1.83397 2.46894 12.4752 7.91347 2.8108 -6.84586 -2.2063 -3.34156 2.13392 4.01722 14.824 -10.5457 -5.93518 -3.37603 5.59655 1.60163
74.96 0.0890112 7.71282 -10.1289 -4.59288 -3.23545 0.073723 2.03571 4.87585 11.3844 -8.55915 -5.98734 -3.14553 0.2529 2.49477 6.5644 14.5299 -8.6138 -5.72005 -2.78265 1.86355 2.7672 8.98354 17.9689 -6.27917 -6.35177 -1.93094 0.738497 2.86478 11.7026 16.9627 -5.12214 -5.18311 -1.71238 2.10371 2.5327 12.8795 8.50038 2.48374 -6.79169 -2.10471 -3.30958 2.18072 4.27763 14.7905 -10.5388 -5.93652 -3.37793 5.59254 1.59696
75.01 0.111741 6.99737 -8.93979 -4.52215 -3.23773 -0.09638 2.01299 4.55049 11.0398 -8.53634 -6.01754 -3.18307 0.0759549 2.45334 6.3728 13.9939 -8.74174 -5.74351 -2.85812 1.73553 2.73468 8.45128 17.5025 -6.71175 -6.38885 -2.06743 0.727515 2.88749 10.8318 17.4654 -5.74863 -5.21386 -1.71255 2.34328 2.59419 13.2327 9.20082 1.90046 -6.76784 -2.02123 -3.27547 2.23211 4.58118 14.763 -10.5303 -5.9376 -3.37871 5.58871 1.59262
75.06 0.200937 6.27079 -7.69873 -4.44065 -3.2383 -0.259753 1.99122 4.19686 10.7009 -8.46597 -6.04483 -3.21632 -0.10195 2.41208 6.18941 13.4903 -8.84992 -5.76652 -2.92431 1.59479 2.69923 8.02004 16.8924 -7.09568 -6.4261 -2.21366 0.685911 2.89804 9.97888 17.7758 -6.34739 -5.24286 -1.74921 2.54152 2.65132 13.5168 10.0226 1.06715 -6.77825 -1.95378 -3.24019 2.28659 4.93789 14.7428 -10.5205 -5.93843 -3.37805 5.58512 1.58861
75.11 0.494765 5.58063 -6.46524 -4.35548 -3.23729 -0.413968 1.97044 3.83537 10.3581 -8.33757 -6.06783 -3.24565 -0.279272 2.37129 6.00986 13.0231 -8.93931 -5.7893 -2.98244 1.44367 2.66161 7.66308 16.2166 -7.42722 -6.46377 -2.35674 0.615986 2.897 9.28064 17.8638 -6.88706 -5.27108 -1.83029 2.69026 2.70109 13.7056 10.9124 0.107462 -6.81752 -1.90029 -3.20457 2.3429 5.34606 14.7326 -10.5096 -5.93902 -3.37529 5.58178 1.58497
75.16 1.30509 4.95121 -5.1915 -4.27099 -3.23491 -0.556244 1.95068 3.48859 9.99951 -8.13532 -6.08495 -3.27136 -0.454421 2.33133 5.82936 12.5916 -9.0095 -5.81202 -3.0336 1.28422 2.62247 7.36015 15.5348 -7.70897 -6.50206 -2.48985 0.521535 2.88576 8.74956 17.7644 -7.35051 -5.29911 -1.94495 2.78834 2.74064 13.7767 11.7866 -0.812266 -6.8742 -1.85869 -3.16925 2.40002 5.7834 14.7367 -10.4981 -5.93934 -3.36933 5.57876 1.58173
75.21 2.98912 4.39048 -3.76866 -4.18915 -3.23119 -0.683296 1.93196 3.17779 9.60958 -7.83525 -6.09401 -3.29369 -0.625771 2.29267 5.6421 12.1925 -9.05883 -5.83471 -3.07879 1.11819 2.58234 7.09689 14.8828 -7.94643 -6.54112 -2.61028 0.406871 2.86599 8.33649 17.541 -7.73704 -5.32709 -2.07484 2.84102 2.76856 13.7208 12.5916 -1.60461 -6.93945 -1.82705 -3.13477 2.45714 6.21755 14.7613 -10.4862 -5.93937 -3.35868 5.57617 1.579
75.26 5.24748 3.90634 -2.25741 -4.11058 -3.22413 -0.791032 1.91431 2.92837 9.16784 -7.40158 -6.09105 -3.31288 -0.791693 2.25585 5.44058 11.8207 -9.08454 -5.85731 -3.11888 0.946997 2.54166 6.86308 14.2775 -8.14558 -6.58101 -2.71763 0.276144 2.83933 7.9972 17.2424 -8.05524 -5.35484 -2.20634 2.85613 2.78487 13.5375 13.309 -2.26319 -7.0089 -1.80375 -3.10151 2.51356 6.62127 14.8134 -10.4743 -5.93903 -3.34175 5.57414 1.57693
75.31 7.2822 3.56118 -0.859385 -4.03525 -3.19633 -0.873931 1.89812 2.79351 8.6505 -6.7843 -6.07043 -3.32904 -0.950574 2.22102 5.21524 11.4698 -9.08273 -5.87959 -3.15461 0.771839 2.5008 6.65116 13.7241 -8.31156 -6.62167 -2.81261 0.133055 2.80725 7.705 16.8974 -8.31676 -5.38205 -2.33192 2.84114 2.79052 13.2324 13.9374 -2.81587 -7.08064 -1.78757 -3.06976 2.56875 6.97844 14.8988 -10.4626 -5.93825 -3.31728 5.57286 1.57576
75.36 8.65345 3.52831 0.343982 -3.96262 -3.10106 -0.923757 1.88542 2.92135 8.04022 -5.92275 -6.02756 -3.34217 -1.10082 2.18801 4.9556 11.1328 -9.04815 -5.90127 -3.18661 0.593828 2.46011 6.45518 13.2214 -8.44811 -6.66288 -2.89638 -0.0191826 2.771 7.44521 16.5217 -8.53295 -5.40837 -2.44806 2.80214 2.78688 12.8149 14.4801 -3.2965 -7.15384 -1.77793 -3.03975 2.62225 7.28306 15.0207 -10.4514 -5.93696 -3.28489 5.57254 1.57576
75.41 9.40223 3.83562 1.35499 -3.89196 -2.93783 -0.929196 1.88019 3.60998 7.3476 -4.75732 -5.96198 -3.352 -1.24083 2.15653 4.65509 10.8022 -8.97369 -5.92207 -3.21539 0.41409 2.41997 6.27011 12.7649 -8.55743 -6.70428 -2.97022 -0.177785 2.73162 7.20961 16.1232 -8.71357 -5.4335 -2.55345 2.74366 2.77538 12.2961 14.9393 -3.73506 -7.22804 -1.77514 -3.01169 2.67363 7.53583 15.1784 -10.4409 -5.93511 -3.24523 5.57338 1.57723
75.46 9.7953 4.36789 2.1936 -3.8229 -2.75483 -0.878793 1.88535 5.02335 6.62459 -3.30273 -5.87912 -3.35694 -1.36893 2.12644 4.31901 10.4691 -8.84948 -5.94144 -3.24126 0.233871 2.38087 6.09129 12.3484 -8.64023 -6.74531 -3.03541 -0.340321 2.68993 6.99318 15.7063 -8.86651 -5.45721 -2.64801 2.66881 2.75742 11.6893 15.3121 -4.15581 -7.30297 -1.78112 -2.98582 2.72242 7.74025 15.3675 -10.4311 -5.93266 -3.19986 5.57556 1.58042
75.51 10.0078 5.05352 2.8757 -3.75574 -2.58205 -0.767365 1.90159 6.58223 5.95892 -1.80647 -5.787 -3.34833 -1.48312 2.0979 3.96972 10.1232 -8.66145 -5.95718 -3.26439 0.0545865 2.34319 5.914 11.9651 -8.69583 -6.7853 -3.0931 -0.504654 2.64663 6.79236 15.2731 -8.99777 -5.47937 -2.73222 2.57959 2.73426 11.0147 15.5851 -4.5771 -7.37839 -1.80063 -2.96252 2.7679 7.89886 15.5809 -10.4221 -5.92959 -3.15101 5.57921 1.58551
75.56 10.1257 5.81597 3.40266 -3.69173 -2.43053 -0.600994 1.92814 7.70818 5.46323 -0.514018 -5.69177 -3.30526 -1.58062 2.07177 3.64879 9.7511 -8.38912 -5.96595 -3.28485 -0.122145 2.30691 5.73293 11.6075 -8.72225 -6.8234 -3.1443 -0.668904 2.60229 6.60421 14.8266 -9.11175 -5.49991 -2.8069 2.47711 2.707 10.3088 15.7298 -5.01 -7.45414 -1.84231 -2.9425 2.80891 8.0101 15.8089 -10.4138 -5.92594 -3.10136 5.58435 1.59258
75.61 10.1922 6.59573 3.75204 -3.63372 -2.30257 -0.39106 1.96353 8.39894 5.18865 0.523322 -5.59665 -3.21791 -1.65746 2.04989 3.40821 9.33508 -8.00268 -5.96399 -3.30263 -0.294513 2.27188 5.54157 11.2682 -8.71602 -6.85866 -3.18992 -0.831424 2.55737 6.42592 14.372 -9.21139 -5.51891 -2.87296 2.362 2.67654 9.62383 15.7106 -5.45563 -7.53005 -1.91623 -2.9269 2.84353 8.06723 16.0394 -10.4063 -5.92181 -3.0541 5.59093 1.60157
75.66 10.2299 7.3851 3.86734 -3.58711 -2.19688 -0.148153 2.00601 8.84403 5.09374 1.33757 -5.50295 -3.09979 -1.70865 2.03412 3.29086 8.85291 -7.4609 -5.94679 -3.31771 -0.460532 2.23799 5.33171 10.9391 -8.67188 -6.88996 -3.2307 -0.990787 2.51229 6.25457 13.918 -9.29832 -5.53651 -2.93132 2.2348 2.64367 9.00582 15.515 -5.90353 -7.60594 -2.0256 -2.91717 2.86937 8.06271 16.2576 -10.3999 -5.91735 -3.01282 5.59876 1.61229
75.71 10.2514 8.2268 3.64811 -3.56088 -2.1109 0.119502 2.05388 9.1882 5.13064 1.97393 -5.41131 -2.96648 -1.72838 2.02575 3.34901 8.2837 -6.71489 -5.90969 -3.33003 -0.618049 2.20524 5.09389 10.6115 -8.58197 -6.91606 -3.26729 -1.14577 2.46741 6.08693 13.4739 -9.373 -5.55295 -2.98291 2.09638 2.60902 8.47312 15.1743 -6.33552 -7.68146 -2.16164 -2.91446 2.88438 7.99653 16.4481 -10.3947 -5.91282 -2.98095 5.60752 1.62433
75.76 10.2634 9.19055 2.96747 -3.56693 -2.04192 0.405692 2.10557 9.51431 5.28491 2.47105 -5.32222 -2.82649 -1.70986 2.02555 3.71769 7.62537 -5.71994 -5.85043 -3.33935 -0.764711 2.17368 4.82084 10.2751 -8.43459 -6.93558 -3.30017 -1.29531 2.42307 5.91923 13.047 -9.43483 -5.56851 -3.02856 1.94802 2.57312 8.02247 14.7442 -6.73364 -7.75609 -2.30953 -2.91908 2.88773 7.87907 16.5988 -10.3911 -5.90847 -2.96072 5.61677 1.63712
75.81 10.2687 10.296 1.8111 -3.61049 -1.98753 0.705329 2.15972 9.86973 5.58128 2.85559 -5.23636 -2.68313 -1.64547 2.034 4.67186 6.91451 -4.44373 -5.77216 -3.34477 -0.897853 2.1434 4.51547 9.91742 -8.21216 -6.94696 -3.32965 -1.43851 2.37964 5.74688 12.6412 -9.48219 -5.58343 -3.06905 1.79134 2.53637 7.64234 14.276 -7.08637 -7.82919 -2.45655 -2.93052 2.87986 7.72599 16.7039 -10.3892 -5.90453 -2.95262 5.62603 1.64998
75.86 10.265 11.4384 0.421155 -3.67834 -1.94565 1.01343 2.21518 10.2664 6.0706 3.13633 -5.15511 -2.53845 -1.52806 2.05143 6.21665 6.22775 -2.95527 -5.68228 -3.34083 -1.01424 2.11462 4.19959 9.52236 -7.88827 -6.94777 -3.35588 -1.57455 2.33759 5.56405 12.2576 -9.51264 -5.59789 -3.10509 1.62802 2.49913 7.31955 13.8047 -7.38944 -7.90006 -2.59499 -2.94769 2.86207 7.55222 16.7636 -10.3893 -5.90115 -2.95551 5.63486 1.66228
75.91 10.2356 12.4962 -0.93421 -3.75263 -1.91478 1.32402 2.27096 10.6852 6.7628 3.29042 -5.08186 -2.39639 -1.35712 2.07793 7.64501 5.69428 -1.52618 -5.5878 -3.30493 -1.10943 2.0881 3.92453 9.06919 -7.4244 -6.93338 -3.37884 -1.7027 2.29718 5.36312 11.8948 -9.52284 -5.61199 -3.1373 1.45961 2.46168 7.04172 13.35 -7.64356 -7.96798 -2.72136 -2.96938 2.836 7.3691 16.7821 -10.3912 -5.89842 -2.96735 5.64288 1.67349
75.96 10.1279 13.4171 -2.16036 -3.82478 -1.89542 1.62863 2.3262 11.1013 7.61948 3.23985 -5.0242 -2.2625 -1.14134 2.11318 8.56578 5.4341 -0.336624 -5.49298 -3.21148 -1.17686 2.06589 3.78904 8.53501 -6.76926 -6.89848 -3.39836 -1.82222 2.2583 5.13445 11.5492 -9.50864 -5.62572 -3.16623 1.28745 2.42429 6.79823 12.921 -7.8517 -8.03228 -2.83475 -2.9944 2.80328 7.18418 16.7662 -10.3948 -5.89634 -2.98577 5.64984 1.68322
76.01 9.82452 14.174 -3.28757 -3.89263 -1.89355 1.91427 2.37983 11.4942 8.64667 2.83056 -4.99639 -2.1416 -0.891989 2.15627 9.14927 5.42566 0.600875 -5.39968 -3.07248 -1.208 2.0507 3.95351 7.90717 -5.86556 -6.83937 -3.41414 -1.93235 2.22082 4.86809 11.2161 -9.46478 -5.63902 -3.19234 1.11272 2.38725 6.58031 12.5201 -8.01718 -8.09233 -2.9356 -3.02173 2.76538 7.00201 16.7228 -10.4 -5.89491 -3.0086 5.6556 1.69125
76.06 9.14016 14.7048 -4.41529 -3.95643 -1.92796 2.16185 2.43001 11.8392 9.88934 1.92078 -5.01405 -2.03669 -0.618581 2.20583 9.62276 5.62404 1.32357 -5.30884 -2.91082 -1.19332 2.04448 4.68326 7.20631 -4.66291 -6.75705 -3.42528 -2.03225 2.18475 4.55955 10.8894 -9.38452 -5.65194 -3.21595 0.936511 2.35089 6.38079 12.1459 -8.14264 -8.14748 -3.02495 -3.05052 2.72355 6.82498 16.6586 -10.4066 -5.89405 -3.03398 5.66011 1.69748
76.11 7.95474 14.8923 -5.65186 -4.01726 -2.03192 2.35198 2.47286 12.0925 11.2582 0.69427 -5.07031 -1.94903 -0.328323 2.26017 10.102 6.0455 1.86281 -5.22176 -2.73908 -1.12335 2.04847 6.0854 6.50063 -3.19534 -6.65816 -3.42719 -2.12087 2.15026 4.21828 10.5618 -9.25892 -5.66419 -3.23727 0.759905 2.31566 6.19356 11.7949 -8.22955 -8.19712 -3.10401 -3.08011 2.67883 6.65396 16.5792 -10.4142 -5.89368 -3.0605 5.66338 1.70192
76.16 6.46408 14.7531 -6.96705 -4.07616 -2.19988 2.47811 2.50308 12.2009 12.5619 -0.46708 -5.13935 -1.87842 -0.0271624 2.31755 10.6049 6.69847 2.21858 -5.14147 -2.56583 -0.994448 2.06335 7.52558 5.91735 -1.72354 -6.5509 -3.3997 -2.19662 2.118 3.87525 10.2245 -9.07557 -5.67387 -3.25636 0.584112 2.28183 6.01315 11.4621 -8.27788 -8.24058 -3.174 -3.10997 2.63208 6.48874 16.4893 -10.4227 -5.89371 -3.08714 5.66548 1.70462
76.21 5.03454 14.4996 -8.2046 -4.13344 -2.37287 2.54775 2.51866 12.1567 13.7135 -1.415 -5.20668 -1.8237 0.278169 2.37648 11.111 7.53911 2.33349 -5.07513 -2.40024 -0.813391 2.08914 8.49308 5.58932 -0.473862 -6.44116 -3.31497 -2.25676 2.08981 3.58587 9.86573 -8.81683 -5.67811 -3.27321 0.410542 2.24932 5.83418 11.1415 -8.28587 -8.27714 -3.23603 -3.13971 2.58398 6.32824 16.3925 -10.4317 -5.89406 -3.11318 5.6665 1.7057
76.26 3.85131 14.2449 -9.28107 -4.18876 -2.5216 2.57316 2.52165 11.9869 14.7062 -2.16783 -5.26806 -1.78334 0.577036 2.43578 11.6012 8.55877 2.06798 -5.03687 -2.25005 -0.5914 2.12512 9.10235 5.50275 0.517518 -6.33187 -3.18077 -2.29747 2.06825 3.39966 9.46994 -8.45725 -5.67369 -3.28778 0.240879 2.21797 5.65076 10.8262 -8.24944 -8.30595 -3.29109 -3.16901 2.53515 6.17066 16.2916 -10.4413 -5.89462 -3.1382 5.66655 1.7053
76.31 2.9277 14.0048 -10.1907 -4.24172 -2.64419 2.56516 2.51499 11.7138 15.5524 -2.78012 -5.32277 -1.75624 0.852114 2.49446 12.0611 9.79975 1.27357 -5.04379 -2.11975 -0.33868 2.16989 9.58526 5.58346 1.28643 -6.22449 -3.02031 -2.31446 2.05539 3.33625 9.01686 -7.96147 -5.65661 -3.30005 0.0771505 2.18772 5.45615 10.5082 -8.16143 -8.32596 -3.34005 -3.19766 2.48609 6.01351 16.1888 -10.451 -5.89533 -3.16193 5.66574 1.70356
76.36 2.22222 13.7728 -10.9514 -4.29199 -2.74474 2.53165 2.50119 11.3511 16.2629 -3.30237 -5.37152 -1.74237 1.0843 2.55164 12.4752 11.1833 0.112302 -5.09188 -2.01069 -0.0631981 2.22167 10.0688 5.79295 1.87484 -6.12016 -2.84729 -2.30281 2.05255 3.41472 8.48489 -7.28656 -5.62227 -3.30996 -0.0781975 2.15858 5.24315 10.1774 -8.01012 -8.33581 -3.3836 -3.22549 2.43721 5.8534 16.0856 -10.4609 -5.8961 -3.18426 5.66418 1.70061
76.41 1.688 13.5397 -11.5842 -4.33938 -2.8275 2.478 2.48216 10.9103 16.8395 -3.77421 -5.41565 -1.74347 1.26633 2.6064 12.8185 12.5137 -1.01904 -5.1551 -1.92187 0.228873 2.27861 10.5772 6.11453 2.3132 -6.02027 -2.67079 -2.2567 2.06061 3.70567 7.86431 -6.39426 -5.56734 -3.31731 -0.222176 2.13064 5.00755 9.82081 -7.7768 -8.33368 -3.42233 -3.25237 2.38888 5.68587 15.983 -10.4708 -5.89689 -3.20518 5.66198 1.69658
76.46 1.28506 13.2982 -12.1083 -4.3838 -2.89598 2.4076 2.45936 10.4051 17.2711 -4.22548 -5.4565 -1.76358 1.40292 2.65761 13.0509 13.6972 -1.95393 -5.2172 -1.85095 0.532183 2.33896 11.0917 6.54469 2.61486 -5.92693 -2.50046 -2.16995 2.07982 4.4066 7.17852 -5.25959 -5.4929 -3.32152 -0.351031 2.10397 4.75748 9.42162 -7.43237 -8.31723 -3.4566 -3.27823 2.34146 5.50485 15.8817 -10.4805 -5.89767 -3.22474 5.65922 1.6916
76.51 0.981744 13.0434 -12.5395 -4.42525 -2.95294 2.32238 2.43389 9.85428 17.5331 -4.67728 -5.4951 -1.80889 1.50126 2.7038 13.1248 14.7264 -2.70884 -5.27317 -1.79531 0.840964 2.40125 11.5939 7.11644 2.76545 -5.84392 -2.34457 -2.03653 2.10965 5.76979 6.49267 -3.87596 -5.40512 -3.31941 -0.459862 2.0787 4.53082 8.95841 -6.93318 -8.28343 -3.48655 -3.30299 2.29539 5.30227 15.7821 -10.49 -5.89844 -3.24304 5.656 1.68577
76.56 0.753682 12.7733 -12.8909 -4.46385 -3.00056 2.2233 2.40658 9.28377 17.5977 -5.14072 -5.53222 -1.88516 1.56674 2.74304 12.9988 15.6164 -3.3416 -5.32195 -1.75266 1.14724 2.46424 12.0713 7.89719 2.69115 -5.77948 -2.20785 -1.85299 2.14885 7.44832 5.93289 -2.39623 -5.31127 -3.29235 -0.541929 2.05533 4.42917 8.40948 -6.21926 -8.22804 -3.51206 -3.3266 2.2511 5.0681 15.6846 -10.4992 -5.89934 -3.26018 5.65238 1.67925
76.61 0.582316 12.4885 -13.1721 -4.49975 -3.04057 2.11085 2.37808 8.72232 17.4543 -5.61398 -5.56838 -1.99264 1.6024 2.77319 12.6471 16.3832 -3.90597 -5.36397 -1.72146 1.43799 2.52693 12.5148 8.93839 2.2257 -5.74975 -2.09182 -1.62449 2.19572 8.70486 5.70474 -1.08475 -5.21654 -3.19735 -0.587445 2.03587 4.69226 7.76846 -5.21969 -8.14758 -3.53252 -3.34902 2.20869 4.79286 15.5894 -10.5081 -5.90074 -3.27626 5.64845 1.67222
76.66 0.453593 12.1919 -13.3903 -4.53314 -3.07432 1.98555 2.34887 8.19619 17.1242 -6.08236 -5.60388 -2.12303 1.60972 2.79258 12.0682 17.0353 -4.44282 -5.40044 -1.70184 1.6938 2.58845 12.9166 10.2355 1.25747 -5.76945 -1.99597 -1.36264 2.24841 9.50962 5.86813 -0.0419247 -5.12374 -3.03423 -0.583575 2.02399 5.63973 7.07045 -3.89112 -8.04407 -3.54534 -3.37017 2.16808 4.47462 15.4969 -10.5166 -5.90332 -3.2913 5.64424 1.66504
76.71 0.356901 11.8874 -13.5496 -4.5642 -3.1029 1.84841 2.31933 7.7245 16.6521 -6.5253 -5.63884 -2.26297 1.58959 2.80057 11.3001 17.5663 -4.97783 -5.43297 -1.69751 1.89811 2.64787 13.2644 11.6254 0.057606 -5.82562 -1.91868 -1.07909 2.30511 10.1327 6.35407 0.733017 -5.03513 -2.83991 -0.519473 2.02274 7.03073 6.41493 -2.38455 -7.925 -3.53832 -3.38983 2.12948 4.12944 15.4077 -10.5247 -5.90717 -3.30527 5.63982 1.65808
76.76 0.284242 11.5789 -13.6519 -4.59302 -3.12721 1.70088 2.28977 7.31555 16.0879 -6.92611 -5.67328 -2.40037 1.54297 2.7977 10.4393 17.9417 -5.51753 -5.46309 -1.7189 2.04891 2.7038 13.5316 12.9193 -1.02272 -5.89294 -1.85752 -0.783927 2.36423 10.6984 7.08163 1.23003 -4.95522 -2.64077 -0.394765 2.03368 8.1467 5.95473 -1.00295 -7.79855 -3.48314 -3.40726 2.09404 3.80053 15.3229 -10.5322 -5.91139 -3.31803 5.63524 1.65144
76.81 0.229607 11.2687 -13.6963 -4.61955 -3.14795 1.54471 2.26039 6.9668 15.4773 -7.27669 -5.70718 -2.52776 1.4714 2.78531 9.62526 18.1055 -6.04824 -5.49198 -1.7809 2.15307 2.75386 13.6727 14.0576 -1.89324 -5.95937 -1.80986 -0.487468 2.42446 11.2338 7.9917 1.37263 -4.89393 -2.45285 -0.218362 2.05709 8.84797 5.74594 0.124275 -7.66996 -3.37162 -3.42106 2.06393 3.54192 15.2431 -10.5391 -5.91544 -3.32945 5.63056 1.64498
76.86 0.188483 10.9567 -13.6796 -4.64352 -3.16571 1.38158 2.23138 6.66862 14.8603 -7.57643 -5.74065 -2.64195 1.37722 2.76504 8.95236 18.0379 -6.54568 -5.52045 -1.8867 2.21778 2.79491 13.6389 15.0447 -2.59023 -6.02119 -1.77335 -0.203613 2.48483 11.7388 9.10494 1.00841 -4.86823 -2.2854 -0.00107678 2.0921 9.34603 5.72587 1.00674 -7.54179 -3.2245 -3.42996 2.04128 3.37835 15.169 -10.5451 -5.91918 -3.3395 5.62582 1.6386
76.91 0.157497 10.64 -13.5954 -4.66437 -3.18093 1.21299 2.20286 6.40883 14.2664 -7.82886 -5.77384 -2.74246 1.26348 2.73852 8.42362 17.7844 -6.98997 -5.54884 -2.02089 2.24861 2.82443 13.4044 15.8979 -3.16962 -6.07746 -1.74616 0.049063 2.5446 12.2045 10.4311 0.100014 -4.88913 -2.14245 0.24761 2.13702 9.80881 5.84222 1.68625 -7.41559 -3.05868 -3.43312 2.02759 3.30625 15.1006 -10.55 -5.92258 -3.3482 5.62107 1.6323
76.96 0.134131 10.3125 -13.4335 -4.68113 -3.194 1.04024 2.17494 6.17531 13.7118 -8.03876 -5.80696 -2.83017 1.13347 2.7072 8.00241 17.4078 -7.37299 -5.57714 -2.16422 2.25006 2.84158 12.9739 16.6323 -3.67943 -6.12844 -1.72718 0.256826 2.60316 12.6094 11.8092 -1.01438 -4.93911 -2.02431 0.519794 2.18975 10.3 6.07016 2.20017 -7.29276 -2.88336 -3.43 2.02398 3.31435 15.038 -10.5533 -5.92562 -3.35566 5.61635 1.62614
77.01 0.116529 9.96447 -13.1782 -4.69226 -3.20519 0.864448 2.1477 5.95684 13.202 -8.21053 -5.84018 -2.90648 0.9903 2.67229 7.65523 16.9536 -7.69651 -5.6051 -2.30374 2.22579 2.84695 12.3704 17.2542 -4.15625 -6.17498 -1.71651 0.419659 2.65999 12.9118 13.0756 -2.01543 -4.99469 -1.92892 0.808489 2.24813 10.8117 6.38639 2.57319 -7.17504 -2.70754 -3.4203 2.03116 3.39083 14.9809 -10.555 -5.92831 -3.36197 5.6117 1.62017
77.06 0.103362 9.58172 -12.8054 -4.69541 -3.2147 0.686701 2.12119 5.74274 12.736 -8.34729 -5.87354 -2.97291 0.836658 2.63479 7.35941 16.4484 -7.9675 -5.63244 -2.43299 2.17859 2.84194 11.6286 17.7551 -4.62607 -6.21804 -1.71675 0.544242 2.71447 13.055 14.186 -2.84638 -5.04646 -1.85329 1.10684 2.31022 11.3212 6.76606 2.81645 -7.06467 -2.54086 -3.40416 2.04919 3.52294 14.9291 -10.5547 -5.93068 -3.36723 5.60716 1.61446
77.11 0.0937952 9.14485 -12.2815 -4.68718 -3.22264 0.508127 2.09546 5.52206 12.3094 -8.45065 -5.90697 -3.03092 0.674801 2.59549 7.10038 15.9086 -8.19449 -5.65892 -2.54953 2.11048 2.82821 10.8054 18.1023 -5.10331 -6.25848 -1.7353 0.636487 2.76565 12.984 15.1475 -3.55557 -5.09235 -1.79449 1.40752 2.37434 11.8124 7.19421 2.92748 -6.96466 -2.39045 -3.38217 2.07737 3.69848 14.8826 -10.5525 -5.93273 -3.3715 5.60274 1.60903
77.16 0.0876692 8.6309 -11.5656 -4.66325 -3.22903 0.33001 2.07055 5.28286 11.9157 -8.52063 -5.9402 -3.08179 0.506622 2.55501 6.86845 15.3485 -8.38557 -5.68444 -2.65309 2.02301 2.8074 9.98966 18.238 -5.58811 -6.29709 -1.78517 0.699383 2.81184 12.6569 15.9758 -4.20252 -5.13255 -1.75034 1.7024 2.43914 12.2743 7.67197 2.8885 -6.87904 -2.25974 -3.35529 2.11435 3.90908 14.8413 -10.5483 -5.93447 -3.37481 5.59847 1.6039
77.21 0.086446 8.02326 -10.6301 -4.61978 -3.23381 0.153843 2.0465 5.01307 11.5477 -8.55565 -5.97275 -3.12663 0.333772 2.51387 6.65675 14.7854 -8.54748 -5.70901 -2.74437 1.91766 2.78094 9.2708 18.1133 -6.06647 -6.33464 -1.8762 0.73311 2.85038 12.0588 16.6804 -4.83174 -5.16801 -1.7205 1.98238 2.50349 12.6986 8.21748 2.66381 -6.81334 -2.1492 -3.32466 2.15846 4.15281 14.8053 -10.5422 -5.93593 -3.37718 5.59437 1.59908
77.26 0.097064 7.33227 -9.5011 -4.55659 -3.2369 -0.0186262 2.02335 4.705 11.1975 -8.55228 -6.0039 -3.16631 0.157776 2.47244 6.45989 14.2375 -8.68531 -5.73276 -2.82454 1.7963 2.7501 8.68244 17.7405 -6.51773 -6.37175 -2.00225 0.736447 2.87852 11.2428 17.254 -5.46114 -5.19996 -1.70888 2.23726 2.56622 13.077 8.86201 2.20326 -6.77466 -2.05761 -3.2914 2.20794 4.43509 14.7749 -10.5344 -5.93713 -3.37851 5.59045 1.59458
77.31 0.145871 6.60374 -8.27167 -4.47907 -3.23824 -0.185387 2.00114 4.36231 10.857 -8.50491 -6.03269 -3.20149 -0.0198753 2.43107 6.27324 13.7181 -8.80239 -5.75595 -2.89485 1.66113 2.71589 8.20823 17.1864 -6.92508 -6.40888 -2.14598 0.708803 2.89468 10.3586 17.6598 -6.07685 -5.22963 -1.72686 2.45587 2.62569 13.396 9.6304 1.47741 -6.7693 -1.98303 -3.25655 2.26117 4.76641 14.7511 -10.5251 -5.93807 -3.37857 5.58674 1.59042
77.36 0.318726 5.89235 -7.03352 -4.39487 -3.23794 -0.344147 1.9799 4.0016 10.5173 -8.40486 -6.05785 -3.23259 -0.197661 2.39003 6.09248 13.234 -8.90041 -5.77881 -2.95656 1.51452 2.67918 7.81993 16.5321 -7.28076 -6.44633 -2.2917 0.651537 2.89884 9.58006 17.85 -6.64703 -5.25811 -1.78768 2.62807 2.67926 13.6321 10.4991 0.55426 -6.79653 -1.92336 -3.22099 2.31677 5.15239 14.7359 -10.5147 -5.93877 -3.37688 5.58328 1.5866
77.41 0.839736 5.23322 -5.79141 -4.3097 -3.23617 -0.492302 1.95967 3.64533 10.1677 -8.23907 -6.0779 -3.25994 -0.374013 2.34963 5.91307 12.7863 -8.97959 -5.80154 -3.0108 1.35868 2.64067 7.49418 15.8472 -7.58489 -6.48431 -2.42994 0.567872 2.89211 8.97655 17.8294 -7.14658 -5.28618 -1.8891 2.74917 2.7238 13.7594 11.3898 -0.401015 -6.84657 -1.87653 -3.18546 2.37363 5.58011 14.7327 -10.5035 -5.93923 -3.37256 5.58011 1.58317
77.46 2.09865 4.64035 -4.44651 -4.2265 -3.23309 -0.626826 1.94047 3.31528 9.7945 -7.98776 -6.09103 -3.2838 -0.547318 2.3103 5.72974 12.3729 -9.03882 -5.82425 -3.05863 1.19549 2.60094 7.21411 15.1784 -7.84203 -6.523 -2.55637 0.461994 2.87606 8.51559 17.6558 -7.5679 -5.31419 -2.01407 2.82188 2.75715 13.7626 12.2307 -1.2567 -6.90865 -1.84052 -3.15054 2.43084 6.01969 14.747 -10.4917 -5.9394 -3.36428 5.57731 1.58019
77.51 4.18923 4.11867 -2.95118 -4.1464 -3.22822 -0.744049 1.92231 3.03355 9.37951 -7.62106 -6.09426 -3.30441 -0.715945 2.27259 5.53586 11.9892 -9.07584 -5.84691 -3.10097 1.02652 2.56047 6.96779 14.5504 -8.05813 -6.56251 -2.66971 0.338185 2.85238 8.14658 17.3872 -7.91625 -5.34209 -2.14608 2.85332 2.77874 13.6376 12.9893 -1.97463 -6.9765 -1.81355 -3.11668 2.48766 6.44014 14.7855 -10.4798 -5.93924 -3.35043 5.575 1.57779
77.56 6.41004 3.69355 -1.48173 -4.06961 -3.21436 -0.839225 1.90534 2.83541 8.89997 -7.09554 -6.08249 -3.32196 -0.878272 2.23684 5.32281 11.6294 -9.08728 -5.86937 -3.13862 0.853046 2.51965 6.74659 13.9729 -8.23885 -6.60283 -2.77027 0.20037 2.82263 7.83505 17.0611 -8.20243 -5.36959 -2.27503 2.85136 2.78916 13.3877 13.6585 -2.57193 -7.04733 -1.7942 -3.0842 2.54348 6.82008 14.855 -10.4679 -5.93867 -3.32955 5.57335 1.57617
77.61 8.11207 3.49562 -0.186154 -3.99583 -3.15566 -0.905557 1.89061 2.81383 8.3335 -6.35449 -6.05026 -3.3365 -1.0327 2.20303 5.08022 11.287 -9.06857 -5.89136 -3.17228 0.676214 2.47883 6.54392 13.4472 -8.38861 -6.64382 -2.85905 0.0519819 2.78817 7.56163 16.6981 -8.4382 -5.39637 -2.39579 2.82279 2.78962 13.0208 14.2403 -3.08174 -7.11993 -1.78157 -3.05336 2.59781 7.14916 14.9599 -10.4565 -5.93763 -3.30079 5.57256 1.5756
77.66 9.11646 3.65981 0.911378 -3.92435 -3.01841 -0.93298 1.88144 3.20064 7.67488 -5.33552 -5.99482 -3.34792 -1.17763 2.17087 4.79879 10.9544 -9.01354 -5.9126 -3.2025 0.497127 2.43838 6.35441 12.9701 -8.51031 -6.68519 -2.93731 -0.104006 2.75011 7.31564 16.3095 -8.63414 -5.42208 -2.5062 2.77282 2.78156 12.5472 14.7379 -3.53633 -7.19371 -1.7755 -3.02438 2.65022 7.42549 15.1014 -10.4457 -5.93604 -3.26434 5.57284 1.57635
77.71 9.64427 4.09946 1.82699 -3.85455 -2.83919 -0.909564 1.88159 4.30067 6.95705 -3.99924 -5.91897 -3.35553 -1.31145 2.14015 4.47743 10.6236 -8.91372 -5.93277 -3.22967 0.316965 2.39874 6.17328 12.536 -8.60534 -6.72647 -3.00635 -0.26501 2.7094 7.09087 15.9007 -8.79899 -5.44647 -2.60572 2.70521 2.76642 11.9791 15.1514 -3.96265 -7.26834 -1.77705 -2.99746 2.70027 7.65175 15.2767 -10.4355 -5.93386 -3.22136 5.57438 1.57872
77.76 9.92534 4.72284 2.58002 -3.78643 -2.65947 -0.826181 1.89275 5.89778 6.25169 -2.48101 -5.83018 -3.35513 -1.43233 2.11084 4.13027 10.2851 -8.75722 -5.95058 -3.25406 0.137061 2.36038 5.9959 12.1382 -8.67366 -6.76704 -3.06736 -0.428763 2.66677 6.88324 15.4748 -8.9396 -5.46935 -2.69462 2.62244 2.74552 11.3325 15.473 -4.38182 -7.34355 -1.78949 -2.97291 2.74739 7.83137 15.48 -10.4261 -5.93108 -3.17381 5.57734 1.58292
77.81 10.0797 5.45959 3.17966 -3.72072 -2.4975 -0.683851 1.9147 7.25209 5.66465 -1.0782 -5.73581 -3.33072 -1.53795 2.08342 3.78993 9.92699 -8.52684 -5.963 -3.27575 -0.0410619 2.32348 5.81729 11.7697 -8.71388 -6.80612 -3.12143 -0.59327 2.62284 6.68959 15.0339 -9.06111 -5.49064 -2.77359 2.52597 2.72002 10.6351 15.6814 -4.80856 -7.41917 -1.81965 -2.95126 2.79066 7.965 15.7026 -10.4175 -5.92769 -3.12417 5.58179 1.58907
77.86 10.1661 6.23574 3.61564 -3.65946 -2.35869 -0.492571 1.94622 8.12249 5.28933 0.0752772 -5.6404 -3.26314 -1.62489 2.05932 3.50617 9.53375 -8.19745 -5.9665 -3.29476 -0.215679 2.28789 5.63159 11.4229 -8.72324 -6.84282 -3.16952 -0.756778 2.57813 6.5071 14.5822 -9.16708 -5.51033 -2.8435 2.41663 2.69093 9.93368 15.7416 -5.24893 -7.49503 -1.87765 -2.93345 2.8285 8.04816 15.9337 -10.4096 -5.92377 -3.07538 5.58772 1.59719
77.91 10.2151 7.01813 3.84855 -3.60671 -2.24301 -0.263703 1.98565 8.65824 5.11889 0.986813 -5.54594 -3.15695 -1.68857 2.04053 3.32718 9.08501 -7.73313 -5.95693 -3.31109 -0.384883 2.25348 5.4314 11.0901 -8.69738 -6.87609 -3.21245 -0.917761 2.53308 6.33293 14.1267 -9.25975 -5.52855 -2.9053 2.29493 2.65909 9.28069 15.6261 -5.69773 -7.57096 -1.97106 -2.92084 2.85869 8.07271 16.1595 -10.4027 -5.91943 -3.03088 5.59501 1.60716
77.96 10.243 7.82776 3.79902 -3.56971 -2.14828 -0.00658633 2.03124 9.03569 5.09904 1.69983 -5.45329 -3.02915 -1.7236 2.02863 3.29491 8.5579 -7.08743 -5.92951 -3.3247 -0.5466 2.2202 5.20764 10.763 -8.62976 -6.90476 -3.2509 -1.0749 2.48807 6.16401 13.677 -9.34009 -5.5455 -2.9599 2.16154 2.62519 8.70811 15.3461 -6.1395 -7.6467 -2.0965 -2.91479 2.87889 8.03426 16.3645 -10.3969 -5.9149 -2.9943 5.60339 1.61865
78.01 10.2588 8.727 3.34513 -3.55943 -2.07178 0.271732 2.08134 9.36243 5.19855 2.25705 -5.36296 -2.8916 -1.72362 2.02459 3.49416 7.93875 -6.21221 -5.88045 -3.33545 -0.698578 2.18809 4.95131 10.4321 -8.51066 -6.92749 -3.28544 -1.22707 2.44343 5.99685 13.2414 -9.40799 -5.56143 -3.00819 2.01758 2.58981 8.22077 14.9501 -6.55515 -7.72182 -2.24077 -2.91605 2.88763 7.93866 16.5348 -10.3925 -5.91044 -2.96853 5.61247 1.63117
78.06 10.267 9.77272 2.39321 -3.58618 -2.01094 0.565769 2.13451 9.70047 5.42377 2.69113 -5.2755 -2.74956 -1.68137 2.029 4.14118 7.2449 -5.06791 -5.81019 -3.3429 -0.838314 2.1572 4.65946 10.086 -8.32551 -6.94284 -3.31646 -1.3733 2.39953 5.82729 12.8256 -9.46228 -5.57661 -3.05097 1.86453 2.5534 7.80974 14.494 -6.92975 -7.79571 -2.38945 -2.92446 2.88481 7.8 16.6612 -10.3898 -5.90629 -2.95489 5.62179 1.64408
78.11 10.2684 10.9162 1.07052 -3.64534 -1.96353 0.870622 2.1895 10.0791 5.81844 3.02023 -5.19186 -2.60515 -1.58909 2.04226 5.46741 6.53483 -3.65323 -5.72467 -3.34468 -0.962884 2.12768 4.34421 9.71043 -8.0524 -6.94896 -3.34419 -1.51275 2.35679 5.65012 12.4318 -9.50089 -5.59127 -3.08898 1.70407 2.51635 7.46213 14.0209 -7.25586 -7.8677 -2.53251 -2.93913 2.87141 7.63412 16.7415 -10.389 -5.90263 -2.95293 5.63087 1.65671
78.16 10.2545 12.0235 -0.32329 -3.71833 -1.92769 1.18092 2.24525 10.4909 6.42074 3.23844 -5.1143 -2.46124 -1.4422 2.06459 7.04451 5.91096 -2.16107 -5.63161 -3.32772 -1.06852 2.09995 4.04129 9.2869 -7.65874 -6.94225 -3.36866 -1.64463 2.31562 5.45862 12.0597 -9.52089 -5.60553 -3.12288 1.53782 2.47896 7.165 13.5569 -7.53227 -7.93706 -2.66468 -2.9589 2.84895 7.45416 16.7783 -10.3901 -5.89959 -2.96093 5.6393 1.66848
78.21 10.1929 13.0109 -1.611 -3.792 -1.90273 1.48957 2.30085 10.9111 7.20544 3.29662 -5.04812 -2.32289 -1.24569 2.09588 8.19933 5.51871 -0.852461 -5.5366 -3.26178 -1.14972 2.07542 3.82575 8.79274 -7.09884 -6.91743 -3.3898 -1.76821 2.27605 5.24403 11.7067 -9.51853 -5.61944 -3.15326 1.36724 2.44151 6.90687 13.1154 -7.7612 -8.00312 -2.78406 -2.98252 2.8191 7.26934 16.7774 -10.3929 -5.89722 -2.9766 5.64677 1.67893
78.26 9.99952 13.8478 -2.77484 -3.86189 -1.89146 1.78596 2.35538 11.3172 8.14823 3.0762 -5.00434 -2.19551 -1.0105 2.1355 8.90528 5.40255 0.197656 -5.44246 -3.14057 -1.19874 2.05669 3.82631 8.2081 -6.3168 -6.86972 -3.40736 -1.88277 2.23793 4.99613 11.3686 -9.48908 -5.63294 -3.18062 1.19356 2.40427 6.67813 12.7015 -7.94596 -8.0652 -2.89059 -3.0089 2.78342 7.08549 16.7458 -10.3975 -5.8955 -2.99765 5.6531 1.68777
78.31 9.51554 14.495 -3.88707 -3.92745 -1.90559 2.05378 2.40748 11.6882 9.28992 2.40181 -4.99987 -2.08297 -0.747164 2.18227 9.40794 5.50693 1.01447 -5.35037 -2.98719 -1.20642 2.04614 4.25671 7.53543 -5.25683 -6.79758 -3.42084 -1.98751 2.20121 4.70691 11.0397 -9.42657 -5.64602 -3.20535 1.0179 2.36755 6.47093 12.3154 -8.08962 -8.12269 -2.98509 -3.03711 2.74326 6.9059 16.6905 -10.4034 -5.89438 -3.02205 5.65819 1.69484
78.36 8.5601 14.8545 -5.06484 -3.9895 -1.97369 2.27225 2.45436 11.9908 10.6245 1.27194 -5.04126 -1.9873 -0.463899 2.23463 9.87746 5.82134 1.63589 -5.26133 -2.819 -1.16297 2.04531 5.3802 6.82023 -3.89308 -6.70528 -3.42818 -2.08148 2.16595 4.37837 10.7135 -9.32318 -5.6587 -3.22771 0.841334 2.33174 6.27874 11.9542 -8.19422 -8.17495 -3.06874 -3.0664 2.69976 6.73208 16.6174 -10.4106 -5.89379 -3.0482 5.66202 1.70009
78.41 7.16453 14.8446 -6.36068 -4.0492 -2.11821 2.42764 2.49097 12.1709 11.9771 0.0448488 -5.1072 -1.90892 -0.167038 2.29081 10.3711 6.37088 2.07925 -5.17733 -2.64534 -1.06099 2.05511 6.90765 6.16056 -2.38309 -6.60096 -3.41823 -2.16342 2.13252 4.03059 10.382 -9.16828 -5.6699 -3.24783 0.665005 2.29725 6.09585 11.6137 -8.26045 -8.22135 -3.14277 -3.09619 2.65385 6.56427 16.5318 -10.4187 -5.89365 -3.07489 5.66465 1.70358
78.46 5.66883 14.6199 -7.65141 -4.10724 -2.29535 2.52188 2.51321 12.1945 13.2026 -1.0049 -5.17624 -1.84706 0.137371 2.34919 10.8785 7.13055 2.31727 -5.10328 -2.4751 -0.902674 2.07592 8.10671 5.70616 -1.01733 -6.49184 -3.36161 -2.23119 2.10214 3.70879 10.0347 -8.94694 -5.67702 -3.26572 0.490219 2.26416 5.9169 11.2882 -8.2874 -8.26119 -3.20834 -3.12603 2.60629 6.40177 16.4378 -10.4275 -5.89387 -3.10128 5.66616 1.7054
78.51 4.3633 14.3605 -8.80595 -4.16351 -2.45641 2.56618 2.52164 12.0791 14.2674 -1.84147 -5.24058 -1.80026 0.440936 2.40845 11.3781 8.06344 2.24965 -5.04983 -2.31704 -0.69817 2.10734 8.84922 5.51799 0.0906167 -6.38211 -3.24717 -2.28137 2.07722 3.47095 9.65827 -8.63764 -5.67704 -3.28135 0.318524 2.2323 5.73632 10.9714 -8.27213 -8.29369 -3.2665 -3.15557 2.55773 6.24312 16.3385 -10.4368 -5.89434 -3.12681 5.66664 1.70566
78.56 3.32366 14.114 -9.79095 -4.21761 -2.59066 2.57243 2.51909 11.8516 15.1795 -2.51172 -5.29835 -1.76713 0.729539 2.46753 11.8536 9.19964 1.70671 -5.0344 -2.17722 -0.458498 2.14826 9.36735 5.52876 0.956589 -6.27371 -3.09648 -2.30986 2.06015 3.34954 9.23438 -8.2097 -5.66635 -3.29468 0.151782 2.20154 5.54776 10.6558 -8.20905 -8.31791 -3.31818 -3.18454 2.50872 6.08613 16.2364 -10.4465 -5.89499 -3.15115 5.66621 1.70452
78.61 2.52359 13.8794 -10.6177 -4.26916 -2.70082 2.54988 2.50831 11.5288 15.9517 -3.06991 -5.3497 -1.74706 0.983389 2.52551 12.2912 10.5407 0.665996 -5.06621 -2.05837 -0.192658 2.19704 9.84233 5.68159 1.6236 -6.16782 -2.92807 -2.3121 2.05255 3.35836 8.74119 -7.62285 -5.64053 -3.30569 -0.00776564 2.17188 5.34409 10.3323 -8.08877 -8.33264 -3.36415 -3.21277 2.45971 5.92787 16.1332 -10.4563 -5.89574 -3.17414 5.66499 1.70211
78.66 1.91586 13.6478 -11.307 -4.31789 -2.7913 2.50499 2.49148 11.1226 16.5906 -3.56075 -5.39578 -1.7409 1.18846 2.58151 12.6712 11.9157 -0.518236 -5.12548 -1.96046 0.0924509 2.25182 10.3406 5.95301 2.12836 -6.06568 -2.75202 -2.28264 2.0555 3.53643 8.16104 -6.83461 -5.5953 -3.31426 -0.157401 2.14337 5.11896 9.98942 -7.89616 -8.33629 -3.40504 -3.2401 2.41108 5.7644 16.0302 -10.4662 -5.89653 -3.1957 5.66307 1.69856
78.71 1.4568 13.411 -11.879 -4.36368 -2.86598 2.442 2.47027 10.6451 17.0913 -4.01836 -5.438 -1.75158 1.34509 2.63452 12.9605 13.1711 -1.54807 -5.18917 -1.8816 0.391236 2.3108 10.855 6.33187 2.49275 -5.96899 -2.57766 -2.2154 2.06959 4.01303 7.49969 -5.8145 -5.52935 -3.32005 -0.29376 2.1161 4.87315 9.6123 -7.60744 -8.32677 -3.44133 -3.26643 2.36319 5.59048 15.9282 -10.476 -5.89731 -3.21588 5.66055 1.69401
78.76 1.11097 13.1628 -12.3513 -4.4065 -2.92795 2.36345 2.44591 10.1125 17.4352 -4.46786 -5.47752 -1.78443 1.46026 2.68324 13.1133 14.27 -2.37946 -5.24823 -1.81923 0.698298 2.37237 11.3647 6.83107 2.71751 -5.88055 -2.41428 -2.10422 2.09464 5.05731 6.80316 -4.54157 -5.44677 -3.32169 -0.41253 2.09016 4.62811 9.18149 -7.1861 -8.30141 -3.47327 -3.29171 2.31643 5.39899 15.8278 -10.4856 -5.89808 -3.23475 5.65754 1.68856
78.81 0.850819 12.8998 -12.7381 -4.4464 -2.97964 2.27069 2.41936 9.54752 17.5938 -4.92532 -5.51525 -1.84593 1.54039 2.72594 13.0839 15.2221 -3.06124 -5.30034 -1.77084 1.00697 2.43517 11.8548 7.50711 2.76188 -5.80606 -2.26837 -1.94378 2.12971 6.69187 6.16271 -3.07155 -5.35491 -3.31053 -0.50794 2.06579 4.44956 8.67436 -6.57961 -8.25657 -3.50087 -3.31585 2.27129 5.18071 15.7293 -10.495 -5.8989 -3.25241 5.6541 1.68234
78.86 0.655295 12.6216 -13.0506 -4.48351 -3.02297 2.16435 2.39134 8.97835 17.5457 -5.39518 -5.55179 -1.93953 1.58954 2.76054 12.8381 16.0441 -3.65124 -5.34537 -1.73447 1.30694 2.49811 12.3149 8.42373 2.50183 -5.75786 -2.14276 -1.73478 2.17327 8.19696 5.75896 -1.65817 -5.26012 -3.25141 -0.571769 2.04414 4.50289 8.07458 -5.72072 -8.18784 -3.52379 -3.33883 2.22803 4.92532 15.633 -10.5041 -5.89999 -3.26897 5.6503 1.67551
78.91 0.50841 12.33 -13.2971 -4.51803 -3.05945 2.04489 2.3624 8.43303 17.2971 -5.86824 -5.58757 -2.06086 1.6098 2.78504 12.3622 16.7487 -4.19661 -5.38421 -1.70933 1.58148 2.56028 12.737 9.6117 1.7591 -5.75424 -2.03775 -1.48677 2.22351 9.17513 5.74825 -0.488916 -5.16618 -3.1155 -0.592341 2.0283 5.10965 7.39488 -4.54237 -8.09428 -3.54076 -3.36058 2.18659 4.62626 15.5392 -10.5127 -5.90194 -3.28449 5.64621 1.66834
78.96 0.398079 12.0286 -13.4832 -4.55015 -3.0903 1.91305 2.33298 7.93448 16.8842 -6.32541 -5.62278 -2.19811 1.60223 2.79829 11.6732 17.3379 -4.7304 -5.41835 -1.69713 1.81076 2.6208 13.1119 10.9878 0.611461 -5.79703 -1.95217 -1.21189 2.27857 9.8564 6.09467 0.408462 -5.07528 -2.93141 -0.55685 2.02187 6.38605 6.70245 -3.08055 -7.98128 -3.54563 -3.38098 2.14699 4.28992 15.4484 -10.521 -5.90529 -3.29897 5.64188 1.66124
79.01 0.31519 11.7215 -13.6118 -4.58 -3.11648 1.77011 2.30339 7.49631 16.3566 -6.74721 -5.65746 -2.33791 1.56769 2.8003 10.8392 17.7914 -5.26848 -5.44941 -1.70486 1.98564 2.67856 13.4209 12.3407 -0.550095 -5.86158 -1.88389 -0.920887 2.33675 10.4418 6.72133 1.0382 -4.99053 -2.73201 -0.45936 2.02707 7.69086 6.1348 -1.61138 -7.85737 -3.51615 -3.39958 2.10987 3.94647 15.3614 -10.5288 -5.90944 -3.3123 5.63737 1.65447
79.06 0.252884 11.4119 -13.6831 -4.60761 -3.13879 1.6177 2.2739 7.12068 15.762 -7.12141 -5.69161 -2.47053 1.50738 2.79211 9.98665 18.0592 -5.80607 -5.47875 -1.74656 2.11032 2.73169 13.6267 13.5523 -1.5166 -5.92917 -1.83032 -0.623602 2.39661 10.9903 7.54984 1.35944 -4.91894 -2.53739 -0.30544 2.04478 8.56364 5.8142 -0.363095 -7.72932 -3.42891 -3.41524 2.077 3.64997 15.2792 -10.5361 -5.91361 -3.32435 5.63273 1.64795
79.11 0.206009 11.1009 -13.6952 -4.63281 -3.15786 1.45758 2.2447 6.80062 15.1435 -7.44434 -5.72526 -2.591 1.42328 2.77526 9.24326 18.0961 -6.3219 -5.50734 -1.83314 2.19245 2.77729 13.6786 14.6072 -2.2867 -5.99335 -1.78893 -0.331845 2.45702 11.51 8.5627 1.24925 -4.87447 -2.35972 -0.105726 2.07461 9.12842 5.71594 0.627574 -7.60074 -3.29543 -3.42653 2.05069 3.44184 15.2024 -10.5425 -5.9175 -3.33504 5.62801 1.64154
79.16 0.170707 10.787 -13.6432 -4.65519 -3.1742 1.29134 2.21594 6.52467 14.5361 -7.71801 -5.75855 -2.69777 1.31816 2.75143 8.65172 17.9202 -6.79246 -5.53575 -1.9568 2.23829 2.81234 13.5377 15.5199 -2.91368 -6.0522 -1.75764 -0.0624253 2.51715 11.9956 9.79957 0.572349 -4.87416 -2.20525 0.129545 2.11521 9.59335 5.77347 1.39542 -7.47347 -3.13682 -3.43242 2.03271 3.32883 15.1314 -10.5479 -5.92105 -3.34435 5.62325 1.63519
79.21 0.144093 10.4654 -13.5187 -4.67399 -3.18822 1.12036 2.18774 6.28049 13.9622 -7.94693 -5.79168 -2.79123 1.19525 2.72216 8.18571 17.5934 -7.20401 -5.56411 -2.09798 2.25279 2.8352 13.1956 16.3076 -3.45035 -6.10554 -1.73494 0.166869 2.57634 12.4324 11.1808 -0.502281 -4.91427 -2.07581 0.391796 2.1646 10.0696 5.95251 1.98183 -7.34889 -2.96488 -3.43225 2.02434 3.30139 15.0662 -10.552 -5.92426 -3.35237 5.61852 1.62896
79.26 0.124027 10.1283 -13.3089 -4.68795 -3.20025 0.945833 2.16018 6.05642 13.4315 -8.13581 -5.82484 -2.87261 1.05779 2.68877 7.80783 17.1707 -7.55431 -5.59226 -2.2404 2.23998 2.84586 12.6684 16.9815 -3.93853 -6.15401 -1.72031 0.349748 2.63403 12.7885 12.5103 -1.57577 -4.96922 -1.97027 0.673718 2.22063 10.5747 6.23126 2.41763 -7.22857 -2.78806 -3.4256 2.02649 3.34785 15.0066 -10.5544 -5.92711 -3.3592 5.61384 1.6229
79.31 0.108949 9.76368 -12.9938 -4.69514 -3.21052 0.768854 2.13332 5.84162 12.9457 -8.28842 -5.85814 -2.9434 0.908667 2.65236 7.49054 16.6866 -7.84851 -5.61992 -2.37488 2.20306 2.84543 11.985 17.5406 -4.40904 -6.19856 -1.71495 0.491098 2.68968 13.0125 13.6932 -2.482 -5.02327 -1.88591 0.968489 2.28124 11.0877 6.58436 2.72021 -7.11449 -2.61606 -3.41238 2.03956 3.45593 14.9524 -10.5551 -5.92963 -3.36493 5.60924 1.61706
79.36 0.0977913 9.35451 -12.5445 -4.69265 -3.21917 0.590513 2.10723 5.6254 12.5017 -8.40709 -5.89156 -3.00512 0.750345 2.61379 7.21598 16.161 -8.09473 -5.64682 -2.49741 2.14439 2.83552 11.1902 17.9645 -4.88191 -6.2401 -1.72373 0.597697 2.74254 13.0464 14.7215 -3.23962 -5.07194 -1.81969 1.26905 2.34461 11.589 6.99104 2.89344 -7.00927 -2.45749 -3.39298 2.06319 3.61278 14.9034 -10.5538 -5.93182 -3.36965 5.60476 1.6115
79.41 0.0900336 8.87893 -11.9222 -4.67652 -3.22628 0.412014 2.08194 5.39628 12.0937 -8.49256 -5.92492 -3.05914 0.584865 2.57379 6.97254 15.6083 -8.30143 -5.6728 -2.60691 2.06567 2.81778 10.3585 18.2058 -5.36419 -6.27946 -1.75738 0.673955 2.79131 12.8415 15.6095 -3.90854 -5.11467 -1.76897 1.56767 2.40925 12.0655 7.44468 2.92695 -6.91643 -2.31749 -3.36822 2.0963 3.80789 14.8597 -10.5505 -5.9337 -3.3734 5.60042 1.60623
79.46 0.0861731 8.31538 -11.089 -4.6424 -3.23181 0.234747 2.05748 5.14198 11.7147 -8.54401 -5.95786 -3.10663 0.413975 2.5329 6.75225 15.0443 -8.47606 -5.69779 -2.70373 1.96836 2.79376 9.58656 18.2041 -5.84794 -6.31741 -1.82908 0.721248 2.83375 12.3671 16.3707 -4.54185 -5.15216 -1.73238 1.85572 2.47394 12.5081 7.95567 2.79355 -6.84074 -2.19773 -3.33918 2.13735 4.03611 14.8212 -10.5452 -5.93529 -3.37621 5.59624 1.60126
79.51 0.0897635 7.65906 -10.041 -4.58796 -3.23569 0.0603382 2.03391 4.85194 11.3573 -8.5589 -5.98976 -3.1486 0.239244 2.49156 6.54915 14.4873 -8.62448 -5.72189 -2.78887 1.85413 2.7648 8.93798 17.9398 -6.31423 -6.35465 -1.94078 0.738758 2.86697 11.6388 17.0073 -5.17102 -5.18558 -1.71144 2.12352 2.53757 12.9089 8.55028 2.44814 -6.78866 -2.09762 -3.307 2.18456 4.29949 14.7882 -10.5382 -5.93661 -3.37803 5.59223 1.59661
79.56 0.115281 6.94067 -8.8441 -4.51611 -3.23783 -0.109323 2.01126 4.52385 11.0134 -8.53269 -6.01978 -3.1858 0.0621698 2.45013 6.35833 13.9536 -8.75082 -5.74531 -2.86357 1.72503 2.73203 8.41459 17.4593 -6.74337 -6.39173 -2.07863 0.725366 2.88875 10.7626 17.497 -5.7965 -5.21616 -1.71389 2.36027 2.59881 13.2575 9.26049 1.84395 -6.76743 -2.01545 -3.27276 2.23625 4.60685 14.7612 -10.5296 -5.93767 -3.37872 5.58843 1.59229
79.61 0.213658 6.2155 -7.60266 -4.4341 -3.23827 -0.272076 1.98957 4.16881 10.6745 -8.45825 -6.04679 -3.21873 -0.115746 2.4089 6.1754 13.4527 -8.85752 -5.76829 -2.92909 1.58341 2.69638 7.99 16.8414 -7.12327 -6.42901 -2.22499 0.681458 2.89836 9.91827 17.7906 -6.3917 -5.24507 -1.75394 2.55489 2.65549 13.5352 10.0903 0.994946 -6.7804 -1.94916 -3.23743 2.29091 4.96787 14.7416 -10.5197 -5.93848 -3.37792 5.58485 1.58832
79.66 0.533797 5.52946 -6.36925 -4.34886 -3.23715 -0.42547 1.96887 3.80766 10.331 -8.32477 -6.06939 -3.24777 -0.292957 2.36816 5.99596 12.9883 -8.94546 -5.79106 -2.98664 1.43157 2.65862 7.63786 16.1633 -7.4508 -6.46672 -2.36748 0.609483 2.89647 9.23397 17.862 -6.92583 -5.27325 -1.83822 2.69964 2.70455 13.7155 10.9817 0.0329203 -6.82144 -1.89666 -3.20181 2.34731 5.37934 14.7323 -10.5088 -5.93905 -3.37496 5.58153 1.5847
79.71 1.402 4.90521 -5.08748 -4.26453 -3.23467 -0.56669 1.94919 3.46292 9.97062 -8.11592 -6.08598 -3.27321 -0.467869 2.32827 5.81516 12.5596 -9.0141 -5.81378 -3.03731 1.27156 2.61939 7.33846 15.4828 -7.7289 -6.50506 -2.49966 0.513309 2.88451 8.71398 17.7507 -7.38317 -5.30128 -1.9547 2.79395 2.74323 13.777 11.852 -0.878742 -6.87903 -1.8559 -3.16654 2.40446 5.8176 14.7378 -10.4972 -5.93936 -3.36869 5.57855 1.5815
79.76 3.1542 4.34997 -3.6519 -4.18293 -3.23082 -0.692404 1.93055 3.15583 9.57746 -7.80695 -6.09428 -3.29529 -0.638856 2.28975 5.62709 12.1628 -9.06171 -5.83647 -3.08207 1.10508 2.5792 7.07782 14.8341 -7.96318 -6.54418 -2.61907 0.397255 2.86414 8.30797 17.52 -7.76402 -5.32925 -2.08511 2.84344 2.77023 13.7111 12.6505 -1.66023 -6.94472 -1.82496 -3.13214 2.46155 6.25023 14.7643 -10.4853 -5.93936 -3.35762 5.57599 1.57881
79.81 5.4218 3.87296 -2.14295 -4.10463 -3.22316 -0.798436 1.91299 2.91274 9.13073 -7.36101 -6.09015 -3.31424 -0.804289 2.25308 5.42409 11.7928 -9.08544 -5.85905 -3.12179 0.933538 2.5385 6.84595 14.2327 -8.15958 -6.58414 -2.72543 0.265443 2.83702 7.97309 17.217 -8.0774 -5.35698 -2.21635 2.85595 2.78567 13.5181 13.3609 -2.30941 -7.0144 -1.80225 -3.09899 2.51789 6.65078 14.8187 -10.4734 -5.93899 -3.34013 5.57402 1.5768
79.86 7.41488 3.54518 -0.758848 -4.02953 -3.19195 -0.87911 1.89697 2.7911 8.60659 -6.72703 -6.06794 -3.33017 -0.962557 2.2184 5.19646 11.4432 -9.08129 -5.8813 -3.15721 0.758119 2.49764 6.63545 13.6834 -8.32316 -6.62485 -2.81949 0.121535 2.80457 7.68382 16.8692 -8.33501 -5.38413 -2.34129 2.8389 2.79056 13.2039 13.9826 -2.85531 -7.08628 -1.78659 -3.06737 2.57297 7.00398 14.9069 -10.4617 -5.93817 -3.31505 5.5728 1.57571
79.91 8.7304 3.54152 0.429054 -3.95708 -3.09025 -0.925923 1.8847 2.95015 7.98902 -5.84389 -6.02325 -3.34306 -1.11207 2.18551 4.93378 11.1071 -9.04391 -5.90291 -3.18896 0.579932 2.45697 6.44049 13.1844 -8.45754 -6.66609 -2.90244 -0.0312907 2.76805 7.42615 16.4915 -8.54812 -5.41037 -2.45662 2.79825 2.78625 12.7781 14.5187 -3.33167 -7.15956 -1.77745 -3.0375 2.62631 7.30449 15.0317 -10.4506 -5.93684 -3.28206 5.57256 1.57582
79.96 9.44242 3.86998 1.42595 -3.88655 -2.9238 -0.927413 1.8802 3.6958 7.29168 -4.65329 -5.95607 -3.3526 -1.25122 2.15415 4.63011 10.7765 -8.96598 -5.92364 -3.2175 0.400111 2.41689 6.25607 12.7313 -8.5648 -6.70748 -2.97558 -0.190281 2.72846 7.19219 16.0915 -8.72634 -5.4354 -2.56117 2.7384 2.7742 12.252 14.9714 -3.76806 -7.23383 -1.77525 -3.0096 2.67751 7.55337 15.192 -10.4401 -5.93494 -3.24189 5.5735 1.57742
80.01 9.81674 4.41646 2.25198 -3.81762 -2.74084 -0.872321 1.88622 5.1503 6.56953 -3.18379 -5.87221 -3.35696 -1.37831 2.12417 4.29197 10.4429 -8.83739 -5.94283 -3.24315 0.219911 2.3779 6.07755 12.3176 -8.64553 -6.74846 -3.04014 -0.353029 2.68662 6.97708 15.6732 -8.8774 -5.45899 -2.6549 2.66238 2.7558 11.6391 15.3371 -4.18828 -7.3088 -1.78207 -2.98391 2.72607 7.75418 15.3833 -10.4304 -5.93244 -3.19616 5.57579 1.58075
80.06 10.0196 5.11093 2.92224 -3.75064 -2.56947 -0.756289 1.9033 6.68787 5.91302 -1.69728 -5.77967 -3.34652 -1.49132 2.09576 3.94315 10.0955 -8.64366 -5.95816 -3.26607 0.0407642 2.34032 5.90017 11.9365 -8.69896 -6.78833 -3.09729 -0.517421 2.64322 6.77735 15.2389 -9.00718 -5.48102 -2.73835 2.5721 2.73228 10.9605 15.6014 -4.61018 -7.38426 -1.80294 -2.96084 2.77126 7.90924 15.5982 -10.4214 -5.92933 -3.14715 5.57955 1.58599
80.11 10.1323 5.87628 3.4366 -3.68696 -2.41976 -0.586119 1.93059 7.77507 5.43418 -0.424605 -5.68436 -3.3 -1.58738 2.0699 3.62662 9.72067 -8.36369 -5.96624 -3.28632 -0.135696 2.30415 5.71855 11.5806 -8.72299 -6.82625 -3.14803 -0.681592 2.59882 6.59006 14.7915 -9.11996 -5.50144 -2.81232 2.46862 2.70474 10.2542 15.7346 -5.04418 -7.46002 -1.84678 -2.94111 2.81185 8.01658 15.8269 -10.4132 -5.92564 -3.09757 5.58481 1.59321
80.16 10.1959 6.65635 3.77036 -3.62961 -2.2936 -0.373277 1.96659 8.43991 5.17563 0.593879 -5.58932 -3.20962 -1.66241 2.04842 3.39421 9.30035 -7.96682 -5.96326 -3.30389 -0.307644 2.26921 5.52607 11.2424 -8.71404 -6.86124 -3.19324 -0.843916 2.55387 6.41242 14.3367 -9.21857 -5.52032 -2.87775 2.35256 2.67407 9.57308 15.7016 -5.49049 -7.53594 -1.92348 -2.92592 2.84588 8.06915 16.057 -10.4058 -5.92147 -3.05064 5.59149 1.60235
80.21 10.2321 7.44769 3.86391 -3.5842 -2.18954 -0.128186 2.00955 8.87298 5.09231 1.39273 -5.49576 -3.08984 -1.71139 2.03319 3.28812 8.81207 -7.41097 -5.94467 -3.31876 -0.473083 2.23541 5.31439 10.9138 -8.66666 -6.89219 -3.23368 -1.00298 2.5088 6.24148 13.8831 -9.30455 -5.53782 -2.93556 2.22445 2.64104 8.9614 15.4931 -5.93786 -7.61182 -2.03538 -2.9167 2.87094 8.05971 16.2735 -10.3994 -5.917 -3.00997 5.59941 1.61319
80.26 10.2526 8.29632 3.6133 -3.56004 -2.10497 0.141108 2.05777 9.21335 5.13834 2.01704 -5.4043 -2.9558 -1.72841 2.02544 3.36379 8.23562 -6.64712 -5.90588 -3.33086 -0.629846 2.20275 5.07402 10.5858 -8.57278 -6.91783 -3.26997 -1.15757 2.46395 6.07398 13.4401 -9.37827 -5.55419 -2.98665 2.0852 2.60628 8.43535 15.1434 -6.36781 -7.68729 -2.17288 -2.91455 2.88506 7.98907 16.4613 -10.3943 -5.91247 -2.97895 5.60822 1.62531
80.31 10.264 9.27182 2.89322 -3.56902 -2.03721 0.428516 2.10969 9.54044 5.30223 2.50466 -5.31544 -2.81547 -1.70661 2.02589 3.76676 7.57135 -5.63127 -5.84495 -3.33994 -0.77556 2.17128 4.79816 10.2483 -8.4203 -6.93677 -3.30258 -1.30666 2.41966 5.90609 13.0147 -9.43904 -5.56968 -3.03187 1.93614 2.57029 7.99063 14.7087 -6.76272 -7.76183 -2.32109 -2.91974 2.88751 7.86826 16.6086 -10.3909 -5.90815 -2.95967 5.61749 1.63812
80.36 10.2688 10.3852 1.70737 -3.61515 -1.98386 0.728993 2.16399 9.89914 5.61174 2.88113 -5.22987 -2.67192 -1.63833 2.03502 4.77629 6.85912 -4.33333 -5.7655 -3.34495 -0.907528 2.14111 4.49091 9.88835 -8.19108 -6.94745 -3.3318 -1.44933 2.37632 5.73316 12.6106 -9.4852 -5.58456 -3.07199 1.77889 2.5335 7.61542 14.2392 -7.11167 -7.83478 -2.46766 -2.93166 2.87882 7.71309 16.7102 -10.3892 -5.90425 -2.95247 5.62674 1.65096
80.41 10.264 11.5245 0.312484 -3.68404 -1.94288 1.03752 2.21951 10.2984 6.11744 3.1534 -5.14908 -2.52727 -1.51665 2.05316 6.34161 6.17881 -2.83856 -5.67504 -3.33963 -1.02245 2.11247 4.17586 9.48958 -7.85788 -6.94726 -3.35778 -1.58479 2.3344 5.54923 12.2288 -9.5142 -5.599 -3.10771 1.61512 2.49623 7.29654 13.7687 -7.41087 -7.90544 -2.60525 -2.94923 2.86033 7.53823 16.7664 -10.3893 -5.90092 -2.95614 5.63551 1.66319
80.46 10.231 12.5728 -1.03412 -3.75836 -1.91284 1.34799 2.27528 10.7178 6.82377 3.29531 -5.07669 -2.38564 -1.34184 2.08036 7.73441 5.66372 -1.42449 -5.58043 -3.29984 -1.11575 2.08618 3.90741 9.03093 -7.38115 -6.93147 -3.38048 -1.71229 2.29411 5.34651 11.8674 -9.52267 -5.61307 -3.13965 1.44637 2.45877 7.02173 13.3158 -7.66131 -7.9731 -2.73062 -2.97122 2.83368 7.35474 16.782 -10.3914 -5.89823 -2.96857 5.64346 1.6743
80.51 10.1134 13.4821 -2.2504 -3.8302 -1.89451 1.65167 2.33043 11.1329 7.69244 3.22339 -5.02074 -2.25261 -1.12306 2.11626 8.61964 5.42534 -0.255277 -5.48567 -3.20198 -1.18069 2.06443 3.78843 8.48966 -6.70878 -6.89478 -3.39972 -1.83111 2.25534 5.11525 11.523 -9.50637 -5.62676 -3.16835 1.27397 2.4214 6.78051 12.8889 -7.86602 -8.0371 -2.84301 -2.99645 2.80051 7.16991 16.7637 -10.3952 -5.89621 -2.98741 5.65033 1.68391
80.56 9.78766 14.2245 -3.37343 -3.89771 -1.89455 1.93512 2.38388 11.5231 8.73515 2.77843 -4.99601 -2.13286 -0.871536 2.1599 9.18771 5.43378 0.664103 -5.39253 -3.06053 -1.20863 2.04987 3.98579 7.85484 -5.78349 -6.83375 -3.41519 -1.94048 2.21797 4.84565 11.1906 -9.45995 -5.64003 -3.19425 1.09909 2.3844 6.56426 12.4901 -8.02831 -8.09679 -2.94293 -3.02392 2.76226 6.98807 16.7185 -10.4005 -5.89482 -3.0105 5.656 1.6918
80.61 9.06603 14.7331 -4.5064 -3.96124 -1.93313 2.17885 2.43366 11.8629 9.99356 1.83168 -5.01735 -2.02927 -0.596588 2.2099 9.65902 5.64829 1.37171 -5.30193 -2.89775 -1.18998 2.04441 4.77122 7.15053 -4.55665 -6.74986 -3.42588 -2.03954 2.18202 4.534 10.8641 -9.37654 -5.65293 -3.21768 0.922811 2.34812 6.36589 12.1179 -8.15075 -8.15154 -3.03143 -3.0528 2.72018 6.81149 16.6529 -10.4071 -5.894 -3.03601 5.66041 1.69789
80.66 7.84519 14.8908 -5.75288 -4.02189 -2.04332 2.36402 2.47572 12.1066 11.3635 0.598196 -5.07549 -1.94295 -0.305278 2.26453 10.1404 6.08823 1.89728 -5.21523 -2.72558 -1.11543 2.04923 6.20689 6.44891 -3.07709 -6.65004 -3.42653 -2.12723 2.14767 4.19116 10.5361 -9.24695 -5.66507 -3.23883 0.746223 2.31298 6.17939 11.7685 -8.23469 -8.20072 -3.10975 -3.08242 2.67527 6.64095 16.5726 -10.4148 -5.89367 -3.06257 5.66359 1.70219
80.71 6.34708 14.735 -7.06762 -4.08067 -2.21378 2.48538 2.5048 12.2027 12.657 -0.548549 -5.14473 -1.87363 -0.00352416 2.32208 10.6443 6.75755 2.23736 -5.13569 -2.5526 -0.982132 2.06496 7.61875 5.88189 -1.6173 -6.54243 -3.39536 -2.20189 2.11564 3.85008 10.1976 -9.05847 -5.67443 -3.25775 0.570549 2.27926 5.99929 11.4369 -8.27998 -8.24368 -3.17908 -3.11229 2.62839 6.47614 16.482 -10.4233 -5.89373 -3.08919 5.6656 1.70476
80.76 4.93309 14.4794 -8.29423 -4.1378 -2.38538 2.55114 2.5193 12.1476 13.7961 -1.47972 -5.21168 -1.82007 0.30176 2.38108 11.1498 7.61134 2.32885 -5.07092 -2.38796 -0.797492 2.09158 8.54978 5.57502 -0.388007 -6.43264 -3.30601 -2.26067 2.08787 3.56732 9.83658 -8.79294 -5.67812 -3.27442 0.397218 2.24685 5.82019 11.1169 -8.2847 -8.27967 -3.24054 -3.142 2.58022 6.31594 16.3848 -10.4325 -5.89409 -3.11517 5.66654 1.70572
80.81 3.77078 14.2258 -9.35743 -4.19296 -2.532 2.57362 2.52144 11.9692 14.7769 -2.21964 -5.27254 -1.78078 0.599491 2.44037 11.6382 8.64679 2.02613 -5.03563 -2.2392 -0.57278 2.1283 9.14195 5.50376 0.584543 -6.32346 -3.16902 -2.29969 2.06693 3.39021 9.43713 -8.42419 -5.67288 -3.28882 0.227938 2.21559 5.63616 10.8018 -8.24457 -8.30784 -3.2951 -3.17126 2.53135 6.1585 16.2837 -10.442 -5.89467 -3.14009 5.66652 1.70521
80.86 2.8658 13.9867 -10.2548 -4.24572 -2.65272 2.56339 2.51415 11.6887 15.6123 -2.82327 -5.32675 -1.75468 0.871855 2.49896 12.0951 9.90446 1.19141 -5.04634 -2.11053 -0.318038 2.17368 9.62191 5.59538 1.33805 -6.21627 -3.00722 -2.31466 2.0548 3.33683 8.97866 -7.91609 -5.65462 -3.30091 0.0647659 2.18542 5.44037 10.4831 -8.15215 -8.32711 -3.34361 -3.19985 2.48229 6.00124 16.1808 -10.4518 -5.89538 -3.16371 5.66565 1.70337
80.91 2.17522 13.7548 -11.0048 -4.29577 -2.75175 2.52816 2.49988 11.3196 16.3125 -3.34033 -5.37509 -1.74188 1.1002 2.55599 12.5048 11.2904 0.0194543 -5.09656 -2.00311 -0.041065 2.22593 10.1075 5.81404 1.91393 -6.11223 -2.8336 -2.30055 2.05278 3.42815 8.43988 -7.22551 -5.61877 -3.31062 -0.0898152 2.15637 5.22569 10.1508 -7.99525 -8.3361 -3.38678 -3.22761 2.43344 5.84074 16.0776 -10.4617 -5.89616 -3.18593 5.66403 1.70033
80.96 1.65251 13.5213 -11.6286 -4.34293 -2.83329 2.47311 2.48051 10.8733 16.8784 -3.80963 -5.41892 -1.74428 1.27846 2.61051 12.8411 12.6112 -1.09898 -5.16007 -1.91576 0.252066 2.28319 10.6171 6.14389 2.34146 -6.01277 -2.65723 -2.2515 2.0617 3.74169 7.81285 -6.3152 -5.56221 -3.31777 -0.232767 2.12852 4.98842 9.79162 -7.75452 -8.33295 -3.42514 -3.25442 2.38516 5.6724 15.975 -10.4715 -5.89695 -3.20674 5.66178 1.69623
81.01 1.25832 13.2789 -12.1449 -4.38712 -2.90078 2.4015 2.45747 10.3637 17.2978 -4.2603 -5.45957 -1.76611 1.41183 2.6614 13.0629 13.7824 -2.01823 -5.22179 -1.84612 0.556022 2.34374 11.1313 6.58321 2.63241 -5.92005 -2.48777 -2.16134 2.08176 4.48707 7.12422 -5.16079 -5.48647 -3.32167 -0.360262 2.10195 4.73828 9.38828 -7.39986 -8.31527 -3.45907 -3.28019 2.33783 5.49003 15.8739 -10.4812 -5.89773 -3.2262 5.65899 1.69117
81.06 0.961632 13.023 -12.5695 -4.42835 -2.95694 2.31518 2.43183 9.81037 17.5455 -4.71275 -5.49803 -1.81365 1.50747 2.70712 13.1227 14.8002 -2.76153 -5.27721 -1.79156 0.864939 2.40613 11.632 7.16867 2.76928 -5.83811 -2.33324 -2.02409 2.11237 5.89964 6.44241 -3.76092 -5.39797 -3.31866 -0.467288 2.0768 4.51649 8.91914 -6.88635 -8.27997 -3.48869 -3.30486 2.29188 5.28537 15.7745 -10.4907 -5.89851 -3.24441 5.65573 1.68529
81.11 0.738566 12.7517 -12.9151 -4.46673 -3.00392 2.21505 2.40441 9.23953 17.594 -5.1772 -5.53505 -1.89243 1.57055 2.74573 12.9798 15.6802 -3.38722 -5.32544 -1.74984 1.17056 2.46913 12.107 7.96817 2.67168 -5.77568 -2.19811 -1.83674 2.15223 7.56638 5.90092 -2.286 -5.3039 -3.2879 -0.546918 2.05363 4.43219 8.36292 -6.15287 -8.22271 -3.51384 -3.32838 2.24774 5.04832 15.6772 -10.4999 -5.89942 -3.26147 5.65209 1.67872
81.16 0.570961 12.4659 -13.1912 -4.50242 -3.04339 2.10158 2.37583 8.67995 17.4349 -5.65074 -5.57115 -2.00209 1.60397 2.7751 12.6101 16.4378 -3.94816 -5.36698 -1.7195 1.45935 2.53176 12.5476 9.03075 2.16795 -5.74945 -2.08368 -1.60522 2.19962 8.77966 5.70415 -0.994022 -5.20925 -3.18668 -0.589085 2.03463 4.73849 7.71553 -5.12829 -8.14031 -3.53385 -3.35071 2.20548 4.76964 15.5821 -10.5088 -5.90089 -3.27746 5.64813 1.67167
81.21 0.445064 12.1685 -13.4047 -4.53563 -3.0767 1.97532 2.34658 8.15748 17.092 -6.11788 -5.60661 -2.13373 1.60913 2.79361 12.0146 17.0811 -4.48418 -5.40309 -1.70087 1.71162 2.59315 12.9457 10.3431 1.16687 -5.77287 -1.98934 -1.34129 2.25269 9.56183 5.89523 0.0276464 -5.11668 -3.01984 -0.580844 2.02349 5.74148 7.01629 -3.77664 -8.03527 -3.54579 -3.37175 2.16501 4.44844 15.4898 -10.5173 -5.90358 -3.29243 5.6439 1.66449
81.26 0.350493 11.8636 -13.5596 -4.56651 -3.10493 1.83731 2.31704 7.6905 16.6111 -6.55806 -5.64153 -2.27385 1.58691 2.80072 11.235 17.6017 -5.01959 -5.43537 -1.69806 1.91166 2.65236 13.2885 11.7306 -0.0331078 -5.83069 -1.91339 -1.05649 2.30963 10.178 6.40297 0.781981 -5.02853 -2.82438 -0.51189 2.02314 7.13348 6.3704 -2.26983 -7.91536 -3.53614 -3.39128 2.1266 4.10261 15.401 -10.5253 -5.90749 -3.3063 5.63947 1.65755
81.31 0.279426 11.5549 -13.6574 -4.59516 -3.12894 1.68906 2.28748 7.28644 16.0417 -6.95514 -5.67592 -2.41067 1.53829 2.79706 10.3727 17.9627 -5.5593 -5.46536 -1.7221 2.05855 2.70793 13.5477 13.0133 -1.09763 -5.8982 -1.85337 -0.760831 2.36887 10.7409 7.14596 1.25535 -4.94962 -2.62563 -0.38279 2.03506 8.21374 5.93003 -0.906067 -7.7886 -3.47631 -3.40848 2.09148 3.77739 15.3165 -10.5328 -5.91171 -3.31896 5.63488 1.65094
81.36 0.225983 11.2446 -13.6973 -4.62151 -3.14943 1.53228 2.25812 6.94201 15.4292 -7.30173 -5.70979 -2.53711 1.46487 2.784 9.56747 18.1083 -6.08833 -5.4942 -1.78764 2.15942 2.75741 13.6769 14.1394 -1.95279 -5.96435 -1.80665 -0.464782 2.42915 11.2741 8.07005 1.36466 -4.89041 -2.43904 -0.202838 2.05941 8.89107 5.73855 0.200989 -7.65998 -3.36119 -3.42194 2.06188 3.52576 15.2371 -10.5396 -5.91575 -3.33028 5.63019 1.64449
81.41 0.185754 10.9324 -13.6756 -4.64526 -3.16697 1.36868 2.22914 6.64725 14.8131 -7.59765 -5.74323 -2.65023 1.36905 2.76319 8.90659 18.0241 -6.58223 -5.52265 -1.89636 2.22132 2.79763 13.628 15.1154 -2.63869 -6.02576 -1.77093 -0.182651 2.4895 11.7765 9.20112 0.955374 -4.86821 -2.27341 0.0172003 2.09526 9.38174 5.73043 1.06617 -7.53192 -3.21216 -3.43042 2.03988 3.36962 15.1635 -10.5456 -5.91946 -3.34022 5.62545 1.63811
81.46 0.155439 10.6151 -13.5858 -4.66583 -3.18202 1.19972 2.20067 6.38993 14.2219 -7.8466 -5.77641 -2.74971 1.25394 2.73625 8.38759 17.7588 -7.0219 -5.55104 -2.0319 2.24972 2.82621 13.3778 15.959 -3.21112 -6.08159 -1.74441 0.0668681 2.54919 12.2385 10.539 0.0150995 -4.89234 -2.13242 0.267976 2.14086 9.84572 5.85617 1.73164 -7.40592 -3.04532 -3.43311 2.02694 3.30416 15.0956 -10.5503 -5.92282 -3.34882 5.6207 1.63182
81.51 0.13258 10.2864 -13.4173 -4.68222 -3.19493 1.0267 2.1728 6.15797 13.6706 -8.0534 -5.80954 -2.83648 1.1228 2.70461 7.97318 17.3749 -7.40014 -5.57932 -2.1753 2.24906 2.8424 12.933 16.6845 -3.71719 -6.1322 -1.72604 0.270992 2.60764 12.6372 11.9126 -1.09811 -4.94342 -2.01613 0.541684 2.1941 10.3393 6.09187 2.23392 -7.28342 -2.86961 -3.42948 2.02415 3.31799 15.0334 -10.5535 -5.92584 -3.35619 5.61599 1.62567
81.56 0.115363 9.93624 -13.1538 -4.69282 -3.20599 0.850717 2.14562 5.94021 13.1643 -8.22236 -5.84276 -2.91197 0.978725 2.66947 7.63067 16.916 -7.7193 -5.60724 -2.31419 2.22292 2.84691 12.3172 17.2977 -4.19268 -6.17844 -1.71608 0.4306 2.66431 12.9294 13.1673 -2.08562 -4.99889 -1.92239 0.831376 2.25284 10.8516 6.41385 2.59664 -7.16618 -2.69417 -3.41928 2.03218 3.39926 14.9767 -10.555 -5.92851 -3.36242 5.61135 1.61972
81.61 0.102499 9.55006 -12.7707 -4.69523 -3.21537 0.672863 2.11916 5.72601 12.7016 -8.35649 -5.87614 -2.97769 0.82437 2.6318 7.33815 16.4076 -7.98657 -5.63452 -2.4425 2.17403 2.84116 11.5667 17.7881 -4.66273 -6.22126 -1.71739 0.552497 2.71857 13.0578 14.2657 -2.90494 -5.05024 -1.84816 1.13018 2.31514 11.3602 6.79763 2.82992 -7.0565 -2.52854 -3.40265 2.05103 3.53514 14.9254 -10.5546 -5.93085 -3.36759 5.60681 1.61403
81.66 0.0931924 9.10804 -12.2334 -4.68594 -3.22319 0.494277 2.0935 5.50433 12.2778 -8.45728 -5.90956 -3.0351 0.661959 2.59238 7.08152 15.8657 -8.2105 -5.66094 -2.55803 2.10437 2.82683 10.7405 18.1212 -5.14075 -6.26153 -1.73786 0.642398 2.76945 12.9682 15.2164 -3.60728 -5.09567 -1.79056 1.43072 2.37936 11.8494 7.22936 2.93016 -6.95744 -2.37958 -3.38025 2.07994 3.71363 14.8792 -10.5523 -5.93287 -3.37179 5.6024 1.60862
81.71 0.0873606 8.58721 -11.5011 -4.66061 -3.22946 0.316254 2.06865 5.26317 11.8864 -8.52463 -5.94275 -3.08547 0.493361 2.55184 6.85139 15.3047 -8.39909 -5.68638 -2.66059 2.01545 2.80553 9.92957 18.238 -5.6257 -6.30004 -1.79073 0.703055 2.81514 12.62 16.0348 -4.25154 -5.13545 -1.7475 1.72477 2.44416 12.3087 7.71152 2.8783 -6.87315 -2.25045 -3.35303 2.11754 3.92678 14.8383 -10.5479 -5.93459 -3.37503 5.59814 1.60351
81.76 0.086686 7.97225 -10.5486 -4.61555 -3.23411 0.140309 2.04467 4.99059 11.52 -8.55682 -5.97522 -3.12988 0.320214 2.51066 6.64101 14.7422 -8.55898 -5.71087 -2.75098 1.9088 2.77869 9.2205 18.0926 -6.1027 -6.33752 -1.88492 0.734473 2.85297 12.002 16.7298 -4.88054 -5.1706 -1.71885 2.00319 2.50843 12.7298 8.26349 2.63719 -6.80928 -2.14144 -3.32216 2.16213 4.17321 14.8027 -10.5417 -5.93604 -3.37732 5.59405 1.59872
81.81 0.0989015 7.27635 -9.40788 -4.55099 -3.23706 -0.0317935 2.02159 4.67951 11.1709 -8.55027 -6.00623 -3.1692 0.144035 2.46923 6.4451 14.1961 -8.6951 -5.73458 -2.83033 1.78627 2.74755 8.64193 17.703 -6.55105 -6.37462 -2.013 0.735407 2.88021 11.1742 17.2922 -5.50975 -5.20233 -1.70902 2.25566 2.57098 13.1041 8.91707 2.15638 -6.773 -2.05124 -3.28874 2.21196 4.4589 14.7728 -10.5337 -5.93721 -3.37856 5.59015 1.59424
81.86 0.153061 6.54734 -8.17519 -4.47268 -3.23828 -0.198019 1.99945 4.3347 10.8308 -8.49917 -6.03479 -3.20404 -0.033681 2.42787 6.25907 13.6793 -8.81066 -5.75773 -2.89993 1.65013 2.71313 8.17538 17.1382 -6.95456 -6.41177 -2.15737 0.705389 2.89542 10.2926 17.6827 -6.12313 -5.23187 -1.72994 2.47099 2.6301 13.4176 9.69496 1.41109 -6.77032 -1.97789 -3.25381 2.26541 4.79442 14.7496 -10.5244 -5.93814 -3.37851 5.58647 1.59011
81.91 0.342499 5.83907 -6.93803 -4.38824 -3.23785 -0.356055 1.97829 3.97352 10.4907 -8.39455 -6.05961 -3.23484 -0.211412 2.38687 6.07858 13.198 -8.90724 -5.78057 -2.96102 1.50273 2.67625 7.79268 16.4793 -7.30615 -6.44926 -2.30277 0.645941 2.89869 9.527 17.8554 -6.68851 -5.2603 -1.79426 2.6393 2.68307 13.6461 10.5685 0.479059 -6.79976 -1.91929 -3.21823 2.32115 5.18439 14.7351 -10.5139 -5.93882 -3.37666 5.58302 1.58632
81.96 0.905624 5.18478 -5.69244 -4.30316 -3.23597 -0.503267 1.95814 3.61852 10.1398 -8.22295 -6.07919 -3.26191 -0.387586 2.34653 5.89906 12.7531 -8.98492 -5.8033 -3.01473 1.34626 2.63763 7.471 15.7943 -7.60645 -6.48729 -2.4402 0.560398 2.89117 8.9364 17.8205 -7.18205 -5.28836 -1.8982 2.75646 2.7268 13.7642 11.4575 -0.471977 -6.85107 -1.87337 -3.18273 2.37807 5.61422 14.7331 -10.5026 -5.93925 -3.37208 5.57988 1.58292
82.01 2.23588 4.59727 -4.33487 -4.22017 -3.2328 -0.636591 1.93902 3.29139 9.76407 -7.96391 -6.09168 -3.28551 -0.560586 2.30731 5.71517 12.3421 -9.04252 -5.82601 -3.0621 1.18257 2.59783 7.19392 15.128 -7.86018 -6.52604 -2.56563 0.452979 2.87447 8.48424 17.6377 -7.59741 -5.31636 -2.02422 2.82569 2.75925 13.7575 12.2927 -1.31731 -6.91376 -1.83812 -3.14787 2.43527 6.05333 14.749 -10.4908 -5.9394 -3.36343 5.57711 1.57998
82.06 4.36803 4.08149 -2.83336 -4.14033 -3.22767 -0.752292 1.92095 3.01453 9.34494 -7.58663 -6.09396 -3.30588 -0.728782 2.26974 5.52014 11.9605 -9.07769 -5.84866 -3.10405 1.01321 2.55731 6.94983 14.5037 -8.07335 -6.56561 -2.67796 0.327949 2.85027 8.12068 17.3636 -7.94052 -5.34424 -2.15629 2.85427 2.77994 13.6226 13.0444 -2.02489 -6.98191 -1.81179 -3.11411 2.49203 6.47126 14.7897 -10.4788 -5.93921 -3.34908 5.57484 1.57763
82.11 6.56595 3.66739 -1.37419 -4.06379 -3.21214 -0.84551 1.90409 2.82549 8.85937 -7.04656 -6.08078 -3.3232 -0.890554 2.23415 5.30519 11.6023 -9.08697 -5.8711 -3.14137 0.839435 2.51648 6.73028 13.9303 -8.25153 -6.60599 -2.77756 0.189197 2.82011 7.81266 17.034 -8.22238 -5.3717 -2.28473 2.85002 2.78953 13.3633 13.7067 -2.61417 -7.05291 -1.79299 -3.08175 2.54776 6.84749 14.8618 -10.467 -5.93861 -3.3276 5.57325 1.57608
82.16 8.21371 3.49539 -0.0940452 -3.99021 -3.14773 -0.909226 1.88964 2.82511 8.28556 -6.28619 -6.0468 -3.3375 -1.0443 2.20048 5.05986 11.2609 -9.06569 -5.89304 -3.17474 0.662388 2.47568 6.52881 13.4085 -8.39903 -6.64703 -2.86548 0.0401185 2.78533 7.54166 16.6688 -8.4547 -5.3984 -2.40473 2.81962 2.78928 12.9877 14.2819 -3.11859 -7.12562 -1.78086 -3.05105 2.60195 7.17247 14.9696 -10.4556 -5.93752 -3.29823 5.57254 1.5756
82.21 9.17073 3.68572 0.988635 -3.91888 -3.00532 -0.933134 1.88108 3.25764 7.6206 -5.24319 -5.98959 -3.34866 -1.18843 2.16844 4.77522 10.9288 -9.00752 -5.91421 -3.20471 0.483174 2.43527 6.34012 12.935 -8.51863 -6.68841 -2.94298 -0.116347 2.74704 7.2975 16.2784 -8.64794 -5.42402 -2.51431 2.76817 2.78063 12.5064 14.773 -3.5701 -7.19948 -1.77532 -3.02221 2.65419 7.44478 15.1138 -10.4449 -5.93589 -3.26122 5.57291 1.57648
82.26 9.6728 4.14203 1.89102 -3.84921 -2.82491 -0.905307 1.88206 4.41612 6.90075 -3.88423 -5.91243 -3.35589 -1.32131 2.13782 4.45113 10.5978 -8.9038 -5.93427 -3.23166 0.302982 2.39572 6.15945 12.5039 -8.61161 -6.72965 -3.01135 -0.277641 2.70615 7.07419 15.8683 -8.81069 -5.4483 -2.61299 2.69931 2.76499 11.9315 15.1799 -3.99519 -7.27415 -1.77757 -2.99546 2.70404 7.66732 15.2916 -10.4348 -5.93367 -3.21781 5.57456 1.57898
82.31 9.94083 4.77698 2.63201 -3.78123 -2.64615 -0.817155 1.89408 6.01883 6.20036 -2.36493 -5.82298 -3.3544 -1.44111 2.10863 4.10307 10.2582 -8.74226 -5.95178 -3.25584 0.123159 2.35747 5.98216 12.1087 -8.67781 -6.77013 -3.07179 -0.441521 2.6634 6.86775 15.4411 -8.94966 -5.47106 -2.70109 2.61543 2.74369 11.2797 15.4936 -4.41452 -7.34941 -1.79108 -2.97112 2.7509 7.8434 15.4967 -10.4254 -5.93084 -3.17 5.57763 1.58332
82.36 10.0883 5.51915 3.21963 -3.71578 -2.48588 -0.670613 1.91682 7.33614 5.62736 -0.979413 -5.72841 -3.32714 -1.54542 2.08141 3.7652 9.89797 -8.50522 -5.96364 -3.27732 -0.0547556 2.32067 5.80322 11.7421 -8.71575 -6.80906 -3.12536 -0.60601 2.61939 6.67507 14.9992 -9.06985 -5.49222 -2.77932 2.51794 2.71788 10.5802 15.6918 -4.84222 -7.42505 -1.82301 -2.94973 2.79381 7.97335 15.7204 -10.4169 -5.92741 -3.12031 5.5822 1.58963
82.41 10.171 6.29625 3.64172 -3.65499 -2.34891 -0.476027 1.94902 8.17338 5.26947 0.154149 -5.63302 -3.25607 -1.63072 2.05765 3.48802 9.50122 -8.1668 -5.96628 -3.29612 -0.229023 2.28518 5.61668 11.3967 -8.72256 -6.84553 -3.17303 -0.769374 2.57464 6.49333 14.5469 -9.17472 -5.5118 -2.84857 2.40762 2.68855 9.88069 15.7391 -5.28358 -7.50092 -1.88359 -2.93227 2.83115 8.05227 15.9516 -10.4091 -5.92344 -3.07173 5.58824 1.5979
82.46 10.2179 7.07936 3.85614 -3.60316 -2.23494 -0.244666 1.98899 8.69139 5.11258 1.04863 -5.53868 -3.14761 -1.69239 2.03935 3.31881 9.04721 -7.69018 -5.9555 -3.31224 -0.397723 2.25086 5.41501 11.0647 -8.69373 -6.87849 -3.21558 -0.930104 2.52958 6.31968 14.0915 -9.26641 -5.52991 -2.90978 2.28499 2.65652 9.2332 15.6098 -5.7325 -7.57685 -1.97977 -2.92012 2.86064 8.07198 16.1764 -10.4022 -5.91908 -3.02772 5.59562 1.608
82.51 10.2446 7.89334 3.78003 -3.56779 -2.14173 0.0143217 2.03498 9.06185 5.10264 1.74813 -5.4462 -3.01873 -1.72494 2.02803 3.30035 8.51319 -7.02832 -5.92651 -3.32564 -0.558768 2.21767 5.18902 10.7376 -8.62251 -6.90675 -3.25372 -1.0869 2.48459 6.15103 13.6426 -9.34581 -5.54676 -2.96386 2.15074 2.62249 8.66732 15.3188 -6.17291 -7.65256 -2.10722 -2.91462 2.87998 8.02874 16.3791 -10.3965 -5.91455 -2.99188 5.60407 1.61959
82.56 10.2596 8.80259 3.28935 -3.56011 -2.06654 0.294042 2.08537 9.38765 5.21117 2.29478 -5.35607 -2.8807 -1.72196 2.02463 3.52439 7.88709 -6.13353 -5.87572 -3.33616 -0.709889 2.18564 4.92991 10.4059 -8.49889 -6.92896 -3.28797 -1.23864 2.43999 5.98385 13.2084 -9.41271 -5.56263 -3.01169 2.00601 2.58701 8.18632 14.9162 -6.58582 -7.7276 -2.2523 -2.91646 2.88782 7.92923 16.5462 -10.3923 -5.9101 -2.96704 5.61319 1.63217
82.61 10.2674 9.85952 2.30025 -3.58981 -2.00681 0.589092 2.13873 9.72827 5.44758 2.72031 -5.26886 -2.73842 -1.6761 2.02971 4.21923 7.1894 -4.96707 -5.804 -3.3433 -0.848561 2.15486 4.63556 10.0581 -8.30782 -6.94367 -3.31873 -1.38437 2.39616 5.81389 12.7942 -9.46587 -5.57776 -3.05408 1.85232 2.55055 7.78068 14.4575 -6.95683 -7.80138 -2.40085 -2.92539 2.88414 7.78792 16.6691 -10.3897 -5.90598 -2.95434 5.62251 1.64508
82.66 10.2681 11.005 0.961437 -3.65074 -1.96036 0.894574 2.19381 10.1102 5.85765 3.04143 -5.18559 -2.59392 -1.57965 2.04366 5.59195 6.48162 -3.53616 -5.71763 -3.34434 -0.971813 2.12546 4.31961 9.67956 -8.02668 -6.94896 -3.3462 -1.52326 2.35354 5.63588 12.4022 -9.50315 -5.59239 -3.09174 1.69136 2.51346 7.43743 13.9844 -7.27907 -7.87318 -2.54319 -2.9405 2.86997 7.62053 16.7459 -10.389 -5.90237 -2.95322 5.63155 1.65766
82.71 10.2521 12.1049 -0.427971 -3.72411 -1.92536 1.20503 2.24958 10.5235 6.4757 3.2497 -5.10866 -2.45023 -1.42861 2.0667 7.15354 5.87055 -2.05089 -5.62425 -3.32474 -1.07578 2.09791 4.02013 9.2514 -7.62193 -6.94105 -3.37042 -1.65452 2.31249 5.44292 12.0317 -9.52156 -5.60663 -3.12536 1.52473 2.47605 7.14371 13.5217 -7.55169 -7.94231 -2.67441 -2.96061 2.84688 7.4399 16.7795 -10.3902 -5.89939 -2.9619 5.63992 1.66934
82.76 10.1842 13.0815 -1.70521 -3.79757 -1.90129 1.51317 2.30513 10.9433 7.27279 3.29157 -5.04373 -2.31256 -1.22869 2.09867 8.26715 5.50041 -0.761798 -5.52925 -3.25412 -1.15478 2.07372 3.81601 8.7508 -7.04687 -6.9146 -3.39129 -1.77743 2.27304 5.22613 11.68 -9.51728 -5.6205 -3.15549 1.35386 2.43861 6.88818 13.0823 -7.77707 -8.00808 -2.79277 -2.98448 2.81652 7.25499 16.7759 -10.3932 -5.89706 -2.97807 5.64731 1.67968
82.81 9.9749 13.9056 -2.86161 -3.86712 -1.8914 1.80802 2.35953 11.3476 8.22889 3.04227 -5.00236 -2.18621 -0.990959 2.13889 8.94861 5.40335 0.268834 -5.43523 -3.12952 -1.20093 2.05555 3.8407 8.15879 -6.2452 -6.86498 -3.40856 -1.89126 2.23503 4.97524 11.3428 -9.4855 -5.63397 -3.18263 1.17999 2.4014 6.66138 12.6706 -7.95854 -8.06984 -2.89833 -3.01103 2.78045 7.07138 16.7423 -10.3979 -5.89539 -2.99945 5.65354 1.68838
82.86 9.46003 14.5349 -3.97455 -3.93237 -1.90845 2.07276 2.41136 11.7147 9.38789 2.3276 -5.00156 -2.07493 -0.725815 2.18616 9.44416 5.52347 1.06926 -5.34334 -2.97453 -1.20501 2.04571 4.31697 7.48057 -5.16163 -6.79104 -3.42168 -1.99519 2.19842 4.6827 11.0144 -9.42013 -5.64702 -3.20717 1.00422 2.36473 6.45557 12.2865 -8.09911 -8.12694 -2.99195 -3.03935 2.73999 6.8922 16.6853 -10.4039 -5.89431 -3.02404 5.65853 1.69531
82.91 8.4646 14.8667 -5.16168 -3.9942 -1.98226 2.28663 2.45764 12.0099 10.7315 1.17485 -5.04587 -1.9806 -0.441284 2.23887 9.91479 5.85543 1.67666 -5.25459 -2.80562 -1.1572 2.04568 5.49443 6.76538 -3.77723 -6.69751 -3.4283 -2.08828 2.16328 4.35168 10.6881 -9.31316 -5.65965 -3.22935 0.827632 2.32902 6.26429 11.9271 -8.20073 -8.17877 -3.07481 -3.0687 2.69627 6.71885 16.6112 -10.4112 -5.89377 -3.05027 5.66227 1.70043
82.96 7.047 14.8316 -6.46327 -4.05376 -2.13167 2.43702 2.49323 12.1783 12.0776 -0.0444322 -5.11261 -1.90355 -0.14361 2.29528 10.4103 6.423 2.10582 -5.17114 -2.63189 -1.05063 2.05633 7.01869 6.11606 -2.26917 -6.59259 -3.41593 -2.16923 2.13003 4.00393 10.3557 -9.15372 -5.67064 -3.2493 0.651374 2.29464 6.0819 11.588 -8.26397 -8.22468 -3.14814 -3.09851 2.65021 6.55149 16.5248 -10.4193 -5.89366 -3.07696 5.66481 1.70378
83.01 5.55866 14.5998 -7.74678 -4.11167 -2.30873 2.52693 2.51433 12.1901 13.2909 -1.07701 -5.18144 -1.84291 0.161085 2.35377 10.9178 7.1968 2.32485 -5.09821 -2.4623 -0.888314 2.07798 8.17821 5.68252 -0.921944 -6.48332 -3.35462 -2.23577 2.09998 3.68669 10.0068 -8.92643 -5.67732 -3.26701 0.476768 2.26165 5.90303 11.2634 -8.28778 -8.26398 -3.2131 -3.12834 2.60255 6.38935 16.4302 -10.4282 -5.89389 -3.10329 5.66623 1.70547
83.06 4.27316 14.3408 -8.88841 -4.16779 -2.46778 2.56789 2.5218 12.0652 14.3434 -1.89868 -5.24531 -1.79722 0.464089 2.41305 11.416 8.14353 2.22678 -5.04703 -2.30549 -0.680707 2.11019 8.89439 5.51272 0.165917 -6.37364 -3.23646 -2.28441 2.07559 3.45717 9.62736 -8.60915 -5.67665 -3.28246 0.305387 2.22987 5.72206 10.947 -8.26904 -8.29588 -3.27073 -3.15784 2.55394 6.23091 16.3307 -10.4376 -5.89438 -3.12874 5.66664 1.70562
83.11 3.25362 14.0955 -9.86049 -4.22171 -2.60001 2.57161 2.51852 11.8298 15.2443 -2.55838 -5.30255 -1.7651 0.750733 2.47208 11.8891 9.29751 1.64129 -5.03525 -2.16724 -0.438713 2.15178 9.4042 5.53597 1.0149 -6.26539 -3.0839 -2.31104 2.0592 3.34535 9.19889 -8.17043 -5.66495 -3.29562 0.139117 2.19919 5.5326 10.6311 -8.20192 -8.31941 -3.32194 -3.18676 2.50491 6.07394 16.2284 -10.4473 -5.89504 -3.15299 5.66615 1.70438
83.16 2.47017 13.8615 -10.6758 -4.27304 -2.70849 2.54713 2.5072 11.5001 16.006 -3.10989 -5.35344 -1.74606 1.00112 2.52994 12.323 10.6489 0.57359 -5.07021 -2.05004 -0.171154 2.2011 9.87997 5.6986 1.66818 -6.15975 -2.91457 -2.31102 2.05239 3.36523 8.69943 -7.56941 -5.63776 -3.30644 -0.019766 2.16962 5.32745 10.3065 -8.07666 -8.33334 -3.36749 -3.21492 2.45592 5.91543 16.1252 -10.4571 -5.8958 -3.17586 5.66486 1.70187
83.21 1.87544 13.6297 -11.3553 -4.32155 -2.79762 2.50071 2.48998 11.0879 16.6345 -3.59706 -5.39918 -1.74108 1.20227 2.58574 12.6974 12.0184 -0.605374 -5.13045 -1.95369 0.115205 2.25627 10.3802 5.97861 2.16148 -6.05796 -2.7383 -2.27886 2.0562 3.56009 8.11232 -6.76407 -5.59091 -3.31482 -0.168502 2.14121 5.10053 9.96161 -7.87759 -8.33605 -3.40802 -3.24218 2.40733 5.75137 16.0222 -10.467 -5.89659 -3.19732 5.66289 1.69825
83.26 1.42632 13.3922 -11.919 -4.36711 -2.87121 2.43644 2.46848 10.6055 17.124 -4.05325 -5.44115 -1.75326 1.35541 2.63847 12.9779 13.2619 -1.61926 -5.19397 -1.87621 0.414831 2.31551 10.8949 6.36583 2.51537 -5.96178 -2.56448 -2.20842 2.07115 4.06975 7.44605 -5.72504 -5.52345 -3.32036 -0.303665 2.11404 4.85363 9.58109 -7.58007 -8.32541 -3.44396 -3.26843 2.35952 5.57636 15.9203 -10.4768 -5.89737 -3.21739 5.66034 1.69362
83.31 1.08803 13.1429 -12.3842 -4.40969 -2.9323 2.35675 2.44392 10.0694 17.4546 -4.50292 -5.48051 -1.7881 1.46766 2.68679 13.1181 14.3489 -2.43692 -5.25253 -1.81501 0.722286 2.37721 11.4036 6.87623 2.72836 -5.87417 -2.40228 -2.09358 2.09702 5.1683 6.74988 -4.43242 -5.43988 -3.32151 -0.420854 2.08821 4.61059 9.14517 -7.14647 -8.29869 -3.47557 -3.29362 2.31287 5.38315 15.8201 -10.4864 -5.89814 -3.23616 5.65728 1.6881
83.36 0.833574 12.8788 -12.7648 -4.44937 -2.98328 2.26292 2.41723 9.50314 17.5976 -4.96135 -5.51812 -1.85204 1.54527 2.72894 13.0729 15.2903 -3.10961 -5.30408 -1.76761 1.03071 2.44006 11.8917 7.56898 2.75491 -5.80117 -2.25788 -1.92922 2.1328 6.82405 6.11988 -2.95617 -5.3476 -3.30833 -0.514149 2.06399 4.44222 8.63124 -6.52295 -8.25214 -3.50282 -3.31768 2.26786 5.16235 15.7218 -10.4957 -5.89897 -3.25374 5.65381 1.68182
83.41 0.642338 12.5994 -13.072 -4.48628 -3.02603 2.15555 2.38912 8.93486 17.5333 -5.43196 -5.55459 -1.94806 1.59213 2.76282 12.8095 16.1028 -3.69463 -5.34858 -1.73212 1.32941 2.50297 12.3491 8.50612 2.46326 -5.75577 -2.13389 -1.71678 2.17695 8.29061 5.74365 -1.55774 -5.25277 -3.24352 -0.575083 2.04265 4.52535 8.02424 -5.64143 -8.18144 -3.52535 -3.34056 2.22475 4.90371 15.6256 -10.5047 -5.9001 -3.27021 5.64999 1.67496
83.46 0.498677 12.3069 -13.3137 -4.52061 -3.06203 2.03509 2.36013 8.39244 17.2703 -5.90454 -5.59032 -2.07112 1.6102 2.78648 12.3158 16.7986 -4.2381 -5.38701 -1.70787 1.60111 2.56504 12.768 9.71416 1.68025 -5.75612 -2.03044 -1.46626 2.22763 9.23484 5.76332 -0.409713 -5.15899 -3.10243 -0.591739 2.02743 5.18843 7.34032 -4.43697 -8.0861 -3.54172 -3.36221 2.18345 4.60129 15.532 -10.5134 -5.90215 -3.28566 5.64588 1.66779
83.51 0.390769 12.0049 -13.4953 -4.55255 -3.09249 1.90234 2.33068 7.89823 16.8468 -6.35961 -5.62549 -2.20902 1.60051 2.79884 11.6124 17.3784 -4.77191 -5.42085 -1.69687 1.82627 2.6254 13.1386 11.0961 0.517207 -5.80161 -1.94628 -1.18977 2.28299 9.90388 6.13433 0.467001 -5.06843 -2.91617 -0.551497 2.02183 6.49688 6.65177 -2.96252 -7.97195 -3.54499 -3.38249 2.14401 4.26294 15.4415 -10.5216 -5.90559 -3.30004 5.64154 1.66071
83.56 0.309696 11.6976 -13.6194 -4.58223 -3.11834 1.7586 2.3011 7.46498 16.3123 -6.77803 -5.66013 -2.34854 1.56391 2.80001 10.7718 17.8196 -5.3104 -5.45173 -1.70667 1.997 2.68288 13.4412 12.4404 -0.63282 -5.86684 -1.87925 -0.897921 2.34135 10.4854 6.77917 1.07517 -4.98437 -2.71655 -0.449313 2.028 7.77467 6.10052 -1.50529 -7.84752 -3.51152 -3.40092 2.10714 3.92105 15.3549 -10.5294 -5.90977 -3.31328 5.63702 1.65396
83.61 0.248752 11.3879 -13.6862 -4.60966 -3.14038 1.60554 2.27162 7.09399 15.7143 -7.14829 -5.69423 -2.48035 1.50168 2.79109 9.92389 18.0706 -5.84719 -5.48098 -1.75163 2.11812 2.73554 13.6369 13.6396 -1.58277 -5.93431 -1.8267 -0.600593 2.40129 11.0317 7.6214 1.36848 -4.91429 -2.52289 -0.291446 2.04667 8.61537 5.79962 -0.277305 -7.71934 -3.41989 -3.41629 2.0747 3.63038 15.2731 -10.5366 -5.91392 -3.32523 5.63236 1.64745
83.66 0.202899 11.0767 -13.6936 -4.63466 -3.15922 1.44488 2.24245 6.77779 15.0956 -7.46728 -5.72785 -2.59977 1.41584 2.77364 9.19203 18.0894 -6.36028 -5.50955 -1.84163 2.19723 2.78042 13.6749 14.6828 -2.33972 -5.99811 -1.78617 -0.309895 2.46171 11.549 8.65033 1.21773 -4.8727 -2.34687 -0.0886284 2.0774 9.16596 5.71547 0.694541 -7.59081 -3.28382 -3.42719 2.04898 3.42975 15.1967 -10.543 -5.91779 -3.33581 5.62764 1.64104
83.71 0.168363 10.7624 -13.6362 -4.65679 -3.17536 1.27823 2.21373 6.50475 14.4902 -7.73731 -5.76113 -2.70548 1.30922 2.74934 8.6116 17.8994 -6.82659 -5.53795 -1.96737 2.24048 2.81456 13.5183 15.5853 -2.95793 -6.05653 -1.75558 -0.043025 2.52178 12.0315 9.90403 0.497966 -4.87611 -2.19431 0.149022 2.11875 9.62918 5.78329 1.44693 -7.46369 -3.12386 -3.43263 2.0317 3.32379 15.1262 -10.5483 -5.92132 -3.34501 5.62289 1.63471
83.76 0.142325 10.44 -13.5057 -4.67526 -3.18922 1.10693 2.18558 6.26253 13.9194 -7.96296 -5.79425 -2.79795 1.18507 2.7197 8.15367 17.5634 -7.23334 -5.56631 -2.10914 2.25273 2.83645 13.1611 16.3639 -3.4895 -6.10946 -1.73352 0.182695 2.58087 12.4635 11.2878 -0.589622 -4.91831 -2.0668 0.413049 2.16874 10.1079 5.97087 2.02071 -7.33938 -2.95122 -3.43197 2.02412 3.3025 15.0614 -10.5522 -5.92449 -3.35294 5.61815 1.62848
83.81 0.122696 10.1012 -13.2885 -4.68878 -3.20111 0.932179 2.15807 6.03956 13.3922 -8.14891 -5.82742 -2.87846 1.0466 2.68604 7.78133 17.135 -7.57904 -5.59443 -2.25119 2.23795 2.8462 12.6205 17.029 -3.97533 -6.15759 -1.71953 0.362105 2.63843 12.8114 12.6077 -1.65243 -4.97355 -1.96301 0.696211 2.2252 10.6145 6.25631 2.44573 -7.21947 -2.77441 -3.4248 2.02711 3.3542 15.0022 -10.5545 -5.92732 -3.35968 5.61348 1.62243
83.86 0.107954 9.73379 -12.9642 -4.69533 -3.21124 0.755055 2.13127 5.82504 12.9098 -8.29882 -5.86073 -2.9485 0.896687 2.64943 7.4679 16.6471 -7.86921 -5.62204 -2.38484 2.19927 2.84498 11.9266 17.5787 -4.44545 -6.20188 -1.71503 0.500535 2.69389 13.0226 13.7784 -2.54536 -5.02726 -1.88017 0.99169 2.28607 11.1272 6.61417 2.73831 -7.10597 -2.60319 -3.41109 2.04102 3.46651 14.9484 -10.5551 -5.92981 -3.36533 5.60889 1.61662
83.91 0.09707 9.3203 -12.5029 -4.69194 -3.21978 0.576657 2.10524 5.60824 12.4688 -8.4149 -5.89415 -3.00957 0.737741 2.61073 7.1961 16.1189 -8.11207 -5.64887 -2.50637 2.13898 2.8344 11.1258 17.9905 -4.91899 -6.24322 -1.72527 0.604662 2.74649 13.0396 14.7952 -3.2939 -5.07546 -1.81522 1.29239 2.34959 11.6269 7.02452 2.90128 -7.00158 -2.44593 -3.39124 2.06543 3.62665 14.8999 -10.5536 -5.93198 -3.36997 5.60442 1.61108
83.96 0.089577 8.83859 -11.8655 -4.67457 -3.22676 0.3982 2.08001 5.37762 12.0633 -8.49779 -5.9275 -3.06304 0.571782 2.57064 6.95471 15.5647 -8.31604 -5.67477 -2.61486 2.05877 2.81612 10.2952 18.215 -5.40186 -6.28245 -1.76145 0.67866 2.79487 12.8145 15.6729 -3.95837 -5.11775 -1.76563 1.59051 2.41428 12.1012 7.48202 2.92304 -6.90987 -2.30747 -3.36611 2.09923 3.82442 14.8566 -10.5502 -5.93384 -3.37365 5.60009 1.60583
84.01 0.0861005 8.26764 -11.015 -4.6389 -3.23217 0.221093 2.05562 5.12086 11.6864 -8.54652 -5.96038 -3.11008 0.400539 2.5297 6.73595 15.0006 -8.48845 -5.69969 -2.71074 1.96008 2.79167 9.53147 18.1928 -5.88501 -6.32032 -1.83641 0.72369 2.83669 12.319 16.4246 -4.59059 -5.15489 -1.73014 1.87735 2.47893 12.5408 7.99838 2.77502 -6.83576 -2.18928 -3.33678 2.14081 4.0552 14.8185 -10.5448 -5.93541 -3.37639 5.59592 1.60089
84.06 0.090632 7.60492 -9.95222 -4.58293 -3.23592 0.0469819 2.03212 4.8278 11.3302 -8.55841 -5.99217 -3.15165 0.225573 2.48835 6.53396 14.4449 -8.63503 -5.72373 -2.79502 1.84462 2.76238 8.89317 17.9093 -6.34906 -6.35753 -1.95078 0.738833 2.86909 11.5741 17.0511 -5.21988 -5.18804 -1.71064 2.14314 2.54243 12.938 8.60088 2.41096 -6.78583 -2.09063 -3.3044 2.18843 4.32161 14.7858 -10.5376 -5.9367 -3.37813 5.59193 1.59627
84.11 0.119214 6.88394 -8.74816 -4.51 -3.23793 -0.122224 2.00954 4.49704 10.987 -8.52876 -6.022 -3.1885 0.0483797 2.44692 6.34392 13.9135 -8.75978 -5.7471 -2.86896 1.71446 2.72935 8.3785 17.4152 -6.77469 -6.39461 -2.08988 0.723033 2.88993 10.6936 17.5275 -5.84419 -5.21845 -1.71546 2.377 2.60341 13.2819 9.32092 1.78589 -6.76722 -2.00976 -3.27005 2.2404 4.63286 14.7594 -10.5289 -5.93774 -3.37872 5.58814 1.59197
84.16 0.227617 6.16045 -7.5067 -4.42753 -3.23824 -0.284343 1.98793 4.14072 10.6482 -8.45018 -6.04872 -3.22112 -0.129537 2.40571 6.16141 13.4154 -8.86501 -5.77006 -2.93383 1.57197 2.69352 7.96039 16.7901 -7.15054 -6.43191 -2.2363 0.676836 2.89861 9.85871 17.8039 -6.43563 -5.24727 -1.75894 2.56796 2.65961 13.5531 10.1583 0.922041 -6.78272 -1.94462 -3.23467 2.29523 4.99817 14.7405 -10.5189 -5.93853 -3.37778 5.58458 1.58802
84.21 0.576053 5.47867 -6.27302 -4.34225 -3.23701 -0.436899 1.96731 3.78005 10.3038 -8.31152 -6.07092 -3.24987 -0.306628 2.36503 5.98205 12.9538 -8.95149 -5.79283 -2.99081 1.41943 2.65562 7.61296 16.11 -7.47408 -6.46967 -2.37815 0.602834 2.89588 9.18831 17.859 -6.96413 -5.27543 -1.84635 2.70872 2.70795 13.7247 11.0509 -0.0412647 -6.82545 -1.89311 -3.19905 2.35173 5.41278 14.7322 -10.5079 -5.93908 -3.37461 5.58129 1.58444
84.26 1.50466 4.85963 -4.9824 -4.25809 -3.23443 -0.577044 1.94771 3.43748 9.94153 -8.09592 -6.08695 -3.27504 -0.481294 2.32523 5.80092 12.5277 -9.01858 -5.81554 -3.04098 1.25886 2.6163 7.31701 15.4311 -7.74856 -6.50807 -2.50939 0.504962 2.88321 8.67907 17.7364 -7.41537 -5.30345 -1.96453 2.7993 2.74575 13.7765 11.9168 -0.944395 -6.88391 -1.85317 -3.16384 2.4089 5.85177 14.739 -10.4963 -5.93937 -3.36803 5.57833 1.58127
84.31 3.32263 4.30991 -3.53463 -4.17674 -3.23044 -0.701394 1.92915 3.13425 9.54502 -7.77783 -6.09447 -3.29687 -0.651908 2.28683 5.61199 12.1332 -9.06445 -5.83823 -3.08533 1.09194 2.57606 7.05891 14.7856 -7.97969 -6.54725 -2.62778 0.387544 2.86226 8.27987 17.4987 -7.7906 -5.33141 -2.09538 2.84563 2.77183 13.7006 12.7088 -1.71504 -6.95002 -1.82293 -3.12952 2.46595 6.28272 14.7674 -10.4844 -5.93934 -3.35651 5.57582 1.57863
84.36 5.59422 3.84038 -2.02934 -4.09869 -3.22209 -0.805688 1.91168 2.89779 9.09314 -7.3193 -6.08915 -3.31558 -0.816843 2.25032 5.40745 11.765 -9.08617 -5.86079 -3.12469 0.920055 2.53533 6.82894 14.1883 -8.17339 -6.58727 -2.73315 0.254669 2.83467 7.94926 17.1914 -8.09923 -5.35911 -2.22633 2.8556 2.78641 13.498 13.4123 -2.35501 -7.01991 -1.80079 -3.09648 2.52222 6.67999 14.8243 -10.4724 -5.93894 -3.33847 5.57389 1.57668
84.41 7.54322 3.53127 -0.659524 -4.02382 -3.1871 -0.884086 1.89584 2.79027 8.5621 -6.66825 -6.06532 -3.33128 -0.974488 2.21579 5.17746 11.4168 -9.07966 -5.883 -3.1598 0.744382 2.49447 6.61984 13.6429 -8.3346 -6.62803 -2.82631 0.109962 2.80187 7.66283 16.8409 -8.353 -5.3862 -2.35061 2.83653 2.79053 13.1748 14.0272 -2.89434 -7.09192 -1.78565 -3.06499 2.57717 7.02919 14.9153 -10.4608 -5.93809 -3.31277 5.57275 1.57567
84.46 8.80365 3.55677 0.512972 -3.95155 -3.07902 -0.927818 1.88402 2.9825 7.93732 -5.76316 -6.0188 -3.34393 -1.12325 2.18303 4.9117 11.0813 -9.03942 -5.90456 -3.19128 0.566027 2.45383 6.42587 13.1477 -8.46682 -6.6693 -2.90845 -0.0434357 2.76507 7.40723 16.4612 -8.56308 -5.41236 -2.46512 2.79425 2.78557 12.7408 14.5568 -3.36661 -7.16529 -1.77702 -3.03527 2.63037 7.3256 15.0429 -10.4497 -5.93672 -3.27918 5.57259 1.57589
84.51 9.48066 3.90562 1.49588 -3.88115 -2.90968 -0.925286 1.88027 3.78647 7.2356 -4.54741 -5.95005 -3.35317 -1.26153 2.15177 4.60493 10.7509 -8.95798 -5.9252 -3.21959 0.38613 2.41382 6.24207 12.6979 -8.57201 -6.71068 -2.98088 -0.202799 2.72528 7.17488 16.0597 -8.73894 -5.43728 -2.56882 2.73306 2.77298 12.2074 15.003 -3.80096 -7.23962 -1.77541 -3.00753 2.68138 7.57062 15.2058 -10.4393 -5.93477 -3.23851 5.57363 1.57761
84.56 9.83719 4.46594 2.30943 -3.81234 -2.72692 -0.865475 1.88715 5.27757 6.51484 -3.06479 -5.86525 -3.3569 -1.38761 2.1219 4.26487 10.4166 -8.82492 -5.9442 -3.24502 0.205957 2.37493 6.06381 12.287 -8.65067 -6.7516 -3.04483 -0.365748 2.6833 6.96108 15.6401 -8.88816 -5.46076 -2.66173 2.65587 2.75414 11.5884 15.3615 -4.22076 -7.31464 -1.78309 -2.98202 2.72971 7.76784 15.3992 -10.4296 -5.93222 -3.19245 5.57603 1.58108
84.61 10.0308 5.16875 2.96786 -3.74555 -2.55702 -0.744885 1.90506 6.79048 5.86824 -1.58949 -5.77232 -3.34448 -1.49943 2.09365 3.91677 10.0676 -8.62535 -5.95909 -3.26774 0.026958 2.33747 5.88631 11.9081 -8.70191 -6.79135 -3.10144 -0.530186 2.63981 6.76241 15.2046 -9.01649 -5.48266 -2.74441 2.56454 2.73028 10.9061 15.6169 -4.64334 -7.39012 -1.80538 -2.95918 2.7746 7.91933 15.6156 -10.4207 -5.92906 -3.14328 5.57991 1.58647
84.66 10.1386 5.93665 3.46948 -3.68223 -2.40914 -0.570988 1.9331 7.83937 5.4065 -0.336752 -5.67696 -3.29445 -1.59401 2.06805 3.60496 9.68996 -8.33755 -5.96646 -3.28778 -0.14922 2.3014 5.7041 11.5539 -8.72353 -6.82908 -3.15172 -0.694269 2.59534 6.57597 14.7564 -9.12809 -5.50296 -2.81769 2.46007 2.70246 10.1997 15.7383 -5.07844 -7.46591 -1.85145 -2.93975 2.81476 8.02273 15.8449 -10.4125 -5.92533 -3.09379 5.58528 1.59385
84.71 10.1995 6.71701 3.78725 -3.62556 -2.28477 -0.355301 1.9697 8.47952 5.16366 0.663112 -5.582 -3.20114 -1.66721 2.047 3.38097 9.26521 -7.93 -5.96244 -3.30514 -0.320737 2.26655 5.51046 11.2167 -8.71182 -6.8638 -3.19654 -0.856388 2.55038 6.39896 14.3013 -9.22568 -5.52173 -2.88249 2.34304 2.67158 9.52276 15.6915 -5.52537 -7.54184 -1.93096 -2.92497 2.84818 8.07069 16.0745 -10.4052 -5.92113 -3.04721 5.59207 1.60313
84.76 10.2341 7.51061 3.85843 -3.58142 -2.18232 -0.108075 2.01313 8.9014 5.09163 1.44686 -5.48859 -3.07981 -1.71393 2.03231 3.28643 8.7707 -7.35979 -5.94244 -3.3198 -0.485582 2.23284 5.29689 10.8884 -8.66117 -6.89439 -3.23664 -1.01515 2.50531 6.22841 13.8483 -9.31071 -5.53913 -2.93975 2.21404 2.6384 8.9175 15.4704 -5.97209 -7.61769 -2.04531 -2.91627 2.87244 8.05633 16.2893 -10.399 -5.91665 -3.00719 5.60006 1.61409
84.81 10.2538 8.36663 3.5756 -3.55941 -2.09915 0.162822 2.06168 9.23843 5.14673 2.05934 -5.39731 -2.94508 -1.7282 2.02517 3.38044 8.18699 -6.57784 -5.90194 -3.33168 -0.641576 2.20027 5.05393 10.5602 -8.56323 -6.91956 -3.27263 -1.16935 2.46049 6.06102 13.4064 -9.38347 -5.55542 -2.99036 2.07397 2.60353 8.39808 15.112 -6.39988 -7.69311 -2.18418 -2.9147 2.88567 7.9813 16.4743 -10.394 -5.91213 -2.97701 5.60893 1.62628
84.86 10.2646 9.35401 2.81599 -3.57135 -2.03258 0.451418 2.11384 9.56677 5.3204 2.53761 -5.30867 -2.80443 -1.70308 2.02628 3.81959 7.51703 -5.54086 -5.83937 -3.3405 -0.786326 2.1689 4.77529 10.2214 -8.40555 -6.93792 -3.30496 -1.31796 2.41626 5.89293 12.9826 -9.44317 -5.57086 -3.03516 1.92421 2.56746 7.9592 14.673 -6.79152 -7.76755 -2.33265 -2.92043 2.88722 7.85725 16.6182 -10.3907 -5.90783 -2.95868 5.61822 1.63912
84.91 10.2689 10.4746 1.60241 -3.61994 -1.98026 0.752706 2.16826 9.9288 5.6434 2.90606 -5.2234 -2.66071 -1.63086 2.03611 4.88465 6.8039 -4.22158 -5.75877 -3.34507 -0.9171 2.13883 4.46628 9.85905 -8.16938 -6.94787 -3.33393 -1.4601 2.37302 5.71937 12.5802 -9.4881 -5.5857 -3.07491 1.7664 2.53062 7.58883 14.2024 -7.13666 -7.84035 -2.47872 -2.93283 2.87771 7.70006 16.7161 -10.3891 -5.90397 -2.95239 5.62744 1.65194
84.96 10.2629 11.6101 0.204208 -3.68977 -1.94016 1.06163 2.22383 10.3306 6.16552 3.16972 -5.1431 -2.5161 -1.50491 2.05495 6.46515 6.13085 -2.72244 -5.66778 -3.33824 -1.03053 2.11032 4.15238 9.45644 -7.82663 -6.94667 -3.35966 -1.59497 2.33122 5.53429 12.2 -9.51564 -5.6001 -3.11032 1.60219 2.49333 7.27379 13.7328 -7.43201 -7.9108 -2.61543 -2.95079 2.85853 7.5242 16.769 -10.3894 -5.90068 -2.95682 5.63616 1.6641
85.01 10.2261 12.6486 -1.1332 -3.76407 -1.91096 1.37193 2.27959 10.7504 6.8857 3.29895 -5.07162 -2.37494 -1.32629 2.08285 7.82046 5.63494 -1.32437 -5.57305 -3.29436 -1.1219 2.0843 3.89115 8.99216 -7.33673 -6.92944 -3.3821 -1.72183 2.29105 5.32973 11.8401 -9.52236 -5.61415 -3.14199 1.43311 2.45587 7.00194 13.2817 -7.67878 -7.97821 -2.7398 -2.97307 2.83132 7.34038 16.7817 -10.3916 -5.89805 -2.96983 5.64403 1.6751
85.06 10.0977 13.5462 -2.33984 -3.8356 -1.89371 1.67459 2.33466 11.1643 7.76642 3.2047 -5.01747 -2.2428 -1.10459 2.11938 8.67161 5.41805 -0.175449 -5.47838 -3.19223 -1.1843 2.06301 3.78966 8.44373 -6.64677 -6.89094 -3.40107 -1.83994 2.25239 5.09581 11.4969 -9.50392 -5.62781 -3.17046 1.26048 2.41851 6.76294 12.8569 -7.88009 -8.04189 -2.8512 -2.99851 2.7977 7.15565 16.7611 -10.3955 -5.89608 -2.98908 5.65082 1.68458
85.11 9.74839 14.2737 -3.45934 -3.90277 -1.89578 1.95572 2.38791 11.5517 8.82502 2.72306 -4.99592 -2.12423 -0.850944 2.16358 9.22564 5.44311 0.726063 -5.3854 -3.04846 -1.20898 2.0491 4.02163 7.80207 -5.69957 -6.828 -3.41621 -1.94854 2.21513 4.82295 11.1652 -9.45491 -5.64105 -3.19616 1.08546 2.38155 6.54832 12.4603 -8.03921 -8.10122 -2.95019 -3.02612 2.75912 6.97417 16.7141 -10.401 -5.89474 -3.01241 5.65639 1.69234
85.16 8.9887 14.7593 -4.59828 -3.96604 -1.93875 2.19548 2.43727 11.886 10.0985 1.74075 -5.02088 -2.02195 -0.574498 2.21399 9.69538 5.67392 1.41877 -5.29504 -2.88462 -1.18629 2.04441 4.8637 7.09474 -4.44869 -6.74258 -3.42642 -2.04677 2.17929 4.50826 10.8388 -9.36828 -5.65391 -3.2194 0.90911 2.34534 6.35108 12.0901 -8.15863 -8.15556 -3.03786 -3.05507 2.71678 6.79805 16.6472 -10.4077 -5.89396 -3.03805 5.6607 1.69829
85.21 7.73389 14.8874 -5.85439 -4.02651 -2.05512 2.37568 2.47849 12.1197 11.4684 0.50282 -5.08073 -1.93698 -0.282169 2.26891 10.1789 6.13238 1.93066 -5.20874 -2.71208 -1.10715 2.05006 6.32799 6.39798 -2.95902 -6.64188 -3.42569 -2.13352 2.14508 4.16403 10.5104 -9.23463 -5.66593 -3.24037 0.732547 2.31032 6.16526 11.7422 -8.2396 -8.20429 -3.11543 -3.08474 2.6717 6.62797 16.5659 -10.4155 -5.89366 -3.06465 5.66378 1.70245
85.26 6.23073 14.7165 -7.16759 -4.08516 -2.22767 2.49232 2.50644 12.2035 12.7512 -0.628654 -5.15008 -1.86893 0.0201374 2.32662 10.6837 6.81772 2.25468 -5.13 -2.53941 -0.969505 2.06664 7.70868 5.8481 -1.51254 -6.53394 -3.39063 -2.20707 2.1133 3.82526 10.1706 -9.04091 -5.67496 -3.25912 0.557 2.2767 5.98543 11.4117 -8.28184 -8.24673 -3.18411 -3.1146 2.62469 6.46357 16.4746 -10.424 -5.89375 -3.09123 5.66571 1.70489
85.31 4.83324 14.4592 -8.38285 -4.14216 -2.39774 2.55428 2.51987 12.1379 13.8777 -1.54328 -5.21664 -1.81653 0.325311 2.38569 11.1885 7.68463 2.32187 -5.06689 -2.37578 -0.781352 2.09409 8.60444 5.56214 -0.303721 -6.42413 -3.29675 -2.26445 2.08597 3.54943 9.80721 -8.76843 -5.67808 -3.27562 0.383918 2.24439 5.80617 11.0924 -8.28326 -8.28214 -3.245 -3.14429 2.57644 6.30365 16.377 -10.4332 -5.89413 -3.11714 5.66657 1.70574
85.36 3.69182 14.2067 -9.43278 -4.19714 -2.54224 2.57388 2.52118 11.9509 14.8468 -2.27063 -5.27698 -1.77829 0.621795 2.44495 11.6749 8.73623 1.98088 -5.03468 -2.22846 -0.55398 2.13153 9.18094 5.50573 0.650251 -6.31506 -3.15713 -2.30177 2.06565 3.38151 9.40397 -8.39029 -5.67198 -3.28984 0.215033 2.21321 5.62149 10.7773 -8.2394 -8.30966 -3.29907 -3.1735 2.52755 6.14633 16.2758 -10.4428 -5.89472 -3.14197 5.66648 1.70512
85.41 2.80519 13.9686 -10.3179 -4.2497 -2.66112 2.56147 2.51327 11.6631 15.6714 -2.86591 -5.33069 -1.7532 0.891322 2.50345 12.1288 10.01 1.10707 -5.04914 -2.10144 -0.297262 2.17751 9.65864 5.60806 1.38861 -6.20808 -2.99406 -2.31467 2.05426 3.33825 8.93998 -7.86961 -5.65253 -3.30175 0.0524327 2.18312 5.42448 10.458 -8.14249 -8.3282 -3.34714 -3.20204 2.47849 5.98896 16.1728 -10.4526 -5.89544 -3.16548 5.66555 1.70318
85.46 2.12923 13.7369 -11.0575 -4.29954 -2.75865 2.52454 2.49854 11.2875 16.3612 -3.37801 -5.37863 -1.74149 1.1158 2.56032 12.534 11.3971 -0.0728869 -5.10131 -1.99564 -0.018835 2.23021 10.1463 5.8358 1.95212 -6.10433 -2.8199 -2.29807 2.05307 3.44286 8.39432 -7.16313 -5.61514 -3.31127 -0.101363 2.15417 5.20809 10.1241 -7.97989 -8.33632 -3.38992 -3.22972 2.42967 5.82803 16.0696 -10.4624 -5.89622 -3.1876 5.66388 1.70005
85.51 1.61778 13.5029 -11.6722 -4.34647 -2.83899 2.46811 2.47884 10.8358 16.9164 -3.84494 -5.42218 -1.74521 1.29031 2.61461 12.863 12.7077 -1.17765 -5.16502 -1.90976 0.275325 2.28779 10.6571 6.17389 2.36891 -6.0053 -2.64372 -2.24606 2.06286 3.78022 7.76101 -6.23468 -5.55696 -3.3182 -0.243265 2.12641 4.9692 9.76217 -7.73157 -8.33213 -3.42793 -3.25645 2.38145 5.65885 15.9671 -10.4723 -5.89701 -3.2083 5.66158 1.69587
85.56 1.23217 13.2596 -12.1809 -4.39042 -2.90551 2.39532 2.45556 10.322 17.3236 -4.29513 -5.46262 -1.76879 1.42052 2.66515 13.0739 13.8667 -2.08147 -5.22634 -1.84138 0.579892 2.34853 11.1708 6.62259 2.64906 -5.91324 -2.47517 -2.15245 2.08377 4.57195 7.06994 -5.06042 -5.47996 -3.32178 -0.369371 2.09995 4.71921 9.35454 -7.3664 -8.31321 -3.46153 -3.28214 2.33421 5.47507 15.8661 -10.482 -5.89779 -3.22766 5.65875 1.69075
85.61 0.94196 13.0025 -12.599 -4.43143 -2.96089 2.3079 2.42975 9.76635 17.5567 -4.7483 -5.50094 -1.81859 1.51348 2.7104 13.1193 14.8731 -2.81352 -5.28121 -1.78789 0.888897 2.41101 11.6699 7.22219 2.77176 -5.8324 -2.32203 -2.01133 2.11516 6.03126 6.39291 -3.64536 -5.39079 -3.31776 -0.474552 2.07492 4.5029 8.87933 -6.83821 -8.27637 -3.4908 -3.30673 2.28839 5.26828 15.7669 -10.4914 -5.89857 -3.24577 5.65546 1.6848
85.66 0.723782 12.7301 -12.9389 -4.46959 -3.00723 2.20672 2.40222 9.19536 17.589 -5.21374 -5.53788 -1.8999 1.57418 2.74836 12.9594 15.7431 -3.43245 -5.32889 -1.74709 1.19379 2.47401 12.1425 8.04075 2.64976 -5.77209 -2.18849 -1.82023 2.15566 7.68115 5.87116 -2.17699 -5.29654 -3.28298 -0.551684 2.05197 4.43747 8.31579 -6.08473 -8.21723 -3.51559 -3.33016 2.2444 5.02828 15.6697 -10.5006 -5.89951 -3.26274 5.65179 1.67819
85.71 0.559855 12.4432 -13.2099 -4.50509 -3.04618 2.09223 2.37358 8.6378 17.4144 -5.68747 -5.57392 -2.01168 1.60537 2.77693 12.5718 16.4918 -3.99022 -5.36995 -1.71762 1.4805 2.53657 12.5801 9.12473 2.10692 -5.74947 -2.07566 -1.58574 2.20356 8.85179 5.70593 -0.904958 -5.20197 -3.1756 -0.590421 2.03344 4.78927 7.66225 -5.03481 -8.13289 -3.53514 -3.35239 2.20228 4.74616 15.5749 -10.5095 -5.90104 -3.27866 5.64781 1.67111
85.76 0.436722 12.1451 -13.4188 -4.5381 -3.07906 1.96502 2.3443 8.1191 17.0589 -6.15325 -5.60934 -2.14447 1.60838 2.79456 11.9598 17.1261 -4.52553 -5.40571 -1.69999 1.72911 2.59784 12.9745 10.4511 1.07509 -5.7765 -1.98282 -1.3198 2.25699 9.61315 5.92424 0.0956206 -5.10965 -3.00529 -0.57774 2.02305 5.84589 6.9624 -3.66112 -8.02639 -3.54612 -3.37333 2.16195 4.42209 15.4828 -10.5179 -5.90385 -3.29354 5.64357 1.66394
85.81 0.344226 11.8398 -13.5692 -4.56881 -3.10693 1.82616 2.31474 7.65689 16.5694 -6.59055 -5.64422 -2.2847 1.58407 2.80081 11.1693 17.6361 -5.06138 -5.43777 -1.69877 1.92488 2.65682 13.3121 11.8352 -0.122844 -5.8358 -1.9082 -1.03382 2.31416 10.2229 6.45327 0.82929 -5.02199 -2.80883 -0.503939 2.02362 7.23388 6.32719 -2.15611 -7.90569 -3.53363 -3.39271 2.12373 4.07589 15.3943 -10.5259 -5.90782 -3.30733 5.63912 1.65703
85.86 0.274714 11.5309 -13.6626 -4.59729 -3.13065 1.67718 2.28519 7.25769 15.9952 -6.98387 -5.67857 -2.42091 1.53346 2.79636 10.3065 17.9823 -5.60102 -5.46762 -1.72554 2.06792 2.71202 13.5631 13.1063 -1.17124 -5.90345 -1.8493 -0.73773 2.37353 10.7833 7.21132 1.27853 -4.94413 -2.61057 -0.370508 2.03651 8.27824 5.90688 -0.810783 -7.77865 -3.46914 -3.40967 2.08896 3.75471 15.3101 -10.5334 -5.91204 -3.31989 5.63452 1.65043
85.91 0.222438 11.2205 -13.6978 -4.62345 -3.15089 1.51982 2.25586 6.91752 15.3811 -7.32647 -5.7124 -2.54637 1.4582 2.78264 9.5106 18.1097 -6.12821 -5.49641 -1.79466 2.16553 2.7609 13.68 14.2202 -2.01131 -5.9693 -1.80352 -0.442177 2.43384 11.3142 8.14965 1.35354 -4.88712 -2.42537 -0.187073 2.0618 8.93311 5.73225 0.276238 -7.65 -3.35057 -3.42279 2.05988 3.5102 15.2312 -10.5401 -5.91605 -3.3311 5.62982 1.64399
85.96 0.183084 10.908 -13.6712 -4.64698 -3.16822 1.35574 2.22692 6.62611 14.7661 -7.61858 -5.74581 -2.65843 1.36077 2.7613 8.86168 18.0091 -6.61844 -5.52486 -1.90618 2.22466 2.80029 13.6158 15.1854 -2.68648 -6.03029 -1.76856 -0.161887 2.49416 11.814 9.29868 0.898859 -4.8685 -2.26157 0.0356615 2.09847 9.41734 5.73578 1.12439 -7.52205 -3.19972 -3.43085 2.03853 3.36144 15.158 -10.546 -5.91973 -3.34093 5.62508 1.63762
86.01 0.153426 10.5901 -13.5757 -4.66727 -3.18309 1.18643 2.19849 6.37117 14.1776 -7.86409 -5.77898 -2.75688 1.24429 2.73394 8.3522 17.7326 -7.05345 -5.55324 -2.04294 2.25066 2.8279 13.35 16.0193 -3.25222 -6.0857 -1.7427 0.0843916 2.55378 12.2721 10.6471 -0.0707685 -4.89571 -2.12253 0.288479 2.14475 9.88284 5.87078 1.77605 -7.39627 -3.0319 -3.43306 2.02635 3.30254 15.0905 -10.5506 -5.92307 -3.34944 5.62033 1.63133
86.06 0.131062 10.2602 -13.4006 -4.68327 -3.19586 1.01314 2.17067 6.1407 13.6297 -8.06781 -5.81211 -2.84272 1.11205 2.70199 7.94439 17.3416 -7.42694 -5.58151 -2.18634 2.2479 2.84315 12.8909 16.7361 -3.75478 -6.13593 -1.72495 0.284887 2.61211 12.6644 12.0152 -1.18093 -4.94774 -2.00809 0.56367 2.19849 10.3787 6.1141 2.26684 -7.27411 -2.85587 -3.42893 2.02438 3.32204 15.0288 -10.5537 -5.92606 -3.35671 5.61562 1.6252
86.11 0.114223 9.90779 -13.1288 -4.69334 -3.20677 0.836974 2.14354 5.92361 13.1269 -8.23398 -5.84535 -2.9174 0.967088 2.66662 7.60642 16.8781 -7.74178 -5.60939 -2.32456 2.21991 2.84681 12.2633 17.3404 -4.22909 -6.18187 -1.71571 0.441315 2.66861 12.946 13.2581 -2.15475 -5.00307 -1.91597 0.854319 2.25757 10.8914 6.44167 2.61933 -7.15737 -2.68086 -3.41821 2.03326 3.40801 14.9725 -10.5551 -5.9287 -3.36285 5.61099 1.61927
86.16 0.101656 9.51806 -12.735 -4.69498 -3.21603 0.659021 2.11715 5.70923 12.6674 -8.36549 -5.87873 -2.98243 0.812035 2.62879 7.3171 16.3666 -8.00539 -5.63661 -2.45193 2.16935 2.84034 11.5043 17.8202 -4.69944 -6.22447 -1.71815 0.56056 2.72266 13.0593 14.3445 -2.9628 -5.05398 -1.84313 1.15353 2.32007 11.399 6.82947 2.8426 -7.04839 -2.51633 -3.40111 2.05293 3.5476 14.9216 -10.5545 -5.93102 -3.36795 5.60647 1.6136
86.21 0.0926098 9.07075 -12.1841 -4.68461 -3.22373 0.48043 2.09154 5.48648 12.2464 -8.46371 -5.91215 -3.03924 0.649081 2.58927 7.06282 15.8226 -8.2263 -5.66295 -2.56644 2.09815 2.82541 10.6757 18.1389 -5.17823 -6.26457 -1.74062 0.648135 2.7732 12.9509 15.2844 -3.65865 -5.09894 -1.78672 1.45387 2.38438 11.8862 7.26481 2.93194 -6.95032 -2.36884 -3.37829 2.08257 3.72899 14.8759 -10.552 -5.93302 -3.37207 5.60207 1.60821
86.26 0.0870806 8.54294 -11.4351 -4.65785 -3.22988 0.302511 2.06676 5.24329 11.8572 -8.52842 -5.94531 -3.08911 0.480073 2.54866 6.83444 15.2608 -8.41245 -5.68831 -2.66803 2.00779 2.80363 9.87013 18.2363 -5.66324 -6.30297 -1.79654 0.706551 2.8184 12.5816 16.0931 -4.30049 -5.13833 -1.74474 1.74705 2.44918 12.3428 7.75149 2.86698 -6.86738 -2.24128 -3.35076 2.12077 3.94467 14.8354 -10.5475 -5.93472 -3.37524 5.59782 1.60313
86.31 0.0869947 7.92073 -10.4659 -4.61119 -3.2344 0.126797 2.04285 4.96786 11.4924 -8.55775 -5.97769 -3.1331 0.306637 2.50745 6.62536 14.699 -8.57034 -5.71274 -2.75751 1.89983 2.77642 9.17101 18.0705 -6.13876 -6.34041 -1.89384 0.735652 2.85549 11.9438 16.7785 -4.92936 -5.17316 -1.71731 2.02384 2.51336 12.7606 8.31011 2.60912 -6.80538 -2.1338 -3.31964 2.16583 4.19384 14.8002 -10.5411 -5.93614 -3.37746 5.59375 1.59836
86.36 0.100963 7.22023 -9.31411 -4.54531 -3.23722 -0.0449256 2.01984 4.65381 11.1443 -8.548 -6.00855 -3.17205 0.130286 2.46601 6.43037 14.1548 -8.70477 -5.73639 -2.83606 1.77617 2.74499 8.60211 17.6644 -6.58411 -6.3775 -2.02385 0.734179 2.88183 11.1053 17.3293 -5.55828 -5.20468 -1.70934 2.27384 2.57572 13.1309 8.9729 2.10786 -6.77154 -2.04498 -3.28607 2.21599 4.483 14.7707 -10.5331 -5.93729 -3.37861 5.58986 1.59391
86.41 0.160993 6.49107 -8.07872 -4.46626 -3.2383 -0.210602 1.99778 4.30699 10.8045 -8.49311 -6.03687 -3.20657 -0.0474868 2.42467 6.24492 13.6406 -8.81882 -5.75951 -2.90496 1.63907 2.71034 8.14303 17.0895 -6.98372 -6.41466 -2.16877 0.701797 2.89609 10.2275 17.7042 -6.16911 -5.2341 -1.73329 2.48583 2.63447 13.4387 9.76014 1.34359 -6.77155 -1.97285 -3.25106 2.26967 4.82277 14.7481 -10.5236 -5.9382 -3.37844 5.58619 1.5898
86.46 0.368409 5.78612 -6.84256 -4.38162 -3.23775 -0.367897 1.97669 3.94547 10.4641 -8.38385 -6.06134 -3.23707 -0.225154 2.38371 6.06468 13.1622 -8.91395 -5.78234 -2.96543 1.4909 2.67331 7.76579 16.4264 -7.33124 -6.45218 -2.31379 0.640187 2.89848 9.47505 17.8595 -6.72955 -5.26248 -1.80109 2.65021 2.68683 13.6595 10.638 0.403775 -6.80311 -1.9153 -3.21546 2.32553 5.21664 14.7345 -10.513 -5.93886 -3.37641 5.58277 1.58604
86.51 0.97625 5.13674 -5.59278 -4.29662 -3.23577 -0.514149 1.95662 3.59188 10.1118 -8.20631 -6.08045 -3.26386 -0.40114 2.34344 5.88503 12.72 -8.99013 -5.80506 -3.01862 1.3338 2.63458 7.44809 15.7415 -7.62772 -6.49027 -2.45039 0.552792 2.89018 8.89708 17.8108 -7.21705 -5.29053 -1.90743 2.76347 2.72974 13.7683 11.5248 -0.54225 -6.85563 -1.87028 -3.17999 2.38251 5.64838 14.7336 -10.5017 -5.93927 -3.37158 5.57965 1.58268
86.56 2.37854 4.55461 -4.22219 -4.21386 -3.23249 -0.64625 1.93758 3.26779 9.73338 -7.93936 -6.09228 -3.2872 -0.573826 2.30433 5.70054 12.3115 -9.04609 -5.82777 -3.06554 1.16962 2.5947 7.17393 15.0779 -7.87809 -6.52908 -2.57482 0.443857 2.87284 8.45341 17.6192 -7.62648 -5.31853 -2.03441 2.82926 2.76127 13.7516 12.3542 -1.37706 -6.9189 -1.83578 -3.14521 2.4397 6.08684 14.7512 -10.4899 -5.9394 -3.36254 5.57691 1.57977
86.61 4.54702 4.04487 -2.71588 -4.13427 -3.22708 -0.7604 1.91959 2.99602 9.30996 -7.55123 -6.09356 -3.30733 -0.741581 2.26691 5.50431 11.932 -9.07939 -5.85041 -3.1071 0.99987 2.55415 6.93201 14.4574 -8.08836 -6.56871 -2.68613 0.317631 2.84813 8.09511 17.3397 -7.96442 -5.34639 -2.16647 2.85502 2.78106 13.6069 13.099 -2.07442 -6.98734 -1.81008 -3.11154 2.4964 6.50212 14.7941 -10.4779 -5.93918 -3.34769 5.57469 1.57748
86.66 6.71835 3.64265 -1.26779 -4.05798 -3.20963 -0.851619 1.90285 2.81664 8.81824 -6.99626 -6.07894 -3.32441 -0.902787 2.23148 5.28739 11.5753 -9.08649 -5.87282 -3.14409 0.825805 2.51331 6.71408 13.888 -8.26402 -6.60915 -2.78479 0.177962 2.81756 7.79048 17.0068 -8.24203 -5.3738 -2.29438 2.84852 2.78985 13.3382 13.7544 -2.65589 -7.0585 -1.79181 -3.0793 2.55202 6.87459 14.8688 -10.4661 -5.93854 -3.32561 5.57316 1.57601
86.71 8.31094 3.49753 -0.00313808 -3.98461 -3.13928 -0.912657 1.88871 2.83893 8.23704 -6.21618 -6.04319 -3.33848 -1.05585 2.19794 5.03927 11.2349 -9.06259 -5.89471 -3.17718 0.64855 2.47252 6.51378 13.3702 -8.40928 -6.65023 -2.87185 0.028211 2.78247 7.52186 16.6393 -8.47097 -5.40043 -2.41362 2.81633 2.78889 12.954 14.3229 -3.15513 -7.13131 -1.78019 -3.04874 2.60608 7.19545 14.9795 -10.4548 -5.93742 -3.29563 5.57252 1.57562
86.76 9.22232 3.71318 1.06481 -3.91342 -2.99201 -0.932975 1.88078 3.31932 7.56598 -5.14887 -5.98423 -3.34938 -1.19916 2.16602 4.7514 10.9032 -9.00124 -5.91581 -3.2069 0.469216 2.43217 6.32588 12.9001 -8.52679 -6.69162 -2.9486 -0.128716 2.74395 7.2795 16.2473 -8.66156 -5.42595 -2.52236 2.76342 2.77964 12.465 14.8077 -3.60372 -7.20524 -1.77519 -3.02006 2.65815 7.46378 15.1265 -10.444 -5.93574 -3.25806 5.57299 1.57661
86.81 9.69997 4.18567 1.95407 -3.84387 -2.81066 -0.900681 1.88259 4.53461 6.84455 -3.76813 -5.90583 -3.35621 -1.3311 2.1355 4.42467 10.5719 -8.89352 -5.93575 -3.23364 0.289002 2.3927 6.14564 12.4721 -8.61771 -6.73283 -3.01631 -0.290288 2.70289 7.05762 15.8357 -8.82224 -5.45012 -2.62019 2.69332 2.76352 11.8834 15.2077 -4.0277 -7.27997 -1.77815 -2.99349 2.70779 7.68261 15.3066 -10.434 -5.93347 -3.21423 5.57475 1.57925
86.86 9.95561 4.83177 2.68308 -3.77605 -2.63295 -0.807773 1.89547 6.13775 6.14979 -2.24979 -5.81575 -3.35353 -1.44979 2.10644 4.07592 10.2312 -8.72685 -5.95294 -3.2576 0.109269 2.35457 5.9684 12.0793 -8.68179 -6.77322 -3.07618 -0.454282 2.66002 6.85235 15.4073 -8.9596 -5.47276 -2.7075 2.60834 2.74184 11.2266 15.5135 -4.44726 -7.35526 -1.79278 -2.96934 2.75439 7.85516 15.5135 -10.4247 -5.93059 -3.16618 5.57793 1.58374
86.91 10.0965 5.57889 3.25862 -3.71085 -2.47441 -0.657085 1.919 7.41714 5.59144 -0.882197 -5.72101 -3.32328 -1.55277 2.07941 3.74083 9.86874 -8.483 -5.96422 -3.27887 -0.0684274 2.31787 5.78911 11.7146 -8.71744 -6.81199 -3.12926 -0.618743 2.61594 6.66062 14.9644 -9.07849 -5.49379 -2.785 2.50984 2.71572 10.5252 15.7014 -4.87597 -7.43093 -1.82655 -2.94822 2.79693 7.9814 15.7382 -10.4162 -5.92712 -3.11646 5.58262 1.5902
86.96 10.1756 6.35678 3.66657 -3.65058 -2.33927 -0.459263 1.95186 8.22236 5.25083 0.231572 -5.62565 -3.24877 -1.63642 2.05601 3.47052 9.46835 -8.13533 -5.96599 -3.29747 -0.242334 2.28248 5.60169 11.3706 -8.72167 -6.84823 -3.1765 -0.781954 2.57115 6.47961 14.5115 -9.18229 -5.51325 -2.8536 2.39854 2.68615 9.82804 15.7355 -5.31829 -7.50681 -1.88975 -2.93112 2.83375 8.05601 15.9695 -10.4085 -5.92311 -3.0681 5.58877 1.59862
87.01 10.2205 7.14076 3.86201 -3.59971 -2.22701 -0.225464 1.99236 8.7237 5.10714 1.10928 -5.53144 -3.13815 -1.69603 2.03821 3.31131 9.00892 -7.64611 -5.95396 -3.31338 -0.410517 2.24824 5.39847 11.0392 -8.68983 -6.88087 -3.21869 -0.942422 2.52608 6.30647 14.0564 -9.27301 -5.53126 -2.91422 2.27498 2.65395 9.18621 15.5925 -5.76721 -7.58273 -1.98868 -2.91944 2.86253 8.07086 16.1931 -10.4017 -5.91873 -3.0246 5.59624 1.60885
87.06 10.2461 7.95948 3.75855 -3.56604 -2.13529 0.0353538 2.03875 9.08775 5.10695 1.79552 -5.43911 -3.00826 -1.72607 2.02747 3.30718 8.46792 -6.9678 -5.92338 -3.32656 -0.570876 2.21514 5.1702 10.7122 -8.61496 -6.90871 -3.25651 -1.09886 2.48111 6.13806 13.6083 -9.35146 -5.54803 -2.96779 2.13987 2.61978 8.62705 15.2908 -6.20615 -7.65841 -2.11804 -2.9145 2.88101 8.02288 16.3935 -10.3961 -5.9142 -2.98954 5.60476 1.62054
87.11 10.2605 8.87913 3.23044 -3.56102 -2.06138 0.316444 2.08942 9.41298 5.22454 2.3318 -5.34919 -2.86979 -1.72003 2.02471 3.55739 7.83498 -6.05321 -5.87085 -3.33684 -0.721126 2.18321 4.90828 10.3797 -8.48672 -6.93039 -3.29048 -1.25017 2.43656 5.97082 13.1755 -9.41735 -5.56382 -3.01517 1.99439 2.58422 8.15231 14.882 -6.61623 -7.73338 -2.26386 -2.91691 2.88794 7.91956 16.5574 -10.392 -5.90977 -2.96561 5.61391 1.63316
87.16 10.2678 9.9469 2.20508 -3.59364 -2.00276 0.612479 2.14296 9.75633 5.47244 2.74886 -5.26224 -2.72727 -1.67053 2.03047 4.30185 7.13383 -4.8645 -5.79772 -3.34367 -0.858716 2.15253 4.61151 10.03 -8.28959 -6.94445 -3.32098 -1.3954 2.39281 5.80045 12.763 -9.46936 -5.57891 -3.05716 1.84008 2.54769 7.75199 14.4209 -6.98361 -7.80702 -2.4122 -2.92635 2.88339 7.77568 16.6767 -10.3896 -5.90568 -2.95385 5.62322 1.64607
87.21 10.2677 11.0935 0.852149 -3.65622 -1.95725 0.918556 2.19813 10.1414 5.89816 3.06196 -5.17935 -2.58269 -1.56987 2.04512 5.7177 6.42896 -3.41875 -5.71055 -3.3439 -0.980626 2.12325 4.29508 9.6484 -8.00022 -6.94888 -3.3482 -1.53372 2.35029 5.62154 12.3727 -9.5053 -5.59351 -3.09449 1.67862 2.51056 7.41303 13.9479 -7.30197 -7.87865 -2.5538 -2.9419 2.86848 7.60685 16.7499 -10.3891 -5.90212 -2.95357 5.63223 1.65861
87.26 10.2494 12.1856 -0.5319 -3.7299 -1.9231 1.22913 2.25391 10.5562 6.53173 3.26 -5.10309 -2.43926 -1.41472 2.06887 7.25942 5.83167 -1.94201 -5.61689 -3.32143 -1.08289 2.09588 3.99952 9.21547 -7.58411 -6.93973 -3.37216 -1.66436 2.30938 5.42709 12.0038 -9.5221 -5.60772 -3.12781 1.51161 2.47315 7.12266 13.4867 -7.57082 -7.94754 -2.68405 -2.96234 2.84476 7.42562 16.7804 -10.3904 -5.89918 -2.96292 5.64053 1.6702
87.31 10.1747 13.1512 -1.79865 -3.80313 -1.89993 1.53669 2.30941 10.9755 7.34104 3.28481 -5.03948 -2.30229 -1.21145 2.10151 8.3323 5.4838 -0.672727 -5.5219 -3.24612 -1.15965 2.07206 3.80761 8.7083 -6.99354 -6.91162 -3.39276 -1.7866 2.27004 5.20802 11.6534 -9.51587 -5.62156 -3.15769 1.34047 2.43571 6.86967 13.0493 -7.79267 -8.01302 -2.80141 -2.98646 2.81391 7.24065 16.7743 -10.3935 -5.89691 -2.97957 5.64784 1.68041
87.36 9.94846 13.9622 -2.94809 -3.87233 -1.8915 1.82989 2.36367 11.3777 8.31078 3.00545 -5.00063 -2.17701 -0.971255 2.14232 8.99089 5.40543 0.338626 -5.42801 -3.1183 -1.20288 2.05447 3.85772 8.10893 -6.1719 -6.86009 -3.40974 -1.89969 2.23214 4.95408 11.3171 -9.48172 -5.63499 -3.18462 1.16641 2.39853 6.64475 12.6398 -7.97088 -8.07444 -2.90601 -3.01317 2.77745 7.05729 16.7386 -10.3983 -5.89528 -3.00126 5.65397 1.68898
87.41 9.40152 14.573 -4.0625 -3.93728 -1.91165 2.09142 2.4152 11.7408 9.48711 2.25048 -5.00354 -2.06699 -0.704349 2.19007 9.48029 5.54127 1.12289 -5.33633 -2.96179 -1.20328 2.04535 4.38179 7.42546 -5.06451 -6.78439 -3.42249 -2.00282 2.19564 4.65825 10.9891 -9.41344 -5.64802 -3.20897 0.990539 2.36192 6.44029 12.2578 -8.10837 -8.13116 -2.99875 -3.0416 2.73671 6.87854 16.6801 -10.4044 -5.89425 -3.02603 5.65886 1.69577
87.46 8.36635 14.8765 -5.25934 -3.99889 -1.99134 2.30062 2.46086 12.0283 10.8384 1.07749 -5.05061 -1.97401 -0.41859 2.24314 9.9523 5.89098 1.71638 -5.24789 -2.79221 -1.15107 2.04612 5.61104 6.71089 -3.66055 -6.68967 -3.42832 -2.09502 2.16063 4.32487 10.6627 -9.30284 -5.66059 -3.23098 0.813933 2.3263 6.24989 11.9002 -8.20701 -8.18255 -3.08083 -3.071 2.69277 6.70566 16.6048 -10.4118 -5.89374 -3.05233 5.66251 1.70075
87.51 6.92912 14.8175 -6.56573 -4.05831 -2.14529 2.44604 2.4954 12.1848 12.1773 -0.132468 -5.11802 -1.89828 -0.120139 2.29976 10.4495 6.47635 2.13117 -5.165 -2.61847 -1.03992 2.05762 7.12705 6.07293 -2.15635 -6.5842 -3.41332 -2.17494 2.12756 3.97745 10.3294 -9.13875 -5.67135 -3.25075 0.637752 2.29203 6.06796 11.5624 -8.26725 -8.22798 -3.15347 -3.10083 2.64656 6.53874 16.5177 -10.42 -5.89367 -3.07902 5.66496 1.70397
87.56 5.44982 14.5796 -7.84123 -4.11609 -2.32198 2.5317 2.51536 12.1849 13.3783 -1.14782 -5.18661 -1.83885 0.184793 2.35836 10.957 7.26404 2.33057 -5.09326 -2.44959 -0.873681 2.08012 8.24691 5.66054 -0.828176 -6.47479 -3.34728 -2.24023 2.09785 3.66515 9.97865 -8.90538 -5.67757 -3.26829 0.463337 2.25914 5.88914 11.2387 -8.2879 -8.26673 -3.21782 -3.13064 2.59881 6.37695 16.4227 -10.4289 -5.89392 -3.10531 5.6663 1.70554
87.61 4.18467 14.3212 -8.96983 -4.17206 -2.47899 2.56937 2.52189 12.0507 14.4186 -1.95491 -5.24999 -1.79425 0.487148 2.41765 11.4538 8.22489 2.20091 -5.04446 -2.29405 -0.663038 2.1131 8.93837 5.50859 0.239774 -6.36517 -3.22556 -2.28732 2.07401 3.44411 9.59615 -8.57994 -5.67619 -3.28357 0.29228 2.22745 5.70776 10.9226 -8.26566 -8.29802 -3.27492 -3.1601 2.55015 6.21872 16.3228 -10.4383 -5.89443 -3.13067 5.66663 1.70558
87.66 3.185 14.077 -9.92908 -4.22579 -2.60922 2.57063 2.51789 11.8075 15.3082 -2.6044 -5.30671 -1.76316 0.771706 2.47662 11.9244 9.39669 1.57269 -5.0364 -2.15738 -0.418776 2.15536 9.44091 5.544 1.07204 -6.25709 -3.07121 -2.31206 2.05831 3.34194 9.16297 -8.13019 -5.66346 -3.29654 0.126496 2.19686 5.51734 10.6064 -8.19444 -8.32085 -3.32567 -3.18897 2.50111 6.06175 16.2204 -10.448 -5.8951 -3.15481 5.66607 1.70423
87.71 2.41789 13.8435 -10.7331 -4.27691 -2.71604 2.54425 2.50605 11.471 16.0595 -3.14949 -5.35715 -1.74515 1.01855 2.53435 12.3545 10.7572 0.480628 -5.07435 -2.04184 -0.149538 2.20519 9.91779 5.71632 1.7118 -6.15169 -2.90104 -2.30975 2.05229 3.3731 8.65713 -7.51473 -5.63487 -3.30718 -0.0317056 2.16738 5.31068 10.2807 -8.06411 -8.33398 -3.37081 -3.21707 2.45213 5.90296 16.1172 -10.4579 -5.89586 -3.17757 5.66473 1.70163
87.76 1.83589 13.6116 -11.4029 -4.32519 -2.80384 2.49633 2.48844 11.0528 16.6776 -3.63318 -5.40255 -1.74135 1.21578 2.58996 12.7231 12.1203 -0.691385 -5.13543 -1.94703 0.13804 2.26074 10.4199 6.00485 2.19377 -6.05027 -2.72461 -2.27484 2.05695 3.58555 8.0631 -6.69211 -5.58639 -3.31535 -0.179522 2.13906 5.08197 9.9336 -7.85842 -8.33573 -3.41096 -3.24425 2.40359 5.73826 16.0143 -10.4677 -5.89665 -3.19892 5.66271 1.69792
87.81 1.39651 13.3733 -11.9584 -4.37052 -2.87636 2.43079 2.46667 10.5656 17.1556 -4.0881 -5.44428 -1.75506 1.36549 2.64239 12.9944 13.3518 -1.68923 -5.19873 -1.87091 0.438475 2.32022 10.9348 6.4005 2.53715 -5.95463 -2.55138 -2.20118 2.07277 4.13009 7.39222 -5.63402 -5.51746 -3.32065 -0.313463 2.11199 4.83411 9.54954 -7.55189 -8.32395 -3.44657 -3.27043 2.35585 5.56213 15.9125 -10.4775 -5.89743 -3.21889 5.66012 1.69322
87.86 1.06559 13.123 -12.4166 -4.41287 -2.93659 2.34997 2.44191 10.0263 17.4727 -4.53804 -5.48348 -1.79194 1.47485 2.6903 13.1218 14.4269 -2.49351 -5.25679 -1.81087 0.746282 2.38206 11.4424 6.92249 2.73814 -5.86787 -2.39039 -2.08265 2.09945 5.28324 6.69696 -4.322 -5.43294 -3.32126 -0.429035 2.08627 4.59346 9.10839 -7.1057 -8.29584 -3.47784 -3.29553 2.30931 5.36714 15.8124 -10.4871 -5.8982 -3.23757 5.65703 1.68764
87.91 0.816706 12.8576 -12.7912 -4.45233 -2.98687 2.25507 2.41509 9.45876 17.6001 -4.99747 -5.52098 -1.85835 1.54997 2.73189 13.0605 15.3578 -3.15745 -5.30777 -1.76445 1.05441 2.44495 11.9284 7.63233 2.74606 -5.79643 -2.24752 -1.91438 2.13595 6.95471 6.07858 -2.84134 -5.34027 -3.30582 -0.520165 2.0622 4.43629 8.58754 -6.46474 -8.24756 -3.50474 -3.3195 2.26445 5.14377 15.7142 -10.4964 -5.89904 -3.25505 5.65353 1.68131
87.96 0.629665 12.5771 -13.093 -4.48903 -3.02904 2.14666 2.3869 8.89153 17.5197 -5.46876 -5.55739 -1.95677 1.59454 2.76504 12.7794 16.1609 -3.73777 -5.35176 -1.72983 1.35172 2.50783 12.3831 8.59019 2.42159 -5.75396 -2.12514 -1.69855 2.18067 8.38077 5.73087 -1.45889 -5.24543 -3.23513 -0.578132 2.0412 4.55137 7.97341 -5.56017 -8.17489 -3.52687 -3.34229 2.22148 4.88183 15.6183 -10.5054 -5.90022 -3.27145 5.64968 1.67441
88.01 0.489158 12.2837 -13.3299 -4.52317 -3.06458 2.02522 2.35786 8.35215 17.2426 -5.94074 -5.59307 -2.08146 1.61043 2.78785 12.2682 16.8479 -4.27955 -5.38977 -1.70649 1.62045 2.5698 12.7986 9.81775 1.5989 -5.75829 -2.02325 -1.4456 2.23178 9.29298 5.78049 -0.332147 -5.15182 -3.08909 -0.590791 2.02661 5.27169 7.28568 -4.32977 -8.07781 -3.54261 -3.36384 2.18032 4.5761 15.5249 -10.5141 -5.90237 -3.28681 5.64555 1.66723
88.06 0.383618 11.9812 -13.5069 -4.55493 -3.09464 1.89156 2.32839 7.86236 16.8086 -6.39358 -5.62819 -2.21993 1.59862 2.79932 11.5508 17.418 -4.81346 -5.42334 -1.69674 1.84145 2.62998 13.1649 11.204 0.423207 -5.80629 -1.9405 -1.16756 2.28743 9.95091 6.17565 0.523951 -5.06161 -2.90086 -0.545766 2.02187 6.60723 6.60192 -2.84469 -7.96256 -3.54414 -3.384 2.14104 4.23593 15.4346 -10.5223 -5.9059 -3.30111 5.64119 1.66017
88.11 0.304323 11.6736 -13.6266 -4.58443 -3.12018 1.74704 2.2988 7.43403 16.2676 -6.80856 -5.66279 -2.35913 1.55998 2.79966 10.7044 17.8467 -5.35232 -5.45405 -1.70869 2.00807 2.68717 13.4608 12.5391 -0.714249 -5.87212 -1.87469 -0.874921 2.34596 10.5289 6.83815 1.1103 -4.9783 -2.70112 -0.438929 2.029 7.85554 6.06785 -1.40068 -7.83765 -3.50652 -3.40224 2.10443 3.89595 15.3483 -10.53 -5.9101 -3.31426 5.63666 1.65345
88.16 0.244711 11.3638 -13.689 -4.61169 -3.14195 1.59332 2.26935 7.06764 15.6666 -7.17487 -5.69686 -2.49009 1.49583 2.79002 9.86188 18.0805 -5.88817 -5.48321 -1.75699 2.12567 2.73934 13.6461 13.726 -1.64777 -5.93943 -1.82316 -0.57762 2.40597 11.0729 7.69405 1.37487 -4.9098 -2.5085 -0.277182 2.04864 8.66536 5.78634 -0.19308 -7.70935 -3.41061 -3.41731 2.07244 3.61136 15.2669 -10.5371 -5.91423 -3.3261 5.632 1.64695
88.21 0.199857 11.0525 -13.6915 -4.63648 -3.16056 1.43215 2.24021 6.75523 15.0478 -7.48992 -5.73045 -2.60846 1.40827 2.77198 9.14175 18.0814 -6.39837 -5.51175 -1.85035 2.2018 2.78348 13.67 14.7576 -2.3919 -6.00284 -1.78346 -0.288088 2.46639 11.5878 8.73939 1.18259 -4.87121 -2.33415 -0.0713216 2.08025 9.20303 5.71588 0.760187 -7.58088 -3.27208 -3.42782 2.04732 3.41824 15.191 -10.5434 -5.91808 -3.33657 5.62727 1.64055
88.26 0.16607 10.7377 -13.6289 -4.65837 -3.17652 1.26509 2.21153 6.48501 14.4445 -7.75634 -5.7637 -2.71311 1.30017 2.74721 8.57221 17.8777 -6.86035 -5.54016 -1.97805 2.24248 2.81671 13.4977 15.6499 -3.00167 -6.06083 -1.75358 -0.0238802 2.52641 12.0671 10.0094 0.421233 -4.87831 -2.18353 0.168657 2.12235 9.66514 5.79382 1.49736 -7.45393 -3.11081 -3.4328 2.03076 3.31926 15.1209 -10.5486 -5.92157 -3.34567 5.62252 1.63422
88.31 0.140596 10.4144 -13.4922 -4.67651 -3.19021 1.09349 2.18342 6.24469 13.8769 -7.97875 -5.79682 -2.80461 1.1748 2.71722 8.12214 17.533 -7.2623 -5.5685 -2.1203 2.2525 2.83763 13.1254 16.4195 -3.52837 -6.11335 -1.73214 0.198237 2.5854 12.494 11.3944 -0.676628 -4.92242 -2.05793 0.434417 2.17291 10.1464 5.98982 2.05871 -7.3299 -2.93753 -3.43165 2.02397 3.30405 15.0566 -10.5524 -5.92472 -3.3535 5.61779 1.628
88.36 0.121394 10.0739 -13.2675 -4.68957 -3.20195 0.918511 2.15596 6.02275 13.3532 -8.16179 -5.83 -2.88424 1.03535 2.6833 7.75518 17.099 -7.60344 -5.59659 -2.26193 2.23577 2.84648 12.5717 17.0759 -4.01205 -6.16115 -1.7188 0.374214 2.64281 12.8334 12.7041 -1.72798 -4.97786 -1.95587 0.718778 2.22979 10.6544 6.28181 2.47305 -7.2104 -2.76081 -3.42397 2.0278 3.36091 14.9978 -10.5547 -5.92752 -3.36015 5.61312 1.62197
88.41 0.106981 9.70362 -12.9338 -4.69547 -3.21196 0.741247 2.12922 5.80845 12.8742 -8.30902 -5.86332 -2.95354 0.884653 2.64649 7.4455 16.6074 -7.88963 -5.62415 -2.39472 2.19534 2.84448 11.8675 17.616 -4.4819 -6.20518 -1.71519 0.509766 2.69809 13.0316 13.8626 -2.60785 -5.03121 -1.87453 1.01492 2.29093 11.1666 6.6443 2.75565 -7.09751 -2.5904 -3.40976 2.04255 3.47738 14.9444 -10.555 -5.92999 -3.36573 5.60854 1.61618
88.46 0.0963686 9.28568 -12.4603 -4.69115 -3.22037 0.562799 2.10325 5.591 12.4362 -8.42252 -5.89675 -3.01398 0.725095 2.60767 7.17641 16.0767 -8.12918 -5.65092 -2.51526 2.13345 2.83324 11.0612 18.0155 -4.95614 -6.24633 -1.72697 0.611447 2.75042 13.0313 14.8681 -3.34769 -5.07894 -1.81085 1.31572 2.35458 11.6648 7.05828 2.90827 -6.99396 -2.43448 -3.38947 2.06774 3.64075 14.8963 -10.5534 -5.93213 -3.37029 5.60408 1.61066
88.51 0.0891432 8.7977 -11.8074 -4.67251 -3.22724 0.384394 2.07809 5.35879 12.0332 -8.50282 -5.93007 -3.0669 0.558667 2.56749 6.93701 15.5211 -8.33046 -5.67674 -2.62274 2.05175 2.81443 10.2325 18.2227 -5.43953 -6.28542 -1.76575 0.683193 2.79838 12.7859 15.7356 -4.00802 -5.1208 -1.76237 1.61328 2.41931 12.1366 7.5197 2.91813 -6.90342 -2.29758 -3.36397 2.10219 3.84116 14.8534 -10.5498 -5.93397 -3.3739 5.59976 1.60543
88.56 0.0860712 8.21933 -10.9397 -4.63528 -3.23252 0.207457 2.05377 5.09952 11.6581 -8.54881 -5.96289 -3.11349 0.387081 2.52651 6.71975 14.9569 -8.50068 -5.70158 -2.71767 1.9517 2.78956 9.47718 18.1798 -5.92197 -6.32322 -1.84399 0.725952 2.83958 12.2694 16.4778 -4.63933 -5.15758 -1.728 1.89885 2.48391 12.5732 8.0416 2.75519 -6.83093 -2.18094 -3.33436 2.14431 4.07451 14.8157 -10.5443 -5.93552 -3.37656 5.5956 1.60052
88.61 0.0916281 7.55041 -9.86252 -4.5778 -3.23614 0.033655 2.03034 4.80342 11.3033 -8.55768 -5.99457 -3.15467 0.211889 2.48513 6.51885 14.4027 -8.64544 -5.72556 -2.80111 1.83502 2.75994 8.84912 17.8776 -6.38365 -6.3604 -1.96093 0.73872 2.87114 11.5085 17.0939 -5.26873 -5.19048 -1.70998 2.16257 2.54727 12.9667 8.65221 2.37218 -6.78318 -2.08374 -3.30179 2.19233 4.344 14.7835 -10.537 -5.93679 -3.37822 5.59163 1.59592
88.66 0.123578 6.8272 -8.65204 -4.50385 -3.23801 -0.135083 2.00783 4.47008 10.9607 -8.52453 -6.0242 -3.19117 0.0345852 2.44371 6.32955 13.8735 -8.76862 -5.7489 -2.8743 1.70382 2.72666 8.34298 17.3704 -6.80571 -6.39749 -2.10117 0.720515 2.89103 10.6249 17.5567 -5.89169 -5.22072 -1.71727 2.39348 2.60797 13.3059 9.38209 1.72632 -6.76723 -2.00418 -3.26733 2.24457 4.6592 14.7576 -10.5281 -5.93781 -3.37871 5.58786 1.59165
88.71 0.24292 6.10567 -7.41085 -4.42095 -3.2382 -0.296553 1.98629 4.1126 10.6218 -8.44175 -6.05062 -3.22349 -0.143324 2.40254 6.14745 13.3783 -8.87239 -5.77183 -2.93851 1.56047 2.69064 7.9312 16.7384 -7.17749 -6.43482 -2.24757 0.672045 2.89879 9.80021 17.8159 -6.47918 -5.24947 -1.76422 2.58072 2.66368 13.5703 10.2267 0.848528 -6.78521 -1.94016 -3.2319 2.29957 5.02878 14.7394 -10.518 -5.93859 -3.37763 5.58431 1.58773
88.76 0.621743 5.42827 -6.17648 -4.33565 -3.23685 -0.448253 1.96575 3.75256 10.2765 -8.29782 -6.07241 -3.25195 -0.320284 2.3619 5.96813 12.9195 -8.9574 -5.79459 -2.99493 1.40724 2.65262 7.58837 16.0568 -7.49706 -6.47262 -2.38876 0.59604 2.89524 9.14364 17.855 -7.00196 -5.2776 -1.85466 2.71749 2.71128 13.7332 11.1199 -0.115032 -6.82956 -1.88962 -3.1963 2.35615 5.44638 14.7321 -10.507 -5.93912 -3.37424 5.58105 1.58418
88.81 1.61318 4.81447 -4.87625 -4.25167 -3.23417 -0.587303 1.94623 3.41227 9.91224 -8.07532 -6.08788 -3.27685 -0.494694 2.32219 5.78663 12.496 -9.02293 -5.8173 -3.04462 1.24612 2.6132 7.29578 15.3795 -7.76796 -6.51108 -2.51904 0.496499 2.88186 8.64482 17.7213 -7.4471 -5.30562 -1.97443 2.80438 2.74819 13.7752 11.9813 -1.00921 -6.88884 -1.8505 -3.16114 2.41334 5.88588 14.7404 -10.4954 -5.93938 -3.36733 5.57812 1.58105
88.86 3.49396 4.2703 -3.41696 -4.17057 -3.23004 -0.710264 1.92775 3.11306 9.51226 -7.74787 -6.09459 -3.29843 -0.664926 2.28393 5.59679 12.1038 -9.06704 -5.83998 -3.08855 1.07877 2.57291 7.04017 14.7374 -7.99599 -6.55033 -2.63641 0.37774 2.86034 8.25218 17.4769 -7.81677 -5.33358 -2.10565 2.8476 2.77336 13.6894 12.7666 -1.76906 -6.95533 -1.82094 -3.12691 2.47035 6.31499 14.7707 -10.4834 -5.93933 -3.35536 5.57564 1.57845
88.91 5.76445 3.80866 -1.91664 -4.09277 -3.22087 -0.812787 1.91038 2.88356 9.05507 -7.27644 -6.08803 -3.31691 -0.829352 2.24757 5.39066 11.7374 -9.08674 -5.86253 -3.12755 0.906549 2.53216 6.81205 14.1441 -8.187 -6.59041 -2.7408 0.243824 2.8323 7.92568 17.1655 -8.12072 -5.36124 -2.23627 2.85507 2.78709 13.4771 13.4631 -2.4 -7.02543 -1.79938 -3.09398 2.52653 6.70891 14.8301 -10.4715 -5.93889 -3.33676 5.57377 1.57657
88.96 7.66712 3.51953 -0.561416 -4.01813 -3.18176 -0.888855 1.89473 2.79116 8.51702 -6.60795 -6.06255 -3.33237 -0.986366 2.21319 5.15825 11.3904 -9.07783 -5.8847 -3.16237 0.730629 2.49131 6.60432 13.6028 -8.34585 -6.63122 -2.83306 0.0983364 2.79915 7.64203 16.8123 -8.37072 -5.38827 -2.35986 2.83402 2.79045 13.1449 14.0713 -2.93296 -7.09757 -1.78475 -3.06261 2.58137 7.05408 14.9239 -10.4599 -5.938 -3.31044 5.57269 1.57564
89.01 8.87333 3.574 0.595745 -3.94603 -3.06741 -0.929433 1.8834 3.01857 7.88514 -5.68052 -6.01421 -3.34477 -1.13438 2.18055 4.88937 11.0556 -9.03469 -5.90619 -3.19358 0.552112 2.4507 6.41131 13.1113 -8.47593 -6.67252 -2.9144 -0.0556165 2.76208 7.38845 16.4308 -8.57783 -5.41434 -2.47356 2.79014 2.78485 12.7028 14.5944 -3.40132 -7.17103 -1.77663 -3.03304 2.63441 7.3464 15.0543 -10.4489 -5.93659 -3.27626 5.57262 1.57596
89.06 9.51704 3.94249 1.56479 -3.87575 -2.89549 -0.92281 1.88041 3.88188 7.1794 -4.43974 -5.94394 -3.35371 -1.27177 2.14941 4.57953 10.7252 -8.94966 -5.92675 -3.22166 0.372146 2.41076 6.22811 12.6647 -8.57907 -6.71388 -2.98612 -0.215339 2.72209 7.15768 16.0278 -8.75139 -5.43915 -2.57641 2.72761 2.77173 12.1622 15.0341 -3.83379 -7.24542 -1.77563 -3.00546 2.68523 7.58758 15.2198 -10.4386 -5.93459 -3.23511 5.57376 1.57781
89.11 9.85669 4.5163 2.36595 -3.80708 -2.71309 -0.858257 1.88815 5.40474 6.46058 -2.94592 -5.85824 -3.35675 -1.39683 2.11965 4.2377 10.3902 -8.81205 -5.94554 -3.24688 0.192011 2.37197 6.05008 12.2565 -8.65564 -6.75474 -3.04947 -0.378475 2.67998 6.94517 15.6068 -8.8988 -5.46251 -2.6685 2.64928 2.75245 11.5374 15.3853 -4.25326 -7.32048 -1.7842 -2.98015 2.73333 7.78122 15.4153 -10.4289 -5.932 -3.18871 5.57628 1.58143
89.16 10.0416 5.22695 3.01254 -3.74049 -2.54472 -0.733159 1.90689 6.88999 5.82462 -1.48314 -5.76496 -3.3422 -1.50743 2.09155 3.8906 10.0395 -8.60652 -5.95998 -3.26939 0.0131687 2.33462 5.87242 11.8798 -8.70469 -6.79436 -3.10556 -0.542948 2.63639 6.74755 15.1702 -9.0257 -5.48429 -2.75042 2.55689 2.72825 10.8515 15.6316 -4.67657 -7.39599 -1.80796 -2.95753 2.7779 7.92914 15.633 -10.4201 -5.92879 -3.13942 5.58027 1.58698
89.21 10.1447 5.99707 3.50126 -3.67754 -2.39866 -0.555607 1.93565 7.90116 5.3802 -0.250447 -5.66956 -3.28864 -1.60052 2.06623 3.58385 9.65897 -8.31071 -5.96661 -3.28922 -0.162716 2.29865 5.68959 11.5272 -8.72387 -6.8319 -3.15539 -0.706934 2.59187 6.56194 14.7212 -9.13614 -5.50447 -2.82301 2.45143 2.70016 10.1455 15.7411 -5.11277 -7.4718 -1.85633 -2.93842 2.81762 8.02854 15.8629 -10.412 -5.92502 -3.09002 5.58576 1.5945
89.26 10.2029 6.77772 3.80269 -3.62159 -2.27607 -0.337137 1.97285 8.51786 5.15271 0.731042 -5.57469 -3.1925 -1.67186 2.04561 3.3685 9.22965 -7.89221 -5.96153 -3.30638 -0.333789 2.26389 5.49473 11.191 -8.70937 -6.86634 -3.19981 -0.868839 2.54688 6.38554 14.266 -9.23271 -5.52312 -2.88719 2.33345 2.66908 9.47288 15.6804 -5.56025 -7.54773 -1.93865 -2.92406 2.85042 8.07186 16.0919 -10.4047 -5.92079 -3.04382 5.59265 1.60393
89.31 10.2361 7.57388 3.85083 -3.57877 -2.17521 -0.0878225 2.01673 8.92933 5.0917 1.49995 -5.48143 -3.0697 -1.71629 2.03148 3.28583 8.72877 -7.30733 -5.94008 -3.32083 -0.498029 2.23027 5.27921 10.8631 -8.6554 -6.89655 -3.23957 -1.02728 2.50182 6.21536 13.8135 -9.3168 -5.54043 -2.9439 2.20355 2.63575 8.87413 15.4468 -6.0062 -7.62356 -2.05539 -2.91588 2.87388 8.05258 16.3049 -10.3985 -5.91629 -3.00446 5.60073 1.615
89.36 10.2549 8.43776 3.53498 -3.55898 -2.09342 0.184643 2.06562 9.26348 5.15581 2.10084 -5.39033 -2.93432 -1.72775 2.02496 3.39906 8.13782 -6.50701 -5.89786 -3.33248 -0.653239 2.19779 5.03362 10.5344 -8.55333 -6.92125 -3.27526 -1.18109 2.45703 6.04806 13.3728 -9.38858 -5.55664 -2.99403 2.06268 2.60076 8.36129 15.0801 -6.43174 -7.69893 -2.19554 -2.91488 2.8862 7.97324 16.487 -10.3937 -5.91178 -2.97515 5.60964 1.62727
89.41 10.2652 9.43708 2.73586 -3.5739 -2.02804 0.474396 2.11799 9.59332 5.33946 2.56991 -5.30192 -2.79337 -1.69926 2.02673 3.87633 7.46243 -5.4487 -5.83367 -3.34103 -0.797008 2.16652 4.75222 10.1943 -8.39033 -6.93901 -3.30733 -1.32923 2.41286 5.87973 12.9506 -9.44722 -5.57203 -3.03841 1.91224 2.56463 7.92819 14.6371 -6.82004 -7.77327 -2.34418 -2.92117 2.88686 7.84604 16.6274 -10.3905 -5.90751 -2.95778 5.61894 1.64013
89.46 10.2689 10.564 1.49637 -3.62487 -1.97674 0.776466 2.17255 9.95872 5.67629 2.93037 -5.21696 -2.64948 -1.62307 2.03724 4.99666 6.74889 -4.10859 -5.75198 -3.34513 -0.926569 2.13656 4.44162 9.82951 -8.14704 -6.94823 -3.33605 -1.47083 2.36972 5.70552 12.55 -9.4909 -5.58683 -3.07781 1.75387 2.52774 7.56258 14.1657 -7.16136 -7.84591 -2.48972 -2.93404 2.87655 7.68692 16.7218 -10.3891 -5.90369 -2.95238 5.62814 1.65291
89.51 10.2616 11.695 0.0963996 -3.69552 -1.93752 1.08574 2.22816 10.3628 6.21481 3.18526 -5.13716 -2.50496 -1.49285 2.05679 6.58693 6.08396 -2.60705 -5.6605 -3.33662 -1.03848 2.1082 4.1292 9.42294 -7.79451 -6.94598 -3.36152 -1.60511 2.32804 5.51924 12.1714 -9.51696 -5.60121 -3.1129 1.58923 2.49042 7.25131 13.697 -7.45286 -7.91615 -2.62554 -2.95238 2.85668 7.51011 16.7713 -10.3895 -5.90046 -2.95755 5.63681 1.665
89.56 10.2206 12.7236 -1.23143 -3.76976 -1.90915 1.39582 2.2839 10.783 6.94855 3.30129 -5.06664 -2.3643 -1.31049 2.08538 7.90323 5.60794 -1.22581 -5.56567 -3.28851 -1.12789 2.08244 3.87583 8.95289 -7.29111 -6.92727 -3.38369 -1.73131 2.288 5.31277 11.813 -9.52189 -5.61522 -3.14431 1.41983 2.45296 6.98235 13.2477 -7.69598 -7.98329 -2.7489 -2.97495 2.82892 7.32602 16.7813 -10.3919 -5.89787 -2.97113 5.6446 1.67589
89.61 10.0808 13.6092 -2.42873 -3.84097 -1.89301 1.69739 2.33887 11.1956 7.84144 3.18368 -5.0144 -2.23307 -1.08592 2.12255 8.72183 5.41221 -0.0971215 -5.47109 -3.18222 -1.18768 2.06164 3.79283 8.39722 -6.58322 -6.88695 -3.40238 -1.84871 2.24945 5.07614 11.4708 -9.5013 -5.62885 -3.17254 1.24698 2.41563 6.74552 12.8252 -7.8939 -8.04666 -2.85931 -3.00059 2.79487 7.14142 16.7583 -10.3959 -5.89596 -2.99077 5.65129 1.68525
89.66 9.70661 14.3214 -3.54537 -3.90781 -1.89723 1.97608 2.39192 11.58 8.91629 2.66444 -4.99612 -2.11569 -0.830215 2.16728 9.26311 5.45363 0.786773 -5.37829 -3.03627 -1.20904 2.04839 4.06119 7.74888 -5.61379 -6.82211 -3.41721 -1.95654 2.2123 4.79999 11.1398 -9.44964 -5.64206 -3.19805 1.07181 2.37871 6.53248 12.4307 -8.04987 -8.10562 -2.95738 -3.02833 2.75595 6.9603 16.7095 -10.4015 -5.89466 -3.01433 5.65677 1.69286
89.71 8.90817 14.7831 -4.69096 -3.97081 -1.94484 2.21175 2.44083 11.9084 10.2041 1.64822 -5.02463 -2.01474 -0.552313 2.21811 9.73188 5.70093 1.46476 -5.28818 -2.87144 -1.18227 2.04447 4.96053 7.03898 -4.33912 -6.7352 -3.42691 -2.05392 2.17657 4.48233 10.8135 -9.35973 -5.65489 -3.22111 0.895407 2.34258 6.33632 12.0623 -8.16628 -8.15955 -3.04422 -3.05736 2.71337 6.78464 16.6413 -10.4083 -5.89392 -3.04009 5.66098 1.69867
89.76 7.62104 14.882 -5.9563 -4.03112 -2.06729 2.38694 2.48119 12.132 11.5726 0.408258 -5.08602 -1.9311 -0.258999 2.27331 10.2175 6.17793 1.96294 -5.20229 -2.69857 -1.09852 2.05095 6.44827 6.34792 -2.84131 -6.63368 -3.42465 -2.13972 2.14251 4.13692 10.4846 -9.22195 -5.66677 -3.24191 0.718876 2.30766 6.15116 11.716 -8.24427 -8.20781 -3.12106 -3.08705 2.66811 6.61502 16.5591 -10.4161 -5.89365 -3.06672 5.66397 1.7027
89.81 6.11515 14.6975 -7.26691 -4.08964 -2.24151 2.49892 2.50798 12.2034 12.8444 -0.707393 -5.15542 -1.86432 0.0438183 2.33117 10.7232 6.87895 2.27051 -5.12439 -2.52628 -0.956573 2.06839 7.79537 5.81602 -1.40931 -6.52544 -3.38552 -2.21214 2.11099 3.80084 10.1434 -9.02288 -5.67545 -3.26048 0.543466 2.27415 5.97158 11.3866 -8.28345 -8.24974 -3.1891 -3.11692 2.62098 6.45102 16.4673 -10.4247 -5.89377 -3.09327 5.66581 1.70501
89.86 4.73499 14.4391 -8.47044 -4.1465 -2.40993 2.55717 2.52037 12.1274 13.9583 -1.6057 -5.22156 -1.81308 0.348812 2.39029 11.2271 7.75899 2.31245 -5.06304 -2.36369 -0.764977 2.09665 8.6572 5.55065 -0.22099 -6.41562 -3.28722 -2.26812 2.08411 3.5322 9.7776 -8.74329 -5.67799 -3.27681 0.370643 2.24193 5.79212 11.0679 -8.28156 -8.28457 -3.24943 -3.14657 2.57267 6.29139 16.3693 -10.4339 -5.89417 -3.11911 5.6666 1.70574
89.91 3.6144 14.1878 -9.50714 -4.20131 -2.55233 2.57394 2.52086 11.932 14.9157 -2.32084 -5.28138 -1.77588 0.643938 2.44952 11.7115 8.82711 1.9322 -5.03402 -2.21786 -0.535005 2.13482 9.2194 5.50863 0.714663 -6.30667 -3.14511 -2.30371 2.06443 3.37356 9.37044 -8.35554 -5.67101 -3.29084 0.202166 2.21084 5.60674 10.7528 -8.23391 -8.31144 -3.303 -3.17574 2.52374 6.13416 16.2678 -10.4435 -5.89478 -3.14384 5.66644 1.70501
89.96 2.74584 13.9505 -10.3802 -4.25367 -2.66939 2.5594 2.51234 11.637 15.7296 -2.90806 -5.3346 -1.7518 0.91051 2.50794 12.1622 10.1163 1.0208 -5.05218 -2.09248 -0.276357 2.18138 9.69549 5.62148 1.43812 -6.1999 -2.98083 -2.31451 2.05379 3.34054 8.9008 -7.82201 -5.65032 -3.30257 0.0401522 2.18083 5.40847 10.4328 -8.13243 -8.32922 -3.35064 -3.20422 2.47469 5.97666 16.1648 -10.4533 -5.8955 -3.16725 5.66544 1.70298
90.01 2.08422 13.7189 -11.1093 -4.30328 -2.76545 2.52081 2.49717 11.2551 16.4092 -3.41543 -5.38215 -1.74118 1.13108 2.56464 12.5627 11.5033 -0.164593 -5.10611 -1.98829 0.00348928 2.23453 10.1854 5.85822 1.98945 -6.09646 -2.80618 -2.29538 2.05343 3.45889 8.34821 -7.09941 -5.61138 -3.31191 -0.11284 2.15197 5.19035 10.0972 -7.96401 -8.33646 -3.39303 -3.23183 2.4259 5.81527 16.0616 -10.4632 -5.89629 -3.18925 5.66372 1.69976
90.06 1.58381 13.4844 -11.7153 -4.34998 -2.8446 2.46302 2.47715 10.7979 16.9536 -3.88015 -5.42541 -1.74625 1.3019 2.61868 12.8842 12.8032 -1.25505 -5.16995 -1.90386 0.298646 2.29241 10.6971 6.20452 2.39555 -5.99787 -2.63025 -2.24036 2.06409 3.82142 7.7088 -6.15268 -5.5516 -3.31862 -0.253669 2.12431 4.9499 9.73244 -7.70791 -8.33123 -3.43069 -3.25848 2.37775 5.64521 15.9592 -10.473 -5.89707 -3.20985 5.66138 1.6955
90.11 1.20658 13.2402 -12.2164 -4.39371 -2.91017 2.38904 2.45364 10.2801 17.3483 -4.32998 -5.46565 -1.77163 1.42898 2.66887 13.084 13.95 -2.14367 -5.23085 -1.83673 0.60379 2.35334 11.2102 6.66286 2.66479 -5.90649 -2.46266 -2.14328 2.08585 4.66129 7.01571 -4.95849 -5.47338 -3.32185 -0.378355 2.09795 4.70032 9.3204 -7.33196 -8.31104 -3.46395 -3.28409 2.3306 5.45998 15.8583 -10.4827 -5.89785 -3.22911 5.65851 1.69031
90.16 0.922719 12.982 -12.628 -4.43449 -2.96479 2.30054 2.42767 9.72223 17.5666 -4.78393 -5.50385 -1.82374 1.51929 2.71363 13.1146 14.9453 -2.86484 -5.28516 -1.7843 0.912832 2.41589 11.7076 7.27705 2.77282 -5.82682 -2.31094 -1.99827 2.11799 6.16419 6.34427 -3.52943 -5.38358 -3.31671 -0.481648 2.07305 4.49014 8.83898 -6.78871 -8.27264 -3.49289 -3.30858 2.28491 5.25099 15.7592 -10.4922 -5.89863 -3.24713 5.65519 1.68431
90.21 0.709322 12.7083 -12.9623 -4.47244 -3.0105 2.19831 2.40003 9.15127 17.5827 -5.25034 -5.5407 -1.90755 1.57763 2.75094 12.9376 15.8054 -3.47732 -5.3323 -1.7444 1.21691 2.47889 12.1778 8.11494 2.62529 -5.76872 -2.179 -1.80345 2.15914 7.79249 5.8437 -2.06928 -5.28917 -3.27759 -0.55622 2.05033 4.44519 8.2681 -6.0148 -8.21159 -3.51731 -3.33193 2.24107 5.00798 15.6623 -10.5013 -5.8996 -3.26402 5.65149 1.67765
90.26 0.548993 12.4204 -13.2283 -4.50773 -3.04893 2.08281 2.37133 8.59589 17.3927 -5.72415 -5.57669 -2.02139 1.6066 2.77871 12.5321 16.5451 -4.03214 -5.3729 -1.7158 1.50141 2.54138 12.6123 9.22029 2.04265 -5.74981 -2.06776 -1.56608 2.20753 8.92144 5.71004 -0.817562 -5.1947 -3.16413 -0.591446 2.03229 4.84469 7.60866 -4.93926 -8.12534 -3.53638 -3.35406 2.19908 4.72242 15.5676 -10.5101 -5.90121 -3.27985 5.64749 1.67055
90.31 0.428563 12.1216 -13.4325 -4.54057 -3.08139 1.95465 2.34201 8.08107 17.0251 -6.18844 -5.61206 -2.15525 1.60746 2.79545 11.9039 17.1704 -4.56691 -5.4083 -1.69921 1.74627 2.60251 13.003 10.5594 0.982351 -5.78032 -1.97641 -1.2982 2.26131 9.66365 5.95513 0.162003 -5.10264 -2.9906 -0.574263 2.02267 5.95252 6.90885 -3.54474 -8.01742 -3.54633 -3.37489 2.1589 4.39559 15.4758 -10.5185 -5.90413 -3.29465 5.64323 1.66339
90.36 0.338096 11.8159 -13.5785 -4.5711 -3.10891 1.81494 2.31245 7.62367 16.5273 -6.62277 -5.6469 -2.29553 1.58106 2.80083 11.1032 17.6695 -5.10321 -5.44014 -1.69964 1.93778 2.66127 13.3352 11.9391 -0.211528 -5.84096 -1.90311 -1.01109 2.31871 10.2677 6.50494 0.874926 -5.0155 -2.79328 -0.495626 2.02417 7.33175 6.28536 -2.04349 -7.89598 -3.5308 -3.39413 2.12088 4.04932 15.3876 -10.5265 -5.90815 -3.30835 5.63877 1.65651
90.41 0.270106 11.5068 -13.6674 -4.5994 -3.13233 1.66525 2.2829 7.2293 15.9484 -7.01229 -5.68121 -2.43108 1.52847 2.79561 10.2408 18.0006 -5.64266 -5.46988 -1.72925 2.07702 2.71608 13.5777 13.1984 -1.24356 -5.90869 -1.84531 -0.71463 2.37819 10.8255 7.27772 1.29951 -4.93877 -2.5956 -0.357925 2.03803 8.3403 5.88526 -0.717106 -7.76869 -3.46163 -3.41085 2.08647 3.73252 15.3038 -10.5339 -5.91236 -3.32081 5.63416 1.64993
90.46 0.218971 11.1963 -13.698 -4.62537 -3.15233 1.50731 2.2536 6.89332 15.333 -7.3509 -5.71501 -2.55556 1.4514 2.78123 9.45468 18.1096 -6.16786 -5.49862 -1.80194 2.17142 2.76433 13.6819 14.3002 -2.06885 -5.97422 -1.80044 -0.41966 2.43853 11.3542 8.23052 1.33916 -4.88407 -2.41183 -0.171072 2.06426 8.97416 5.72699 0.350043 -7.64003 -3.33975 -3.42361 2.05793 3.49522 15.2253 -10.5406 -5.91634 -3.33191 5.62946 1.64349
90.51 0.180472 10.8836 -13.6663 -4.64868 -3.16946 1.34278 2.22469 6.60519 14.7192 -7.63923 -5.74839 -2.66654 1.35238 2.75937 8.81762 17.9931 -6.65432 -5.52706 -1.91615 2.2278 2.80287 13.6025 15.2545 -2.73361 -6.03479 -1.76625 -0.141332 2.49882 11.8512 9.39757 0.838965 -4.86908 -2.24989 0.054303 2.10175 9.45288 5.74191 1.18144 -7.5122 -3.18718 -3.43123 2.03725 3.3538 15.1526 -10.5464 -5.92 -3.34164 5.62471 1.63713
90.56 0.151457 10.5651 -13.5652 -4.66868 -3.18416 1.17312 2.19631 6.35257 14.1335 -7.88132 -5.78155 -2.76397 1.23456 2.73161 8.3174 17.7057 -7.08463 -5.55544 -2.05403 2.25142 2.82953 13.3211 16.079 -3.29295 -6.08977 -1.74103 0.101631 2.55835 12.3053 10.7553 -0.157368 -4.89923 -2.11279 0.309117 2.14868 9.92018 5.88605 1.8195 -7.38665 -3.01844 -3.43297 2.02582 3.3014 15.0856 -10.5509 -5.92331 -3.35004 5.61996 1.63085
90.61 0.129577 10.2338 -13.3832 -4.68429 -3.19677 0.999561 2.16854 6.12352 13.5891 -8.082 -5.81468 -2.84889 1.10122 2.69936 7.916 17.3078 -7.45338 -5.58369 -2.19735 2.2466 2.84384 12.8479 16.7871 -3.79221 -6.13963 -1.72391 0.298516 2.61656 12.6909 12.117 -1.26279 -4.95208 -2.00018 0.585749 2.20291 10.4182 6.13684 2.29893 -7.26483 -2.84213 -3.42833 2.02468 3.32649 15.0242 -10.5539 -5.92627 -3.35723 5.61526 1.62473
90.66 0.113108 9.87913 -13.103 -4.69381 -3.20755 0.82322 2.14146 5.90702 13.0898 -8.24539 -5.84793 -2.92277 0.955391 2.66377 7.58245 16.8399 -7.76395 -5.61152 -2.33487 2.21677 2.84665 12.2085 17.3823 -4.26547 -6.18528 -1.71541 0.451808 2.6729 12.9615 13.348 -2.22286 -5.00721 -1.90967 0.877314 2.26232 10.9312 6.46985 2.64124 -7.1486 -2.66762 -3.41711 2.0344 3.41709 14.9684 -10.5551 -5.92889 -3.36329 5.61064 1.61882
90.71 0.100834 9.48571 -12.6985 -4.69465 -3.21669 0.645175 2.11513 5.6924 12.6335 -8.37429 -5.88132 -2.98711 0.799652 2.62578 7.29626 16.3254 -8.02394 -5.63868 -2.46128 2.16455 2.83946 11.4415 17.8514 -4.73621 -6.22766 -1.71902 0.568435 2.72672 13.0594 14.4224 -3.01998 -5.05768 -1.8382 1.17689 2.32501 11.4376 6.8616 2.85448 -7.04035 -2.50422 -3.39953 2.05488 3.56031 14.9179 -10.5544 -5.93118 -3.36831 5.60612 1.61317
90.76 0.0920476 9.03297 -12.1335 -4.68318 -3.22426 0.466587 2.08959 5.46851 12.2151 -8.46994 -5.91474 -3.04335 0.636165 2.58615 7.04427 15.7795 -8.24189 -5.66495 -2.57478 2.0918 2.82394 10.6111 18.1552 -5.21576 -6.2676 -1.74358 0.653697 2.77693 12.9319 15.3516 -3.70971 -5.10219 -1.78296 1.47698 2.3894 11.9229 7.30056 2.9328 -6.94328 -2.35821 -3.37631 2.08525 3.74455 14.8726 -10.5517 -5.93316 -3.37235 5.60173 1.60781
90.81 0.0868307 8.49808 -11.3678 -4.65497 -3.23029 0.288781 2.06488 5.22321 11.8281 -8.532 -5.94785 -3.09272 0.466759 2.54548 6.8176 15.217 -8.42563 -5.69024 -2.67539 2.00003 2.80169 9.81136 18.233 -5.70073 -6.3059 -1.80261 0.709872 2.8216 12.5414 16.1507 -4.34936 -5.14118 -1.74207 1.76923 2.4542 12.3767 7.79187 2.85449 -6.86173 -2.23224 -3.34846 2.12405 3.96276 14.8324 -10.5471 -5.93484 -3.37545 5.5975 1.60275
90.86 0.0873782 7.86872 -10.3821 -4.60672 -3.23468 0.113309 2.04103 4.94489 11.4649 -8.55846 -5.98015 -3.13629 0.293043 2.50424 6.60979 14.656 -8.58155 -5.7146 -2.76398 1.89077 2.77412 9.12233 18.0468 -6.17464 -6.34329 -1.90297 0.736646 2.85794 11.8844 16.8264 -4.9782 -5.17571 -1.71588 2.04433 2.51828 12.7911 8.35736 2.57958 -6.80165 -2.12626 -3.31711 2.16956 4.21472 14.7977 -10.5405 -5.93624 -3.37759 5.59344 1.598
90.91 0.10327 7.16394 -9.21984 -4.53955 -3.23736 -0.0580215 2.01809 4.62791 11.1177 -8.54545 -6.01085 -3.17488 0.116528 2.4628 6.4157 14.1137 -8.71432 -5.7382 -2.84174 1.76599 2.7424 8.56294 17.6248 -6.61688 -6.38037 -2.03478 0.732765 2.88337 11.0361 17.3654 -5.6067 -5.20703 -1.70985 2.29179 2.58043 13.1572 9.02952 2.05769 -6.77029 -2.03881 -3.2834 2.22005 4.50742 14.7687 -10.5324 -5.93737 -3.37865 5.58957 1.59358
90.96 0.169735 6.43496 -7.98231 -4.45981 -3.23831 -0.223135 1.99611 4.27919 10.7783 -8.48672 -6.03892 -3.20908 -0.0612919 2.42148 6.23081 13.6022 -8.82687 -5.76129 -2.90994 1.62795 2.70755 8.11117 17.0402 -7.01256 -6.41756 -2.18016 0.698028 2.89669 10.1631 17.7244 -6.21478 -5.23633 -1.73691 2.50038 2.6388 13.4593 9.8259 1.27497 -6.77297 -1.96789 -3.24831 2.27394 4.85146 14.7467 -10.5228 -5.93826 -3.37836 5.58592 1.5895
91.01 0.396619 5.73351 -6.74706 -4.37499 -3.23765 -0.379674 1.9751 3.91747 10.4373 -8.37274 -6.06303 -3.23928 -0.238886 2.38055 6.05078 13.1266 -8.92054 -5.7841 -2.96981 1.479 2.67036 7.73926 16.3733 -7.35601 -6.45512 -2.32476 0.634279 2.89819 9.4242 17.8624 -6.77014 -5.26466 -1.80816 2.66082 2.69053 13.6722 10.7076 0.328492 -6.80659 -1.91139 -3.2127 2.32993 5.24912 14.7339 -10.5122 -5.9389 -3.37615 5.58252 1.58577
91.06 1.05183 5.08912 -5.49236 -4.2901 -3.23557 -0.524946 1.95511 3.56542 10.0836 -8.18913 -6.08165 -3.26579 -0.414674 2.34036 5.87097 12.6872 -8.99522 -5.80683 -3.02247 1.32129 2.63152 7.42543 15.6889 -7.64871 -6.49325 -2.4605 0.545056 2.88914 8.85857 17.8002 -7.25157 -5.2927 -1.91678 2.77019 2.7326 13.7715 11.5917 -0.611803 -6.86025 -1.86725 -3.17727 2.38694 5.68258 14.7342 -10.5008 -5.93929 -3.37104 5.57942 1.58243
91.11 2.5264 4.51238 -4.10851 -4.20757 -3.23218 -0.655801 1.93615 3.24449 9.70243 -7.91408 -6.09282 -3.28888 -0.587036 2.30136 5.68584 12.2811 -9.04952 -5.82953 -3.06895 1.15663 2.59158 7.15414 15.028 -7.89576 -6.53212 -2.58392 0.434632 2.87117 8.42308 17.6001 -7.65513 -5.3207 -2.04463 2.83259 2.76322 13.7449 12.4151 -1.43596 -6.92407 -1.83349 -3.14256 2.44412 6.12021 14.7535 -10.4889 -5.93939 -3.36162 5.57672 1.57957
91.16 4.72578 4.00883 -2.59882 -4.12824 -3.22643 -0.768371 1.91824 2.97803 9.27458 -7.51484 -6.09307 -3.30876 -0.754341 2.26409 5.48835 11.9036 -9.08093 -5.85216 -3.11013 0.986507 2.55099 6.91434 14.4113 -8.10316 -6.57182 -2.69423 0.307231 2.84595 8.06985 17.3155 -7.98796 -5.34854 -2.17662 2.85558 2.78212 13.5904 13.153 -2.12326 -6.99278 -1.80841 -3.10899 2.50076 6.53272 14.7987 -10.477 -5.93915 -3.34625 5.57455 1.57733
91.21 6.86707 3.61945 -1.16254 -4.0522 -3.20681 -0.857549 1.90163 2.80891 8.77655 -6.94461 -6.07698 -3.32561 -0.914972 2.22881 5.26939 11.5485 -9.08581 -5.87454 -3.14679 0.812156 2.51014 6.69798 13.846 -8.27633 -6.61232 -2.79194 0.166667 2.81499 7.76852 16.9794 -8.26138 -5.3759 -2.30397 2.84687 2.7901 13.3124 13.8015 -2.69712 -7.0641 -1.79068 -3.07687 2.55627 6.90138 14.8761 -10.4652 -5.93847 -3.32357 5.57308 1.57593
91.26 8.40385 3.502 0.0865741 -3.97902 -3.13031 -0.915844 1.88782 2.85544 8.18797 -6.14444 -6.03944 -3.33945 -1.06733 2.19541 5.01843 11.209 -9.05927 -5.89638 -3.1796 0.634699 2.46937 6.49883 13.332 -8.41936 -6.65343 -2.87816 0.0162604 2.7796 7.50221 16.6097 -8.487 -5.40245 -2.42244 2.81291 2.78845 12.9197 14.3635 -3.19137 -7.13701 -1.77956 -3.04645 2.61019 7.21812 14.9896 -10.4539 -5.93731 -3.29297 5.57252 1.57564
91.31 9.27136 3.74214 1.13991 -3.90796 -2.9785 -0.932499 1.88054 3.38577 7.51104 -5.05255 -5.97876 -3.35008 -1.20983 2.1636 4.72734 10.8776 -8.99468 -5.91741 -3.20908 0.455252 2.42907 6.31168 12.8655 -8.53479 -6.69483 -2.95416 -0.141113 2.74085 7.26161 16.216 -8.67499 -5.42788 -2.53033 2.75856 2.77862 12.423 14.8418 -3.63719 -7.21101 -1.77511 -3.01792 2.6621 7.48247 15.1394 -10.4432 -5.93559 -3.25486 5.57308 1.57675
91.36 9.72587 4.23037 2.01617 -3.83854 -2.79644 -0.895684 1.88319 4.65573 6.78849 -3.65112 -5.89915 -3.35648 -1.3408 2.1332 4.39807 10.5459 -8.88289 -5.93722 -3.23559 0.275024 2.38969 6.13184 12.4404 -8.62366 -6.736 -3.02122 -0.302949 2.69962 7.04114 15.803 -8.83366 -5.45193 -2.62734 2.68724 2.76203 11.8349 15.235 -4.06018 -7.28579 -1.77879 -2.99152 2.71153 7.69762 15.3218 -10.4333 -5.93327 -3.21062 5.57494 1.57953
91.41 9.96974 4.88717 2.73324 -3.77088 -2.61986 -0.798039 1.89693 6.25431 6.10006 -2.13569 -5.8085 -3.35248 -1.45838 2.10425 4.04885 10.204 -8.71098 -5.95407 -3.25934 0.0953912 2.35167 5.95464 12.0501 -8.6856 -6.77629 -3.08052 -0.467046 2.65664 6.83703 15.3734 -8.96943 -5.47445 -2.71385 2.60117 2.73996 11.1733 15.5328 -4.48007 -7.36112 -1.79459 -2.96759 2.75785 7.86664 15.5304 -10.4241 -5.93034 -3.16235 5.57824 1.58417
91.46 10.1044 5.6388 3.29662 -3.70596 -2.46308 -0.643274 1.92124 7.49514 5.5569 -0.786562 -5.7136 -3.31913 -1.56 2.07744 3.71687 9.83928 -8.46016 -5.96475 -3.28041 -0.0820765 2.31508 5.77495 11.6873 -8.71894 -6.81491 -3.13312 -0.631468 2.61249 6.64623 14.9295 -9.08705 -5.49536 -2.79063 2.50166 2.71354 10.4703 15.71 -4.90981 -7.43681 -1.83027 -2.94673 2.80002 7.98914 15.7561 -10.4156 -5.92682 -3.11262 5.58304 1.59079
91.51 10.1801 6.41731 3.69015 -3.64622 -2.32977 -0.442284 1.95476 8.26954 5.23338 0.307565 -5.61829 -3.24126 -1.64197 2.05441 3.45369 9.43512 -8.10301 -5.96561 -3.2988 -0.255611 2.27978 5.5866 11.3445 -8.72056 -6.8509 -3.17994 -0.794517 2.56766 6.46594 14.4762 -9.18978 -5.5147 -2.85857 2.38939 2.68374 9.77573 15.7308 -5.35305 -7.5127 -1.89613 -2.93 2.8363 8.0594 15.9873 -10.4079 -5.92279 -3.0645 5.5893 1.59936
91.56 10.2231 7.20234 3.8661 -3.59635 -2.21919 -0.2061 1.99577 8.75522 5.10255 1.16877 -5.5242 -3.12858 -1.6995 2.03711 3.30473 8.97014 -7.60091 -5.95232 -3.3145 -0.423264 2.24564 5.38179 11.0138 -8.68567 -6.88322 -3.22177 -0.954716 2.52259 6.29328 14.0212 -9.27953 -5.5326 -2.91861 2.2649 2.65136 9.13973 15.5743 -5.80187 -7.58862 -1.99777 -2.9188 2.86436 8.06935 16.2096 -10.4012 -5.91839 -3.02154 5.59687 1.60971
91.61 10.2475 8.02624 3.7345 -3.56446 -2.12895 0.0565071 2.04255 9.11345 5.11194 1.84201 -5.43205 -2.99773 -1.72699 2.02697 3.31546 8.42207 -6.90586 -5.92011 -3.32746 -0.582923 2.21262 5.15117 10.6867 -8.60708 -6.91063 -3.25927 -1.1108 2.47763 6.1251 13.5741 -9.35703 -5.54928 -2.97167 2.12894 2.61707 8.5873 15.2621 -6.23922 -7.66426 -2.12896 -2.91442 2.88197 8.01669 16.4077 -10.3957 -5.91385 -2.98726 5.60545 1.62149
91.66 10.2613 8.95663 3.16839 -3.56217 -2.05632 0.338935 2.09349 9.43843 5.23868 2.36811 -5.34233 -2.85884 -1.71785 2.02485 3.59331 7.78244 -5.97123 -5.86585 -3.33751 -0.732287 2.18078 4.88643 10.3533 -8.47413 -6.93177 -3.29297 -1.26167 2.43313 5.95778 13.1428 -9.4219 -5.56502 -3.01861 1.98271 2.58141 8.11876 14.8475 -6.64638 -7.73915 -2.27543 -2.9174 2.88799 7.90964 16.5683 -10.3917 -5.90944 -2.96427 5.61464 1.63416
91.71 10.2681 10.0348 2.10787 -3.59766 -1.99879 0.635926 2.14719 9.78467 5.49837 2.77681 -5.25564 -2.7161 -1.66464 2.03129 4.38903 7.07821 -4.76024 -5.79136 -3.34401 -0.868776 2.1502 4.58733 10.0018 -8.27081 -6.94517 -3.32321 -1.40639 2.38946 5.78695 12.7319 -9.47276 -5.58006 -3.06021 1.82779 2.54482 7.72367 14.3843 -7.01009 -7.81266 -2.42351 -2.92735 2.88259 7.76329 16.684 -10.3895 -5.90539 -2.95344 5.62394 1.64707
91.76 10.2671 11.1815 0.742779 -3.66175 -1.95422 0.942566 2.20244 10.1728 5.93997 3.08183 -5.17314 -2.57146 -1.55977 2.04664 5.84419 6.37689 -3.30115 -5.70343 -3.34334 -0.989322 2.12104 4.27066 9.61693 -7.97301 -6.94873 -3.35017 -1.54414 2.34706 5.60712 12.3433 -9.50733 -5.59462 -3.09721 1.66584 2.50767 7.38893 13.9115 -7.32458 -7.8841 -2.56435 -2.94333 2.86693 7.5931 16.7538 -10.3891 -5.90187 -2.95398 5.6329 1.65955
91.81 10.2465 12.2655 -0.63505 -3.73567 -1.92089 1.25321 2.25823 10.5889 6.58881 3.2693 -5.09759 -2.42834 -1.40054 2.07109 7.36207 5.79439 -1.83449 -5.60953 -3.31778 -1.08985 2.09387 3.97951 9.17908 -7.54523 -6.93829 -3.37388 -1.67415 2.30627 5.4111 11.976 -9.5225 -5.6088 -3.13024 1.49847 2.47024 7.10183 13.4519 -7.58967 -7.95275 -2.69362 -2.96409 2.8426 7.41132 16.7812 -10.3906 -5.89898 -2.96398 5.64113 1.67104
91.86 10.1643 13.22 -1.89135 -3.80865 -1.89865 1.56013 2.31367 11.0076 7.41022 3.27626 -5.03537 -2.2921 -1.194 2.10439 8.3949 5.46885 -0.585241 -5.51456 -3.23779 -1.16432 2.07044 3.80063 8.66523 -6.93881 -6.9085 -3.39421 -1.79571 2.26705 5.18969 11.6269 -9.51429 -5.62262 -3.15988 1.32706 2.43281 6.85133 13.0165 -7.80801 -8.01794 -2.80997 -2.98845 2.81126 7.22631 16.7725 -10.3939 -5.89676 -2.9811 5.64835 1.68114
91.91 9.9201 14.0177 -3.03433 -3.87751 -1.89175 1.85157 2.36779 11.4076 8.39395 2.96567 -4.99916 -2.1679 -0.951391 2.1458 9.03221 5.40875 0.407051 -5.42081 -3.10691 -1.20457 2.05343 3.87754 8.05854 -6.09686 -6.85506 -3.41089 -1.90805 2.22926 4.93267 11.2914 -9.47773 -5.63602 -3.1866 1.15282 2.39567 6.62825 12.6092 -7.98297 -8.07902 -2.91361 -3.01533 2.77443 7.04324 16.7348 -10.3987 -5.89518 -3.0031 5.6544 1.68957
91.96 9.33993 14.6093 -4.15099 -3.94216 -1.91521 2.10976 2.41901 11.7665 9.5875 2.1706 -5.0058 -2.05916 -0.682772 2.19402 9.51637 5.56033 1.17539 -5.32933 -2.94897 -1.20123 2.04504 4.45126 7.37014 -4.96548 -6.77762 -3.42326 -2.01037 2.19286 4.63357 10.9639 -9.40649 -5.64902 -3.21076 0.976852 2.35912 6.42509 12.2292 -8.1174 -8.13534 -3.00548 -3.04385 2.7334 6.86491 16.6748 -10.405 -5.8942 -3.02803 5.65919 1.69622
92.01 8.26549 14.8838 -5.35777 -4.00356 -2.00092 2.31422 2.464 12.0458 10.9452 0.980052 -5.05546 -1.96753 -0.39582 2.24742 9.98999 5.928 1.75505 -5.24122 -2.77878 -1.14458 2.04662 5.72957 6.65681 -3.5432 -6.68177 -3.42823 -2.10168 2.15798 4.29796 10.6372 -9.29219 -5.66152 -3.23259 0.800235 2.32359 6.23555 11.8733 -8.21306 -8.1863 -3.08678 -3.07331 2.68926 6.69251 16.5985 -10.4124 -5.89372 -3.0544 5.66274 1.70106
92.06 6.81107 14.8024 -6.66796 -4.06285 -2.15903 2.45469 2.49748 12.1903 12.2761 -0.219221 -5.12344 -1.8931 -0.0966278 2.30425 10.4888 6.53093 2.15526 -5.15894 -2.60508 -1.02888 2.05897 7.23256 6.03124 -2.04473 -6.57579 -3.41038 -2.18057 2.12511 3.95118 10.303 -9.12337 -5.67203 -3.25219 0.624141 2.28943 6.05405 11.5368 -8.2703 -8.23123 -3.15874 -3.10315 2.6429 6.52603 16.5106 -10.4207 -5.89367 -3.08108 5.6651 1.70415
92.11 5.34239 14.5594 -7.93475 -4.1205 -2.3351 2.53618 2.51632 12.1789 13.4647 -1.21736 -5.19175 -1.83488 0.208489 2.36295 10.9962 7.33227 2.33435 -5.08845 -2.43695 -0.858782 2.08231 8.31294 5.64018 -0.73602 -6.46627 -3.33958 -2.24459 2.09575 3.64417 9.95033 -8.88378 -5.67778 -3.26956 0.449926 2.25664 5.87524 11.214 -8.28777 -8.26944 -3.2225 -3.13294 2.59506 6.36458 16.4151 -10.4296 -5.89396 -3.10731 5.66636 1.70559
92.16 4.09781 14.3017 -9.05022 -4.17631 -2.49002 2.57064 2.52192 12.0354 14.4928 -2.0102 -5.25463 -1.79137 0.510103 2.42225 11.4914 8.30753 2.17196 -5.04215 -2.28272 -0.645168 2.11607 8.98127 5.50556 0.312207 -6.35672 -3.21446 -2.29009 2.07247 3.43177 9.56463 -8.54998 -5.67566 -3.28465 0.279204 2.22504 5.6934 10.8982 -8.26199 -8.3001 -3.27908 -3.16237 2.54635 6.20653 16.3149 -10.4391 -5.89448 -3.13259 5.66662 1.70552
92.21 3.11778 14.0587 -9.99674 -4.22985 -2.61829 2.56947 2.51723 11.7846 15.3713 -2.64979 -5.31084 -1.76129 0.792447 2.48115 11.9594 9.49715 1.50103 -5.03785 -2.14766 -0.398689 2.15897 9.47753 5.55284 1.12803 -6.2488 -3.05843 -2.31291 2.05749 3.33931 9.12662 -8.08895 -5.66187 -3.29745 0.113921 2.19453 5.50199 10.5816 -8.18661 -8.32223 -3.32936 -3.19118 2.4973 6.04954 16.2124 -10.4488 -5.89516 -3.15663 5.666 1.70407
92.26 2.36672 13.8256 -10.7896 -4.28076 -2.72348 2.54124 2.50487 11.4413 16.1122 -3.18873 -5.36084 -1.74432 1.03566 2.53876 12.3857 10.8655 0.387322 -5.07863 -2.03377 -0.127812 2.20932 9.95579 5.73473 1.75447 -6.14367 -2.88746 -2.30829 2.05226 3.38202 8.61429 -7.45879 -5.63186 -3.30791 -0.0435831 2.16514 5.29377 10.2547 -8.05111 -8.33454 -3.37409 -3.21921 2.44835 5.89046 16.1091 -10.4586 -5.89592 -3.17928 5.6646 1.70138
92.31 1.7972 13.5934 -11.4499 -4.32881 -2.80997 2.49183 2.48689 11.0173 16.7199 -3.66914 -5.4059 -1.74173 1.22901 2.59415 12.7482 12.2213 -0.776223 -5.14042 -1.94049 0.160951 2.26524 10.4596 6.03172 2.22524 -6.04261 -2.71093 -2.27059 2.05778 3.61291 8.01339 -6.61874 -5.58174 -3.31588 -0.190458 2.13691 5.06328 9.90536 -7.83866 -8.33534 -3.41388 -3.24632 2.39986 5.72509 16.0063 -10.4685 -5.89671 -3.20052 5.66253 1.69759
92.36 1.36734 13.3544 -11.9972 -4.37391 -2.88144 2.42504 2.46484 10.5253 17.1863 -4.12294 -5.4474 -1.75701 1.37532 2.64629 13.0101 13.4407 -1.75801 -5.20347 -1.86571 0.462163 2.32495 10.9747 6.43591 2.5581 -5.94753 -2.53836 -2.19367 2.07446 4.19422 7.33822 -5.54145 -5.51137 -3.32091 -0.323152 2.10994 4.8146 9.51765 -7.52288 -8.32239 -3.44915 -3.27241 2.35219 5.54779 15.9047 -10.4783 -5.89749 -3.22039 5.65989 1.69281
92.41 1.04365 13.103 -12.4485 -4.41604 -2.94082 2.3431 2.4399 9.9829 17.4898 -4.57323 -5.48644 -1.79597 1.48184 2.69378 13.1243 14.5041 -2.54925 -5.261 -1.80681 0.770281 2.38692 11.481 6.96989 2.74681 -5.86166 -2.37861 -2.07141 2.10195 5.40189 6.64443 -4.21041 -5.42595 -3.32093 -0.43707 2.08433 4.57679 9.07111 -7.06376 -8.29288 -3.48008 -3.29743 2.30577 5.35096 15.8047 -10.4878 -5.89826 -3.23896 5.65677 1.68717
92.46 0.800209 12.8364 -12.8171 -4.45528 -2.99041 2.24714 2.41295 9.41437 17.6014 -5.03366 -5.52384 -1.86485 1.55449 2.73479 13.0469 15.4244 -3.20479 -5.31143 -1.76136 1.07804 2.44984 11.9649 7.69719 2.73526 -5.79186 -2.23728 -1.89924 2.13915 7.08345 6.03892 -2.72722 -5.33294 -3.30297 -0.525984 2.06043 4.4319 8.54327 -6.40494 -8.24284 -3.50664 -3.32131 2.26105 5.12495 15.7067 -10.4971 -5.89911 -3.25636 5.65324 1.68079
92.51 0.61727 12.5548 -13.1136 -4.49177 -3.03202 2.1377 2.38467 8.84837 17.5048 -5.50557 -5.56018 -1.96563 1.59679 2.7672 12.7479 16.2182 -3.78068 -5.35491 -1.72761 1.37386 2.51268 12.4168 8.67595 2.37674 -5.75244 -2.11651 -1.6801 2.18443 8.46757 5.72059 -1.36166 -5.23809 -3.22624 -0.580908 2.03979 4.58112 7.92211 -5.47689 -8.16818 -3.52836 -3.344 2.21823 4.85968 15.6109 -10.5061 -5.90034 -3.27268 5.64937 1.67386
92.56 0.479848 12.2605 -13.3457 -4.52572 -3.06709 2.01527 2.35558 8.31216 17.2139 -5.97683 -5.59581 -2.09189 1.6105 2.78915 12.2194 16.8964 -4.32096 -5.39252 -1.70519 1.63949 2.57454 12.8289 9.92239 1.51525 -5.76074 -2.01617 -1.42478 2.23595 9.3497 5.79973 -0.256213 -5.14467 -3.07551 -0.589492 2.02586 5.35927 7.23103 -4.22084 -8.06941 -3.54343 -3.36545 2.1772 4.55068 15.5178 -10.5147 -5.9026 -3.28796 5.64522 1.66667
92.61 0.376624 11.9575 -13.5182 -4.5573 -3.09678 1.88072 2.3261 7.82686 16.7699 -6.42732 -5.6309 -2.23085 1.59657 2.79974 11.4883 17.4569 -4.85506 -5.4258 -1.69673 1.8563 2.63454 13.1908 11.3115 0.329619 -5.81107 -1.93483 -1.14525 2.29189 9.99751 6.21859 0.579305 -5.05484 -2.88548 -0.539656 2.02199 6.71671 6.55298 -2.7272 -7.95312 -3.54306 -3.38549 2.13809 4.2089 15.4278 -10.5229 -5.90622 -3.30218 5.64085 1.65964
92.66 0.299067 11.6496 -13.6335 -4.58663 -3.12199 1.73542 2.29651 7.40346 16.2225 -6.83879 -5.66545 -2.36967 1.55589 2.79925 10.637 17.8726 -5.39422 -5.45635 -1.71094 2.01885 2.69143 13.4798 12.6368 -0.794367 -5.8774 -1.87021 -0.851892 2.35058 10.5721 6.89826 1.14354 -4.97231 -2.68574 -0.428213 2.03007 7.93349 6.0368 -1.29759 -7.82776 -3.50114 -3.40354 2.10175 3.87119 15.3418 -10.5306 -5.91043 -3.31522 5.6363 1.65294
92.71 0.240758 11.3397 -13.6914 -4.6137 -3.1435 1.58107 2.26707 7.04162 15.6187 -7.20113 -5.69948 -2.49975 1.48985 2.7889 9.80066 18.089 -5.929 -5.48544 -1.76264 2.13297 2.7431 13.6544 13.8114 -1.71161 -5.94452 -1.81969 -0.554692 2.41065 11.1139 7.76779 1.37853 -4.9055 -2.49422 -0.262653 2.05067 8.71374 5.77433 -0.110407 -7.69937 -3.40108 -3.4183 2.07022 3.59291 15.2608 -10.5376 -5.91454 -3.32696 5.63163 1.64645
92.76 0.19688 11.0283 -13.6891 -4.63829 -3.16189 1.41938 2.23797 6.73292 15.0001 -7.51228 -5.73303 -2.61707 1.40058 2.77028 9.0924 18.0721 -6.43616 -5.51396 -1.85927 2.20615 2.78648 13.6639 14.8316 -2.44329 -6.00754 -1.78082 -0.266433 2.47107 11.6264 8.8299 1.14381 -4.87002 -2.32158 -0.0538105 2.08316 9.23971 5.71717 0.824534 -7.57096 -3.2602 -3.42841 2.04571 3.4073 15.1854 -10.5439 -5.91836 -3.33732 5.6269 1.64005
92.81 0.163827 10.7131 -13.6211 -4.65992 -3.17766 1.25192 2.20933 6.46545 14.3991 -7.7751 -5.76627 -2.72067 1.29102 2.74505 8.53354 17.8552 -6.89375 -5.54236 -1.9888 2.2443 2.81878 13.4758 15.7138 -3.04491 -6.06509 -1.75163 -0.00499678 2.53103 12.1024 10.1154 0.342378 -4.88074 -2.17289 0.188447 2.12599 9.70127 5.80507 1.54674 -7.44418 -3.0977 -3.43294 2.02987 3.31524 15.1157 -10.549 -5.92183 -3.34633 5.62215 1.63373
92.86 0.138904 10.3887 -13.4781 -4.67773 -3.19119 1.08002 2.18126 6.22695 13.8346 -7.9943 -5.79939 -2.81119 1.16445 2.71471 8.0911 17.502 -7.29089 -5.57069 -2.13146 2.25212 2.83874 13.0886 16.4744 -3.56699 -6.11722 -1.73081 0.213496 2.58991 12.5241 11.5005 -0.763171 -4.92658 -2.0492 0.455897 2.17713 10.1851 6.00935 2.09583 -7.32044 -2.92383 -3.43129 2.02387 3.30603 15.0518 -10.5527 -5.92495 -3.35406 5.61742 1.62753
92.91 0.12012 10.0465 -13.2459 -4.69032 -3.20279 0.904829 2.15386 6.00599 13.3145 -8.17445 -5.83258 -2.88997 1.02403 2.68053 7.72937 17.0626 -7.62751 -5.59875 -2.27262 2.23345 2.84669 12.522 17.1222 -4.04868 -6.16469 -1.71813 0.386081 2.64718 12.8546 12.7997 -1.80244 -4.98216 -1.94886 0.741416 2.2344 10.6942 6.30772 2.49957 -7.20138 -2.74724 -3.4231 2.02855 3.36798 14.9935 -10.5547 -5.92773 -3.36062 5.61276 1.62152
92.96 0.106032 9.67317 -12.9025 -4.69555 -3.21267 0.727433 2.12718 5.79184 12.8388 -8.31901 -5.86591 -2.95852 0.872565 2.64355 7.42334 16.5674 -7.90977 -5.62626 -2.40453 2.19128 2.84391 11.8078 17.6526 -4.51837 -6.20846 -1.71545 0.518796 2.70226 13.0393 13.9459 -2.66948 -5.03513 -1.86899 1.03819 2.2958 11.2059 6.67472 2.77221 -7.0891 -2.57771 -3.40839 2.04414 3.48852 14.9405 -10.555 -5.93017 -3.36611 5.60819 1.61574
93.01 0.0956872 9.25064 -12.4167 -4.69027 -3.22096 0.548942 2.10127 5.57367 12.4038 -8.42994 -5.89934 -3.01833 0.712408 2.60459 7.15689 16.0343 -8.14606 -5.65295 -2.52406 2.12781 2.83203 10.9965 18.0392 -4.99335 -6.24943 -1.72882 0.618053 2.75432 13.0216 14.9401 -3.401 -5.08239 -1.80658 1.33902 2.35958 11.7024 7.09231 2.91442 -6.98641 -2.42315 -3.38766 2.0701 3.65506 14.8928 -10.5532 -5.93228 -3.3706 5.60374 1.61024
93.06 0.088733 8.75626 -11.7481 -4.67033 -3.22771 0.370597 2.07617 5.3398 12.0032 -8.50764 -5.93264 -3.07073 0.545521 2.56434 6.91945 15.4774 -8.34469 -5.6787 -2.63054 2.04463 2.8127 10.1701 18.2289 -5.47721 -6.28839 -1.77031 0.687552 2.80185 12.7557 15.7976 -4.05751 -5.12382 -1.7592 1.63598 2.42434 12.1718 7.55774 2.91219 -6.89708 -2.28781 -3.36181 2.10521 3.85809 14.8503 -10.5494 -5.9341 -3.37414 5.59943 1.60504
93.11 0.0860884 8.17045 -10.8631 -4.63153 -3.23286 0.19384 2.05192 5.07795 11.6299 -8.55087 -5.9654 -3.11686 0.373601 2.52331 6.70364 14.9134 -8.51276 -5.70347 -2.72454 1.94322 2.78742 9.42368 18.1653 -5.9588 -6.32612 -1.85181 0.728034 2.8424 12.2182 16.5302 -4.68807 -5.16026 -1.72595 1.92022 2.48888 12.6054 8.08535 2.73404 -6.82625 -2.17273 -3.33193 2.14785 4.09403 14.813 -10.5438 -5.93562 -3.37673 5.59529 1.60015
93.16 0.0927643 7.49556 -9.772 -4.57256 -3.23634 0.0203584 2.02856 4.77881 11.2764 -8.55669 -5.99695 -3.15766 0.198192 2.48192 6.50381 14.3606 -8.65573 -5.72739 -2.80714 1.82533 2.75748 8.80582 17.8446 -6.41801 -6.36328 -1.97121 0.73842 2.87311 11.4421 17.1359 -5.31756 -5.1929 -1.70946 2.1818 2.5521 12.9952 8.70427 2.33178 -6.78073 -2.07697 -3.29918 2.19625 4.36667 14.7813 -10.5363 -5.93688 -3.3783 5.59133 1.59558
93.21 0.128415 6.77048 -8.55576 -4.49764 -3.23809 -0.147898 2.00613 4.44297 10.9344 -8.52 -6.02638 -3.19382 0.020787 2.4405 6.31522 13.8339 -8.77735 -5.75069 -2.87959 1.69311 2.72396 8.30803 17.3247 -6.83642 -6.40038 -2.11249 0.717815 2.89206 10.5566 17.5848 -5.93897 -5.22299 -1.71933 2.40969 2.61251 13.3294 9.44399 1.66528 -6.76745 -1.99868 -3.2646 2.24875 4.68587 14.7559 -10.5274 -5.93788 -3.37869 5.58757 1.59134
93.26 0.259681 6.05117 -7.3151 -4.41435 -3.23814 -0.308704 1.98466 4.08446 10.5954 -8.43295 -6.0525 -3.22583 -0.157105 2.39936 6.1335 13.3414 -8.87966 -5.7736 -2.94316 1.54891 2.68775 7.90242 16.6865 -7.20413 -6.43773 -2.25881 0.667089 2.8989 9.7428 17.8265 -6.52233 -5.25166 -1.76977 2.59318 2.66771 13.5869 10.2954 0.774496 -6.78786 -1.93579 -3.22914 2.30392 5.05968 14.7384 -10.5172 -5.93864 -3.37746 5.58405 1.58744
93.31 0.671081 5.37825 -6.07959 -4.32906 -3.23669 -0.459532 1.9642 3.72518 10.2491 -8.28364 -6.07386 -3.25401 -0.333925 2.35878 5.9542 12.8855 -8.9632 -5.79635 -2.99901 1.395 2.6496 7.56408 16.0035 -7.51974 -6.47558 -2.3993 0.589106 2.89453 9.09993 17.85 -7.03931 -5.27978 -1.86315 2.72596 2.71455 13.7409 11.1887 -0.188326 -6.83375 -1.8862 -3.19355 2.36058 5.48011 14.7321 -10.5061 -5.93915 -3.37384 5.58081 1.58392
93.36 1.72758 4.76972 -4.76899 -4.24526 -3.23391 -0.597465 1.94476 3.3873 9.88274 -8.05409 -6.08876 -3.27864 -0.508069 2.31916 5.77229 12.4645 -9.02715 -5.81906 -3.04822 1.23334 2.6101 7.27477 15.3282 -7.7871 -6.51409 -2.52862 0.487919 2.88046 8.6112 17.7056 -7.47838 -5.3078 -1.98439 2.80919 2.75057 13.7731 12.0452 -1.07319 -6.8938 -1.84789 -3.15845 2.41778 5.91992 14.7418 -10.4944 -5.93939 -3.3666 5.57791 1.58082
93.41 3.66772 4.23115 -3.29902 -4.16441 -3.22962 -0.719012 1.92636 3.09227 9.47915 -7.71705 -6.09463 -3.29998 -0.677909 2.28104 5.5815 12.0745 -9.06949 -5.84174 -3.09174 1.06557 2.56976 7.02159 14.6896 -8.01206 -6.55341 -2.64497 0.367846 2.85838 8.22488 17.4547 -7.84255 -5.33574 -2.11592 2.84936 2.77483 13.6774 12.8238 -1.82228 -6.96067 -1.81899 -3.1243 2.47475 6.34705 14.7742 -10.4825 -5.93931 -3.35417 5.57548 1.57828
93.46 5.93223 3.77789 -1.8049 -4.08688 -3.21951 -0.819727 1.90909 2.87011 9.01651 -7.2324 -6.0868 -3.31821 -0.841818 2.24483 5.37371 11.7099 -9.08713 -5.86427 -3.1304 0.893021 2.52899 6.79529 14.1002 -8.20042 -6.59355 -2.74837 0.23291 2.82989 7.90236 17.1394 -8.14189 -5.36336 -2.24616 2.85438 2.78771 13.4555 13.5134 -2.4444 -7.03096 -1.798 -3.09148 2.53084 6.73753 14.8361 -10.4706 -5.93884 -3.335 5.57366 1.57646
93.51 7.78654 3.51005 -0.464524 -4.01246 -3.17592 -0.893413 1.89364 2.79389 8.47137 -6.54608 -6.05965 -3.33345 -0.99819 2.2106 5.13881 11.3641 -9.07579 -5.88639 -3.16491 0.716861 2.48814 6.58889 13.5629 -8.35694 -6.63441 -2.83974 0.0866603 2.7964 7.6214 16.7836 -8.38819 -5.39033 -2.36906 2.83137 2.79032 13.1144 14.1148 -2.9712 -7.10322 -1.78389 -3.06025 2.58555 7.07865 14.9327 -10.4591 -5.93791 -3.30807 5.57265 1.57562
93.56 8.9396 3.59313 0.677383 -3.94052 -3.05545 -0.930765 1.88282 3.05855 7.83249 -5.59597 -6.00949 -3.3456 -1.14544 2.17809 4.86679 11.0299 -9.02971 -5.90783 -3.19587 0.538189 2.44757 6.39681 13.0751 -8.48488 -6.67573 -2.92029 -0.0678318 2.75908 7.3698 16.4002 -8.59239 -5.41631 -2.48193 2.78591 2.78408 12.6642 14.6315 -3.43582 -7.17677 -1.77628 -3.03083 2.63844 7.3669 15.0659 -10.4481 -5.93645 -3.2733 5.57267 1.57605
93.61 9.55166 3.98056 1.6327 -3.87037 -2.88125 -0.919983 1.88061 3.98186 7.1231 -4.33036 -5.93774 -3.35422 -1.28194 2.14705 4.55393 10.6995 -8.94103 -5.92829 -3.22372 0.358162 2.4077 6.21417 12.6317 -8.58596 -6.71708 -2.99132 -0.2279 2.71889 7.14059 15.9957 -8.76367 -5.44102 -2.58394 2.72207 2.77044 12.1166 15.0646 -3.86653 -7.25122 -1.7759 -3.00341 2.68907 7.60426 15.234 -10.4378 -5.93441 -3.23167 5.57391 1.57803
93.66 9.87531 4.5675 2.42155 -3.80183 -2.69936 -0.850668 1.88922 5.53138 6.4068 -2.82732 -5.85118 -3.35651 -1.40596 2.1174 4.21049 10.3637 -8.79877 -5.94686 -3.24873 0.178072 2.36902 6.03635 12.2263 -8.66046 -6.75787 -3.05406 -0.39121 2.67664 6.92934 15.5735 -8.90932 -5.46426 -2.67521 2.6426 2.75074 11.486 15.4085 -4.28579 -7.32632 -1.7854 -2.97829 2.73693 7.79433 15.4315 -10.4282 -5.93177 -3.18496 5.57654 1.58179
93.71 10.0519 5.28549 3.05629 -3.73545 -2.53254 -0.721117 1.90878 6.98639 5.7822 -1.37828 -5.75758 -3.33967 -1.51532 2.08946 3.86467 10.0113 -8.58715 -5.96082 -3.27103 -0.000602995 2.33179 5.8585 11.8517 -8.70728 -6.79736 -3.10964 -0.555708 2.63296 6.73276 15.1358 -9.03482 -5.48591 -2.75637 2.54917 2.7262 10.7968 15.6454 -4.7099 -7.40187 -1.81069 -2.95591 2.78118 7.93866 15.6506 -10.4194 -5.92852 -3.13555 5.58064 1.58749
93.76 10.1505 6.05753 3.53194 -3.67289 -2.38832 -0.53998 1.93826 7.96055 5.35524 -0.165676 -5.66216 -3.28255 -1.60689 2.06443 3.56329 9.62769 -8.28313 -5.96669 -3.29065 -0.176183 2.29591 5.675 11.5006 -8.72402 -6.83469 -3.15902 -0.719586 2.58839 6.54797 14.686 -9.1441 -5.50597 -2.82827 2.44272 2.69785 10.0914 15.7428 -5.14718 -7.47768 -1.86142 -2.93712 2.82044 8.03402 15.8808 -10.4114 -5.9247 -3.08628 5.58624 1.59517
93.81 10.2062 6.83851 3.81662 -3.6177 -2.2675 -0.318788 1.97603 8.55502 5.14274 0.797693 -5.56739 -3.1837 -1.67634 2.04427 3.35682 9.19366 -7.85342 -5.96051 -3.3076 -0.346801 2.26124 5.47887 11.1654 -8.70669 -6.86885 -3.20306 -0.88127 2.54338 6.37215 14.2307 -9.23967 -5.52451 -2.89184 2.3238 2.66657 9.42347 15.6682 -5.59512 -7.55361 -1.94656 -2.92319 2.8526 8.07264 16.1092 -10.4042 -5.92045 -3.04048 5.59324 1.60473
93.86 10.238 7.63756 3.84106 -3.57626 -2.16822 -0.0674315 2.02036 8.95683 5.0925 1.55204 -5.47428 -3.05952 -1.71844 2.03069 3.28636 8.6863 -7.25357 -5.93759 -3.32183 -0.51042 2.22771 5.26135 10.8377 -8.64933 -6.89868 -3.24248 -1.03939 2.49833 6.20232 13.7788 -9.32281 -5.54172 -2.94801 2.193 2.63309 8.83128 15.4224 -6.04019 -7.62943 -2.06562 -2.91554 2.87525 8.04847 16.3203 -10.3981 -5.91594 -3.00179 5.60139 1.61591
93.91 10.2559 8.50974 3.49136 -3.55877 -2.0878 0.206567 2.06957 9.28851 5.1656 2.14155 -5.38337 -2.92354 -1.72707 2.02479 3.41978 8.08812 -6.43463 -5.89365 -3.33326 -0.664833 2.19532 5.01309 10.5086 -8.54307 -6.92289 -3.27787 -1.19279 2.45358 6.0351 13.3394 -9.39362 -5.55786 -2.99767 2.05133 2.598 8.32498 15.0477 -6.46336 -7.70474 -2.20694 -2.91512 2.88667 7.96488 16.4995 -10.3934 -5.91144 -2.97337 5.61036 1.62825
93.96 10.2657 9.521 2.65291 -3.57669 -2.02359 0.497449 2.12216 9.62011 5.35943 2.60156 -5.29519 -2.78229 -1.69516 2.02723 3.93713 7.40759 -5.35479 -5.82787 -3.34154 -0.807605 2.16414 4.72897 10.1671 -8.37464 -6.94006 -3.30967 -1.34046 2.40947 5.8665 12.9187 -9.45117 -5.57319 -3.04164 1.90021 2.56179 7.89759 14.601 -6.84827 -7.77897 -2.3557 -2.92195 2.88644 7.83463 16.6364 -10.3903 -5.9072 -2.95694 5.61966 1.64113
94.01 10.2689 10.6534 1.38942 -3.62991 -1.97329 0.800269 2.17684 9.98889 5.71044 2.95407 -5.21056 -2.63825 -1.61495 2.03843 5.112 6.69413 -3.99448 -5.74514 -3.34513 -0.935932 2.1343 4.41692 9.79972 -8.12406 -6.94852 -3.33814 -1.48152 2.36643 5.69159 12.5198 -9.49359 -5.58796 -3.08068 1.7413 2.52486 7.53666 14.1289 -7.18575 -7.85145 -2.50065 -2.93529 2.87533 7.67368 16.7272 -10.389 -5.90342 -2.95242 5.62884 1.65388
94.06 10.2601 11.7793 -0.0108769 -3.70129 -1.93493 1.10986 2.23249 10.3952 6.2653 3.19999 -5.13128 -2.49384 -1.48048 2.05868 6.70661 6.03822 -2.49251 -5.6532 -3.33476 -1.0463 2.10608 4.10634 9.38905 -7.76149 -6.94518 -3.36336 -1.61519 2.32488 5.50406 12.1429 -9.51814 -5.60231 -3.11546 1.57624 2.48752 7.22907 13.6613 -7.47341 -7.92148 -2.63557 -2.954 2.85479 7.49598 16.7734 -10.3897 -5.90023 -2.95834 5.63745 1.66589
94.11 10.2145 12.7977 -1.32883 -3.77542 -1.90742 1.41966 2.2882 10.8156 7.01231 3.30227 -5.06178 -2.35372 -1.29443 2.08797 7.98278 5.58272 -1.12884 -5.5583 -3.28228 -1.13369 2.08061 3.86151 8.91309 -7.24426 -6.92497 -3.38527 -1.74074 2.28496 5.29563 11.7859 -9.52127 -5.61629 -3.1466 1.40653 2.45006 6.96294 13.2139 -7.7129 -7.98835 -2.75793 -2.97684 2.82649 7.31165 16.7806 -10.3921 -5.8977 -2.97247 5.64516 1.67668
94.16 10.0624 13.6712 -2.5171 -3.84631 -1.89243 1.72006 2.34307 11.2267 7.91753 3.16024 -5.01153 -2.22342 -1.06707 2.12577 8.77043 5.40776 -0.0202779 -5.46382 -3.17198 -1.19083 2.06032 3.79804 8.35013 -6.51809 -6.8828 -3.40368 -1.85743 2.24652 5.05623 11.4448 -9.49848 -5.62989 -3.17461 1.23346 2.41275 6.72824 12.7936 -7.90746 -8.0514 -2.86734 -3.00268 2.79201 7.12721 16.7554 -10.3963 -5.89583 -2.99248 5.65176 1.6859
94.21 9.66224 14.3677 -3.63156 -3.91282 -1.89894 1.99618 2.3959 11.6079 9.00896 2.60257 -4.99663 -2.10725 -0.809354 2.17103 9.30021 5.46535 0.84625 -5.37119 -3.02398 -1.20881 2.04774 4.10464 7.6953 -5.52613 -6.81609 -3.41817 -1.96448 2.20947 4.77677 11.1144 -9.44414 -5.64306 -3.19992 1.05816 2.37588 6.51674 12.4013 -8.06029 -8.10999 -2.9645 -3.03054 2.75277 6.94646 16.7049 -10.4019 -5.89458 -3.01627 5.65714 1.69338
94.26 8.82447 14.8047 -4.78447 -3.97557 -1.95141 2.22764 2.44434 11.9303 10.3102 1.55432 -5.02858 -2.00763 -0.530035 2.22226 9.76853 5.72934 1.50968 -5.28133 -2.85821 -1.1779 2.04459 5.0615 6.9833 -4.22802 -6.72774 -3.42734 -2.06101 2.17387 4.45622 10.7882 -9.3509 -5.65586 -3.2228 0.881703 2.33982 6.32164 12.0347 -8.1737 -8.16351 -3.05052 -3.05964 2.70994 6.77126 16.6354 -10.4088 -5.89388 -3.04214 5.66126 1.69905
94.31 7.50684 14.8748 -6.05854 -4.03571 -2.07979 2.39782 2.48379 12.1433 11.6762 0.31461 -5.09135 -1.92533 -0.235772 2.27772 10.2563 6.22486 1.9941 -5.19589 -2.68507 -1.08953 2.05191 6.56733 6.29882 -2.72411 -6.62543 -3.42339 -2.14585 2.13996 4.10985 10.4587 -9.20891 -5.6676 -3.24343 0.705213 2.30501 6.1371 11.69 -8.24872 -8.2113 -3.12664 -3.08937 2.66451 6.60211 16.5523 -10.4167 -5.89365 -3.06879 5.66415 1.70294
94.36 6.00046 14.6782 -7.36552 -4.09412 -2.25529 2.5052 2.50943 12.2024 12.9366 -0.784772 -5.16074 -1.85981 0.0675147 2.33573 10.7626 6.94121 2.28478 -5.11889 -2.51322 -0.943342 2.0702 7.87885 5.78565 -1.30764 -6.51693 -3.38002 -2.21712 2.1087 3.77683 10.1161 -9.00437 -5.67591 -3.26183 0.529947 2.27161 5.95773 11.3616 -8.28482 -8.2527 -3.19405 -3.11923 2.61727 6.4385 16.4598 -10.4254 -5.89379 -3.09531 5.66591 1.70512
94.41 4.63838 14.419 -8.55699 -4.15083 -2.42195 2.5598 2.52079 12.1162 14.038 -1.66702 -5.22644 -1.80971 0.372259 2.39489 11.2656 7.83446 2.3005 -5.05939 -2.35171 -0.748373 2.09927 8.70818 5.5405 -0.139798 -6.40712 -3.27743 -2.27166 2.0823 3.51566 9.74775 -8.7175 -5.67783 -3.27798 0.357394 2.23948 5.77804 11.0434 -8.27958 -8.28695 -3.25382 -3.14886 2.56889 6.27913 16.3615 -10.4347 -5.89421 -3.12107 5.66662 1.70573
94.46 3.53851 14.169 -9.5805 -4.20546 -2.56227 2.57383 2.52049 11.9125 14.9838 -2.37028 -5.28574 -1.77354 0.665909 2.4541 11.7478 8.91942 1.88007 -5.03367 -2.20737 -0.515859 2.13815 9.2574 5.51244 0.7778 -6.2983 -3.13295 -2.30549 2.06326 3.36635 9.33654 -8.31992 -5.66996 -3.29184 0.189338 2.20847 5.59192 10.7283 -8.22809 -8.31316 -3.3069 -3.17798 2.51994 6.122 16.2599 -10.4443 -5.89483 -3.14571 5.66639 1.7049
94.51 2.68774 13.9324 -10.4417 -4.25762 -2.67754 2.5572 2.51138 11.6103 15.7871 -2.94973 -5.33848 -1.75048 0.929413 2.51241 12.1954 10.2232 0.932821 -5.05544 -2.08365 -0.255324 2.18529 9.73247 5.63564 1.4866 -6.19174 -2.96754 -2.31417 2.05339 3.3437 8.86112 -7.77327 -5.64801 -3.30338 0.0279257 2.17855 5.39234 10.4075 -8.12197 -8.33018 -3.35411 -3.20639 2.47089 5.96433 16.1568 -10.4541 -5.89556 -3.16901 5.66533 1.70277
94.56 2.04018 13.7009 -11.1605 -4.30701 -2.77215 2.51697 2.49577 11.2221 16.4564 -3.45259 -5.38564 -1.74097 1.14607 2.56894 12.5909 11.6088 -0.255549 -5.11097 -1.98106 0.0259054 2.23887 10.2245 5.88129 2.0259 -6.08861 -2.79245 -2.29248 2.05386 3.47631 8.30156 -7.03433 -5.60749 -3.31253 -0.124245 2.14978 5.17246 10.0702 -7.94762 -8.33653 -3.39612 -3.23394 2.42214 5.80246 16.0536 -10.464 -5.89635 -3.1909 5.66356 1.69947
94.61 1.55057 13.4659 -11.7577 -4.35348 -2.85014 2.45784 2.47543 10.7597 16.9898 -3.91527 -5.42863 -1.74742 1.31322 2.62273 12.9047 12.8979 -1.33117 -5.17486 -1.89807 0.322028 2.29704 10.7371 6.23581 2.42138 -5.99048 -2.61684 -2.23441 2.06538 3.86544 7.65624 -6.0692 -5.54612 -3.31901 -0.263976 2.12222 4.93052 9.70243 -7.68354 -8.33023 -3.43343 -3.26051 2.37405 5.63148 15.9514 -10.4738 -5.89713 -3.21139 5.66118 1.69513
94.66 1.18156 13.2207 -12.2514 -4.39697 -2.91477 2.38268 2.4517 10.2379 17.3719 -4.36486 -5.46868 -1.77463 1.43722 2.67256 13.093 14.0324 -2.20485 -5.23531 -1.83217 0.627712 2.35815 11.2495 6.70405 2.67959 -5.89981 -2.45025 -2.13381 2.08798 4.75513 6.96158 -4.85501 -5.46673 -3.32188 -0.387211 2.09597 4.68164 9.28584 -7.29653 -8.30877 -3.46635 -3.28603 2.32699 5.44474 15.8506 -10.4835 -5.89791 -3.23055 5.65827 1.68987
94.71 0.903899 12.9613 -12.6566 -4.43753 -2.96863 2.2931 2.42558 9.67804 17.5754 -4.81964 -5.50675 -1.82907 1.52491 2.71682 13.1087 15.0166 -2.9155 -5.28907 -1.78078 0.936741 2.42077 11.7452 7.33328 2.7724 -5.82136 -2.29997 -1.98491 2.12088 6.29793 6.29658 -3.4133 -5.37635 -3.31547 -0.488573 2.07119 4.4783 8.79808 -6.73784 -8.26878 -3.49495 -3.31044 2.28144 5.23349 15.7516 -10.4929 -5.8987 -3.24848 5.65492 1.68382
94.76 0.695179 12.6864 -12.9853 -4.47527 -3.01372 2.18982 2.39784 9.10727 17.5752 -5.28698 -5.54352 -1.91539 1.58091 2.75346 12.9145 15.8669 -3.52185 -5.33566 -1.74179 1.23992 2.48377 12.2129 8.19076 2.59815 -5.7656 -2.16963 -1.78641 2.16266 7.9003 5.81861 -1.96294 -5.2818 -3.2717 -0.560522 2.04871 4.45551 8.21985 -5.94304 -8.2058 -3.519 -3.33369 2.23775 4.98743 15.6548 -10.502 -5.89969 -3.26528 5.65119 1.67711
94.81 0.538369 12.3976 -13.2463 -4.51037 -3.05165 2.07331 2.36907 8.55422 17.37 -5.76077 -5.57945 -2.03123 1.60766 2.78041 12.491 16.5977 -4.07396 -5.37581 -1.71406 1.52208 2.54618 12.6443 9.31739 1.97521 -5.75047 -2.05998 -1.54624 2.21153 8.98876 5.71645 -0.73183 -5.18745 -3.15229 -0.592155 2.0312 4.90483 7.5548 -4.84164 -8.11765 -3.53757 -3.35572 2.1959 4.69842 15.5604 -10.5108 -5.90138 -3.28104 5.64717 1.66999
94.86 0.420584 12.0981 -13.4459 -4.54302 -3.08369 1.94421 2.33972 8.04339 16.9905 -6.22344 -5.61478 -2.16607 1.60637 2.79627 11.8469 17.214 -4.6083 -5.41088 -1.69853 1.7631 2.60716 13.0312 10.668 0.888896 -5.78433 -1.97011 -1.27649 2.26565 9.71343 5.98786 0.226797 -5.09566 -2.97576 -0.570408 2.02237 6.06092 6.85574 -3.42767 -8.00837 -3.54639 -3.37645 2.15586 4.36897 15.4688 -10.5192 -5.90441 -3.29576 5.64289 1.66284
94.91 0.3321 11.792 -13.5874 -4.57338 -3.11087 1.80367 2.31015 7.59083 16.4847 -6.65472 -5.64958 -2.30632 1.5779 2.80079 11.0367 17.7019 -5.14506 -5.44251 -1.70069 1.95037 2.66569 13.3577 12.0421 -0.299095 -5.84615 -1.8981 -0.988299 2.32326 10.3121 6.55792 0.918865 -5.00908 -2.77773 -0.486954 2.02479 7.42695 6.24497 -1.93206 -7.88624 -3.52762 -3.39553 2.11806 4.02293 15.3809 -10.5271 -5.90847 -3.30936 5.63842 1.65599
94.96 0.265598 11.4828 -13.6719 -4.60151 -3.134 1.65327 2.28062 7.20126 15.9014 -7.04041 -5.68385 -2.44119 1.52334 2.7948 10.1755 18.0175 -5.68422 -5.47214 -1.73323 2.08585 2.7201 13.5914 13.2895 -1.31459 -5.91391 -1.8414 -0.691537 2.38285 10.8675 7.34516 1.31821 -4.93354 -2.58071 -0.345047 2.03963 8.40004 5.86513 -0.625034 -7.75872 -3.45379 -3.412 2.08401 3.71083 15.2975 -10.5345 -5.91268 -3.32172 5.6338 1.64943
95.01 0.215578 11.1722 -13.6979 -4.62728 -3.15376 1.49476 2.25134 6.86942 15.2849 -7.37502 -5.71761 -2.56466 1.44446 2.77978 9.39969 18.1082 -6.20728 -5.50084 -1.80948 2.17708 2.7677 13.6828 14.3793 -2.12541 -5.97912 -1.79743 -0.397241 2.44322 11.394 8.31271 1.32146 -4.88125 -2.39842 -0.154841 2.06678 9.01434 5.72276 0.422424 -7.63006 -3.32876 -3.4244 2.05602 3.48083 15.2195 -10.5411 -5.91664 -3.33272 5.62909 1.643
95.06 0.177917 10.8592 -13.6611 -4.65036 -3.17068 1.32979 2.22247 6.58449 14.6726 -7.6596 -5.75097 -2.67458 1.34387 2.75741 8.7744 17.976 -6.68984 -5.52926 -1.92627 2.23074 2.80538 13.5879 15.3229 -2.78011 -6.03925 -1.76399 -0.120994 2.50347 11.8882 9.49773 0.775815 -4.86995 -2.23835 0.0731208 2.10508 9.48841 5.7488 1.23733 -7.50236 -3.17455 -3.43159 2.03601 3.34669 15.1472 -10.5468 -5.92027 -3.34234 5.62434 1.63664
95.11 0.14953 10.5399 -13.5541 -4.67007 -3.1852 1.15978 2.19413 6.33411 14.0897 -7.89831 -5.78412 -2.77099 1.22473 2.72926 8.2832 17.6781 -7.11544 -5.55764 -2.06514 2.25202 2.83107 13.291 16.1379 -3.33332 -6.09381 -1.73942 0.118586 2.56292 12.3382 10.8634 -0.244485 -4.90288 -2.10321 0.329885 2.15265 9.95773 5.90197 1.862 -7.37704 -3.00492 -3.43285 2.02535 3.30072 15.0806 -10.5512 -5.92356 -3.35064 5.6196 1.63037
95.16 0.128125 10.2073 -13.3652 -4.68527 -3.19766 0.985969 2.16641 6.10642 13.5488 -8.09596 -5.81725 -2.855 1.09032 2.6967 7.88803 17.2736 -7.47947 -5.58586 -2.20833 2.24514 2.84445 12.8038 16.8373 -3.82948 -6.14331 -1.72292 0.31188 2.621 12.7167 12.218 -1.34366 -4.95643 -1.99241 0.607918 2.20736 10.4577 6.16007 2.3302 -7.25559 -2.8284 -3.4277 2.02504 3.33134 15.0197 -10.554 -5.92649 -3.35774 5.6149 1.62426
95.21 0.112018 9.85023 -13.0764 -4.69422 -3.20832 0.809456 2.13939 5.89044 13.0529 -8.2566 -5.85052 -2.92808 0.943635 2.66089 7.55876 16.8014 -7.78582 -5.61366 -2.34512 2.21349 2.84643 12.153 17.4236 -4.30185 -6.18868 -1.71519 0.462081 2.67718 12.976 13.4369 -2.28996 -5.01133 -1.90348 0.900357 2.26708 10.9709 6.49838 2.66239 -7.13988 -2.65444 -3.41597 2.03561 3.42648 14.9643 -10.5551 -5.92908 -3.36371 5.61028 1.61837
95.26 0.100033 9.45301 -12.6609 -4.69426 -3.21733 0.631326 2.11312 5.67551 12.5997 -8.3829 -5.88392 -2.99175 0.787222 2.62276 7.27563 16.284 -8.04224 -5.64075 -2.47055 2.15962 2.83853 11.3783 17.8816 -4.77304 -6.23083 -1.72002 0.576122 2.73076 13.0582 14.4995 -3.07652 -5.06135 -1.83337 1.20025 2.32996 11.4762 6.894 2.86555 -7.03237 -2.49221 -3.39792 2.0569 3.57326 14.9142 -10.5543 -5.93135 -3.36865 5.60577 1.61275
95.31 0.091506 8.99469 -12.0818 -4.68164 -3.22479 0.452748 2.08764 5.45041 12.1841 -8.47597 -5.91732 -3.04741 0.623215 2.58303 7.02588 15.7362 -8.25727 -5.66695 -2.58303 2.08535 2.82244 10.5467 18.1701 -5.25333 -6.27062 -1.74675 0.659086 2.78063 12.9114 15.4181 -3.76047 -5.1054 -1.77929 1.50004 2.39443 11.9593 7.33662 2.93273 -6.93633 -2.34771 -3.3743 2.08798 3.76031 14.8693 -10.5514 -5.9333 -3.37263 5.6014 1.6074
95.36 0.0866125 8.45264 -11.2991 -4.65197 -3.23069 0.275065 2.063 5.20294 11.7992 -8.53536 -5.9504 -3.0963 0.453418 2.5423 6.80088 15.1732 -8.43865 -5.69216 -2.68268 1.99216 2.79973 9.7533 18.2281 -5.73816 -6.30882 -1.80894 0.713017 2.82476 12.4996 16.2075 -4.39819 -5.144 -1.73948 1.79131 2.45921 12.4104 7.8327 2.84084 -6.85622 -2.22332 -3.34613 2.12736 3.98105 14.8296 -10.5466 -5.93495 -3.37565 5.59718 1.60237
95.41 0.0878433 7.81623 -10.2972 -4.60213 -3.23495 0.0998461 2.03922 4.92169 11.4375 -8.55892 -5.9826 -3.13946 0.279432 2.50103 6.59431 14.613 -8.59263 -5.71645 -2.77038 1.88162 2.77179 9.07445 18.0217 -6.21032 -6.34617 -1.91229 0.737455 2.86033 11.8238 16.8735 -5.02705 -5.17824 -1.71458 2.06466 2.52319 12.8214 8.40526 2.54853 -6.79809 -2.11884 -3.31457 2.17332 4.23583 14.7952 -10.54 -5.93633 -3.37771 5.59313 1.59765
95.46 0.105847 7.1075 -9.12514 -4.53371 -3.2375 -0.0710801 2.01635 4.60181 11.0912 -8.54263 -6.01314 -3.17769 0.102762 2.45959 6.40109 14.0729 -8.72374 -5.74001 -2.84735 1.75572 2.7398 8.52443 17.5842 -6.64937 -6.38325 -2.0458 0.731164 2.88484 10.9668 17.4004 -5.65501 -5.20936 -1.71056 2.3095 2.58513 13.1832 9.08691 2.00589 -6.76926 -2.03275 -3.28071 2.22412 4.53215 14.7667 -10.5317 -5.93745 -3.37868 5.58928 1.59325
95.51 0.179362 6.37904 -7.88596 -4.45333 -3.23832 -0.235617 1.99444 4.25131 10.752 -8.48001 -6.04095 -3.21156 -0.0750958 2.41829 6.21673 13.564 -8.8348 -5.76306 -2.91486 1.61675 2.70474 8.07979 16.9905 -7.04109 -6.42046 -2.19155 0.694084 2.89722 10.0997 17.7432 -6.26013 -5.23855 -1.74082 2.51463 2.64309 13.4794 9.89219 1.20533 -6.77458 -1.96302 -3.24556 2.27822 4.88048 14.7453 -10.522 -5.93832 -3.37827 5.58564 1.58919
95.56 0.4273 5.68126 -6.6515 -4.36836 -3.23754 -0.391383 1.97351 3.88953 10.4105 -8.36122 -6.0647 -3.24147 -0.252607 2.37741 6.03689 13.0912 -8.92703 -5.78587 -2.97414 1.46706 2.6674 7.71307 16.3202 -7.38048 -6.45805 -2.33567 0.628216 2.89785 9.37443 17.864 -6.81028 -5.26684 -1.81546 2.67111 2.69417 13.6842 10.7772 0.253289 -6.81019 -1.90755 -3.20994 2.33432 5.28183 14.7334 -10.5113 -5.93894 -3.37588 5.58226 1.58549
95.61 1.13255 5.0419 -5.39112 -4.2836 -3.23535 -0.535656 1.9536 3.53914 10.0552 -8.17141 -6.08282 -3.2677 -0.428187 2.33729 5.85688 12.6546 -9.00019 -5.80859 -3.02629 1.30875 2.62845 7.40303 15.6364 -7.66943 -6.49624 -2.47054 0.537193 2.88804 8.82084 17.7888 -7.28561 -5.29488 -1.92624 2.77662 2.7354 13.774 11.6583 -0.680609 -6.86493 -1.86428 -3.17454 2.39138 5.7168 14.7349 -10.4999 -5.93931 -3.37049 5.5792 1.58219
95.66 2.67915 4.47058 -3.99393 -4.2013 -3.23185 -0.665244 1.93472 3.22152 9.67119 -7.88807 -6.09329 -3.29053 -0.600215 2.2984 5.67107 12.2509 -9.05282 -5.83129 -3.07232 1.14362 2.58845 7.13453 14.9785 -7.91319 -6.53517 -2.59295 0.425305 2.86945 8.39323 17.5805 -7.68334 -5.32287 -2.05487 2.83568 2.7651 13.7375 12.4755 -1.49403 -6.92926 -1.83126 -3.13991 2.44855 6.15342 14.756 -10.488 -5.93939 -3.36066 5.57653 1.57937
95.71 4.90393 3.97339 -2.48229 -4.12223 -3.22573 -0.776203 1.9169 2.9606 9.23877 -7.47742 -6.09248 -3.31018 -0.76706 2.26128 5.47227 11.8753 -9.08231 -5.85391 -3.11312 0.973119 2.54782 6.89681 14.3656 -8.11776 -6.57493 -2.70224 0.296753 2.84373 8.04491 17.291 -8.01114 -5.35068 -2.18674 2.85594 2.78312 13.5732 13.2065 -2.17141 -6.99824 -1.80678 -3.10644 2.50511 6.56305 14.8035 -10.4761 -5.93911 -3.34476 5.57441 1.57719
95.76 7.01192 3.59791 -1.05847 -4.04643 -3.20363 -0.863295 1.90042 2.80239 8.73431 -6.89157 -6.07489 -3.32679 -0.927106 2.22615 5.25121 11.5217 -9.08495 -5.87626 -3.14947 0.798487 2.50697 6.68199 13.8043 -8.28846 -6.61549 -2.79902 0.155313 2.81239 7.74676 16.9517 -8.28045 -5.378 -2.31351 2.84507 2.7903 13.2859 13.8482 -2.73788 -7.06971 -1.78959 -3.07445 2.56052 6.92785 14.8836 -10.4643 -5.9384 -3.32148 5.573 1.57587
95.81 8.49254 3.50876 0.175098 -3.97344 -3.12084 -0.91878 1.88696 2.87481 8.13834 -6.07094 -6.03554 -3.34039 -1.07876 2.19289 4.99735 11.1831 -9.05572 -5.89804 -3.182 0.620836 2.46622 6.48394 13.2942 -8.42928 -6.65664 -2.8844 0.00426808 2.7767 7.48272 16.58 -8.50281 -5.40447 -2.4312 2.80937 2.78797 12.8847 14.4036 -3.22732 -7.14272 -1.77896 -3.04416 2.6143 7.24047 14.9999 -10.4531 -5.93719 -3.29027 5.57252 1.57568
95.86 9.31798 3.77253 1.21394 -3.90252 -2.96483 -0.931699 1.88036 3.45709 7.4558 -4.95424 -5.97317 -3.35076 -1.22042 2.16119 4.70304 10.852 -8.98783 -5.919 -3.21124 0.441283 2.42597 6.29753 12.8311 -8.54263 -6.69804 -2.95966 -0.153537 2.73773 7.24384 16.1846 -8.68826 -5.4298 -2.53825 2.7536 2.77756 12.3805 14.8754 -3.67053 -7.21679 -1.77507 -3.01579 2.66603 7.50087 15.1524 -10.4424 -5.93543 -3.25163 5.57317 1.57691
95.91 9.75054 4.27609 2.07732 -3.83322 -2.78226 -0.890314 1.88386 4.77901 6.73261 -3.53336 -5.89241 -3.35669 -1.35043 2.13089 4.37134 10.5199 -8.87191 -5.93867 -3.23753 0.26105 2.38669 6.11806 12.409 -8.62944 -6.73917 -3.02608 -0.315623 2.69634 7.02477 15.7703 -8.84494 -5.45373 -2.63441 2.68107 2.76049 11.7859 15.2617 -4.09265 -7.29162 -1.77951 -2.98957 2.71524 7.71236 15.3372 -10.4325 -5.93307 -3.20699 5.57514 1.57982
95.96 9.98322 4.94314 2.78249 -3.76572 -2.6069 -0.787958 1.89845 6.36831 6.05121 -2.02273 -5.80122 -3.35126 -1.46687 2.10208 4.02186 10.1767 -8.69463 -5.95517 -3.26107 0.0815262 2.34878 5.94086 12.0211 -8.68924 -6.77936 -3.08483 -0.479812 2.65325 6.82179 15.3394 -8.97915 -5.47613 -2.72014 2.59392 2.73805 11.1197 15.5512 -4.51294 -7.36698 -1.79652 -2.96585 2.76129 7.87785 15.5475 -10.4234 -5.93009 -3.1585 5.57856 1.58461
96.01 10.1119 5.69883 3.33362 -3.7011 -2.45189 -0.629185 1.92353 7.57021 5.52374 -0.692509 -5.70619 -3.3147 -1.56712 2.0755 3.69332 9.80959 -8.43668 -5.96522 -3.28193 -0.0957021 2.3123 5.76074 11.6601 -8.72025 -6.8178 -3.13695 -0.644185 2.60903 6.63191 14.8946 -9.09552 -5.49691 -2.7962 2.4934 2.71134 10.4154 15.7177 -4.94374 -7.44269 -1.83417 -2.94527 2.80307 7.99656 15.774 -10.415 -5.92653 -3.10879 5.58348 1.59138
96.06 10.1844 6.47786 3.71246 -3.64192 -2.3204 -0.425095 1.95769 8.31501 5.2171 0.382149 -5.61093 -3.23353 -1.64737 2.05284 3.43756 9.40153 -8.06982 -5.96514 -3.30011 -0.268852 2.27709 5.57142 11.3185 -8.71924 -6.85356 -3.18336 -0.807063 2.56417 6.45231 14.4408 -9.19719 -5.51614 -2.8635 2.38016 2.68131 9.72378 15.725 -5.38784 -7.51859 -1.90274 -2.92891 2.83881 8.06242 16.005 -10.4074 -5.92246 -3.06094 5.58985 1.6001
96.11 10.2255 7.26413 3.86837 -3.59311 -2.2115 -0.186579 1.99922 8.78601 5.09878 1.22714 -5.51698 -3.1189 -1.70279 2.03605 3.29908 8.93085 -7.55454 -5.95055 -3.31561 -0.435963 2.24303 5.36495 10.9885 -8.68124 -6.88554 -3.22483 -0.966986 2.51909 6.28011 13.9862 -9.28598 -5.53394 -2.92297 2.25475 2.64876 9.09377 15.5551 -5.83646 -7.5945 -2.00705 -2.91821 2.86612 8.06747 16.2261 -10.4008 -5.91803 -3.01852 5.59751 1.61058
96.16 10.2489 8.09364 3.70782 -3.56306 -2.12272 0.077779 2.04637 9.13896 5.11762 1.88763 -5.42499 -2.98717 -1.72768 2.02651 3.32527 8.37565 -6.84246 -5.9167 -3.32835 -0.594908 2.21011 5.13193 10.6612 -8.59888 -6.91251 -3.26202 -1.1227 2.47416 6.11214 13.54 -9.36253 -5.55053 -2.97552 2.11794 2.61435 8.54805 15.2329 -6.2721 -7.6701 -2.13998 -2.91439 2.88286 8.01016 16.4216 -10.3954 -5.9135 -2.98505 5.60615 1.62245
96.21 10.262 9.0351 3.10321 -3.56355 -2.05134 0.361514 2.09757 9.46403 5.25359 2.40372 -5.33549 -2.84788 -1.7154 2.02504 3.63231 7.72949 -5.88758 -5.86073 -3.33816 -0.74337 2.17837 4.86437 10.3269 -8.46113 -6.93311 -3.29543 -1.27312 2.42971 5.94472 13.1101 -9.42637 -5.56621 -3.02201 1.97098 2.5786 8.08565 14.8126 -6.67626 -7.74491 -2.287 -2.91793 2.88796 7.89948 16.5789 -10.3915 -5.90911 -2.96299 5.61536 1.63517
96.26 10.2683 10.1231 2.00876 -3.60185 -1.99489 0.659432 2.15144 9.81328 5.5254 2.80414 -5.24907 -2.70492 -1.65844 2.03215 4.48074 7.02259 -4.65433 -5.78491 -3.34431 -0.878742 2.14788 4.56304 9.97336 -8.25147 -6.94584 -3.32541 -1.41733 2.38612 5.77341 12.701 -9.47606 -5.58121 -3.06324 1.81545 2.54196 7.69572 14.3475 -7.03628 -7.81829 -2.43477 -2.92839 2.88172 7.75076 16.6911 -10.3894 -5.90509 -2.9531 5.62465 1.64806
96.31 10.2665 11.2692 0.63344 -3.66734 -1.95124 0.966602 2.20676 10.2044 5.98307 3.10102 -5.16698 -2.56024 -1.54933 2.04821 5.97094 6.32551 -3.18355 -5.69628 -3.34264 -0.997899 2.11885 4.24637 9.58515 -7.94502 -6.94849 -3.35213 -1.55451 2.34384 5.5926 12.3141 -9.50925 -5.59573 -3.09991 1.65303 2.50477 7.3651 13.8751 -7.34688 -7.88953 -2.57482 -2.94478 2.86533 7.57929 16.7573 -10.3891 -5.90162 -2.95445 5.63357 1.66048
96.36 10.2431 12.3446 -0.7374 -3.74144 -1.91875 1.27727 2.26256 10.6216 6.64691 3.27754 -5.09217 -2.41745 -1.38607 2.07336 7.46139 5.75875 -1.7284 -5.60216 -3.31378 -1.09665 2.09189 3.96015 9.14224 -7.50529 -6.93674 -3.37559 -1.68389 2.30317 5.39497 11.9483 -9.52275 -5.60989 -3.13266 1.4853 2.46733 7.08122 13.4171 -7.60824 -7.95794 -2.70312 -2.96587 2.8404 7.397 16.7817 -10.3908 -5.89879 -2.96508 5.64173 1.67188
96.41 10.1529 13.2878 -1.98333 -3.81415 -1.89747 1.58348 2.31793 11.0395 7.48032 3.26584 -5.03142 -2.28198 -1.17632 2.10733 8.45508 5.45552 -0.49933 -5.50722 -3.22915 -1.16878 2.06886 3.79514 8.62159 -6.88267 -6.90524 -3.39564 -1.80476 2.26407 5.17116 11.6005 -9.51254 -5.62367 -3.16205 1.31363 2.42992 6.83315 12.9839 -7.8231 -8.02283 -2.81846 -2.99045 2.80858 7.212 16.7705 -10.3942 -5.89662 -2.98266 5.64887 1.68186
96.46 9.88974 14.072 -3.1204 -3.88267 -1.89218 1.87306 2.3719 11.4373 8.47843 2.92285 -4.99795 -2.15888 -0.931373 2.14931 9.07266 5.41331 0.47413 -5.41362 -3.09536 -1.20599 2.05245 3.90028 8.00764 -6.02008 -6.84987 -3.41202 -1.91636 2.22639 4.911 11.2658 -9.47354 -5.63704 -3.18856 1.13922 2.39281 6.61187 12.5788 -7.99482 -8.08356 -2.92114 -3.01749 2.77138 7.02921 16.7309 -10.3992 -5.89509 -3.00495 5.65481 1.69015
96.51 9.27521 14.6437 -4.24007 -3.94703 -1.91914 2.12778 2.42278 11.7916 9.689 2.08811 -5.00835 -2.05143 -0.661084 2.198 9.55245 5.58068 1.22677 -5.32236 -2.93609 -1.19887 2.04479 4.52543 7.31465 -4.86457 -6.77074 -3.42398 -2.01786 2.1901 4.60866 10.9386 -9.39929 -5.65001 -3.21254 0.963161 2.35632 6.40997 12.2008 -8.12619 -8.1395 -3.01215 -3.04611 2.73007 6.85132 16.6694 -10.4055 -5.89414 -3.03004 5.65951 1.69666
96.56 8.16218 14.8889 -5.45695 -4.00823 -2.01099 2.32742 2.46708 12.0625 11.0518 0.882723 -5.06042 -1.96115 -0.372976 2.25173 10.0279 5.96647 1.79266 -5.23458 -2.76532 -1.13772 2.04718 5.84956 6.60323 -3.42537 -6.6738 -3.42801 -2.10827 2.15535 4.27097 10.6117 -9.28122 -5.66244 -3.23419 0.786541 2.32089 6.22125 11.8466 -8.21888 -8.19001 -3.09269 -3.07562 2.68573 6.67939 16.592 -10.413 -5.89371 -3.05647 5.66297 1.70136
96.61 6.69305 14.7864 -6.76989 -4.06738 -2.17285 2.46298 2.49947 12.1948 12.374 -0.304661 -5.12885 -1.88802 -0.0730792 2.30876 10.5282 6.58668 2.17805 -5.15293 -2.59172 -1.01751 2.06039 7.33507 5.99104 -1.93438 -6.56736 -3.40711 -2.18611 2.12267 3.92513 10.2765 -9.10757 -5.67269 -3.25362 0.610542 2.28684 6.04016 11.5114 -8.27311 -8.23445 -3.16397 -3.10546 2.63924 6.51334 16.5034 -10.4213 -5.89369 -3.08314 5.66524 1.70432
96.66 5.23642 14.5391 -8.02731 -4.12491 -2.34807 2.54037 2.51719 12.1721 13.5501 -1.28564 -5.19685 -1.831 0.232166 2.36754 11.0352 7.4015 2.33612 -5.08378 -2.4244 -0.843621 2.08457 8.37641 5.62142 -0.645473 -6.45774 -3.33154 -2.24883 2.0937 3.62378 9.92181 -8.86162 -5.67794 -3.27081 0.436535 2.25415 5.86132 11.1893 -8.28738 -8.2721 -3.22713 -3.13524 2.5913 6.35222 16.4074 -10.4303 -5.89399 -3.10931 5.66641 1.70564
96.71 4.01257 14.2823 -9.12958 -4.18055 -2.5009 2.5717 2.52189 12.0196 14.5661 -2.06457 -5.25923 -1.78857 0.532946 2.42685 11.5289 8.39149 2.13984 -5.0401 -2.27152 -0.627101 2.11909 9.0232 5.50361 0.383238 -6.34827 -3.20318 -2.29273 2.07099 3.42015 9.5328 -8.51927 -5.67506 -3.28573 0.266162 2.22264 5.67899 10.8738 -8.25802 -8.30214 -3.28319 -3.16463 2.54255 6.19435 16.307 -10.4398 -5.89453 -3.1345 5.6666 1.70545
96.76 3.05194 14.0403 -10.0635 -4.23389 -2.62721 2.56816 2.51651 11.7611 15.4336 -2.69459 -5.31492 -1.7595 0.812947 2.48568 11.9942 9.5988 1.42644 -5.0396 -2.13806 -0.378456 2.16264 9.51409 5.56247 1.18288 -6.24053 -3.04557 -2.3136 2.05672 3.33748 9.08981 -8.04669 -5.66018 -3.29835 0.101392 2.19221 5.48653 10.5567 -8.17842 -8.32356 -3.33302 -3.19339 2.49349 6.03732 16.2044 -10.4495 -5.89521 -3.15843 5.66591 1.7039
96.81 2.31663 13.8077 -10.8453 -4.28459 -2.7308 2.53811 2.50365 11.4111 16.1642 -3.22762 -5.36449 -1.74357 1.05247 2.54314 12.4165 10.9736 0.293871 -5.08303 -2.02581 -0.10598 2.21348 9.99397 5.75383 1.79622 -6.13566 -2.87385 -2.30663 2.0523 3.39201 8.5709 -7.40158 -5.62873 -3.30862 -0.055397 2.1629 5.27672 10.2286 -8.03765 -8.33504 -3.37735 -3.22135 2.44456 5.87792 16.1011 -10.4594 -5.89598 -3.18098 5.66446 1.70113
96.86 1.75934 13.5752 -11.4961 -4.33242 -2.81601 2.48724 2.48531 10.9814 16.7613 -3.70494 -5.40923 -1.74221 1.24195 2.59833 12.7727 12.3214 -0.859855 -5.14541 -1.93406 0.183938 2.26975 10.4995 6.05922 2.25589 -6.035 -2.69727 -2.26611 2.05867 3.64229 7.96322 -6.54394 -5.57697 -3.31638 -0.20131 2.13478 5.04447 9.87689 -7.81828 -8.33485 -3.41678 -3.24838 2.39613 5.71185 15.9984 -10.4693 -5.89677 -3.20211 5.66235 1.69725
96.91 1.33881 13.3354 -12.0355 -4.37728 -2.88644 2.41921 2.463 10.4848 17.2161 -4.15775 -5.4505 -1.7591 1.38492 2.65016 13.0248 13.5287 -1.82562 -5.20817 -1.86061 0.485894 2.3297 11.0144 6.47207 2.5782 -5.94048 -2.52541 -2.18589 2.07622 4.2623 7.28409 -5.4473 -5.50518 -3.32115 -0.332728 2.10791 4.79514 9.48541 -7.49302 -8.32074 -3.4517 -3.27439 2.34854 5.53333 15.8968 -10.479 -5.89755 -3.22187 5.65967 1.69241
96.96 1.02218 13.0828 -12.4799 -4.41918 -2.94499 2.33615 2.43787 9.93938 17.5056 -4.60848 -5.48939 -1.80017 1.48863 2.69722 13.1256 14.5804 -2.60418 -5.26518 -1.80283 0.79428 2.39178 11.5195 7.01845 2.75432 -5.85554 -2.36694 -2.05987 2.10451 5.52393 6.59237 -4.09775 -5.41892 -3.32051 -0.444956 2.08241 4.56063 9.03335 -7.02064 -8.28979 -3.4823 -3.29932 2.30223 5.33461 15.797 -10.4886 -5.89832 -3.24035 5.65651 1.6867
97.01 0.784073 12.8151 -12.8425 -4.4582 -2.9939 2.23913 2.41079 9.37001 17.6014 -5.06994 -5.52669 -1.87156 1.55882 2.73764 13.0319 15.4903 -3.25166 -5.31504 -1.75833 1.10161 2.45473 12.0012 7.76357 2.72241 -5.78747 -2.22717 -1.88381 2.1424 7.20992 6.00105 -2.61392 -5.32559 -3.29975 -0.5316 2.05868 4.42917 8.49842 -6.34353 -8.23796 -3.50851 -3.32311 2.25766 5.10589 15.6992 -10.4978 -5.89919 -3.25766 5.65295 1.68027
97.06 0.605148 12.5324 -13.1338 -4.49449 -3.03496 2.12866 2.38244 8.80539 17.4888 -5.54238 -5.56296 -1.97465 1.59886 2.7693 12.7151 16.2749 -3.82339 -5.35802 -1.72546 1.39581 2.51752 12.4503 8.7634 2.32865 -5.75123 -2.10801 -1.66143 2.18823 8.55111 5.71281 -1.26606 -5.23076 -3.21688 -0.583407 2.03841 4.6148 7.87036 -5.39159 -8.16133 -3.52981 -3.34571 2.21498 4.83726 15.6036 -10.5068 -5.90047 -3.2739 5.64906 1.6733
97.11 0.470743 12.2373 -13.3612 -4.52825 -3.06958 2.00526 2.35331 8.27248 17.1843 -6.01279 -5.59855 -2.1024 1.6104 2.79038 12.1692 16.9442 -4.36234 -5.39523 -1.70397 1.65823 2.57928 12.859 10.0279 1.42949 -5.76345 -2.0092 -1.40382 2.24016 9.40511 5.82101 -0.181901 -5.13755 -3.06169 -0.587836 2.02516 5.45091 7.17641 -4.11031 -8.06091 -3.54417 -3.36706 2.17409 4.52505 15.5107 -10.5154 -5.90283 -3.2891 5.64489 1.66612
97.16 0.369784 11.9337 -13.5292 -4.55965 -3.09888 1.86981 2.3238 7.79174 16.7305 -6.46082 -5.6336 -2.24176 1.59436 2.80008 11.4251 17.4949 -4.89669 -5.42825 -1.69686 1.87081 2.63908 13.2162 11.4186 0.236584 -5.81594 -1.92925 -1.12287 2.29636 10.0437 6.2631 0.633056 -5.0481 -2.87005 -0.533169 2.02217 6.82493 6.50504 -2.61022 -7.94362 -3.54172 -3.38698 2.13515 4.18188 15.4209 -10.5235 -5.90654 -3.30323 5.6405 1.6591
97.21 0.293926 11.6256 -13.6401 -4.58881 -3.12379 1.72375 2.29422 7.37326 16.1771 -6.86873 -5.66811 -2.38015 1.55166 2.79878 10.5697 17.8973 -5.43611 -5.45864 -1.71341 2.02933 2.69566 13.4981 12.7336 -0.873167 -5.88268 -1.86582 -0.828838 2.3552 10.6151 6.95946 1.17484 -4.96641 -2.67041 -0.41717 2.03122 8.00857 6.00737 -1.19605 -7.81786 -3.49539 -3.40482 2.09911 3.84681 15.3354 -10.5311 -5.91076 -3.31618 5.63594 1.65243
97.26 0.236891 11.3156 -13.6934 -4.6157 -3.14503 1.56877 2.2648 7.01591 15.5708 -7.22708 -5.7021 -2.50933 1.48372 2.78773 9.74028 18.096 -5.96965 -5.48766 -1.76856 2.14003 2.7468 13.6616 13.8959 -1.77433 -5.94959 -1.81628 -0.531814 2.41534 11.1548 7.84267 1.37938 -4.90138 -2.48006 -0.247865 2.05278 8.76062 5.76355 -0.0292705 -7.68938 -3.3913 -3.41927 2.06804 3.57504 15.2548 -10.5382 -5.91485 -3.32782 5.63127 1.64595
97.31 0.193969 11.004 -13.6862 -4.64009 -3.1632 1.40658 2.23573 6.71086 14.9525 -7.53434 -5.73562 -2.6256 1.39277 2.76854 9.04398 18.0617 -6.47364 -5.51616 -1.8684 2.2103 2.78941 13.6566 14.9047 -2.49389 -6.01221 -1.77823 -0.244939 2.47574 11.6648 8.92186 1.10138 -4.86912 -2.30915 -0.0360992 2.08614 9.27604 5.71932 0.887603 -7.56105 -3.24819 -3.42897 2.04415 3.39693 15.1798 -10.5443 -5.91864 -3.33807 5.62653 1.63956
97.36 0.161632 10.6883 -13.6128 -4.66146 -3.17878 1.23873 2.20713 6.44607 14.3538 -7.7936 -5.76884 -2.72814 1.28177 2.74286 8.49557 17.8319 -6.92677 -5.54456 -1.99963 2.24594 2.82077 13.4527 15.777 -3.08768 -6.06932 -1.74973 0.0136197 2.53564 12.1374 10.2221 0.261636 -4.88339 -2.16241 0.208388 2.12969 9.73758 5.81701 1.59508 -7.43446 -3.08452 -3.43304 2.02904 3.31171 15.1106 -10.5493 -5.92209 -3.34697 5.62178 1.63324
97.41 0.137249 10.363 -13.4635 -4.67891 -3.19216 1.06653 2.17911 6.20933 13.7927 -8.00962 -5.80196 -2.8177 1.15401 2.71219 8.06055 17.4705 -7.31911 -5.57288 -2.1426 2.25157 2.83977 13.0507 16.5286 -3.60537 -6.12105 -1.72953 0.228475 2.59442 12.5536 11.6059 -0.849134 -4.9308 -2.04062 0.477486 2.18138 10.224 6.02946 2.13208 -7.31102 -2.9101 -3.43089 2.02385 3.30844 15.0471 -10.5529 -5.92518 -3.35461 5.61706 1.62706
97.46 0.118874 10.0188 -13.2235 -4.69102 -3.20362 0.891134 2.15176 5.98927 13.276 -8.18691 -5.83516 -2.89563 1.01264 2.67775 7.7039 17.0259 -7.65124 -5.60091 -2.28324 2.23098 2.84684 12.4714 17.1677 -4.08525 -6.16821 -1.71752 0.397708 2.65154 12.8749 12.8943 -1.8758 -4.98643 -1.94198 0.764123 2.23904 10.7341 6.33404 2.52532 -7.1924 -2.73372 -3.42219 2.02937 3.3754 14.9892 -10.5548 -5.92793 -3.36109 5.6124 1.62106
97.51 0.105104 9.64243 -12.8704 -4.69556 -3.21337 0.713612 2.12514 5.7752 12.8037 -8.32881 -5.8685 -2.96346 0.860426 2.64058 7.40142 16.5272 -7.92963 -5.62836 -2.41427 2.1871 2.84329 11.7475 17.6882 -4.55489 -6.21173 -1.71579 0.527625 2.70642 13.0459 14.0283 -2.73029 -5.03901 -1.86356 1.06147 2.30068 11.2452 6.70545 2.78799 -7.08075 -2.56511 -3.40699 2.0458 3.49995 14.9366 -10.5549 -5.93034 -3.3665 5.60784 1.61531
97.56 0.0950256 9.21517 -12.3719 -4.68931 -3.22154 0.535086 2.09929 5.55625 12.3715 -8.43717 -5.90193 -3.02265 0.69968 2.60151 7.13754 15.9917 -8.16272 -5.65499 -2.53278 2.12204 2.83078 10.9316 18.0618 -5.03062 -6.25251 -1.73085 0.624482 2.7582 13.0103 15.0113 -3.45387 -5.08581 -1.80239 1.3623 2.36459 11.7399 7.12663 2.9197 -6.97895 -2.41193 -3.38583 2.07251 3.66959 14.8893 -10.553 -5.93244 -3.37091 5.6034 1.60983
97.61 0.088347 8.71426 -11.6875 -4.66804 -3.22816 0.35681 2.07426 5.32065 11.9733 -8.51225 -5.93521 -3.07452 0.532345 2.56117 6.90202 15.4337 -8.35874 -5.68065 -2.63827 2.0374 2.81093 10.1083 18.2335 -5.51487 -6.29135 -1.77511 0.691737 2.80529 12.7237 15.8588 -4.10685 -5.12681 -1.75611 1.65861 2.42937 12.2068 7.59615 2.90519 -6.89084 -2.27816 -3.35962 2.10827 3.87521 14.8472 -10.5491 -5.93423 -3.37437 5.5991 1.60465
97.66 0.0861558 8.12101 -10.7852 -4.62766 -3.2332 0.180243 2.05008 5.05616 11.6019 -8.55272 -5.9679 -3.12021 0.3601 2.5201 6.68764 14.8698 -8.52469 -5.70535 -2.73134 1.93464 2.78525 9.371 18.1492 -5.99549 -6.32901 -1.85987 0.729934 2.84517 12.1655 16.582 -4.73682 -5.16291 -1.724 1.94146 2.49385 12.6373 8.12965 2.71155 -6.82171 -2.16463 -3.32948 2.15142 4.11377 14.8104 -10.5432 -5.93573 -3.37689 5.59497 1.59978
97.71 0.0940543 7.4404 -9.68072 -4.56723 -3.23654 0.00709312 2.02678 4.75397 11.2495 -8.55544 -5.99932 -3.16063 0.184483 2.4787 6.48884 14.3186 -8.66589 -5.72922 -2.8131 1.81556 2.75499 8.76324 17.8104 -6.45211 -6.36615 -1.98163 0.737933 2.87502 11.375 17.1769 -5.36634 -5.19531 -1.70911 2.20083 2.55691 13.0233 8.75708 2.28975 -6.77847 -2.0703 -3.29655 2.2002 4.38961 14.7791 -10.5357 -5.93697 -3.37838 5.59103 1.59524
97.76 0.13377 6.7138 -8.45938 -4.49138 -3.23815 -0.160669 2.00443 4.41571 10.9081 -8.51518 -6.02854 -3.19645 0.00698589 2.4373 6.30093 13.7944 -8.78596 -5.75247 -2.88482 1.68232 2.72124 8.27363 17.2784 -6.86682 -6.40326 -2.12384 0.714932 2.89302 10.4888 17.6115 -5.98602 -5.22526 -1.72163 2.42564 2.61702 13.3524 9.50661 1.60282 -6.76788 -1.99328 -3.26188 2.25295 4.71288 14.7542 -10.5266 -5.93795 -3.37866 5.58729 1.59102
97.81 0.27802 5.99696 -7.21945 -4.40774 -3.23808 -0.320795 1.98304 4.05633 10.569 -8.42379 -6.05434 -3.22815 -0.170879 2.39619 6.11956 13.3047 -8.88681 -5.77537 -2.94775 1.53729 2.68486 7.87404 16.6343 -7.23044 -6.44065 -2.27002 0.661967 2.89895 9.68648 17.8358 -6.56507 -5.25385 -1.7756 2.60532 2.67168 13.6028 10.3644 0.700037 -6.79066 -1.93149 -3.22638 2.30827 5.09088 14.7375 -10.5164 -5.93868 -3.37728 5.58379 1.58715
97.86 0.724286 5.32863 -5.98226 -4.32248 -3.23652 -0.470733 1.96266 3.69794 10.2216 -8.26899 -6.07527 -3.25604 -0.34755 2.35567 5.94026 12.8516 -8.96888 -5.79811 -3.00305 1.38271 2.64658 7.54007 15.9504 -7.54214 -6.47854 -2.40977 0.582031 2.89376 9.05717 17.8439 -7.07619 -5.28195 -1.87181 2.73413 2.71775 13.7479 11.2572 -0.261096 -6.83803 -1.88285 -3.1908 2.36501 5.51396 14.7322 -10.5052 -5.93918 -3.37343 5.58057 1.58366
97.91 1.84787 4.7254 -4.66061 -4.23888 -3.23364 -0.60753 1.9433 3.3626 9.85301 -8.03222 -6.08958 -3.28041 -0.521419 2.31615 5.7579 12.4332 -9.03124 -5.82082 -3.05179 1.22053 2.607 7.25397 15.2771 -7.80599 -6.51711 -2.53812 0.479227 2.87901 8.57818 17.6893 -7.50921 -5.30997 -1.99442 2.81375 2.75287 13.7703 12.1087 -1.13631 -6.89881 -1.84533 -3.15576 2.42222 5.95388 14.7434 -10.4935 -5.93939 -3.36585 5.5777 1.58061
97.96 3.84344 4.19249 -3.18093 -4.15828 -3.22917 -0.727635 1.92498 3.0719 9.44568 -7.68535 -6.09459 -3.3015 -0.690856 2.27816 5.56611 12.0454 -9.07179 -5.8435 -3.0949 1.05234 2.56661 7.00318 14.642 -8.02791 -6.55649 -2.65344 0.357862 2.85638 8.19795 17.4321 -7.86794 -5.33789 -2.12617 2.8509 2.77622 13.6646 12.8805 -1.87473 -6.96603 -1.8171 -3.12171 2.47914 6.37888 14.7779 -10.4816 -5.93929 -3.35294 5.57531 1.57811
98.01 6.09733 3.74815 -1.69416 -4.081 -3.21796 -0.826507 1.90781 2.85746 8.97745 -7.18716 -6.08545 -3.3195 -0.854237 2.24211 5.3566 11.6824 -9.08736 -5.866 -3.13321 0.879472 2.52582 6.77865 14.0567 -8.21365 -6.59669 -2.75588 0.221928 2.82746 7.87928 17.113 -8.16275 -5.36548 -2.25601 2.85352 2.78826 13.4332 13.5632 -2.48823 -7.03651 -1.79667 -3.089 2.53514 6.76585 14.8423 -10.4697 -5.93879 -3.33319 5.57355 1.57635
98.06 7.90144 3.50286 -0.368849 -4.0068 -3.16956 -0.897753 1.89258 2.79857 8.42513 -6.48263 -6.0566 -3.3345 -1.00996 2.20802 5.11914 11.3378 -9.07355 -5.88809 -3.16743 0.703077 2.48498 6.57355 13.5234 -8.36786 -6.6376 -2.84636 0.0749349 2.79363 7.60094 16.7548 -8.40541 -5.39239 -2.37819 2.82858 2.79013 13.0833 14.1579 -3.00906 -7.10889 -1.78306 -3.0579 2.58972 7.1029 14.9417 -10.4582 -5.93782 -3.30564 5.57261 1.5756
98.11 9.00262 3.61409 0.757895 -3.93502 -3.04316 -0.931806 1.8823 3.10261 7.77939 -5.50947 -6.00464 -3.34641 -1.15643 2.17563 4.84395 11.0043 -9.02447 -5.90945 -3.19814 0.524257 2.44445 6.38236 13.0392 -8.49367 -6.67894 -2.92612 -0.0800804 2.75605 7.35129 16.3695 -8.60675 -5.41828 -2.49023 2.78157 2.78327 12.6251 14.6681 -3.47012 -7.18252 -1.77597 -3.02863 2.64245 7.38708 15.0778 -10.4473 -5.93632 -3.2703 5.57272 1.57614
98.16 9.58461 4.01981 1.69962 -3.86499 -2.86699 -0.916798 1.88088 4.08619 7.06674 -4.21937 -5.93145 -3.3547 -1.29203 2.1447 4.52814 10.6738 -8.93208 -5.92983 -3.22576 0.344177 2.40465 6.20027 12.599 -8.5927 -6.72027 -2.99647 -0.24048 2.71568 7.12361 15.9636 -8.77581 -5.44288 -2.59139 2.71644 2.76911 12.0704 15.0946 -3.89921 -7.25703 -1.77623 -3.00138 2.69289 7.62066 15.2483 -10.437 -5.93423 -3.2282 5.57406 1.57825
98.21 9.89307 4.6195 2.47623 -3.79659 -2.68572 -0.842711 1.89035 5.6571 6.35355 -2.70916 -5.84409 -3.35616 -1.415 2.11516 4.18326 10.3371 -8.78508 -5.94815 -3.25055 0.164141 2.36608 6.02262 12.1962 -8.6651 -6.76099 -3.05862 -0.403952 2.6733 6.91361 15.5401 -8.91971 -5.466 -2.68186 2.63583 2.74899 11.4342 15.431 -4.31835 -7.33217 -1.7867 -2.97645 2.7405 7.80717 15.4478 -10.4275 -5.93154 -3.18119 5.5768 1.58216
98.26 10.0617 5.34433 3.0991 -3.73043 -2.52051 -0.708762 1.91073 7.07963 5.74104 -1.27492 -5.7502 -3.33689 -1.52311 2.08739 3.83901 9.98285 -8.56723 -5.96161 -3.27264 -0.0143561 2.32896 5.84455 11.8237 -8.7097 -6.80035 -3.11368 -0.568463 2.62953 6.71804 15.1013 -9.04383 -5.48753 -2.76227 2.54137 2.72412 10.742 15.6585 -4.7433 -7.40774 -1.81358 -2.95431 2.78443 7.94789 15.6682 -10.4187 -5.92824 -3.13168 5.58102 1.58801
98.31 10.156 6.11801 3.56148 -3.66829 -2.37813 -0.524114 1.94091 8.01763 5.3316 -0.0824255 -5.65477 -3.27621 -1.61313 2.06267 3.54331 9.59611 -8.2548 -5.9667 -3.29206 -0.18962 2.29318 5.66034 11.4742 -8.72395 -6.83747 -3.16261 -0.732225 2.58491 6.53404 14.6508 -9.15198 -5.50746 -2.83349 2.43394 2.69552 10.0376 15.7434 -5.18165 -7.48357 -1.86672 -2.93584 2.82322 8.03916 15.8988 -10.4108 -5.92439 -3.08256 5.58674 1.59584
98.36 10.2094 6.89938 3.82901 -3.61389 -2.25906 -0.30026 1.97926 8.59105 5.13374 0.863087 -5.5601 -3.17476 -1.68065 2.04296 3.34595 9.15722 -7.81361 -5.9594 -3.3088 -0.35977 2.2586 5.46289 11.1398 -8.70377 -6.87133 -3.20627 -0.893679 2.53988 6.35881 14.1954 -9.24656 -5.52589 -2.89645 2.31406 2.66404 9.37453 15.6549 -5.62998 -7.5595 -1.95467 -2.92235 2.85473 8.07304 16.1264 -10.4037 -5.9201 -3.03718 5.59383 1.60554
98.41 10.2397 7.70166 3.82905 -3.57389 -2.16134 -0.0469051 2.02403 8.98394 5.09403 1.60314 -5.46714 -3.04927 -1.72039 2.02994 3.28806 8.64326 -7.19849 -5.93498 -3.32282 -0.522757 2.22515 5.24331 10.8124 -8.64298 -6.90078 -3.24536 -1.05148 2.49484 6.18931 13.7442 -9.32875 -5.54301 -2.95209 2.18239 2.63041 8.78896 15.3972 -6.07404 -7.6353 -2.07598 -2.91524 2.87655 8.04399 16.3355 -10.3977 -5.91559 -2.99918 5.60207 1.61684
98.46 10.2569 8.58261 3.44472 -3.55878 -2.08227 0.228592 2.07355 9.31356 5.17608 2.18149 -5.37643 -2.91272 -1.72614 2.02467 3.44271 8.0379 -6.36068 -5.8893 -3.33402 -0.676357 2.19286 4.99234 10.4827 -8.53244 -6.92449 -3.28046 -1.20446 2.45013 6.02213 13.306 -9.39857 -5.55908 -3.00127 2.03993 2.59522 8.28915 15.015 -6.49476 -7.71054 -2.21839 -2.91539 2.88706 7.95625 16.5117 -10.3931 -5.9111 -2.97166 5.61107 1.62924
98.51 10.2662 9.60573 2.56725 -3.5797 -2.01922 0.520573 2.12634 9.64714 5.38032 2.63258 -5.28849 -2.77119 -1.69077 2.02778 4.00215 7.35253 -5.25912 -5.82196 -3.34203 -0.818116 2.16178 4.70554 10.1397 -8.35845 -6.94105 -3.312 -1.35165 2.40609 5.85323 12.8869 -9.45503 -5.57436 -3.04483 1.88814 2.55895 7.86739 14.5648 -6.87621 -7.78466 -2.36719 -2.92276 2.88595 7.82305 16.6451 -10.3901 -5.90689 -2.95617 5.62039 1.64213
98.56 10.2688 10.7428 1.28171 -3.63505 -1.96991 0.824114 2.18113 10.0193 5.74585 2.97714 -5.20418 -2.62702 -1.60649 2.03968 5.2303 6.63968 -3.8794 -5.73824 -3.34505 -0.945188 2.13204 4.39222 9.76967 -8.1004 -6.94874 -3.34021 -1.49216 2.36315 5.67759 12.4898 -9.49617 -5.58908 -3.08352 1.7287 2.52197 7.51105 14.0922 -7.20985 -7.85698 -2.51153 -2.93656 2.87405 7.66034 16.7323 -10.389 -5.90315 -2.95253 5.62953 1.65485
98.61 10.2584 11.8629 -0.117564 -3.70707 -1.93241 1.13399 2.23682 10.4276 6.31696 3.21389 -5.12546 -2.48274 -1.46779 2.06064 6.82393 5.99372 -2.37894 -5.64588 -3.33265 -1.05398 2.10399 4.08384 9.35477 -7.72754 -6.94429 -3.36518 -1.62523 2.32172 5.48876 12.1146 -9.51921 -5.6034 -3.118 1.56323 2.48461 7.20709 13.6257 -7.49367 -7.92679 -2.64553 -2.95564 2.85285 7.48182 16.7753 -10.3898 -5.90001 -2.95917 5.63808 1.66678
98.66 10.2078 12.871 -1.42541 -3.78107 -1.90575 1.44345 2.2925 10.8481 7.07699 3.30183 -5.05702 -2.34319 -1.27812 2.0906 8.0592 5.55928 -1.03347 -5.55093 -3.27567 -1.13931 2.07882 3.84825 8.87277 -7.19615 -6.92255 -3.38683 -1.75012 2.28192 5.2783 11.7589 -9.52049 -5.61736 -3.14888 1.39321 2.44716 6.94373 13.1803 -7.72956 -7.99338 -2.76687 -2.97875 2.82401 7.29728 16.7797 -10.3924 -5.89753 -2.97384 5.64572 1.67745
98.71 10.0426 13.7322 -2.605 -3.85162 -1.89198 1.74258 2.34726 11.2576 7.99472 3.13428 -5.00887 -2.21386 -1.04804 2.12903 8.81751 5.4047 0.0551012 -5.45656 -3.16152 -1.19375 2.05904 3.80539 8.30247 -6.45135 -6.87851 -3.40495 -1.86609 2.2436 5.03607 11.4189 -9.49548 -5.63093 -3.17667 1.21993 2.40987 6.7111 12.7622 -7.92078 -8.05611 -2.8753 -3.00478 2.78912 7.11302 16.7523 -10.3967 -5.89572 -2.99421 5.65222 1.68655
98.76 9.61517 14.4125 -3.71799 -3.91781 -1.90091 2.01601 2.39986 11.6355 9.10301 2.53749 -4.99744 -2.09891 -0.788365 2.17481 9.337 5.47828 0.904514 -5.3641 -3.01158 -1.20829 2.04714 4.15213 7.64135 -5.43657 -6.80993 -3.41911 -1.97236 2.20666 4.7533 11.089 -9.4384 -5.64407 -3.20178 1.0445 2.37304 6.5011 12.3719 -8.07048 -8.11433 -2.97155 -3.03276 2.74956 6.93266 16.7001 -10.4024 -5.89451 -3.01822 5.6575 1.69388
98.81 8.73766 14.8239 -4.87881 -3.98031 -1.95848 2.24316 2.4478 11.9515 10.4166 1.45928 -5.03272 -2.00062 -0.507669 2.22644 9.80534 5.75917 1.55355 -5.27452 -2.84494 -1.17317 2.04477 5.16634 6.92775 -4.11552 -6.72019 -3.4277 -2.06803 2.17117 4.42994 10.7629 -9.34178 -5.65683 -3.22448 0.867999 2.33707 6.30702 12.0073 -8.18089 -8.16743 -3.05676 -3.06193 2.7065 6.75793 16.6294 -10.4094 -5.89385 -3.04419 5.66152 1.69941
98.86 7.39149 14.866 -6.161 -4.0403 -2.09259 2.40831 2.48631 12.1536 11.7791 0.221966 -5.09671 -1.91967 -0.21249 2.28215 10.2952 6.27315 2.02414 -5.18954 -2.67157 -1.08018 2.05293 6.68481 6.25076 -2.60755 -6.61716 -3.42189 -2.1519 2.13742 4.08285 10.4327 -9.19549 -5.6684 -3.24494 0.691556 2.30237 6.12307 11.664 -8.25293 -8.21475 -3.13217 -3.09168 2.6609 6.58924 16.5454 -10.4174 -5.89365 -3.07086 5.66433 1.70317
98.91 5.88678 14.6586 -7.46336 -4.09858 -2.26898 2.51116 2.5108 12.2006 13.0278 -0.860797 -5.16602 -1.85539 0.0912224 2.34029 10.802 7.00451 2.29745 -5.11348 -2.50021 -0.929816 2.07208 7.95917 5.75701 -1.20754 -6.50842 -3.37414 -2.222 2.10644 3.75326 10.0886 -8.98537 -5.67633 -3.26316 0.516444 2.26907 5.94387 11.3366 -8.28594 -8.25562 -3.19894 -3.12154 2.61355 6.42601 16.4524 -10.4261 -5.89381 -3.09734 5.666 1.70523
98.96 4.5434 14.3991 -8.64251 -4.15515 -2.43381 2.5622 2.52115 12.1043 14.1168 -1.72725 -5.23128 -1.80642 0.395643 2.3995 11.3039 7.91105 2.28591 -5.05593 -2.33984 -0.731544 2.10195 8.75751 5.53165 -0.0601259 -6.39862 -3.26738 -2.27508 2.08053 3.4998 9.71763 -8.69105 -5.67762 -3.27913 0.344172 2.23703 5.76392 11.019 -8.27732 -8.28929 -3.25816 -3.15114 2.5651 6.2669 16.3537 -10.4354 -5.89425 -3.12303 5.66663 1.70572
99.01 3.46414 14.1502 -9.65288 -4.2096 -2.57205 2.57353 2.52006 11.8924 15.0511 -2.41898 -5.29006 -1.77129 0.687699 2.45866 11.7839 9.01317 1.82452 -5.03362 -2.19702 -0.496546 2.14153 9.29501 5.51714 0.839684 -6.28994 -3.12068 -2.30713 2.06215 3.3599 9.30225 -8.2834 -5.66882 -3.29282 0.176549 2.20611 5.57701 10.7037 -8.22195 -8.31483 -3.31076 -3.18021 2.51613 6.10983 16.2519 -10.445 -5.89488 -3.14756 5.66633 1.70478
99.06 2.63086 13.9144 -10.5022 -4.26155 -2.68556 2.55485 2.51037 11.5832 15.8437 -2.99094 -5.34232 -1.74924 0.948024 2.51687 12.2282 10.3306 0.843371 -5.05892 -2.07494 -0.234169 2.18924 9.7696 5.65054 1.53407 -6.1836 -2.95419 -2.31365 2.05304 3.34777 8.82092 -7.72336 -5.64558 -3.30418 0.0157545 2.17628 5.37608 10.382 -8.1111 -8.33108 -3.35755 -3.20856 2.46709 5.95198 16.1488 -10.4549 -5.89562 -3.17076 5.66522 1.70255
99.11 1.99708 13.6829 -11.2109 -4.31072 -2.77874 2.51301 2.49434 11.1888 16.5027 -3.48952 -5.38911 -1.74085 1.16075 2.57322 12.6186 11.7137 -0.345656 -5.11586 -1.97395 0.0484109 2.24324 10.2638 5.90501 2.06151 -6.0808 -2.77873 -2.28935 2.05435 3.4952 8.25437 -6.96788 -5.60348 -3.31313 -0.135574 2.1476 5.15443 10.043 -7.93069 -8.33652 -3.39917 -3.23603 2.41838 5.7896 16.0457 -10.4647 -5.89641 -3.19254 5.6634 1.69917
99.16 1.51806 13.4473 -11.7995 -4.35696 -2.85559 2.45255 2.4737 10.7211 17.0252 -3.95033 -5.43182 -1.74871 1.32429 2.62675 12.9244 12.9915 -1.40602 -5.17974 -1.89238 0.345468 2.3017 10.7772 6.26776 2.4464 -5.98314 -2.60348 -2.22821 2.06675 3.91244 7.60337 -5.98421 -5.54053 -3.31939 -0.274185 2.12014 4.91109 9.67213 -7.65845 -8.32915 -3.43614 -3.26253 2.37036 5.61766 15.9435 -10.4745 -5.89719 -3.21292 5.66097 1.69476
99.21 1.15708 13.2011 -12.2858 -4.40022 -2.91931 2.37624 2.44975 10.1956 17.3945 -4.39978 -5.47169 -1.77779 1.44525 2.67622 13.1009 14.114 -2.26505 -5.23974 -1.82769 0.651657 2.36297 11.2887 6.74619 2.69343 -5.8932 -2.43794 -2.12405 2.09018 4.85344 6.9076 -4.75002 -5.46002 -3.32187 -0.395936 2.09399 4.66319 9.25085 -7.26008 -8.30638 -3.46872 -3.28796 2.3234 5.42936 15.8428 -10.4842 -5.89796 -3.23198 5.65802 1.68943
99.26 0.885491 12.9405 -12.6847 -4.44056 -2.97242 2.28557 2.42348 9.63378 17.5828 -4.85543 -5.50964 -1.8346 1.53035 2.71996 13.1015 15.0871 -2.96555 -5.29294 -1.77733 0.960617 2.42566 11.7826 7.3909 2.77043 -5.81603 -2.28912 -1.97124 2.12383 6.43197 6.24996 -3.29713 -5.36909 -3.31402 -0.495323 2.06935 4.46745 8.75663 -6.68555 -8.26477 -3.49699 -3.31228 2.27798 5.21578 15.7441 -10.4936 -5.89876 -3.24982 5.65464 1.68332
99.31 0.681347 12.6645 -13.0078 -4.47808 -3.0169 2.18125 2.39564 9.06339 17.5664 -5.32367 -5.54633 -1.92341 1.58401 2.75592 12.8899 15.9278 -3.56606 -5.339 -1.73924 1.2628 2.48864 12.2477 8.26823 2.56826 -5.76272 -2.16039 -1.76913 2.16622 8.00452 5.79595 -1.85803 -5.27444 -3.26531 -0.564582 2.04713 4.46864 8.17105 -5.86942 -8.19985 -3.52066 -3.33544 2.23444 4.9666 15.6474 -10.5027 -5.89979 -3.26654 5.65089 1.67657
99.36 0.527979 12.3747 -13.2639 -4.51298 -3.05433 2.06373 2.36681 8.51282 17.3463 -5.79733 -5.58221 -2.04118 1.60855 2.78205 12.4486 16.6496 -4.11567 -5.37869 -1.71238 1.5425 2.55098 12.6761 9.41595 1.9047 -5.75145 -2.05232 -1.52622 2.21557 9.05392 5.72511 -0.64776 -5.18021 -3.14011 -0.59254 2.03016 4.96974 7.5007 -4.74198 -8.10984 -3.53871 -3.35738 2.19273 4.67417 15.5532 -10.5115 -5.90156 -3.28222 5.64684 1.66943
99.41 0.412779 12.0745 -13.4589 -4.54545 -3.08596 1.9337 2.33743 8.00607 16.9551 -6.25825 -5.6175 -2.17692 1.60513 2.79702 11.7889 17.2568 -4.64971 -5.41344 -1.69795 1.77961 2.61181 13.0589 10.7766 0.79494 -5.7885 -1.96391 -1.25466 2.27002 9.76253 6.0224 0.290006 -5.08871 -2.96081 -0.566175 2.02213 6.17062 6.80311 -3.3101 -7.99924 -3.5463 -3.37799 2.15284 4.34222 15.4619 -10.5198 -5.9047 -3.29685 5.64255 1.6623
99.46 0.326236 11.7681 -13.596 -4.57564 -3.1128 1.79233 2.30786 7.55837 16.4416 -6.68639 -5.65226 -2.31708 1.57459 2.80069 10.9699 17.7334 -5.18694 -5.44486 -1.70192 1.96264 2.67008 13.3797 12.1443 -0.385491 -5.85136 -1.89319 -0.96546 2.32783 10.3564 6.61219 0.961084 -5.00271 -2.76219 -0.477927 2.02549 7.51935 6.20607 -1.82189 -7.87646 -3.52408 -3.39692 2.11526 3.99673 15.3743 -10.5277 -5.9088 -3.31037 5.63806 1.65547
99.51 0.261189 11.4588 -13.6761 -4.60359 -3.13564 1.64124 2.27834 7.17357 15.8543 -7.06821 -5.68649 -2.45122 1.51807 2.79394 10.1108 18.0331 -5.72569 -5.47439 -1.73749 2.09441 2.72408 13.6042 13.3797 -1.38437 -5.91911 -1.83757 -0.668456 2.38752 10.9094 7.41362 1.33457 -4.92844 -2.56591 -0.331878 2.04131 8.45757 5.84647 -0.534566 -7.74874 -3.44564 -3.41312 2.0816 3.68965 15.2913 -10.535 -5.913 -3.32262 5.63344 1.64892
99.56 0.21226 11.148 -13.6974 -4.62918 -3.15517 1.48218 2.24908 6.8458 15.2368 -7.39884 -5.72021 -2.57368 1.4374 2.77829 9.34566 18.1054 -6.24644 -5.50304 -1.81728 2.18251 2.77102 13.6825 14.4575 -2.18104 -5.98398 -1.79449 -0.374927 2.44791 11.4336 8.39623 1.30035 -4.87869 -2.38515 -0.138383 2.06937 9.05372 5.71952 0.493402 -7.62011 -3.3176 -3.42515 2.05416 3.46702 15.2137 -10.5416 -5.91693 -3.33351 5.62872 1.6425
99.61 0.175417 10.8347 -13.6554 -4.65202 -3.17189 1.31676 2.22025 6.56399 14.6261 -7.67969 -5.75354 -2.68253 1.33525 2.75541 8.73199 17.958 -6.72502 -5.53147 -1.93652 2.23349 2.80781 13.572 15.3905 -2.82601 -6.04368 -1.76178 -0.100882 2.50812 11.9249 9.59912 0.709554 -4.87111 -2.22696 0.0921112 2.10846 9.52397 5.75645 1.29208 -7.49254 -3.16183 -3.4319 2.03484 3.34012 15.1418 -10.5472 -5.92054 -3.34303 5.62397 1.63615
99.66 0.147645 10.5147 -13.5426 -4.67142 -3.18624 1.14642 2.19196 6.31578 14.0462 -7.91505 -5.78669 -2.77793 1.21481 2.72687 8.24957 17.6499 -7.14587 -5.55984 -2.07628 2.25244 2.83254 13.2597 16.1962 -3.37335 -6.09782 -1.73785 0.135254 2.56749 12.3706 10.9714 -0.331921 -4.90665 -2.09376 0.350781 2.15667 9.99549 5.91852 1.90357 -7.36746 -2.99136 -3.43268 2.02495 3.30051 15.0757 -10.5514 -5.9238 -3.35124 5.61923 1.62989
99.71 0.126704 10.1806 -13.3467 -4.68622 -3.19855 0.97236 2.16429 6.08938 13.5087 -8.1097 -5.81983 -2.86104 1.07935 2.69403 7.86044 17.239 -7.50521 -5.58804 -2.21926 2.24353 2.84499 12.7588 16.8869 -3.86662 -6.14697 -1.72198 0.324984 2.62544 12.7418 12.3181 -1.42349 -4.96078 -1.98477 0.630174 2.21184 10.4974 6.18378 2.36066 -7.24638 -2.81468 -3.42702 2.02547 3.33657 15.0152 -10.5542 -5.9267 -3.35824 5.61454 1.6238
99.76 0.110953 9.82109 -13.0492 -4.69459 -3.20907 0.795682 2.13733 5.87387 13.0163 -8.2676 -5.8531 -2.93334 0.93182 2.65801 7.53534 16.7627 -7.80739 -5.61579 -2.35529 2.21008 2.84615 12.0966 17.464 -4.33823 -6.19205 -1.71503 0.472138 2.68144 12.9895 13.5248 -2.35607 -5.01542 -1.89741 0.923445 2.27187 11.0106 6.52725 2.68277 -7.13121 -2.64134 -3.41479 2.03689 3.43618 14.9602 -10.5551 -5.92927 -3.36413 5.60993 1.61793
99.81 0.0992524 9.41994 -12.6224 -4.69379 -3.21796 0.617474 2.11112 5.65856 12.5662 -8.3913 -5.88651 -2.99633 0.774747 2.61972 7.25519 16.2424 -8.0603 -5.64282 -2.47975 2.15457 2.83756 11.3147 17.9107 -4.80993 -6.23399 -1.72115 0.583624 2.73478 13.0556 14.5757 -3.13245 -5.06498 -1.82863 1.22361 2.33493 11.5146 6.92668 2.87582 -7.02446 -2.48032 -3.39628 2.05898 3.58644 14.9105 -10.5541 -5.93151 -3.369 5.60543 1.61232
99.86 0.0909853 8.9559 -12.0288 -4.68001 -3.2253 0.438915 2.0857 5.43217 12.1532 -8.4818 -5.9199 -3.05143 0.61023 2.5799 7.00763 15.6929 -8.27246 -5.66894 -2.59121 2.07878 2.8209 10.4825 18.1836 -5.29094 -6.27363 -1.75014 0.664302 2.78429 12.8892 15.4838 -3.81096 -5.10858 -1.7757 1.52305 2.39946 11.9956 7.37299 2.93171 -6.92948 -2.33733 -3.37226 2.09075 3.77626 14.866 -10.5511 -5.93344 -3.37289 5.60107 1.607
99.91 0.0864279 8.40661 -11.2291 -4.64884 -3.23108 0.261363 2.06112 5.18245 11.7704 -8.53851 -5.95294 -3.09984 0.440052 2.53911 6.78427 15.1294 -8.45151 -5.69408 -2.68989 1.98418 2.79773 9.69596 18.2215 -5.77551 -6.31174 -1.81553 0.715984 2.82786 12.4562 16.2636 -4.44698 -5.1468 -1.73698 1.81329 2.46421 12.4438 7.87399 2.82598 -6.85083 -2.21451 -3.34379 2.13071 3.99954 14.8267 -10.5462 -5.93507 -3.37585 5.59686 1.60199
99.96 0.0883975 7.76329 -10.2112 -4.59743 -3.23521 0.0864087 2.03741 4.89825 11.4102 -8.55915 -5.98504 -3.14259 0.265804 2.49781 6.5789 14.5702 -8.60357 -5.7183 -2.77672 1.87238 2.76944 9.02736 17.9953 -6.2458 -6.34905 -1.92179 0.738079 2.86265 11.762 16.9197 -5.07592 -5.18075 -1.71339 2.08481 2.52808 12.8514 8.45382 2.51596 -6.79472 -2.11153 -3.31201 2.17711 4.25719 14.7928 -10.5394 -5.93643 -3.37783 5.59282 1.59729
100.01 0.108721 7.05095 -9.03004 -4.5278 -3.23762 -0.0841004 2.01462 4.57552 11.0648 -8.53953 -6.01541 -3.18046 0.0889886 2.45638 6.38652 14.0322 -8.73305 -5.74181 -2.85291 1.74538 2.73718 8.48654 17.5426 -6.68156 -6.38613 -2.05688 0.729377 2.88624 10.8974 17.4343 -5.70319 -5.21168 -1.71148 2.32697 2.5898 13.2088 9.14508 1.95246 -6.76843 -2.02678 -3.27802 2.22822 4.55719 14.7648 -10.531 -5.93753 -3.3787 5.58899 1.59292
100.06 0.189953 6.32331 -7.7897 -4.44682 -3.23831 -0.248046 1.99278 4.22336 10.7257 -8.47296 -6.04296 -3.21402 -0.0888976 2.4151 6.20268 13.526 -8.84263 -5.76484 -2.91974 1.6055 2.70191 8.04887 16.9403 -7.06929 -6.42336 -2.20292 0.689965 2.89767 10.0371 17.7606 -6.30514 -5.24077 -1.745 2.52859 2.64734 13.4989 9.95899 1.13473 -6.77638 -1.95823 -3.2428 2.28252 4.90983 14.744 -10.5212 -5.93837 -3.37816 5.58537 1.58889
100.11 0.46063 5.62937 -6.55585 -4.36174 -3.23741 -0.403022 1.97193 3.86165 10.3836 -8.34927 -6.06633 -3.24363 -0.266316 2.37426 6.023 13.0561 -8.93339 -5.78763 -2.97842 1.45506 2.66443 7.68722 16.267 -7.40465 -6.46099 -2.34653 0.622002 2.89744 9.32573 17.8644 -6.84995 -5.26902 -1.82298 2.6811 2.69776 13.6955 10.8467 0.178241 -6.81391 -1.90378 -3.20718 2.33873 5.31474 14.7329 -10.5105 -5.93898 -3.37558 5.58201 1.58522
100.16 1.21862 4.9951 -5.28898 -4.27711 -3.23513 -0.546279 1.9521 3.51307 10.0267 -8.15313 -6.08393 -3.26959 -0.441679 2.33422 5.84275 12.6221 -9.00503 -5.81035 -3.03006 1.29616 2.62538 7.38088 15.5841 -7.68988 -6.49923 -2.4805 0.529205 2.88689 8.78386 17.7766 -7.31919 -5.29705 -1.93581 2.78277 2.73813 13.7758 11.7244 -0.748643 -6.86967 -1.86138 -3.17182 2.39582 5.75103 14.7358 -10.499 -5.93933 -3.36991 5.57897 1.58195
100.21 2.83647 4.42921 -3.87851 -4.19504 -3.23152 -0.674574 1.9333 3.19888 9.63967 -7.86129 -6.09369 -3.29217 -0.613363 2.29545 5.65622 12.2208 -9.05597 -5.83305 -3.07566 1.13057 2.58531 7.1151 14.9292 -7.93038 -6.53823 -2.60189 0.415878 2.86769 8.36386 17.5604 -7.71113 -5.32504 -2.06513 2.83853 2.76691 13.7293 12.5354 -1.55125 -6.93449 -1.82907 -3.13726 2.45296 6.18646 14.7587 -10.4871 -5.93938 -3.35966 5.57635 1.57918
100.26 5.0811 3.93861 -2.36639 -4.11623 -3.22494 -0.783892 1.91557 2.94375 9.20253 -7.43896 -6.0918 -3.31158 -0.779739 2.25848 5.45605 11.8472 -9.08353 -5.85566 -3.11609 0.959706 2.54466 6.87942 14.3202 -8.13215 -6.57805 -2.71019 0.286198 2.84148 8.02025 17.2661 -8.03397 -5.35282 -2.19683 2.85612 2.78405 13.5552 13.2594 -2.21888 -7.00371 -1.8052 -3.1039 2.50946 6.5931 14.8085 -10.4751 -5.93907 -3.34323 5.57427 1.57705
100.31 7.15277 3.57814 -0.955593 -4.04067 -3.20007 -0.868852 1.89923 2.79717 8.69151 -6.83713 -6.07266 -3.32796 -0.93919 2.22351 5.23282 11.4949 -9.0839 -5.87797 -3.15212 0.784801 2.5038 6.6661 13.763 -8.30041 -6.61866 -2.80604 0.143901 2.80976 7.72521 16.9239 -8.29924 -5.38008 -2.323 2.84312 2.79044 13.2588 13.8943 -2.77817 -7.07532 -1.78853 -3.07203 2.56475 6.954 14.8913 -10.4634 -5.93833 -3.31934 5.57293 1.57581
100.36 8.57712 3.51778 0.262443 -3.96788 -3.1109 -0.921461 1.88615 2.89722 8.08817 -5.99564 -6.03151 -3.34131 -1.09013 2.19037 4.97601 11.1572 -9.05194 -5.8997 -3.18438 0.606961 2.46308 6.46913 13.2567 -8.43903 -6.65985 -2.89058 -0.00776473 2.77378 7.46337 16.5501 -8.5184 -5.40648 -2.43989 2.80571 2.78743 12.8491 14.4432 -3.26299 -7.14843 -1.77841 -3.04189 2.61839 7.26251 15.0105 -10.4522 -5.93708 -3.28753 5.57253 1.57572
100.41 9.3623 3.80432 1.28692 -3.89709 -2.95102 -0.930571 1.88025 3.53333 7.4003 -4.85396 -5.96747 -3.35141 -1.23095 2.15879 4.6785 10.8264 -8.9807 -5.92058 -3.21338 0.42731 2.42288 6.28342 12.797 -8.55031 -6.70125 -2.96512 -0.165986 2.73459 7.2262 16.1531 -8.70135 -5.43171 -2.54609 2.74854 2.77646 12.3374 14.9085 -3.70374 -7.22257 -1.77508 -3.01368 2.66994 7.51898 15.1657 -10.4416 -5.93527 -3.24835 5.57328 1.57707
100.46 9.77406 4.32281 2.13752 -3.82792 -2.76813 -0.88457 1.88459 4.90399 6.67697 -3.41503 -5.88561 -3.35685 -1.35998 2.1286 4.3445 10.4938 -8.86056 -5.9401 -3.23946 0.24708 2.38369 6.1043 12.3778 -8.63506 -6.74233 -3.0309 -0.32831 2.69305 7.00849 15.7374 -8.85608 -5.45553 -2.64143 2.67481 2.75893 11.7365 15.2879 -4.12511 -7.29745 -1.7803 -2.98763 2.71894 7.72682 15.3527 -10.4318 -5.93286 -3.20334 5.57536 1.58012
100.51 9.99611 4.99963 2.83083 -3.76058 -2.59407 -0.777535 1.90003 6.47959 6.0033 -1.91098 -5.79392 -3.34985 -1.47527 2.09992 3.995 10.1493 -8.67781 -5.95622 -3.26279 0.0676749 2.3459 5.92707 11.9922 -8.69271 -6.78242 -3.0891 -0.492578 2.64985 6.80663 15.3054 -8.98877 -5.4778 -2.72638 2.58659 2.73612 11.0659 15.569 -4.54587 -7.37284 -1.79857 -2.96413 2.7647 7.88878 15.5646 -10.4227 -5.92983 -3.15465 5.57889 1.58507
100.56 10.1191 5.75898 3.36959 -3.69627 -2.44084 -0.614823 1.92587 7.64243 5.49198 -0.600036 -5.69878 -3.30998 -1.57412 2.07357 3.67021 9.77965 -8.41255 -5.96563 -3.28344 -0.109303 2.30953 5.74648 11.633 -8.72137 -6.82069 -3.14075 -0.656893 2.60556 6.61764 14.8597 -9.1039 -5.49846 -2.80173 2.48506 2.70911 10.3605 15.7244 -4.97775 -7.44857 -1.83826 -2.94383 2.80609 8.00367 15.7919 -10.4143 -5.92623 -3.10496 5.58392 1.59199
100.61 10.1885 6.53842 3.73344 -3.63767 -2.31117 -0.407699 1.96067 8.35886 5.20196 0.455345 -5.60359 -3.22559 -1.65263 2.05131 3.42214 9.36756 -8.03575 -5.96459 -3.30141 -0.282057 2.27441 5.55613 11.2926 -8.71769 -6.85619 -3.18674 -0.819591 2.56067 6.43873 14.4055 -9.20452 -5.51757 -2.86838 2.37086 2.67887 9.67223 15.7181 -5.42266 -7.52448 -1.90956 -2.92786 2.84126 8.06506 16.0227 -10.4068 -5.92212 -3.05741 5.5904 1.60085
100.66 10.2278 7.32617 3.86876 -3.58997 -2.20393 -0.166903 2.00269 8.81612 5.09582 1.2844 -5.50976 -3.10912 -1.70589 2.03504 3.29439 8.89104 -7.50699 -5.94867 -3.31669 -0.448612 2.24044 5.34795 10.9631 -8.67656 -6.88783 -3.22786 -0.97923 2.5156 6.26698 13.9511 -9.29235 -5.53526 -2.92728 2.24453 2.64615 9.04833 15.5349 -5.87097 -7.60038 -2.0165 -2.91765 2.86782 8.0652 16.2423 -10.4003 -5.91768 -3.01557 5.59815 1.61146
100.71 10.2502 8.16173 3.67844 -3.56185 -2.1166 0.0991668 2.05022 9.16432 5.12399 1.93238 -5.41796 -2.97656 -1.72815 2.0261 3.33667 8.32866 -6.7776 -5.91316 -3.32922 -0.606831 2.20761 5.11248 10.6357 -8.59035 -6.91436 -3.26474 -1.13457 2.47069 6.09918 13.506 -9.36795 -5.55178 -2.97933 2.10689 2.61162 8.50931 15.203 -6.30478 -7.67594 -2.15107 -2.9144 2.88367 8.00331 16.4353 -10.395 -5.91315 -2.98291 5.60685 1.62342
100.76 10.2627 9.11453 3.03491 -3.56518 -2.04646 0.384178 2.10167 9.48978 5.2693 2.43864 -5.32866 -2.8369 -1.71268 2.02528 3.67457 7.67615 -5.80224 -5.85549 -3.33878 -0.754375 2.17595 4.8421 10.3003 -8.4477 -6.9344 -3.29788 -1.28454 2.42629 5.93163 13.0776 -9.43076 -5.56739 -3.02539 1.9592 2.57579 8.05298 14.7776 -6.70588 -7.75066 -2.29858 -2.9185 2.88788 7.8891 16.5893 -10.3913 -5.90878 -2.96179 5.61608 1.63617
100.81 10.2685 10.2118 1.90792 -3.60621 -1.99107 0.682993 2.15569 9.84217 5.55357 2.83087 -5.24253 -2.69373 -1.65193 2.03308 4.57691 6.96701 -4.54682 -5.77839 -3.34457 -0.88861 2.14558 4.53864 9.94471 -8.23155 -6.94645 -3.3276 -1.42824 2.38279 5.7598 12.6702 -9.47926 -5.58235 -3.06624 1.80308 2.53909 7.66812 14.3108 -7.06216 -7.8239 -2.44599 -2.92947 2.88079 7.73809 16.6978 -10.3893 -5.9048 -2.95282 5.62536 1.64905
100.86 10.2658 11.3564 0.524237 -3.67297 -1.94834 0.990659 2.21109 10.2362 6.02745 3.1195 -5.16086 -2.54904 -1.53856 2.04984 6.09751 6.27488 -3.06609 -5.6891 -3.34178 -1.00635 2.11667 4.22224 9.55304 -7.91624 -6.94816 -3.35407 -1.56483 2.34062 5.57798 12.285 -9.51105 -5.59684 -3.10258 1.64019 2.50187 7.34156 13.8389 -7.36889 -7.89495 -2.58522 -2.94626 2.86368 7.56541 16.7607 -10.3892 -5.90138 -2.95497 5.63424 1.66141
100.91 10.2394 12.4229 -0.838934 -3.7472 -1.91668 1.30131 2.26688 10.6542 6.706 3.2847 -5.08683 -2.4066 -1.37132 2.07568 7.55735 5.7248 -1.62377 -5.59478 -3.30941 -1.10329 2.08993 3.94149 9.10492 -7.46425 -6.93507 -3.37727 -1.69358 2.30009 5.37868 11.9208 -9.52287 -5.61097 -3.13505 1.47211 2.46443 7.06082 13.3826 -7.62652 -7.96311 -2.71253 -2.96766 2.83816 7.38267 16.782 -10.391 -5.89859 -2.96623 5.64233 1.67271
100.96 10.1406 13.3547 -2.07462 -3.81963 -1.89637 1.60673 2.32218 11.0713 7.55138 3.25345 -5.02763 -2.27193 -1.15844 2.11031 8.51299 5.44378 -0.414982 -5.4999 -3.2202 -1.17303 2.06731 3.79122 8.57737 -6.82508 -6.90184 -3.39705 -1.81376 2.2611 5.1524 11.5741 -9.51061 -5.62472 -3.16421 1.30018 2.42703 6.81513 12.9515 -7.83792 -8.0277 -2.82687 -2.99248 2.80587 7.19769 16.7684 -10.3945 -5.89647 -2.98425 5.64937 1.68256
101.01 9.85727 14.125 -3.20634 -3.8878 -1.89279 1.89434 2.37599 11.4667 8.56424 2.87692 -4.99701 -2.14995 -0.911203 2.15287 9.11235 5.41908 0.539883 -5.40645 -3.08367 -1.20715 2.05152 3.9261 7.95623 -5.94152 -6.84454 -3.41312 -1.92461 2.22352 4.88907 11.2403 -9.46914 -5.63806 -3.19051 1.12561 2.38995 6.5956 12.5485 -8.00642 -8.08808 -2.92861 -3.01967 2.76831 7.01522 16.7268 -10.3996 -5.89499 -3.00682 5.65522 1.69072
101.06 9.20732 14.6761 -4.32979 -3.95187 -1.92348 2.14545 2.42651 11.8163 9.79152 2.00318 -5.01116 -2.04381 -0.63929 2.20201 9.58855 5.60233 1.27704 -5.3154 -2.92313 -1.19617 2.0446 4.60432 7.25902 -4.7618 -6.76375 -3.42467 -2.02529 2.18735 4.58352 10.9133 -9.39183 -5.651 -3.2143 0.949467 2.35353 6.39494 12.1725 -8.13475 -8.14362 -3.01876 -3.04838 2.72673 6.83776 16.6639 -10.4061 -5.89409 -3.03206 5.65982 1.69709
101.11 8.05658 14.8917 -5.55681 -4.01288 -2.02153 2.34023 2.47009 12.0783 11.158 0.785672 -5.06546 -1.95487 -0.350061 2.25606 10.0659 6.0064 1.82921 -5.22797 -2.75184 -1.13051 2.04781 5.97052 6.5502 -3.30722 -6.66579 -3.42766 -2.11478 2.15273 4.24392 10.5861 -9.26992 -5.66334 -3.23578 0.772851 2.3182 6.207 11.82 -8.22447 -8.19368 -3.09853 -3.07792 2.68219 6.66631 16.5855 -10.4136 -5.89369 -3.05854 5.66318 1.70165
101.16 6.57521 14.7696 -6.87143 -4.0719 -2.18673 2.47092 2.50137 12.1984 12.471 -0.388767 -5.13425 -1.88304 -0.0494967 2.31327 10.5676 6.64359 2.19952 -5.147 -2.57839 -1.00581 2.06188 7.43448 5.95241 -1.82537 -6.55891 -3.40347 -2.19155 2.12026 3.89936 10.2498 -9.09133 -5.67331 -3.25503 0.596953 2.28426 6.02627 11.486 -8.27568 -8.23762 -3.16914 -3.10778 2.63556 6.50068 16.4962 -10.422 -5.8937 -3.0852 5.66537 1.70448
101.21 5.13195 14.5188 -8.11889 -4.12929 -2.36089 2.54429 2.51798 12.1645 13.6345 -1.35269 -5.20192 -1.82721 0.255821 2.37213 11.0742 7.47174 2.3358 -5.07926 -2.41194 -0.828204 2.08689 8.43745 5.60421 -0.556528 -6.44922 -3.32318 -2.25296 2.09168 3.604 9.89309 -8.83888 -5.67805 -3.27205 0.423166 2.25167 5.84738 11.1647 -8.28672 -8.27471 -3.23172 -3.13754 2.58754 6.33989 16.3998 -10.4311 -5.89402 -3.1113 5.66646 1.70568
101.26 3.92894 14.263 -9.20791 -4.18478 -2.51161 2.57255 2.52179 12.0031 14.6385 -2.11804 -5.26379 -1.78585 0.555666 2.43144 11.5661 8.4768 2.10447 -5.03831 -2.26043 -0.608843 2.12216 9.06425 5.50269 0.452888 -6.33984 -3.19174 -2.29523 2.06956 3.40927 9.50065 -8.48777 -5.67439 -3.28679 0.253152 2.22024 5.66451 10.8493 -8.25375 -8.30412 -3.28727 -3.16688 2.53875 6.18218 16.2991 -10.4406 -5.89457 -3.13641 5.66658 1.70538
101.31 2.98746 14.0221 -10.1293 -4.23792 -2.636 2.56669 2.51575 11.737 15.495 -2.73881 -5.31897 -1.75779 0.833197 2.4902 12.0287 9.70158 1.3491 -5.04162 -2.12859 -0.358081 2.16634 9.55065 5.57289 1.23661 -6.23228 -3.03263 -2.31413 2.05601 3.33646 9.05254 -8.0034 -5.65839 -3.29923 0.0889112 2.1899 5.47097 10.5318 -8.16987 -8.32482 -3.33665 -3.19559 2.48969 6.02509 16.1964 -10.4503 -5.89527 -3.16023 5.66583 1.70373
101.36 2.26762 13.7897 -10.9002 -4.2884 -2.73802 2.53485 2.5024 11.3805 16.2153 -3.26618 -5.36812 -1.74291 1.06898 2.54752 12.4468 11.0815 0.200462 -5.08754 -2.01799 -0.0840421 2.21768 10.0323 5.77361 1.83705 -6.12768 -2.86021 -2.30476 2.0524 3.40313 8.52696 -7.34309 -5.62547 -3.30931 -0.0671457 2.16068 5.25954 10.2023 -8.02373 -8.33547 -3.38058 -3.22348 2.44078 5.86534 16.0931 -10.4602 -5.89604 -3.18267 5.66432 1.70086
101.41 1.7223 13.557 -11.5417 -4.336 -2.82196 2.48254 2.4837 10.9451 16.8019 -3.7406 -5.41254 -1.74281 1.25461 2.60249 12.7965 12.4207 -0.942252 -5.15039 -1.92775 0.206997 2.27429 10.5394 6.08734 2.28573 -6.02741 -2.68365 -2.26139 2.05964 3.6738 7.91259 -6.4677 -5.57208 -3.31687 -0.212075 2.13265 5.02555 9.84819 -7.79727 -8.33429 -3.41964 -3.25043 2.3924 5.69853 15.9904 -10.47 -5.89683 -3.20369 5.66216 1.69691
101.46 1.3109 13.3163 -12.0732 -4.38064 -2.89138 2.41329 2.46114 10.4439 17.2448 -4.19256 -5.45359 -1.76133 1.39428 2.654 13.0387 13.6157 -1.89209 -5.21283 -1.8556 0.509665 2.33445 11.0542 6.50901 2.59745 -5.93349 -2.51255 -2.17783 2.07804 4.33446 7.22987 -5.35158 -5.49891 -3.32135 -0.342189 2.10588 4.77574 9.4528 -7.46228 -8.31898 -3.45423 -3.27637 2.34489 5.51875 15.889 -10.4798 -5.89761 -3.22335 5.65944 1.69199
101.51 1.00118 13.0626 -12.5108 -4.42231 -2.9491 2.32911 2.43583 9.89571 17.5203 -4.6438 -5.49233 -1.80456 1.49522 2.70062 13.1258 14.6558 -2.65832 -5.2693 -1.79893 0.818275 2.39664 11.5578 7.06822 2.76063 -5.84952 -2.35539 -2.04802 2.10712 5.64902 6.54085 -3.98416 -5.41184 -3.32 -0.45269 2.0805 4.54502 8.99508 -6.97628 -8.28658 -3.4845 -3.30121 2.29871 5.31808 15.7894 -10.4893 -5.89838 -3.24174 5.65625 1.68623
101.56 0.768291 12.7937 -12.8676 -4.46111 -2.99735 2.23103 2.40863 9.32567 17.6001 -5.10628 -5.52953 -1.87845 1.56298 2.74044 13.0155 15.5555 -3.29809 -5.31861 -1.75538 1.1251 2.45962 12.0373 7.8315 2.70741 -5.78327 -2.21718 -1.8681 2.14569 7.33379 5.96507 -2.50156 -5.31823 -3.29615 -0.537009 2.05695 4.42825 8.45298 -6.28046 -8.23293 -3.51035 -3.32491 2.25428 5.08659 15.6917 -10.4986 -5.89927 -3.25896 5.65266 1.67975
101.61 0.593291 12.5099 -13.1537 -4.4972 -3.03786 2.11954 2.3802 8.7626 17.4716 -5.57919 -5.56575 -1.98383 1.60076 2.77133 12.6808 16.3309 -3.86591 -5.36109 -1.72337 1.41758 2.52236 12.4836 8.85254 2.2773 -5.75032 -2.09963 -1.64254 2.19206 8.63153 5.70751 -1.1721 -5.22345 -3.20706 -0.58562 2.03709 4.65259 7.81818 -5.30422 -8.15433 -3.53122 -3.34742 2.21174 4.81457 15.5963 -10.5075 -5.9006 -3.27511 5.64874 1.67275
101.66 0.461837 12.214 -13.3763 -4.53077 -3.07203 1.99516 2.35103 8.23312 17.1538 -6.04861 -5.60129 -2.11297 1.61013 2.79154 12.1179 16.9914 -4.40371 -5.39792 -1.70283 1.67666 2.584 12.8887 10.1343 1.34187 -5.76642 -2.00235 -1.38272 2.24439 9.45933 5.84429 -0.109206 -5.13044 -3.04767 -0.585819 2.02453 5.54632 7.12189 -3.9983 -8.0523 -3.54482 -3.36866 2.171 4.49922 15.5036 -10.516 -5.90308 -3.29024 5.64456 1.66556
101.71 0.363094 11.91 -13.5399 -4.56199 -3.10096 1.85884 2.32151 7.757 16.6905 -6.49408 -5.63629 -2.25267 1.59198 2.80036 11.3611 17.532 -4.93837 -5.43068 -1.69712 1.885 2.64361 13.2412 11.5251 0.144231 -5.82088 -1.92377 -1.10041 2.30085 10.0896 6.30914 0.685194 -5.04141 -2.85457 -0.526307 2.02243 6.93158 6.45818 -2.49388 -7.93407 -3.54011 -3.38845 2.13223 4.1549 15.4141 -10.5241 -5.90686 -3.30428 5.64015 1.65858
101.76 0.288897 11.6016 -13.6463 -4.59098 -3.12556 1.71202 2.29193 7.34343 16.1314 -6.89836 -5.67077 -2.39057 1.54727 2.79826 10.5026 17.9207 -5.47797 -5.46093 -1.71612 2.03952 2.69986 13.5157 12.8295 -0.950646 -5.88795 -1.86151 -0.805765 2.35984 10.658 7.02174 1.20417 -4.96061 -2.65515 -0.405806 2.03245 8.08085 5.97956 -1.09607 -7.80794 -3.48926 -3.40608 2.09649 3.82283 15.3289 -10.5317 -5.91108 -3.31713 5.63558 1.65192
101.81 0.233108 11.2915 -13.6951 -4.61769 -3.14654 1.55642 2.26253 6.99052 15.5228 -7.25272 -5.70471 -2.51884 1.47745 2.78651 9.68075 18.1016 -6.01013 -5.48988 -1.77477 2.14684 2.75045 13.6678 13.9794 -1.83595 -5.95463 -1.81295 -0.508994 2.42003 11.1954 7.9187 1.37732 -4.89745 -2.46602 -0.232821 2.05496 8.80611 5.75396 0.0503473 -7.6794 -3.38129 -3.4202 2.06591 3.55774 15.2488 -10.5387 -5.91516 -3.32866 5.6309 1.64545
101.86 0.191121 10.9797 -13.683 -4.64186 -3.16449 1.39375 2.23349 6.68904 14.9051 -7.55611 -5.73821 -2.63404 1.38483 2.76676 8.99647 18.05 -6.51082 -5.51837 -1.87772 2.21424 2.79227 13.648 14.977 -2.54374 -6.01684 -1.7757 -0.223616 2.48042 11.703 9.01527 1.05531 -4.86852 -2.29688 -0.0181918 2.08917 9.31211 5.72229 0.949414 -7.55115 -3.23607 -3.4295 2.04265 3.38711 15.1742 -10.5447 -5.91892 -3.33881 5.62616 1.63907
101.91 0.159485 10.6635 -13.6041 -4.66296 -3.17989 1.22552 2.20493 6.42685 14.3088 -7.81184 -5.77141 -2.73554 1.27242 2.74065 8.45828 17.8078 -6.95943 -5.54676 -2.01053 2.2474 2.82269 13.4284 15.8395 -3.12999 -6.07352 -1.74787 0.0319645 2.54025 12.1721 10.3293 0.179246 -4.88625 -2.15209 0.228476 2.13344 9.77409 5.82964 1.64241 -7.42475 -3.07127 -3.4331 2.02827 3.30867 15.1055 -10.5496 -5.92234 -3.34761 5.62141 1.63276
101.96 0.13563 10.3371 -13.4484 -4.68007 -3.19311 1.05303 2.17697 6.1918 13.751 -8.02471 -5.80453 -2.82414 1.14349 2.70963 8.03046 17.4385 -7.34697 -5.57507 -2.15372 2.25087 2.84073 13.0118 16.5822 -3.64352 -6.12486 -1.7283 0.243175 2.59892 12.5826 11.7107 -0.934419 -4.93505 -2.03217 0.499179 2.18566 10.263 6.05012 2.16747 -7.30162 -2.89636 -3.43045 2.02389 3.31128 15.0424 -10.5531 -5.92541 -3.35515 5.61669 1.62658
102.01 0.117656 9.99098 -13.2005 -4.69168 -3.20443 0.877426 2.14967 5.97259 13.2379 -8.19914 -5.83774 -2.90124 1.00119 2.67495 7.67874 16.9889 -7.67466 -5.60306 -2.29381 2.22838 2.84693 12.4199 17.2125 -4.12176 -6.1717 -1.71697 0.409099 2.65589 12.8943 12.9879 -1.94807 -4.99069 -1.93521 0.786894 2.2437 10.774 6.36076 2.55029 -7.18345 -2.72024 -3.42124 2.03026 3.38317 14.9849 -10.5549 -5.92813 -3.36154 5.61204 1.6206
102.06 0.104199 9.61138 -12.8374 -4.69551 -3.21406 0.699785 2.12311 5.75854 12.7688 -8.3384 -5.87109 -2.96834 0.848235 2.63761 7.37972 16.4868 -7.94922 -5.63046 -2.42392 2.18278 2.84262 11.6867 17.723 -4.59145 -6.21498 -1.71623 0.536257 2.71057 13.0512 14.1097 -2.79031 -5.04286 -1.85824 1.08478 2.30557 11.2843 6.73646 2.80299 -7.07246 -2.5526 -3.40555 2.04751 3.51164 14.9328 -10.5548 -5.93052 -3.36688 5.60749 1.61487
102.11 0.0943838 9.17925 -12.326 -4.68826 -3.22211 0.521231 2.09732 5.53873 12.3395 -8.44419 -5.90452 -3.02692 0.686913 2.59842 7.11836 15.9491 -8.17915 -5.65701 -2.54143 2.11616 2.82948 10.8667 18.0832 -5.06795 -6.25558 -1.73305 0.630735 2.76204 12.9975 15.0817 -3.50632 -5.08919 -1.79829 1.38556 2.3696 11.7773 7.16122 2.92411 -6.97157 -2.40083 -3.38396 2.07498 3.68434 14.8859 -10.5528 -5.93259 -3.37121 5.60306 1.60942
102.16 0.0879863 8.67169 -11.6255 -4.66563 -3.22861 0.343032 2.07235 5.30131 11.9437 -8.51666 -5.93778 -3.07827 0.51914 2.55801 6.88471 15.3899 -8.37261 -5.6826 -2.64592 2.03005 2.80913 10.0471 18.2366 -5.55252 -6.29431 -1.78016 0.695749 2.80868 12.6902 15.9193 -4.15607 -5.12977 -1.75311 1.68115 2.43439 12.2416 7.63493 2.89713 -6.88472 -2.26863 -3.35741 2.11138 3.89253 14.8442 -10.5487 -5.93435 -3.3746 5.59878 1.60426
102.21 0.0862773 8.07103 -10.7061 -4.62367 -3.23352 0.166666 2.04824 5.03413 11.574 -8.55433 -5.97039 -3.12352 0.346579 2.5169 6.67172 14.8264 -8.53647 -5.70723 -2.73807 1.92596 2.78305 9.31912 18.1315 -6.03204 -6.3319 -1.86816 0.731653 2.84788 12.1113 16.6329 -4.78559 -5.16554 -1.72215 1.96256 2.49881 12.6689 8.17451 2.68768 -6.81734 -2.15665 -3.32701 2.15502 4.13373 14.8077 -10.5427 -5.93584 -3.37704 5.59466 1.59942
102.26 0.0955132 7.38495 -9.58872 -4.56181 -3.23673 -0.00613987 2.02502 4.72891 11.2228 -8.55394 -6.00168 -3.16356 0.170763 2.47549 6.47393 14.2769 -8.67593 -5.73104 -2.81901 1.8057 2.75249 8.72138 17.775 -6.48596 -6.36903 -1.99217 0.737258 2.87685 11.3073 17.217 -5.41509 -5.19771 -1.70891 2.21965 2.5617 13.0511 8.81064 2.24608 -6.77642 -2.06373 -3.29391 2.20416 4.41285 14.7769 -10.535 -5.93705 -3.37845 5.59073 1.5949
102.31 0.139695 6.6572 -8.36293 -4.48507 -3.2382 -0.173393 2.00273 4.38833 10.8819 -8.51005 -6.03068 -3.19905 -0.00681747 2.4341 6.28668 13.7551 -8.79445 -5.75426 -2.89 1.67146 2.7185 8.23977 17.2315 -6.89691 -6.40615 -2.13521 0.711868 2.89391 10.4216 17.6369 -6.03283 -5.22751 -1.72419 2.4413 2.62149 13.375 9.56991 1.53899 -6.76851 -1.98797 -3.25914 2.25717 4.74023 14.7526 -10.5259 -5.93801 -3.37862 5.58701 1.59071
102.36 0.298067 5.94305 -7.12387 -4.40113 -3.23801 -0.332825 1.98142 4.0282 10.5425 -8.41424 -6.05616 -3.23044 -0.184646 2.39302 6.10564 13.2683 -8.89386 -5.77714 -2.9523 1.52562 2.68195 7.84605 16.5819 -7.25645 -6.44357 -2.28118 0.656683 2.89893 9.63126 17.8437 -6.60739 -5.25604 -1.78168 2.61716 2.6756 13.6182 10.4335 0.62524 -6.79361 -1.92728 -3.22361 2.31264 5.12236 14.7366 -10.5155 -5.93873 -3.37708 5.58353 1.58687
102.41 0.781579 5.27941 -5.88445 -4.31591 -3.23634 -0.481855 1.96112 3.67083 10.194 -8.25385 -6.07664 -3.25805 -0.361157 2.35256 5.92629 12.818 -8.97444 -5.79987 -3.00705 1.37038 2.64355 7.51636 15.8973 -7.56425 -6.48151 -2.42017 0.574819 2.89294 9.01532 17.8369 -7.11259 -5.28413 -1.88063 2.742 2.72089 13.7542 11.3255 -0.333292 -6.84239 -1.87957 -3.18806 2.36944 5.54791 14.7324 -10.5043 -5.9392 -3.37299 5.58033 1.58341
102.46 1.97402 4.68149 -4.55111 -4.23251 -3.23336 -0.617494 1.94184 3.33815 9.82306 -8.00969 -6.09035 -3.28216 -0.534741 2.31314 5.74346 12.4021 -9.0352 -5.82258 -3.05532 1.20768 2.60389 7.23339 15.2262 -7.82463 -6.52014 -2.54754 0.470423 2.87751 8.54575 17.6723 -7.53958 -5.31214 -2.00449 2.81805 2.75511 13.7667 12.1716 -1.19858 -6.90385 -1.84283 -3.15308 2.42665 5.98775 14.7452 -10.4926 -5.9394 -3.36506 5.5775 1.58039
102.51 4.02065 4.15431 -3.06281 -4.15217 -3.2287 -0.736132 1.92361 3.05198 9.41185 -7.65275 -6.09446 -3.303 -0.703767 2.27529 5.55062 12.0164 -9.07394 -5.84525 -3.09803 1.03908 2.56346 6.98492 14.5948 -8.04354 -6.55958 -2.66184 0.347791 2.85434 8.17138 17.4092 -7.89294 -5.34005 -2.13641 2.85224 2.77755 13.6511 12.9367 -1.92642 -6.9714 -1.81525 -3.11912 2.48352 6.41048 14.7817 -10.4806 -5.93926 -3.35167 5.57515 1.57794
102.56 6.25951 3.71952 -1.58448 -4.07514 -3.21622 -0.833123 1.90653 2.84569 8.93788 -7.14067 -6.08399 -3.32077 -0.866611 2.2394 5.33932 11.6552 -9.0874 -5.86773 -3.136 0.865901 2.52265 6.76212 14.0135 -8.22669 -6.59984 -2.76331 0.21088 2.82499 7.85644 17.0864 -8.18329 -5.3676 -2.2658 2.85249 2.78875 13.4102 13.6124 -2.5315 -7.04207 -1.79538 -3.08653 2.53943 6.79386 14.8487 -10.4688 -5.93873 -3.33134 5.57344 1.57626
102.61 8.01181 3.49802 -0.274388 -4.00116 -3.16267 -0.901871 1.89155 2.80536 8.37832 -6.41756 -6.05341 -3.33554 -1.02167 2.20545 5.09925 11.3117 -9.07109 -5.88977 -3.16993 0.689278 2.48182 6.55828 13.4841 -8.3786 -6.6408 -2.85291 0.0631614 2.79083 7.58066 16.7257 -8.42238 -5.39443 -2.38726 2.82567 2.7899 13.0514 14.2005 -3.04657 -7.11456 -1.78228 -3.05556 2.59389 7.12682 14.9509 -10.4573 -5.93772 -3.30317 5.57258 1.5756
102.66 9.06252 3.63679 0.837293 -3.92953 -3.03057 -0.932552 1.88183 3.15091 7.72587 -5.42101 -5.99965 -3.34719 -1.16736 2.17318 4.82086 10.9787 -9.01898 -5.91107 -3.20039 0.510318 2.44133 6.36797 13.0036 -8.5023 -6.68216 -2.9319 -0.0923614 2.75301 7.3329 16.3387 -8.62091 -5.42023 -2.49847 2.77713 2.78241 12.5853 14.7042 -3.50423 -7.18827 -1.77571 -3.02644 2.64645 7.40696 15.0898 -10.4464 -5.93617 -3.26726 5.57278 1.57625
102.71 9.61598 4.06021 1.76554 -3.85962 -2.8527 -0.913252 1.88122 4.19462 7.01036 -4.10689 -5.92507 -3.35514 -1.30204 2.14236 4.50216 10.648 -8.9228 -5.93135 -3.22778 0.330192 2.40161 6.18639 12.5665 -8.59927 -6.72346 -3.00157 -0.253078 2.71246 7.10673 15.9313 -8.78779 -5.44473 -2.59879 2.71071 2.76774 12.0237 15.1241 -3.93184 -7.26284 -1.77663 -2.99936 2.69669 7.63677 15.2628 -10.4362 -5.93404 -3.2247 5.57422 1.57849
102.76 9.91002 4.67226 2.53 -3.79136 -2.67218 -0.834388 1.89155 5.78154 6.3009 -2.59157 -5.83695 -3.35569 -1.42395 2.11294 4.15602 10.3104 -8.77097 -5.94941 -3.25236 0.15022 2.36315 6.00889 12.1663 -8.66958 -6.7641 -3.06313 -0.4167 2.66994 6.89796 15.5065 -8.92999 -5.46772 -2.68844 2.62899 2.74722 11.3821 15.4529 -4.35095 -7.33802 -1.78809 -2.97462 2.74405 7.81974 15.4643 -10.4268 -5.9313 -3.1774 5.57707 1.58254
102.81 10.0711 5.40345 3.14095 -3.72543 -2.50862 -0.696103 1.91274 7.16974 5.70116 -1.17309 -5.74281 -3.33385 -1.53079 2.08534 3.81364 9.95424 -8.54675 -5.96235 -3.27424 -0.0280899 2.32614 5.83056 11.7959 -8.71193 -6.80332 -3.11768 -0.581214 2.62609 6.70339 15.0667 -9.05276 -5.48913 -2.76811 2.5335 2.72202 10.6871 15.6707 -4.7768 -7.41361 -1.81662 -2.95274 2.78764 7.95683 15.6859 -10.4181 -5.92796 -3.12782 5.58142 1.58855
102.86 10.1613 6.1785 3.58987 -3.66373 -2.36807 -0.508012 1.94362 8.07252 5.30928 -0.000678368 -5.64738 -3.26961 -1.61924 2.06094 3.52393 9.56421 -8.2257 -5.96663 -3.29346 -0.203027 2.29046 5.6456 11.4478 -8.72368 -6.84023 -3.16618 -0.74485 2.58143 6.52017 14.6155 -9.15978 -5.50894 -2.83866 2.42508 2.69317 9.98407 15.743 -5.2162 -7.48946 -1.87223 -2.9346 2.82596 8.04395 15.9168 -10.4102 -5.92407 -3.07886 5.58724 1.59653
102.91 10.2124 6.96035 3.83982 -3.61016 -2.25075 -0.281554 1.98253 8.62604 5.12568 0.927244 -5.55282 -3.16567 -1.6848 2.04169 3.33591 9.12033 -7.77276 -5.95818 -3.30998 -0.372697 2.25597 5.44677 11.1143 -8.7006 -6.87379 -3.20946 -0.906066 2.53639 6.34549 14.1601 -9.25337 -5.52726 -2.90102 2.30426 2.6615 9.32607 15.6406 -5.66481 -7.56539 -1.963 -2.92155 2.85679 8.07305 16.1435 -10.4032 -5.91976 -3.03392 5.59443 1.60637
102.96 10.2415 7.76623 3.81474 -3.57166 -2.15458 -0.0262464 2.02772 9.01068 5.09627 1.65328 -5.46002 -3.03896 -1.72214 2.02925 3.29098 8.59966 -7.14206 -5.93223 -3.32379 -0.535037 2.22261 5.22507 10.787 -8.63633 -6.90284 -3.24822 -1.06353 2.49136 6.1763 13.7096 -9.33461 -5.54429 -2.95612 2.17171 2.62773 8.74716 15.3713 -6.10776 -7.64116 -2.08647 -2.91499 2.87778 8.03916 16.3505 -10.3973 -5.91524 -2.99664 5.60274 1.61777
103.01 10.2579 8.65637 3.395 -3.55901 -2.07684 0.250717 2.07755 9.33864 5.18729 2.22067 -5.3695 -2.90188 -1.72497 2.02461 3.46798 7.98718 -6.28514 -5.88481 -3.33476 -0.687811 2.1904 4.97136 10.4567 -8.52143 -6.92605 -3.28303 -1.2161 2.44668 6.00914 13.2728 -9.40345 -5.56029 -3.00484 2.02847 2.59244 8.25379 14.9818 -6.52591 -7.71634 -2.22988 -2.91571 2.88739 7.94733 16.5237 -10.3928 -5.91076 -2.97002 5.61179 1.63023
103.06 10.2666 9.69121 2.47898 -3.58293 -2.01493 0.543768 2.13054 9.67442 5.40218 2.66296 -5.2818 -2.76008 -1.68608 2.02838 4.0715 7.29729 -5.16169 -5.81596 -3.34249 -0.828538 2.15942 4.68194 10.1122 -8.34177 -6.94199 -3.3143 -1.3628 2.40271 5.83992 12.8553 -9.4588 -5.57552 -3.048 1.87603 2.5561 7.83758 14.5285 -6.90386 -7.79035 -2.37865 -2.92361 2.8854 7.81128 16.6535 -10.39 -5.90658 -2.95548 5.62111 1.64313
103.11 10.2686 10.832 1.1734 -3.6403 -1.9666 0.847998 2.18543 10.0499 5.78254 2.99959 -5.19783 -2.61578 -1.5977 2.04098 5.35114 6.5856 -3.76349 -5.73129 -3.3449 -0.954335 2.1298 4.36753 9.73936 -8.07606 -6.94889 -3.34226 -1.50276 2.35988 5.66351 12.4599 -9.49865 -5.59021 -3.08633 1.71606 2.51908 7.48576 14.0555 -7.23364 -7.8625 -2.52234 -2.93787 2.87272 7.64691 16.7372 -10.389 -5.90288 -2.95271 5.63022 1.65581
103.16 10.2565 11.9457 -0.223611 -3.71285 -1.92996 1.15811 2.24115 10.4601 6.36976 3.22693 -5.11969 -2.47168 -1.45478 2.06264 6.93862 5.95053 -2.26643 -5.63855 -3.33026 -1.06152 2.1019 4.06176 9.32009 -7.69264 -6.94329 -3.36698 -1.63522 2.31858 5.47333 12.0863 -9.52014 -5.6045 -3.12052 1.55018 2.48171 7.18534 13.5903 -7.51365 -7.93208 -2.65541 -2.9573 2.85087 7.46762 16.7769 -10.3899 -5.8998 -2.96005 5.63871 1.66766
103.21 10.2005 12.9433 -1.52116 -3.7867 -1.90416 1.46718 2.29679 10.8805 7.14258 3.29989 -5.05239 -2.33273 -1.26157 2.09329 8.13259 5.53761 -0.93969 -5.54356 -3.2687 -1.14475 2.07705 3.83612 8.8319 -7.14676 -6.91998 -3.38836 -1.75944 2.2789 5.26078 11.7321 -9.51956 -5.61843 -3.15114 1.37987 2.44425 6.9247 13.1469 -7.74594 -7.9984 -2.77574 -2.98068 2.8215 7.28292 16.7786 -10.3927 -5.89737 -2.97524 5.64626 1.67822
103.26 10.0212 13.7921 -2.69246 -3.85691 -1.89165 1.76495 2.35144 11.2883 8.07306 3.10571 -5.00643 -2.20439 -1.02883 2.13233 8.86322 5.40297 0.129035 -5.4493 -3.15085 -1.19643 2.05781 3.81502 8.25424 -6.38299 -6.87406 -3.4062 -1.87469 2.24068 5.01567 11.393 -9.49228 -5.63196 -3.17871 1.20638 2.40699 6.6941 12.7309 -7.93384 -8.0608 -2.88319 -3.00689 2.7862 7.09886 16.749 -10.3971 -5.8956 -2.99597 5.65268 1.68718
103.31 9.56532 14.4556 -3.80471 -3.92277 -1.90317 2.03556 2.40379 11.6628 9.19843 2.46923 -4.99855 -2.09067 -0.767249 2.17863 9.37355 5.49243 0.961581 -5.35704 -2.99909 -1.20747 2.0466 4.20383 7.58706 -5.34511 -6.80364 -3.42001 -1.98017 2.20385 4.72958 11.0637 -9.43243 -5.64507 -3.20362 1.03083 2.37022 6.48555 12.3428 -8.08042 -8.11864 -2.97854 -3.03499 2.74633 6.91889 16.6952 -10.4029 -5.89444 -3.02019 5.65786 1.69438
103.36 8.64782 14.8408 -4.97401 -3.98504 -1.96606 2.25829 2.4512 11.9721 10.5234 1.36333 -5.03704 -1.99373 -0.485215 2.23063 9.84232 5.79044 1.59636 -5.26773 -2.83163 -1.1681 2.04502 5.27473 6.87239 -4.00175 -6.71256 -3.42799 -2.07497 2.16848 4.40351 10.7375 -9.33236 -5.65779 -3.22615 0.854295 2.33433 6.29246 11.98 -8.18785 -8.17131 -3.06295 -3.06423 2.70304 6.74463 16.6233 -10.41 -5.89382 -3.04625 5.66178 1.69977
103.41 7.2752 14.8557 -6.26359 -4.04488 -2.10565 2.41842 2.48875 12.1629 11.8812 0.130403 -5.10209 -1.9141 -0.189155 2.28659 10.3342 6.32276 2.05302 -5.18324 -2.65808 -1.07048 2.05402 6.80037 6.20384 -2.49178 -6.60885 -3.42014 -2.15786 2.13489 4.05593 10.4067 -9.18169 -5.66919 -3.24643 0.677908 2.29974 6.10907 11.6381 -8.2569 -8.21816 -3.13764 -3.094 2.65728 6.57639 16.5384 -10.418 -5.89365 -3.07293 5.6645 1.70338
103.46 5.77421 14.6388 -7.5604 -4.10303 -2.28258 2.51681 2.51208 12.1978 13.1181 -0.93548 -5.17129 -1.85107 0.114937 2.34486 10.8413 7.06881 2.30846 -5.10819 -2.48727 -0.916002 2.07402 8.03641 5.73007 -1.10903 -6.4999 -3.36788 -2.22677 2.10422 3.73017 10.061 -8.96586 -5.6767 -3.26448 0.502959 2.26654 5.93002 11.3117 -8.28681 -8.2585 -3.20379 -3.12385 2.60982 6.41354 16.4449 -10.4268 -5.89384 -3.09937 5.66608 1.70532
103.51 4.45007 14.3792 -8.72699 -4.15945 -2.44551 2.56435 2.52143 12.0917 14.1946 -1.78644 -5.23608 -1.80322 0.418956 2.4041 11.3421 7.9888 2.26861 -5.05269 -2.32807 -0.714494 2.10469 8.80531 5.52405 0.0180431 -6.39013 -3.2571 -2.27837 2.07881 3.48464 9.68726 -8.66393 -5.67735 -3.28028 0.330978 2.23459 5.74975 10.9946 -8.27479 -8.29157 -3.26247 -3.15341 2.56132 6.25467 16.3459 -10.4361 -5.8943 -3.12497 5.66664 1.70569
103.56 3.39125 14.1316 -9.72429 -4.21373 -2.58169 2.57305 2.51959 11.8717 15.1175 -2.46697 -5.29434 -1.76911 0.709296 2.46322 11.8199 9.10834 1.76556 -5.03387 -2.18678 -0.477068 2.14497 9.33231 5.52271 0.900335 -6.28159 -3.1083 -2.30861 2.06109 3.35422 9.26756 -8.24597 -5.66759 -3.29378 0.163802 2.20376 5.56202 10.6791 -8.21548 -8.31644 -3.31459 -3.18244 2.51232 6.09765 16.2439 -10.4458 -5.89494 -3.14941 5.66627 1.70465
103.61 2.57518 13.8964 -10.562 -4.26547 -2.69346 2.55236 2.50933 11.5555 15.8996 -3.03172 -5.34612 -1.74808 0.96634 2.52132 12.2607 10.4384 0.75269 -5.06258 -2.06637 -0.212892 2.19323 9.80689 5.66616 1.58055 -6.17548 -2.94079 -2.31294 2.05276 3.35277 8.78019 -7.67228 -5.64304 -3.30496 0.00363998 2.17401 5.3597 10.3565 -8.09983 -8.33191 -3.36095 -3.21072 2.4633 5.9396 16.1408 -10.4556 -5.89568 -3.1725 5.6651 1.70233
103.66 1.95491 13.6649 -11.2606 -4.31441 -2.78524 2.50894 2.49289 11.1549 16.5482 -3.52622 -5.39255 -1.74083 1.17513 2.57749 12.6459 11.8179 -0.434824 -5.12079 -1.96696 0.0710033 2.24764 10.3032 5.92938 2.09626 -6.07301 -2.765 -2.28601 2.05491 3.51562 8.20665 -6.90005 -5.59934 -3.31372 -0.146828 2.14542 5.13627 10.0155 -7.91321 -8.33644 -3.4022 -3.23812 2.41463 5.77668 16.0377 -10.4655 -5.89647 -3.19417 5.66323 1.69886
103.71 1.48625 13.4287 -11.8406 -4.36042 -2.86097 2.44717 2.47194 10.6822 17.0596 -3.98531 -5.435 -1.75012 1.3351 2.63075 12.9433 13.0842 -1.47961 -5.1846 -1.88679 0.368963 2.30637 10.8172 6.30038 2.47061 -5.97585 -2.59018 -2.22175 2.06817 3.96257 7.55021 -5.89772 -5.53483 -3.31974 -0.284293 2.11806 4.89161 9.64153 -7.6326 -8.32797 -3.43882 -3.26454 2.36667 5.60374 15.9356 -10.4753 -5.89726 -3.21445 5.66076 1.69437
103.76 1.13313 13.1815 -12.3197 -4.40345 -2.92378 2.3697 2.44778 10.1529 17.416 -4.43475 -5.47469 -1.78112 1.45306 2.67984 13.1078 14.1946 -2.32428 -5.24412 -1.8233 0.675619 2.36779 11.3278 6.78933 2.70628 -5.88666 -2.42573 -2.114 2.09244 4.95617 6.85381 -4.64357 -5.45324 -3.3218 -0.404529 2.09202 4.64501 9.21542 -7.22257 -8.30388 -3.47107 -3.28989 2.31982 5.41383 15.8351 -10.4849 -5.89802 -3.23341 5.65777 1.68898
103.81 0.867486 12.9197 -12.7123 -4.44357 -2.97615 2.27796 2.42136 9.58947 17.5891 -4.89131 -5.51253 -1.84033 1.5356 2.72306 13.0931 15.1569 -3.015 -5.29676 -1.77396 0.984456 2.43055 11.8198 7.44994 2.76684 -5.81084 -2.2784 -1.95727 2.12682 6.56584 6.20451 -3.18107 -5.36181 -3.31235 -0.501894 2.06751 4.45769 8.71462 -6.6318 -8.26062 -3.49899 -3.31412 2.27454 5.19786 15.7365 -10.4943 -5.89883 -3.25115 5.65436 1.68281
103.86 0.667818 12.6425 -13.03 -4.48088 -3.02004 2.1726 2.39343 9.01963 17.5563 -5.3604 -5.54914 -1.93161 1.58693 2.75832 12.864 15.9879 -3.60997 -5.34229 -1.73676 1.28555 2.49351 12.2824 8.34735 2.53552 -5.7601 -2.15127 -1.75159 2.16982 8.10512 5.77576 -1.7546 -5.26708 -3.25841 -0.568395 2.04558 4.48474 8.12172 -5.79391 -8.19375 -3.52229 -3.33719 2.23114 4.94552 15.64 -10.5034 -5.89989 -3.26779 5.65059 1.67602
103.91 0.517817 12.3517 -13.2812 -4.51559 -3.05698 2.05408 2.36455 8.47168 17.3215 -5.83381 -5.58497 -2.05125 1.60927 2.78362 12.4048 16.7009 -4.1573 -5.38154 -1.71078 1.56266 2.55576 12.7075 9.51592 1.83121 -5.75274 -2.04478 -1.50603 2.21963 9.11709 5.73597 -0.565349 -5.17299 -3.12761 -0.592596 2.02918 5.03941 7.44639 -4.64032 -8.1019 -3.53979 -3.35903 2.18957 4.64966 15.546 -10.5121 -5.90175 -3.28339 5.64652 1.66887
103.96 0.405146 12.0509 -13.4716 -4.54787 -3.0882 1.92312 2.33514 7.9691 16.919 -6.29286 -5.62021 -2.1878 1.60372 2.79771 11.7299 17.2988 -4.69116 -5.41597 -1.69747 1.79577 2.61644 13.0864 10.8852 0.700695 -5.79282 -1.95783 -1.23273 2.27441 9.81103 6.05872 0.35163 -5.08179 -2.94575 -0.561562 2.02196 6.28115 6.75107 -3.1922 -7.99004 -3.54604 -3.37953 2.14983 4.31538 15.4549 -10.5204 -5.905 -3.29794 5.64221 1.66175
104.01 0.3205 11.7442 -13.6043 -4.57789 -3.1147 1.78094 2.30556 7.5263 16.3981 -6.71778 -5.65493 -2.32781 1.57111 2.80052 10.9028 17.7637 -5.22884 -5.4472 -1.70334 1.9746 2.67445 13.4012 12.2457 -0.470673 -5.8566 -1.88837 -0.942574 2.33241 10.4004 6.66771 1.00155 -4.99642 -2.74667 -0.468549 2.02627 7.60887 6.1687 -1.71305 -7.86666 -3.52018 -3.39829 2.11248 3.97078 15.3676 -10.5283 -5.90913 -3.31136 5.63771 1.65496
104.06 0.256876 11.4347 -13.6799 -4.60566 -3.13727 1.62917 2.27606 7.14623 15.8069 -7.0957 -5.68912 -2.46118 1.51264 2.79302 10.0467 18.0472 -5.76706 -5.47663 -1.74202 2.10271 2.72801 13.6162 13.4688 -1.4529 -5.92429 -1.83381 -0.645394 2.39219 10.9511 7.48313 1.34853 -4.92349 -2.55121 -0.318424 2.04306 8.51301 5.82923 -0.445695 -7.73877 -3.43718 -3.41422 2.07922 3.669 15.2851 -10.5355 -5.91331 -3.32352 5.63307 1.64842
104.11 0.209014 11.1238 -13.6964 -4.63105 -3.15656 1.46955 2.24683 6.82245 15.1888 -7.42236 -5.72281 -2.58262 1.43021 2.77675 9.29258 18.1012 -6.28535 -5.50525 -1.82532 2.18772 2.77427 13.6811 14.5348 -2.23576 -5.98881 -1.7916 -0.352728 2.45259 11.473 8.48112 1.27576 -4.87639 -2.37202 -0.121703 2.07203 9.0924 5.71724 0.562998 -7.61015 -3.30628 -3.42587 2.05235 3.45381 15.2079 -10.5421 -5.91723 -3.3343 5.62835 1.64201
104.16 0.172971 10.8102 -13.6493 -4.65366 -3.17308 1.30371 2.21803 6.54369 14.5798 -7.69952 -5.75612 -2.6904 1.32652 2.75338 8.69037 17.939 -6.75985 -5.53367 -1.94689 2.23605 2.81018 13.555 15.4574 -2.87133 -6.04808 -1.75963 -0.0810048 2.51276 11.9614 9.70163 0.64035 -4.87255 -2.21573 0.11127 2.1119 9.55958 5.76485 1.34571 -7.48273 -3.14902 -3.43219 2.03372 3.33407 15.1365 -10.5475 -5.92081 -3.34371 5.6236 1.63566
104.21 0.145801 10.4894 -13.5306 -4.67276 -3.18727 1.13304 2.18979 6.29758 14.0029 -7.93155 -5.78925 -2.7848 1.2048 2.72446 8.2165 17.6211 -7.17592 -5.56204 -2.08743 2.2527 2.83394 13.2273 16.2538 -3.41307 -6.1018 -1.73634 0.151637 2.57204 12.4026 11.0791 -0.419488 -4.91052 -2.08447 0.371802 2.16073 10.0335 5.9357 1.94422 -7.35791 -2.97777 -3.43248 2.0246 3.30074 15.0708 -10.5517 -5.92403 -3.35182 5.61886 1.62941
104.26 0.125314 10.1538 -13.3276 -4.68713 -3.19943 0.958735 2.16217 6.07241 13.4689 -8.12323 -5.8224 -2.86701 1.0683 2.69134 7.83323 17.2041 -7.53061 -5.59021 -2.23015 2.24178 2.84547 12.7128 16.9358 -3.90363 -6.1506 -1.7211 0.33783 2.62986 12.7662 12.4173 -1.50226 -4.96512 -1.97726 0.652513 2.21634 10.5371 6.20796 2.39032 -7.23721 -2.80099 -3.42631 2.02596 3.34219 15.0107 -10.5543 -5.92691 -3.35873 5.61418 1.62333
104.31 0.109912 9.79171 -13.0211 -4.6949 -3.20982 0.781899 2.13527 5.8573 12.9799 -8.2784 -5.85569 -2.93854 0.919948 2.65511 7.5122 16.7237 -7.82866 -5.61791 -2.36539 2.20654 2.84581 12.0396 17.5037 -4.37461 -6.1954 -1.71495 0.481981 2.68568 13.0018 13.6118 -2.42123 -5.01947 -1.89145 0.946575 2.27668 11.0503 6.55645 2.70237 -7.1226 -2.62831 -3.41357 2.03823 3.44619 14.9562 -10.5551 -5.92945 -3.36454 5.60958 1.61748
104.36 0.098492 9.3865 -12.5828 -4.69324 -3.21859 0.60362 2.10911 5.64155 12.533 -8.39951 -5.88911 -3.00087 0.762227 2.61668 7.23495 16.2006 -8.0781 -5.64488 -2.48886 2.14939 2.83653 11.2509 17.9389 -4.84689 -6.23714 -1.72241 0.590942 2.73878 13.0515 14.651 -3.18779 -5.06857 -1.82399 1.24697 2.3399 11.5529 6.95963 2.88527 -7.01662 -2.46854 -3.3946 2.06111 3.59987 14.9069 -10.554 -5.93167 -3.36933 5.60509 1.6119
104.41 0.0904859 8.9166 -11.9746 -4.67827 -3.22581 0.425087 2.08376 5.4138 12.1225 -8.48743 -5.92248 -3.05541 0.59721 2.57676 6.98953 15.6495 -8.28744 -5.67092 -2.59932 2.07209 2.81931 10.4186 18.1957 -5.32857 -6.27663 -1.75375 0.669344 2.78792 12.8655 15.5488 -3.86121 -5.11172 -1.7722 1.54601 2.40449 12.0316 7.40968 2.92972 -6.92273 -2.32708 -3.3702 2.09358 3.79242 14.8628 -10.5508 -5.93357 -3.37316 5.60073 1.6066
104.46 0.086279 8.36 -11.1577 -4.64559 -3.23146 0.247677 2.05925 5.16176 11.7417 -8.54144 -5.95547 -3.10335 0.426662 2.53592 6.76776 15.0856 -8.4642 -5.69599 -2.69704 1.9761 2.7957 9.63938 18.2134 -5.81278 -6.31466 -1.82237 0.718774 2.83091 12.4112 16.319 -4.49575 -5.14957 -1.73457 1.83515 2.46921 12.4769 7.91574 2.8099 -6.84558 -2.20583 -3.34143 2.1341 4.01824 14.8239 -10.5457 -5.93519 -3.37604 5.59654 1.60161
104.51 0.0890491 7.70992 -10.1242 -4.59261 -3.23546 0.072998 2.03561 4.87456 11.383 -8.55914 -5.98747 -3.14569 0.252162 2.4946 6.56358 14.5276 -8.61438 -5.72015 -2.78299 1.86304 2.76707 8.98106 17.9674 -6.28107 -6.35193 -1.93147 0.738516 2.8649 11.6992 16.9651 -5.12479 -5.18324 -1.71232 2.10479 2.53297 12.8811 8.50306 2.48185 -6.79152 -2.10433 -3.30944 2.18093 4.27881 14.7904 -10.5388 -5.93652 -3.37794 5.59252 1.59694
104.56 0.111923 6.99431 -8.93462 -4.52182 -3.23774 -0.0970814 2.01289 4.54905 11.0384 -8.53615 -6.01766 -3.18322 0.0752091 2.45316 6.37201 13.9917 -8.74224 -5.74361 -2.85841 1.73496 2.73454 8.44928 17.5002 -6.71347 -6.38901 -2.06803 0.727403 2.88756 10.8281 17.4671 -5.75122 -5.21398 -1.71261 2.3442 2.59444 13.234 9.20403 1.89744 -6.76781 -2.02091 -3.27532 2.23234 4.58256 14.7629 -10.5303 -5.9376 -3.37871 5.5887 1.5926
104.61 0.201595 6.26779 -7.69353 -4.44029 -3.2383 -0.260421 1.99113 4.19535 10.6994 -8.46556 -6.04494 -3.21645 -0.102697 2.41191 6.18865 13.4882 -8.85033 -5.76661 -2.92457 1.59418 2.69907 8.01841 16.8897 -7.09718 -6.42626 -2.21427 0.685674 2.89806 9.97557 17.7767 -6.34979 -5.24298 -1.74946 2.54225 2.65155 13.5179 10.0263 1.06327 -6.77837 -1.95353 -3.24004 2.28682 4.93951 14.7428 -10.5204 -5.93843 -3.37804 5.5851 1.5886
104.66 0.496798 5.57785 -6.46005 -4.35512 -3.23728 -0.414592 1.97036 3.83386 10.3566 -8.33689 -6.06792 -3.24577 -0.280013 2.37112 6.00911 13.0212 -8.93965 -5.7894 -2.98267 1.44301 2.66145 7.66171 16.2137 -7.42851 -6.46393 -2.35732 0.615638 2.89697 9.27808 17.8637 -6.88917 -5.27119 -1.83072 2.69077 2.70128 13.7061 10.9161 0.10342 -6.81773 -1.90009 -3.20442 2.34314 5.34785 14.7326 -10.5096 -5.93902 -3.37527 5.58176 1.58495
104.71 1.31019 4.94871 -5.1859 -4.27064 -3.2349 -0.556811 1.9506 3.48719 9.99795 -8.13428 -6.08501 -3.27146 -0.455149 2.33116 5.82859 12.5899 -9.00975 -5.81211 -3.0338 1.28354 2.6223 7.35897 15.5319 -7.71006 -6.50222 -2.49038 0.521093 2.88569 8.74762 17.7637 -7.35229 -5.29922 -1.94547 2.78865 2.74078 13.7768 11.7902 -0.815884 -6.87446 -1.85854 -3.16911 2.40026 5.78526 14.7368 -10.4981 -5.93934 -3.3693 5.57875 1.58172
104.76 2.99796 4.38828 -3.76235 -4.18881 -3.23117 -0.683792 1.93188 3.17659 9.60785 -7.83374 -6.09403 -3.29378 -0.62648 2.29252 5.64129 12.1909 -9.05899 -5.83481 -3.07897 1.11748 2.58217 7.09586 14.8802 -7.94734 -6.54128 -2.61076 0.406353 2.86589 8.33493 17.5399 -7.73851 -5.3272 -2.07539 2.84116 2.76865 13.7203 12.5948 -1.60764 -6.93974 -1.82694 -3.13463 2.45738 6.21932 14.7615 -10.4862 -5.93937 -3.35863 5.57616 1.57899
104.81 5.25696 3.90452 -2.25119 -4.11026 -3.22408 -0.791436 1.91424 2.92751 9.16585 -7.39942 -6.091 -3.31295 -0.792375 2.2557 5.43969 11.8192 -9.08459 -5.8574 -3.11903 0.946269 2.54149 6.86215 14.2751 -8.14634 -6.58118 -2.71805 0.275567 2.8392 7.99589 17.241 -8.05645 -5.35496 -2.20688 2.85612 2.78491 13.5365 13.3118 -2.26571 -7.00919 -1.80366 -3.10137 2.5138 6.62288 14.8136 -10.4742 -5.93903 -3.34166 5.57414 1.57692
104.86 7.28949 3.56026 -0.853914 -4.03494 -3.19611 -0.874217 1.89806 2.79334 8.64814 -6.78124 -6.0703 -3.3291 -0.951223 2.22088 5.21423 11.4683 -9.08265 -5.87968 -3.15475 0.771097 2.50063 6.65031 13.7219 -8.31219 -6.62184 -2.81298 0.132433 2.80711 7.70385 16.8959 -8.31775 -5.38217 -2.33243 2.84102 2.79053 13.2309 13.9399 -2.81802 -7.08095 -1.78752 -3.06963 2.56898 6.97983 14.8992 -10.4626 -5.93825 -3.31716 5.57286 1.57576
104.91 8.65771 3.52898 0.348615 -3.96232 -3.10049 -0.923881 1.88538 2.92282 8.03746 -5.91853 -6.02733 -3.34222 -1.10143 2.18787 4.95443 11.1314 -9.04792 -5.90136 -3.18674 0.593076 2.45994 6.45438 13.2194 -8.44862 -6.66306 -2.89671 -0.0198368 2.77084 7.44418 16.52 -8.53377 -5.40848 -2.44852 2.80193 2.78684 12.8129 14.4822 -3.29841 -7.15415 -1.7779 -3.03963 2.62247 7.28423 15.0213 -10.4514 -5.93696 -3.28474 5.57254 1.57577
104.96 9.40445 3.83745 1.35886 -3.89167 -2.93708 -0.929108 1.88019 3.6145 7.34457 -4.75174 -5.96166 -3.35203 -1.2414 2.1564 4.65374 10.8008 -8.97328 -5.92216 -3.2155 0.413334 2.4198 6.26935 12.7631 -8.55783 -6.70445 -2.97052 -0.17846 2.73145 7.20867 16.1215 -8.71427 -5.43361 -2.55387 2.74338 2.77531 12.2938 14.9411 -3.73684 -7.22836 -1.77514 -3.01158 2.67384 7.53679 15.1791 -10.4409 -5.9351 -3.24505 5.57339 1.57724
105.01 9.79649 4.37049 2.19678 -3.82262 -2.75407 -0.878452 1.8854 5.0302 6.6216 -3.2963 -5.87875 -3.35694 -1.36944 2.12632 4.31755 10.4677 -8.84883 -5.94151 -3.24136 0.233115 2.38071 6.09055 12.3468 -8.64052 -6.74548 -3.03567 -0.341008 2.68975 6.99231 15.7045 -8.8671 -5.45731 -2.64838 2.66847 2.75733 11.6866 15.3135 -4.15757 -7.30328 -1.78117 -2.98571 2.72261 7.74101 15.3683 -10.4311 -5.93264 -3.19966 5.57558 1.58044
105.06 10.0084 5.05661 2.87824 -3.75546 -2.58136 -0.766774 1.90168 6.58802 5.95641 -1.80053 -5.7866 -3.34824 -1.48357 2.09778 3.96828 10.1217 -8.6605 -5.95724 -3.26448 0.0538382 2.34303 5.91325 11.9635 -8.69601 -6.78546 -3.09333 -0.505345 2.64645 6.79155 15.2713 -8.99828 -5.47946 -2.73256 2.57918 2.73416 11.0118 15.586 -4.57888 -7.37871 -1.80075 -2.96243 2.76809 7.89943 15.5818 -10.422 -5.92958 -3.1508 5.57923 1.58553
105.11 10.126 5.81923 3.40453 -3.69147 -2.42994 -0.600196 1.92827 7.71187 5.46162 -0.50914 -5.69137 -3.30498 -1.58099 2.07167 3.64758 9.74946 -8.38776 -5.96597 -3.28493 -0.122879 2.30676 5.73215 11.606 -8.72229 -6.82355 -3.14451 -0.669591 2.6021 6.60344 14.8247 -9.1122 -5.5 -2.8072 2.47665 2.70687 10.3058 15.7301 -5.01185 -7.45446 -1.84254 -2.94242 2.80907 8.01046 15.8099 -10.4137 -5.92593 -3.10116 5.58437 1.59261
105.16 10.1924 6.59901 3.75307 -3.6335 -2.30208 -0.390103 1.9637 8.40119 5.18792 0.527174 -5.59625 -3.21747 -1.65773 2.04981 3.40744 9.33321 -8.00077 -5.96395 -3.30269 -0.295224 2.27173 5.54074 11.2668 -8.71592 -6.8588 -3.1901 -0.832101 2.55718 6.42519 14.3701 -9.21178 -5.51899 -2.87322 2.36149 2.67641 9.62108 15.7101 -5.45751 -7.53037 -1.91661 -2.92684 2.84366 8.06734 16.0404 -10.4063 -5.92179 -3.05391 5.59096 1.60162
105.21 10.2301 7.38848 3.86721 -3.58695 -2.19648 -0.147076 2.0062 8.84561 5.09365 1.34058 -5.50256 -3.09926 -1.7088 2.03407 3.29068 8.85071 -7.45823 -5.94667 -3.31777 -0.461212 2.23785 5.33078 10.9377 -8.6716 -6.89008 -3.23087 -0.991448 2.5121 6.25386 13.9162 -9.29866 -5.53658 -2.93155 2.23425 2.64353 9.00341 15.5139 -5.90539 -7.60626 -2.02612 -2.91714 2.86945 8.06256 16.2585 -10.3998 -5.91733 -3.01267 5.59879 1.61234
105.26 10.2515 8.23054 3.6463 -3.56083 -2.11057 0.120668 2.05409 9.18956 5.13104 1.97628 -5.41093 -2.96591 -1.72839 2.02573 3.34977 8.28111 -6.71126 -5.90948 -3.33007 -0.618689 2.20511 5.09282 10.6101 -8.58148 -6.91616 -3.26744 -1.14641 2.46722 6.08623 13.4721 -9.37329 -5.55302 -2.98311 2.09577 2.60888 8.47107 15.1726 -6.33727 -7.68177 -2.16225 -2.91446 2.88442 7.99614 16.4488 -10.3947 -5.9128 -2.98084 5.60755 1.62439
105.31 10.2634 9.19492 2.96353 -3.56704 -2.04166 0.406925 2.10579 9.51572 5.28583 2.47288 -5.32186 -2.82589 -1.70969 2.02557 3.72025 7.62245 -5.71519 -5.85013 -3.33939 -0.7653 2.17355 4.81962 10.2736 -8.43383 -6.93564 -3.3003 -1.29592 2.42288 5.91852 13.0452 -9.43506 -5.56857 -3.02874 1.94737 2.57297 8.02073 14.7423 -6.73522 -7.7564 -2.31015 -2.91912 2.88772 7.87849 16.5994 -10.3911 -5.90846 -2.96067 5.61681 1.63717
105.36 10.2687 10.3008 1.80552 -3.61073 -1.98733 0.706609 2.15995 9.87132 5.5829 2.85698 -5.23601 -2.68253 -1.64509 2.03405 4.67741 6.91151 -4.43779 -5.7718 -3.34478 -0.898379 2.14328 4.51414 9.91586 -8.21104 -6.94699 -3.32977 -1.4391 2.37946 5.74614 12.6395 -9.48236 -5.58349 -3.06921 1.79067 2.53622 7.64087 14.274 -7.08774 -7.8295 -2.45715 -2.93058 2.87981 7.7253 16.7043 -10.3892 -5.90452 -2.95261 5.62607 1.65003
105.41 10.265 11.443 0.415266 -3.67864 -1.9455 1.01474 2.21541 10.2681 6.0731 3.13727 -5.15479 -2.53784 -1.52745 2.05152 6.22344 6.22508 -2.94895 -5.68188 -3.34077 -1.01469 2.1145 4.1983 9.52059 -7.88664 -6.94774 -3.35598 -1.57511 2.33742 5.56326 12.256 -9.51272 -5.59795 -3.10523 1.62732 2.49897 7.3183 13.8028 -7.39061 -7.90035 -2.59555 -2.94778 2.86198 7.55147 16.7637 -10.3893 -5.90114 -2.95554 5.6349 1.66233
105.46 10.2353 12.5003 -0.939638 -3.75294 -1.91467 1.32531 2.2712 10.6869 6.76607 3.29071 -5.08158 -2.39581 -1.3563 2.07806 7.64994 5.69258 -1.52064 -5.5874 -3.30467 -1.10977 2.08799 3.92359 9.06713 -7.42209 -6.93328 -3.37893 -1.70322 2.29701 5.36222 11.8933 -9.52284 -5.61205 -3.13743 1.45889 2.46152 7.04064 13.3482 -7.64453 -7.96826 -2.72186 -2.96948 2.83588 7.36832 16.7821 -10.3912 -5.89841 -2.96741 5.64291 1.67353
105.51 10.1272 13.4206 -2.16525 -3.82508 -1.89537 1.62988 2.32643 11.103 7.62341 3.23901 -5.02401 -2.26196 -1.14035 2.11335 8.56875 5.43359 -0.332183 -5.49259 -3.21097 -1.17707 2.06581 3.78896 8.53257 -6.76602 -6.89828 -3.39844 -1.8227 2.25814 5.13341 11.5478 -9.50852 -5.62577 -3.16635 1.28672 2.42413 6.79727 12.9192 -7.85248 -8.03254 -2.8352 -2.99451 2.80313 7.1834 16.7661 -10.3948 -5.89634 -2.98586 5.64987 1.68326
105.56 9.82259 14.1768 -3.29221 -3.89291 -1.8936 1.9154 2.38005 11.4958 8.65142 2.82782 -4.99636 -2.14112 -0.890886 2.15647 9.15136 5.42607 0.604329 -5.39929 -3.07184 -1.20804 2.05065 3.95517 7.90435 -5.86117 -6.83907 -3.4142 -1.93279 2.22067 4.86688 11.2147 -9.46452 -5.63907 -3.19244 1.11199 2.38709 6.57944 12.5184 -8.01778 -8.09257 -2.936 -3.02185 2.76521 7.00125 16.7226 -10.4001 -5.8949 -3.0087 5.65563 1.69128
105.61 9.13623 14.7064 -4.42021 -3.9567 -1.92823 2.16278 2.43021 11.8405 9.89496 1.91601 -5.01422 -2.03628 -0.617393 2.20605 9.62472 5.62532 1.3262 -5.30847 -2.91012 -1.19315 2.04448 4.6879 7.20329 -4.65721 -6.75666 -3.42531 -2.03264 2.1846 4.55817 10.888 -9.3841 -5.65199 -3.21604 0.93577 2.35074 6.37998 12.1444 -8.14308 -8.1477 -3.0253 -3.05065 2.72337 6.82425 16.6583 -10.4066 -5.89404 -3.03409 5.66013 1.69751
105.66 7.94886 14.8922 -5.65731 -4.01751 -2.03253 2.35264 2.47302 12.0933 11.2639 0.689056 -5.07058 -1.94869 -0.327078 2.2604 10.1041 6.04777 1.8647 -5.22141 -2.73835 -1.12293 2.04851 6.09197 6.49781 -3.18894 -6.65772 -3.42716 -2.12121 2.15012 4.21682 10.5604 -9.25828 -5.66424 -3.23735 0.759164 2.31551 6.19279 11.7935 -8.22983 -8.19732 -3.10432 -3.08024 2.67864 6.65326 16.5789 -10.4142 -5.89368 -3.06061 5.66339 1.70193
105.71 6.45774 14.7521 -6.9725 -4.07641 -2.20063 2.47852 2.50318 12.201 12.567 -0.471523 -5.13964 -1.87816 -0.0258839 2.3178 10.607 6.70164 2.21963 -5.14115 -2.56511 -0.99379 2.06343 7.53071 5.91539 -1.71775 -6.55045 -3.39948 -2.19691 2.11788 3.87388 10.223 -9.07466 -5.6739 -3.25643 0.583378 2.28169 6.0124 11.4607 -8.278 -8.24075 -3.17427 -3.1101 2.63188 6.48806 16.4889 -10.4227 -5.89371 -3.08725 5.66549 1.70463
105.76 5.02901 14.4985 -8.20947 -4.13367 -2.37355 2.54794 2.5187 12.1562 13.718 -1.41853 -5.20695 -1.8235 0.279446 2.37673 11.1131 7.54299 2.3333 -5.0749 -2.39957 -0.812537 2.08927 8.4962 5.58851 -0.469176 -6.4407 -3.3145 -2.25698 2.0897 3.58485 9.86416 -8.81556 -5.67811 -3.27328 0.40982 2.24919 5.83342 11.1402 -8.28581 -8.27728 -3.23627 -3.13983 2.58378 6.32757 16.3921 -10.4318 -5.89406 -3.11329 5.6665 1.70571
105.81 3.84691 14.2438 -9.28523 -4.18899 -2.52216 2.57319 2.52164 11.986 14.7101 -2.17065 -5.26831 -1.7832 0.578255 2.43603 11.6032 8.5635 2.0658 -5.0368 -2.24946 -0.590397 2.12529 9.10451 5.50278 0.521179 -6.33142 -3.18013 -2.29759 2.06818 3.39913 9.46817 -8.45548 -5.67365 -3.28784 0.240178 2.21784 5.64997 10.8249 -8.24918 -8.30606 -3.29131 -3.16913 2.53495 6.17 16.2912 -10.4413 -5.89462 -3.1383 5.66655 1.7053
105.86 2.92432 14.0039 -10.1942 -4.24194 -2.64466 2.56507 2.51495 11.7125 15.5557 -2.78247 -5.32299 -1.75615 0.853189 2.49471 12.0629 9.80539 1.26918 -5.04393 -2.11925 -0.337567 2.17009 9.58724 5.58409 1.28925 -6.22405 -3.0196 -2.31448 2.05536 3.33626 9.0148 -7.95904 -5.6565 -3.3001 0.0764791 2.18759 5.4553 10.5068 -8.16094 -8.32603 -3.34024 -3.19778 2.48589 6.01284 16.1884 -10.4511 -5.89533 -3.16202 5.66574 1.70355
105.91 2.21965 13.7718 -10.9543 -4.2922 -2.74513 2.53147 2.50112 11.3494 16.2656 -3.30443 -5.37171 -1.74234 1.08517 2.55188 12.4768 11.1891 0.107267 -5.09214 -2.01028 -0.062003 2.2219 10.0709 5.79407 1.87698 -6.11973 -2.84655 -2.30269 2.05256 3.41542 8.48247 -7.28329 -5.62209 -3.30999 -0.0788279 2.15846 5.24221 10.1759 -8.00933 -8.33583 -3.38378 -3.2256 2.43701 5.85272 16.0851 -10.4609 -5.8961 -3.18435 5.66417 1.70059
105.96 1.68606 13.5387 -11.5867 -4.33957 -2.82782 2.47774 2.48207 10.9083 16.8416 -3.77613 -5.41583 -1.74351 1.267 2.60662 12.8197 12.519 -1.0234 -5.15537 -1.92154 0.230126 2.27886 10.5793 6.1161 2.31475 -6.01987 -2.67005 -2.25642 2.06067 3.70756 7.86153 -6.39002 -5.56706 -3.31734 -0.222751 2.13052 5.00651 9.81924 -7.77562 -8.33364 -3.42248 -3.25248 2.38868 5.68514 15.9825 -10.4708 -5.8969 -3.20526 5.66197 1.69656
106.01 1.2836 13.2971 -12.1103 -4.38398 -2.89624 2.40727 2.45926 10.4028 17.2725 -4.22736 -5.45667 -1.76371 1.40341 2.65782 13.0516 13.7018 -1.95743 -5.21745 -1.85068 0.533472 2.33922 11.0938 6.54675 2.61583 -5.92656 -2.49977 -2.16949 2.07992 4.41084 7.17559 -5.25428 -5.49256 -3.32153 -0.351533 2.10386 4.75644 9.41983 -7.43064 -8.31712 -3.45673 -3.27833 2.34126 5.50405 15.8812 -10.4805 -5.89767 -3.22482 5.65921 1.69157
106.06 0.980645 13.0423 -12.5412 -4.42542 -2.95316 2.32199 2.43378 9.85191 17.5338 -4.6792 -5.49526 -1.80914 1.50161 2.70398 13.1247 14.7304 -2.71171 -5.27339 -1.79511 0.842262 2.40152 11.596 7.11924 2.76569 -5.8436 -2.34395 -2.03587 2.10979 5.77676 6.48994 -3.86975 -5.40473 -3.31937 -0.460268 2.07859 4.53003 8.9563 -6.93068 -8.28324 -3.48666 -3.30309 2.2952 5.30136 15.7817 -10.49 -5.89845 -3.24311 5.65598 1.68575
106.11 0.752855 12.7722 -12.8922 -4.46401 -3.00075 2.22286 2.40646 9.28137 17.5976 -5.1427 -5.53237 -1.88555 1.56695 2.74318 12.9978 15.6199 -3.34408 -5.32214 -1.7525 1.14851 2.46451 12.0732 7.90099 2.69016 -5.77927 -2.20732 -1.85212 2.14903 7.45479 5.9311 -2.39024 -5.31087 -3.29212 -0.542204 2.05523 4.42928 8.40697 -6.21571 -8.22775 -3.51216 -3.3267 2.25092 5.06704 15.6842 -10.4993 -5.89935 -3.26025 5.65237 1.67922
106.16 0.581695 12.4873 -13.1732 -4.49989 -3.04072 2.11035 2.37796 8.72002 17.4533 -5.61597 -5.56853 -1.99315 1.60249 2.7733 12.6451 16.3862 -3.90825 -5.36413 -1.72135 1.43915 2.52719 12.5166 8.94334 2.22266 -5.74972 -2.09137 -1.62346 2.19593 8.70898 5.70464 -1.0798 -5.21614 -3.19679 -0.587541 2.0358 4.69464 7.7656 -5.21479 -8.14719 -3.53259 -3.34911 2.20852 4.79161 15.589 -10.5081 -5.90075 -3.27632 5.64843 1.67219
106.21 0.453127 12.1907 -13.391 -4.53327 -3.07445 1.985 2.34875 8.19409 17.1224 -6.08428 -5.60402 -2.12361 1.60969 2.79264 12.0653 17.0378 -4.44506 -5.40059 -1.70178 1.69478 2.58871 12.9182 10.2413 1.2526 -5.76962 -1.99561 -1.36149 2.24864 9.51247 5.86955 -0.0381191 -5.12336 -3.03345 -0.583436 2.02396 5.64516 7.06752 -3.88495 -8.04359 -3.54537 -3.37025 2.16791 4.47321 15.4965 -10.5166 -5.90333 -3.29136 5.64422 1.66501
106.26 0.35655 11.8862 -13.5501 -4.56432 -3.10301 1.84781 2.31921 7.72265 16.6499 -6.52708 -5.63899 -2.26356 1.58945 2.80058 11.2966 17.5682 -4.98009 -5.4331 -1.69753 1.89885 2.64812 13.2657 11.6311 0.0526736 -5.82589 -1.91839 -1.07787 2.30536 10.1352 6.35668 0.735708 -5.03477 -2.83907 -0.519073 2.02276 7.03634 6.41248 -2.37832 -7.92448 -3.53821 -3.38991 2.12933 4.12799 15.4074 -10.5247 -5.90718 -3.30532 5.6398 1.65805
106.31 0.283979 11.5776 -13.6522 -4.59314 -3.1273 1.70025 2.28964 7.31397 16.0854 -6.92769 -5.67342 -2.40093 1.54272 2.79767 10.4357 17.9429 -5.51979 -5.46321 -1.71907 2.04943 2.70402 13.5325 12.9244 -1.0268 -5.89322 -1.85729 -0.782678 2.36448 10.7007 7.08508 1.23146 -4.95491 -2.63994 -0.394125 2.03375 8.15039 5.95336 -0.99767 -7.79801 -3.48278 -3.40732 2.0939 3.79927 15.3225 -10.5323 -5.91141 -3.31808 5.63522 1.65141
106.36 0.229408 11.2674 -13.6964 -4.61966 -3.14803 1.54404 2.26027 6.96545 15.4747 -7.27805 -5.70733 -2.52826 1.47105 2.78524 9.62211 18.1057 -6.05042 -5.4921 -1.78126 2.15342 2.75405 13.673 14.0621 -1.89649 -5.95964 -1.80968 -0.486239 2.42472 11.2359 7.9959 1.37228 -4.89373 -2.4521 -0.217529 2.05722 8.85033 5.74551 0.128464 -7.66942 -3.37106 -3.42111 2.06382 3.54103 15.2428 -10.5392 -5.91546 -3.3295 5.63054 1.64496
106.41 0.188334 10.9554 -13.6794 -4.64362 -3.16577 1.38088 2.23125 6.66746 14.8577 -7.57759 -5.74079 -2.6424 1.37678 2.76494 8.94986 18.0372 -6.54767 -5.52057 -1.88721 2.21797 2.79506 13.6383 15.0485 -2.59287 -6.02144 -1.77322 -0.202474 2.48509 11.7409 9.11011 1.00563 -4.86822 -2.28475 -9.25422e-05 2.09227 9.34797 5.72609 1.00999 -7.54126 -3.22384 -3.42999 2.0412 3.37786 15.1687 -10.5452 -5.9192 -3.33954 5.6258 1.63858
106.46 0.157384 10.6387 -13.5949 -4.66445 -3.18099 1.21227 2.20274 6.4078 14.264 -7.82982 -5.77398 -2.74286 1.26297 2.7384 8.42165 17.783 -6.99171 -5.54896 -2.02149 2.24868 2.82453 13.403 15.9012 -3.17188 -6.07768 -1.74607 0.0500336 2.54485 12.2064 10.437 0.0954469 -4.88929 -2.14191 0.248709 2.13723 9.8108 5.84296 1.68873 -7.41506 -3.05796 -3.43312 2.02756 3.30612 15.1004 -10.55 -5.92259 -3.34824 5.62105 1.63227
106.51 0.134046 10.3111 -13.4327 -4.68119 -3.19405 1.0395 2.17483 6.17437 13.7096 -8.03956 -5.8071 -2.83052 1.1329 2.70706 8.00082 17.406 -7.37446 -5.57726 -2.16482 2.25001 2.84162 12.9718 16.6351 -3.68147 -6.12864 -1.72711 0.2576 2.6034 12.6109 11.8148 -1.01894 -4.93934 -2.02386 0.520976 2.18999 10.3022 6.07132 2.20202 -7.29225 -2.88262 -3.42997 2.02399 3.31453 15.0377 -10.5533 -5.92563 -3.35569 5.61633 1.62611
106.56 0.116465 9.96295 -13.1769 -4.69229 -3.20524 0.863705 2.14759 5.95594 13.1999 -8.21117 -5.84032 -2.90678 0.989675 2.67214 7.65389 16.9516 -7.69775 -5.60521 -2.30431 2.22564 2.84695 12.3675 17.2566 -4.15823 -6.17517 -1.71648 0.420257 2.66022 12.9128 13.0806 -2.01926 -4.99491 -1.92856 0.809726 2.24839 10.8139 6.38786 2.57448 -7.17456 -2.70682 -3.42025 2.03121 3.39128 14.9807 -10.555 -5.92832 -3.36199 5.61169 1.62015
106.61 0.103315 9.58002 -12.8036 -4.6954 -3.21474 0.685952 2.12108 5.74184 12.7342 -8.34779 -5.87368 -2.97317 0.835994 2.63463 7.35826 16.4462 -7.96854 -5.63255 -2.43351 2.17835 2.8419 11.6252 17.7569 -4.62805 -6.21822 -1.71678 0.544694 2.71469 13.0552 14.1903 -2.84956 -5.04667 -1.85301 1.10811 2.31048 11.3233 6.76776 2.8172 -7.06423 -2.54019 -3.40408 2.04929 3.5236 14.9289 -10.5547 -5.93069 -3.36725 5.60714 1.61444
106.66 0.0937621 9.14287 -12.2789 -4.68711 -3.22267 0.507378 2.09535 5.5211 12.3077 -8.45101 -5.90711 -3.03114 0.674107 2.59532 7.09935 15.9063 -8.19536 -5.65903 -2.55 2.11016 2.82814 10.8018 18.1034 -5.10533 -6.25865 -1.73543 0.636812 2.76586 12.9832 15.1513 -3.55837 -5.09253 -1.79428 1.40878 2.37461 11.8144 7.1961 2.92764 -6.96427 -2.38985 -3.38207 2.07751 3.69929 14.8825 -10.5525 -5.93273 -3.37151 5.60272 1.60901
106.71 0.0876518 8.62855 -11.5622 -4.66311 -3.22905 0.329265 2.07045 5.2818 11.9142 -8.52085 -5.94034 -3.08199 0.505905 2.55484 6.86753 15.3461 -8.3863 -5.68455 -2.6535 2.0226 2.8073 9.98639 18.2381 -5.59015 -6.29725 -1.78547 0.699586 2.81202 12.6549 15.979 -4.20518 -5.1327 -1.75018 1.70361 2.43942 12.2762 7.6741 2.88798 -6.87872 -2.25923 -3.35517 2.11452 3.91004 14.8411 -10.5483 -5.93448 -3.37483 5.59845 1.60388
106.76 0.0864573 8.02051 -10.6257 -4.61955 -3.23383 0.153111 2.0464 5.01186 11.5462 -8.55572 -5.97288 -3.1268 0.333039 2.51369 6.6559 14.7831 -8.5481 -5.70911 -2.74473 1.91719 2.78082 9.26805 18.1122 -6.06843 -6.33479 -1.87667 0.733189 2.85052 12.0558 16.6831 -4.83438 -5.16815 -1.72041 1.98351 2.50376 12.7003 8.21996 2.66241 -6.81312 -2.14878 -3.32452 2.15866 4.15391 14.8051 -10.5422 -5.93594 -3.37719 5.59435 1.59906
106.81 0.097158 7.32925 -9.49607 -4.55629 -3.2369 -0.0193396 2.02325 4.70362 11.1961 -8.55218 -6.00403 -3.16647 0.157032 2.47227 6.45909 14.2353 -8.68584 -5.73286 -2.82486 1.79576 2.74996 8.68023 17.7385 -6.51954 -6.3719 -2.00282 0.736395 2.87861 11.2391 17.2561 -5.46377 -5.20009 -1.70888 2.23826 2.56648 13.0785 8.86497 2.20076 -6.77456 -2.05726 -3.29126 2.20816 4.43637 14.7748 -10.5344 -5.93713 -3.37851 5.59043 1.59456
106.86 0.146242 6.60068 -8.26645 -4.47872 -3.23824 -0.186071 2.00104 4.36082 10.8556 -8.5046 -6.0328 -3.20163 -0.0206224 2.4309 6.27248 13.716 -8.80284 -5.75604 -2.89513 1.66053 2.71574 8.20644 17.1838 -6.92668 -6.40904 -2.1466 0.708623 2.89472 10.355 17.6611 -6.07936 -5.22975 -1.72702 2.45669 2.62593 13.3971 9.63387 1.47386 -6.76935 -1.98275 -3.2564 2.2614 4.76792 14.751 -10.5251 -5.93808 -3.37857 5.58673 1.5904
106.91 0.31996 5.88946 -7.02835 -4.39451 -3.23793 -0.344793 1.97981 4.00008 10.5159 -8.40431 -6.05795 -3.23272 -0.198406 2.38986 6.09173 13.232 -8.90079 -5.7789 -2.9568 1.51388 2.67903 7.81845 16.5292 -7.28214 -6.44649 -2.2923 0.651238 2.89884 9.57716 17.8503 -6.64928 -5.25823 -1.78803 2.62868 2.67946 13.6329 10.5028 0.550195 -6.79671 -1.92314 -3.22084 2.31701 5.15411 14.7358 -10.5147 -5.93878 -3.37687 5.58327 1.58659
106.96 0.843184 5.23059 -5.78607 -4.30935 -3.23616 -0.492898 1.95959 3.64387 10.1662 -8.23821 -6.07797 -3.26005 -0.374748 2.34946 5.91231 12.7845 -8.97988 -5.80164 -3.01102 1.35801 2.64051 7.49292 15.8443 -7.58607 -6.48448 -2.4305 0.567471 2.89206 8.97435 17.8289 -7.14851 -5.2863 -1.88959 2.74957 2.72396 13.7597 11.3935 -0.404872 -6.84681 -1.87635 -3.18532 2.37387 5.58195 14.7327 -10.5034 -5.93923 -3.37254 5.5801 1.58316
107.01 2.10593 4.63801 -4.4405 -4.22616 -3.23308 -0.627357 1.94039 3.31398 9.79286 -7.98649 -6.09106 -3.28389 -0.548036 2.31014 5.72895 12.3712 -9.03902 -5.82434 -3.05882 1.19479 2.60078 7.21301 15.1756 -7.84301 -6.52317 -2.55687 0.461509 2.87597 8.51388 17.6548 -7.56951 -5.31431 -2.01461 2.82209 2.75727 13.7623 12.2341 -1.26 -6.90893 -1.84039 -3.1504 2.43108 6.02151 14.7471 -10.4917 -5.9394 -3.36424 5.5773 1.58018
107.06 4.19889 4.11664 -2.9448 -4.14607 -3.22819 -0.744499 1.92224 3.03251 9.37765 -7.61922 -6.09424 -3.30449 -0.71664 2.27243 5.53501 11.9876 -9.07594 -5.847 -3.10114 1.0258 2.5603 6.96682 14.5478 -8.05896 -6.56268 -2.67016 0.337634 2.85227 8.14517 17.386 -7.91757 -5.3422 -2.14664 2.85338 2.77881 13.6368 12.9923 -1.97737 -6.9768 -1.81345 -3.11654 2.4879 6.44183 14.7857 -10.4797 -5.93924 -3.35036 5.57499 1.57778
107.11 6.41857 3.6921 -1.47589 -4.0693 -3.21424 -0.83957 1.90527 2.83484 8.89779 -7.09292 -6.0824 -3.32203 -0.878938 2.2367 5.32186 11.628 -9.08727 -5.86946 -3.13877 0.85231 2.51948 6.7457 13.9706 -8.23954 -6.603 -2.77067 0.199767 2.8225 7.83384 17.0596 -8.20352 -5.36971 -2.27555 2.8513 2.78918 13.3864 13.6611 -2.57423 -7.04764 -1.79413 -3.08407 2.54371 6.82157 14.8553 -10.4679 -5.93867 -3.32944 5.57334 1.57617
107.16 8.11768 3.49555 -0.181139 -3.99553 -3.15524 -0.905761 1.89056 2.81438 8.33092 -6.35084 -6.05008 -3.33656 -1.03333 2.20289 5.07912 11.2856 -9.06842 -5.89145 -3.17241 0.675466 2.47866 6.5431 13.4451 -8.38918 -6.644 -2.8594 0.0513411 2.78802 7.56054 16.6966 -8.4391 -5.39648 -2.39627 2.82262 2.7896 13.019 14.2425 -3.08374 -7.12024 -1.78153 -3.05324 2.59804 7.15043 14.9604 -10.4565 -5.93762 -3.30066 5.57256 1.5756
107.21 9.11946 3.66117 0.915586 -3.92405 -3.01771 -0.932996 1.88142 3.20361 7.67195 -5.33057 -5.99454 -3.34796 -1.17822 2.17074 4.79752 10.953 -9.01322 -5.91269 -3.20262 0.496372 2.43821 6.35364 12.9682 -8.51077 -6.68537 -2.93762 -0.104673 2.74995 7.31465 16.3078 -8.63489 -5.42218 -2.50664 2.77257 2.78151 12.545 14.7398 -3.53816 -7.19403 -1.77549 -3.02426 2.65044 7.42654 15.1021 -10.4456 -5.93603 -3.26417 5.57284 1.57636
107.26 9.64585 4.10174 1.83048 -3.85427 -2.83842 -0.909343 1.88162 4.30683 6.95401 -3.99305 -5.91861 -3.35555 -1.31198 2.14002 4.47601 10.6222 -8.9132 -5.93285 -3.22978 0.316208 2.39858 6.17253 12.5342 -8.60569 -6.72664 -3.00662 -0.265693 2.70922 7.08996 15.899 -8.79962 -5.44656 -2.60612 2.7049 2.76635 11.9766 15.153 -3.96441 -7.26865 -1.77708 -2.99735 2.70048 7.6526 15.2775 -10.4355 -5.93385 -3.22117 5.57439 1.57874
107.31 9.9262 4.72575 2.58285 -3.78615 -2.65875 -0.825702 1.89282 5.90438 6.24889 -2.4747 -5.82979 -3.3551 -1.43281 2.11072 4.12879 10.2836 -8.75642 -5.95064 -3.25415 0.136308 2.36023 5.99515 12.1366 -8.67389 -6.7672 -3.0676 -0.429454 2.66658 6.8824 15.4729 -8.94015 -5.46944 -2.69497 2.62206 2.74542 11.3296 15.4742 -4.38359 -7.34387 -1.78958 -2.97281 2.74758 7.83203 15.4809 -10.4261 -5.93107 -3.17361 5.57736 1.58294
107.36 10.0801 5.46281 3.18184 -3.72046 -2.49687 -0.683142 1.91481 7.25671 5.6626 -1.07282 -5.73541 -3.33053 -1.53836 2.08331 3.78858 9.92542 -8.52569 -5.96304 -3.27583 -0.0418034 2.32332 5.81653 11.7682 -8.71398 -6.80628 -3.12165 -0.59396 2.62265 6.6888 15.032 -9.06158 -5.49072 -2.7739 2.52554 2.71991 10.6322 15.682 -4.81038 -7.41949 -1.81982 -2.95118 2.79083 7.96546 15.7036 -10.4175 -5.92768 -3.12396 5.58181 1.5891
107.41 10.1664 6.23901 3.61708 -3.65921 -2.35816 -0.491681 1.94637 8.1253 5.28823 0.0795826 -5.64 -3.26276 -1.62521 2.05923 3.50517 9.532 -8.19582 -5.96649 -3.29483 -0.216402 2.28774 5.63078 11.4215 -8.72321 -6.84296 -3.16971 -0.75746 2.57794 6.50636 14.5803 -9.1675 -5.51041 -2.84378 2.41614 2.6908 9.9308 15.7415 -5.2508 -7.49535 -1.87796 -2.93339 2.82865 8.04839 15.9347 -10.4096 -5.92375 -3.07518 5.58775 1.59723
107.46 10.2153 7.02144 3.849 -3.60652 -2.24257 -0.262677 1.98583 8.66005 5.11853 0.990188 -5.54555 -3.15645 -1.68878 2.04047 3.32671 9.08298 -7.73084 -5.95685 -3.31115 -0.385579 2.25334 5.43051 11.0888 -8.69719 -6.87622 -3.21262 -0.91843 2.53289 6.33222 14.1248 -9.26011 -5.52863 -2.90554 2.29439 2.65895 9.27811 15.6252 -5.69962 -7.57128 -1.97152 -2.9208 2.8588 8.07268 16.1604 -10.4027 -5.91941 -3.03071 5.59504 1.6072
107.51 10.2431 7.8313 3.79805 -3.5696 -2.14792 -0.00545817 2.03144 9.03711 5.09921 1.70246 -5.45291 -3.02859 -1.72368 2.0286 3.29517 8.5555 -7.08426 -5.92935 -3.32475 -0.54726 2.22007 5.20664 10.7616 -8.62937 -6.90487 -3.25106 -1.07555 2.48788 6.16331 13.6751 -9.34041 -5.54557 -2.96012 2.16096 2.62504 8.70589 15.3446 -6.14132 -7.64702 -2.09708 -2.91478 2.87895 8.03397 16.3653 -10.3969 -5.91488 -2.99417 5.60342 1.6187
107.56 10.2588 8.73107 3.34219 -3.55946 -2.0715 0.272937 2.08156 9.36379 5.19921 2.25911 -5.36259 -2.89101 -1.72354 2.02459 3.49573 7.93597 -6.20799 -5.8802 -3.33549 -0.699192 2.18795 4.95016 10.4306 -8.51003 -6.92757 -3.28558 -1.2277 2.44324 5.99615 13.2396 -9.40825 -5.56149 -3.00838 2.01695 2.58966 8.2189 14.9482 -6.55681 -7.72213 -2.24139 -2.91607 2.88764 7.93816 16.5354 -10.3925 -5.91042 -2.96845 5.61251 1.63122
107.61 10.267 9.7774 2.38824 -3.58637 -2.01072 0.567029 2.13474 9.70197 5.42503 2.69273 -5.27514 -2.74896 -1.6811 2.02904 4.14528 7.2419 -5.0625 -5.80986 -3.34292 -0.838871 2.15707 4.65817 10.0845 -8.32457 -6.94288 -3.31659 -1.3739 2.39934 5.82656 12.8239 -9.46248 -5.57667 -3.05114 1.86387 2.55325 7.80816 14.4921 -6.93122 -7.79602 -2.39007 -2.92451 2.88478 7.79935 16.6617 -10.3898 -5.90627 -2.95486 5.62183 1.64413
107.66 10.2684 10.921 1.06463 -3.64563 -1.96336 0.871917 2.18974 10.0808 5.82053 3.02139 -5.19152 -2.60455 -1.58858 2.04233 5.47411 6.53194 -3.6469 -5.72429 -3.34466 -0.963371 2.12756 4.34288 9.70876 -8.05102 -6.94896 -3.3443 -1.51332 2.35661 5.64935 12.4302 -9.50102 -5.59133 -3.08913 1.70338 2.51619 7.46078 14.0189 -7.25713 -7.86799 -2.53309 -2.93921 2.87133 7.63339 16.7418 -10.389 -5.90262 -2.95294 5.63091 1.65676
107.71 10.2544 12.0279 -0.328974 -3.71864 -1.92757 1.18223 2.24548 10.4927 6.42369 3.23907 -5.11399 -2.46064 -1.44148 2.0647 7.05049 5.90874 -2.15508 -5.63121 -3.32757 -1.06892 2.09984 4.04013 9.28499 -7.65678 -6.94219 -3.36876 -1.64516 2.31545 5.45777 12.0582 -9.52093 -5.60559 -3.12301 1.53712 2.4788 7.16384 13.555 -7.53333 -7.93735 -2.66521 -2.95899 2.84884 7.45339 16.7784 -10.3901 -5.89958 -2.96098 5.63933 1.66853
107.76 10.1925 13.0148 -1.61612 -3.7923 -1.90265 1.49085 2.30108 10.9128 7.20906 3.29639 -5.04788 -2.32233 -1.24478 2.09603 8.20307 5.51768 -0.847515 -5.5362 -3.26137 -1.15 2.07532 3.82519 8.79048 -7.09606 -6.91728 -3.38988 -1.76871 2.27589 5.24307 11.7053 -9.51846 -5.6195 -3.15338 1.36652 2.44135 6.90585 13.1136 -7.76206 -8.00339 -2.78453 -2.98262 2.81896 7.26856 16.7773 -10.393 -5.89721 -2.97668 5.6468 1.67897
107.81 9.99823 13.8509 -2.77955 -3.86217 -1.89145 1.78716 2.35561 11.3189 8.15257 3.07443 -5.00422 -2.19501 -1.00945 2.13568 8.90765 5.40256 0.201543 -5.44206 -3.13997 -1.19886 2.05662 3.82703 8.20545 -6.31297 -6.86947 -3.40742 -1.88323 2.23778 4.99501 11.3672 -9.48889 -5.63299 -3.18073 1.19283 2.40411 6.67722 12.6998 -7.94665 -8.06546 -2.89101 -3.00901 2.78326 7.08473 16.7456 -10.3975 -5.89549 -2.99775 5.65313 1.6878
107.86 9.51261 14.4972 -3.8918 -3.92772 -1.90573 2.05482 2.40769 11.6897 9.29519 2.39787 -4.99995 -2.08253 -0.746012 2.18248 9.4099 5.5078 1.01747 -5.34999 -2.98651 -1.20635 2.04612 4.25986 7.53246 -5.25172 -6.79723 -3.42089 -1.98792 2.20105 4.7056 11.0384 -9.42622 -5.64608 -3.20545 1.01716 2.3674 6.4701 12.3138 -8.09014 -8.12292 -2.98547 -3.03723 2.74308 6.90516 16.6902 -10.4034 -5.89437 -3.02216 5.65821 1.69486
107.91 8.55501 14.8552 -5.07006 -3.98976 -1.97414 2.27304 2.45454 11.9919 10.6303 1.26669 -5.04151 -1.98693 -0.462677 2.23486 9.87947 5.82315 1.63812 -5.26096 -2.81828 -1.16267 2.04533 5.38631 6.81726 -3.88683 -6.70486 -3.42819 -2.08185 2.16581 4.37693 10.7122 -9.32264 -5.65875 -3.2278 0.840593 2.3316 6.27795 11.9528 -8.19457 -8.17516 -3.06907 -3.06653 2.69957 6.73137 16.6171 -10.4106 -5.89379 -3.04831 5.66204 1.70011
107.96 7.15818 14.8439 -6.36623 -4.04945 -2.11893 2.42816 2.49109 12.1713 11.9826 0.0399865 -5.10749 -1.90863 -0.165772 2.29105 10.3733 6.37367 2.08072 -5.17699 -2.64462 -1.06044 2.05518 6.91373 6.15812 -2.3769 -6.60051 -3.41812 -2.16374 2.13239 4.02914 10.3805 -9.1675 -5.66995 -3.24791 0.664268 2.29711 6.09509 11.6123 -8.26065 -8.22153 -3.14306 -3.09632 2.65365 6.56358 16.5314 -10.4187 -5.89365 -3.075 5.66466 1.70359
108.01 5.66283 14.6188 -7.6566 -4.10748 -2.29608 2.52216 2.51328 12.1942 13.2074 -1.00883 -5.17652 -1.84683 0.138654 2.34944 10.8807 7.13411 2.31773 -5.103 -2.47441 -0.901904 2.07603 8.11065 5.70484 -1.01212 -6.49138 -3.36124 -2.23144 2.10202 3.70758 10.0332 -8.94585 -5.67704 -3.26579 0.489491 2.26402 5.91615 11.2869 -8.28742 -8.26134 -3.2086 -3.12615 2.60609 6.4011 16.4374 -10.4275 -5.89387 -3.10139 5.66616 1.7054
108.06 4.35838 14.3594 -8.81044 -4.16375 -2.45703 2.56628 2.52165 12.0784 14.2715 -1.84459 -5.24084 -1.80009 0.442191 2.4087 11.3802 8.06774 2.24849 -5.04967 -2.31641 -0.69723 2.10749 8.8517 5.51767 0.0947286 -6.38165 -3.24659 -2.28154 2.07713 3.47019 9.65661 -8.63611 -5.67702 -3.28141 0.317812 2.23216 5.73555 10.9701 -8.27197 -8.29381 -3.26673 -3.15569 2.55753 6.24246 16.3381 -10.4369 -5.89434 -3.12692 5.66664 1.70566
108.11 3.31984 14.113 -9.79473 -4.21784 -2.59117 2.57239 2.51906 11.8505 15.183 -2.51426 -5.29857 -1.76702 0.730691 2.46778 11.8556 9.20491 1.70325 -5.03444 -2.17668 -0.457431 2.14845 9.36935 5.52913 0.959774 -6.27326 -3.09581 -2.30993 2.06009 3.3493 9.23247 -8.2076 -5.66628 -3.29473 0.151096 2.20141 5.54695 10.6545 -8.20867 -8.31799 -3.31838 -3.18466 2.50851 6.08547 16.2359 -10.4465 -5.89499 -3.15125 5.66621 1.70451
108.16 2.52067 13.8784 -10.6209 -4.26937 -2.70124 2.54973 2.50825 11.5273 15.9547 -3.07208 -5.3499 -1.747 0.984357 2.52575 12.2929 10.5465 0.661014 -5.06642 -2.05792 -0.191497 2.19726 9.84436 5.6825 1.62604 -6.16738 -2.92734 -2.31205 2.05254 3.35871 8.73894 -7.61999 -5.64038 -3.30573 -0.00841654 2.17175 5.34319 10.3309 -8.08812 -8.33268 -3.36433 -3.21288 2.4595 5.9272 16.1327 -10.4564 -5.89574 -3.17423 5.66498 1.7021
108.21 1.91365 13.6469 -11.3096 -4.31809 -2.79165 2.50477 2.4914 11.1207 16.593 -3.56272 -5.39597 -1.74091 1.18922 2.58174 12.6726 11.9213 -0.522979 -5.12575 -1.96009 0.0936801 2.25206 10.3427 5.95438 2.13017 -6.06526 -2.75127 -2.28244 2.05554 3.53767 8.15842 -6.83083 -5.59507 -3.31429 -0.158004 2.14326 5.11796 9.98792 -7.89517 -8.33628 -3.4052 -3.24021 2.41088 5.7637 16.0297 -10.4663 -5.89653 -3.19579 5.66306 1.69855
108.26 1.45513 13.41 -11.8812 -4.36387 -2.86627 2.4417 2.47017 10.6429 17.0931 -4.02025 -5.43817 -1.75167 1.34565 2.63473 12.9615 13.176 -1.55196 -5.18943 -1.88131 0.392511 2.31106 10.8571 6.33369 2.494 -5.9686 -2.57694 -2.21503 2.06967 4.01601 7.49679 -5.8097 -5.52903 -3.32007 -0.294298 2.11599 4.8721 9.61062 -7.60597 -8.3267 -3.44147 -3.26654 2.36299 5.58972 15.9278 -10.4761 -5.89732 -3.21596 5.66054 1.69399
108.31 1.10971 13.1617 -12.3531 -4.40667 -2.92819 2.36309 2.4458 10.1101 17.4363 -4.46976 -5.47769 -1.78463 1.46066 2.68343 13.1136 14.2743 -2.38259 -5.24847 -1.819 0.699596 2.37263 11.3668 6.83348 2.71812 -5.8802 -2.41363 -2.10365 2.09476 5.06321 6.80027 -4.53569 -5.4464 -3.32168 -0.412984 2.09006 4.62715 9.17954 -7.18398 -8.30127 -3.4734 -3.29181 2.31624 5.39814 15.8274 -10.4857 -5.89808 -3.23483 5.65752 1.68853
108.36 0.849876 12.8987 -12.7395 -4.44656 -2.97984 2.27027 2.41924 9.54512 17.5941 -4.92726 -5.5154 -1.84625 1.54066 2.7261 13.0833 15.2258 -3.06388 -5.30054 -1.77066 1.00825 2.43543 11.8568 7.51042 2.76155 -5.8058 -2.2678 -1.943 2.12987 6.69906 6.16035 -3.06529 -5.35452 -3.31041 -0.508281 2.06569 4.44913 8.67204 -6.57658 -8.25633 -3.50097 -3.31595 2.2711 5.17972 15.7289 -10.495 -5.8989 -3.25248 5.65408 1.68231
108.41 0.654586 12.6204 -13.0518 -4.48366 -3.02314 2.16388 2.39122 8.976 17.5451 -5.39717 -5.55195 -1.93998 1.58968 2.76066 12.8366 16.0473 -3.6536 -5.34554 -1.73434 1.30816 2.49837 12.3168 8.42815 2.49982 -5.75774 -2.14228 -1.73381 2.17347 8.20212 5.75807 -1.65269 -5.25972 -3.251 -0.571955 2.04405 4.50402 8.07186 -5.71648 -8.1875 -3.52388 -3.33892 2.22785 4.92416 15.6326 -10.5041 -5.9 -3.26904 5.65028 1.67548
108.46 0.507878 12.3287 -13.2981 -4.51817 -3.05959 2.04436 2.36228 8.43082 17.2956 -5.87021 -5.58772 -2.06141 1.60983 2.78512 12.3597 16.7514 -4.19885 -5.38436 -1.70925 1.58255 2.56054 12.7387 9.61721 1.7549 -5.75434 -2.03735 -1.48567 2.22373 9.1784 5.74901 -0.484589 -5.16579 -3.1148 -0.592317 2.02825 5.1138 7.39193 -4.53671 -8.09384 -3.54081 -3.36067 2.18642 4.62492 15.5388 -10.5128 -5.90195 -3.28456 5.64619 1.66831
108.51 0.39768 12.0273 -13.4839 -4.55028 -3.09042 1.91247 2.33285 7.93251 16.8822 -6.32727 -5.62293 -2.1987 1.60214 2.79832 11.67 17.3401 -4.73264 -5.41849 -1.69711 1.8116 2.62105 13.1134 10.9937 0.606357 -5.79728 -1.95185 -1.2107 2.27881 9.85899 6.09678 0.41167 -5.07491 -2.93059 -0.55657 2.02186 6.39205 6.69969 -3.07416 -7.98078 -3.5456 -3.38106 2.14683 4.28846 15.448 -10.521 -5.9053 -3.29903 5.64186 1.66121
108.56 0.31489 11.7202 -13.6122 -4.58012 -3.11658 1.76948 2.30327 7.49461 16.3542 -6.74888 -5.6576 -2.33849 1.56749 2.80029 10.8355 17.793 -5.27075 -5.44954 -1.70495 1.98626 2.6788 13.422 12.3461 -0.554605 -5.86186 -1.88364 -0.919645 2.337 10.4442 6.72443 1.04024 -4.99019 -2.73117 -0.458825 2.02712 7.69547 6.13291 -1.6056 -7.85684 -3.51591 -3.39965 2.10972 3.94508 15.3611 -10.5289 -5.90946 -3.31235 5.63735 1.65444
108.61 0.252658 11.4106 -13.6833 -4.60772 -3.13888 1.61705 2.27378 7.11922 15.7594 -7.12287 -5.69175 -2.47107 1.50708 2.79205 9.98324 18.0599 -5.8083 -5.47887 -1.74683 2.11075 2.7319 13.6273 13.557 -1.52021 -5.92945 -1.83012 -0.622356 2.39686 10.9926 7.55368 1.35999 -4.91868 -2.53661 -0.30469 2.04488 8.56649 5.81338 -0.358412 -7.72878 -3.42843 -3.41529 2.07688 3.64889 15.2789 -10.5361 -5.91363 -3.3244 5.63271 1.64792
108.66 0.205839 11.0996 -13.6951 -4.63291 -3.15793 1.45689 2.24458 6.79938 15.1409 -7.44559 -5.7254 -2.59147 1.42288 2.77517 9.24046 18.0957 -6.32399 -5.50746 -1.83359 2.19271 2.77746 13.6785 14.6113 -2.28959 -5.9936 -1.78878 -0.330653 2.45728 11.5122 8.56741 1.24763 -4.87436 -2.35903 -0.104807 2.07476 9.13046 5.7159 0.631232 -7.60021 -3.29481 -3.42657 2.05059 3.44117 15.2021 -10.5425 -5.91752 -3.33508 5.62799 1.64151
108.71 0.170578 10.7856 -13.6428 -4.65528 -3.17426 1.29063 2.21582 6.52359 14.5336 -7.71907 -5.75869 -2.69819 1.31768 2.75132 8.64953 17.9191 -6.79432 -5.53587 -1.95737 2.23841 2.81247 13.5367 15.5235 -2.91609 -6.05244 -1.75753 -0.0613691 2.5174 11.9975 9.80519 0.568388 -4.87426 -2.20465 0.130595 2.1154 9.59529 5.77398 1.39824 -7.47294 -3.13612 -3.43243 2.03266 3.32855 15.1312 -10.5479 -5.92107 -3.34438 5.62323 1.63517
108.76 0.143996 10.464 -13.518 -4.67406 -3.18828 1.11963 2.18762 6.27951 13.9598 -7.94781 -5.79182 -2.79159 1.1947 2.72203 8.18396 17.5917 -7.2056 -5.56423 -2.09859 2.25279 2.83527 13.1938 16.3107 -3.45248 -6.10575 -1.73487 0.167733 2.57658 12.4341 11.1866 -0.507014 -4.91449 -2.07532 0.392943 2.16483 10.0716 5.95348 1.98395 -7.34837 -2.96414 -3.43223 2.02433 3.30143 15.0659 -10.552 -5.92427 -3.3524 5.6185 1.62893
108.81 0.123954 10.1269 -13.3078 -4.688 -3.2003 0.945095 2.16006 6.0555 13.4294 -8.13653 -5.82498 -2.87292 1.05718 2.68862 7.80639 17.1687 -7.55566 -5.59238 -2.24099 2.23988 2.84588 12.6658 16.984 -3.94052 -6.1542 -1.72026 0.350423 2.63427 12.7898 12.5155 -1.57995 -4.96946 -1.96988 0.674933 2.22088 10.5769 6.2326 2.41917 -7.22807 -2.78732 -3.42555 2.02652 3.34818 15.0063 -10.5544 -5.92712 -3.35922 5.61382 1.62287
108.86 0.108895 9.76207 -12.9922 -4.69515 -3.21056 0.768108 2.13321 5.84073 12.9438 -8.28899 -5.85828 -2.94368 0.90802 2.6522 7.48931 16.6844 -7.84963 -5.62004 -2.37542 2.20286 2.84541 11.9818 17.5426 -4.41101 -6.19874 -1.71495 0.491614 2.68991 13.013 13.6978 -2.48545 -5.02349 -1.8856 0.969743 2.2815 11.0898 6.58596 2.72121 -7.11403 -2.61536 -3.41231 2.03963 3.45649 14.9521 -10.5551 -5.92964 -3.36495 5.60922 1.61704
108.91 0.0977518 9.35267 -12.5423 -4.69261 -3.2192 0.589764 2.10712 5.62447 12.4999 -8.40751 -5.8917 -3.00537 0.749664 2.61363 7.2149 16.1587 -8.09567 -5.64694 -2.4979 2.1441 2.83546 11.1867 17.9659 -4.88391 -6.24027 -1.72381 0.598078 2.74276 13.0461 14.7255 -3.24257 -5.07213 -1.81944 1.27032 2.34488 11.591 6.99285 2.89389 -7.00886 -2.45686 -3.39289 2.06331 3.61353 14.9033 -10.5538 -5.93183 -3.36966 5.60474 1.61148
108.96 0.0900083 8.87676 -11.9191 -4.67642 -3.2263 0.411267 2.08183 5.39528 12.092 -8.49285 -5.92506 -3.05935 0.584158 2.57362 6.97157 15.606 -8.30223 -5.6729 -2.60734 2.0653 2.81769 10.355 18.2063 -5.36623 -6.27962 -1.7576 0.674214 2.79151 12.8401 15.6129 -3.91124 -5.11483 -1.76878 1.56891 2.40952 12.0674 7.44669 2.92676 -6.91607 -2.31694 -3.36811 2.09646 3.80878 14.8596 -10.5505 -5.93371 -3.37341 5.6004 1.6062
109.01 0.0861681 8.31281 -11.085 -4.64221 -3.23183 0.234007 2.05738 5.14085 11.7132 -8.54416 -5.95799 -3.10682 0.413248 2.53273 6.75136 15.0419 -8.47674 -5.69789 -2.70411 1.96792 2.79365 9.58356 18.2036 -5.84995 -6.31757 -1.82947 0.721385 2.83391 12.3646 16.3736 -4.54449 -5.15231 -1.73225 1.85689 2.47421 12.5099 7.95797 2.79258 -6.84047 -2.19727 -3.33905 2.13753 4.03714 14.8211 -10.5452 -5.9353 -3.37622 5.59622 1.60124
109.06 0.0898074 7.65614 -10.0363 -4.58769 -3.2357 0.0596147 2.03382 4.85064 11.3558 -8.55888 -5.98989 -3.14877 0.238504 2.49139 6.54832 14.485 -8.62505 -5.72199 -2.7892 1.85362 2.76467 8.93553 17.9382 -6.31612 -6.35481 -1.94132 0.738767 2.86709 11.6353 17.0097 -5.17366 -5.18571 -1.71139 2.12459 2.53784 12.9105 8.553 2.44617 -6.7885 -2.09724 -3.30686 2.18477 4.30068 14.788 -10.5382 -5.93662 -3.37804 5.59221 1.59659
109.11 0.115484 6.9376 -8.83891 -4.51578 -3.23784 -0.110022 2.01117 4.5224 11.012 -8.53249 -6.0199 -3.18594 0.0614237 2.44995 6.35755 13.9514 -8.75131 -5.74541 -2.86386 1.72446 2.73188 8.41263 17.4569 -6.74507 -6.39189 -2.07923 0.725245 2.88881 10.7589 17.4987 -5.79909 -5.21628 -1.71397 2.36118 2.59906 13.2588 9.26374 1.84085 -6.76741 -2.01514 -3.27261 2.23647 4.60825 14.7611 -10.5295 -5.93767 -3.37872 5.58841 1.59228
109.16 0.214381 6.21251 -7.59747 -4.43374 -3.23827 -0.272741 1.98948 4.16729 10.6731 -8.45783 -6.04689 -3.21886 -0.116492 2.40872 6.17464 13.4507 -8.85793 -5.76839 -2.92935 1.58279 2.69622 7.98839 16.8387 -7.12475 -6.42916 -2.2256 0.681212 2.89838 9.91503 17.7913 -6.39409 -5.24518 -1.7542 2.5556 2.65571 13.5362 10.0939 0.991018 -6.78052 -1.94891 -3.23728 2.29114 4.96951 14.7416 -10.5196 -5.93848 -3.37792 5.58483 1.5883
109.21 0.535999 5.5267 -6.36405 -4.3485 -3.23715 -0.42609 1.96879 3.80616 10.3295 -8.32407 -6.06948 -3.24789 -0.293697 2.36799 5.9952 12.9865 -8.94579 -5.79116 -2.98687 1.43092 2.65846 7.63651 16.1604 -7.45207 -6.46688 -2.36806 0.609127 2.89644 9.23147 17.8618 -6.92791 -5.27337 -1.83866 2.70014 2.70473 13.716 10.9855 0.0288962 -6.82165 -1.89647 -3.20166 2.34755 5.38114 14.7323 -10.5087 -5.93905 -3.37494 5.58152 1.58469
109.26 1.4074 4.90273 -5.08182 -4.26418 -3.23466 -0.567253 1.94911 3.46154 9.96905 -8.11485 -6.08603 -3.27331 -0.468596 2.32811 5.81439 12.5578 -9.01435 -5.81387 -3.03751 1.27087 2.61922 7.33729 15.48 -7.72997 -6.50523 -2.50019 0.51286 2.88444 8.71207 17.75 -7.38492 -5.3014 -1.95523 2.79425 2.74337 13.777 11.8555 -0.882316 -6.87929 -1.85575 -3.1664 2.4047 5.81945 14.7379 -10.4971 -5.93936 -3.36866 5.57854 1.58149
109.31 3.16323 4.34779 -3.64557 -4.1826 -3.2308 -0.692893 1.93048 3.15466 9.57571 -7.80539 -6.09429 -3.29538 -0.639563 2.28959 5.62627 12.1612 -9.06186 -5.83657 -3.08225 1.10437 2.57903 7.07679 14.8314 -7.96408 -6.54435 -2.61954 0.396732 2.86404 8.30644 17.5189 -7.76547 -5.32937 -2.08566 2.84356 2.77032 13.7105 12.6536 -1.66322 -6.94501 -1.82485 -3.132 2.46179 6.252 14.7645 -10.4852 -5.93936 -3.35756 5.57598 1.5788
109.36 5.43118 3.87118 -2.13678 -4.1043 -3.22311 -0.798832 1.91292 2.91191 9.1287 -7.35878 -6.0901 -3.31431 -0.80497 2.25293 5.42319 11.7913 -9.08548 -5.85914 -3.12195 0.932809 2.53833 6.84502 14.2303 -8.16033 -6.58431 -2.72585 0.264861 2.83689 7.9718 17.2156 -8.07859 -5.35709 -2.21689 2.85594 2.78572 13.517 13.3637 -2.31189 -7.01469 -1.80217 -3.09885 2.51813 6.65236 14.819 -10.4733 -5.93899 -3.34004 5.57401 1.5768
109.41 7.42194 3.54437 -0.753442 -4.02922 -3.1917 -0.879384 1.89691 2.79101 8.6042 -6.72389 -6.06781 -3.33023 -0.963204 2.21826 5.19544 11.4418 -9.08121 -5.88139 -3.15736 0.757376 2.49747 6.63461 13.6812 -8.32379 -6.62502 -2.81986 0.12091 2.80443 7.68268 16.8677 -8.33599 -5.38424 -2.3418 2.83878 2.79056 13.2024 13.985 -2.85744 -7.08658 -1.78654 -3.06724 2.57319 7.00535 14.9074 -10.4617 -5.93817 -3.31493 5.5728 1.57571
109.46 8.73446 3.54229 0.433625 -3.95678 -3.08965 -0.926033 1.88466 2.95181 7.98624 -5.83957 -6.02301 -3.34311 -1.11268 2.18538 4.93259 11.1057 -9.04367 -5.903 -3.18908 0.57918 2.4568 6.4397 13.1825 -8.45805 -6.66627 -2.90277 -0.0319469 2.76789 7.42512 16.4899 -8.54893 -5.41048 -2.45708 2.79804 2.78621 12.7761 14.5208 -3.33357 -7.15987 -1.77743 -3.03738 2.62653 7.30564 15.0323 -10.4505 -5.93684 -3.2819 5.57256 1.57582
109.51 9.44454 3.87188 1.42976 -3.88626 -2.92303 -0.927306 1.8802 3.70059 7.28865 -4.64761 -5.95574 -3.35263 -1.25178 2.15402 4.62876 10.7752 -8.96556 -5.92372 -3.21761 0.399355 2.41672 6.25531 12.7295 -8.56519 -6.70766 -2.97586 -0.190958 2.72828 7.19125 16.0898 -8.72703 -5.4355 -2.56159 2.73812 2.77413 12.2496 14.9731 -3.76984 -7.23414 -1.77526 -3.00949 2.67772 7.55431 15.1927 -10.4401 -5.93493 -3.2417 5.57351 1.57743
109.56 9.81787 4.41912 2.25511 -3.81733 -2.74008 -0.87196 1.88627 5.15718 6.56656 -3.17735 -5.87183 -3.35696 -1.37882 2.12405 4.29051 10.4414 -8.83673 -5.9429 -3.24325 0.219156 2.37773 6.0768 12.3159 -8.64581 -6.74863 -3.0404 -0.353717 2.68644 6.97621 15.6714 -8.87798 -5.45909 -2.65527 2.66203 2.75571 11.6364 15.3385 -4.19004 -7.30912 -1.78212 -2.98381 2.72627 7.75492 15.3841 -10.4303 -5.93243 -3.19596 5.57581 1.58076
109.61 10.0202 5.11405 2.92473 -3.75036 -2.56879 -0.75568 1.90339 6.6935 5.91057 -1.69141 -5.77927 -3.34641 -1.49176 2.09565 3.94172 10.094 -8.64268 -5.95821 -3.26617 0.0400167 2.34017 5.89942 11.9349 -8.69912 -6.7885 -3.09752 -0.518111 2.64304 6.77654 15.237 -9.00769 -5.48111 -2.73868 2.57169 2.73218 10.9576 15.6022 -4.61197 -7.38457 -1.80306 -2.96075 2.77145 7.90979 15.5991 -10.4213 -5.92931 -3.14694 5.57957 1.58601
109.66 10.1326 5.87955 3.43841 -3.68671 -2.41918 -0.585307 1.93073 7.77862 5.43264 -0.419811 -5.68396 -3.2997 -1.58774 2.0698 3.62543 9.71901 -8.36229 -5.96625 -3.2864 -0.136428 2.304 5.71777 11.5792 -8.72302 -6.8264 -3.14823 -0.682279 2.59863 6.5893 14.7896 -9.1204 -5.50152 -2.81261 2.46816 2.70461 10.2512 15.7348 -5.04603 -7.46034 -1.84703 -2.94104 2.81201 8.01692 15.8279 -10.4131 -5.92562 -3.09736 5.58483 1.59324
109.71 10.1961 6.65963 3.77131 -3.62939 -2.29312 -0.372309 1.96676 8.44208 5.17496 0.597659 -5.58892 -3.20916 -1.66268 2.04835 3.39348 9.29846 -7.96485 -5.96322 -3.30396 -0.308354 2.26906 5.52523 11.241 -8.71392 -6.86138 -3.19342 -0.844591 2.55368 6.41169 14.3347 -9.21896 -5.5204 -2.878 2.35204 2.67393 9.57034 15.7011 -5.49238 -7.53626 -1.92388 -2.92586 2.84601 8.06924 16.0579 -10.4057 -5.92145 -3.05045 5.59152 1.60239
109.76 10.2322 7.45108 3.86367 -3.58405 -2.18914 -0.127102 2.00975 8.87453 5.09225 1.39569 -5.49538 -3.0893 -1.71153 2.03314 3.288 8.80985 -7.40824 -5.94456 -3.31882 -0.473761 2.23527 5.31345 10.9124 -8.66637 -6.89231 -3.23385 -1.00364 2.50861 6.24077 13.8812 -9.30489 -5.5379 -2.93578 2.22389 2.6409 8.95901 15.4919 -5.93972 -7.61213 -2.03591 -2.91667 2.87102 8.05953 16.2744 -10.3994 -5.91698 -3.00982 5.59944 1.61324
109.81 10.2527 8.3001 3.61133 -3.56 -2.10465 0.14228 2.05798 9.2147 5.13878 2.01935 -5.40393 -2.95522 -1.7284 2.02542 3.36464 8.233 -6.64341 -5.90567 -3.33091 -0.630482 2.20262 5.07293 10.5845 -8.57227 -6.91793 -3.27011 -1.15821 2.46376 6.07328 13.4383 -9.37856 -5.55425 -2.98685 2.0846 2.60613 8.43332 15.1417 -6.36955 -7.6876 -2.17349 -2.91456 2.88509 7.98866 16.462 -10.3943 -5.91245 -2.97884 5.60826 1.62536
109.86 10.264 9.27624 2.88912 -3.56914 -2.03696 0.429753 2.10992 9.54185 5.30319 2.50646 -5.31507 -2.81487 -1.70642 2.02591 3.76953 7.56842 -5.62642 -5.84465 -3.33997 -0.776144 2.17116 4.79693 10.2468 -8.41951 -6.93683 -3.30271 -1.30727 2.41947 5.90538 13.013 -9.43927 -5.56975 -3.03205 1.93549 2.57014 7.98892 14.7068 -6.76429 -7.76214 -2.32172 -2.91977 2.88749 7.86767 16.6092 -10.3908 -5.90813 -2.95961 5.61753 1.63817
109.91 10.2688 10.3901 1.70172 -3.6154 -1.98367 0.730275 2.16422 9.90074 5.61342 2.88249 -5.22952 -2.67132 -1.63793 2.03508 4.78205 6.85613 -4.32732 -5.76513 -3.34495 -0.908048 2.14099 4.48958 9.88677 -8.18992 -6.94747 -3.33192 -1.44991 2.37614 5.73242 12.609 -9.48536 -5.58462 -3.07215 1.77821 2.53334 7.61397 14.2372 -7.11303 -7.83508 -2.46826 -2.93172 2.87876 7.71238 16.7105 -10.3892 -5.90423 -2.95247 5.62678 1.65101
109.96 10.264 11.5292 0.306614 -3.68435 -1.94273 1.03883 2.21974 10.3001 6.12001 3.15431 -5.14876 -2.52666 -1.51602 2.05325 6.34833 6.17619 -2.83226 -5.67465 -3.33956 -1.02289 2.11235 4.17458 9.4878 -7.85621 -6.94723 -3.35788 -1.58534 2.33423 5.54842 12.2272 -9.51428 -5.59906 -3.10786 1.61442 2.49607 7.2953 13.7667 -7.41202 -7.90573 -2.6058 -2.94931 2.86023 7.53748 16.7665 -10.3894 -5.9009 -2.95618 5.63555 1.66324
